x, 11, 12, 21, 22
0.100000, -2.084528e-02, -2.003895e-02, -1.630934e-02, -1.586266e-02
0.200000, -2.068385e-02, -1.992982e-02, -1.620991e-02, -1.570897e-02
0.300000, -2.047746e-02, -1.974944e-02, -1.605005e-02, -1.553942e-02
0.400000, -2.020474e-02, -1.949552e-02, -1.582437e-02, -1.531765e-02
0.500000, -1.987011e-02, -1.918120e-02, -1.554610e-02, -1.505394e-02
0.600000, -1.947353e-02, -1.880700e-02, -1.521903e-02, -1.473676e-02
0.700000, -1.902422e-02, -1.837900e-02, -1.485262e-02, -1.437776e-02
0.800000, -1.852752e-02, -1.790507e-02, -1.444617e-02, -1.398602e-02
0.900000, -1.798601e-02, -1.738877e-02, -1.400617e-02, -1.356288e-02
1.000000, -1.740767e-02, -1.683870e-02, -1.353789e-02, -1.311289e-02
1.100000, -1.679880e-02, -1.626255e-02, -1.304668e-02, -1.264110e-02
1.200000, -1.616702e-02, -1.566618e-02, -1.253818e-02, -1.215551e-02
1.300000, -1.551956e-02, -1.505387e-02, -1.201893e-02, -1.166049e-02
1.400000, -1.486383e-02, -1.443297e-02, -1.149529e-02, -1.116049e-02
1.500000, -1.420601e-02, -1.381127e-02, -1.097132e-02, -1.066115e-02
1.600000, -1.355031e-02, -1.319051e-02, -1.045139e-02, -1.016609e-02
1.700000, -1.290226e-02, -1.257731e-02, -9.939952e-03, -9.680887e-03
1.800000, -1.226479e-02, -1.197444e-02, -9.439902e-03, -9.205200e-03
1.900000, -1.164369e-02, -1.138566e-02, -8.953630e-03, -8.743450e-03
2.000000, -1.104067e-02, -1.081414e-02, -8.484539e-03, -8.297122e-03
2.100000, -1.045982e-02, -1.026299e-02, -8.033790e-03, -7.869089e-03
2.200000, -9.902007e-03, -9.732926e-03, -7.603389e-03, -7.459090e-03
2.300000, -9.369935e-03, -9.225032e-03, -7.193120e-03, -7.069014e-03
2.400000, -8.862639e-03, -8.741275e-03, -6.804014e-03, -6.698470e-03
2.500000, -8.382617e-03, -8.281653e-03, -6.436642e-03, -6.348497e-03
2.600000, -7.929796e-03, -7.846524e-03, -6.090972e-03, -6.018700e-03
2.700000, -7.503322e-03, -7.436093e-03, -5.766532e-03, -5.708513e-03
2.800000, -7.103685e-03, -7.050235e-03, -5.462822e-03, -5.417546e-03
2.900000, -6.729703e-03, -6.687969e-03, -5.179615e-03, -5.145280e-03
3.000000, -6.380961e-03, -6.348824e-03, -4.915506e-03, -4.890409e-03
3.100000, -6.055947e-03, -6.032019e-03, -4.670100e-03, -4.652597e-03
3.200000, -5.754287e-03, -5.735814e-03, -4.442215e-03, -4.430968e-03
3.300000, -5.474085e-03, -5.460044e-03, -4.230554e-03, -4.224874e-03
3.400000, -5.214246e-03, -5.204011e-03, -4.034957e-03, -4.033483e-03
3.500000, -4.974514e-03, -4.965958e-03, -3.853934e-03, -3.855060e-03
3.600000, -4.753283e-03, -4.745612e-03, -3.686906e-03, -3.690145e-03
3.700000, -4.548891e-03, -4.541600e-03, -3.532820e-03, -3.537262e-03
3.800000, -4.361316e-03, -4.353625e-03, -3.391344e-03, -3.396338e-03
3.900000, -4.189502e-03, -4.180840e-03, -3.260831e-03, -3.266198e-03
4.000000, -4.031838e-03, -4.022739e-03, -3.141441e-03, -3.145912e-03
4.100000, -3.888103e-03, -3.878238e-03, -3.032543e-03, -3.036457e-03
4.200000, -3.757817e-03, -3.746791e-03, -2.933901e-03, -2.937377e-03
4.300000, -3.640239e-03, -3.627926e-03, -2.844848e-03, -2.847393e-03
4.400000, -3.534031e-03, -3.520707e-03, -2.764903e-03, -2.765993e-03
4.500000, -3.439500e-03, -3.424860e-03, -2.693409e-03, -2.693688e-03
4.600000, -3.355694e-03, -3.339417e-03, -2.629927e-03, -2.629027e-03
4.700000, -3.281732e-03, -3.263726e-03, -2.573771e-03, -2.571484e-03
4.800000, -3.216991e-03, -3.197481e-03, -2.524721e-03, -2.521174e-03
4.900000, -3.160920e-03, -3.139640e-03, -2.482476e-03, -2.477426e-03
5.000000, -3.113099e-03, -3.089809e-03, -2.446439e-03, -2.440019e-03
5.100000, -3.072592e-03, -3.047110e-03, -2.416331e-03, -2.407971e-03
5.200000, -3.038574e-03, -3.011391e-03, -2.391369e-03, -2.380660e-03
5.300000, -3.010452e-03, -2.981479e-03, -2.370738e-03, -2.357666e-03
5.400000, -2.987296e-03, -2.956380e-03, -2.353640e-03, -2.338280e-03
5.500000, -2.968357e-03, -2.935372e-03, -2.339212e-03, -2.321695e-03
5.600000, -2.952182e-03, -2.917332e-03, -2.326771e-03, -2.306672e-03
5.700000, -2.938233e-03, -2.901236e-03, -2.314953e-03, -2.292787e-03
5.800000, -2.924725e-03, -2.885962e-03, -2.302829e-03, -2.278947e-03
5.900000, -2.910525e-03, -2.870148e-03, -2.289672e-03, -2.264002e-03
6.000000, -2.894465e-03, -2.852507e-03, -2.274374e-03, -2.246919e-03
6.100000, -2.875128e-03, -2.831978e-03, -2.255566e-03, -2.226684e-03
6.200000, -2.851219e-03, -2.807318e-03, -2.232459e-03, -2.202431e-03
6.300000, -2.821875e-03, -2.776841e-03, -2.204022e-03, -2.172925e-03
6.400000, -2.785774e-03, -2.739980e-03, -2.169227e-03, -2.137553e-03
6.500000, -2.741752e-03, -2.695670e-03, -2.127429e-03, -2.095076e-03
6.600000, -2.689224e-03, -2.642920e-03, -2.078198e-03, -2.045420e-03
6.700000, -2.627514e-03, -2.581248e-03, -2.021105e-03, -1.988017e-03
6.800000, -2.556265e-03, -2.510317e-03, -1.955871e-03, -1.923004e-03
6.900000, -2.475261e-03, -2.430135e-03, -1.882724e-03, -1.850445e-03
7.000000, -2.384702e-03, -2.340754e-03, -1.802025e-03, -1.770551e-03
7.100000, -2.284872e-03, -2.242873e-03, -1.714518e-03, -1.683865e-03
7.200000, -2.176644e-03, -2.136895e-03, -1.620568e-03, -1.591593e-03
7.300000, -2.060701e-03, -2.023546e-03, -1.521276e-03, -1.494258e-03
7.400000, -1.937842e-03, -1.903843e-03, -1.417455e-03, -1.392479e-03
7.500000, -1.809242e-03, -1.778926e-03, -1.309955e-03, -1.287660e-03
7.600000, -1.676083e-03, -1.649877e-03, -1.200096e-03, -1.180790e-03
7.700000, -1.539536e-03, -1.517910e-03, -1.088896e-03, -1.072958e-03
7.800000, -1.400829e-03, -1.384210e-03, -9.776175e-04, -9.653390e-04
7.900000, -1.261594e-03, -1.250172e-03, -8.673289e-04, -8.590672e-04
8.000000, -1.122894e-03, -1.116977e-03, -7.591842e-04, -7.549254e-04
8.100000, -9.861116e-04, -9.858217e-04, -6.539265e-04, -6.539428e-04
8.200000, -8.524520e-04, -8.576727e-04, -5.527685e-04, -5.569499e-04
8.300000, -7.230465e-04, -7.338147e-04, -4.564014e-04, -4.647800e-04
8.400000, -5.986187e-04, -6.148085e-04, -3.655358e-04, -3.777875e-04
8.500000, -4.802380e-04, -5.015529e-04, -2.806953e-04, -2.966268e-04
8.600000, -3.684554e-04, -3.946720e-04, -2.022932e-04, -2.216282e-04
8.700000, -2.640136e-04, -2.948017e-04, -1.308089e-04, -1.530457e-04
8.800000, -1.672424e-04, -2.020975e-04, -6.630304e-05, -9.112728e-05
8.900000, -7.863163e-05, -1.171075e-04, -8.742643e-06, -3.589923e-05
9.000000, 1.588738e-06, -3.992680e-05, 4.177965e-05, 1.276946e-05
9.100000, 7.352773e-05, 2.950386e-05, 8.538722e-05, 5.511922e-05
9.200000, 1.370042e-04, 9.121843e-05, 1.222128e-04, 9.113168e-05
9.300000, 1.924254e-04, 1.453537e-04, 1.526768e-04, 1.210256e-04
9.400000, 2.398948e-04, 1.921696e-04, 1.770350e-04, 1.453870e-04
9.500000, 2.798452e-04, 2.319574e-04, 1.958356e-04, 1.645891e-04
9.600000, 3.125720e-04, 2.650797e-04, 2.095169e-04, 1.789541e-04
9.700000, 3.385853e-04, 2.919932e-04, 2.184740e-04, 1.889057e-04
9.800000, 3.582820e-04, 3.131602e-04, 2.231458e-04, 1.950316e-04
9.900000, 3.720984e-04, 3.288318e-04, 2.240226e-04, 1.974987e-04
10.000000, 3.806238e-04, 3.394550e-04, 2.214968e-04, 1.965332e-04
10.100000, 3.843976e-04, 3.455788e-04, 2.160769e-04, 1.927684e-04
10.200000, 3.838936e-04, 3.475039e-04, 2.079414e-04, 1.866580e-04
10.300000, 3.797094e-04, 3.458259e-04, 1.977019e-04, 1.784352e-04
10.400000, 3.721186e-04, 3.408361e-04, 1.855695e-04, 1.682701e-04
10.500000, 3.615505e-04, 3.330166e-04, 1.720291e-04, 1.564657e-04
10.600000, 3.483836e-04, 3.226710e-04, 1.572448e-04, 1.432631e-04
10.700000, 3.331520e-04, 3.103478e-04, 1.413852e-04, 1.291724e-04
10.800000, 3.162224e-04, 2.963237e-04, 1.248113e-04, 1.144161e-04
10.900000, 2.979410e-04, 2.808452e-04, 1.077536e-04, 9.916373e-05
11.000000, 2.787268e-04, 2.643989e-04, 9.047907e-05, 8.366247e-05
11.100000, 2.588655e-04, 2.472751e-04, 7.324054e-05, 6.807645e-05
11.200000, 2.385557e-04, 2.296997e-04, 5.609557e-05, 5.272482e-05
11.300000, 2.179693e-04, 2.118472e-04, 3.926938e-05, 3.761010e-05
11.400000, 1.974367e-04, 1.938426e-04, 2.294382e-05, 2.298244e-05
11.500000, 1.769864e-04, 1.759602e-04, 7.176426e-06, 8.782570e-06
11.600000, 1.569620e-04, 1.583405e-04, -8.079100e-06, -4.902726e-06
11.700000, 1.374683e-04, 1.412870e-04, -2.255910e-05, -1.796864e-05
11.800000, 1.187459e-04, 1.247116e-04, -3.620028e-05, -3.021303e-05
11.900000, 1.007419e-04, 1.089092e-04, -4.880367e-05, -4.153330e-05
12.000000, 8.359677e-05, 9.366702e-05, -6.043967e-05, -5.192510e-05
12.100000, 6.746789e-05, 7.921340e-05, -7.104637e-05, -6.143734e-05
12.200000, 5.232526e-05, 6.553783e-05, -8.053294e-05, -7.004126e-05
12.300000, 3.820503e-05, 5.276430e-05, -8.889578e-05, -7.774574e-05
12.400000, 2.514370e-05, 4.088935e-05, -9.613793e-05, -8.453352e-05
12.500000, 1.330809e-05, 2.992521e-05, -1.022436e-04, -9.030431e-05
12.600000, 2.523500e-06, 1.997032e-05, -1.072422e-04, -9.517336e-05
12.700000, -7.045043e-06, 1.109035e-05, -1.112070e-04, -9.886987e-05
12.800000, -1.549693e-05, 3.206405e-06, -1.140778e-04, -1.014648e-04
12.900000, -2.282782e-05, -3.637394e-06, -1.157892e-04, -1.030587e-04
13.000000, -2.899343e-05, -9.550462e-06, -1.165820e-04, -1.037404e-04
13.100000, -3.404669e-05, -1.449789e-05, -1.163702e-04, -1.034607e-04
13.200000, -3.804823e-05, -1.869274e-05, -1.152476e-04, -1.023375e-04
13.300000, -4.114114e-05, -2.208348e-05, -1.133370e-04, -1.006379e-04
13.400000, -4.331437e-05, -2.472094e-05, -1.107398e-04, -9.843685e-05
13.500000, -4.485137e-05, -2.682707e-05, -1.075367e-04, -9.570537e-05
13.600000, -4.554567e-05, -2.837531e-05, -1.039140e-04, -9.235939e-05
13.700000, -4.569861e-05, -2.944306e-05, -9.981609e-05, -8.890658e-05
13.800000, -4.528697e-05, -3.013532e-05, -9.521619e-05, -8.514782e-05
13.900000, -4.443772e-05, -3.050970e-05, -9.020532e-05, -8.101815e-05
14.000000, -4.311429e-05, -3.056522e-05, -8.507416e-05, -7.670914e-05
14.100000, -4.146765e-05, -3.037168e-05, -7.970398e-05, -7.245522e-05
14.200000, -3.956477e-05, -3.004356e-05, -7.425565e-05, -6.832925e-05
14.300000, -3.729371e-05, -2.948468e-05, -6.880406e-05, -6.411982e-05
14.400000, -3.498312e-05, -2.883665e-05, -6.340180e-05, -5.998890e-05
14.500000, -3.245440e-05, -2.806248e-05, -5.817643e-05, -5.594627e-05
14.600000, -2.975824e-05, -2.713621e-05, -5.309505e-05, -5.208641e-05
14.700000, -2.702359e-05, -2.607494e-05, -4.814077e-05, -4.840805e-05
14.800000, -2.424060e-05, -2.497192e-05, -4.332455e-05, -4.477499e-05
14.900000, -2.145160e-05, -2.376790e-05, -3.880509e-05, -4.141625e-05
15.000000, -1.864596e-05, -2.246188e-05, -3.459058e-05, -3.824806e-05
15.100000, -1.592309e-05, -2.117423e-05, -3.064266e-05, -3.534702e-05
15.200000, -1.317758e-05, -1.972532e-05, -2.696401e-05, -3.268140e-05
15.300000, -1.048154e-05, -1.826854e-05, -2.357457e-05, -3.023007e-05
15.400000, -7.814385e-06, -1.681361e-05, -2.045947e-05, -2.804703e-05
15.500000, -5.260567e-06, -1.523153e-05, -1.757432e-05, -2.599113e-05
15.600000, -2.845646e-06, -1.358099e-05, -1.501003e-05, -2.408920e-05
15.700000, -5.686643e-07, -1.198909e-05, -1.267424e-05, -2.234607e-05
15.800000, 1.634586e-06, -1.036939e-05, -1.067483e-05, -2.075726e-05
15.900000, 3.694863e-06, -8.668013e-06, -8.933167e-06, -1.930123e-05
16.000000, 5.642122e-06, -6.938598e-06, -7.336951e-06, -1.792516e-05
16.100000, 7.514736e-06, -5.210369e-06, -6.038442e-06, -1.660202e-05
16.200000, 9.256689e-06, -3.434403e-06, -4.989135e-06, -1.541498e-05
16.300000, 1.084599e-05, -1.745315e-06, -4.146859e-06, -1.440739e-05
16.400000, 1.231143e-05, -3.392238e-09, -3.505017e-06, -1.337032e-05
16.500000, 1.366045e-05, 1.708396e-06, -3.068715e-06, -1.246692e-05
16.600000, 1.486864e-05, 3.264773e-06, -2.732964e-06, -1.163592e-05
16.700000, 1.586812e-05, 4.877916e-06, -2.505279e-06, -1.084072e-05
16.800000, 1.674649e-05, 6.464558e-06, -2.426807e-06, -1.015504e-05
16.900000, 1.753026e-05, 8.009909e-06, -2.362796e-06, -9.479493e-06
17.000000, 1.829020e-05, 9.481202e-06, -2.449570e-06, -8.807992e-06
17.100000, 1.889270e-05, 1.093013e-05, -2.654237e-06, -8.279386e-06
17.200000, 1.947146e-05, 1.227598e-05, -2.884190e-06, -7.646089e-06
17.300000, 1.985592e-05, 1.361194e-05, -3.219409e-06, -7.028013e-06
17.400000, 2.008698e-05, 1.492811e-05, -3.563401e-06, -6.455579e-06
17.500000, 2.012145e-05, 1.612379e-05, -3.835702e-06, -5.998144e-06
17.600000, 2.012802e-05, 1.721361e-05, -4.099813e-06, -5.410227e-06
17.700000, 2.007184e-05, 1.830421e-05, -4.405391e-06, -4.817481e-06
17.800000, 1.990626e-05, 1.927235e-05, -4.828775e-06, -4.429481e-06
17.900000, 1.968258e-05, 2.009609e-05, -5.213263e-06, -4.072726e-06
18.000000, 1.944159e-05, 2.086079e-05, -5.705378e-06, -3.721006e-06
18.100000, 1.910140e-05, 2.154875e-05, -6.146451e-06, -3.361087e-06
18.200000, 1.865683e-05, 2.205772e-05, -6.505587e-06, -3.097208e-06
18.300000, 1.816333e-05, 2.253357e-05, -6.785531e-06, -2.859661e-06
18.400000, 1.760602e-05, 2.281167e-05, -7.000563e-06, -2.622943e-06
18.500000, 1.707114e-05, 2.296367e-05, -7.160219e-06, -2.412466e-06
18.600000, 1.649311e-05, 2.292981e-05, -7.267498e-06, -2.238559e-06
18.700000, 1.590776e-05, 2.287743e-05, -7.381169e-06, -2.203907e-06
18.800000, 1.537601e-05, 2.259715e-05, -7.445026e-06, -2.196642e-06
18.900000, 1.485159e-05, 2.221241e-05, -7.482380e-06, -2.170438e-06
19.000000, 1.424352e-05, 2.176030e-05, -7.465220e-06, -2.157644e-06
19.100000, 1.370517e-05, 2.122549e-05, -7.304647e-06, -2.198668e-06
19.200000, 1.322730e-05, 2.059966e-05, -7.194743e-06, -2.221611e-06
19.300000, 1.271586e-05, 1.988266e-05, -7.051334e-06, -2.286027e-06
19.400000, 1.224719e-05, 1.905846e-05, -6.838491e-06, -2.419060e-06
19.500000, 1.173744e-05, 1.814969e-05, -6.673004e-06, -2.658910e-06
19.600000, 1.131912e-05, 1.712417e-05, -6.491544e-06, -2.973820e-06
19.700000, 1.094841e-05, 1.605228e-05, -6.250373e-06, -3.362605e-06
19.800000, 1.063152e-05, 1.490319e-05, -6.024966e-06, -3.737686e-06
19.900000, 1.032853e-05, 1.370031e-05, -5.758092e-06, -4.252102e-06
20.000000, 1.009889e-05, 1.245975e-05, -5.446071e-06, -4.772210e-06
20.100000, 9.900090e-06, 1.115685e-05, -5.143081e-06, -5.284300e-06
20.200000, 9.689832e-06, 9.845109e-06, -4.883885e-06, -5.782697e-06
20.300000, 9.466076e-06, 8.492692e-06, -4.577984e-06, -6.334437e-06
20.400000, 9.302820e-06, 7.132003e-06, -4.276809e-06, -6.872679e-06
20.500000, 9.143330e-06, 5.747280e-06, -4.008397e-06, -7.481317e-06
20.600000, 8.981327e-06, 4.423147e-06, -3.753532e-06, -8.150942e-06
20.700000, 8.855465e-06, 3.143268e-06, -3.541484e-06, -8.752869e-06
20.800000, 8.689728e-06, 1.837637e-06, -3.371809e-06, -9.329524e-06
20.900000, 8.420948e-06, 6.391900e-07, -3.277836e-06, -9.873713e-06
21.000000, 8.201426e-06, -4.866405e-07, -3.164526e-06, -1.033839e-05
21.100000, 8.011429e-06, -1.478771e-06, -3.065244e-06, -1.073257e-05
21.200000, 7.685299e-06, -2.410207e-06, -2.960762e-06, -1.105630e-05
21.300000, 7.363601e-06, -3.255308e-06, -2.853428e-06, -1.131437e-05
21.400000, 7.156431e-06, -3.973953e-06, -2.752332e-06, -1.138893e-05
21.500000, 6.878143e-06, -4.626588e-06, -2.696057e-06, -1.145640e-05
21.600000, 6.626180e-06, -5.094714e-06, -2.613884e-06, -1.142801e-05
21.700000, 6.347422e-06, -5.445198e-06, -2.567985e-06, -1.134343e-05
21.800000, 6.062557e-06, -5.621920e-06, -2.524448e-06, -1.114170e-05
21.900000, 5.750268e-06, -5.762172e-06, -2.413806e-06, -1.085116e-05
22.000000, 5.443045e-06, -5.727385e-06, -2.373080e-06, -1.047448e-05
22.100000, 5.165966e-06, -5.523540e-06, -2.332610e-06, -1.001370e-05
22.200000, 4.899036e-06, -5.241215e-06, -2.293212e-06, -9.550342e-06
22.300000, 4.662458e-06, -4.852373e-06, -2.293217e-06, -8.983188e-06
22.400000, 4.427081e-06, -4.350941e-06, -2.333385e-06, -8.375050e-06
22.500000, 4.149749e-06, -3.792263e-06, -2.333336e-06, -7.755490e-06
22.600000, 3.909222e-06, -3.170860e-06, -2.386680e-06, -7.071954e-06
22.700000, 3.695915e-06, -2.519915e-06, -2.457206e-06, -6.429292e-06
22.800000, 3.483393e-06, -1.802876e-06, -2.517723e-06, -5.742213e-06
22.900000, 3.275059e-06, -1.092313e-06, -2.566592e-06, -5.112658e-06
23.000000, 3.087544e-06, -3.810877e-07, -2.643074e-06, -4.522903e-06
23.100000, 2.926864e-06, 3.381216e-07, -2.704600e-06, -3.895879e-06
23.200000, 2.792224e-06, 1.044239e-06, -2.710857e-06, -3.285525e-06
23.300000, 2.694418e-06, 1.744914e-06, -2.721021e-06, -2.684227e-06
23.400000, 2.570199e-06, 2.438719e-06, -2.690819e-06, -2.100638e-06
23.500000, 2.506048e-06, 3.076862e-06, -2.610115e-06, -1.493542e-06
23.600000, 2.442509e-06, 3.669067e-06, -2.482663e-06, -9.235782e-07
23.700000, 2.360834e-06, 4.201363e-06, -2.383620e-06, -3.794855e-07
23.800000, 2.320389e-06, 4.637455e-06, -2.249403e-06, 1.705189e-07
23.900000, 2.274273e-06, 5.039969e-06, -2.077380e-06, 6.539905e-07
24.000000, 2.179064e-06, 5.431230e-06, -1.914869e-06, 1.136095e-06
24.100000, 2.049209e-06, 5.740504e-06, -1.708169e-06, 1.587258e-06
24.200000, 1.921988e-06, 5.992972e-06, -1.493634e-06, 1.962828e-06
24.300000, 1.810936e-06, 6.173689e-06, -1.265232e-06, 2.396482e-06
24.400000, 1.689527e-06, 6.309544e-06, -9.825745e-07, 2.785262e-06
24.500000, 1.574295e-06, 6.393126e-06, -7.160771e-07, 3.200593e-06
24.600000, 1.469020e-06, 6.393553e-06, -4.960495e-07, 3.534640e-06
24.700000, 1.358609e-06, 6.361636e-06, -2.421882e-07, 3.837583e-06
24.800000, 1.235319e-06, 6.271343e-06, 2.692790e-08, 4.129744e-06
24.900000, 1.092551e-06, 6.187909e-06, 2.964367e-07, 4.417702e-06
25.000000, 9.092035e-07, 6.020400e-06, 5.171001e-07, 4.594434e-06
25.100000, 7.442153e-07, 5.838755e-06, 6.963922e-07, 4.756298e-06
25.200000, 5.635876e-07, 5.638338e-06, 8.735416e-07, 4.871752e-06
25.300000, 4.308151e-07, 5.438085e-06, 1.060836e-06, 4.953585e-06
25.400000, 3.150374e-07, 5.208592e-06, 1.244580e-06, 5.011031e-06
25.500000, 1.491564e-07, 4.960539e-06, 1.372033e-06, 5.013825e-06
25.600000, 1.507761e-08, 4.702583e-06, 1.544197e-06, 5.027382e-06
25.700000, -8.083891e-08, 4.444186e-06, 1.679525e-06, 4.979225e-06
25.800000, -1.868908e-07, 4.152218e-06, 1.790397e-06, 4.859884e-06
25.900000, -3.288188e-07, 3.880916e-06, 1.889934e-06, 4.691714e-06
26.000000, -3.614130e-07, 3.561858e-06, 2.003289e-06, 4.517143e-06
26.100000, -3.550150e-07, 3.255135e-06, 2.094271e-06, 4.380948e-06
26.200000, -3.516242e-07, 2.968022e-06, 2.152443e-06, 4.213744e-06
26.300000, -3.082481e-07, 2.694738e-06, 2.242356e-06, 3.961587e-06
26.400000, -2.028318e-07, 2.396914e-06, 2.306028e-06, 3.726202e-06
26.500000, -1.402429e-07, 2.113435e-06, 2.333048e-06, 3.522943e-06
26.600000, -8.399573e-08, 1.850734e-06, 2.369100e-06, 3.284110e-06
26.700000, 1.423437e-08, 1.613329e-06, 2.427867e-06, 3.015182e-06
26.800000, 9.664613e-08, 1.353438e-06, 2.495664e-06, 2.773288e-06
26.900000, 1.763620e-07, 1.115319e-06, 2.529837e-06, 2.544782e-06
27.000000, 2.790873e-07, 8.767696e-07, 2.536073e-06, 2.311963e-06
27.100000, 4.027698e-07, 6.437900e-07, 2.550261e-06, 2.099668e-06
27.200000, 4.859163e-07, 4.287121e-07, 2.559410e-06, 1.896377e-06
27.300000, 5.578459e-07, 2.361349e-07, 2.510490e-06, 1.713935e-06
27.400000, 6.186783e-07, 6.730886e-08, 2.449633e-06, 1.540622e-06
27.500000, 6.318307e-07, -7.999727e-08, 2.395810e-06, 1.341780e-06
27.600000, 6.577192e-07, -1.965138e-07, 2.345654e-06, 1.226025e-06
27.700000, 6.743277e-07, -2.969912e-07, 2.278172e-06, 1.107287e-06
27.800000, 6.909930e-07, -3.740242e-07, 2.232977e-06, 1.000033e-06
27.900000, 7.042596e-07, -4.149535e-07, 2.164349e-06, 9.303970e-07
28.000000, 7.121092e-07, -4.528104e-07, 2.047573e-06, 8.565171e-07
28.100000, 6.873836e-07, -4.460065e-07, 1.938281e-06, 7.694411e-07
28.200000, 6.518489e-07, -3.727468e-07, 1.801727e-06, 7.405140e-07
28.300000, 5.902053e-07, -2.871929e-07, 1.661266e-06, 7.298685e-07
28.400000, 5.316965e-07, -2.138555e-07, 1.522192e-06, 7.548186e-07
28.500000, 4.564209e-07, -1.250792e-07, 1.390943e-06, 7.782258e-07
28.600000, 4.096155e-07, 7.346447e-09, 1.246437e-06, 8.047375e-07
28.700000, 3.612578e-07, 1.449004e-07, 1.106847e-06, 8.358913e-07
28.800000, 2.965666e-07, 2.771541e-07, 9.373061e-07, 8.394777e-07
28.900000, 2.513017e-07, 4.234399e-07, 7.679034e-07, 8.428720e-07
29.000000, 1.846385e-07, 5.950279e-07, 5.826952e-07, 8.676067e-07
29.100000, 1.260750e-07, 7.737237e-07, 4.033822e-07, 8.677985e-07
29.200000, 6.675447e-08, 9.495181e-07, 2.193085e-07, 8.638576e-07
29.300000, 4.743173e-09, 1.137386e-06, 4.037431e-08, 8.615384e-07
29.400000, -4.488022e-08, 1.298306e-06, -1.236730e-07, 8.513044e-07
29.500000, -6.480790e-08, 1.416826e-06, -2.990656e-07, 8.275796e-07
29.600000, -5.398996e-08, 1.533348e-06, -4.602526e-07, 7.989855e-07
29.700000, -5.014052e-08, 1.646492e-06, -6.142025e-07, 7.676554e-07
29.800000, -6.300854e-08, 1.753245e-06, -7.653298e-07, 7.464642e-07
29.900000, -8.084228e-08, 1.828109e-06, -8.969705e-07, 6.555245e-07
30.000000, -9.310946e-08, 1.873902e-06, -1.021398e-06, 5.746177e-07
30.100000, -7.661929e-08, 1.896645e-06, -1.099193e-06, 5.127810e-07
30.200000, -7.227106e-08, 1.889162e-06, -1.186548e-06, 4.322100e-07
30.300000, -5.703493e-08, 1.878948e-06, -1.253853e-06, 3.332815e-07
30.400000, -5.551181e-08, 1.835304e-06, -1.292180e-06, 2.286231e-07
30.500000, -1.686250e-08, 1.752849e-06, -1.334051e-06, 1.288368e-07
30.600000, 9.126926e-09, 1.660074e-06, -1.354671e-06, 2.594720e-08
30.700000, 3.802482e-08, 1.547847e-06, -1.360698e-06, -6.451333e-08
30.800000, 5.039613e-08, 1.436739e-06, -1.347841e-06, -1.775754e-07
30.900000, 7.535949e-08, 1.313797e-06, -1.320120e-06, -2.748167e-07
31.000000, 9.877162e-08, 1.179339e-06, -1.290972e-06, -3.679621e-07
31.100000, 1.278490e-07, 1.019921e-06, -1.259142e-06, -4.651079e-07
31.200000, 1.528095e-07, 8.787116e-07, -1.202833e-06, -5.345040e-07
31.300000, 1.794812e-07, 7.457983e-07, -1.133315e-06, -5.749608e-07
31.400000, 2.057249e-07, 6.061489e-07, -1.058445e-06, -6.319194e-07
31.500000, 2.211465e-07, 4.825373e-07, -9.985949e-07, -6.687003e-07
31.600000, 2.268182e-07, 3.836653e-07, -9.337219e-07, -7.393600e-07
31.700000, 2.513768e-07, 2.941875e-07, -8.397035e-07, -7.629101e-07
31.800000, 2.802005e-07, 1.894973e-07, -7.263671e-07, -7.577027e-07
31.900000, 2.977076e-07, 9.147775e-08, -6.254039e-07, -7.478048e-07
32.000000, 3.325196e-07, 1.330434e-08, -5.330133e-07, -7.407388e-07
32.100000, 3.662585e-07, -5.082924e-08, -4.534691e-07, -7.366317e-07
32.200000, 3.875820e-07, -1.077236e-07, -3.831402e-07, -7.224148e-07
32.300000, 3.968099e-07, -1.464155e-07, -3.187627e-07, -7.218411e-07
32.400000, 4.077461e-07, -1.743458e-07, -2.463931e-07, -7.038961e-07
32.500000, 4.159406e-07, -2.082181e-07, -1.934796e-07, -6.806760e-07
32.600000, 4.237846e-07, -2.376785e-07, -1.485177e-07, -6.736428e-07
32.700000, 4.548413e-07, -2.571579e-07, -1.160098e-07, -6.639697e-07
32.800000, 4.744441e-07, -2.743277e-07, -7.032974e-08, -6.500768e-07
32.900000, 4.856078e-07, -3.052685e-07, -2.398750e-08, -6.293398e-07
33.000000, 4.950817e-07, -3.356179e-07, 7.890125e-09, -6.192953e-07
33.100000, 4.906738e-07, -3.448577e-07, 2.929825e-08, -6.076134e-07
33.200000, 4.897988e-07, -3.718187e-07, 4.812611e-08, -6.167381e-07
33.300000, 4.808642e-07, -4.005051e-07, 4.599758e-08, -6.130019e-07
33.400000, 4.734428e-07, -4.118050e-07, 4.175060e-08, -5.956157e-07
33.500000, 4.747525e-07, -4.226744e-07, 4.085330e-08, -5.735672e-07
33.600000, 4.567482e-07, -4.462220e-07, 3.859003e-08, -5.566870e-07
33.700000, 4.435546e-07, -4.572387e-07, 3.715610e-08, -5.358846e-07
33.800000, 4.233119e-07, -4.575087e-07, 1.693852e-08, -5.217975e-07
33.900000, 3.963341e-07, -4.404902e-07, -7.084000e-09, -4.967992e-07
34.000000, 3.617371e-07, -4.155741e-07, -2.149487e-08, -4.649906e-07
34.100000, 3.187800e-07, -3.876542e-07, -4.935371e-08, -4.539173e-07
34.200000, 2.745920e-07, -3.586072e-07, -8.167762e-08, -4.266269e-07
34.300000, 2.298782e-07, -3.217982e-07, -1.288032e-07, -3.970135e-07
34.400000, 1.873085e-07, -2.769845e-07, -1.837890e-07, -3.636228e-07
34.500000, 1.478180e-07, -2.382178e-07, -2.472407e-07, -3.266706e-07
34.600000, 9.954710e-08, -1.857747e-07, -2.893968e-07, -2.884244e-07
34.700000, 5.940483e-08, -1.321126e-07, -3.359769e-07, -2.441995e-07
34.800000, 2.765668e-08, -8.688422e-08, -3.684956e-07, -1.851033e-07
34.900000, -2.851605e-09, -3.233541e-08, -3.979324e-07, -1.450139e-07
35.000000, -5.444748e-08, 4.540119e-08, -4.299632e-07, -1.124603e-07
35.100000, -9.761238e-08, 1.008149e-07, -4.602422e-07, -7.977738e-08
35.200000, -1.177189e-07, 1.404326e-07, -4.960481e-07, -5.524155e-08
35.300000, -1.443376e-07, 1.949161e-07, -5.247637e-07, -3.231981e-08
35.400000, -1.692802e-07, 2.505111e-07, -5.467849e-07, -1.611925e-08
35.500000, -1.834644e-07, 2.977044e-07, -5.609131e-07, 5.438538e-09
35.600000, -1.875496e-07, 3.487527e-07, -5.791154e-07, 1.620574e-08
35.700000, -1.928365e-07, 3.935668e-07, -5.956505e-07, 2.445309e-08
35.800000, -1.979876e-07, 4.250284e-07, -6.000850e-07, 3.001531e-08
35.900000, -1.876072e-07, 4.537747e-07, -5.983811e-07, 2.011473e-08
36.000000, -1.815840e-07, 4.751042e-07, -5.966281e-07, 5.673202e-09
36.100000, -1.696731e-07, 4.912804e-07, -5.947003e-07, -3.402176e-09
36.200000, -1.404146e-07, 5.132309e-07, -5.755538e-07, -3.733895e-09
36.300000, -1.161418e-07, 5.353800e-07, -5.606457e-07, -2.967009e-08
36.400000, -9.555745e-08, 5.429891e-07, -5.363229e-07, -5.314071e-08
36.500000, -6.207911e-08, 5.369580e-07, -5.067495e-07, -7.366424e-08
36.600000, -3.124076e-08, 5.336698e-07, -4.859125e-07, -1.020733e-07
36.700000, -8.003041e-09, 5.246569e-07, -4.779552e-07, -1.324571e-07
36.800000, 2.927302e-08, 5.102934e-07, -4.564415e-07, -1.711054e-07
36.900000, 6.681942e-08, 4.943059e-07, -4.379457e-07, -1.928342e-07
37.000000, 9.550981e-08, 4.851221e-07, -4.136449e-07, -2.111364e-07
37.100000, 1.262429e-07, 4.681629e-07, -3.804472e-07, -2.411162e-07
37.200000, 1.564098e-07, 4.442524e-07, -3.567611e-07, -2.650243e-07
37.300000, 1.782562e-07, 4.228070e-07, -3.254118e-07, -2.946647e-07
37.400000, 2.060086e-07, 3.942013e-07, -3.051642e-07, -3.152977e-07
37.500000, 2.218608e-07, 3.692443e-07, -2.870376e-07, -3.376054e-07
37.600000, 2.402147e-07, 3.396648e-07, -2.677671e-07, -3.619761e-07
37.700000, 2.623617e-07, 3.115985e-07, -2.393170e-07, -3.802088e-07
37.800000, 2.801418e-07, 2.866147e-07, -2.161938e-07, -3.847202e-07
37.900000, 2.919368e-07, 2.482946e-07, -1.931084e-07, -3.928152e-07
38.000000, 3.026970e-07, 2.189916e-07, -1.729327e-07, -4.030172e-07
38.100000, 3.119262e-07, 1.969240e-07, -1.562274e-07, -4.030207e-07
38.200000, 3.085256e-07, 1.710979e-07, -1.293525e-07, -4.095460e-07
38.300000, 3.074381e-07, 1.489426e-07, -1.145294e-07, -4.071461e-07
38.400000, 3.126949e-07, 1.257482e-07, -1.021035e-07, -3.994284e-07
38.500000, 3.124837e-07, 1.042869e-07, -8.904427e-08, -3.899033e-07
38.600000, 3.104992e-07, 8.269524e-08, -7.672158e-08, -3.797380e-07
38.700000, 3.051672e-07, 6.968384e-08, -6.318828e-08, -3.754513e-07
38.800000, 2.901032e-07, 5.877403e-08, -5.002280e-08, -3.802879e-07
38.900000, 2.744562e-07, 4.130581e-08, -3.842809e-08, -3.758246e-07
39.000000, 2.687378e-07, 2.419507e-08, -3.442992e-08, -3.587359e-07
39.100000, 2.552069e-07, 1.225022e-08, -3.328772e-08, -3.398730e-07
39.200000, 2.449916e-07, 1.583612e-09, -2.815845e-08, -3.236080e-07
39.300000, 2.380280e-07, -1.664640e-08, -2.246195e-08, -3.055268e-07
39.400000, 2.251863e-07, -2.844190e-08, -1.926959e-08, -2.924819e-07
39.500000, 2.114559e-07, -3.113997e-08, -1.793880e-08, -2.798186e-07
39.600000, 2.034322e-07, -4.033812e-08, -1.420413e-08, -2.739209e-07
39.700000, 1.915621e-07, -4.795832e-08, -1.531000e-08, -2.582169e-07
39.800000, 1.767664e-07, -5.636765e-08, -1.678945e-08, -2.404445e-07
39.900000, 1.606569e-07, -6.176773e-08, -1.533437e-08, -2.292778e-07
40.000000, 1.416384e-07, -6.028130e-08, -1.873505e-08, -2.181956e-07
40.100000, 1.316536e-07, -5.854037e-08, -2.435247e-08, -2.043610e-07
40.200000, 1.216970e-07, -5.660866e-08, -3.078395e-08, -1.881105e-07
40.300000, 1.113871e-07, -5.526493e-08, -3.955517e-08, -1.636749e-07
40.400000, 9.623797e-08, -6.107485e-08, -4.538374e-08, -1.581084e-07
40.500000, 8.702253e-08, -6.994098e-08, -5.055595e-08, -1.425008e-07
40.600000, 7.968602e-08, -6.797429e-08, -5.144741e-08, -1.247432e-07
40.700000, 6.742815e-08, -6.625155e-08, -5.676997e-08, -1.136033e-07
40.800000, 5.791732e-08, -6.849240e-08, -6.321843e-08, -9.830242e-08
40.900000, 4.447413e-08, -6.929639e-08, -6.636021e-08, -8.913515e-08
41.000000, 3.771685e-08, -7.003701e-08, -7.047665e-08, -8.206593e-08
41.100000, 3.259120e-08, -6.564312e-08, -7.390471e-08, -7.153024e-08
41.200000, 2.438883e-08, -6.339085e-08, -7.502457e-08, -6.418011e-08
41.300000, 1.615675e-08, -6.425784e-08, -7.859944e-08, -5.915394e-08
41.400000, 8.798642e-09, -6.363610e-08, -8.209630e-08, -4.847881e-08
41.500000, 8.313361e-09, -6.467481e-08, -8.298009e-08, -3.568770e-08
41.600000, -1.003125e-09, -6.122747e-08, -8.234600e-08, -2.893949e-08
41.700000, -4.548102e-09, -6.174242e-08, -8.341578e-08, -2.346501e-08
41.800000, -7.894781e-09, -5.819220e-08, -8.291690e-08, -1.491352e-08
41.900000, -1.167076e-08, -5.279549e-08, -8.423779e-08, -8.494730e-09
42.000000, -1.742619e-08, -5.261804e-08, -8.299445e-08, -7.498508e-09
42.100000, -1.905568e-08, -5.486234e-08, -7.967653e-08, -5.803462e-09
42.200000, -2.303400e-08, -4.807722e-08, -7.689519e-08, -2.089994e-09
42.300000, -2.545016e-08, -4.319366e-08, -7.345618e-08, 1.019696e-09
42.400000, -2.771198e-08, -4.003376e-08, -7.387035e-08, -2.204556e-09
42.500000, -2.896500e-08, -3.592903e-08, -7.824511e-08, -7.606171e-09
42.600000, -3.001378e-08, -3.075832e-08, -8.018029e-08, -1.047784e-08
42.700000, -2.923097e-08, -2.838995e-08, -7.715612e-08, -1.126015e-08
42.800000, -2.664305e-08, -2.548448e-08, -7.408391e-08, -9.624152e-09
42.900000, -2.557225e-08, -2.320593e-08, -7.297810e-08, -1.062106e-08
43.000000, -2.617612e-08, -1.830730e-08, -7.157436e-08, -1.179848e-08
43.100000, -2.254476e-08, -1.572624e-08, -7.050318e-08, -1.371696e-08
43.200000, -2.054265e-08, -1.469350e-08, -6.835489e-08, -1.451860e-08
43.300000, -1.984158e-08, -1.156169e-08, -6.418608e-08, -1.318039e-08
43.400000, -1.977460e-08, -4.258879e-09, -6.056795e-08, -1.522252e-08
43.500000, -1.605061e-08, -7.030962e-10, -5.941386e-08, -1.925791e-08
43.600000, -1.227217e-08, 2.088718e-09, -5.741645e-08, -1.803419e-08
43.700000, -5.235178e-09, 5.593393e-10, -5.748755e-08, -2.088985e-08
43.800000, -1.185514e-09, 1.406865e-09, -5.659174e-08, -2.283406e-08
43.900000, 4.354158e-09, 3.318082e-09, -5.141153e-08, -2.030898e-08
44.000000, 6.437277e-09, 6.303731e-09, -4.900609e-08, -2.340037e-08
44.100000, 6.714920e-09, 1.050185e-08, -4.945275e-08, -2.477893e-08
44.200000, 5.800584e-09, 1.543953e-08, -4.566175e-08, -2.169840e-08
44.300000, 1.062916e-08, 1.780949e-08, -4.274157e-08, -1.900254e-08
44.400000, 1.428078e-08, 1.944514e-08, -4.208208e-08, -1.816965e-08
44.500000, 1.323712e-08, 1.982012e-08, -4.164035e-08, -1.968947e-08
44.600000, 1.340739e-08, 1.947349e-08, -3.941581e-08, -2.509395e-08
44.700000, 1.643028e-08, 2.203875e-08, -3.944245e-08, -2.622392e-08
44.800000, 1.718144e-08, 2.556240e-08, -3.933903e-08, -2.701630e-08
44.900000, 1.818827e-08, 2.809842e-08, -3.792815e-08, -2.725696e-08
45.000000, 2.014947e-08, 3.009807e-08, -3.541905e-08, -2.319757e-08
45.100000, 2.199256e-08, 3.114768e-08, -3.258388e-08, -2.039958e-08
45.200000, 1.847857e-08, 3.116281e-08, -3.005887e-08, -2.158542e-08
45.300000, 1.921657e-08, 2.878672e-08, -2.887486e-08, -2.328615e-08
45.400000, 2.025371e-08, 2.839558e-08, -2.679490e-08, -2.299006e-08
45.500000, 2.275346e-08, 2.940199e-08, -2.549274e-08, -2.025420e-08
45.600000, 2.380033e-08, 2.972008e-08, -2.318745e-08, -2.023261e-08
45.700000, 2.447489e-08, 2.906217e-08, -2.083177e-08, -2.025162e-08
45.800000, 2.386938e-08, 3.021514e-08, -1.831119e-08, -1.915243e-08
45.900000, 2.443775e-08, 2.950958e-08, -1.691601e-08, -1.662668e-08
46.000000, 2.421101e-08, 3.094662e-08, -1.700433e-08, -1.797545e-08
46.100000, 2.619599e-08, 3.140408e-08, -1.697088e-08, -1.562443e-08
46.200000, 2.666729e-08, 3.115340e-08, -1.556686e-08, -1.313097e-08
46.300000, 2.532227e-08, 3.164360e-08, -1.480790e-08, -9.756585e-09
46.400000, 2.543770e-08, 3.079065e-08, -1.298717e-08, -8.061472e-09
46.500000, 2.563004e-08, 3.046376e-08, -1.205645e-08, -5.396754e-09
46.600000, 2.429776e-08, 3.151450e-08, -7.876394e-09, -3.508521e-09
46.700000, 2.412508e-08, 3.317265e-08, -5.273941e-09, -1.954204e-09
46.800000, 2.378740e-08, 3.155583e-08, -4.375568e-09, -1.556235e-09
46.900000, 2.179945e-08, 3.044466e-08, -4.979514e-09, -4.176049e-10
47.000000, 1.909553e-08, 3.097055e-08, -4.765456e-09, -9.936179e-10
47.100000, 1.937996e-08, 3.089042e-08, -5.661483e-09, -2.877991e-10
47.200000, 1.847790e-08, 3.289125e-08, -4.242343e-09, 1.325157e-09
47.300000, 1.715572e-08, 3.261023e-08, -3.527097e-09, 2.742687e-09
47.400000, 1.482550e-08, 3.306013e-08, -3.340670e-09, 3.447709e-09
47.500000, 1.371837e-08, 3.342375e-08, -2.010683e-09, 5.386088e-09
47.600000, 1.400301e-08, 3.406676e-08, -1.554304e-09, 5.523593e-09
47.700000, 1.216251e-08, 3.318275e-08, -2.230983e-09, 5.484423e-09
47.800000, 1.079714e-08, 3.189185e-08, -1.662246e-09, 5.047914e-09
47.900000, 1.050921e-08, 3.131267e-08, -8.748473e-11, 5.661963e-09
48.000000, 9.915664e-09, 3.170521e-08, 7.549925e-10, 4.230649e-09
48.100000, 9.659437e-09, 3.159159e-08, 6.948598e-10, 3.480805e-09
48.200000, 8.562213e-09, 3.118097e-08, 1.648278e-09, 1.467819e-09
48.300000, 7.453089e-09, 3.097086e-08, 2.172948e-09, 2.279261e-09
48.400000, 7.583308e-09, 2.987797e-08, 3.528855e-09, 3.096386e-09
48.500000, 8.151160e-09, 2.911364e-08, 4.324770e-09, 3.619927e-09
48.600000, 8.668671e-09, 2.835167e-08, 5.670601e-09, 4.988227e-09
48.700000, 6.803599e-09, 2.791773e-08, 6.323266e-09, 4.997240e-09
48.800000, 5.184932e-09, 2.764282e-08, 5.902577e-09, 5.771345e-09
48.900000, 5.758104e-09, 2.666191e-08, 6.469906e-09, 6.238109e-09
49.000000, 5.744213e-09, 2.638167e-08, 7.244603e-09, 5.972209e-09
49.100000, 5.333996e-09, 2.640745e-08, 7.393890e-09, 5.701821e-09
49.200000, 4.352313e-09, 2.663062e-08, 7.426113e-09, 5.165098e-09
49.300000, 3.777987e-09, 2.606967e-08, 6.340037e-09, 5.801792e-09
49.400000, 4.634054e-09, 2.626628e-08, 5.353490e-09, 6.144759e-09
49.500000, 5.295594e-09, 2.519071e-08, 3.788202e-09, 6.203133e-09
49.600000, 5.108949e-09, 2.532898e-08, 2.996583e-09, 6.649849e-09
49.700000, 4.439296e-09, 2.476276e-08, 3.266271e-09, 6.674031e-09
49.800000, 3.783364e-09, 2.423829e-08, 3.448676e-09, 6.668539e-09
49.900000, 2.457833e-09, 2.381636e-08, 2.729544e-09, 6.556467e-09
50.000000, 2.315707e-09, 2.317494e-08, 2.049103e-09, 7.273971e-09
50.100000, 2.583155e-09, 2.222523e-08, 1.353534e-09, 7.165500e-09
50.200000, 2.405330e-09, 2.181274e-08, 1.181123e-09, 7.336569e-09
50.300000, 2.287168e-09, 2.183479e-08, 1.216541e-09, 7.036681e-09
50.400000, 2.750010e-09, 2.188601e-08, 5.247017e-10, 6.072614e-09
50.500000, 2.969143e-09, 2.160834e-08, -1.607945e-09, 6.162563e-09
50.600000, 3.219236e-09, 2.138110e-08, -2.354428e-09, 5.165723e-09
50.700000, 3.528496e-09, 2.098095e-08, -2.006834e-09, 5.001541e-09
50.800000, 3.138321e-09, 2.076356e-08, -1.692108e-09, 5.622949e-09
50.900000, 4.121833e-09, 1.954763e-08, -2.444542e-09, 5.405978e-09
51.000000, 4.820665e-09, 1.977702e-08, -3.627983e-09, 5.139676e-09
51.100000, 5.078321e-09, 1.902138e-08, -3.313473e-09, 4.888157e-09
51.200000, 5.023384e-09, 1.822028e-08, -2.838235e-09, 3.700483e-09
51.300000, 4.696429e-09, 1.700911e-08, -2.686498e-09, 2.552566e-09
51.400000, 5.070740e-09, 1.644046e-08, -2.465529e-09, 1.555485e-09
51.500000, 5.568506e-09, 1.506338e-08, -3.221595e-09, 1.388614e-09
51.600000, 6.222773e-09, 1.505194e-08, -3.154623e-09, 4.367375e-10
51.700000, 7.019600e-09, 1.462223e-08, -3.095740e-09, -6.379880e-11
51.800000, 8.299271e-09, 1.400376e-08, -3.116644e-09, -3.900935e-10
51.900000, 9.443260e-09, 1.330434e-08, -3.243342e-09, 5.338150e-10
52.000000, 9.172606e-09, 1.301289e-08, -3.355703e-09, 7.725138e-10
52.100000, 8.502083e-09, 1.262342e-08, -4.340079e-09, -2.125605e-10
52.200000, 8.411425e-09, 1.162320e-08, -4.533981e-09, -1.598197e-10
52.300000, 8.592554e-09, 1.070464e-08, -4.186850e-09, 1.234063e-10
52.400000, 8.861994e-09, 9.847867e-09, -4.784902e-09, -4.504409e-11
52.500000, 9.313831e-09, 8.248655e-09, -4.146655e-09, -5.598468e-10
52.600000, 9.677356e-09, 8.213774e-09, -3.638317e-09, -5.294239e-10
52.700000, 1.055756e-08, 8.050823e-09, -3.869503e-09, 7.942975e-11
52.800000, 1.076950e-08, 7.870472e-09, -4.479653e-09, -3.869524e-10
52.900000, 1.031041e-08, 7.227351e-09, -4.924317e-09, 6.783744e-11
53.000000, 9.485712e-09, 6.968562e-09, -4.997140e-09, -9.180617e-10
53.100000, 9.457390e-09, 5.727412e-09, -4.971310e-09, -1.319488e-09
53.200000, 9.397327e-09, 5.771207e-09, -5.431000e-09, -1.288869e-09
53.300000, 9.128582e-09, 5.862688e-09, -6.006645e-09, -1.500114e-09
53.400000, 9.293298e-09, 5.545111e-09, -6.407388e-09, -1.191317e-09
53.500000, 9.691075e-09, 5.428790e-09, -6.116331e-09, -6.376482e-10
53.600000, 9.846192e-09, 5.058341e-09, -5.604010e-09, 1.139270e-10
53.700000, 9.361562e-09, 4.551381e-09, -5.465827e-09, -3.223905e-10
53.800000, 8.448476e-09, 4.532126e-09, -5.746216e-09, -1.157425e-09
53.900000, 8.217088e-09, 4.178955e-09, -6.161624e-09, -1.835894e-09
54.000000, 7.728921e-09, 3.917786e-09, -5.858024e-09, -2.406079e-09
54.100000, 7.799438e-09, 3.659050e-09, -6.145728e-09, -1.989529e-09
54.200000, 7.588519e-09, 3.758546e-09, -6.384694e-09, -2.523196e-09
54.300000, 6.940787e-09, 3.555962e-09, -6.656632e-09, -2.667774e-09
54.400000, 6.287458e-09, 3.666989e-09, -6.725859e-09, -2.410831e-09
54.500000, 6.637767e-09, 3.262700e-09, -6.741821e-09, -2.643017e-09
54.600000, 6.447365e-09, 2.945917e-09, -7.053804e-09, -3.254988e-09
54.700000, 5.953478e-09, 2.509320e-09, -6.747506e-09, -3.750526e-09
54.800000, 5.276379e-09, 2.670093e-09, -6.910888e-09, -4.406733e-09
54.900000, 5.175104e-09, 2.472592e-09, -7.003090e-09, -4.775972e-09
55.000000, 4.984829e-09, 2.764388e-09, -6.648792e-09, -4.941261e-09
55.100000, 5.382468e-09, 2.868027e-09, -6.389665e-09, -4.310155e-09
55.200000, 5.177171e-09, 3.040158e-09, -5.861556e-09, -4.030368e-09
55.300000, 4.913378e-09, 2.547644e-09, -5.919931e-09, -4.013092e-09
55.400000, 4.544690e-09, 2.342613e-09, -5.880532e-09, -4.644947e-09
55.500000, 4.521578e-09, 2.121538e-09, -6.265198e-09, -4.215243e-09
55.600000, 4.092277e-09, 2.192088e-09, -5.898165e-09, -4.340340e-09
55.700000, 4.010446e-09, 2.278913e-09, -5.390998e-09, -4.095573e-09
55.800000, 3.783925e-09, 2.151879e-09, -4.888732e-09, -3.815744e-09
55.900000, 3.763630e-09, 1.783601e-09, -4.795597e-09, -3.795472e-09
56.000000, 3.808799e-09, 2.001204e-09, -4.807814e-09, -3.633694e-09
56.100000, 3.429629e-09, 2.089243e-09, -4.712970e-09, -3.833795e-09
56.200000, 2.647714e-09, 2.209698e-09, -4.618960e-09, -4.368294e-09
56.300000, 2.343452e-09, 2.050807e-09, -4.442038e-09, -4.675526e-09
56.400000, 2.268722e-09, 2.263080e-09, -4.398783e-09, -4.904235e-09
56.500000, 2.325385e-09, 2.039029e-09, -4.680354e-09, -4.515541e-09
56.600000, 1.628245e-09, 2.311836e-09, -4.472603e-09, -4.774493e-09
56.700000, 1.324370e-09, 2.055497e-09, -4.364918e-09, -4.507758e-09
56.800000, 1.024371e-09, 2.287525e-09, -3.869246e-09, -4.252444e-09
56.900000, 1.378901e-09, 1.967275e-09, -3.559792e-09, -4.175164e-09
57.000000, 1.204183e-09, 2.027020e-09, -3.451194e-09, -4.800842e-09
57.100000, 7.986651e-10, 2.115995e-09, -3.564449e-09, -5.217663e-09
57.200000, 4.786507e-10, 2.109124e-09, -3.260121e-09, -5.233207e-09
57.300000, 4.596308e-10, 2.090593e-09, -3.145089e-09, -5.040368e-09
57.400000, 5.173796e-10, 2.185010e-09, -3.194574e-09, -5.169866e-09
57.500000, 5.990706e-10, 2.204654e-09, -3.097778e-09, -5.308750e-09
57.600000, 4.569742e-10, 2.341772e-09, -2.813728e-09, -5.323545e-09
57.700000, 4.255807e-10, 2.139159e-09, -2.688315e-09, -5.185747e-09
57.800000, 4.304401e-10, 2.089863e-09, -2.737194e-09, -5.377847e-09
57.900000, 8.162668e-10, 1.883177e-09, -2.919540e-09, -5.084167e-09
58.000000, 8.009493e-10, 1.983600e-09, -2.699497e-09, -5.025784e-09
58.100000, 9.483738e-10, 1.708537e-09, -2.547508e-09, -4.918976e-09
58.200000, 9.922832e-10, 1.655637e-09, -2.552615e-09, -4.985223e-09
58.300000, 1.234447e-09, 1.476932e-09, -2.537985e-09, -4.804649e-09
58.400000, 1.287533e-09, 1.580864e-09, -2.369912e-09, -4.885187e-09
58.500000, 1.368994e-09, 1.374617e-09, -2.188198e-09, -4.965106e-09
58.600000, 1.260550e-09, 1.303300e-09, -2.104952e-09, -5.067110e-09
58.700000, 1.407290e-09, 1.108688e-09, -2.174050e-09, -4.985309e-09
58.800000, 1.513378e-09, 1.153760e-09, -2.064494e-09, -4.616927e-09
58.900000, 1.489869e-09, 1.085756e-09, -2.037653e-09, -4.425776e-09
59.000000, 1.280440e-09, 1.013433e-09, -1.854590e-09, -4.339911e-09
59.100000, 1.385959e-09, 7.303782e-10, -1.816586e-09, -3.920747e-09
59.200000, 1.355991e-09, 7.125536e-10, -1.801359e-09, -3.810110e-09
59.300000, 1.336354e-09, 6.493955e-10, -2.030943e-09, -3.593126e-09
59.400000, 1.158693e-09, 7.133246e-10, -2.078323e-09, -3.440319e-09
59.500000, 1.155847e-09, 6.843892e-10, -2.132593e-09, -3.149745e-09
59.600000, 1.070077e-09, 7.548901e-10, -2.230368e-09, -2.911956e-09
59.700000, 1.132996e-09, 6.480861e-10, -2.305144e-09, -2.798967e-09
59.800000, 1.063317e-09, 6.897261e-10, -2.405866e-09, -3.009242e-09
59.900000, 9.830308e-10, 5.934582e-10, -2.489772e-09, -2.975027e-09
60.000000, 8.961782e-10, 5.229259e-10, -2.390698e-09, -2.853977e-09
60.100000, 9.701972e-10, 4.090731e-10, -2.360779e-09, -2.495833e-09
60.200000, 1.000305e-09, 5.141906e-10, -2.361031e-09, -2.373301e-09
60.300000, 1.130816e-09, 3.690360e-10, -2.404534e-09, -2.173163e-09
60.400000, 1.192967e-09, 4.669789e-10, -2.319937e-09, -2.039911e-09
60.500000, 1.342930e-09, 2.536306e-10, -2.401745e-09, -1.834506e-09
60.600000, 1.184888e-09, 3.228378e-10, -2.367298e-09, -1.933211e-09
60.700000, 1.157320e-09, 3.113175e-10, -2.383667e-09, -1.809385e-09
60.800000, 1.062566e-09, 4.420113e-10, -2.320379e-09, -1.776075e-09
60.900000, 1.037741e-09, 4.040741e-10, -2.233211e-09, -1.615616e-09
61.000000, 9.760297e-10, 4.348014e-10, -2.120594e-09, -1.558981e-09
61.100000, 1.045307e-09, 3.829483e-10, -2.098294e-09, -1.419523e-09
61.200000, 1.128847e-09, 3.842315e-10, -1.980819e-09, -1.362899e-09
61.300000, 1.113759e-09, 3.398951e-10, -1.924521e-09, -1.388124e-09
61.400000, 1.119909e-09, 3.143854e-10, -1.942006e-09, -1.548901e-09
61.500000, 1.212055e-09, 1.259281e-10, -2.045053e-09, -1.538849e-09
61.600000, 1.123336e-09, 2.224297e-10, -1.941732e-09, -1.554732e-09
61.700000, 1.073705e-09, 2.365986e-10, -1.903150e-09, -1.450052e-09
61.800000, 9.313170e-10, 3.125242e-10, -1.842192e-09, -1.452970e-09
61.900000, 9.313138e-10, 2.620467e-10, -1.843215e-09, -1.315812e-09
62.000000, 8.879362e-10, 3.879219e-10, -1.749628e-09, -1.346353e-09
62.100000, 8.829366e-10, 3.044888e-10, -1.645794e-09, -1.326122e-09
62.200000, 8.578551e-10, 3.287417e-10, -1.522172e-09, -1.324365e-09
62.300000, 8.250243e-10, 2.244407e-10, -1.491771e-09, -1.301389e-09
62.400000, 7.827751e-10, 2.738770e-10, -1.400253e-09, -1.261914e-09
62.500000, 8.195814e-10, 2.562834e-10, -1.400457e-09, -1.140653e-09
62.600000, 7.492616e-10, 3.359526e-10, -1.319934e-09, -1.128932e-09
62.700000, 7.392619e-10, 2.813903e-10, -1.272456e-09, -9.935829e-10
62.800000, 7.175796e-10, 3.672311e-10, -1.176829e-09, -9.081483e-10
62.900000, 7.534050e-10, 3.471770e-10, -1.131993e-09, -7.418546e-10
63.000000, 6.708360e-10, 3.510812e-10, -1.039110e-09, -8.441443e-10
63.100000, 5.936337e-10, 2.533055e-10, -1.038645e-09, -8.498961e-10
63.200000, 5.190790e-10, 2.668792e-10, -1.037911e-09, -8.596759e-10
63.300000, 5.526912e-10, 2.150584e-10, -1.022393e-09, -7.580531e-10
63.400000, 5.772213e-10, 3.263872e-10, -9.737027e-10, -6.946528e-10
63.500000, 6.332345e-10, 3.038978e-10, -9.040364e-10, -5.963863e-10
63.600000, 5.987919e-10, 3.305353e-10, -8.685866e-10, -6.074514e-10
63.700000, 6.126849e-10, 2.217740e-10, -9.055450e-10, -5.441500e-10
63.800000, 5.595810e-10, 2.532492e-10, -9.008105e-10, -5.812686e-10
63.900000, 5.476130e-10, 2.123248e-10, -9.457627e-10, -5.569166e-10
64.000000, 4.952426e-10, 3.170092e-10, -9.180122e-10, -5.570466e-10
64.100000, 5.526977e-10, 2.917551e-10, -9.335935e-10, -4.389307e-10
64.200000, 5.488120e-10, 3.776486e-10, -8.849907e-10, -4.408974e-10
64.300000, 5.767191e-10, 3.116936e-10, -8.790368e-10, -3.941373e-10
64.400000, 5.775288e-10, 3.487580e-10, -8.107581e-10, -3.793973e-10
64.500000, 6.228800e-10, 2.966928e-10, -7.868521e-10, -2.803455e-10
64.600000, 5.869910e-10, 2.964555e-10, -7.649148e-10, -2.456651e-10
64.700000, 6.109579e-10, 2.009803e-10, -7.851963e-10, -2.413355e-10
64.800000, 6.209628e-10, 2.450460e-10, -7.778048e-10, -2.863808e-10
64.900000, 6.576056e-10, 2.176913e-10, -7.629637e-10, -1.903713e-10
65.000000, 6.530363e-10, 2.856844e-10, -7.192981e-10, -1.594995e-10
65.100000, 6.968614e-10, 2.267653e-10, -7.520507e-10, -6.845929e-11
65.200000, 6.657826e-10, 2.818921e-10, -7.138295e-10, -7.096221e-11
65.300000, 6.894341e-10, 2.129839e-10, -6.946314e-10, -3.606768e-11
65.400000, 6.300034e-10, 2.436846e-10, -6.528939e-10, -8.338346e-11
65.500000, 6.424335e-10, 1.815783e-10, -6.663269e-10, -5.666841e-11
65.600000, 6.167672e-10, 2.309476e-10, -6.658862e-10, -9.738711e-11
65.700000, 6.602383e-10, 2.048842e-10, -6.763663e-10, -4.303565e-11
65.800000, 6.487449e-10, 2.594306e-10, -6.319921e-10, -2.444223e-11
65.900000, 6.484152e-10, 1.977780e-10, -6.157661e-10, 1.750265e-11
66.000000, 5.919484e-10, 2.544601e-10, -5.665630e-10, 3.623007e-11
66.100000, 6.044325e-10, 2.212793e-10, -5.619113e-10, 1.134382e-10
66.200000, 5.654557e-10, 2.968262e-10, -5.266506e-10, 1.036737e-10
66.300000, 5.636068e-10, 2.538358e-10, -5.320337e-10, 1.462701e-10
66.400000, 4.841648e-10, 2.963896e-10, -4.980711e-10, 7.266648e-11
66.500000, 4.985084e-10, 2.664958e-10, -5.089935e-10, 1.139845e-10
66.600000, 4.664936e-10, 3.411635e-10, -4.606862e-10, 1.013259e-10
66.700000, 4.838982e-10, 3.343576e-10, -4.517452e-10, 1.453489e-10
66.800000, 4.425930e-10, 4.012403e-10, -4.318305e-10, 1.294613e-10
66.900000, 4.386581e-10, 3.651328e-10, -4.416441e-10, 1.368991e-10
67.000000, 3.773776e-10, 4.151445e-10, -4.092996e-10, 9.421717e-11
67.100000, 3.562101e-10, 3.686811e-10, -3.936635e-10, 6.310804e-11
67.200000, 3.064121e-10, 4.185906e-10, -3.670673e-10, 1.573526e-11
67.300000, 3.228083e-10, 3.921687e-10, -3.589775e-10, 6.306416e-11
67.400000, 2.803156e-10, 4.451984e-10, -3.196103e-10, 3.797250e-11
67.500000, 2.980473e-10, 4.028188e-10, -3.074522e-10, 4.796347e-11
67.600000, 2.697149e-10, 4.534398e-10, -2.540664e-10, -1.650791e-11
67.700000, 2.919515e-10, 4.153553e-10, -2.592376e-10, -2.019021e-12
67.800000, 2.455710e-10, 4.578380e-10, -2.170044e-10, -3.317587e-11
67.900000, 2.471665e-10, 4.232147e-10, -2.155304e-10, -2.701085e-11
68.000000, 1.931878e-10, 4.723028e-10, -1.806758e-10, -8.359516e-11
68.100000, 2.065076e-10, 4.383666e-10, -1.675817e-10, -6.735567e-11
68.200000, 1.716297e-10, 4.742730e-10, -1.260643e-10, -9.039385e-11
68.300000, 1.969368e-10, 4.468687e-10, -1.299294e-10, -5.088954e-11
68.400000, 1.706305e-10, 4.846822e-10, -1.065898e-10, -7.626816e-11
68.500000, 1.770881e-10, 4.483497e-10, -9.790909e-11, -6.353326e-11
68.600000, 1.496673e-10, 4.913487e-10, -6.742171e-11, -9.814891e-11
68.700000, 1.655432e-10, 4.423376e-10, -7.048341e-11, -8.752305e-11
68.800000, 1.389981e-10, 4.715568e-10, -3.817569e-11, -1.228459e-10
68.900000, 1.529595e-10, 4.284500e-10, -4.332756e-11, -1.040729e-10
69.000000, 1.306067e-10, 4.647991e-10, -1.679942e-11, -1.265211e-10
69.100000, 1.598852e-10, 4.235740e-10, -2.652097e-11, -9.554604e-11
69.200000, 1.271158e-10, 4.613095e-10, -1.774053e-11, -1.302908e-10
69.300000, 1.357903e-10, 4.287889e-10, -3.314324e-11, -1.098165e-10
69.400000, 9.759376e-11, 4.710867e-10, -1.398308e-11, -1.265438e-10
69.500000, 1.073950e-10, 4.350141e-10, -2.696110e-11, -9.238598e-11
69.600000, 6.371092e-11, 4.627895e-10, -8.098446e-12, -1.123573e-10
69.700000, 7.780847e-11, 4.233694e-10, -2.779441e-11, -9.652463e-11
69.800000, 5.747963e-11, 4.457931e-10, -6.364383e-12, -1.198556e-10
69.900000, 7.453263e-11, 3.987562e-10, -7.405743e-12, -9.352236e-11
70.000000, 5.461963e-11, 4.278912e-10, 8.715602e-12, -1.191716e-10
70.100000, 8.034797e-11, 3.919791e-10, -1.489783e-11, -8.982646e-11
70.200000, 5.321132e-11, 4.205789e-10, -3.224420e-12, -1.157080e-10
70.300000, 6.414668e-11, 3.780884e-10, -2.110961e-11, -1.020568e-10
70.400000, 3.806984e-11, 4.002275e-10, -6.560962e-12, -1.256794e-10
70.500000, 5.888513e-11, 3.567981e-10, -2.715496e-11, -9.521718e-11
70.600000, 3.923186e-11, 3.805344e-10, -1.429027e-11, -1.067611e-10
70.700000, 5.721865e-11, 3.445753e-10, -2.895738e-11, -8.259231e-11
70.800000, 4.261641e-11, 3.666642e-10, -1.573483e-11, -1.088519e-10
70.900000, 6.738489e-11, 3.234390e-10, -3.130606e-11, -8.601462e-11
71.000000, 5.246042e-11, 3.445322e-10, -2.018976e-11, -9.920758e-11
71.100000, 7.791988e-11, 3.076438e-10, -4.376314e-11, -7.177155e-11
71.200000, 5.733646e-11, 3.340168e-10, -3.427528e-11, -8.875320e-11
71.300000, 7.705590e-11, 2.966000e-10, -5.031139e-11, -6.338426e-11
71.400000, 5.806378e-11, 3.178693e-10, -3.763525e-11, -7.935754e-11
71.500000, 8.414716e-11, 2.760029e-10, -6.172725e-11, -5.155790e-11
71.600000, 6.390298e-11, 2.985061e-10, -5.241525e-11, -7.111627e-11
71.700000, 8.303179e-11, 2.599572e-10, -6.824669e-11, -4.341569e-11
71.800000, 6.599596e-11, 2.829410e-10, -5.557628e-11, -5.809470e-11
71.900000, 9.246348e-11, 2.433118e-10, -6.910905e-11, -3.165572e-11
72.000000, 7.924761e-11, 2.594833e-10, -5.884892e-11, -5.191828e-11
72.100000, 9.611245e-11, 2.232890e-10, -7.790530e-11, -3.417836e-11
72.200000, 7.719978e-11, 2.421222e-10, -6.469953e-11, -5.202951e-11
72.300000, 9.490469e-11, 2.036982e-10, -7.922965e-11, -3.082052e-11
72.400000, 7.286681e-11, 2.244098e-10, -7.047932e-11, -4.997895e-11
72.500000, 9.254850e-11, 1.905024e-10, -8.751100e-11, -2.880831e-11
72.600000, 7.632817e-11, 2.121172e-10, -7.282772e-11, -4.711729e-11
72.700000, 9.491782e-11, 1.761862e-10, -8.635491e-11, -2.484489e-11
72.800000, 7.745114e-11, 1.969300e-10, -7.571294e-11, -4.355815e-11
72.900000, 9.383207e-11, 1.616657e-10, -9.103416e-11, -2.581357e-11
73.000000, 7.182726e-11, 1.809887e-10, -7.685803e-11, -4.975742e-11
73.100000, 8.632714e-11, 1.448201e-10, -8.992205e-11, -3.306158e-11
73.200000, 6.688508e-11, 1.637052e-10, -7.678489e-11, -5.287838e-11
73.300000, 8.470215e-11, 1.324862e-10, -8.979505e-11, -3.264743e-11
73.400000, 6.746732e-11, 1.529809e-10, -7.720760e-11, -5.002379e-11
73.500000, 8.415732e-11, 1.217587e-10, -8.952413e-11, -3.200088e-11
73.600000, 6.970968e-11, 1.411908e-10, -7.490134e-11, -4.940020e-11
73.700000, 8.794723e-11, 1.058757e-10, -8.557953e-11, -3.069473e-11
73.800000, 7.017096e-11, 1.235528e-10, -7.321121e-11, -4.915459e-11
73.900000, 8.631638e-11, 9.315348e-11, -8.651642e-11, -2.892357e-11
74.000000, 6.911522e-11, 1.129671e-10, -7.519186e-11, -4.669583e-11
74.100000, 8.436834e-11, 8.252406e-11, -8.796068e-11, -2.775350e-11
74.200000, 6.664812e-11, 1.011610e-10, -7.687633e-11, -4.417564e-11
74.300000, 8.370075e-11, 7.170676e-11, -8.891482e-11, -2.720750e-11
74.400000, 6.863434e-11, 9.270534e-11, -7.721364e-11, -4.445581e-11
74.500000, 8.266217e-11, 6.372871e-11, -8.850906e-11, -2.692478e-11
74.600000, 6.561885e-11, 8.297864e-11, -7.778492e-11, -4.417182e-11
74.700000, 8.186835e-11, 5.419240e-11, -8.877119e-11, -2.610253e-11
74.800000, 6.473567e-11, 7.299030e-11, -7.635935e-11, -4.321275e-11
74.900000, 7.929305e-11, 4.537186e-11, -8.821893e-11, -2.540152e-11
75.000000, 6.206814e-11, 6.418907e-11, -7.627610e-11, -4.132173e-11
75.100000, 7.619633e-11, 3.686122e-11, -8.766688e-11, -2.311570e-11
75.200000, 5.964492e-11, 5.646975e-11, -7.584454e-11, -3.822820e-11
75.300000, 7.319447e-11, 3.063229e-11, -8.643695e-11, -2.105091e-11
75.400000, 5.571940e-11, 5.090053e-11, -7.460129e-11, -3.771954e-11
75.500000, 6.793534e-11, 2.573434e-11, -8.597636e-11, -2.118771e-11
75.600000, 5.003162e-11, 4.556263e-11, -7.458778e-11, -3.772389e-11
75.700000, 6.355847e-11, 2.106966e-11, -8.329814e-11, -2.099276e-11
75.800000, 4.698553e-11, 4.129839e-11, -7.052292e-11, -3.787153e-11
75.900000, 5.947730e-11, 1.690525e-11, -8.000223e-11, -2.319342e-11
76.000000, 4.305898e-11, 3.660105e-11, -6.828420e-11, -3.913460e-11
76.100000, 5.620582e-11, 1.238297e-11, -7.808337e-11, -2.385135e-11
76.200000, 3.890634e-11, 3.202395e-11, -6.640021e-11, -3.931321e-11
76.300000, 5.097080e-11, 9.426453e-12, -7.617911e-11, -2.377435e-11
76.400000, 3.447708e-11, 2.917305e-11, -6.443306e-11, -3.966465e-11
76.500000, 4.615506e-11, 6.835899e-12, -7.314927e-11, -2.480880e-11
76.600000, 2.949181e-11, 2.683489e-11, -6.096163e-11, -4.014179e-11
76.700000, 4.198385e-11, 5.604308e-12, -6.962753e-11, -2.460496e-11
76.800000, 2.579817e-11, 2.541481e-11, -5.725442e-11, -3.945575e-11
76.900000, 3.806292e-11, 3.802142e-12, -6.588395e-11, -2.494961e-11
77.000000, 2.278979e-11, 2.338936e-11, -5.444098e-11, -3.980613e-11
77.100000, 3.581612e-11, 2.646916e-12, -6.324134e-11, -2.504338e-11
77.200000, 2.108881e-11, 2.255084e-11, -5.166900e-11, -3.991502e-11
77.300000, 3.302429e-11, 2.369724e-12, -6.042847e-11, -2.521100e-11
77.400000, 1.836615e-11, 2.181423e-11, -4.897600e-11, -4.008820e-11
77.500000, 3.113350e-11, 1.173526e-12, -5.741003e-11, -2.542229e-11
77.600000, 1.586737e-11, 2.007619e-11, -4.575368e-11, -4.003414e-11
77.700000, 2.787567e-11, -1.987583e-13, -5.427353e-11, -2.544823e-11
77.800000, 1.370554e-11, 1.886905e-11, -4.319714e-11, -3.881391e-11
77.900000, 2.578622e-11, -4.768193e-13, -5.167649e-11, -2.441702e-11
78.000000, 1.117969e-11, 1.858214e-11, -4.069929e-11, -3.849927e-11
78.100000, 2.288628e-11, -1.008316e-12, -4.884590e-11, -2.473416e-11
78.200000, 8.347639e-12, 1.763400e-11, -3.798083e-11, -3.848895e-11
78.300000, 2.010469e-11, -1.967934e-12, -4.630444e-11, -2.387094e-11
78.400000, 6.164505e-12, 1.651832e-11, -3.570812e-11, -3.709409e-11
78.500000, 1.834347e-11, -2.426593e-12, -4.389016e-11, -2.269995e-11
78.600000, 5.001702e-12, 1.561925e-11, -3.342207e-11, -3.583289e-11
78.700000, 1.712246e-11, -3.197556e-12, -4.209965e-11, -2.184412e-11
78.800000, 3.933703e-12, 1.462895e-11, -3.198763e-11, -3.441852e-11
78.900000, 1.603514e-11, -4.002946e-12, -4.032271e-11, -2.008978e-11
79.000000, 2.695809e-12, 1.364917e-11, -2.995910e-11, -3.247665e-11
79.100000, 1.473488e-11, -4.901557e-12, -3.812154e-11, -1.844608e-11
79.200000, 2.006772e-12, 1.228785e-11, -2.807628e-11, -3.095168e-11
79.300000, 1.360792e-11, -5.981839e-12, -3.626553e-11, -1.742629e-11
79.400000, 1.147151e-12, 1.118853e-11, -2.649479e-11, -2.966813e-11
79.500000, 1.301799e-11, -6.815606e-12, -3.463833e-11, -1.613976e-11
79.600000, 7.664963e-13, 1.016170e-11, -2.479826e-11, -2.813566e-11
79.700000, 1.245994e-11, -7.612835e-12, -3.302468e-11, -1.464203e-11
79.800000, 2.836957e-13, 9.312230e-12, -2.363108e-11, -2.665269e-11
79.900000, 1.184772e-11, -8.046899e-12, -3.187864e-11, -1.319193e-11
80.000000, -2.745876e-13, 8.711172e-12, -2.257041e-11, -2.501525e-11
80.100000, 1.129670e-11, -8.486860e-12, -3.060896e-11, -1.162617e-11
80.200000, -6.576678e-13, 8.001704e-12, -2.125313e-11, -2.340238e-11
80.300000, 1.070125e-11, -9.110181e-12, -2.908073e-11, -1.050728e-11
80.400000, -1.005271e-12, 7.023861e-12, -1.960175e-11, -2.182211e-11
80.500000, 1.037434e-11, -9.796020e-12, -2.736841e-11, -8.779016e-12
80.600000, -1.044815e-12, 6.283890e-12, -1.820332e-11, -1.997693e-11
80.700000, 9.905662e-12, -1.021785e-11, -2.591342e-11, -7.274865e-12
80.800000, -1.739884e-12, 5.743108e-12, -1.682743e-11, -1.852474e-11
80.900000, 9.251324e-12, -1.069951e-11, -2.439461e-11, -5.722603e-12
81.000000, -2.161479e-12, 5.033423e-12, -1.541054e-11, -1.666829e-11
81.100000, 8.587258e-12, -1.106541e-11, -2.299233e-11, -3.996776e-12
81.200000, -2.689581e-12, 4.642355e-12, -1.413880e-11, -1.487731e-11
81.300000, 8.088635e-12, -1.128597e-11, -2.161784e-11, -2.424880e-12
81.400000, -3.034091e-12, 4.200585e-12, -1.292563e-11, -1.320502e-11
81.500000, 7.520408e-12, -1.145067e-11, -2.046106e-11, -9.656152e-13
81.600000, -3.641349e-12, 3.894686e-12, -1.182163e-11, -1.172276e-11
81.700000, 6.744967e-12, -1.163219e-11, -1.917613e-11, 3.620652e-13
81.800000, -4.297855e-12, 3.507974e-12, -1.062131e-11, -1.022198e-11
81.900000, 6.082031e-12, -1.186073e-11, -1.791877e-11, 1.791231e-12
82.000000, -4.782869e-12, 3.067883e-12, -9.407013e-12, -8.713607e-12
82.100000, 5.437635e-12, -1.209831e-11, -1.665919e-11, 3.037061e-12
82.200000, -5.264145e-12, 2.726611e-12, -8.317905e-12, -7.419819e-12
82.300000, 4.951260e-12, -1.222802e-11, -1.551701e-11, 4.237007e-12
82.400000, -5.655093e-12, 2.463183e-12, -7.289890e-12, -6.106660e-12
82.500000, 4.427182e-12, -1.230008e-11, -1.444945e-11, 5.344663e-12
82.600000, -6.060850e-12, 2.299266e-12, -6.346723e-12, -4.945826e-12
82.700000, 3.921453e-12, -1.221541e-11, -1.349683e-11, 6.439924e-12
82.800000, -6.402119e-12, 2.203967e-12, -5.431565e-12, -3.672248e-12
82.900000, 3.468866e-12, -1.212252e-11, -1.244470e-11, 7.539879e-12
83.000000, -6.760881e-12, 2.139657e-12, -4.468662e-12, -2.530857e-12
83.100000, 3.029156e-12, -1.204219e-11, -1.144990e-11, 8.509141e-12
83.200000, -7.107796e-12, 2.024953e-12, -3.594035e-12, -1.468387e-12
83.300000, 2.601392e-12, -1.203219e-11, -1.053377e-11, 9.451592e-12
83.400000, -7.430078e-12, 1.870704e-12, -2.755439e-12, -4.254495e-13
83.500000, 2.104755e-12, -1.203112e-11, -9.591852e-12, 1.030273e-11
83.600000, -7.806944e-12, 1.726263e-12, -1.917442e-12, 4.899363e-13
83.700000, 1.677807e-12, -1.201528e-11, -8.752322e-12, 1.110317e-11
83.800000, -8.126598e-12, 1.625560e-12, -1.197821e-12, 1.362123e-12
83.900000, 1.255793e-12, -1.192035e-11, -7.962741e-12, 1.187268e-11
84.000000, -8.430850e-12, 1.566031e-12, -4.742938e-13, 2.216633e-12
84.100000, 8.978350e-13, -1.183943e-11, -7.188645e-12, 1.259108e-11
84.200000, -8.645947e-12, 1.479646e-12, 1.825359e-13, 3.040914e-12
84.300000, 5.783658e-13, -1.178603e-11, -6.487835e-12, 1.327773e-11
84.400000, -8.874221e-12, 1.389085e-12, 8.435740e-13, 3.830353e-12
84.500000, 2.711726e-13, -1.171801e-11, -5.747161e-12, 1.396096e-11
84.600000, -9.080309e-12, 1.331682e-12, 1.471988e-12, 4.578461e-12
84.700000, -1.502994e-14, -1.164180e-11, -5.082865e-12, 1.453712e-11
84.800000, -9.258837e-12, 1.239714e-12, 2.060208e-12, 5.190574e-12
84.900000, -3.056690e-13, -1.157803e-11, -4.431994e-12, 1.499975e-11
85.000000, -9.448502e-12, 1.182508e-12, 2.619467e-12, 5.725030e-12
85.100000, -5.758907e-13, -1.149172e-11, -3.822165e-12, 1.538665e-11
85.200000, -9.645584e-12, 1.128793e-12, 3.163456e-12, 6.167819e-12
85.300000, -8.521643e-13, -1.140738e-11, -3.212663e-12, 1.572716e-11
85.400000, -9.818127e-12, 1.084164e-12, 3.697418e-12, 6.601683e-12
85.500000, -1.116397e-12, -1.132313e-11, -2.629346e-12, 1.604569e-11
85.600000, -9.981461e-12, 1.023162e-12, 4.206853e-12, 6.976916e-12
85.700000, -1.361304e-12, -1.123669e-11, -2.060267e-12, 1.627197e-11
85.800000, -1.014174e-11, 9.812499e-13, 4.699697e-12, 7.247838e-12
85.900000, -1.620414e-12, -1.114177e-11, -1.515627e-12, 1.640143e-11
86.000000, -1.032892e-11, 9.522094e-13, 5.181956e-12, 7.467620e-12
86.100000, -1.907529e-12, -1.103535e-11, -9.587690e-13, 1.653356e-11
86.200000, -1.053333e-11, 9.236138e-13, 5.677052e-12, 7.685144e-12
86.300000, -2.194768e-12, -1.094187e-11, -4.166307e-13, 1.662609e-11
86.400000, -1.072403e-11, 8.728060e-13, 6.132754e-12, 7.833957e-12
86.500000, -2.470627e-12, -1.086680e-11, 7.843439e-14, 1.665614e-11
86.600000, -1.091721e-11, 8.332807e-13, 6.548973e-12, 7.928659e-12
86.700000, -2.743794e-12, -1.078334e-11, 5.508383e-13, 1.664539e-11
86.800000, -1.109469e-11, 7.961817e-13, 6.960356e-12, 8.003720e-12
86.900000, -2.993999e-12, -1.069232e-11, 1.011745e-12, 1.662834e-11
87.000000, -1.127025e-11, 7.582460e-13, 7.351147e-12, 8.062475e-12
87.100000, -3.263465e-12, -1.061599e-11, 1.449836e-12, 1.657941e-11
87.200000, -1.145109e-11, 6.994019e-13, 7.711396e-12, 8.084080e-12
87.300000, -3.508697e-12, -1.055887e-11, 1.856837e-12, 1.649838e-11
87.400000, -1.160985e-11, 6.363016e-13, 8.046417e-12, 8.082575e-12
87.500000, -3.744693e-12, -1.050450e-11, 2.239067e-12, 1.640559e-11
87.600000, -1.176042e-11, 5.662212e-13, 8.364203e-12, 8.080124e-12
87.700000, -3.966840e-12, -1.046502e-11, 2.609597e-12, 1.632794e-11
87.800000, -1.189988e-11, 4.889420e-13, 8.671948e-12, 8.079615e-12
87.900000, -4.187424e-12, -1.043386e-11, 2.967069e-12, 1.621747e-11
88.000000, -1.203790e-11, 3.951769e-13, 8.957644e-12, 8.036598e-12
88.100000, -4.390418e-12, -1.041785e-11, 3.284324e-12, 1.609070e-11
88.200000, -1.215526e-11, 2.983544e-13, 9.199708e-12, 7.990885e-12
88.300000, -4.580115e-12, -1.039816e-11, 3.570368e-12, 1.596127e-11
88.400000, -1.227280e-11, 2.101192e-13, 9.421531e-12, 7.942536e-12
88.500000, -4.773895e-12, -1.037263e-11, 3.838926e-12, 1.583533e-11
88.600000, -1.238993e-11, 1.184583e-13, 9.620719e-12, 7.895480e-12
88.700000, -4.963316e-12, -1.036211e-11, 4.079431e-12, 1.569613e-11
88.800000, -1.250191e-11, 1.654894e-14, 9.801485e-12, 7.826481e-12
88.900000, -5.144356e-12, -1.035946e-11, 4.305991e-12, 1.554499e-11
89.000000, -1.260347e-11, -9.101576e-14, 9.961067e-12, 7.751187e-12
89.100000, -5.309488e-12, -1.036058e-11, 4.502491e-12, 1.538665e-11
89.200000, -1.269174e-11, -1.925222e-13, 1.009165e-11, 7.662138e-12
89.300000, -5.467420e-12, -1.034934e-11, 4.676642e-12, 1.522045e-11
89.400000, -1.277746e-11, -2.849235e-13, 1.021134e-11, 7.577738e-12
89.500000, -5.620465e-12, -1.034257e-11, 4.841880e-12, 1.506084e-11
89.600000, -1.285461e-11, -3.866217e-13, 1.031239e-11, 7.488919e-12
89.700000, -5.762789e-12, -1.034332e-11, 4.984530e-12, 1.489497e-11
89.800000, -1.292431e-11, -4.904505e-13, 1.039659e-11, 7.398939e-12
89.900000, -5.894738e-12, -1.034942e-11, 5.111521e-12, 1.473436e-11
90.000000, -1.297522e-11, -5.976524e-13, 1.046501e-11, 7.314238e-12
90.100000, -6.004333e-12, -1.035246e-11, 5.223505e-12, 1.457569e-11
90.200000, -1.301415e-11, -7.000988e-13, 1.052116e-11, 7.226031e-12
90.300000, -6.109821e-12, -1.035973e-11, 5.316910e-12, 1.441226e-11
90.400000, -1.304954e-11, -8.072903e-13, 1.055241e-11, 7.134378e-12
90.500000, -6.205069e-12, -1.036906e-11, 5.389555e-12, 1.425282e-11
90.600000, -1.306974e-11, -9.133071e-13, 1.057174e-11, 7.046453e-12
90.700000, -6.283163e-12, -1.038029e-11, 5.450480e-12, 1.409351e-11
90.800000, -1.307574e-11, -1.023749e-12, 1.057624e-11, 6.957005e-12
90.900000, -6.345086e-12, -1.039829e-11, 5.495940e-12, 1.393812e-11
91.000000, -1.306539e-11, -1.135416e-12, 1.056894e-11, 6.876698e-12
91.100000, -6.395092e-12, -1.041527e-11, 5.530989e-12, 1.379147e-11
91.200000, -1.304810e-11, -1.244593e-12, 1.054992e-11, 6.801573e-12
91.300000, -6.436500e-12, -1.043135e-11, 5.550783e-12, 1.365308e-11
91.400000, -1.302087e-11, -1.352668e-12, 1.051762e-11, 6.730631e-12
91.500000, -6.465742e-12, -1.044654e-11, 5.560342e-12, 1.351349e-11
91.600000, -1.298196e-11, -1.457514e-12, 1.047836e-11, 6.656699e-12
91.700000, -6.483822e-12, -1.046205e-11, 5.563660e-12, 1.337431e-11
91.800000, -1.293430e-11, -1.564529e-12, 1.043257e-11, 6.584357e-12
91.900000, -6.493732e-12, -1.048075e-11, 5.557385e-12, 1.323553e-11
92.000000, -1.288050e-11, -1.670367e-12, 1.037599e-11, 6.510118e-12
92.100000, -6.497010e-12, -1.049679e-11, 5.543042e-12, 1.309905e-11
92.200000, -1.281845e-11, -1.774660e-12, 1.031573e-11, 6.441112e-12
92.300000, -6.490513e-12, -1.051671e-11, 5.524063e-12, 1.296512e-11
92.400000, -1.274997e-11, -1.881862e-12, 1.024892e-11, 6.366950e-12
92.500000, -6.478991e-12, -1.053660e-11, 5.498144e-12, 1.282663e-11
92.600000, -1.267689e-11, -1.985507e-12, 1.017789e-11, 6.293139e-12
92.700000, -6.461970e-12, -1.055462e-11, 5.468473e-12, 1.269380e-11
92.800000, -1.259947e-11, -2.085418e-12, 1.010411e-11, 6.223684e-12
92.900000, -6.439809e-12, -1.056917e-11, 5.436495e-12, 1.256324e-11
93.000000, -1.251844e-11, -2.184178e-12, 1.002948e-11, 6.155702e-12
93.100000, -6.413152e-12, -1.058686e-11, 5.401831e-12, 1.243657e-11
93.200000, -1.243085e-11, -2.284538e-12, 9.949687e-12, 6.092073e-12
93.300000, -6.377709e-12, -1.060550e-11, 5.362065e-12, 1.231640e-11
93.400000, -1.233476e-11, -2.383647e-12, 9.867325e-12, 6.035635e-12
93.500000, -6.333980e-12, -1.062326e-11, 5.318456e-12, 1.220353e-11
93.600000, -1.223360e-11, -2.480408e-12, 9.778958e-12, 5.984533e-12
93.700000, -6.286413e-12, -1.063808e-11, 5.269512e-12, 1.209673e-11
93.800000, -1.212912e-11, -2.572119e-12, 9.690777e-12, 5.939673e-12
93.900000, -6.233548e-12, -1.065122e-11, 5.221810e-12, 1.199654e-11
94.000000, -1.201920e-11, -2.665485e-12, 9.600907e-12, 5.897136e-12
94.100000, -6.175449e-12, -1.066796e-11, 5.169396e-12, 1.189719e-11
94.200000, -1.190591e-11, -2.758368e-12, 9.507535e-12, 5.856905e-12
94.300000, -6.113426e-12, -1.068172e-11, 5.114118e-12, 1.180366e-11
94.400000, -1.178917e-11, -2.845605e-12, 9.411288e-12, 5.823397e-12
94.500000, -6.048853e-12, -1.069027e-11, 5.055323e-12, 1.171735e-11
94.600000, -1.167244e-11, -2.927419e-12, 9.313598e-12, 5.795318e-12
94.700000, -5.985010e-12, -1.069613e-11, 4.997413e-12, 1.163434e-11
94.800000, -1.155808e-11, -3.007080e-12, 9.218000e-12, 5.767260e-12
94.900000, -5.922647e-12, -1.070069e-11, 4.939749e-12, 1.155277e-11
95.000000, -1.144422e-11, -3.083033e-12, 9.121610e-12, 5.740902e-12
95.100000, -5.859562e-12, -1.070090e-11, 4.881492e-12, 1.147271e-11
95.200000, -1.133079e-11, -3.153155e-12, 9.027336e-12, 5.715378e-12
95.300000, -5.796411e-12, -1.069560e-11, 4.825690e-12, 1.139648e-11
95.400000, -1.121793e-11, -3.216647e-12, 8.935445e-12, 5.695254e-12
95.500000, -5.734621e-12, -1.068571e-11, 4.771191e-12, 1.132420e-11
95.600000, -1.110812e-11, -3.276058e-12, 8.844193e-12, 5.673952e-12
95.700000, -5.675654e-12, -1.067300e-11, 4.716966e-12, 1.124951e-11
95.800000, -1.100212e-11, -3.331257e-12, 8.754783e-12, 5.651180e-12
95.900000, -5.619771e-12, -1.065506e-11, 4.665068e-12, 1.117576e-11
96.000000, -1.089887e-11, -3.378781e-12, 8.668644e-12, 5.629182e-12
96.100000, -5.566257e-12, -1.063032e-11, 4.617318e-12, 1.110241e-11
96.200000, -1.079899e-11, -3.420355e-12, 8.588145e-12, 5.606341e-12
96.300000, -5.515047e-12, -1.060234e-11, 4.573830e-12, 1.102827e-11
96.400000, -1.070163e-11, -3.458397e-12, 8.510341e-12, 5.580687e-12
96.500000, -5.466354e-12, -1.057125e-11, 4.532373e-12, 1.095162e-11
96.600000, -1.060733e-11, -3.491526e-12, 8.436308e-12, 5.554183e-12
96.700000, -5.419509e-12, -1.053515e-11, 4.494729e-12, 1.087684e-11
96.800000, -1.051569e-11, -3.519037e-12, 8.365723e-12, 5.528635e-12
96.900000, -5.375239e-12, -1.049446e-11, 4.460313e-12, 1.080329e-11
97.000000, -1.042715e-11, -3.540814e-12, 8.299644e-12, 5.504025e-12
97.100000, -5.333755e-12, -1.044900e-11, 4.430490e-12, 1.073027e-11
97.200000, -1.034209e-11, -3.558462e-12, 8.237793e-12, 5.477268e-12
97.300000, -5.295351e-12, -1.040083e-11, 4.402885e-12, 1.065327e-11
97.400000, -1.025941e-11, -3.571888e-12, 8.177739e-12, 5.445956e-12
97.500000, -5.257406e-12, -1.034845e-11, 4.377576e-12, 1.057386e-11
97.600000, -1.017741e-11, -3.580280e-12, 8.120813e-12, 5.413465e-12
97.700000, -5.220080e-12, -1.029185e-11, 4.354547e-12, 1.049532e-11
97.800000, -1.009721e-11, -3.583395e-12, 8.066240e-12, 5.380573e-12
97.900000, -5.184194e-12, -1.023088e-11, 4.333421e-12, 1.041500e-11
98.000000, -1.001872e-11, -3.582751e-12, 8.013664e-12, 5.344650e-12
98.100000, -5.149333e-12, -1.016761e-11, 4.313091e-12, 1.033224e-11
98.200000, -9.940691e-12, -3.578459e-12, 7.961435e-12, 5.306982e-12
98.300000, -5.113694e-12, -1.010078e-11, 4.293234e-12, 1.024962e-11
98.400000, -9.862449e-12, -3.569686e-12, 7.910663e-12, 5.268271e-12
98.500000, -5.076633e-12, -1.002990e-11, 4.274202e-12, 1.016522e-11
98.600000, -9.782233e-12, -3.556091e-12, 7.860113e-12, 5.227214e-12
98.700000, -5.036973e-12, -9.954714e-12, 4.254253e-12, 1.007896e-11
98.800000, -9.700047e-12, -3.537287e-12, 7.808203e-12, 5.182661e-12
98.900000, -4.995172e-12, -9.875187e-12, 4.231577e-12, 9.988074e-12
99.000000, -9.615855e-12, -3.513629e-12, 7.753226e-12, 5.132816e-12
99.100000, -4.950023e-12, -9.790960e-12, 4.205400e-12, 9.893441e-12
99.200000, -9.529062e-12, -3.484182e-12, 7.695605e-12, 5.078926e-12
99.300000, -4.902505e-12, -9.701766e-12, 4.176812e-12, 9.794834e-12
99.400000, -9.439411e-12, -3.449130e-12, 7.635557e-12, 5.021022e-12
99.500000, -4.849966e-12, -9.607314e-12, 4.144538e-12, 9.693011e-12
99.600000, -9.343755e-12, -3.408019e-12, 7.571010e-12, 4.958872e-12
99.700000, -4.791012e-12, -9.507438e-12, 4.107112e-12, 9.586809e-12
99.800000, -9.243181e-12, -3.360867e-12, 7.502101e-12, 4.892179e-12
99.900000, -4.727442e-12, -9.402237e-12, 4.065582e-12, 9.477641e-12
100.000000, -9.138845e-12, -3.307844e-12, 7.429539e-12, 4.822187e-12
100.100000, -4.660200e-12, -9.291936e-12, 4.019816e-12, 9.364082e-12
100.200000, -9.031646e-12, -3.249749e-12, 7.353270e-12, 4.747031e-12
100.300000, -4.589312e-12, -9.177606e-12, 3.970377e-12, 9.246941e-12
100.400000, -8.920196e-12, -3.186755e-12, 7.273280e-12, 4.668395e-12
100.500000, -4.513329e-12, -9.058690e-12, 3.916455e-12, 9.126471e-12
100.600000, -8.804701e-12, -3.118367e-12, 7.189054e-12, 4.584629e-12
100.700000, -4.433822e-12, -8.935366e-12, 3.858811e-12, 9.000987e-12
100.800000, -8.687698e-12, -3.046754e-12, 7.103050e-12, 4.497346e-12
100.900000, -4.354541e-12, -8.810930e-12, 3.800294e-12, 8.873554e-12
101.000000, -8.571944e-12, -2.973805e-12, 7.016945e-12, 4.408742e-12
101.100000, -4.276825e-12, -8.686924e-12, 3.742751e-12, 8.747805e-12
101.200000, -8.459086e-12, -2.902166e-12, 6.933321e-12, 4.322913e-12
101.300000, -4.200951e-12, -8.565098e-12, 3.687335e-12, 8.625461e-12
101.400000, -8.348642e-12, -2.832883e-12, 6.852628e-12, 4.241421e-12
101.500000, -4.129273e-12, -8.447736e-12, 3.636321e-12, 8.510101e-12
101.600000, -8.244549e-12, -2.768798e-12, 6.778237e-12, 4.168255e-12
101.700000, -4.065355e-12, -8.337188e-12, 3.592316e-12, 8.403526e-12
101.800000, -8.150931e-12, -2.711995e-12, 6.711795e-12, 4.102484e-12
101.900000, -4.012679e-12, -8.235409e-12, 3.556673e-12, 8.305383e-12
102.000000, -8.069601e-12, -2.664669e-12, 6.655175e-12, 4.047187e-12
102.100000, -3.973704e-12, -8.145371e-12, 3.532253e-12, 8.220222e-12
102.200000, -8.003983e-12, -2.629860e-12, 6.611164e-12, 4.005373e-12
102.300000, -3.950762e-12, -8.069667e-12, 3.521355e-12, 8.150928e-12
102.400000, -7.956064e-12, -2.610834e-12, 6.582899e-12, 3.981917e-12
102.500000, -3.947107e-12, -8.011790e-12, 3.527499e-12, 8.101724e-12
102.600000, -7.929068e-12, -2.609987e-12, 6.572784e-12, 3.979120e-12
102.700000, -3.965292e-12, -7.973823e-12, 3.552514e-12, 8.075064e-12
102.800000, -7.926329e-12, -2.630107e-12, 6.583352e-12, 3.999807e-12
102.900000, -4.009102e-12, -7.958694e-12, 3.599644e-12, 8.073570e-12
103.000000, -7.950583e-12, -2.673830e-12, 6.617937e-12, 4.047289e-12
103.100000, -4.080813e-12, -7.968549e-12, 3.671926e-12, 8.100487e-12
103.200000, -8.003343e-12, -2.741883e-12, 6.678294e-12, 4.122951e-12
103.300000, -4.179985e-12, -8.002824e-12, 3.769431e-12, 8.155942e-12
103.400000, -8.084029e-12, -2.834022e-12, 6.763969e-12, 4.226420e-12
103.500000, -4.307335e-12, -8.062003e-12, 3.892262e-12, 8.239256e-12
103.600000, -8.193415e-12, -2.950427e-12, 6.875363e-12, 4.356969e-12
103.700000, -4.462896e-12, -8.145471e-12, 4.040325e-12, 8.349334e-12
103.800000, -8.331190e-12, -3.090270e-12, 7.011837e-12, 4.513237e-12
103.900000, -4.646766e-12, -8.252506e-12, 4.212751e-12, 8.484143e-12
104.000000, -8.496862e-12, -3.252208e-12, 7.171907e-12, 4.692089e-12
104.100000, -4.855278e-12, -8.380105e-12, 4.406620e-12, 8.640461e-12
104.200000, -8.684700e-12, -3.432084e-12, 7.351491e-12, 4.890487e-12
104.300000, -5.084519e-12, -8.524259e-12, 4.617757e-12, 8.813705e-12
104.400000, -8.891752e-12, -3.626123e-12, 7.546400e-12, 5.102621e-12
104.500000, -5.329469e-12, -8.680465e-12, 4.841203e-12, 8.997795e-12
104.600000, -9.110745e-12, -3.828245e-12, 7.750090e-12, 5.320781e-12
104.700000, -5.580277e-12, -8.841355e-12, 5.069019e-12, 9.185181e-12
104.800000, -9.329943e-12, -4.030619e-12, 7.954111e-12, 5.539036e-12
104.900000, -5.825651e-12, -8.998159e-12, 5.291963e-12, 9.367584e-12
105.000000, -9.538031e-12, -4.222650e-12, 8.147487e-12, 5.744765e-12
105.100000, -6.053418e-12, -9.139381e-12, 5.498139e-12, 9.530948e-12
105.200000, -9.723029e-12, -4.394330e-12, 8.319532e-12, 5.926742e-12
105.300000, -6.251601e-12, -9.256468e-12, 5.678022e-12, 9.667196e-12
105.400000, -9.872202e-12, -4.536104e-12, 8.459789e-12, 6.075502e-12
105.500000, -6.406750e-12, -9.338249e-12, 5.819667e-12, 9.763897e-12
105.600000, -9.971657e-12, -4.636851e-12, 8.556310e-12, 6.179073e-12
105.700000, -6.505994e-12, -9.375014e-12, 5.912540e-12, 9.811350e-12
105.800000, -1.001046e-11, -4.688076e-12, 8.599706e-12, 6.228538e-12
105.900000, -6.540061e-12, -9.358789e-12, 5.947720e-12, 9.800077e-12
106.000000, -9.980498e-12, -4.682216e-12, 8.581588e-12, 6.214231e-12
106.100000, -6.501422e-12, -9.283063e-12, 5.918002e-12, 9.722247e-12
106.200000, -9.875719e-12, -4.614922e-12, 8.496947e-12, 6.131566e-12
106.300000, -6.386454e-12, -9.145364e-12, 5.820489e-12, 9.575262e-12
106.400000, -9.694225e-12, -4.484948e-12, 8.344426e-12, 5.979594e-12
106.500000, -6.195101e-12, -8.945981e-12, 5.655500e-12, 9.360115e-12
106.600000, -9.438727e-12, -4.293988e-12, 8.125744e-12, 5.759499e-12
106.700000, -5.932151e-12, -8.687700e-12, 5.425862e-12, 9.078226e-12
106.800000, -9.115012e-12, -4.046443e-12, 7.845434e-12, 5.475429e-12
106.900000, -5.604834e-12, -8.377038e-12, 5.138436e-12, 8.737321e-12
107.000000, -8.732951e-12, -3.750962e-12, 7.512615e-12, 5.137444e-12
107.100000, -5.226079e-12, -8.024677e-12, 4.804425e-12, 8.349050e-12
107.200000, -8.307754e-12, -3.420111e-12, 7.140479e-12, 4.759191e-12
107.300000, -4.812483e-12, -7.644555e-12, 4.438559e-12, 7.928836e-12
107.400000, -7.856609e-12, -3.068415e-12, 6.744445e-12, 4.356932e-12
107.500000, -4.381027e-12, -7.251056e-12, 4.056107e-12, 7.492939e-12
107.600000, -7.395793e-12, -2.709658e-12, 6.339084e-12, 3.946274e-12
107.700000, -3.947094e-12, -6.857077e-12, 3.670725e-12, 7.055824e-12
107.800000, -6.939663e-12, -2.355809e-12, 5.937117e-12, 3.540456e-12
107.900000, -3.523886e-12, -6.473665e-12, 3.294211e-12, 6.629680e-12
108.000000, -6.500147e-12, -2.016868e-12, 5.549296e-12, 3.150660e-12
108.100000, -3.121938e-12, -6.109575e-12, 2.936055e-12, 6.224497e-12
108.200000, -6.086230e-12, -1.700308e-12, 5.183712e-12, 2.785542e-12
108.300000, -2.748645e-12, -5.771045e-12, 2.603007e-12, 5.847530e-12
108.400000, -5.703814e-12, -1.411162e-12, 4.845861e-12, 2.450948e-12
108.500000, -2.408543e-12, -5.461916e-12, 2.299308e-12, 5.503230e-12
108.600000, -5.356154e-12, -1.152149e-12, 4.538699e-12, 2.149959e-12
108.700000, -2.103710e-12, -5.183834e-12, 2.026746e-12, 5.193389e-12
108.800000, -5.044217e-12, -9.239307e-13, 4.263051e-12, 1.883285e-12
108.900000, -1.834066e-12, -4.936604e-12, 1.785316e-12, 4.917840e-12
109.000000, -4.766978e-12, -7.255956e-13, 4.018112e-12, 1.649995e-12
109.100000, -1.597765e-12, -4.718643e-12, 1.573435e-12, 4.674908e-12
109.200000, -4.521843e-12, -5.548843e-13, 3.801571e-12, 1.447657e-12
109.300000, -1.391500e-12, -4.527010e-12, 1.388145e-12, 4.461343e-12
109.400000, -4.304815e-12, -4.082603e-13, 3.609857e-12, 1.272263e-12
109.500000, -1.210687e-12, -4.357683e-12, 1.225317e-12, 4.272555e-12
109.600000, -4.110854e-12, -2.813444e-13, 3.438431e-12, 1.118834e-12
109.700000, -1.050010e-12, -4.206047e-12, 1.080213e-12, 4.103335e-12
109.800000, -3.934569e-12, -1.694332e-13, 3.282501e-12, 9.820890e-13
109.900000, -9.041301e-13, -4.067433e-12, 9.480726e-13, 3.948488e-12
110.000000, -3.770721e-12, -6.799839e-14, 3.137425e-12, 8.570319e-13
110.100000, -7.679788e-13, -3.937473e-12, 8.244359e-13, 3.803187e-12
110.200000, -3.614418e-12, 2.719873e-14, 2.998891e-12, 7.389668e-13
110.300000, -6.367919e-13, -3.812017e-12, 7.050923e-13, 3.662862e-12
110.400000, -3.460982e-12, 1.202199e-13, 2.862777e-12, 6.234430e-13
110.500000, -5.059612e-13, -3.687065e-12, 5.860040e-13, 3.523131e-12
110.600000, -3.305830e-12, 2.150188e-13, 2.725085e-12, 5.060904e-13
110.700000, -3.708943e-13, -3.558672e-12, 4.631768e-13, 3.379603e-12
110.800000, -3.144335e-12, 3.155622e-13, 2.581788e-12, 3.825183e-13
110.900000, -2.269311e-13, -3.422816e-12, 3.325256e-13, 3.227868e-12
111.000000, -2.971789e-12, 4.259348e-13, 2.428734e-12, 2.482441e-13
111.100000, -6.930840e-14, -3.275341e-12, 1.898337e-13, 3.063308e-12
111.200000, -2.783393e-12, 5.503325e-13, 2.261643e-12, 9.853822e-14
111.300000, 1.067428e-13, -3.112070e-12, 3.082584e-14, 2.881215e-12
111.400000, -2.574519e-12, 6.927938e-13, 2.076377e-12, -7.111553e-14
111.500000, 3.055124e-13, -2.929231e-12, -1.483407e-13, 2.677371e-12
111.600000, -2.341399e-12, 8.566735e-13, 1.869523e-12, -2.645195e-13
111.700000, 5.301248e-13, -2.724021e-12, -3.505140e-13, 2.448559e-12
111.800000, -2.081618e-12, 1.044109e-12, 1.638905e-12, -4.841152e-13
111.900000, 7.822319e-13, -2.494995e-12, -5.771436e-13, 2.193181e-12
112.000000, -1.794314e-12, 1.255862e-12, 1.383805e-12, -7.306931e-13
112.100000, 1.061873e-12, -2.242063e-12, -8.282024e-13, 1.911202e-12
112.200000, -1.480311e-12, 1.491314e-12, 1.105007e-12, -1.003533e-12
112.300000, 1.367270e-12, -1.966620e-12, -1.102100e-12, 1.604158e-12
112.400000, -1.142445e-12, 1.748169e-12, 8.050293e-13, -1.300099e-12
112.500000, 1.694455e-12, -1.671962e-12, -1.395250e-12, 1.275790e-12
112.600000, -7.858525e-13, 2.022065e-12, 4.885687e-13, -1.615353e-12
112.700000, 2.037047e-12, -1.363543e-12, -1.701838e-12, 9.323839e-13
112.800000, -4.182412e-13, 2.306450e-12, 1.626090e-13, -1.941819e-12
112.900000, 2.385972e-12, -1.048974e-12, -2.013646e-12, 5.825931e-13
113.000000, -4.998642e-14, 2.592664e-12, -1.634533e-13, -2.269659e-12
113.100000, 2.729686e-12, -7.379095e-13, -2.320289e-12, 2.373036e-13
113.200000, 3.063607e-13, 2.870212e-12, -4.784391e-13, -2.587178e-12
113.300000, 3.054771e-12, -4.415520e-13, -2.609883e-12, -9.107008e-14
113.400000, 6.366252e-13, 3.127149e-12, -7.697793e-13, -2.881098e-12
113.500000, 3.346408e-12, -1.725261e-13, -2.869199e-12, -3.883805e-13
113.600000, 9.255852e-13, 3.350494e-12, -1.023802e-12, -3.136785e-12
113.700000, 3.589426e-12, 5.633907e-14, -3.084636e-12, -6.401944e-13
113.800000, 1.158852e-12, 3.528190e-12, -1.227759e-12, -3.340867e-12
113.900000, 3.770986e-12, 2.344344e-13, -3.245086e-12, -8.350979e-13
114.000000, 1.325973e-12, 3.651550e-12, -1.372633e-12, -3.484025e-12
114.100000, 3.883635e-12, 3.551650e-13, -3.343679e-12, -9.654086e-13
114.200000, 1.422072e-12, 3.716104e-12, -1.453777e-12, -3.560838e-12
114.300000, 3.923976e-12, 4.161037e-13, -3.377990e-12, -1.029101e-12
114.400000, 1.444787e-12, 3.720916e-12, -1.470399e-12, -3.571847e-12
114.500000, 3.891597e-12, 4.173185e-13, -3.348246e-12, -1.026980e-12
114.600000, 1.396259e-12, 3.667376e-12, -1.423973e-12, -3.518059e-12
114.700000, 3.790288e-12, 3.617151e-13, -3.257462e-12, -9.618190e-13
114.800000, 1.281802e-12, 3.559536e-12, -1.319011e-12, -3.403665e-12
114.900000, 3.627531e-12, 2.549436e-13, -3.112080e-12, -8.395663e-13
115.000000, 1.110201e-12, 3.404873e-12, -1.163824e-12, -3.237579e-12
115.100000, 3.412520e-12, 1.053539e-13, -2.921296e-12, -6.707930e-13
115.200000, 8.915620e-13, 3.211948e-12, -9.679289e-13, -3.029995e-12
115.300000, 3.156760e-12, -7.816843e-14, -2.694962e-12, -4.648884e-13
115.400000, 6.390036e-13, 2.990683e-12, -7.421407e-13, -2.790812e-12
115.500000, 2.874012e-12, -2.844760e-13, -2.444983e-12, -2.337556e-13
115.600000, 3.656100e-13, 2.752087e-12, -4.981308e-13, -2.532287e-12
115.700000, 2.576572e-12, -5.042447e-13, -2.181526e-12, 1.321901e-14
115.800000, 8.287864e-14, 2.504373e-12, -2.451388e-13, -2.262293e-12
115.900000, 2.275685e-12, -7.281318e-13, -1.914713e-12, 2.654902e-13
116.000000, -1.979716e-13, 2.258048e-12, 5.867254e-15, -1.993808e-12
116.100000, 1.981742e-12, -9.465417e-13, -1.654483e-12, 5.114474e-13
116.200000, -4.666980e-13, 2.020912e-12, 2.466399e-13, -1.734414e-12
116.300000, 1.705081e-12, -1.152660e-12, -1.408194e-12, 7.458873e-13
116.400000, -7.149093e-13, 1.799392e-12, 4.704246e-13, -1.490395e-12
116.500000, 1.451636e-12, -1.341134e-12, -1.181361e-12, 9.624807e-13
116.600000, -9.387395e-13, 1.597217e-12, 6.730909e-13, -1.266804e-12
116.700000, 1.223472e-12, -1.509247e-12, -9.772465e-13, 1.156382e-12
116.800000, -1.135199e-12, 1.417162e-12, 8.515864e-13, -1.067218e-12
116.900000, 1.025129e-12, -1.653905e-12, -7.988399e-13, 1.325505e-12
117.000000, -1.301675e-12, 1.261462e-12, 1.003882e-12, -8.938003e-13
117.100000, 8.563821e-13, -1.774411e-12, -6.468219e-13, 1.467859e-12
117.200000, -1.438969e-12, 1.130062e-12, 1.129967e-12, -7.474766e-13
117.300000, 7.165146e-13, -1.870805e-12, -5.209149e-13, 1.582961e-12
117.400000, -1.548297e-12, 1.022836e-12, 1.230479e-12, -6.287683e-13
117.500000, 6.038558e-13, -1.943694e-12, -4.202233e-13, 1.670661e-12
117.600000, -1.630984e-12, 9.389785e-13, 1.306100e-12, -5.374341e-13
117.700000, 5.182579e-13, -1.993402e-12, -3.443977e-13, 1.731597e-12
117.800000, -1.687319e-12, 8.782676e-13, 1.357606e-12, -4.726379e-13
117.900000, 4.577265e-13, -2.021231e-12, -2.913471e-13, 1.767477e-12
118.000000, -1.719967e-12, 8.382997e-13, 1.388163e-12, -4.308200e-13
118.100000, 4.192543e-13, -2.029926e-12, -2.576088e-13, 1.782257e-12
118.200000, -1.732811e-12, 8.160700e-13, 1.401173e-12, -4.087969e-13
118.300000, 3.992259e-13, -2.022379e-12, -2.402680e-13, 1.778724e-12
118.400000, -1.728790e-12, 8.092386e-13, 1.398982e-12, -4.043230e-13
118.500000, 3.943955e-13, -2.001163e-12, -2.367877e-13, 1.759280e-12
118.600000, -1.710950e-12, 8.144315e-13, 1.384685e-12, -4.131393e-13
118.700000, 4.026597e-13, -1.969333e-12, -2.443424e-13, 1.728598e-12
118.800000, -1.681802e-12, 8.292673e-13, 1.360688e-12, -4.323409e-13
118.900000, 4.207900e-13, -1.929592e-12, -2.601294e-13, 1.689588e-12
119.000000, -1.643614e-12, 8.509551e-13, 1.329701e-12, -4.579344e-13
119.100000, 4.468246e-13, -1.884160e-12, -2.822464e-13, 1.644946e-12
119.200000, -1.599887e-12, 8.776714e-13, 1.293216e-12, -4.899624e-13
119.300000, 4.770513e-13, -1.834761e-12, -3.091987e-13, 1.594288e-12
119.400000, -1.553465e-12, 9.071886e-13, 1.253170e-12, -5.266718e-13
119.500000, 5.084017e-13, -1.784384e-12, -3.382898e-13, 1.540933e-12
119.600000, -1.506243e-12, 9.373116e-13, 1.211763e-12, -5.649286e-13
119.700000, 5.409972e-13, -1.733419e-12, -3.687440e-13, 1.486455e-12
119.800000, -1.458817e-12, 9.672181e-13, 1.170140e-12, -6.030554e-13
119.900000, 5.734823e-13, -1.684008e-12, -3.983751e-13, 1.434491e-12
120.000000, -1.412054e-12, 9.952441e-13, 1.129941e-12, -6.380497e-13
120.100000, 6.036056e-13, -1.637915e-12, -4.256157e-13, 1.386505e-12
120.200000, -1.369138e-12, 1.018878e-12, 1.093382e-12, -6.678544e-13
120.300000, 6.294586e-13, -1.596490e-12, -4.490309e-13, 1.343657e-12
120.400000, -1.330940e-12, 1.038268e-12, 1.060659e-12, -6.934321e-13
120.500000, 6.510421e-13, -1.559233e-12, -4.688179e-13, 1.305106e-12
120.600000, -1.296534e-12, 1.054048e-12, 1.031525e-12, -7.147565e-13
120.700000, 6.692296e-13, -1.525834e-12, -4.849705e-13, 1.271516e-12
120.800000, -1.265670e-12, 1.065978e-12, 1.006119e-12, -7.310875e-13
120.900000, 6.837698e-13, -1.496302e-12, -4.977465e-13, 1.242287e-12
121.000000, -1.238993e-12, 1.074103e-12, 9.842420e-13, -7.434421e-13
121.100000, 6.935934e-13, -1.471017e-12, -5.068250e-13, 1.217059e-12
121.200000, -1.218016e-12, 1.077957e-12, 9.663845e-13, -7.524057e-13
121.300000, 6.979356e-13, -1.449986e-12, -5.121360e-13, 1.195059e-12
121.400000, -1.201374e-12, 1.078387e-12, 9.518203e-13, -7.582637e-13
121.500000, 6.994912e-13, -1.431968e-12, -5.146722e-13, 1.176728e-12
121.600000, -1.186928e-12, 1.076131e-12, 9.400155e-13, -7.600752e-13
121.700000, 6.983526e-13, -1.416999e-12, -5.143688e-13, 1.162304e-12
121.800000, -1.175671e-12, 1.070976e-12, 9.311209e-13, -7.585357e-13
121.900000, 6.946685e-13, -1.404870e-12, -5.114652e-13, 1.151440e-12
122.000000, -1.166934e-12, 1.063315e-12, 9.246754e-13, -7.538864e-13
122.100000, 6.887131e-13, -1.395086e-12, -5.066719e-13, 1.143000e-12
122.200000, -1.160029e-12, 1.053877e-12, 9.197734e-13, -7.472942e-13
122.300000, 6.814842e-13, -1.386876e-12, -5.006596e-13, 1.136431e-12
122.400000, -1.154080e-12, 1.043534e-12, 9.157673e-13, -7.395542e-13
122.500000, 6.735777e-13, -1.379230e-12, -4.943703e-13, 1.130064e-12
122.600000, -1.149253e-12, 1.032732e-12, 9.120512e-13, -7.321318e-13
122.700000, 6.648293e-13, -1.372387e-12, -4.877892e-13, 1.124052e-12
122.800000, -1.144744e-12, 1.021503e-12, 9.083573e-13, -7.244000e-13
122.900000, 6.564295e-13, -1.366030e-12, -4.815467e-13, 1.118678e-12
123.000000, -1.139455e-12, 1.009940e-12, 9.043455e-13, -7.155811e-13
123.100000, 6.491939e-13, -1.359859e-12, -4.759455e-13, 1.114156e-12
123.200000, -1.133182e-12, 9.984700e-13, 8.996379e-13, -7.064349e-13
123.300000, 6.425724e-13, -1.354040e-12, -4.709913e-13, 1.110047e-12
123.400000, -1.127039e-12, 9.866081e-13, 8.944555e-13, -6.973791e-13
123.500000, 6.365378e-13, -1.348454e-12, -4.668631e-13, 1.105968e-12
123.600000, -1.119281e-12, 9.750940e-13, 8.881372e-13, -6.880754e-13
123.700000, 6.321872e-13, -1.342607e-12, -4.639427e-13, 1.102140e-12
123.800000, -1.110270e-12, 9.640276e-13, 8.807301e-13, -6.790167e-13
123.900000, 6.293734e-13, -1.336113e-12, -4.624952e-13, 1.097593e-12
124.000000, -1.099357e-12, 9.539611e-13, 8.717736e-13, -6.706718e-13
124.100000, 6.284423e-13, -1.328859e-12, -4.625130e-13, 1.092620e-12
124.200000, -1.087220e-12, 9.446677e-13, 8.615751e-13, -6.631696e-13
124.300000, 6.287856e-13, -1.321226e-12, -4.637133e-13, 1.087308e-12
124.400000, -1.074255e-12, 9.355238e-13, 8.505710e-13, -6.557212e-13
124.500000, 6.297923e-13, -1.313614e-12, -4.656348e-13, 1.081954e-12
124.600000, -1.059968e-12, 9.269551e-13, 8.386917e-13, -6.483752e-13
124.700000, 6.327724e-13, -1.305385e-12, -4.685512e-13, 1.076968e-12
124.800000, -1.044321e-12, 9.189416e-13, 8.261543e-13, -6.408024e-13
124.900000, 6.367193e-13, -1.296691e-12, -4.722004e-13, 1.071677e-12
125.000000, -1.027831e-12, 9.117387e-13, 8.127841e-13, -6.341431e-13
125.100000, 6.410666e-13, -1.287398e-12, -4.765838e-13, 1.065224e-12
125.200000, -1.011660e-12, 9.050054e-13, 7.992118e-13, -6.286070e-13
125.300000, 6.455151e-13, -1.277684e-12, -4.811272e-13, 1.058156e-12
125.400000, -9.952478e-13, 8.990801e-13, 7.854834e-13, -6.239092e-13
125.500000, 6.498664e-13, -1.267127e-12, -4.859273e-13, 1.049588e-12
125.600000, -9.791323e-13, 8.944140e-13, 7.714490e-13, -6.214374e-13
125.700000, 6.542802e-13, -1.255498e-12, -4.909513e-13, 1.039449e-12
125.800000, -9.632088e-13, 8.905475e-13, 7.576675e-13, -6.198495e-13
125.900000, 6.582172e-13, -1.243342e-12, -4.955889e-13, 1.028486e-12
126.000000, -9.478515e-13, 8.874284e-13, 7.443951e-13, -6.192275e-13
126.100000, 6.619441e-13, -1.230388e-12, -4.997813e-13, 1.016746e-12
126.200000, -9.326122e-13, 8.854353e-13, 7.316967e-13, -6.194551e-13
126.300000, 6.655501e-13, -1.216449e-12, -5.032701e-13, 1.004380e-12
126.400000, -9.178140e-13, 8.845339e-13, 7.198218e-13, -6.205858e-13
126.500000, 6.686930e-13, -1.201370e-12, -5.062252e-13, 9.905956e-13
126.600000, -9.037566e-13, 8.850427e-13, 7.083949e-13, -6.237931e-13
126.700000, 6.710025e-13, -1.185265e-12, -5.086001e-13, 9.751921e-13
126.800000, -8.905511e-13, 8.864145e-13, 6.977910e-13, -6.280676e-13
126.900000, 6.724625e-13, -1.168397e-12, -5.103541e-13, 9.585127e-13
127.000000, -8.785093e-13, 8.885033e-13, 6.879279e-13, -6.337015e-13
127.100000, 6.730606e-13, -1.151171e-12, -5.112674e-13, 9.413146e-13
127.200000, -8.671610e-13, 8.912320e-13, 6.787854e-13, -6.400552e-13
127.300000, 6.729071e-13, -1.133363e-12, -5.117041e-13, 9.230301e-13
127.400000, -8.568418e-13, 8.944278e-13, 6.702540e-13, -6.474276e-13
127.500000, 6.719808e-13, -1.115382e-12, -5.115883e-13, 9.042518e-13
127.600000, -8.473392e-13, 8.978040e-13, 6.622900e-13, -6.552436e-13
127.700000, 6.703702e-13, -1.097203e-12, -5.112082e-13, 8.847282e-13
127.800000, -8.378318e-13, 9.019158e-13, 6.542368e-13, -6.640007e-13
127.900000, 6.694589e-13, -1.078351e-12, -5.110941e-13, 8.648630e-13
128.000000, -8.278650e-13, 9.065344e-13, 6.461030e-13, -6.728679e-13
128.100000, 6.689096e-13, -1.059313e-12, -5.111322e-13, 8.450123e-13
128.200000, -8.178480e-13, 9.110320e-13, 6.380590e-13, -6.813393e-13
128.300000, 6.682149e-13, -1.041046e-12, -5.108313e-13, 8.263480e-13
128.400000, -8.081583e-13, 9.148168e-13, 6.303449e-13, -6.888331e-13
128.500000, 6.670625e-13, -1.023491e-12, -5.104849e-13, 8.080967e-13
128.600000, -7.989883e-13, 9.179245e-13, 6.227173e-13, -6.959009e-13
128.700000, 6.659070e-13, -1.006882e-12, -5.100208e-13, 7.911734e-13
128.800000, -7.894108e-13, 9.202260e-13, 6.152240e-13, -7.012368e-13
128.900000, 6.653876e-13, -9.910899e-13, -5.096261e-13, 7.759389e-13
129.000000, -7.795813e-13, 9.216465e-13, 6.077893e-13, -7.050262e-13
129.100000, 6.649171e-13, -9.765297e-13, -5.091315e-13, 7.624224e-13
129.200000, -7.700716e-13, 9.218813e-13, 6.004669e-13, -7.074952e-13
129.300000, 6.640753e-13, -9.633372e-13, -5.085715e-13, 7.502574e-13
129.400000, -7.608177e-13, 9.207798e-13, 5.933790e-13, -7.082436e-13
129.500000, 6.633410e-13, -9.514688e-13, -5.078856e-13, 7.400173e-13
129.600000, -7.514633e-13, 9.186906e-13, 5.863021e-13, -7.075588e-13
129.700000, 6.627141e-13, -9.405608e-13, -5.073666e-13, 7.308901e-13
129.800000, -7.419586e-13, 9.158111e-13, 5.791290e-13, -7.057752e-13
129.900000, 6.621913e-13, -9.305243e-13, -5.069056e-13, 7.228772e-13
130.000000, -7.328261e-13, 9.121028e-13, 5.720373e-13, -7.032447e-13
130.100000, 6.612327e-13, -9.215448e-13, -5.063742e-13, 7.157346e-13
130.200000, -7.241977e-13, 9.075058e-13, 5.650470e-13, -7.000270e-13
130.300000, 6.597932e-13, -9.134087e-13, -5.058042e-13, 7.090996e-13
130.400000, -7.160752e-13, 9.021667e-13, 5.582751e-13, -6.961802e-13
130.500000, 6.582209e-13, -9.060860e-13, -5.050379e-13, 7.035110e-13
130.600000, -7.079663e-13, 8.962339e-13, 5.516951e-13, -6.913615e-13
130.700000, 6.566022e-13, -8.993591e-13, -5.041820e-13, 6.986647e-13
130.800000, -7.000692e-13, 8.899624e-13, 5.451617e-13, -6.862902e-13
130.900000, 6.548480e-13, -8.930288e-13, -5.033351e-13, 6.940957e-13
131.000000, -6.924598e-13, 8.833324e-13, 5.388109e-13, -6.808806e-13
131.100000, 6.528743e-13, -8.871318e-13, -5.023035e-13, 6.899614e-13
131.200000, -6.851342e-13, 8.764800e-13, 5.326686e-13, -6.752723e-13
131.300000, 6.505918e-13, -8.813410e-13, -5.012283e-13, 6.855979e-13
131.400000, -6.781199e-13, 8.697251e-13, 5.265861e-13, -6.700653e-13
131.500000, 6.482540e-13, -8.757179e-13, -4.999945e-13, 6.815030e-13
131.600000, -6.711840e-13, 8.628114e-13, 5.207890e-13, -6.644110e-13
131.700000, 6.458640e-13, -8.702891e-13, -4.985965e-13, 6.777211e-13
131.800000, -6.644381e-13, 8.557992e-13, 5.152279e-13, -6.585714e-13
131.900000, 6.433950e-13, -8.650456e-13, -4.969795e-13, 6.742754e-13
132.000000, -6.576686e-13, 8.488316e-13, 5.098775e-13, -6.525029e-13
132.100000, 6.408532e-13, -8.598167e-13, -4.951943e-13, 6.709033e-13
132.200000, -6.513225e-13, 8.419063e-13, 5.048222e-13, -6.466279e-13
132.300000, 6.380947e-13, -8.545545e-13, -4.932116e-13, 6.674112e-13
132.400000, -6.451993e-13, 8.351805e-13, 4.999628e-13, -6.410205e-13
132.500000, 6.351251e-13, -8.491413e-13, -4.911272e-13, 6.635522e-13
132.600000, -6.392131e-13, 8.288079e-13, 4.951538e-13, -6.359363e-13
132.700000, 6.321468e-13, -8.434605e-13, -4.890431e-13, 6.593055e-13
132.800000, -6.334313e-13, 8.226701e-13, 4.905255e-13, -6.311501e-13
132.900000, 6.289067e-13, -8.376780e-13, -4.868020e-13, 6.547681e-13
133.000000, -6.280090e-13, 8.167574e-13, 4.860738e-13, -6.268361e-13
133.100000, 6.254264e-13, -8.317788e-13, -4.843999e-13, 6.499511e-13
133.200000, -6.228974e-13, 8.110711e-13, 4.818283e-13, -6.228999e-13
133.300000, 6.216681e-13, -8.256926e-13, -4.819072e-13, 6.446519e-13
133.400000, -6.180906e-13, 8.056582e-13, 4.777087e-13, -6.194796e-13
133.500000, 6.176860e-13, -8.194718e-13, -4.792788e-13, 6.390495e-13
133.600000, -6.136065e-13, 8.004147e-13, 4.738532e-13, -6.163085e-13
133.700000, 6.134730e-13, -8.131776e-13, -4.764211e-13, 6.333276e-13
133.800000, -6.092601e-13, 7.953917e-13, 4.702008e-13, -6.133012e-13
133.900000, 6.093175e-13, -8.067644e-13, -4.734513e-13, 6.276240e-13
134.000000, -6.048237e-13, 7.905410e-13, 4.666830e-13, -6.102175e-13
134.100000, 6.053090e-13, -8.002689e-13, -4.704503e-13, 6.219970e-13
134.200000, -6.006081e-13, 7.857611e-13, 4.632805e-13, -6.073086e-13
134.300000, 6.010078e-13, -7.938920e-13, -4.673206e-13, 6.163085e-13
134.400000, -5.965169e-13, 7.809802e-13, 4.599918e-13, -6.043645e-13
134.500000, 5.968338e-13, -7.875830e-13, -4.641975e-13, 6.108335e-13
134.600000, -5.924029e-13, 7.760953e-13, 4.568073e-13, -6.010954e-13
134.700000, 5.926636e-13, -7.815638e-13, -4.609676e-13, 6.058404e-13
134.800000, -5.882249e-13, 7.710439e-13, 4.536793e-13, -5.974246e-13
134.900000, 5.887532e-13, -7.756728e-13, -4.578843e-13, 6.011367e-13
135.000000, -5.839480e-13, 7.659401e-13, 4.504425e-13, -5.936408e-13
135.100000, 5.847596e-13, -7.701072e-13, -4.548088e-13, 5.967363e-13
135.200000, -5.799640e-13, 7.604775e-13, 4.473199e-13, -5.895590e-13
135.300000, 5.806774e-13, -7.649508e-13, -4.517062e-13, 5.927722e-13
135.400000, -5.760043e-13, 7.547319e-13, 4.442487e-13, -5.850395e-13
135.500000, 5.765295e-13, -7.601822e-13, -4.485359e-13, 5.892908e-13
135.600000, -5.721287e-13, 7.487494e-13, 4.412860e-13, -5.801413e-13
135.700000, 5.725192e-13, -7.555716e-13, -4.454059e-13, 5.861202e-13
135.800000, -5.681102e-13, 7.427759e-13, 4.382567e-13, -5.751085e-13
135.900000, 5.687042e-13, -7.509666e-13, -4.424265e-13, 5.830108e-13
136.000000, -5.639950e-13, 7.369098e-13, 4.351241e-13, -5.701610e-13
136.100000, 5.650030e-13, -7.464230e-13, -4.394862e-13, 5.800644e-13
136.200000, -5.598293e-13, 7.310005e-13, 4.320979e-13, -5.649227e-13
136.300000, 5.613895e-13, -7.418913e-13, -4.365032e-13, 5.772824e-13
136.400000, -5.557117e-13, 7.252588e-13, 4.291287e-13, -5.598372e-13
136.500000, 5.577633e-13, -7.372590e-13, -4.334992e-13, 5.743725e-13
136.600000, -5.516124e-13, 7.196986e-13, 4.262426e-13, -5.548605e-13
136.700000, 5.541377e-13, -7.325522e-13, -4.304046e-13, 5.714645e-13
136.800000, -5.477591e-13, 7.142576e-13, 4.235354e-13, -5.500715e-13
136.900000, 5.502141e-13, -7.277866e-13, -4.271698e-13, 5.682834e-13
137.000000, -5.442079e-13, 7.090075e-13, 4.209718e-13, -5.456696e-13
137.100000, 5.460906e-13, -7.228179e-13, -4.238935e-13, 5.646469e-13
137.200000, -5.408560e-13, 7.040783e-13, 4.184793e-13, -5.417841e-13
137.300000, 5.418868e-13, -7.176214e-13, -4.205584e-13, 5.606802e-13
137.400000, -5.376591e-13, 6.994084e-13, 4.161190e-13, -5.382201e-13
137.500000, 5.375165e-13, -7.123102e-13, -4.170911e-13, 5.565061e-13
137.600000, -5.346527e-13, 6.949229e-13, 4.139234e-13, -5.348908e-13
137.700000, 5.330040e-13, -7.068328e-13, -4.135443e-13, 5.520232e-13
137.800000, -5.318980e-13, 6.906725e-13, 4.118632e-13, -5.319700e-13
137.900000, 5.283434e-13, -7.012561e-13, -4.098601e-13, 5.473729e-13
138.000000, -5.293632e-13, 6.865460e-13, 4.099902e-13, -5.292231e-13
138.100000, 5.234989e-13, -6.956381e-13, -4.060486e-13, 5.425743e-13
138.200000, -5.269318e-13, 6.825699e-13, 4.082415e-13, -5.266208e-13
138.300000, 5.187067e-13, -6.899045e-13, -4.021951e-13, 5.377099e-13
138.400000, -5.245235e-13, 6.787336e-13, 4.065805e-13, -5.241007e-13
138.500000, 5.139251e-13, -6.841271e-13, -3.983086e-13, 5.328090e-13
138.600000, -5.221563e-13, 6.750096e-13, 4.049705e-13, -5.216935e-13
138.700000, 5.091142e-13, -6.783752e-13, -3.943757e-13, 5.279262e-13
138.800000, -5.198533e-13, 6.712822e-13, 4.034641e-13, -5.192218e-13
138.900000, 5.043229e-13, -6.727250e-13, -3.903730e-13, 5.232404e-13
139.000000, -5.176137e-13, 6.674779e-13, 4.020832e-13, -5.165683e-13
139.100000, 4.994906e-13, -6.672294e-13, -3.863069e-13, 5.187381e-13
139.200000, -5.154286e-13, 6.636332e-13, 4.007272e-13, -5.138872e-13
139.300000, 4.947560e-13, -6.618094e-13, -3.823249e-13, 5.143113e-13
139.400000, -5.130913e-13, 6.597928e-13, 3.992853e-13, -5.111215e-13
139.500000, 4.902256e-13, -6.564680e-13, -3.784657e-13, 5.100438e-13
139.600000, -5.106948e-13, 6.558751e-13, 3.978003e-13, -5.082275e-13
139.700000, 4.857368e-13, -6.513058e-13, -3.746812e-13, 5.059280e-13
139.800000, -5.082884e-13, 6.518790e-13, 3.962247e-13, -5.053173e-13
139.900000, 4.813429e-13, -6.462414e-13, -3.710794e-13, 5.017987e-13
140.000000, -5.058286e-13, 6.478632e-13, 3.944830e-13, -5.025010e-13
140.100000, 4.770447e-13, -6.412872e-13, -3.676729e-13, 4.976575e-13
140.200000, -5.033582e-13, 6.437612e-13, 3.926116e-13, -4.997039e-13
140.300000, 4.728417e-13, -6.364784e-13, -3.644337e-13, 4.935821e-13
140.400000, -5.007194e-13, 6.396373e-13, 3.905668e-13, -4.968715e-13
140.500000, 4.688860e-13, -6.317632e-13, -3.614011e-13, 4.896394e-13
140.600000, -4.979017e-13, 6.354232e-13, 3.883946e-13, -4.938537e-13
140.700000, 4.651583e-13, -6.272213e-13, -3.585205e-13, 4.859711e-13
140.800000, -4.949114e-13, 6.311110e-13, 3.860952e-13, -4.906462e-13
140.900000, 4.616292e-13, -6.228191e-13, -3.558177e-13, 4.824726e-13
141.000000, -4.917752e-13, 6.267471e-13, 3.836376e-13, -4.873735e-13
141.100000, 4.583210e-13, -6.185404e-13, -3.532911e-13, 4.791512e-13
141.200000, -4.884283e-13, 6.223065e-13, 3.810701e-13, -4.838732e-13
141.300000, 4.552859e-13, -6.143810e-13, -3.509148e-13, 4.760952e-13
141.400000, -4.848639e-13, 6.178322e-13, 3.783685e-13, -4.802163e-13
141.500000, 4.524783e-13, -6.103105e-13, -3.487114e-13, 4.731886e-13
141.600000, -4.811600e-13, 6.133324e-13, 3.755338e-13, -4.765023e-13
141.700000, 4.498160e-13, -6.063337e-13, -3.466622e-13, 4.703650e-13
141.800000, -4.773663e-13, 6.087995e-13, 3.725856e-13, -4.727560e-13
141.900000, 4.473092e-13, -6.024506e-13, -3.447490e-13, 4.676576e-13
142.000000, -4.734734e-13, 6.042065e-13, 3.695779e-13, -4.688703e-13
142.100000, 4.448877e-13, -5.987045e-13, -3.428903e-13, 4.651342e-13
142.200000, -4.695834e-13, 5.995545e-13, 3.665594e-13, -4.649087e-13
142.300000, 4.425091e-13, -5.950387e-13, -3.410834e-13, 4.626774e-13
142.400000, -4.656902e-13, 5.949104e-13, 3.635217e-13, -4.609576e-13
142.500000, 4.401403e-13, -5.914164e-13, -3.393152e-13, 4.602192e-13
142.600000, -4.618705e-13, 5.903035e-13, 3.604783e-13, -4.571269e-13
142.700000, 4.377507e-13, -5.877850e-13, -3.375871e-13, 4.576562e-13
142.800000, -4.581007e-13, 5.857682e-13, 3.574542e-13, -4.534046e-13
142.900000, 4.353292e-13, -5.841423e-13, -3.358421e-13, 4.550368e-13
143.000000, -4.544282e-13, 5.813124e-13, 3.544900e-13, -4.498103e-13
143.100000, 4.328495e-13, -5.804653e-13, -3.340737e-13, 4.523103e-13
143.200000, -4.508550e-13, 5.769529e-13, 3.515798e-13, -4.463736e-13
143.300000, 4.303097e-13, -5.767552e-13, -3.322718e-13, 4.494865e-13
143.400000, -4.473841e-13, 5.726781e-13, 3.487468e-13, -4.430574e-13
143.500000, 4.277306e-13, -5.730029e-13, -3.304257e-13, 4.465922e-13
143.600000, -4.439567e-13, 5.685287e-13, 3.459777e-13, -4.398590e-13
143.700000, 4.251612e-13, -5.691678e-13, -3.285543e-13, 4.436120e-13
143.800000, -4.405960e-13, 5.645073e-13, 3.432718e-13, -4.368096e-13
143.900000, 4.225239e-13, -5.652833e-13, -3.266345e-13, 4.405243e-13
144.000000, -4.373500e-13, 5.605691e-13, 3.406605e-13, -4.338716e-13
144.100000, 4.198357e-13, -5.613745e-13, -3.246578e-13, 4.373918e-13
144.200000, -4.341750e-13, 5.567122e-13, 3.381179e-13, -4.310214e-13
144.300000, 4.171267e-13, -5.574414e-13, -3.226541e-13, 4.342155e-13
144.400000, -4.310550e-13, 5.529310e-13, 3.356274e-13, -4.282517e-13
144.500000, 4.144144e-13, -5.534947e-13, -3.206305e-13, 4.310224e-13
144.600000, -4.279607e-13, 5.492140e-13, 3.331792e-13, -4.255250e-13
144.700000, 4.117242e-13, -5.495343e-13, -3.186095e-13, 4.278163e-13
144.800000, -4.248785e-13, 5.455556e-13, 3.307527e-13, -4.228423e-13
144.900000, 4.090601e-13, -5.455817e-13, -3.165962e-13, 4.246231e-13
145.000000, -4.218160e-13, 5.419319e-13, 3.283492e-13, -4.201798e-13
145.100000, 4.064177e-13, -5.416539e-13, -3.145879e-13, 4.214640e-13
145.200000, -4.187698e-13, 5.383283e-13, 3.259751e-13, -4.175077e-13
145.300000, 4.037838e-13, -5.377663e-13, -3.125747e-13, 4.183546e-13
145.400000, -4.157584e-13, 5.347362e-13, 3.236286e-13, -4.148389e-13
145.500000, 4.011627e-13, -5.339160e-13, -3.105750e-13, 4.152753e-13
145.600000, -4.127711e-13, 5.311519e-13, 3.212954e-13, -4.121724e-13
145.700000, 3.985567e-13, -5.301160e-13, -3.085903e-13, 4.122435e-13
145.800000, -4.097970e-13, 5.275682e-13, 3.189722e-13, -4.094910e-13
145.900000, 3.959802e-13, -5.263625e-13, -3.066278e-13, 4.092633e-13
146.000000, -4.068358e-13, 5.239869e-13, 3.166586e-13, -4.067960e-13
146.100000, 3.934249e-13, -5.226605e-13, -3.046776e-13, 4.063433e-13
146.200000, -4.038832e-13, 5.204080e-13, 3.143605e-13, -4.040765e-13
146.300000, 3.908973e-13, -5.190007e-13, -3.027422e-13, 4.034765e-13
146.400000, -4.009448e-13, 5.168405e-13, 3.120733e-13, -4.013557e-13
146.500000, 3.883932e-13, -5.153759e-13, -3.008279e-13, 4.006418e-13
146.600000, -3.980230e-13, 5.132861e-13, 3.097936e-13, -3.986418e-13
146.700000, 3.859037e-13, -5.117871e-13, -2.989312e-13, 3.978355e-13
146.800000, -3.951173e-13, 5.097458e-13, 3.075248e-13, -3.959313e-13
146.900000, 3.834482e-13, -5.082305e-13, -2.970515e-13, 3.950759e-13
147.000000, -3.922068e-13, 5.062250e-13, 3.052638e-13, -3.932105e-13
147.100000, 3.810274e-13, -5.046988e-13, -2.951939e-13, 3.923494e-13
147.200000, -3.893018e-13, 5.027301e-13, 3.030071e-13, -3.905034e-13
147.300000, 3.786291e-13, -5.011892e-13, -2.933559e-13, 3.896413e-13
147.400000, -3.864210e-13, 4.992557e-13, 3.007640e-13, -3.878138e-13
147.500000, 3.762406e-13, -4.977039e-13, -2.915314e-13, 3.869474e-13
147.600000, -3.835625e-13, 4.958123e-13, 2.985295e-13, -3.851585e-13
147.700000, 3.738614e-13, -4.942338e-13, -2.897220e-13, 3.842537e-13
147.800000, -3.807250e-13, 4.923980e-13, 2.963109e-13, -3.825256e-13
147.900000, 3.715087e-13, -4.907807e-13, -2.879224e-13, 3.815890e-13
148.000000, -3.778945e-13, 4.890101e-13, 2.941115e-13, -3.798914e-13
148.100000, 3.691715e-13, -4.873488e-13, -2.861272e-13, 3.789518e-13
148.200000, -3.750879e-13, 4.856496e-13, 2.919311e-13, -3.772775e-13
148.300000, 3.668409e-13, -4.839351e-13, -2.843400e-13, 3.763244e-13
148.400000, -3.723131e-13, 4.823134e-13, 2.897716e-13, -3.746872e-13
148.500000, 3.645099e-13, -4.805423e-13, -2.825547e-13, 3.737083e-13
148.600000, -3.695737e-13, 4.790038e-13, 2.876362e-13, -3.721247e-13
148.700000, 3.621766e-13, -4.771656e-13, -2.807711e-13, 3.710954e-13
148.800000, -3.668693e-13, 4.757220e-13, 2.855253e-13, -3.695910e-13
148.900000, 3.598421e-13, -4.738078e-13, -2.789865e-13, 3.684932e-13
149.000000, -3.641993e-13, 4.724648e-13, 2.834412e-13, -3.670795e-13
149.100000, 3.575029e-13, -4.704700e-13, -2.771997e-13, 3.659003e-13
149.200000, -3.615676e-13, 4.692295e-13, 2.813846e-13, -3.645909e-13
149.300000, 3.551596e-13, -4.671546e-13, -2.754110e-13, 3.633197e-13
149.400000, -3.589714e-13, 4.660157e-13, 2.793543e-13, -3.621232e-13
149.500000, 3.528142e-13, -4.638594e-13, -2.736207e-13, 3.607506e-13
149.600000, -3.564057e-13, 4.628257e-13, 2.773500e-13, -3.596744e-13
149.700000, 3.504728e-13, -4.605834e-13, -2.718288e-13, 3.581982e-13
149.800000, -3.538681e-13, 4.596595e-13, 2.753706e-13, -3.572436e-13
149.900000, 3.481322e-13, -4.573265e-13, -2.700367e-13, 3.556573e-13
150.000000, -3.513617e-13, 4.565152e-13, 2.734159e-13, -3.548327e-13
150.100000, 3.457936e-13, -4.540909e-13, -2.682438e-13, 3.531322e-13
150.200000, -3.488845e-13, 4.533916e-13, 2.714844e-13, -3.524398e-13
150.300000, 3.434571e-13, -4.508757e-13, -2.664537e-13, 3.506179e-13
150.400000, -3.464348e-13, 4.502888e-13, 2.695731e-13, -3.500669e-13
150.500000, 3.411234e-13, -4.476825e-13, -2.646662e-13, 3.481172e-13
150.600000, -3.440117e-13, 4.472037e-13, 2.676828e-13, -3.477084e-13
150.700000, 3.387979e-13, -4.445132e-13, -2.628823e-13, 3.456375e-13
150.800000, -3.416096e-13, 4.441355e-13, 2.658110e-13, -3.453600e-13
150.900000, 3.364817e-13, -4.413673e-13, -2.611040e-13, 3.431779e-13
151.000000, -3.392268e-13, 4.410849e-13, 2.639561e-13, -3.430226e-13
151.100000, 3.341760e-13, -4.382452e-13, -2.593312e-13, 3.407397e-13
151.200000, -3.368643e-13, 4.380489e-13, 2.621196e-13, -3.406921e-13
151.300000, 3.318802e-13, -4.351484e-13, -2.575631e-13, 3.383251e-13
151.400000, -3.345206e-13, 4.350287e-13, 2.602995e-13, -3.383708e-13
151.500000, 3.295959e-13, -4.320751e-13, -2.558026e-13, 3.359303e-13
151.600000, -3.321944e-13, 4.320242e-13, 2.584937e-13, -3.360603e-13
151.700000, 3.273246e-13, -4.290252e-13, -2.540512e-13, 3.335552e-13
151.800000, -3.298828e-13, 4.290359e-13, 2.567002e-13, -3.337598e-13
151.900000, 3.250673e-13, -4.259981e-13, -2.523100e-13, 3.311991e-13
152.000000, -3.275871e-13, 4.260631e-13, 2.549183e-13, -3.314709e-13
152.100000, 3.228235e-13, -4.229943e-13, -2.505796e-13, 3.288612e-13
152.200000, -3.253056e-13, 4.231058e-13, 2.531475e-13, -3.291926e-13
152.300000, 3.205942e-13, -4.200128e-13, -2.488604e-13, 3.265418e-13
152.400000, -3.230385e-13, 4.201643e-13, 2.513872e-13, -3.269261e-13
152.500000, 3.183782e-13, -4.170541e-13, -2.471518e-13, 3.242400e-13
152.600000, -3.207855e-13, 4.172376e-13, 2.496380e-13, -3.246694e-13
152.700000, 3.161775e-13, -4.141180e-13, -2.454537e-13, 3.219588e-13
152.800000, -3.185449e-13, 4.143261e-13, 2.478997e-13, -3.224209e-13
152.900000, 3.139927e-13, -4.112034e-13, -2.437666e-13, 3.196967e-13
153.000000, -3.163154e-13, 4.114311e-13, 2.461709e-13, -3.201830e-13
153.100000, 3.118244e-13, -4.083089e-13, -2.420916e-13, 3.174517e-13
153.200000, -3.140972e-13, 4.085530e-13, 2.444510e-13, -3.179567e-13
153.300000, 3.096721e-13, -4.054342e-13, -2.404286e-13, 3.152233e-13
153.400000, -3.118902e-13, 4.056911e-13, 2.427403e-13, -3.157409e-13
153.500000, 3.075354e-13, -4.025803e-13, -2.387767e-13, 3.130132e-13
153.600000, -3.096954e-13, 4.028447e-13, 2.410394e-13, -3.135349e-13
153.700000, 3.054130e-13, -3.997469e-13, -2.371357e-13, 3.108204e-13
153.800000, -3.075132e-13, 4.000137e-13, 2.393483e-13, -3.113394e-13
153.900000, 3.033045e-13, -3.969336e-13, -2.355054e-13, 3.086442e-13
154.000000, -3.053440e-13, 3.971982e-13, 2.376668e-13, -3.091549e-13
154.100000, 3.012094e-13, -3.941404e-13, -2.338857e-13, 3.064841e-13
154.200000, -3.031878e-13, 3.943983e-13, 2.359949e-13, -3.069817e-13
154.300000, 2.991270e-13, -3.913665e-13, -2.322766e-13, 3.043391e-13
154.400000, -3.010453e-13, 3.916142e-13, 2.343327e-13, -3.048207e-13
154.500000, 2.970575e-13, -3.886113e-13, -2.306776e-13, 3.022089e-13
154.600000, -2.989158e-13, 3.888464e-13, 2.326802e-13, -3.026717e-13
154.700000, 2.950002e-13, -3.858744e-13, -2.290886e-13, 3.000927e-13
154.800000, -2.967999e-13, 3.860950e-13, 2.310376e-13, -3.005353e-13
154.900000, 2.929551e-13, -3.831550e-13, -2.275093e-13, 2.979900e-13
155.000000, -2.946975e-13, 3.833603e-13, 2.294051e-13, -2.984119e-13
155.100000, 2.909214e-13, -3.804527e-13, -2.259392e-13, 2.959003e-13
155.200000, -2.926093e-13, 3.806425e-13, 2.277830e-13, -2.963016e-13
155.300000, 2.888987e-13, -3.777673e-13, -2.243778e-13, 2.938232e-13
155.400000, -2.905352e-13, 3.779415e-13, 2.261715e-13, -2.942046e-13
155.500000, 2.868868e-13, -3.750985e-13, -2.228248e-13, 2.917586e-13
155.600000, -2.884752e-13, 3.752573e-13, 2.245708e-13, -2.921205e-13
155.700000, 2.848858e-13, -3.724459e-13, -2.212801e-13, 2.897065e-13
155.800000, -2.864289e-13, 3.725900e-13, 2.229807e-13, -2.900496e-13
155.900000, 2.828955e-13, -3.698091e-13, -2.197437e-13, 2.876661e-13
156.000000, -2.843964e-13, 3.699397e-13, 2.214011e-13, -2.879922e-13
156.100000, 2.809157e-13, -3.671879e-13, -2.182153e-13, 2.856372e-13
156.200000, -2.823778e-13, 3.673062e-13, 2.198322e-13, -2.859483e-13
156.300000, 2.789461e-13, -3.645823e-13, -2.166948e-13, 2.836197e-13
156.400000, -2.803729e-13, 3.646894e-13, 2.182739e-13, -2.839176e-13
156.500000, 2.769870e-13, -3.619921e-13, -2.151821e-13, 2.816137e-13
156.600000, -2.783814e-13, 3.620890e-13, 2.167261e-13, -2.818999e-13
156.700000, 2.750382e-13, -3.594172e-13, -2.136771e-13, 2.796193e-13
156.800000, -2.764032e-13, 3.595049e-13, 2.151887e-13, -2.798949e-13
156.900000, 2.730999e-13, -3.568576e-13, -2.121799e-13, 2.776362e-13
157.000000, -2.744380e-13, 3.569370e-13, 2.136616e-13, -2.779028e-13
157.100000, 2.711719e-13, -3.543131e-13, -2.106904e-13, 2.756644e-13
157.200000, -2.724856e-13, 3.543851e-13, 2.121446e-13, -2.759231e-13
157.300000, 2.692544e-13, -3.517836e-13, -2.092087e-13, 2.737039e-13
157.400000, -2.705457e-13, 3.518491e-13, 2.106375e-13, -2.739560e-13
157.500000, 2.673476e-13, -3.492689e-13, -2.077348e-13, 2.717545e-13
157.600000, -2.686180e-13, 3.493290e-13, 2.091401e-13, -2.720012e-13
157.700000, 2.654515e-13, -3.467688e-13, -2.062688e-13, 2.698163e-13
157.800000, -2.667022e-13, 3.468244e-13, 2.076521e-13, -2.700587e-13
157.900000, 2.635661e-13, -3.442835e-13, -2.048108e-13, 2.678890e-13
158.000000, -2.647982e-13, 3.443352e-13, 2.061735e-13, -2.681281e-13
158.100000, 2.616915e-13, -3.418128e-13, -2.033608e-13, 2.659729e-13
158.200000, -2.629058e-13, 3.418613e-13, 2.047039e-13, -2.662095e-13
158.300000, 2.598276e-13, -3.393566e-13, -2.019188e-13, 2.640677e-13
158.400000, -2.610246e-13, 3.394024e-13, 2.032434e-13, -2.643026e-13
158.500000, 2.579746e-13, -3.369148e-13, -2.004848e-13, 2.621735e-13
158.600000, -2.591546e-13, 3.369585e-13, 2.017917e-13, -2.624073e-13
158.700000, 2.561325e-13, -3.344873e-13, -1.990589e-13, 2.602902e-13
158.800000, -2.572954e-13, 3.345294e-13, 2.003487e-13, -2.605235e-13
158.900000, 2.543011e-13, -3.320741e-13, -1.976411e-13, 2.584176e-13
159.000000, -2.554471e-13, 3.321149e-13, 1.989141e-13, -2.586511e-13
159.100000, 2.524806e-13, -3.296751e-13, -1.962313e-13, 2.565559e-13
159.200000, -2.536094e-13, 3.297147e-13, 1.974879e-13, -2.567898e-13
159.300000, 2.506708e-13, -3.272902e-13, -1.948296e-13, 2.547049e-13
159.400000, -2.517822e-13, 3.273289e-13, 1.960700e-13, -2.549397e-13
159.500000, 2.488717e-13, -3.249194e-13, -1.934361e-13, 2.528647e-13
159.600000, -2.499654e-13, 3.249571e-13, 1.946602e-13, -2.531005e-13
159.700000, 2.470832e-13, -3.225625e-13, -1.920506e-13, 2.510351e-13
159.800000, -2.481590e-13, 3.225993e-13, 1.932583e-13, -2.512719e-13
159.900000, 2.453053e-13, -3.202196e-13, -1.906732e-13, 2.492163e-13
160.000000, -2.463627e-13, 3.202553e-13, 1.918642e-13, -2.494540e-13
160.100000, 2.435379e-13, -3.178905e-13, -1.893039e-13, 2.474082e-13
160.200000, -2.445766e-13, 3.179250e-13, 1.904779e-13, -2.476464e-13
160.300000, 2.417810e-13, -3.155751e-13, -1.879428e-13, 2.456109e-13
160.400000, -2.428003e-13, 3.156081e-13, 1.890990e-13, -2.458490e-13
160.500000, 2.400345e-13, -3.132733e-13, -1.865899e-13, 2.438242e-13
160.600000, -2.410339e-13, 3.133046e-13, 1.877276e-13, -2.440617e-13
160.700000, 2.382984e-13, -3.109852e-13, -1.852450e-13, 2.420481e-13
160.800000, -2.392773e-13, 3.110144e-13, 1.863636e-13, -2.422844e-13
160.900000, 2.365725e-13, -3.087105e-13, -1.839082e-13, 2.402827e-13
161.000000, -2.375304e-13, 3.087372e-13, 1.850068e-13, -2.405169e-13
161.100000, 2.348568e-13, -3.064492e-13, -1.825794e-13, 2.385279e-13
161.200000, -2.357930e-13, 3.064730e-13, 1.836572e-13, -2.387591e-13
161.300000, 2.331513e-13, -3.042012e-13, -1.812585e-13, 2.367836e-13
161.400000, -2.340652e-13, 3.042217e-13, 1.823148e-13, -2.370109e-13
161.500000, 2.314557e-13, -3.019664e-13, -1.799456e-13, 2.350497e-13
161.600000, -2.323467e-13, 3.019831e-13, 1.809794e-13, -2.352723e-13
161.700000, 2.297702e-13, -2.997448e-13, -1.786404e-13, 2.333261e-13
161.800000, -2.306377e-13, 2.997571e-13, 1.796512e-13, -2.335432e-13
161.900000, 2.280944e-13, -2.975362e-13, -1.773429e-13, 2.316126e-13
162.000000, -2.289380e-13, 2.975436e-13, 1.783300e-13, -2.318237e-13
162.100000, 2.264284e-13, -2.953404e-13, -1.760530e-13, 2.299092e-13
162.200000, -2.272477e-13, 2.953425e-13, 1.770159e-13, -2.301136e-13
162.300000, 2.247719e-13, -2.931575e-13, -1.747706e-13, 2.282156e-13
162.400000, -2.255667e-13, 2.931538e-13, 1.757088e-13, -2.284129e-13
162.500000, 2.231249e-13, -2.909872e-13, -1.734955e-13, 2.265320e-13
162.600000, -2.238949e-13, 2.909773e-13, 1.744088e-13, -2.267216e-13
162.700000, 2.214872e-13, -2.888295e-13, -1.722277e-13, 2.248580e-13
162.800000, -2.222323e-13, 2.888128e-13, 1.731159e-13, -2.250396e-13
162.900000, 2.198588e-13, -2.866844e-13, -1.709671e-13, 2.231937e-13
163.000000, -2.205790e-13, 2.866605e-13, 1.718299e-13, -2.233669e-13
163.100000, 2.182395e-13, -2.845515e-13, -1.697135e-13, 2.215388e-13
163.200000, -2.189348e-13, 2.845201e-13, 1.705510e-13, -2.217033e-13
163.300000, 2.166292e-13, -2.824309e-13, -1.684668e-13, 2.198934e-13
163.400000, -2.172997e-13, 2.823915e-13, 1.692791e-13, -2.200489e-13
163.500000, 2.150278e-13, -2.803224e-13, -1.672271e-13, 2.182574e-13
163.600000, -2.156736e-13, 2.802747e-13, 1.680141e-13, -2.184037e-13
163.700000, 2.134352e-13, -2.782260e-13, -1.659941e-13, 2.166305e-13
163.800000, -2.140565e-13, 2.781697e-13, 1.667561e-13, -2.167674e-13
163.900000, 2.118514e-13, -2.761414e-13, -1.647678e-13, 2.150129e-13
164.000000, -2.124484e-13, 2.760762e-13, 1.655049e-13, -2.151401e-13
164.100000, 2.102763e-13, -2.740687e-13, -1.635482e-13, 2.134042e-13
164.200000, -2.108492e-13, 2.739943e-13, 1.642607e-13, -2.135216e-13
164.300000, 2.087097e-13, -2.720076e-13, -1.623352e-13, 2.118046e-13
164.400000, -2.092588e-13, 2.719239e-13, 1.630232e-13, -2.119121e-13
164.500000, 2.071517e-13, -2.699581e-13, -1.611286e-13, 2.102139e-13
164.600000, -2.076771e-13, 2.698648e-13, 1.617925e-13, -2.103114e-13
164.700000, 2.056020e-13, -2.679200e-13, -1.599286e-13, 2.086319e-13
164.800000, -2.061042e-13, 2.678172e-13, 1.605686e-13, -2.087194e-13
164.900000, 2.040607e-13, -2.658932e-13, -1.587348e-13, 2.070587e-13
165.000000, -2.045399e-13, 2.657808e-13, 1.593514e-13, -2.071361e-13
165.100000, 2.025277e-13, -2.638777e-13, -1.575475e-13, 2.054940e-13
165.200000, -2.029841e-13, 2.637556e-13, 1.581408e-13, -2.055615e-13
165.300000, 2.010029e-13, -2.618732e-13, -1.563663e-13, 2.039379e-13
165.400000, -2.014369e-13, 2.617415e-13, 1.569369e-13, -2.039955e-13
165.500000, 1.994863e-13, -2.598796e-13, -1.551914e-13, 2.023903e-13
165.600000, -1.998981e-13, 2.597386e-13, 1.557395e-13, -2.024380e-13
165.700000, 1.979776e-13, -2.578969e-13, -1.540226e-13, 2.008510e-13
165.800000, -1.983678e-13, 2.577467e-13, 1.545487e-13, -2.008890e-13
165.900000, 1.964769e-13, -2.559250e-13, -1.528599e-13, 1.993199e-13
166.000000, -1.968458e-13, 2.557657e-13, 1.533643e-13, -1.993485e-13
166.100000, 1.949841e-13, -2.539638e-13, -1.517032e-13, 1.977971e-13
166.200000, -1.953322e-13, 2.537955e-13, 1.521865e-13, -1.978163e-13
166.300000, 1.934991e-13, -2.520130e-13, -1.505524e-13, 1.962824e-13
166.400000, -1.938268e-13, 2.518362e-13, 1.510150e-13, -1.962924e-13
166.500000, 1.920218e-13, -2.500728e-13, -1.494076e-13, 1.947758e-13
166.600000, -1.923296e-13, 2.498875e-13, 1.498499e-13, -1.947768e-13
166.700000, 1.905521e-13, -2.481429e-13, -1.482686e-13, 1.932772e-13
166.800000, -1.908407e-13, 2.479495e-13, 1.486911e-13, -1.932694e-13
166.900000, 1.890900e-13, -2.462233e-13, -1.471354e-13, 1.917865e-13
167.000000, -1.893598e-13, 2.460220e-13, 1.475386e-13, -1.917701e-13
167.100000, 1.876354e-13, -2.443139e-13, -1.460080e-13, 1.903037e-13
167.200000, -1.878869e-13, 2.441050e-13, 1.463923e-13, -1.902789e-13
167.300000, 1.861883e-13, -2.424145e-13, -1.448862e-13, 1.888286e-13
167.400000, -1.864221e-13, 2.421984e-13, 1.452523e-13, -1.887957e-13
167.500000, 1.847485e-13, -2.405252e-13, -1.437702e-13, 1.873613e-13
167.600000, -1.849652e-13, 2.403022e-13, 1.441183e-13, -1.873204e-13
167.700000, 1.833161e-13, -2.386457e-13, -1.426597e-13, 1.859016e-13
167.800000, -1.835162e-13, 2.384161e-13, 1.429905e-13, -1.858531e-13
167.900000, 1.818909e-13, -2.367762e-13, -1.415548e-13, 1.844495e-13
168.000000, -1.820749e-13, 2.365403e-13, 1.418687e-13, -1.843936e-13
168.100000, 1.804729e-13, -2.349163e-13, -1.404553e-13, 1.830049e-13
168.200000, -1.806415e-13, 2.346745e-13, 1.407530e-13, -1.829419e-13
168.300000, 1.790621e-13, -2.330661e-13, -1.393613e-13, 1.815677e-13
168.400000, -1.792157e-13, 2.328188e-13, 1.396433e-13, -1.814979e-13
168.500000, 1.776583e-13, -2.312255e-13, -1.382727e-13, 1.801379e-13
168.600000, -1.777975e-13, 2.309729e-13, 1.385395e-13, -1.800616e-13
168.700000, 1.762615e-13, -2.293945e-13, -1.371894e-13, 1.787155e-13
168.800000, -1.763869e-13, 2.291368e-13, 1.374417e-13, -1.786329e-13
168.900000, 1.748718e-13, -2.275730e-13, -1.361114e-13, 1.773003e-13
169.000000, -1.749838e-13, 2.273105e-13, 1.363497e-13, -1.772118e-13
169.100000, 1.734889e-13, -2.257608e-13, -1.350387e-13, 1.758923e-13
169.200000, -1.735882e-13, 2.254938e-13, 1.352635e-13, -1.757981e-13
169.300000, 1.721129e-13, -2.239580e-13, -1.339711e-13, 1.744914e-13
169.400000, -1.722000e-13, 2.236867e-13, 1.341831e-13, -1.743920e-13
169.500000, 1.707437e-13, -2.221645e-13, -1.329088e-13, 1.730975e-13
169.600000, -1.708191e-13, 2.218890e-13, 1.331085e-13, -1.729932e-13
169.700000, 1.693813e-13, -2.203802e-13, -1.318516e-13, 1.717108e-13
169.800000, -1.694454e-13, 2.201007e-13, 1.320394e-13, -1.716017e-13
169.900000, 1.680255e-13, -2.186050e-13, -1.307995e-13, 1.703310e-13
170.000000, -1.680789e-13, 2.183217e-13, 1.309760e-13, -1.702174e-13
170.100000, 1.666765e-13, -2.168389e-13, -1.297525e-13, 1.689583e-13
170.200000, -1.667195e-13, 2.165519e-13, 1.299181e-13, -1.688403e-13
170.300000, 1.653342e-13, -2.150819e-13, -1.287106e-13, 1.675924e-13
170.400000, -1.653672e-13, 2.147912e-13, 1.288657e-13, -1.674702e-13
170.500000, 1.639984e-13, -2.133338e-13, -1.276738e-13, 1.662334e-13
170.600000, -1.640218e-13, 2.130396e-13, 1.278187e-13, -1.661071e-13
170.700000, 1.626692e-13, -2.115946e-13, -1.266419e-13, 1.648813e-13
170.800000, -1.626834e-13, 2.112969e-13, 1.267771e-13, -1.647510e-13
170.900000, 1.613466e-13, -2.098642e-13, -1.256151e-13, 1.635360e-13
171.000000, -1.613517e-13, 2.095631e-13, 1.257408e-13, -1.634017e-13
171.100000, 1.600305e-13, -2.081426e-13, -1.245932e-13, 1.621974e-13
171.200000, -1.600268e-13, 2.078382e-13, 1.247098e-13, -1.620593e-13
171.300000, 1.587208e-13, -2.064297e-13, -1.235762e-13, 1.608656e-13
171.400000, -1.587087e-13, 2.061219e-13, 1.236841e-13, -1.607235e-13
171.500000, 1.574175e-13, -2.047254e-13, -1.225641e-13, 1.595404e-13
171.600000, -1.573971e-13, 2.044144e-13, 1.226635e-13, -1.593945e-13
171.700000, 1.561206e-13, -2.030296e-13, -1.215568e-13, 1.582219e-13
171.800000, -1.560922e-13, 2.027154e-13, 1.216480e-13, -1.580721e-13
171.900000, 1.548300e-13, -2.013424e-13, -1.205544e-13, 1.569099e-13
172.000000, -1.547938e-13, 2.010250e-13, 1.206376e-13, -1.567563e-13
172.100000, 1.535456e-13, -1.996636e-13, -1.195568e-13, 1.556044e-13
172.200000, -1.535018e-13, 1.993430e-13, 1.196322e-13, -1.554469e-13
172.300000, 1.522675e-13, -1.979931e-13, -1.185640e-13, 1.543053e-13
172.400000, -1.522163e-13, 1.976694e-13, 1.186319e-13, -1.541441e-13
172.500000, 1.509956e-13, -1.963309e-13, -1.175759e-13, 1.530127e-13
172.600000, -1.509372e-13, 1.960041e-13, 1.176364e-13, -1.528477e-13
172.700000, 1.497298e-13, -1.946770e-13, -1.165926e-13, 1.517264e-13
172.800000, -1.496644e-13, 1.943471e-13, 1.166459e-13, -1.515577e-13
172.900000, 1.484700e-13, -1.930312e-13, -1.156139e-13, 1.504464e-13
173.000000, -1.483979e-13, 1.926982e-13, 1.156601e-13, -1.502741e-13
173.100000, 1.472163e-13, -1.913935e-13, -1.146399e-13, 1.491726e-13
173.200000, -1.471377e-13, 1.910575e-13, 1.146793e-13, -1.489967e-13
173.300000, 1.459685e-13, -1.897638e-13, -1.136705e-13, 1.479050e-13
173.400000, -1.458836e-13, 1.894249e-13, 1.137031e-13, -1.477256e-13
173.500000, 1.447267e-13, -1.881421e-13, -1.127056e-13, 1.466435e-13
173.600000, -1.446356e-13, 1.878002e-13, 1.127317e-13, -1.464606e-13
173.700000, 1.434908e-13, -1.865283e-13, -1.117453e-13, 1.453882e-13
173.800000, -1.433937e-13, 1.861835e-13, 1.117650e-13, -1.452018e-13
173.900000, 1.422607e-13, -1.849223e-13, -1.107895e-13, 1.441389e-13
174.000000, -1.421578e-13, 1.845747e-13, 1.108030e-13, -1.439491e-13
174.100000, 1.410365e-13, -1.833241e-13, -1.098382e-13, 1.428955e-13
174.200000, -1.409278e-13, 1.829736e-13, 1.098455e-13, -1.427024e-13
174.300000, 1.398180e-13, -1.817336e-13, -1.088913e-13, 1.416582e-13
174.400000, -1.397038e-13, 1.813804e-13, 1.088927e-13, -1.414617e-13
174.500000, 1.386053e-13, -1.801507e-13, -1.079488e-13, 1.404267e-13
174.600000, -1.384856e-13, 1.797948e-13, 1.079444e-13, -1.402269e-13
174.700000, 1.373983e-13, -1.785754e-13, -1.070107e-13, 1.392011e-13
174.800000, -1.372732e-13, 1.782168e-13, 1.070007e-13, -1.389980e-13
174.900000, 1.361969e-13, -1.770076e-13, -1.060768e-13, 1.379813e-13
175.000000, -1.360665e-13, 1.766464e-13, 1.060614e-13, -1.377749e-13
175.100000, 1.350011e-13, -1.754472e-13, -1.051473e-13, 1.367673e-13
175.200000, -1.348656e-13, 1.750836e-13, 1.051266e-13, -1.365577e-13
175.300000, 1.338109e-13, -1.738943e-13, -1.042221e-13, 1.355590e-13
175.400000, -1.336704e-13, 1.735281e-13, 1.041961e-13, -1.353462e-13
175.500000, 1.326262e-13, -1.723487e-13, -1.033011e-13, 1.343563e-13
175.600000, -1.324807e-13, 1.719800e-13, 1.032700e-13, -1.341404e-13
175.700000, 1.314469e-13, -1.708104e-13, -1.023843e-13, 1.331593e-13
175.800000, -1.312967e-13, 1.704392e-13, 1.023482e-13, -1.329404e-13
175.900000, 1.302731e-13, -1.692793e-13, -1.014717e-13, 1.319678e-13
176.000000, -1.301182e-13, 1.689057e-13, 1.014307e-13, -1.317459e-13
176.100000, 1.291046e-13, -1.677554e-13, -1.005633e-13, 1.307818e-13
176.200000, -1.289452e-13, 1.673794e-13, 1.005174e-13, -1.305570e-13
176.300000, 1.279415e-13, -1.662386e-13, -9.965897e-14, 1.296013e-13
176.400000, -1.277776e-13, 1.658602e-13, 9.960839e-14, -1.293737e-13
176.500000, 1.267837e-13, -1.647289e-13, -9.875875e-14, 1.284263e-13
176.600000, -1.266154e-13, 1.643481e-13, 9.870352e-14, -1.281958e-13
176.700000, 1.256312e-13, -1.632262e-13, -9.786258e-14, 1.272566e-13
176.800000, -1.254586e-13, 1.628430e-13, 9.780278e-14, -1.270234e-13
176.900000, 1.244839e-13, -1.617304e-13, -9.697045e-14, 1.260923e-13
177.000000, -1.243071e-13, 1.613449e-13, 9.690615e-14, -1.258564e-13
177.100000, 1.233418e-13, -1.602415e-13, -9.608231e-14, 1.249333e-13
177.200000, -1.231609e-13, 1.598537e-13, 9.601360e-14, -1.246948e-13
177.300000, 1.222048e-13, -1.587594e-13, -9.519814e-14, 1.237796e-13
177.400000, -1.220198e-13, 1.583693e-13, 9.512511e-14, -1.235385e-13
177.500000, 1.210729e-13, -1.572841e-13, -9.431789e-14, 1.226311e-13
177.600000, -1.208840e-13, 1.568918e-13, 9.424062e-14, -1.223874e-13
177.700000, 1.199461e-13, -1.558155e-13, -9.344155e-14, 1.214879e-13
177.800000, -1.197533e-13, 1.554210e-13, 9.336012e-14, -1.212415e-13
177.900000, 1.188244e-13, -1.543535e-13, -9.256906e-14, 1.203497e-13
178.000000, -1.186276e-13, 1.539570e-13, 9.248357e-14, -1.201008e-13
178.100000, 1.177076e-13, -1.528981e-13, -9.170042e-14, 1.192167e-13
178.200000, -1.175071e-13, 1.524996e-13, 9.161094e-14, -1.189653e-13
178.300000, 1.165957e-13, -1.514493e-13, -9.083559e-14, 1.180887e-13
178.400000, -1.163915e-13, 1.510488e-13, 9.074219e-14, -1.178349e-13
178.500000, 1.154888e-13, -1.500070e-13, -8.997455e-14, 1.169658e-13
178.600000, -1.152810e-13, 1.496045e-13, 8.987729e-14, -1.167095e-13
178.700000, 1.143867e-13, -1.485711e-13, -8.911727e-14, 1.158478e-13
178.800000, -1.141753e-13, 1.481667e-13, 8.901621e-14, -1.155892e-13
178.900000, 1.132894e-13, -1.471417e-13, -8.826370e-14, 1.147348e-13
179.000000, -1.130746e-13, 1.467353e-13, 8.815891e-14, -1.144738e-13
179.100000, 1.121969e-13, -1.457185e-13, -8.741384e-14, 1.136266e-13
179.200000, -1.119788e-13, 1.453104e-13, 8.730537e-14, -1.133634e-13
179.300000, 1.111091e-13, -1.443016e-13, -8.656764e-14, 1.125233e-13
179.400000, -1.108878e-13, 1.438917e-13, 8.645557e-14, -1.122579e-13
179.500000, 1.100260e-13, -1.428910e-13, -8.572508e-14, 1.114249e-13
179.600000, -1.098015e-13, 1.424794e-13, 8.560948e-14, -1.111573e-13
179.700000, 1.089476e-13, -1.414865e-13, -8.488610e-14, 1.103312e-13
179.800000, -1.087200e-13, 1.410733e-13, 8.476705e-14, -1.100615e-13
179.900000, 1.078738e-13, -1.400882e-13, -8.405070e-14, 1.092422e-13
180.000000, -1.076433e-13, 1.396734e-13, 8.392829e-14, -1.089704e-13
180.100000, 1.068047e-13, -1.386959e-13, -8.321885e-14, 1.081580e-13
180.200000, -1.065711e-13, 1.382796e-13, 8.309315e-14, -1.078842e-13
180.300000, 1.057401e-13, -1.373097e-13, -8.239050e-14, 1.070784e-13
180.400000, -1.055036e-13, 1.368919e-13, 8.226159e-14, -1.068026e-13
180.500000, 1.046800e-13, -1.359295e-13, -8.156563e-14, 1.060035e-13
180.600000, -1.044407e-13, 1.355103e-13, 8.143360e-14, -1.057257e-13
180.700000, 1.036244e-13, -1.345551e-13, -8.074422e-14, 1.049331e-13
180.800000, -1.033824e-13, 1.341346e-13, 8.060914e-14, -1.046534e-13
180.900000, 1.025733e-13, -1.331867e-13, -7.992626e-14, 1.038673e-13
181.000000, -1.023285e-13, 1.327648e-13, 7.978817e-14, -1.035857e-13
181.100000, 1.015265e-13, -1.318241e-13, -7.911169e-14, 1.028061e-13
181.200000, -1.012791e-13, 1.314010e-13, 7.897068e-14, -1.025225e-13
181.300000, 1.004842e-13, -1.304673e-13, -7.830052e-14, 1.017492e-13
181.400000, -1.002342e-13, 1.300429e-13, 7.815662e-14, -1.014639e-13
181.500000, 9.944621e-14, -1.291162e-13, -7.749271e-14, 1.006969e-13
181.600000, -9.919367e-14, 1.286907e-13, 7.734598e-14, -1.004098e-13
181.700000, 9.841253e-14, -1.277709e-13, -7.668822e-14, 9.964891e-14
181.800000, -9.815752e-14, 1.273441e-13, 7.653872e-14, -9.936014e-14
181.900000, 9.738312e-14, -1.264312e-13, -7.588703e-14, 9.860532e-14
182.000000, -9.712571e-14, 1.260033e-13, 7.573481e-14, -9.831487e-14
182.100000, 9.635794e-14, -1.250971e-13, -7.508913e-14, 9.756606e-14
182.200000, -9.609818e-14, 1.246681e-13, 7.493423e-14, -9.727399e-14
182.300000, 9.533699e-14, -1.237686e-13, -7.429448e-14, 9.653108e-14
182.400000, -9.507492e-14, 1.233385e-13, 7.413694e-14, -9.623744e-14
182.500000, 9.432020e-14, -1.224456e-13, -7.350308e-14, 9.550038e-14
182.600000, -9.405589e-14, 1.220144e-13, 7.334292e-14, -9.520520e-14
182.700000, 9.330754e-14, -1.211281e-13, -7.271488e-14, 9.447390e-14
182.800000, -9.304106e-14, 1.206958e-13, 7.255213e-14, -9.417723e-14
182.900000, 9.229898e-14, -1.198160e-13, -7.192985e-14, 9.345161e-14
183.000000, -9.203039e-14, 1.193827e-13, 7.176457e-14, -9.315349e-14
183.100000, 9.129450e-14, -1.185092e-13, -7.114799e-14, 9.243349e-14
183.200000, -9.102385e-14, 1.180750e-13, 7.098019e-14, -9.213395e-14
183.300000, 9.029406e-14, -1.172079e-13, -7.036924e-14, 9.141949e-14
183.400000, -9.002141e-14, 1.167727e-13, 7.019898e-14, -9.111857e-14
183.500000, 8.929761e-14, -1.159118e-13, -6.959360e-14, 9.040959e-14
183.600000, -8.902302e-14, 1.154757e-13, 6.942091e-14, -9.010730e-14
183.700000, 8.830514e-14, -1.146209e-13, -6.882103e-14, 8.940375e-14
183.800000, -8.802866e-14, 1.141839e-13, 6.864595e-14, -8.910011e-14
183.900000, 8.731661e-14, -1.133353e-13, -6.805151e-14, 8.840196e-14
184.000000, -8.703828e-14, 1.128974e-13, 6.787409e-14, -8.809697e-14
184.100000, 8.633200e-14, -1.120548e-13, -6.728501e-14, 8.740418e-14
184.200000, -8.605184e-14, 1.116161e-13, 6.710530e-14, -8.709785e-14
184.300000, 8.535128e-14, -1.107794e-13, -6.652149e-14, 8.641037e-14
184.400000, -8.506934e-14, 1.103400e-13, 6.633955e-14, -8.610270e-14
184.500000, 8.437438e-14, -1.095091e-13, -6.576096e-14, 8.542049e-14
184.600000, -8.409073e-14, 1.090689e-13, 6.557683e-14, -8.511149e-14
184.700000, 8.340131e-14, -1.082438e-13, -6.500336e-14, 8.443452e-14
184.800000, -8.311597e-14, 1.078030e-13, 6.481709e-14, -8.412421e-14
184.900000, 8.243203e-14, -1.069835e-13, -6.424870e-14, 8.345242e-14
185.000000, -8.214505e-14, 1.065420e-13, 6.406032e-14, -8.314081e-14
185.100000, 8.146647e-14, -1.057282e-13, -6.349694e-14, 8.247415e-14
185.200000, -8.117793e-14, 1.052860e-13, 6.330648e-14, -8.216126e-14
185.300000, 8.050464e-14, -1.044777e-13, -6.274805e-14, 8.149970e-14
185.400000, -8.021458e-14, 1.040350e-13, 6.255556e-14, -8.118552e-14
185.500000, 7.954649e-14, -1.032321e-13, -6.200202e-14, 8.052903e-14
185.600000, -7.925496e-14, 1.027889e-13, 6.180754e-14, -8.021357e-14
185.700000, 7.859200e-14, -1.019914e-13, -6.125882e-14, 7.956209e-14
185.800000, -7.829905e-14, 1.015476e-13, 6.106238e-14, -7.924537e-14
185.900000, 7.764114e-14, -1.007554e-13, -6.051843e-14, 7.859887e-14
186.000000, -7.734680e-14, 1.003111e-13, 6.032007e-14, -7.828090e-14
186.100000, 7.669387e-14, -9.952411e-14, -5.978082e-14, 7.763933e-14
186.200000, -7.639819e-14, 9.907946e-14, 5.958058e-14, -7.732012e-14
186.300000, 7.575017e-14, -9.829755e-14, -5.904597e-14, 7.668345e-14
186.400000, -7.545321e-14, 9.785251e-14, 5.884388e-14, -7.636299e-14
186.500000, 7.481000e-14, -9.707565e-14, -5.831386e-14, 7.573118e-14
186.600000, -7.451179e-14, 9.663025e-14, 5.810996e-14, -7.540951e-14
186.700000, 7.387334e-14, -9.585838e-14, -5.758447e-14, 7.478249e-14
186.800000, -7.357393e-14, 9.541266e-14, 5.737878e-14, -7.445962e-14
186.900000, 7.294015e-14, -9.464568e-14, -5.685779e-14, 7.383735e-14
187.000000, -7.263959e-14, 9.419965e-14, 5.665031e-14, -7.351331e-14
187.100000, 7.201041e-14, -9.343753e-14, -5.613377e-14, 7.289574e-14
187.200000, -7.170875e-14, 9.299122e-14, 5.592455e-14, -7.257055e-14
187.300000, 7.108407e-14, -9.223391e-14, -5.541241e-14, 7.195762e-14
187.400000, -7.078137e-14, 9.178732e-14, 5.520146e-14, -7.163130e-14
187.500000, 7.016114e-14, -9.103474e-14, -5.469369e-14, 7.102295e-14
187.600000, -6.985742e-14, 9.058789e-14, 5.448102e-14, -7.069554e-14
187.700000, 6.924155e-14, -8.984001e-14, -5.397758e-14, 7.009172e-14
187.800000, -6.893689e-14, 8.939293e-14, 5.376320e-14, -6.976323e-14
187.900000, 6.832529e-14, -8.864968e-14, -5.326406e-14, 6.916389e-14
188.000000, -6.801972e-14, 8.820237e-14, 5.304799e-14, -6.883436e-14
188.100000, 6.741234e-14, -8.746370e-14, -5.255310e-14, 6.823942e-14
188.200000, -6.710589e-14, 8.701619e-14, 5.233537e-14, -6.790888e-14
188.300000, 6.650267e-14, -8.628202e-14, -5.184468e-14, 6.731831e-14
188.400000, -6.619539e-14, 8.583434e-14, 5.162531e-14, -6.698676e-14
188.500000, 6.559625e-14, -8.510465e-14, -5.113880e-14, 6.640052e-14
188.600000, -6.528816e-14, 8.465680e-14, 5.091780e-14, -6.606797e-14
188.700000, 6.469305e-14, -8.393149e-14, -5.043540e-14, 6.548601e-14
188.800000, -6.438419e-14, 8.348353e-14, 5.021280e-14, -6.515250e-14
188.900000, 6.379304e-14, -8.276256e-14, -4.973449e-14, 6.457476e-14
189.000000, -6.348344e-14, 8.231446e-14, 4.951030e-14, -6.424031e-14
189.100000, 6.289621e-14, -8.159778e-14, -4.903604e-14, 6.366673e-14
189.200000, -6.258590e-14, 8.114960e-14, 4.881028e-14, -6.333137e-14
189.300000, 6.200251e-14, -8.043714e-14, -4.834003e-14, 6.276191e-14
189.400000, -6.169153e-14, 7.998889e-14, 4.811271e-14, -6.242565e-14
189.500000, 6.111193e-14, -7.928059e-14, -4.764643e-14, 6.186026e-14
189.600000, -6.080030e-14, 7.883229e-14, 4.741758e-14, -6.152313e-14
189.700000, 6.022444e-14, -7.812811e-14, -4.695522e-14, 6.096177e-14
189.800000, -5.991219e-14, 7.767978e-14, 4.672486e-14, -6.062378e-14
189.900000, 5.934000e-14, -7.697965e-14, -4.626639e-14, 6.006640e-14
190.000000, -5.902716e-14, 7.653131e-14, 4.603454e-14, -5.972756e-14
190.100000, 5.845860e-14, -7.583518e-14, -4.557991e-14, 5.917412e-14
190.200000, -5.814520e-14, 7.538684e-14, 4.534659e-14, -5.883444e-14
190.300000, 5.758021e-14, -7.469466e-14, -4.489575e-14, 5.828491e-14
190.400000, -5.726627e-14, 7.424633e-14, 4.466101e-14, -5.794440e-14
190.500000, 5.670480e-14, -7.355806e-14, -4.421391e-14, 5.739875e-14
190.600000, -5.639034e-14, 7.310977e-14, 4.397775e-14, -5.705741e-14
190.700000, 5.583235e-14, -7.242534e-14, -4.353434e-14, 5.651560e-14
190.800000, -5.551739e-14, 7.197711e-14, 4.329682e-14, -5.617345e-14
190.900000, 5.496283e-14, -7.129649e-14, -4.285704e-14, 5.563543e-14
191.000000, -5.464741e-14, 7.084831e-14, 4.261818e-14, -5.529248e-14
191.100000, 5.409622e-14, -7.017144e-14, -4.218199e-14, 5.475825e-14
191.200000, -5.378032e-14, 6.972335e-14, 4.194183e-14, -5.441448e-14
191.300000, 5.323249e-14, -6.905016e-14, -4.150917e-14, 5.388399e-14
191.400000, -5.291614e-14, 6.860217e-14, 4.126772e-14, -5.353943e-14
191.500000, 5.237163e-14, -6.793264e-14, -4.083854e-14, 5.301265e-14
191.600000, -5.205483e-14, 6.748478e-14, 4.059586e-14, -5.266729e-14
191.700000, 5.151361e-14, -6.681882e-14, -4.017010e-14, 5.214419e-14
191.800000, -5.119635e-14, 6.637110e-14, 3.992622e-14, -5.179803e-14
191.900000, 5.065838e-14, -6.570869e-14, -3.950382e-14, 5.127859e-14
192.000000, -5.034070e-14, 6.526110e-14, 3.925877e-14, -5.093165e-14
192.100000, 4.980594e-14, -6.460221e-14, -3.883970e-14, 5.041582e-14
192.200000, -4.948784e-14, 6.415477e-14, 3.859350e-14, -5.006810e-14
192.300000, 4.895628e-14, -6.349935e-14, -3.817770e-14, 4.955586e-14
192.400000, -4.863774e-14, 6.305206e-14, 3.793039e-14, -4.920738e-14
192.500000, 4.810933e-14, -6.240007e-14, -3.751782e-14, 4.869867e-14
192.600000, -4.779039e-14, 6.195293e-14, 3.726941e-14, -4.834945e-14
192.700000, 4.726509e-14, -6.130437e-14, -3.686004e-14, 4.784423e-14
192.800000, -4.694576e-14, 6.085734e-14, 3.661054e-14, -4.749429e-14
192.900000, 4.642353e-14, -6.021219e-14, -3.620433e-14, 4.699251e-14
193.000000, -4.610384e-14, 5.976526e-14, 3.595376e-14, -4.664188e-14
193.100000, 4.558463e-14, -5.912351e-14, -3.555069e-14, 4.614348e-14
193.200000, -4.526458e-14, 5.867667e-14, 3.529906e-14, -4.579218e-14
193.300000, 4.474835e-14, -5.803829e-14, -3.489909e-14, 4.529713e-14
193.400000, -4.442796e-14, 5.759152e-14, 3.464641e-14, -4.494519e-14
193.500000, 4.391469e-14, -5.695650e-14, -3.424950e-14, 4.445342e-14
193.600000, -4.359398e-14, 5.650978e-14, 3.399581e-14, -4.410087e-14
193.700000, 4.308361e-14, -5.587812e-14, -3.360191e-14, 4.361234e-14
193.800000, -4.276257e-14, 5.543144e-14, 3.334722e-14, -4.325918e-14
193.900000, 4.225510e-14, -5.480309e-14, -3.295631e-14, 4.277386e-14
194.000000, -4.193372e-14, 5.435645e-14, 3.270064e-14, -4.242012e-14
194.100000, 4.142914e-14, -5.373139e-14, -3.231266e-14, 4.193795e-14
194.200000, -4.110742e-14, 5.328479e-14, 3.205605e-14, -4.158365e-14
194.300000, 4.060571e-14, -5.266300e-14, -3.167095e-14, 4.110460e-14
194.400000, -4.028364e-14, 5.221641e-14, 3.141343e-14, -4.074974e-14
194.500000, 3.978477e-14, -5.159787e-14, -3.103117e-14, 4.027379e-14
194.600000, -3.946233e-14, 5.115131e-14, 3.077276e-14, -3.991838e-14
194.700000, 3.896633e-14, -5.053599e-14, -3.039329e-14, 3.944546e-14
194.800000, -3.864350e-14, 5.008943e-14, 3.013402e-14, -3.908955e-14
194.900000, 3.815032e-14, -4.947731e-14, -2.975730e-14, 3.861963e-14
195.000000, -3.782711e-14, 4.903075e-14, 2.949720e-14, -3.826321e-14
195.100000, 3.733675e-14, -4.842181e-14, -2.912319e-14, 3.779624e-14
195.200000, -3.701315e-14, 4.797523e-14, 2.886226e-14, -3.743935e-14
195.300000, 3.652559e-14, -4.736946e-14, -2.849093e-14, 3.697528e-14
195.400000, -3.620158e-14, 4.692285e-14, 2.822921e-14, -3.661795e-14
195.500000, 3.571680e-14, -4.632022e-14, -2.786052e-14, 3.615673e-14
195.600000, -3.539241e-14, 4.587358e-14, 2.759800e-14, -3.579897e-14
195.700000, 3.491038e-14, -4.527408e-14, -2.723192e-14, 3.534057e-14
195.800000, -3.458557e-14, 4.482738e-14, 2.696864e-14, -3.498240e-14
195.900000, 3.410630e-14, -4.423099e-14, -2.660513e-14, 3.452677e-14
196.000000, -3.378106e-14, 4.378422e-14, 2.634108e-14, -3.416820e-14
196.100000, 3.330454e-14, -4.319092e-14, -2.598013e-14, 3.371531e-14
196.200000, -3.297885e-14, 4.274409e-14, 2.571534e-14, -3.335636e-14
196.300000, 3.250507e-14, -4.215386e-14, -2.535690e-14, 3.290617e-14
196.400000, -3.217893e-14, 4.170695e-14, 2.509140e-14, -3.254685e-14
196.500000, 3.170788e-14, -4.111975e-14, -2.473541e-14, 3.209933e-14
196.600000, -3.138128e-14, 4.067276e-14, 2.446921e-14, -3.173965e-14
196.700000, 3.091294e-14, -4.008859e-14, -2.411567e-14, 3.129476e-14
196.800000, -3.058585e-14, 3.964150e-14, 2.384879e-14, -3.093473e-14
196.900000, 3.012022e-14, -3.906034e-14, -2.349763e-14, 3.049246e-14
197.000000, -2.979265e-14, 3.861314e-14, 2.323009e-14, -3.013207e-14
197.100000, 2.932972e-14, -3.803497e-14, -2.288130e-14, 2.969237e-14
197.200000, -2.900162e-14, 3.758765e-14, 2.261312e-14, -2.933165e-14
197.300000, 2.854139e-14, -3.701244e-14, -2.226665e-14, 2.889450e-14
197.400000, -2.821280e-14, 3.656499e-14, 2.199786e-14, -2.853345e-14
197.500000, 2.775522e-14, -3.599272e-14, -2.165366e-14, 2.809881e-14
197.600000, -2.742609e-14, 3.554514e-14, 2.138428e-14, -2.773744e-14
197.700000, 2.697121e-14, -3.497582e-14, -2.104230e-14, 2.730529e-14
197.800000, -2.664152e-14, 3.452808e-14, 2.077238e-14, -2.694359e-14
197.900000, 2.618932e-14, -3.396168e-14, -2.043259e-14, 2.651392e-14
198.000000, -2.585906e-14, 3.351378e-14, 2.016213e-14, -2.615189e-14
198.100000, 2.540953e-14, -3.295025e-14, -1.982449e-14, 2.572466e-14
198.200000, -2.507868e-14, 3.250220e-14, 1.955353e-14, -2.536233e-14
198.300000, 2.463183e-14, -3.194155e-14, -1.921798e-14, 2.493751e-14
198.400000, -2.430036e-14, 3.149332e-14, 1.894654e-14, -2.457488e-14
198.500000, 2.385618e-14, -3.093555e-14, -1.861307e-14, 2.415242e-14
198.600000, -2.352409e-14, 3.048709e-14, 1.834115e-14, -2.378951e-14
198.700000, 2.308256e-14, -2.993220e-14, -1.800971e-14, 2.336939e-14
198.800000, -2.274984e-14, 2.948347e-14, 1.773734e-14, -2.300622e-14
198.900000, 2.231094e-14, -2.893148e-14, -1.740791e-14, 2.258837e-14
199.000000, -2.197759e-14, 2.848248e-14, 1.713510e-14, -2.222497e-14
199.100000, 2.154133e-14, -2.793338e-14, -1.680766e-14, 2.180935e-14
199.200000, -2.120734e-14, 2.748405e-14, 1.653442e-14, -2.144576e-14
199.300000, 2.077367e-14, -2.693786e-14, -1.620893e-14, 2.103231e-14
199.400000, -2.043903e-14, 2.648817e-14, 1.593526e-14, -2.066857e-14
199.500000, 2.000799e-14, -2.594489e-14, -1.561171e-14, 2.025724e-14
199.600000, -1.967266e-14, 2.549480e-14, 1.533762e-14, -1.989336e-14
199.700000, 1.924421e-14, -2.495445e-14, -1.501598e-14, 1.948411e-14
199.800000, -1.890822e-14, 2.450392e-14, 1.474148e-14, -1.912011e-14
199.900000, 1.848237e-14, -2.396651e-14, -1.442173e-14, 1.871289e-14
200.000000, -1.814567e-14, 2.351552e-14, 1.414683e-14, -1.834880e-14
200.100000, 1.772240e-14, -2.298103e-14, -1.382893e-14, 1.794358e-14
200.200000, -1.738499e-14, 2.252955e-14, 1.355365e-14, -1.757942e-14
200.300000, 1.696432e-14, -2.199798e-14, -1.323758e-14, 1.717615e-14
200.400000, -1.662615e-14, 2.154602e-14, 1.296193e-14, -1.681191e-14
200.500000, 1.620810e-14, -2.101736e-14, -1.264765e-14, 1.641059e-14
200.600000, -1.586915e-14, 2.056488e-14, 1.237165e-14, -1.604629e-14
200.700000, 1.545371e-14, -2.003909e-14, -1.205913e-14, 1.564688e-14
200.800000, -1.511395e-14, 1.958611e-14, 1.178281e-14, -1.528251e-14
200.900000, 1.470115e-14, -1.906319e-14, -1.147200e-14, 1.488500e-14
201.000000, -1.436054e-14, 1.860968e-14, 1.119537e-14, -1.452057e-14
201.100000, 1.395037e-14, -1.808960e-14, -1.088625e-14, 1.412492e-14
201.200000, -1.360890e-14, 1.763558e-14, 1.060932e-14, -1.376044e-14
201.300000, 1.320139e-14, -1.711832e-14, -1.030188e-14, 1.336662e-14
201.400000, -1.285903e-14, 1.666375e-14, 1.002466e-14, -1.300210e-14
201.500000, 1.245413e-14, -1.614933e-14, -9.718836e-15, 1.261008e-14
201.600000, -1.211087e-14, 1.569420e-14, 9.441356e-15, -1.224554e-14
201.700000, 1.170862e-14, -1.518257e-14, -9.137155e-15, 1.185529e-14
201.800000, -1.136443e-14, 1.472686e-14, 8.859394e-15, -1.149072e-14
201.900000, 1.096484e-14, -1.421805e-14, -8.556782e-15, 1.110222e-14
202.000000, -1.061970e-14, 1.376174e-14, 8.278775e-15, -1.073763e-14
202.100000, 1.022272e-14, -1.325571e-14, -7.977720e-15, 1.035086e-14
202.200000, -9.876626e-15, 1.279881e-14, 7.699472e-15, -9.986256e-15
202.300000, 9.482290e-15, -1.229555e-14, -7.399947e-15, 9.601178e-15
202.400000, -9.135227e-15, 1.183803e-14, 7.121454e-15, -9.236573e-15
202.500000, 8.743514e-15, -1.133756e-14, -6.823454e-15, 8.853162e-15
202.600000, -8.395460e-15, 1.087939e-14, 6.544741e-15, -8.488559e-15
202.700000, 8.006363e-15, -1.038169e-14, -6.248225e-15, 8.106791e-15
202.800000, -7.657311e-15, 9.922844e-15, 5.969296e-15, -7.742195e-15
202.900000, 7.270831e-15, -9.427902e-15, -5.674248e-15, 7.362062e-15
203.000000, -6.920787e-15, 8.968377e-15, 5.395090e-15, -6.997453e-15
203.100000, 6.536888e-15, -8.476203e-15, -5.101500e-15, 6.618925e-15
203.200000, -6.185828e-15, 8.015962e-15, 4.822142e-15, -6.254328e-15
203.300000, 5.804504e-15, -7.526559e-15, -4.529969e-15, 5.877385e-15
203.400000, -5.452450e-15, 7.065593e-15, 4.250409e-15, -5.512808e-15
203.500000, 5.073692e-15, -6.578932e-15, -3.959659e-15, 5.137404e-15
203.600000, -4.720601e-15, 6.117213e-15, 3.679888e-15, -4.772838e-15
203.700000, 4.344406e-15, -5.633283e-15, -3.390525e-15, 4.398987e-15
203.800000, -3.990281e-15, 5.170810e-15, 3.110569e-15, -4.034431e-15
203.900000, 3.616663e-15, -4.689634e-15, -2.822578e-15, 3.662094e-15
204.000000, -3.261486e-15, 4.226375e-15, 2.542424e-15, -3.297535e-15
204.100000, 2.890398e-15, -3.747910e-15, -2.255784e-15, 2.926723e-15
204.200000, -2.534167e-15, 3.283867e-15, 1.975452e-15, -2.562168e-15
204.300000, 2.165626e-15, -2.808123e-15, -1.690150e-15, 2.192848e-15
204.400000, -1.808307e-15, 2.343282e-15, 1.409628e-15, -1.828295e-15
204.500000, 1.442316e-15, -1.870211e-15, -1.125650e-15, 1.460447e-15
204.600000, -1.083915e-15, 1.404585e-15, 8.449362e-16, -1.095887e-15
204.700000, 7.204456e-16, -9.341882e-16, -5.622694e-16, 7.295048e-16
204.800000, -3.609524e-16, 4.677381e-16, 2.813652e-16, -3.649320e-16
