x, 11, 12, 21, 22
0.100000, -1.232922e-01, -1.224450e-01, -1.169404e-01, -1.162688e-01
0.200000, -1.225483e-01, -1.217321e-01, -1.162376e-01, -1.155390e-01
0.300000, -1.213633e-01, -1.205637e-01, -1.150876e-01, -1.143885e-01
0.400000, -1.197452e-01, -1.189591e-01, -1.135111e-01, -1.128165e-01
0.500000, -1.177248e-01, -1.169543e-01, -1.115412e-01, -1.108577e-01
0.600000, -1.153383e-01, -1.145844e-01, -1.092158e-01, -1.085435e-01
0.700000, -1.126279e-01, -1.118908e-01, -1.065780e-01, -1.059169e-01
0.800000, -1.096367e-01, -1.089179e-01, -1.036686e-01, -1.030226e-01
0.900000, -1.064096e-01, -1.057111e-01, -1.005333e-01, -9.990441e-02
1.000000, -1.029934e-01, -1.023169e-01, -9.721850e-02, -9.660775e-02
1.100000, -9.943440e-02, -9.878129e-02, -9.376902e-02, -9.317746e-02
1.200000, -9.577755e-02, -9.514985e-02, -9.022890e-02, -8.965823e-02
1.300000, -9.206625e-02, -9.146407e-02, -8.664144e-02, -8.609236e-02
1.400000, -8.834174e-02, -8.776498e-02, -8.304611e-02, -8.251862e-02
1.500000, -8.464056e-02, -8.409031e-02, -7.947877e-02, -7.897322e-02
1.600000, -8.099528e-02, -8.047089e-02, -7.597139e-02, -7.548757e-02
1.700000, -7.743443e-02, -7.693536e-02, -7.255087e-02, -7.208943e-02
1.800000, -7.398023e-02, -7.350607e-02, -6.923950e-02, -6.879909e-02
1.900000, -7.065224e-02, -7.020146e-02, -6.605486e-02, -6.563497e-02
2.000000, -6.746366e-02, -6.703513e-02, -6.301009e-02, -6.260938e-02
2.100000, -6.442392e-02, -6.401647e-02, -6.011338e-02, -5.973127e-02
2.200000, -6.153815e-02, -6.115057e-02, -5.736956e-02, -5.700463e-02
2.300000, -5.880826e-02, -5.843870e-02, -5.477922e-02, -5.443081e-02
2.400000, -5.623183e-02, -5.587987e-02, -5.234023e-02, -5.200739e-02
2.500000, -5.380547e-02, -5.346950e-02, -5.004784e-02, -4.972972e-02
2.600000, -5.152247e-02, -5.120113e-02, -4.789490e-02, -4.759073e-02
2.700000, -4.937394e-02, -4.906642e-02, -4.587258e-02, -4.558141e-02
2.800000, -4.735046e-02, -4.705574e-02, -4.397054e-02, -4.369170e-02
2.900000, -4.544114e-02, -4.515842e-02, -4.217810e-02, -4.191084e-02
3.000000, -4.363517e-02, -4.336355e-02, -4.048377e-02, -4.022724e-02
3.100000, -4.192131e-02, -4.166023e-02, -3.887674e-02, -3.863035e-02
3.200000, -4.028913e-02, -4.003789e-02, -3.734623e-02, -3.710957e-02
3.300000, -3.872886e-02, -3.848714e-02, -3.588246e-02, -3.565542e-02
3.400000, -3.723150e-02, -3.699936e-02, -3.447704e-02, -3.425945e-02
3.500000, -3.578966e-02, -3.556686e-02, -3.312221e-02, -3.291388e-02
3.600000, -3.439684e-02, -3.418338e-02, -3.181185e-02, -3.161286e-02
3.700000, -3.304756e-02, -3.284338e-02, -3.054092e-02, -3.035109e-02
3.800000, -3.173801e-02, -3.154308e-02, -2.930563e-02, -2.912493e-02
3.900000, -3.046528e-02, -3.027939e-02, -2.810283e-02, -2.793139e-02
4.000000, -2.922695e-02, -2.905035e-02, -2.693114e-02, -2.676855e-02
4.100000, -2.802194e-02, -2.785466e-02, -2.578953e-02, -2.563603e-02
4.200000, -2.685001e-02, -2.669204e-02, -2.467796e-02, -2.453365e-02
4.300000, -2.571119e-02, -2.556263e-02, -2.359683e-02, -2.346163e-02
4.400000, -2.460578e-02, -2.446680e-02, -2.254692e-02, -2.242076e-02
4.500000, -2.353507e-02, -2.340569e-02, -2.152931e-02, -2.141251e-02
4.600000, -2.249996e-02, -2.238004e-02, -2.054525e-02, -2.043767e-02
4.700000, -2.150143e-02, -2.139083e-02, -1.959592e-02, -1.949745e-02
4.800000, -2.054044e-02, -2.043910e-02, -1.868252e-02, -1.859304e-02
4.900000, -1.961778e-02, -1.952538e-02, -1.780600e-02, -1.772515e-02
5.000000, -1.873393e-02, -1.865005e-02, -1.696685e-02, -1.689438e-02
5.100000, -1.788863e-02, -1.781288e-02, -1.616512e-02, -1.610054e-02
5.200000, -1.708123e-02, -1.701341e-02, -1.540018e-02, -1.534300e-02
5.300000, -1.631045e-02, -1.625012e-02, -1.467080e-02, -1.462062e-02
5.400000, -1.557414e-02, -1.552084e-02, -1.397495e-02, -1.393135e-02
5.500000, -1.486953e-02, -1.482283e-02, -1.330978e-02, -1.327253e-02
5.600000, -1.419289e-02, -1.415246e-02, -1.267197e-02, -1.264048e-02
5.700000, -1.354017e-02, -1.350548e-02, -1.205713e-02, -1.203120e-02
5.800000, -1.290643e-02, -1.287723e-02, -1.146062e-02, -1.143995e-02
5.900000, -1.228662e-02, -1.226259e-02, -1.087754e-02, -1.086167e-02
6.000000, -1.167550e-02, -1.165622e-02, -1.030269e-02, -1.029127e-02
6.100000, -1.106777e-02, -1.105304e-02, -9.730788e-03, -9.723557e-03
6.200000, -1.045841e-02, -1.044806e-02, -9.157071e-03, -9.153797e-03
6.300000, -9.843094e-03, -9.836592e-03, -8.577156e-03, -8.577563e-03
6.400000, -9.217937e-03, -9.215054e-03, -7.987448e-03, -7.991275e-03
6.500000, -8.580131e-03, -8.580651e-03, -7.385352e-03, -7.392150e-03
6.600000, -7.928071e-03, -7.931586e-03, -6.769388e-03, -6.778885e-03
6.700000, -7.261318e-03, -7.267524e-03, -6.139348e-03, -6.151224e-03
6.800000, -6.580842e-03, -6.589542e-03, -5.496324e-03, -5.510453e-03
6.900000, -5.888920e-03, -5.900038e-03, -4.842865e-03, -4.859095e-03
7.000000, -5.189134e-03, -5.202530e-03, -4.182656e-03, -4.200826e-03
7.100000, -4.486036e-03, -4.501803e-03, -3.520478e-03, -3.540387e-03
7.200000, -3.785177e-03, -3.803244e-03, -2.861710e-03, -2.883519e-03
7.300000, -3.092554e-03, -3.112935e-03, -2.212545e-03, -2.236216e-03
7.400000, -2.414621e-03, -2.437401e-03, -1.579386e-03, -1.604823e-03
7.500000, -1.758167e-03, -1.783412e-03, -9.687658e-04, -9.961302e-04
7.600000, -1.129890e-03, -1.157605e-03, -3.873515e-04, -4.166083e-04
7.700000, -5.362335e-04, -5.664503e-04, 1.586173e-04, 1.274481e-04
7.800000, 1.674169e-05, -1.596694e-05, 6.632446e-04, 6.302241e-04
7.900000, 5.234411e-04, 4.883689e-04, 1.121346e-03, 1.086502e-03
8.000000, 9.792330e-04, 9.419268e-04, 1.528468e-03, 1.491976e-03
8.100000, 1.380354e-03, 1.340971e-03, 1.881280e-03, 1.843291e-03
8.200000, 1.724078e-03, 1.682921e-03, 2.177278e-03, 2.138086e-03
8.300000, 2.008891e-03, 1.966187e-03, 2.415336e-03, 2.375140e-03
8.400000, 2.234526e-03, 2.190558e-03, 2.595416e-03, 2.554568e-03
8.500000, 2.401648e-03, 2.356771e-03, 2.718627e-03, 2.677388e-03
8.600000, 2.512160e-03, 2.466708e-03, 2.787117e-03, 2.745819e-03
8.700000, 2.568821e-03, 2.523121e-03, 2.803915e-03, 2.762950e-03
8.800000, 2.575338e-03, 2.529746e-03, 2.772994e-03, 2.732639e-03
8.900000, 2.535979e-03, 2.490836e-03, 2.698952e-03, 2.659483e-03
9.000000, 2.455636e-03, 2.411275e-03, 2.586800e-03, 2.548506e-03
9.100000, 2.339630e-03, 2.296359e-03, 2.441934e-03, 2.405104e-03
9.200000, 2.193415e-03, 2.151550e-03, 2.269922e-03, 2.234777e-03
9.300000, 2.022712e-03, 1.982497e-03, 2.076462e-03, 2.043157e-03
9.400000, 1.833039e-03, 1.794742e-03, 1.867082e-03, 1.835849e-03
9.500000, 1.629855e-03, 1.593645e-03, 1.647201e-03, 1.618155e-03
9.600000, 1.418262e-03, 1.384286e-03, 1.421804e-03, 1.395004e-03
9.700000, 1.203023e-03, 1.171399e-03, 1.195426e-03, 1.170932e-03
9.800000, 9.884091e-04, 9.592402e-04, 9.721975e-04, 9.500343e-04
9.900000, 7.782039e-04, 7.514296e-04, 7.556804e-04, 7.357541e-04
10.000000, 5.756467e-04, 5.511672e-04, 5.488231e-04, 5.309428e-04
10.100000, 3.834374e-04, 3.611676e-04, 3.541332e-04, 3.381076e-04
10.200000, 2.037474e-04, 1.835097e-04, 1.733748e-04, 1.592128e-04
10.300000, 3.825912e-05, 1.992810e-05, 8.076254e-06, -4.408993e-06
10.400000, -1.119014e-04, -1.284679e-04, -1.408865e-04, -1.518905e-04
10.500000, -2.459638e-04, -2.608681e-04, -2.729132e-04, -2.826548e-04
10.600000, -3.635561e-04, -3.769531e-04, -3.879005e-04, -3.966161e-04
10.700000, -4.645912e-04, -4.766235e-04, -4.861159e-04, -4.939174e-04
10.800000, -5.493078e-04, -5.601792e-04, -5.679450e-04, -5.750235e-04
10.900000, -6.181772e-04, -6.281133e-04, -6.341037e-04, -6.405982e-04
11.000000, -6.718794e-04, -6.810842e-04, -6.854568e-04, -6.915360e-04
11.100000, -7.113255e-04, -7.199370e-04, -7.229733e-04, -7.288029e-04
11.200000, -7.375057e-04, -7.455601e-04, -7.477721e-04, -7.533505e-04
11.300000, -7.515041e-04, -7.590512e-04, -7.609962e-04, -7.663471e-04
11.400000, -7.543594e-04, -7.614853e-04, -7.637191e-04, -7.688791e-04
11.500000, -7.471854e-04, -7.538930e-04, -7.570271e-04, -7.620727e-04
11.600000, -7.310508e-04, -7.373562e-04, -7.421399e-04, -7.470378e-04
11.700000, -7.069883e-04, -7.128879e-04, -7.199903e-04, -7.248010e-04
11.800000, -6.759689e-04, -6.815674e-04, -6.915825e-04, -6.963365e-04
11.900000, -6.390898e-04, -6.443483e-04, -6.578563e-04, -6.625557e-04
12.000000, -5.972793e-04, -6.023190e-04, -6.197747e-04, -6.244084e-04
12.100000, -5.514327e-04, -5.562884e-04, -5.781272e-04, -5.827396e-04
12.200000, -5.024609e-04, -5.071595e-04, -5.336869e-04, -5.383234e-04
12.300000, -4.511876e-04, -4.557399e-04, -4.872190e-04, -4.919236e-04
12.400000, -3.983778e-04, -4.027879e-04, -4.393822e-04, -4.441795e-04
12.500000, -3.447162e-04, -3.490410e-04, -3.908307e-04, -3.956915e-04
12.600000, -2.909616e-04, -2.951107e-04, -3.421794e-04, -3.471216e-04
12.700000, -2.376748e-04, -2.416327e-04, -2.940104e-04, -2.989107e-04
12.800000, -1.854279e-04, -1.891614e-04, -2.467831e-04, -2.515889e-04
12.900000, -1.347551e-04, -1.382423e-04, -2.009580e-04, -2.056588e-04
13.000000, -8.616178e-05, -8.938675e-05, -1.571123e-04, -1.615960e-04
13.100000, -4.002556e-05, -4.299248e-05, -1.154997e-04, -1.197628e-04
13.200000, 3.270757e-06, 4.684228e-07, -7.647346e-05, -8.053933e-05
13.300000, 4.333927e-05, 4.072636e-05, -4.036434e-05, -4.424964e-05
13.400000, 7.998625e-05, 7.752689e-05, -7.390196e-06, -1.113632e-05
13.500000, 1.129159e-04, 1.106136e-04, 2.225979e-05, 1.864172e-05
13.600000, 1.421049e-04, 1.398817e-04, 4.843033e-05, 4.504928e-05
13.700000, 1.673997e-04, 1.652368e-04, 7.109925e-05, 6.783165e-05
13.800000, 1.888242e-04, 1.866509e-04, 9.025711e-05, 8.703661e-05
13.900000, 2.063265e-04, 2.041257e-04, 1.059185e-04, 1.027188e-04
14.000000, 2.200438e-04, 2.177638e-04, 1.180323e-04, 1.149294e-04
14.100000, 2.300242e-04, 2.276516e-04, 1.267694e-04, 1.236395e-04
14.200000, 2.364052e-04, 2.339167e-04, 1.322181e-04, 1.290028e-04
14.300000, 2.394467e-04, 2.367959e-04, 1.345462e-04, 1.313003e-04
14.400000, 2.392773e-04, 2.364905e-04, 1.339799e-04, 1.306911e-04
14.500000, 2.362591e-04, 2.332666e-04, 1.307486e-04, 1.274364e-04
14.600000, 2.306471e-04, 2.273941e-04, 1.251224e-04, 1.217709e-04
14.700000, 2.226595e-04, 2.191964e-04, 1.174117e-04, 1.139579e-04
14.800000, 2.126339e-04, 2.089246e-04, 1.079104e-04, 1.043375e-04
14.900000, 2.008383e-04, 1.969084e-04, 9.684538e-05, 9.314185e-05
15.000000, 1.875991e-04, 1.834593e-04, 8.449955e-05, 8.072405e-05
15.100000, 1.732064e-04, 1.688449e-04, 7.116959e-05, 6.730685e-05
15.200000, 1.579565e-04, 1.534223e-04, 5.715063e-05, 5.322415e-05
15.300000, 1.420993e-04, 1.374260e-04, 4.266609e-05, 3.872464e-05
15.400000, 1.259677e-04, 1.211449e-04, 2.798924e-05, 2.402148e-05
15.500000, 1.097725e-04, 1.048487e-04, 1.340287e-05, 9.378640e-06
15.600000, 9.372827e-05, 8.876475e-05, -9.522098e-07, -4.986844e-06
15.700000, 7.805406e-05, 7.303618e-05, -1.486464e-05, -1.892450e-05
15.800000, 6.296913e-05, 5.785833e-05, -2.818584e-05, -3.227056e-05
15.900000, 4.861843e-05, 4.344966e-05, -4.075251e-05, -4.485748e-05
16.000000, 3.515407e-05, 2.991405e-05, -5.239761e-05, -5.655975e-05
16.100000, 2.271630e-05, 1.739623e-05, -6.305891e-05, -6.724931e-05
16.200000, 1.139598e-05, 5.996312e-06, -7.265496e-05, -7.687781e-05
16.300000, 1.253456e-06, -4.248167e-06, -8.111171e-05, -8.541139e-05
16.400000, -7.617343e-06, -1.321109e-05, -8.837354e-05, -9.272191e-05
16.500000, -1.518859e-05, -2.091350e-05, -9.443395e-05, -9.886753e-05
16.600000, -2.149352e-05, -2.739010e-05, -9.926547e-05, -1.038150e-04
16.700000, -2.654811e-05, -3.256277e-05, -1.029009e-04, -1.075817e-04
16.800000, -3.036857e-05, -3.650748e-05, -1.053950e-04, -1.102221e-04
16.900000, -3.298259e-05, -3.926011e-05, -1.067210e-04, -1.117399e-04
17.000000, -3.440613e-05, -4.089921e-05, -1.069896e-04, -1.121961e-04
17.100000, -3.476180e-05, -4.144495e-05, -1.062679e-04, -1.116838e-04
17.200000, -3.409870e-05, -4.102925e-05, -1.045895e-04, -1.102261e-04
17.300000, -3.255051e-05, -3.968280e-05, -1.020895e-04, -1.079255e-04
17.400000, -3.020031e-05, -3.746848e-05, -9.882026e-05, -1.048540e-04
17.500000, -2.717986e-05, -3.453164e-05, -9.484410e-05, -1.011599e-04
17.600000, -2.351106e-05, -3.097653e-05, -9.029559e-05, -9.680978e-05
17.700000, -1.932178e-05, -2.683791e-05, -8.527863e-05, -9.195318e-05
17.800000, -1.473552e-05, -2.227172e-05, -7.992259e-05, -8.674501e-05
17.900000, -9.845595e-06, -1.737851e-05, -7.427717e-05, -8.118823e-05
18.000000, -4.744326e-06, -1.221262e-05, -6.847032e-05, -7.535523e-05
18.100000, 4.534307e-07, -6.854975e-06, -6.253029e-05, -6.932749e-05
18.200000, 5.632876e-06, -1.449803e-06, -5.653543e-05, -6.323181e-05
18.300000, 1.074875e-05, 3.986986e-06, -5.055693e-05, -5.710425e-05
18.400000, 1.572149e-05, 9.315753e-06, -4.469076e-05, -5.102765e-05
18.500000, 2.050293e-05, 1.446802e-05, -3.900385e-05, -4.509008e-05
18.600000, 2.500299e-05, 1.936237e-05, -3.354693e-05, -3.935295e-05
18.700000, 2.920474e-05, 2.401369e-05, -2.841104e-05, -3.390308e-05
18.800000, 3.306552e-05, 2.828389e-05, -2.361947e-05, -2.875086e-05
18.900000, 3.652074e-05, 3.219181e-05, -1.919818e-05, -2.392387e-05
19.000000, 3.952220e-05, 3.570727e-05, -1.518678e-05, -1.945178e-05
19.100000, 4.209694e-05, 3.879753e-05, -1.156522e-05, -1.538895e-05
19.200000, 4.422088e-05, 4.143709e-05, -8.418716e-06, -1.170653e-05
19.300000, 4.586182e-05, 4.362282e-05, -5.719673e-06, -8.452812e-06
19.400000, 4.703822e-05, 4.535079e-05, -3.444777e-06, -5.659757e-06
19.500000, 4.773690e-05, 4.660566e-05, -1.633949e-06, -3.333572e-06
19.600000, 4.802325e-05, 4.738615e-05, -2.448857e-07, -1.438273e-06
19.700000, 4.790840e-05, 4.774704e-05, 7.588614e-07, 3.837417e-08
19.800000, 4.741369e-05, 4.768562e-05, 1.372740e-06, 1.151521e-06
19.900000, 4.654829e-05, 4.723171e-05, 1.645352e-06, 1.861634e-06
20.000000, 4.537110e-05, 4.642611e-05, 1.603595e-06, 2.233132e-06
20.100000, 4.389528e-05, 4.526820e-05, 1.257663e-06, 2.284879e-06
20.200000, 4.212617e-05, 4.380370e-05, 6.187501e-07, 2.038030e-06
20.300000, 4.011550e-05, 4.204888e-05, -2.366247e-07, 1.480783e-06
20.400000, 3.793864e-05, 4.003738e-05, -1.296919e-06, 6.708061e-07
20.500000, 3.561241e-05, 3.780596e-05, -2.539880e-06, -3.811003e-07
20.600000, 3.316048e-05, 3.541403e-05, -3.932661e-06, -1.658027e-06
20.700000, 3.064486e-05, 3.288408e-05, -5.440101e-06, -3.080293e-06
20.800000, 2.805387e-05, 3.022555e-05, -7.018002e-06, -4.624480e-06
20.900000, 2.542276e-05, 2.751820e-05, -8.649436e-06, -6.249045e-06
21.000000, 2.284578e-05, 2.479074e-05, -1.026304e-05, -7.914232e-06
21.100000, 2.033857e-05, 2.209150e-05, -1.184002e-05, -9.587059e-06
21.200000, 1.785524e-05, 1.941749e-05, -1.334189e-05, -1.123412e-05
21.300000, 1.547873e-05, 1.682130e-05, -1.474460e-05, -1.283834e-05
21.400000, 1.328858e-05, 1.432796e-05, -1.602255e-05, -1.431738e-05
21.500000, 1.121864e-05, 1.194772e-05, -1.717588e-05, -1.570934e-05
21.600000, 9.318119e-06, 9.743264e-06, -1.816847e-05, -1.696768e-05
21.700000, 7.587191e-06, 7.691565e-06, -1.901495e-05, -1.809549e-05
21.800000, 6.043176e-06, 5.844179e-06, -1.968252e-05, -1.904423e-05
21.900000, 4.662739e-06, 4.161545e-06, -2.014443e-05, -1.981702e-05
22.000000, 3.472855e-06, 2.708217e-06, -2.045812e-05, -2.039158e-05
22.100000, 2.485555e-06, 1.489507e-06, -2.058659e-05, -2.075705e-05
22.200000, 1.677587e-06, 4.821391e-07, -2.054003e-05, -2.095390e-05
22.300000, 1.062744e-06, -3.029515e-07, -2.033131e-05, -2.093846e-05
22.400000, 6.246022e-07, -8.641839e-07, -1.997919e-05, -2.072981e-05
22.500000, 3.382680e-07, -1.214205e-06, -1.946483e-05, -2.034187e-05
22.600000, 2.139108e-07, -1.364478e-06, -1.883743e-05, -1.977635e-05
22.700000, 2.411122e-07, -1.332082e-06, -1.809686e-05, -1.907260e-05
22.800000, 3.919216e-07, -1.111035e-06, -1.726467e-05, -1.821441e-05
22.900000, 6.542761e-07, -7.389293e-07, -1.634573e-05, -1.726231e-05
23.000000, 1.015866e-06, -2.363008e-07, -1.538335e-05, -1.622581e-05
23.100000, 1.461841e-06, 3.805492e-07, -1.437218e-05, -1.508849e-05
23.200000, 1.971940e-06, 1.094084e-06, -1.331393e-05, -1.389063e-05
23.300000, 2.535959e-06, 1.896131e-06, -1.225114e-05, -1.264152e-05
23.400000, 3.116240e-06, 2.766824e-06, -1.117456e-05, -1.136737e-05
23.500000, 3.733623e-06, 3.671013e-06, -1.009936e-05, -1.006155e-05
23.600000, 4.355711e-06, 4.601062e-06, -9.033340e-06, -8.752421e-06
23.700000, 4.963401e-06, 5.537995e-06, -8.015508e-06, -7.452711e-06
23.800000, 5.564742e-06, 6.456090e-06, -7.031892e-06, -6.160374e-06
23.900000, 6.133874e-06, 7.375403e-06, -6.086737e-06, -4.911233e-06
24.000000, 6.650274e-06, 8.278963e-06, -5.208629e-06, -3.694576e-06
24.100000, 7.109281e-06, 9.124123e-06, -4.367979e-06, -2.536171e-06
24.200000, 7.523401e-06, 9.917528e-06, -3.585458e-06, -1.462980e-06
24.300000, 7.890157e-06, 1.064364e-05, -2.860572e-06, -4.141973e-07
24.400000, 8.200881e-06, 1.129881e-05, -2.180792e-06, 5.452699e-07
24.500000, 8.461633e-06, 1.187171e-05, -1.573227e-06, 1.448457e-06
24.600000, 8.670803e-06, 1.235487e-05, -1.045252e-06, 2.246110e-06
24.700000, 8.828058e-06, 1.276320e-05, -5.641754e-07, 2.954541e-06
24.800000, 8.937215e-06, 1.308198e-05, -1.358742e-07, 3.586261e-06
24.900000, 8.983521e-06, 1.333733e-05, 2.309897e-07, 4.129462e-06
25.000000, 8.962354e-06, 1.348557e-05, 5.184496e-07, 4.545994e-06
25.100000, 8.912446e-06, 1.355457e-05, 7.338729e-07, 4.877694e-06
25.200000, 8.812698e-06, 1.355371e-05, 8.885169e-07, 5.103359e-06
25.300000, 8.690629e-06, 1.348669e-05, 9.954973e-07, 5.239604e-06
25.400000, 8.537708e-06, 1.334578e-05, 1.051972e-06, 5.288439e-06
25.500000, 8.332805e-06, 1.313815e-05, 1.040930e-06, 5.242176e-06
25.600000, 8.112014e-06, 1.287122e-05, 1.004978e-06, 5.134885e-06
25.700000, 7.879120e-06, 1.254672e-05, 9.143729e-07, 4.929844e-06
25.800000, 7.624855e-06, 1.216068e-05, 7.785738e-07, 4.633402e-06
25.900000, 7.330100e-06, 1.173593e-05, 5.996569e-07, 4.260932e-06
26.000000, 7.058886e-06, 1.125195e-05, 3.967732e-07, 3.836481e-06
26.100000, 6.786175e-06, 1.073307e-05, 1.614900e-07, 3.380760e-06
26.200000, 6.500759e-06, 1.019491e-05, -1.089972e-07, 2.876971e-06
26.300000, 6.220205e-06, 9.637550e-06, -3.828121e-07, 2.308640e-06
26.400000, 5.962407e-06, 9.054081e-06, -6.734647e-07, 1.726867e-06
26.500000, 5.691031e-06, 8.461723e-06, -9.815440e-07, 1.145368e-06
26.600000, 5.416443e-06, 7.874849e-06, -1.290260e-06, 5.456463e-07
26.700000, 5.170391e-06, 7.295948e-06, -1.577295e-06, -5.916382e-08
26.800000, 4.929660e-06, 6.720767e-06, -1.848322e-06, -6.470947e-07
26.900000, 4.700277e-06, 6.164111e-06, -2.106531e-06, -1.210019e-06
27.000000, 4.504987e-06, 5.619150e-06, -2.346695e-06, -1.756934e-06
27.100000, 4.340699e-06, 5.098305e-06, -2.559835e-06, -2.260156e-06
27.200000, 4.179304e-06, 4.607838e-06, -2.744818e-06, -2.732582e-06
27.300000, 4.031301e-06, 4.151026e-06, -2.923603e-06, -3.166921e-06
27.400000, 3.903281e-06, 3.726231e-06, -3.078167e-06, -3.559454e-06
27.500000, 3.776444e-06, 3.339575e-06, -3.198483e-06, -3.923979e-06
27.600000, 3.674648e-06, 2.998493e-06, -3.288653e-06, -4.212966e-06
27.700000, 3.584498e-06, 2.691121e-06, -3.361049e-06, -4.457064e-06
27.800000, 3.512221e-06, 2.428436e-06, -3.398765e-06, -4.655301e-06
27.900000, 3.450901e-06, 2.212692e-06, -3.417986e-06, -4.797739e-06
28.000000, 3.399003e-06, 2.035875e-06, -3.428510e-06, -4.901054e-06
28.100000, 3.352259e-06, 1.907450e-06, -3.416494e-06, -4.969498e-06
28.200000, 3.310455e-06, 1.838790e-06, -3.393405e-06, -4.974615e-06
28.300000, 3.264979e-06, 1.809482e-06, -3.353179e-06, -4.925254e-06
28.400000, 3.231469e-06, 1.804739e-06, -3.302301e-06, -4.821643e-06
28.500000, 3.199976e-06, 1.836878e-06, -3.231528e-06, -4.681860e-06
28.600000, 3.186510e-06, 1.916087e-06, -3.152282e-06, -4.508296e-06
28.700000, 3.178579e-06, 2.020722e-06, -3.060555e-06, -4.304216e-06
28.800000, 3.172007e-06, 2.146935e-06, -2.974622e-06, -4.084426e-06
28.900000, 3.180892e-06, 2.296235e-06, -2.880658e-06, -3.852666e-06
29.000000, 3.184436e-06, 2.471270e-06, -2.791348e-06, -3.600410e-06
29.100000, 3.194635e-06, 2.658567e-06, -2.702069e-06, -3.350052e-06
29.200000, 3.201514e-06, 2.854742e-06, -2.620445e-06, -3.103150e-06
29.300000, 3.206521e-06, 3.061534e-06, -2.546518e-06, -2.855942e-06
29.400000, 3.212481e-06, 3.254291e-06, -2.477669e-06, -2.618293e-06
29.500000, 3.222868e-06, 3.427891e-06, -2.426359e-06, -2.395532e-06
29.600000, 3.237040e-06, 3.595674e-06, -2.382040e-06, -2.186736e-06
29.700000, 3.241615e-06, 3.752091e-06, -2.348763e-06, -1.993607e-06
29.800000, 3.229191e-06, 3.897193e-06, -2.327460e-06, -1.811884e-06
29.900000, 3.203248e-06, 4.017740e-06, -2.315984e-06, -1.675260e-06
30.000000, 3.170264e-06, 4.115065e-06, -2.319680e-06, -1.553342e-06
30.100000, 3.133913e-06, 4.188620e-06, -2.321278e-06, -1.447332e-06
30.200000, 3.083697e-06, 4.234835e-06, -2.345334e-06, -1.365333e-06
30.300000, 3.025415e-06, 4.265373e-06, -2.378619e-06, -1.314370e-06
30.400000, 2.955255e-06, 4.269038e-06, -2.416749e-06, -1.288417e-06
30.500000, 2.884708e-06, 4.242967e-06, -2.472327e-06, -1.282130e-06
30.600000, 2.802867e-06, 4.197941e-06, -2.533646e-06, -1.295269e-06
30.700000, 2.717479e-06, 4.130670e-06, -2.598445e-06, -1.317176e-06
30.800000, 2.619864e-06, 4.053360e-06, -2.665404e-06, -1.364258e-06
30.900000, 2.524710e-06, 3.962831e-06, -2.731151e-06, -1.419340e-06
31.000000, 2.424671e-06, 3.858660e-06, -2.799249e-06, -1.487284e-06
31.100000, 2.332800e-06, 3.736554e-06, -2.868815e-06, -1.560827e-06
31.200000, 2.243757e-06, 3.616033e-06, -2.925078e-06, -1.629283e-06
31.300000, 2.158034e-06, 3.494951e-06, -2.972450e-06, -1.697146e-06
31.400000, 2.080148e-06, 3.364221e-06, -3.013345e-06, -1.774087e-06
31.500000, 2.000569e-06, 3.236185e-06, -3.053684e-06, -1.847863e-06
31.600000, 1.923067e-06, 3.111915e-06, -3.085663e-06, -1.936790e-06
31.700000, 1.862052e-06, 2.989375e-06, -3.100249e-06, -2.009323e-06
31.800000, 1.806943e-06, 2.859269e-06, -3.097478e-06, -2.074766e-06
31.900000, 1.756516e-06, 2.728584e-06, -3.088807e-06, -2.139737e-06
32.000000, 1.720997e-06, 2.601167e-06, -3.073720e-06, -2.204880e-06
32.100000, 1.689711e-06, 2.478254e-06, -3.056496e-06, -2.270618e-06
32.200000, 1.658588e-06, 2.354823e-06, -3.033038e-06, -2.330262e-06
32.300000, 1.630066e-06, 2.239100e-06, -3.001065e-06, -2.392642e-06
32.400000, 1.605865e-06, 2.129767e-06, -2.957001e-06, -2.441213e-06
32.500000, 1.583886e-06, 2.020297e-06, -2.915265e-06, -2.483809e-06
32.600000, 1.567910e-06, 1.912762e-06, -2.870409e-06, -2.526720e-06
32.700000, 1.564603e-06, 1.812533e-06, -2.821308e-06, -2.565464e-06
32.800000, 1.562894e-06, 1.717081e-06, -2.762807e-06, -2.592633e-06
32.900000, 1.562196e-06, 1.622198e-06, -2.699400e-06, -2.613562e-06
33.000000, 1.564693e-06, 1.533274e-06, -2.633339e-06, -2.631721e-06
33.100000, 1.563954e-06, 1.459810e-06, -2.566976e-06, -2.641088e-06
33.200000, 1.570250e-06, 1.386499e-06, -2.496803e-06, -2.651581e-06
33.300000, 1.577525e-06, 1.316620e-06, -2.433181e-06, -2.649047e-06
33.400000, 1.586365e-06, 1.258681e-06, -2.367608e-06, -2.635173e-06
33.500000, 1.599608e-06, 1.207496e-06, -2.299194e-06, -2.613800e-06
33.600000, 1.604815e-06, 1.157238e-06, -2.229739e-06, -2.588474e-06
33.700000, 1.612494e-06, 1.114909e-06, -2.158886e-06, -2.557348e-06
33.800000, 1.617662e-06, 1.081974e-06, -2.095696e-06, -2.523164e-06
33.900000, 1.620613e-06, 1.059330e-06, -2.035099e-06, -2.478831e-06
34.000000, 1.618480e-06, 1.042544e-06, -1.970587e-06, -2.428354e-06
34.100000, 1.611713e-06, 1.031946e-06, -1.910056e-06, -2.379870e-06
34.200000, 1.603629e-06, 1.027263e-06, -1.852640e-06, -2.322100e-06
34.300000, 1.593292e-06, 1.030021e-06, -1.803591e-06, -2.259574e-06
34.400000, 1.580615e-06, 1.038366e-06, -1.759593e-06, -2.193749e-06
34.500000, 1.567311e-06, 1.046942e-06, -1.722830e-06, -2.123485e-06
34.600000, 1.548427e-06, 1.062515e-06, -1.680125e-06, -2.049558e-06
34.700000, 1.529728e-06, 1.081502e-06, -1.642541e-06, -1.970317e-06
34.800000, 1.511394e-06, 1.099540e-06, -1.603267e-06, -1.884570e-06
34.900000, 1.489730e-06, 1.122543e-06, -1.567208e-06, -1.807936e-06
35.000000, 1.456492e-06, 1.153984e-06, -1.535293e-06, -1.733317e-06
35.100000, 1.423498e-06, 1.178146e-06, -1.507143e-06, -1.659833e-06
35.200000, 1.397238e-06, 1.196506e-06, -1.486013e-06, -1.590404e-06
35.300000, 1.366087e-06, 1.221626e-06, -1.465708e-06, -1.521320e-06
35.400000, 1.331908e-06, 1.247766e-06, -1.446783e-06, -1.457566e-06
35.500000, 1.298570e-06, 1.270311e-06, -1.428483e-06, -1.394911e-06
35.600000, 1.268241e-06, 1.292586e-06, -1.413948e-06, -1.337185e-06
35.700000, 1.236004e-06, 1.313086e-06, -1.403366e-06, -1.281815e-06
35.800000, 1.202832e-06, 1.326873e-06, -1.391217e-06, -1.230609e-06
35.900000, 1.174548e-06, 1.339676e-06, -1.380131e-06, -1.188097e-06
36.000000, 1.144440e-06, 1.347612e-06, -1.368837e-06, -1.150721e-06
36.100000, 1.116008e-06, 1.352082e-06, -1.357980e-06, -1.115821e-06
36.200000, 1.094561e-06, 1.356749e-06, -1.342570e-06, -1.078565e-06
36.300000, 1.071520e-06, 1.359508e-06, -1.328959e-06, -1.055142e-06
36.400000, 1.048596e-06, 1.353309e-06, -1.311391e-06, -1.034918e-06
36.500000, 1.031475e-06, 1.339715e-06, -1.293183e-06, -1.017798e-06
36.600000, 1.013842e-06, 1.324912e-06, -1.278070e-06, -1.008738e-06
36.700000, 9.957908e-07, 1.306636e-06, -1.267150e-06, -1.003016e-06
36.800000, 9.840634e-07, 1.284282e-06, -1.250451e-06, -1.003153e-06
36.900000, 9.724671e-07, 1.257768e-06, -1.234877e-06, -9.985532e-07
37.000000, 9.599047e-07, 1.232913e-06, -1.216786e-06, -9.944428e-07
37.100000, 9.487320e-07, 1.204331e-06, -1.195105e-06, -9.977228e-07
37.200000, 9.384779e-07, 1.172311e-06, -1.175389e-06, -1.000218e-06
37.300000, 9.268708e-07, 1.139335e-06, -1.151652e-06, -1.006327e-06
37.400000, 9.180331e-07, 1.103678e-06, -1.132545e-06, -1.010250e-06
37.500000, 9.056991e-07, 1.069375e-06, -1.113745e-06, -1.015235e-06
37.600000, 8.958544e-07, 1.033189e-06, -1.094043e-06, -1.021277e-06
37.700000, 8.885928e-07, 9.975382e-07, -1.070185e-06, -1.024892e-06
37.800000, 8.809099e-07, 9.633792e-07, -1.047139e-06, -1.023131e-06
37.900000, 8.718330e-07, 9.234260e-07, -1.023732e-06, -1.022146e-06
38.000000, 8.610261e-07, 8.873914e-07, -1.000272e-06, -1.022670e-06
38.100000, 8.503577e-07, 8.545452e-07, -9.773730e-07, -1.017316e-06
38.200000, 8.350792e-07, 8.208528e-07, -9.501784e-07, -1.014738e-06
38.300000, 8.210711e-07, 7.885068e-07, -9.266886e-07, -1.005933e-06
38.400000, 8.098560e-07, 7.564843e-07, -9.023578e-07, -9.937368e-07
38.500000, 7.969823e-07, 7.264469e-07, -8.779153e-07, -9.790342e-07
38.600000, 7.816770e-07, 6.958780e-07, -8.517148e-07, -9.635034e-07
38.700000, 7.646761e-07, 6.698998e-07, -8.251460e-07, -9.486551e-07
38.800000, 7.448661e-07, 6.450405e-07, -7.982491e-07, -9.355750e-07
38.900000, 7.248241e-07, 6.177782e-07, -7.714655e-07, -9.181809e-07
39.000000, 7.090894e-07, 5.913514e-07, -7.467274e-07, -8.948356e-07
39.100000, 6.900423e-07, 5.679105e-07, -7.236093e-07, -8.694164e-07
39.200000, 6.726671e-07, 5.458017e-07, -6.982512e-07, -8.437703e-07
39.300000, 6.554314e-07, 5.212715e-07, -6.725133e-07, -8.167848e-07
39.400000, 6.361266e-07, 4.998620e-07, -6.475678e-07, -7.912601e-07
39.500000, 6.169508e-07, 4.827783e-07, -6.235826e-07, -7.648399e-07
39.600000, 6.002985e-07, 4.637720e-07, -5.989266e-07, -7.409589e-07
39.700000, 5.828370e-07, 4.469746e-07, -5.766708e-07, -7.125073e-07
39.800000, 5.639609e-07, 4.309194e-07, -5.547513e-07, -6.833873e-07
39.900000, 5.447962e-07, 4.164091e-07, -5.316347e-07, -6.563295e-07
40.000000, 5.256467e-07, 4.057764e-07, -5.107011e-07, -6.287616e-07
40.100000, 5.112299e-07, 3.967400e-07, -4.905525e-07, -5.998008e-07
40.200000, 4.967170e-07, 3.884969e-07, -4.716903e-07, -5.694468e-07
40.300000, 4.829657e-07, 3.806007e-07, -4.534965e-07, -5.350993e-07
40.400000, 4.667069e-07, 3.712500e-07, -4.344837e-07, -5.093162e-07
40.500000, 4.524364e-07, 3.608607e-07, -4.161412e-07, -4.795482e-07
40.600000, 4.398679e-07, 3.548492e-07, -3.964248e-07, -4.494750e-07
40.700000, 4.255440e-07, 3.494977e-07, -3.797627e-07, -4.221582e-07
40.800000, 4.119451e-07, 3.428118e-07, -3.643592e-07, -3.937530e-07
40.900000, 3.972027e-07, 3.366758e-07, -3.481632e-07, -3.677378e-07
41.000000, 3.849997e-07, 3.307535e-07, -3.330718e-07, -3.437568e-07
41.100000, 3.733193e-07, 3.270867e-07, -3.181651e-07, -3.189675e-07
41.200000, 3.604282e-07, 3.225602e-07, -3.029744e-07, -2.958841e-07
41.300000, 3.474705e-07, 3.170925e-07, -2.899095e-07, -2.746087e-07
41.400000, 3.355793e-07, 3.118824e-07, -2.775910e-07, -2.516823e-07
41.500000, 3.255420e-07, 3.058340e-07, -2.650579e-07, -2.285759e-07
41.600000, 3.120213e-07, 3.018272e-07, -2.521729e-07, -2.086225e-07
41.700000, 3.007711e-07, 2.962195e-07, -2.407127e-07, -1.902687e-07
41.800000, 2.893475e-07, 2.924490e-07, -2.292340e-07, -1.713011e-07
41.900000, 2.783889e-07, 2.885747e-07, -2.199013e-07, -1.532223e-07
42.000000, 2.661139e-07, 2.829095e-07, -2.103822e-07, -1.384907e-07
42.100000, 2.552707e-07, 2.762906e-07, -2.005867e-07, -1.250115e-07
42.200000, 2.435521e-07, 2.721380e-07, -1.916807e-07, -1.123928e-07
42.300000, 2.328569e-07, 2.671375e-07, -1.832073e-07, -1.015414e-07
42.400000, 2.220356e-07, 2.617842e-07, -1.769751e-07, -9.421278e-08
42.500000, 2.112529e-07, 2.565034e-07, -1.726710e-07, -8.813653e-08
42.600000, 2.013840e-07, 2.512107e-07, -1.680119e-07, -8.228716e-08
42.700000, 1.924365e-07, 2.444843e-07, -1.620314e-07, -7.684647e-08
42.800000, 1.842755e-07, 2.381622e-07, -1.565217e-07, -7.193045e-08
42.900000, 1.761035e-07, 2.315870e-07, -1.520732e-07, -6.840240e-08
43.000000, 1.680367e-07, 2.261395e-07, -1.475695e-07, -6.638074e-08
43.100000, 1.623984e-07, 2.195969e-07, -1.436926e-07, -6.435736e-08
43.200000, 1.566192e-07, 2.124237e-07, -1.395935e-07, -6.268503e-08
43.300000, 1.511759e-07, 2.062527e-07, -1.349298e-07, -6.118982e-08
43.400000, 1.457619e-07, 2.021702e-07, -1.301979e-07, -6.148599e-08
43.500000, 1.419005e-07, 1.966856e-07, -1.267595e-07, -6.286932e-08
43.600000, 1.393385e-07, 1.906140e-07, -1.233265e-07, -6.271502e-08
43.700000, 1.384480e-07, 1.834315e-07, -1.207848e-07, -6.449309e-08
43.800000, 1.367548e-07, 1.774162e-07, -1.178225e-07, -6.649527e-08
43.900000, 1.357466e-07, 1.716347e-07, -1.129649e-07, -6.714955e-08
44.000000, 1.341922e-07, 1.664753e-07, -1.097064e-07, -6.973064e-08
44.100000, 1.319923e-07, 1.618923e-07, -1.072050e-07, -7.211887e-08
44.200000, 1.295882e-07, 1.581541e-07, -1.032112e-07, -7.271722e-08
44.300000, 1.296780e-07, 1.534897e-07, -9.990746e-08, -7.346540e-08
44.400000, 1.293500e-07, 1.487122e-07, -9.744287e-08, -7.481367e-08
44.500000, 1.273450e-07, 1.434820e-07, -9.545206e-08, -7.665714e-08
44.600000, 1.259270e-07, 1.383145e-07, -9.298035e-08, -7.993417e-08
44.700000, 1.252355e-07, 1.346614e-07, -9.121443e-08, -8.164966e-08
44.800000, 1.236449e-07, 1.316504e-07, -8.963282e-08, -8.298996e-08
44.900000, 1.223562e-07, 1.281264e-07, -8.789647e-08, -8.388344e-08
45.000000, 1.213427e-07, 1.248310e-07, -8.577835e-08, -8.294193e-08
45.100000, 1.201640e-07, 1.215023e-07, -8.371294e-08, -8.247642e-08
45.200000, 1.162584e-07, 1.177361e-07, -8.193892e-08, -8.352441e-08
45.300000, 1.141831e-07, 1.132645e-07, -8.100669e-08, -8.458579e-08
45.400000, 1.119803e-07, 1.097636e-07, -7.998062e-08, -8.457291e-08
45.500000, 1.104035e-07, 1.069006e-07, -7.942431e-08, -8.329047e-08
45.600000, 1.081977e-07, 1.039178e-07, -7.849785e-08, -8.300606e-08
45.700000, 1.056730e-07, 1.008890e-07, -7.763581e-08, -8.238935e-08
45.800000, 1.021747e-07, 9.887676e-08, -7.697244e-08, -8.128806e-08
45.900000, 9.885206e-08, 9.604248e-08, -7.663239e-08, -7.938638e-08
46.000000, 9.546406e-08, 9.440479e-08, -7.706784e-08, -7.863232e-08
46.100000, 9.304681e-08, 9.266376e-08, -7.739311e-08, -7.632553e-08
46.200000, 8.983697e-08, 9.085054e-08, -7.730177e-08, -7.357695e-08
46.300000, 8.583309e-08, 8.947122e-08, -7.767741e-08, -7.048716e-08
46.400000, 8.248803e-08, 8.756296e-08, -7.749818e-08, -6.811394e-08
46.500000, 7.896425e-08, 8.584589e-08, -7.761413e-08, -6.529730e-08
46.600000, 7.484309e-08, 8.504459e-08, -7.646608e-08, -6.296612e-08
46.700000, 7.138498e-08, 8.458364e-08, -7.614353e-08, -6.079798e-08
46.800000, 6.809144e-08, 8.287355e-08, -7.631515e-08, -5.902374e-08
46.900000, 6.404977e-08, 8.141839e-08, -7.717886e-08, -5.705801e-08
47.000000, 5.997135e-08, 8.069439e-08, -7.751075e-08, -5.604645e-08
47.100000, 5.729353e-08, 7.980238e-08, -7.845193e-08, -5.454492e-08
47.200000, 5.410335e-08, 7.975518e-08, -7.834393e-08, -5.292090e-08
47.300000, 5.103749e-08, 7.876183e-08, -7.861649e-08, -5.167743e-08
47.400000, 4.781674e-08, 7.807813e-08, -7.906041e-08, -5.059880e-08
47.500000, 4.529542e-08, 7.748287e-08, -7.912826e-08, -4.943670e-08
47.600000, 4.360875e-08, 7.695147e-08, -7.962256e-08, -4.876696e-08
47.700000, 4.122067e-08, 7.585783e-08, -8.042011e-08, -4.855459e-08
47.800000, 3.924026e-08, 7.460564e-08, -8.060899e-08, -4.865002e-08
47.900000, 3.783634e-08, 7.357745e-08, -8.022960e-08, -4.849169e-08
48.000000, 3.650258e-08, 7.305674e-08, -8.021060e-08, -4.928652e-08
48.100000, 3.533173e-08, 7.219191e-08, -8.056271e-08, -5.020441e-08
48.200000, 3.407483e-08, 7.114186e-08, -8.044997e-08, -5.170283e-08
48.300000, 3.300159e-08, 7.008161e-08, -8.038799e-08, -5.220646e-08
48.400000, 3.264299e-08, 6.858580e-08, -7.976547e-08, -5.271567e-08
48.500000, 3.270445e-08, 6.725223e-08, -7.950211e-08, -5.325898e-08
48.600000, 3.273182e-08, 6.588055e-08, -7.890074e-08, -5.350098e-08
48.700000, 3.194652e-08, 6.475184e-08, -7.841202e-08, -5.434735e-08
48.800000, 3.128488e-08, 6.360897e-08, -7.837916e-08, -5.481354e-08
48.900000, 3.168230e-08, 6.217279e-08, -7.787831e-08, -5.560142e-08
49.000000, 3.187602e-08, 6.131692e-08, -7.723214e-08, -5.640338e-08
49.100000, 3.192887e-08, 6.056480e-08, -7.656474e-08, -5.721683e-08
49.200000, 3.194550e-08, 5.988413e-08, -7.577174e-08, -5.804713e-08
49.300000, 3.208288e-08, 5.899139e-08, -7.536786e-08, -5.829550e-08
49.400000, 3.295098e-08, 5.840532e-08, -7.493114e-08, -5.850046e-08
49.500000, 3.380759e-08, 5.732774e-08, -7.446050e-08, -5.877206e-08
49.600000, 3.422694e-08, 5.679310e-08, -7.368414e-08, -5.885268e-08
49.700000, 3.463819e-08, 5.593266e-08, -7.248212e-08, -5.908529e-08
49.800000, 3.512108e-08, 5.511849e-08, -7.109700e-08, -5.907542e-08
49.900000, 3.528718e-08, 5.453222e-08, -7.021456e-08, -5.902079e-08
50.000000, 3.594786e-08, 5.391529e-08, -6.921681e-08, -5.841305e-08
50.100000, 3.675101e-08, 5.319129e-08, -6.825166e-08, -5.824482e-08
50.200000, 3.725682e-08, 5.268666e-08, -6.685259e-08, -5.782164e-08
50.300000, 3.792206e-08, 5.235337e-08, -6.555871e-08, -5.737193e-08
50.400000, 3.877590e-08, 5.223037e-08, -6.446882e-08, -5.715694e-08
50.500000, 3.942884e-08, 5.192873e-08, -6.396841e-08, -5.651217e-08
50.600000, 3.992834e-08, 5.160161e-08, -6.291000e-08, -5.619345e-08
50.700000, 4.053246e-08, 5.136991e-08, -6.164960e-08, -5.550706e-08
50.800000, 4.083140e-08, 5.113570e-08, -6.039715e-08, -5.431478e-08
50.900000, 4.155963e-08, 5.059791e-08, -5.944038e-08, -5.359983e-08
51.000000, 4.219995e-08, 5.057088e-08, -5.864908e-08, -5.271930e-08
51.100000, 4.262257e-08, 5.004266e-08, -5.731670e-08, -5.186091e-08
51.200000, 4.285875e-08, 4.962761e-08, -5.605883e-08, -5.129176e-08
51.300000, 4.284645e-08, 4.913861e-08, -5.491339e-08, -5.090379e-08
51.400000, 4.314088e-08, 4.891252e-08, -5.382101e-08, -5.042820e-08
51.500000, 4.345856e-08, 4.819854e-08, -5.309618e-08, -4.947006e-08
51.600000, 4.374842e-08, 4.806538e-08, -5.212831e-08, -4.876795e-08
51.700000, 4.410552e-08, 4.782875e-08, -5.125743e-08, -4.789416e-08
51.800000, 4.443937e-08, 4.749798e-08, -5.041863e-08, -4.708465e-08
51.900000, 4.475804e-08, 4.706881e-08, -4.965961e-08, -4.574671e-08
52.000000, 4.453370e-08, 4.679893e-08, -4.892365e-08, -4.461133e-08
52.100000, 4.402698e-08, 4.649416e-08, -4.856137e-08, -4.395929e-08
52.200000, 4.370499e-08, 4.595421e-08, -4.784719e-08, -4.298549e-08
52.300000, 4.348164e-08, 4.541505e-08, -4.698524e-08, -4.208345e-08
52.400000, 4.317709e-08, 4.483228e-08, -4.652609e-08, -4.134098e-08
52.500000, 4.298991e-08, 4.394426e-08, -4.553902e-08, -4.067717e-08
52.600000, 4.284372e-08, 4.360779e-08, -4.459968e-08, -3.977141e-08
52.700000, 4.287218e-08, 4.332764e-08, -4.399204e-08, -3.876932e-08
52.800000, 4.245145e-08, 4.295891e-08, -4.355829e-08, -3.823947e-08
52.900000, 4.180349e-08, 4.233804e-08, -4.311404e-08, -3.741930e-08
53.000000, 4.107665e-08, 4.190012e-08, -4.256018e-08, -3.711424e-08
53.100000, 4.058969e-08, 4.107327e-08, -4.197430e-08, -3.659454e-08
53.200000, 4.007433e-08, 4.074390e-08, -4.156984e-08, -3.591862e-08
53.300000, 3.946880e-08, 4.038764e-08, -4.117068e-08, -3.540698e-08
53.400000, 3.904391e-08, 3.981427e-08, -4.070593e-08, -3.460956e-08
53.500000, 3.876998e-08, 3.930545e-08, -3.995964e-08, -3.382150e-08
53.600000, 3.835454e-08, 3.871126e-08, -3.908131e-08, -3.299760e-08
53.700000, 3.770286e-08, 3.804424e-08, -3.844795e-08, -3.266089e-08
53.800000, 3.688706e-08, 3.751493e-08, -3.796726e-08, -3.241610e-08
53.900000, 3.640173e-08, 3.687567e-08, -3.761516e-08, -3.221268e-08
54.000000, 3.579736e-08, 3.624551e-08, -3.693488e-08, -3.201377e-08
54.100000, 3.537620e-08, 3.565773e-08, -3.651747e-08, -3.150184e-08
54.200000, 3.485861e-08, 3.513746e-08, -3.605878e-08, -3.134088e-08
54.300000, 3.418190e-08, 3.446249e-08, -3.559883e-08, -3.093819e-08
54.400000, 3.351494e-08, 3.393547e-08, -3.507860e-08, -3.038558e-08
54.500000, 3.322675e-08, 3.320514e-08, -3.448883e-08, -3.010983e-08
54.600000, 3.274527e-08, 3.251776e-08, -3.405275e-08, -2.996390e-08
54.700000, 3.212847e-08, 3.182063e-08, -3.335033e-08, -2.981762e-08
54.800000, 3.143026e-08, 3.128130e-08, -3.283854e-08, -2.965974e-08
54.900000, 3.099093e-08, 3.068667e-08, -3.228849e-08, -2.936625e-08
55.000000, 3.056360e-08, 3.027543e-08, -3.153300e-08, -2.900598e-08
55.100000, 3.034826e-08, 2.980483e-08, -3.084811e-08, -2.835123e-08
55.200000, 2.993139e-08, 2.934271e-08, -3.005510e-08, -2.777972e-08
55.300000, 2.943202e-08, 2.862719e-08, -2.950522e-08, -2.736348e-08
55.400000, 2.888110e-08, 2.807532e-08, -2.889355e-08, -2.719978e-08
55.500000, 2.852022e-08, 2.748699e-08, -2.848690e-08, -2.662359e-08
55.600000, 2.802255e-08, 2.704211e-08, -2.777924e-08, -2.625615e-08
55.700000, 2.763417e-08, 2.662541e-08, -2.705138e-08, -2.572855e-08
55.800000, 2.714907e-08, 2.609335e-08, -2.627706e-08, -2.516939e-08
55.900000, 2.679248e-08, 2.546095e-08, -2.567280e-08, -2.474675e-08
56.000000, 2.644471e-08, 2.507867e-08, -2.514238e-08, -2.422228e-08
56.100000, 2.590110e-08, 2.468789e-08, -2.457798e-08, -2.391674e-08
56.200000, 2.517770e-08, 2.428128e-08, -2.402068e-08, -2.368966e-08
56.300000, 2.463628e-08, 2.380880e-08, -2.343474e-08, -2.338229e-08
56.400000, 2.423200e-08, 2.346153e-08, -2.289310e-08, -2.301461e-08
56.500000, 2.385907e-08, 2.295538e-08, -2.249615e-08, -2.236489e-08
56.600000, 2.315445e-08, 2.267224e-08, -2.193088e-08, -2.200841e-08
56.700000, 2.262176e-08, 2.216528e-08, -2.137421e-08, -2.147410e-08
56.800000, 2.210720e-08, 2.187598e-08, -2.069344e-08, -2.090302e-08
56.900000, 2.184325e-08, 2.132959e-08, -2.011594e-08, -2.041423e-08
57.000000, 2.136338e-08, 2.096053e-08, -1.959833e-08, -2.022257e-08
57.100000, 2.079012e-08, 2.059749e-08, -1.922853e-08, -1.994421e-08
57.200000, 2.023595e-08, 2.017380e-08, -1.867758e-08, -1.953037e-08
57.300000, 1.983852e-08, 1.979098e-08, -1.823730e-08, -1.906253e-08
57.400000, 1.946187e-08, 1.943679e-08, -1.784338e-08, -1.869949e-08
57.500000, 1.909353e-08, 1.907442e-08, -1.742800e-08, -1.836242e-08
57.600000, 1.863783e-08, 1.873346e-08, -1.691527e-08, -1.792488e-08
57.700000, 1.823648e-08, 1.826918e-08, -1.651681e-08, -1.740439e-08
57.800000, 1.784463e-08, 1.785969e-08, -1.619247e-08, -1.707156e-08
57.900000, 1.759497e-08, 1.742080e-08, -1.595314e-08, -1.652435e-08
58.000000, 1.721057e-08, 1.710249e-08, -1.554418e-08, -1.608590e-08
58.100000, 1.687068e-08, 1.663177e-08, -1.518173e-08, -1.566970e-08
58.200000, 1.653870e-08, 1.625620e-08, -1.490277e-08, -1.529394e-08
58.300000, 1.625386e-08, 1.582835e-08, -1.460476e-08, -1.486750e-08
58.400000, 1.589561e-08, 1.550730e-08, -1.422396e-08, -1.455646e-08
58.500000, 1.554656e-08, 1.507551e-08, -1.386706e-08, -1.426895e-08
58.600000, 1.514288e-08, 1.469659e-08, -1.356564e-08, -1.398405e-08
58.700000, 1.485157e-08, 1.428083e-08, -1.330526e-08, -1.362728e-08
58.800000, 1.455703e-08, 1.396320e-08, -1.299865e-08, -1.316976e-08
58.900000, 1.420570e-08, 1.358339e-08, -1.274879e-08, -1.279981e-08
59.000000, 1.374496e-08, 1.321221e-08, -1.241484e-08, -1.248839e-08
59.100000, 1.343794e-08, 1.277149e-08, -1.215669e-08, -1.201917e-08
59.200000, 1.308591e-08, 1.244053e-08, -1.189209e-08, -1.169958e-08
59.300000, 1.275371e-08, 1.210366e-08, -1.175698e-08, -1.133835e-08
59.400000, 1.232122e-08, 1.181354e-08, -1.155047e-08, -1.103234e-08
59.500000, 1.197794e-08, 1.150374e-08, -1.134207e-08, -1.068589e-08
59.600000, 1.162286e-08, 1.123357e-08, -1.115384e-08, -1.035633e-08
59.700000, 1.132867e-08, 1.090953e-08, -1.096978e-08, -1.010100e-08
59.800000, 1.100504e-08, 1.064979e-08, -1.080848e-08, -9.989175e-09
59.900000, 1.068218e-08, 1.035128e-08, -1.062532e-08, -9.779370e-09
60.000000, 1.035750e-08, 1.006321e-08, -1.036467e-08, -9.532393e-09
60.100000, 1.010993e-08, 9.762048e-09, -1.013677e-08, -9.185663e-09
60.200000, 9.860756e-09, 9.547562e-09, -9.917898e-09, -8.945153e-09
60.300000, 9.662867e-09, 9.241778e-09, -9.741506e-09, -8.649367e-09
60.400000, 9.434229e-09, 9.056616e-09, -9.504829e-09, -8.405403e-09
60.500000, 9.254727e-09, 8.751617e-09, -9.359495e-09, -8.141762e-09
60.600000, 8.952098e-09, 8.554795e-09, -9.145794e-09, -8.004054e-09
60.700000, 8.703782e-09, 8.339198e-09, -8.961452e-09, -7.793763e-09
60.800000, 8.423463e-09, 8.188017e-09, -8.742305e-09, -7.614759e-09
60.900000, 8.196515e-09, 7.982441e-09, -8.520850e-09, -7.369774e-09
61.000000, 7.945169e-09, 7.807692e-09, -8.281529e-09, -7.179421e-09
61.100000, 7.773257e-09, 7.600365e-09, -8.094726e-09, -6.967516e-09
61.200000, 7.600999e-09, 7.400467e-09, -7.872870e-09, -6.807426e-09
61.300000, 7.386343e-09, 7.204834e-09, -7.686113e-09, -6.678856e-09
61.400000, 7.187424e-09, 7.020968e-09, -7.522809e-09, -6.595789e-09
61.500000, 7.048498e-09, 6.777045e-09, -7.404860e-09, -6.446927e-09
61.600000, 6.833208e-09, 6.647343e-09, -7.202141e-09, -6.309139e-09
61.700000, 6.637033e-09, 6.486176e-09, -7.031076e-09, -6.127604e-09
61.800000, 6.408512e-09, 6.349742e-09, -6.844488e-09, -5.982089e-09
61.900000, 6.240909e-09, 6.173225e-09, -6.695014e-09, -5.792072e-09
62.000000, 6.067279e-09, 6.078989e-09, -6.511627e-09, -5.669102e-09
62.100000, 5.907055e-09, 5.900360e-09, -6.327438e-09, -5.537699e-09
62.200000, 5.747435e-09, 5.767962e-09, -6.143901e-09, -5.403159e-09
62.300000, 5.587773e-09, 5.585763e-09, -6.003152e-09, -5.267110e-09
62.400000, 5.428335e-09, 5.477596e-09, -5.820947e-09, -5.126546e-09
62.500000, 5.304779e-09, 5.351805e-09, -5.692296e-09, -4.947172e-09
62.600000, 5.145196e-09, 5.248654e-09, -5.533603e-09, -4.819530e-09
62.700000, 5.009987e-09, 5.102828e-09, -5.409026e-09, -4.650218e-09
62.800000, 4.869146e-09, 5.010963e-09, -5.249718e-09, -4.500623e-09
62.900000, 4.760380e-09, 4.883033e-09, -5.125992e-09, -4.330637e-09
63.000000, 4.607419e-09, 4.768481e-09, -4.986022e-09, -4.260827e-09
63.100000, 4.454322e-09, 4.620255e-09, -4.890011e-09, -4.164171e-09
63.200000, 4.304233e-09, 4.517662e-09, -4.799059e-09, -4.066292e-09
63.300000, 4.203462e-09, 4.388756e-09, -4.699431e-09, -3.929869e-09
63.400000, 4.102580e-09, 4.325623e-09, -4.579427e-09, -3.807336e-09
63.500000, 4.013743e-09, 4.211862e-09, -4.461521e-09, -3.675808e-09
63.600000, 3.896231e-09, 4.119823e-09, -4.364557e-09, -3.594478e-09
63.700000, 3.795261e-09, 3.980416e-09, -4.303621e-09, -3.487394e-09
63.800000, 3.666642e-09, 3.897400e-09, -4.224932e-09, -3.420100e-09
63.900000, 3.567054e-09, 3.789361e-09, -4.169064e-09, -3.333023e-09
64.000000, 3.462290e-09, 3.745170e-09, -4.078113e-09, -3.251195e-09
64.100000, 3.401153e-09, 3.652716e-09, -4.017919e-09, -3.128899e-09
64.200000, 3.308945e-09, 3.605050e-09, -3.926027e-09, -3.067701e-09
64.300000, 3.239244e-09, 3.495295e-09, -3.863714e-09, -2.988290e-09
64.400000, 3.154806e-09, 3.424949e-09, -3.769480e-09, -2.926893e-09
64.500000, 3.099615e-09, 3.324620e-09, -3.700340e-09, -2.832443e-09
64.600000, 3.010569e-09, 3.249456e-09, -3.631030e-09, -2.758910e-09
64.700000, 2.946752e-09, 3.136672e-09, -3.584872e-09, -2.702617e-09
64.800000, 2.875653e-09, 3.080238e-09, -3.521737e-09, -2.670051e-09
64.900000, 2.816577e-09, 3.001630e-09, -3.458755e-09, -2.578468e-09
65.000000, 2.751767e-09, 2.957223e-09, -3.383218e-09, -2.510581e-09
65.100000, 2.704335e-09, 2.868503e-09, -3.345331e-09, -2.425422e-09
65.200000, 2.628047e-09, 2.828608e-09, -3.279164e-09, -2.382009e-09
65.300000, 2.579201e-09, 2.738320e-09, -3.224535e-09, -2.325516e-09
65.400000, 2.495372e-09, 2.692871e-09, -3.159083e-09, -2.304243e-09
65.500000, 2.444256e-09, 2.613531e-09, -3.122444e-09, -2.257273e-09
65.600000, 2.382971e-09, 2.581569e-09, -3.068853e-09, -2.241994e-09
65.700000, 2.354933e-09, 2.525673e-09, -3.028378e-09, -2.184305e-09
65.800000, 2.305479e-09, 2.498452e-09, -2.960926e-09, -2.140050e-09
65.900000, 2.256937e-09, 2.426540e-09, -2.910614e-09, -2.091839e-09
66.000000, 2.185544e-09, 2.400710e-09, -2.845540e-09, -2.052012e-09
66.100000, 2.146975e-09, 2.342110e-09, -2.801558e-09, -1.990934e-09
66.200000, 2.088741e-09, 2.327060e-09, -2.741452e-09, -1.963235e-09
66.300000, 2.048127e-09, 2.269869e-09, -2.702649e-09, -1.913906e-09
66.400000, 1.973403e-09, 2.244308e-09, -2.646645e-09, -1.917215e-09
66.500000, 1.941257e-09, 2.193709e-09, -2.610721e-09, -1.872601e-09
66.600000, 1.896738e-09, 2.182328e-09, -2.546051e-09, -1.844571e-09
66.700000, 1.874061e-09, 2.145632e-09, -2.505330e-09, -1.801070e-09
66.800000, 1.823562e-09, 2.134257e-09, -2.457055e-09, -1.780307e-09
66.900000, 1.786295e-09, 2.088497e-09, -2.423237e-09, -1.754737e-09
67.000000, 1.731213e-09, 2.074149e-09, -2.372931e-09, -1.746258e-09
67.100000, 1.696471e-09, 2.023312e-09, -2.331143e-09, -1.731382e-09
67.200000, 1.652513e-09, 2.012739e-09, -2.283476e-09, -1.720894e-09
67.300000, 1.629640e-09, 1.973269e-09, -2.244450e-09, -1.677694e-09
67.400000, 1.589087e-09, 1.964332e-09, -2.190932e-09, -1.659453e-09
67.500000, 1.573560e-09, 1.916996e-09, -2.152444e-09, -1.631604e-09
67.600000, 1.540955e-09, 1.908449e-09, -2.094149e-09, -1.630534e-09
67.700000, 1.530909e-09, 1.865155e-09, -2.066712e-09, -1.597229e-09
67.800000, 1.491505e-09, 1.854437e-09, -2.014831e-09, -1.583636e-09
67.900000, 1.472364e-09, 1.816525e-09, -1.987130e-09, -1.558104e-09
68.000000, 1.432013e-09, 1.809976e-09, -1.940412e-09, -1.556531e-09
68.100000, 1.417986e-09, 1.774874e-09, -1.907921e-09, -1.528091e-09
68.200000, 1.384409e-09, 1.764238e-09, -1.860015e-09, -1.510243e-09
68.300000, 1.374098e-09, 1.731367e-09, -1.836030e-09, -1.472620e-09
68.400000, 1.344192e-09, 1.722806e-09, -1.796657e-09, -1.459809e-09
68.500000, 1.326020e-09, 1.683448e-09, -1.769652e-09, -1.434265e-09
68.600000, 1.297445e-09, 1.678333e-09, -1.729498e-09, -1.427118e-09
68.700000, 1.285169e-09, 1.636907e-09, -1.705869e-09, -1.404073e-09
68.800000, 1.257777e-09, 1.625780e-09, -1.664392e-09, -1.398622e-09
68.900000, 1.247511e-09, 1.588184e-09, -1.644117e-09, -1.373527e-09
69.000000, 1.223647e-09, 1.581673e-09, -1.605582e-09, -1.362019e-09
69.100000, 1.222355e-09, 1.545363e-09, -1.588583e-09, -1.331129e-09
69.200000, 1.194093e-09, 1.540986e-09, -1.558489e-09, -1.323793e-09
69.300000, 1.181697e-09, 1.510186e-09, -1.541680e-09, -1.296916e-09
69.400000, 1.151826e-09, 1.508115e-09, -1.508610e-09, -1.283217e-09
69.500000, 1.142477e-09, 1.475159e-09, -1.492897e-09, -1.251511e-09
69.600000, 1.108893e-09, 1.468104e-09, -1.461078e-09, -1.241590e-09
69.700000, 1.099438e-09, 1.435129e-09, -1.448848e-09, -1.218899e-09
69.800000, 1.077443e-09, 1.426512e-09, -1.415820e-09, -1.211589e-09
69.900000, 1.070701e-09, 1.390949e-09, -1.394966e-09, -1.184983e-09
70.000000, 1.050058e-09, 1.385099e-09, -1.365651e-09, -1.178442e-09
70.100000, 1.048396e-09, 1.354150e-09, -1.356270e-09, -1.152801e-09
70.200000, 1.023593e-09, 1.347512e-09, -1.329247e-09, -1.148021e-09
70.300000, 1.014686e-09, 1.313945e-09, -1.317204e-09, -1.128411e-09
70.400000, 9.932931e-10, 1.305617e-09, -1.289883e-09, -1.122024e-09
70.500000, 9.898514e-10, 1.272123e-09, -1.280365e-09, -1.095206e-09
70.600000, 9.697739e-10, 1.264419e-09, -1.255258e-09, -1.083658e-09
70.700000, 9.646694e-10, 1.234939e-09, -1.243190e-09, -1.060798e-09
70.800000, 9.485202e-10, 1.228023e-09, -1.216454e-09, -1.055911e-09
70.900000, 9.483002e-10, 1.193580e-09, -1.204904e-09, -1.031364e-09
71.000000, 9.319768e-10, 1.186501e-09, -1.180117e-09, -1.021427e-09
71.100000, 9.317835e-10, 1.157016e-09, -1.173269e-09, -9.964135e-10
71.200000, 9.133163e-10, 1.152022e-09, -1.148572e-09, -9.880372e-10
71.300000, 9.114908e-10, 1.123134e-09, -1.136804e-09, -9.649439e-10
71.400000, 8.950722e-10, 1.116751e-09, -1.111608e-09, -9.550270e-10
71.500000, 8.964352e-10, 1.085772e-09, -1.104586e-09, -9.303733e-10
71.600000, 8.777592e-10, 1.080020e-09, -1.080869e-09, -9.233899e-10
71.700000, 8.745016e-10, 1.050878e-09, -1.070435e-09, -8.985954e-10
71.800000, 8.577604e-10, 1.044862e-09, -1.045256e-09, -8.893258e-10
71.900000, 8.591119e-10, 1.015354e-09, -1.034289e-09, -8.649186e-10
72.000000, 8.433267e-10, 1.007266e-09, -1.011938e-09, -8.581430e-10
72.100000, 8.392477e-10, 9.799512e-10, -1.003981e-09, -8.376089e-10
72.200000, 8.212990e-10, 9.736363e-10, -9.801625e-10, -8.301931e-10
72.300000, 8.183705e-10, 9.459060e-10, -9.708110e-10, -8.091570e-10
72.400000, 7.997530e-10, 9.415452e-10, -9.490717e-10, -8.022026e-10
72.500000, 7.985833e-10, 9.160889e-10, -9.402439e-10, -7.808736e-10
72.600000, 7.826782e-10, 9.119440e-10, -9.162155e-10, -7.747301e-10
72.700000, 7.797711e-10, 8.856556e-10, -9.059983e-10, -7.536751e-10
72.800000, 7.626256e-10, 8.816008e-10, -8.842400e-10, -7.474722e-10
72.900000, 7.598667e-10, 8.563612e-10, -8.754097e-10, -7.277531e-10
73.000000, 7.411306e-10, 8.519317e-10, -8.523382e-10, -7.242055e-10
73.100000, 7.368334e-10, 8.265816e-10, -8.431053e-10, -7.054096e-10
73.200000, 7.189882e-10, 8.217105e-10, -8.205734e-10, -7.002894e-10
73.300000, 7.164553e-10, 7.981513e-10, -8.113405e-10, -6.795528e-10
73.400000, 6.996673e-10, 7.940492e-10, -7.893168e-10, -6.733430e-10
73.500000, 6.966764e-10, 7.706578e-10, -7.808478e-10, -6.547466e-10
73.600000, 6.815604e-10, 7.663899e-10, -7.586725e-10, -6.490893e-10
73.700000, 6.790554e-10, 7.407073e-10, -7.494258e-10, -6.300125e-10
73.800000, 6.627556e-10, 7.358932e-10, -7.291266e-10, -6.244752e-10
73.900000, 6.599424e-10, 7.128007e-10, -7.219127e-10, -6.050844e-10
74.000000, 6.437989e-10, 7.091771e-10, -7.023181e-10, -6.000687e-10
74.100000, 6.404954e-10, 6.864642e-10, -6.952661e-10, -5.814092e-10
74.200000, 6.241038e-10, 6.822323e-10, -6.765432e-10, -5.762897e-10
74.300000, 6.221981e-10, 6.598335e-10, -6.701173e-10, -5.592056e-10
74.400000, 6.072956e-10, 6.570767e-10, -6.514563e-10, -5.547431e-10
74.500000, 6.033611e-10, 6.353301e-10, -6.452940e-10, -5.376190e-10
74.600000, 5.876291e-10, 6.319186e-10, -6.279199e-10, -5.331458e-10
74.700000, 5.853562e-10, 6.099706e-10, -6.217626e-10, -5.157825e-10
74.800000, 5.700457e-10, 6.063931e-10, -6.037356e-10, -5.111516e-10
74.900000, 5.669021e-10, 5.850490e-10, -5.982335e-10, -4.943008e-10
75.000000, 5.511205e-10, 5.815023e-10, -5.805209e-10, -4.900518e-10
75.100000, 5.473764e-10, 5.603271e-10, -5.751435e-10, -4.736977e-10
75.200000, 5.315254e-10, 5.573764e-10, -5.580603e-10, -4.694488e-10
75.300000, 5.280745e-10, 5.368533e-10, -5.527276e-10, -4.533301e-10
75.400000, 5.120765e-10, 5.343715e-10, -5.363574e-10, -4.498986e-10
75.500000, 5.078628e-10, 5.146738e-10, -5.318606e-10, -4.343226e-10
75.600000, 4.919326e-10, 5.120805e-10, -5.159818e-10, -4.309309e-10
75.700000, 4.886425e-10, 4.927890e-10, -5.106873e-10, -4.156274e-10
75.800000, 4.731882e-10, 4.908038e-10, -4.944132e-10, -4.130493e-10
75.900000, 4.693564e-10, 4.717694e-10, -4.898461e-10, -3.992697e-10
76.000000, 4.543221e-10, 4.697587e-10, -4.745229e-10, -3.967101e-10
76.100000, 4.513748e-10, 4.507782e-10, -4.702599e-10, -3.825754e-10
76.200000, 4.361972e-10, 4.488578e-10, -4.553135e-10, -3.798786e-10
76.300000, 4.327437e-10, 4.310684e-10, -4.514871e-10, -3.659768e-10
76.400000, 4.179944e-10, 4.296705e-10, -4.366226e-10, -3.638504e-10
76.500000, 4.143476e-10, 4.122649e-10, -4.323075e-10, -3.504952e-10
76.600000, 3.995713e-10, 4.112050e-10, -4.176863e-10, -3.483257e-10
76.700000, 3.964916e-10, 3.945180e-10, -4.137320e-10, -3.349289e-10
76.800000, 3.819467e-10, 3.935034e-10, -3.993258e-10, -3.328269e-10
76.900000, 3.787105e-10, 3.768865e-10, -3.957228e-10, -3.203440e-10
77.000000, 3.647307e-10, 3.763131e-10, -3.820358e-10, -3.186572e-10
77.100000, 3.621661e-10, 3.603363e-10, -3.786850e-10, -3.061530e-10
77.200000, 3.486230e-10, 3.600995e-10, -3.650635e-10, -3.048820e-10
77.300000, 3.458120e-10, 3.446621e-10, -3.618680e-10, -2.926550e-10
77.400000, 3.324629e-10, 3.443586e-10, -3.485398e-10, -2.914489e-10
77.500000, 3.300682e-10, 3.288360e-10, -3.455010e-10, -2.796533e-10
77.600000, 3.167161e-10, 3.286632e-10, -3.324281e-10, -2.786516e-10
77.700000, 3.145035e-10, 3.134489e-10, -3.297753e-10, -2.669742e-10
77.800000, 3.019931e-10, 3.135986e-10, -3.172303e-10, -2.657404e-10
77.900000, 2.998285e-10, 2.992957e-10, -3.146827e-10, -2.544285e-10
78.000000, 2.872122e-10, 2.996900e-10, -3.024934e-10, -2.535769e-10
78.100000, 2.850941e-10, 2.853643e-10, -3.000781e-10, -2.427015e-10
78.200000, 2.726889e-10, 2.859470e-10, -2.881134e-10, -2.420049e-10
78.300000, 2.707963e-10, 2.718034e-10, -2.861577e-10, -2.307904e-10
78.400000, 2.586496e-10, 2.724588e-10, -2.745252e-10, -2.301559e-10
78.500000, 2.570654e-10, 2.588138e-10, -2.727009e-10, -2.193754e-10
78.600000, 2.454557e-10, 2.594964e-10, -2.614170e-10, -2.188842e-10
78.700000, 2.440683e-10, 2.461503e-10, -2.601197e-10, -2.085237e-10
78.800000, 2.327510e-10, 2.469755e-10, -2.493413e-10, -2.079392e-10
78.900000, 2.315723e-10, 2.339019e-10, -2.480502e-10, -1.975729e-10
79.000000, 2.203476e-10, 2.348556e-10, -2.372780e-10, -1.970853e-10
79.100000, 2.194233e-10, 2.219520e-10, -2.361382e-10, -1.869920e-10
79.200000, 2.087023e-10, 2.228708e-10, -2.258758e-10, -1.867861e-10
79.300000, 2.076991e-10, 2.103044e-10, -2.250040e-10, -1.771238e-10
79.400000, 1.973199e-10, 2.115113e-10, -2.151624e-10, -1.770755e-10
79.500000, 1.967290e-10, 1.992814e-10, -2.144897e-10, -1.676117e-10
79.600000, 1.865957e-10, 2.006251e-10, -2.046697e-10, -1.676816e-10
79.700000, 1.861623e-10, 1.887504e-10, -2.042839e-10, -1.583599e-10
79.800000, 1.763221e-10, 1.902754e-10, -1.950120e-10, -1.585741e-10
79.900000, 1.759852e-10, 1.787764e-10, -1.948163e-10, -1.494373e-10
80.000000, 1.662767e-10, 1.804279e-10, -1.858059e-10, -1.497180e-10
80.100000, 1.661637e-10, 1.691150e-10, -1.857524e-10, -1.407948e-10
80.200000, 1.567024e-10, 1.708369e-10, -1.769417e-10, -1.412861e-10
80.300000, 1.566220e-10, 1.597706e-10, -1.769410e-10, -1.327940e-10
80.400000, 1.475057e-10, 1.615794e-10, -1.682393e-10, -1.331860e-10
80.500000, 1.476919e-10, 1.507706e-10, -1.683842e-10, -1.246890e-10
80.600000, 1.388820e-10, 1.527127e-10, -1.600187e-10, -1.252153e-10
80.700000, 1.389859e-10, 1.422751e-10, -1.603306e-10, -1.171183e-10
80.800000, 1.301780e-10, 1.443484e-10, -1.521598e-10, -1.178545e-10
80.900000, 1.304944e-10, 1.340577e-10, -1.526113e-10, -1.098052e-10
81.000000, 1.220258e-10, 1.362046e-10, -1.446607e-10, -1.105730e-10
81.100000, 1.224463e-10, 1.262446e-10, -1.452284e-10, -1.027425e-10
81.200000, 1.142398e-10, 1.286022e-10, -1.375068e-10, -1.036439e-10
81.300000, 1.148761e-10, 1.189031e-10, -1.381163e-10, -9.606405e-11
81.400000, 1.069273e-10, 1.213794e-10, -1.305793e-10, -9.708844e-11
81.500000, 1.076398e-10, 1.119539e-10, -1.314040e-10, -8.971633e-11
81.600000, 9.980853e-11, 1.145265e-10, -1.240412e-10, -9.091426e-11
81.700000, 1.006011e-10, 1.053217e-10, -1.248935e-10, -8.378684e-11
81.800000, 9.295149e-11, 1.079868e-10, -1.177234e-10, -8.505100e-11
81.900000, 9.392569e-11, 9.899103e-11, -1.186758e-10, -7.805703e-11
82.000000, 8.651892e-11, 1.017089e-10, -1.116240e-10, -7.943177e-11
82.100000, 8.758657e-11, 9.295225e-11, -1.126735e-10, -7.270014e-11
82.200000, 8.043921e-11, 9.577128e-11, -1.058123e-10, -7.419067e-11
82.300000, 8.165674e-11, 8.723275e-11, -1.068991e-10, -6.758589e-11
82.400000, 7.464597e-11, 9.015545e-11, -1.002110e-10, -6.914807e-11
82.500000, 7.596105e-11, 8.182981e-11, -1.014243e-10, -6.274762e-11
82.600000, 6.914167e-11, 8.485972e-11, -9.492686e-11, -6.441995e-11
82.700000, 7.055260e-11, 7.678674e-11, -9.622881e-11, -5.813724e-11
82.800000, 6.399208e-11, 7.988523e-11, -8.982973e-11, -5.981430e-11
82.900000, 6.552840e-11, 7.199793e-11, -9.113641e-11, -5.366914e-11
83.000000, 5.911731e-11, 7.516315e-11, -8.488454e-11, -5.543576e-11
83.100000, 6.074102e-11, 6.747587e-11, -8.627770e-11, -4.948260e-11
83.200000, 5.450324e-11, 7.067539e-11, -8.016774e-11, -5.130761e-11
83.300000, 5.623295e-11, 6.313472e-11, -8.162855e-11, -4.546380e-11
83.400000, 5.014645e-11, 6.639031e-11, -7.564615e-11, -4.734344e-11
83.500000, 5.189720e-11, 5.901448e-11, -7.716043e-11, -4.167091e-11
83.600000, 4.597295e-11, 6.232282e-11, -7.134438e-11, -4.362007e-11
83.700000, 4.782050e-11, 5.510983e-11, -7.293166e-11, -3.805846e-11
83.800000, 4.205328e-11, 5.848352e-11, -6.724060e-11, -4.005665e-11
83.900000, 4.397988e-11, 5.145194e-11, -6.888368e-11, -3.460338e-11
84.000000, 3.837233e-11, 5.485190e-11, -6.330876e-11, -3.665572e-11
84.100000, 4.037229e-11, 4.796988e-11, -6.499887e-11, -3.134525e-11
84.200000, 3.491504e-11, 5.140402e-11, -5.956640e-11, -3.341854e-11
84.300000, 3.696910e-11, 4.466275e-11, -6.132408e-11, -2.824032e-11
84.400000, 3.164248e-11, 4.812505e-11, -5.599111e-11, -3.036012e-11
84.500000, 3.376563e-11, 4.154217e-11, -5.778342e-11, -2.528988e-11
84.600000, 2.857074e-11, 4.505344e-11, -5.257415e-11, -2.744979e-11
84.700000, 3.074220e-11, 3.860327e-11, -5.441154e-11, -2.250649e-11
84.800000, 2.567243e-11, 4.213038e-11, -4.930462e-11, -2.471892e-11
84.900000, 2.788383e-11, 3.582297e-11, -5.117099e-11, -1.990664e-11
85.000000, 2.294134e-11, 3.937846e-11, -4.618525e-11, -2.216825e-11
85.100000, 2.520329e-11, 3.320557e-11, -4.809783e-11, -1.747329e-11
85.200000, 2.035476e-11, 3.677861e-11, -4.320794e-11, -1.977819e-11
85.300000, 2.265636e-11, 3.072223e-11, -4.515058e-11, -1.517788e-11
85.400000, 1.792732e-11, 3.432435e-11, -4.037193e-11, -1.749958e-11
85.500000, 2.026009e-11, 2.838498e-11, -4.235311e-11, -1.299526e-11
85.600000, 1.564710e-11, 3.199055e-11, -3.766756e-11, -1.535011e-11
85.700000, 1.802089e-11, 2.616880e-11, -3.966685e-11, -1.095283e-11
85.800000, 1.350196e-11, 2.978156e-11, -3.507025e-11, -1.335698e-11
85.900000, 1.589233e-11, 2.406896e-11, -3.709913e-11, -9.077550e-12
86.000000, 1.146414e-11, 2.768895e-11, -3.259310e-11, -1.148960e-11
86.100000, 1.388316e-11, 2.208806e-11, -3.463969e-11, -7.278228e-12
86.200000, 9.547384e-12, 2.571279e-11, -3.021687e-11, -9.705451e-12
86.300000, 1.199069e-11, 2.021005e-11, -3.228582e-11, -5.589709e-12
86.400000, 7.752958e-12, 2.382488e-11, -2.795078e-11, -8.042009e-12
86.500000, 1.021631e-11, 1.841627e-11, -3.004607e-11, -4.012889e-12
86.600000, 6.064140e-12, 2.203887e-11, -2.580170e-11, -6.492278e-12
86.700000, 8.552128e-12, 1.671740e-11, -2.791567e-11, -2.545486e-12
86.800000, 4.493865e-12, 2.033314e-11, -2.374197e-11, -5.032126e-12
86.900000, 6.999868e-12, 1.510666e-11, -2.586946e-11, -1.161864e-12
87.000000, 3.015057e-12, 1.871850e-11, -2.176928e-11, -3.661763e-12
87.100000, 5.527103e-12, 1.357976e-11, -2.391071e-11, 1.387195e-13
87.200000, 1.621430e-12, 1.718020e-11, -1.988709e-11, -2.367697e-12
87.300000, 4.153650e-12, 1.212367e-11, -2.204351e-11, 1.357465e-12
87.400000, 3.251492e-13, 1.571327e-11, -1.809437e-11, -1.151588e-12
87.500000, 2.864952e-12, 1.073867e-11, -2.025969e-11, 2.510144e-12
87.600000, -8.941549e-13, 1.431783e-11, -1.637620e-11, -1.498934e-15
87.700000, 1.652789e-12, 9.418557e-12, -1.855122e-11, 3.601297e-12
87.800000, -2.039368e-12, 1.298753e-11, -1.473494e-11, 1.089779e-12
87.900000, 5.083182e-13, 8.164513e-12, -1.691262e-11, 4.621497e-12
88.000000, -3.111570e-12, 1.171895e-11, -1.316122e-11, 2.110206e-12
88.100000, -5.540000e-13, 6.969095e-12, -1.535339e-11, 5.586462e-12
88.200000, -4.111228e-12, 1.050831e-11, -1.166834e-11, 3.077844e-12
88.300000, -1.553218e-12, 5.831166e-12, -1.386354e-11, 6.500149e-12
88.400000, -5.052930e-12, 9.356037e-12, -1.024122e-11, 4.000220e-12
88.500000, -2.497428e-12, 4.750276e-12, -1.243925e-11, 7.369313e-12
88.600000, -5.942138e-12, 8.257561e-12, -8.875872e-12, 4.872628e-12
88.700000, -3.390706e-12, 3.716728e-12, -1.107922e-11, 8.185137e-12
88.800000, -6.777592e-12, 7.207140e-12, -7.573895e-12, 5.693764e-12
88.900000, -4.229749e-12, 2.732875e-12, -9.779993e-12, 8.956959e-12
89.000000, -7.563290e-12, 6.206500e-12, -6.331363e-12, 6.473133e-12
89.100000, -5.017555e-12, 1.794387e-12, -8.541502e-12, 9.685824e-12
89.200000, -8.297469e-12, 5.249392e-12, -5.151288e-12, 7.206742e-12
89.300000, -5.759063e-12, 9.027989e-13, -7.364280e-12, 1.037119e-11
89.400000, -8.990151e-12, 4.338836e-12, -4.026390e-12, 7.903610e-12
89.500000, -6.457892e-12, 4.975568e-14, -6.239278e-12, 1.102107e-11
89.600000, -9.638295e-12, 3.464316e-12, -2.956400e-12, 8.559882e-12
89.700000, -7.111931e-12, -7.664630e-13, -5.170536e-12, 1.163186e-11
89.800000, -1.024538e-11, 2.626256e-12, -1.939965e-12, 9.182755e-12
89.900000, -7.728079e-12, -1.549414e-12, -4.154735e-12, 1.221236e-11
90.000000, -1.081292e-11, 1.822081e-12, -9.757423e-13, 9.773555e-12
90.100000, -8.303628e-12, -2.296355e-12, -3.189486e-12, 1.275896e-11
90.200000, -1.134604e-11, 1.053416e-12, -6.074263e-14, 1.032984e-11
90.300000, -8.847671e-12, -3.012064e-12, -2.275295e-12, 1.327257e-11
90.400000, -1.184694e-11, 3.155162e-13, 8.028143e-13, 1.085564e-11
90.500000, -9.358406e-12, -3.696901e-12, -1.409464e-12, 1.375880e-11
90.600000, -1.231422e-11, -3.914636e-13, 1.623049e-12, 1.135451e-11
90.700000, -9.835746e-12, -4.353445e-12, -5.861057e-13, 1.421733e-11
90.800000, -1.274981e-11, -1.072112e-12, 2.399398e-12, 1.182421e-11
90.900000, -1.028134e-11, -4.985214e-12, 1.928852e-13, 1.464926e-11
91.000000, -1.315584e-11, -1.727044e-12, 3.134072e-12, 1.226932e-11
91.100000, -1.070086e-11, -5.591131e-12, 9.322691e-13, 1.505606e-11
91.200000, -1.353772e-11, -2.355825e-12, 3.829501e-12, 1.268999e-11
91.300000, -1.109618e-11, -6.171713e-12, 1.632390e-12, 1.544195e-11
91.400000, -1.389683e-11, -2.959508e-12, 4.488568e-12, 1.308869e-11
91.500000, -1.146908e-11, -6.728227e-12, 2.297598e-12, 1.580325e-11
91.600000, -1.423389e-11, -3.539168e-12, 5.113998e-12, 1.346337e-11
91.700000, -1.182009e-11, -7.262540e-12, 2.930916e-12, 1.614378e-11
91.800000, -1.455009e-11, -4.097972e-12, 5.708485e-12, 1.381797e-11
91.900000, -1.215128e-11, -7.777096e-12, 3.532223e-12, 1.646384e-11
92.000000, -1.484840e-11, -4.635779e-12, 6.271491e-12, 1.415203e-11
92.100000, -1.246490e-11, -8.270366e-12, 4.104211e-12, 1.676497e-11
92.200000, -1.512838e-11, -5.153351e-12, 6.807454e-12, 1.446837e-11
92.300000, -1.275997e-11, -8.745913e-12, 4.649416e-12, 1.704837e-11
92.400000, -1.539287e-11, -5.652567e-12, 7.317330e-12, 1.476449e-11
92.500000, -1.304155e-11, -9.202386e-12, 5.168996e-12, 1.731227e-11
92.600000, -1.564399e-11, -6.132695e-12, 7.802756e-12, 1.504428e-11
92.700000, -1.330927e-11, -9.640993e-12, 5.664579e-12, 1.756283e-11
92.800000, -1.588248e-11, -6.594120e-12, 8.265241e-12, 1.531049e-11
92.900000, -1.356482e-11, -1.006157e-11, 6.137920e-12, 1.779943e-11
93.000000, -1.611010e-11, -7.039249e-12, 8.706686e-12, 1.556291e-11
93.100000, -1.380947e-11, -1.046768e-11, 6.590509e-12, 1.802322e-11
93.200000, -1.632556e-11, -7.469000e-12, 9.126965e-12, 1.580310e-11
93.300000, -1.404087e-11, -1.085821e-11, 7.021483e-12, 1.823570e-11
93.400000, -1.652800e-11, -7.882670e-12, 9.526627e-12, 1.603229e-11
93.500000, -1.425953e-11, -1.123296e-11, 7.431655e-12, 1.843755e-11
93.600000, -1.671889e-11, -8.280202e-12, 9.904885e-12, 1.625045e-11
93.700000, -1.446728e-11, -1.159130e-11, 7.820806e-12, 1.862856e-11
93.800000, -1.689971e-11, -8.660200e-12, 1.026457e-11, 1.645751e-11
93.900000, -1.466398e-11, -1.193336e-11, 8.191586e-12, 1.880861e-11
94.000000, -1.706888e-11, -9.025399e-12, 1.060445e-11, 1.665211e-11
94.100000, -1.484895e-11, -1.226156e-11, 8.541301e-12, 1.897582e-11
94.200000, -1.722698e-11, -9.375309e-12, 1.092416e-11, 1.683462e-11
94.300000, -1.502241e-11, -1.257343e-11, 8.871310e-12, 1.913222e-11
94.400000, -1.737339e-11, -9.707559e-12, 1.122387e-11, 1.700620e-11
94.500000, -1.518409e-11, -1.286755e-11, 9.180590e-12, 1.927724e-11
94.600000, -1.750824e-11, -1.002183e-11, 1.150359e-11, 1.716575e-11
94.700000, -1.533389e-11, -1.314451e-11, 9.470562e-12, 1.940955e-11
94.800000, -1.763206e-11, -1.031897e-11, 1.176444e-11, 1.731080e-11
94.900000, -1.547221e-11, -1.340459e-11, 9.740892e-12, 1.952730e-11
95.000000, -1.774314e-11, -1.059824e-11, 1.200499e-11, 1.744131e-11
95.100000, -1.559673e-11, -1.364653e-11, 9.990523e-12, 1.963037e-11
95.200000, -1.784062e-11, -1.085872e-11, 1.222575e-11, 1.755676e-11
95.300000, -1.570692e-11, -1.386972e-11, 1.022037e-11, 1.971938e-11
95.400000, -1.792377e-11, -1.110001e-11, 1.242670e-11, 1.765835e-11
95.500000, -1.580342e-11, -1.407451e-11, 1.042998e-11, 1.979350e-11
95.600000, -1.799401e-11, -1.132313e-11, 1.260745e-11, 1.774309e-11
95.700000, -1.588649e-11, -1.426175e-11, 1.061954e-11, 1.985056e-11
95.800000, -1.805080e-11, -1.152839e-11, 1.276916e-11, 1.781151e-11
95.900000, -1.595569e-11, -1.443105e-11, 1.079056e-11, 1.989268e-11
96.000000, -1.809374e-11, -1.171512e-11, 1.291300e-11, 1.786524e-11
96.100000, -1.601135e-11, -1.458248e-11, 1.094435e-11, 1.992026e-11
96.200000, -1.812418e-11, -1.188467e-11, 1.304093e-11, 1.790449e-11
96.300000, -1.605452e-11, -1.471826e-11, 1.108249e-11, 1.993416e-11
96.400000, -1.814254e-11, -1.203900e-11, 1.315335e-11, 1.792995e-11
96.500000, -1.608639e-11, -1.483954e-11, 1.120555e-11, 1.993474e-11
96.600000, -1.815108e-11, -1.217893e-11, 1.325234e-11, 1.794332e-11
96.700000, -1.610913e-11, -1.494732e-11, 1.131618e-11, 1.992508e-11
96.800000, -1.815170e-11, -1.230598e-11, 1.334000e-11, 1.794719e-11
96.900000, -1.612506e-11, -1.504353e-11, 1.141682e-11, 1.990739e-11
97.000000, -1.814687e-11, -1.242206e-11, 1.341954e-11, 1.794420e-11
97.100000, -1.613652e-11, -1.513012e-11, 1.151042e-11, 1.988370e-11
97.200000, -1.813919e-11, -1.252971e-11, 1.349320e-11, 1.793530e-11
97.300000, -1.614607e-11, -1.520984e-11, 1.159857e-11, 1.985476e-11
97.400000, -1.813090e-11, -1.263102e-11, 1.356267e-11, 1.792232e-11
97.500000, -1.615640e-11, -1.528443e-11, 1.168422e-11, 1.982374e-11
97.600000, -1.812491e-11, -1.272808e-11, 1.363118e-11, 1.790893e-11
97.700000, -1.616984e-11, -1.535629e-11, 1.176966e-11, 1.979458e-11
97.800000, -1.812370e-11, -1.282325e-11, 1.370100e-11, 1.789851e-11
97.900000, -1.618946e-11, -1.542755e-11, 1.185748e-11, 1.976897e-11
98.000000, -1.813024e-11, -1.291881e-11, 1.377442e-11, 1.789215e-11
98.100000, -1.621789e-11, -1.550069e-11, 1.194968e-11, 1.974883e-11
98.200000, -1.814648e-11, -1.301655e-11, 1.385309e-11, 1.789237e-11
98.300000, -1.625640e-11, -1.557664e-11, 1.204782e-11, 1.973657e-11
98.400000, -1.817360e-11, -1.311732e-11, 1.393874e-11, 1.790075e-11
98.500000, -1.630551e-11, -1.565628e-11, 1.215303e-11, 1.973284e-11
98.600000, -1.821129e-11, -1.322173e-11, 1.403157e-11, 1.791780e-11
98.700000, -1.636527e-11, -1.573988e-11, 1.226530e-11, 1.973813e-11
98.800000, -1.825982e-11, -1.332981e-11, 1.413152e-11, 1.794350e-11
98.900000, -1.643511e-11, -1.582704e-11, 1.238370e-11, 1.975124e-11
99.000000, -1.831734e-11, -1.344051e-11, 1.423656e-11, 1.797582e-11
99.100000, -1.651207e-11, -1.591628e-11, 1.250608e-11, 1.977091e-11
99.200000, -1.838113e-11, -1.355199e-11, 1.434488e-11, 1.801343e-11
99.300000, -1.659446e-11, -1.600525e-11, 1.263061e-11, 1.979400e-11
99.400000, -1.844909e-11, -1.366159e-11, 1.445447e-11, 1.805297e-11
99.500000, -1.667860e-11, -1.609096e-11, 1.275451e-11, 1.981776e-11
99.600000, -1.851620e-11, -1.376577e-11, 1.456116e-11, 1.809076e-11
99.700000, -1.675913e-11, -1.616964e-11, 1.287330e-11, 1.983767e-11
99.800000, -1.857712e-11, -1.386062e-11, 1.466097e-11, 1.812241e-11
99.900000, -1.683008e-11, -1.623695e-11, 1.298290e-11, 1.984956e-11
100.000000, -1.862612e-11, -1.394160e-11, 1.474951e-11, 1.814312e-11
100.100000, -1.688677e-11, -1.628838e-11, 1.307844e-11, 1.984705e-11
100.200000, -1.865845e-11, -1.400435e-11, 1.482155e-11, 1.814616e-11
100.300000, -1.692357e-11, -1.631938e-11, 1.315478e-11, 1.982432e-11
100.400000, -1.866720e-11, -1.404352e-11, 1.487146e-11, 1.812573e-11
100.500000, -1.693275e-11, -1.632427e-11, 1.320583e-11, 1.977526e-11
100.600000, -1.864574e-11, -1.405379e-11, 1.489377e-11, 1.807544e-11
100.700000, -1.691008e-11, -1.629825e-11, 1.322708e-11, 1.969300e-11
100.800000, -1.859151e-11, -1.403160e-11, 1.488508e-11, 1.798969e-11
100.900000, -1.685278e-11, -1.623889e-11, 1.321602e-11, 1.957411e-11
101.000000, -1.850072e-11, -1.397454e-11, 1.484296e-11, 1.786629e-11
101.100000, -1.675738e-11, -1.614443e-11, 1.317084e-11, 1.941796e-11
101.200000, -1.837118e-11, -1.388206e-11, 1.476654e-11, 1.770534e-11
101.300000, -1.662237e-11, -1.601426e-11, 1.309059e-11, 1.922357e-11
101.400000, -1.820174e-11, -1.375374e-11, 1.465499e-11, 1.750628e-11
101.500000, -1.644803e-11, -1.584954e-11, 1.297585e-11, 1.899266e-11
101.600000, -1.799529e-11, -1.359218e-11, 1.451071e-11, 1.727213e-11
101.700000, -1.623900e-11, -1.565366e-11, 1.283024e-11, 1.872845e-11
101.800000, -1.775682e-11, -1.340156e-11, 1.433787e-11, 1.700649e-11
101.900000, -1.600088e-11, -1.543159e-11, 1.265841e-11, 1.843566e-11
102.000000, -1.749312e-11, -1.318765e-11, 1.414208e-11, 1.671595e-11
102.100000, -1.574155e-11, -1.519015e-11, 1.246721e-11, 1.812248e-11
102.200000, -1.721290e-11, -1.295840e-11, 1.393106e-11, 1.640958e-11
102.300000, -1.547110e-11, -1.493861e-11, 1.226533e-11, 1.779932e-11
102.400000, -1.692823e-11, -1.272459e-11, 1.371477e-11, 1.609935e-11
102.500000, -1.520251e-11, -1.468852e-11, 1.206357e-11, 1.747882e-11
102.600000, -1.665175e-11, -1.249812e-11, 1.350481e-11, 1.579906e-11
102.700000, -1.494921e-11, -1.445297e-11, 1.187502e-11, 1.717702e-11
102.800000, -1.639938e-11, -1.229364e-11, 1.331608e-11, 1.552632e-11
102.900000, -1.472876e-11, -1.424737e-11, 1.171558e-11, 1.691196e-11
103.000000, -1.618965e-11, -1.212711e-11, 1.316468e-11, 1.529953e-11
103.100000, -1.456110e-11, -1.408847e-11, 1.160165e-11, 1.670245e-11
103.200000, -1.604263e-11, -1.201549e-11, 1.306746e-11, 1.513790e-11
103.300000, -1.446684e-11, -1.399324e-11, 1.155078e-11, 1.656803e-11
103.400000, -1.598069e-11, -1.197643e-11, 1.304253e-11, 1.506110e-11
103.500000, -1.446802e-11, -1.397988e-11, 1.158120e-11, 1.652899e-11
103.600000, -1.602388e-11, -1.202791e-11, 1.310808e-11, 1.509023e-11
103.700000, -1.458337e-11, -1.406582e-11, 1.171080e-11, 1.660649e-11
103.800000, -1.619090e-11, -1.218648e-11, 1.328123e-11, 1.524496e-11
103.900000, -1.483168e-11, -1.426612e-11, 1.195504e-11, 1.681717e-11
104.000000, -1.649866e-11, -1.246516e-11, 1.357515e-11, 1.553914e-11
104.100000, -1.522654e-11, -1.459141e-11, 1.232496e-11, 1.717318e-11
104.200000, -1.695768e-11, -1.287196e-11, 1.399848e-11, 1.598257e-11
104.300000, -1.577547e-11, -1.504703e-11, 1.282621e-11, 1.768055e-11
104.400000, -1.757112e-11, -1.340949e-11, 1.455355e-11, 1.657785e-11
104.500000, -1.647603e-11, -1.563165e-11, 1.345710e-11, 1.833780e-11
104.600000, -1.833124e-11, -1.407150e-11, 1.523432e-11, 1.731810e-11
104.700000, -1.731499e-11, -1.633394e-11, 1.420636e-11, 1.913259e-11
104.800000, -1.921825e-11, -1.484087e-11, 1.602291e-11, 1.818415e-11
104.900000, -1.826662e-11, -1.713135e-11, 1.505101e-11, 2.003877e-11
105.000000, -2.020092e-11, -1.569021e-11, 1.689227e-11, 1.914407e-11
105.100000, -1.929313e-11, -1.799111e-11, 1.595838e-11, 2.101826e-11
105.200000, -2.123604e-11, -1.658258e-11, 1.780490e-11, 2.015507e-11
105.300000, -2.034736e-11, -1.887327e-11, 1.688794e-11, 2.202538e-11
105.400000, -2.227163e-11, -1.747374e-11, 1.871643e-11, 2.116669e-11
105.500000, -2.137263e-11, -1.972919e-11, 1.779081e-11, 2.300389e-11
105.600000, -2.324812e-11, -1.831281e-11, 1.957516e-11, 2.211999e-11
105.700000, -2.230758e-11, -2.050733e-11, 1.861424e-11, 2.389472e-11
105.800000, -2.410244e-11, -1.904810e-11, 2.032790e-11, 2.295609e-11
105.900000, -2.309006e-11, -2.115670e-11, 1.930593e-11, 2.463927e-11
106.000000, -2.477775e-11, -1.963088e-11, 2.092538e-11, 2.361783e-11
106.100000, -2.366898e-11, -2.163248e-11, 1.982068e-11, 2.518457e-11
106.200000, -2.522745e-11, -2.002130e-11, 2.132687e-11, 2.405848e-11
106.300000, -2.400315e-11, -2.189994e-11, 2.012300e-11, 2.548997e-11
106.400000, -2.541620e-11, -2.018980e-11, 2.150233e-11, 2.424363e-11
106.500000, -2.406340e-11, -2.193532e-11, 2.018850e-11, 2.552812e-11
106.600000, -2.532283e-11, -2.011900e-11, 2.143386e-11, 2.415273e-11
106.700000, -2.383723e-11, -2.172773e-11, 2.000607e-11, 2.528525e-11
106.800000, -2.494292e-11, -1.980496e-11, 2.111726e-11, 2.378025e-11
106.900000, -2.332914e-11, -2.128141e-11, 1.957967e-11, 2.476593e-11
107.000000, -2.429177e-11, -1.926136e-11, 2.056606e-11, 2.314184e-11
107.100000, -2.256618e-11, -2.062007e-11, 1.893282e-11, 2.399711e-11
107.200000, -2.340754e-11, -1.852144e-11, 1.981331e-11, 2.227541e-11
107.300000, -2.159528e-11, -1.978436e-11, 1.810626e-11, 2.302548e-11
107.400000, -2.234231e-11, -1.763006e-11, 1.890427e-11, 2.123270e-11
107.500000, -2.047022e-11, -1.882045e-11, 1.714666e-11, 2.190440e-11
107.600000, -2.114929e-11, -1.663289e-11, 1.788501e-11, 2.006646e-11
107.700000, -1.924250e-11, -1.777251e-11, 1.609856e-11, 2.068478e-11
107.800000, -1.987760e-11, -1.557197e-11, 1.679799e-11, 1.882508e-11
107.900000, -1.795827e-11, -1.667999e-11, 1.500186e-11, 1.941203e-11
108.000000, -1.856991e-11, -1.448373e-11, 1.568014e-11, 1.755056e-11
108.100000, -1.665626e-11, -1.557584e-11, 1.389007e-11, 1.812427e-11
108.200000, -1.726059e-11, -1.339731e-11, 1.456112e-11, 1.627669e-11
108.300000, -1.536615e-11, -1.448523e-11, 1.278879e-11, 1.685067e-11
108.400000, -1.597444e-11, -1.233383e-11, 1.346242e-11, 1.502800e-11
108.500000, -1.410799e-11, -1.342527e-11, 1.171546e-11, 1.561120e-11
108.600000, -1.472718e-11, -1.130666e-11, 1.239770e-11, 1.382010e-11
108.700000, -1.289374e-11, -1.240597e-11, 1.068042e-11, 1.441754e-11
108.800000, -1.352754e-11, -1.032289e-11, 1.137441e-11, 1.266127e-11
108.900000, -1.172922e-11, -1.143190e-11, 9.688589e-12, 1.327504e-11
109.000000, -1.237860e-11, -9.384779e-12, 1.039516e-11, 1.155425e-11
109.100000, -1.061491e-11, -1.050312e-11, 8.740341e-12, 1.218397e-11
109.200000, -1.127842e-11, -8.490347e-12, 9.458226e-12, 1.049694e-11
109.300000, -9.546707e-12, -9.615754e-12, 7.832068e-12, 1.114002e-11
109.400000, -1.022100e-11, -7.634030e-12, 8.558321e-12, 9.483050e-12
109.500000, -8.517074e-12, -8.762914e-12, 6.957123e-12, 1.013532e-11
109.600000, -9.197794e-12, -6.808111e-12, 7.687922e-12, 8.503753e-12
109.700000, -7.517129e-12, -7.936596e-12, 6.107712e-12, 9.160752e-12
109.800000, -8.200248e-12, -6.004854e-12, 6.839544e-12, 7.550281e-12
109.900000, -6.539159e-12, -7.129793e-12, 5.277093e-12, 8.208435e-12
110.000000, -7.221796e-12, -5.218253e-12, 6.007434e-12, 6.615931e-12
110.100000, -5.577819e-12, -6.337532e-12, 4.460559e-12, 7.272850e-12
110.200000, -6.258168e-12, -4.444229e-12, 5.187802e-12, 5.696212e-12
110.300000, -4.629641e-12, -5.556417e-12, 3.655014e-12, 6.350316e-12
110.400000, -5.306409e-12, -3.679855e-12, 4.378020e-12, 4.788005e-12
110.500000, -3.691939e-12, -4.783767e-12, 2.858086e-12, 5.438006e-12
110.600000, -4.363850e-12, -2.922477e-12, 3.575738e-12, 3.888499e-12
110.700000, -2.761813e-12, -4.016726e-12, 2.067219e-12, 4.532853e-12
110.800000, -3.427118e-12, -2.168821e-12, 2.777973e-12, 2.994135e-12
110.900000, -1.835162e-12, -3.251390e-12, 1.278784e-12, 3.630571e-12
111.000000, -2.491140e-12, -1.414163e-12, 1.980256e-12, 2.099678e-12
111.100000, -9.058077e-13, -2.482098e-12, 4.873727e-13, 2.724829e-12
111.200000, -1.548701e-12, -6.519642e-13, 1.176287e-12, 1.197746e-12
111.300000, 3.417892e-14, -1.701701e-12, -3.139525e-13, 1.807510e-12
111.400000, -5.916893e-13, 1.250797e-13, 3.589473e-13, 2.800261e-13
111.500000, 9.924372e-13, -9.032824e-13, -1.131919e-12, 8.707267e-13
111.600000, 3.864344e-13, 9.229530e-13, -4.775408e-13, -6.603112e-13
111.700000, 1.973917e-12, -8.224663e-14, -1.970896e-12, -9.073733e-14
111.800000, 1.388691e-12, 1.744538e-12, -1.335829e-12, -1.626477e-12
111.900000, 2.979455e-12, 7.623852e-13, -2.831625e-12, -1.077878e-12
112.000000, 2.413548e-12, 2.588794e-12, -2.214630e-12, -2.617148e-12
112.100000, 4.005041e-12, 1.627485e-12, -3.710704e-12, -2.086986e-12
112.200000, 3.454445e-12, 3.450423e-12, -3.108342e-12, -3.626135e-12
112.300000, 5.041418e-12, 2.505413e-12, -4.600177e-12, -3.109179e-12
112.400000, 4.499157e-12, 4.319123e-12, -4.006373e-12, -4.641448e-12
112.500000, 6.072957e-12, 3.382813e-12, -5.486427e-12, -4.128878e-12
112.600000, 5.528145e-12, 5.178145e-12, -4.891737e-12, -5.643581e-12
112.700000, 7.075891e-12, 4.239369e-12, -6.348900e-12, -5.122523e-12
112.800000, 6.513417e-12, 6.003629e-12, -5.740263e-12, -6.604944e-12
112.900000, 8.018223e-12, 5.047857e-12, -7.159915e-12, -6.058642e-12
113.000000, 7.419349e-12, 6.765223e-12, -6.521087e-12, -7.490453e-12
113.100000, 8.861189e-12, 5.775130e-12, -7.885908e-12, -6.898989e-12
113.200000, 8.204549e-12, 7.427454e-12, -7.198402e-12, -8.259265e-12
113.300000, 9.561292e-12, 6.383876e-12, -8.489250e-12, -7.600635e-12
113.400000, 8.823997e-12, 7.951617e-12, -7.733253e-12, -8.866831e-12
113.500000, 1.007266e-11, 6.834610e-12, -8.930207e-12, -8.118063e-12
113.600000, 9.232070e-12, 8.298433e-12, -8.086031e-12, -9.267797e-12
113.700000, 1.035203e-11, 7.089967e-12, -9.171153e-12, -8.408177e-12
113.800000, 9.391087e-12, 8.435131e-12, -8.223963e-12, -9.424560e-12
113.900000, 1.037059e-11, 7.124697e-12, -9.187071e-12, -8.442273e-12
114.000000, 9.283114e-12, 8.345778e-12, -8.131413e-12, -9.319147e-12
114.100000, 1.012169e-11, 6.932502e-12, -8.971965e-12, -8.213249e-12
114.200000, 8.911715e-12, 8.033031e-12, -7.811410e-12, -8.954945e-12
114.300000, 9.617192e-12, 6.523653e-12, -8.536426e-12, -7.733849e-12
114.400000, 8.296127e-12, 7.513471e-12, -7.280840e-12, -8.352149e-12
114.500000, 8.884082e-12, 5.920482e-12, -7.903356e-12, -7.030294e-12
114.600000, 7.470329e-12, 6.815003e-12, -6.568255e-12, -7.542923e-12
114.700000, 7.961534e-12, 5.155890e-12, -7.106129e-12, -6.140767e-12
114.800000, 6.478268e-12, 5.974793e-12, -5.711565e-12, -6.570567e-12
114.900000, 6.897771e-12, 4.271155e-12, -6.186906e-12, -5.113485e-12
115.000000, 5.371584e-12, 5.038029e-12, -4.756384e-12, -5.488320e-12
115.100000, 5.748905e-12, 3.314324e-12, -5.194270e-12, -4.004741e-12
115.200000, 4.210330e-12, 4.054044e-12, -3.753276e-12, -4.352883e-12
115.300000, 4.574888e-12, 2.334600e-12, -4.178816e-12, -2.870531e-12
115.400000, 3.051969e-12, 3.071152e-12, -2.751662e-12, -3.219493e-12
115.500000, 3.430619e-12, 1.378948e-12, -3.188221e-12, -1.765137e-12
115.600000, 1.947874e-12, 2.133517e-12, -1.795887e-12, -2.139179e-12
115.700000, 2.362388e-12, 4.868331e-13, -2.262035e-12, -7.335095e-13
115.800000, 9.392705e-13, 1.276087e-12, -9.214072e-13, -1.151791e-12
115.900000, 1.407166e-12, -3.101379e-13, -1.432393e-12, 1.877567e-13
116.000000, 5.759689e-14, 5.261623e-13, -1.554449e-13, -2.890997e-13
116.100000, 5.900179e-13, -9.898951e-13, -7.210054e-13, 9.729244e-13
116.200000, -6.773992e-13, -9.890404e-14, 4.842944e-13, 4.287651e-13
116.300000, -7.503069e-14, -1.540260e-12, -1.406850e-13, 1.608484e-12
116.400000, -1.257852e-12, -5.922679e-13, 9.911404e-13, 9.947455e-13
116.500000, -5.851574e-13, -1.958995e-12, 3.066569e-13, 2.092408e-12
116.600000, -1.685717e-12, -9.561838e-13, 1.367065e-12, 1.411577e-12
116.700000, -9.472768e-13, -2.251949e-12, 6.265903e-13, 2.431001e-12
116.800000, -1.971650e-12, -1.198886e-12, 1.620568e-12, 1.688553e-12
116.900000, -1.174541e-12, -2.429529e-12, 8.301109e-13, 2.636786e-12
117.000000, -2.131340e-12, -1.332877e-12, 1.764578e-12, 1.840145e-12
117.100000, -1.285331e-12, -2.506174e-12, 9.318903e-13, 2.725563e-12
117.200000, -2.184595e-12, -1.374244e-12, 1.815584e-12, 1.884382e-12
117.300000, -1.299202e-12, -2.499067e-12, 9.496222e-13, 2.717667e-12
117.400000, -2.150737e-12, -1.340647e-12, 1.791649e-12, 1.842503e-12
117.500000, -1.236272e-12, -2.426011e-12, 9.013012e-13, 2.633973e-12
117.600000, -2.051239e-12, -1.249789e-12, 1.710568e-12, 1.734468e-12
117.700000, -1.117971e-12, -2.303996e-12, 8.044168e-13, 2.493668e-12
117.800000, -1.905669e-12, -1.117857e-12, 1.589029e-12, 1.578956e-12
117.900000, -9.630539e-13, -2.148940e-12, 6.747379e-13, 2.314746e-12
118.000000, -1.732388e-12, -9.602982e-13, 1.442167e-12, 1.393455e-12
118.100000, -7.883824e-13, -1.975328e-12, 5.269011e-13, 2.114220e-12
118.200000, -1.547144e-12, -7.909191e-13, 1.284247e-12, 1.194305e-12
118.300000, -6.081132e-13, -1.796141e-12, 3.741705e-13, 1.907600e-12
118.400000, -1.361760e-12, -6.211686e-13, 1.126767e-12, 9.954110e-13
118.500000, -4.331052e-13, -1.621585e-12, 2.264606e-13, 1.706756e-12
118.600000, -1.187110e-12, -4.607577e-13, 9.786792e-13, 8.075266e-13
118.700000, -2.733769e-13, -1.460548e-12, 9.191962e-14, 1.521681e-12
118.800000, -1.031470e-12, -3.170996e-13, 8.470273e-13, 6.391191e-13
118.900000, -1.357935e-13, -1.319172e-12, -2.337721e-14, 1.359509e-12
119.000000, -9.007960e-13, -1.953604e-13, 7.369921e-13, 4.964030e-13
119.100000, -2.539915e-14, -1.201684e-12, -1.153617e-13, 1.225010e-12
119.200000, -7.991249e-13, -9.895944e-14, 6.517834e-13, 3.825451e-13
119.300000, 5.445244e-14, -1.110707e-12, -1.813460e-13, 1.120385e-12
119.400000, -7.293001e-13, -2.986765e-14, 5.934578e-13, 2.993462e-13
119.500000, 1.025015e-13, -1.047658e-12, -2.203173e-13, 1.047177e-12
119.600000, -6.904459e-13, 1.180396e-14, 5.616112e-13, 2.472685e-13
119.700000, 1.206505e-13, -1.011013e-12, -2.337835e-13, 1.003920e-12
119.800000, -6.803919e-13, 2.777442e-14, 5.545996e-13, 2.245146e-13
119.900000, 1.117483e-13, -9.993692e-13, -2.233831e-13, 9.897626e-13
120.000000, -6.952187e-13, 2.028739e-14, 5.700518e-13, 2.295367e-13
120.100000, 7.983409e-14, -1.009884e-12, -1.919396e-13, 1.001791e-12
120.200000, -7.317961e-13, -7.688384e-15, 6.050089e-13, 2.584519e-13
120.300000, 2.792027e-14, -1.038628e-12, -1.432141e-13, 1.034503e-12
120.400000, -7.857383e-13, -5.133412e-14, 6.549125e-13, 3.049789e-13
120.500000, -3.781685e-14, -1.080499e-12, -8.229856e-14, 1.082094e-12
120.600000, -8.502029e-13, -1.052872e-13, 7.142809e-13, 3.633239e-13
120.700000, -1.113240e-13, -1.130412e-12, -1.436158e-14, 1.138947e-12
120.800000, -9.200768e-13, -1.651462e-13, 7.783113e-13, 4.283083e-13
120.900000, -1.881713e-13, -1.184175e-12, 5.585009e-14, 1.199520e-12
121.000000, -9.911825e-13, -2.267920e-13, 8.426813e-13, 4.944715e-13
121.100000, -2.635073e-13, -1.237840e-12, 1.244236e-13, 1.259192e-12
121.200000, -1.058540e-12, -2.865344e-13, 9.037241e-13, 5.576046e-13
121.300000, -3.328862e-13, -1.288039e-12, 1.879148e-13, 1.314070e-12
121.400000, -1.117693e-12, -3.409984e-13, 9.578583e-13, 6.142160e-13
121.500000, -3.922400e-13, -1.331562e-12, 2.431710e-13, 1.361338e-12
121.600000, -1.165824e-12, -3.875317e-13, 1.003006e-12, 6.621676e-13
121.700000, -4.400860e-13, -1.366184e-12, 2.885005e-13, 1.398434e-12
121.800000, -1.201776e-12, -4.244464e-13, 1.037456e-12, 6.989196e-13
121.900000, -4.745379e-13, -1.390751e-12, 3.223277e-13, 1.424003e-12
122.000000, -1.223548e-12, -4.506175e-13, 1.059611e-12, 7.232721e-13
122.100000, -4.943312e-13, -1.404210e-12, 3.433202e-13, 1.436656e-12
122.200000, -1.230643e-12, -4.655748e-13, 1.069053e-12, 7.348218e-13
122.300000, -4.996523e-13, -1.406570e-12, 3.518471e-13, 1.436726e-12
122.400000, -1.223440e-12, -4.694575e-13, 1.066189e-12, 7.338304e-13
122.500000, -4.908964e-13, -1.398197e-12, 3.481527e-13, 1.424424e-12
122.600000, -1.202929e-12, -4.631182e-13, 1.051661e-12, 7.209178e-13
122.700000, -4.695187e-13, -1.380225e-12, 3.333447e-13, 1.401033e-12
122.800000, -1.170626e-12, -4.476665e-13, 1.026693e-12, 6.976316e-13
122.900000, -4.372863e-13, -1.353954e-12, 3.089583e-13, 1.368381e-12
123.000000, -1.128558e-12, -4.245205e-13, 9.930620e-13, 6.660599e-13
123.100000, -3.964908e-13, -1.320692e-12, 2.767713e-13, 1.328207e-12
123.200000, -1.079041e-12, -3.952590e-13, 9.527050e-13, 6.280274e-13
123.300000, -3.490800e-13, -1.282457e-12, 2.386476e-13, 1.282813e-12
123.400000, -1.024362e-12, -3.619680e-13, 9.073406e-13, 5.855035e-13
123.500000, -2.979473e-13, -1.241016e-12, 1.965510e-13, 1.233859e-12
123.600000, -9.668312e-13, -3.260466e-13, 8.589187e-13, 5.404846e-13
123.700000, -2.447430e-13, -1.197702e-12, 1.521775e-13, 1.183330e-12
123.800000, -9.083297e-13, -2.888767e-13, 8.090644e-13, 4.944510e-13
123.900000, -1.913289e-13, -1.153766e-12, 1.069563e-13, 1.132384e-12
124.000000, -8.503915e-13, -2.516678e-13, 7.592294e-13, 4.489600e-13
124.100000, -1.393910e-13, -1.110562e-12, 6.269893e-14, 1.082969e-12
124.200000, -7.949604e-13, -2.157491e-13, 7.111648e-13, 4.054758e-13
124.300000, -9.078418e-14, -1.069286e-12, 2.083996e-14, 1.036293e-12
124.400000, -7.438400e-13, -1.822853e-13, 6.661812e-13, 3.652022e-13
124.500000, -4.704883e-14, -1.030876e-12, -1.757346e-14, 9.930648e-13
124.600000, -6.975316e-13, -1.517321e-13, 6.248687e-13, 3.287667e-13
124.700000, -8.092876e-15, -9.956198e-13, -5.203822e-14, 9.543081e-13
124.800000, -6.565703e-13, -1.245673e-13, 5.879369e-13, 2.969543e-13
124.900000, 2.513821e-14, -9.638792e-13, -8.202899e-14, 9.199259e-13
125.000000, -6.213313e-13, -1.008583e-13, 5.554711e-13, 2.693038e-13
125.100000, 5.275116e-14, -9.357404e-13, -1.075285e-13, 8.897321e-13
125.200000, -5.915709e-13, -8.077057e-14, 5.276912e-13, 2.460000e-13
125.300000, 7.546147e-14, -9.111667e-13, -1.283754e-13, 8.642018e-13
125.400000, -5.666434e-13, -6.398620e-14, 5.044921e-13, 2.270571e-13
125.500000, 9.309580e-14, -8.897181e-13, -1.448422e-13, 8.422846e-13
125.600000, -5.465363e-13, -4.990357e-14, 4.853728e-13, 2.110231e-13
125.700000, 1.065055e-13, -8.707784e-13, -1.575675e-13, 8.232317e-13
125.800000, -5.304500e-13, -3.822926e-14, 4.698121e-13, 1.978013e-13
125.900000, 1.163356e-13, -8.541175e-13, -1.671235e-13, 8.066969e-13
126.000000, -5.172686e-13, -2.850802e-14, 4.570668e-13, 1.868181e-13
126.100000, 1.237096e-13, -8.391094e-13, -1.741895e-13, 7.920835e-13
126.200000, -5.064086e-13, -2.001701e-14, 4.466035e-13, 1.772457e-13
126.300000, 1.292503e-13, -8.251713e-13, -1.792668e-13, 7.787119e-13
126.400000, -4.967654e-13, -1.234378e-14, 4.377727e-13, 1.686164e-13
126.500000, 1.340886e-13, -8.116845e-13, -1.833535e-13, 7.655647e-13
126.600000, -4.877474e-13, -4.595377e-15, 4.295210e-13, 1.592938e-13
126.700000, 1.384775e-13, -7.980041e-13, -1.869586e-13, 7.516449e-13
126.800000, -4.788023e-13, 3.367891e-15, 4.217608e-13, 1.495127e-13
126.900000, 1.431605e-13, -7.840699e-13, -1.903168e-13, 7.371604e-13
127.000000, -4.692590e-13, 1.174643e-14, 4.139493e-13, 1.389117e-13
127.100000, 1.489014e-13, -7.696261e-13, -1.940543e-13, 7.219375e-13
127.200000, -4.585540e-13, 2.090326e-14, 4.056068e-13, 1.273098e-13
127.300000, 1.558425e-13, -7.542997e-13, -1.985626e-13, 7.053690e-13
127.400000, -4.466657e-13, 3.103817e-14, 3.963832e-13, 1.141745e-13
127.500000, 1.639540e-13, -7.380205e-13, -2.040026e-13, 6.873490e-13
127.600000, -4.336561e-13, 4.217237e-14, 3.861638e-13, 9.953667e-14
127.700000, 1.734855e-13, -7.206467e-13, -2.107709e-13, 6.675986e-13
127.800000, -4.188165e-13, 5.471879e-14, 3.744110e-13, 8.306018e-14
127.900000, 1.849076e-13, -7.018696e-13, -2.190071e-13, 6.463017e-13
128.000000, -4.024589e-13, 6.854232e-14, 3.613937e-13, 6.515662e-14
128.100000, 1.975949e-13, -6.820037e-13, -2.284959e-13, 6.236339e-13
128.200000, -3.850387e-13, 8.320658e-14, 3.473068e-13, 4.623120e-14
128.300000, 2.113134e-13, -6.617298e-13, -2.388998e-13, 6.005589e-13
128.400000, -3.667359e-13, 9.820664e-14, 3.323716e-13, 2.696776e-14
128.500000, 2.256543e-13, -6.411639e-13, -2.501452e-13, 5.769698e-13
128.600000, -3.480193e-13, 1.134222e-13, 3.167211e-13, 7.308074e-15
128.700000, 2.405243e-13, -6.206315e-13, -2.619690e-13, 5.536258e-13
128.800000, -3.287725e-13, 1.285650e-13, 3.006263e-13, -1.178431e-14
128.900000, 2.557020e-13, -6.001775e-13, -2.743000e-13, 5.306675e-13
129.000000, -3.096023e-13, 1.435096e-13, 2.841669e-13, -3.053548e-14
129.100000, 2.706819e-13, -5.802690e-13, -2.867854e-13, 5.084797e-13
129.200000, -2.908752e-13, 1.577102e-13, 2.678189e-13, -4.831742e-14
129.300000, 2.849812e-13, -5.613104e-13, -2.990300e-13, 4.873891e-13
129.400000, -2.727835e-13, 1.709720e-13, 2.517503e-13, -6.486899e-14
129.500000, 2.987766e-13, -5.432914e-13, -3.110627e-13, 4.676133e-13
129.600000, -2.554603e-13, 1.832621e-13, 2.360281e-13, -8.016247e-14
129.700000, 3.117504e-13, -5.264604e-13, -3.225662e-13, 4.493239e-13
129.800000, -2.389461e-13, 1.942755e-13, 2.211276e-13, -9.362655e-14
129.900000, 3.236734e-13, -5.109962e-13, -3.330969e-13, 4.328900e-13
130.000000, -2.237551e-13, 2.039200e-13, 2.072296e-13, -1.054804e-13
130.100000, 3.342941e-13, -4.970485e-13, -3.426256e-13, 4.181849e-13
130.200000, -2.099975e-13, 2.120282e-13, 1.945195e-13, -1.155505e-13
130.300000, 3.434127e-13, -4.846389e-13, -3.508704e-13, 4.052180e-13
130.400000, -1.976755e-13, 2.187015e-13, 1.830879e-13, -1.239298e-13
130.500000, 3.511685e-13, -4.736396e-13, -3.579585e-13, 3.939283e-13
130.600000, -1.868349e-13, 2.240000e-13, 1.728679e-13, -1.306930e-13
130.700000, 3.575779e-13, -4.640590e-13, -3.638297e-13, 3.842922e-13
130.800000, -1.772018e-13, 2.280181e-13, 1.638592e-13, -1.359315e-13
130.900000, 3.627302e-13, -4.557649e-13, -3.684663e-13, 3.761715e-13
131.000000, -1.689503e-13, 2.307395e-13, 1.562269e-13, -1.396134e-13
131.100000, 3.665823e-13, -4.487640e-13, -3.717775e-13, 3.695753e-13
131.200000, -1.619889e-13, 2.323731e-13, 1.497896e-13, -1.420943e-13
131.300000, 3.693221e-13, -4.426619e-13, -3.741042e-13, 3.638481e-13
131.400000, -1.559167e-13, 2.332539e-13, 1.442901e-13, -1.437580e-13
131.500000, 3.712700e-13, -4.374197e-13, -3.754557e-13, 3.592224e-13
131.600000, -1.506979e-13, 2.333273e-13, 1.397412e-13, -1.443845e-13
131.700000, 3.723285e-13, -4.329133e-13, -3.759882e-13, 3.554086e-13
131.800000, -1.464222e-13, 2.327549e-13, 1.360746e-13, -1.442724e-13
131.900000, 3.726529e-13, -4.289837e-13, -3.757083e-13, 3.523441e-13
132.000000, -1.427297e-13, 2.317853e-13, 1.331103e-13, -1.435721e-13
132.100000, 3.723283e-13, -4.254706e-13, -3.748114e-13, 3.496934e-13
132.200000, -1.397389e-13, 2.304464e-13, 1.307252e-13, -1.426411e-13
132.300000, 3.715641e-13, -4.222390e-13, -3.734884e-13, 3.472533e-13
132.400000, -1.371041e-13, 2.289649e-13, 1.287480e-13, -1.415899e-13
132.500000, 3.704249e-13, -4.191381e-13, -3.717615e-13, 3.448611e-13
132.600000, -1.348131e-13, 2.274816e-13, 1.271027e-13, -1.406426e-13
132.700000, 3.691138e-13, -4.160168e-13, -3.698758e-13, 3.423357e-13
132.800000, -1.327348e-13, 2.260332e-13, 1.256337e-13, -1.398368e-13
132.900000, 3.675751e-13, -4.128426e-13, -3.678450e-13, 3.395840e-13
133.000000, -1.308402e-13, 2.247703e-13, 1.242745e-13, -1.393994e-13
133.100000, 3.658640e-13, -4.094903e-13, -3.657186e-13, 3.365017e-13
133.200000, -1.292352e-13, 2.237207e-13, 1.230768e-13, -1.393353e-13
133.300000, 3.638924e-13, -4.059331e-13, -3.635018e-13, 3.329920e-13
133.400000, -1.278290e-13, 2.229301e-13, 1.219447e-13, -1.397124e-13
133.500000, 3.617868e-13, -4.021972e-13, -3.611638e-13, 3.292171e-13
133.600000, -1.265735e-13, 2.223264e-13, 1.210212e-13, -1.402843e-13
133.700000, 3.595643e-13, -3.982533e-13, -3.586925e-13, 3.252098e-13
133.800000, -1.254822e-13, 2.220088e-13, 1.202186e-13, -1.411667e-13
133.900000, 3.572158e-13, -3.940961e-13, -3.561326e-13, 3.209919e-13
134.000000, -1.245094e-13, 2.218844e-13, 1.195335e-13, -1.421616e-13
134.100000, 3.547222e-13, -3.898205e-13, -3.534429e-13, 3.167299e-13
134.200000, -1.238916e-13, 2.218441e-13, 1.190730e-13, -1.432829e-13
134.300000, 3.517888e-13, -3.855482e-13, -3.504984e-13, 3.123851e-13
134.400000, -1.236399e-13, 2.218511e-13, 1.188626e-13, -1.444311e-13
134.500000, 3.486009e-13, -3.812502e-13, -3.473765e-13, 3.080930e-13
134.600000, -1.237105e-13, 2.218393e-13, 1.188926e-13, -1.454385e-13
134.700000, 3.450730e-13, -3.770723e-13, -3.439874e-13, 3.040511e-13
134.800000, -1.241034e-13, 2.217324e-13, 1.191980e-13, -1.461893e-13
134.900000, 3.412801e-13, -3.729986e-13, -3.403914e-13, 3.002403e-13
135.000000, -1.248368e-13, 2.215414e-13, 1.197331e-13, -1.467815e-13
135.100000, 3.370836e-13, -3.691412e-13, -3.365041e-13, 2.967107e-13
135.200000, -1.260059e-13, 2.210819e-13, 1.206374e-13, -1.470138e-13
135.300000, 3.325896e-13, -3.655777e-13, -3.323221e-13, 2.936094e-13
135.400000, -1.274466e-13, 2.203721e-13, 1.218460e-13, -1.468097e-13
135.500000, 3.278127e-13, -3.623261e-13, -3.278003e-13, 2.909976e-13
135.600000, -1.291329e-13, 2.194108e-13, 1.233872e-13, -1.461577e-13
135.700000, 3.229150e-13, -3.592986e-13, -3.230516e-13, 2.888013e-13
135.800000, -1.310103e-13, 2.182679e-13, 1.251706e-13, -1.451730e-13
135.900000, 3.177572e-13, -3.564619e-13, -3.180642e-13, 2.868670e-13
136.000000, -1.331583e-13, 2.169810e-13, 1.272096e-13, -1.439887e-13
136.100000, 3.123724e-13, -3.538271e-13, -3.128677e-13, 2.851906e-13
136.200000, -1.355418e-13, 2.155036e-13, 1.294504e-13, -1.425473e-13
136.300000, 3.068000e-13, -3.513679e-13, -3.075060e-13, 2.837095e-13
136.400000, -1.381189e-13, 2.139333e-13, 1.318741e-13, -1.410380e-13
136.500000, 3.010936e-13, -3.490196e-13, -3.020068e-13, 2.822992e-13
136.600000, -1.407822e-13, 2.123001e-13, 1.344142e-13, -1.394640e-13
136.700000, 2.953537e-13, -3.467472e-13, -2.964370e-13, 2.809619e-13
136.800000, -1.435566e-13, 2.106247e-13, 1.370602e-13, -1.379164e-13
136.900000, 2.895302e-13, -3.445276e-13, -2.907859e-13, 2.795639e-13
137.000000, -1.463478e-13, 2.089688e-13, 1.397544e-13, -1.364799e-13
137.100000, 2.837387e-13, -3.422633e-13, -2.851498e-13, 2.780012e-13
137.200000, -1.491533e-13, 2.074106e-13, 1.424844e-13, -1.352307e-13
137.300000, 2.779845e-13, -3.399214e-13, -2.794624e-13, 2.763391e-13
137.400000, -1.518805e-13, 2.059687e-13, 1.452453e-13, -1.341028e-13
137.500000, 2.723502e-13, -3.375063e-13, -2.738116e-13, 2.745644e-13
137.600000, -1.545051e-13, 2.046382e-13, 1.479671e-13, -1.331227e-13
137.700000, 2.668318e-13, -3.349703e-13, -2.682582e-13, 2.725699e-13
137.800000, -1.570369e-13, 2.034697e-13, 1.506038e-13, -1.324240e-13
137.900000, 2.614790e-13, -3.323099e-13, -2.628057e-13, 2.703953e-13
138.000000, -1.594149e-13, 2.024351e-13, 1.531545e-13, -1.318963e-13
138.100000, 2.562594e-13, -3.295513e-13, -2.574723e-13, 2.680375e-13
138.200000, -1.616983e-13, 2.015493e-13, 1.555969e-13, -1.315812e-13
138.300000, 2.511987e-13, -3.266471e-13, -2.522748e-13, 2.655086e-13
138.400000, -1.638075e-13, 2.008161e-13, 1.579174e-13, -1.314135e-13
138.500000, 2.463181e-13, -3.236264e-13, -2.472331e-13, 2.628404e-13
138.600000, -1.657604e-13, 2.002360e-13, 1.600984e-13, -1.314239e-13
138.700000, 2.415994e-13, -3.204973e-13, -2.423323e-13, 2.600411e-13
138.800000, -1.675726e-13, 1.997838e-13, 1.621424e-13, -1.315667e-13
138.900000, 2.370407e-13, -3.172793e-13, -2.375959e-13, 2.571566e-13
139.000000, -1.693036e-13, 1.994201e-13, 1.640742e-13, -1.317999e-13
139.100000, 2.325514e-13, -3.140079e-13, -2.329821e-13, 2.541824e-13
139.200000, -1.709430e-13, 1.991489e-13, 1.658806e-13, -1.321519e-13
139.300000, 2.282165e-13, -3.106530e-13, -2.285430e-13, 2.511172e-13
139.400000, -1.724379e-13, 1.990023e-13, 1.675117e-13, -1.326078e-13
139.500000, 2.240452e-13, -3.072030e-13, -2.242964e-13, 2.479772e-13
139.600000, -1.738038e-13, 1.989447e-13, 1.689940e-13, -1.331307e-13
139.700000, 2.200079e-13, -3.037130e-13, -2.202058e-13, 2.447958e-13
139.800000, -1.750435e-13, 1.989651e-13, 1.703117e-13, -1.337499e-13
139.900000, 2.161192e-13, -3.001580e-13, -2.163140e-13, 2.415073e-13
140.000000, -1.761731e-13, 1.990592e-13, 1.714629e-13, -1.344815e-13
140.100000, 2.123401e-13, -2.965862e-13, -2.125908e-13, 2.381616e-13
140.200000, -1.772492e-13, 1.991638e-13, 1.724861e-13, -1.352656e-13
140.300000, 2.086362e-13, -2.930237e-13, -2.090150e-13, 2.347862e-13
140.400000, -1.781972e-13, 1.993162e-13, 1.733608e-13, -1.360810e-13
140.500000, 2.051265e-13, -2.894550e-13, -2.056025e-13, 2.314553e-13
140.600000, -1.789841e-13, 1.994532e-13, 1.741050e-13, -1.368079e-13
140.700000, 2.017810e-13, -2.859359e-13, -2.023475e-13, 2.282346e-13
140.800000, -1.796143e-13, 1.995801e-13, 1.746875e-13, -1.374751e-13
140.900000, 1.985956e-13, -2.824474e-13, -1.992758e-13, 2.250586e-13
141.000000, -1.801214e-13, 1.996876e-13, 1.751098e-13, -1.381216e-13
141.100000, 1.955850e-13, -2.790211e-13, -1.963810e-13, 2.219748e-13
141.200000, -1.804515e-13, 1.997476e-13, 1.753838e-13, -1.386433e-13
141.300000, 1.927690e-13, -2.756629e-13, -1.936409e-13, 2.190385e-13
141.400000, -1.805886e-13, 1.997657e-13, 1.755194e-13, -1.390403e-13
141.500000, 1.901592e-13, -2.723799e-13, -1.910590e-13, 2.162335e-13
141.600000, -1.805705e-13, 1.997192e-13, 1.755238e-13, -1.393403e-13
141.700000, 1.876996e-13, -2.691935e-13, -1.886190e-13, 2.135315e-13
141.800000, -1.804101e-13, 1.995978e-13, 1.753953e-13, -1.395536e-13
141.900000, 1.854317e-13, -2.661028e-13, -1.863435e-13, 2.109494e-13
142.000000, -1.800795e-13, 1.994009e-13, 1.751212e-13, -1.396515e-13
142.100000, 1.833131e-13, -2.631192e-13, -1.842077e-13, 2.084940e-13
142.200000, -1.796313e-13, 1.991194e-13, 1.747384e-13, -1.396575e-13
142.300000, 1.813429e-13, -2.602263e-13, -1.822038e-13, 2.061244e-13
142.400000, -1.790461e-13, 1.987831e-13, 1.742421e-13, -1.396044e-13
142.500000, 1.795065e-13, -2.574116e-13, -1.803176e-13, 2.038180e-13
142.600000, -1.783583e-13, 1.984006e-13, 1.736459e-13, -1.395413e-13
142.700000, 1.777995e-13, -2.546503e-13, -1.785475e-13, 2.015232e-13
142.800000, -1.775613e-13, 1.979881e-13, 1.729677e-13, -1.394661e-13
142.900000, 1.762019e-13, -2.519465e-13, -1.768565e-13, 1.992641e-13
143.000000, -1.766841e-13, 1.975473e-13, 1.722310e-13, -1.393903e-13
143.100000, 1.746858e-13, -2.492825e-13, -1.752434e-13, 1.969969e-13
143.200000, -1.757610e-13, 1.970884e-13, 1.714431e-13, -1.393395e-13
143.300000, 1.732238e-13, -2.466595e-13, -1.736857e-13, 1.947298e-13
143.400000, -1.748087e-13, 1.966165e-13, 1.706166e-13, -1.393130e-13
143.500000, 1.718047e-13, -2.440577e-13, -1.721829e-13, 1.924440e-13
143.600000, -1.738237e-13, 1.961627e-13, 1.697526e-13, -1.393263e-13
143.700000, 1.704226e-13, -2.414520e-13, -1.707256e-13, 1.901282e-13
143.800000, -1.728363e-13, 1.957284e-13, 1.688730e-13, -1.393892e-13
143.900000, 1.690583e-13, -2.388557e-13, -1.692923e-13, 1.877831e-13
144.000000, -1.718450e-13, 1.952995e-13, 1.679931e-13, -1.394776e-13
144.100000, 1.677007e-13, -2.362762e-13, -1.678666e-13, 1.854364e-13
144.200000, -1.708709e-13, 1.948772e-13, 1.671174e-13, -1.395895e-13
144.300000, 1.663578e-13, -2.337113e-13, -1.664571e-13, 1.830894e-13
144.400000, -1.698834e-13, 1.944632e-13, 1.662415e-13, -1.397078e-13
144.500000, 1.650479e-13, -2.311567e-13, -1.650638e-13, 1.807586e-13
144.600000, -1.688865e-13, 1.940592e-13, 1.653684e-13, -1.398201e-13
144.700000, 1.637451e-13, -2.286144e-13, -1.636788e-13, 1.784430e-13
144.800000, -1.679044e-13, 1.936602e-13, 1.644969e-13, -1.399348e-13
144.900000, 1.624493e-13, -2.260916e-13, -1.623136e-13, 1.761457e-13
145.000000, -1.669315e-13, 1.932554e-13, 1.636226e-13, -1.400384e-13
145.100000, 1.611559e-13, -2.235992e-13, -1.609644e-13, 1.738799e-13
145.200000, -1.659634e-13, 1.928364e-13, 1.627473e-13, -1.401151e-13
145.300000, 1.598839e-13, -2.211474e-13, -1.596293e-13, 1.716669e-13
145.400000, -1.649877e-13, 1.923967e-13, 1.618691e-13, -1.401588e-13
145.500000, 1.586318e-13, -2.187320e-13, -1.583203e-13, 1.694905e-13
145.600000, -1.640096e-13, 1.919387e-13, 1.609752e-13, -1.401815e-13
145.700000, 1.573990e-13, -2.163605e-13, -1.570411e-13, 1.673592e-13
145.800000, -1.630210e-13, 1.914540e-13, 1.600667e-13, -1.401643e-13
145.900000, 1.561940e-13, -2.140325e-13, -1.557912e-13, 1.652810e-13
146.000000, -1.620273e-13, 1.909455e-13, 1.591487e-13, -1.401104e-13
146.100000, 1.549969e-13, -2.117490e-13, -1.545555e-13, 1.632569e-13
146.200000, -1.610398e-13, 1.904134e-13, 1.582332e-13, -1.400138e-13
146.300000, 1.538163e-13, -2.095067e-13, -1.533362e-13, 1.612869e-13
146.400000, -1.600525e-13, 1.898603e-13, 1.573138e-13, -1.398857e-13
146.500000, 1.526458e-13, -2.073030e-13, -1.521340e-13, 1.593584e-13
146.600000, -1.590673e-13, 1.892888e-13, 1.563922e-13, -1.397299e-13
146.700000, 1.514872e-13, -2.051350e-13, -1.509458e-13, 1.574689e-13
146.800000, -1.580876e-13, 1.887021e-13, 1.554739e-13, -1.395485e-13
146.900000, 1.503386e-13, -2.029987e-13, -1.497646e-13, 1.556266e-13
147.000000, -1.571130e-13, 1.881043e-13, 1.545659e-13, -1.393316e-13
147.100000, 1.491935e-13, -2.008898e-13, -1.485861e-13, 1.538242e-13
147.200000, -1.561519e-13, 1.874996e-13, 1.536681e-13, -1.390963e-13
147.300000, 1.480451e-13, -1.988049e-13, -1.474097e-13, 1.520484e-13
147.400000, -1.552135e-13, 1.868883e-13, 1.527854e-13, -1.388505e-13
147.500000, 1.468844e-13, -1.967443e-13, -1.462264e-13, 1.502961e-13
147.600000, -1.543019e-13, 1.862743e-13, 1.519249e-13, -1.385998e-13
147.700000, 1.457151e-13, -1.947025e-13, -1.450371e-13, 1.485593e-13
147.800000, -1.534079e-13, 1.856585e-13, 1.510845e-13, -1.383398e-13
147.900000, 1.445457e-13, -1.926795e-13, -1.438409e-13, 1.468522e-13
148.000000, -1.525257e-13, 1.850420e-13, 1.502630e-13, -1.380620e-13
148.100000, 1.433726e-13, -1.906772e-13, -1.426362e-13, 1.451722e-13
148.200000, -1.516670e-13, 1.844223e-13, 1.494642e-13, -1.377764e-13
148.300000, 1.421863e-13, -1.886960e-13, -1.414236e-13, 1.435093e-13
148.400000, -1.508383e-13, 1.837955e-13, 1.486885e-13, -1.374845e-13
148.500000, 1.409822e-13, -1.867408e-13, -1.401976e-13, 1.418681e-13
148.600000, -1.500363e-13, 1.831614e-13, 1.479388e-13, -1.371843e-13
148.700000, 1.397706e-13, -1.848084e-13, -1.389615e-13, 1.402464e-13
148.800000, -1.492526e-13, 1.825217e-13, 1.472085e-13, -1.368785e-13
148.900000, 1.385561e-13, -1.829007e-13, -1.377222e-13, 1.386446e-13
149.000000, -1.484809e-13, 1.818734e-13, 1.464907e-13, -1.365645e-13
149.100000, 1.373438e-13, -1.810189e-13, -1.364853e-13, 1.370621e-13
149.200000, -1.477200e-13, 1.812144e-13, 1.457822e-13, -1.362426e-13
149.300000, 1.361346e-13, -1.791657e-13, -1.352530e-13, 1.355020e-13
149.400000, -1.469654e-13, 1.805442e-13, 1.450791e-13, -1.359108e-13
149.500000, 1.349362e-13, -1.773384e-13, -1.340301e-13, 1.339630e-13
149.600000, -1.462119e-13, 1.798645e-13, 1.443785e-13, -1.355679e-13
149.700000, 1.337494e-13, -1.755386e-13, -1.328180e-13, 1.324501e-13
149.800000, -1.454592e-13, 1.791736e-13, 1.436777e-13, -1.352125e-13
149.900000, 1.325712e-13, -1.737675e-13, -1.316179e-13, 1.309604e-13
150.000000, -1.447124e-13, 1.784680e-13, 1.429777e-13, -1.348440e-13
150.100000, 1.314013e-13, -1.720287e-13, -1.304301e-13, 1.294986e-13
150.200000, -1.439681e-13, 1.777459e-13, 1.422771e-13, -1.344588e-13
150.300000, 1.302418e-13, -1.703217e-13, -1.292558e-13, 1.280642e-13
150.400000, -1.432253e-13, 1.770082e-13, 1.415733e-13, -1.340583e-13
150.500000, 1.290920e-13, -1.686481e-13, -1.280961e-13, 1.266590e-13
150.600000, -1.424840e-13, 1.762517e-13, 1.408674e-13, -1.336370e-13
150.700000, 1.279560e-13, -1.670082e-13, -1.269517e-13, 1.252883e-13
150.800000, -1.417417e-13, 1.754780e-13, 1.401574e-13, -1.331938e-13
150.900000, 1.268306e-13, -1.654004e-13, -1.258230e-13, 1.239490e-13
151.000000, -1.410006e-13, 1.746887e-13, 1.394431e-13, -1.327316e-13
151.100000, 1.257182e-13, -1.638240e-13, -1.247101e-13, 1.226420e-13
151.200000, -1.402573e-13, 1.738827e-13, 1.387255e-13, -1.322462e-13
151.300000, 1.246183e-13, -1.622797e-13, -1.236109e-13, 1.213694e-13
151.400000, -1.395149e-13, 1.730601e-13, 1.380065e-13, -1.317390e-13
151.500000, 1.235285e-13, -1.607672e-13, -1.225252e-13, 1.201288e-13
151.600000, -1.387732e-13, 1.722214e-13, 1.372839e-13, -1.312123e-13
151.700000, 1.224516e-13, -1.592851e-13, -1.214551e-13, 1.189185e-13
151.800000, -1.380284e-13, 1.713684e-13, 1.365565e-13, -1.306668e-13
151.900000, 1.213891e-13, -1.578318e-13, -1.204012e-13, 1.177370e-13
152.000000, -1.372827e-13, 1.705012e-13, 1.358256e-13, -1.301038e-13
152.100000, 1.203382e-13, -1.564077e-13, -1.193611e-13, 1.165841e-13
152.200000, -1.365361e-13, 1.696202e-13, 1.350916e-13, -1.295234e-13
152.300000, 1.193001e-13, -1.550111e-13, -1.183351e-13, 1.154587e-13
152.400000, -1.357879e-13, 1.687267e-13, 1.343552e-13, -1.289274e-13
152.500000, 1.182750e-13, -1.536420e-13, -1.173222e-13, 1.143600e-13
152.600000, -1.350372e-13, 1.678204e-13, 1.336165e-13, -1.283149e-13
152.700000, 1.172642e-13, -1.522993e-13, -1.163227e-13, 1.132887e-13
152.800000, -1.342827e-13, 1.669029e-13, 1.328750e-13, -1.276863e-13
152.900000, 1.162690e-13, -1.509819e-13, -1.153364e-13, 1.122436e-13
153.000000, -1.335232e-13, 1.659749e-13, 1.321317e-13, -1.270422e-13
153.100000, 1.152895e-13, -1.496885e-13, -1.143626e-13, 1.112237e-13
153.200000, -1.327593e-13, 1.650378e-13, 1.313862e-13, -1.263848e-13
153.300000, 1.143248e-13, -1.484179e-13, -1.134019e-13, 1.102264e-13
153.400000, -1.319919e-13, 1.640919e-13, 1.306386e-13, -1.257153e-13
153.500000, 1.133739e-13, -1.471702e-13, -1.124533e-13, 1.092518e-13
153.600000, -1.312223e-13, 1.631372e-13, 1.298895e-13, -1.250342e-13
153.700000, 1.124350e-13, -1.459448e-13, -1.115162e-13, 1.082986e-13
153.800000, -1.304517e-13, 1.621744e-13, 1.291400e-13, -1.243424e-13
153.900000, 1.115080e-13, -1.447409e-13, -1.105900e-13, 1.073654e-13
154.000000, -1.296796e-13, 1.612043e-13, 1.283895e-13, -1.236415e-13
154.100000, 1.105928e-13, -1.435571e-13, -1.096752e-13, 1.064507e-13
154.200000, -1.289064e-13, 1.602286e-13, 1.276377e-13, -1.229333e-13
154.300000, 1.096888e-13, -1.423919e-13, -1.087720e-13, 1.055518e-13
154.400000, -1.281327e-13, 1.592485e-13, 1.268845e-13, -1.222201e-13
154.500000, 1.087960e-13, -1.412435e-13, -1.078802e-13, 1.046678e-13
154.600000, -1.273578e-13, 1.582657e-13, 1.261300e-13, -1.215026e-13
154.700000, 1.079139e-13, -1.401107e-13, -1.069994e-13, 1.037971e-13
154.800000, -1.265831e-13, 1.572809e-13, 1.253753e-13, -1.207820e-13
154.900000, 1.070415e-13, -1.389926e-13, -1.061284e-13, 1.029391e-13
155.000000, -1.258093e-13, 1.562951e-13, 1.246207e-13, -1.200590e-13
155.100000, 1.061776e-13, -1.378881e-13, -1.052669e-13, 1.020923e-13
155.200000, -1.250374e-13, 1.553091e-13, 1.238666e-13, -1.193351e-13
155.300000, 1.053218e-13, -1.367963e-13, -1.044145e-13, 1.012557e-13
155.400000, -1.242674e-13, 1.543239e-13, 1.231134e-13, -1.186109e-13
155.500000, 1.044737e-13, -1.357164e-13, -1.035708e-13, 1.004287e-13
155.600000, -1.234999e-13, 1.533398e-13, 1.223613e-13, -1.178867e-13
155.700000, 1.036330e-13, -1.346478e-13, -1.027352e-13, 9.961127e-14
155.800000, -1.227346e-13, 1.523575e-13, 1.216109e-13, -1.171627e-13
155.900000, 1.027995e-13, -1.335897e-13, -1.019077e-13, 9.880235e-14
156.000000, -1.219721e-13, 1.513775e-13, 1.208620e-13, -1.164398e-13
156.100000, 1.019729e-13, -1.325417e-13, -1.010876e-13, 9.800177e-14
156.200000, -1.212126e-13, 1.503999e-13, 1.201154e-13, -1.157179e-13
156.300000, 1.011527e-13, -1.315037e-13, -1.002748e-13, 9.720921e-14
156.400000, -1.204563e-13, 1.494249e-13, 1.193709e-13, -1.149972e-13
156.500000, 1.003389e-13, -1.304752e-13, -9.946896e-14, 9.642470e-14
156.600000, -1.197030e-13, 1.484527e-13, 1.186288e-13, -1.142776e-13
156.700000, 9.953127e-14, -1.294563e-13, -9.866978e-14, 9.564827e-14
156.800000, -1.189530e-13, 1.474832e-13, 1.178892e-13, -1.135589e-13
156.900000, 9.872999e-14, -1.284465e-13, -9.787748e-14, 9.487963e-14
157.000000, -1.182057e-13, 1.465167e-13, 1.171519e-13, -1.128415e-13
157.100000, 9.793547e-14, -1.274459e-13, -9.709198e-14, 9.411881e-14
157.200000, -1.174607e-13, 1.455531e-13, 1.164167e-13, -1.121252e-13
157.300000, 9.714805e-14, -1.264541e-13, -9.631343e-14, 9.336579e-14
157.400000, -1.167177e-13, 1.445927e-13, 1.156835e-13, -1.114099e-13
157.500000, 9.636775e-14, -1.254710e-13, -9.554194e-14, 9.262032e-14
157.600000, -1.159765e-13, 1.436353e-13, 1.149521e-13, -1.106959e-13
157.700000, 9.559486e-14, -1.244967e-13, -9.477762e-14, 9.188235e-14
157.800000, -1.152369e-13, 1.426808e-13, 1.142223e-13, -1.099832e-13
157.900000, 9.482929e-14, -1.235310e-13, -9.402058e-14, 9.115173e-14
158.000000, -1.144988e-13, 1.417292e-13, 1.134938e-13, -1.092717e-13
158.100000, 9.407138e-14, -1.225739e-13, -9.327091e-14, 9.042839e-14
158.200000, -1.137621e-13, 1.407806e-13, 1.127667e-13, -1.085615e-13
158.300000, 9.332095e-14, -1.216254e-13, -9.252863e-14, 8.971220e-14
158.400000, -1.130263e-13, 1.398349e-13, 1.120408e-13, -1.078527e-13
158.500000, 9.257843e-14, -1.206852e-13, -9.179379e-14, 8.900315e-14
158.600000, -1.122913e-13, 1.388922e-13, 1.113159e-13, -1.071451e-13
158.700000, 9.184384e-14, -1.197531e-13, -9.106640e-14, 8.830107e-14
158.800000, -1.115571e-13, 1.379526e-13, 1.105921e-13, -1.064390e-13
158.900000, 9.111712e-14, -1.188291e-13, -9.034640e-14, 8.760576e-14
159.000000, -1.108236e-13, 1.370162e-13, 1.098693e-13, -1.057345e-13
159.100000, 9.039823e-14, -1.179128e-13, -8.963380e-14, 8.691710e-14
159.200000, -1.100908e-13, 1.360831e-13, 1.091474e-13, -1.050316e-13
159.300000, 8.968713e-14, -1.170042e-13, -8.892849e-14, 8.623491e-14
159.400000, -1.093587e-13, 1.351535e-13, 1.084266e-13, -1.043304e-13
159.500000, 8.898360e-14, -1.161030e-13, -8.823041e-14, 8.555898e-14
159.600000, -1.086275e-13, 1.342271e-13, 1.077067e-13, -1.036312e-13
159.700000, 8.828740e-14, -1.152093e-13, -8.753959e-14, 8.488903e-14
159.800000, -1.078974e-13, 1.333043e-13, 1.069878e-13, -1.029339e-13
159.900000, 8.759850e-14, -1.143227e-13, -8.685598e-14, 8.422502e-14
160.000000, -1.071682e-13, 1.323849e-13, 1.062697e-13, -1.022389e-13
160.100000, 8.691671e-14, -1.134432e-13, -8.617953e-14, 8.356668e-14
160.200000, -1.064402e-13, 1.314690e-13, 1.055524e-13, -1.015460e-13
160.300000, 8.624187e-14, -1.125707e-13, -8.551019e-14, 8.291388e-14
160.400000, -1.057134e-13, 1.305567e-13, 1.048361e-13, -1.008554e-13
160.500000, 8.557379e-14, -1.117051e-13, -8.484784e-14, 8.226656e-14
160.600000, -1.049879e-13, 1.296480e-13, 1.041206e-13, -1.001673e-13
160.700000, 8.491228e-14, -1.108462e-13, -8.419235e-14, 8.162456e-14
160.800000, -1.042639e-13, 1.287428e-13, 1.034062e-13, -9.948136e-14
160.900000, 8.425731e-14, -1.099940e-13, -8.354359e-14, 8.098787e-14
161.000000, -1.035413e-13, 1.278412e-13, 1.026929e-13, -9.879778e-14
161.100000, 8.360879e-14, -1.091484e-13, -8.290139e-14, 8.035648e-14
161.200000, -1.028202e-13, 1.269433e-13, 1.019808e-13, -9.811648e-14
161.300000, 8.296654e-14, -1.083093e-13, -8.226571e-14, 7.973034e-14
161.400000, -1.021006e-13, 1.260489e-13, 1.012699e-13, -9.743740e-14
161.500000, 8.233049e-14, -1.074766e-13, -8.163618e-14, 7.910944e-14
161.600000, -1.013826e-13, 1.251581e-13, 1.005605e-13, -9.676055e-14
161.700000, 8.170055e-14, -1.066502e-13, -8.101278e-14, 7.849376e-14
161.800000, -1.006661e-13, 1.242709e-13, 9.985252e-14, -9.608584e-14
161.900000, 8.107651e-14, -1.058302e-13, -8.039537e-14, 7.788318e-14
162.000000, -9.995146e-14, 1.233872e-13, 9.914608e-14, -9.541336e-14
162.100000, 8.045832e-14, -1.050164e-13, -7.978372e-14, 7.727773e-14
162.200000, -9.923858e-14, 1.225070e-13, 9.844130e-14, -9.474300e-14
162.300000, 7.984579e-14, -1.042088e-13, -7.917774e-14, 7.667737e-14
162.400000, -9.852753e-14, 1.216302e-13, 9.773828e-14, -9.407476e-14
162.500000, 7.923871e-14, -1.034075e-13, -7.857732e-14, 7.608203e-14
162.600000, -9.781849e-14, 1.207567e-13, 9.703704e-14, -9.340863e-14
162.700000, 7.863704e-14, -1.026123e-13, -7.798228e-14, 7.549169e-14
162.800000, -9.711148e-14, 1.198866e-13, 9.633766e-14, -9.274461e-14
162.900000, 7.804062e-14, -1.018233e-13, -7.739251e-14, 7.490627e-14
163.000000, -9.640657e-14, 1.190198e-13, 9.564023e-14, -9.208269e-14
163.100000, 7.744936e-14, -1.010402e-13, -7.680785e-14, 7.432581e-14
163.200000, -9.570377e-14, 1.181564e-13, 9.494487e-14, -9.142279e-14
163.300000, 7.686309e-14, -1.002632e-13, -7.622816e-14, 7.375020e-14
163.400000, -9.500323e-14, 1.172963e-13, 9.425161e-14, -9.076503e-14
163.500000, 7.628169e-14, -9.949215e-14, -7.565340e-14, 7.317931e-14
163.600000, -9.430491e-14, 1.164394e-13, 9.356053e-14, -9.010927e-14
163.700000, 7.570519e-14, -9.872686e-14, -7.508333e-14, 7.261332e-14
163.800000, -9.360890e-14, 1.155858e-13, 9.287164e-14, -8.945560e-14
163.900000, 7.513337e-14, -9.796744e-14, -7.451797e-14, 7.205193e-14
164.000000, -9.291522e-14, 1.147355e-13, 9.218500e-14, -8.880400e-14
164.100000, 7.456615e-14, -9.721376e-14, -7.395715e-14, 7.149516e-14
164.200000, -9.222386e-14, 1.138885e-13, 9.150072e-14, -8.815450e-14
164.300000, 7.400344e-14, -9.646570e-14, -7.340084e-14, 7.094292e-14
164.400000, -9.153501e-14, 1.130447e-13, 9.081871e-14, -8.750719e-14
164.500000, 7.344514e-14, -9.572323e-14, -7.284887e-14, 7.039511e-14
164.600000, -9.084862e-14, 1.122042e-13, 9.013907e-14, -8.686204e-14
164.700000, 7.289119e-14, -9.498629e-14, -7.230129e-14, 6.985163e-14
164.800000, -9.016467e-14, 1.113670e-13, 8.946182e-14, -8.621912e-14
164.900000, 7.234151e-14, -9.425475e-14, -7.175785e-14, 6.931244e-14
165.000000, -8.948325e-14, 1.105331e-13, 8.878695e-14, -8.557845e-14
165.100000, 7.179599e-14, -9.352854e-14, -7.121859e-14, 6.877744e-14
165.200000, -8.880431e-14, 1.097026e-13, 8.811465e-14, -8.493992e-14
165.300000, 7.125468e-14, -9.280747e-14, -7.068327e-14, 6.824667e-14
165.400000, -8.812787e-14, 1.088754e-13, 8.744487e-14, -8.430366e-14
165.500000, 7.071739e-14, -9.209155e-14, -7.015191e-14, 6.771992e-14
165.600000, -8.745397e-14, 1.080517e-13, 8.677771e-14, -8.366966e-14
165.700000, 7.018410e-14, -9.138056e-14, -6.962430e-14, 6.719730e-14
165.800000, -8.678267e-14, 1.072314e-13, 8.611317e-14, -8.303787e-14
165.900000, 6.965468e-14, -9.067452e-14, -6.910037e-14, 6.667859e-14
166.000000, -8.611395e-14, 1.064146e-13, 8.545138e-14, -8.240840e-14
166.100000, 6.912908e-14, -8.997338e-14, -6.858006e-14, 6.616379e-14
166.200000, -8.544789e-14, 1.056011e-13, 8.479227e-14, -8.178125e-14
166.300000, 6.860717e-14, -8.927698e-14, -6.806330e-14, 6.565286e-14
166.400000, -8.478458e-14, 1.047911e-13, 8.413589e-14, -8.115637e-14
166.500000, 6.808883e-14, -8.858537e-14, -6.755002e-14, 6.514564e-14
166.600000, -8.412411e-14, 1.039846e-13, 8.348230e-14, -8.053390e-14
166.700000, 6.757390e-14, -8.789843e-14, -6.704019e-14, 6.464201e-14
166.800000, -8.346645e-14, 1.031813e-13, 8.283142e-14, -7.991387e-14
166.900000, 6.706226e-14, -8.721621e-14, -6.653368e-14, 6.414201e-14
167.000000, -8.281174e-14, 1.023815e-13, 8.218335e-14, -7.929625e-14
167.100000, 6.655392e-14, -8.653857e-14, -6.603048e-14, 6.364544e-14
167.200000, -8.216000e-14, 1.015850e-13, 8.153804e-14, -7.868112e-14
167.300000, 6.604877e-14, -8.586545e-14, -6.553049e-14, 6.315233e-14
167.400000, -8.151127e-14, 1.007918e-13, 8.089549e-14, -7.806848e-14
167.500000, 6.554667e-14, -8.519686e-14, -6.503371e-14, 6.266255e-14
167.600000, -8.086552e-14, 1.000020e-13, 8.025581e-14, -7.745832e-14
167.700000, 6.504762e-14, -8.453261e-14, -6.453995e-14, 6.217612e-14
167.800000, -8.022277e-14, 9.921567e-14, 7.961904e-14, -7.685062e-14
167.900000, 6.455150e-14, -8.387274e-14, -6.404926e-14, 6.169299e-14
168.000000, -7.958300e-14, 9.843274e-14, 7.898516e-14, -7.624535e-14
168.100000, 6.405839e-14, -8.321703e-14, -6.356138e-14, 6.121313e-14
168.200000, -7.894625e-14, 9.765321e-14, 7.835424e-14, -7.564252e-14
168.300000, 6.356817e-14, -8.256548e-14, -6.307639e-14, 6.073653e-14
168.400000, -7.831245e-14, 9.687715e-14, 7.772631e-14, -7.504212e-14
168.500000, 6.308086e-14, -8.191796e-14, -6.259409e-14, 6.026314e-14
168.600000, -7.768162e-14, 9.610456e-14, 7.710139e-14, -7.444411e-14
168.700000, 6.259634e-14, -8.127448e-14, -6.211451e-14, 5.979287e-14
168.800000, -7.705377e-14, 9.533542e-14, 7.647945e-14, -7.384859e-14
168.900000, 6.211462e-14, -8.063498e-14, -6.163762e-14, 5.932569e-14
169.000000, -7.642894e-14, 9.456967e-14, 7.586048e-14, -7.325552e-14
169.100000, 6.163556e-14, -7.999939e-14, -6.116335e-14, 5.886152e-14
169.200000, -7.580705e-14, 9.380747e-14, 7.524453e-14, -7.266492e-14
169.300000, 6.115920e-14, -7.936762e-14, -6.069167e-14, 5.840029e-14
169.400000, -7.518824e-14, 9.304862e-14, 7.463146e-14, -7.207684e-14
169.500000, 6.068547e-14, -7.873968e-14, -6.022261e-14, 5.794199e-14
169.600000, -7.457233e-14, 9.229316e-14, 7.402137e-14, -7.149127e-14
169.700000, 6.021428e-14, -7.811551e-14, -5.975611e-14, 5.748646e-14
169.800000, -7.395950e-14, 9.154114e-14, 7.341418e-14, -7.090824e-14
169.900000, 5.974565e-14, -7.749512e-14, -5.929209e-14, 5.703376e-14
170.000000, -7.334965e-14, 9.079250e-14, 7.280991e-14, -7.032774e-14
170.100000, 5.927952e-14, -7.687835e-14, -5.883062e-14, 5.658376e-14
170.200000, -7.274275e-14, 9.004724e-14, 7.220852e-14, -6.974978e-14
170.300000, 5.881583e-14, -7.626522e-14, -5.837160e-14, 5.613648e-14
170.400000, -7.213886e-14, 8.930530e-14, 7.160992e-14, -6.917438e-14
170.500000, 5.835460e-14, -7.565567e-14, -5.791508e-14, 5.569182e-14
170.600000, -7.153784e-14, 8.856681e-14, 7.101424e-14, -6.860152e-14
170.700000, 5.789580e-14, -7.504961e-14, -5.746096e-14, 5.524976e-14
170.800000, -7.093983e-14, 8.783166e-14, 7.042143e-14, -6.803118e-14
170.900000, 5.743943e-14, -7.444701e-14, -5.700919e-14, 5.481032e-14
171.000000, -7.034464e-14, 8.709992e-14, 6.983147e-14, -6.746334e-14
171.100000, 5.698545e-14, -7.384776e-14, -5.655971e-14, 5.437345e-14
171.200000, -6.975231e-14, 8.637158e-14, 6.924438e-14, -6.689798e-14
171.300000, 5.653386e-14, -7.325186e-14, -5.611253e-14, 5.393914e-14
171.400000, -6.916283e-14, 8.564669e-14, 6.866019e-14, -6.633506e-14
171.500000, 5.608464e-14, -7.265918e-14, -5.566754e-14, 5.350738e-14
171.600000, -6.857614e-14, 8.492522e-14, 6.807889e-14, -6.577460e-14
171.700000, 5.563782e-14, -7.206968e-14, -5.522470e-14, 5.307814e-14
171.800000, -6.799223e-14, 8.420718e-14, 6.750048e-14, -6.521656e-14
171.900000, 5.519326e-14, -7.148334e-14, -5.478403e-14, 5.265133e-14
172.000000, -6.741114e-14, 8.349250e-14, 6.692490e-14, -6.466104e-14
172.100000, 5.475099e-14, -7.090016e-14, -5.434555e-14, 5.222694e-14
172.200000, -6.683286e-14, 8.278120e-14, 6.635215e-14, -6.410794e-14
172.300000, 5.431084e-14, -7.032010e-14, -5.390922e-14, 5.180485e-14
172.400000, -6.625742e-14, 8.207317e-14, 6.578214e-14, -6.355740e-14
172.500000, 5.387290e-14, -6.974313e-14, -5.347501e-14, 5.138502e-14
172.600000, -6.568490e-14, 8.136847e-14, 6.521486e-14, -6.300942e-14
172.700000, 5.343697e-14, -6.916934e-14, -5.304309e-14, 5.096733e-14
172.800000, -6.511527e-14, 8.066691e-14, 6.465021e-14, -6.246405e-14
172.900000, 5.300306e-14, -6.859862e-14, -5.261328e-14, 5.055179e-14
173.000000, -6.454852e-14, 7.996861e-14, 6.408823e-14, -6.192132e-14
173.100000, 5.257112e-14, -6.803093e-14, -5.218563e-14, 5.013829e-14
173.200000, -6.398465e-14, 7.927350e-14, 6.352887e-14, -6.138113e-14
173.300000, 5.214113e-14, -6.746628e-14, -5.176014e-14, 4.972680e-14
173.400000, -6.342365e-14, 7.858157e-14, 6.297211e-14, -6.084360e-14
173.500000, 5.171312e-14, -6.690460e-14, -5.133673e-14, 4.931735e-14
173.600000, -6.286545e-14, 7.789289e-14, 6.241804e-14, -6.030859e-14
173.700000, 5.128705e-14, -6.634572e-14, -5.091530e-14, 4.890993e-14
173.800000, -6.231002e-14, 7.720746e-14, 6.186665e-14, -5.977611e-14
173.900000, 5.086300e-14, -6.578963e-14, -5.049578e-14, 4.850463e-14
174.000000, -6.175721e-14, 7.652538e-14, 6.131800e-14, -5.924605e-14
174.100000, 5.044099e-14, -6.523621e-14, -5.007815e-14, 4.810136e-14
174.200000, -6.120713e-14, 7.584661e-14, 6.077207e-14, -5.871841e-14
174.300000, 5.002098e-14, -6.468541e-14, -4.966233e-14, 4.770015e-14
174.400000, -6.065960e-14, 7.517123e-14, 6.022896e-14, -5.819313e-14
174.500000, 4.960300e-14, -6.413715e-14, -4.924827e-14, 4.730105e-14
174.600000, -6.011464e-14, 7.449914e-14, 5.968860e-14, -5.767019e-14
174.700000, 4.918699e-14, -6.359145e-14, -4.883593e-14, 4.690393e-14
174.800000, -5.957231e-14, 7.383037e-14, 5.915094e-14, -5.714965e-14
174.900000, 4.877292e-14, -6.304825e-14, -4.842538e-14, 4.650881e-14
175.000000, -5.903258e-14, 7.316493e-14, 5.861601e-14, -5.663154e-14
175.100000, 4.836070e-14, -6.250758e-14, -4.801660e-14, 4.611558e-14
175.200000, -5.849548e-14, 7.250269e-14, 5.808364e-14, -5.611585e-14
175.300000, 4.795034e-14, -6.196942e-14, -4.760959e-14, 4.572415e-14
175.400000, -5.796102e-14, 7.184363e-14, 5.755394e-14, -5.560260e-14
175.500000, 4.754172e-14, -6.143380e-14, -4.720439e-14, 4.533450e-14
175.600000, -5.742926e-14, 7.118771e-14, 5.702675e-14, -5.509188e-14
175.700000, 4.713486e-14, -6.090068e-14, -4.680092e-14, 4.494656e-14
175.800000, -5.690010e-14, 7.053491e-14, 5.650211e-14, -5.458365e-14
175.900000, 4.672970e-14, -6.036999e-14, -4.639928e-14, 4.456030e-14
176.000000, -5.637359e-14, 6.988526e-14, 5.597995e-14, -5.407797e-14
176.100000, 4.632623e-14, -5.984178e-14, -4.599936e-14, 4.417568e-14
176.200000, -5.584974e-14, 6.923865e-14, 5.546030e-14, -5.357478e-14
176.300000, 4.592440e-14, -5.931597e-14, -4.560121e-14, 4.379265e-14
176.400000, -5.532841e-14, 6.859515e-14, 5.494314e-14, -5.307406e-14
176.500000, 4.552428e-14, -5.879253e-14, -4.520476e-14, 4.341128e-14
176.600000, -5.480973e-14, 6.795471e-14, 5.442843e-14, -5.257586e-14
176.700000, 4.512580e-14, -5.827143e-14, -4.480995e-14, 4.303139e-14
176.800000, -5.429355e-14, 6.731735e-14, 5.391622e-14, -5.208011e-14
176.900000, 4.472901e-14, -5.775263e-14, -4.441680e-14, 4.265311e-14
177.000000, -5.377995e-14, 6.668308e-14, 5.340652e-14, -5.158683e-14
177.100000, 4.433385e-14, -5.723606e-14, -4.402526e-14, 4.227639e-14
177.200000, -5.326876e-14, 6.605186e-14, 5.289931e-14, -5.109593e-14
177.300000, 4.394032e-14, -5.672171e-14, -4.363530e-14, 4.190125e-14
177.400000, -5.276002e-14, 6.542378e-14, 5.239456e-14, -5.060740e-14
177.500000, 4.354847e-14, -5.620949e-14, -4.324677e-14, 4.152765e-14
177.600000, -5.225375e-14, 6.479875e-14, 5.189232e-14, -5.012128e-14
177.700000, 4.315825e-14, -5.569937e-14, -4.285982e-14, 4.115558e-14
177.800000, -5.174992e-14, 6.417679e-14, 5.139259e-14, -4.963746e-14
177.900000, 4.276961e-14, -5.519139e-14, -4.247435e-14, 4.078503e-14
178.000000, -5.124847e-14, 6.355788e-14, 5.089532e-14, -4.915596e-14
178.100000, 4.238251e-14, -5.468548e-14, -4.209032e-14, 4.041598e-14
178.200000, -5.074947e-14, 6.294189e-14, 5.040047e-14, -4.867687e-14
178.300000, 4.199692e-14, -5.418174e-14, -4.170785e-14, 4.004833e-14
178.400000, -5.025290e-14, 6.232890e-14, 4.990797e-14, -4.820014e-14
178.500000, 4.161284e-14, -5.368005e-14, -4.132686e-14, 3.968209e-14
178.600000, -4.975880e-14, 6.171881e-14, 4.941786e-14, -4.772577e-14
178.700000, 4.123017e-14, -5.318048e-14, -4.094739e-14, 3.931718e-14
178.800000, -4.926720e-14, 6.111156e-14, 4.893003e-14, -4.725383e-14
178.900000, 4.084890e-14, -5.268299e-14, -4.056940e-14, 3.895362e-14
179.000000, -4.877802e-14, 6.050722e-14, 4.844450e-14, -4.678426e-14
179.100000, 4.046905e-14, -5.218753e-14, -4.019290e-14, 3.859137e-14
179.200000, -4.829124e-14, 5.990570e-14, 4.796130e-14, -4.631702e-14
179.300000, 4.009061e-14, -5.169407e-14, -3.981783e-14, 3.823045e-14
179.400000, -4.780684e-14, 5.930709e-14, 4.748041e-14, -4.585210e-14
179.500000, 3.971359e-14, -5.120257e-14, -3.944416e-14, 3.787085e-14
179.600000, -4.732469e-14, 5.871134e-14, 4.700182e-14, -4.538940e-14
179.700000, 3.933800e-14, -5.071303e-14, -3.907181e-14, 3.751261e-14
179.800000, -4.684493e-14, 5.811846e-14, 4.652559e-14, -4.492896e-14
179.900000, 3.896384e-14, -5.022532e-14, -3.870078e-14, 3.715573e-14
180.000000, -4.636732e-14, 5.752849e-14, 4.605176e-14, -4.447067e-14
180.100000, 3.859118e-14, -4.973944e-14, -3.833103e-14, 3.680021e-14
180.200000, -4.589203e-14, 5.694136e-14, 4.558027e-14, -4.401456e-14
180.300000, 3.821990e-14, -4.925539e-14, -3.796253e-14, 3.644606e-14
180.400000, -4.541894e-14, 5.635706e-14, 4.511106e-14, -4.356062e-14
180.500000, 3.785007e-14, -4.877317e-14, -3.759532e-14, 3.609321e-14
180.600000, -4.494802e-14, 5.577557e-14, 4.464421e-14, -4.310878e-14
180.700000, 3.748158e-14, -4.829271e-14, -3.722929e-14, 3.574170e-14
180.800000, -4.447935e-14, 5.519688e-14, 4.417959e-14, -4.265911e-14
180.900000, 3.711445e-14, -4.781410e-14, -3.686455e-14, 3.539145e-14
181.000000, -4.401290e-14, 5.462088e-14, 4.371722e-14, -4.221159e-14
181.100000, 3.674860e-14, -4.733727e-14, -3.650110e-14, 3.504240e-14
181.200000, -4.354867e-14, 5.404760e-14, 4.325706e-14, -4.176622e-14
181.300000, 3.638407e-14, -4.686229e-14, -3.613892e-14, 3.469461e-14
181.400000, -4.308669e-14, 5.347698e-14, 4.279905e-14, -4.132301e-14
181.500000, 3.602074e-14, -4.638912e-14, -3.577798e-14, 3.434796e-14
181.600000, -4.262690e-14, 5.290896e-14, 4.234318e-14, -4.088195e-14
181.700000, 3.565867e-14, -4.591772e-14, -3.541837e-14, 3.400251e-14
181.800000, -4.216930e-14, 5.234356e-14, 4.188941e-14, -4.044303e-14
181.900000, 3.529786e-14, -4.544810e-14, -3.505997e-14, 3.365820e-14
182.000000, -4.171392e-14, 5.178075e-14, 4.143778e-14, -4.000625e-14
182.100000, 3.493824e-14, -4.498026e-14, -3.470283e-14, 3.331504e-14
182.200000, -4.126071e-14, 5.122051e-14, 4.098823e-14, -3.957153e-14
182.300000, 3.457981e-14, -4.451413e-14, -3.434693e-14, 3.297300e-14
182.400000, -4.080960e-14, 5.066283e-14, 4.054076e-14, -3.913893e-14
182.500000, 3.422255e-14, -4.404976e-14, -3.399229e-14, 3.263206e-14
182.600000, -4.036071e-14, 5.010769e-14, 4.009531e-14, -3.870840e-14
182.700000, 3.386648e-14, -4.358708e-14, -3.363885e-14, 3.229225e-14
182.800000, -3.991394e-14, 4.955509e-14, 3.965190e-14, -3.827994e-14
182.900000, 3.351157e-14, -4.312608e-14, -3.328664e-14, 3.195355e-14
183.000000, -3.946925e-14, 4.900496e-14, 3.921054e-14, -3.785349e-14
183.100000, 3.315781e-14, -4.266676e-14, -3.293562e-14, 3.161597e-14
183.200000, -3.902668e-14, 4.845735e-14, 3.877113e-14, -3.742905e-14
183.300000, 3.280523e-14, -4.220901e-14, -3.258576e-14, 3.127952e-14
183.400000, -3.858617e-14, 4.791221e-14, 3.833378e-14, -3.700656e-14
183.500000, 3.245377e-14, -4.175289e-14, -3.223705e-14, 3.094418e-14
183.600000, -3.814768e-14, 4.736963e-14, 3.789844e-14, -3.658599e-14
183.700000, 3.210348e-14, -4.129834e-14, -3.188949e-14, 3.060996e-14
183.800000, -3.771122e-14, 4.682951e-14, 3.746511e-14, -3.616732e-14
183.900000, 3.175433e-14, -4.084533e-14, -3.154302e-14, 3.027692e-14
184.000000, -3.727676e-14, 4.629185e-14, 3.703377e-14, -3.575053e-14
184.100000, 3.140632e-14, -4.039383e-14, -3.119762e-14, 2.994501e-14
184.200000, -3.684423e-14, 4.575669e-14, 3.660445e-14, -3.533559e-14
184.300000, 3.105947e-14, -3.994381e-14, -3.085327e-14, 2.961430e-14
184.400000, -3.641371e-14, 4.522399e-14, 3.617709e-14, -3.492246e-14
184.500000, 3.071369e-14, -3.949535e-14, -3.051005e-14, 2.928458e-14
184.600000, -3.598513e-14, 4.469364e-14, 3.575165e-14, -3.451117e-14
184.700000, 3.036900e-14, -3.904839e-14, -3.016791e-14, 2.895600e-14
184.800000, -3.555855e-14, 4.416569e-14, 3.532814e-14, -3.410174e-14
184.900000, 3.002538e-14, -3.860291e-14, -2.982686e-14, 2.862849e-14
185.000000, -3.513391e-14, 4.364006e-14, 3.490645e-14, -3.369415e-14
185.100000, 2.968278e-14, -3.815894e-14, -2.948691e-14, 2.830200e-14
185.200000, -3.471118e-14, 4.311681e-14, 3.448668e-14, -3.328836e-14
185.300000, 2.934127e-14, -3.771642e-14, -2.914802e-14, 2.797658e-14
185.400000, -3.429036e-14, 4.259587e-14, 3.406875e-14, -3.288438e-14
185.500000, 2.900081e-14, -3.727533e-14, -2.881016e-14, 2.765223e-14
185.600000, -3.387140e-14, 4.207727e-14, 3.365272e-14, -3.248214e-14
185.700000, 2.866142e-14, -3.683568e-14, -2.847333e-14, 2.732888e-14
185.800000, -3.345433e-14, 4.156091e-14, 3.323849e-14, -3.208169e-14
185.900000, 2.832308e-14, -3.639744e-14, -2.813753e-14, 2.700658e-14
186.000000, -3.303909e-14, 4.104690e-14, 3.282610e-14, -3.168297e-14
186.100000, 2.798581e-14, -3.596060e-14, -2.780272e-14, 2.668530e-14
186.200000, -3.262564e-14, 4.053511e-14, 3.241554e-14, -3.128596e-14
186.300000, 2.764955e-14, -3.552512e-14, -2.746895e-14, 2.636503e-14
186.400000, -3.221405e-14, 4.002555e-14, 3.200677e-14, -3.089070e-14
186.500000, 2.731425e-14, -3.509111e-14, -2.713623e-14, 2.604575e-14
186.600000, -3.180425e-14, 3.951818e-14, 3.159974e-14, -3.049720e-14
186.700000, 2.697999e-14, -3.465847e-14, -2.680450e-14, 2.572739e-14
186.800000, -3.139629e-14, 3.901297e-14, 3.119446e-14, -3.010539e-14
186.900000, 2.664668e-14, -3.422727e-14, -2.647381e-14, 2.541001e-14
187.000000, -3.099013e-14, 3.850987e-14, 3.079087e-14, -2.971534e-14
187.100000, 2.631428e-14, -3.379743e-14, -2.614412e-14, 2.509350e-14
187.200000, -3.058583e-14, 3.800888e-14, 3.038896e-14, -2.932699e-14
187.300000, 2.598290e-14, -3.336902e-14, -2.581546e-14, 2.477792e-14
187.400000, -3.018324e-14, 3.750998e-14, 2.998874e-14, -2.894035e-14
187.500000, 2.565235e-14, -3.294201e-14, -2.548785e-14, 2.446329e-14
187.600000, -2.978248e-14, 3.701309e-14, 2.959017e-14, -2.855537e-14
187.700000, 2.532278e-14, -3.251636e-14, -2.516121e-14, 2.414950e-14
187.800000, -2.938344e-14, 3.651831e-14, 2.919324e-14, -2.817208e-14
187.900000, 2.499411e-14, -3.209208e-14, -2.483556e-14, 2.383665e-14
188.000000, -2.898613e-14, 3.602552e-14, 2.879797e-14, -2.779040e-14
188.100000, 2.466639e-14, -3.166911e-14, -2.451086e-14, 2.352469e-14
188.200000, -2.859051e-14, 3.553479e-14, 2.840432e-14, -2.741034e-14
188.300000, 2.433964e-14, -3.124745e-14, -2.418712e-14, 2.321368e-14
188.400000, -2.819656e-14, 3.504609e-14, 2.801232e-14, -2.703186e-14
188.500000, 2.401379e-14, -3.082707e-14, -2.386430e-14, 2.290357e-14
188.600000, -2.780426e-14, 3.455941e-14, 2.762196e-14, -2.665496e-14
188.700000, 2.368889e-14, -3.040796e-14, -2.354242e-14, 2.259438e-14
188.800000, -2.741357e-14, 3.407473e-14, 2.723318e-14, -2.627961e-14
188.900000, 2.336491e-14, -2.999013e-14, -2.322144e-14, 2.228606e-14
189.000000, -2.702447e-14, 3.359200e-14, 2.684604e-14, -2.590580e-14
189.100000, 2.304188e-14, -2.957356e-14, -2.290136e-14, 2.197865e-14
189.200000, -2.663701e-14, 3.311123e-14, 2.646047e-14, -2.553352e-14
189.300000, 2.271977e-14, -2.915826e-14, -2.258220e-14, 2.167212e-14
189.400000, -2.625109e-14, 3.263242e-14, 2.607643e-14, -2.516274e-14
189.500000, 2.239859e-14, -2.874419e-14, -2.226394e-14, 2.136643e-14
189.600000, -2.586676e-14, 3.215550e-14, 2.569400e-14, -2.479347e-14
189.700000, 2.207829e-14, -2.833138e-14, -2.194658e-14, 2.106169e-14
189.800000, -2.548394e-14, 3.168048e-14, 2.531304e-14, -2.442569e-14
189.900000, 2.175894e-14, -2.791978e-14, -2.163007e-14, 2.075776e-14
190.000000, -2.510265e-14, 3.120734e-14, 2.493368e-14, -2.405937e-14
190.100000, 2.144042e-14, -2.750939e-14, -2.131442e-14, 2.045470e-14
190.200000, -2.472286e-14, 3.073603e-14, 2.455576e-14, -2.369453e-14
190.300000, 2.112288e-14, -2.710023e-14, -2.099969e-14, 2.015248e-14
190.400000, -2.434459e-14, 3.026660e-14, 2.417938e-14, -2.333110e-14
190.500000, 2.080618e-14, -2.669229e-14, -2.068578e-14, 1.985115e-14
190.600000, -2.396781e-14, 2.979899e-14, 2.380450e-14, -2.296908e-14
190.700000, 2.049039e-14, -2.628547e-14, -2.037276e-14, 1.955062e-14
190.800000, -2.359251e-14, 2.933311e-14, 2.343102e-14, -2.260850e-14
190.900000, 2.017546e-14, -2.587993e-14, -2.006058e-14, 1.925091e-14
191.000000, -2.321864e-14, 2.886906e-14, 2.305903e-14, -2.224933e-14
191.100000, 1.986137e-14, -2.547553e-14, -1.974927e-14, 1.895207e-14
191.200000, -2.284622e-14, 2.840679e-14, 2.268845e-14, -2.189152e-14
191.300000, 1.954818e-14, -2.507231e-14, -1.943878e-14, 1.865405e-14
191.400000, -2.247524e-14, 2.794625e-14, 2.231932e-14, -2.153509e-14
191.500000, 1.923584e-14, -2.467023e-14, -1.912910e-14, 1.835687e-14
191.600000, -2.210563e-14, 2.748746e-14, 2.195160e-14, -2.117997e-14
191.700000, 1.892438e-14, -2.426927e-14, -1.882030e-14, 1.806052e-14
191.800000, -2.173742e-14, 2.703042e-14, 2.158528e-14, -2.082617e-14
191.900000, 1.861375e-14, -2.386942e-14, -1.851230e-14, 1.776497e-14
192.000000, -2.137058e-14, 2.657507e-14, 2.122032e-14, -2.047371e-14
192.100000, 1.830397e-14, -2.347074e-14, -1.820510e-14, 1.747027e-14
192.200000, -2.100511e-14, 2.612142e-14, 2.085673e-14, -2.012255e-14
192.300000, 1.799501e-14, -2.307317e-14, -1.789875e-14, 1.717634e-14
192.400000, -2.064106e-14, 2.566936e-14, 2.049443e-14, -1.977273e-14
192.500000, 1.768683e-14, -2.267673e-14, -1.759323e-14, 1.688317e-14
192.600000, -2.027838e-14, 2.521893e-14, 2.013345e-14, -1.942422e-14
192.700000, 1.737941e-14, -2.228149e-14, -1.728859e-14, 1.659075e-14
192.800000, -1.991711e-14, 2.477006e-14, 1.977371e-14, -1.907703e-14
192.900000, 1.707273e-14, -2.188738e-14, -1.698480e-14, 1.629906e-14
193.000000, -1.955717e-14, 2.432276e-14, 1.941524e-14, -1.873113e-14
193.100000, 1.676681e-14, -2.149443e-14, -1.668184e-14, 1.600811e-14
193.200000, -1.919863e-14, 2.387700e-14, 1.905802e-14, -1.838651e-14
193.300000, 1.646166e-14, -2.110261e-14, -1.637975e-14, 1.571789e-14
193.400000, -1.884137e-14, 2.343276e-14, 1.870203e-14, -1.804318e-14
193.500000, 1.615728e-14, -2.071189e-14, -1.607840e-14, 1.542845e-14
193.600000, -1.848544e-14, 2.299011e-14, 1.834735e-14, -1.770100e-14
193.700000, 1.585370e-14, -2.032221e-14, -1.577784e-14, 1.513979e-14
193.800000, -1.813072e-14, 2.254900e-14, 1.799391e-14, -1.736004e-14
193.900000, 1.555093e-14, -1.993358e-14, -1.547799e-14, 1.485190e-14
194.000000, -1.777717e-14, 2.210949e-14, 1.764177e-14, -1.702024e-14
194.100000, 1.524903e-14, -1.954593e-14, -1.517884e-14, 1.456481e-14
194.200000, -1.742484e-14, 2.167150e-14, 1.729091e-14, -1.668156e-14
194.300000, 1.494793e-14, -1.915928e-14, -1.488045e-14, 1.427850e-14
194.400000, -1.707364e-14, 2.123505e-14, 1.694132e-14, -1.634398e-14
194.500000, 1.464764e-14, -1.877364e-14, -1.458275e-14, 1.399298e-14
194.600000, -1.672363e-14, 2.080013e-14, 1.659296e-14, -1.600757e-14
194.700000, 1.434817e-14, -1.838903e-14, -1.428575e-14, 1.370817e-14
194.800000, -1.637476e-14, 2.036665e-14, 1.624580e-14, -1.567232e-14
194.900000, 1.404951e-14, -1.800541e-14, -1.398952e-14, 1.342409e-14
195.000000, -1.602704e-14, 1.993462e-14, 1.589983e-14, -1.533819e-14
195.100000, 1.375160e-14, -1.762284e-14, -1.369398e-14, 1.314072e-14
195.200000, -1.568050e-14, 1.950399e-14, 1.555502e-14, -1.500525e-14
195.300000, 1.345445e-14, -1.724126e-14, -1.339924e-14, 1.285801e-14
195.400000, -1.533512e-14, 1.907475e-14, 1.521133e-14, -1.467342e-14
195.500000, 1.315802e-14, -1.686076e-14, -1.310521e-14, 1.257596e-14
195.600000, -1.499088e-14, 1.864687e-14, 1.486877e-14, -1.434275e-14
195.700000, 1.286233e-14, -1.648127e-14, -1.281194e-14, 1.229458e-14
195.800000, -1.464776e-14, 1.822034e-14, 1.452731e-14, -1.401319e-14
195.900000, 1.256740e-14, -1.610276e-14, -1.251939e-14, 1.201389e-14
196.000000, -1.430577e-14, 1.779514e-14, 1.418698e-14, -1.368475e-14
196.100000, 1.227317e-14, -1.572528e-14, -1.222753e-14, 1.173385e-14
196.200000, -1.396484e-14, 1.737127e-14, 1.384771e-14, -1.335736e-14
196.300000, 1.197968e-14, -1.534879e-14, -1.193638e-14, 1.145447e-14
196.400000, -1.362506e-14, 1.694872e-14, 1.350956e-14, -1.303107e-14
196.500000, 1.168686e-14, -1.497332e-14, -1.164598e-14, 1.117574e-14
196.600000, -1.328631e-14, 1.652742e-14, 1.317245e-14, -1.270585e-14
196.700000, 1.139477e-14, -1.459883e-14, -1.135628e-14, 1.089765e-14
196.800000, -1.294868e-14, 1.610740e-14, 1.283644e-14, -1.238162e-14
196.900000, 1.110337e-14, -1.422533e-14, -1.106723e-14, 1.062025e-14
197.000000, -1.261210e-14, 1.568866e-14, 1.250144e-14, -1.205851e-14
197.100000, 1.081270e-14, -1.385277e-14, -1.077888e-14, 1.034347e-14
197.200000, -1.227652e-14, 1.527116e-14, 1.216752e-14, -1.173637e-14
197.300000, 1.052272e-14, -1.348119e-14, -1.049117e-14, 1.006735e-14
197.400000, -1.194198e-14, 1.485489e-14, 1.183466e-14, -1.141520e-14
197.500000, 1.023346e-14, -1.311051e-14, -1.020412e-14, 9.791934e-15
197.600000, -1.160837e-14, 1.443987e-14, 1.150283e-14, -1.109499e-14
197.700000, 9.944972e-15, -1.274071e-14, -9.917677e-15, 9.517190e-15
197.800000, -1.127571e-14, 1.402613e-14, 1.117210e-14, -1.077569e-14
197.900000, 9.657232e-15, -1.237180e-14, -9.631832e-15, 9.243111e-15
198.000000, -1.094399e-14, 1.361363e-14, 1.084245e-14, -1.045735e-14
198.100000, 9.370243e-15, -1.200380e-14, -9.346573e-15, 8.969716e-15
198.200000, -1.061314e-14, 1.320232e-14, 1.051380e-14, -1.013994e-14
198.300000, 9.083983e-15, -1.163669e-14, -9.061880e-15, 8.696968e-15
198.400000, -1.028323e-14, 1.279221e-14, 1.018619e-14, -9.823455e-15
198.500000, 8.798440e-15, -1.127048e-14, -8.777845e-15, 8.424812e-15
198.600000, -9.954223e-15, 1.238319e-14, 9.859579e-15, -9.507975e-15
198.700000, 8.513584e-15, -1.090518e-14, -8.494430e-15, 8.153231e-15
198.800000, -9.626170e-15, 1.197529e-14, 9.533882e-15, -9.193433e-15
198.900000, 8.229377e-15, -1.054087e-14, -8.211655e-15, 7.882189e-15
199.000000, -9.299063e-15, 1.156839e-14, 9.209117e-15, -8.879874e-15
199.100000, 7.945820e-15, -1.017756e-14, -7.929570e-15, 7.611662e-15
199.200000, -8.972840e-15, 1.116259e-14, 8.885232e-15, -8.567307e-15
199.300000, 7.662863e-15, -9.815156e-15, -7.648142e-15, 7.341646e-15
199.400000, -8.647619e-15, 1.075775e-14, 8.562192e-15, -8.255732e-15
199.500000, 7.380564e-15, -9.453726e-15, -7.367373e-15, 7.072171e-15
199.600000, -8.323258e-15, 1.035395e-14, 8.240076e-15, -7.945077e-15
199.700000, 7.098899e-15, -9.093193e-15, -7.087213e-15, 6.803210e-15
199.800000, -7.999783e-15, 9.951139e-15, 7.918860e-15, -7.635398e-15
199.900000, 6.817903e-15, -8.733583e-15, -6.807685e-15, 6.534780e-15
200.000000, -7.677103e-15, 9.549351e-15, 7.598500e-15, -7.326589e-15
200.100000, 6.537607e-15, -8.374805e-15, -6.528747e-15, 6.266916e-15
200.200000, -7.355252e-15, 9.148672e-15, 7.279042e-15, -7.018588e-15
200.300000, 6.257947e-15, -8.016853e-15, -6.250350e-15, 5.999645e-15
200.400000, -7.034097e-15, 8.749056e-15, 6.960500e-15, -6.711430e-15
200.500000, 5.979095e-15, -7.659686e-15, -5.972521e-15, 5.732955e-15
200.600000, -6.713741e-15, 8.350447e-15, 6.642928e-15, -6.405089e-15
200.700000, 5.700931e-15, -7.303366e-15, -5.695202e-15, 5.466852e-15
200.800000, -6.394120e-15, 7.952884e-15, 6.326186e-15, -6.099547e-15
200.900000, 5.423427e-15, -6.947748e-15, -5.418423e-15, 5.201349e-15
201.000000, -6.075233e-15, 7.556332e-15, 6.010303e-15, -5.794871e-15
201.100000, 5.146577e-15, -6.592990e-15, -5.142209e-15, 4.936367e-15
201.200000, -5.757134e-15, 7.160760e-15, 5.695222e-15, -5.490896e-15
201.300000, 4.870384e-15, -6.239016e-15, -4.866591e-15, 4.671908e-15
201.400000, -5.439762e-15, 6.766129e-15, 5.380969e-15, -5.187786e-15
201.500000, 4.594858e-15, -5.885888e-15, -4.591552e-15, 4.407990e-15
201.600000, -5.123105e-15, 6.372451e-15, 5.067542e-15, -4.885409e-15
201.700000, 4.319865e-15, -5.533554e-15, -4.317096e-15, 4.144586e-15
201.800000, -4.807312e-15, 5.979649e-15, 4.754806e-15, -4.583883e-15
201.900000, 4.045548e-15, -5.182021e-15, -4.043229e-15, 3.881687e-15
202.000000, -4.492219e-15, 5.587782e-15, 4.442885e-15, -4.283120e-15
202.100000, 3.771860e-15, -4.831286e-15, -3.769872e-15, 3.619373e-15
202.200000, -4.177847e-15, 5.196791e-15, 4.131762e-15, -3.983065e-15
202.300000, 3.498692e-15, -4.481340e-15, -3.497093e-15, 3.357542e-15
202.400000, -3.864130e-15, 4.806678e-15, 3.821363e-15, -3.683704e-15
202.500000, 3.226101e-15, -4.132189e-15, -3.224845e-15, 3.096223e-15
202.600000, -3.551226e-15, 4.417438e-15, 3.511699e-15, -3.385160e-15
202.700000, 2.954121e-15, -3.783794e-15, -2.953174e-15, 2.835473e-15
202.800000, -3.238973e-15, 4.029073e-15, 3.202783e-15, -3.087265e-15
202.900000, 2.682702e-15, -3.436131e-15, -2.682052e-15, 2.575178e-15
203.000000, -2.927439e-15, 3.641534e-15, 2.894547e-15, -2.790111e-15
203.100000, 2.411902e-15, -3.089274e-15, -2.411460e-15, 2.315425e-15
203.200000, -2.616622e-15, 3.254808e-15, 2.586985e-15, -2.493668e-15
203.300000, 2.141643e-15, -2.743196e-15, -2.141417e-15, 2.056156e-15
203.400000, -2.306400e-15, 2.868895e-15, 2.280173e-15, -2.197889e-15
203.500000, 1.871975e-15, -2.397809e-15, -1.871930e-15, 1.797368e-15
203.600000, -1.996880e-15, 2.483766e-15, 1.974024e-15, -1.902825e-15
203.700000, 1.602817e-15, -2.053201e-15, -1.602967e-15, 1.539108e-15
203.800000, -1.688027e-15, 2.099484e-15, 1.668526e-15, -1.608328e-15
203.900000, 1.334319e-15, -1.709267e-15, -1.334514e-15, 1.281351e-15
204.000000, -1.379736e-15, 1.716014e-15, 1.363752e-15, -1.314539e-15
204.100000, 1.066304e-15, -1.366068e-15, -1.066572e-15, 1.024065e-15
204.200000, -1.072059e-15, 1.333321e-15, 1.059579e-15, -1.021370e-15
204.300000, 7.989275e-16, -1.023525e-15, -7.991560e-16, 7.673079e-16
204.400000, -7.650217e-16, 9.514127e-16, 7.560577e-16, -7.288043e-16
204.500000, 5.320633e-16, -6.817034e-16, -5.322673e-16, 5.110466e-16
204.600000, -4.585680e-16, 5.702832e-16, 4.531791e-16, -4.368509e-16
204.700000, 2.657584e-16, -3.404973e-16, -2.658670e-16, 2.552715e-16
204.800000, -1.527070e-16, 1.899008e-16, 1.509262e-16, -1.454806e-16
