x, 11, 12, 21, 22
0.015340, -2.842883e+01, -2.845345e+01, -2.834565e+01, -2.836898e+01
0.030680, -2.846555e+01, -2.854804e+01, -2.812729e+01, -2.819221e+01
0.046019, -2.851018e+01, -2.869545e+01, -2.778575e+01, -2.790002e+01
0.061359, -2.854780e+01, -2.887583e+01, -2.734340e+01, -2.750217e+01
0.076699, -2.856601e+01, -2.906218e+01, -2.682082e+01, -2.701440e+01
0.092039, -2.855396e+01, -2.922725e+01, -2.623676e+01, -2.645329e+01
0.107379, -2.850208e+01, -2.934794e+01, -2.560768e+01, -2.583336e+01
0.122718, -2.840360e+01, -2.940573e+01, -2.494621e+01, -2.516760e+01
0.138058, -2.825527e+01, -2.938622e+01, -2.426079e+01, -2.446845e+01
0.153398, -2.805666e+01, -2.927939e+01, -2.355700e+01, -2.374798e+01
0.168738, -2.780890e+01, -2.907966e+01, -2.283928e+01, -2.301778e+01
0.184078, -2.751389e+01, -2.878567e+01, -2.211212e+01, -2.228912e+01
0.199418, -2.717324e+01, -2.840009e+01, -2.138117e+01, -2.157260e+01
0.214757, -2.678714e+01, -2.792969e+01, -2.065403e+01, -2.087719e+01
0.230097, -2.635355e+01, -2.738506e+01, -1.994041e+01, -2.020913e+01
0.245437, -2.586818e+01, -2.677975e+01, -1.925132e+01, -1.957122e+01
0.260777, -2.532505e+01, -2.612884e+01, -1.859759e+01, -1.896242e+01
0.276117, -2.471782e+01, -2.544733e+01, -1.798799e+01, -1.837804e+01
0.291456, -2.404155e+01, -2.474831e+01, -1.742720e+01, -1.781073e+01
0.306796, -2.329475e+01, -2.404135e+01, -1.691431e+01, -1.725216e+01
0.322136, -2.248071e+01, -2.333177e+01, -1.644241e+01, -1.669461e+01
0.337476, -2.160780e+01, -2.262076e+01, -1.599964e+01, -1.613224e+01
0.352816, -2.068860e+01, -2.190636e+01, -1.557123e+01, -1.556165e+01
0.368155, -1.973811e+01, -2.118468e+01, -1.514223e+01, -1.498162e+01
0.383495, -1.877159e+01, -2.045122e+01, -1.470002e+01, -1.439248e+01
0.398835, -1.780268e+01, -1.970173e+01, -1.423604e+01, -1.379524e+01
0.414175, -1.684241e+01, -1.893253e+01, -1.374634e+01, -1.319125e+01
0.429515, -1.589916e+01, -1.814034e+01, -1.323101e+01, -1.258220e+01
0.444854, -1.497927e+01, -1.732206e+01, -1.269284e+01, -1.197053e+01
0.460194, -1.408796e+01, -1.647455e+01, -1.213578e+01, -1.135989e+01
0.475534, -1.323017e+01, -1.559479e+01, -1.156345e+01, -1.075536e+01
0.490874, -1.241077e+01, -1.468026e+01, -1.097827e+01, -1.016326e+01
0.506214, -1.163422e+01, -1.372984e+01, -1.038127e+01, -9.590289e+00
0.521553, -1.090358e+01, -1.274475e+01, -9.772657e+00, -9.042312e+00
0.536893, -1.021941e+01, -1.172941e+01, -9.152716e+00, -8.523035e+00
0.552233, -9.578578e+00, -1.069201e+01, -8.523013e+00, -8.032868e+00
0.567573, -8.973805e+00, -9.644492e+00, -7.887287e+00, -7.568364e+00
0.582913, -8.393834e+00, -8.601821e+00, -7.251796e+00, -7.122459e+00
0.598253, -7.824579e+00, -7.580611e+00, -6.624947e+00, -6.685495e+00
0.613592, -7.250930e+00, -6.597348e+00, -6.016249e+00, -6.246811e+00
0.628932, -6.658944e+00, -5.666497e+00, -5.434856e+00, -5.796537e+00
0.644272, -6.037981e+00, -4.798852e+00, -4.888023e+00, -5.327223e+00
0.659612, -5.382338e+00, -4.000442e+00, -4.379886e+00, -4.834937e+00
0.674952, -4.692117e+00, -3.272162e+00, -3.910849e+00, -4.319654e+00
0.690291, -3.973181e+00, -2.610137e+00, -3.477658e+00, -3.784974e+00
0.705631, -3.236298e+00, -2.006662e+00, -3.074133e+00, -3.237329e+00
0.720971, -2.495634e+00, -1.451531e+00, -2.692335e+00, -2.684921e+00
0.736311, -1.766900e+00, -9.335185e-01, -2.323905e+00, -2.136637e+00
0.751651, -1.065444e+00, -4.417618e-01, -1.961305e+00, -1.601157e+00
0.766990, -4.045642e-01, 3.310193e-02, -1.598733e+00, -1.086338e+00
0.782330, 2.057672e-01, 4.981289e-01, -1.232614e+00, -5.988751e-01
0.797670, 7.596315e-01, 9.576336e-01, -8.616382e-01, -1.441824e-01
0.813010, 1.255307e+00, 1.413120e+00, -4.864390e-01, 2.736119e-01
0.828350, 1.694867e+00, 1.863522e+00, -1.090279e-01, 6.516368e-01
0.843689, 2.083347e+00, 2.305672e+00, 2.678297e-01, 9.882946e-01
0.859029, 2.427645e+00, 2.734923e+00, 6.411638e-01, 1.283323e+00
0.874369, 2.735324e+00, 3.145841e+00, 1.008168e+00, 1.537876e+00
0.889709, 3.013530e+00, 3.532862e+00, 1.366335e+00, 1.754564e+00
0.905049, 3.268156e+00, 3.890843e+00, 1.713380e+00, 1.937427e+00
0.920388, 3.503371e+00, 4.215453e+00, 2.047014e+00, 2.091750e+00
0.935728, 3.721522e+00, 4.503386e+00, 2.364679e+00, 2.223738e+00
0.951068, 3.923390e+00, 4.752390e+00, 2.663333e+00, 2.340056e+00
0.966408, 4.108681e+00, 4.961160e+00, 2.939379e+00, 2.447281e+00
0.981748, 4.276622e+00, 5.129161e+00, 3.188794e+00, 2.551330e+00
0.997088, 4.426517e+00, 5.256442e+00, 3.407437e+00, 2.656941e+00
1.012427, 4.558140e+00, 5.343492e+00, 3.591503e+00, 2.767278e+00
1.027767, 4.671908e+00, 5.391185e+00, 3.738030e+00, 2.883718e+00
1.043107, 4.768796e+00, 5.400794e+00, 3.845361e+00, 3.005835e+00
1.058447, 4.850068e+00, 5.374080e+00, 3.913468e+00, 3.131583e+00
1.073787, 4.916891e+00, 5.313385e+00, 3.944077e+00, 3.257645e+00
1.089126, 4.969942e+00, 5.221703e+00, 3.940560e+00, 3.379885e+00
1.104466, 5.009110e+00, 5.102696e+00, 3.907620e+00, 3.493826e+00
1.119806, 5.033358e+00, 4.960622e+00, 3.850829e+00, 3.595101e+00
1.135146, 5.040783e+00, 4.800193e+00, 3.776076e+00, 3.679819e+00
1.150486, 5.028856e+00, 4.626371e+00, 3.689024e+00, 3.744812e+00
1.165825, 4.994800e+00, 4.444135e+00, 3.594642e+00, 3.787765e+00
1.181165, 4.936030e+00, 4.258231e+00, 3.496877e+00, 3.807237e+00
1.196505, 4.850582e+00, 4.072944e+00, 3.398481e+00, 3.802610e+00
1.211845, 4.737456e+00, 3.891888e+00, 3.301011e+00, 3.773981e+00
1.227185, 4.596814e+00, 3.717840e+00, 3.204972e+00, 3.722030e+00
1.242524, 4.430026e+00, 3.552604e+00, 3.110078e+00, 3.647879e+00
1.257864, 4.239550e+00, 3.396934e+00, 3.015551e+00, 3.552964e+00
1.273204, 4.028679e+00, 3.250517e+00, 2.920428e+00, 3.438911e+00
1.288544, 3.801203e+00, 3.112032e+00, 2.823803e+00, 3.307440e+00
1.303884, 3.561045e+00, 2.979288e+00, 2.724978e+00, 3.160299e+00
1.319223, 3.311912e+00, 2.849444e+00, 2.623499e+00, 2.999245e+00
1.334563, 3.057027e+00, 2.719287e+00, 2.519100e+00, 2.826057e+00
1.349903, 2.798953e+00, 2.585555e+00, 2.411583e+00, 2.642599e+00
1.365243, 2.539544e+00, 2.445242e+00, 2.300685e+00, 2.450897e+00
1.380583, 2.279999e+00, 2.295868e+00, 2.185981e+00, 2.253211e+00
1.395923, 2.021013e+00, 2.135663e+00, 2.066873e+00, 2.052065e+00
1.411262, 1.762980e+00, 1.963664e+00, 1.942669e+00, 1.850204e+00
1.426602, 1.506223e+00, 1.779695e+00, 1.812740e+00, 1.650471e+00
1.441942, 1.251200e+00, 1.584280e+00, 1.676730e+00, 1.455599e+00
1.457282, 9.986605e-01, 1.378487e+00, 1.534742e+00, 1.267966e+00
1.472622, 7.497280e-01, 1.163755e+00, 1.387460e+00, 1.089344e+00
1.487961, 5.059033e-01, 9.417312e-01, 1.236158e+00, 9.207130e-01
1.503301, 2.689909e-01, 7.141433e-01, 1.082577e+00, 7.621895e-01
1.518641, 4.096854e-02, 4.827200e-01, 9.286929e-01, 6.130888e-01
1.533981, -1.761806e-01, 2.491634e-01, 7.764133e-01, 4.721258e-01
1.549321, -3.806434e-01, 1.516557e-02, 6.272749e-01, 3.377126e-01
1.564660, -5.709393e-01, -2.175456e-01, 4.822035e-01, 2.082906e-01
1.580000, -7.460487e-01, -4.471487e-01, 3.413941e-01, 8.262583e-02
1.595340, -9.054969e-01, -6.716800e-01, 2.043372e-01, -3.999725e-02
1.610680, -1.049384e+00, -8.890076e-01, 6.998673e-02, -1.597252e-01
1.626020, -1.178362e+00, -1.096844e+00, -6.296792e-02, -2.762308e-01
1.641359, -1.293563e+00, -1.292806e+00, -1.957823e-01, -3.889223e-01
1.656699, -1.396490e+00, -1.474521e+00, -3.293540e-01, -4.972080e-01
1.672039, -1.488875e+00, -1.639774e+00, -4.639939e-01, -6.007471e-01
1.687379, -1.572534e+00, -1.786673e+00, -5.993050e-01, -6.996223e-01
1.702719, -1.649217e+00, -1.913813e+00, -7.341816e-01, -7.943923e-01
1.718058, -1.720487e+00, -2.020412e+00, -8.669125e-01, -8.860138e-01
1.733398, -1.787611e+00, -2.106397e+00, -9.953609e-01, -9.756558e-01
1.748738, -1.851491e+00, -2.172421e+00, -1.117181e+00, -1.064447e+00
1.764078, -1.912607e+00, -2.219809e+00, -1.230041e+00, -1.153215e+00
1.779418, -1.970991e+00, -2.250458e+00, -1.331822e+00, -1.242260e+00
1.794758, -2.026209e+00, -2.266675e+00, -1.420794e+00, -1.331217e+00
1.810097, -2.077364e+00, -2.271015e+00, -1.495758e+00, -1.419009e+00
1.825437, -2.123132e+00, -2.266100e+00, -1.556149e+00, -1.503903e+00
1.840777, -2.161828e+00, -2.254456e+00, -1.602123e+00, -1.583659e+00
1.856117, -2.191539e+00, -2.238364e+00, -1.634593e+00, -1.655736e+00
1.871457, -2.210304e+00, -2.219712e+00, -1.655221e+00, -1.717550e+00
1.886796, -2.216357e+00, -2.199879e+00, -1.666333e+00, -1.766745e+00
1.902136, -2.208393e+00, -2.179626e+00, -1.670753e+00, -1.801463e+00
1.917476, -2.185817e+00, -2.159033e+00, -1.671548e+00, -1.820577e+00
1.932816, -2.148950e+00, -2.137491e+00, -1.671699e+00, -1.823865e+00
1.948156, -2.099110e+00, -2.113783e+00, -1.673732e+00, -1.812098e+00
1.963495, -2.038562e+00, -2.086250e+00, -1.679373e+00, -1.787020e+00
1.978835, -1.970321e+00, -2.053048e+00, -1.689262e+00, -1.751210e+00
1.994175, -1.897817e+00, -2.012462e+00, -1.702812e+00, -1.707832e+00
2.009515, -1.824482e+00, -1.963229e+00, -1.718227e+00, -1.660297e+00
2.024855, -1.753315e+00, -1.904802e+00, -1.732707e+00, -1.611884e+00
2.040194, -1.686509e+00, -1.837513e+00, -1.742812e+00, -1.565369e+00
2.055534, -1.625196e+00, -1.762583e+00, -1.744930e+00, -1.522712e+00
2.070874, -1.569357e+00, -1.681973e+00, -1.735789e+00, -1.484871e+00
2.086214, -1.517918e+00, -1.598101e+00, -1.712922e+00, -1.451741e+00
2.101554, -1.469005e+00, -1.513477e+00, -1.675019e+00, -1.422257e+00
2.116893, -1.420305e+00, -1.430325e+00, -1.622110e+00, -1.394626e+00
2.132233, -1.369492e+00, -1.350262e+00, -1.555568e+00, -1.366652e+00
2.147573, -1.314621e+00, -1.274103e+00, -1.477918e+00, -1.336108e+00
2.162913, -1.254439e+00, -1.201813e+00, -1.392519e+00, -1.301078e+00
2.178253, -1.188567e+00, -1.132620e+00, -1.303150e+00, -1.260238e+00
2.193593, -1.117527e+00, -1.065251e+00, -1.213579e+00, -1.213008e+00
2.208932, -1.042621e+00, -9.982400e-01, -1.127166e+00, -1.159576e+00
2.224272, -9.656829e-01, -9.302541e-01, -1.046558e+00, -1.100788e+00
2.239612, -8.887641e-01, -8.603562e-01, -9.734842e-01, -1.037948e+00
2.254952, -8.137925e-01, -7.881707e-01, -9.086893e-01, -9.725602e-01
2.270292, -7.422787e-01, -7.139211e-01, -8.519620e-01, -9.060825e-01
2.285631, -6.751095e-01, -6.383410e-01, -8.022628e-01, -8.397289e-01
2.300971, -6.124628e-01, -5.624899e-01, -7.579133e-01, -7.743595e-01
2.316311, -5.538520e-01, -4.875200e-01, -7.168211e-01, -7.104631e-01
2.331651, -4.982812e-01, -4.144507e-01, -6.767211e-01, -6.482206e-01
2.346991, -4.444739e-01, -3.439998e-01, -6.354115e-01, -5.876162e-01
2.362330, -3.911244e-01, -2.765052e-01, -5.909737e-01, -5.285600e-01
2.377670, -3.371206e-01, -2.119464e-01, -5.419608e-01, -4.709861e-01
2.393010, -2.816987e-01, -1.500506e-01, -4.875430e-01, -4.149025e-01
2.408350, -2.245090e-01, -9.044816e-02, -4.275940e-01, -3.603891e-01
2.423690, -1.655968e-01, -3.283370e-02, -3.627079e-01, -3.075518e-01
2.439029, -1.053209e-01, 2.290743e-02, -2.941360e-01, -2.564543e-01
2.454369, -4.424590e-02, 7.663597e-02, -2.236467e-01, -2.070543e-01
2.469709, 1.695759e-02, 1.279676e-01, -1.533206e-01, -1.591648e-01
2.485049, 7.757867e-02, 1.763436e-01, -8.530774e-02, -1.124553e-01
2.500389, 1.368886e-01, 2.211390e-01, -2.157944e-02, -6.649657e-02
2.515728, 1.941289e-01, 2.617774e-01, 3.628667e-02, -2.084129e-02
2.531068, 2.484845e-01, 2.978258e-01, 8.725786e-02, 2.487454e-02
2.546408, 2.990691e-01, 3.290503e-01, 1.309143e-01, 7.082920e-02
2.561748, 3.449409e-01, 3.554276e-01, 1.674308e-01, 1.169325e-01
2.577088, 3.851605e-01, 3.771179e-01, 1.974857e-01, 1.627798e-01
2.592428, 4.188840e-01, 3.944133e-01, 2.221217e-01, 2.076551e-01
2.607767, 4.454780e-01, 4.076779e-01, 2.425877e-01, 2.505851e-01
2.623107, 4.646286e-01, 4.172935e-01, 2.601906e-01, 2.904416e-01
2.638447, 4.764234e-01, 4.236212e-01, 2.761730e-01, 3.260760e-01
2.653787, 4.813830e-01, 4.269796e-01, 2.916249e-01, 3.564672e-01
2.669127, 4.804355e-01, 4.276398e-01, 3.074252e-01, 3.808601e-01
2.684466, 4.748311e-01, 4.258316e-01, 3.242050e-01, 3.988712e-01
2.699806, 4.660110e-01, 4.217578e-01, 3.423227e-01, 4.105468e-01
2.715146, 4.554499e-01, 4.156129e-01, 3.618458e-01, 4.163634e-01
2.730486, 4.444943e-01, 4.076047e-01, 3.825423e-01, 4.171735e-01
2.745826, 4.342250e-01, 3.979791e-01, 4.038876e-01, 4.141063e-01
2.761165, 4.253608e-01, 3.870460e-01, 4.250975e-01, 4.084405e-01
2.776505, 4.182199e-01, 3.752027e-01, 4.451932e-01, 4.014696e-01
2.791845, 4.127409e-01, 3.629477e-01, 4.630965e-01, 3.943763e-01
2.807185, 4.085574e-01, 3.508791e-01, 4.777481e-01, 3.881321e-01
2.822525, 4.051103e-01, 3.396684e-01, 4.882302e-01, 3.834280e-01
2.837864, 4.017752e-01, 3.300084e-01, 4.938741e-01, 3.806397e-01
2.853204, 3.979811e-01, 3.225372e-01, 4.943332e-01, 3.798252e-01
2.868544, 3.932993e-01, 3.177466e-01, 4.896100e-01, 3.807490e-01
2.883884, 3.874894e-01, 3.158922e-01, 4.800341e-01, 3.829281e-01
2.899224, 3.804976e-01, 3.169217e-01, 4.662001e-01, 3.856944e-01
2.914563, 3.724149e-01, 3.204393e-01, 4.488790e-01, 3.882690e-01
2.929903, 3.634083e-01, 3.257189e-01, 4.289243e-01, 3.898431e-01
2.945243, 3.536457e-01, 3.317693e-01, 4.071884e-01, 3.896616e-01
2.960583, 3.432325e-01, 3.374436e-01, 3.844612e-01, 3.871029e-01
2.975923, 3.321763e-01, 3.415798e-01, 3.614350e-01, 3.817469e-01
2.991263, 3.203859e-01, 3.431484e-01, 3.386919e-01, 3.734242e-01
3.006602, 3.077050e-01, 3.413831e-01, 3.167058e-01, 3.622407e-01
3.021942, 2.939706e-01, 3.358757e-01, 2.958492e-01, 3.485700e-01
3.037282, 2.790808e-01, 3.266186e-01, 2.763983e-01, 3.330165e-01
3.052622, 2.630564e-01, 3.139906e-01, 2.585337e-01, 3.163484e-01
3.067962, 2.460782e-01, 2.986908e-01, 2.423393e-01, 2.994124e-01
3.083301, 2.284922e-01, 2.816331e-01, 2.278060e-01, 2.830374e-01
3.098641, 2.107783e-01, 2.638173e-01, 2.148460e-01, 2.679424e-01
3.113981, 1.934895e-01, 2.461998e-01, 2.033215e-01, 2.546605e-01
3.129321, 1.771725e-01, 2.295791e-01, 1.930882e-01, 2.434887e-01
3.144661, 1.622890e-01, 2.145134e-01, 1.840443e-01, 2.344695e-01
3.160000, 1.491517e-01, 2.012775e-01, 1.761747e-01, 2.274059e-01
3.175340, 1.378914e-01, 1.898633e-01, 1.695767e-01, 2.219053e-01
3.190680, 1.284587e-01, 1.800197e-01, 1.644552e-01, 2.174453e-01
3.206020, 1.206590e-01, 1.713225e-01, 1.610834e-01, 2.134490e-01
3.221360, 1.142105e-01, 1.632628e-01, 1.597310e-01, 2.093606e-01
3.236699, 1.088095e-01, 1.553375e-01, 1.605725e-01, 2.047100e-01
3.252039, 1.041861e-01, 1.471291e-01, 1.635943e-01, 1.991597e-01
3.267379, 1.001384e-01, 1.383611e-01, 1.685226e-01, 1.925283e-01
3.282719, 9.653889e-02, 1.289229e-01, 1.747916e-01, 1.847915e-01
3.298059, 9.331416e-02, 1.188635e-01, 1.815640e-01, 1.760613e-01
3.313399, 9.040898e-02, 1.083576e-01, 1.878072e-01, 1.665493e-01
3.328738, 8.774713e-02, 9.765491e-02, 1.924145e-01, 1.565204e-01
3.344078, 8.520288e-02, 8.702459e-02, 1.943529e-01, 1.462435e-01
3.359418, 8.259236e-02, 7.670656e-02, 1.928106e-01, 1.359477e-01
3.374758, 7.968720e-02, 6.687791e-02, 1.873187e-01, 1.257888e-01
3.390098, 7.624551e-02, 5.763783e-02, 1.778237e-01, 1.158303e-01
3.405437, 7.204982e-02, 4.900834e-02, 1.646989e-01, 1.060424e-01
3.420777, 6.693941e-02, 4.094456e-02, 1.486907e-01, 9.631554e-02
3.436117, 6.082709e-02, 3.334665e-02, 1.308124e-01, 8.648850e-02
3.451457, 5.369555e-02, 2.606755e-02, 1.122004e-01, 7.638307e-02
3.466797, 4.557589e-02, 1.891452e-02, 9.396076e-02, 6.584149e-02
3.482136, 3.651736e-02, 1.164790e-02, 7.702666e-02, 5.475953e-02
3.497476, 2.656121e-02, 3.984242e-03, 6.205024e-02, 4.311006e-02
3.512816, 1.573061e-02, -4.388173e-03, 4.934030e-02, 3.095354e-02
3.528156, 4.044474e-03, -1.377609e-02, 3.885163e-02, 1.843355e-02
3.543496, -8.444893e-03, -2.443046e-02, 3.022248e-02, 5.758073e-03
3.558835, -2.159872e-02, -3.648548e-02, 2.285027e-02, -6.830798e-03
3.574175, -3.513850e-02, -4.990069e-02, 1.599233e-02, -1.909346e-02
3.589515, -4.861060e-02, -6.442208e-02, 8.876732e-03, -3.082918e-02
3.604855, -6.138449e-02, -7.957566e-02, 8.095534e-04, -4.190501e-02
3.620195, -7.269352e-02, -9.470069e-02, -8.733361e-03, -5.227085e-02
3.635534, -8.171702e-02, -1.090204e-01, -2.003902e-02, -6.195628e-02
3.650874, -8.769173e-02, -1.217387e-01, -3.312112e-02, -7.104894e-02
3.666214, -9.003204e-02, -1.321432e-01, -4.771943e-02, -7.965858e-02
3.681554, -8.843516e-02, -1.396958e-01, -6.333611e-02, -8.787531e-02
3.696894, -8.294931e-02, -1.440912e-01, -7.930670e-02, -9.573292e-02
3.712234, -7.399066e-02, -1.452754e-01, -9.489897e-02, -1.031883e-01
3.727573, -6.230581e-02, -1.434224e-01, -1.094272e-01, -1.101247e-01
3.742913, -4.888786e-02, -1.388791e-01, -1.223647e-01, -1.163800e-01
3.758253, -3.486342e-02, -1.320947e-01, -1.334339e-01, -1.217941e-01
3.773593, -2.137153e-02, -1.235496e-01, -1.426551e-01, -1.262642e-01
3.788933, -9.454577e-03, -1.137007e-01, -1.503400e-01, -1.297895e-01
3.804272, 2.478252e-05, -1.029502e-01, -1.570244e-01, -1.324937e-01
3.819612, 6.435058e-03, -9.163995e-02, -1.633496e-01, -1.346124e-01
3.834952, 9.397946e-03, -8.006523e-02, -1.699121e-01, -1.364462e-01
3.850292, 8.788445e-03, -6.849822e-02, -1.771117e-01, -1.382882e-01
3.865632, 4.721758e-03, -5.721074e-02, -1.850303e-01, -1.403424e-01
3.880971, -2.466625e-03, -4.648693e-02, -1.933692e-01, -1.426543e-01
3.896311, -1.224582e-02, -3.662159e-02, -2.014641e-01, -1.450715e-01
3.911651, -2.392220e-02, -2.790425e-02, -2.083764e-01, -1.472486e-01
3.926991, -3.668487e-02, -2.059392e-02, -2.130469e-01, -1.486952e-01
3.942331, -4.966777e-02, -1.489097e-02, -2.144814e-01, -1.488610e-01
3.957670, -6.202814e-02, -1.091352e-02, -2.119325e-01, -1.472361e-01
3.973010, -7.303478e-02, -8.683715e-03, -2.050404e-01, -1.434493e-01
3.988350, -8.215371e-02, -8.126030e-03, -1.939063e-01, -1.373394e-01
4.003690, -8.911525e-02, -9.076888e-03, -1.790864e-01, -1.289895e-01
4.019030, -9.394709e-02, -1.130212e-02, -1.615099e-01, -1.187180e-01
4.034369, -9.696274e-02, -1.451812e-02, -1.423410e-01, -1.070325e-01
4.049709, -9.870261e-02, -1.841277e-02, -1.228131e-01, -9.455838e-02
4.065049, -9.983431e-02, -2.266373e-02, -1.040679e-01, -8.195974e-02
4.080389, -1.010276e-01, -2.695370e-02, -8.702668e-02, -6.986580e-02
4.095729, -1.028256e-01, -3.098400e-02, -7.231219e-02, -5.881457e-02
4.111069, -1.055343e-01, -3.448793e-02, -6.022808e-02, -4.921763e-02
4.126408, -1.091532e-01, -3.724518e-02, -5.078953e-02, -4.134522e-02
4.141748, -1.133589e-01, -3.909704e-02, -4.379132e-02, -3.532671e-02
4.157088, -1.175497e-01, -3.996072e-02, -3.889390e-02, -3.116095e-02
4.172428, -1.209443e-01, -3.983944e-02, -3.570833e-02, -2.873218e-02
4.187768, -1.227215e-01, -3.882508e-02, -3.386487e-02, -2.782972e-02
4.203107, -1.221766e-01, -3.709120e-02, -3.305567e-02, -2.817199e-02
4.218447, -1.188682e-01, -3.487573e-02, -3.304949e-02, -2.943591e-02
4.233787, -1.127259e-01, -3.245525e-02, -3.368213e-02, -3.129223e-02
4.249127, -1.040974e-01, -3.011441e-02, -3.483101e-02, -3.344460e-02
4.264467, -9.372025e-02, -2.811548e-02, -3.638356e-02, -3.566728e-02
4.279806, -8.261890e-02, -2.667229e-02, -3.820964e-02, -3.783467e-02
4.295146, -7.194182e-02, -2.593194e-02, -4.014511e-02, -3.993559e-02
4.310486, -6.276646e-02, -2.596563e-02, -4.199049e-02, -4.206701e-02
4.325826, -5.590875e-02, -2.676810e-02, -4.352440e-02, -4.440617e-02
4.341166, -5.177477e-02, -2.826372e-02, -4.452770e-02, -4.716467e-02
4.356505, -5.028509e-02, -3.031688e-02, -4.481214e-02, -5.053260e-02
4.371845, -5.088846e-02, -3.274494e-02, -4.424587e-02, -5.462354e-02
4.387185, -5.266304e-02, -3.533259e-02, -4.276949e-02, -5.943173e-02
4.402525, -5.448518e-02, -3.784761e-02, -4.039868e-02, -6.481058e-02
4.417865, -5.523181e-02, -4.005843e-02, -3.721294e-02, -7.047747e-02
4.433204, -5.397673e-02, -4.175366e-02, -3.333329e-02, -7.604412e-02
4.448544, -5.014348e-02, -4.276307e-02, -2.889469e-02, -8.106669e-02
4.463884, -4.358886e-02, -4.297790e-02, -2.402009e-02, -8.510559e-02
4.479224, -3.460676e-02, -4.236783e-02, -1.880241e-02, -8.778329e-02
4.494564, -2.385899e-02, -4.099124e-02, -1.329872e-02, -8.882870e-02
4.509904, -1.225302e-02, -3.899556e-02, -7.537750e-03, -8.810056e-02
4.525243, -7.941614e-04, -3.660546e-02, -1.538713e-03, -8.558690e-02
4.540583, 9.559452e-03, -3.409840e-02, 4.663533e-03, -8.138302e-02
4.555923, 1.801644e-02, -3.176885e-02, 1.099350e-02, -7.565573e-02
4.571263, 2.403227e-02, -2.988459e-02, 1.731681e-02, -6.860405e-02
4.586603, 2.734563e-02, -2.864065e-02, 2.343397e-02, -6.042715e-02
4.601942, 2.797458e-02, -2.811838e-02, 2.908932e-02, -5.130744e-02
4.617282, 2.618126e-02, -2.825777e-02, 3.399509e-02, -4.141234e-02
4.632622, 2.241570e-02, -2.885101e-02, 3.786727e-02, -3.091221e-02
4.647962, 1.724902e-02, -2.956275e-02, 4.046732e-02, -2.000718e-02
4.663302, 1.130503e-02, -2.997839e-02, 4.164214e-02, -8.952180e-03
4.678641, 5.197560e-03, -2.967556e-02, 4.135396e-02, 1.930619e-03
4.693981, -5.204160e-04, -2.830737e-02, 3.969326e-02, 1.225967e-02
4.709321, -5.391541e-03, -2.568116e-02, 3.687076e-02, 2.162483e-02
4.724661, -9.070420e-03, -2.181426e-02, 3.318845e-02, 2.963713e-02
4.740001, -1.132223e-02, -1.695083e-02, 2.899447e-02, 3.598807e-02
4.755340, -1.200777e-02, -1.153129e-02, 2.463024e-02, 4.050528e-02
4.770680, -1.106236e-02, -6.116347e-03, 2.038067e-02, 4.319157e-02
4.786020, -8.477422e-03, -1.279509e-03, 1.643821e-02, 4.423729e-02
4.801360, -4.292699e-03, 2.509469e-03, 1.288800e-02, 4.400179e-02
4.816700, 1.396881e-03, 4.983342e-03, 9.717225e-03, 4.296642e-02
4.832039, 8.421139e-03, 6.134646e-03, 6.845125e-03, 4.166780e-02
4.847379, 1.650904e-02, 6.216991e-03, 4.165879e-03, 4.062360e-02
4.862719, 2.526918e-02, 5.689255e-03, 1.592938e-03, 4.026441e-02
4.878059, 3.418867e-02, 5.115256e-03, -9.059902e-04, 4.088233e-02
4.893399, 4.265881e-02, 5.042042e-03, -3.291322e-03, 4.260340e-02
4.908739, 5.002919e-02, 5.884576e-03, -5.454396e-03, 4.538487e-02
4.924078, 5.568320e-02, 7.842108e-03, -7.238367e-03, 4.903409e-02
4.939418, 5.912058e-02, 1.086292e-02, -8.470585e-03, 5.324282e-02
4.954758, 6.002946e-02, 1.466209e-02, -8.997924e-03, 5.762972e-02
4.970098, 5.833131e-02, 1.878476e-02, -8.717136e-03, 6.178485e-02
4.985438, 5.418894e-02, 2.269802e-02, -7.594833e-03, 6.531194e-02
5.000777, 4.797623e-02, 2.588960e-02, -5.675063e-03, 6.786646e-02
5.016117, 4.021788e-02, 2.795315e-02, -3.075488e-03, 6.918820e-02
5.031457, 3.151380e-02, 2.864465e-02, 2.508799e-05, 6.912742e-02
5.046797, 2.246531e-02, 2.790322e-02, 3.404863e-03, 6.766230e-02
5.062137, 1.361712e-02, 2.583758e-02, 6.820700e-03, 6.490473e-02
5.077476, 5.423192e-03, 2.268699e-02, 1.003200e-02, 6.109081e-02
5.092816, -1.763418e-03, 1.876870e-02, 1.282585e-02, 5.655412e-02
5.108156, -7.683022e-03, 1.442514e-02, 1.504186e-02, 5.168258e-02
5.123496, -1.215381e-02, 9.980894e-03, 1.659389e-02, 4.686407e-02
5.138836, -1.505773e-02, 5.715544e-03, 1.748463e-02, 4.242950e-02
5.154175, -1.633347e-02, 1.853206e-03, 1.780861e-02, 3.860477e-02
5.169515, -1.597732e-02, -1.434824e-03, 1.774103e-02, 3.548238e-02
5.184855, -1.404826e-02, -4.020361e-03, 1.751234e-02, 3.302004e-02
5.200195, -1.067144e-02, -5.808122e-03, 1.737212e-02, 3.106755e-02
5.215535, -6.034741e-03, -6.730138e-03, 1.754914e-02, 2.941647e-02
5.230874, -3.762499e-04, -6.747201e-03, 1.821561e-02, 2.786072e-02
5.246214, 6.035757e-03, -5.856532e-03, 1.946291e-02, 2.625363e-02
5.261554, 1.292543e-02, -4.102328e-03, 2.129295e-02, 2.454691e-02
5.276894, 2.002830e-02, -1.584601e-03, 2.362500e-02, 2.280210e-02
5.292234, 2.710137e-02, 1.538036e-03, 2.631414e-02, 2.117166e-02
5.307574, 3.392234e-02, 5.054458e-03, 2.917483e-02, 1.985479e-02
5.322913, 4.027988e-02, 8.716463e-03, 3.200339e-02, 1.903905e-02
5.338253, 4.596009e-02, 1.226156e-02, 3.459508e-02, 1.884239e-02
5.353593, 5.073598e-02, 1.543940e-02, 3.675500e-02, 1.926936e-02
5.368933, 5.436640e-02, 1.803730e-02, 3.830482e-02, 2.019132e-02
5.384273, 5.660784e-02, 1.990094e-02, 3.908947e-02, 2.135455e-02
5.399612, 5.723899e-02, 2.094702e-02, 3.898693e-02, 2.241356e-02
5.414952, 5.609385e-02, 2.116697e-02, 3.792249e-02, 2.298177e-02
5.430292, 5.309660e-02, 2.062200e-02, 3.588514e-02, 2.268868e-02
5.445632, 4.829009e-02, 1.943144e-02, 3.294158e-02, 2.123249e-02
5.460972, 4.185072e-02, 1.775682e-02, 2.924167e-02, 1.841940e-02
5.476311, 3.408522e-02, 1.578433e-02, 2.501069e-02, 1.418441e-02
5.491651, 2.540808e-02, 1.370778e-02, 2.052649e-02, 8.592696e-03
5.506991, 1.630235e-02, 1.171372e-02, 1.608383e-02, 1.824398e-03
5.522331, 7.269553e-03, 9.968913e-03, 1.195219e-02, -5.851891e-03
5.537671, -1.223411e-03, 8.610295e-03, 8.335151e-03, -1.411063e-02
5.553010, -8.792201e-03, 7.736655e-03, 5.340131e-03, -2.260006e-02
5.568350, -1.517057e-02, 7.401406e-03, 2.964674e-03, -3.096792e-02
5.583690, -2.022874e-02, 7.606175e-03, 1.102041e-03, -3.888032e-02
5.599030, -2.397302e-02, 8.295667e-03, -4.354851e-04, -4.603409e-02
5.614370, -2.652821e-02, 9.354953e-03, -1.880714e-03, -5.216461e-02
5.629709, -2.810746e-02, 1.061087e-02, -3.470326e-03, -5.705182e-02
5.645049, -2.897554e-02, 1.183926e-02, -5.405918e-03, -6.052682e-02
5.660389, -2.941196e-02, 1.277930e-02, -7.823669e-03, -6.248032e-02
5.675729, -2.967931e-02, 1.315495e-02, -1.077662e-02, -6.287215e-02
5.691069, -3.000001e-02, 1.270212e-02, -1.423090e-02, -6.174013e-02
5.706409, -3.054240e-02, 1.119873e-02, -1.807493e-02, -5.920501e-02
5.721748, -3.141470e-02, 8.494004e-03, -2.213905e-02, -5.546894e-02
5.737088, -3.266445e-02, 4.533006e-03, -2.622185e-02, -5.080540e-02
5.752428, -3.428064e-02, -6.272554e-04, -3.011954e-02, -4.554081e-02
5.767768, -3.619695e-02, -6.812298e-03, -3.365429e-02, -4.002921e-02
5.783108, -3.829582e-02, -1.373633e-02, -3.669814e-02, -3.462349e-02
5.798447, -4.041481e-02, -2.101977e-02, -3.918900e-02, -2.964671e-02
5.813787, -4.235733e-02, -2.821675e-02, -4.113636e-02, -2.536701e-02
5.829127, -4.390950e-02, -3.485045e-02, -4.261523e-02, -2.197884e-02
5.844467, -4.486359e-02, -4.045366e-02, -4.374851e-02, -1.959172e-02
5.859807, -4.504608e-02, -4.461143e-02, -4.468027e-02, -1.822670e-02
5.875146, -4.434612e-02, -4.700197e-02, -4.554426e-02, -1.782005e-02
5.890486, -4.273852e-02, -4.743152e-02, -4.643394e-02, -1.823310e-02
5.905826, -4.029539e-02, -4.585836e-02, -4.738042e-02, -1.926727e-02
5.921166, -3.718196e-02, -4.240201e-02, -4.834384e-02, -2.068315e-02
5.936506, -3.363533e-02, -3.733441e-02, -4.922133e-02, -2.222249e-02
5.951845, -2.992876e-02, -3.105303e-02, -4.987082e-02, -2.363172e-02
5.967185, -2.632783e-02, -2.403842e-02, -5.014622e-02, -2.468496e-02
5.982525, -2.304724e-02, -1.680209e-02, -4.993643e-02, -2.520461e-02
5.997865, -2.021739e-02, -9.832786e-03, -4.919888e-02, -2.507726e-02
6.013205, -1.786794e-02, -3.549622e-03, -4.797923e-02, -2.426305e-02
6.028544, -1.593191e-02, 1.730616e-03, -4.641127e-02, -2.279742e-02
6.043884, -1.426877e-02, 5.807845e-03, -4.469560e-02, -2.078478e-02
6.059224, -1.270106e-02, 8.594740e-03, -4.306035e-02, -1.838458e-02
6.074564, -1.105572e-02, 1.009833e-02, -4.171161e-02, -1.579122e-02
6.089904, -9.200957e-03, 1.039380e-02, -4.078345e-02, -1.320963e-02
6.105244, -7.070976e-03, 9.598049e-03, -4.029862e-02, -1.082902e-02
6.120583, -4.674747e-03, 7.849579e-03, -4.014842e-02, -8.797907e-03
6.135923, -2.089026e-03, 5.298088e-03, -4.009731e-02, -7.203342e-03
6.151263, 5.601535e-04, 2.103856e-03, -3.981247e-02, -6.057804e-03
6.166603, 3.121255e-03, -1.556403e-03, -3.891441e-02, -5.296329e-03
6.181943, 5.439854e-03, -5.482587e-03, -3.703990e-02, -4.785662e-03
6.197282, 7.375513e-03, -9.448876e-03, -3.390664e-02, -4.345332e-03
6.212622, 8.811355e-03, -1.321019e-02, -2.936766e-02, -3.778491e-03
6.227962, 9.657800e-03, -1.651885e-02, -2.344562e-02, -2.908117e-03
6.243302, 9.853865e-03, -1.914953e-02, -1.633984e-02, -1.612418e-03
6.258642, 9.369666e-03, -2.092788e-02, -8.403746e-03, 1.474760e-04
6.273981, 8.212305e-03, -2.175647e-02, -9.600216e-05, 2.313702e-03
6.289321, 6.434796e-03, -2.163143e-02, 8.086789e-03, 4.735630e-03
6.304661, 4.145039e-03, -2.064526e-02, 1.568383e-02, 7.192180e-03
6.320001, 1.510297e-03, -1.897361e-02, 2.233704e-02, 9.429109e-03
6.335341, -1.247186e-03, -1.684764e-02, 2.783871e-02, 1.120436e-02
6.350680, -3.865836e-03, -1.451673e-02, 3.215142e-02, 1.233239e-02
6.366020, -6.070939e-03, -1.220871e-02, 3.539717e-02, 1.271834e-02
6.381360, -7.607235e-03, -1.009575e-02, 3.781898e-02, 1.237465e-02
6.396700, -8.271409e-03, -8.272729e-03, 3.972403e-02, 1.141680e-02
6.412040, -7.937382e-03, -6.752830e-03, 4.142032e-02, 1.003926e-02
6.427380, -6.568839e-03, -5.481013e-03, 4.315995e-02, 8.477318e-03
6.442719, -4.216527e-03, -4.362076e-03, 4.509926e-02, 6.963726e-03
6.458059, -1.001735e-03, -3.296570e-03, 4.728152e-02, 5.689556e-03
6.473399, 2.909176e-03, -2.215902e-03, 4.964240e-02, 4.777761e-03
6.488739, 7.332306e-03, -1.108118e-03, 5.203340e-02, 4.274181e-03
6.504079, 1.208888e-02, -2.802278e-05, 5.425554e-02, 4.156444e-03
6.519418, 1.701800e-02, 9.108688e-04, 5.609456e-02, 4.356860e-03
6.534758, 2.197748e-02, 1.560515e-03, 5.735088e-02, 4.792447e-03
6.550098, 2.683442e-02, 1.772699e-03, 5.786032e-02, 5.394101e-03
6.565438, 3.144997e-02, 1.435239e-03, 5.750507e-02, 6.127881e-03
6.580778, 3.566448e-02, 5.015193e-04, 5.621672e-02, 7.004048e-03
6.596117, 3.928899e-02, -9.932213e-04, 5.397477e-02, 8.073008e-03
6.611457, 4.210744e-02, -2.931823e-03, 5.080348e-02, 9.410587e-03
6.626797, 4.389124e-02, -5.130222e-03, 4.676889e-02, 1.109742e-02
6.642137, 4.442470e-02, -7.363005e-03, 4.197636e-02, 1.319812e-02
6.657477, 4.353701e-02, -9.393095e-03, 3.656766e-02, 1.574543e-02
6.672816, 4.113484e-02, -1.099906e-02, 3.071661e-02, 1.873242e-02
6.688156, 3.722885e-02, -1.199520e-02, 2.462214e-02, 2.211373e-02
6.703496, 3.194873e-02, -1.224236e-02, 1.849861e-02, 2.581426e-02
6.718836, 2.554293e-02, -1.164999e-02, 1.256409e-02, 2.974198e-02
6.734176, 1.836244e-02, -1.017213e-02, 7.027420e-03, 3.380070e-02
6.749515, 1.083054e-02, -7.800874e-03, 2.075220e-03, 3.789907e-02
6.764855, 3.402906e-03, -4.560436e-03, -2.140244e-03, 4.195312e-02
6.780195, -3.476104e-03, -5.039766e-04, -5.511466e-03, 4.588223e-02
6.795535, -9.414857e-03, 4.286455e-03, -7.983587e-03, 4.959972e-02
6.810875, -1.410839e-02, 9.697730e-03, -9.558683e-03, 5.300203e-02
6.826215, -1.736152e-02, 1.558292e-02, -1.029516e-02, 5.596056e-02
6.841554, -1.909974e-02, 2.176008e-02, -1.030125e-02, 5.832049e-02
6.856894, -1.936891e-02, 2.801431e-02, -9.722377e-03, 5.990881e-02
6.872234, -1.832549e-02, 3.410398e-02, -8.723460e-03, 6.055172e-02
6.887574, -1.622017e-02, 3.977159e-02, -7.468801e-03, 6.009849e-02
6.902914, -1.337675e-02, 4.475837e-02, -6.103400e-03, 5.844678e-02
6.918253, -1.016748e-02, 4.882177e-02, -4.739771e-03, 5.556351e-02
6.933593, -6.984761e-03, 5.175381e-02, -3.453269e-03, 5.149607e-02
6.948933, -4.209097e-03, 5.339849e-02, -2.286679e-03, 4.637094e-02
6.964273, -2.173319e-03, 5.366624e-02, -1.262079e-03, 4.038001e-02
6.979613, -1.124946e-03, 5.254358e-02, -3.954813e-04, 3.375773e-02
6.994952, -1.190631e-03, 5.009699e-02, 2.914789e-04, 2.675457e-02
7.010292, -2.348689e-03, 4.646994e-02, 7.678457e-04, 1.961239e-02
7.025632, -4.416687e-03, 4.187348e-02, 1.000161e-03, 1.254593e-02
7.040972, -7.060294e-03, 3.657096e-02, 9.686733e-04, 5.732365e-03
7.056312, -9.826702e-03, 3.085807e-02, 6.881463e-04, -6.920916e-04
7.071651, -1.220123e-02, 2.503992e-02, 2.259665e-04, -6.631391e-03
7.086991, -1.368025e-02, 1.940728e-02, -2.899916e-04, -1.202808e-02
7.102331, -1.384884e-02, 1.421392e-02, -6.790695e-04, -1.686318e-02
7.117671, -1.244870e-02, 9.657437e-03, -7.322765e-04, -2.115757e-02
7.133011, -9.422450e-03, 5.865447e-03, -2.498041e-04, -2.497262e-02
7.148350, -4.924152e-03, 2.888850e-03, 9.162909e-04, -2.840629e-02
7.163690, 7.073790e-04, 7.029255e-04, 2.824351e-03, -3.158111e-02
7.179030, 7.008017e-03, -7.837933e-04, 5.419902e-03, -3.462208e-02
7.194370, 1.346872e-02, -1.713971e-03, 8.533335e-03, -3.762610e-02
7.209710, 1.962029e-02, -2.261359e-03, 1.189998e-02, -4.062785e-02
7.225050, 2.510479e-02, -2.608901e-03, 1.519872e-02, -4.356987e-02
7.240389, 2.971908e-02, -2.928008e-03, 1.810101e-02, -4.628561e-02
7.255729, 3.342215e-02, -3.361641e-03, 2.031988e-02, -4.850273e-02
7.271069, 3.630649e-02, -4.013094e-03, 2.164906e-02, -4.987059e-02
7.286409, 3.854164e-02, -4.941336e-03, 2.198503e-02, -5.001045e-02
7.301749, 4.030416e-02, -6.162552e-03, 2.132914e-02, -4.858166e-02
7.317088, 4.171108e-02, -7.656550e-03, 1.977153e-02, -4.535267e-02
7.332428, 4.277238e-02, -9.376037e-03, 1.746229e-02, -4.026316e-02
7.347768, 4.337335e-02, -1.125654e-02, 1.457770e-02, -3.346419e-02
7.363108, 4.329058e-02, -1.322495e-02, 1.128933e-02, -2.532627e-02
7.378448, 4.223761e-02, -1.520530e-02, 7.742318e-03, -1.641104e-02
7.393787, 3.992952e-02, -1.712135e-02, 4.046302e-03, -7.408772e-03
7.409127, 3.615187e-02, -1.889656e-02, 2.793738e-04, 9.496624e-04
7.424467, 3.081864e-02, -2.045268e-02, -3.497726e-03, 7.992200e-03
7.439807, 2.400679e-02, -2.170877e-02, -7.221759e-03, 1.320011e-02
7.455147, 1.596037e-02, -2.258238e-02, -1.080706e-02, 1.628154e-02
7.470486, 7.064182e-03, -2.299402e-02, -1.413084e-02, 1.721148e-02
7.485826, -2.206529e-03, -2.287484e-02, -1.702791e-02, 1.623131e-02
7.501166, -1.134885e-02, -2.217669e-02, -1.929722e-02, 1.380805e-02
7.516506, -1.989425e-02, -2.088217e-02, -2.072048e-02, 1.056033e-02
7.531846, -2.745779e-02, -1.901232e-02, -2.109133e-02, 7.163720e-03
7.547185, -3.376653e-02, -1.662919e-02, -2.025128e-02, 4.251167e-03
7.562525, -3.866496e-02, -1.383210e-02, -1.812740e-02, 2.324709e-03
7.577865, -4.210078e-02, -1.074718e-02, -1.476565e-02, 1.692037e-03
7.593205, -4.409896e-02, -7.512119e-03, -1.035334e-02, 2.436550e-03
7.608545, -4.473354e-02, -4.258966e-03, -5.225067e-03, 4.423307e-03
7.623885, -4.410554e-02, -1.098907e-03, 1.519765e-04, 7.336951e-03
7.639224, -4.233207e-02, 1.887562e-03, 5.214745e-03, 1.074239e-02
7.654564, -3.954689e-02, 4.652803e-03, 9.360894e-03, 1.415593e-02
7.669904, -3.590837e-02, 7.176359e-03, 1.201933e-02, 1.711395e-02
7.685244, -3.160827e-02, 9.453451e-03, 1.272554e-02, 1.922859e-02
7.700584, -2.687434e-02, 1.148150e-02, 1.119032e-02, 2.022350e-02
7.715923, -2.196190e-02, 1.324933e-02, 7.350240e-03, 1.994812e-02
7.731263, -1.713352e-02, 1.473305e-02, 1.390062e-03, 1.837312e-02
7.746603, -1.263006e-02, 1.590067e-02, -6.268605e-03, 1.557335e-02
7.761943, -8.639736e-03, 1.672489e-02, -1.501268e-02, 1.170528e-02
7.777283, -5.273030e-03, 1.720023e-02, -2.411117e-02, 6.985358e-03
7.792622, -2.550383e-03, 1.735885e-02, -3.280563e-02, 1.672795e-03
7.807962, -4.062618e-04, 1.727867e-02, -4.040296e-02, -3.942689e-03
7.823302, 1.290968e-03, 1.707901e-02, -4.635498e-02, -9.550780e-03
7.838642, 2.708046e-03, 1.690181e-02, -5.031202e-02, -1.483200e-02
7.853982, 4.012068e-03, 1.688101e-02, -5.214243e-02, -1.947416e-02
7.869321, 5.339974e-03, 1.710639e-02, -5.191703e-02, -2.319547e-02
7.884661, 6.778645e-03, 1.759112e-02, -4.986434e-02, -2.577255e-02
7.900001, 8.358696e-03, 1.825223e-02, -4.630803e-02, -2.706905e-02
7.915341, 1.006113e-02, 1.891125e-02, -4.160114e-02, -2.705829e-02
7.930681, 1.183262e-02, 1.931737e-02, -3.607099e-02, -2.583376e-02
7.946020, 1.360338e-02, 1.919007e-02, -2.998527e-02, -2.360277e-02
7.961360, 1.530152e-02, 1.827249e-02, -2.354370e-02, -2.066274e-02
7.976700, 1.685976e-02, 1.638391e-02, -1.689275e-02, -1.736284e-02
7.992040, 1.821348e-02, 1.345896e-02, -1.015537e-02, -1.405788e-02
8.007380, 1.929236e-02, 9.564145e-03, -3.463777e-03, -1.106269e-02
8.022720, 2.001018e-02, 4.887894e-03, 3.016586e-03, -8.615233e-03
8.038059, 2.025836e-02, -2.934895e-04, 9.080837e-03, -6.854265e-03
8.053399, 1.990789e-02, -5.665174e-03, 1.449956e-02, -5.813965e-03
8.068739, 1.882161e-02, -1.092625e-02, 1.905180e-02, -5.434095e-03
8.084079, 1.687602e-02, -1.583264e-02, 2.256741e-02, -5.581175e-03
8.099419, 1.398818e-02, -2.022073e-02, 2.496697e-02, -6.074745e-03
8.114758, 1.014198e-02, -2.400787e-02, 2.628730e-02, -6.713081e-03
8.130098, 5.406919e-03, -2.717205e-02, 2.668403e-02, -7.294377e-03
8.145438, -5.520702e-05, -2.971923e-02, 2.640851e-02, -7.631879e-03
8.160778, -5.998264e-03, -3.164958e-02, 2.576266e-02, -7.563726e-03
8.176118, -1.211318e-02, -3.293410e-02, 2.504148e-02, -6.959610e-03
8.191457, -1.805890e-02, -3.350924e-02, 2.447582e-02, -5.726543e-03
8.206797, -2.349713e-02, -3.329186e-02, 2.418845e-02, -3.815103e-03
8.222137, -2.812497e-02, -3.221039e-02, 2.417302e-02, -1.226038e-03
8.237477, -3.170068e-02, -3.024289e-02, 2.430020e-02, 1.984367e-03
8.252817, -3.406020e-02, -2.745061e-02, 2.434892e-02, 5.702539e-03
8.268156, -3.512449e-02, -2.399632e-02, 2.405505e-02, 9.761638e-03
8.283496, -3.489934e-02, -2.014052e-02, 2.316653e-02, 1.395241e-02
8.298836, -3.347030e-02, -1.621451e-02, 2.149361e-02, 1.804025e-02
8.314176, -3.099458e-02, -1.257511e-02, 1.894456e-02, 2.178636e-02
8.329516, -2.769078e-02, -9.550663e-03, 1.554202e-02, 2.496959e-02
8.344855, -2.382535e-02, -7.390066e-03, 1.141929e-02, 2.740559e-02
8.360195, -1.969442e-02, -6.225693e-03, 6.800462e-03, 2.896058e-02
8.375535, -1.559944e-02, -6.057969e-03, 1.970894e-03, 2.955828e-02
8.390875, -1.181692e-02, -6.764099e-03, -2.755088e-03, 2.918023e-02
8.406215, -8.564673e-03, -8.128152e-03, -7.063433e-03, 2.786093e-02
8.421555, -5.969756e-03, -9.885247e-03, -1.066324e-02, 2.567992e-02
8.436894, -4.044449e-03, -1.176993e-02, -1.330270e-02, 2.275282e-02
8.452234, -2.677088e-03, -1.355858e-02, -1.477980e-02, 1.922275e-02
8.467574, -1.642559e-03, -1.509756e-02, -1.495048e-02, 1.525254e-02
8.482914, -6.339262e-04, -1.631270e-02, -1.373657e-02, 1.101760e-02
8.498254, 6.876537e-04, -1.719973e-02, -1.113472e-02, 6.698441e-03
8.513593, 2.631829e-03, -1.779969e-02, -7.225304e-03, 2.472295e-03
8.528933, 5.416964e-03, -1.816648e-02, -2.178820e-03, -1.496567e-03
8.544273, 9.118454e-03, -1.833476e-02, 3.743697e-03, -5.067213e-03
8.559613, 1.363777e-02, -1.829631e-02, 1.019949e-02, -8.131996e-03
8.574953, 1.869931e-02, -1.799019e-02, 1.678379e-02, -1.062440e-02
8.590292, 2.387734e-02, -1.730908e-02, 2.305982e-02, -1.252310e-02
8.605632, 2.864985e-02, -1.612024e-02, 2.859606e-02, -1.385114e-02
8.620972, 3.247114e-02, -1.429616e-02, 3.300561e-02, -1.466969e-02
8.636312, 3.485143e-02, -1.174807e-02, 3.598164e-02, -1.506734e-02
8.651652, 3.543007e-02, -8.454819e-03, 3.732351e-02, -1.514613e-02
8.666991, 3.403007e-02, -4.480819e-03, 3.694977e-02, -1.500686e-02
8.682331, 3.068481e-02, 2.124937e-05, 3.489715e-02, -1.473579e-02
8.697671, 2.563266e-02, 4.823875e-03, 3.130698e-02, -1.439475e-02
8.713011, 1.928118e-02, 9.652350e-03, 2.640311e-02, -1.401587e-02
8.728351, 1.214747e-02, 1.422193e-02, 2.046590e-02, -1.360119e-02
8.743690, 4.785991e-03, 1.827812e-02, 1.380682e-02, -1.312641e-02
8.759030, -2.283814e-03, 2.163298e-02, 6.746741e-03, -1.254755e-02
8.774370, -8.637571e-03, 2.419102e-02, -4.009496e-04, -1.180917e-02
8.789710, -1.398469e-02, 2.595957e-02, -7.342899e-03, -1.085291e-02
8.805050, -1.818091e-02, 2.704150e-02, -1.381562e-02, -9.625865e-03
8.820390, -2.121528e-02, 2.761065e-02, -1.959418e-02, -8.088639e-03
8.835729, -2.317687e-02, 2.787428e-02, -2.450055e-02, -6.223398e-03
8.851069, -2.421000e-02, 2.802901e-02, -2.841129e-02, -4.041885e-03
8.866409, -2.446825e-02, 2.821916e-02, -3.126303e-02, -1.592921e-03
8.881749, -2.407644e-02, 2.850626e-02, -3.305387e-02, 1.031924e-03
8.897089, -2.310765e-02, 2.885679e-02, -3.383907e-02, 3.696453e-03
8.912428, -2.157777e-02, 2.915224e-02, -3.372062e-02, 6.223887e-03
8.927768, -1.945667e-02, 2.922028e-02, -3.283176e-02, 8.408420e-03
8.943108, -1.669120e-02, 2.888130e-02, -3.131888e-02, 1.003468e-02
8.958448, -1.323344e-02, 2.800047e-02, -2.932393e-02, 1.090365e-02
8.973788, -9.067267e-03, 2.653351e-02, -2.697082e-02, 1.086194e-02
8.989127, -4.227916e-03, 2.455509e-02, -2.435807e-02, 9.829792e-03
9.004467, 1.188726e-03, 2.226196e-02, -2.155875e-02, 7.822965e-03
9.019807, 7.027176e-03, 1.994875e-02, -1.862706e-02, 4.963896e-03
9.035147, 1.308183e-02, 1.795987e-02, -1.560955e-02, 1.479303e-03
9.050487, 1.911157e-02, 1.662677e-02, -1.255778e-02, -2.316550e-03
9.065826, 2.485616e-02, 1.620304e-02, -9.539138e-03, -6.051370e-03
9.081166, 3.005230e-02, 1.681031e-02, -6.642802e-03, -9.333582e-03
9.096506, 3.444820e-02, 1.840595e-02, -3.978843e-03, -1.179545e-02
9.111846, 3.781730e-02, 2.077881e-02, -1.669902e-03, -1.313513e-02
9.127186, 3.997183e-02, 2.357389e-02, 1.635990e-04, -1.315268e-02
9.142525, 4.077680e-02, 2.634138e-02, 1.422262e-03, -1.177568e-02
9.157865, 4.016394e-02, 2.860143e-02, 2.047089e-03, -9.071493e-03
9.173205, 3.814372e-02, 2.991366e-02, 2.035572e-03, -5.244590e-03
9.188545, 3.481272e-02, 2.994052e-02, 1.451002e-03, -6.186166e-04
9.203885, 3.035350e-02, 2.849517e-02, 4.226091e-04, 4.395353e-03
9.219225, 2.502488e-02, 2.556738e-02, -8.642033e-04, 9.341598e-03
9.234564, 1.914226e-02, 2.132439e-02, -2.186467e-03, 1.376916e-02
9.249904, 1.304952e-02, 1.608720e-02, -3.308494e-03, 1.728218e-02
9.265244, 7.086024e-03, 1.028577e-02, -4.009303e-03, 1.958475e-02
9.280584, 1.553387e-03, 4.399162e-03, -4.108741e-03, 2.051390e-02
9.295924, -3.313043e-03, -1.110927e-03, -3.488909e-03, 2.005559e-02
9.311263, -7.363542e-03, -5.864057e-03, -2.108472e-03, 1.834084e-02
9.326603, -1.054132e-02, -9.612602e-03, -8.664646e-06, 1.562248e-02
9.341943, -1.287677e-02, -1.227261e-02, 2.689156e-03, 1.223604e-02
9.357283, -1.446987e-02, -1.392816e-02, 5.793668e-03, 8.551582e-03
9.372623, -1.546366e-02, -1.480761e-02, 9.060239e-03, 4.924585e-03
9.387962, -1.601347e-02, -1.523497e-02, 1.221256e-02, 1.654166e-03
9.403302, -1.625734e-02, -1.556469e-02, 1.496758e-02, -1.045045e-03
9.418642, -1.629255e-02, -1.611173e-02, 1.706173e-02, -3.054104e-03
9.433982, -1.616268e-02, -1.709026e-02, 1.827636e-02, -4.344472e-03
9.449322, -1.585726e-02, -1.857318e-02, 1.846008e-02, -4.960020e-03
9.464661, -1.532373e-02, -2.048052e-02, 1.754568e-02, -4.992253e-03
9.480001, -1.448905e-02, -2.259865e-02, 1.555989e-02, -4.555253e-03
9.495341, -1.328615e-02, -2.462608e-02, 1.262446e-02, -3.765744e-03
9.510681, -1.167950e-02, -2.623570e-02, 8.948301e-03, -2.731439e-03
9.526021, -9.684092e-03, -2.714023e-02, 4.811108e-03, -1.548083e-03
9.541361, -7.373972e-03, -2.714737e-02, 5.395178e-04, -3.031596e-04
9.556700, -4.878335e-03, -2.619391e-02, -3.522137e-03, 9.174065e-04
9.572040, -2.366265e-03, -2.435300e-02, -7.044205e-03, 2.023649e-03
9.587380, -2.337820e-05, -2.181480e-02, -9.744453e-03, 2.920398e-03
9.602720, 1.974730e-03, -1.884631e-02, -1.141811e-02, 3.512318e-03
9.618060, 3.486955e-03, -1.574018e-02, -1.196191e-02, 3.714917e-03
9.633399, 4.424569e-03, -1.276385e-02, -1.138882e-02, 3.469343e-03
9.648739, 4.759768e-03, -1.011956e-02, -9.830793e-03, 2.757349e-03
9.664079, 4.524295e-03, -7.922578e-03, -7.527453e-03, 1.612286e-03
9.679419, 3.799636e-03, -6.200591e-03, -4.800795e-03, 1.224033e-04
9.694759, 2.701827e-03, -4.912374e-03, -2.017606e-03, -1.575800e-03
9.710098, 1.364526e-03, -3.979725e-03, 4.561319e-04, -3.314289e-03
9.725438, -7.640831e-05, -3.323990e-03, 2.302823e-03, -4.917861e-03
9.740778, -1.494714e-03, -2.898027e-03, 3.295729e-03, -6.231608e-03
9.756118, -2.781327e-03, -2.705902e-03, 3.329346e-03, -7.145726e-03
9.771458, -3.848615e-03, -2.805873e-03, 2.432312e-03, -7.612038e-03
9.786797, -4.632885e-03, -3.296335e-03, 7.601880e-04, -7.648295e-03
9.802137, -5.096798e-03, -4.288457e-03, -1.431018e-03, -7.329183e-03
9.817477, -5.232500e-03, -5.872144e-03, -3.826194e-03, -6.766295e-03
9.832817, -5.065021e-03, -8.083322e-03, -6.100114e-03, -6.082161e-03
9.848157, -4.654340e-03, -1.087984e-02, -7.965346e-03, -5.384908e-03
9.863496, -4.093899e-03, -1.413103e-02, -9.210657e-03, -4.749692e-03
9.878836, -3.503697e-03, -1.762266e-02, -9.723493e-03, -4.210914e-03
9.894176, -3.017324e-03, -2.107596e-02, -9.493436e-03, -3.765861e-03
9.909516, -2.764132e-03, -2.417662e-02, -8.597507e-03, -3.387062e-03
9.924856, -2.849437e-03, -2.660867e-02, -7.171846e-03, -3.038353e-03
9.940196, -3.336742e-03, -2.808797e-02, -5.376869e-03, -2.689086e-03
9.955535, -4.235958e-03, -2.839137e-02, -3.363821e-03, -2.322287e-03
9.970875, -5.500377e-03, -2.737894e-02, -1.249649e-03, -1.935274e-03
9.986215, -7.033194e-03, -2.500821e-02, 8.954100e-04, -1.534270e-03
10.001555, -8.702104e-03, -2.134049e-02, 3.046569e-03, -1.126729e-03
10.016895, -1.035883e-02, -1.653934e-02, 5.211941e-03, -7.156666e-04
10.032234, -1.185959e-02, -1.086177e-02, 7.413530e-03, -2.990421e-04
10.047574, -1.308288e-02, -4.641962e-03, 9.667558e-03, 1.252028e-04
10.062914, -1.394206e-02, 1.732240e-03, 1.196927e-02, 5.506416e-04
10.078254, -1.439187e-02, 7.849482e-03, 1.428540e-02, 9.544826e-04
10.093594, -1.442913e-02, 1.331027e-02, 1.655500e-02, 1.294663e-03
10.108933, -1.408900e-02, 1.776475e-02, 1.869668e-02, 1.514763e-03
10.124273, -1.343777e-02, 2.094912e-02, 2.061917e-02, 1.556831e-03
10.139613, -1.256320e-02, 2.271578e-02, 2.223138e-02, 1.379225e-03
10.154953, -1.156272e-02, 2.305287e-02, 2.344945e-02, 9.743779e-04
10.170293, -1.052981e-02, 2.208910e-02, 2.419962e-02, 3.809402e-04
10.185632, -9.539300e-03, 2.008188e-02, 2.441775e-02, -3.139224e-04
10.200972, -8.633217e-03, 1.738918e-02, 2.404765e-02, -9.835838e-04
10.216312, -7.809633e-03, 1.442765e-02, 2.304086e-02, -1.480712e-03
10.231652, -7.017495e-03, 1.162249e-02, 2.135974e-02, -1.661483e-03
10.246992, -6.159974e-03, 9.355541e-03, 1.898490e-02, -1.409796e-03
10.262331, -5.107490e-03, 7.919021e-03, 1.592574e-02, -6.564406e-04
10.277671, -3.719489e-03, 7.481307e-03, 1.223199e-02, 6.100384e-04
10.293011, -1.871715e-03, 8.069539e-03, 8.003095e-03, 2.341705e-03
10.308351, 5.160342e-04, 9.571108e-03, 3.392434e-03, 4.437532e-03
10.323691, 3.457393e-03, 1.175327e-02, -1.395782e-03, 6.754991e-03
10.339031, 6.887242e-03, 1.429755e-02, -6.117716e-03, 9.124048e-03
10.354370, 1.066294e-02, 1.684355e-02, -1.050849e-02, 1.136134e-02
10.369710, 1.457931e-02, 1.903624e-02, -1.430609e-02, 1.328347e-02
10.385050, 1.839487e-02, 2.057026e-02, -1.727758e-02, 1.471931e-02
10.400390, 2.186455e-02, 2.122645e-02, -1.924439e-02, 1.552179e-02
10.415730, 2.477282e-02, 2.089642e-02, -2.010321e-02, 1.557946e-02
10.431069, 2.696157e-02, 1.959314e-02, -1.983998e-02, 1.482735e-02
10.446409, 2.834806e-02, 1.744686e-02, -1.853478e-02, 1.325602e-02
10.461749, 2.893065e-02, 1.468706e-02, -1.635686e-02, 1.091709e-02
10.477089, 2.878210e-02, 1.161249e-02, -1.354978e-02, 7.923468e-03
10.492429, 2.803239e-02, 8.552624e-03, -1.040828e-02, 4.443205e-03
10.507768, 2.684445e-02, 5.824912e-03, -7.249343e-03, 6.868583e-04
10.523108, 2.538697e-02, 3.692934e-03, -4.380841e-03, -3.110589e-03
10.538448, 2.380845e-02, 2.331234e-03, -2.071853e-03, -6.711257e-03
10.553788, 2.221625e-02, 1.802003e-03, -5.282624e-04, -9.896799e-03
10.569128, 2.066343e-02, 2.047643e-03, 1.233632e-04, -1.248908e-02
10.584467, 1.914494e-02, 2.900966e-03, -1.578476e-04, -1.436676e-02
10.599807, 1.760370e-02, 4.111948e-03, -1.330234e-03, -1.547580e-02
10.615147, 1.594543e-02, 5.386959e-03, -3.280528e-03, -1.583278e-02
10.630487, 1.406001e-02, 6.433882e-03, -5.839664e-03, -1.552023e-02
10.645827, 1.184602e-02, 7.005208e-03, -8.800313e-03, -1.467417e-02
10.661166, 9.234489e-03, 6.931460e-03, -1.193354e-02, -1.346488e-02
10.676506, 6.207794e-03, 6.139200e-03, -1.500320e-02, -1.207297e-02
10.691846, 2.810292e-03, 4.651118e-03, -1.777809e-02, -1.066382e-02
10.707186, -8.514227e-04, 2.569496e-03, -2.004298e-02, -9.364612e-03
10.722526, -4.619020e-03, 4.789559e-05, -2.161014e-02, -8.248014e-03
10.737866, -8.302163e-03, -2.741704e-03, -2.233233e-02, -7.326089e-03
10.753205, -1.170431e-02, -5.638527e-03, -2.211709e-02, -6.556324e-03
10.768545, -1.465034e-02, -8.512892e-03, -2.094050e-02, -5.858990e-03
10.783885, -1.701145e-02, -1.127276e-02, -1.885705e-02, -5.142413e-03
10.799225, -1.872336e-02, -1.385705e-02, -1.600198e-02, -4.330349e-03
10.814565, -1.979500e-02, -1.621936e-02, -1.258272e-02, -3.384614e-03
10.829904, -2.030640e-02, -1.830826e-02, -8.858279e-03, -2.316784e-03
10.845244, -2.039644e-02, -2.005090e-02, -5.107879e-03, -1.185211e-03
10.860584, -2.024217e-02, -2.134586e-02, -1.592910e-03, -7.726426e-05
10.875924, -2.003272e-02, -2.206813e-02, 1.481301e-03, 9.192070e-04
10.891264, -1.994136e-02, -2.208622e-02, 3.996683e-03, 1.747928e-03
10.906603, -2.009912e-02, -2.128760e-02, 5.939962e-03, 2.410932e-03
10.921943, -2.057337e-02, -1.960665e-02, 7.402254e-03, 2.981893e-03
10.937283, -2.135385e-02, -1.704857e-02, 8.559772e-03, 3.600930e-03
10.952623, -2.234835e-02, -1.370320e-02, 9.638449e-03, 4.450231e-03
10.967963, -2.338871e-02, -9.745229e-03, 1.086852e-02, 5.714698e-03
10.983302, -2.424752e-02, -5.419958e-03, 1.243717e-02, 7.535812e-03
10.998642, -2.466403e-02, -1.016942e-03, 1.444787e-02, 9.968983e-03
11.013982, -2.437714e-02, 3.164003e-03, 1.689371e-02, 1.295420e-02
11.029322, -2.316160e-02, 6.848560e-03, 1.964946e-02, 1.630712e-02
11.044662, -2.086296e-02, 9.819546e-03, 2.248388e-02, 1.973329e-02
11.060001, -1.742613e-02, 1.193961e-02, 2.508991e-02, 2.286333e-02
11.075341, -1.291246e-02, 1.316204e-02, 2.712775e-02, 2.530272e-02
11.090681, -7.501791e-03, 1.352879e-02, 2.827381e-02, 2.668700e-02
11.106021, -1.477606e-03, 1.315713e-02, 2.826780e-02, 2.673282e-02
11.121361, 4.803679e-03, 1.221782e-02, 2.695113e-02, 2.527668e-02
11.136701, 1.095520e-02, 1.090870e-02, 2.429142e-02, 2.229613e-02
11.152040, 1.660742e-02, 9.427966e-03, 2.039026e-02, 1.791190e-02
11.167380, 2.145308e-02, 7.950970e-03, 1.547383e-02, 1.237284e-02
11.182720, 2.528129e-02, 6.613141e-03, 9.868458e-03, 6.027832e-03
11.198060, 2.799453e-02, 5.500767e-03, 3.964581e-03, -7.099292e-04
11.213400, 2.960561e-02, 4.649627e-03, -1.826000e-03, -7.401087e-03
11.228739, 3.021579e-02, 4.050444e-03, -7.114334e-03, -1.361670e-02
11.244079, 2.997911e-02, 3.659227e-03, -1.157481e-02, -1.897072e-02
11.259419, 2.906134e-02, 3.410136e-03, -1.497726e-02, -2.314717e-02
11.274759, 2.760260e-02, 3.228604e-03, -1.720688e-02, -2.592167e-02
11.290099, 2.569214e-02, 3.042885e-03, -1.826969e-02, -2.717686e-02
11.305438, 2.336047e-02, 2.792916e-03, -1.828281e-02, -2.691133e-02
11.320778, 2.059001e-02, 2.436060e-03, -1.745099e-02, -2.524057e-02
11.336118, 1.734091e-02, 1.949872e-03, -1.603259e-02, -2.238864e-02
11.351458, 1.358512e-02, 1.332341e-03, -1.430017e-02, -1.866948e-02
11.366798, 9.339946e-03, 6.000972e-04, -1.250171e-02, -1.445791e-02
11.382137, 4.692679e-03, -2.150847e-04, -1.082837e-02, -1.015206e-02
11.397477, -1.900864e-04, -1.071289e-03, -9.393979e-03, -6.131114e-03
11.412817, -5.070840e-03, -1.922767e-03, -8.229012e-03, -2.713342e-03
11.428157, -9.665787e-03, -2.727132e-03, -7.289599e-03, -1.209400e-04
11.443497, -1.368057e-02, -3.452624e-03, -6.479068e-03, 1.542869e-03
11.458836, -1.684972e-02, -4.084200e-03, -5.677533e-03, 2.300156e-03
11.474176, -1.897203e-02, -4.626938e-03, -4.773676e-03, 2.286494e-03
11.489516, -1.993537e-02, -5.105525e-03, -3.692692e-03, 1.722577e-03
11.504856, -1.972715e-02, -5.559285e-03, -2.415362e-03, 8.738361e-04
11.520196, -1.842974e-02, -6.033370e-03, -9.850451e-04, 4.874820e-06
11.535536, -1.620344e-02, -6.567941e-03, 4.983026e-04, -6.634217e-04
11.550875, -1.326144e-02, -7.188158e-03, 1.895625e-03, -9.867240e-04
11.566215, -9.842487e-03, -7.897978e-03, 3.054352e-03, -9.146093e-04
11.581555, -6.186183e-03, -8.680026e-03, 3.837331e-03, -4.900318e-04
11.596895, -2.514785e-03, -9.502221e-03, 4.149914e-03, 1.679912e-04
11.612235, 9.770243e-04, -1.032976e-02, 3.960462e-03, 8.941653e-04
11.627574, 4.124826e-03, -1.113907e-02, 3.310754e-03, 1.512600e-03
11.642914, 6.791872e-03, -1.192928e-02, 2.314548e-03, 1.871003e-03
11.658254, 8.864448e-03, -1.272666e-02, 1.144575e-03, 1.866859e-03
11.673594, 1.024849e-02, -1.357935e-02, 1.014972e-05, 1.461294e-03
11.688934, 1.087002e-02, -1.454193e-02, -8.710137e-04, 6.794113e-04
11.704273, 1.068055e-02, -1.565292e-02, -1.302426e-03, -4.010261e-04
11.719613, 9.666726e-03, -1.691060e-02, -1.135609e-03, -1.668254e-03
11.734953, 7.861874e-03, -1.825393e-02, -2.904738e-04, -2.997131e-03
11.750293, 5.355743e-03, -1.955520e-02, 1.233057e-03, -4.266751e-03
11.765633, 2.298615e-03, -2.062827e-02, 3.353185e-03, -5.371766e-03
11.780972, -1.103511e-03, -2.125293e-02, 5.913866e-03, -6.226474e-03
11.796312, -4.604051e-03, -2.121172e-02, 8.700729e-03, -6.763073e-03
11.811652, -7.940284e-03, -2.033190e-02, 1.146338e-02, -6.927043e-03
11.826992, -1.086363e-02, -1.852365e-02, 1.394177e-02, -6.673071e-03
11.842332, -1.317050e-02, -1.580557e-02, 1.589412e-02, -5.964188e-03
11.857671, -1.472778e-02, -1.231132e-02, 1.712349e-02, -4.775253e-03
11.873011, -1.548814e-02, -8.275141e-03, 1.750024e-02, -3.100132e-03
11.888351, -1.549223e-02, -3.998625e-03, 1.697749e-02, -9.604655e-04
11.903691, -1.485812e-02, 1.945844e-04, 1.559735e-02, 1.586823e-03
11.919031, -1.376068e-02, 4.007271e-03, 1.348647e-02, 4.445846e-03
11.934371, -1.240581e-02, 7.210888e-03, 1.084080e-02, 7.483579e-03
11.949710, -1.100425e-02, 9.674032e-03, 7.901286e-03, 1.053751e-02
11.965050, -9.749364e-03, 1.137294e-02, 4.923452e-03, 1.342822e-02
11.980390, -8.800605e-03, 1.238381e-02, 2.145188e-03, 1.597489e-02
11.995730, -8.272998e-03, 1.286019e-02, -2.424397e-04, 1.801170e-02
12.011070, -8.231050e-03, 1.300116e-02, -2.116968e-03, 1.940270e-02
12.026409, -8.685379e-03, 1.301676e-02, -3.435608e-03, 2.005375e-02
12.041749, -9.590914e-03, 1.309639e-02, -4.234069e-03, 1.992016e-02
12.057089, -1.084681e-02, 1.338435e-02, -4.613671e-03, 1.900972e-02
12.072429, -1.229946e-02, 1.396479e-02, -4.719146e-03, 1.738091e-02
12.087769, -1.375034e-02, 1.485633e-02, -4.711108e-03, 1.513692e-02
12.103108, -1.497030e-02, 1.601566e-02, -4.737879e-03, 1.241599e-02
12.118448, -1.572001e-02, 1.734836e-02, -4.911312e-03, 9.379337e-03
12.133788, -1.577503e-02, 1.872518e-02, -5.290321e-03, 6.197955e-03
12.149128, -1.495200e-02, 2.000139e-02, -5.874300e-03, 3.039758e-03
12.164468, -1.313175e-02, 2.103696e-02, -6.606712e-03, 5.846818e-05
12.179807, -1.027547e-02, 2.171465e-02, -7.387346e-03, -2.614735e-03
12.195147, -6.431191e-03, 2.195381e-02, -8.090327e-03, -4.876261e-03
12.210487, -1.729866e-03, 2.171749e-02, -8.584353e-03, -6.651985e-03
12.225827, 3.627827e-03, 2.101215e-02, -8.751767e-03, -7.896621e-03
12.241167, 9.391077e-03, 1.988019e-02, -8.503936e-03, -8.591591e-03
12.256506, 1.528144e-02, 1.838754e-02, -7.791591e-03, -8.742449e-03
12.271846, 2.101482e-02, 1.660931e-02, -6.610065e-03, -8.376671e-03
12.287186, 2.632033e-02, 1.461730e-02, -5.000155e-03, -7.542166e-03
12.302526, 3.095493e-02, 1.247217e-02, -3.045639e-03, -6.306332e-03
12.317866, 3.471380e-02, 1.022216e-02, -8.682693e-04, -4.755111e-03
12.333206, 3.743758e-02, 7.907953e-03, 1.379494e-03, -2.991303e-03
12.348545, 3.901789e-02, 5.571661e-03, 3.524225e-03, -1.131464e-03
12.363885, 3.940204e-02, 3.266714e-03, 5.384087e-03, 6.989336e-04
12.379225, 3.859702e-02, 1.065082e-03, 6.784198e-03, 2.371978e-03
12.394565, 3.667168e-02, -9.409683e-04, 7.573951e-03, 3.764879e-03
12.409905, 3.375522e-02, -2.643954e-03, 7.644553e-03, 4.767754e-03
12.425244, 3.002968e-02, -3.932650e-03, 6.944217e-03, 5.290719e-03
12.440584, 2.571534e-02, -4.707910e-03, 5.488225e-03, 5.269485e-03
12.455924, 2.104901e-02, -4.899733e-03, 3.361513e-03, 4.669034e-03
12.471264, 1.625779e-02, -4.482193e-03, 7.124952e-04, 3.485338e-03
12.486604, 1.153265e-02, -3.483318e-03, -2.261704e-03, 1.745488e-03
12.501943, 7.007344e-03, -1.988010e-03, -5.336926e-03, -4.932931e-04
12.517283, 2.747876e-03, -1.333977e-04, -8.287661e-03, -3.145268e-03
12.532623, -1.243940e-03, 1.902743e-03, -1.091310e-02, -6.098279e-03
12.547963, -5.012562e-03, 3.918863e-03, -1.305987e-02, -9.216569e-03
12.563303, -8.619593e-03, 5.709547e-03, -1.463814e-02, -1.234497e-02
12.578642, -1.210982e-02, 7.085909e-03, -1.562886e-02, -1.531528e-02
12.593982, -1.548045e-02, 7.894022e-03, -1.608107e-02, -1.795539e-02
12.609322, -1.866140e-02, 8.029272e-03, -1.609949e-02, -2.010136e-02
12.624662, -2.151221e-02, 7.445069e-03, -1.582440e-02, -2.161153e-02
12.640002, -2.383750e-02, 6.155018e-03, -1.540640e-02, -2.238104e-02
12.655342, -2.541842e-02, 4.228465e-03, -1.498026e-02, -2.235427e-02
12.670681, -2.605409e-02, 1.780134e-03, -1.464173e-02, -2.153246e-02
12.686021, -2.560411e-02, -1.044643e-03, -1.443129e-02, -1.997433e-02
12.701361, -2.402334e-02, -4.087058e-03, -1.432749e-02, -1.778852e-02
12.716701, -2.138147e-02, -7.191907e-03, -1.425112e-02, -1.511823e-02
12.732041, -1.786294e-02, -1.022231e-02, -1.407938e-02, -1.212064e-02
12.747380, -1.374716e-02, -1.307010e-02, -1.366759e-02, -8.944669e-03
12.762720, -9.372305e-03, -1.566079e-02, -1.287469e-02, -5.711672e-03
12.778060, -5.089608e-03, -1.795268e-02, -1.158805e-02, -2.503321e-03
12.793400, -1.216160e-03, -1.993095e-02, -9.743714e-03, 6.406483e-04
12.808740, 2.005466e-03, -2.159811e-02, -7.338902e-03, 3.714263e-03
12.824079, 4.434167e-03, -2.296283e-02, -4.435280e-03, 6.728766e-03
12.839419, 6.039957e-03, -2.402952e-02, -1.152872e-03, 9.691888e-03
12.854759, 6.895681e-03, -2.479060e-02, 2.344044e-03, 1.258834e-02
12.870099, 7.153411e-03, -2.522301e-02, 5.866802e-03, 1.536674e-02
12.885439, 7.010664e-03, -2.528993e-02, 9.225112e-03, 1.793677e-02
12.900778, 6.672993e-03, -2.494737e-02, 1.224968e-02, 2.017740e-02
12.916118, 6.319577e-03, -2.415446e-02, 1.481178e-02, 2.195466e-02
12.931458, 6.077278e-03, -2.288567e-02, 1.683722e-02, 2.314444e-02
12.946798, 6.006558e-03, -2.114203e-02, 1.831275e-02, 2.365472e-02
12.962138, 6.100135e-03, -1.895910e-02, 1.928392e-02, 2.344201e-02
12.977477, 6.292927e-03, -1.640915e-02, 1.984440e-02, 2.251819e-02
12.992817, 6.480031e-03, -1.359673e-02, 2.011805e-02, 2.094699e-02
13.008157, 6.538622e-03, -1.064760e-02, 2.023660e-02, 1.883202e-02
13.023497, 6.349704e-03, -7.693070e-03, 2.031607e-02, 1.630043e-02
13.038837, 5.816415e-03, -4.852550e-03, 2.043643e-02, 1.348739e-02
13.054177, 4.876819e-03, -2.218193e-03, 2.062780e-02, 1.052537e-02
13.069516, 3.510452e-03, 1.549655e-04, 2.086608e-02, 7.540300e-03
13.084856, 1.738995e-03, 2.250924e-03, 2.107877e-02, 4.654001e-03
13.100196, -3.778163e-04, 4.086027e-03, 2.116020e-02, 1.989516e-03
13.115536, -2.749555e-03, 5.695116e-03, 2.099307e-02, -3.252330e-04
13.130876, -5.264246e-03, 7.113823e-03, 2.047240e-02, -2.159837e-03
13.146215, -7.798010e-03, 8.361459e-03, 1.952724e-02, -3.392325e-03
13.161555, -1.022424e-02, 9.429074e-03, 1.813592e-02, -3.928150e-03
13.176895, -1.242165e-02, 1.027625e-02, 1.633243e-02, -3.723573e-03
13.192235, -1.428098e-02, 1.083820e-02, 1.420258e-02, -2.807450e-03
13.207575, -1.571026e-02, 1.104222e-02, 1.187134e-02, -1.294616e-03
13.222914, -1.663890e-02, 1.083021e-02, 9.483877e-03, 6.147238e-04
13.238254, -1.702078e-02, 1.018206e-02, 7.184013e-03, 2.652272e-03
13.253594, -1.683677e-02, 9.134318e-03, 5.094119e-03, 4.514329e-03
13.268934, -1.609642e-02, 7.789028e-03, 3.299832e-03, 5.904710e-03
13.284274, -1.483865e-02, 6.309786e-03, 1.841887e-03, 6.579823e-03
13.299613, -1.313086e-02, 4.904600e-03, 7.158824e-04, 6.386817e-03
13.314953, -1.106550e-02, 3.798141e-03, -1.206709e-04, 5.286861e-03
13.330293, -8.753695e-03, 3.198278e-03, -7.359332e-04, 3.358664e-03
13.345633, -6.315671e-03, 3.263102e-03, -1.208650e-03, 7.816271e-04
13.360973, -3.868709e-03, 4.074565e-03, -1.613392e-03, -2.197627e-03
13.376312, -1.514213e-03, 5.623448e-03, -2.008824e-03, -5.308062e-03
13.391652, 6.737863e-04, 7.808041e-03, -2.430974e-03, -8.297388e-03
13.406992, 2.656098e-03, 1.044625e-02, -2.892381e-03, -1.096697e-02
13.422332, 4.429643e-03, 1.329845e-02, -3.386801e-03, -1.319225e-02
13.437672, 6.021428e-03, 1.609683e-02, -3.897936e-03, -1.492615e-02
13.453012, 7.475776e-03, 1.857642e-02, -4.409857e-03, -1.618693e-02
13.468351, 8.837098e-03, 2.050363e-02, -4.916383e-03, -1.703540e-02
13.483691, 1.013185e-02, 2.169900e-02, -5.426967e-03, -1.754826e-02
13.499031, 1.135389e-02, 2.205266e-02, -5.967444e-03, -1.779461e-02
13.514371, 1.245711e-02, 2.153189e-02, -6.575271e-03, -1.782052e-02
13.529711, 1.335741e-02, 2.018137e-02, -7.290333e-03, -1.764435e-02
13.545050, 1.394438e-02, 1.811662e-02, -8.143493e-03, -1.726194e-02
13.560390, 1.410034e-02, 1.551174e-02, -9.145812e-03, -1.665828e-02
13.575730, 1.372279e-02, 1.258200e-02, -1.028120e-02, -1.582108e-02
13.591070, 1.274558e-02, 9.562200e-03, -1.150454e-02, -1.475159e-02
13.606410, 1.115418e-02, 6.682330e-03, -1.274589e-02, -1.346967e-02
13.621749, 8.992161e-03, 4.142282e-03, -1.392003e-02, -1.201196e-02
13.637089, 6.358003e-03, 2.088504e-03, -1.493913e-02, -1.042468e-02
13.652429, 3.393322e-03, 5.957253e-04, -1.572585e-02, -8.753916e-03
13.667769, 2.656413e-04, -3.430762e-04, -1.622397e-02, -7.036739e-03
13.683109, -2.850638e-03, -8.160215e-04, -1.640470e-02, -5.296351e-03
13.698448, -5.791422e-03, -9.799137e-04, -1.626758e-02, -3.542561e-03
13.713788, -8.415656e-03, -1.036854e-03, -1.583653e-02, -1.777410e-03
13.729128, -1.061240e-02, -1.202674e-03, -1.515264e-02, -4.009910e-06
13.744468, -1.230247e-02, -1.671684e-03, -1.426565e-02, 1.764241e-03
13.759808, -1.343605e-02, -2.583243e-03, -1.322646e-02, 3.497005e-03
13.775147, -1.398790e-02, -3.995810e-03, -1.208207e-02, 5.145111e-03
13.790487, -1.395221e-02, -5.873135e-03, -1.087392e-02, 6.644307e-03
13.805827, -1.333815e-02, -8.085403e-03, -9.639098e-03, 7.924078e-03
13.821167, -1.216699e-02, -1.042569e-02, -8.413385e-03, 8.919687e-03
13.836507, -1.047084e-02, -1.263944e-02, -7.234408e-03, 9.584850e-03
13.851847, -8.292761e-03, -1.446240e-02, -6.143086e-03, 9.902353e-03
13.867186, -5.687946e-03, -1.566093e-02, -5.182103e-03, 9.890327e-03
13.882526, -2.725581e-03, -1.606808e-02, -4.390929e-03, 9.602775e-03
13.897866, 5.090321e-04, -1.560959e-02, -3.798041e-03, 9.124006e-03
13.913206, 3.912515e-03, -1.431552e-02, -3.412042e-03, 8.557642e-03
13.928546, 7.362347e-03, -1.231590e-02, -3.214129e-03, 8.011754e-03
13.943885, 1.071761e-02, -9.821231e-03, -3.154474e-03, 7.582312e-03
13.959225, 1.382255e-02, -7.091478e-03, -3.154544e-03, 7.337514e-03
13.974565, 1.651382e-02, -4.399050e-03, -3.116155e-03, 7.305550e-03
13.989905, 1.863155e-02, -1.992081e-03, -2.936431e-03, 7.468111e-03
14.005245, 2.003374e-02, -6.421053e-05, -2.526178e-03, 7.761251e-03
14.020584, 2.061219e-02, 1.264470e-03, -1.828003e-03, 8.084254e-03
14.035924, 2.030767e-02, 1.952954e-03, -8.300934e-04, 8.315802e-03
14.051264, 1.912155e-02, 2.031781e-03, 4.278137e-04, 8.335385e-03
14.066604, 1.712139e-02, 1.585449e-03, 1.858239e-03, 8.046629e-03
14.081944, 1.443925e-02, 7.296881e-04, 3.339405e-03, 7.398438e-03
14.097283, 1.126223e-02, -4.108785e-04, 4.735962e-03, 6.399718e-03
14.112623, 7.816627e-03, -1.719866e-03, 5.922912e-03, 5.124309e-03
14.127963, 4.347736e-03, -3.098151e-03, 6.807774e-03, 3.704278e-03
14.143303, 1.097887e-03, -4.464418e-03, 7.346271e-03, 2.311906e-03
14.158643, -1.714802e-03, -5.749317e-03, 7.548154e-03, 1.132950e-03
14.173982, -3.915091e-03, -6.887062e-03, 7.471883e-03, 3.356606e-04
14.189322, -5.385430e-03, -7.808738e-03, 7.209351e-03, 4.110681e-05
14.204662, -6.076150e-03, -8.440653e-03, 6.864017e-03, 3.003596e-04
14.220002, -6.010442e-03, -8.709203e-03, 6.527363e-03, 1.082932e-03
14.235342, -5.283464e-03, -8.551347e-03, 6.259002e-03, 2.278861e-03
14.250682, -4.054857e-03, -7.927808e-03, 6.075042e-03, 3.714278e-03
14.266021, -2.534167e-03, -6.835088e-03, 5.947444e-03, 5.177810e-03
14.281361, -9.594149e-04, -5.312534e-03, 5.814649e-03, 6.453190e-03
14.296701, 4.297077e-04, -3.442051e-03, 5.601096e-03, 7.352376e-03
14.312041, 1.421061e-03, -1.340006e-03, 5.241109e-03, 7.743489e-03
14.327381, 1.857480e-03, 8.571175e-04, 4.701473e-03, 7.568904e-03
14.342720, 1.657608e-03, 3.010243e-03, 3.997276e-03, 6.850718e-03
14.358060, 8.259155e-04, 4.994756e-03, 3.197045e-03, 5.683051e-03
14.373400, -5.506500e-04, 6.713833e-03, 2.415714e-03, 4.212964e-03
14.388740, -2.319325e-03, 8.105890e-03, 1.796722e-03, 2.613589e-03
14.404080, -4.288591e-03, 9.145442e-03, 1.487039e-03, 1.054286e-03
14.419419, -6.260304e-03, 9.838036e-03, 1.610323e-03, -3.270884e-04
14.434759, -8.060288e-03, 1.021096e-02, 2.243590e-03, -1.445261e-03
14.450099, -9.561088e-03, 1.030186e-02, 3.401693e-03, -2.278683e-03
14.465439, -1.069245e-02, 1.014744e-02, 5.031901e-03, -2.869160e-03
14.480779, -1.143807e-02, 9.774198e-03, 7.018619e-03, -3.310289e-03
14.496118, -1.182074e-02, 9.192395e-03, 9.196385e-03, -3.726783e-03
14.511458, -1.188058e-02, 8.394368e-03, 1.136810e-02, -4.248204e-03
14.526798, -1.165315e-02, 7.357311e-03, 1.332531e-02, -4.981489e-03
14.542138, -1.115374e-02, 6.050445e-03, 1.486780e-02, -5.986934e-03
14.557478, -1.037253e-02, 4.445747e-03, 1.582099e-02, -7.261861e-03
14.572817, -9.282011e-03, 2.530850e-03, 1.605017e-02, -8.735118e-03
14.588157, -7.854750e-03, 3.221029e-04, 1.547178e-02, -1.027387e-02
14.603497, -6.086396e-03, -2.124643e-03, 1.406141e-02, -1.170216e-02
14.618837, -4.017114e-03, -4.708100e-03, 1.185860e-02, -1.282864e-02
14.634177, -1.744847e-03, -7.282670e-03, 8.967446e-03, -1.347899e-02
14.649517, 5.744109e-04, -9.667931e-03, 5.552402e-03, -1.352748e-02
14.664856, 2.740999e-03, -1.166638e-02, 1.828180e-03, -1.292189e-02
14.680196, 4.538670e-03, -1.308760e-02, -1.956211e-03, -1.169691e-02
14.695536, 5.769284e-03, -1.377546e-02, -5.538612e-03, -9.973106e-03
14.710876, 6.288088e-03, -1.363364e-02, -8.668121e-03, -7.941040e-03
14.726216, 6.032274e-03, -1.264465e-02, -1.112994e-02, -5.833045e-03
14.741555, 5.036878e-03, -1.087812e-02, -1.276731e-02, -3.887451e-03
14.756895, 3.434683e-03, -8.486032e-03, -1.349737e-02, -2.311576e-03
14.772235, 1.440058e-03, -5.684835e-03, -1.331843e-02, -1.250058e-03
14.787575, -6.802539e-04, -2.727356e-03, -1.230752e-02, -7.640380e-04
14.802915, -2.644059e-03, 1.307986e-04, -1.060874e-02, -8.246245e-04
14.818254, -4.191860e-03, 2.664310e-03, -8.414146e-03, -1.321339e-03
14.833594, -5.119964e-03, 4.704959e-03, -5.940411e-03, -2.083527e-03
14.848934, -5.303698e-03, 6.157925e-03, -3.404844e-03, -2.910457e-03
14.864274, -4.708049e-03, 7.005617e-03, -1.004187e-03, -3.604511e-03
14.879614, -3.385578e-03, 7.299680e-03, 1.101188e-03, -4.001688e-03
14.894953, -1.463641e-03, 7.143966e-03, 2.796340e-03, -3.994562e-03
14.910293, 8.755166e-04, 6.672519e-03, 4.014162e-03, -3.544536e-03
14.925633, 3.417701e-03, 6.026851e-03, 4.732350e-03, -2.682426e-03
14.940973, 5.939113e-03, 5.336038e-03, 4.966835e-03, -1.498517e-03
14.956313, 8.225641e-03, 4.701928e-03, 4.763664e-03, -1.249067e-04
14.971652, 1.008815e-02, 4.190404e-03, 4.190864e-03, 1.286157e-03
14.986992, 1.137405e-02, 3.828556e-03, 3.331111e-03, 2.584171e-03
15.002332, 1.197622e-02, 3.607016e-03, 2.275253e-03, 3.639382e-03
15.017672, 1.184001e-02, 3.486516e-03, 1.116307e-03, 4.356938e-03
15.033012, 1.096866e-02, 3.407722e-03, -5.650723e-05, 4.685403e-03
15.048352, 9.426016e-03, 3.303367e-03, -1.163838e-03, 4.619860e-03
15.063691, 7.334945e-03, 3.111590e-03, -2.141976e-03, 4.200344e-03
15.079031, 4.869615e-03, 2.788951e-03, -2.947501e-03, 3.506406e-03
15.094371, 2.240557e-03, 2.321290e-03, -3.559806e-03, 2.648435e-03
15.109711, -3.269804e-04, 1.730345e-03, -3.980753e-03, 1.756108e-03
15.125051, -2.619046e-03, 1.074336e-03, -4.231355e-03, 9.643684e-04
15.140390, -4.459451e-03, 4.413991e-04, -4.346117e-03, 3.977284e-04
15.155730, -5.732019e-03, -6.402339e-05, -4.366312e-03, 1.543824e-04
15.171070, -6.394314e-03, -3.402428e-04, -4.333720e-03, 2.923426e-04
15.186410, -6.480052e-03, -3.098569e-04, -4.286134e-03, 8.201831e-04
15.201750, -6.089580e-03, 6.025246e-05, -4.255196e-03, 1.694717e-03
15.217089, -5.370147e-03, 7.447596e-04, -4.266273e-03, 2.826885e-03
15.232429, -4.489610e-03, 1.655292e-03, -4.339280e-03, 4.095483e-03
15.247769, -3.608286e-03, 2.647600e-03, -4.489000e-03, 5.366473e-03
15.263109, -2.853758e-03, 3.540525e-03, -4.723679e-03, 6.514196e-03
15.278449, -2.302675e-03, 4.144276e-03, -5.041489e-03, 7.440095e-03
15.293788, -1.972220e-03, 4.293316e-03, -5.425550e-03, 8.085125e-03
15.309128, -1.822328e-03, 3.877655e-03, -5.839253e-03, 8.433521e-03
15.324468, -1.768079e-03, 2.866151e-03, -6.224183e-03, 8.507840e-03
15.339808, -1.700190e-03, 1.316666e-03, -6.502783e-03, 8.357309e-03
15.355148, -1.510258e-03, -6.295832e-04, -6.586899e-03, 8.043122e-03
15.370487, -1.116494e-03, -2.768825e-03, -6.391752e-03, 7.624743e-03
15.385827, -4.852473e-04, -4.866777e-03, -5.853137e-03, 7.150569e-03
15.401167, 3.560536e-04, -6.695482e-03, -4.944226e-03, 6.654651e-03
15.416507, 1.317805e-03, -8.067544e-03, -3.687780e-03, 6.159154e-03
15.431847, 2.260180e-03, -8.861111e-03, -2.160095e-03, 5.680474e-03
15.447187, 3.016754e-03, -9.031298e-03, -4.845916e-04, 5.235955e-03
15.462526, 3.425769e-03, -8.607074e-03, 1.184740e-03, 4.848203e-03
15.477866, 3.362913e-03, -7.675947e-03, 2.687318e-03, 4.545008e-03
15.493206, 2.768683e-03, -6.361388e-03, 3.882721e-03, 4.354495e-03
15.508546, 1.664123e-03, -4.798941e-03, 4.674580e-03, 4.296768e-03
15.523886, 1.511090e-04, -3.116438e-03, 5.026406e-03, 4.374544e-03
15.539225, -1.603326e-03, -1.421787e-03, 4.965835e-03, 4.565690e-03
15.554565, -3.395487e-03, 2.008221e-04, 4.576352e-03, 4.820142e-03
15.569905, -5.020253e-03, 1.687905e-03, 3.978424e-03, 5.062570e-03
15.585245, -6.305538e-03, 2.990191e-03, 3.304329e-03, 5.200683e-03
15.600585, -7.138763e-03, 4.066322e-03, 2.672346e-03, 5.137736e-03
15.615924, -7.480234e-03, 4.879649e-03, 2.165917e-03, 4.786896e-03
15.631264, -7.361468e-03, 5.399384e-03, 1.821979e-03, 4.084809e-03
15.646604, -6.869989e-03, 5.605476e-03, 1.630332e-03, 3.002052e-03
15.661944, -6.125026e-03, 5.495122e-03, 1.543221e-03, 1.548933e-03
15.677284, -5.250129e-03, 5.088143e-03, 1.491952e-03, -2.240031e-04
15.692623, -4.348839e-03, 4.428818e-03, 1.406017e-03, -2.230536e-03
15.707963, -3.488179e-03, 3.582881e-03, 1.230055e-03, -4.357533e-03
15.723303, -2.692473e-03, 2.629877e-03, 9.350731e-04, -6.476718e-03
15.738643, -1.947401e-03, 1.652532e-03, 5.222430e-04, -8.458074e-03
15.753983, -1.211995e-03, 7.256097e-04, 1.973058e-05, -1.018347e-02
15.769322, -4.348731e-04, -9.314786e-05, -5.252511e-04, -1.155906e-02
15.784662, 4.293193e-04, -7.680811e-04, -1.056110e-03, -1.252498e-02
15.800002, 1.406753e-03, -1.285946e-03, -1.515401e-03, -1.306093e-02
15.815342, 2.496776e-03, -1.652089e-03, -1.850425e-03, -1.318667e-02
15.830682, 3.670596e-03, -1.884089e-03, -2.015606e-03, -1.295688e-02
15.846022, 4.875730e-03, -2.004955e-03, -1.972773e-03, -1.245085e-02
15.861361, 6.044781e-03, -2.037755e-03, -1.691201e-03, -1.175862e-02
15.876701, 7.106579e-03, -2.002761e-03, -1.149181e-03, -1.096587e-02
15.892041, 7.997734e-03, -1.917160e-03, -3.379314e-04, -1.014060e-02
15.907381, 8.672817e-03, -1.796379e-03, 7.326949e-04, -9.324171e-03
15.922721, 9.111788e-03, -1.655513e-03, 2.028498e-03, -8.528830e-03
15.938060, 9.323635e-03, -1.509424e-03, 3.487658e-03, -7.741890e-03
15.953400, 9.345582e-03, -1.370707e-03, 5.022084e-03, -6.935618e-03
15.968740, 9.237691e-03, -1.245744e-03, 6.524411e-03, -6.080207e-03
15.984080, 9.073221e-03, -1.130075e-03, 7.880006e-03, -5.156640e-03
15.999420, 8.925822e-03, -1.004988e-03, 8.981752e-03, -4.166330e-03
16.014759, 8.855318e-03, -8.372081e-04, 9.744356e-03, -3.135345e-03
16.030099, 8.894486e-03, -5.828662e-04, 1.011486e-02, -2.112489e-03
16.045439, 9.039455e-03, -1.957110e-04, 1.007705e-02, -1.162073e-03
16.060779, 9.246089e-03, 3.618534e-04, 9.649014e-03, -3.533973e-04
16.076119, 9.433850e-03, 1.107389e-03, 8.875064e-03, 2.504430e-04
16.091458, 9.497265e-03, 2.029619e-03, 7.814521e-03, 6.019954e-04
16.106798, 9.323486e-03, 3.084667e-03, 6.530501e-03, 6.754983e-04
16.122138, 8.812935e-03, 4.198657e-03, 5.081488e-03, 4.690203e-04
16.137478, 7.899089e-03, 5.276428e-03, 3.517286e-03, 3.225938e-06
16.152818, 6.563331e-03, 6.214611e-03, 1.879459e-03, -6.819902e-04
16.168158, 4.841618e-03, 6.916301e-03, 2.050063e-04, -1.531565e-03
16.183497, 2.821350e-03, 7.304290e-03, -1.468828e-03, -2.478904e-03
16.198837, 6.288745e-04, 7.330406e-03, -3.100781e-03, -3.448632e-03
16.214177, -1.589910e-03, 6.979565e-03, -4.644462e-03, -4.358718e-03
16.229517, -3.692000e-03, 6.268476e-03, -6.050516e-03, -5.122753e-03
16.244857, -5.558342e-03, 5.240039e-03, -7.271605e-03, -5.653370e-03
16.260196, -7.109560e-03, 3.955154e-03, -8.268884e-03, -5.867494e-03
16.275536, -8.313737e-03, 2.483751e-03, -9.018248e-03, -5.693543e-03
16.290876, -9.185432e-03, 8.965629e-04, -9.514606e-03, -5.079886e-03
16.306216, -9.776935e-03, -7.413966e-04, -9.772923e-03, -4.003198e-03
16.321556, -1.016414e-02, -2.375169e-03, -9.825442e-03, -2.474910e-03
16.336895, -1.043017e-02, -3.961888e-03, -9.715297e-03, -5.440488e-04
16.352235, -1.064979e-02, -5.470587e-03, -9.487498e-03, 1.704708e-03
16.367575, -1.087719e-02, -6.879958e-03, -9.178880e-03, 4.157983e-03
16.382915, -1.113862e-02, -8.174404e-03, -8.808947e-03, 6.684738e-03
16.398255, -1.143043e-02, -9.339037e-03, -8.373576e-03, 9.149532e-03
16.413594, -1.172230e-02, -1.035465e-02, -7.843187e-03, 1.142553e-02
16.428934, -1.196449e-02, -1.119399e-02, -7.166276e-03, 1.340485e-02
16.444274, -1.209796e-02, -1.182068e-02, -6.278233e-03, 1.500456e-02
16.459614, -1.206555e-02, -1.219172e-02, -5.114284e-03, 1.616764e-02
16.474954, -1.182257e-02, -1.226369e-02, -3.624480e-03, 1.685976e-02
16.490293, -1.134512e-02, -1.200162e-02, -1.788055e-03, 1.706366e-02
16.505633, -1.063466e-02, -1.138846e-02, 3.755813e-04, 1.677333e-02
16.520973, -9.717977e-03, -1.043268e-02, 2.801446e-03, 1.599050e-02
16.536313, -8.642300e-03, -9.171272e-03, 5.380495e-03, 1.472447e-02
16.551653, -7.466401e-03, -7.666962e-03, 7.968095e-03, 1.299557e-02
16.566993, -6.249220e-03, -5.999317e-03, 1.039832e-02, 1.084119e-02
16.582332, -5.038418e-03, -4.251685e-03, 1.250196e-02, 8.322048e-03
16.597672, -3.861355e-03, -2.496961e-03, 1.412549e-02, 5.526768e-03
16.613012, -2.720725e-03, -7.859147e-04, 1.514831e-02, 2.572510e-03
16.628352, -1.596156e-03, 8.587059e-04, 1.549574e-02, -3.991194e-04
16.643692, -4.517863e-04, 2.440425e-03, 1.514620e-02, -3.230753e-03
16.659031, 7.515851e-04, 3.979883e-03, 1.413168e-02, -5.761298e-03
16.674371, 2.042388e-03, 5.500538e-03, 1.253186e-02, -7.839434e-03
16.689711, 3.425470e-03, 7.013058e-03, 1.046291e-02, -9.336568e-03
16.705051, 4.873792e-03, 8.502707e-03, 8.062839e-03, -1.015760e-02
16.720391, 6.326961e-03, 9.923388e-03, 5.475565e-03, -1.024850e-02
16.735730, 7.697444e-03, 1.120025e-02, 2.836008e-03, -9.600344e-03
16.751070, 8.883507e-03, 1.224046e-02, 2.582701e-04, -8.249961e-03
16.766410, 9.786262e-03, 1.294965e-02, -2.171614e-03, -6.277525e-03
16.781750, 1.032710e-02, 1.324987e-02, -4.397605e-03, -3.801453e-03
16.797090, 1.046163e-02, 1.309463e-02, -6.390344e-03, -9.708332e-04
16.812429, 1.018693e-02, 1.247757e-02, -8.139527e-03, 2.044374e-03
16.827769, 9.540694e-03, 1.143281e-02, -9.643581e-03, 5.064944e-03
16.843109, 8.592807e-03, 1.002753e-02, -1.089874e-02, 7.914950e-03
16.858449, 7.431761e-03, 8.349263e-03, -1.188971e-02, 1.043399e-02
16.873789, 6.149654e-03, 6.491391e-03, -1.258409e-02, 1.248746e-02
16.889128, 4.829608e-03, 4.540648e-03, -1.293185e-02, 1.397337e-02
16.904468, 3.538508e-03, 2.569220e-03, -1.287070e-02, 1.482468e-02
16.919808, 2.326201e-03, 6.324656e-04, -1.233691e-02, 1.500723e-02
16.935148, 1.230184e-03, -1.228573e-03, -1.127990e-02, 1.451447e-02
16.950488, 2.830967e-04, -2.982072e-03, -9.678264e-03, 1.336113e-02
16.965828, -4.805137e-04, -4.600433e-03, -7.553906e-03, 1.157844e-02
16.981167, -1.021355e-03, -6.057661e-03, -4.981234e-03, 9.212874e-03
16.996507, -1.298286e-03, -7.330137e-03, -2.088618e-03, 6.329552e-03
17.011847, -1.276706e-03, -8.400303e-03, 9.492288e-04, 3.019028e-03
17.027187, -9.402225e-04, -9.261443e-03, 3.927728e-03, -5.949678e-04
17.042527, -3.019525e-04, -9.921132e-03, 6.635731e-03, -4.350792e-03
17.057866, 5.884090e-04, -1.040114e-02, 8.881976e-03, -8.051018e-03
17.073206, 1.644764e-03, -1.073264e-02, 1.052010e-02, -1.147404e-02
17.088546, 2.753152e-03, -1.094719e-02, 1.146756e-02, -1.439546e-02
17.103886, 3.787549e-03, -1.106548e-02, 1.171462e-02, -1.661658e-02
17.119226, 4.629751e-03, -1.108702e-02, 1.132147e-02, -1.799508e-02
17.134565, 5.188992e-03, -1.098396e-02, 1.040369e-02, -1.847100e-02
17.149905, 5.416773e-03, -1.070182e-02, 9.108796e-03, -1.808196e-02
17.165245, 5.313504e-03, -1.016789e-02, 7.588351e-03, -1.696276e-02
17.180585, 4.925448e-03, -9.306255e-03, 5.971414e-03, -1.532824e-02
17.195925, 4.332727e-03, -8.056425e-03, 4.344740e-03, -1.344177e-02
17.211264, 3.631227e-03, -6.391221e-03, 2.744026e-03, -1.157478e-02
17.226604, 2.912539e-03, -4.329511e-03, 1.158078e-03, -9.965159e-03
17.241944, 2.246342e-03, -1.940319e-03, -4.549852e-04, -8.782235e-03
17.257284, 1.668898e-03, 6.631412e-04, -2.143210e-03, -8.104450e-03
17.272624, 1.179676e-03, 3.338492e-03, -3.933696e-03, -7.913146e-03
17.287963, 7.462150e-04, 5.935040e-03, -5.809554e-03, -8.102304e-03
17.303303, 3.154418e-04, 8.315729e-03, -7.696923e-03, -8.501079e-03
17.318643, -1.715798e-04, 1.037530e-02, -9.465967e-03, -8.903929e-03
17.333983, -7.649601e-04, 1.205084e-02, -1.094669e-02, -9.102492e-03
17.349323, -1.494424e-03, 1.332297e-02, -1.195690e-02, -8.914038e-03
17.364663, -2.362893e-03, 1.420839e-02, -1.233669e-02, -8.202956e-03
17.380002, -3.345850e-03, 1.474676e-02, -1.198198e-02, -6.893706e-03
17.395342, -4.395811e-03, 1.498582e-02, -1.086961e-02, -4.975491e-03
17.410682, -5.450282e-03, 1.496906e-02, -9.068191e-03, -2.500092e-03
17.426022, -6.441195e-03, 1.472870e-02, -6.731894e-03, 4.252049e-04
17.441362, -7.303885e-03, 1.428502e-02, -4.078419e-03, 3.647830e-03
17.456701, -7.984179e-03, 1.365097e-02, -1.355566e-03, 6.982096e-03
17.472041, -8.442809e-03, 1.283953e-02, 1.196530e-03, 1.022270e-02
17.487381, -8.657030e-03, 1.187054e-02, 3.379840e-03, 1.315939e-02
17.502721, -8.619865e-03, 1.077444e-02, 5.062969e-03, 1.559256e-02
17.518061, -8.337745e-03, 9.591538e-03, 6.191761e-03, 1.734938e-02
17.533400, -7.827474e-03, 8.367144e-03, 6.785260e-03, 1.829935e-02
17.548740, -7.113468e-03, 7.144315e-03, 6.919522e-03, 1.836763e-02
17.564080, -6.225970e-03, 5.956717e-03, 6.704080e-03, 1.754428e-02
17.579420, -5.200623e-03, 4.823959e-03, 6.256786e-03, 1.588748e-02
17.594760, -4.079223e-03, 3.750808e-03, 5.682268e-03, 1.351930e-02
17.610099, -2.910975e-03, 2.730339e-03, 5.057584e-03, 1.061378e-02
17.625439, -1.753086e-03, 1.749782e-03, 4.426454e-03, 7.378255e-03
17.640779, -6.694343e-04, 7.969931e-04, 3.801320e-03, 4.030263e-03
17.656119, 2.736706e-04, -1.346405e-04, 3.170946e-03, 7.734900e-04
17.671459, 1.014863e-03, -1.044405e-03, 2.510644e-03, -2.223315e-03
17.686798, 1.507418e-03, -1.926063e-03, 1.792378e-03, -4.840784e-03
17.702138, 1.729394e-03, -2.772549e-03, 9.928349e-04, -7.014143e-03
17.717478, 1.691676e-03, -3.581983e-03, 9.860169e-05, -8.728354e-03
17.732818, 1.441328e-03, -4.363034e-03, -8.914938e-04, -1.000447e-02
17.748158, 1.058473e-03, -5.137914e-03, -1.966213e-03, -1.088041e-02
17.763498, 6.463178e-04, -5.941935e-03, -3.103058e-03, -1.139067e-02
17.778837, 3.157051e-04, -6.819480e-03, -4.270023e-03, -1.154999e-02
17.794177, 1.670569e-04, -7.816989e-03, -5.427466e-03, -1.134494e-02
17.809517, 2.734552e-04, -8.974157e-03, -6.529926e-03, -1.073590e-02
17.824857, 6.684558e-04, -1.031472e-02, -7.527772e-03, -9.669288e-03
17.840197, 1.341176e-03, -1.183819e-02, -8.368667e-03, -8.097487e-03
17.855536, 2.239474e-03, -1.351361e-02, -8.998781e-03, -6.001875e-03
17.870876, 3.280185e-03, -1.527633e-02, -9.363784e-03, -3.413531e-03
17.886216, 4.363844e-03, -1.702836e-02, -9.409816e-03, -4.263457e-04
17.901556, 5.390645e-03, -1.864304e-02, -9.084920e-03, 2.801184e-03
17.916896, 6.274496e-03, -1.997399e-02, -8.341678e-03, 6.056901e-03
17.932235, 6.952961e-03, -2.086841e-02, -7.141821e-03, 9.097422e-03
17.947575, 7.392140e-03, -2.118353e-02, -5.463314e-03, 1.167844e-02
17.962915, 7.586804e-03, -2.080483e-02, -3.309689e-03, 1.358759e-02
17.978255, 7.556965e-03, -1.966338e-02, -7.204547e-04, 1.467412e-02
17.993595, 7.342369e-03, -1.774951e-02, 2.219649e-03, 1.486996e-02
18.008934, 6.996165e-03, -1.512017e-02, 5.375475e-03, 1.419876e-02
18.024274, 6.578562e-03, -1.189782e-02, 8.563334e-03, 1.277130e-02
18.039614, 6.150680e-03, -8.260189e-03, 1.156205e-02, 1.076828e-02
18.054954, 5.768548e-03, -4.421813e-03, 1.413366e-02, 8.413684e-03
18.070294, 5.477161e-03, -6.099852e-04, 1.605197e-02, 5.943261e-03
18.085633, 5.304833e-03, 2.961149e-03, 1.713484e-02, 3.573405e-03
18.100973, 5.258499e-03, 6.113950e-03, 1.727444e-02, 1.475275e-03
18.116313, 5.320932e-03, 8.724116e-03, 1.645920e-02, -2.421731e-04
18.131653, 5.450922e-03, 1.072823e-02, 1.478198e-02, -1.538329e-03
18.146993, 5.587126e-03, 1.212110e-02, 1.243160e-02, -2.436340e-03
18.162333, 5.655668e-03, 1.294406e-02, 9.667995e-03, -3.009662e-03
18.177672, 5.580701e-03, 1.326715e-02, 6.785021e-03, -3.362859e-03
18.193012, 5.296353e-03, 1.316932e-02, 4.067503e-03, -3.610306e-03
18.208352, 4.757925e-03, 1.272111e-02, 1.750761e-03, -3.856245e-03
18.223692, 3.950099e-03, 1.197324e-02, -9.861359e-06, -4.178775e-03
18.239032, 2.890345e-03, 1.095341e-02, -1.154084e-03, -4.619309e-03
18.254371, 1.626589e-03, 9.671204e-03, -1.714547e-03, -5.177880e-03
18.269711, 2.293718e-04, 8.129411e-03, -1.799350e-03, -5.813876e-03
18.285051, -1.220062e-03, 6.338544e-03, -1.564303e-03, -6.451392e-03
18.300391, -2.643395e-03, 4.330708e-03, -1.181550e-03, -6.988283e-03
18.315731, -3.977770e-03, 2.169429e-03, -8.111252e-04, -7.308160e-03
18.331070, -5.184632e-03, -4.691086e-05, -5.802373e-04, -7.294645e-03
18.346410, -6.253086e-03, -2.188839e-03, -5.723611e-04, -6.847003e-03
18.361750, -7.197206e-03, -4.105999e-03, -8.253990e-04, -5.895929e-03
18.377090, -8.048129e-03, -5.641893e-03, -1.336110e-03, -4.417676e-03
18.392430, -8.842938e-03, -6.650689e-03, -2.067225e-03, -2.444316e-03
18.407769, -9.613034e-03, -7.013675e-03, -2.954280e-03, -6.789715e-05
18.423109, -1.037473e-02, -6.653469e-03, -3.910809e-03, 2.563211e-03
18.438449, -1.112416e-02, -5.544785e-03, -4.832457e-03, 5.256315e-03
18.453789, -1.183749e-02, -3.721147e-03, -5.601974e-03, 7.793816e-03
18.469129, -1.247610e-02, -1.277249e-03, -6.097435e-03, 9.957546e-03
18.484468, -1.299523e-02, 1.633336e-03, -6.205126e-03, 1.155440e-02
18.499808, -1.335381e-02, 4.805526e-03, -5.836671e-03, 1.243915e-02
18.515148, -1.352304e-02, 7.995640e-03, -4.947796e-03, 1.253086e-02
18.530488, -1.349189e-02, 1.094004e-02, -3.554413e-03, 1.182037e-02
18.545828, -1.326811e-02, 1.337892e-02, -1.741199e-03, 1.036806e-02
18.561168, -1.287492e-02, 1.508364e-02, 3.412001e-04, 8.292905e-03
18.576507, -1.234427e-02, 1.588443e-02, 2.491836e-03, 5.755266e-03
18.591847, -1.170816e-02, 1.569478e-02, 4.486356e-03, 2.936565e-03
18.607187, -1.099015e-02, 1.452779e-02, 6.110471e-03, 1.936649e-05
18.622527, -1.019854e-02, 1.250078e-02, 7.193267e-03, -2.829363e-03
18.637867, -9.322772e-03, 9.825658e-03, 7.633261e-03, -5.469944e-03
18.653206, -8.333578e-03, 6.785110e-03, 7.411509e-03, -7.795945e-03
18.668546, -7.186835e-03, 3.697039e-03, 6.589045e-03, -9.734821e-03
18.683886, -5.830709e-03, 8.724485e-04, 5.289632e-03, -1.124446e-02
18.699226, -4.215099e-03, -1.426579e-03, 3.672259e-03, -1.230725e-02
18.714566, -2.302276e-03, -3.021736e-03, 1.900128e-03, -1.292339e-02
18.729905, -7.748536e-05, -3.840140e-03, 1.133499e-04, -1.310474e-02
18.745245, 2.441775e-03, -3.919108e-03, -1.588794e-03, -1.287020e-02
18.760585, 5.199126e-03, -3.393430e-03, -3.153089e-03, -1.224303e-02
18.775925, 8.096610e-03, -2.467809e-03, -4.565679e-03, -1.124996e-02
18.791265, 1.099704e-02, -1.379771e-03, -5.837172e-03, -9.921846e-03
18.806604, 1.373217e-02, -3.599376e-04, -6.985176e-03, -8.295237e-03
18.821944, 1.611669e-02, 4.033103e-04, -8.020075e-03, -6.414367e-03
18.837284, 1.796725e-02, 7.889620e-04, -8.938196e-03, -4.333015e-03
18.852624, 1.912450e-02, 7.547322e-04, -9.723729e-03, -2.115782e-03
18.867964, 1.947528e-02, 3.338796e-04, -1.035760e-02, 1.616431e-04
18.883303, 1.897129e-02, -3.805377e-04, -1.082907e-02, 2.413643e-03
18.898643, 1.764067e-02, -1.259854e-03, -1.114489e-02, 4.547623e-03
18.913983, 1.558981e-02, -2.167129e-03, -1.133151e-02, 6.468951e-03
18.929323, 1.299382e-02, -2.982207e-03, -1.142824e-02, 8.087788e-03
18.944663, 1.007659e-02, -3.620067e-03, -1.147253e-02, 9.327237e-03
18.960003, 7.082882e-03, -4.039712e-03, -1.148124e-02, 1.013174e-02
18.975342, 4.247105e-03, -4.243047e-03, -1.143402e-02, 1.047426e-02
18.990682, 1.763845e-03, -4.265216e-03, -1.126465e-02, 1.036054e-02
19.006022, -2.346829e-04, -4.159559e-03, -1.086494e-02, 9.829240e-03
19.021362, -1.690434e-03, -3.981161e-03, -1.010214e-02, 8.947062e-03
19.036702, -2.618749e-03, -3.772942e-03, -8.847502e-03, 7.799448e-03
19.052041, -3.095555e-03, -3.557265e-03, -7.010066e-03, 6.478194e-03
19.067381, -3.235334e-03, -3.334485e-03, -4.568039e-03, 5.068403e-03
19.082721, -3.164340e-03, -3.088087e-03, -1.589956e-03, 3.637494e-03
19.098061, -2.994248e-03, -2.794424e-03, 1.760135e-03, 2.228698e-03
19.113401, -2.801205e-03, -2.434104e-03, 5.235874e-03, 8.604734e-04
19.128740, -2.614034e-03, -2.001809e-03, 8.538600e-03, -4.681476e-04
19.144080, -2.413550e-03, -1.511970e-03, 1.135889e-02, -1.767773e-03
19.159420, -2.142721e-03, -9.988723e-04, 1.342190e-02, -3.047097e-03
19.174760, -1.725358e-03, -5.112814e-04, 1.452805e-02, -4.302736e-03
19.190100, -1.089306e-03, -1.029849e-04, 1.458165e-02, -5.513248e-03
19.205439, -1.892414e-04, 1.783734e-04, 1.360264e-02, -6.639054e-03
19.220779, 9.758789e-04, 3.015178e-04, 1.172014e-02, -7.628337e-03
19.236119, 2.354604e-03, 2.584791e-04, 9.149871e-03, -8.427466e-03
19.251459, 3.846121e-03, 6.672663e-05, 6.160489e-03, -8.993171e-03
19.266799, 5.314468e-03, -2.339103e-04, 3.035369e-03, -9.303318e-03
19.282139, 6.611166e-03, -5.887850e-04, 3.674858e-05, -9.363384e-03
19.297478, 7.601688e-03, -9.387621e-04, -2.622147e-03, -9.206905e-03
19.312818, 8.190171e-03, -1.231105e-03, -4.793404e-03, -8.889607e-03
19.328158, 8.336986e-03, -1.428622e-03, -6.398142e-03, -8.478466e-03
19.343498, 8.065201e-03, -1.515203e-03, -7.419119e-03, -8.038097e-03
19.358838, 7.454288e-03, -1.496708e-03, -7.885540e-03, -7.617405e-03
19.374177, 6.622232e-03, -1.397261e-03, -7.854349e-03, -7.239246e-03
19.389517, 5.699688e-03, -1.252049e-03, -7.392327e-03, -6.895133e-03
19.404857, 4.801649e-03, -1.098547e-03, -6.562405e-03, -6.545930e-03
19.420197, 4.002632e-03, -9.684191e-04, -5.416208e-03, -6.128296e-03
19.435537, 3.320679e-03, -8.820826e-04, -3.993165e-03, -5.565689e-03
19.450876, 2.713628e-03, -8.471407e-04, -2.325049e-03, -4.782042e-03
19.466216, 2.088571e-03, -8.607503e-04, -4.437315e-04, -3.715923e-03
19.481556, 1.322721e-03, -9.148583e-04, 1.610520e-03, -2.333032e-03
19.496896, 2.916021e-04, -1.002406e-03, 3.782704e-03, -6.351177e-04
19.512236, -1.100942e-03, -1.122335e-03, 6.000508e-03, 1.336079e-03
19.527575, -2.896811e-03, -1.281619e-03, 8.176266e-03, 3.500675e-03
19.542915, -5.066858e-03, -1.493488e-03, 1.021313e-02, 5.748313e-03
19.558255, -7.506656e-03, -1.772196e-03, 1.201419e-02, 7.950852e-03
19.573595, -1.004583e-02, -2.125788e-03, 1.349257e-02, 9.978412e-03
19.588935, -1.246959e-02, -2.549033e-03, 1.458064e-02, 1.171641e-02
19.604274, -1.454876e-02, -3.018754e-03, 1.523644e-02, 1.308082e-02
19.619614, -1.607326e-02, -3.493285e-03, 1.544640e-02, 1.402893e-02
19.634954, -1.688327e-02, -3.916728e-03, 1.522420e-02, 1.456360e-02
19.650294, -1.689285e-02, -4.227514e-03, 1.460631e-02, 1.473002e-02
19.665634, -1.610217e-02, -4.369644e-03, 1.364563e-02, 1.460550e-02
19.680974, -1.459654e-02, -4.304251e-03, 1.240470e-02, 1.428418e-02
19.696313, -1.253283e-02, -4.018893e-03, 1.094975e-02, 1.385958e-02
19.711653, -1.011583e-02, -3.532369e-03, 9.346459e-03, 1.340839e-02
19.726993, -7.569032e-03, -2.893649e-03, 7.657644e-03, 1.297862e-02
19.742333, -5.104665e-03, -2.174656e-03, 5.942159e-03, 1.258395e-02
19.757673, -2.897913e-03, -1.457880e-03, 4.254338e-03, 1.220505e-02
19.773012, -1.069054e-03, -8.208845e-04, 2.642973e-03, 1.179691e-02
19.788352, 3.244177e-04, -3.205258e-04, 1.149357e-03, 1.129997e-02
19.803692, 1.285480e-03, 2.006546e-05, -1.955397e-04, 1.065244e-02
19.819032, 1.866691e-03, 2.189852e-04, -1.374021e-03, 9.800875e-03
19.834372, 2.153604e-03, 3.356400e-04, -2.383654e-03, 8.707370e-03
19.849711, 2.246001e-03, 4.627895e-04, -3.237170e-03, 7.352168e-03
19.865051, 2.240342e-03, 7.113894e-04, -3.959621e-03, 5.732358e-03
19.880391, 2.216096e-03, 1.190496e-03, -4.582880e-03, 3.858004e-03
19.895731, 2.227468e-03, 1.985587e-03, -5.138438e-03, 1.747774e-03
19.911071, 2.300796e-03, 3.139182e-03, -5.650117e-03, -5.739083e-04
19.926410, 2.436816e-03, 4.637476e-03, -6.128543e-03, -3.076795e-03
19.941750, 2.616267e-03, 6.405765e-03, -6.568931e-03, -5.721500e-03
19.957090, 2.807092e-03, 8.313944e-03, -6.952946e-03, -8.453824e-03
19.972430, 2.971702e-03, 1.019151e-02, -7.254387e-03, -1.119871e-02
19.987770, 3.073256e-03, 1.184965e-02, -7.447408e-03, -1.385642e-02
20.003109, 3.080530e-03, 1.310669e-02, -7.515288e-03, -1.630339e-02
20.018449, 2.971466e-03, 1.381241e-02, -7.457548e-03, -1.839947e-02
20.033789, 2.735765e-03, 1.386729e-02, -7.293539e-03, -2.000162e-02
20.049129, 2.376864e-03, 1.323371e-02, -7.061427e-03, -2.098256e-02
20.064469, 1.913398e-03, 1.193812e-02, -6.812505e-03, -2.125101e-02
20.079809, 1.379903e-03, 1.006509e-02, -6.601817e-03, -2.076946e-02
20.095148, 8.262031e-04, 7.745491e-03, -6.476913e-03, -1.956511e-02
20.110488, 3.148217e-04, 5.142099e-03, -6.466993e-03, -1.773091e-02
20.125828, -8.406057e-05, 2.435157e-03, -6.574702e-03, -1.541545e-02
20.141168, -3.001555e-04, -1.902820e-04, -6.772455e-03, -1.280302e-02
20.156508, -2.725745e-04, -2.555151e-03, -7.004330e-03, -1.008746e-02
20.171847, 3.987200e-05, -4.496369e-03, -7.193565e-03, -7.444709e-03
20.187187, 6.492184e-04, -5.877604e-03, -7.254621e-03, -5.009761e-03
20.202527, 1.531546e-03, -6.601785e-03, -7.107744e-03, -2.862368e-03
20.217867, 2.624466e-03, -6.624906e-03, -6.693362e-03, -1.024068e-03
20.233207, 3.829959e-03, -5.968826e-03, -5.983482e-03, 5.335530e-04
20.248546, 5.022812e-03, -4.729304e-03, -4.987685e-03, 1.871901e-03
20.263886, 6.063923e-03, -3.075127e-03, -3.752376e-03, 3.064019e-03
20.279226, 6.816824e-03, -1.235258e-03, -2.353321e-03, 4.173809e-03
20.294566, 7.165063e-03, 5.265984e-04, -8.829979e-04, 5.240223e-03
20.309906, 7.027791e-03, 1.947401e-03, 5.645087e-04, 6.269332e-03
20.325245, 6.371072e-03, 2.804433e-03, 1.907781e-03, 7.235101e-03
20.340585, 5.213077e-03, 2.951552e-03, 3.088493e-03, 8.087732e-03
20.355925, 3.622371e-03, 2.344236e-03, 4.075979e-03, 8.766854e-03
20.371265, 1.709748e-03, 1.047559e-03, 4.865520e-03, 9.216174e-03
20.386605, -3.847783e-04, -7.752452e-04, 5.471486e-03, 9.396290e-03
20.401944, -2.507386e-03, -2.891698e-03, 5.917732e-03, 9.293187e-03
20.417284, -4.505521e-03, -5.040609e-03, 6.228088e-03, 8.921195e-03
20.432624, -6.240291e-03, -6.975859e-03, 6.419370e-03, 8.320430e-03
20.447964, -7.594710e-03, -8.504556e-03, 6.498289e-03, 7.549850e-03
20.463304, -8.477640e-03, -9.512257e-03, 6.462207e-03, 6.677721e-03
20.478644, -8.824430e-03, -9.971091e-03, 6.302487e-03, 5.771512e-03
20.493983, -8.596128e-03, -9.930622e-03, 6.008543e-03, 4.889070e-03
20.509323, -7.779275e-03, -9.494944e-03, 5.570844e-03, 4.072445e-03
20.524663, -6.387711e-03, -8.792189e-03, 4.981894e-03, 3.345133e-03
20.540003, -4.466644e-03, -7.943677e-03, 4.235368e-03, 2.712816e-03
20.555343, -2.097815e-03, -7.039343e-03, 3.324591e-03, 2.167087e-03
20.570682, 5.965287e-04, -6.124104e-03, 2.242045e-03, 1.691176e-03
20.586022, 3.453700e-03, -5.197056e-03, 9.813392e-04, 1.266376e-03
20.601362, 6.277064e-03, -4.222461e-03, -4.578258e-04, 8.778090e-04
20.616702, 8.850073e-03, -3.149091e-03, -2.062433e-03, 5.183168e-04
20.632042, 1.095708e-02, -1.932959e-03, -3.798604e-03, 1.896717e-04
20.647381, 1.240821e-02, -5.580682e-04, -5.606329e-03, -9.912169e-05
20.662721, 1.306411e-02, 9.494833e-04, -7.398940e-03, -3.359942e-04
20.678061, 1.285584e-02, 2.517174e-03, -9.068826e-03, -5.113804e-04
20.693401, 1.179585e-02, 4.032534e-03, -1.049934e-02, -6.237063e-04
20.708741, 9.977524e-03, 5.359288e-03, -1.158116e-02, -6.832286e-04
20.724080, 7.563030e-03, 6.360101e-03, -1.222982e-02, -7.129606e-04
20.739420, 4.761775e-03, 6.921566e-03, -1.240077e-02, -7.460665e-04
20.754760, 1.803264e-03, 6.976569e-03, -1.209810e-02, -8.199866e-04
20.770100, -1.090682e-03, 6.519649e-03, -1.137480e-02, -9.684272e-04
20.785440, -3.729742e-03, 5.612158e-03, -1.032383e-02, -1.213002e-03
20.800779, -5.971511e-03, 4.375965e-03, -9.061409e-03, -1.556552e-03
20.816119, -7.728929e-03, 2.976520e-03, -7.705923e-03, -1.979922e-03
20.831459, -8.969036e-03, 1.598144e-03, -6.356445e-03, -2.443256e-03
20.846799, -9.704981e-03, 4.158280e-04, -5.075407e-03, -2.891864e-03
20.862139, -9.984030e-03, -4.314823e-04, -3.878815e-03, -3.265651e-03
20.877479, -9.874418e-03, -8.614652e-04, -2.735947e-03, -3.510226e-03
20.892818, -9.453293e-03, -8.593801e-04, -1.578458e-03, -3.587384e-03
20.908158, -8.797087e-03, -4.777680e-04, -3.169341e-04, -3.482700e-03
20.923498, -7.974724e-03, 1.746619e-04, 1.138453e-03, -3.208598e-03
20.938838, -7.043482e-03, 9.525990e-04, 2.857188e-03, -2.802216e-03
20.954178, -6.047062e-03, 1.698409e-03, 4.871362e-03, -2.318541e-03
20.969517, -5.015544e-03, 2.266806e-03, 7.165201e-03, -1.820325e-03
20.984857, -3.967080e-03, 2.545871e-03, 9.672715e-03, -1.367008e-03
21.000197, -2.911270e-03, 2.471380e-03, 1.228342e-02, -1.005075e-03
21.015537, -1.853952e-03, 2.032843e-03, 1.485478e-02, -7.619305e-04
21.030877, -8.027060e-04, 1.271228e-03, 1.722911e-02, -6.444817e-04
21.046216, 2.281416e-04, 2.697039e-04, 1.925201e-02, -6.424941e-04
21.061556, 1.214519e-03, -8.603529e-04, 2.078972e-02, -7.355812e-04
21.076896, 2.122954e-03, -1.995471e-03, 2.174291e-02, -9.017660e-04
21.092236, 2.914880e-03, -3.015836e-03, 2.205538e-02, -1.125155e-03
21.107576, 3.554395e-03, -3.818712e-03, 2.171668e-02, -1.400506e-03
21.122915, 4.017728e-03, -4.328237e-03, 2.075896e-02, -1.733296e-03
21.138255, 4.301838e-03, -4.501031e-03, 1.924876e-02, -2.135128e-03
21.153595, 4.429346e-03, -4.327624e-03, 1.727554e-02, -2.615605e-03
21.168935, 4.447789e-03, -3.830127e-03, 1.493890e-02, -3.172844e-03
21.184275, 4.422535e-03, -3.056826e-03, 1.233680e-02, -3.785265e-03
21.199614, 4.424508e-03, -2.074570e-03, 9.556790e-03, -4.407111e-03
21.214954, 4.515400e-03, -9.598403e-04, 6.671535e-03, -4.969324e-03
21.230294, 4.733886e-03, 2.104602e-04, 3.739171e-03, -5.386194e-03
21.245634, 5.086241e-03, 1.367500e-03, 8.078114e-04, -5.566852e-03
21.260974, 5.543665e-03, 2.457260e-03, -2.077359e-03, -5.429587e-03
21.276314, 6.046945e-03, 3.444675e-03, -4.866684e-03, -4.916310e-03
21.291653, 6.517262e-03, 4.314589e-03, -7.500705e-03, -4.004410e-03
21.306993, 6.870566e-03, 5.069348e-03, -9.908870e-03, -2.713734e-03
21.322333, 7.032267e-03, 5.723408e-03, -1.201325e-02, -1.107329e-03
21.337673, 6.949236e-03, 6.295825e-03, -1.373695e-02, 7.143130e-04
21.353013, 6.596957e-03, 6.801971e-03, -1.501568e-02, 2.624587e-03
21.368352, 5.981015e-03, 7.246009e-03, -1.580969e-02, 4.485880e-03
21.383692, 5.133279e-03, 7.615669e-03, -1.611329e-02, 6.166006e-03
21.399032, 4.104177e-03, 7.880521e-03, -1.595904e-02, 7.553375e-03
21.414372, 2.952900e-03, 7.994329e-03, -1.541506e-02, 8.568628e-03
21.429712, 1.737471e-03, 7.901359e-03, -1.457523e-02, 9.171154e-03
21.445051, 5.063141e-04, 7.545689e-03, -1.354392e-02, 9.359908e-03
21.460391, -7.074636e-04, 6.881974e-03, -1.241802e-02, 9.169013e-03
21.475731, -1.888391e-03, 5.885683e-03, -1.127025e-02, 8.659526e-03
21.491071, -3.037394e-03, 4.560862e-03, -1.013728e-02, 7.909346e-03
21.506411, -4.167306e-03, 2.943841e-03, -9.015758e-03, 7.003234e-03
21.521750, -5.295944e-03, 1.102029e-03, -7.867221e-03, 6.024560e-03
21.537090, -6.437957e-03, -8.721483e-04, -6.631368e-03, 5.049571e-03
21.552430, -7.596949e-03, -2.871173e-03, -5.244993e-03, 4.144096e-03
21.567770, -8.759466e-03, -4.784494e-03, -3.662702e-03, 3.361902e-03
21.583110, -9.892203e-03, -6.510610e-03, -1.874947e-03, 2.743585e-03
21.598449, -1.094330e-02, -7.967152e-03, 8.062738e-05, 2.315051e-03
21.613789, -1.184777e-02, -9.097406e-03, 2.117240e-03, 2.085209e-03
21.629129, -1.253639e-02, -9.872557e-03, 4.107282e-03, 2.043254e-03
21.644469, -1.294635e-02, -1.028984e-02, 5.899682e-03, 2.156586e-03
21.659809, -1.303173e-02, -1.036764e-02, 7.343326e-03, 2.370695e-03
21.675149, -1.277172e-02, -1.013906e-02, 8.312261e-03, 2.612175e-03
21.690488, -1.217468e-02, -9.645610e-03, 8.728018e-03, 2.795363e-03
21.705828, -1.127724e-02, -8.932449e-03, 8.574794e-03, 2.832204e-03
21.721168, -1.013860e-02, -8.045851e-03, 7.904534e-03, 2.644009e-03
21.736508, -8.830899e-03, -7.032940e-03, 6.830702e-03, 2.173156e-03
21.751848, -7.428003e-03, -5.942951e-03, 5.511678e-03, 1.392559e-03
21.767187, -5.994685e-03, -4.828849e-03, 4.126627e-03, 3.111171e-04
21.782527, -4.578609e-03, -3.747991e-03, 2.848195e-03, -1.025970e-03
21.797867, -3.206513e-03, -2.760742e-03, 1.817021e-03, -2.542101e-03
21.813207, -1.885110e-03, -1.926568e-03, 1.122767e-03, -4.138546e-03
21.828547, -6.060931e-04, -1.297810e-03, 7.950639e-04, -5.706471e-03
21.843886, 6.462981e-04, -9.121043e-04, 8.057357e-04, -7.139691e-03
21.859226, 1.887184e-03, -7.849369e-04, 1.081298e-03, -8.346122e-03
21.874566, 3.124396e-03, -9.040639e-04, 1.522542e-03, -9.256284e-03
21.889906, 4.354702e-03, -1.227314e-03, 2.026570e-03, -9.827804e-03
21.905246, 5.563439e-03, -1.684746e-03, 2.506253e-03, -1.004571e-02
21.920585, 6.727104e-03, -2.185277e-03, 2.902928e-03, -9.919042e-03
21.935925, 7.817695e-03, -2.627009e-03, 3.190013e-03, -9.474847e-03
21.951265, 8.807235e-03, -2.909665e-03, 3.367568e-03, -8.751154e-03
21.966605, 9.671043e-03, -2.947115e-03, 3.450172e-03, -7.790296e-03
21.981945, 1.038886e-02, -2.677938e-03, 3.452111e-03, -6.633862e-03
21.997284, 1.094374e-02, -2.072418e-03, 3.374379e-03, -5.319924e-03
22.012624, 1.131940e-02, -1.135115e-03, 3.197319e-03, -3.882642e-03
22.027964, 1.149725e-02, 9.698261e-05, 2.881021e-03, -2.353781e-03
22.043304, 1.145459e-02, 1.559889e-03, 2.373404e-03, -7.653000e-04
22.058644, 1.116504e-02, 3.170341e-03, 1.623793e-03, 8.479351e-04
22.073984, 1.060181e-02, 4.834354e-03, 5.983797e-04, 2.446203e-03
22.089323, 9.743508e-03, 6.455383e-03, -7.064824e-04, 3.984333e-03
22.104663, 8.581635e-03, 7.941278e-03, -2.256531e-03, 5.412774e-03
22.120003, 7.127976e-03, 9.209749e-03, -3.979305e-03, 6.680288e-03
22.135343, 5.420307e-03, 1.019240e-02, -5.771356e-03, 7.737994e-03
22.150683, 3.524730e-03, 1.083763e-02, -7.511243e-03, 8.544230e-03
22.166022, 1.533606e-03, 1.111271e-02, -9.075433e-03, 9.069588e-03
22.181362, -4.411486e-04, 1.100515e-02, -1.035385e-02, 9.301229e-03
22.196702, -2.278768e-03, 1.052340e-02, -1.126225e-02, 9.245579e-03
22.212042, -3.862888e-03, 9.696692e-03, -1.174956e-02, 8.928494e-03
22.227382, -5.095331e-03, 8.573889e-03, -1.179981e-02, 8.392292e-03
22.242721, -5.908180e-03, 7.221091e-03, -1.142911e-02, 7.689539e-03
22.258061, -6.272098e-03, 5.718026e-03, -1.067930e-02, 6.874272e-03
22.273401, -6.199415e-03, 4.153191e-03, -9.609789e-03, 5.992108e-03
22.288741, -5.741329e-03, 2.617909e-03, -8.289405e-03, 5.071395e-03
22.304081, -4.979566e-03, 1.199550e-03, -6.789101e-03, 4.117730e-03
22.319420, -4.013795e-03, -2.563996e-05, -5.176304e-03, 3.113831e-03
22.334760, -2.946863e-03, -9.994838e-04, -3.511009e-03, 2.025718e-03
22.350100, -1.870350e-03, -1.687753e-03, -1.843606e-03, 8.146614e-04
22.365440, -8.529393e-04, -2.084020e-03, -2.143790e-04, -5.472640e-04
22.380780, 6.636002e-05, -2.210593e-03, 1.345406e-03, -2.061482e-03
22.396120, 8.789298e-04, -2.115938e-03, 2.810943e-03, -3.691112e-03
22.411459, 1.601178e-03, -1.868594e-03, 4.160201e-03, -5.356661e-03
22.426799, 2.264257e-03, -1.548285e-03, 5.369761e-03, -6.941391e-03
22.442139, 2.901104e-03, -1.235636e-03, 6.411212e-03, -8.306368e-03
22.457479, 3.533670e-03, -1.002327e-03, 7.249290e-03, -9.312831e-03
22.472819, 4.163305e-03, -9.035020e-04, 7.842835e-03, -9.847533e-03
22.488158, 4.766607e-03, -9.737099e-04, 8.149144e-03, -9.845648e-03
22.503498, 5.297909e-03, -1.226748e-03, 8.131461e-03, -9.306091e-03
22.518838, 5.698018e-03, -1.658698e-03, 7.768414e-03, -8.295532e-03
22.534178, 5.907293e-03, -2.252563e-03, 7.063425e-03, -6.939883e-03
22.549518, 5.880007e-03, -2.982533e-03, 6.051757e-03, -5.404761e-03
22.564857, 5.596450e-03, -3.816228e-03, 4.803069e-03, -3.868897e-03
22.580197, 5.069668e-03, -4.714132e-03, 3.418176e-03, -2.495943e-03
22.595537, 4.344877e-03, -5.626718e-03, 2.019891e-03, -1.410347e-03
22.610877, 3.491398e-03, -6.490937e-03, 7.391694e-04, -6.818060e-04
22.626217, 2.588774e-03, -7.228443e-03, -3.011758e-04, -3.207538e-04
22.641556, 1.710263e-03, -7.747800e-03, -1.002326e-03, -2.847601e-04
22.656896, 9.076689e-04, -7.952006e-03, -1.302147e-03, -4.934501e-04
22.672236, 2.012408e-04, -7.751106e-03, -1.182653e-03, -8.479878e-04
22.687576, -4.227818e-04, -7.077993e-03, -6.713158e-04, -1.250696e-03
22.702916, -1.006258e-03, -5.904131e-03, 1.635315e-04, -1.620968e-03
22.718255, -1.606212e-03, -4.251494e-03, 1.221921e-03, -1.905012e-03
22.733595, -2.277997e-03, -2.197464e-03, 2.384281e-03, -2.078649e-03
22.748935, -3.058669e-03, 1.290707e-04, 3.524334e-03, -2.144008e-03
22.764275, -3.954654e-03, 2.560254e-03, 4.521292e-03, -2.122042e-03
22.779615, -4.936728e-03, 4.908308e-03, 5.270335e-03, -2.043211e-03
22.794955, -5.943484e-03, 6.987556e-03, 5.690948e-03, -1.938522e-03
22.810294, -6.892346e-03, 8.635422e-03, 5.733112e-03, -1.832482e-03
22.825634, -7.695346e-03, 9.728951e-03, 5.381401e-03, -1.738736e-03
22.840974, -8.275783e-03, 1.019470e-02, 4.656952e-03, -1.658480e-03
22.856314, -8.581823e-03, 1.001155e-02, 3.616943e-03, -1.581198e-03
22.871654, -8.594058e-03, 9.207515e-03, 2.351045e-03, -1.487088e-03
22.886993, -8.325728e-03, 7.852652e-03, 9.743250e-04, -1.350519e-03
22.902333, -7.816226e-03, 6.050295e-03, -3.835592e-04, -1.143934e-03
22.917673, -7.120171e-03, 3.928403e-03, -1.592337e-03, -8.418190e-04
22.933013, -6.295233e-03, 1.631769e-03, -2.536934e-03, -4.244192e-04
22.948353, -5.391913e-03, -6.851679e-04, -3.132986e-03, 1.190068e-04
22.963692, -4.447619e-03, -2.865880e-03, -3.339510e-03, 7.876138e-04
22.979032, -3.485970e-03, -4.760729e-03, -3.166240e-03, 1.567270e-03
22.994372, -2.520711e-03, -6.237919e-03, -2.673798e-03, 2.429953e-03
23.009712, -1.562415e-03, -7.195947e-03, -1.965989e-03, 3.334454e-03
23.025052, -6.255285e-04, -7.576021e-03, -1.174947e-03, 4.228626e-03
23.040391, 2.665607e-04, -7.372032e-03, -4.412284e-04, 5.053303e-03
23.055731, 1.080001e-03, -6.635465e-03, 1.079325e-04, 5.747883e-03
23.071071, 1.772965e-03, -5.473176e-03, 3.785345e-04, 6.257334e-03
23.086411, 2.301469e-03, -4.037140e-03, 3.243822e-04, 6.539935e-03
23.101751, 2.626998e-03, -2.506931e-03, -4.630556e-05, 6.574740e-03
23.117090, 2.724027e-03, -1.067299e-03, -6.734730e-04, 6.367342e-03
23.132430, 2.585649e-03, 1.155765e-04, -1.456535e-03, 5.952465e-03
23.147770, 2.226139e-03, 9.151687e-04, -2.272341e-03, 5.392151e-03
23.163110, 1.680026e-03, 1.259444e-03, -2.996431e-03, 4.768984e-03
23.178450, 9.981276e-04, 1.137132e-03, -3.523605e-03, 4.174772e-03
23.193790, 2.415186e-04, 5.947718e-04, -3.783884e-03, 3.696291e-03
23.209129, -5.252523e-04, -2.743728e-04, -3.750918e-03, 3.400570e-03
23.224469, -1.240509e-03, -1.347006e-03, -3.441413e-03, 3.322751e-03
23.239809, -1.850506e-03, -2.488850e-03, -2.906082e-03, 3.459269e-03
23.255149, -2.312825e-03, -3.572756e-03, -2.214490e-03, 3.768195e-03
23.270489, -2.598198e-03, -4.493219e-03, -1.437555e-03, 4.177040e-03
23.285828, -2.691094e-03, -5.175662e-03, -6.320381e-04, 4.596614e-03
23.301168, -2.589509e-03, -5.580039e-03, 1.691537e-04, 4.938068e-03
23.316508, -2.304249e-03, -5.699297e-03, 9.584661e-04, 5.129428e-03
23.331848, -1.857762e-03, -5.553921e-03, 1.746731e-03, 5.127998e-03
23.347188, -1.282408e-03, -5.184070e-03, 2.549751e-03, 4.926028e-03
23.362527, -6.179659e-04, -4.640830e-03, 3.372269e-03, 4.548640e-03
23.377867, 9.169773e-05, -3.977799e-03, 4.194014e-03, 4.044903e-03
23.393207, 8.026471e-04, -3.243931e-03, 4.962156e-03, 3.474511e-03
23.408547, 1.475130e-03, -2.478208e-03, 5.592947e-03, 2.893429e-03
23.423887, 2.077411e-03, -1.706416e-03, 5.982970e-03, 2.341932e-03
23.439226, 2.588509e-03, -9.400957e-04, 6.027893e-03, 1.837590e-03
23.454566, 2.999323e-03, -1.775642e-04, 5.644553e-03, 1.374395e-03
23.469906, 3.311981e-03, 5.932884e-04, 4.791193e-03, 9.276476e-04
23.485246, 3.537612e-03, 1.390835e-03, 3.480961e-03, 4.628500e-04
23.500586, 3.693085e-03, 2.234780e-03, 1.785304e-03, -5.387381e-05
23.515925, 3.797359e-03, 3.141141e-03, -1.737832e-04, -6.464533e-04
23.531265, 3.868077e-03, 4.117894e-03, -2.241118e-03, -1.322690e-03
23.546605, 3.918759e-03, 5.161896e-03, -4.251625e-03, -2.072317e-03
23.561945, 3.956767e-03, 6.257553e-03, -6.054675e-03, -2.869311e-03
23.577285, 3.981926e-03, 7.377296e-03, -7.534554e-03, -3.677481e-03
23.592625, 3.985730e-03, 8.483604e-03, -8.623202e-03, -4.457769e-03
23.607964, 3.951116e-03, 9.531955e-03, -9.303271e-03, -5.175486e-03
23.623304, 3.853051e-03, 1.047397e-02, -9.601755e-03, -5.805898e-03
23.638644, 3.660342e-03, 1.126009e-02, -9.576426e-03, -6.337088e-03
23.653984, 3.339121e-03, 1.184149e-02, -9.298647e-03, -6.769657e-03
23.669324, 2.858212e-03, 1.217146e-02, -8.836572e-03, -7.113499e-03
23.684663, 2.196119e-03, 1.220690e-02, -8.242240e-03, -7.382441e-03
23.700003, 1.348737e-03, 1.191073e-02, -7.544831e-03, -7.587947e-03
23.715343, 3.363010e-04, 1.125611e-02, -6.750693e-03, -7.733210e-03
23.730683, -7.922096e-04, 1.023230e-02, -5.849176e-03, -7.808965e-03
23.746023, -1.958906e-03, 8.851567e-03, -4.822070e-03, -7.792006e-03
23.761362, -3.062097e-03, 7.155214e-03, -3.653865e-03, -7.647014e-03
23.776702, -3.986687e-03, 5.216781e-03, -2.340264e-03, -7.331713e-03
23.792042, -4.618644e-03, 3.140150e-03, -8.931303e-04, -6.804771e-03
23.807382, -4.861249e-03, 1.051492e-03, 6.587893e-04, -6.035332e-03
23.822722, -4.650199e-03, -9.146833e-04, 2.272858e-03, -5.012626e-03
23.838061, -3.964692e-03, -2.633418e-03, 3.897870e-03, -3.753895e-03
23.853401, -2.832328e-03, -4.007802e-03, 5.479920e-03, -2.308937e-03
23.868741, -1.326964e-03, -4.984189e-03, 6.967232e-03, -7.599226e-04
23.884081, 4.399172e-04, -5.560619e-03, 8.312957e-03, 7.842308e-04
23.899421, 2.332452e-03, -5.786339e-03, 9.475781e-03, 2.198740e-03
23.914760, 4.205663e-03, -5.752277e-03, 1.041897e-02, 3.357967e-03
23.930100, 5.920037e-03, -5.574328e-03, 1.110894e-02, 4.152520e-03
23.945440, 7.353316e-03, -5.372926e-03, 1.151456e-02, 4.505724e-03
23.960780, 8.408380e-03, -5.252953e-03, 1.160797e-02, 4.386589e-03
23.976120, 9.017208e-03, -5.287747e-03, 1.136716e-02, 3.816682e-03
23.991460, 9.141750e-03, -5.509783e-03, 1.077977e-02, 2.869263e-03
24.006799, 8.772955e-03, -5.908974e-03, 9.847304e-03, 1.660371e-03
24.022139, 7.929106e-03, -6.437956e-03, 8.588337e-03, 3.331003e-04
24.037479, 6.654110e-03, -7.022524e-03, 7.039915e-03, -9.623199e-04
24.052819, 5.015776e-03, -7.574856e-03, 5.256484e-03, -2.089076e-03
24.068159, 3.103536e-03, -8.007153e-03, 3.306509e-03, -2.941225e-03
24.083498, 1.024835e-03, -8.243833e-03, 1.267461e-03, -3.454943e-03
24.098838, -1.100469e-03, -8.231029e-03, -7.797427e-04, -3.611802e-03
24.114178, -3.147904e-03, -7.942775e-03, -2.755711e-03, -3.434052e-03
24.129518, -4.997967e-03, -7.383639e-03, -4.586128e-03, -2.973619e-03
24.144858, -6.546479e-03, -6.587837e-03, -6.203577e-03, -2.297816e-03
24.160197, -7.714268e-03, -5.615039e-03, -7.547947e-03, -1.475316e-03
24.175537, -8.454701e-03, -4.543238e-03, -8.566266e-03, -5.655443e-04
24.190877, -8.757774e-03, -3.459326e-03, -9.213029e-03, 3.864525e-04
24.206217, -8.650077e-03, -2.448433e-03, -9.451965e-03, 1.349216e-03
24.221557, -8.190550e-03, -1.583334e-03, -9.259724e-03, 2.299344e-03
24.236896, -7.462682e-03, -9.154981e-04, -8.631271e-03, 3.213595e-03
24.252236, -6.564277e-03, -4.691614e-04, -7.586034e-03, 4.061525e-03
24.267576, -5.596176e-03, -2.394484e-04, -6.173305e-03, 4.801213e-03
24.282916, -4.651355e-03, -1.948055e-04, -4.475180e-03, 5.379621e-03
24.298256, -3.805568e-03, -2.832123e-04, -2.605522e-03, 5.737739e-03
24.313595, -3.110376e-03, -4.408907e-04, -7.040522e-04, 5.819298e-03
24.328935, -2.589050e-03, -6.017922e-04, 1.074496e-03, 5.580875e-03
24.344275, -2.235515e-03, -7.060973e-04, 2.575220e-03, 5.000921e-03
24.359615, -2.016324e-03, -7.063384e-04, 3.660159e-03, 4.085620e-03
24.374955, -1.875465e-03, -5.704371e-04, 4.225343e-03, 2.870395e-03
24.390295, -1.741688e-03, -2.817339e-04, 4.215286e-03, 1.417042e-03
24.405634, -1.537795e-03, 1.632413e-04, 3.632629e-03, -1.925389e-04
24.420974, -1.191090e-03, 7.581165e-04, 2.541198e-03, -1.864460e-03
24.436314, -6.438699e-04, 1.489957e-03, 1.061618e-03, -3.501141e-03
24.451654, 1.373793e-04, 2.341576e-03, -6.404070e-04, -5.008582e-03
24.466994, 1.155448e-03, 3.292455e-03, -2.371997e-03, -6.302047e-03
24.482333, 2.379632e-03, 4.318370e-03, -3.935116e-03, -7.310272e-03
24.497673, 3.747335e-03, 5.390210e-03, -5.149989e-03, -7.978680e-03
24.513013, 5.169924e-03, 6.472683e-03, -5.876893e-03, -8.272095e-03
24.528353, 6.542037e-03, 7.523605e-03, -6.033409e-03, -8.177059e-03
24.543693, 7.752956e-03, 8.494278e-03, -5.604797e-03, -7.703350e-03
24.559032, 8.698418e-03, 9.331203e-03, -4.646062e-03, -6.883871e-03
24.574372, 9.291297e-03, 9.979127e-03, -3.275414e-03, -5.772012e-03
24.589712, 9.469954e-03, 1.038513e-02, -1.660000e-03, -4.435967e-03
24.605052, 9.203527e-03, 1.050335e-02, 4.205856e-06, -2.950287e-03
24.620392, 8.493964e-03, 1.029974e-02, 1.515795e-03, -1.385864e-03
24.635731, 7.374956e-03, 9.756229e-03, 2.691716e-03, 1.996675e-04
24.651071, 5.908214e-03, 8.873689e-03, 3.388719e-03, 1.768833e-03
24.666411, 4.177605e-03, 7.673171e-03, 3.520072e-03, 3.306571e-03
24.681751, 2.281767e-03, 6.195082e-03, 3.065853e-03, 4.816876e-03
24.697091, 3.258540e-04, 4.496296e-03, 2.075777e-03, 6.314192e-03
24.712430, -1.586843e-03, 2.645510e-03, 6.643146e-04, 7.811337e-03
24.727770, -3.362619e-03, 7.174791e-04, -1.001454e-03, 9.306751e-03
24.743110, -4.923663e-03, -1.213045e-03, -2.720080e-03, 1.077425e-02
24.758450, -6.212324e-03, -3.076757e-03, -4.278252e-03, 1.215803e-02
24.773790, -7.193021e-03, -4.813866e-03, -5.475145e-03, 1.337463e-02
24.789130, -7.851850e-03, -6.376281e-03, -6.145767e-03, 1.432190e-02
24.804469, -8.194277e-03, -7.727770e-03, -6.180340e-03, 1.489358e-02
24.819809, -8.241610e-03, -8.842351e-03, -5.537033e-03, 1.499678e-02
24.835149, -8.027007e-03, -9.701462e-03, -4.246113e-03, 1.456879e-02
24.850489, -7.591654e-03, -1.029073e-02, -2.404773e-03, 1.359012e-02
24.865829, -6.981540e-03, -1.059721e-02, -1.633309e-04, 1.209097e-02
24.881168, -6.244890e-03, -1.060794e-02, 2.295051e-03, 1.014998e-02
24.896508, -5.430065e-03, -1.031037e-02, 4.777884e-03, 7.885328e-03
24.911848, -4.583596e-03, -9.695053e-03, 7.106302e-03, 5.440002e-03
24.927188, -3.747981e-03, -8.760111e-03, 9.133855e-03, 2.963858e-03
24.942528, -2.959078e-03, -7.516969e-03, 1.075849e-02, 5.956838e-04
24.957867, -2.243186e-03, -5.995958e-03, 1.192649e-02, -1.551664e-03
24.973207, -1.614225e-03, -4.250361e-03, 1.262887e-02, -3.400771e-03
24.988547, -1.071692e-03, -2.357469e-03, 1.289193e-02, -4.912741e-03
25.003887, -6.001883e-04, -4.156173e-04, 1.276497e-02, -6.084049e-03
25.019227, -1.712285e-04, 1.463060e-03, 1.230793e-02, -6.938579e-03
25.034566, 2.522730e-04, 3.163484e-03, 1.158152e-02, -7.517051e-03
25.049906, 7.089904e-04, 4.580542e-03, 1.064124e-02, -7.866278e-03
25.065246, 1.230418e-03, 5.631879e-03, 9.535369e-03, -8.030406e-03
25.080586, 1.831733e-03, 6.268222e-03, 8.306031e-03, -8.045557e-03
25.095926, 2.504070e-03, 6.479285e-03, 6.991793e-03, -7.938370e-03
25.111265, 3.210079e-03, 6.294120e-03, 5.630005e-03, -7.727989e-03
25.126605, 3.884236e-03, 5.775853e-03, 4.257731e-03, -7.430351e-03
25.141945, 4.438669e-03, 5.011840e-03, 2.910801e-03, -7.063252e-03
25.157285, 4.774195e-03, 4.101087e-03, 1.621361e-03, -6.650647e-03
25.172625, 4.795202e-03, 3.141167e-03, 4.149096e-04, -6.224900e-03
25.187965, 4.426060e-03, 2.216746e-03, -6.920017e-04, -5.826194e-03
25.203304, 3.626254e-03, 1.391325e-03, -1.692457e-03, -5.498826e-03
25.218644, 2.401433e-03, 7.030564e-04, -2.587866e-03, -5.284764e-03
25.233984, 8.081273e-04, 1.646414e-04, -3.384918e-03, -5.215348e-03
25.249324, -1.049037e-03, -2.333049e-04, -4.091617e-03, -5.302539e-03
25.264664, -3.027487e-03, -5.165044e-04, -4.713466e-03, -5.531471e-03
25.280003, -4.962739e-03, -7.200830e-04, -5.250791e-03, -5.856177e-03
25.295343, -6.687732e-03, -8.815773e-04, -5.697829e-03, -6.200170e-03
25.310683, -8.052306e-03, -1.034755e-03, -6.043728e-03, -6.462935e-03
25.326023, -8.939654e-03, -1.204823e-03, -6.275110e-03, -6.532411e-03
25.341363, -9.277279e-03, -1.405317e-03, -6.379568e-03, -6.302240e-03
25.356702, -9.041112e-03, -1.636791e-03, -6.349324e-03, -5.691302e-03
25.372042, -8.252875e-03, -1.887232e-03, -6.184379e-03, -4.662074e-03
25.387382, -6.972075e-03, -2.134090e-03, -5.894643e-03, -3.233977e-03
25.402722, -5.284929e-03, -2.347670e-03, -5.500741e-03, -1.488389e-03
25.418062, -3.292808e-03, -2.495550e-03, -5.033378e-03, 4.366927e-04
25.433401, -1.102438e-03, -2.547555e-03, -4.531266e-03, 2.362395e-03
25.448741, 1.180885e-03, -2.480654e-03, -4.037774e-03, 4.093011e-03
25.464081, 3.456921e-03, -2.283116e-03, -3.596598e-03, 5.444362e-03
25.479421, 5.631920e-03, -1.957216e-03, -3.246946e-03, 6.271409e-03
25.494761, 7.619401e-03, -1.519976e-03, -3.018940e-03, 6.490062e-03
25.510101, 9.341847e-03, -1.001650e-03, -2.930045e-03, 6.089217e-03
25.525440, 1.073423e-02, -4.420654e-04, -2.983319e-03, 5.131075e-03
25.540780, 1.174928e-02, 1.147047e-04, -3.168068e-03, 3.740152e-03
25.556120, 1.236344e-02, 6.265032e-04, -3.463011e-03, 2.083580e-03
25.571460, 1.258153e-02, 1.059074e-03, -3.841549e-03, 3.468092e-04
25.586800, 1.243832e-02, 1.390821e-03, -4.278120e-03, -1.290714e-03
25.602139, 1.199540e-02, 1.615497e-03, -4.754209e-03, -2.675895e-03
25.617479, 1.133322e-02, 1.742324e-03, -5.262474e-03, -3.695717e-03
25.632819, 1.053912e-02, 1.793527e-03, -5.807679e-03, -4.283452e-03
25.648159, 9.693614e-03, 1.799715e-03, -6.403726e-03, -4.418042e-03
25.663499, 8.857710e-03, 1.793951e-03, -7.066988e-03, -4.118467e-03
25.678838, 8.064123e-03, 1.805604e-03, -7.807039e-03, -3.435280e-03
25.694178, 7.314320e-03, 1.855050e-03, -8.616730e-03, -2.441275e-03
25.709518, 6.582220e-03, 1.950169e-03, -9.463957e-03, -1.222583e-03
25.724858, 5.823732e-03, 2.085170e-03, -1.028743e-02, 1.291902e-04
25.740198, 4.990062e-03, 2.241869e-03, -1.099810e-02, 1.523721e-03
25.755537, 4.041847e-03, 2.393051e-03, -1.148687e-02, 2.877704e-03
25.770877, 2.961044e-03, 2.507210e-03, -1.163775e-02, 4.119569e-03
25.786217, 1.758059e-03, 2.553778e-03, -1.134461e-02, 5.192891e-03
25.801557, 4.727345e-04, 2.507928e-03, -1.052847e-02, 6.058125e-03
25.816897, -8.308508e-04, 2.354247e-03, -9.152077e-03, 6.692347e-03
25.832236, -2.074444e-03, 2.088859e-03, -7.229067e-03, 7.087097e-03
25.847576, -3.178319e-03, 1.719896e-03, -4.825712e-03, 7.244925e-03
25.862916, -4.073986e-03, 1.266514e-03, -2.054944e-03, 7.175676e-03
25.878256, -4.714497e-03, 7.567962e-04, 9.362824e-04, 6.893731e-03
25.893596, -5.080667e-03, 2.249411e-04, 3.983979e-03, 6.417103e-03
25.908936, -5.182513e-03, -2.919030e-04, 6.925474e-03, 5.768673e-03
25.924275, -5.056270e-03, -7.568937e-04, 9.616114e-03, 4.978986e-03
25.939615, -4.758145e-03, -1.136653e-03, 1.194190e-02, 4.089285e-03
25.954955, -4.356398e-03, -1.404171e-03, 1.382668e-02, 3.153102e-03
25.970295, -3.923367e-03, -1.541285e-03, 1.523361e-02, 2.234888e-03
25.985635, -3.528685e-03, -1.540550e-03, 1.616182e-02, 1.404885e-03
26.000974, -3.234353e-03, -1.406284e-03, 1.663964e-02, 7.305251e-04
26.016314, -3.091702e-03, -1.154615e-03, 1.671632e-02, 2.657597e-04
26.031654, -3.139749e-03, -8.124396e-04, 1.645375e-02, 4.055459e-05
26.046994, -3.404214e-03, -4.153491e-04, 1.591948e-02, 5.309337e-05
26.062334, -3.896450e-03, -4.674898e-06, 1.518135e-02, 2.668370e-04
26.077673, -4.611872e-03, 3.760619e-04, 1.430382e-02, 6.136293e-04
26.093013, -5.527929e-03, 6.849775e-04, 1.334536e-02, 1.002721e-03
26.108353, -6.602155e-03, 8.855975e-04, 1.235627e-02, 1.334239e-03
26.123693, -7.771246e-03, 9.502733e-04, 1.137629e-02, 1.514610e-03
26.139033, -8.952229e-03, 8.629640e-04, 1.043210e-02, 1.470990e-03
26.154372, -1.004657e-02, 6.211239e-04, 9.534783e-03, 1.162002e-03
26.169712, -1.094762e-02, 2.364508e-04, 8.678331e-03, 5.829286e-04
26.185052, -1.155096e-02, -2.657079e-04, 7.840140e-03, -2.352332e-04
26.200392, -1.176654e-02, -8.484069e-04, 6.984362e-03, -1.232154e-03
26.215732, -1.153083e-02, -1.466567e-03, 6.068502e-03, -2.328210e-03
26.231071, -1.081692e-02, -2.071574e-03, 5.052698e-03, -3.435890e-03
26.246411, -9.640604e-03, -2.616492e-03, 3.910273e-03, -4.470384e-03
26.261751, -8.061095e-03, -3.061160e-03, 2.637384e-03, -5.357801e-03
26.277091, -6.175919e-03, -3.376371e-03, 1.259384e-03, -6.040424e-03
26.292431, -4.110428e-03, -3.546391e-03, -1.681307e-04, -6.479372e-03
26.307771, -2.003420e-03, -3.569353e-03, -1.564610e-03, -6.655587e-03
26.323110, 9.024021e-06, -3.455444e-03, -2.835831e-03, -6.570206e-03
26.338450, 1.809042e-03, -3.223275e-03, -3.889334e-03, -6.244868e-03
26.353790, 3.309491e-03, -2.895202e-03, -4.651099e-03, -5.721799e-03
26.369130, 4.461571e-03, -2.492619e-03, -5.080018e-03, -5.062704e-03
26.384470, 5.256477e-03, -2.032281e-03, -5.177071e-03, -4.345135e-03
26.399809, 5.720954e-03, -1.524478e-03, -4.987140e-03, -3.655221e-03
26.415149, 5.907670e-03, -9.734962e-04, -4.592951e-03, -3.076516e-03
26.430489, 5.882264e-03, -3.802631e-04, -4.102252e-03, -2.676047e-03
26.445829, 5.709559e-03, 2.533956e-04, -3.630701e-03, -2.489959e-03
26.461169, 5.441729e-03, 9.198806e-04, -3.283695e-03, -2.512091e-03
26.476508, 5.110818e-03, 1.601479e-03, -3.140425e-03, -2.688867e-03
26.491848, 4.727195e-03, 2.267676e-03, -3.242827e-03, -2.922991e-03
26.507188, 4.284158e-03, 2.874964e-03, -3.591013e-03, -3.086662e-03
26.522528, 3.767433e-03, 3.369580e-03, -4.145499e-03, -3.042823e-03
26.537868, 3.167004e-03, 3.693060e-03, -4.835364e-03, -2.670866e-03
26.553207, 2.487964e-03, 3.790019e-03, -5.570601e-03, -1.891850e-03
26.568547, 1.757193e-03, 3.617074e-03, -6.256423e-03, -6.879549e-04
26.583887, 1.023640e-03, 3.151589e-03, -6.807236e-03, 8.881465e-04
26.599227, 3.516920e-04, 2.398741e-03, -7.158260e-03, 2.716379e-03
26.614567, -1.909696e-04, 1.395572e-03, -7.273290e-03, 4.624688e-03
26.629906, -5.478972e-04, 2.109608e-04, -7.147749e-03, 6.414153e-03
26.645246, -6.868037e-04, -1.058960e-03, -6.806899e-03, 7.889221e-03
26.660586, -6.070820e-04, -2.299786e-03, -6.299731e-03, 8.887567e-03
26.675926, -3.394335e-04, -3.391308e-03, -5.689699e-03, 9.304305e-03
26.691266, 6.276634e-05, -4.221880e-03, -5.043874e-03, 9.106502e-03
26.706606, 5.383830e-04, -4.702667e-03, -4.422379e-03, 8.335936e-03
26.721945, 1.035812e-03, -4.779565e-03, -3.869891e-03, 7.100207e-03
26.737285, 1.527806e-03, -4.440862e-03, -3.410670e-03, 5.554358e-03
26.752625, 2.019374e-03, -3.719284e-03, -3.047917e-03, 3.876579e-03
26.767965, 2.545951e-03, -2.687967e-03, -2.767410e-03, 2.242238e-03
26.783305, 3.161508e-03, -1.450934e-03, -2.544490e-03, 8.003881e-04
26.798644, 3.919040e-03, -1.295572e-04, -2.352667e-03, -3.438733e-04
26.813984, 4.848043e-03, 1.152804e-03, -2.171775e-03, -1.139051e-03
26.829324, 5.934738e-03, 2.285562e-03, -1.993627e-03, -1.588106e-03
26.844664, 7.110437e-03, 3.182793e-03, -1.823702e-03, -1.741092e-03
26.860004, 8.251795e-03, 3.790653e-03, -1.678386e-03, -1.681251e-03
26.875343, 9.193990e-03, 4.089586e-03, -1.578386e-03, -1.507112e-03
26.890683, 9.754964e-03, 4.091585e-03, -1.539961e-03, -1.313544e-03
26.906023, 9.766258e-03, 3.833659e-03, -1.566273e-03, -1.174833e-03
26.921363, 9.104473e-03, 3.369197e-03, -1.641172e-03, -1.132524e-03
26.936703, 7.717172e-03, 2.759124e-03, -1.727272e-03, -1.190027e-03
26.952042, 5.638165e-03, 2.064444e-03, -1.769124e-03, -1.314949e-03
26.967382, 2.989232e-03, 1.341214e-03, -1.701154e-03, -1.448738e-03
26.982722, -3.201243e-05, 6.382209e-04, -1.458886e-03, -1.521887e-03
26.998062, -3.175951e-03, -3.095095e-06, -9.912522e-04, -1.471722e-03
27.013402, -6.172372e-03, -5.474620e-04, -2.715472e-04, -1.259119e-03
27.028741, -8.764347e-03, -9.645235e-04, 6.950788e-04, -8.804794e-04
27.044081, -1.073939e-02, -1.228530e-03, 1.868974e-03, -3.721393e-04
27.059421, -1.195355e-02, -1.319525e-03, 3.178594e-03, 1.941221e-04
27.074761, -1.234542e-02, -1.225974e-03, 4.527844e-03, 7.238557e-04
27.090101, -1.193876e-02, -9.481469e-04, 5.806844e-03, 1.118479e-03
27.105441, -1.083431e-02, -5.012142e-04, 6.904411e-03, 1.295644e-03
27.120780, -9.192311e-03, 8.309801e-05, 7.720442e-03, 1.206974e-03
27.136120, -7.209188e-03, 7.571905e-04, 8.176561e-03, 8.492121e-04
27.151460, -5.091543e-03, 1.460986e-03, 8.223853e-03, 2.662686e-04
27.166800, -3.031420e-03, 2.127772e-03, 7.846972e-03, -4.582873e-04
27.182140, -1.185963e-03, 2.691641e-03, 7.064496e-03, -1.216617e-03
27.197479, 3.361382e-04, 3.095271e-03, 5.925854e-03, -1.896492e-03
27.212819, 1.480184e-03, 3.296730e-03, 4.505558e-03, -2.401392e-03
27.228159, 2.243079e-03, 3.274150e-03, 2.895692e-03, -2.666707e-03
27.243499, 2.664291e-03, 3.027570e-03, 1.197722e-03, -2.668949e-03
27.258839, 2.812329e-03, 2.577794e-03, -4.854311e-04, -2.426611e-03
27.274178, 2.769388e-03, 1.962609e-03, -2.056317e-03, -1.993143e-03
27.289518, 2.616778e-03, 1.231135e-03, -3.428464e-03, -1.444133e-03
27.304858, 2.423271e-03, 4.372632e-04, -4.530395e-03, -8.617989e-04
27.320198, 2.237721e-03, -3.667868e-04, -5.308325e-03, -3.201258e-04
27.335538, 2.086346e-03, -1.135905e-03, -5.727900e-03, 1.264808e-04
27.350877, 1.974241e-03, -1.835846e-03, -5.775293e-03, 4.492069e-04
27.366217, 1.890020e-03, -2.444895e-03, -5.457870e-03, 6.449673e-04
27.381557, 1.812211e-03, -2.953367e-03, -4.804409e-03, 7.313899e-04
27.396897, 1.716064e-03, -3.361144e-03, -3.864639e-03, 7.383421e-04
27.412237, 1.579728e-03, -3.673778e-03, -2.707716e-03, 6.982170e-04
27.427576, 1.389208e-03, -3.897931e-03, -1.419234e-03, 6.372289e-04
27.442916, 1.141913e-03, -4.037062e-03, -9.645459e-05, 5.695308e-04
27.458256, 8.488303e-04, -4.088289e-03, 1.158272e-03, 4.952204e-04
27.473596, 5.354242e-04, -4.041221e-03, 2.245662e-03, 4.023757e-04
27.488936, 2.411651e-04, -3.879134e-03, 3.078583e-03, 2.723647e-04
27.504276, 1.737512e-05, -3.582464e-03, 3.591162e-03, 8.698215e-05
27.519615, -7.706726e-05, -3.134013e-03, 3.746769e-03, -1.643991e-04
27.534955, 1.749344e-05, -2.524850e-03, 3.543683e-03, -4.794319e-04
27.550295, 3.523134e-04, -1.759668e-03, 3.017373e-03, -8.404980e-04
27.565635, 9.594701e-04, -8.603795e-04, 2.238651e-03, -1.216118e-03
27.580975, 1.841067e-03, 1.329210e-04, 1.307469e-03, -1.565797e-03
27.596314, 2.960640e-03, 1.163960e-03, 3.427545e-04, -1.847228e-03
27.611654, 4.239165e-03, 2.164978e-03, -5.306590e-04, -2.024200e-03
27.626994, 5.557628e-03, 3.063306e-03, -1.196407e-03, -2.073388e-03
27.642334, 6.767055e-03, 3.788692e-03, -1.560317e-03, -1.988472e-03
27.657674, 7.705402e-03, 4.280257e-03, -1.561529e-03, -1.780699e-03
27.673013, 8.219089e-03, 4.492156e-03, -1.179376e-03, -1.475857e-03
27.688353, 8.185704e-03, 4.397473e-03, -4.350706e-04, -1.108537e-03
27.703693, 7.533801e-03, 3.990300e-03, 6.119423e-04, -7.151918e-04
27.719033, 6.256025e-03, 3.286275e-03, 1.872194e-03, -3.277469e-04
27.734373, 4.412958e-03, 2.321960e-03, 3.237485e-03, 3.070980e-05
27.749712, 2.126840e-03, 1.153375e-03, 4.593384e-03, 3.472810e-04
27.765052, -4.337112e-04, -1.462863e-04, 5.831032e-03, 6.176504e-04
27.780392, -3.075174e-03, -1.489939e-03, 6.856733e-03, 8.423653e-04
27.795732, -5.602926e-03, -2.781213e-03, 7.598411e-03, 1.022470e-03
27.811072, -7.843336e-03, -3.920628e-03, 8.008775e-03, 1.156113e-03
27.826411, -9.660760e-03, -4.813257e-03, 8.065628e-03, 1.237410e-03
27.841751, -1.096735e-02, -5.377329e-03, 7.770159e-03, 1.258140e-03
27.857091, -1.172519e-02, -5.552780e-03, 7.144146e-03, 1.211909e-03
27.872431, -1.194169e-02, -5.308425e-03, 6.226814e-03, 1.099585e-03
27.887771, -1.166047e-02, -4.646433e-03, 5.071736e-03, 9.342792e-04
27.903111, -1.095012e-02, -3.603085e-03, 3.743790e-03, 7.441128e-04
27.918450, -9.893414e-03, -2.245442e-03, 2.315939e-03, 5.714632e-04
27.933790, -8.578653e-03, -6.643018e-04, 8.655271e-04, 4.682518e-04
27.949130, -7.094035e-03, 1.035477e-03, -5.300964e-04, 4.878359e-04
27.964470, -5.524856e-03, 2.745653e-03, -1.798524e-03, 6.749838e-04
27.979810, -3.952699e-03, 4.364575e-03, -2.877443e-03, 1.055972e-03
27.995149, -2.455339e-03, 5.804916e-03, -3.719416e-03, 1.630911e-03
28.010489, -1.106093e-03, 6.998285e-03, -4.295633e-03, 2.369983e-03
28.025829, 2.827167e-05, 7.896490e-03, -4.598089e-03, 3.214454e-03
28.041169, 8.914026e-04, 8.469995e-03, -4.639850e-03, 4.082352e-03
28.056509, 1.442694e-03, 8.704644e-03, -4.453311e-03, 4.877787e-03
28.071848, 1.663239e-03, 8.597941e-03, -4.086664e-03, 5.502259e-03
28.087188, 1.561192e-03, 8.156098e-03, -3.598941e-03, 5.866106e-03
28.102528, 1.175242e-03, 7.392662e-03, -3.054204e-03, 5.898413e-03
28.117868, 5.749760e-04, 6.328990e-03, -2.515504e-03, 5.554246e-03
28.133208, -1.426837e-04, 4.996233e-03, -2.039312e-03, 4.818694e-03
28.148547, -8.613055e-04, 3.438010e-03, -1.671064e-03, 3.707827e-03
28.163887, -1.456709e-03, 1.712650e-03, -1.442331e-03, 2.267064e-03
28.179227, -1.811613e-03, -1.061619e-04, -1.369934e-03, 5.675770e-04
28.194567, -1.831452e-03, -1.931239e-03, -1.456923e-03, -1.298734e-03
28.209907, -1.459103e-03, -3.666736e-03, -1.695013e-03, -3.225379e-03
28.225246, -6.860327e-04, -5.215820e-03, -2.067725e-03, -5.098389e-03
28.240586, 4.424593e-04, -6.490337e-03, -2.553360e-03, -6.804282e-03
28.255926, 1.829558e-03, -7.421090e-03, -3.127045e-03, -8.238600e-03
28.271266, 3.337319e-03, -7.966954e-03, -3.761450e-03, -9.314395e-03
28.286606, 4.804226e-03, -8.121021e-03, -4.426335e-03, -9.969671e-03
28.301946, 6.067522e-03, -7.912347e-03, -5.087564e-03, -1.017264e-02
28.317285, 6.986758e-03, -7.402574e-03, -5.706570e-03, -9.923688e-03
28.332625, 7.464469e-03, -6.677683e-03, -6.241157e-03, -9.253490e-03
28.347965, 7.460165e-03, -5.836104e-03, -6.648182e-03, -8.217322e-03
28.363305, 6.994988e-03, -4.975198e-03, -6.887936e-03, -6.886608e-03
28.378645, 6.146194e-03, -4.178469e-03, -6.929410e-03, -5.339303e-03
28.393984, 5.032687e-03, -3.505704e-03, -6.755132e-03, -3.651097e-03
28.409324, 3.794653e-03, -2.987583e-03, -6.364265e-03, -1.889222e-03
28.424664, 2.571507e-03, -2.625335e-03, -5.773032e-03, -1.099489e-04
28.440004, 1.482472e-03, -2.395014e-03, -5.012323e-03, 1.640118e-03
28.455344, 6.132411e-04, -2.255152e-03, -4.123133e-03, 3.319921e-03
28.470683, 1.048528e-05, -2.156113e-03, -3.151132e-03, 4.888758e-03
28.486023, -3.160261e-04, -2.049462e-03, -2.141847e-03, 6.302080e-03
28.501363, -3.857091e-04, -1.895941e-03, -1.137593e-03, 7.510089e-03
28.516703, -2.369192e-04, -1.671132e-03, -1.766522e-04, 8.460091e-03
28.532043, 8.264489e-05, -1.368321e-03, 7.057133e-04, 9.102481e-03
28.547382, 5.225362e-04, -9.984342e-04, 1.475454e-03, 9.399074e-03
28.562722, 1.032237e-03, -5.871753e-04, 2.098510e-03, 9.331713e-03
28.578062, 1.560564e-03, -1.697305e-04, 2.541348e-03, 8.908739e-03
28.593402, 2.053621e-03, 2.163188e-04, 2.773845e-03, 8.167303e-03
28.608742, 2.453572e-03, 5.388486e-04, 2.774321e-03, 7.170380e-03
28.624082, 2.700086e-03, 7.784323e-04, 2.535767e-03, 5.998590e-03
28.639421, 2.735289e-03, 9.333866e-04, 2.071842e-03, 4.738259e-03
28.654761, 2.511659e-03, 1.021188e-03, 1.421107e-03, 3.468143e-03
28.670101, 2.001171e-03, 1.075410e-03, 6.482276e-04, 2.247715e-03
28.685441, 1.203336e-03, 1.138320e-03, -1.585940e-04, 1.109706e-03
28.700781, 1.498783e-04, 1.250437e-03, -8.940793e-04, 5.866432e-05
28.716120, -1.095461e-03, 1.439346e-03, -1.445721e-03, -9.240022e-04
28.731460, -2.442330e-03, 1.710549e-03, -1.706015e-03, -1.869619e-03
28.746800, -3.783506e-03, 2.042939e-03, -1.585706e-03, -2.808855e-03
28.762140, -5.007169e-03, 2.390463e-03, -1.026428e-03, -3.758522e-03
28.777480, -6.009469e-03, 2.690068e-03, -1.103418e-05, -4.711748e-03
28.792819, -6.705322e-03, 2.874444e-03, 1.430007e-03, -5.633972e-03
28.808159, -7.035905e-03, 2.886748e-03, 3.217491e-03, -6.465822e-03
28.823499, -6.972235e-03, 2.693971e-03, 5.228380e-03, -7.132360e-03
28.838839, -6.514992e-03, 2.295852e-03, 7.306713e-03, -7.556636e-03
28.854179, -5.691461e-03, 1.727317e-03, 9.279512e-03, -7.674542e-03
28.869518, -4.550736e-03, 1.053948e-03, 1.097574e-02, -7.447682e-03
28.884858, -3.158405e-03, 3.616006e-04, 1.224573e-02, -6.871524e-03
28.900198, -1.591576e-03, -2.574807e-04, 1.297806e-02, -5.977264e-03
28.915538, 6.527718e-05, -7.190428e-04, 1.311144e-02, -4.827317e-03
28.930878, 1.723724e-03, -9.588153e-04, 1.263968e-02, -3.505727e-03
28.946217, 3.294454e-03, -9.399936e-04, 1.160925e-02, -2.105792e-03
28.961557, 4.690656e-03, -6.552674e-04, 1.011021e-02, -7.175339e-04
28.976897, 5.832253e-03, -1.237263e-04, 8.262424e-03, 5.826547e-04
28.992237, 6.651236e-03, 6.159469e-04, 6.199829e-03, 1.738661e-03
29.007577, 7.097821e-03, 1.513947e-03, 4.055372e-03, 2.717117e-03
29.022917, 7.146644e-03, 2.517352e-03, 1.949084e-03, 3.506150e-03
29.038256, 6.801748e-03, 3.575954e-03, -1.947284e-05, 4.111550e-03
29.053596, 6.098997e-03, 4.645030e-03, -1.774117e-03, 4.551649e-03
29.068936, 5.104726e-03, 5.685096e-03, -3.261204e-03, 4.852054e-03
29.084276, 3.910056e-03, 6.659556e-03, -4.446553e-03, 5.040844e-03
29.099616, 2.621102e-03, 7.531676e-03, -5.311930e-03, 5.144395e-03
29.114955, 1.346225e-03, 8.262401e-03, -5.852499e-03, 5.183632e-03
29.130295, 1.822487e-04, 8.810208e-03, -6.075997e-03, 5.170487e-03
29.145635, -7.980543e-04, 9.133480e-03, -6.003498e-03, 5.104590e-03
29.160975, -1.554952e-03, 9.195106e-03, -5.670857e-03, 4.970651e-03
29.176315, -2.085533e-03, 8.968274e-03, -5.129499e-03, 4.737415e-03
29.191654, -2.421501e-03, 8.442001e-03, -4.445201e-03, 4.359229e-03
29.206994, -2.621322e-03, 7.624890e-03, -3.694005e-03, 3.781083e-03
29.222334, -2.758101e-03, 6.545999e-03, -2.955176e-03, 2.947343e-03
29.237674, -2.905344e-03, 5.252315e-03, -2.302031e-03, 1.813514e-03
29.253014, -3.123103e-03, 3.803186e-03, -1.792225e-03, 3.593454e-04
29.268353, -3.446887e-03, 2.262788e-03, -1.459489e-03, -1.399181e-03
29.283693, -3.881133e-03, 6.922023e-04, -1.308730e-03, -3.401772e-03
29.299033, -4.398209e-03, -8.571472e-04, -1.315833e-03, -5.542107e-03
29.314373, -4.942918e-03, -2.347230e-03, -1.432573e-03, -7.673989e-03
29.329713, -5.441553e-03, -3.753473e-03, -1.595947e-03, -9.625387e-03
29.345052, -5.813866e-03, -5.061194e-03, -1.740220e-03, -1.121876e-02
29.360392, -5.985958e-03, -6.259368e-03, -1.809334e-03, -1.229460e-02
29.375732, -5.902015e-03, -7.333465e-03, -1.767144e-03, -1.273415e-02
29.391072, -5.533139e-03, -8.259471e-03, -1.603350e-03, -1.247732e-02
29.406412, -4.881994e-03, -9.001102e-03, -1.333869e-03, -1.153239e-02
29.421752, -3.982645e-03, -9.511561e-03, -9.955883e-04, -9.975561e-03
29.437091, -2.895665e-03, -9.740113e-03, -6.366990e-04, -7.940567e-03
29.452431, -1.699266e-03, -9.642508e-03, -3.048121e-04, -5.600180e-03
29.467771, -4.778067e-04, -9.193136e-03, -3.560274e-05, -3.143029e-03
29.483111, 6.905165e-04, -8.396104e-03, 1.553536e-04, -7.499261e-04
29.498451, 1.744764e-03, -7.292351e-03, 2.756007e-04, 1.426294e-03
29.513790, 2.649147e-03, -5.960590e-03, 3.529312e-04, 3.274418e-03
29.529130, 3.396176e-03, -4.511047e-03, 4.272858e-04, 4.730491e-03
29.544470, 4.004252e-03, -3.072573e-03, 5.393715e-04, 5.775728e-03
29.559810, 4.509949e-03, -1.775168e-03, 7.187864e-04, 6.428476e-03
29.575150, 4.956350e-03, -7.310681e-04, 9.746088e-04, 6.732951e-03
29.590489, 5.379757e-03, -1.802184e-05, 1.290844e-03, 6.747688e-03
29.605829, 5.797664e-03, 3.319704e-04, 1.627960e-03, 6.536076e-03
29.621169, 6.200832e-03, 3.361693e-04, 1.930260e-03, 6.160348e-03
29.636509, 6.551535e-03, 5.608259e-05, 2.137425e-03, 5.679115e-03
29.651849, 6.788794e-03, -4.151841e-04, 2.197548e-03, 5.147488e-03
29.667188, 6.839793e-03, -9.708164e-04, 2.078626e-03, 4.618183e-03
29.682528, 6.635207e-03, -1.509988e-03, 1.775897e-03, 4.141962e-03
29.697868, 6.125160e-03, -1.955563e-03, 1.313394e-03, 3.766240e-03
29.713208, 5.292270e-03, -2.266379e-03, 7.394773e-04, 3.531528e-03
29.728548, 4.158851e-03, -2.441729e-03, 1.174613e-04, 3.466251e-03
29.743887, 2.786634e-03, -2.517235e-03, -4.864844e-04, 3.581165e-03
29.759227, 1.269062e-03, -2.553008e-03, -1.015491e-03, 3.864906e-03
29.774567, -2.821397e-04, -2.616621e-03, -1.431670e-03, 4.281980e-03
29.789907, -1.753195e-03, -2.764500e-03, -1.721461e-03, 4.774035e-03
29.805247, -3.043948e-03, -3.025740e-03, -1.895858e-03, 5.264499e-03
29.820587, -4.079929e-03, -3.391932e-03, -1.985845e-03, 5.666007e-03
29.835926, -4.818844e-03, -3.815331e-03, -2.034380e-03, 5.889555e-03
29.851266, -5.250924e-03, -4.216017e-03, -2.086882e-03, 5.854140e-03
29.866606, -5.394039e-03, -4.496757e-03, -2.182343e-03, 5.495754e-03
29.881946, -5.285546e-03, -4.562616e-03, -2.346857e-03, 4.774842e-03
29.897286, -4.973302e-03, -4.341299e-03, -2.590726e-03, 3.681730e-03
29.912625, -4.508048e-03, -3.799953e-03, -2.909342e-03, 2.239717e-03
29.927965, -3.938562e-03, -2.954830e-03, -3.287188e-03, 5.057475e-04
29.943305, -3.309855e-03, -1.871616e-03, -3.703559e-03, -1.431456e-03
29.958645, -2.663615e-03, -6.561188e-04, -4.138219e-03, -3.455887e-03
29.973985, -2.039383e-03, 5.630311e-04, -4.575295e-03, -5.431435e-03
29.989324, -1.474819e-03, 1.656391e-03, -5.004203e-03, -7.211658e-03
30.004664, -1.003906e-03, 2.516203e-03, -5.417239e-03, -8.651705e-03
30.020004, -6.528309e-04, 3.075043e-03, -5.804455e-03, -9.621558e-03
30.035344, -4.344353e-04, 3.317076e-03, -6.147340e-03, -1.001929e-02
30.050684, -3.429448e-04, 3.279839e-03, -6.413389e-03, -9.782778e-03
30.066023, -3.510922e-04, 3.046374e-03, -6.553696e-03, -8.898206e-03
30.081363, -4.114074e-04, 2.729404e-03, -6.505206e-03, -7.403968e-03
30.096703, -4.625060e-04, 2.450726e-03, -6.198246e-03, -5.389084e-03
30.112043, -4.398643e-04, 2.319855e-03, -5.568641e-03, -2.986053e-03
30.127383, -2.892226e-04, 2.415890e-03, -4.572443e-03, -3.588428e-04
30.142722, 2.019827e-05, 2.775799e-03, -3.200337e-03, 2.312507e-03
30.158062, 4.857520e-04, 3.390858e-03, -1.488395e-03, 4.848714e-03
30.173402, 1.067259e-03, 4.211330e-03, 4.777483e-04, 7.087384e-03
30.188742, 1.690100e-03, 5.157827e-03, 2.567186e-03, 8.896487e-03
30.204082, 2.255320e-03, 6.136635e-03, 4.616761e-03, 1.018374e-02
30.219422, 2.655012e-03, 7.055720e-03, 6.451333e-03, 1.090112e-02
30.234761, 2.790152e-03, 7.838299e-03, 7.908205e-03, 1.104437e-02
30.250101, 2.587592e-03, 8.431663e-03, 8.861585e-03, 1.064822e-02
30.265441, 2.013225e-03, 8.810123e-03, 9.242712e-03, 9.778308e-03
30.280781, 1.079185e-03, 8.972272e-03, 9.051878e-03, 8.521149e-03
30.296121, -1.558018e-04, 8.933965e-03, 8.359974e-03, 6.973574e-03
30.311460, -1.592572e-03, 8.719138e-03, 7.299019e-03, 5.232868e-03
30.326800, -3.102820e-03, 8.350884e-03, 6.043169e-03, 3.388617e-03
30.342140, -4.543563e-03, 7.844894e-03, 4.783332e-03, 1.516952e-03
30.357480, -5.772654e-03, 7.206677e-03, 3.699677e-03, -3.224824e-04
30.372820, -6.663401e-03, 6.432963e-03, 2.936535e-03, -2.086846e-03
30.388159, -7.116823e-03, 5.516718e-03, 2.583653e-03, -3.748038e-03
30.403499, -7.070542e-03, 4.454375e-03, 2.666478e-03, -5.288854e-03
30.418839, -6.503873e-03, 3.253360e-03, 3.146459e-03, -6.698207e-03
30.434179, -5.439004e-03, 1.937981e-03, 3.930626e-03, -7.966314e-03
30.449519, -3.938518e-03, 5.520622e-04, 4.888221e-03, -9.080812e-03
30.464858, -2.099685e-03, -8.425704e-04, 5.871199e-03, -1.002454e-02
30.480198, -4.613646e-05, -2.171797e-03, 6.735162e-03, -1.077548e-02
30.495538, 2.082358e-03, -3.358248e-03, 7.357553e-03, -1.130889e-02
30.510878, 4.141187e-03, -4.332091e-03, 7.650830e-03, -1.160121e-02
30.526218, 5.992393e-03, -5.041563e-03, 7.569345e-03, -1.163509e-02
30.541557, 7.515504e-03, -5.461175e-03, 7.109859e-03, -1.140417e-02
30.556897, 8.616872e-03, -5.595895e-03, 6.306538e-03, -1.091683e-02
30.572237, 9.236842e-03, -5.480330e-03, 5.222004e-03, -1.019766e-02
30.587577, 9.354189e-03, -5.172852e-03, 3.936324e-03, -9.286331e-03
30.602917, 8.987470e-03, -4.745642e-03, 2.535856e-03, -8.233797e-03
30.618257, 8.193138e-03, -4.272497e-03, 1.103540e-03, -7.096508e-03
30.633596, 7.060476e-03, -3.816755e-03, -2.882564e-04, -5.929673e-03
30.648936, 5.703625e-03, -3.421785e-03, -1.581855e-03, -4.780919e-03
30.664276, 4.251272e-03, -3.106016e-03, -2.735476e-03, -3.685557e-03
30.679616, 2.834765e-03, -2.863513e-03, -3.722194e-03, -2.664313e-03
30.694956, 1.575710e-03, -2.669902e-03, -4.527615e-03, -1.723809e-03
30.710295, 5.742783e-04, -2.492191e-03, -5.147297e-03, -8.594612e-04
30.725635, -1.005035e-04, -2.300048e-03, -5.584710e-03, -5.992615e-05
30.740975, -4.172660e-04, -2.075721e-03, -5.850099e-03, 6.880349e-04
30.756315, -3.847211e-04, -1.820012e-03, -5.960089e-03, 1.395396e-03
30.771655, -4.957254e-05, -1.552718e-03, -5.937398e-03, 2.068242e-03
30.786994, 5.099018e-04, -1.307324e-03, -5.809846e-03, 2.707025e-03
30.802334, 1.193785e-03, -1.121279e-03, -5.607978e-03, 3.307536e-03
30.817674, 1.892634e-03, -1.024433e-03, -5.361102e-03, 3.863009e-03
30.833014, 2.500126e-03, -1.028833e-03, -5.092238e-03, 4.366550e-03
30.848354, 2.924582e-03, -1.122867e-03, -4.813136e-03, 4.813103e-03
30.863693, 3.097999e-03, -1.271695e-03, -4.520933e-03, 5.200426e-03
30.879033, 2.981730e-03, -1.424313e-03, -4.197910e-03, 5.528853e-03
30.894373, 2.568529e-03, -1.525794e-03, -3.815195e-03, 5.800060e-03
30.909713, 1.881251e-03, -1.531764e-03, -3.340242e-03, 6.015299e-03
30.925053, 9.688195e-04, -1.421384e-03, -2.746734e-03, 6.173752e-03
30.940392, -9.975724e-05, -1.205283e-03, -2.024645e-03, 6.271581e-03
30.955732, -1.242623e-03, -9.260081e-04, -1.187819e-03, 6.302103e-03
30.971072, -2.373004e-03, -6.503282e-04, -2.768235e-04, 6.257164e-03
30.986412, -3.407397e-03, -4.547684e-04, 6.441399e-04, 6.129478e-03
31.001752, -4.273597e-03, -4.075091e-04, 1.495955e-03, 5.915374e-03
31.017092, -4.917975e-03, -5.507905e-04, 2.197191e-03, 5.617257e-03
31.032431, -5.311260e-03, -8.879953e-04, 2.677747e-03, 5.245071e-03
31.047771, -5.451885e-03, -1.378609e-03, 2.890471e-03, 4.816258e-03
31.063111, -5.366071e-03, -1.942517e-03, 2.818184e-03, 4.354076e-03
31.078451, -5.104142e-03, -2.473025e-03, 2.474831e-03, 3.884515e-03
31.093791, -4.733239e-03, -2.856049e-03, 1.900977e-03, 3.432440e-03
31.109130, -4.327344e-03, -2.991627e-03, 1.155258e-03, 3.017793e-03
31.124470, -3.956246e-03, -2.813409e-03, 3.042358e-04, 2.652673e-03
31.139810, -3.675441e-03, -2.302285e-03, -5.868329e-04, 2.339885e-03
31.155150, -3.518890e-03, -1.491531e-03, -1.460457e-03, 2.073171e-03
31.170490, -3.495975e-03, -4.626237e-04, -2.269821e-03, 1.838949e-03
31.185829, -3.593014e-03, 6.673603e-04, -2.978588e-03, 1.619081e-03
31.201169, -3.778684e-03, 1.764293e-03, -3.558884e-03, 1.394075e-03
31.216509, -4.011796e-03, 2.698046e-03, -3.989128e-03, 1.146227e-03
31.231849, -4.249452e-03, 3.362346e-03, -4.253052e-03, 8.623754e-04
31.247189, -4.453727e-03, 3.690135e-03, -4.340553e-03, 5.361495e-04
31.262528, -4.595633e-03, 3.662129e-03, -4.250116e-03, 1.696805e-04
31.277868, -4.656018e-03, 3.307565e-03, -3.991740e-03, -2.253190e-04
31.293208, -4.623967e-03, 2.697484e-03, -3.588976e-03, -6.273569e-04
31.308548, -4.493898e-03, 1.932103e-03, -3.078796e-03, -1.006238e-03
31.323888, -4.262750e-03, 1.124634e-03, -2.508561e-03, -1.325796e-03
31.339227, -3.928386e-03, 3.842489e-04, -1.930236e-03, -1.548400e-03
31.354567, -3.489722e-03, -1.992559e-04, -1.392780e-03, -1.640892e-03
31.369907, -2.948386e-03, -5.670360e-04, -9.342687e-04, -1.581044e-03
31.385247, -2.311098e-03, -6.977170e-04, -5.754756e-04, -1.363196e-03
31.400587, -1.591698e-03, -6.083751e-04, -3.164170e-04, -1.001618e-03
31.415927, -8.118620e-04, -3.502436e-04, -1.367373e-04, -5.304761e-04
