r_Angstrom,g11_Direct,g11_Window,g12_Direct,g12_Window,g22_Direct,g22_Window
0.1,0.0,0.0,0.0,0.0,0.0,0.0
0.2,0.0,0.0,0.0,0.0,0.0,0.0
0.30000000000000004,0.0,0.0,0.0,0.0,0.0,0.0
0.4,0.0,0.0,0.0,0.0,0.0,0.0
0.5,0.0,0.0,0.0,0.0,0.0,0.0
0.6000000000000001,0.0,0.0,0.0,0.0,0.0,0.0
0.7000000000000001,0.0,0.0,0.0,0.0,0.0,0.0
0.8,0.0,0.0,0.0,0.0,0.0,0.0
0.9,0.0,0.0,0.0,0.0,0.0,0.0
1.0,0.0,0.0,0.0,0.0,0.0,0.0
1.1,0.0,0.0,0.0,0.0,0.0,0.0
1.2000000000000002,0.0,0.0,0.0,0.0,0.0,0.0
1.3,0.0,0.0,0.0,0.0,0.0,0.0
1.4000000000000001,0.0,0.0,0.0,0.0,0.0,0.0
1.5,0.0,0.0,0.0,0.0,0.0,0.0
1.6,0.0,0.0,0.0,0.0,0.0,0.0
1.7000000000000002,0.0,0.0,0.0,0.0,0.0,0.0
1.8,0.0,0.0,0.0,0.0,0.0,0.0
1.9000000000000001,0.0,0.0,0.0,0.0,0.0,0.0
2.0,0.0,0.0,0.0,0.0,0.0,0.0
2.1,0.0,0.0,0.0,0.0,0.0,0.0
2.2,0.0,0.0,0.0,0.0,0.0,0.0
2.3000000000000003,0.0,0.0,0.0,0.0,0.0,0.0
2.4000000000000004,0.0,0.0,0.0,0.0,0.0,0.0
2.5,0.0,0.0,0.0,0.0,0.0,0.0
2.6,0.0,0.0,0.0,0.0,0.0,0.0
2.7,6.8833827526759706e-15,0.0,7.216449660063518e-15,0.0,6.217248937900877e-15,0.0
2.8000000000000003,7.256839573699381e-11,0.0,7.583267347399669e-11,0.0,1.0449296983239265e-10,0.0
2.9000000000000004,3.582206753449668e-8,0.0,4.258133268209008e-8,0.0,3.9619661773571124e-8,0.0
3.0,3.053921944551341e-6,0.0,2.9449043722484802e-6,0.0,3.302675987248982e-6,0.0
3.1,4.61326594030087e-5,0.0,4.698743030129293e-5,0.0,5.327869687954401e-5,0.0
3.2,0.0003373491547857821,0.0,0.0003136068371704104,0.0002864746139898955,0.0003651170620336819,0.0
3.3000000000000003,0.0012402182435782283,0.00012604184715148126,0.0012045227138246517,0.0008657523572974668,0.0013005108365047313,0.0013107599418736848
3.4000000000000004,0.003328897038879175,0.002472194576992215,0.0033386354591719014,0.00405724106269989,0.003680557367504722,0.004670090895681933
3.5,0.006486225154466285,0.006213317911095806,0.006493980747285688,0.009598697427272929,0.006937957983345733,0.005703053203062192
3.6,0.011480153258093373,0.012550619974862065,0.01117953069619615,0.012871225823776422,0.01169428457898336,0.013656155746119003
3.7,0.016261884877079136,0.02317041202193737,0.016796832487751656,0.018986311442462434,0.01771376290082094,0.016930158698961084
3.8000000000000003,0.022514872639911365,0.02828227097981373,0.02281936993336986,0.02962785086787567,0.02388012574872056,0.02335872974526887
3.9000000000000004,0.028952287782262887,0.03693999364589173,0.029880266204004302,0.03753265474952383,0.030700000023912155,0.037944720882178706
4.0,0.03680182765717677,0.05086973101164072,0.036402688798008564,0.047935164659018814,0.037513664608817,0.04497924412782761
4.1000000000000005,0.044241973454213435,0.06235516231065308,0.04444054350431237,0.054811644586621244,0.04506344738573975,0.06359544920071358
4.2,0.05218018810270353,0.0710887313799431,0.0518721969360163,0.07333445471758182,0.054059488422846025,0.07363420885646588
4.3,0.05957631187913082,0.10030886326315047,0.06066775561534499,0.08457626913992322,0.06115725830549912,0.08367033910568134
4.4,0.0692218804079876,0.09714592368736674,0.0693523815799788,0.08823891077076396,0.07198014835075395,0.10693343344625195
4.5,0.07738284769589387,0.11383917674342792,0.07828770868942114,0.10922179433517765,0.07932896239167275,0.10773290880291886
4.6000000000000005,0.08824695855895759,0.1262622927474002,0.08732680807382198,0.12277090097267274,0.09217583337665225,0.129043846267348
4.7,0.09778868402370167,0.13651028625984463,0.09797580331301425,0.14239788719668267,0.099301889008102,0.13680139233960253
4.800000000000001,0.10730233026626745,0.14972948274268227,0.1099379327967922,0.1593550958248071,0.11141344316509971,0.14757810125911763
4.9,0.11860044964771388,0.16957954675243592,0.11805157015568879,0.1620093106942989,0.12067370884655992,0.16670780081008874
5.0,0.13015049313532767,0.18638472315390076,0.127682079057169,0.17482003591431694,0.132974966025322,0.1804089642017821
5.1000000000000005,0.13973119177475257,0.1993956421428742,0.1393630711999927,0.2096856891795107,0.14200848171354408,0.19842507243232155
5.2,0.14911698214546254,0.20824369864702108,0.15051282315057235,0.2124946405428787,0.15435454262048853,0.2131111101802271
5.300000000000001,0.161871488967263,0.2229919988867466,0.15982345332485326,0.23211070910759968,0.1627841541087659,0.22830014700892987
5.4,0.17129730833361378,0.24155944618139036,0.16944045357111737,0.236142930194986,0.17325862850689855,0.24304052474742877
5.5,0.1810089733647261,0.2457457930684217,0.18020387919242709,0.25636628500037806,0.1843570802250568,0.2748075166537769
5.6000000000000005,0.19150644026356156,0.27302006798085654,0.19172740065837945,0.2763751329372137,0.19307851334012427,0.2776989347918499
5.7,0.20208788500617325,0.2842144708687706,0.20229943430266406,0.2881865296486541,0.20239770570695303,0.2831506580081038
5.800000000000001,0.21146653039140717,0.29564563300859115,0.21032201595481848,0.29558297317158266,0.21664678683433325,0.29479796296805305
5.9,0.2202232372276849,0.3078697921736442,0.22004720366760477,0.3170885283079383,0.2244424673350509,0.31349889913879236
6.0,0.23124601997093142,0.3310153126471893,0.23194391862638675,0.3312668865585884,0.2334680452350979,0.32547002057557817
6.1000000000000005,0.2413661070765234,0.34446149721565655,0.24154175080071605,0.3311375270463247,0.24379838600900094,0.321371273909671
6.2,0.2515665795137749,0.3448248994813321,0.2501017369440537,0.34999116449453693,0.251711303419895,0.3435249532677569
6.300000000000001,0.2594452146200189,0.3557620585199027,0.2574348575978491,0.35997838108668345,0.26351114707917533,0.3735770626697281
6.4,0.2682701601132671,0.3708019151042947,0.26930856436242023,0.36724068988134295,0.2706233966260555,0.3608098564374408
6.5,0.27625043293387885,0.39624382776133804,0.2756856482776686,0.3780575793546106,0.2815260830843148,0.3943751558607702
6.6000000000000005,0.2870635911308619,0.3930350954049787,0.2856529349831427,0.39072518244586596,0.2906154951826271,0.4112947868169474
6.7,0.29548273246591195,0.4053552055899614,0.29711005463634677,0.411137225848222,0.29794834942672055,0.4136964883143919
6.800000000000001,0.3045668676523007,0.4321396605651805,0.3043248155982533,0.43394437799074215,0.3056826830124937,0.41435375281936637
6.9,0.3130449989900166,0.42387703765614726,0.3146233370695799,0.42792997066134975,0.3161314311456842,0.4263810081513344
7.0,0.32125390720505353,0.4348081275582445,0.3211360757807813,0.4501472776785056,0.32481505305999314,0.4433505842803164
7.1000000000000005,0.3302990996532763,0.4513697611036256,0.32911548626695597,0.4458149755098356,0.3335946336065555,0.44078846094601143
7.2,0.33527122898275064,0.45916222113351557,0.3369308084502578,0.45288770326107475,0.3405506837950575,0.4700931667121808
7.300000000000001,0.34657440709179643,0.4722910113409057,0.34657953507126815,0.4811454142028946,0.34927333236532154,0.4594643924710784
7.4,0.3549719966312401,0.4942653829799195,0.3539599502562434,0.4689661780810066,0.3573604623385225,0.47795477840589684
7.5,0.3620958965430102,0.4986726588519288,0.36148235226822223,0.4866699502933003,0.3640894566632751,0.48646721769069146
7.6000000000000005,0.3700920262885251,0.4962775130170567,0.3699193581232425,0.5084976946086059,0.37107694809091774,0.4955163150883548
7.7,0.37717269822067734,0.5120371871571406,0.377451015769545,0.5005216613898648,0.3793186696940798,0.5045010504728252
7.800000000000001,0.3861862646845794,0.5166990358855443,0.38453507902679906,0.5212196090790681,0.3879453615415802,0.533513306504624
7.9,0.39245317902997967,0.5314743226878997,0.3911446314440554,0.5378055428903683,0.3952710978945877,0.5325395897868477
8.0,0.40008549546036054,0.5384827113316405,0.3987220154943796,0.545797360755329,0.40223972856998846,0.5338556353335862
8.1,0.40876272284606796,0.5581543502143678,0.40617717789275143,0.5448494161466138,0.40832428568372403,0.5507107330310428
8.200000000000001,0.4126292156632737,0.5635716497495302,0.4137607540520495,0.5553410957949539,0.4183128122221893,0.5544893536205593
8.3,0.4210385094740021,0.5628702922109964,0.42186847040977815,0.5692270983206312,0.425923669286137,0.5609994989536138
8.4,0.42806614122997655,0.5678650616056673,0.42875572342710844,0.5727013309297627,0.4302314785730801,0.5750888120853376
8.5,0.43530178307816103,0.5845496772332662,0.4355763609391561,0.5663838631709404,0.4387317582605479,0.590357550053533
8.6,0.4413141732528285,0.5843177430549213,0.44265605920315476,0.5846091432187617,0.44321036211151865,0.5951933881505417
8.700000000000001,0.4484744180857727,0.600559853767502,0.4479847051692336,0.6030611912407063,0.4509124912620833,0.5943143955850804
8.8,0.4584529367702719,0.6072788360591134,0.4574601594689742,0.6030042585983687,0.46087918254640314,0.6081521843466794
8.9,0.4642134542893104,0.6101715519459282,0.46420137849635923,0.6240734409586451,0.46648428676679776,0.6154379005628858
9.0,0.4693707213461844,0.6207611343862778,0.4684700162911841,0.6245892623819754,0.4725889761654414,0.6072801081711047
9.1,0.4762424125547021,0.6267330351633259,0.4744558316431635,0.6285488129314056,0.47850426631809484,0.618179048387108
9.200000000000001,0.4819840763174993,0.6308522796298033,0.4833526004802575,0.627694803661859,0.482889448739213,0.6350498902482373
9.3,0.48800124572500025,0.6486754333434513,0.4875778219557382,0.6374746666839585,0.49112565127824725,0.6266646550120776
9.4,0.49312135958801306,0.647444144082407,0.4949500786952059,0.6624237855928599,0.49640336176031896,0.6549246231637232
9.5,0.5028963258788902,0.6507899433776902,0.5029658532175906,0.6595902972420141,0.5048701907728627,0.6534068497853631
9.600000000000001,0.507983097981329,0.663547242420395,0.5067579588113296,0.663388751069302,0.5106008690133055,0.6571386167305923
9.700000000000001,0.513980276021313,0.675399035363152,0.5132775219035406,0.6572396297761512,0.5159350716130605,0.668219638393301
9.8,0.5200550396439373,0.6864643678206785,0.5201377681390715,0.6771382427574881,0.5231803226397143,0.663584961125938
9.9,0.5265499192246217,0.6790300160077469,0.526763211157396,0.6809730527667969,0.5265481781772384,0.6757439045152138
10.0,0.5322988814389589,0.6814851545087822,0.5310196500756592,0.6912194755183197,0.534085591166286,0.6902293091494526
10.100000000000001,0.5381599040133146,0.6938698133479259,0.5387958516131377,0.6891515529358685,0.5416872379091988,0.6982124648833439
10.200000000000001,0.5444364611213937,0.7025060721777777,0.5439347450542815,0.7001950416006059,0.5482937812607892,0.6938350004861117
10.3,0.5492502735141591,0.7003702706588,0.5503593020512051,0.7137798861514761,0.5515541181213095,0.7007076669446376
10.4,0.5562842927514869,0.711656998282907,0.555117757808863,0.6981905908481341,0.5587903343979747,0.71154863939137
10.5,0.5611284176363845,0.7094216955016368,0.5590854970039424,0.706931383185599,0.5649103033593225,0.711879944563916
10.600000000000001,0.5673071860365828,0.7172123399085585,0.56720171140254,0.7243869440957443,0.5680370219675043,0.7324890253651197
10.700000000000001,0.5733834495880047,0.7227823979350233,0.5726056808954012,0.7233458848753226,0.5742917427296321,0.7295541102641961
10.8,0.5788527615892505,0.7222465703987675,0.5769453972154198,0.7315077932789324,0.5809188064014745,0.731030418383856
10.9,0.5855566425110406,0.7392396874118962,0.5835186691050236,0.7366981213764269,0.585234478917036,0.7369945259637337
11.0,0.5887667442138372,0.7390524052446343,0.5887789444142555,0.741903081515137,0.5903857358447743,0.7352620909620805
11.100000000000001,0.596359998720445,0.7519255944172466,0.5940248363111692,0.7465702189309518,0.5959237601154659,0.7440671218505156
11.200000000000001,0.6008632990221634,0.7422950577713442,0.600630780299322,0.7587310184025843,0.603315745404455,0.7472120280295467
11.3,0.6034725857957141,0.7576820420282476,0.605567195680537,0.7558910524970616,0.608070013853852,0.7525734712309387
11.4,0.6097700997475632,0.763287862030079,0.6093853511146441,0.7566268648551646,0.6136053071727505,0.7727599323656713
11.5,0.6141878147238615,0.7671869999253536,0.6150300005609107,0.762085923061651,0.6176907299541347,0.7617555416149355
11.600000000000001,0.6198381415975807,0.7644008499236519,0.6207123405868181,0.7675992184214692,0.6231554383932476,0.7613386543448049
11.700000000000001,0.6268064711445837,0.7708382320202464,0.6269295416912115,0.7807367740655223,0.6286635471369078,0.7793551767346315
11.8,0.6308407347516596,0.7794783967025055,0.6293302186080676,0.7860405909994251,0.633497282525424,0.7911385556016338
11.9,0.6362538431006988,0.7769481256396733,0.6361882063159061,0.7814327383581022,0.6383973596690904,0.7822281077351332
12.0,0.6416715536396586,0.8030697123543773,0.6410359688751144,0.7840641962554936,0.6415237940443753,0.788433977098312
12.100000000000001,0.6447842466375738,0.7888362482972907,0.6437833964683064,0.7941670589096689,0.6491900464123436,0.7937586019611463
12.200000000000001,0.6507276479875198,0.8015691057361511,0.6505472667864302,0.7996544297407822,0.6526416527451246,0.8039151248338681
12.3,0.6553337642743416,0.7917417920984302,0.6537827277258057,0.8057070881014198,0.6578797389962809,0.8064834585811828
12.4,0.658669604667585,0.8069536927107452,0.6593643402295474,0.8078355287041153,0.662497931832651,0.8170701509080398
12.5,0.6646355359137569,0.8043359849129845,0.6658586781212554,0.8144042836603254,0.6666147961914676,0.8161018208726896
12.600000000000001,0.6696527195502737,0.8085608402806085,0.6696202759422647,0.8062529735188058,0.6710669764442277,0.8144342645539364
12.700000000000001,0.6732668625029355,0.821376806246771,0.6731281969117586,0.8071945987611933,0.6744963841832932,0.8104857228432898
12.8,0.6770297689512502,0.8080709918077783,0.6776101941888748,0.8194495156333159,0.679296449206099,0.8228346097338656
12.9,0.6829057368285543,0.8289255035688825,0.6832905450353094,0.8149565686458126,0.6858066103253968,0.8235296566413023
13.0,0.6868184963241317,0.8197381622473097,0.6871050268369301,0.8399074794627432,0.6900376823239517,0.8206187637780277
13.100000000000001,0.6915742575467351,0.8223072925918197,0.6909812125453014,0.8284593419520723,0.693546171496057,0.8312508076050831
13.200000000000001,0.6955410847899416,0.835660588861725,0.6955878718149424,0.8385535174223473,0.6975761060496918,0.8364928205063109
13.3,0.7000116903107123,0.8386455809695877,0.7004421543666061,0.8419023119815205,0.7041272628109582,0.83715205961744
13.4,0.7027875512737689,0.8376877675030767,0.7045263399384861,0.8371289883332478,0.7050292316287984,0.8439104259230875
13.5,0.7077880822969349,0.8394537924485963,0.708844359166677,0.8475293677530471,0.7122480046101642,0.842025036245393
13.600000000000001,0.7134378791019604,0.8406225711065086,0.7128629702859031,0.8443781938658083,0.7146354592954423,0.855272161801693
13.700000000000001,0.7178765679631354,0.8546184308695913,0.7168191478421598,0.8548809589835841,0.7195064148459805,0.8535384139942329
13.8,0.7192876431102644,0.858134414841783,0.7206321187733192,0.8500363930503697,0.7240431016632255,0.8626288799369064
13.9,0.726619503004564,0.8546141500379772,0.7242948794136063,0.8542988655400412,0.72716582219575,0.862495280990811
14.0,0.7289063170302359,0.8677596760981193,0.7304375674739342,0.856825008081241,0.7317086852676756,0.8546115160531227
14.100000000000001,0.7328672191489655,0.8626407648206141,0.7317020858199247,0.8676147303799255,0.7352439387849554,0.8630015352129706
14.200000000000001,0.7367648231753356,0.8607884861674585,0.7377935261414545,0.8633269882573962,0.7381745817147148,0.8644986213647599
14.3,0.741275711307304,0.8735639449021653,0.7398782772896435,0.866462713766646,0.7418505801779138,0.8763124934706825
14.4,0.7434754905236918,0.8899240612881418,0.7441548300869666,0.8806299995929123,0.7465270430621221,0.8764671920273097
14.5,0.7495528994670572,0.8739937084485475,0.7465829164736559,0.8691052699967194,0.7497916077632444,0.8835561082090923
14.600000000000001,0.7519832879723933,0.8713654116017094,0.7516320341974372,0.8737916446317857,0.7543991116897208,0.8843991466623337
14.700000000000001,0.7551130998456783,0.8809180902916757,0.7549737857191264,0.8861541557945711,0.7568892504838375,0.8814437283378569
14.8,0.7591857094020453,0.888795218173341,0.7585816764029195,0.880512451144649,0.7601090586342815,0.8914872049146693
14.9,0.7625093948422695,0.8871762364993518,0.7634322671603185,0.8913687196918917,0.7649700638409698,0.8969432463446809
15.0,0.7667361694857675,0.884193685834693,0.7648637118706978,0.8894303073804064,0.7676273409602947,0.8932198227447691
15.100000000000001,0.768733792322044,0.8896110252825542,0.7700270587450949,0.8912026592582688,0.7702181660158318,0.8859622807618944
15.200000000000001,0.7715133668069425,0.8936629451163506,0.7731022173378189,0.9032582591805017,0.7745607989041764,0.8915428170486466
15.3,0.7758387854192645,0.8944810212261756,0.7770646086179531,0.9077374995365415,0.7793405037810124,0.8941433466285071
15.4,0.7778113495774678,0.9027038272752341,0.7791756599372812,0.8976411341247781,0.7811267677249832,0.900536353001377
15.5,0.7830778038852553,0.8927645118295928,0.7831363112549384,0.9016081224394704,0.7871252890051578,0.9056913839987448
15.600000000000001,0.7880293072575981,0.9084858974124473,0.7868158171197728,0.9100282561520231,0.7874945037314167,0.912129370132248
15.700000000000001,0.7892208869118733,0.9078071862392464,0.7902693264495766,0.9048571045185678,0.7929269672097281,0.9198192366666282
15.8,0.7930462286859886,0.9098751874502353,0.7918537042431261,0.9070394702919593,0.7943677964218648,0.9125407119218977
15.9,0.7954813348765765,0.9175243389087445,0.794390300291136,0.9118749065691288,0.7956758426640363,0.9085688304452373
16.0,0.7991790062518761,0.9109131039688351,0.7996302966439945,0.9174896860391206,0.8023999057403545,0.9118032487507877
16.1,0.801016364653844,0.9151770194841483,0.8023699212936491,0.9096689677304127,0.8026277219365102,0.9199608560801381
16.2,0.803406589348075,0.9241036270958637,0.8050994356659316,0.918680090597721,0.8067952553323144,0.9235200588482987
16.3,0.8064523408753872,0.9248168064222386,0.8064077765744668,0.928622556070223,0.809903591790527,0.9260428835252217
16.400000000000002,0.8115997475486667,0.9225691369143916,0.8113721578919978,0.9188290972062358,0.8116653027693457,0.9214971685576167
16.5,0.8136882970368918,0.9297615009282492,0.8121737461043853,0.9260298872448135,0.8149980912469272,0.9288788264768957
16.6,0.8151804080269739,0.9247960001981926,0.8161231490829897,0.9290530819371198,0.8198115643059801,0.9300827940530737
16.7,0.8195273590301828,0.9320079050537484,0.8179681875323288,0.9268822870171414,0.8194995139020983,0.9277885192730273
16.8,0.821199992707522,0.9271432622748645,0.8214089549723522,0.9403898472691523,0.822836590091813,0.9392449665841213
16.900000000000002,0.8248371714605502,0.9398173029545606,0.8257091514756328,0.9332959513522686,0.8253846466171545,0.9336296180019936
17.0,0.8270026062815887,0.9308841992252441,0.8267215742884716,0.9268177186930975,0.8301300644154439,0.9416499643224163
17.1,0.8307822468491368,0.9345134423946218,0.8288547232808785,0.9369747989835275,0.8319186483744371,0.9542052028461625
17.2,0.8318280896478896,0.9243287036649059,0.8315118899908742,0.9396041485538551,0.8336873044605341,0.9387472442807984
17.3,0.8376121253230658,0.9455625964357351,0.8353480892461828,0.9310448458309697,0.8360023597333234,0.9338371218322947
17.400000000000002,0.8365066909085976,0.9393863690835837,0.8372483177979579,0.937576894792978,0.8377282118559501,0.9420722767969388
17.5,0.8404205359879471,0.9414246026785501,0.8408542439728964,0.9478040604533448,0.8440381617453558,0.9477334640524473
17.6,0.8432457902430919,0.9469106076892059,0.8424853602415594,0.9531251031364368,0.8461037147834365,0.938930990602458
17.7,0.8439199791643853,0.9414530914653754,0.8443328643399811,0.9598797148938172,0.8471694239152167,0.9455482215973431
17.8,0.8453992922080431,0.9498853930425001,0.8460243365146799,0.9385012386915159,0.8482552043688891,0.9478133227784011
17.900000000000002,0.8509210330630295,0.9500517694500025,0.8485915512852341,0.9488057163671592,0.853432749475347,0.9590378811712197
18.0,0.8537087914792304,0.9479820171031551,0.8512499745351539,0.9531362413894431,0.8524363823458556,0.9597404908125577
18.1,0.8564921289980852,0.9409214564291062,0.8563845233271427,0.9455468523732776,0.8543630452288159,0.9552263018242197
18.2,0.8576050161127696,0.9550751418179484,0.8577480054876531,0.9527452038042856,0.8590901380211954,0.9463145988281648
18.3,0.8584744567242789,0.9454005814452446,0.8596246828729921,0.9519605746285952,0.8611045387632974,0.957600621287828
18.400000000000002,0.8597278689431614,0.9526577771734026,0.8601953188667626,0.9493131899462386,0.8622228165556324,0.9527337298914947
18.5,0.8624580679425836,0.9535615723803456,0.8641960714074359,0.9514492546869843,0.8643228530045082,0.9615574913459684
18.6,0.8660789440477424,0.9511419502373838,0.8665455218941954,0.9542166010581146,0.868581667731401,0.9483073909921539
18.7,0.8690597933315379,0.963487900948212,0.8667933370267433,0.9493115355556502,0.8705650299229188,0.9681424114153068
18.8,0.8683975114828487,0.9569233404067604,0.8700032053587751,0.9550109773992494,0.8721853514487314,0.9666476730169067
18.900000000000002,0.8719266132894308,0.9628516715309418,0.8731534247153898,0.9550858267292148,0.8724880571599177,0.9588706646134891
19.0,0.8749026347978959,0.9620160245708491,0.873641332391735,0.9600455314429435,0.8756793368458577,0.9630377068446414
19.1,0.8756353539318953,0.9560206920169885,0.8766673642727142,0.9629228620936627,0.8782264364183927,0.9550525728989187
19.200000000000003,0.8780142325777769,0.9646191862072508,0.8781784852697894,0.9645223097061342,0.8797967137568155,0.9631888872352199
19.3,0.8798329495007965,0.9573123836660791,0.8808130019152745,0.9628537989255959,0.8824269421744924,0.9636605538008507
19.400000000000002,0.8826868545409345,0.9633620025873468,0.8818076053086243,0.9546211026736711,0.8848689818168204,0.971219434292258
19.5,0.8830630414532167,0.9720538948548039,0.8840005735677249,0.9718468744820463,0.8842955376231633,0.9639637727700707
19.6,0.8857335457139921,0.9604525114219542,0.8842834659826974,0.9678458322402658,0.8878655230475736,0.9605072852996157
19.700000000000003,0.8874215064221906,0.9714862712967692,0.8880645648538711,0.9695581980199743,0.8891442176691533,0.9765783945333477
19.8,0.8889978897206732,0.969530481979984,0.8895910845239018,0.9675552256239467,0.8890226473083701,0.9649739027783177
19.900000000000002,0.8924694480812062,0.970254019992018,0.8908688196426069,0.9722514430321201,0.8918772893019306,0.9737594971679107
20.0,0.8918014960023992,0.9660843144681963,0.8925384546020705,0.9612228563649791,0.8939818656994711,0.9758825363164058
20.1,0.8950343153948386,0.9672259461987944,0.8945916910008446,0.9717730659213981,0.8955422805584136,0.9653882862843082
20.200000000000003,0.896297892433525,0.9783270157173687,0.8957162365566815,0.9837684723294285,0.8986982087186189,0.9713429520556613
20.3,0.8983686751221195,0.9645392981455683,0.8978170279640884,0.9825169363863608,0.8991590092621851,0.9767139707987227
20.400000000000002,0.8997838683554344,0.9758990785718106,0.8980771350299741,0.9684449740174117,0.9004643243006197,0.9826785413149945
20.5,0.9008549235931844,0.9753722058078316,0.9015383576812525,0.9800370206987057,0.9050210397392822,0.9779453665299084
20.6,0.9034242214906136,0.9686520082448851,0.9032389431675613,0.9647989824397585,0.9042855424605317,0.9726149670447298
20.700000000000003,0.9047858207896843,0.9774867949903892,0.904383907908842,0.9805876242792121,0.9077159182281838,0.9831299737012835
20.8,0.9043201483893911,0.9756892181690227,0.907780532652849,0.974856184357759,0.9090647891528364,0.9788253324794908
20.900000000000002,0.906109776333184,0.9746520873671113,0.9076159080582058,0.9747854013087143,0.9091615016087895,0.9787006708461269
21.0,0.9064462991595325,0.9720789484783317,0.9099634754584304,0.9664089793836563,0.9110665448712946,0.9752348917800643
21.1,0.9107107717990562,0.9788216751049292,0.911221252521129,0.9747695594627271,0.910298439370061,0.9752022314986422
21.200000000000003,0.9098075560826524,0.9776420945359208,0.9107383330929275,0.9777979094271151,0.9139849837233123,0.9930942274805317
21.3,0.9135912471200194,0.9870991376589493,0.9114551810915039,0.9798092230404986,0.9147128219335334,0.9763133394974898
21.400000000000002,0.9154201252610359,0.9694425772083294,0.9135624512134859,0.966697210756929,0.9152947715026113,0.9870191349936722
21.5,0.9155713314433805,0.974719766721293,0.9156542509473259,0.9853659779839791,0.916168225653086,0.9829706991028332
21.6,0.9170385075970339,0.9828957479677698,0.9170788224345148,0.980132165217689,0.9188515246513658,0.9912803854043712
21.700000000000003,0.9178947824291778,0.9892685549480194,0.9174618622668821,0.9838803346535812,0.9209657991057894,0.971067112850813
21.8,0.9198832710411712,0.9876763463666216,0.9187245578616233,0.9818271408992312,0.9198130009209864,0.9859949195487296
21.900000000000002,0.9199250645011294,0.9754904569638622,0.9200109639577669,0.9917883274793159,0.9215321187336889,0.9846047828289958
22.0,0.9221796091731299,0.9782420836568152,0.921016595896929,0.9814838037777912,0.923735050448706,0.9856729303394407
22.1,0.9237799664996457,0.9835736709614762,0.9218428378270885,0.9861447331908828,0.9252134353132548,0.9850559625305915
22.200000000000003,0.9240774108809625,0.9773134618706478,0.9239758159872242,0.9782111737845977,0.9258892692156373,0.9971760493827359
22.3,0.9246528780872619,0.9916607447150316,0.92645395021942,0.9900110054599587,0.9265666058199417,0.977389613540938
22.400000000000002,0.9271732702785256,0.976535033035957,0.9259712700559073,0.9801070732596348,0.9276318808355288,0.9916721213967885
22.5,0.9250520904152909,0.9770473918827506,0.9285419572683786,0.9914291343987618,0.9268421701900911,0.984099104382915
22.6,0.9281690635722771,0.9882909848922931,0.9272508611737587,0.9834195148006771,0.9308128296099518,0.993506197771411
22.700000000000003,0.9297813194139635,0.9858757270010898,0.9292218885033316,0.9917013431019113,0.9315902468952321,0.9781075654661335
22.8,0.9308646482732702,0.9906236080966428,0.9302257799194467,0.9890246021657523,0.9313742471081736,0.9798794112179785
22.900000000000002,0.9297235099186809,0.9926394715608761,0.932114180563967,0.9913829019879254,0.9319973856314463,0.9867288416499965
23.0,0.931347467904159,0.9970122285628585,0.9320140990696633,0.9859629177393996,0.9344485568607066,0.9913129025050238
23.1,0.9341387279180015,0.9974214039379405,0.9327990756072394,0.9947444439389033,0.934564019803627,0.9974617874555187
23.200000000000003,0.9342196069013503,0.9915229646014768,0.9343994435541045,0.9913287152884432,0.9360802469651593,0.9893977164276628
23.3,0.9355804875959642,0.999468183092786,0.9347190720168334,0.9900951353436512,0.9365667122473874,0.9886288045192193
23.400000000000002,0.9344084124097901,1.0003715199006324,0.9344065100439092,0.9919121542861208,0.9380784475744828,0.9905919625577457
23.5,0.936205035906657,0.9860246133794323,0.9367350348910183,0.9984960543145929,0.9384009614435258,0.9894232572959976
23.6,0.9368720858720343,0.9956528519407501,0.9359694181333862,0.9900172589215072,0.9396413578902735,0.9977393864462345
23.700000000000003,0.9385156940056011,0.9916763810078055,0.9380493887582598,0.9939073353048752,0.9379322650160901,0.9964427423250342
23.8,0.9371450513580614,0.992752898810786,0.9399385228462506,0.9928001900816479,0.9419979255509954,0.9906506142703491
23.900000000000002,0.9401797983738504,0.9975866824276456,0.9401549556978199,0.986441309971419,0.9412375969543476,1.0008159735089899
24.0,0.9399077154184633,0.9894015344895875,0.941172880556668,0.997658463677255,0.9419490424722929,0.9913067032487023
24.1,0.9418214397684306,0.9968262811145066,0.9419888314451227,0.9912581895464441,0.9432562041254807,0.9965770638376641
24.200000000000003,0.941617909741117,0.9990540706961376,0.943363754897006,1.0085322782001018,0.9434643341045571,0.9991580844901237
24.3,0.9436939063210765,1.0019241541299153,0.9425852189436635,0.9940923704722431,0.9428621735918156,0.9989966196521367
24.400000000000002,0.9447029531685474,1.0002686068233488,0.9416183701588705,1.0059698752315531,0.946878539024147,1.000062409013184
24.5,0.9452467678887708,0.9930703185434907,0.9446755631006258,0.9941421709524161,0.9446441352177312,1.0001809407384257
24.6,0.94585778460263,1.0020652948429123,0.9452383095962893,1.0001558395841683,0.9456905917951535,1.0013540233433254
24.700000000000003,0.946743051949406,0.9994185619850338,0.9458617101912259,0.9935767210866143,0.9480696410518282,0.9911387266388545
24.8,0.9465015792040959,1.0035918671488206,0.9470749240430494,1.0003215609448821,0.9480127420057345,0.9905929666181267
24.900000000000002,0.9466650362495395,1.0008224738447957,0.9477541602917513,1.0093956672819135,0.9488026072925794,1.0004107166952372
25.0,0.9473736353567098,1.0104840434647056,0.9483491039012646,1.0065879448504509,0.9505774193007178,1.003263448140593
25.1,0.9480058690586575,1.0055369837364796,0.9492028772257709,0.9911367229317558,0.9511200399702027,0.9969569248498521
25.200000000000003,0.9509983702323707,1.0090268915964482,0.9489586265076786,1.0013428531047248,0.9503406961402625,1.0008067186471346
25.3,0.9489255413304732,0.9894348748034276,0.9490871214804572,1.0022795433557183,0.9530205138720383,0.9998254866118186
25.400000000000002,0.9502898627397628,1.0070073697377793,0.9509676248989493,1.0061499544250203,0.9519497961603208,1.0035297785693744
25.5,0.9507153613479719,1.0032728409629221,0.9511549712427353,0.9968656646095408,0.9539422406569562,0.995977815665621
25.6,0.9519109509416455,1.0150244864326834,0.9526169548488979,1.0083017293030945,0.9525696448388382,1.0039481477021812
25.700000000000003,0.9518411760122126,1.0003966409381249,0.952111894965645,1.0060840765756276,0.9539774912490557,1.0064062720753744
25.8,0.951707504020023,1.0038959971152015,0.951896689816616,1.0063214331390498,0.9534998598611005,1.0140135003507555
25.900000000000002,0.9542679066288728,1.0011755549043406,0.9553657918537317,1.009256448412926,0.9553775231761124,1.0093122884197547
26.0,0.9545711092755693,1.0041045483347464,0.954551315622725,1.0075970876670277,0.956402412634434,1.0094198903809843
26.1,0.9552346843631397,0.992496310793451,0.9548870980027915,1.0020289211068105,0.956574974943307,1.0028011485490915
26.200000000000003,0.955037350217185,1.0087699105326389,0.955001558341174,0.9965118190408178,0.9579508925042322,1.004960030066469
26.3,0.9554022762499461,1.0127881519847999,0.9556903754502942,1.0053903968273676,0.9558820588514773,1.0068888086168577
26.400000000000002,0.9560568802450559,1.0075901487415733,0.9552596224039012,1.0104649482903358,0.9582763260093856,1.0077881824011306
26.5,0.9576300328396884,1.008689875186955,0.9572202820967277,1.0091602345878972,0.9584002009939877,1.0170390922653358
26.6,0.9566376738865283,1.0115048157486897,0.9569071555586293,1.0242192197096216,0.9587069348683508,1.0059288749720843
26.700000000000003,0.9575904563627786,1.0156819177407264,0.9586223909388617,1.0099459813232317,0.9594935523304473,1.0089333004735819
26.8,0.9581605700544272,1.0084615088000977,0.9571024239520743,1.0149597349758177,0.9588092958242591,1.0135412758143976
26.900000000000002,0.9572551821293535,1.015597268076529,0.958336390461691,1.0142374712924287,0.9599080272285154,1.003882151588888
27.0,0.9598988863880225,1.0198118755734125,0.9588616045223599,1.0150886330084474,0.9604573103900067,1.0035405463909741
27.1,0.9596727292695615,1.0051998826984603,0.959475260386693,1.0134183943951702,0.9595695180851819,1.0083012410642365
27.200000000000003,0.9583398529048746,1.0135856384347737,0.9607563722145542,1.0132481228323917,0.9607191038656709,1.0060312958791504
27.3,0.9600986321703513,1.0091107818658063,0.9615542801883258,1.0187599944724341,0.96332052553146,1.0093596921100592
27.400000000000002,0.9601121207692767,1.0096558987542321,0.9601031144494143,1.0160742215709304,0.961051483948188,1.0112747688929828
27.5,0.9608381920389785,1.015239620428423,0.9611480228617908,1.009427709084274,0.961939845287571,0.9966741013024538
27.6,0.9614313501754788,1.0115608120742214,0.9604238576297132,1.0091006077914118,0.9623901994673212,1.013803629946746
27.700000000000003,0.9630499036534756,1.0128446214884583,0.9598548815697558,1.0031062771859525,0.9633936917448725,1.0187868464426233
27.8,0.9614606972023095,1.009687641598101,0.96158684025127,1.0102024065189077,0.9622941658235763,1.009788402870914
27.900000000000002,0.9614563086176865,1.0242148236616249,0.9625244570634528,1.0189489618675802,0.9634620819964927,1.025752871166634
28.0,0.9643624317780957,1.0054913893334625,0.9624447581112915,1.0200234679396925,0.9660786435765679,1.0187796817358896
28.1,0.9650629642560534,1.0239351804512167,0.9632708356700903,1.0135807038670963,0.9644078273320479,1.0198190838788863
28.200000000000003,0.9649772804933667,1.009710960950191,0.964941151321532,1.0200269295157367,0.965962471292403,1.0157362032901844
28.3,0.9643037380793438,1.0250250157056409,0.9647949994326576,1.01104511022003,0.9665243970931591,1.0221557182916106
28.400000000000002,0.9639463062974101,1.0087819899037411,0.9650196515572762,1.017568417552616,0.966862460094583,1.012918554855239
28.5,0.9643934032030685,1.0156332241119264,0.9647707736490839,1.0167781434585588,0.9664456600578566,1.022025857811949
28.6,0.9641879726767392,1.0209026937386223,0.9658169932930524,1.015610613325199,0.9677877462811106,1.010761937051633
28.700000000000003,0.9666414389322304,1.0169342305564386,0.9671411510391048,1.0235794111778855,0.9653656754538509,1.0234016588154657
28.8,0.9660891333491396,1.021241376766592,0.9657431422044093,1.0128162649069647,0.9675770291948015,1.018347488311904
28.900000000000002,0.967341152989155,1.0164067455416412,0.9660287849662229,1.0247080324045663,0.9684400073835838,1.015841216894169
29.0,0.9671865987409888,1.0154682199058989,0.967088604640465,1.0251162086326249,0.9669260699278385,1.023322633300881
29.1,0.9654123256084793,1.0143047640361575,0.9675751030213166,1.0257781414854295,0.9689675470419279,1.0137126314217095
29.200000000000003,0.9659515477909547,1.0228426644845532,0.9685275231860386,1.013591303883121,0.9694256946234687,1.0139205365253345
29.3,0.9668536445020043,1.0211869476649837,0.9670503996987193,1.0204974947811558,0.9694316882536066,1.0211995036764785
29.400000000000002,0.9669012837991529,1.0167773728965286,0.9676490103760119,1.025737485859016,0.9683535026339777,1.0200538406100836
29.5,0.9693389173619532,1.0258986363081668,0.9689380440288718,1.0167691333044626,0.9689534260036471,1.0075286227065023
29.6,0.9675810724013385,1.0201180832013659,0.96944231042898,1.025901226586111,0.9704183173378544,1.018431132136976
29.700000000000003,0.9696672545120799,1.0268602197947896,0.9698541009300718,1.0184414172756788,0.9693047696638311,1.016188742929302
29.8,0.9707650545661244,1.0244290985870106,0.967562806255712,1.0228925781170937,0.9707422552091267,1.024137294685822
29.900000000000002,0.9695351042612437,1.026398514166907,0.9685576825539283,1.0205133158896793,0.969616694780438,1.0237651840381017
30.0,0.969670140107996,1.0117079915379243,0.9680430594960439,1.0230790520343298,0.9719195462017768,1.0236975261064754
30.1,0.9691767602843923,1.0250203576305332,0.968980786802344,1.0179033165190694,0.9730421431690267,1.0210861789028667
30.200000000000003,0.9714146851619244,1.0305835743232539,0.9698784300232165,1.019178436235905,0.9710245063406742,1.0344147749110804
30.3,0.9695621678392019,1.027781203118969,0.9696475092525526,1.0296761675195032,0.9714937758703788,1.0206656019093678
30.400000000000002,0.9711807390634317,1.0254064689167097,0.969703530769719,1.01899175723763,0.9722724749202899,1.0276770132555877
30.5,0.9701378077613882,1.022108100768486,0.9706398538874996,1.0280193246243932,0.9714007745111687,1.0193937749204764
30.6,0.9718641007440051,1.0377494720806584,0.9700527619126122,1.027880187953405,0.9724778580368985,1.0298061053753258
30.700000000000003,0.9731622095037508,1.028232059104743,0.9710238433200471,1.032024592944166,0.9741418662372037,1.0188335905293096
30.8,0.970747523461325,1.019835166004924,0.9724859430772129,1.023536219212572,0.9731868605768946,1.0229386071683384
30.900000000000002,0.9697895281273523,1.0294378797050503,0.9717843851519485,1.0359021056291062,0.9720576220443756,1.0220632283763285
31.0,0.9722363206713678,1.0256090115018415,0.9722825717732555,1.0216578515304837,0.9743263716813426,1.0201560204385778
31.1,0.9721715180447303,1.0246093788937616,0.9723849491361166,1.0315026100125546,0.9726480501625668,1.0281182888612965
31.200000000000003,0.972360391508914,1.0382197926120655,0.9722112092733919,1.0319089762104137,0.9735593646399202,1.0257097433293938
31.3,0.9703162949900408,1.0317879806291343,0.9716063570642076,1.0266011514214564,0.9734046304614301,1.0251778665461344
31.400000000000002,0.9728076818227711,1.0145866197839497,0.9730569440767594,1.0235005642662593,0.9736939028244916,1.0271807705628349
31.5,0.9713659748109708,1.029919979127821,0.9738331750955387,1.03260238754645,0.9741517129667466,1.0263494725603706
31.6,0.9740283231563828,1.0249099908976929,0.9735862195260798,1.0272156651176418,0.9733001209715385,1.0222281147944345
31.700000000000003,0.973886297657051,1.0307175601801712,0.9721556686687094,1.0410363642658267,0.975697691581285,1.025206369819577
31.8,0.9738237674769411,1.0368524757742046,0.9735606727522699,1.0323323562676192,0.9751198934717524,1.026961569704864
31.900000000000002,0.9727027347798914,1.033769712373881,0.9737984812989815,1.026212270207143,0.9755345212291003,1.028495907281773
32.0,0.9731753341614977,1.0356687098074973,0.9734759784223386,1.021196508866198,0.9748871625791676,1.033370936137445
32.1,0.9733717633313562,1.0217490108377645,0.9738136917351555,1.0306974053978977,0.9753179868917433,1.039737733366765
32.2,0.974369186734931,1.0237927332135393,0.9735897992734379,1.0350439861186358,0.9757078053955772,1.0371610621284486
32.300000000000004,0.9745186238962048,1.0381508743079735,0.9732937202353706,1.0277041382209315,0.9753206072426882,1.0339303370007484
32.4,0.9743208285452701,1.036251691788102,0.9711879671776692,1.0243166958441066,0.9758904858396054,1.025763532600092
32.5,0.9739350243889884,1.0338375317368313,0.9742394332817512,1.026820046152831,0.9772258710672906,1.0288733340672263
32.6,0.9741056219827117,1.025561255517913,0.9755275282757612,1.0236645047650421,0.9739346652880827,1.0266068222811446
32.7,0.9766597167031905,1.0283669838874436,0.9753482542503682,1.0401163366294046,0.9763776471592077,1.02920679318432
32.800000000000004,0.9741196082003843,1.0326923135438184,0.9755400403811345,1.0325159285171996,0.9769279901804628,1.026697739691954
32.9,0.9752342927269023,1.024471402156889,0.973597350986324,1.033718624272299,0.9770729092457854,1.0316134719178773
33.0,0.9749506928885038,1.03650443326496,0.9756680439883566,1.029459833704119,0.9756598380085284,1.0316747537998743
33.1,0.9737056596368857,1.0,0.9774293490767052,1.0,0.9759197282227601,1.0
33.2,0.9744467420264863,1.0,0.9747630842879064,1.0,0.977659913212211,1.0
33.300000000000004,0.9758030240816955,1.0,0.9758207264717751,1.0,0.9783320629600142,1.0
33.4,0.9752285584736679,1.0,0.9750179189564139,1.0,0.9760590496964955,1.0
33.5,0.9746699201669935,1.0,0.9755838523310564,1.0,0.9778541547008369,1.0
33.6,0.9765760166931245,1.0,0.973907289207591,1.0,0.9770263671112491,1.0
33.7,0.9761407931652875,1.0,0.9772131633728532,1.0,0.9778029184803069,1.0
33.800000000000004,0.9762958545407094,1.0,0.9767736519784072,1.0,0.9770630330655216,1.0
33.9,0.9738983446009926,1.0,0.9776609124929844,1.0,0.9784377306351939,1.0
34.0,0.9770538425881732,1.0,0.9769490900260587,1.0,0.9789356205996431,1.0
34.1,0.9789271072855947,1.0,0.9762083911868938,1.0,0.9772933207376668,1.0
34.2,0.9767977964341787,1.0,0.9760567648235401,1.0,0.9766083356709204,1.0
34.300000000000004,0.977355524862166,1.0,0.9783799974556379,1.0,0.9794835306128864,1.0
34.4,0.9777678622946013,1.0,0.9766550782492761,1.0,0.979281896155225,1.0
34.5,0.9763302416382682,1.0,0.9756581366933983,1.0,0.9792919957948654,1.0
34.6,0.9759493601700016,1.0,0.9779392794834908,1.0,0.9786361810852633,1.0
34.7,0.9760646294787169,1.0,0.977943341732885,1.0,0.9790488574408401,1.0
34.800000000000004,0.9782051362291169,1.0,0.9782566045902393,1.0,0.9783994806758329,1.0
34.9,0.9782376724390391,1.0,0.9778956328773881,1.0,0.978129316487488,1.0
35.0,0.9784044965876121,1.0,0.9773280450637868,1.0,0.9789535417915963,1.0
35.1,0.979180535920647,1.0,0.9779726903757245,1.0,0.980257957338487,1.0
35.2,0.9778691518033541,1.0,0.9779450249983006,1.0,0.9802708239312252,1.0
35.300000000000004,0.9784820106614425,1.0,0.9790945361109923,1.0,0.9795195984075161,1.0
35.4,0.9786558341679478,1.0,0.9794934027376717,1.0,0.9783232502399744,1.0
35.5,0.9781243217808605,1.0,0.9780195460717518,1.0,0.9801256396170176,1.0
35.6,0.9778012501528498,1.0,0.9784336340722491,1.0,0.9811602964920368,1.0
35.7,0.9799742992619522,1.0,0.9789599932304803,1.0,0.9800004044609655,1.0
35.800000000000004,0.9785182978103547,1.0,0.9792598665482707,1.0,0.9810113288731602,1.0
35.9,0.9796746288342222,1.0,0.979997997964413,1.0,0.9803454409717975,1.0
36.0,0.9790543771553963,1.0,0.979156926279987,1.0,0.9801468657923772,1.0
36.1,0.9801066568216581,1.0,0.979510155708885,1.0,0.9793130056950083,1.0
36.2,0.9790708060553307,1.0,0.9795222662562606,1.0,0.9814083447863294,1.0
36.300000000000004,0.9783570124596913,1.0,0.9800837799570766,1.0,0.9809760897828146,1.0
36.4,0.9802802113876249,1.0,0.9785324828362874,1.0,0.9818508758056759,1.0
36.5,0.9800004147718566,1.0,0.9812191184265717,1.0,0.9810146945987774,1.0
36.6,0.9799710245356145,1.0,0.9791470846964967,1.0,0.9814638225668859,1.0
36.7,0.9799472171909239,1.0,0.981741392252611,1.0,0.9818437337427919,1.0
36.800000000000004,0.9813887739079266,1.0,0.9796790079068317,1.0,0.9822714317441088,1.0
36.9,0.9800245232846055,1.0,0.9810085454641373,1.0,0.9822628955725344,1.0
37.0,0.9804876809393489,1.0,0.9807208812296481,1.0,0.9817740924310492,1.0
37.1,0.9805203459221232,1.0,0.9802664234957886,1.0,0.9817470820230986,1.0
37.2,0.9812951832068727,1.0,0.9809581781807825,1.0,0.9819135753730709,1.0
37.300000000000004,0.9807170856177251,1.0,0.9797448631186355,1.0,0.9824326450040648,1.0
37.4,0.9796226357968254,1.0,0.9821679839859631,1.0,0.9813236922261327,1.0
37.5,0.9823827440945551,1.0,0.981259691532567,1.0,0.982068394556187,1.0
37.6,0.9805096622084439,1.0,0.9804865499640684,1.0,0.9832665681347851,1.0
37.7,0.9809698064646092,1.0,0.9805193673961052,1.0,0.9822996918092256,1.0
37.800000000000004,0.9822819418102902,1.0,0.9822392428479866,1.0,0.9843214137444826,1.0
37.9,0.9832829545737707,1.0,0.9816295604664138,1.0,0.9832290248008165,1.0
38.0,0.9818804503866153,1.0,0.9831410439620872,1.0,0.981880362336581,1.0
38.1,0.9822656963006848,1.0,0.9821752840794639,1.0,0.9818878147930744,1.0
38.2,0.9831365321059946,1.0,0.9819982047734847,1.0,0.9838108328627618,1.0
38.300000000000004,0.9812856682460438,1.0,0.9819980831248926,1.0,0.9838463565555537,1.0
38.400000000000006,0.9818769987485504,1.0,0.9819022689382753,1.0,0.9828535544668409,1.0
38.5,0.9818748255857466,1.0,0.9814168304086754,1.0,0.9841453458705832,1.0
38.6,0.9829114608345376,1.0,0.9821832265635357,1.0,0.983254031256569,1.0
38.7,0.9824754022557606,1.0,0.9822804526804304,1.0,0.9839610253173185,1.0
38.800000000000004,0.9829604384247677,1.0,0.9839948796648291,1.0,0.9838294284490338,1.0
38.900000000000006,0.9840950251703334,1.0,0.9836718542880983,1.0,0.9837041465241986,1.0
39.0,0.983715437561711,1.0,0.9834986250587248,1.0,0.9842488463405263,1.0
39.1,0.9829546749251764,1.0,0.983990498942408,1.0,0.9850388913713044,1.0
39.2,0.9843131902063279,1.0,0.9856921231475649,1.0,0.9861109204516916,1.0
39.300000000000004,0.9835138638160501,1.0,0.9825389355182533,1.0,0.9853789301782724,1.0
39.400000000000006,1.0,1.0,1.0,1.0,1.0,1.0
39.5,1.0,1.0,1.0,1.0,1.0,1.0
39.6,1.0,1.0,1.0,1.0,1.0,1.0
39.7,1.0,1.0,1.0,1.0,1.0,1.0
39.800000000000004,1.0,1.0,1.0,1.0,1.0,1.0
39.900000000000006,1.0,1.0,1.0,1.0,1.0,1.0
40.0,1.0,1.0,1.0,1.0,1.0,1.0
40.1,1.0,1.0,1.0,1.0,1.0,1.0
40.2,1.0,1.0,1.0,1.0,1.0,1.0
40.300000000000004,1.0,1.0,1.0,1.0,1.0,1.0
40.400000000000006,1.0,1.0,1.0,1.0,1.0,1.0
40.5,1.0,1.0,1.0,1.0,1.0,1.0
40.6,1.0,1.0,1.0,1.0,1.0,1.0
40.7,1.0,1.0,1.0,1.0,1.0,1.0
40.800000000000004,1.0,1.0,1.0,1.0,1.0,1.0
40.900000000000006,1.0,1.0,1.0,1.0,1.0,1.0
41.0,1.0,1.0,1.0,1.0,1.0,1.0
41.1,1.0,1.0,1.0,1.0,1.0,1.0
41.2,1.0,1.0,1.0,1.0,1.0,1.0
41.300000000000004,1.0,1.0,1.0,1.0,1.0,1.0
41.400000000000006,1.0,1.0,1.0,1.0,1.0,1.0
41.5,1.0,1.0,1.0,1.0,1.0,1.0
41.6,1.0,1.0,1.0,1.0,1.0,1.0
41.7,1.0,1.0,1.0,1.0,1.0,1.0
41.800000000000004,1.0,1.0,1.0,1.0,1.0,1.0
41.900000000000006,1.0,1.0,1.0,1.0,1.0,1.0
42.0,1.0,1.0,1.0,1.0,1.0,1.0
42.1,1.0,1.0,1.0,1.0,1.0,1.0
42.2,1.0,1.0,1.0,1.0,1.0,1.0
42.300000000000004,1.0,1.0,1.0,1.0,1.0,1.0
42.400000000000006,1.0,1.0,1.0,1.0,1.0,1.0
42.5,1.0,1.0,1.0,1.0,1.0,1.0
42.6,1.0,1.0,1.0,1.0,1.0,1.0
42.7,1.0,1.0,1.0,1.0,1.0,1.0
42.800000000000004,1.0,1.0,1.0,1.0,1.0,1.0
42.900000000000006,1.0,1.0,1.0,1.0,1.0,1.0
43.0,1.0,1.0,1.0,1.0,1.0,1.0
43.1,1.0,1.0,1.0,1.0,1.0,1.0
43.2,1.0,1.0,1.0,1.0,1.0,1.0
43.300000000000004,1.0,1.0,1.0,1.0,1.0,1.0
43.400000000000006,1.0,1.0,1.0,1.0,1.0,1.0
43.5,1.0,1.0,1.0,1.0,1.0,1.0
43.6,1.0,1.0,1.0,1.0,1.0,1.0
43.7,1.0,1.0,1.0,1.0,1.0,1.0
43.800000000000004,1.0,1.0,1.0,1.0,1.0,1.0
43.900000000000006,1.0,1.0,1.0,1.0,1.0,1.0
44.0,1.0,1.0,1.0,1.0,1.0,1.0
44.1,1.0,1.0,1.0,1.0,1.0,1.0
44.2,1.0,1.0,1.0,1.0,1.0,1.0
44.300000000000004,1.0,1.0,1.0,1.0,1.0,1.0
44.400000000000006,1.0,1.0,1.0,1.0,1.0,1.0
44.5,1.0,1.0,1.0,1.0,1.0,1.0
44.6,1.0,1.0,1.0,1.0,1.0,1.0
44.7,1.0,1.0,1.0,1.0,1.0,1.0
44.800000000000004,1.0,1.0,1.0,1.0,1.0,1.0
44.900000000000006,1.0,1.0,1.0,1.0,1.0,1.0
45.0,1.0,1.0,1.0,1.0,1.0,1.0
45.1,1.0,1.0,1.0,1.0,1.0,1.0
45.2,1.0,1.0,1.0,1.0,1.0,1.0
45.300000000000004,1.0,1.0,1.0,1.0,1.0,1.0
45.400000000000006,1.0,1.0,1.0,1.0,1.0,1.0
45.5,1.0,1.0,1.0,1.0,1.0,1.0
45.6,1.0,1.0,1.0,1.0,1.0,1.0
45.7,1.0,1.0,1.0,1.0,1.0,1.0
45.800000000000004,1.0,1.0,1.0,1.0,1.0,1.0
45.900000000000006,1.0,1.0,1.0,1.0,1.0,1.0
46.0,1.0,1.0,1.0,1.0,1.0,1.0
46.1,1.0,1.0,1.0,1.0,1.0,1.0
46.2,1.0,1.0,1.0,1.0,1.0,1.0
46.300000000000004,1.0,1.0,1.0,1.0,1.0,1.0
46.400000000000006,1.0,1.0,1.0,1.0,1.0,1.0
46.5,1.0,1.0,1.0,1.0,1.0,1.0
46.6,1.0,1.0,1.0,1.0,1.0,1.0
46.7,1.0,1.0,1.0,1.0,1.0,1.0
46.800000000000004,1.0,1.0,1.0,1.0,1.0,1.0
46.900000000000006,1.0,1.0,1.0,1.0,1.0,1.0
47.0,1.0,1.0,1.0,1.0,1.0,1.0
47.1,1.0,1.0,1.0,1.0,1.0,1.0
47.2,1.0,1.0,1.0,1.0,1.0,1.0
47.300000000000004,1.0,1.0,1.0,1.0,1.0,1.0
47.400000000000006,1.0,1.0,1.0,1.0,1.0,1.0
47.5,1.0,1.0,1.0,1.0,1.0,1.0
47.6,1.0,1.0,1.0,1.0,1.0,1.0
47.7,1.0,1.0,1.0,1.0,1.0,1.0
47.800000000000004,1.0,1.0,1.0,1.0,1.0,1.0
47.900000000000006,1.0,1.0,1.0,1.0,1.0,1.0
48.0,1.0,1.0,1.0,1.0,1.0,1.0
48.1,1.0,1.0,1.0,1.0,1.0,1.0
48.2,1.0,1.0,1.0,1.0,1.0,1.0
48.300000000000004,1.0,1.0,1.0,1.0,1.0,1.0
48.400000000000006,1.0,1.0,1.0,1.0,1.0,1.0
48.5,1.0,1.0,1.0,1.0,1.0,1.0
48.6,1.0,1.0,1.0,1.0,1.0,1.0
48.7,1.0,1.0,1.0,1.0,1.0,1.0
48.800000000000004,1.0,1.0,1.0,1.0,1.0,1.0
48.900000000000006,1.0,1.0,1.0,1.0,1.0,1.0
49.0,1.0,1.0,1.0,1.0,1.0,1.0
49.1,1.0,1.0,1.0,1.0,1.0,1.0
49.2,1.0,1.0,1.0,1.0,1.0,1.0
49.300000000000004,1.0,1.0,1.0,1.0,1.0,1.0
49.400000000000006,1.0,1.0,1.0,1.0,1.0,1.0
49.5,1.0,1.0,1.0,1.0,1.0,1.0
49.6,1.0,1.0,1.0,1.0,1.0,1.0
49.7,1.0,1.0,1.0,1.0,1.0,1.0
49.800000000000004,1.0,1.0,1.0,1.0,1.0,1.0
49.900000000000006,1.0,1.0,1.0,1.0,1.0,1.0
50.0,1.0,1.0,1.0,1.0,1.0,1.0
50.1,1.0,1.0,1.0,1.0,1.0,1.0
50.2,1.0,1.0,1.0,1.0,1.0,1.0
50.300000000000004,1.0,1.0,1.0,1.0,1.0,1.0
50.400000000000006,1.0,1.0,1.0,1.0,1.0,1.0
50.5,1.0,1.0,1.0,1.0,1.0,1.0
50.6,1.0,1.0,1.0,1.0,1.0,1.0
50.7,1.0,1.0,1.0,1.0,1.0,1.0
50.800000000000004,1.0,1.0,1.0,1.0,1.0,1.0
50.900000000000006,1.0,1.0,1.0,1.0,1.0,1.0
51.0,1.0,1.0,1.0,1.0,1.0,1.0
51.1,1.0,1.0,1.0,1.0,1.0,1.0
51.2,1.0,1.0,1.0,1.0,1.0,1.0
51.300000000000004,1.0,1.0,1.0,1.0,1.0,1.0
51.400000000000006,1.0,1.0,1.0,1.0,1.0,1.0
51.5,1.0,1.0,1.0,1.0,1.0,1.0
51.6,1.0,1.0,1.0,1.0,1.0,1.0
51.7,1.0,1.0,1.0,1.0,1.0,1.0
51.800000000000004,1.0,1.0,1.0,1.0,1.0,1.0
51.900000000000006,1.0,1.0,1.0,1.0,1.0,1.0
52.0,1.0,1.0,1.0,1.0,1.0,1.0
52.1,1.0,1.0,1.0,1.0,1.0,1.0
52.2,1.0,1.0,1.0,1.0,1.0,1.0
52.300000000000004,1.0,1.0,1.0,1.0,1.0,1.0
52.400000000000006,1.0,1.0,1.0,1.0,1.0,1.0
52.5,1.0,1.0,1.0,1.0,1.0,1.0
52.6,1.0,1.0,1.0,1.0,1.0,1.0
52.7,1.0,1.0,1.0,1.0,1.0,1.0
52.800000000000004,1.0,1.0,1.0,1.0,1.0,1.0
52.900000000000006,1.0,1.0,1.0,1.0,1.0,1.0
53.0,1.0,1.0,1.0,1.0,1.0,1.0
53.1,1.0,1.0,1.0,1.0,1.0,1.0
53.2,1.0,1.0,1.0,1.0,1.0,1.0
53.300000000000004,1.0,1.0,1.0,1.0,1.0,1.0
53.400000000000006,1.0,1.0,1.0,1.0,1.0,1.0
53.5,1.0,1.0,1.0,1.0,1.0,1.0
53.6,1.0,1.0,1.0,1.0,1.0,1.0
53.7,1.0,1.0,1.0,1.0,1.0,1.0
53.800000000000004,1.0,1.0,1.0,1.0,1.0,1.0
53.900000000000006,1.0,1.0,1.0,1.0,1.0,1.0
54.0,1.0,1.0,1.0,1.0,1.0,1.0
54.1,1.0,1.0,1.0,1.0,1.0,1.0
54.2,1.0,1.0,1.0,1.0,1.0,1.0
54.300000000000004,1.0,1.0,1.0,1.0,1.0,1.0
54.400000000000006,1.0,1.0,1.0,1.0,1.0,1.0
54.5,1.0,1.0,1.0,1.0,1.0,1.0
54.6,1.0,1.0,1.0,1.0,1.0,1.0
54.7,1.0,1.0,1.0,1.0,1.0,1.0
54.800000000000004,1.0,1.0,1.0,1.0,1.0,1.0
54.900000000000006,1.0,1.0,1.0,1.0,1.0,1.0
55.0,1.0,1.0,1.0,1.0,1.0,1.0
55.1,1.0,1.0,1.0,1.0,1.0,1.0
55.2,1.0,1.0,1.0,1.0,1.0,1.0
55.300000000000004,1.0,1.0,1.0,1.0,1.0,1.0
55.400000000000006,1.0,1.0,1.0,1.0,1.0,1.0
55.5,1.0,1.0,1.0,1.0,1.0,1.0
55.6,1.0,1.0,1.0,1.0,1.0,1.0
55.7,1.0,1.0,1.0,1.0,1.0,1.0
55.800000000000004,1.0,1.0,1.0,1.0,1.0,1.0
55.900000000000006,1.0,1.0,1.0,1.0,1.0,1.0
56.0,1.0,1.0,1.0,1.0,1.0,1.0
56.1,1.0,1.0,1.0,1.0,1.0,1.0
56.2,1.0,1.0,1.0,1.0,1.0,1.0
56.300000000000004,1.0,1.0,1.0,1.0,1.0,1.0
56.400000000000006,1.0,1.0,1.0,1.0,1.0,1.0
56.5,1.0,1.0,1.0,1.0,1.0,1.0
56.6,1.0,1.0,1.0,1.0,1.0,1.0
56.7,1.0,1.0,1.0,1.0,1.0,1.0
56.800000000000004,1.0,1.0,1.0,1.0,1.0,1.0
56.900000000000006,1.0,1.0,1.0,1.0,1.0,1.0
57.0,1.0,1.0,1.0,1.0,1.0,1.0
57.1,1.0,1.0,1.0,1.0,1.0,1.0
57.2,1.0,1.0,1.0,1.0,1.0,1.0
57.300000000000004,1.0,1.0,1.0,1.0,1.0,1.0
57.400000000000006,1.0,1.0,1.0,1.0,1.0,1.0
57.5,1.0,1.0,1.0,1.0,1.0,1.0
57.6,1.0,1.0,1.0,1.0,1.0,1.0
57.7,1.0,1.0,1.0,1.0,1.0,1.0
57.800000000000004,1.0,1.0,1.0,1.0,1.0,1.0
57.900000000000006,1.0,1.0,1.0,1.0,1.0,1.0
58.0,1.0,1.0,1.0,1.0,1.0,1.0
58.1,1.0,1.0,1.0,1.0,1.0,1.0
58.2,1.0,1.0,1.0,1.0,1.0,1.0
58.300000000000004,1.0,1.0,1.0,1.0,1.0,1.0
58.400000000000006,1.0,1.0,1.0,1.0,1.0,1.0
58.5,1.0,1.0,1.0,1.0,1.0,1.0
58.6,1.0,1.0,1.0,1.0,1.0,1.0
58.7,1.0,1.0,1.0,1.0,1.0,1.0
58.800000000000004,1.0,1.0,1.0,1.0,1.0,1.0
58.900000000000006,1.0,1.0,1.0,1.0,1.0,1.0
59.0,1.0,1.0,1.0,1.0,1.0,1.0
59.1,1.0,1.0,1.0,1.0,1.0,1.0
59.2,1.0,1.0,1.0,1.0,1.0,1.0
59.300000000000004,1.0,1.0,1.0,1.0,1.0,1.0
59.400000000000006,1.0,1.0,1.0,1.0,1.0,1.0
59.5,1.0,1.0,1.0,1.0,1.0,1.0
59.6,1.0,1.0,1.0,1.0,1.0,1.0
59.7,1.0,1.0,1.0,1.0,1.0,1.0
59.800000000000004,1.0,1.0,1.0,1.0,1.0,1.0
59.900000000000006,1.0,1.0,1.0,1.0,1.0,1.0
60.0,1.0,1.0,1.0,1.0,1.0,1.0
60.1,1.0,1.0,1.0,1.0,1.0,1.0
60.2,1.0,1.0,1.0,1.0,1.0,1.0
60.300000000000004,1.0,1.0,1.0,1.0,1.0,1.0
60.400000000000006,1.0,1.0,1.0,1.0,1.0,1.0
60.5,1.0,1.0,1.0,1.0,1.0,1.0
60.6,1.0,1.0,1.0,1.0,1.0,1.0
60.7,1.0,1.0,1.0,1.0,1.0,1.0
60.800000000000004,1.0,1.0,1.0,1.0,1.0,1.0
60.900000000000006,1.0,1.0,1.0,1.0,1.0,1.0
61.0,1.0,1.0,1.0,1.0,1.0,1.0
61.1,1.0,1.0,1.0,1.0,1.0,1.0
61.2,1.0,1.0,1.0,1.0,1.0,1.0
61.300000000000004,1.0,1.0,1.0,1.0,1.0,1.0
61.400000000000006,1.0,1.0,1.0,1.0,1.0,1.0
61.5,1.0,1.0,1.0,1.0,1.0,1.0
61.6,1.0,1.0,1.0,1.0,1.0,1.0
61.7,1.0,1.0,1.0,1.0,1.0,1.0
61.800000000000004,1.0,1.0,1.0,1.0,1.0,1.0
61.900000000000006,1.0,1.0,1.0,1.0,1.0,1.0
62.0,1.0,1.0,1.0,1.0,1.0,1.0
62.1,1.0,1.0,1.0,1.0,1.0,1.0
62.2,1.0,1.0,1.0,1.0,1.0,1.0
62.300000000000004,1.0,1.0,1.0,1.0,1.0,1.0
62.400000000000006,1.0,1.0,1.0,1.0,1.0,1.0
62.5,1.0,1.0,1.0,1.0,1.0,1.0
62.6,1.0,1.0,1.0,1.0,1.0,1.0
62.7,1.0,1.0,1.0,1.0,1.0,1.0
62.800000000000004,1.0,1.0,1.0,1.0,1.0,1.0
62.900000000000006,1.0,1.0,1.0,1.0,1.0,1.0
63.0,1.0,1.0,1.0,1.0,1.0,1.0
63.1,1.0,1.0,1.0,1.0,1.0,1.0
63.2,1.0,1.0,1.0,1.0,1.0,1.0
63.300000000000004,1.0,1.0,1.0,1.0,1.0,1.0
63.400000000000006,1.0,1.0,1.0,1.0,1.0,1.0
63.5,1.0,1.0,1.0,1.0,1.0,1.0
63.6,1.0,1.0,1.0,1.0,1.0,1.0
63.7,1.0,1.0,1.0,1.0,1.0,1.0
63.800000000000004,1.0,1.0,1.0,1.0,1.0,1.0
63.900000000000006,1.0,1.0,1.0,1.0,1.0,1.0
64.0,1.0,1.0,1.0,1.0,1.0,1.0
64.10000000000001,1.0,1.0,1.0,1.0,1.0,1.0
64.2,1.0,1.0,1.0,1.0,1.0,1.0
64.3,1.0,1.0,1.0,1.0,1.0,1.0
64.4,1.0,1.0,1.0,1.0,1.0,1.0
64.5,1.0,1.0,1.0,1.0,1.0,1.0
64.60000000000001,1.0,1.0,1.0,1.0,1.0,1.0
64.7,1.0,1.0,1.0,1.0,1.0,1.0
64.8,1.0,1.0,1.0,1.0,1.0,1.0
64.9,1.0,1.0,1.0,1.0,1.0,1.0
65.0,1.0,1.0,1.0,1.0,1.0,1.0
65.10000000000001,1.0,1.0,1.0,1.0,1.0,1.0
65.2,1.0,1.0,1.0,1.0,1.0,1.0
65.3,1.0,1.0,1.0,1.0,1.0,1.0
65.4,1.0,1.0,1.0,1.0,1.0,1.0
65.5,1.0,1.0,1.0,1.0,1.0,1.0
65.60000000000001,1.0,1.0,1.0,1.0,1.0,1.0
65.7,1.0,1.0,1.0,1.0,1.0,1.0
65.8,1.0,1.0,1.0,1.0,1.0,1.0
65.9,1.0,1.0,1.0,1.0,1.0,1.0
66.0,1.0,1.0,1.0,1.0,1.0,1.0
66.10000000000001,1.0,1.0,1.0,1.0,1.0,1.0
66.2,1.0,1.0,1.0,1.0,1.0,1.0
66.3,1.0,1.0,1.0,1.0,1.0,1.0
66.4,1.0,1.0,1.0,1.0,1.0,1.0
66.5,1.0,1.0,1.0,1.0,1.0,1.0
66.60000000000001,1.0,1.0,1.0,1.0,1.0,1.0
66.7,1.0,1.0,1.0,1.0,1.0,1.0
66.8,1.0,1.0,1.0,1.0,1.0,1.0
66.9,1.0,1.0,1.0,1.0,1.0,1.0
67.0,1.0,1.0,1.0,1.0,1.0,1.0
67.10000000000001,1.0,1.0,1.0,1.0,1.0,1.0
67.2,1.0,1.0,1.0,1.0,1.0,1.0
67.3,1.0,1.0,1.0,1.0,1.0,1.0
67.4,1.0,1.0,1.0,1.0,1.0,1.0
67.5,1.0,1.0,1.0,1.0,1.0,1.0
67.60000000000001,1.0,1.0,1.0,1.0,1.0,1.0
67.7,1.0,1.0,1.0,1.0,1.0,1.0
67.8,1.0,1.0,1.0,1.0,1.0,1.0
67.9,1.0,1.0,1.0,1.0,1.0,1.0
68.0,1.0,1.0,1.0,1.0,1.0,1.0
68.10000000000001,1.0,1.0,1.0,1.0,1.0,1.0
68.2,1.0,1.0,1.0,1.0,1.0,1.0
68.3,1.0,1.0,1.0,1.0,1.0,1.0
68.4,1.0,1.0,1.0,1.0,1.0,1.0
68.5,1.0,1.0,1.0,1.0,1.0,1.0
68.60000000000001,1.0,1.0,1.0,1.0,1.0,1.0
68.7,1.0,1.0,1.0,1.0,1.0,1.0
68.8,1.0,1.0,1.0,1.0,1.0,1.0
68.9,1.0,1.0,1.0,1.0,1.0,1.0
69.0,1.0,1.0,1.0,1.0,1.0,1.0
69.10000000000001,1.0,1.0,1.0,1.0,1.0,1.0
69.2,1.0,1.0,1.0,1.0,1.0,1.0
69.3,1.0,1.0,1.0,1.0,1.0,1.0
69.4,1.0,1.0,1.0,1.0,1.0,1.0
69.5,1.0,1.0,1.0,1.0,1.0,1.0
69.60000000000001,1.0,1.0,1.0,1.0,1.0,1.0
69.7,1.0,1.0,1.0,1.0,1.0,1.0
69.8,1.0,1.0,1.0,1.0,1.0,1.0
69.9,1.0,1.0,1.0,1.0,1.0,1.0
70.0,1.0,1.0,1.0,1.0,1.0,1.0
70.10000000000001,1.0,1.0,1.0,1.0,1.0,1.0
70.2,1.0,1.0,1.0,1.0,1.0,1.0
70.3,1.0,1.0,1.0,1.0,1.0,1.0
70.4,1.0,1.0,1.0,1.0,1.0,1.0
70.5,1.0,1.0,1.0,1.0,1.0,1.0
70.60000000000001,1.0,1.0,1.0,1.0,1.0,1.0
70.7,1.0,1.0,1.0,1.0,1.0,1.0
70.8,1.0,1.0,1.0,1.0,1.0,1.0
70.9,1.0,1.0,1.0,1.0,1.0,1.0
71.0,1.0,1.0,1.0,1.0,1.0,1.0
71.10000000000001,1.0,1.0,1.0,1.0,1.0,1.0
71.2,1.0,1.0,1.0,1.0,1.0,1.0
71.3,1.0,1.0,1.0,1.0,1.0,1.0
71.4,1.0,1.0,1.0,1.0,1.0,1.0
71.5,1.0,1.0,1.0,1.0,1.0,1.0
71.60000000000001,1.0,1.0,1.0,1.0,1.0,1.0
71.7,1.0,1.0,1.0,1.0,1.0,1.0
71.8,1.0,1.0,1.0,1.0,1.0,1.0
71.9,1.0,1.0,1.0,1.0,1.0,1.0
72.0,1.0,1.0,1.0,1.0,1.0,1.0
72.10000000000001,1.0,1.0,1.0,1.0,1.0,1.0
72.2,1.0,1.0,1.0,1.0,1.0,1.0
72.3,1.0,1.0,1.0,1.0,1.0,1.0
72.4,1.0,1.0,1.0,1.0,1.0,1.0
72.5,1.0,1.0,1.0,1.0,1.0,1.0
72.60000000000001,1.0,1.0,1.0,1.0,1.0,1.0
72.7,1.0,1.0,1.0,1.0,1.0,1.0
72.8,1.0,1.0,1.0,1.0,1.0,1.0
72.9,1.0,1.0,1.0,1.0,1.0,1.0
73.0,1.0,1.0,1.0,1.0,1.0,1.0
73.10000000000001,1.0,1.0,1.0,1.0,1.0,1.0
73.2,1.0,1.0,1.0,1.0,1.0,1.0
73.3,1.0,1.0,1.0,1.0,1.0,1.0
73.4,1.0,1.0,1.0,1.0,1.0,1.0
73.5,1.0,1.0,1.0,1.0,1.0,1.0
73.60000000000001,1.0,1.0,1.0,1.0,1.0,1.0
73.7,1.0,1.0,1.0,1.0,1.0,1.0
73.8,1.0,1.0,1.0,1.0,1.0,1.0
73.9,1.0,1.0,1.0,1.0,1.0,1.0
74.0,1.0,1.0,1.0,1.0,1.0,1.0
74.10000000000001,1.0,1.0,1.0,1.0,1.0,1.0
74.2,1.0,1.0,1.0,1.0,1.0,1.0
74.3,1.0,1.0,1.0,1.0,1.0,1.0
74.4,1.0,1.0,1.0,1.0,1.0,1.0
74.5,1.0,1.0,1.0,1.0,1.0,1.0
74.60000000000001,1.0,1.0,1.0,1.0,1.0,1.0
74.7,1.0,1.0,1.0,1.0,1.0,1.0
74.8,1.0,1.0,1.0,1.0,1.0,1.0
74.9,1.0,1.0,1.0,1.0,1.0,1.0
75.0,1.0,1.0,1.0,1.0,1.0,1.0
75.10000000000001,1.0,1.0,1.0,1.0,1.0,1.0
75.2,1.0,1.0,1.0,1.0,1.0,1.0
75.3,1.0,1.0,1.0,1.0,1.0,1.0
75.4,1.0,1.0,1.0,1.0,1.0,1.0
75.5,1.0,1.0,1.0,1.0,1.0,1.0
75.60000000000001,1.0,1.0,1.0,1.0,1.0,1.0
75.7,1.0,1.0,1.0,1.0,1.0,1.0
75.8,1.0,1.0,1.0,1.0,1.0,1.0
75.9,1.0,1.0,1.0,1.0,1.0,1.0
76.0,1.0,1.0,1.0,1.0,1.0,1.0
76.10000000000001,1.0,1.0,1.0,1.0,1.0,1.0
76.2,1.0,1.0,1.0,1.0,1.0,1.0
76.3,1.0,1.0,1.0,1.0,1.0,1.0
76.4,1.0,1.0,1.0,1.0,1.0,1.0
76.5,1.0,1.0,1.0,1.0,1.0,1.0
76.60000000000001,1.0,1.0,1.0,1.0,1.0,1.0
76.7,1.0,1.0,1.0,1.0,1.0,1.0
76.80000000000001,1.0,1.0,1.0,1.0,1.0,1.0
76.9,1.0,1.0,1.0,1.0,1.0,1.0
77.0,1.0,1.0,1.0,1.0,1.0,1.0
77.10000000000001,1.0,1.0,1.0,1.0,1.0,1.0
77.2,1.0,1.0,1.0,1.0,1.0,1.0
77.30000000000001,1.0,1.0,1.0,1.0,1.0,1.0
77.4,1.0,1.0,1.0,1.0,1.0,1.0
77.5,1.0,1.0,1.0,1.0,1.0,1.0
77.60000000000001,1.0,1.0,1.0,1.0,1.0,1.0
77.7,1.0,1.0,1.0,1.0,1.0,1.0
77.80000000000001,1.0,1.0,1.0,1.0,1.0,1.0
77.9,1.0,1.0,1.0,1.0,1.0,1.0
78.0,1.0,1.0,1.0,1.0,1.0,1.0
78.10000000000001,1.0,1.0,1.0,1.0,1.0,1.0
78.2,1.0,1.0,1.0,1.0,1.0,1.0
78.30000000000001,1.0,1.0,1.0,1.0,1.0,1.0
78.4,1.0,1.0,1.0,1.0,1.0,1.0
78.5,1.0,1.0,1.0,1.0,1.0,1.0
78.60000000000001,1.0,1.0,1.0,1.0,1.0,1.0
78.7,1.0,1.0,1.0,1.0,1.0,1.0
78.80000000000001,1.0,1.0,1.0,1.0,1.0,1.0
78.9,1.0,1.0,1.0,1.0,1.0,1.0
79.0,1.0,1.0,1.0,1.0,1.0,1.0
79.10000000000001,1.0,1.0,1.0,1.0,1.0,1.0
79.2,1.0,1.0,1.0,1.0,1.0,1.0
79.30000000000001,1.0,1.0,1.0,1.0,1.0,1.0
79.4,1.0,1.0,1.0,1.0,1.0,1.0
79.5,1.0,1.0,1.0,1.0,1.0,1.0
79.60000000000001,1.0,1.0,1.0,1.0,1.0,1.0
79.7,1.0,1.0,1.0,1.0,1.0,1.0
79.80000000000001,1.0,1.0,1.0,1.0,1.0,1.0
79.9,1.0,1.0,1.0,1.0,1.0,1.0
80.0,1.0,1.0,1.0,1.0,1.0,1.0
80.10000000000001,1.0,1.0,1.0,1.0,1.0,1.0
80.2,1.0,1.0,1.0,1.0,1.0,1.0
80.30000000000001,1.0,1.0,1.0,1.0,1.0,1.0
80.4,1.0,1.0,1.0,1.0,1.0,1.0
80.5,1.0,1.0,1.0,1.0,1.0,1.0
80.60000000000001,1.0,1.0,1.0,1.0,1.0,1.0
80.7,1.0,1.0,1.0,1.0,1.0,1.0
80.80000000000001,1.0,1.0,1.0,1.0,1.0,1.0
80.9,1.0,1.0,1.0,1.0,1.0,1.0
81.0,1.0,1.0,1.0,1.0,1.0,1.0
81.10000000000001,1.0,1.0,1.0,1.0,1.0,1.0
81.2,1.0,1.0,1.0,1.0,1.0,1.0
81.30000000000001,1.0,1.0,1.0,1.0,1.0,1.0
81.4,1.0,1.0,1.0,1.0,1.0,1.0
81.5,1.0,1.0,1.0,1.0,1.0,1.0
81.60000000000001,1.0,1.0,1.0,1.0,1.0,1.0
81.7,1.0,1.0,1.0,1.0,1.0,1.0
81.80000000000001,1.0,1.0,1.0,1.0,1.0,1.0
81.9,1.0,1.0,1.0,1.0,1.0,1.0
82.0,1.0,1.0,1.0,1.0,1.0,1.0
82.10000000000001,1.0,1.0,1.0,1.0,1.0,1.0
82.2,1.0,1.0,1.0,1.0,1.0,1.0
82.30000000000001,1.0,1.0,1.0,1.0,1.0,1.0
82.4,1.0,1.0,1.0,1.0,1.0,1.0
82.5,1.0,1.0,1.0,1.0,1.0,1.0
82.60000000000001,1.0,1.0,1.0,1.0,1.0,1.0
82.7,1.0,1.0,1.0,1.0,1.0,1.0
82.80000000000001,1.0,1.0,1.0,1.0,1.0,1.0
82.9,1.0,1.0,1.0,1.0,1.0,1.0
83.0,1.0,1.0,1.0,1.0,1.0,1.0
83.10000000000001,1.0,1.0,1.0,1.0,1.0,1.0
83.2,1.0,1.0,1.0,1.0,1.0,1.0
83.30000000000001,1.0,1.0,1.0,1.0,1.0,1.0
83.4,1.0,1.0,1.0,1.0,1.0,1.0
83.5,1.0,1.0,1.0,1.0,1.0,1.0
83.60000000000001,1.0,1.0,1.0,1.0,1.0,1.0
83.7,1.0,1.0,1.0,1.0,1.0,1.0
83.80000000000001,1.0,1.0,1.0,1.0,1.0,1.0
83.9,1.0,1.0,1.0,1.0,1.0,1.0
84.0,1.0,1.0,1.0,1.0,1.0,1.0
84.10000000000001,1.0,1.0,1.0,1.0,1.0,1.0
84.2,1.0,1.0,1.0,1.0,1.0,1.0
84.30000000000001,1.0,1.0,1.0,1.0,1.0,1.0
84.4,1.0,1.0,1.0,1.0,1.0,1.0
84.5,1.0,1.0,1.0,1.0,1.0,1.0
84.60000000000001,1.0,1.0,1.0,1.0,1.0,1.0
84.7,1.0,1.0,1.0,1.0,1.0,1.0
84.80000000000001,1.0,1.0,1.0,1.0,1.0,1.0
84.9,1.0,1.0,1.0,1.0,1.0,1.0
85.0,1.0,1.0,1.0,1.0,1.0,1.0
85.10000000000001,1.0,1.0,1.0,1.0,1.0,1.0
85.2,1.0,1.0,1.0,1.0,1.0,1.0
85.30000000000001,1.0,1.0,1.0,1.0,1.0,1.0
85.4,1.0,1.0,1.0,1.0,1.0,1.0
85.5,1.0,1.0,1.0,1.0,1.0,1.0
85.60000000000001,1.0,1.0,1.0,1.0,1.0,1.0
85.7,1.0,1.0,1.0,1.0,1.0,1.0
85.80000000000001,1.0,1.0,1.0,1.0,1.0,1.0
85.9,1.0,1.0,1.0,1.0,1.0,1.0
86.0,1.0,1.0,1.0,1.0,1.0,1.0
86.10000000000001,1.0,1.0,1.0,1.0,1.0,1.0
86.2,1.0,1.0,1.0,1.0,1.0,1.0
86.30000000000001,1.0,1.0,1.0,1.0,1.0,1.0
86.4,1.0,1.0,1.0,1.0,1.0,1.0
86.5,1.0,1.0,1.0,1.0,1.0,1.0
86.60000000000001,1.0,1.0,1.0,1.0,1.0,1.0
86.7,1.0,1.0,1.0,1.0,1.0,1.0
86.80000000000001,1.0,1.0,1.0,1.0,1.0,1.0
86.9,1.0,1.0,1.0,1.0,1.0,1.0
87.0,1.0,1.0,1.0,1.0,1.0,1.0
87.10000000000001,1.0,1.0,1.0,1.0,1.0,1.0
87.2,1.0,1.0,1.0,1.0,1.0,1.0
87.30000000000001,1.0,1.0,1.0,1.0,1.0,1.0
87.4,1.0,1.0,1.0,1.0,1.0,1.0
87.5,1.0,1.0,1.0,1.0,1.0,1.0
87.60000000000001,1.0,1.0,1.0,1.0,1.0,1.0
87.7,1.0,1.0,1.0,1.0,1.0,1.0
87.80000000000001,1.0,1.0,1.0,1.0,1.0,1.0
87.9,1.0,1.0,1.0,1.0,1.0,1.0
88.0,1.0,1.0,1.0,1.0,1.0,1.0
88.10000000000001,1.0,1.0,1.0,1.0,1.0,1.0
88.2,1.0,1.0,1.0,1.0,1.0,1.0
88.30000000000001,1.0,1.0,1.0,1.0,1.0,1.0
88.4,1.0,1.0,1.0,1.0,1.0,1.0
88.5,1.0,1.0,1.0,1.0,1.0,1.0
88.60000000000001,1.0,1.0,1.0,1.0,1.0,1.0
88.7,1.0,1.0,1.0,1.0,1.0,1.0
88.80000000000001,1.0,1.0,1.0,1.0,1.0,1.0
88.9,1.0,1.0,1.0,1.0,1.0,1.0
89.0,1.0,1.0,1.0,1.0,1.0,1.0
89.10000000000001,1.0,1.0,1.0,1.0,1.0,1.0
89.2,1.0,1.0,1.0,1.0,1.0,1.0
89.30000000000001,1.0,1.0,1.0,1.0,1.0,1.0
89.4,1.0,1.0,1.0,1.0,1.0,1.0
89.5,1.0,1.0,1.0,1.0,1.0,1.0
89.60000000000001,1.0,1.0,1.0,1.0,1.0,1.0
89.7,1.0,1.0,1.0,1.0,1.0,1.0
89.80000000000001,1.0,1.0,1.0,1.0,1.0,1.0
89.9,1.0,1.0,1.0,1.0,1.0,1.0
90.0,1.0,1.0,1.0,1.0,1.0,1.0
90.10000000000001,1.0,1.0,1.0,1.0,1.0,1.0
90.2,1.0,1.0,1.0,1.0,1.0,1.0
90.30000000000001,1.0,1.0,1.0,1.0,1.0,1.0
90.4,1.0,1.0,1.0,1.0,1.0,1.0
90.5,1.0,1.0,1.0,1.0,1.0,1.0
90.60000000000001,1.0,1.0,1.0,1.0,1.0,1.0
90.7,1.0,1.0,1.0,1.0,1.0,1.0
90.80000000000001,1.0,1.0,1.0,1.0,1.0,1.0
90.9,1.0,1.0,1.0,1.0,1.0,1.0
91.0,1.0,1.0,1.0,1.0,1.0,1.0
91.10000000000001,1.0,1.0,1.0,1.0,1.0,1.0
91.2,1.0,1.0,1.0,1.0,1.0,1.0
91.30000000000001,1.0,1.0,1.0,1.0,1.0,1.0
91.4,1.0,1.0,1.0,1.0,1.0,1.0
91.5,1.0,1.0,1.0,1.0,1.0,1.0
91.60000000000001,1.0,1.0,1.0,1.0,1.0,1.0
91.7,1.0,1.0,1.0,1.0,1.0,1.0
91.80000000000001,1.0,1.0,1.0,1.0,1.0,1.0
91.9,1.0,1.0,1.0,1.0,1.0,1.0
92.0,1.0,1.0,1.0,1.0,1.0,1.0
92.10000000000001,1.0,1.0,1.0,1.0,1.0,1.0
92.2,1.0,1.0,1.0,1.0,1.0,1.0
92.30000000000001,1.0,1.0,1.0,1.0,1.0,1.0
92.4,1.0,1.0,1.0,1.0,1.0,1.0
92.5,1.0,1.0,1.0,1.0,1.0,1.0
92.60000000000001,1.0,1.0,1.0,1.0,1.0,1.0
92.7,1.0,1.0,1.0,1.0,1.0,1.0
92.80000000000001,1.0,1.0,1.0,1.0,1.0,1.0
92.9,1.0,1.0,1.0,1.0,1.0,1.0
93.0,1.0,1.0,1.0,1.0,1.0,1.0
93.10000000000001,1.0,1.0,1.0,1.0,1.0,1.0
93.2,1.0,1.0,1.0,1.0,1.0,1.0
93.30000000000001,1.0,1.0,1.0,1.0,1.0,1.0
93.4,1.0,1.0,1.0,1.0,1.0,1.0
93.5,1.0,1.0,1.0,1.0,1.0,1.0
93.60000000000001,1.0,1.0,1.0,1.0,1.0,1.0
93.7,1.0,1.0,1.0,1.0,1.0,1.0
93.80000000000001,1.0,1.0,1.0,1.0,1.0,1.0
93.9,1.0,1.0,1.0,1.0,1.0,1.0
94.0,1.0,1.0,1.0,1.0,1.0,1.0
94.10000000000001,1.0,1.0,1.0,1.0,1.0,1.0
94.2,1.0,1.0,1.0,1.0,1.0,1.0
94.30000000000001,1.0,1.0,1.0,1.0,1.0,1.0
94.4,1.0,1.0,1.0,1.0,1.0,1.0
94.5,1.0,1.0,1.0,1.0,1.0,1.0
94.60000000000001,1.0,1.0,1.0,1.0,1.0,1.0
94.7,1.0,1.0,1.0,1.0,1.0,1.0
94.80000000000001,1.0,1.0,1.0,1.0,1.0,1.0
94.9,1.0,1.0,1.0,1.0,1.0,1.0
95.0,1.0,1.0,1.0,1.0,1.0,1.0
95.10000000000001,1.0,1.0,1.0,1.0,1.0,1.0
95.2,1.0,1.0,1.0,1.0,1.0,1.0
95.30000000000001,1.0,1.0,1.0,1.0,1.0,1.0
95.4,1.0,1.0,1.0,1.0,1.0,1.0
95.5,1.0,1.0,1.0,1.0,1.0,1.0
95.60000000000001,1.0,1.0,1.0,1.0,1.0,1.0
95.7,1.0,1.0,1.0,1.0,1.0,1.0
95.80000000000001,1.0,1.0,1.0,1.0,1.0,1.0
95.9,1.0,1.0,1.0,1.0,1.0,1.0
96.0,1.0,1.0,1.0,1.0,1.0,1.0
96.10000000000001,1.0,1.0,1.0,1.0,1.0,1.0
96.2,1.0,1.0,1.0,1.0,1.0,1.0
96.30000000000001,1.0,1.0,1.0,1.0,1.0,1.0
96.4,1.0,1.0,1.0,1.0,1.0,1.0
96.5,1.0,1.0,1.0,1.0,1.0,1.0
96.60000000000001,1.0,1.0,1.0,1.0,1.0,1.0
96.7,1.0,1.0,1.0,1.0,1.0,1.0
96.80000000000001,1.0,1.0,1.0,1.0,1.0,1.0
96.9,1.0,1.0,1.0,1.0,1.0,1.0
97.0,1.0,1.0,1.0,1.0,1.0,1.0
97.10000000000001,1.0,1.0,1.0,1.0,1.0,1.0
97.2,1.0,1.0,1.0,1.0,1.0,1.0
97.30000000000001,1.0,1.0,1.0,1.0,1.0,1.0
97.4,1.0,1.0,1.0,1.0,1.0,1.0
97.5,1.0,1.0,1.0,1.0,1.0,1.0
97.60000000000001,1.0,1.0,1.0,1.0,1.0,1.0
97.7,1.0,1.0,1.0,1.0,1.0,1.0
97.80000000000001,1.0,1.0,1.0,1.0,1.0,1.0
97.9,1.0,1.0,1.0,1.0,1.0,1.0
98.0,1.0,1.0,1.0,1.0,1.0,1.0
98.10000000000001,1.0,1.0,1.0,1.0,1.0,1.0
98.2,1.0,1.0,1.0,1.0,1.0,1.0
98.30000000000001,1.0,1.0,1.0,1.0,1.0,1.0
98.4,1.0,1.0,1.0,1.0,1.0,1.0
98.5,1.0,1.0,1.0,1.0,1.0,1.0
98.60000000000001,1.0,1.0,1.0,1.0,1.0,1.0
98.7,1.0,1.0,1.0,1.0,1.0,1.0
98.80000000000001,1.0,1.0,1.0,1.0,1.0,1.0
98.9,1.0,1.0,1.0,1.0,1.0,1.0
99.0,1.0,1.0,1.0,1.0,1.0,1.0
99.10000000000001,1.0,1.0,1.0,1.0,1.0,1.0
99.2,1.0,1.0,1.0,1.0,1.0,1.0
99.30000000000001,1.0,1.0,1.0,1.0,1.0,1.0
99.4,1.0,1.0,1.0,1.0,1.0,1.0
99.5,1.0,1.0,1.0,1.0,1.0,1.0
99.60000000000001,1.0,1.0,1.0,1.0,1.0,1.0
99.7,1.0,1.0,1.0,1.0,1.0,1.0
99.80000000000001,1.0,1.0,1.0,1.0,1.0,1.0
99.9,1.0,1.0,1.0,1.0,1.0,1.0
100.0,1.0,1.0,1.0,1.0,1.0,1.0
100.10000000000001,1.0,1.0,1.0,1.0,1.0,1.0
100.2,1.0,1.0,1.0,1.0,1.0,1.0
100.30000000000001,1.0,1.0,1.0,1.0,1.0,1.0
100.4,1.0,1.0,1.0,1.0,1.0,1.0
100.5,1.0,1.0,1.0,1.0,1.0,1.0
100.60000000000001,1.0,1.0,1.0,1.0,1.0,1.0
100.7,1.0,1.0,1.0,1.0,1.0,1.0
100.80000000000001,1.0,1.0,1.0,1.0,1.0,1.0
100.9,1.0,1.0,1.0,1.0,1.0,1.0
101.0,1.0,1.0,1.0,1.0,1.0,1.0
101.10000000000001,1.0,1.0,1.0,1.0,1.0,1.0
101.2,1.0,1.0,1.0,1.0,1.0,1.0
101.30000000000001,1.0,1.0,1.0,1.0,1.0,1.0
101.4,1.0,1.0,1.0,1.0,1.0,1.0
101.5,1.0,1.0,1.0,1.0,1.0,1.0
101.60000000000001,1.0,1.0,1.0,1.0,1.0,1.0
101.7,1.0,1.0,1.0,1.0,1.0,1.0
101.80000000000001,1.0,1.0,1.0,1.0,1.0,1.0
101.9,1.0,1.0,1.0,1.0,1.0,1.0
102.0,1.0,1.0,1.0,1.0,1.0,1.0
102.10000000000001,1.0,1.0,1.0,1.0,1.0,1.0
102.2,1.0,1.0,1.0,1.0,1.0,1.0
102.30000000000001,1.0,1.0,1.0,1.0,1.0,1.0
102.4,1.0,1.0,1.0,1.0,1.0,1.0
102.5,1.0,1.0,1.0,1.0,1.0,1.0
102.60000000000001,1.0,1.0,1.0,1.0,1.0,1.0
102.7,1.0,1.0,1.0,1.0,1.0,1.0
102.80000000000001,1.0,1.0,1.0,1.0,1.0,1.0
102.9,1.0,1.0,1.0,1.0,1.0,1.0
103.0,1.0,1.0,1.0,1.0,1.0,1.0
103.10000000000001,1.0,1.0,1.0,1.0,1.0,1.0
103.2,1.0,1.0,1.0,1.0,1.0,1.0
103.30000000000001,1.0,1.0,1.0,1.0,1.0,1.0
103.4,1.0,1.0,1.0,1.0,1.0,1.0
103.5,1.0,1.0,1.0,1.0,1.0,1.0
103.60000000000001,1.0,1.0,1.0,1.0,1.0,1.0
103.7,1.0,1.0,1.0,1.0,1.0,1.0
103.80000000000001,1.0,1.0,1.0,1.0,1.0,1.0
103.9,1.0,1.0,1.0,1.0,1.0,1.0
104.0,1.0,1.0,1.0,1.0,1.0,1.0
104.10000000000001,1.0,1.0,1.0,1.0,1.0,1.0
104.2,1.0,1.0,1.0,1.0,1.0,1.0
104.30000000000001,1.0,1.0,1.0,1.0,1.0,1.0
104.4,1.0,1.0,1.0,1.0,1.0,1.0
104.5,1.0,1.0,1.0,1.0,1.0,1.0
104.60000000000001,1.0,1.0,1.0,1.0,1.0,1.0
104.7,1.0,1.0,1.0,1.0,1.0,1.0
104.80000000000001,1.0,1.0,1.0,1.0,1.0,1.0
104.9,1.0,1.0,1.0,1.0,1.0,1.0
105.0,1.0,1.0,1.0,1.0,1.0,1.0
105.10000000000001,1.0,1.0,1.0,1.0,1.0,1.0
105.2,1.0,1.0,1.0,1.0,1.0,1.0
105.30000000000001,1.0,1.0,1.0,1.0,1.0,1.0
105.4,1.0,1.0,1.0,1.0,1.0,1.0
105.5,1.0,1.0,1.0,1.0,1.0,1.0
105.60000000000001,1.0,1.0,1.0,1.0,1.0,1.0
105.7,1.0,1.0,1.0,1.0,1.0,1.0
105.80000000000001,1.0,1.0,1.0,1.0,1.0,1.0
105.9,1.0,1.0,1.0,1.0,1.0,1.0
106.0,1.0,1.0,1.0,1.0,1.0,1.0
106.10000000000001,1.0,1.0,1.0,1.0,1.0,1.0
106.2,1.0,1.0,1.0,1.0,1.0,1.0
106.30000000000001,1.0,1.0,1.0,1.0,1.0,1.0
106.4,1.0,1.0,1.0,1.0,1.0,1.0
106.5,1.0,1.0,1.0,1.0,1.0,1.0
106.60000000000001,1.0,1.0,1.0,1.0,1.0,1.0
106.7,1.0,1.0,1.0,1.0,1.0,1.0
106.80000000000001,1.0,1.0,1.0,1.0,1.0,1.0
106.9,1.0,1.0,1.0,1.0,1.0,1.0
107.0,1.0,1.0,1.0,1.0,1.0,1.0
107.10000000000001,1.0,1.0,1.0,1.0,1.0,1.0
107.2,1.0,1.0,1.0,1.0,1.0,1.0
107.30000000000001,1.0,1.0,1.0,1.0,1.0,1.0
107.4,1.0,1.0,1.0,1.0,1.0,1.0
107.5,1.0,1.0,1.0,1.0,1.0,1.0
107.60000000000001,1.0,1.0,1.0,1.0,1.0,1.0
107.7,1.0,1.0,1.0,1.0,1.0,1.0
107.80000000000001,1.0,1.0,1.0,1.0,1.0,1.0
107.9,1.0,1.0,1.0,1.0,1.0,1.0
108.0,1.0,1.0,1.0,1.0,1.0,1.0
108.10000000000001,1.0,1.0,1.0,1.0,1.0,1.0
108.2,1.0,1.0,1.0,1.0,1.0,1.0
108.30000000000001,1.0,1.0,1.0,1.0,1.0,1.0
108.4,1.0,1.0,1.0,1.0,1.0,1.0
108.5,1.0,1.0,1.0,1.0,1.0,1.0
108.60000000000001,1.0,1.0,1.0,1.0,1.0,1.0
108.7,1.0,1.0,1.0,1.0,1.0,1.0
108.80000000000001,1.0,1.0,1.0,1.0,1.0,1.0
108.9,1.0,1.0,1.0,1.0,1.0,1.0
109.0,1.0,1.0,1.0,1.0,1.0,1.0
109.10000000000001,1.0,1.0,1.0,1.0,1.0,1.0
109.2,1.0,1.0,1.0,1.0,1.0,1.0
109.30000000000001,1.0,1.0,1.0,1.0,1.0,1.0
109.4,1.0,1.0,1.0,1.0,1.0,1.0
109.5,1.0,1.0,1.0,1.0,1.0,1.0
109.60000000000001,1.0,1.0,1.0,1.0,1.0,1.0
109.7,1.0,1.0,1.0,1.0,1.0,1.0
109.80000000000001,1.0,1.0,1.0,1.0,1.0,1.0
109.9,1.0,1.0,1.0,1.0,1.0,1.0
110.0,1.0,1.0,1.0,1.0,1.0,1.0
110.10000000000001,1.0,1.0,1.0,1.0,1.0,1.0
110.2,1.0,1.0,1.0,1.0,1.0,1.0
110.30000000000001,1.0,1.0,1.0,1.0,1.0,1.0
110.4,1.0,1.0,1.0,1.0,1.0,1.0
110.5,1.0,1.0,1.0,1.0,1.0,1.0
110.60000000000001,1.0,1.0,1.0,1.0,1.0,1.0
110.7,1.0,1.0,1.0,1.0,1.0,1.0
110.80000000000001,1.0,1.0,1.0,1.0,1.0,1.0
110.9,1.0,1.0,1.0,1.0,1.0,1.0
111.0,1.0,1.0,1.0,1.0,1.0,1.0
111.10000000000001,1.0,1.0,1.0,1.0,1.0,1.0
111.2,1.0,1.0,1.0,1.0,1.0,1.0
111.30000000000001,1.0,1.0,1.0,1.0,1.0,1.0
111.4,1.0,1.0,1.0,1.0,1.0,1.0
111.5,1.0,1.0,1.0,1.0,1.0,1.0
111.60000000000001,1.0,1.0,1.0,1.0,1.0,1.0
111.7,1.0,1.0,1.0,1.0,1.0,1.0
111.80000000000001,1.0,1.0,1.0,1.0,1.0,1.0
111.9,1.0,1.0,1.0,1.0,1.0,1.0
112.0,1.0,1.0,1.0,1.0,1.0,1.0
112.10000000000001,1.0,1.0,1.0,1.0,1.0,1.0
112.2,1.0,1.0,1.0,1.0,1.0,1.0
112.30000000000001,1.0,1.0,1.0,1.0,1.0,1.0
112.4,1.0,1.0,1.0,1.0,1.0,1.0
112.5,1.0,1.0,1.0,1.0,1.0,1.0
112.60000000000001,1.0,1.0,1.0,1.0,1.0,1.0
112.7,1.0,1.0,1.0,1.0,1.0,1.0
112.80000000000001,1.0,1.0,1.0,1.0,1.0,1.0
112.9,1.0,1.0,1.0,1.0,1.0,1.0
113.0,1.0,1.0,1.0,1.0,1.0,1.0
113.10000000000001,1.0,1.0,1.0,1.0,1.0,1.0
113.2,1.0,1.0,1.0,1.0,1.0,1.0
113.30000000000001,1.0,1.0,1.0,1.0,1.0,1.0
113.4,1.0,1.0,1.0,1.0,1.0,1.0
113.5,1.0,1.0,1.0,1.0,1.0,1.0
113.60000000000001,1.0,1.0,1.0,1.0,1.0,1.0
113.7,1.0,1.0,1.0,1.0,1.0,1.0
113.80000000000001,1.0,1.0,1.0,1.0,1.0,1.0
113.9,1.0,1.0,1.0,1.0,1.0,1.0
114.0,1.0,1.0,1.0,1.0,1.0,1.0
114.10000000000001,1.0,1.0,1.0,1.0,1.0,1.0
114.2,1.0,1.0,1.0,1.0,1.0,1.0
114.30000000000001,1.0,1.0,1.0,1.0,1.0,1.0
114.4,1.0,1.0,1.0,1.0,1.0,1.0
114.5,1.0,1.0,1.0,1.0,1.0,1.0
114.60000000000001,1.0,1.0,1.0,1.0,1.0,1.0
114.7,1.0,1.0,1.0,1.0,1.0,1.0
114.80000000000001,1.0,1.0,1.0,1.0,1.0,1.0
114.9,1.0,1.0,1.0,1.0,1.0,1.0
115.0,1.0,1.0,1.0,1.0,1.0,1.0
115.10000000000001,1.0,1.0,1.0,1.0,1.0,1.0
115.2,1.0,1.0,1.0,1.0,1.0,1.0
115.30000000000001,1.0,1.0,1.0,1.0,1.0,1.0
115.4,1.0,1.0,1.0,1.0,1.0,1.0
115.5,1.0,1.0,1.0,1.0,1.0,1.0
115.60000000000001,1.0,1.0,1.0,1.0,1.0,1.0
115.7,1.0,1.0,1.0,1.0,1.0,1.0
115.80000000000001,1.0,1.0,1.0,1.0,1.0,1.0
115.9,1.0,1.0,1.0,1.0,1.0,1.0
116.0,1.0,1.0,1.0,1.0,1.0,1.0
116.10000000000001,1.0,1.0,1.0,1.0,1.0,1.0
116.2,1.0,1.0,1.0,1.0,1.0,1.0
116.30000000000001,1.0,1.0,1.0,1.0,1.0,1.0
116.4,1.0,1.0,1.0,1.0,1.0,1.0
116.5,1.0,1.0,1.0,1.0,1.0,1.0
116.60000000000001,1.0,1.0,1.0,1.0,1.0,1.0
116.7,1.0,1.0,1.0,1.0,1.0,1.0
116.80000000000001,1.0,1.0,1.0,1.0,1.0,1.0
116.9,1.0,1.0,1.0,1.0,1.0,1.0
117.0,1.0,1.0,1.0,1.0,1.0,1.0
117.10000000000001,1.0,1.0,1.0,1.0,1.0,1.0
117.2,1.0,1.0,1.0,1.0,1.0,1.0
117.30000000000001,1.0,1.0,1.0,1.0,1.0,1.0
117.4,1.0,1.0,1.0,1.0,1.0,1.0
117.5,1.0,1.0,1.0,1.0,1.0,1.0
117.60000000000001,1.0,1.0,1.0,1.0,1.0,1.0
117.7,1.0,1.0,1.0,1.0,1.0,1.0
117.80000000000001,1.0,1.0,1.0,1.0,1.0,1.0
117.9,1.0,1.0,1.0,1.0,1.0,1.0
118.0,1.0,1.0,1.0,1.0,1.0,1.0
118.10000000000001,1.0,1.0,1.0,1.0,1.0,1.0
118.2,1.0,1.0,1.0,1.0,1.0,1.0
118.30000000000001,1.0,1.0,1.0,1.0,1.0,1.0
118.4,1.0,1.0,1.0,1.0,1.0,1.0
118.5,1.0,1.0,1.0,1.0,1.0,1.0
118.60000000000001,1.0,1.0,1.0,1.0,1.0,1.0
118.7,1.0,1.0,1.0,1.0,1.0,1.0
118.80000000000001,1.0,1.0,1.0,1.0,1.0,1.0
118.9,1.0,1.0,1.0,1.0,1.0,1.0
119.0,1.0,1.0,1.0,1.0,1.0,1.0
119.10000000000001,1.0,1.0,1.0,1.0,1.0,1.0
119.2,1.0,1.0,1.0,1.0,1.0,1.0
119.30000000000001,1.0,1.0,1.0,1.0,1.0,1.0
119.4,1.0,1.0,1.0,1.0,1.0,1.0
119.5,1.0,1.0,1.0,1.0,1.0,1.0
119.60000000000001,1.0,1.0,1.0,1.0,1.0,1.0
119.7,1.0,1.0,1.0,1.0,1.0,1.0
119.80000000000001,1.0,1.0,1.0,1.0,1.0,1.0
119.9,1.0,1.0,1.0,1.0,1.0,1.0
120.0,1.0,1.0,1.0,1.0,1.0,1.0
120.10000000000001,1.0,1.0,1.0,1.0,1.0,1.0
120.2,1.0,1.0,1.0,1.0,1.0,1.0
120.30000000000001,1.0,1.0,1.0,1.0,1.0,1.0
120.4,1.0,1.0,1.0,1.0,1.0,1.0
120.5,1.0,1.0,1.0,1.0,1.0,1.0
120.60000000000001,1.0,1.0,1.0,1.0,1.0,1.0
120.7,1.0,1.0,1.0,1.0,1.0,1.0
120.80000000000001,1.0,1.0,1.0,1.0,1.0,1.0
120.9,1.0,1.0,1.0,1.0,1.0,1.0
121.0,1.0,1.0,1.0,1.0,1.0,1.0
121.10000000000001,1.0,1.0,1.0,1.0,1.0,1.0
121.2,1.0,1.0,1.0,1.0,1.0,1.0
121.30000000000001,1.0,1.0,1.0,1.0,1.0,1.0
121.4,1.0,1.0,1.0,1.0,1.0,1.0
121.5,1.0,1.0,1.0,1.0,1.0,1.0
121.60000000000001,1.0,1.0,1.0,1.0,1.0,1.0
121.7,1.0,1.0,1.0,1.0,1.0,1.0
121.80000000000001,1.0,1.0,1.0,1.0,1.0,1.0
121.9,1.0,1.0,1.0,1.0,1.0,1.0
122.0,1.0,1.0,1.0,1.0,1.0,1.0
122.10000000000001,1.0,1.0,1.0,1.0,1.0,1.0
122.2,1.0,1.0,1.0,1.0,1.0,1.0
122.30000000000001,1.0,1.0,1.0,1.0,1.0,1.0
122.4,1.0,1.0,1.0,1.0,1.0,1.0
122.5,1.0,1.0,1.0,1.0,1.0,1.0
122.60000000000001,1.0,1.0,1.0,1.0,1.0,1.0
122.7,1.0,1.0,1.0,1.0,1.0,1.0
122.80000000000001,1.0,1.0,1.0,1.0,1.0,1.0
122.9,1.0,1.0,1.0,1.0,1.0,1.0
123.0,1.0,1.0,1.0,1.0,1.0,1.0
123.10000000000001,1.0,1.0,1.0,1.0,1.0,1.0
123.2,1.0,1.0,1.0,1.0,1.0,1.0
123.30000000000001,1.0,1.0,1.0,1.0,1.0,1.0
123.4,1.0,1.0,1.0,1.0,1.0,1.0
123.5,1.0,1.0,1.0,1.0,1.0,1.0
123.60000000000001,1.0,1.0,1.0,1.0,1.0,1.0
123.7,1.0,1.0,1.0,1.0,1.0,1.0
123.80000000000001,1.0,1.0,1.0,1.0,1.0,1.0
123.9,1.0,1.0,1.0,1.0,1.0,1.0
124.0,1.0,1.0,1.0,1.0,1.0,1.0
124.10000000000001,1.0,1.0,1.0,1.0,1.0,1.0
124.2,1.0,1.0,1.0,1.0,1.0,1.0
124.30000000000001,1.0,1.0,1.0,1.0,1.0,1.0
124.4,1.0,1.0,1.0,1.0,1.0,1.0
124.5,1.0,1.0,1.0,1.0,1.0,1.0
124.60000000000001,1.0,1.0,1.0,1.0,1.0,1.0
124.7,1.0,1.0,1.0,1.0,1.0,1.0
124.80000000000001,1.0,1.0,1.0,1.0,1.0,1.0
124.9,1.0,1.0,1.0,1.0,1.0,1.0
125.0,1.0,1.0,1.0,1.0,1.0,1.0
125.10000000000001,1.0,1.0,1.0,1.0,1.0,1.0
125.2,1.0,1.0,1.0,1.0,1.0,1.0
125.30000000000001,1.0,1.0,1.0,1.0,1.0,1.0
125.4,1.0,1.0,1.0,1.0,1.0,1.0
125.5,1.0,1.0,1.0,1.0,1.0,1.0
125.60000000000001,1.0,1.0,1.0,1.0,1.0,1.0
125.7,1.0,1.0,1.0,1.0,1.0,1.0
125.80000000000001,1.0,1.0,1.0,1.0,1.0,1.0
125.9,1.0,1.0,1.0,1.0,1.0,1.0
126.0,1.0,1.0,1.0,1.0,1.0,1.0
126.10000000000001,1.0,1.0,1.0,1.0,1.0,1.0
126.2,1.0,1.0,1.0,1.0,1.0,1.0
126.30000000000001,1.0,1.0,1.0,1.0,1.0,1.0
126.4,1.0,1.0,1.0,1.0,1.0,1.0
126.5,1.0,1.0,1.0,1.0,1.0,1.0
126.60000000000001,1.0,1.0,1.0,1.0,1.0,1.0
126.7,1.0,1.0,1.0,1.0,1.0,1.0
126.80000000000001,1.0,1.0,1.0,1.0,1.0,1.0
126.9,1.0,1.0,1.0,1.0,1.0,1.0
127.0,1.0,1.0,1.0,1.0,1.0,1.0
127.10000000000001,1.0,1.0,1.0,1.0,1.0,1.0
127.2,1.0,1.0,1.0,1.0,1.0,1.0
127.30000000000001,1.0,1.0,1.0,1.0,1.0,1.0
127.4,1.0,1.0,1.0,1.0,1.0,1.0
127.5,1.0,1.0,1.0,1.0,1.0,1.0
127.60000000000001,1.0,1.0,1.0,1.0,1.0,1.0
127.7,1.0,1.0,1.0,1.0,1.0,1.0
127.80000000000001,1.0,1.0,1.0,1.0,1.0,1.0
127.9,1.0,1.0,1.0,1.0,1.0,1.0
128.0,1.0,1.0,1.0,1.0,1.0,1.0
128.1,1.0,1.0,1.0,1.0,1.0,1.0
128.20000000000002,1.0,1.0,1.0,1.0,1.0,1.0
128.3,1.0,1.0,1.0,1.0,1.0,1.0
128.4,1.0,1.0,1.0,1.0,1.0,1.0
128.5,1.0,1.0,1.0,1.0,1.0,1.0
128.6,1.0,1.0,1.0,1.0,1.0,1.0
128.70000000000002,1.0,1.0,1.0,1.0,1.0,1.0
128.8,1.0,1.0,1.0,1.0,1.0,1.0
128.9,1.0,1.0,1.0,1.0,1.0,1.0
129.0,1.0,1.0,1.0,1.0,1.0,1.0
129.1,1.0,1.0,1.0,1.0,1.0,1.0
129.20000000000002,1.0,1.0,1.0,1.0,1.0,1.0
129.3,1.0,1.0,1.0,1.0,1.0,1.0
129.4,1.0,1.0,1.0,1.0,1.0,1.0
129.5,1.0,1.0,1.0,1.0,1.0,1.0
129.6,1.0,1.0,1.0,1.0,1.0,1.0
129.70000000000002,1.0,1.0,1.0,1.0,1.0,1.0
129.8,1.0,1.0,1.0,1.0,1.0,1.0
129.9,1.0,1.0,1.0,1.0,1.0,1.0
130.0,1.0,1.0,1.0,1.0,1.0,1.0
130.1,1.0,1.0,1.0,1.0,1.0,1.0
130.20000000000002,1.0,1.0,1.0,1.0,1.0,1.0
130.3,1.0,1.0,1.0,1.0,1.0,1.0
130.4,1.0,1.0,1.0,1.0,1.0,1.0
130.5,1.0,1.0,1.0,1.0,1.0,1.0
130.6,1.0,1.0,1.0,1.0,1.0,1.0
130.70000000000002,1.0,1.0,1.0,1.0,1.0,1.0
130.8,1.0,1.0,1.0,1.0,1.0,1.0
130.9,1.0,1.0,1.0,1.0,1.0,1.0
131.0,1.0,1.0,1.0,1.0,1.0,1.0
131.1,1.0,1.0,1.0,1.0,1.0,1.0
131.20000000000002,1.0,1.0,1.0,1.0,1.0,1.0
131.3,1.0,1.0,1.0,1.0,1.0,1.0
131.4,1.0,1.0,1.0,1.0,1.0,1.0
131.5,1.0,1.0,1.0,1.0,1.0,1.0
131.6,1.0,1.0,1.0,1.0,1.0,1.0
131.70000000000002,1.0,1.0,1.0,1.0,1.0,1.0
131.8,1.0,1.0,1.0,1.0,1.0,1.0
131.9,1.0,1.0,1.0,1.0,1.0,1.0
132.0,1.0,1.0,1.0,1.0,1.0,1.0
132.1,1.0,1.0,1.0,1.0,1.0,1.0
132.20000000000002,1.0,1.0,1.0,1.0,1.0,1.0
132.3,1.0,1.0,1.0,1.0,1.0,1.0
132.4,1.0,1.0,1.0,1.0,1.0,1.0
132.5,1.0,1.0,1.0,1.0,1.0,1.0
132.6,1.0,1.0,1.0,1.0,1.0,1.0
132.70000000000002,1.0,1.0,1.0,1.0,1.0,1.0
132.8,1.0,1.0,1.0,1.0,1.0,1.0
132.9,1.0,1.0,1.0,1.0,1.0,1.0
133.0,1.0,1.0,1.0,1.0,1.0,1.0
133.1,1.0,1.0,1.0,1.0,1.0,1.0
133.20000000000002,1.0,1.0,1.0,1.0,1.0,1.0
133.3,1.0,1.0,1.0,1.0,1.0,1.0
133.4,1.0,1.0,1.0,1.0,1.0,1.0
133.5,1.0,1.0,1.0,1.0,1.0,1.0
133.6,1.0,1.0,1.0,1.0,1.0,1.0
133.70000000000002,1.0,1.0,1.0,1.0,1.0,1.0
133.8,1.0,1.0,1.0,1.0,1.0,1.0
133.9,1.0,1.0,1.0,1.0,1.0,1.0
134.0,1.0,1.0,1.0,1.0,1.0,1.0
134.1,1.0,1.0,1.0,1.0,1.0,1.0
134.20000000000002,1.0,1.0,1.0,1.0,1.0,1.0
134.3,1.0,1.0,1.0,1.0,1.0,1.0
134.4,1.0,1.0,1.0,1.0,1.0,1.0
134.5,1.0,1.0,1.0,1.0,1.0,1.0
134.6,1.0,1.0,1.0,1.0,1.0,1.0
134.70000000000002,1.0,1.0,1.0,1.0,1.0,1.0
134.8,1.0,1.0,1.0,1.0,1.0,1.0
134.9,1.0,1.0,1.0,1.0,1.0,1.0
135.0,1.0,1.0,1.0,1.0,1.0,1.0
135.1,1.0,1.0,1.0,1.0,1.0,1.0
135.20000000000002,1.0,1.0,1.0,1.0,1.0,1.0
135.3,1.0,1.0,1.0,1.0,1.0,1.0
135.4,1.0,1.0,1.0,1.0,1.0,1.0
135.5,1.0,1.0,1.0,1.0,1.0,1.0
135.6,1.0,1.0,1.0,1.0,1.0,1.0
135.70000000000002,1.0,1.0,1.0,1.0,1.0,1.0
135.8,1.0,1.0,1.0,1.0,1.0,1.0
135.9,1.0,1.0,1.0,1.0,1.0,1.0
136.0,1.0,1.0,1.0,1.0,1.0,1.0
136.1,1.0,1.0,1.0,1.0,1.0,1.0
136.20000000000002,1.0,1.0,1.0,1.0,1.0,1.0
136.3,1.0,1.0,1.0,1.0,1.0,1.0
136.4,1.0,1.0,1.0,1.0,1.0,1.0
136.5,1.0,1.0,1.0,1.0,1.0,1.0
136.6,1.0,1.0,1.0,1.0,1.0,1.0
136.70000000000002,1.0,1.0,1.0,1.0,1.0,1.0
136.8,1.0,1.0,1.0,1.0,1.0,1.0
136.9,1.0,1.0,1.0,1.0,1.0,1.0
137.0,1.0,1.0,1.0,1.0,1.0,1.0
137.1,1.0,1.0,1.0,1.0,1.0,1.0
137.20000000000002,1.0,1.0,1.0,1.0,1.0,1.0
137.3,1.0,1.0,1.0,1.0,1.0,1.0
137.4,1.0,1.0,1.0,1.0,1.0,1.0
137.5,1.0,1.0,1.0,1.0,1.0,1.0
137.6,1.0,1.0,1.0,1.0,1.0,1.0
137.70000000000002,1.0,1.0,1.0,1.0,1.0,1.0
137.8,1.0,1.0,1.0,1.0,1.0,1.0
137.9,1.0,1.0,1.0,1.0,1.0,1.0
138.0,1.0,1.0,1.0,1.0,1.0,1.0
138.1,1.0,1.0,1.0,1.0,1.0,1.0
138.20000000000002,1.0,1.0,1.0,1.0,1.0,1.0
138.3,1.0,1.0,1.0,1.0,1.0,1.0
138.4,1.0,1.0,1.0,1.0,1.0,1.0
138.5,1.0,1.0,1.0,1.0,1.0,1.0
138.6,1.0,1.0,1.0,1.0,1.0,1.0
138.70000000000002,1.0,1.0,1.0,1.0,1.0,1.0
138.8,1.0,1.0,1.0,1.0,1.0,1.0
138.9,1.0,1.0,1.0,1.0,1.0,1.0
139.0,1.0,1.0,1.0,1.0,1.0,1.0
139.1,1.0,1.0,1.0,1.0,1.0,1.0
139.20000000000002,1.0,1.0,1.0,1.0,1.0,1.0
139.3,1.0,1.0,1.0,1.0,1.0,1.0
139.4,1.0,1.0,1.0,1.0,1.0,1.0
139.5,1.0,1.0,1.0,1.0,1.0,1.0
139.6,1.0,1.0,1.0,1.0,1.0,1.0
139.70000000000002,1.0,1.0,1.0,1.0,1.0,1.0
139.8,1.0,1.0,1.0,1.0,1.0,1.0
139.9,1.0,1.0,1.0,1.0,1.0,1.0
140.0,1.0,1.0,1.0,1.0,1.0,1.0
140.1,1.0,1.0,1.0,1.0,1.0,1.0
140.20000000000002,1.0,1.0,1.0,1.0,1.0,1.0
140.3,1.0,1.0,1.0,1.0,1.0,1.0
140.4,1.0,1.0,1.0,1.0,1.0,1.0
140.5,1.0,1.0,1.0,1.0,1.0,1.0
140.6,1.0,1.0,1.0,1.0,1.0,1.0
140.70000000000002,1.0,1.0,1.0,1.0,1.0,1.0
140.8,1.0,1.0,1.0,1.0,1.0,1.0
140.9,1.0,1.0,1.0,1.0,1.0,1.0
141.0,1.0,1.0,1.0,1.0,1.0,1.0
141.1,1.0,1.0,1.0,1.0,1.0,1.0
141.20000000000002,1.0,1.0,1.0,1.0,1.0,1.0
141.3,1.0,1.0,1.0,1.0,1.0,1.0
141.4,1.0,1.0,1.0,1.0,1.0,1.0
141.5,1.0,1.0,1.0,1.0,1.0,1.0
141.6,1.0,1.0,1.0,1.0,1.0,1.0
141.70000000000002,1.0,1.0,1.0,1.0,1.0,1.0
141.8,1.0,1.0,1.0,1.0,1.0,1.0
141.9,1.0,1.0,1.0,1.0,1.0,1.0
142.0,1.0,1.0,1.0,1.0,1.0,1.0
142.1,1.0,1.0,1.0,1.0,1.0,1.0
142.20000000000002,1.0,1.0,1.0,1.0,1.0,1.0
142.3,1.0,1.0,1.0,1.0,1.0,1.0
142.4,1.0,1.0,1.0,1.0,1.0,1.0
142.5,1.0,1.0,1.0,1.0,1.0,1.0
142.6,1.0,1.0,1.0,1.0,1.0,1.0
142.70000000000002,1.0,1.0,1.0,1.0,1.0,1.0
142.8,1.0,1.0,1.0,1.0,1.0,1.0
142.9,1.0,1.0,1.0,1.0,1.0,1.0
143.0,1.0,1.0,1.0,1.0,1.0,1.0
143.1,1.0,1.0,1.0,1.0,1.0,1.0
143.20000000000002,1.0,1.0,1.0,1.0,1.0,1.0
143.3,1.0,1.0,1.0,1.0,1.0,1.0
143.4,1.0,1.0,1.0,1.0,1.0,1.0
143.5,1.0,1.0,1.0,1.0,1.0,1.0
143.6,1.0,1.0,1.0,1.0,1.0,1.0
143.70000000000002,1.0,1.0,1.0,1.0,1.0,1.0
143.8,1.0,1.0,1.0,1.0,1.0,1.0
143.9,1.0,1.0,1.0,1.0,1.0,1.0
144.0,1.0,1.0,1.0,1.0,1.0,1.0
144.1,1.0,1.0,1.0,1.0,1.0,1.0
144.20000000000002,1.0,1.0,1.0,1.0,1.0,1.0
144.3,1.0,1.0,1.0,1.0,1.0,1.0
144.4,1.0,1.0,1.0,1.0,1.0,1.0
144.5,1.0,1.0,1.0,1.0,1.0,1.0
144.6,1.0,1.0,1.0,1.0,1.0,1.0
144.70000000000002,1.0,1.0,1.0,1.0,1.0,1.0
144.8,1.0,1.0,1.0,1.0,1.0,1.0
144.9,1.0,1.0,1.0,1.0,1.0,1.0
145.0,1.0,1.0,1.0,1.0,1.0,1.0
145.1,1.0,1.0,1.0,1.0,1.0,1.0
145.20000000000002,1.0,1.0,1.0,1.0,1.0,1.0
145.3,1.0,1.0,1.0,1.0,1.0,1.0
145.4,1.0,1.0,1.0,1.0,1.0,1.0
145.5,1.0,1.0,1.0,1.0,1.0,1.0
145.6,1.0,1.0,1.0,1.0,1.0,1.0
145.70000000000002,1.0,1.0,1.0,1.0,1.0,1.0
145.8,1.0,1.0,1.0,1.0,1.0,1.0
145.9,1.0,1.0,1.0,1.0,1.0,1.0
146.0,1.0,1.0,1.0,1.0,1.0,1.0
146.1,1.0,1.0,1.0,1.0,1.0,1.0
146.20000000000002,1.0,1.0,1.0,1.0,1.0,1.0
146.3,1.0,1.0,1.0,1.0,1.0,1.0
146.4,1.0,1.0,1.0,1.0,1.0,1.0
146.5,1.0,1.0,1.0,1.0,1.0,1.0
146.6,1.0,1.0,1.0,1.0,1.0,1.0
146.70000000000002,1.0,1.0,1.0,1.0,1.0,1.0
146.8,1.0,1.0,1.0,1.0,1.0,1.0
146.9,1.0,1.0,1.0,1.0,1.0,1.0
147.0,1.0,1.0,1.0,1.0,1.0,1.0
147.1,1.0,1.0,1.0,1.0,1.0,1.0
147.20000000000002,1.0,1.0,1.0,1.0,1.0,1.0
147.3,1.0,1.0,1.0,1.0,1.0,1.0
147.4,1.0,1.0,1.0,1.0,1.0,1.0
147.5,1.0,1.0,1.0,1.0,1.0,1.0
147.6,1.0,1.0,1.0,1.0,1.0,1.0
147.70000000000002,1.0,1.0,1.0,1.0,1.0,1.0
147.8,1.0,1.0,1.0,1.0,1.0,1.0
147.9,1.0,1.0,1.0,1.0,1.0,1.0
148.0,1.0,1.0,1.0,1.0,1.0,1.0
148.1,1.0,1.0,1.0,1.0,1.0,1.0
148.20000000000002,1.0,1.0,1.0,1.0,1.0,1.0
148.3,1.0,1.0,1.0,1.0,1.0,1.0
148.4,1.0,1.0,1.0,1.0,1.0,1.0
148.5,1.0,1.0,1.0,1.0,1.0,1.0
148.6,1.0,1.0,1.0,1.0,1.0,1.0
148.70000000000002,1.0,1.0,1.0,1.0,1.0,1.0
148.8,1.0,1.0,1.0,1.0,1.0,1.0
148.9,1.0,1.0,1.0,1.0,1.0,1.0
149.0,1.0,1.0,1.0,1.0,1.0,1.0
149.1,1.0,1.0,1.0,1.0,1.0,1.0
149.20000000000002,1.0,1.0,1.0,1.0,1.0,1.0
149.3,1.0,1.0,1.0,1.0,1.0,1.0
149.4,1.0,1.0,1.0,1.0,1.0,1.0
149.5,1.0,1.0,1.0,1.0,1.0,1.0
149.6,1.0,1.0,1.0,1.0,1.0,1.0
149.70000000000002,1.0,1.0,1.0,1.0,1.0,1.0
149.8,1.0,1.0,1.0,1.0,1.0,1.0
149.9,1.0,1.0,1.0,1.0,1.0,1.0
150.0,1.0,1.0,1.0,1.0,1.0,1.0
150.1,1.0,1.0,1.0,1.0,1.0,1.0
150.20000000000002,1.0,1.0,1.0,1.0,1.0,1.0
150.3,1.0,1.0,1.0,1.0,1.0,1.0
150.4,1.0,1.0,1.0,1.0,1.0,1.0
150.5,1.0,1.0,1.0,1.0,1.0,1.0
150.6,1.0,1.0,1.0,1.0,1.0,1.0
150.70000000000002,1.0,1.0,1.0,1.0,1.0,1.0
150.8,1.0,1.0,1.0,1.0,1.0,1.0
150.9,1.0,1.0,1.0,1.0,1.0,1.0
151.0,1.0,1.0,1.0,1.0,1.0,1.0
151.1,1.0,1.0,1.0,1.0,1.0,1.0
151.20000000000002,1.0,1.0,1.0,1.0,1.0,1.0
151.3,1.0,1.0,1.0,1.0,1.0,1.0
151.4,1.0,1.0,1.0,1.0,1.0,1.0
151.5,1.0,1.0,1.0,1.0,1.0,1.0
151.6,1.0,1.0,1.0,1.0,1.0,1.0
151.70000000000002,1.0,1.0,1.0,1.0,1.0,1.0
151.8,1.0,1.0,1.0,1.0,1.0,1.0
151.9,1.0,1.0,1.0,1.0,1.0,1.0
152.0,1.0,1.0,1.0,1.0,1.0,1.0
152.1,1.0,1.0,1.0,1.0,1.0,1.0
152.20000000000002,1.0,1.0,1.0,1.0,1.0,1.0
152.3,1.0,1.0,1.0,1.0,1.0,1.0
152.4,1.0,1.0,1.0,1.0,1.0,1.0
152.5,1.0,1.0,1.0,1.0,1.0,1.0
152.6,1.0,1.0,1.0,1.0,1.0,1.0
152.70000000000002,1.0,1.0,1.0,1.0,1.0,1.0
152.8,1.0,1.0,1.0,1.0,1.0,1.0
152.9,1.0,1.0,1.0,1.0,1.0,1.0
153.0,1.0,1.0,1.0,1.0,1.0,1.0
153.1,1.0,1.0,1.0,1.0,1.0,1.0
153.20000000000002,1.0,1.0,1.0,1.0,1.0,1.0
153.3,1.0,1.0,1.0,1.0,1.0,1.0
153.4,1.0,1.0,1.0,1.0,1.0,1.0
153.5,1.0,1.0,1.0,1.0,1.0,1.0
153.60000000000002,1.0,1.0,1.0,1.0,1.0,1.0
153.70000000000002,1.0,1.0,1.0,1.0,1.0,1.0
153.8,1.0,1.0,1.0,1.0,1.0,1.0
153.9,1.0,1.0,1.0,1.0,1.0,1.0
154.0,1.0,1.0,1.0,1.0,1.0,1.0
154.10000000000002,1.0,1.0,1.0,1.0,1.0,1.0
154.20000000000002,1.0,1.0,1.0,1.0,1.0,1.0
154.3,1.0,1.0,1.0,1.0,1.0,1.0
154.4,1.0,1.0,1.0,1.0,1.0,1.0
154.5,1.0,1.0,1.0,1.0,1.0,1.0
154.60000000000002,1.0,1.0,1.0,1.0,1.0,1.0
154.70000000000002,1.0,1.0,1.0,1.0,1.0,1.0
154.8,1.0,1.0,1.0,1.0,1.0,1.0
154.9,1.0,1.0,1.0,1.0,1.0,1.0
155.0,1.0,1.0,1.0,1.0,1.0,1.0
155.10000000000002,1.0,1.0,1.0,1.0,1.0,1.0
155.20000000000002,1.0,1.0,1.0,1.0,1.0,1.0
155.3,1.0,1.0,1.0,1.0,1.0,1.0
155.4,1.0,1.0,1.0,1.0,1.0,1.0
155.5,1.0,1.0,1.0,1.0,1.0,1.0
155.60000000000002,1.0,1.0,1.0,1.0,1.0,1.0
155.70000000000002,1.0,1.0,1.0,1.0,1.0,1.0
155.8,1.0,1.0,1.0,1.0,1.0,1.0
155.9,1.0,1.0,1.0,1.0,1.0,1.0
156.0,1.0,1.0,1.0,1.0,1.0,1.0
156.10000000000002,1.0,1.0,1.0,1.0,1.0,1.0
156.20000000000002,1.0,1.0,1.0,1.0,1.0,1.0
156.3,1.0,1.0,1.0,1.0,1.0,1.0
156.4,1.0,1.0,1.0,1.0,1.0,1.0
156.5,1.0,1.0,1.0,1.0,1.0,1.0
156.60000000000002,1.0,1.0,1.0,1.0,1.0,1.0
156.70000000000002,1.0,1.0,1.0,1.0,1.0,1.0
156.8,1.0,1.0,1.0,1.0,1.0,1.0
156.9,1.0,1.0,1.0,1.0,1.0,1.0
157.0,1.0,1.0,1.0,1.0,1.0,1.0
157.10000000000002,1.0,1.0,1.0,1.0,1.0,1.0
157.20000000000002,1.0,1.0,1.0,1.0,1.0,1.0
157.3,1.0,1.0,1.0,1.0,1.0,1.0
157.4,1.0,1.0,1.0,1.0,1.0,1.0
157.5,1.0,1.0,1.0,1.0,1.0,1.0
157.60000000000002,1.0,1.0,1.0,1.0,1.0,1.0
157.70000000000002,1.0,1.0,1.0,1.0,1.0,1.0
157.8,1.0,1.0,1.0,1.0,1.0,1.0
157.9,1.0,1.0,1.0,1.0,1.0,1.0
158.0,1.0,1.0,1.0,1.0,1.0,1.0
158.10000000000002,1.0,1.0,1.0,1.0,1.0,1.0
158.20000000000002,1.0,1.0,1.0,1.0,1.0,1.0
158.3,1.0,1.0,1.0,1.0,1.0,1.0
158.4,1.0,1.0,1.0,1.0,1.0,1.0
158.5,1.0,1.0,1.0,1.0,1.0,1.0
158.60000000000002,1.0,1.0,1.0,1.0,1.0,1.0
158.70000000000002,1.0,1.0,1.0,1.0,1.0,1.0
158.8,1.0,1.0,1.0,1.0,1.0,1.0
158.9,1.0,1.0,1.0,1.0,1.0,1.0
159.0,1.0,1.0,1.0,1.0,1.0,1.0
159.10000000000002,1.0,1.0,1.0,1.0,1.0,1.0
159.20000000000002,1.0,1.0,1.0,1.0,1.0,1.0
159.3,1.0,1.0,1.0,1.0,1.0,1.0
159.4,1.0,1.0,1.0,1.0,1.0,1.0
159.5,1.0,1.0,1.0,1.0,1.0,1.0
159.60000000000002,1.0,1.0,1.0,1.0,1.0,1.0
159.70000000000002,1.0,1.0,1.0,1.0,1.0,1.0
159.8,1.0,1.0,1.0,1.0,1.0,1.0
159.9,1.0,1.0,1.0,1.0,1.0,1.0
160.0,1.0,1.0,1.0,1.0,1.0,1.0
160.10000000000002,1.0,1.0,1.0,1.0,1.0,1.0
160.20000000000002,1.0,1.0,1.0,1.0,1.0,1.0
160.3,1.0,1.0,1.0,1.0,1.0,1.0
160.4,1.0,1.0,1.0,1.0,1.0,1.0
160.5,1.0,1.0,1.0,1.0,1.0,1.0
160.60000000000002,1.0,1.0,1.0,1.0,1.0,1.0
160.70000000000002,1.0,1.0,1.0,1.0,1.0,1.0
160.8,1.0,1.0,1.0,1.0,1.0,1.0
160.9,1.0,1.0,1.0,1.0,1.0,1.0
161.0,1.0,1.0,1.0,1.0,1.0,1.0
161.10000000000002,1.0,1.0,1.0,1.0,1.0,1.0
161.20000000000002,1.0,1.0,1.0,1.0,1.0,1.0
161.3,1.0,1.0,1.0,1.0,1.0,1.0
161.4,1.0,1.0,1.0,1.0,1.0,1.0
161.5,1.0,1.0,1.0,1.0,1.0,1.0
161.60000000000002,1.0,1.0,1.0,1.0,1.0,1.0
161.70000000000002,1.0,1.0,1.0,1.0,1.0,1.0
161.8,1.0,1.0,1.0,1.0,1.0,1.0
161.9,1.0,1.0,1.0,1.0,1.0,1.0
162.0,1.0,1.0,1.0,1.0,1.0,1.0
162.10000000000002,1.0,1.0,1.0,1.0,1.0,1.0
162.20000000000002,1.0,1.0,1.0,1.0,1.0,1.0
162.3,1.0,1.0,1.0,1.0,1.0,1.0
162.4,1.0,1.0,1.0,1.0,1.0,1.0
162.5,1.0,1.0,1.0,1.0,1.0,1.0
162.60000000000002,1.0,1.0,1.0,1.0,1.0,1.0
162.70000000000002,1.0,1.0,1.0,1.0,1.0,1.0
162.8,1.0,1.0,1.0,1.0,1.0,1.0
162.9,1.0,1.0,1.0,1.0,1.0,1.0
163.0,1.0,1.0,1.0,1.0,1.0,1.0
163.10000000000002,1.0,1.0,1.0,1.0,1.0,1.0
163.20000000000002,1.0,1.0,1.0,1.0,1.0,1.0
163.3,1.0,1.0,1.0,1.0,1.0,1.0
163.4,1.0,1.0,1.0,1.0,1.0,1.0
163.5,1.0,1.0,1.0,1.0,1.0,1.0
163.60000000000002,1.0,1.0,1.0,1.0,1.0,1.0
163.70000000000002,1.0,1.0,1.0,1.0,1.0,1.0
163.8,1.0,1.0,1.0,1.0,1.0,1.0
163.9,1.0,1.0,1.0,1.0,1.0,1.0
164.0,1.0,1.0,1.0,1.0,1.0,1.0
164.10000000000002,1.0,1.0,1.0,1.0,1.0,1.0
164.20000000000002,1.0,1.0,1.0,1.0,1.0,1.0
164.3,1.0,1.0,1.0,1.0,1.0,1.0
164.4,1.0,1.0,1.0,1.0,1.0,1.0
164.5,1.0,1.0,1.0,1.0,1.0,1.0
164.60000000000002,1.0,1.0,1.0,1.0,1.0,1.0
164.70000000000002,1.0,1.0,1.0,1.0,1.0,1.0
164.8,1.0,1.0,1.0,1.0,1.0,1.0
164.9,1.0,1.0,1.0,1.0,1.0,1.0
165.0,1.0,1.0,1.0,1.0,1.0,1.0
165.10000000000002,1.0,1.0,1.0,1.0,1.0,1.0
165.20000000000002,1.0,1.0,1.0,1.0,1.0,1.0
165.3,1.0,1.0,1.0,1.0,1.0,1.0
165.4,1.0,1.0,1.0,1.0,1.0,1.0
165.5,1.0,1.0,1.0,1.0,1.0,1.0
165.60000000000002,1.0,1.0,1.0,1.0,1.0,1.0
165.70000000000002,1.0,1.0,1.0,1.0,1.0,1.0
165.8,1.0,1.0,1.0,1.0,1.0,1.0
165.9,1.0,1.0,1.0,1.0,1.0,1.0
166.0,1.0,1.0,1.0,1.0,1.0,1.0
166.10000000000002,1.0,1.0,1.0,1.0,1.0,1.0
166.20000000000002,1.0,1.0,1.0,1.0,1.0,1.0
166.3,1.0,1.0,1.0,1.0,1.0,1.0
166.4,1.0,1.0,1.0,1.0,1.0,1.0
166.5,1.0,1.0,1.0,1.0,1.0,1.0
166.60000000000002,1.0,1.0,1.0,1.0,1.0,1.0
166.70000000000002,1.0,1.0,1.0,1.0,1.0,1.0
166.8,1.0,1.0,1.0,1.0,1.0,1.0
166.9,1.0,1.0,1.0,1.0,1.0,1.0
167.0,1.0,1.0,1.0,1.0,1.0,1.0
167.10000000000002,1.0,1.0,1.0,1.0,1.0,1.0
167.20000000000002,1.0,1.0,1.0,1.0,1.0,1.0
167.3,1.0,1.0,1.0,1.0,1.0,1.0
167.4,1.0,1.0,1.0,1.0,1.0,1.0
167.5,1.0,1.0,1.0,1.0,1.0,1.0
167.60000000000002,1.0,1.0,1.0,1.0,1.0,1.0
167.70000000000002,1.0,1.0,1.0,1.0,1.0,1.0
167.8,1.0,1.0,1.0,1.0,1.0,1.0
167.9,1.0,1.0,1.0,1.0,1.0,1.0
168.0,1.0,1.0,1.0,1.0,1.0,1.0
168.10000000000002,1.0,1.0,1.0,1.0,1.0,1.0
168.20000000000002,1.0,1.0,1.0,1.0,1.0,1.0
168.3,1.0,1.0,1.0,1.0,1.0,1.0
168.4,1.0,1.0,1.0,1.0,1.0,1.0
168.5,1.0,1.0,1.0,1.0,1.0,1.0
168.60000000000002,1.0,1.0,1.0,1.0,1.0,1.0
168.70000000000002,1.0,1.0,1.0,1.0,1.0,1.0
168.8,1.0,1.0,1.0,1.0,1.0,1.0
168.9,1.0,1.0,1.0,1.0,1.0,1.0
169.0,1.0,1.0,1.0,1.0,1.0,1.0
169.10000000000002,1.0,1.0,1.0,1.0,1.0,1.0
169.20000000000002,1.0,1.0,1.0,1.0,1.0,1.0
169.3,1.0,1.0,1.0,1.0,1.0,1.0
169.4,1.0,1.0,1.0,1.0,1.0,1.0
169.5,1.0,1.0,1.0,1.0,1.0,1.0
169.60000000000002,1.0,1.0,1.0,1.0,1.0,1.0
169.70000000000002,1.0,1.0,1.0,1.0,1.0,1.0
169.8,1.0,1.0,1.0,1.0,1.0,1.0
169.9,1.0,1.0,1.0,1.0,1.0,1.0
170.0,1.0,1.0,1.0,1.0,1.0,1.0
170.10000000000002,1.0,1.0,1.0,1.0,1.0,1.0
170.20000000000002,1.0,1.0,1.0,1.0,1.0,1.0
170.3,1.0,1.0,1.0,1.0,1.0,1.0
170.4,1.0,1.0,1.0,1.0,1.0,1.0
170.5,1.0,1.0,1.0,1.0,1.0,1.0
170.60000000000002,1.0,1.0,1.0,1.0,1.0,1.0
170.70000000000002,1.0,1.0,1.0,1.0,1.0,1.0
170.8,1.0,1.0,1.0,1.0,1.0,1.0
170.9,1.0,1.0,1.0,1.0,1.0,1.0
171.0,1.0,1.0,1.0,1.0,1.0,1.0
171.10000000000002,1.0,1.0,1.0,1.0,1.0,1.0
171.20000000000002,1.0,1.0,1.0,1.0,1.0,1.0
171.3,1.0,1.0,1.0,1.0,1.0,1.0
171.4,1.0,1.0,1.0,1.0,1.0,1.0
171.5,1.0,1.0,1.0,1.0,1.0,1.0
171.60000000000002,1.0,1.0,1.0,1.0,1.0,1.0
171.70000000000002,1.0,1.0,1.0,1.0,1.0,1.0
171.8,1.0,1.0,1.0,1.0,1.0,1.0
171.9,1.0,1.0,1.0,1.0,1.0,1.0
172.0,1.0,1.0,1.0,1.0,1.0,1.0
172.10000000000002,1.0,1.0,1.0,1.0,1.0,1.0
172.20000000000002,1.0,1.0,1.0,1.0,1.0,1.0
172.3,1.0,1.0,1.0,1.0,1.0,1.0
172.4,1.0,1.0,1.0,1.0,1.0,1.0
172.5,1.0,1.0,1.0,1.0,1.0,1.0
172.60000000000002,1.0,1.0,1.0,1.0,1.0,1.0
172.70000000000002,1.0,1.0,1.0,1.0,1.0,1.0
172.8,1.0,1.0,1.0,1.0,1.0,1.0
172.9,1.0,1.0,1.0,1.0,1.0,1.0
173.0,1.0,1.0,1.0,1.0,1.0,1.0
173.10000000000002,1.0,1.0,1.0,1.0,1.0,1.0
173.20000000000002,1.0,1.0,1.0,1.0,1.0,1.0
173.3,1.0,1.0,1.0,1.0,1.0,1.0
173.4,1.0,1.0,1.0,1.0,1.0,1.0
173.5,1.0,1.0,1.0,1.0,1.0,1.0
173.60000000000002,1.0,1.0,1.0,1.0,1.0,1.0
173.70000000000002,1.0,1.0,1.0,1.0,1.0,1.0
173.8,1.0,1.0,1.0,1.0,1.0,1.0
173.9,1.0,1.0,1.0,1.0,1.0,1.0
174.0,1.0,1.0,1.0,1.0,1.0,1.0
174.10000000000002,1.0,1.0,1.0,1.0,1.0,1.0
174.20000000000002,1.0,1.0,1.0,1.0,1.0,1.0
174.3,1.0,1.0,1.0,1.0,1.0,1.0
174.4,1.0,1.0,1.0,1.0,1.0,1.0
174.5,1.0,1.0,1.0,1.0,1.0,1.0
174.60000000000002,1.0,1.0,1.0,1.0,1.0,1.0
174.70000000000002,1.0,1.0,1.0,1.0,1.0,1.0
174.8,1.0,1.0,1.0,1.0,1.0,1.0
174.9,1.0,1.0,1.0,1.0,1.0,1.0
175.0,1.0,1.0,1.0,1.0,1.0,1.0
175.10000000000002,1.0,1.0,1.0,1.0,1.0,1.0
175.20000000000002,1.0,1.0,1.0,1.0,1.0,1.0
175.3,1.0,1.0,1.0,1.0,1.0,1.0
175.4,1.0,1.0,1.0,1.0,1.0,1.0
175.5,1.0,1.0,1.0,1.0,1.0,1.0
175.60000000000002,1.0,1.0,1.0,1.0,1.0,1.0
175.70000000000002,1.0,1.0,1.0,1.0,1.0,1.0
175.8,1.0,1.0,1.0,1.0,1.0,1.0
175.9,1.0,1.0,1.0,1.0,1.0,1.0
176.0,1.0,1.0,1.0,1.0,1.0,1.0
176.10000000000002,1.0,1.0,1.0,1.0,1.0,1.0
176.20000000000002,1.0,1.0,1.0,1.0,1.0,1.0
176.3,1.0,1.0,1.0,1.0,1.0,1.0
176.4,1.0,1.0,1.0,1.0,1.0,1.0
176.5,1.0,1.0,1.0,1.0,1.0,1.0
176.60000000000002,1.0,1.0,1.0,1.0,1.0,1.0
176.70000000000002,1.0,1.0,1.0,1.0,1.0,1.0
176.8,1.0,1.0,1.0,1.0,1.0,1.0
176.9,1.0,1.0,1.0,1.0,1.0,1.0
177.0,1.0,1.0,1.0,1.0,1.0,1.0
177.10000000000002,1.0,1.0,1.0,1.0,1.0,1.0
177.20000000000002,1.0,1.0,1.0,1.0,1.0,1.0
177.3,1.0,1.0,1.0,1.0,1.0,1.0
177.4,1.0,1.0,1.0,1.0,1.0,1.0
177.5,1.0,1.0,1.0,1.0,1.0,1.0
177.60000000000002,1.0,1.0,1.0,1.0,1.0,1.0
177.70000000000002,1.0,1.0,1.0,1.0,1.0,1.0
177.8,1.0,1.0,1.0,1.0,1.0,1.0
177.9,1.0,1.0,1.0,1.0,1.0,1.0
178.0,1.0,1.0,1.0,1.0,1.0,1.0
178.10000000000002,1.0,1.0,1.0,1.0,1.0,1.0
178.20000000000002,1.0,1.0,1.0,1.0,1.0,1.0
178.3,1.0,1.0,1.0,1.0,1.0,1.0
178.4,1.0,1.0,1.0,1.0,1.0,1.0
178.5,1.0,1.0,1.0,1.0,1.0,1.0
178.60000000000002,1.0,1.0,1.0,1.0,1.0,1.0
178.70000000000002,1.0,1.0,1.0,1.0,1.0,1.0
178.8,1.0,1.0,1.0,1.0,1.0,1.0
178.9,1.0,1.0,1.0,1.0,1.0,1.0
179.0,1.0,1.0,1.0,1.0,1.0,1.0
179.10000000000002,1.0,1.0,1.0,1.0,1.0,1.0
179.20000000000002,1.0,1.0,1.0,1.0,1.0,1.0
179.3,1.0,1.0,1.0,1.0,1.0,1.0
179.4,1.0,1.0,1.0,1.0,1.0,1.0
179.5,1.0,1.0,1.0,1.0,1.0,1.0
179.60000000000002,1.0,1.0,1.0,1.0,1.0,1.0
179.70000000000002,1.0,1.0,1.0,1.0,1.0,1.0
179.8,1.0,1.0,1.0,1.0,1.0,1.0
179.9,1.0,1.0,1.0,1.0,1.0,1.0
180.0,1.0,1.0,1.0,1.0,1.0,1.0
180.10000000000002,1.0,1.0,1.0,1.0,1.0,1.0
180.20000000000002,1.0,1.0,1.0,1.0,1.0,1.0
180.3,1.0,1.0,1.0,1.0,1.0,1.0
180.4,1.0,1.0,1.0,1.0,1.0,1.0
180.5,1.0,1.0,1.0,1.0,1.0,1.0
180.60000000000002,1.0,1.0,1.0,1.0,1.0,1.0
180.70000000000002,1.0,1.0,1.0,1.0,1.0,1.0
180.8,1.0,1.0,1.0,1.0,1.0,1.0
180.9,1.0,1.0,1.0,1.0,1.0,1.0
181.0,1.0,1.0,1.0,1.0,1.0,1.0
181.10000000000002,1.0,1.0,1.0,1.0,1.0,1.0
181.20000000000002,1.0,1.0,1.0,1.0,1.0,1.0
181.3,1.0,1.0,1.0,1.0,1.0,1.0
181.4,1.0,1.0,1.0,1.0,1.0,1.0
181.5,1.0,1.0,1.0,1.0,1.0,1.0
181.60000000000002,1.0,1.0,1.0,1.0,1.0,1.0
181.70000000000002,1.0,1.0,1.0,1.0,1.0,1.0
181.8,1.0,1.0,1.0,1.0,1.0,1.0
181.9,1.0,1.0,1.0,1.0,1.0,1.0
182.0,1.0,1.0,1.0,1.0,1.0,1.0
182.10000000000002,1.0,1.0,1.0,1.0,1.0,1.0
182.20000000000002,1.0,1.0,1.0,1.0,1.0,1.0
182.3,1.0,1.0,1.0,1.0,1.0,1.0
182.4,1.0,1.0,1.0,1.0,1.0,1.0
182.5,1.0,1.0,1.0,1.0,1.0,1.0
182.60000000000002,1.0,1.0,1.0,1.0,1.0,1.0
182.70000000000002,1.0,1.0,1.0,1.0,1.0,1.0
182.8,1.0,1.0,1.0,1.0,1.0,1.0
182.9,1.0,1.0,1.0,1.0,1.0,1.0
183.0,1.0,1.0,1.0,1.0,1.0,1.0
183.10000000000002,1.0,1.0,1.0,1.0,1.0,1.0
183.20000000000002,1.0,1.0,1.0,1.0,1.0,1.0
183.3,1.0,1.0,1.0,1.0,1.0,1.0
183.4,1.0,1.0,1.0,1.0,1.0,1.0
183.5,1.0,1.0,1.0,1.0,1.0,1.0
183.60000000000002,1.0,1.0,1.0,1.0,1.0,1.0
183.70000000000002,1.0,1.0,1.0,1.0,1.0,1.0
183.8,1.0,1.0,1.0,1.0,1.0,1.0
183.9,1.0,1.0,1.0,1.0,1.0,1.0
184.0,1.0,1.0,1.0,1.0,1.0,1.0
184.10000000000002,1.0,1.0,1.0,1.0,1.0,1.0
184.20000000000002,1.0,1.0,1.0,1.0,1.0,1.0
184.3,1.0,1.0,1.0,1.0,1.0,1.0
184.4,1.0,1.0,1.0,1.0,1.0,1.0
184.5,1.0,1.0,1.0,1.0,1.0,1.0
184.60000000000002,1.0,1.0,1.0,1.0,1.0,1.0
184.70000000000002,1.0,1.0,1.0,1.0,1.0,1.0
184.8,1.0,1.0,1.0,1.0,1.0,1.0
184.9,1.0,1.0,1.0,1.0,1.0,1.0
185.0,1.0,1.0,1.0,1.0,1.0,1.0
185.10000000000002,1.0,1.0,1.0,1.0,1.0,1.0
185.20000000000002,1.0,1.0,1.0,1.0,1.0,1.0
185.3,1.0,1.0,1.0,1.0,1.0,1.0
185.4,1.0,1.0,1.0,1.0,1.0,1.0
185.5,1.0,1.0,1.0,1.0,1.0,1.0
185.60000000000002,1.0,1.0,1.0,1.0,1.0,1.0
185.70000000000002,1.0,1.0,1.0,1.0,1.0,1.0
185.8,1.0,1.0,1.0,1.0,1.0,1.0
185.9,1.0,1.0,1.0,1.0,1.0,1.0
186.0,1.0,1.0,1.0,1.0,1.0,1.0
186.10000000000002,1.0,1.0,1.0,1.0,1.0,1.0
186.20000000000002,1.0,1.0,1.0,1.0,1.0,1.0
186.3,1.0,1.0,1.0,1.0,1.0,1.0
186.4,1.0,1.0,1.0,1.0,1.0,1.0
186.5,1.0,1.0,1.0,1.0,1.0,1.0
186.60000000000002,1.0,1.0,1.0,1.0,1.0,1.0
186.70000000000002,1.0,1.0,1.0,1.0,1.0,1.0
186.8,1.0,1.0,1.0,1.0,1.0,1.0
186.9,1.0,1.0,1.0,1.0,1.0,1.0
187.0,1.0,1.0,1.0,1.0,1.0,1.0
187.10000000000002,1.0,1.0,1.0,1.0,1.0,1.0
187.20000000000002,1.0,1.0,1.0,1.0,1.0,1.0
187.3,1.0,1.0,1.0,1.0,1.0,1.0
187.4,1.0,1.0,1.0,1.0,1.0,1.0
187.5,1.0,1.0,1.0,1.0,1.0,1.0
187.60000000000002,1.0,1.0,1.0,1.0,1.0,1.0
187.70000000000002,1.0,1.0,1.0,1.0,1.0,1.0
187.8,1.0,1.0,1.0,1.0,1.0,1.0
187.9,1.0,1.0,1.0,1.0,1.0,1.0
188.0,1.0,1.0,1.0,1.0,1.0,1.0
188.10000000000002,1.0,1.0,1.0,1.0,1.0,1.0
188.20000000000002,1.0,1.0,1.0,1.0,1.0,1.0
188.3,1.0,1.0,1.0,1.0,1.0,1.0
188.4,1.0,1.0,1.0,1.0,1.0,1.0
188.5,1.0,1.0,1.0,1.0,1.0,1.0
188.60000000000002,1.0,1.0,1.0,1.0,1.0,1.0
188.70000000000002,1.0,1.0,1.0,1.0,1.0,1.0
188.8,1.0,1.0,1.0,1.0,1.0,1.0
188.9,1.0,1.0,1.0,1.0,1.0,1.0
189.0,1.0,1.0,1.0,1.0,1.0,1.0
189.10000000000002,1.0,1.0,1.0,1.0,1.0,1.0
189.20000000000002,1.0,1.0,1.0,1.0,1.0,1.0
189.3,1.0,1.0,1.0,1.0,1.0,1.0
189.4,1.0,1.0,1.0,1.0,1.0,1.0
189.5,1.0,1.0,1.0,1.0,1.0,1.0
189.60000000000002,1.0,1.0,1.0,1.0,1.0,1.0
189.70000000000002,1.0,1.0,1.0,1.0,1.0,1.0
189.8,1.0,1.0,1.0,1.0,1.0,1.0
189.9,1.0,1.0,1.0,1.0,1.0,1.0
190.0,1.0,1.0,1.0,1.0,1.0,1.0
190.10000000000002,1.0,1.0,1.0,1.0,1.0,1.0
190.20000000000002,1.0,1.0,1.0,1.0,1.0,1.0
190.3,1.0,1.0,1.0,1.0,1.0,1.0
190.4,1.0,1.0,1.0,1.0,1.0,1.0
190.5,1.0,1.0,1.0,1.0,1.0,1.0
190.60000000000002,1.0,1.0,1.0,1.0,1.0,1.0
190.70000000000002,1.0,1.0,1.0,1.0,1.0,1.0
190.8,1.0,1.0,1.0,1.0,1.0,1.0
190.9,1.0,1.0,1.0,1.0,1.0,1.0
191.0,1.0,1.0,1.0,1.0,1.0,1.0
191.10000000000002,1.0,1.0,1.0,1.0,1.0,1.0
191.20000000000002,1.0,1.0,1.0,1.0,1.0,1.0
191.3,1.0,1.0,1.0,1.0,1.0,1.0
191.4,1.0,1.0,1.0,1.0,1.0,1.0
191.5,1.0,1.0,1.0,1.0,1.0,1.0
191.60000000000002,1.0,1.0,1.0,1.0,1.0,1.0
191.70000000000002,1.0,1.0,1.0,1.0,1.0,1.0
191.8,1.0,1.0,1.0,1.0,1.0,1.0
191.9,1.0,1.0,1.0,1.0,1.0,1.0
192.0,1.0,1.0,1.0,1.0,1.0,1.0
192.10000000000002,1.0,1.0,1.0,1.0,1.0,1.0
192.20000000000002,1.0,1.0,1.0,1.0,1.0,1.0
192.3,1.0,1.0,1.0,1.0,1.0,1.0
192.4,1.0,1.0,1.0,1.0,1.0,1.0
192.5,1.0,1.0,1.0,1.0,1.0,1.0
192.60000000000002,1.0,1.0,1.0,1.0,1.0,1.0
192.70000000000002,1.0,1.0,1.0,1.0,1.0,1.0
192.8,1.0,1.0,1.0,1.0,1.0,1.0
192.9,1.0,1.0,1.0,1.0,1.0,1.0
193.0,1.0,1.0,1.0,1.0,1.0,1.0
193.10000000000002,1.0,1.0,1.0,1.0,1.0,1.0
193.20000000000002,1.0,1.0,1.0,1.0,1.0,1.0
193.3,1.0,1.0,1.0,1.0,1.0,1.0
193.4,1.0,1.0,1.0,1.0,1.0,1.0
193.5,1.0,1.0,1.0,1.0,1.0,1.0
193.60000000000002,1.0,1.0,1.0,1.0,1.0,1.0
193.70000000000002,1.0,1.0,1.0,1.0,1.0,1.0
193.8,1.0,1.0,1.0,1.0,1.0,1.0
193.9,1.0,1.0,1.0,1.0,1.0,1.0
194.0,1.0,1.0,1.0,1.0,1.0,1.0
194.10000000000002,1.0,1.0,1.0,1.0,1.0,1.0
194.20000000000002,1.0,1.0,1.0,1.0,1.0,1.0
194.3,1.0,1.0,1.0,1.0,1.0,1.0
194.4,1.0,1.0,1.0,1.0,1.0,1.0
194.5,1.0,1.0,1.0,1.0,1.0,1.0
194.60000000000002,1.0,1.0,1.0,1.0,1.0,1.0
194.70000000000002,1.0,1.0,1.0,1.0,1.0,1.0
194.8,1.0,1.0,1.0,1.0,1.0,1.0
194.9,1.0,1.0,1.0,1.0,1.0,1.0
195.0,1.0,1.0,1.0,1.0,1.0,1.0
195.10000000000002,1.0,1.0,1.0,1.0,1.0,1.0
195.20000000000002,1.0,1.0,1.0,1.0,1.0,1.0
195.3,1.0,1.0,1.0,1.0,1.0,1.0
195.4,1.0,1.0,1.0,1.0,1.0,1.0
195.5,1.0,1.0,1.0,1.0,1.0,1.0
195.60000000000002,1.0,1.0,1.0,1.0,1.0,1.0
195.70000000000002,1.0,1.0,1.0,1.0,1.0,1.0
195.8,1.0,1.0,1.0,1.0,1.0,1.0
195.9,1.0,1.0,1.0,1.0,1.0,1.0
196.0,1.0,1.0,1.0,1.0,1.0,1.0
196.10000000000002,1.0,1.0,1.0,1.0,1.0,1.0
196.20000000000002,1.0,1.0,1.0,1.0,1.0,1.0
196.3,1.0,1.0,1.0,1.0,1.0,1.0
196.4,1.0,1.0,1.0,1.0,1.0,1.0
196.5,1.0,1.0,1.0,1.0,1.0,1.0
196.60000000000002,1.0,1.0,1.0,1.0,1.0,1.0
196.70000000000002,1.0,1.0,1.0,1.0,1.0,1.0
196.8,1.0,1.0,1.0,1.0,1.0,1.0
196.9,1.0,1.0,1.0,1.0,1.0,1.0
197.0,1.0,1.0,1.0,1.0,1.0,1.0
197.10000000000002,1.0,1.0,1.0,1.0,1.0,1.0
197.20000000000002,1.0,1.0,1.0,1.0,1.0,1.0
197.3,1.0,1.0,1.0,1.0,1.0,1.0
197.4,1.0,1.0,1.0,1.0,1.0,1.0
197.5,1.0,1.0,1.0,1.0,1.0,1.0
197.60000000000002,1.0,1.0,1.0,1.0,1.0,1.0
197.70000000000002,1.0,1.0,1.0,1.0,1.0,1.0
197.8,1.0,1.0,1.0,1.0,1.0,1.0
197.9,1.0,1.0,1.0,1.0,1.0,1.0
198.0,1.0,1.0,1.0,1.0,1.0,1.0
198.10000000000002,1.0,1.0,1.0,1.0,1.0,1.0
198.20000000000002,1.0,1.0,1.0,1.0,1.0,1.0
198.3,1.0,1.0,1.0,1.0,1.0,1.0
198.4,1.0,1.0,1.0,1.0,1.0,1.0
198.5,1.0,1.0,1.0,1.0,1.0,1.0
198.60000000000002,1.0,1.0,1.0,1.0,1.0,1.0
198.70000000000002,1.0,1.0,1.0,1.0,1.0,1.0
198.8,1.0,1.0,1.0,1.0,1.0,1.0
198.9,1.0,1.0,1.0,1.0,1.0,1.0
199.0,1.0,1.0,1.0,1.0,1.0,1.0
199.10000000000002,1.0,1.0,1.0,1.0,1.0,1.0
199.20000000000002,1.0,1.0,1.0,1.0,1.0,1.0
199.3,1.0,1.0,1.0,1.0,1.0,1.0
199.4,1.0,1.0,1.0,1.0,1.0,1.0
199.5,1.0,1.0,1.0,1.0,1.0,1.0
199.60000000000002,1.0,1.0,1.0,1.0,1.0,1.0
199.70000000000002,1.0,1.0,1.0,1.0,1.0,1.0
199.8,1.0,1.0,1.0,1.0,1.0,1.0
199.9,1.0,1.0,1.0,1.0,1.0,1.0
200.0,1.0,1.0,1.0,1.0,1.0,1.0
200.10000000000002,1.0,1.0,1.0,1.0,1.0,1.0
200.20000000000002,1.0,1.0,1.0,1.0,1.0,1.0
200.3,1.0,1.0,1.0,1.0,1.0,1.0
200.4,1.0,1.0,1.0,1.0,1.0,1.0
200.5,1.0,1.0,1.0,1.0,1.0,1.0
200.60000000000002,1.0,1.0,1.0,1.0,1.0,1.0
200.70000000000002,1.0,1.0,1.0,1.0,1.0,1.0
200.8,1.0,1.0,1.0,1.0,1.0,1.0
200.9,1.0,1.0,1.0,1.0,1.0,1.0
201.0,1.0,1.0,1.0,1.0,1.0,1.0
201.10000000000002,1.0,1.0,1.0,1.0,1.0,1.0
201.20000000000002,1.0,1.0,1.0,1.0,1.0,1.0
201.3,1.0,1.0,1.0,1.0,1.0,1.0
201.4,1.0,1.0,1.0,1.0,1.0,1.0
201.5,1.0,1.0,1.0,1.0,1.0,1.0
201.60000000000002,1.0,1.0,1.0,1.0,1.0,1.0
201.70000000000002,1.0,1.0,1.0,1.0,1.0,1.0
201.8,1.0,1.0,1.0,1.0,1.0,1.0
201.9,1.0,1.0,1.0,1.0,1.0,1.0
202.0,1.0,1.0,1.0,1.0,1.0,1.0
202.10000000000002,1.0,1.0,1.0,1.0,1.0,1.0
202.20000000000002,1.0,1.0,1.0,1.0,1.0,1.0
202.3,1.0,1.0,1.0,1.0,1.0,1.0
202.4,1.0,1.0,1.0,1.0,1.0,1.0
202.5,1.0,1.0,1.0,1.0,1.0,1.0
202.60000000000002,1.0,1.0,1.0,1.0,1.0,1.0
202.70000000000002,1.0,1.0,1.0,1.0,1.0,1.0
202.8,1.0,1.0,1.0,1.0,1.0,1.0
202.9,1.0,1.0,1.0,1.0,1.0,1.0
203.0,1.0,1.0,1.0,1.0,1.0,1.0
203.10000000000002,1.0,1.0,1.0,1.0,1.0,1.0
203.20000000000002,1.0,1.0,1.0,1.0,1.0,1.0
203.3,1.0,1.0,1.0,1.0,1.0,1.0
203.4,1.0,1.0,1.0,1.0,1.0,1.0
203.5,1.0,1.0,1.0,1.0,1.0,1.0
203.60000000000002,1.0,1.0,1.0,1.0,1.0,1.0
203.70000000000002,1.0,1.0,1.0,1.0,1.0,1.0
203.8,1.0,1.0,1.0,1.0,1.0,1.0
203.9,1.0,1.0,1.0,1.0,1.0,1.0
204.0,1.0,1.0,1.0,1.0,1.0,1.0
204.10000000000002,1.0,1.0,1.0,1.0,1.0,1.0
204.20000000000002,1.0,1.0,1.0,1.0,1.0,1.0
204.3,1.0,1.0,1.0,1.0,1.0,1.0
204.4,1.0,1.0,1.0,1.0,1.0,1.0
204.5,1.0,1.0,1.0,1.0,1.0,1.0
204.60000000000002,1.0,1.0,1.0,1.0,1.0,1.0
204.70000000000002,1.0,1.0,1.0,1.0,1.0,1.0
204.8,1.0,1.0,1.0,1.0,1.0,1.0
