x, 11, 12, 21, 22
0.015340, -9.429910e+01, -9.423453e+01, -9.423453e+01, -9.417025e+01
0.030680, -9.445714e+01, -9.411377e+01, -9.411377e+01, -9.377566e+01
0.046019, -9.466812e+01, -9.390960e+01, -9.390960e+01, -9.317870e+01
0.061359, -9.486942e+01, -9.361815e+01, -9.361815e+01, -9.245342e+01
0.076699, -9.499884e+01, -9.323613e+01, -9.323613e+01, -9.167385e+01
0.092039, -9.500810e+01, -9.276309e+01, -9.276309e+01, -9.089596e+01
0.107379, -9.487006e+01, -9.220252e+01, -9.220252e+01, -9.014828e+01
0.122718, -9.457898e+01, -9.156123e+01, -9.156123e+01, -8.943283e+01
0.138058, -9.414569e+01, -9.084808e+01, -9.084808e+01, -8.873258e+01
0.153398, -9.359017e+01, -9.007283e+01, -9.007283e+01, -8.802096e+01
0.168738, -9.293422e+01, -8.924516e+01, -8.924516e+01, -8.727092e+01
0.184078, -9.219585e+01, -8.837392e+01, -8.837392e+01, -8.646181e+01
0.199418, -9.138626e+01, -8.746652e+01, -8.746652e+01, -8.558304e+01
0.214757, -9.050974e+01, -8.652856e+01, -8.652856e+01, -8.463436e+01
0.230097, -8.956575e+01, -8.556355e+01, -8.556355e+01, -8.362362e+01
0.245437, -8.855210e+01, -8.457265e+01, -8.457265e+01, -8.256322e+01
0.260777, -8.746804e+01, -8.355473e+01, -8.355473e+01, -8.146631e+01
0.276117, -8.631598e+01, -8.250668e+01, -8.250668e+01, -8.034372e+01
0.291456, -8.510148e+01, -8.142405e+01, -8.142405e+01, -7.920249e+01
0.306796, -8.383149e+01, -8.030194e+01, -8.030194e+01, -7.804587e+01
0.322136, -8.251202e+01, -7.913597e+01, -7.913597e+01, -7.687429e+01
0.337476, -8.114633e+01, -7.792316e+01, -7.792316e+01, -7.568643e+01
0.352816, -7.973446e+01, -7.666236e+01, -7.666236e+01, -7.447993e+01
0.368155, -7.827421e+01, -7.535440e+01, -7.535440e+01, -7.325154e+01
0.383495, -7.676302e+01, -7.400172e+01, -7.400172e+01, -7.199706e+01
0.398835, -7.519966e+01, -7.260788e+01, -7.260788e+01, -7.071147e+01
0.414175, -7.358530e+01, -7.117682e+01, -7.117682e+01, -6.938958e+01
0.429515, -7.192341e+01, -6.971232e+01, -6.971232e+01, -6.802719e+01
0.444854, -7.021914e+01, -6.821755e+01, -6.821755e+01, -6.662212e+01
0.460194, -6.847846e+01, -6.669482e+01, -6.669482e+01, -6.517480e+01
0.475534, -6.670746e+01, -6.514565e+01, -6.514565e+01, -6.368814e+01
0.490874, -6.491204e+01, -6.357091e+01, -6.357091e+01, -6.216676e+01
0.506214, -6.309786e+01, -6.197111e+01, -6.197111e+01, -6.061574e+01
0.521553, -6.127026e+01, -6.034686e+01, -6.034686e+01, -5.903949e+01
0.536893, -5.943408e+01, -5.869911e+01, -5.869911e+01, -5.744099e+01
0.552233, -5.759332e+01, -5.702947e+01, -5.702947e+01, -5.582158e+01
0.567573, -5.575084e+01, -5.534027e+01, -5.534027e+01, -5.418127e+01
0.582913, -5.390810e+01, -5.363447e+01, -5.363447e+01, -5.251943e+01
0.598253, -5.206526e+01, -5.191539e+01, -5.191539e+01, -5.083560e+01
0.613592, -5.022161e+01, -5.018635e+01, -5.018635e+01, -4.913015e+01
0.628932, -4.837622e+01, -4.845028e+01, -4.845028e+01, -4.740473e+01
0.644272, -4.652864e+01, -4.670938e+01, -4.670938e+01, -4.566240e+01
0.659612, -4.467940e+01, -4.496501e+01, -4.496501e+01, -4.390757e+01
0.674952, -4.283035e+01, -4.321773e+01, -4.321773e+01, -4.214565e+01
0.690291, -4.098457e+01, -4.146747e+01, -4.146747e+01, -4.038265e+01
0.705631, -3.914607e+01, -3.971391e+01, -3.971391e+01, -3.862468e+01
0.720971, -3.731939e+01, -3.795681e+01, -3.795681e+01, -3.687756e+01
0.736311, -3.550911e+01, -3.619637e+01, -3.619637e+01, -3.514639e+01
0.751651, -3.371950e+01, -3.443344e+01, -3.443344e+01, -3.343528e+01
0.766990, -3.195423e+01, -3.266966e+01, -3.266966e+01, -3.174721e+01
0.782330, -3.021623e+01, -3.090751e+01, -3.090751e+01, -3.008404e+01
0.797670, -2.850770e+01, -2.915018e+01, -2.915018e+01, -2.844664e+01
0.813010, -2.683006e+01, -2.740150e+01, -2.740150e+01, -2.683509e+01
0.828350, -2.518410e+01, -2.566571e+01, -2.566571e+01, -2.524901e+01
0.843689, -2.357011e+01, -2.394729e+01, -2.394729e+01, -2.368786e+01
0.859029, -2.198800e+01, -2.225075e+01, -2.225075e+01, -2.215114e+01
0.874369, -2.043756e+01, -2.058041e+01, -2.058041e+01, -2.063867e+01
0.889709, -1.891851e+01, -1.894026e+01, -1.894026e+01, -1.915062e+01
0.905049, -1.743076e+01, -1.733383e+01, -1.733383e+01, -1.768761e+01
0.920388, -1.597441e+01, -1.576411e+01, -1.576411e+01, -1.625062e+01
0.935728, -1.454983e+01, -1.423357e+01, -1.423357e+01, -1.484096e+01
0.951068, -1.315758e+01, -1.274426e+01, -1.274426e+01, -1.346015e+01
0.966408, -1.179837e+01, -1.129788e+01, -1.129788e+01, -1.210975e+01
0.981748, -1.047289e+01, -9.895923e+00, -9.895923e+00, -1.079122e+01
0.997088, -9.181695e+00, -8.539742e+00, -8.539742e+00, -9.505834e+00
1.012427, -7.925144e+00, -7.230601e+00, -7.230601e+00, -8.254535e+00
1.027767, -6.703376e+00, -5.969670e+00, -5.969670e+00, -7.037937e+00
1.043107, -5.516398e+00, -4.757990e+00, -4.757990e+00, -5.856395e+00
1.058447, -4.364242e+00, -3.596424e+00, -3.596424e+00, -4.710176e+00
1.073787, -3.247187e+00, -2.485615e+00, -2.485615e+00, -3.599665e+00
1.089126, -2.165970e+00, -1.425955e+00, -1.425955e+00, -2.525564e+00
1.104466, -1.121905e+00, -4.175594e-01, -4.175594e-01, -1.489016e+00
1.119806, -1.168810e-01, 5.397537e-01, 5.397537e-01, -4.916021e-01
1.135146, 8.467651e-01, 1.446477e+00, 1.446477e+00, 4.648180e-01
1.150486, 1.766481e+00, 2.303388e+00, 2.303388e+00, 1.378325e+00
1.165825, 2.639753e+00, 3.111446e+00, 3.111446e+00, 2.247140e+00
1.181165, 3.464265e+00, 3.871577e+00, 3.871577e+00, 3.069709e+00
1.196505, 4.237917e+00, 4.584350e+00, 4.584350e+00, 3.844630e+00
1.211845, 4.958691e+00, 5.249588e+00, 5.249588e+00, 4.570396e+00
1.227185, 5.624434e+00, 5.866026e+00, 5.866026e+00, 5.245103e+00
1.242524, 6.232663e+00, 6.431138e+00, 6.431138e+00, 5.866250e+00
1.257864, 6.780512e+00, 6.941248e+00, 6.941248e+00, 6.430779e+00
1.273204, 7.264938e+00, 7.391965e+00, 7.391965e+00, 6.935403e+00
1.288544, 7.683135e+00, 7.778879e+00, 7.778879e+00, 7.377187e+00
1.303884, 8.033093e+00, 8.098371e+00, 8.098371e+00, 7.754225e+00
1.319223, 8.314118e+00, 8.348338e+00, 8.348338e+00, 8.066198e+00
1.334563, 8.527179e+00, 8.528653e+00, 8.528653e+00, 8.314617e+00
1.349903, 8.674929e+00, 8.641242e+00, 8.641242e+00, 8.502673e+00
1.365243, 8.761402e+00, 8.689798e+00, 8.689798e+00, 8.634729e+00
1.380583, 8.791468e+00, 8.679222e+00, 8.679222e+00, 8.715579e+00
1.395923, 8.770192e+00, 8.614968e+00, 8.614968e+00, 8.749714e+00
1.411262, 8.702269e+00, 8.502453e+00, 8.502453e+00, 8.740759e+00
1.426602, 8.591640e+00, 8.346654e+00, 8.346654e+00, 8.691231e+00
1.441942, 8.441384e+00, 8.151921e+00, 8.151921e+00, 8.602577e+00
1.457282, 8.253819e+00, 7.921984e+00, 7.921984e+00, 8.475461e+00
1.472622, 8.030741e+00, 7.660067e+00, 7.660067e+00, 8.310149e+00
1.487961, 7.773697e+00, 7.369036e+00, 7.369036e+00, 8.106864e+00
1.503301, 7.484212e+00, 7.051516e+00, 7.051516e+00, 7.866037e+00
1.518641, 7.163907e+00, 6.709961e+00, 6.709961e+00, 7.588418e+00
1.533981, 6.814510e+00, 6.346674e+00, 6.346674e+00, 7.275084e+00
1.549321, 6.437798e+00, 5.963807e+00, 5.963807e+00, 6.927385e+00
1.564660, 6.035515e+00, 5.563361e+00, 5.563361e+00, 6.546869e+00
1.580000, 5.609301e+00, 5.147192e+00, 5.147192e+00, 6.135250e+00
1.595340, 5.160675e+00, 4.717027e+00, 4.717027e+00, 5.694407e+00
1.610680, 4.691072e+00, 4.274475e+00, 4.274475e+00, 5.226423e+00
1.626020, 4.201945e+00, 3.821032e+00, 3.821032e+00, 4.733629e+00
1.641359, 3.694882e+00, 3.358069e+00, 3.358069e+00, 4.218648e+00
1.656699, 3.171726e+00, 2.886828e+00, 2.886828e+00, 3.684420e+00
1.672039, 2.634679e+00, 2.408417e+00, 2.408417e+00, 3.134181e+00
1.687379, 2.086350e+00, 1.923836e+00, 1.923836e+00, 2.571410e+00
1.702719, 1.529736e+00, 1.434026e+00, 1.434026e+00, 1.999750e+00
1.718058, 9.681546e-01, 9.399453e-01, 9.399453e-01, 1.422897e+00
1.733398, 4.051275e-01, 4.426591e-01, 4.426591e-01, 8.444793e-01
1.748738, -1.557650e-01, -5.657356e-02, -5.657356e-02, 2.679445e-01
1.764078, -7.110316e-01, -5.562353e-01, -5.562353e-01, -3.035323e-01
1.779418, -1.257397e+00, -1.054519e+00, -1.054519e+00, -8.671097e-01
1.794758, -1.791890e+00, -1.549337e+00, -1.549337e+00, -1.420304e+00
1.810097, -2.311894e+00, -2.038366e+00, -2.038366e+00, -1.960971e+00
1.825437, -2.815154e+00, -2.519126e+00, -2.519126e+00, -2.487248e+00
1.840777, -3.299751e+00, -2.989071e+00, -2.989071e+00, -2.997485e+00
1.856117, -3.764044e+00, -3.445683e+00, -3.445683e+00, -3.490161e+00
1.871457, -4.206619e+00, -3.886564e+00, -3.886564e+00, -3.963812e+00
1.886796, -4.626236e+00, -4.309494e+00, -4.309494e+00, -4.416962e+00
1.902136, -5.021784e+00, -4.712483e+00, -4.712483e+00, -4.848104e+00
1.917476, -5.392261e+00, -5.093778e+00, -5.093778e+00, -5.255684e+00
1.932816, -5.736777e+00, -5.451867e+00, -5.451867e+00, -5.638125e+00
1.948156, -6.054561e+00, -5.785451e+00, -5.785451e+00, -5.993853e+00
1.963495, -6.344975e+00, -6.093418e+00, -6.093418e+00, -6.321350e+00
1.978835, -6.607526e+00, -6.374812e+00, -6.374812e+00, -6.619194e+00
1.994175, -6.841859e+00, -6.628807e+00, -6.628807e+00, -6.886104e+00
2.009515, -7.047735e+00, -6.854692e+00, -6.854692e+00, -7.120974e+00
2.024855, -7.224989e+00, -7.051857e+00, -7.051857e+00, -7.322908e+00
2.040194, -7.373476e+00, -7.219795e+00, -7.219795e+00, -7.491244e+00
2.055534, -7.493030e+00, -7.358098e+00, -7.358098e+00, -7.625578e+00
2.070874, -7.583426e+00, -7.466462e+00, -7.466462e+00, -7.725781e+00
2.086214, -7.644374e+00, -7.544690e+00, -7.544690e+00, -7.792016e+00
2.101554, -7.675546e+00, -7.592697e+00, -7.592697e+00, -7.824730e+00
2.116893, -7.676635e+00, -7.610518e+00, -7.610518e+00, -7.824652e+00
2.132233, -7.647439e+00, -7.598323e+00, -7.598323e+00, -7.792765e+00
2.147573, -7.587949e+00, -7.556433e+00, -7.556433e+00, -7.730265e+00
2.162913, -7.498442e+00, -7.485335e+00, -7.485335e+00, -7.638517e+00
2.178253, -7.379548e+00, -7.385701e+00, -7.385701e+00, -7.519003e+00
2.193593, -7.232288e+00, -7.258393e+00, -7.258393e+00, -7.373271e+00
2.208932, -7.058064e+00, -7.104467e+00, -7.104467e+00, -7.202899e+00
2.224272, -6.858627e+00, -6.925161e+00, -6.925161e+00, -7.009468e+00
2.239612, -6.635996e+00, -6.721880e+00, -6.721880e+00, -6.794555e+00
2.254952, -6.392368e+00, -6.496174e+00, -6.496174e+00, -6.559738e+00
2.270292, -6.130019e+00, -6.249725e+00, -6.249725e+00, -6.306610e+00
2.285631, -5.851226e+00, -5.984328e+00, -5.984328e+00, -6.036795e+00
2.300971, -5.558200e+00, -5.701890e+00, -5.701890e+00, -5.751964e+00
2.316311, -5.253065e+00, -5.404430e+00, -5.404430e+00, -5.453845e+00
2.331651, -4.937859e+00, -5.094086e+00, -5.094086e+00, -5.144222e+00
2.346991, -4.614576e+00, -4.773112e+00, -4.773112e+00, -4.824931e+00
2.362330, -4.285210e+00, -4.443874e+00, -4.443874e+00, -4.497855e+00
2.377670, -3.951809e+00, -4.108830e+00, -4.108830e+00, -4.164921e+00
2.393010, -3.616508e+00, -3.770488e+00, -3.770488e+00, -3.828101e+00
2.408350, -3.281538e+00, -3.431364e+00, -3.431364e+00, -3.489421e+00
2.423690, -2.949194e+00, -3.093912e+00, -3.093912e+00, -3.150961e+00
2.439029, -2.621781e+00, -2.760465e+00, -2.760465e+00, -2.814862e+00
2.454369, -2.301523e+00, -2.433172e+00, -2.433172e+00, -2.483308e+00
2.469709, -1.990474e+00, -2.113950e+00, -2.113950e+00, -2.158492e+00
2.485049, -1.690426e+00, -1.804450e+00, -1.804450e+00, -1.842556e+00
2.500389, -1.402844e+00, -1.506047e+00, -1.506047e+00, -1.537522e+00
2.515728, -1.128835e+00, -1.219842e+00, -1.219842e+00, -1.245190e+00
2.531068, -8.691484e-01, -9.466925e-01, -9.466925e-01, -9.670610e-01
2.546408, -6.242078e-01, -6.872455e-01, -6.872455e-01, -7.042587e-01
2.561748, -3.941721e-01, -4.419805e-01, -4.419805e-01, -4.574901e-01
2.577088, -1.790030e-01, -2.112514e-01, -2.112514e-01, -2.270452e-01
2.592428, 2.146657e-02, 4.679759e-03, 4.679759e-03, -1.283868e-02
2.607767, 2.074746e-01, 2.056190e-01, 2.056190e-01, 1.855105e-01
2.623107, 3.792886e-01, 3.914313e-01, 3.914313e-01, 3.685769e-01
2.638447, 5.371843e-01, 5.620429e-01, 5.620429e-01, 5.370185e-01
2.653787, 6.814411e-01, 7.174548e-01, 7.174548e-01, 6.914805e-01
2.669127, 8.123509e-01, 8.577613e-01, 8.577613e-01, 8.325260e-01
2.684466, 9.302351e-01, 9.831702e-01, 9.831702e-01, 9.606052e-01
2.699806, 1.035466e+00, 1.094019e+00, 1.094019e+00, 1.076060e+00
2.715146, 1.128485e+00, 1.190785e+00, 1.190785e+00, 1.179161e+00
2.730486, 1.209820e+00, 1.274084e+00, 1.274084e+00, 1.270163e+00
2.745826, 1.280089e+00, 1.344661e+00, 1.344661e+00, 1.349364e+00
2.761165, 1.339999e+00, 1.403366e+00, 1.403366e+00, 1.417150e+00
2.776505, 1.390330e+00, 1.451126e+00, 1.451126e+00, 1.474024e+00
2.791845, 1.431912e+00, 1.488910e+00, 1.488910e+00, 1.520602e+00
2.807185, 1.465588e+00, 1.517684e+00, 1.517684e+00, 1.557596e+00
2.822525, 1.492170e+00, 1.538383e+00, 1.538383e+00, 1.585760e+00
2.837864, 1.512397e+00, 1.551867e+00, 1.551867e+00, 1.605853e+00
2.853204, 1.526897e+00, 1.558907e+00, 1.558907e+00, 1.618582e+00
2.868544, 1.536152e+00, 1.560169e+00, 1.560169e+00, 1.624578e+00
2.883884, 1.540490e+00, 1.556212e+00, 1.556212e+00, 1.624372e+00
2.899224, 1.540088e+00, 1.547502e+00, 1.547502e+00, 1.618406e+00
2.914563, 1.534995e+00, 1.534430e+00, 1.534430e+00, 1.607050e+00
2.929903, 1.525175e+00, 1.517339e+00, 1.517339e+00, 1.590637e+00
2.945243, 1.510557e+00, 1.496548e+00, 1.496548e+00, 1.569496e+00
2.960583, 1.491094e+00, 1.472373e+00, 1.472373e+00, 1.543979e+00
2.975923, 1.466812e+00, 1.445144e+00, 1.445144e+00, 1.514479e+00
2.991263, 1.437853e+00, 1.415206e+00, 1.415206e+00, 1.481426e+00
3.006602, 1.404500e+00, 1.382915e+00, 1.382915e+00, 1.445273e+00
3.021942, 1.367181e+00, 1.348623e+00, 1.348623e+00, 1.406468e+00
3.037282, 1.326450e+00, 1.312662e+00, 1.312662e+00, 1.365422e+00
3.052622, 1.282959e+00, 1.275323e+00, 1.275323e+00, 1.322481e+00
3.067962, 1.237405e+00, 1.236841e+00, 1.236841e+00, 1.277901e+00
3.083301, 1.190478e+00, 1.197387e+00, 1.197387e+00, 1.231851e+00
3.098641, 1.142811e+00, 1.157073e+00, 1.157073e+00, 1.184420e+00
3.113981, 1.094931e+00, 1.115956e+00, 1.115956e+00, 1.135644e+00
3.129321, 1.047234e+00, 1.074059e+00, 1.074059e+00, 1.085537e+00
3.144661, 9.999712e-01, 1.031383e+00, 1.031383e+00, 1.034133e+00
3.160000, 9.532570e-01, 9.879308e-01, 9.879308e-01, 9.815087e-01
3.175340, 9.070940e-01, 9.437193e-01, 9.437193e-01, 9.278076e-01
3.190680, 8.614095e-01, 8.987866e-01, 8.987866e-01, 8.732465e-01
3.206020, 8.160974e-01, 8.531959e-01, 8.531959e-01, 8.181095e-01
3.221360, 7.710596e-01, 8.070333e-01, 8.070333e-01, 7.627342e-01
3.236699, 7.262373e-01, 7.604020e-01, 7.604020e-01, 7.074909e-01
3.252039, 6.816290e-01, 7.134160e-01, 7.134160e-01, 6.527612e-01
3.267379, 6.372943e-01, 6.661949e-01, 6.661949e-01, 5.989180e-01
3.282719, 5.933419e-01, 6.188618e-01, 6.188618e-01, 5.463086e-01
3.298059, 5.499075e-01, 5.715438e-01, 5.715438e-01, 4.952441e-01
3.313399, 5.071273e-01, 5.243776e-01, 5.243776e-01, 4.459915e-01
3.328738, 4.651143e-01, 4.775165e-01, 4.775165e-01, 3.987706e-01
3.344078, 4.239430e-01, 4.311398e-01, 4.311398e-01, 3.537541e-01
3.359418, 3.836451e-01, 3.854606e-01, 3.854606e-01, 3.110701e-01
3.374758, 3.442198e-01, 3.407300e-01, 3.407300e-01, 2.708065e-01
3.390098, 3.056529e-01, 2.972358e-01, 2.972358e-01, 2.330159e-01
3.405437, 2.679407e-01, 2.552932e-01, 2.552932e-01, 1.977212e-01
3.420777, 2.311133e-01, 2.152276e-01, 2.152276e-01, 1.649201e-01
3.436117, 1.952490e-01, 1.773510e-01, 1.773510e-01, 1.345880e-01
3.451457, 1.604780e-01, 1.419332e-01, 1.419332e-01, 1.066786e-01
3.466797, 1.269733e-01, 1.091738e-01, 1.091738e-01, 8.112380e-02
3.482136, 9.492835e-02, 7.917748e-02, 7.917748e-02, 5.783197e-02
3.497476, 6.453000e-02, 5.193787e-02, 5.193787e-02, 3.668600e-02
3.512816, 3.592817e-02, 2.733252e-02, 2.733252e-02, 1.754157e-02
3.528156, 9.210629e-03, 5.130373e-03, 5.130373e-03, 2.272909e-04
3.543496, -1.561238e-02, -1.498867e-02, -1.498867e-02, -1.545405e-02
3.558835, -3.860986e-02, -3.340418e-02, -3.340418e-02, -2.972288e-02
3.574175, -5.991794e-02, -5.051941e-02, -5.051941e-02, -4.281836e-02
3.589515, -7.971585e-02, -6.672354e-02, -6.672354e-02, -5.499205e-02
3.604855, -9.819354e-02, -8.235695e-02, -8.235695e-02, -6.650081e-02
3.620195, -1.155172e-01, -9.768374e-02, -9.768374e-02, -7.759875e-02
3.635534, -1.317998e-01, -1.128751e-01, -1.128751e-01, -8.852800e-02
3.650874, -1.470826e-01, -1.280049e-01, -1.280049e-01, -9.950894e-02
3.666214, -1.613301e-01, -1.430583e-01, -1.430583e-01, -1.107309e-01
3.681554, -1.744411e-01, -1.579499e-01, -1.579499e-01, -1.223434e-01
3.696894, -1.862738e-01, -1.725489e-01, -1.725489e-01, -1.344476e-01
3.712234, -1.966797e-01, -1.867066e-01, -1.867066e-01, -1.470904e-01
3.727573, -2.055404e-01, -2.002813e-01, -2.002813e-01, -1.602607e-01
3.742913, -2.127995e-01, -2.131568e-01, -2.131568e-01, -1.738882e-01
3.758253, -2.184851e-01, -2.252526e-01, -2.252526e-01, -1.878468e-01
3.773593, -2.227158e-01, -2.365263e-01, -2.365263e-01, -2.019605e-01
3.788933, -2.256918e-01, -2.469669e-01, -2.469669e-01, -2.160148e-01
3.804272, -2.276706e-01, -2.565852e-01, -2.565852e-01, -2.297704e-01
3.819612, -2.289343e-01, -2.654006e-01, -2.654006e-01, -2.429793e-01
3.834952, -2.297526e-01, -2.734307e-01, -2.734307e-01, -2.554023e-01
3.850292, -2.303512e-01, -2.806842e-01, -2.806842e-01, -2.668250e-01
3.865632, -2.308896e-01, -2.871586e-01, -2.871586e-01, -2.770715e-01
3.880971, -2.314548e-01, -2.928437e-01, -2.928437e-01, -2.860129e-01
3.896311, -2.320687e-01, -2.977290e-01, -2.977290e-01, -2.935729e-01
3.911651, -2.327085e-01, -3.018133e-01, -3.018133e-01, -2.997273e-01
3.926991, -2.333344e-01, -3.051134e-01, -3.051134e-01, -3.045005e-01
3.942331, -2.339187e-01, -3.076704e-01, -3.076704e-01, -3.079577e-01
3.957670, -2.344674e-01, -3.095501e-01, -3.095501e-01, -3.101972e-01
3.973010, -2.350327e-01, -3.108382e-01, -3.108382e-01, -3.113398e-01
3.988350, -2.357128e-01, -3.116298e-01, -3.116298e-01, -3.115181e-01
4.003690, -2.366394e-01, -3.120142e-01, -3.120142e-01, -3.108659e-01
4.019030, -2.379574e-01, -3.120600e-01, -3.120600e-01, -3.095082e-01
4.034369, -2.398003e-01, -3.118012e-01, -3.118012e-01, -3.075537e-01
4.049709, -2.422683e-01, -3.112297e-01, -3.112297e-01, -3.050886e-01
4.065049, -2.454103e-01, -3.102957e-01, -3.102957e-01, -3.021765e-01
4.080389, -2.492142e-01, -3.089161e-01, -3.089161e-01, -2.988613e-01
4.095729, -2.536061e-01, -3.069912e-01, -3.069912e-01, -2.951749e-01
4.111069, -2.584555e-01, -3.044254e-01, -3.044254e-01, -2.911459e-01
4.126408, -2.635853e-01, -3.011486e-01, -3.011486e-01, -2.868095e-01
4.141748, -2.687841e-01, -2.971325e-01, -2.971325e-01, -2.822145e-01
4.157088, -2.738184e-01, -2.923993e-01, -2.923993e-01, -2.774250e-01
4.172428, -2.784438e-01, -2.870190e-01, -2.870190e-01, -2.725167e-01
4.187768, -2.824145e-01, -2.810968e-01, -2.810968e-01, -2.675678e-01
4.203107, -2.854927e-01, -2.747527e-01, -2.747527e-01, -2.626460e-01
4.218447, -2.874580e-01, -2.680977e-01, -2.680977e-01, -2.577942e-01
4.233787, -2.881178e-01, -2.612122e-01, -2.612122e-01, -2.530189e-01
4.249127, -2.873179e-01, -2.541319e-01, -2.541319e-01, -2.482836e-01
4.264467, -2.849541e-01, -2.468434e-01, -2.468434e-01, -2.435097e-01
4.279806, -2.809820e-01, -2.392915e-01, -2.392915e-01, -2.385836e-01
4.295146, -2.754228e-01, -2.313957e-01, -2.313957e-01, -2.333713e-01
4.310486, -2.683636e-01, -2.230717e-01, -2.230717e-01, -2.277366e-01
4.325826, -2.599517e-01, -2.142536e-01, -2.142536e-01, -2.215599e-01
4.341166, -2.503815e-01, -2.049105e-01, -2.049105e-01, -2.147547e-01
4.356505, -2.398770e-01, -1.950556e-01, -1.950556e-01, -2.072805e-01
4.371845, -2.286721e-01, -1.847454e-01, -1.847454e-01, -1.991496e-01
4.387185, -2.169925e-01, -1.740710e-01, -1.740710e-01, -1.904269e-01
4.402525, -2.050420e-01, -1.631451e-01, -1.631451e-01, -1.812249e-01
4.417865, -1.929950e-01, -1.520872e-01, -1.520872e-01, -1.716935e-01
4.433204, -1.809952e-01, -1.410123e-01, -1.410123e-01, -1.620055e-01
4.448544, -1.691586e-01, -1.300236e-01, -1.300236e-01, -1.523406e-01
4.463884, -1.575779e-01, -1.192100e-01, -1.192100e-01, -1.428679e-01
4.479224, -1.463264e-01, -1.086475e-01, -1.086475e-01, -1.337295e-01
4.494564, -1.354591e-01, -9.839980e-02, -9.839980e-02, -1.250256e-01
4.509904, -1.250112e-01, -8.851943e-02, -8.851943e-02, -1.168019e-01
4.525243, -1.149953e-01, -7.904465e-02, -7.904465e-02, -1.090436e-01
4.540583, -1.053995e-01, -6.999484e-02, -6.999484e-02, -1.016741e-01
4.555923, -9.618785e-02, -6.136492e-02, -6.136492e-02, -9.456090e-02
4.571263, -8.730547e-02, -5.312130e-02, -5.312130e-02, -8.752899e-02
4.586603, -7.868500e-02, -4.520190e-02, -4.520190e-02, -8.038103e-02
4.601942, -7.025550e-02, -3.752157e-02, -3.752157e-02, -7.292177e-02
4.617282, -6.195047e-02, -2.998308e-02, -2.998308e-02, -6.498381e-02
4.632622, -5.371318e-02, -2.249235e-02, -2.249235e-02, -5.645152e-02
4.647962, -4.549906e-02, -1.497520e-02, -1.497520e-02, -4.727873e-02
4.663302, -3.727620e-02, -7.392483e-03, -7.392483e-03, -3.749676e-02
4.678641, -2.902540e-02, 2.497818e-04, 2.497818e-04, -2.721105e-02
4.693981, -2.074110e-02, 7.897422e-03, 7.897422e-03, -1.658722e-02
4.709321, -1.243478e-02, 1.545335e-02, 1.545335e-02, -5.828025e-03
4.724661, -4.140613e-03, 2.279029e-02, 2.279029e-02, 4.854377e-03
4.740001, 4.078560e-03, 2.976897e-02, 2.976897e-02, 1.526559e-02
4.755340, 1.212775e-02, 3.625839e-02, 3.625839e-02, 2.525008e-02
4.770680, 1.988107e-02, 4.215483e-02, 4.215483e-02, 3.470294e-02
4.786020, 2.718954e-02, 4.739627e-02, 4.739627e-02, 4.357041e-02
4.801360, 3.389612e-02, 5.196990e-02, 5.196990e-02, 5.183982e-02
4.816700, 3.985589e-02, 5.591184e-02, 5.591184e-02, 5.952214e-02
4.832039, 4.495778e-02, 5.929938e-02, 5.929938e-02, 6.663263e-02
4.847379, 4.914346e-02, 6.223753e-02, 6.223753e-02, 7.317435e-02
4.862719, 5.241991e-02, 6.484243e-02, 6.484243e-02, 7.912847e-02
4.878059, 5.486265e-02, 6.722446e-02, 6.722446e-02, 8.445384e-02
4.893399, 5.660871e-02, 6.947407e-02, 6.947407e-02, 8.909570e-02
4.908739, 5.784117e-02, 7.165242e-02, 7.165242e-02, 9.300047e-02
4.924078, 5.876863e-02, 7.378814e-02, 7.378814e-02, 9.613245e-02
4.939418, 5.960306e-02, 7.588017e-02, 7.588017e-02, 9.848783e-02
4.954758, 6.053985e-02, 7.790572e-02, 7.790572e-02, 1.001026e-01
4.970098, 6.174288e-02, 7.983110e-02, 7.983110e-02, 1.010518e-01
4.985438, 6.333597e-02, 8.162285e-02, 8.162285e-02, 1.014400e-01
5.000777, 6.540001e-02, 8.325659e-02, 8.325659e-02, 1.013860e-01
5.016117, 6.797464e-02, 8.472132e-02, 8.472132e-02, 1.010061e-01
5.031457, 7.106290e-02, 8.601824e-02, 8.601824e-02, 1.003990e-01
5.046797, 7.463708e-02, 8.715423e-02, 8.715423e-02, 9.963638e-02
5.062137, 7.864417e-02, 8.813161e-02, 8.813161e-02, 9.876194e-02
5.077476, 8.301056e-02, 8.893699e-02, 8.893699e-02, 9.779793e-02
5.092816, 8.764574e-02, 8.953233e-02, 8.953233e-02, 9.675595e-02
5.108156, 9.244508e-02, 8.985132e-02, 8.985132e-02, 9.564867e-02
5.123496, 9.729136e-02, 8.980317e-02, 8.980317e-02, 9.449810e-02
5.138836, 1.020558e-01, 8.928413e-02, 8.928413e-02, 9.333683e-02
5.154175, 1.065987e-01, 8.819508e-02, 8.819508e-02, 9.220097e-02
5.169515, 1.107706e-01, 8.646212e-02, 8.646212e-02, 9.111657e-02
5.184855, 1.144140e-01, 8.405543e-02, 8.405543e-02, 9.008315e-02
5.200195, 1.173672e-01, 8.100224e-02, 8.100224e-02, 8.905905e-02
5.215535, 1.194723e-01, 7.739027e-02, 7.739027e-02, 8.795349e-02
5.230874, 1.205844e-01, 7.336050e-02, 7.336050e-02, 8.662904e-02
5.246214, 1.205844e-01, 6.909017e-02, 6.909017e-02, 8.491545e-02
5.261554, 1.193914e-01, 6.476924e-02, 6.476924e-02, 8.263274e-02
5.276894, 1.169735e-01, 6.057506e-02, 6.057506e-02, 7.961972e-02
5.292234, 1.133538e-01, 5.665004e-02, 5.665004e-02, 7.576256e-02
5.307574, 1.086101e-01, 5.308631e-02, 5.308631e-02, 7.101779e-02
5.322913, 1.028679e-01, 4.991970e-02, 4.991970e-02, 6.542506e-02
5.338253, 9.628761e-02, 4.713284e-02, 4.713284e-02, 5.910745e-02
5.353593, 8.904734e-02, 4.466544e-02, 4.466544e-02, 5.225943e-02
5.368933, 8.132583e-02, 4.242861e-02, 4.242861e-02, 4.512427e-02
5.384273, 7.328773e-02, 4.031939e-02, 4.031939e-02, 3.796475e-02
5.399612, 6.507414e-02, 3.823279e-02, 3.823279e-02, 3.103205e-02
5.414952, 5.679967e-02, 3.606948e-02, 3.606948e-02, 2.453731e-02
5.430292, 4.855600e-02, 3.373932e-02, 3.373932e-02, 1.862973e-02
5.445632, 4.041986e-02, 3.116166e-02, 3.116166e-02, 1.338365e-02
5.460972, 3.246237e-02, 2.826465e-02, 2.826465e-02, 8.796181e-03
5.476311, 2.475630e-02, 2.498534e-02, 2.498534e-02, 4.794851e-03
5.491651, 1.737898e-02, 2.127184e-02, 2.127184e-02, 1.253382e-03
5.506991, 1.040899e-02, 1.708798e-02, 1.708798e-02, -1.986712e-03
5.522331, 3.917210e-03, 1.241927e-02, 1.241927e-02, -5.091882e-03
5.537671, -2.045538e-03, 7.278938e-03, 7.278938e-03, -8.213280e-03
5.553010, -7.460851e-03, 1.711809e-03, 1.711809e-03, -1.146776e-02
5.568350, -1.235173e-02, -4.205305e-03, -4.205305e-03, -1.492543e-02
5.583690, -1.678531e-02, -1.036776e-02, -1.036776e-02, -1.860511e-02
5.599030, -2.086763e-02, -1.665160e-02, -1.665160e-02, -2.247806e-02
5.614370, -2.473076e-02, -2.292532e-02, -2.292532e-02, -2.647844e-02
5.629709, -2.851439e-02, -2.906316e-02, -2.906316e-02, -3.051789e-02
5.645049, -3.234525e-02, -3.495766e-02, -3.495766e-02, -3.450105e-02
5.660389, -3.631785e-02, -4.052941e-02, -4.052941e-02, -3.833929e-02
5.675729, -4.048047e-02, -4.573244e-02, -4.573244e-02, -4.196001e-02
5.691069, -4.482922e-02, -5.055452e-02, -5.055452e-02, -4.531053e-02
5.706409, -4.931141e-02, -5.501241e-02, -5.501241e-02, -4.835685e-02
5.721748, -5.383756e-02, -5.914325e-02, -5.914325e-02, -5.107890e-02
5.737088, -5.830011e-02, -6.299348e-02, -6.299348e-02, -5.346427e-02
5.752428, -6.259538e-02, -6.660735e-02, -6.660735e-02, -5.550238e-02
5.767768, -6.664437e-02, -7.001665e-02, -7.001665e-02, -5.718102e-02
5.783108, -7.040784e-02, -7.323311e-02, -7.323311e-02, -5.848628e-02
5.798447, -7.389283e-02, -7.624447e-02, -7.624447e-02, -5.940540e-02
5.813787, -7.714864e-02, -7.901444e-02, -7.901444e-02, -5.993213e-02
5.829127, -8.025244e-02, -8.148658e-02, -8.148658e-02, -6.007344e-02
5.844467, -8.328706e-02, -8.359145e-02, -8.359145e-02, -5.985604e-02
5.859807, -8.631545e-02, -8.525607e-02, -8.525607e-02, -5.933126e-02
5.875146, -8.935695e-02, -8.641475e-02, -8.641475e-02, -5.857705e-02
5.890486, -9.237022e-02, -8.701964e-02, -8.701964e-02, -5.769661e-02
5.905826, -9.524709e-02, -8.704964e-02, -8.704964e-02, -5.681309e-02
5.921166, -9.781914e-02, -8.651610e-02, -8.651610e-02, -5.606045e-02
5.936506, -9.987616e-02, -8.546405e-02, -8.546405e-02, -5.557154e-02
5.951845, -1.011934e-01, -8.396823e-02, -8.396823e-02, -5.546476e-02
5.967185, -1.015629e-01, -8.212392e-02, -8.212392e-02, -5.583078e-02
5.982525, -1.008236e-01, -8.003369e-02, -8.003369e-02, -5.672099e-02
5.997865, -9.888428e-02, -7.779193e-02, -7.779193e-02, -5.813951e-02
6.013205, -9.573713e-02, -7.546989e-02, -7.546989e-02, -6.003976e-02
6.028544, -9.145900e-02, -7.310417e-02, -7.310417e-02, -6.232589e-02
6.043884, -8.620212e-02, -7.069106e-02, -7.069106e-02, -6.485885e-02
6.059224, -8.017625e-02, -6.818825e-02, -6.818825e-02, -6.746668e-02
6.074564, -7.362629e-02, -6.552410e-02, -6.552410e-02, -6.995761e-02
6.089904, -6.680934e-02, -6.261272e-02, -6.261272e-02, -7.213463e-02
6.105244, -5.997454e-02, -5.937212e-02, -5.937212e-02, -7.381026e-02
6.120583, -5.334737e-02, -5.574195e-02, -5.574195e-02, -7.482075e-02
6.135923, -4.711942e-02, -5.169709e-02, -5.169709e-02, -7.503834e-02
6.151263, -4.144285e-02, -4.725467e-02, -4.725467e-02, -7.438096e-02
6.166603, -3.642824e-02, -4.247314e-02, -4.247314e-02, -7.281898e-02
6.181943, -3.214419e-02, -3.744412e-02, -3.744412e-02, -7.037857e-02
6.197282, -2.861828e-02, -3.227880e-02, -3.227880e-02, -6.714121e-02
6.212622, -2.583898e-02, -2.709240e-02, -2.709240e-02, -6.323909e-02
6.227962, -2.375877e-02, -2.198975e-02, -2.198975e-02, -5.884643e-02
6.243302, -2.229925e-02, -1.705514e-02, -1.705514e-02, -5.416695e-02
6.258642, -2.135859e-02, -1.234825e-02, -1.234825e-02, -4.941751e-02
6.273981, -2.082131e-02, -7.906163e-03, -7.906163e-03, -4.480917e-02
6.289321, -2.056892e-02, -3.750571e-03, -3.750571e-03, -4.052732e-02
6.304661, -2.049026e-02, 1.026664e-04, 1.026664e-04, -3.671306e-02
6.320001, -2.048975e-02, 3.634339e-03, 3.634339e-03, -3.344787e-02
6.335341, -2.049202e-02, 6.815935e-03, 6.815935e-03, -3.074444e-02
6.350680, -2.044194e-02, 9.608687e-03, 9.608687e-03, -2.854528e-02
6.366020, -2.030054e-02, 1.196801e-02, 1.196801e-02, -2.672954e-02
6.381360, -2.003792e-02, 1.385226e-02, 1.385226e-02, -2.512752e-02
6.396700, -1.962495e-02, 1.523362e-02, 1.523362e-02, -2.354086e-02
6.412040, -1.902572e-02, 1.610821e-02, 1.610821e-02, -2.176583e-02
6.427380, -1.819299e-02, 1.650298e-02, 1.650298e-02, -1.961609e-02
6.442719, -1.706786e-02, 1.647734e-02, 1.647734e-02, -1.694210e-02
6.458059, -1.558381e-02, 1.611918e-02, 1.611918e-02, -1.364536e-02
6.473399, -1.367466e-02, 1.553602e-02, 1.553602e-02, -9.686024e-03
6.488739, -1.128551e-02, 1.484297e-02, 1.484297e-02, -5.083732e-03
6.504079, -8.384301e-03, 1.415011e-02, 1.415011e-02, 8.744139e-05
6.519418, -4.972168e-03, 1.355148e-02, 1.355148e-02, 5.708462e-03
6.534758, -1.090498e-03, 1.311757e-02, 1.311757e-02, 1.162787e-02
6.550098, 3.176602e-03, 1.289212e-02, 1.289212e-02, 1.767590e-02
6.565438, 7.705704e-03, 1.289335e-02, 1.289335e-02, 2.367855e-02
6.580778, 1.234352e-02, 1.311857e-02, 1.311857e-02, 2.947048e-02
6.596117, 1.692149e-02, 1.355113e-02, 1.355113e-02, 3.490614e-02
6.611457, 2.127384e-02, 1.416819e-02, 1.416819e-02, 3.986861e-02
6.626797, 2.525714e-02, 1.494805e-02, 1.494805e-02, 4.427569e-02
6.642137, 2.876843e-02, 1.587623e-02, 1.587623e-02, 4.808338e-02
6.657477, 3.175904e-02, 1.694960e-02, 1.694960e-02, 5.128708e-02
6.672816, 3.424203e-02, 1.817826e-02, 1.817826e-02, 5.392054e-02
6.688156, 3.629212e-02, 1.958507e-02, 1.958507e-02, 5.605263e-02
6.703496, 3.803771e-02, 2.120277e-02, 2.120277e-02, 5.778214e-02
6.718836, 3.964614e-02, 2.306885e-02, 2.306885e-02, 5.923076e-02
6.734176, 4.130427e-02, 2.521845e-02, 2.521845e-02, 6.053419e-02
6.749515, 4.319740e-02, 2.767615e-02, 2.767615e-02, 6.183139e-02
6.764855, 4.548884e-02, 3.044761e-02, 3.044761e-02, 6.325280e-02
6.780195, 4.830275e-02, 3.351265e-02, 3.351265e-02, 6.490814e-02
6.795535, 5.171201e-02, 3.682117e-02, 3.682117e-02, 6.687489e-02
6.810875, 5.573190e-02, 4.029333e-02, 4.029333e-02, 6.918858e-02
6.826215, 6.031949e-02, 4.382465e-02, 4.382465e-02, 7.183658e-02
6.841554, 6.537807e-02, 4.729569e-02, 4.729569e-02, 7.475647e-02
6.856894, 7.076590e-02, 5.058516e-02, 5.058516e-02, 7.783945e-02
6.872234, 7.630788e-02, 5.358416e-02, 5.358416e-02, 8.093890e-02
6.887574, 8.180878e-02, 5.620908e-02, 5.620908e-02, 8.388361e-02
6.902914, 8.706682e-02, 5.841060e-02, 5.841060e-02, 8.649408e-02
6.918253, 9.188667e-02, 6.017715e-02, 6.017715e-02, 8.859984e-02
6.933593, 9.609062e-02, 6.153232e-02, 6.153232e-02, 9.005583e-02
6.948933, 9.952719e-02, 6.252683e-02, 6.252683e-02, 9.075588e-02
6.964273, 1.020771e-01, 6.322713e-02, 6.322713e-02, 9.064170e-02
6.979613, 1.036566e-01, 6.370281e-02, 6.370281e-02, 8.970618e-02
6.994952, 1.042189e-01, 6.401549e-02, 6.401549e-02, 8.799126e-02
7.010292, 1.037535e-01, 6.421094e-02, 6.421094e-02, 8.558072e-02
7.025632, 1.022849e-01, 6.431527e-02, 6.431527e-02, 8.258903e-02
7.040972, 9.987052e-02, 6.433514e-02, 6.433514e-02, 7.914781e-02
7.056312, 9.659778e-02, 6.426086e-02, 6.426086e-02, 7.539181e-02
7.071651, 9.258007e-02, 6.407108e-02, 6.407108e-02, 7.144624e-02
7.086991, 8.795173e-02, 6.373768e-02, 6.373768e-02, 6.741640e-02
7.102331, 8.286172e-02, 6.322999e-02, 6.322999e-02, 6.338113e-02
7.117671, 7.746601e-02, 6.251807e-02, 6.251807e-02, 5.939035e-02
7.133011, 7.191947e-02, 6.157510e-02, 6.157510e-02, 5.546663e-02
7.148350, 6.636805e-02, 6.037935e-02, 6.037935e-02, 5.160993e-02
7.163690, 6.094153e-02, 5.891585e-02, 5.891585e-02, 4.780485e-02
7.179030, 5.574743e-02, 5.717783e-02, 5.717783e-02, 4.402906e-02
7.194370, 5.086632e-02, 5.516757e-02, 5.516757e-02, 4.026143e-02
7.209710, 4.634842e-02, 5.289624e-02, 5.289624e-02, 3.648870e-02
7.225050, 4.221132e-02, 5.038260e-02, 5.038260e-02, 3.271000e-02
7.240389, 3.843877e-02, 4.765064e-02, 4.765064e-02, 2.893864e-02
7.255729, 3.498105e-02, 4.472659e-02, 4.472659e-02, 2.520081e-02
7.271069, 3.175710e-02, 4.163625e-02, 4.163625e-02, 2.153167e-02
7.286409, 2.865918e-02, 3.840306e-02, 3.840306e-02, 1.796948e-02
7.301749, 2.556029e-02, 3.504754e-02, 3.504754e-02, 1.454859e-02
7.317088, 2.232482e-02, 3.158783e-02, 3.158783e-02, 1.129203e-02
7.332428, 1.882171e-02, 2.804087e-02, 2.804087e-02, 8.205048e-03
7.347768, 1.493885e-02, 2.442353e-02, 2.442353e-02, 5.270403e-03
7.363108, 1.059723e-02, 2.075284e-02, 2.075284e-02, 2.446285e-03
7.378448, 5.762631e-03, 1.704513e-02, 1.704513e-02, -3.328483e-04
7.393787, 4.526307e-04, 1.331409e-02, 1.331409e-02, -3.152050e-03
7.409127, -5.262525e-03, 9.568269e-03, 9.568269e-03, -6.108524e-03
7.424467, -1.126575e-02, 5.808914e-03, 5.808914e-03, -9.301795e-03
7.439807, -1.740497e-02, 2.028901e-03, 2.028901e-03, -1.282223e-02
7.455147, -2.350942e-02, -1.786587e-03, -1.786587e-03, -1.673885e-02
7.470486, -2.940761e-02, -5.657418e-03, -5.657418e-03, -2.108777e-02
7.485826, -3.494396e-02, -9.604106e-03, -9.604106e-03, -2.586263e-02
7.501166, -3.999169e-02, -1.364228e-02, -1.364228e-02, -3.100841e-02
7.516506, -4.446039e-02, -1.777690e-02, -1.777690e-02, -3.641955e-02
7.531846, -4.829772e-02, -2.199720e-02, -2.199720e-02, -4.194347e-02
7.547185, -5.148601e-02, -2.627330e-02, -2.627330e-02, -4.738985e-02
7.562525, -5.403546e-02, -3.055503e-02, -3.055503e-02, -5.254527e-02
7.577865, -5.597608e-02, -3.477334e-02, -3.477334e-02, -5.719158e-02
7.593205, -5.734988e-02, -3.884410e-02, -3.884410e-02, -6.112622e-02
7.608545, -5.820470e-02, -4.267379e-02, -4.267379e-02, -6.418153e-02
7.623885, -5.859017e-02, -4.616629e-02, -4.616629e-02, -6.623993e-02
7.639224, -5.855552e-02, -4.923000e-02, -4.923000e-02, -6.724266e-02
7.654564, -5.814829e-02, -5.178435e-02, -5.178435e-02, -6.719068e-02
7.669904, -5.741319e-02, -5.376519e-02, -5.376519e-02, -6.613792e-02
7.685244, -5.639064e-02, -5.512864e-02, -5.512864e-02, -6.417821e-02
7.700584, -5.511465e-02, -5.585307e-02, -5.585307e-02, -6.142900e-02
7.715923, -5.361052e-02, -5.593953e-02, -5.593953e-02, -5.801506e-02
7.731263, -5.189322e-02, -5.541053e-02, -5.541053e-02, -5.405538e-02
7.746603, -4.996749e-02, -5.430763e-02, -5.430763e-02, -4.965512e-02
7.761943, -4.783037e-02, -5.268817e-02, -5.268817e-02, -4.490360e-02
7.777283, -4.547608e-02, -5.062161e-02, -5.062161e-02, -3.987747e-02
7.792622, -4.290281e-02, -4.818574e-02, -4.818574e-02, -3.464725e-02
7.807962, -4.012001e-02, -4.546332e-02, -4.546332e-02, -2.928477e-02
7.823302, -3.715418e-02, -4.253911e-02, -4.253911e-02, -2.386939e-02
7.838642, -3.405136e-02, -3.949749e-02, -3.949749e-02, -1.849150e-02
7.853982, -3.087527e-02, -3.642044e-02, -3.642044e-02, -1.325237e-02
7.869321, -2.770080e-02, -3.338580e-02, -3.338580e-02, -8.260777e-03
7.884661, -2.460390e-02, -3.046545e-02, -3.046545e-02, -3.627266e-03
7.900001, -2.164993e-02, -2.772342e-02, -2.772342e-02, 5.427581e-04
7.915341, -1.888355e-02, -2.521359e-02, -2.521359e-02, 4.156144e-03
7.930681, -1.632236e-02, -2.297725e-02, -2.297725e-02, 7.138367e-03
7.946020, -1.395624e-02, -2.104049e-02, -2.104049e-02, 9.438611e-03
7.961360, -1.175300e-02, -1.941176e-02, -1.941176e-02, 1.103348e-02
7.976700, -9.668966e-03, -1.808006e-02, -1.808006e-02, 1.192930e-02
7.992040, -7.662348e-03, -1.701407e-02, -1.701407e-02, 1.216269e-02
8.007380, -5.705789e-03, -1.616296e-02, -1.616296e-02, 1.179924e-02
8.022720, -3.795270e-03, -1.545905e-02, -1.545905e-02, 1.093010e-02
8.038059, -1.952898e-03, -1.482279e-02, -1.482279e-02, 9.666340e-03
8.053399, -2.226329e-04, -1.416982e-02, -1.416982e-02, 8.131194e-03
8.068739, 1.340087e-03, -1.341958e-02, -1.341958e-02, 6.450829e-03
8.084079, 2.682235e-03, -1.250464e-02, -1.250464e-02, 4.744947e-03
8.099419, 3.767188e-03, -1.137939e-02, -1.137939e-02, 3.118381e-03
8.114758, 4.585247e-03, -1.002661e-02, -1.002661e-02, 1.654874e-03
8.130098, 5.157756e-03, -8.460635e-03, -8.460635e-03, 4.139102e-04
8.145438, 5.533462e-03, -6.726274e-03, -6.726274e-03, -5.692056e-04
8.160778, 5.777851e-03, -4.893117e-03, -4.893117e-03, -1.280687e-03
8.176118, 5.957977e-03, -3.046016e-03, -3.046016e-03, -1.724152e-03
8.191457, 6.126387e-03, -1.273088e-03, -1.273088e-03, -1.916226e-03
8.206797, 6.308152e-03, 3.467413e-04, 3.467413e-04, -1.882963e-03
8.222137, 6.494498e-03, 1.754482e-03, 1.754482e-03, -1.657848e-03
8.237477, 6.644766e-03, 2.918275e-03, 2.918275e-03, -1.281358e-03
8.252817, 6.696406e-03, 3.835873e-03, 3.835873e-03, -8.013670e-04
8.268156, 6.580847e-03, 4.532258e-03, 4.532258e-03, -2.734396e-04
8.283496, 6.241755e-03, 5.053144e-03, 5.053144e-03, 2.399994e-04
8.298836, 5.651468e-03, 5.455915e-03, 5.455915e-03, 6.725445e-04
8.314176, 4.821776e-03, 5.799845e-03, 5.799845e-03, 9.591400e-04
8.329516, 3.806716e-03, 6.137401e-03, 6.137401e-03, 1.043362e-03
8.344855, 2.696740e-03, 6.507965e-03, 6.507965e-03, 8.854556e-04
8.360195, 1.605344e-03, 6.934690e-03, 6.934690e-03, 4.695690e-04
8.375535, 6.508000e-04, 7.424496e-03, 7.424496e-03, -1.916085e-04
8.390875, -6.329275e-05, 7.970677e-03, 7.970677e-03, -1.056442e-03
8.406215, -4.649661e-04, 8.557223e-03, 8.557223e-03, -2.058937e-03
8.421555, -5.254094e-04, 9.163827e-03, 9.163827e-03, -3.117877e-03
8.436894, -2.631949e-04, 9.770610e-03, 9.770610e-03, -4.149056e-03
8.452234, 2.593067e-04, 1.036179e-02, 1.036179e-02, -5.078369e-03
8.467574, 9.462546e-04, 1.092774e-02, 1.092774e-02, -5.853015e-03
8.482914, 1.683195e-03, 1.146525e-02, 1.146525e-02, -6.448258e-03
8.498254, 2.353823e-03, 1.197600e-02, 1.197600e-02, -6.868312e-03
8.513593, 2.856018e-03, 1.246366e-02, 1.246366e-02, -7.141205e-03
8.528933, 3.114842e-03, 1.293010e-02, 1.293010e-02, -7.308706e-03
8.544273, 3.091012e-03, 1.337173e-02, 1.337173e-02, -7.413504e-03
8.559613, 2.784449e-03, 1.377670e-02, 1.377670e-02, -7.486626e-03
8.574953, 2.233192e-03, 1.412374e-02, 1.412374e-02, -7.537889e-03
8.590292, 1.508355e-03, 1.438333e-02, 1.438333e-02, -7.551378e-03
8.605632, 7.061122e-04, 1.452116e-02, 1.452116e-02, -7.486879e-03
8.620972, -6.218326e-05, 1.450353e-02, 1.450353e-02, -7.287070e-03
8.636312, -6.808736e-04, 1.430378e-02, 1.430378e-02, -6.888894e-03
8.651652, -1.041195e-03, 1.390851e-02, 1.390851e-02, -6.236637e-03
8.666991, -1.051947e-03, 1.332224e-02, 1.332224e-02, -5.294007e-03
8.682331, -6.486330e-04, 1.256933e-02, 1.256933e-02, -4.052821e-03
8.697671, 1.998347e-04, 1.169246e-02, 1.169246e-02, -2.536448e-03
8.713011, 1.487746e-03, 1.074756e-02, 1.074756e-02, -7.972117e-04
8.728351, 3.173343e-03, 9.795978e-03, 9.795978e-03, 1.091626e-03
8.743690, 5.184060e-03, 8.895145e-03, 8.895145e-03, 3.047613e-03
8.759030, 7.425785e-03, 8.089446e-03, 8.089446e-03, 4.992333e-03
8.774370, 9.795050e-03, 7.403197e-03, 7.403197e-03, 6.863497e-03
8.789710, 1.219257e-02, 6.837177e-03, 6.837177e-03, 8.623460e-03
8.805050, 1.453605e-02, 6.369572e-03, 6.369572e-03, 1.026252e-02
8.820390, 1.677007e-02, 5.961329e-03, 5.961329e-03, 1.179658e-02
8.835729, 1.887123e-02, 5.564958e-03, 5.564958e-03, 1.325967e-02
8.851069, 2.084771e-02, 5.135133e-03, 5.135133e-03, 1.469293e-02
8.866409, 2.273309e-02, 4.639000e-03, 4.639000e-03, 1.613213e-02
8.881749, 2.457544e-02, 4.064164e-03, 4.064164e-03, 1.759662e-02
8.897089, 2.642343e-02, 3.422794e-03, 3.422794e-03, 1.908177e-02
8.912428, 2.831217e-02, 2.751081e-03, 2.751081e-03, 2.055642e-02
8.927768, 3.025110e-02, 2.104243e-03, 2.104243e-03, 2.196602e-02
8.943108, 3.221585e-02, 1.548112e-03, 1.548112e-03, 2.324084e-02
8.958448, 3.414569e-02, 1.148960e-03, 1.148960e-03, 2.430749e-02
8.973788, 3.594670e-02, 9.634526e-04, 9.634526e-04, 2.510135e-02
8.989127, 3.750016e-02, 1.030478e-03, 1.030478e-03, 2.557747e-02
9.004467, 3.867462e-02, 1.366125e-03, 1.366125e-03, 2.571796e-02
9.019807, 3.933995e-02, 1.962416e-03, 1.962416e-03, 2.553431e-02
9.035147, 3.938127e-02, 2.789699e-03, 2.789699e-03, 2.506471e-02
9.050487, 3.871091e-02, 3.801922e-03, 3.801922e-03, 2.436708e-02
9.065826, 3.727683e-02, 4.943578e-03, 4.943578e-03, 2.350937e-02
9.081166, 3.506691e-02, 6.156900e-03, 6.156900e-03, 2.255887e-02
9.096506, 3.210876e-02, 7.387972e-03, 7.387972e-03, 2.157229e-02
9.111846, 2.846550e-02, 8.590751e-03, 8.590751e-03, 2.058807e-02
9.127186, 2.422868e-02, 9.728548e-03, 9.728548e-03, 1.962163e-02
9.142525, 1.950974e-02, 1.077310e-02, 1.077310e-02, 1.866368e-02
9.157865, 1.443150e-02, 1.170191e-02, 1.170191e-02, 1.768173e-02
9.173205, 9.120755e-03, 1.249482e-02, 1.249482e-02, 1.662423e-02
9.188545, 3.703053e-03, 1.313094e-02, 1.313094e-02, 1.542694e-02
9.203885, -1.700411e-03, 1.358683e-02, 1.358683e-02, 1.402080e-02
9.219225, -6.974127e-03, 1.383627e-02, 1.383627e-02, 1.234081e-02
9.234564, -1.200882e-02, 1.385181e-02, 1.385181e-02, 1.033514e-02
9.249904, -1.670213e-02, 1.360757e-02, 1.360757e-02, 7.973423e-03
9.265244, -2.096032e-02, 1.308250e-02, 1.308250e-02, 5.253230e-03
9.280584, -2.470153e-02, 1.226352e-02, 1.226352e-02, 2.203971e-03
9.295924, -2.786048e-02, 1.114767e-02, 1.114767e-02, -1.112641e-03
9.311263, -3.039365e-02, 9.743042e-03, 9.743042e-03, -4.605822e-03
9.326603, -3.228405e-02, 8.068519e-03, 8.068519e-03, -8.162249e-03
9.341943, -3.354450e-02, 6.152379e-03, 6.152379e-03, -1.165497e-02
9.357283, -3.421821e-02, 4.030437e-03, 4.030437e-03, -1.495354e-02
9.372623, -3.437640e-02, 1.744131e-03, 1.744131e-03, -1.793407e-02
9.387962, -3.411286e-02, -6.610100e-04, -6.610100e-04, -2.048780e-02
9.403302, -3.353637e-02, -3.136294e-03, -3.136294e-03, -2.252738e-02
9.418642, -3.276165e-02, -5.630230e-03, -5.630230e-03, -2.399049e-02
9.433982, -3.190021e-02, -8.088565e-03, -8.088565e-03, -2.484088e-02
9.449322, -3.105208e-02, -1.045441e-02, -1.045441e-02, -2.506733e-02
9.464661, -3.029925e-02, -1.266888e-02, -1.266888e-02, -2.468114e-02
9.480001, -2.970098e-02, -1.467249e-02, -1.467249e-02, -2.371327e-02
9.495341, -2.929118e-02, -1.640764e-02, -1.640764e-02, -2.221168e-02
9.510681, -2.907762e-02, -1.782177e-02, -1.782177e-02, -2.023954e-02
9.526021, -2.904258e-02, -1.887123e-02, -1.887123e-02, -1.787428e-02
9.541361, -2.914475e-02, -1.952496e-02, -1.952496e-02, -1.520757e-02
9.556700, -2.932219e-02, -1.976762e-02, -1.976762e-02, -1.234521e-02
9.572040, -2.949652e-02, -1.960155e-02, -1.960155e-02, -9.406332e-03
9.587380, -2.957811e-02, -1.904702e-02, -1.904702e-02, -6.520810e-03
9.602720, -2.947244e-02, -1.814074e-02, -1.814074e-02, -3.824476e-03
9.618060, -2.908716e-02, -1.693279e-02, -1.693279e-02, -1.451732e-03
9.633399, -2.833980e-02, -1.548231e-02, -1.548231e-02, 4.738984e-04
9.648739, -2.716517e-02, -1.385291e-02, -1.385291e-02, 1.850104e-03
9.664079, -2.552185e-02, -1.210837e-02, -1.210837e-02, 2.605509e-03
9.679419, -2.339718e-02, -1.030940e-02, -1.030940e-02, 2.707194e-03
9.694759, -2.081008e-02, -8.511767e-03, -8.511767e-03, 2.164565e-03
9.710098, -1.781117e-02, -6.765765e-03, -6.765765e-03, 1.028671e-03
9.725438, -1.448018e-02, -5.116450e-03, -5.116450e-03, -6.129716e-04
9.740778, -1.092068e-02, -3.604087e-03, -3.604087e-03, -2.645190e-03
9.756118, -7.252441e-03, -2.263961e-03, -2.263961e-03, -4.936245e-03
9.771458, -3.602113e-03, -1.125131e-03, -1.125131e-03, -7.349500e-03
9.786797, -9.298884e-05, -2.080295e-04, -2.080295e-04, -9.753904e-03
9.802137, 3.164996e-03, 4.786317e-04, 4.786317e-04, -1.203200e-02
9.817477, 6.084076e-03, 9.408107e-04, 9.408107e-04, -1.408495e-02
9.832817, 8.605208e-03, 1.200893e-03, 1.200893e-03, -1.583450e-02
9.848157, 1.070143e-02, 1.297319e-03, 1.297319e-03, -1.722252e-02
9.863496, 1.237758e-02, 1.281550e-03, 1.281550e-03, -1.820897e-02
9.878836, 1.366642e-02, 1.212426e-03, 1.212426e-03, -1.876946e-02
9.894176, 1.462182e-02, 1.148651e-03, 1.148651e-03, -1.889318e-02
9.909516, 1.530986e-02, 1.140659e-03, 1.140659e-03, -1.858167e-02
9.924856, 1.579958e-02, 1.223417e-03, 1.223417e-03, -1.784853e-02
9.940196, 1.615476e-02, 1.411662e-03, 1.411662e-03, -1.671983e-02
9.955535, 1.642822e-02, 1.698627e-03, 1.698627e-03, -1.523468e-02
9.970875, 1.665919e-02, 2.058656e-03, 2.058656e-03, -1.344505e-02
9.986215, 1.687407e-02, 2.453261e-03, 2.453261e-03, -1.141461e-02
10.001555, 1.709002e-02, 2.839419e-03, 2.839419e-03, -9.216041e-03
10.016895, 1.732006e-02, 3.178380e-03, 3.178380e-03, -6.926839e-03
10.032234, 1.757835e-02, 3.443139e-03, 3.443139e-03, -4.623873e-03
10.047574, 1.788438e-02, 3.622985e-03, 3.622985e-03, -2.377343e-03
10.062914, 1.826505e-02, 3.724235e-03, 3.724235e-03, -2.449316e-04
10.078254, 1.875396e-02, 3.767123e-03, 3.767123e-03, 1.733100e-03
10.093594, 1.938814e-02, 3.779713e-03, 3.779713e-03, 3.537041e-03
10.108933, 2.020249e-02, 3.790326e-03, 3.790326e-03, 5.168435e-03
10.124273, 2.122283e-02, 3.820276e-03, 3.820276e-03, 6.648149e-03
10.139613, 2.245831e-02, 3.878496e-03, 3.878496e-03, 8.011954e-03
10.154953, 2.389428e-02, 3.959113e-03, 3.959113e-03, 9.304066e-03
10.170293, 2.548660e-02, 4.042290e-03, 4.042290e-03, 1.056942e-02
10.185632, 2.715828e-02, 4.097879e-03, 4.097879e-03, 1.184580e-02
10.200972, 2.879920e-02, 4.090906e-03, 4.090906e-03, 1.315685e-02
10.216312, 3.026967e-02, 3.987588e-03, 3.987588e-03, 1.450686e-02
10.231652, 3.140797e-02, 3.760694e-03, 3.760694e-03, 1.587804e-02
10.246992, 3.204174e-02, 3.393309e-03, 3.393309e-03, 1.723052e-02
10.262331, 3.200243e-02, 2.880521e-03, 2.880521e-03, 1.850521e-02
10.277671, 3.114152e-02, 2.229011e-03, 2.229011e-03, 1.962900e-02
10.293011, 2.934677e-02, 1.454912e-03, 1.454912e-03, 2.052173e-02
10.308351, 2.655636e-02, 5.805332e-04, 5.805332e-04, 2.110422e-02
10.323691, 2.276902e-02, -3.693241e-04, -3.693241e-04, 2.130639e-02
10.339031, 1.804865e-02, -1.370755e-03, -1.370755e-03, 2.107469e-02
10.354370, 1.252247e-02, -2.403273e-03, -2.403273e-03, 2.037783e-02
10.369710, 6.372779e-03, -3.451078e-03, -3.451078e-03, 1.921060e-02
10.385050, -1.766454e-04, -4.502916e-03, -4.502916e-03, 1.759493e-02
10.400390, -6.877767e-03, -5.550648e-03, -5.550648e-03, 1.557837e-02
10.415730, -1.347698e-02, -6.586880e-03, -6.586880e-03, 1.323021e-02
10.431069, -1.973303e-02, -7.602221e-03, -7.602221e-03, 1.063581e-02
10.446409, -2.543205e-02, -8.582830e-03, -8.582830e-03, 7.889805e-03
10.461749, -3.039850e-02, -9.508888e-03, -9.508888e-03, 5.089166e-03
10.477089, -3.450125e-02, -1.035446e-02, -1.035446e-02, 2.326980e-03
10.492429, -3.765505e-02, -1.108892e-02, -1.108892e-02, -3.124760e-04
10.507768, -3.981794e-02, -1.167969e-02, -1.167969e-02, -2.757047e-03
10.523108, -4.098593e-02, -1.209580e-02, -1.209580e-02, -4.948391e-03
10.538448, -4.118617e-02, -1.231144e-02, -1.231144e-02, -6.842261e-03
10.553788, -4.047015e-02, -1.230870e-02, -1.230870e-02, -8.407908e-03
10.569128, -3.890768e-02, -1.207898e-02, -1.207898e-02, -9.627102e-03
10.584467, -3.658246e-02, -1.162274e-02, -1.162274e-02, -1.049307e-02
10.599807, -3.358963e-02, -1.094792e-02, -1.094792e-02, -1.100944e-02
10.615147, -3.003473e-02, -1.006755e-02, -1.006755e-02, -1.118931e-02
10.630487, -2.603382e-02, -8.997450e-03, -8.997450e-03, -1.105405e-02
10.645827, -2.171383e-02, -7.754663e-03, -7.754663e-03, -1.063176e-02
10.661166, -1.721255e-02, -6.357285e-03, -6.357285e-03, -9.955227e-03
10.676506, -1.267717e-02, -4.825588e-03, -4.825588e-03, -9.059454e-03
10.691846, -8.260856e-03, -3.184142e-03, -3.184142e-03, -7.979279e-03
10.707186, -4.117154e-03, -1.464152e-03, -1.464152e-03, -6.747306e-03
10.722526, -3.920435e-04, 2.948718e-04, 2.948718e-04, -5.392834e-03
10.737866, 2.785701e-03, 2.044894e-03, 2.044894e-03, -3.942152e-03
10.753205, 5.314767e-03, 3.731063e-03, 3.731063e-03, -2.420252e-03
10.768545, 7.130689e-03, 5.295383e-03, 5.295383e-03, -8.536176e-04
10.783885, 8.212817e-03, 6.681959e-03, 6.681959e-03, 7.264750e-04
10.799225, 8.587526e-03, 7.843040e-03, 7.843040e-03, 2.281083e-03
10.814565, 8.326739e-03, 8.744921e-03, 8.744921e-03, 3.762203e-03
10.829904, 7.541703e-03, 9.372724e-03, 9.372724e-03, 5.113678e-03
10.845244, 6.372819e-03, 9.733239e-03, 9.733239e-03, 6.274713e-03
10.860584, 4.976877e-03, 9.855261e-03, 9.855261e-03, 7.185744e-03
10.875924, 3.513327e-03, 9.787244e-03, 9.787244e-03, 7.795840e-03
10.891264, 2.131256e-03, 9.592429e-03, 9.592429e-03, 8.070163e-03
10.906603, 9.584671e-04, 9.342052e-03, 9.342052e-03, 7.995801e-03
10.921943, 9.341994e-05, 9.107500e-03, 9.107500e-03, 7.584592e-03
10.937283, -3.996878e-04, 8.952543e-03, 8.952543e-03, 6.872158e-03
10.952623, -4.926939e-04, 8.926777e-03, 8.926777e-03, 5.913154e-03
10.967963, -1.923306e-04, 9.061244e-03, 9.061244e-03, 4.773600e-03
10.983302, 4.634243e-04, 9.366798e-03, 9.366798e-03, 3.522019e-03
10.998642, 1.411121e-03, 9.835247e-03, 9.835247e-03, 2.221278e-03
11.013982, 2.569392e-03, 1.044274e-02, 1.044274e-02, 9.227475e-04
11.029322, 3.847722e-03, 1.115441e-02, 1.115441e-02, -3.362346e-04
11.044662, 5.155598e-03, 1.192921e-02, 1.192921e-02, -1.531404e-03
11.060001, 6.411062e-03, 1.272385e-02, 1.272385e-02, -2.647949e-03
11.075341, 7.547700e-03, 1.349535e-02, 1.349535e-02, -3.675733e-03
11.090681, 8.519098e-03, 1.420210e-02, 1.420210e-02, -4.604970e-03
11.106021, 9.300183e-03, 1.480411e-02, 1.480411e-02, -5.423658e-03
11.121361, 9.885509e-03, 1.526303e-02, 1.526303e-02, -6.117515e-03
11.136701, 1.028519e-02, 1.554292e-02, 1.554292e-02, -6.672353e-03
11.152040, 1.051951e-02, 1.561221e-02, 1.561221e-02, -7.077913e-03
11.167380, 1.061351e-02, 1.544676e-02, 1.544676e-02, -7.331764e-03
11.182720, 1.059276e-02, 1.503346e-02, 1.503346e-02, -7.441885e-03
11.198060, 1.048098e-02, 1.437336e-02, 1.437336e-02, -7.426908e-03
11.213400, 1.029964e-02, 1.348343e-02, 1.348343e-02, -7.313593e-03
11.228739, 1.006883e-02, 1.239590e-02, 1.239590e-02, -7.132025e-03
11.244079, 9.808813e-03, 1.115527e-02, 1.115527e-02, -6.909823e-03
11.259419, 9.541152e-03, 9.813042e-03, 9.813042e-03, -6.666920e-03
11.274759, 9.288688e-03, 8.421396e-03, 8.421396e-03, -6.412363e-03
11.290099, 9.074117e-03, 7.026971e-03, 7.026971e-03, -6.144117e-03
11.305438, 8.917388e-03, 5.665984e-03, 5.665984e-03, -5.852055e-03
11.320778, 8.832419e-03, 4.361603e-03, 4.361603e-03, -5.523298e-03
11.336118, 8.823810e-03, 3.123876e-03, 3.123876e-03, -5.148375e-03
11.351458, 8.884344e-03, 1.951896e-03, 1.951896e-03, -4.726497e-03
11.366798, 8.993894e-03, 8.373601e-04, 8.373601e-04, -4.268473e-03
11.382137, 9.119985e-03, -2.315220e-04, -2.315220e-04, -3.796312e-03
11.397477, 9.220007e-03, -1.266818e-03, -1.266818e-03, -3.339478e-03
11.412817, 9.244878e-03, -2.279041e-03, -2.279041e-03, -2.928724e-03
11.428157, 9.143652e-03, -3.276926e-03, -3.276926e-03, -2.588930e-03
11.443497, 8.868323e-03, -4.268543e-03, -4.268543e-03, -2.332536e-03
11.458836, 8.378161e-03, -5.263061e-03, -5.263061e-03, -2.155010e-03
11.474176, 7.643091e-03, -6.272335e-03, -6.272335e-03, -2.033383e-03
11.489516, 6.645774e-03, -7.311463e-03, -7.311463e-03, -1.928043e-03
11.504856, 5.382346e-03, -8.397763e-03, -8.397763e-03, -1.787298e-03
11.520196, 3.862144e-03, -9.548015e-03, -9.548015e-03, -1.553834e-03
11.535536, 2.106971e-03, -1.077426e-02, -1.077426e-02, -1.171910e-03
11.550875, 1.503272e-04, -1.207891e-02, -1.207891e-02, -5.941363e-04
11.566215, -1.963087e-03, -1.345024e-02, -1.345024e-02, 2.130505e-04
11.581555, -4.177487e-03, -1.485931e-02, -1.485931e-02, 1.265592e-03
11.596895, -6.425984e-03, -1.625955e-02, -1.625955e-02, 2.559718e-03
11.612235, -8.631035e-03, -1.758928e-02, -1.758928e-02, 4.071463e-03
11.627574, -1.070599e-02, -1.877759e-02, -1.877759e-02, 5.757561e-03
11.642914, -1.255824e-02, -1.975259e-02, -1.975259e-02, 7.557534e-03
11.658254, -1.409409e-02, -2.045111e-02, -2.045111e-02, 9.397024e-03
11.673594, -1.522538e-02, -2.082793e-02, -2.082793e-02, 1.119257e-02
11.688934, -1.587693e-02, -2.086307e-02, -2.086307e-02, 1.285786e-02
11.704273, -1.599398e-02, -2.056553e-02, -2.056553e-02, 1.431111e-02
11.719613, -1.554818e-02, -1.997278e-02, -1.997278e-02, 1.548299e-02
11.734953, -1.454145e-02, -1.914594e-02, -1.914594e-02, 1.632413e-02
11.750293, -1.300679e-02, -1.816154e-02, -1.816154e-02, 1.681064e-02
11.765633, -1.100600e-02, -1.710121e-02, -1.710121e-02, 1.694674e-02
11.780972, -8.624863e-03, -1.604117e-02, -1.604117e-02, 1.676340e-02
11.796312, -5.966491e-03, -1.504310e-02, -1.504310e-02, 1.631321e-02
11.811652, -3.144112e-03, -1.414773e-02, -1.414773e-02, 1.566194e-02
11.826992, -2.740726e-04, -1.337187e-02, -1.337187e-02, 1.487830e-02
11.842332, 2.529991e-03, -1.270886e-02, -1.270886e-02, 1.402379e-02
11.857671, 5.161538e-03, -1.213205e-02, -1.213205e-02, 1.314450e-02
11.873011, 7.524175e-03, -1.160021e-02, -1.160021e-02, 1.226619e-02
11.888351, 9.533791e-03, -1.106406e-02, -1.106406e-02, 1.139342e-02
11.903691, 1.112030e-02, -1.047268e-02, -1.047268e-02, 1.051255e-02
11.919031, 1.222961e-02, -9.779040e-03, -9.779040e-03, 9.597489e-03
11.934371, 1.282621e-02, -8.944159e-03, -8.944159e-03, 8.616752e-03
11.949710, 1.289626e-02, -7.939551e-03, -7.939551e-03, 7.539958e-03
11.965050, 1.245067e-02, -6.748101e-03, -6.748101e-03, 6.342675e-03
11.980390, 1.152728e-02, -5.363624e-03, -5.363624e-03, 5.008732e-03
11.995730, 1.019126e-02, -3.789536e-03, -3.789536e-03, 3.530132e-03
12.011070, 8.532481e-03, -2.037103e-03, -2.037103e-03, 1.905450e-03
12.026409, 6.659689e-03, -1.236799e-04, -1.236799e-04, 1.379557e-04
12.041749, 4.691424e-03, 1.928741e-03, 1.928741e-03, -1.765346e-03
12.057089, 2.744749e-03, 4.094501e-03, 4.094501e-03, -3.792924e-03
12.072429, 9.231130e-04, 6.344681e-03, 6.344681e-03, -5.926016e-03
12.087769, -6.947983e-04, 8.646996e-03, 8.646996e-03, -8.134712e-03
12.103108, -2.063414e-03, 1.096528e-02, 1.096528e-02, -1.037422e-02
12.118448, -3.174481e-03, 1.325871e-02, 1.325871e-02, -1.258286e-02
12.133788, -4.056391e-03, 1.548104e-02, 1.548104e-02, -1.468313e-02
12.149128, -4.768587e-03, 1.758004e-02, 1.758004e-02, -1.658663e-02
12.164468, -5.391712e-03, 1.949747e-02, 1.949747e-02, -1.820268e-02
12.179807, -6.014899e-03, 2.116997e-02, 2.116997e-02, -1.944938e-02
12.195147, -6.721963e-03, 2.253106e-02, 2.253106e-02, -2.026514e-02
12.210487, -7.578349e-03, 2.351446e-02, 2.351446e-02, -2.061849e-02
12.225827, -8.620626e-03, 2.405873e-02, 2.405873e-02, -2.051409e-02
12.241167, -9.850069e-03, 2.411277e-02, 2.411277e-02, -1.999349e-02
12.256506, -1.123122e-02, 2.364184e-02, 2.364184e-02, -1.913026e-02
12.271846, -1.269553e-02, 2.263309e-02, 2.263309e-02, -1.802033e-02
12.287186, -1.414956e-02, 2.109976e-02, 2.109976e-02, -1.676917e-02
12.302526, -1.548651e-02, 1.908336e-02, 1.908336e-02, -1.547799e-02
12.317866, -1.659929e-02, 1.665299e-02, 1.665299e-02, -1.423143e-02
12.333206, -1.739313e-02, 1.390180e-02, 1.390180e-02, -1.308865e-02
12.348545, -1.779600e-02, 1.094075e-02, 1.094075e-02, -1.207925e-02
12.363885, -1.776554e-02, 7.890320e-03, 7.890320e-03, -1.120411e-02
12.379225, -1.729179e-02, 4.871291e-03, 4.871291e-03, -1.044082e-02
12.394565, -1.639579e-02, 1.995695e-03, 1.995695e-03, -9.752293e-03
12.409905, -1.512487e-02, -6.409368e-04, -6.409368e-04, -9.096698e-03
12.425244, -1.354570e-02, -2.965157e-03, -2.965157e-03, -8.437026e-03
12.440584, -1.173659e-02, -4.928575e-03, -4.928575e-03, -7.748569e-03
12.455924, -9.779989e-03, -6.508199e-03, -6.508199e-03, -7.023297e-03
12.471264, -7.756262e-03, -7.704513e-03, -7.704513e-03, -6.270582e-03
12.486604, -5.739121e-03, -8.537909e-03, -8.537909e-03, -5.514437e-03
12.501943, -3.792644e-03, -9.044184e-03, -9.044184e-03, -4.788039e-03
12.517283, -1.969718e-03, -9.269682e-03, -9.269682e-03, -4.126598e-03
12.532623, -3.115076e-04, -9.266540e-03, -9.266540e-03, -3.559801e-03
12.547963, 1.152447e-03, -9.088269e-03, -9.088269e-03, -3.105093e-03
12.563303, 2.403827e-03, -8.785763e-03, -8.785763e-03, -2.762857e-03
12.578642, 3.434908e-03, -8.403850e-03, -8.403850e-03, -2.514095e-03
12.593982, 4.247727e-03, -7.978477e-03, -7.978477e-03, -2.320825e-03
12.609322, 4.853059e-03, -7.534770e-03, -7.534770e-03, -2.129074e-03
12.624662, 5.269179e-03, -7.086219e-03, -7.086219e-03, -1.873999e-03
12.640002, 5.520386e-03, -6.635180e-03, -6.635180e-03, -1.486413e-03
12.655342, 5.635296e-03, -6.174742e-03, -6.174742e-03, -9.000073e-04
12.670681, 5.645063e-03, -5.691752e-03, -5.691752e-03, -5.868298e-05
12.686021, 5.581547e-03, -5.170524e-03, -5.170524e-03, 1.076615e-03
12.701361, 5.475476e-03, -4.596597e-03, -4.596597e-03, 2.522093e-03
12.716701, 5.354693e-03, -3.959855e-03, -3.959855e-03, 4.266813e-03
12.732041, 5.242665e-03, -3.256440e-03, -3.256440e-03, 6.270390e-03
12.747380, 5.157365e-03, -2.489180e-03, -2.489180e-03, 8.463249e-03
12.762720, 5.110670e-03, -1.666565e-03, -1.666565e-03, 1.074995e-02
12.778060, 5.108495e-03, -8.006751e-04, -8.006751e-04, 1.301570e-02
12.793400, 5.151727e-03, 9.532870e-05, 9.532870e-05, 1.513593e-02
12.808740, 5.237838e-03, 1.009428e-03, 1.009428e-03, 1.698815e-02
12.824079, 5.362906e-03, 1.932087e-03, 1.932087e-03, 1.846497e-02
12.839419, 5.523714e-03, 2.856333e-03, 2.856333e-03, 1.948651e-02
12.854759, 5.719448e-03, 3.776510e-03, 3.776510e-03, 2.001037e-02
12.870099, 5.952580e-03, 4.685967e-03, 4.685967e-03, 2.003750e-02
12.885439, 6.228717e-03, 5.574172e-03, 5.574172e-03, 1.961283e-02
12.900778, 6.555458e-03, 6.423864e-03, 6.423864e-03, 1.882002e-02
12.916118, 6.940499e-03, 7.208897e-03, 7.208897e-03, 1.777097e-02
12.931458, 7.389334e-03, 7.893317e-03, 7.893317e-03, 1.659133e-02
12.946798, 7.903087e-03, 8.432088e-03, 8.432088e-03, 1.540423e-02
12.962138, 8.476916e-03, 8.773670e-03, 8.773670e-03, 1.431431e-02
12.977477, 9.099270e-03, 8.864396e-03, 8.864396e-03, 1.339473e-02
12.992817, 9.752036e-03, 8.654359e-03, 8.654359e-03, 1.267885e-02
13.008157, 1.041155e-02, 8.104179e-03, 8.104179e-03, 1.215782e-02
13.023497, 1.105022e-02, 7.191804e-03, 7.191804e-03, 1.178410e-02
13.038837, 1.163839e-02, 5.918311e-03, 5.918311e-03, 1.148048e-02
13.054177, 1.214612e-02, 4.311645e-03, 4.311645e-03, 1.115296e-02
13.069516, 1.254472e-02, 2.427443e-03, 2.427443e-03, 1.070553e-02
13.084856, 1.280808e-02, 3.464406e-04, 3.464406e-04, 1.005474e-02
13.100196, 1.291363e-02, -1.831493e-03, -1.831493e-03, 9.141892e-03
13.115536, 1.284337e-02, -3.996106e-03, -3.996106e-03, 7.941384e-03
13.130876, 1.258504e-02, -6.037183e-03, -6.037183e-03, 6.463991e-03
13.146215, 1.213360e-02, -7.855194e-03, -7.855194e-03, 4.755004e-03
13.161555, 1.149274e-02, -9.370696e-03, -9.370696e-03, 2.887785e-03
13.176895, 1.067628e-02, -1.053115e-02, -1.053115e-02, 9.539532e-04
13.192235, 9.709037e-03, -1.131430e-02, -1.131430e-02, -9.481391e-04
13.207575, 8.626548e-03, -1.172782e-02, -1.172782e-02, -2.724796e-03
13.222914, 7.473587e-03, -1.180552e-02, -1.180552e-02, -4.296604e-03
13.238254, 6.301218e-03, -1.160094e-02, -1.160094e-02, -5.605196e-03
13.253594, 5.162709e-03, -1.117950e-02, -1.117950e-02, -6.616627e-03
13.268934, 4.108632e-03, -1.061045e-02, -1.061045e-02, -7.321418e-03
13.284274, 3.181727e-03, -9.959758e-03, -9.959758e-03, -7.731936e-03
13.299613, 2.412179e-03, -9.284641e-03, -9.284641e-03, -7.878106e-03
13.314953, 1.813826e-03, -8.630170e-03, -8.630170e-03, -7.802456e-03
13.330293, 1.381729e-03, -8.027888e-03, -8.027888e-03, -7.555305e-03
13.345633, 1.091451e-03, -7.496098e-03, -7.496098e-03, -7.190607e-03
13.360973, 9.003017e-04, -7.041327e-03, -7.041327e-03, -6.762590e-03
13.376312, 7.505484e-04, -6.660467e-03, -6.660467e-03, -6.322953e-03
13.391652, 5.744545e-04, -6.343179e-03, -6.343179e-03, -5.918250e-03
13.406992, 3.008534e-04, -6.074286e-03, -6.074286e-03, -5.587265e-03
13.422332, -1.372959e-04, -5.835968e-03, -5.835968e-03, -5.358391e-03
13.437672, -7.952003e-04, -5.609656e-03, -5.609656e-03, -5.247296e-03
13.453012, -1.709294e-03, -5.377540e-03, -5.377540e-03, -5.255433e-03
13.468351, -2.891966e-03, -5.123568e-03, -5.123568e-03, -5.370111e-03
13.483691, -4.328782e-03, -4.833888e-03, -4.833888e-03, -5.566518e-03
13.499031, -5.978785e-03, -4.496693e-03, -4.496693e-03, -5.811712e-03
13.514371, -7.777997e-03, -4.101593e-03, -4.101593e-03, -6.070096e-03
13.529711, -9.645738e-03, -3.638739e-03, -3.638739e-03, -6.309435e-03
13.545050, -1.149303e-02, -3.098063e-03, -3.098063e-03, -6.506123e-03
13.560390, -1.323198e-02, -2.469030e-03, -2.469030e-03, -6.648426e-03
13.575730, -1.478479e-02, -1.741255e-03, -1.741255e-03, -6.736848e-03
13.591070, -1.609106e-02, -9.061514e-04, -9.061514e-04, -6.781408e-03
13.606410, -1.711237e-02, 4.048179e-05, 4.048179e-05, -6.796297e-03
13.621749, -1.783350e-02, 1.095315e-03, 1.095315e-03, -6.793117e-03
13.637089, -1.826032e-02, 2.244443e-03, 2.244443e-03, -6.774428e-03
13.652429, -1.841473e-02, 3.461229e-03, 3.461229e-03, -6.729303e-03
13.667769, -1.832785e-02, 4.705811e-03, 4.705811e-03, -6.632192e-03
13.683109, -1.803289e-02, 5.926811e-03, 5.926811e-03, -6.445703e-03
13.698448, -1.755890e-02, 7.065388e-03, 7.065388e-03, -6.127010e-03
13.713788, -1.692676e-02, 8.061294e-03, 8.061294e-03, -5.636659e-03
13.729128, -1.614796e-02, 8.860107e-03, 8.860107e-03, -4.947901e-03
13.744468, -1.522626e-02, 9.420481e-03, 9.420481e-03, -4.054583e-03
13.759808, -1.416154e-02, 9.720143e-03, 9.720143e-03, -2.975919e-03
13.775147, -1.295495e-02, 9.759527e-03, 9.759527e-03, -1.757133e-03
13.790487, -1.161398e-02, 9.562336e-03, 9.562336e-03, -4.658478e-04
13.805827, -1.015623e-02, 9.172894e-03, 9.172894e-03, 8.148664e-04
13.821167, -8.611305e-03, 8.650695e-03, 8.650695e-03, 1.995354e-03
13.836507, -7.020195e-03, 8.063056e-03, 8.063056e-03, 2.988503e-03
13.851847, -5.432788e-03, 7.477029e-03, 7.477029e-03, 3.717709e-03
13.867186, -3.903854e-03, 6.951759e-03, 6.951759e-03, 4.122715e-03
13.882526, -2.488471e-03, 6.532300e-03, 6.532300e-03, 4.163103e-03
13.897866, -1.237647e-03, 6.245559e-03, 6.245559e-03, 3.819843e-03
13.913206, -1.945663e-04, 6.098664e-03, 6.098664e-03, 3.095499e-03
13.928546, 6.084797e-04, 6.079673e-03, 6.079673e-03, 2.013684e-03
13.943885, 1.152626e-03, 6.160250e-03, 6.160250e-03, 6.181358e-04
13.959225, 1.434645e-03, 6.299784e-03, 6.299784e-03, -1.028672e-03
13.974565, 1.468950e-03, 6.450337e-03, 6.450337e-03, -2.847807e-03
13.989905, 1.289175e-03, 6.561857e-03, 6.561857e-03, -4.747624e-03
14.005245, 9.487099e-04, 6.587187e-03, 6.587187e-03, -6.629275e-03
14.020584, 5.194281e-04, 6.486502e-03, 6.486502e-03, -8.393859e-03
14.035924, 8.802193e-05, 6.230939e-03, 6.230939e-03, -9.950608e-03
14.051264, -2.502888e-04, 5.805203e-03, 5.805203e-03, -1.122493e-02
14.066604, -4.003641e-04, 5.209013e-03, 5.209013e-03, -1.216483e-02
14.081944, -2.770881e-04, 4.457219e-03, 4.457219e-03, -1.274448e-02
14.097283, 1.847913e-04, 3.578501e-03, 3.578501e-03, -1.296400e-02
14.112623, 1.022416e-03, 2.612631e-03, 2.612631e-03, -1.284560e-02
14.127963, 2.239398e-03, 1.606488e-03, 1.606488e-03, -1.242660e-02
14.143303, 3.804018e-03, 6.092376e-04, 6.092376e-04, -1.175095e-02
14.158643, 5.651212e-03, -3.326797e-04, -3.326797e-04, -1.086107e-02
14.173982, 7.687852e-03, -1.179953e-03, -1.179953e-03, -9.791816e-03
14.189322, 9.800443e-03, -1.903438e-03, -1.903438e-03, -8.567648e-03
14.204662, 1.186426e-02, -2.485296e-03, -2.485296e-03, -7.203498e-03
14.220002, 1.375297e-02, -2.918091e-03, -2.918091e-03, -5.708843e-03
14.235342, 1.534794e-02, -3.202218e-03, -3.202218e-03, -4.093550e-03
14.250682, 1.654661e-02, -3.342458e-03, -3.342458e-03, -2.373766e-03
14.266021, 1.726971e-02, -3.344676e-03, -3.344676e-03, -5.761426e-04
14.281361, 1.746677e-02, -3.213674e-03, -3.213674e-03, 1.260847e-03
14.296701, 1.711986e-02, -2.952835e-03, -2.952835e-03, 3.089009e-03
14.312041, 1.624484e-02, -2.565657e-03, -2.565657e-03, 4.855474e-03
14.327381, 1.489019e-02, -2.058698e-03, -2.058698e-03, 6.509418e-03
14.342720, 1.313289e-02, -1.444944e-03, -1.444944e-03, 8.008874e-03
14.358060, 1.107174e-02, -7.464696e-04, -7.464696e-04, 9.326029e-03
14.373400, 8.818526e-03, 4.634529e-06, 4.634529e-06, 1.044979e-02
14.388740, 6.488109e-03, 7.676120e-04, 7.676120e-04, 1.138512e-02
14.404080, 4.188744e-03, 1.496603e-03, 1.496603e-03, 1.214949e-02
14.419419, 2.013932e-03, 2.145749e-03, 2.145749e-03, 1.276754e-02
14.434759, 3.708050e-05, 2.674762e-03, 2.674762e-03, 1.326509e-02
14.450099, -1.690359e-03, 3.053738e-03, 3.053738e-03, 1.366408e-02
14.465439, -3.137340e-03, 3.266248e-03, 3.266248e-03, 1.397945e-02
14.480779, -4.288989e-03, 3.310127e-03, 3.310127e-03, 1.421835e-02
14.496118, -5.140992e-03, 3.195994e-03, 3.195994e-03, 1.438172e-02
14.511458, -5.694236e-03, 2.943976e-03, 2.943976e-03, 1.446744e-02
14.526798, -5.951260e-03, 2.579460e-03, 2.579460e-03, 1.447417e-02
14.542138, -5.915470e-03, 2.128757e-03, 2.128757e-03, 1.440488e-02
14.557478, -5.593280e-03, 1.615437e-03, 1.615437e-03, 1.426910e-02
14.572817, -4.998554e-03, 1.057801e-03, 1.057801e-03, 1.408352e-02
14.588157, -4.157945e-03, 4.676615e-04, 4.676615e-04, 1.387097e-02
14.603497, -3.115363e-03, -1.496792e-04, -1.496792e-04, 1.365781e-02
14.618837, -1.933888e-03, -7.945185e-04, -7.945185e-04, 1.347056e-02
14.634177, -6.940968e-04, -1.471211e-03, -1.471211e-03, 1.333221e-02
14.649517, 5.114182e-04, -2.186258e-03, -2.186258e-03, 1.325885e-02
14.664856, 1.586687e-03, -2.946212e-03, -2.946212e-03, 1.325686e-02
14.680196, 2.442686e-03, -3.755509e-03, -3.755509e-03, 1.332110e-02
14.695536, 3.007493e-03, -4.614347e-03, -4.614347e-03, 1.343395e-02
14.710876, 3.234510e-03, -5.516752e-03, -5.516752e-03, 1.356540e-02
14.726216, 3.107508e-03, -6.449064e-03, -6.449064e-03, 1.367415e-02
14.741555, 2.641841e-03, -7.389136e-03, -7.389136e-03, 1.370952e-02
14.756895, 1.881926e-03, -8.306545e-03, -8.306545e-03, 1.361436e-02
14.772235, 8.957408e-04, -9.164047e-03, -9.164047e-03, 1.332861e-02
14.787575, -2.326269e-04, -9.920315e-03, -9.920315e-03, 1.279336e-02
14.802915, -1.411291e-03, -1.053379e-02, -1.053379e-02, 1.195498e-02
14.818254, -2.548838e-03, -1.096721e-02, -1.096721e-02, 1.076913e-02
14.833594, -3.561831e-03, -1.119215e-02, -1.119215e-02, 9.204242e-03
14.848934, -4.381100e-03, -1.119287e-02, -1.119287e-02, 7.244283e-03
14.864274, -4.956599e-03, -1.096881e-02, -1.096881e-02, 4.890838e-03
14.879614, -5.260566e-03, -1.053518e-02, -1.053518e-02, 2.164416e-03
14.894953, -5.288722e-03, -9.921510e-03, -9.921510e-03, -8.950218e-04
14.910293, -5.059283e-03, -9.168495e-03, -9.168495e-03, -4.228402e-03
14.925633, -4.609698e-03, -8.323429e-03, -8.323429e-03, -7.758869e-03
14.940973, -3.991270e-03, -7.435231e-03, -7.435231e-03, -1.139433e-02
14.956313, -3.262117e-03, -6.549714e-03, -6.549714e-03, -1.503138e-02
14.971652, -2.479456e-03, -5.705816e-03, -5.705816e-03, -1.856049e-02
14.986992, -1.692383e-03, -4.933128e-03, -4.933128e-03, -2.187216e-02
15.002332, -9.363589e-04, -4.250750e-03, -4.250750e-03, -2.486355e-02
15.017672, -2.303393e-04, -3.667203e-03, -3.667203e-03, -2.744485e-02
15.033012, 4.229264e-04, -3.180943e-03, -3.180943e-03, -2.954461e-02
15.048352, 1.033564e-03, -2.781067e-03, -2.781067e-03, -3.111355e-02
15.063691, 1.618993e-03, -2.447968e-03, -2.447968e-03, -3.212640e-02
15.079031, 2.197242e-03, -2.153957e-03, -2.153957e-03, -3.258186e-02
15.094371, 2.780457e-03, -1.864136e-03, -1.864136e-03, -3.250075e-02
15.109711, 3.369810e-03, -1.537922e-03, -1.537922e-03, -3.192269e-02
15.125051, 3.952714e-03, -1.131607e-03, -1.131607e-03, -3.090179e-02
15.140390, 4.502678e-03, -6.020708e-04, -6.020708e-04, -2.950163e-02
15.155730, 4.981688e-03, 8.851627e-05, 8.851627e-05, -2.778981e-02
15.171070, 5.344571e-03, 9.675658e-04, 9.675658e-04, -2.583254e-02
15.186410, 5.544582e-03, 2.047314e-03, 2.047314e-03, -2.368960e-02
15.201750, 5.539289e-03, 3.321318e-03, 3.321318e-03, -2.141020e-02
15.217089, 5.295946e-03, 4.762949e-03, 4.762949e-03, -1.903034e-02
15.232429, 4.795819e-03, 6.326319e-03, 6.326319e-03, -1.657199e-02
15.247769, 4.037122e-03, 7.949635e-03, 7.949635e-03, -1.404454e-02
15.263109, 3.036459e-03, 9.560542e-03, 9.560542e-03, -1.144811e-02
15.278449, 1.828802e-03, 1.108266e-02, 1.108266e-02, -8.778359e-03
15.293788, 4.661678e-04, 1.244236e-02, 1.244236e-02, -6.031931e-03
15.309128, -9.849481e-04, 1.357474e-02, 1.357474e-02, -3.211505e-03
15.324468, -2.447354e-03, 1.442814e-02, 1.442814e-02, -3.296292e-04
15.339808, -3.838085e-03, 1.496672e-02, 1.496672e-02, 2.589277e-03
15.355148, -5.074291e-03, 1.517111e-02, 1.517111e-02, 5.508932e-03
15.370487, -6.079821e-03, 1.503749e-02, 1.503749e-02, 8.383066e-03
15.385827, -6.791989e-03, 1.457579e-02, 1.457579e-02, 1.115870e-02
15.401167, -7.167815e-03, 1.380759e-02, 1.380759e-02, 1.378020e-02
15.416507, -7.188885e-03, 1.276429e-02, 1.276429e-02, 1.619350e-02
15.431847, -6.864132e-03, 1.148591e-02, 1.148591e-02, 1.834996e-02
15.447187, -6.229934e-03, 1.002026e-02, 1.002026e-02, 2.020957e-02
15.462526, -5.347257e-03, 8.422154e-03, 8.422154e-03, 2.174320e-02
15.477866, -4.295998e-03, 6.752198e-03, 6.752198e-03, 2.293392e-02
15.493206, -3.167144e-03, 5.074387e-03, 5.074387e-03, 2.377730e-02
15.508546, -2.053667e-03, 3.452449e-03, 3.452449e-03, 2.428094e-02
15.523886, -1.041276e-03, 1.944953e-03, 1.944953e-03, 2.446302e-02
15.539225, -2.002252e-04, 5.997473e-04, 5.997473e-04, 2.435022e-02
15.554565, 4.207448e-04, -5.513298e-04, -5.513298e-04, 2.397509e-02
15.569905, 7.976585e-04, -1.496432e-03, -1.496432e-03, 2.337311e-02
15.585245, 9.314993e-04, -2.245389e-03, -2.245389e-03, 2.257972e-02
15.600585, 8.455347e-04, -2.828481e-03, -2.828481e-03, 2.162767e-02
15.615924, 5.804245e-04, -3.292202e-03, -3.292202e-03, 2.054524e-02
15.631264, 1.881250e-04, -3.692488e-03, -3.692488e-03, 1.935526e-02
15.646604, -2.743139e-04, -4.086360e-03, -4.086360e-03, 1.807523e-02
15.661944, -7.501332e-04, -4.523259e-03, -4.523259e-03, 1.671835e-02
15.677284, -1.186807e-03, -5.037367e-03, -5.037367e-03, 1.529504e-02
15.692623, -1.538359e-03, -5.642059e-03, -5.642059e-03, 1.381451e-02
15.707963, -1.766402e-03, -6.327200e-03, -6.327200e-03, 1.228590e-02
15.723303, -1.840612e-03, -7.059574e-03, -7.059574e-03, 1.071872e-02
15.738643, -1.739370e-03, -7.786239e-03, -7.786239e-03, 9.122551e-03
15.753983, -1.451131e-03, -8.440240e-03, -8.440240e-03, 7.506122e-03
15.769322, -9.766425e-04, -8.947849e-03, -8.947849e-03, 5.876361e-03
15.784662, -3.316365e-04, -9.236448e-03, -9.236448e-03, 4.237950e-03
15.800002, 4.508993e-04, -9.242162e-03, -9.242162e-03, 2.593883e-03
15.815342, 1.319956e-03, -8.916528e-03, -8.916528e-03, 9.472374e-04
15.830682, 2.208112e-03, -8.231631e-03, -8.231631e-03, -6.959498e-04
15.846022, 3.035964e-03, -7.183366e-03, -7.183366e-03, -2.323274e-03
15.861361, 3.719186e-03, -5.792658e-03, -5.792658e-03, -3.912966e-03
15.876701, 4.177325e-03, -4.104650e-03, -4.104650e-03, -5.432295e-03
15.892041, 4.342926e-03, -2.186004e-03, -2.186004e-03, -6.838175e-03
15.907381, 4.169451e-03, -1.205611e-04, -1.205611e-04, -8.080351e-03
15.922721, 3.636716e-03, 1.996299e-03, 1.996299e-03, -9.106948e-03
15.938060, 2.753046e-03, 4.064205e-03, 4.064205e-03, -9.871494e-03
15.953400, 1.553977e-03, 5.984766e-03, 5.984766e-03, -1.034004e-02
15.968740, 9.809535e-05, 7.668452e-03, 7.668452e-03, -1.049695e-02
15.984080, -1.538982e-03, 9.040817e-03, 9.040817e-03, -1.034815e-02
15.999420, -3.271311e-03, 1.004747e-02, 1.004747e-02, -9.921162e-03
16.014759, -5.008965e-03, 1.065729e-02, 1.065729e-02, -9.261937e-03
16.030099, -6.663273e-03, 1.086345e-02, 1.086345e-02, -8.429408e-03
16.045439, -8.150694e-03, 1.068216e-02, 1.068216e-02, -7.488892e-03
16.060779, -9.395556e-03, 1.014915e-02, 1.014915e-02, -6.505756e-03
16.076119, -1.033215e-02, 9.314433e-03, 9.314433e-03, -5.540422e-03
16.091458, -1.090664e-02, 8.236037e-03, 8.236037e-03, -4.645322e-03
16.106798, -1.107919e-02, 6.973727e-03, 6.973727e-03, -3.863737e-03
16.122138, -1.082633e-02, 5.583591e-03, 5.583591e-03, -3.229882e-03
16.137478, -1.014318e-02, 4.114358e-03, 4.114358e-03, -2.769398e-03
16.152818, -9.044850e-03, 2.605871e-03, 2.605871e-03, -2.499483e-03
16.168158, -7.566368e-03, 1.089729e-03, 1.089729e-03, -2.428234e-03
16.183497, -5.760619e-03, -4.083793e-04, -4.083793e-04, -2.553273e-03
16.198837, -3.694260e-03, -1.865477e-03, -1.865477e-03, -2.860332e-03
16.214177, -1.442037e-03, -3.258202e-03, -3.258202e-03, -3.322693e-03
16.229517, 9.195033e-04, -4.560721e-03, -4.560721e-03, -3.902296e-03
16.244857, 3.317706e-03, -5.744231e-03, -5.744231e-03, -4.552941e-03
16.260196, 5.687851e-03, -6.778212e-03, -6.778212e-03, -5.225419e-03
16.275536, 7.974826e-03, -7.633123e-03, -7.633123e-03, -5.873709e-03
16.290876, 1.013232e-02, -8.283898e-03, -8.283898e-03, -6.460869e-03
16.306216, 1.212016e-02, -8.713403e-03, -8.713403e-03, -6.963187e-03
16.321556, 1.390087e-02, -8.915091e-03, -8.915091e-03, -7.371531e-03
16.336895, 1.543693e-02, -8.894298e-03, -8.894298e-03, -7.689426e-03
16.352235, 1.668979e-02, -8.667964e-03, -8.667964e-03, -7.928310e-03
16.367575, 1.762142e-02, -8.262956e-03, -8.262956e-03, -8.101194e-03
16.382915, 1.819850e-02, -7.713413e-03, -7.713413e-03, -8.216483e-03
16.398255, 1.839834e-02, -7.057720e-03, -7.057720e-03, -8.273641e-03
16.413594, 1.821518e-02, -6.335685e-03, -6.335685e-03, -8.261960e-03
16.428934, 1.766528e-02, -5.586347e-03, -5.586347e-03, -8.162876e-03
16.444274, 1.678926e-02, -4.846579e-03, -4.846579e-03, -7.955288e-03
16.459614, 1.565071e-02, -4.150416e-03, -4.150416e-03, -7.622435e-03
16.474954, 1.433091e-02, -3.528822e-03, -3.528822e-03, -7.158418e-03
16.490293, 1.292040e-02, -3.009518e-03, -3.009518e-03, -6.572528e-03
16.505633, 1.150865e-02, -2.616538e-03, -2.616538e-03, -5.889978e-03
16.520973, 1.017376e-02, -2.369279e-03, -2.369279e-03, -5.148574e-03
16.536313, 8.973879e-03, -2.281055e-03, -2.281055e-03, -4.391903e-03
16.551653, 7.941709e-03, -2.357312e-03, -2.357312e-03, -3.660581e-03
16.566993, 7.082962e-03, -2.593858e-03, -2.593858e-03, -2.983600e-03
16.582332, 6.378675e-03, -2.975537e-03, -2.975537e-03, -2.371866e-03
16.597672, 5.790796e-03, -3.475734e-03, -3.475734e-03, -1.815598e-03
16.613012, 5.269898e-03, -4.057048e-03, -4.057048e-03, -1.286382e-03
16.628352, 4.763568e-03, -4.673230e-03, -4.673230e-03, -7.435902e-04
16.643692, 4.224091e-03, -5.272352e-03, -5.272352e-03, -1.438564e-04
16.659031, 3.614305e-03, -5.800891e-03, -5.800891e-03, 5.483196e-04
16.674371, 2.910891e-03, -6.208307e-03, -6.208307e-03, 1.351098e-03
16.689711, 2.104819e-03, -6.451551e-03, -6.451551e-03, 2.259014e-03
16.705051, 1.199162e-03, -6.498904e-03, -6.498904e-03, 3.241236e-03
16.720391, 2.049655e-04, -6.332639e-03, -6.332639e-03, 4.244757e-03
16.735730, -8.639210e-04, -5.950081e-03, -5.950081e-03, 5.201937e-03
16.751070, -1.996022e-03, -5.362896e-03, -5.362896e-03, 6.040938e-03
16.766410, -3.186395e-03, -4.594679e-03, -4.594679e-03, 6.697018e-03
16.781750, -4.438944e-03, -3.677182e-03, -3.677182e-03, 7.122501e-03
16.797090, -5.766493e-03, -2.645785e-03, -2.645785e-03, 7.293646e-03
16.812429, -7.188599e-03, -1.534931e-03, -1.534931e-03, 7.213310e-03
16.827769, -8.727505e-03, -3.743122e-04, -3.743122e-04, 6.909166e-03
16.843109, -1.040292e-02, 8.135864e-04, 8.135864e-04, 6.428157e-03
16.858449, -1.222661e-02, 2.014222e-03, 2.014222e-03, 5.828608e-03
16.873789, -1.419759e-02, 3.219990e-03, 3.219990e-03, 5.171772e-03
16.889128, -1.629863e-02, 4.427816e-03, 4.427816e-03, 4.514450e-03
16.904468, -1.849449e-02, 5.635948e-03, 5.635948e-03, 3.903990e-03
16.919808, -2.073190e-02, 6.840659e-03, 6.840659e-03, 3.376281e-03
16.935148, -2.294122e-02, 8.033536e-03, 8.033536e-03, 2.956546e-03
16.950488, -2.503945e-02, 9.199851e-03, 9.199851e-03, 2.662105e-03
16.965828, -2.693440e-02, 1.031822e-02, 1.031822e-02, 2.505907e-03
16.981167, -2.852965e-02, 1.136153e-02, 1.136153e-02, 2.499596e-03
16.996507, -2.973035e-02, 1.229873e-02, 1.229873e-02, 2.655073e-03
17.011847, -3.044941e-02, 1.309734e-02, 1.309734e-02, 2.984067e-03
17.027187, -3.061390e-02, 1.372602e-02, 1.372602e-02, 3.495809e-03
17.042527, -3.017114e-02, 1.415705e-02, 1.415705e-02, 4.193458e-03
17.057866, -2.909379e-02, 1.436855e-02, 1.436855e-02, 5.070191e-03
17.073206, -2.738328e-02, 1.434632e-02, 1.434632e-02, 6.105959e-03
17.088546, -2.507102e-02, 1.408529e-02, 1.408529e-02, 7.265806e-03
17.103886, -2.221704e-02, 1.359046e-02, 1.359046e-02, 8.500256e-03
17.119226, -1.890622e-02, 1.287743e-02, 1.287743e-02, 9.747826e-03
17.134565, -1.524248e-02, 1.197206e-02, 1.197206e-02, 1.093940e-02
17.149905, -1.134185e-02, 1.090945e-02, 1.090945e-02, 1.200396e-02
17.165245, -7.325215e-03, 9.731900e-03, 9.731900e-03, 1.287477e-02
17.180585, -3.311569e-03, 8.485992e-03, 8.485992e-03, 1.349545e-02
17.195925, 5.875926e-04, 7.219082e-03, 7.219082e-03, 1.382487e-02
17.211264, 4.272541e-03, 5.975454e-03, 5.975454e-03, 1.384038e-02
17.226604, 7.658307e-03, 4.792667e-03, 4.792667e-03, 1.353897e-02
17.241944, 1.067674e-02, 3.698524e-03, 3.698524e-03, 1.293583e-02
17.257284, 1.327795e-02, 2.709077e-03, 2.709077e-03, 1.206082e-02
17.272624, 1.543146e-02, 1.827934e-03, 1.827934e-03, 1.095323e-02
17.287963, 1.712700e-02, 1.047002e-03, 1.047002e-03, 9.655643e-03
17.303303, 1.837500e-02, 3.485784e-04, 3.485784e-04, 8.208090e-03
17.318643, 1.920598e-02, -2.913914e-04, -2.913914e-04, 6.643473e-03
17.333983, 1.966876e-02, -8.992994e-04, -8.992994e-04, 4.985210e-03
17.349323, 1.982681e-02, -1.499586e-03, -1.499586e-03, 3.247441e-03
17.364663, 1.975296e-02, -2.110754e-03, -2.110754e-03, 1.437736e-03
17.380002, 1.952254e-02, -2.742260e-03, -2.742260e-03, -4.383178e-04
17.395342, 1.920595e-02, -3.392747e-03, -3.392747e-03, -2.371701e-03
17.410682, 1.886164e-02, -4.049887e-03, -4.049887e-03, -4.345001e-03
17.426022, 1.853064e-02, -4.691869e-03, -4.691869e-03, -6.329024e-03
17.441362, 1.823369e-02, -5.290246e-03, -5.290246e-03, -8.281867e-03
17.456701, 1.797139e-02, -5.813678e-03, -5.813678e-03, -1.015079e-02
17.472041, 1.772741e-02, -6.231978e-03, -6.231978e-03, -1.187671e-02
17.487381, 1.747410e-02, -6.519894e-03, -6.519894e-03, -1.340049e-02
17.502721, 1.717910e-02, -6.660178e-03, -6.660178e-03, -1.466991e-02
17.518061, 1.681195e-02, -6.645736e-03, -6.645736e-03, -1.564615e-02
17.533400, 1.634920e-02, -6.480756e-03, -6.480756e-03, -1.630851e-02
17.548740, 1.577721e-02, -6.180922e-03, -6.180922e-03, -1.665679e-02
17.564080, 1.509249e-02, -5.772766e-03, -5.772766e-03, -1.671097e-02
17.579420, 1.429988e-02, -5.292237e-03, -5.292237e-03, -1.650846e-02
17.594760, 1.340935e-02, -4.782489e-03, -4.782489e-03, -1.609960e-02
17.610099, 1.243259e-02, -4.290920e-03, -4.290920e-03, -1.554218e-02
17.625439, 1.138032e-02, -3.865548e-03, -3.865548e-03, -1.489582e-02
17.640779, 1.026091e-02, -3.550981e-03, -3.550981e-03, -1.421696e-02
17.656119, 9.080600e-03, -3.384392e-03, -3.384392e-03, -1.355478e-02
17.671459, 7.844827e-03, -3.392020e-03, -3.392020e-03, -1.294817e-02
17.686798, 6.559982e-03, -3.586712e-03, -3.586712e-03, -1.242379e-02
17.702138, 5.234906e-03, -3.966918e-03, -3.966918e-03, -1.199505e-02
17.717478, 3.881373e-03, -4.517249e-03, -4.517249e-03, -1.166184e-02
17.732818, 2.513394e-03, -5.210468e-03, -5.210468e-03, -1.141115e-02
17.748158, 1.145578e-03, -6.010452e-03, -6.010452e-03, -1.121838e-02
17.763498, -2.088655e-04, -6.875555e-03, -6.875555e-03, -1.104964e-02
17.778837, -1.539762e-03, -7.761733e-03, -7.761733e-03, -1.086492e-02
17.794177, -2.840562e-03, -8.624958e-03, -8.624958e-03, -1.062198e-02
17.809517, -4.107567e-03, -9.422692e-03, -9.422692e-03, -1.028080e-02
17.824857, -5.337952e-03, -1.011446e-02, -1.011446e-02, -9.807993e-03
17.840197, -6.527129e-03, -1.066187e-02, -1.066187e-02, -9.180607e-03
17.855536, -7.666249e-03, -1.102846e-02, -1.102846e-02, -8.388760e-03
17.870876, -8.740638e-03, -1.117997e-02, -1.117997e-02, -7.436601e-03
17.886216, -9.729798e-03, -1.108533e-02, -1.108533e-02, -6.341340e-03
17.901556, -1.060915e-02, -1.071851e-02, -1.071851e-02, -5.130426e-03
17.916896, -1.135318e-02, -1.006122e-02, -1.006122e-02, -3.837289e-03
17.932235, -1.193937e-02, -9.106021e-03, -9.106021e-03, -2.496326e-03
17.947575, -1.235194e-02, -7.859293e-03, -7.859293e-03, -1.137923e-03
17.962915, -1.258458e-02, -6.343494e-03, -6.343494e-03, 2.156186e-04
17.978255, -1.264160e-02, -4.598080e-03, -4.598080e-03, 1.552562e-03
17.993595, -1.253721e-02, -2.678660e-03, -2.678660e-03, 2.872202e-03
18.008934, -1.229337e-02, -6.542632e-04, -6.542632e-04, 4.183308e-03
18.024274, -1.193667e-02, 1.397144e-03, 1.397144e-03, 5.500824e-03
18.039614, -1.149510e-02, 3.394409e-03, 3.394409e-03, 6.841463e-03
18.054954, -1.099531e-02, 5.259512e-03, 5.259512e-03, 8.219042e-03
18.070294, -1.046084e-02, 6.923636e-03, 6.923636e-03, 9.640436e-03
18.085633, -9.911350e-03, 8.332216e-03, 8.332216e-03, 1.110280e-02
18.100973, -9.362585e-03, 9.448359e-03, 9.448359e-03, 1.259247e-02
18.116313, -8.826778e-03, 1.025429e-02, 1.025429e-02, 1.408561e-02
18.131653, -8.312984e-03, 1.075079e-02, 1.075079e-02, 1.555024e-02
18.146993, -7.827036e-03, 1.095488e-02, 1.095488e-02, 1.694911e-02
18.162333, -7.371025e-03, 1.089626e-02, 1.089626e-02, 1.824290e-02
18.177672, -6.942476e-03, 1.061302e-02, 1.061302e-02, 1.939306e-02
18.193012, -6.533507e-03, 1.014734e-02, 1.014734e-02, 2.036426e-02
18.208352, -6.130398e-03, 9.541621e-03, 9.541621e-03, 2.112616e-02
18.223692, -5.713939e-03, 8.835583e-03, 8.835583e-03, 2.165468e-02
18.239032, -5.260821e-03, 8.064359e-03, 8.064359e-03, 2.193306e-02
18.254371, -4.746001e-03, 7.257737e-03, 7.257737e-03, 2.195269e-02
18.269711, -4.145763e-03, 6.440285e-03, 6.440285e-03, 2.171383e-02
18.285051, -3.441042e-03, 5.632101e-03, 5.632101e-03, 2.122605e-02
18.300391, -2.620420e-03, 4.849792e-03, 4.849792e-03, 2.050829e-02
18.315731, -1.682286e-03, 4.107388e-03, 4.107388e-03, 1.958822e-02
18.331070, -6.358009e-04, 3.416935e-03, 3.416935e-03, 1.850084e-02
18.346410, 4.994053e-04, 2.788715e-03, 2.788715e-03, 1.728628e-02
18.361750, 1.694708e-03, 2.231139e-03, 2.231139e-03, 1.598702e-02
18.377090, 2.914881e-03, 1.750508e-03, 1.750508e-03, 1.464459e-02
18.392430, 4.121028e-03, 1.350839e-03, 1.350839e-03, 1.329629e-02
18.407769, 5.273701e-03, 1.033933e-03, 1.033933e-03, 1.197225e-02
18.423109, 6.335934e-03, 7.996944e-04, 7.996944e-04, 1.069320e-02
18.438449, 7.276014e-03, 6.466428e-04, 6.466428e-04, 9.469062e-03
18.453789, 8.069784e-03, 5.723584e-04, 5.723584e-04, 8.298805e-03
18.469129, 8.702353e-03, 5.736343e-04, 5.736343e-04, 7.171219e-03
18.484468, 9.169081e-03, 6.461388e-04, 6.461388e-04, 6.066647e-03
18.499808, 9.475695e-03, 7.835581e-04, 7.835581e-04, 4.959317e-03
18.515148, 9.637373e-03, 9.763961e-04, 9.763961e-04, 3.820053e-03
18.530488, 9.676781e-03, 1.210788e-03, 1.210788e-03, 2.619126e-03
18.545828, 9.621166e-03, 1.467779e-03, 1.467779e-03, 1.329052e-03
18.561168, 9.498758e-03, 1.723485e-03, 1.723485e-03, -7.269928e-05
18.576507, 9.334874e-03, 1.950392e-03, 1.950392e-03, -1.601126e-03
18.591847, 9.148249e-03, 2.119783e-03, 2.119783e-03, -3.261336e-03
18.607187, 8.948153e-03, 2.205025e-03, 2.205025e-03, -5.046610e-03
18.622527, 8.732735e-03, 2.185182e-03, 2.185182e-03, -6.937124e-03
18.637867, 8.488858e-03, 2.048336e-03, 2.048336e-03, -8.899677e-03
18.653206, 8.193551e-03, 1.793962e-03, 1.793962e-03, -1.088875e-02
18.668546, 7.816889e-03, 1.433866e-03, 1.433866e-03, -1.284905e-02
18.683886, 7.325931e-03, 9.914065e-04, 9.914065e-04, -1.471956e-02
18.699226, 6.689176e-03, 4.990331e-04, 4.990331e-04, -1.643863e-02
18.714566, 5.881023e-03, -5.534095e-06, -5.534095e-06, -1.794970e-02
18.729905, 4.885654e-03, -4.839174e-04, -4.839174e-04, -1.920700e-02
18.745245, 3.699919e-03, -9.017498e-04, -9.017498e-04, -2.018028e-02
18.760585, 2.334922e-03, -1.232649e-03, -1.232649e-03, -2.085802e-02
18.775925, 8.162377e-04, -1.460873e-03, -1.460873e-03, -2.124878e-02
18.791265, -8.172499e-04, -1.582274e-03, -1.582274e-03, -2.138021e-02
18.806604, -2.515740e-03, -1.603533e-03, -1.603533e-03, -2.129603e-02
18.821944, -4.221886e-03, -1.539930e-03, -1.539930e-03, -2.105117e-02
18.837284, -5.874828e-03, -1.412231e-03, -1.412231e-03, -2.070577e-02
18.852624, -7.414602e-03, -1.243333e-03, -1.243333e-03, -2.031854e-02
18.867964, -8.786559e-03, -1.055293e-03, -1.055293e-03, -1.994032e-02
18.883303, -9.945432e-03, -8.671828e-04, -8.671828e-04, -1.960843e-02
18.898643, -1.085869e-02, -6.939508e-04, -6.939508e-04, -1.934250e-02
18.913983, -1.150891e-02, -5.462160e-04, -5.462160e-04, -1.914204e-02
18.929323, -1.189482e-02, -4.307163e-04, -4.307163e-04, -1.898634e-02
18.944663, -1.203088e-02, -3.510555e-04, -3.510555e-04, -1.883654e-02
18.960003, -1.194520e-02, -3.084213e-04, -3.084213e-04, -1.863985e-02
18.975342, -1.167596e-02, -3.020710e-04, -3.020710e-04, -1.833547e-02
18.990682, -1.126656e-02, -3.295517e-04, -3.295517e-04, -1.786157e-02
19.006022, -1.075992e-02, -3.867809e-04, -3.867809e-04, -1.716245e-02
19.021362, -1.019273e-02, -4.682048e-04, -4.682048e-04, -1.619497e-02
19.036702, -9.590439e-03, -5.672562e-04, -5.672562e-04, -1.493344e-02
19.052041, -8.963884e-03, -6.772280e-04, -6.772280e-04, -1.337225e-02
19.067381, -8.308194e-03, -7.925129e-04, -7.925129e-04, -1.152623e-02
19.082721, -7.604424e-03, -9.099742e-04, -9.099742e-04, -9.428660e-03
19.098061, -6.823828e-03, -1.030075e-03, -1.030075e-03, -7.127615e-03
19.113401, -5.934172e-03, -1.157377e-03, -1.157377e-03, -4.681412e-03
19.128740, -4.907122e-03, -1.300115e-03, -1.300115e-03, -2.153954e-03
19.144080, -3.725497e-03, -1.468803e-03, -1.468803e-03, 3.893668e-04
19.159420, -2.389136e-03, -1.674060e-03, -1.674060e-03, 2.884831e-03
19.174760, -9.183133e-04, -1.924133e-03, -1.924133e-03, 5.272599e-03
19.190100, 6.459053e-04, -2.222683e-03, -2.222683e-03, 7.498268e-03
19.205439, 2.244441e-03, -2.567372e-03, -2.567372e-03, 9.514256e-03
19.220779, 3.805745e-03, -2.949611e-03, -2.949611e-03, 1.128139e-02
19.236119, 5.253261e-03, -3.355529e-03, -3.355529e-03, 1.277087e-02
19.251459, 6.513684e-03, -3.767927e-03, -3.767927e-03, 1.396646e-02
19.266799, 7.524827e-03, -4.168747e-03, -4.168747e-03, 1.486654e-02
19.282139, 8.242111e-03, -4.541513e-03, -4.541513e-03, 1.548523e-02
19.297478, 8.642926e-03, -4.873207e-03, -4.873207e-03, 1.585200e-02
19.312818, 8.728499e-03, -5.155235e-03, -5.155235e-03, 1.600943e-02
19.328158, 8.523297e-03, -5.383349e-03, -5.383349e-03, 1.600899e-02
19.343498, 8.072306e-03, -5.556615e-03, -5.556615e-03, 1.590541e-02
19.358838, 7.436685e-03, -5.675724e-03, -5.675724e-03, 1.575029e-02
19.374177, 6.688324e-03, -5.741075e-03, -5.741075e-03, 1.558624e-02
19.389517, 5.903842e-03, -5.751105e-03, -5.751105e-03, 1.544247e-02
19.404857, 5.158470e-03, -5.701317e-03, -5.701317e-03, 1.533259e-02
19.420197, 4.520181e-03, -5.584305e-03, -5.584305e-03, 1.525511e-02
19.435537, 4.044393e-03, -5.390908e-03, -5.390908e-03, 1.519625e-02
19.450876, 3.769613e-03, -5.112311e-03, -5.112311e-03, 1.513457e-02
19.466216, 3.714408e-03, -4.742701e-03, -4.742701e-03, 1.504622e-02
19.481556, 3.875996e-03, -4.281831e-03, -4.281831e-03, 1.490988e-02
19.496896, 4.230731e-03, -3.736815e-03, -3.736815e-03, 1.471033e-02
19.512236, 4.736567e-03, -3.122561e-03, -3.122561e-03, 1.444015e-02
19.527575, 5.337340e-03, -2.460514e-03, -2.460514e-03, 1.409939e-02
19.542915, 5.968418e-03, -1.775824e-03, -1.775824e-03, 1.369357e-02
19.558255, 6.563054e-03, -1.093435e-03, -1.093435e-03, 1.323069e-02
19.573595, 7.058646e-03, -4.339566e-04, -4.339566e-04, 1.271803e-02
19.588935, 7.402070e-03, 1.897058e-04, 1.897058e-04, 1.215952e-02
19.604274, 7.553404e-03, 7.740883e-04, 7.740883e-04, 1.155427e-02
19.619614, 7.487711e-03, 1.324772e-03, 1.324772e-03, 1.089642e-02
19.634954, 7.194961e-03, 1.853859e-03, 1.853859e-03, 1.017621e-02
19.650294, 6.678475e-03, 2.375863e-03, 2.375863e-03, 9.382044e-03
19.665634, 5.952588e-03, 2.902970e-03, 2.902970e-03, 8.502866e-03
19.680974, 5.040301e-03, 3.440787e-03, 3.440787e-03, 7.530525e-03
19.696313, 3.971494e-03, 3.985608e-03, 3.985608e-03, 6.461594e-03
19.711653, 2.781933e-03, 4.523811e-03, 4.523811e-03, 5.298511e-03
19.726993, 1.512917e-03, 5.033535e-03, 5.033535e-03, 4.049947e-03
19.742333, 2.111199e-04, 5.488206e-03, 5.488206e-03, 2.730511e-03
19.757673, -1.072036e-03, 5.861123e-03, 5.861123e-03, 1.359985e-03
19.773012, -2.282040e-03, 6.130104e-03, 6.130104e-03, -3.769254e-05
19.788352, -3.364269e-03, 6.281283e-03, 6.281283e-03, -1.435520e-03
19.803692, -4.268128e-03, 6.311427e-03, 6.311427e-03, -2.804552e-03
19.819032, -4.951853e-03, 6.228473e-03, 6.228473e-03, -4.115004e-03
19.834372, -5.387186e-03, 6.050413e-03, 6.050413e-03, -5.337383e-03
19.849711, -5.562988e-03, 5.802853e-03, 5.802853e-03, -6.443725e-03
19.865051, -5.487040e-03, 5.515755e-03, 5.515755e-03, -7.408984e-03
19.880391, -5.185628e-03, 5.219848e-03, 5.219848e-03, -8.212498e-03
19.895731, -4.700930e-03, 4.943109e-03, 4.943109e-03, -8.839418e-03
19.911071, -4.086625e-03, 4.707665e-03, 4.707665e-03, -9.281927e-03
19.926410, -3.402496e-03, 4.527366e-03, 4.527366e-03, -9.540048e-03
19.941750, -2.708926e-03, 4.406244e-03, 4.406244e-03, -9.621846e-03
19.957090, -2.062101e-03, 4.338062e-03, 4.338062e-03, -9.542973e-03
19.972430, -1.510431e-03, 4.307060e-03, 4.307060e-03, -9.325647e-03
19.987770, -1.092408e-03, 4.289928e-03, 4.289928e-03, -8.997226e-03
20.003109, -8.357668e-04, 4.258825e-03, 4.258825e-03, -8.588592e-03
20.018449, -7.575395e-04, 4.185110e-03, 4.185110e-03, -8.132573e-03
20.033789, -8.645333e-04, 4.043293e-03, 4.043293e-03, -7.662508e-03
20.049129, -1.153866e-03, 3.814618e-03, 3.814618e-03, -7.210922e-03
20.064469, -1.613405e-03, 3.489783e-03, 3.489783e-03, -6.808161e-03
20.079809, -2.222147e-03, 3.070383e-03, 3.070383e-03, -6.480896e-03
20.095148, -2.950822e-03, 2.568927e-03, 2.568927e-03, -6.250430e-03
20.110488, -3.763046e-03, 2.007488e-03, 2.007488e-03, -6.130901e-03
20.125828, -4.617274e-03, 1.415249e-03, 1.415249e-03, -6.127684e-03
20.141168, -5.469546e-03, 8.253324e-04, 8.253324e-04, -6.236418e-03
20.156508, -6.276770e-03, 2.713614e-04, 2.713614e-04, -6.443048e-03
20.171847, -7.000089e-03, -2.158620e-04, -2.158620e-04, -6.725137e-03
20.187187, -7.607716e-03, -6.112474e-04, -6.112474e-04, -7.054432e-03
20.202527, -8.076710e-03, -8.976781e-04, -8.976781e-04, -7.400401e-03
20.217867, -8.393436e-03, -1.067542e-03, -1.067542e-03, -7.734117e-03
20.233207, -8.552798e-03, -1.123496e-03, -1.123496e-03, -8.031729e-03
20.248546, -8.556592e-03, -1.078447e-03, -1.078447e-03, -8.276859e-03
20.263886, -8.411587e-03, -9.547603e-04, -9.547603e-04, -8.461409e-03
20.279226, -8.127939e-03, -7.826829e-04, -7.826829e-04, -8.584638e-03
20.294566, -7.718336e-03, -5.980214e-04, -5.980214e-04, -8.650766e-03
20.309906, -7.197955e-03, -4.391791e-04, -4.391791e-04, -8.665739e-03
20.325245, -6.584936e-03, -3.437548e-04, -3.437548e-04, -8.633975e-03
20.340585, -5.900887e-03, -3.450234e-04, -3.450234e-04, -8.555870e-03
20.355925, -5.170811e-03, -4.686976e-04, -4.686976e-04, -8.426667e-03
20.371265, -4.421965e-03, -7.303914e-04, -7.303914e-04, -8.236946e-03
20.386605, -3.681509e-03, -1.134139e-03, -1.134139e-03, -7.974484e-03
20.401944, -2.973178e-03, -1.672172e-03, -1.672172e-03, -7.626930e-03
20.417284, -2.313544e-03, -2.325972e-03, -2.325972e-03, -7.184539e-03
20.432624, -1.708640e-03, -3.068395e-03, -3.068395e-03, -6.642260e-03
20.447964, -1.151815e-03, -3.866542e-03, -3.866542e-03, -6.000636e-03
20.463304, -6.234910e-04, -4.684929e-03, -4.684929e-03, -5.265419e-03
20.478644, -9.314785e-05, -5.488567e-03, -5.488567e-03, -4.446139e-03
20.493983, 4.765479e-04, -6.245582e-03, -6.245582e-03, -3.554197e-03
20.509323, 1.123942e-03, -6.929158e-03, -6.929158e-03, -2.601074e-03
20.524663, 1.881783e-03, -7.518660e-03, -7.518660e-03, -1.597188e-03
20.540003, 2.770906e-03, -7.999914e-03, -7.999914e-03, -5.517018e-04
20.555343, 3.795266e-03, -8.364671e-03, -8.364671e-03, 5.268042e-04
20.570682, 4.939252e-03, -8.609372e-03, -8.609372e-03, 1.629144e-03
20.586022, 6.167829e-03, -8.733384e-03, -8.733384e-03, 2.744322e-03
20.601362, 7.429645e-03, -8.736968e-03, -8.736968e-03, 3.858763e-03
20.616702, 8.662656e-03, -8.619334e-03, -8.619334e-03, 4.956325e-03
20.632042, 9.801404e-03, -8.377143e-03, -8.377143e-03, 6.019144e-03
20.647381, 1.078481e-02, -8.003835e-03, -8.003835e-03, 7.029094e-03
20.662721, 1.156326e-02, -7.490000e-03, -7.490000e-03, 7.969430e-03
20.678061, 1.210384e-02, -6.824887e-03, -6.824887e-03, 8.826213e-03
20.693401, 1.239306e-02, -5.998850e-03, -5.998850e-03, 9.589107e-03
20.708741, 1.243668e-02, -5.006370e-03, -5.006370e-03, 1.025137e-02
20.724080, 1.225712e-02, -3.849136e-03, -3.849136e-03, 1.080910e-02
20.739420, 1.188874e-02, -2.538621e-03, -2.538621e-03, 1.125994e-02
20.754760, 1.137230e-02, -1.097680e-03, -1.097680e-03, 1.160184e-02
20.770100, 1.074929e-02, 4.391384e-04, 4.391384e-04, 1.183193e-02
20.785440, 1.005712e-02, 2.026665e-03, 2.026665e-03, 1.194621e-02
20.800779, 9.325659e-03, 3.611449e-03, 3.611449e-03, 1.193999e-02
20.816119, 8.575377e-03, 5.135078e-03, 5.135078e-03, 1.180911e-02
20.831459, 7.816999e-03, 6.538111e-03, 6.538111e-03, 1.155167e-02
20.846799, 7.052366e-03, 7.764183e-03, 7.764183e-03, 1.116995e-02
20.862139, 6.276076e-03, 8.763896e-03, 8.763896e-03, 1.067203e-02
20.877479, 5.477543e-03, 9.498150e-03, 9.498150e-03, 1.007265e-02
20.892818, 4.643199e-03, 9.940622e-03, 9.940622e-03, 9.392973e-03
20.908158, 3.758641e-03, 1.007922e-02, 1.007922e-02, 8.659222e-03
20.923498, 2.810679e-03, 9.916409e-03, 9.916409e-03, 7.900266e-03
20.938838, 1.789294e-03, 9.468406e-03, 9.468406e-03, 7.144548e-03
20.954178, 6.894754e-04, 8.763427e-03, 8.763427e-03, 6.416921e-03
20.969517, -4.871439e-04, 7.839182e-03, 7.839182e-03, 5.736017e-03
20.984857, -1.731017e-03, 6.739983e-03, 6.739983e-03, 5.112651e-03
21.000197, -3.023943e-03, 5.513809e-03, 5.513809e-03, 4.549534e-03
21.015537, -4.339110e-03, 4.209656e-03, 4.209656e-03, 4.042335e-03
21.030877, -5.642075e-03, 2.875371e-03, 2.875371e-03, 3.581835e-03
21.046216, -6.892715e-03, 1.556048e-03, 1.556048e-03, 3.156663e-03
21.061556, -8.048011e-03, 2.928880e-04, 2.928880e-04, 2.756026e-03
21.076896, -9.065419e-03, -8.776549e-04, -8.776549e-04, 2.371887e-03
21.092236, -9.906424e-03, -1.924656e-03, -1.924656e-03, 2.000206e-03
21.107576, -1.053983e-02, -2.823584e-03, -2.823584e-03, 1.641008e-03
21.122915, -1.094434e-02, -3.557250e-03, -3.557250e-03, 1.297398e-03
21.138255, -1.111028e-02, -4.116732e-03, -4.116732e-03, 9.738218e-04
21.153595, -1.104016e-02, -4.502004e-03, -4.502004e-03, 6.740704e-04
21.168935, -1.074822e-02, -4.721996e-03, -4.721996e-03, 3.995082e-04
21.184275, -1.025911e-02, -4.793888e-03, -4.793888e-03, 1.480116e-04
21.199614, -9.605778e-03, -4.741574e-03, -4.741574e-03, -8.609069e-05
21.214954, -8.826984e-03, -4.593456e-03, -4.593456e-03, -3.110452e-04
21.230294, -7.964379e-03, -4.379876e-03, -4.379876e-03, -5.358899e-04
21.245634, -7.059532e-03, -4.130603e-03, -4.130603e-03, -7.682467e-04
21.260974, -6.151006e-03, -3.872712e-03, -3.872712e-03, -1.012206e-03
21.276314, -5.271725e-03, -3.629091e-03, -3.629091e-03, -1.266843e-03
21.291653, -4.446830e-03, -3.417585e-03, -3.417585e-03, -1.525779e-03
21.306993, -3.692285e-03, -3.250621e-03, -3.250621e-03, -1.777962e-03
21.322333, -3.014350e-03, -3.135057e-03, -3.135057e-03, -2.009615e-03
21.337673, -2.409974e-03, -3.072046e-03, -3.072046e-03, -2.207084e-03
21.353013, -1.868031e-03, -3.056811e-03, -3.056811e-03, -2.360087e-03
21.368352, -1.371269e-03, -3.078476e-03, -3.078476e-03, -2.464727e-03
21.383692, -8.987386e-04, -3.120201e-03, -3.120201e-03, -2.525720e-03
21.399032, -4.284341e-04, -3.159983e-03, -3.159983e-03, -2.557373e-03
21.414372, 6.010963e-05, -3.172369e-03, -3.172369e-03, -2.583058e-03
21.429712, 5.834924e-04, -3.131132e-03, -3.131132e-03, -2.633176e-03
21.445051, 1.152660e-03, -3.012638e-03, -3.012638e-03, -2.741920e-03
21.460391, 1.771851e-03, -2.799365e-03, -2.799365e-03, -2.943314e-03
21.475731, 2.438363e-03, -2.482853e-03, -2.482853e-03, -3.267123e-03
21.491071, 3.143136e-03, -2.065366e-03, -2.065366e-03, -3.735206e-03
21.506411, 3.872008e-03, -1.559755e-03, -1.559755e-03, -4.358819e-03
21.521750, 4.607374e-03, -9.874001e-04, -9.874001e-04, -5.137124e-03
21.537090, 5.329866e-03, -3.745230e-04, -3.745230e-04, -6.056931e-03
21.552430, 6.019750e-03, 2.523897e-04, 2.523897e-04, -7.093496e-03
21.567770, 6.657847e-03, 8.711061e-04, 8.711061e-04, -8.212109e-03
21.583110, 7.225944e-03, 1.467111e-03, 1.467111e-03, -9.370139e-03
21.598449, 7.706844e-03, 2.035250e-03, 2.035250e-03, -1.051927e-02
21.613789, 8.084347e-03, 2.579206e-03, 2.579206e-03, -1.160784e-02
21.629129, 8.343491e-03, 3.108969e-03, 3.108969e-03, -1.258330e-02
21.644469, 8.471234e-03, 3.636923e-03, 3.636923e-03, -1.339489e-02
21.659809, 8.457580e-03, 4.173486e-03, 4.173486e-03, -1.399641e-02
21.675149, 8.296994e-03, 4.723323e-03, 4.723323e-03, -1.434923e-02
21.690488, 7.989738e-03, 5.282971e-03, 5.282971e-03, -1.442506e-02
21.705828, 7.542679e-03, 5.840382e-03, 5.840382e-03, -1.420817e-02
21.721168, 6.969213e-03, 6.376407e-03, 6.376407e-03, -1.369662e-02
21.736508, 6.288118e-03, 6.867846e-03, 6.867846e-03, -1.290231e-02
21.751848, 5.521404e-03, 7.291343e-03, 7.291343e-03, -1.184964e-02
21.767187, 4.691464e-03, 7.627310e-03, 7.627310e-03, -1.057319e-02
21.782527, 3.818066e-03, 7.863081e-03, 7.863081e-03, -9.114725e-03
21.797867, 2.915853e-03, 7.994734e-03, 7.994734e-03, -7.520289e-03
21.813207, 1.992898e-03, 8.027308e-03, 8.027308e-03, -5.837691e-03
21.828547, 1.050688e-03, 7.973467e-03, 7.973467e-03, -4.114773e-03
21.843886, 8.561960e-05, 7.850920e-03, 7.850920e-03, -2.398355e-03
21.859226, -9.082678e-04, 7.679142e-03, 7.679142e-03, -7.336133e-04
21.874566, -1.935893e-03, 7.475982e-03, 7.475982e-03, 8.365932e-04
21.889906, -2.997794e-03, 7.254735e-03, 7.254735e-03, 2.272843e-03
21.905246, -4.087500e-03, 7.022140e-03, 7.022140e-03, 3.540923e-03
21.920585, -5.190114e-03, 6.777556e-03, 6.777556e-03, 4.614163e-03
21.935925, -6.282305e-03, 6.513360e-03, 6.513360e-03, 5.475998e-03
21.951265, -7.333605e-03, 6.216388e-03, 6.216388e-03, 6.122189e-03
21.966605, -8.308643e-03, 5.870106e-03, 5.870106e-03, 6.562103e-03
21.981945, -9.169910e-03, 5.457093e-03, 5.457093e-03, 6.818618e-03
21.997284, -9.880646e-03, 4.961460e-03, 4.961460e-03, 6.926492e-03
22.012624, -1.040758e-02, 4.370902e-03, 4.370902e-03, 6.929316e-03
22.027964, -1.072336e-02, 3.678218e-03, 3.678218e-03, 6.875444e-03
22.043304, -1.080860e-02, 2.882260e-03, 2.882260e-03, 6.813461e-03
22.058644, -1.065362e-02, 1.988361e-03, 1.988361e-03, 6.787797e-03
22.073984, -1.025953e-02, 1.008336e-03, 1.008336e-03, 6.834909e-03
22.089323, -9.638843e-03, -3.988151e-05, -3.988151e-05, 6.980316e-03
22.104663, -8.815096e-03, -1.132936e-03, -1.132936e-03, 7.236634e-03
22.120003, -7.821571e-03, -2.243131e-03, -2.243131e-03, 7.602591e-03
22.135343, -6.699008e-03, -3.339930e-03, -3.339930e-03, 8.062968e-03
22.150683, -5.492513e-03, -4.391928e-03, -4.391928e-03, 8.589482e-03
22.166022, -4.248073e-03, -5.369224e-03, -5.369224e-03, 9.142683e-03
22.181362, -3.009157e-03, -6.246039e-03, -6.246039e-03, 9.674937e-03
22.196702, -1.813890e-03, -7.003288e-03, -7.003288e-03, 1.013448e-02
22.212042, -6.931974e-04, -7.630719e-03, -7.630719e-03, 1.047035e-02
22.227382, 3.299197e-04, -8.128233e-03, -8.128233e-03, 1.063785e-02
22.242721, 1.240074e-03, -8.506042e-03, -8.506042e-03, 1.060376e-02
22.258061, 2.028480e-03, -8.783520e-03, -8.783520e-03, 1.035054e-02
22.273401, 2.691622e-03, -8.986808e-03, -8.986808e-03, 9.878735e-03
22.288741, 3.230017e-03, -9.145475e-03, -9.145475e-03, 9.207111e-03
22.304081, 3.647348e-03, -9.288723e-03, -9.288723e-03, 8.370247e-03
22.319420, 3.950076e-03, -9.441692e-03, -9.441692e-03, 7.413988e-03
22.334760, 4.147401e-03, -9.622384e-03, -9.622384e-03, 6.389439e-03
22.350100, 4.251362e-03, -9.839567e-03, -9.839567e-03, 5.346500e-03
22.365440, 4.276850e-03, -1.009182e-02, -1.009182e-02, 4.327914e-03
22.380780, 4.241306e-03, -1.036773e-02, -1.036773e-02, 3.364725e-03
22.396120, 4.164024e-03, -1.064700e-02, -1.064700e-02, 2.473737e-03
22.411459, 4.065077e-03, -1.090234e-02, -1.090234e-02, 1.657149e-03
22.426799, 3.964007e-03, -1.110185e-02, -1.110185e-02, 9.042573e-04
22.442139, 3.878425e-03, -1.121170e-02, -1.121170e-02, 1.948339e-04
22.457479, 3.822657e-03, -1.119897e-02, -1.119897e-02, -4.963476e-04
22.472819, 3.806584e-03, -1.103440e-02, -1.103440e-02, -1.194492e-03
22.488158, 3.834786e-03, -1.069487e-02, -1.069487e-02, -1.919906e-03
22.503498, 3.906041e-03, -1.016539e-02, -1.016539e-02, -2.683840e-03
22.518838, 4.013280e-03, -9.440334e-03, -9.440334e-03, -3.485584e-03
22.534178, 4.144070e-03, -8.523756e-03, -8.523756e-03, -4.311242e-03
22.549518, 4.281659e-03, -7.428685e-03, -7.428685e-03, -5.134441e-03
22.564857, 4.406498e-03, -6.175520e-03, -6.175520e-03, -5.918974e-03
22.580197, 4.498066e-03, -4.789690e-03, -4.789690e-03, -6.623149e-03
22.595537, 4.536776e-03, -3.298998e-03, -3.298998e-03, -7.205300e-03
22.610877, 4.505609e-03, -1.731079e-03, -1.731079e-03, -7.629672e-03
22.626217, 4.391248e-03, -1.114182e-04, -1.114182e-04, -7.871678e-03
22.641556, 4.184571e-03, 1.537710e-03, 1.537710e-03, -7.921602e-03
22.656896, 3.880592e-03, 3.197223e-03, 3.197223e-03, -7.785987e-03
22.672236, 3.478040e-03, 4.850194e-03, 4.850194e-03, -7.486298e-03
22.687576, 2.978873e-03, 6.480102e-03, 6.480102e-03, -7.055001e-03
22.702916, 2.388042e-03, 8.068832e-03, 8.068832e-03, -6.529731e-03
22.718255, 1.713682e-03, 9.594960e-03, 9.594960e-03, -5.946699e-03
22.733595, 9.676888e-04, 1.103282e-02, 1.103282e-02, -5.334649e-03
22.748935, 1.665348e-04, 1.235264e-02, 1.235264e-02, -4.710705e-03
22.764275, -6.679923e-04, 1.352181e-02, 1.352181e-02, -4.079033e-03
22.779615, -1.508461e-03, 1.450716e-02, 1.450716e-02, -3.432657e-03
22.794955, -2.322195e-03, 1.527769e-02, 1.527769e-02, -2.758007e-03
22.810294, -3.072562e-03, 1.580747e-02, 1.580747e-02, -2.041161e-03
22.825634, -3.721137e-03, 1.607794e-02, 1.607794e-02, -1.274307e-03
22.840974, -4.230598e-03, 1.607942e-02, 1.607942e-02, -4.608353e-04
22.856314, -4.568069e-03, 1.581156e-02, 1.581156e-02, 3.822388e-04
22.871654, -4.708493e-03, 1.528268e-02, 1.528268e-02, 1.225199e-03
22.886993, -4.637611e-03, 1.450853e-02, 1.450853e-02, 2.029805e-03
22.902333, -4.354186e-03, 1.351054e-02, 1.351054e-02, 2.755905e-03
22.917673, -3.871164e-03, 1.231430e-02, 1.231430e-02, 3.369045e-03
22.933013, -3.215571e-03, 1.094836e-02, 1.094836e-02, 3.847400e-03
22.948353, -2.427071e-03, 9.443764e-03, 9.443764e-03, 4.186461e-03
22.963692, -1.555271e-03, 7.833934e-03, 7.833934e-03, 4.400431e-03
22.979032, -6.559216e-04, 6.154830e-03, 6.154830e-03, 4.519953e-03
22.994372, 2.137299e-04, 4.444892e-03, 4.444892e-03, 4.586513e-03
23.009712, 1.000024e-03, 2.744385e-03, 2.744385e-03, 4.644620e-03
23.025052, 1.657907e-03, 1.093954e-03, 1.093954e-03, 4.733210e-03
23.040391, 2.155321e-03, -4.675849e-04, -4.675849e-04, 4.877851e-03
23.055731, 2.476374e-03, -1.905954e-03, -1.905954e-03, 5.085084e-03
23.071071, 2.622764e-03, -3.194124e-03, -3.194124e-03, 5.339838e-03
23.086411, 2.613122e-03, -4.314512e-03, -4.314512e-03, 5.606270e-03
23.101751, 2.480252e-03, -5.260206e-03, -5.260206e-03, 5.831779e-03
23.117090, 2.266599e-03, -6.034935e-03, -6.034935e-03, 5.953498e-03
23.132430, 2.018508e-03, -6.651789e-03, -6.651789e-03, 5.906280e-03
23.147770, 1.780168e-03, -7.130889e-03, -7.130889e-03, 5.631048e-03
23.163110, 1.588118e-03, -7.496428e-03, -7.496428e-03, 5.082434e-03
23.178450, 1.467134e-03, -7.773554e-03, -7.773554e-03, 4.234816e-03
23.193790, 1.427976e-03, -7.985532e-03, -7.985532e-03, 3.086168e-03
23.209129, 1.467188e-03, -8.151526e-03, -8.151526e-03, 1.659392e-03
23.224469, 1.568761e-03, -8.285144e-03, -8.285144e-03, 1.116823e-06
23.239809, 1.707150e-03, -8.393772e-03, -8.393772e-03, -1.821779e-03
23.255149, 1.851008e-03, -8.478606e-03, -8.478606e-03, -3.727459e-03
23.270489, 1.967007e-03, -8.535241e-03, -8.535241e-03, -5.625674e-03
23.285828, 2.023260e-03, -8.554713e-03, -8.554713e-03, -7.424916e-03
23.301168, 1.992050e-03, -8.524887e-03, -8.524887e-03, -9.039513e-03
23.316508, 1.851817e-03, -8.432108e-03, -8.432108e-03, -1.039605e-02
23.331848, 1.588560e-03, -8.262995e-03, -8.262995e-03, -1.143861e-02
23.347188, 1.196834e-03, -8.006188e-03, -8.006188e-03, -1.213229e-02
23.362527, 6.804690e-04, -7.653797e-03, -7.653797e-03, -1.246492e-02
23.377867, 5.302672e-05, -7.202301e-03, -7.202301e-03, -1.244653e-02
23.393207, -6.621532e-04, -6.652702e-03, -6.652702e-03, -1.210696e-02
23.408547, -1.432594e-03, -6.009906e-03, -6.009906e-03, -1.149179e-02
23.423887, -2.218300e-03, -5.281492e-03, -5.281492e-03, -1.065709e-02
23.439226, -2.974470e-03, -4.476218e-03, -4.476218e-03, -9.663763e-03
23.454566, -3.655205e-03, -3.602691e-03, -3.602691e-03, -8.572155e-03
23.469906, -4.217833e-03, -2.668623e-03, -2.668623e-03, -7.437587e-03
23.485246, -4.627232e-03, -1.680909e-03, -1.680909e-03, -6.307278e-03
23.500586, -4.859387e-03, -6.465359e-04, -6.465359e-04, -5.218824e-03
23.515925, -4.903527e-03, 4.259304e-04, 4.259304e-04, -4.200147e-03
23.531265, -4.762408e-03, 1.524715e-03, 1.524715e-03, -3.270506e-03
23.546605, -4.450720e-03, 2.633566e-03, 2.633566e-03, -2.442081e-03
23.561945, -3.991922e-03, 3.731272e-03, 3.731272e-03, -1.721627e-03
23.577285, -3.414231e-03, 4.792217e-03, 4.792217e-03, -1.111748e-03
23.592625, -2.746624e-03, 5.787942e-03, 5.787942e-03, -6.115803e-04
23.607964, -2.015691e-03, 6.689476e-03, 6.689476e-03, -2.168432e-04
23.623304, -1.243945e-03, 7.470023e-03, 7.470023e-03, 8.052497e-05
23.638644, -4.498264e-04, 8.107518e-03, 8.107518e-03, 2.928770e-04
23.653984, 3.507523e-04, 8.586642e-03, 8.586642e-03, 4.371851e-04
23.669324, 1.141899e-03, 8.899992e-03, 8.899992e-03, 5.348870e-04
23.684663, 1.905056e-03, 9.048302e-03, 9.048302e-03, 6.110712e-04
23.700003, 2.616931e-03, 9.039746e-03, 9.039746e-03, 6.929897e-04
23.715343, 3.248704e-03, 8.888493e-03, 8.888493e-03, 8.080170e-04
23.730683, 3.766869e-03, 8.612763e-03, 8.612763e-03, 9.812696e-04
23.746023, 4.135667e-03, 8.232625e-03, 8.232625e-03, 1.233211e-03
23.761362, 4.320695e-03, 7.767807e-03, 7.767807e-03, 1.577612e-03
23.776702, 4.293027e-03, 7.235712e-03, 7.235712e-03, 2.020192e-03
23.792042, 4.033122e-03, 6.649842e-03, 6.649842e-03, 2.558184e-03
23.807382, 3.533808e-03, 6.018765e-03, 6.018765e-03, 3.180950e-03
23.822722, 2.801878e-03, 5.345730e-03, 5.345730e-03, 3.871620e-03
23.838061, 1.858119e-03, 4.628998e-03, 4.628998e-03, 4.609478e-03
23.853401, 7.359098e-04, 3.862874e-03, 3.862874e-03, 5.372699e-03
23.868741, -5.213016e-04, 3.039367e-03, 3.039367e-03, 6.140944e-03
23.884081, -1.863201e-03, 2.150319e-03, 2.150319e-03, 6.897331e-03
23.899421, -3.236014e-03, 1.189766e-03, 1.189766e-03, 7.629424e-03
23.914760, -4.585762e-03, 1.562321e-04, 1.562321e-04, 8.329092e-03
23.930100, -5.861147e-03, -9.453653e-04, -9.453653e-04, 8.991413e-03
23.945440, -7.015964e-03, -2.102484e-03, -2.102484e-03, 9.612977e-03
23.960780, -8.011012e-03, -3.294630e-03, -3.294630e-03, 1.019008e-02
23.976120, -8.815507e-03, -4.494014e-03, -4.494014e-03, 1.071730e-02
23.991460, -9.408025e-03, -5.667142e-03, -5.667142e-03, 1.118688e-02
24.006799, -9.776940e-03, -6.777136e-03, -6.777136e-03, 1.158894e-02
24.022139, -9.920270e-03, -7.786452e-03, -7.786452e-03, 1.191247e-02
24.037479, -9.844931e-03, -8.659645e-03, -8.659645e-03, 1.214659e-02
24.052819, -9.565419e-03, -9.365821e-03, -9.365821e-03, 1.228193e-02
24.068159, -9.101990e-03, -9.880508e-03, -9.880508e-03, 1.231136e-02
24.083498, -8.478540e-03, -1.018680e-02, -1.018680e-02, 1.223026e-02
24.098838, -7.720427e-03, -1.027577e-02, -1.027577e-02, 1.203598e-02
24.114178, -6.852521e-03, -1.014623e-02, -1.014623e-02, 1.172706e-02
24.129518, -5.897689e-03, -9.804069e-03, -9.804069e-03, 1.130229e-02
24.144858, -4.875897e-03, -9.261231e-03, -9.261231e-03, 1.076015e-02
24.160197, -3.803977e-03, -8.534703e-03, -8.534703e-03, 1.009876e-02
24.175537, -2.696001e-03, -7.645481e-03, -7.645481e-03, 9.316358e-03
24.190877, -1.564078e-03, -6.617710e-03, -6.617710e-03, 8.412284e-03
24.206217, -4.193294e-04, -5.477994e-03, -5.477994e-03, 7.387980e-03
24.221557, 7.271908e-04, -4.254887e-03, -4.254887e-03, 6.247909e-03
24.236896, 1.863858e-03, -2.978528e-03, -2.978528e-03, 5.000062e-03
24.252236, 2.978271e-03, -1.680347e-03, -1.680347e-03, 3.655993e-03
24.267576, 4.057472e-03, -3.927537e-04, -3.927537e-04, 2.230459e-03
24.282916, 5.088505e-03, 8.513190e-04, 8.513190e-04, 7.408727e-04
24.298256, 6.059155e-03, 2.019088e-03, 2.019088e-03, -7.932656e-04
24.313595, 6.958687e-03, 3.078886e-03, 3.078886e-03, -2.350801e-03
24.328935, 7.778382e-03, 4.001408e-03, 4.001408e-03, -3.909195e-03
24.344275, 8.511780e-03, 4.761163e-03, 4.761163e-03, -5.444758e-03
24.359615, 9.154613e-03, 5.337979e-03, 5.337979e-03, -6.933052e-03
24.374955, 9.704472e-03, 5.718409e-03, 5.718409e-03, -8.349665e-03
24.390295, 1.016029e-02, 5.896873e-03, 5.896873e-03, -9.671423e-03
24.405634, 1.052175e-02, 5.876408e-03, 5.876408e-03, -1.087796e-02
24.420974, 1.078880e-02, 5.668986e-03, 5.668986e-03, -1.195336e-02
24.436314, 1.096120e-02, 5.295352e-03, 5.295352e-03, -1.288747e-02
24.451654, 1.103838e-02, 4.784395e-03, 4.784395e-03, -1.367650e-02
24.466994, 1.101940e-02, 4.172026e-03, 4.172026e-03, -1.432261e-02
24.482333, 1.090328e-02, 3.499531e-03, 3.499531e-03, -1.483251e-02
24.497673, 1.068946e-02, 2.811383e-03, 2.811383e-03, -1.521528e-02
24.513013, 1.037857e-02, 2.152534e-03, 2.152534e-03, -1.548000e-02
24.528353, 9.973132e-03, 1.565321e-03, 1.565321e-03, -1.563348e-02
24.543693, 9.478328e-03, 1.086249e-03, 1.086249e-03, -1.567890e-02
24.559032, 8.902442e-03, 7.430207e-04, 7.430207e-04, -1.561544e-02
24.574372, 8.256851e-03, 5.522626e-04, 5.522626e-04, -1.543912e-02
24.589712, 7.555474e-03, 5.183169e-04, 5.183169e-04, -1.514455e-02
24.605052, 6.813658e-03, 6.333721e-04, 6.333721e-04, -1.472726e-02
24.620392, 6.046633e-03, 8.789439e-04, 8.789439e-04, -1.418616e-02
24.635731, 5.267822e-03, 1.228481e-03, 1.228481e-03, -1.352541e-02
24.651071, 4.487393e-03, 1.650648e-03, 1.650648e-03, -1.275550e-02
24.666411, 3.711374e-03, 2.112716e-03, 2.112716e-03, -1.189307e-02
24.681751, 2.941606e-03, 2.583513e-03, 2.583513e-03, -1.095945e-02
24.697091, 2.176611e-03, 3.035501e-03, 3.035501e-03, -9.978132e-03
24.712430, 1.413272e-03, 3.445801e-03, 3.445801e-03, -8.971551e-03
24.727770, 6.489484e-04, 3.796233e-03, 3.796233e-03, -7.957719e-03
24.743110, -1.164001e-04, 4.072649e-03, 4.072649e-03, -6.947355e-03
24.758450, -8.785520e-04, 4.263970e-03, 4.263970e-03, -5.942116e-03
24.773790, -1.628204e-03, 4.361327e-03, 4.361327e-03, -4.934327e-03
24.789130, -2.351210e-03, 4.357615e-03, 4.357615e-03, -3.908363e-03
24.804469, -3.029854e-03, 4.247541e-03, 4.247541e-03, -2.843535e-03
24.819809, -3.644963e-03, 4.028093e-03, 4.028093e-03, -1.718062e-03
24.835149, -4.178519e-03, 3.699168e-03, 3.699168e-03, -5.134683e-04
24.850489, -4.616446e-03, 3.264043e-03, 3.264043e-03, 7.813303e-04
24.865829, -4.951173e-03, 2.729411e-03, 2.729411e-03, 2.166922e-03
24.881168, -5.183685e-03, 2.104858e-03, 2.104858e-03, 3.631779e-03
24.896508, -5.324804e-03, 1.401803e-03, 1.401803e-03, 5.152388e-03
24.911848, -5.395480e-03, 6.321668e-04, 6.321668e-04, 6.695069e-03
24.927188, -5.425895e-03, -1.929196e-04, -1.929196e-04, 8.219135e-03
24.942528, -5.453248e-03, -1.063954e-03, -1.063954e-03, 9.680840e-03
24.957867, -5.518248e-03, -1.973177e-03, -1.973177e-03, 1.103749e-02
24.973207, -5.660506e-03, -2.913808e-03, -2.913808e-03, 1.225106e-02
24.988547, -5.913249e-03, -3.878490e-03, -3.878490e-03, 1.329088e-02
25.003887, -6.298036e-03, -4.857238e-03, -4.857238e-03, 1.413499e-02
25.019227, -6.820301e-03, -5.835306e-03, -5.835306e-03, 1.477031e-02
25.034566, -7.466547e-03, -6.791532e-03, -6.791532e-03, 1.519166e-02
25.049906, -8.203849e-03, -7.697613e-03, -7.697613e-03, 1.540007e-02
25.065246, -8.981996e-03, -8.518669e-03, -8.518669e-03, 1.540082e-02
25.080586, -9.738198e-03, -9.215217e-03, -9.215217e-03, 1.520165e-02
25.095926, -1.040377e-02, -9.746400e-03, -9.746400e-03, 1.481142e-02
25.111265, -1.091188e-02, -1.007408e-02, -1.007408e-02, 1.423957e-02
25.126605, -1.120521e-02, -1.016717e-02, -1.016717e-02, 1.349628e-02
25.141945, -1.124247e-02, -1.000554e-02, -1.000554e-02, 1.259338e-02
25.157285, -1.100285e-02, -9.582889e-03, -9.582889e-03, 1.154544e-02
25.172625, -1.048788e-02, -8.907962e-03, -8.907962e-03, 1.037099e-02
25.187965, -9.720692e-03, -8.004139e-03, -8.004139e-03, 9.093127e-03
25.203304, -8.743017e-03, -6.907244e-03, -6.907244e-03, 7.739525e-03
25.218644, -7.610455e-03, -5.662028e-03, -5.662028e-03, 6.341364e-03
25.233984, -6.386831e-03, -4.317820e-03, -4.317820e-03, 4.931522e-03
25.249324, -5.138311e-03, -2.923971e-03, -2.923971e-03, 3.542208e-03
25.264664, -3.927864e-03, -1.525690e-03, -1.525690e-03, 2.202565e-03
25.280003, -2.810478e-03, -1.608083e-04, -1.608083e-04, 9.367244e-04
25.295343, -1.829392e-03, 1.142191e-03, 1.142191e-03, -2.372140e-04
25.310683, -1.013547e-03, 2.364700e-03, 2.364700e-03, -1.307044e-03
25.326023, -3.762748e-04, 3.497113e-03, 3.497113e-03, -2.265240e-03
25.341363, 8.471106e-05, 4.536754e-03, 4.536754e-03, -3.106988e-03
25.356702, 3.860677e-04, 5.484999e-03, 5.484999e-03, -3.828020e-03
25.372042, 5.564413e-04, 6.344046e-03, 6.344046e-03, -4.422868e-03
25.387382, 6.331906e-04, 7.113878e-03, 7.113878e-03, -4.884122e-03
25.402722, 6.585129e-04, 7.789935e-03, 7.789935e-03, -5.203007e-03
25.418062, 6.753180e-04, 8.361929e-03, 8.361929e-03, -5.371268e-03
25.433401, 7.232327e-04, 8.814061e-03, 8.814061e-03, -5.383981e-03
25.448741, 8.350893e-04, 9.126702e-03, 9.126702e-03, -5.242655e-03
25.464081, 1.034170e-03, 9.279300e-03, 9.279300e-03, -4.957779e-03
25.479421, 1.332413e-03, 9.254053e-03, 9.254053e-03, -4.550037e-03
25.494761, 1.729747e-03, 9.039706e-03, 9.039706e-03, -4.049672e-03
25.510101, 2.214598e-03, 8.634729e-03, 8.634729e-03, -3.493895e-03
25.525440, 2.765531e-03, 8.049249e-03, 8.049249e-03, -2.922647e-03
25.540780, 3.353890e-03, 7.305289e-03, 7.305289e-03, -2.373453e-03
25.556120, 3.947202e-03, 6.435197e-03, 6.435197e-03, -1.876370e-03
25.571460, 4.513022e-03, 5.478476e-03, 5.478476e-03, -1.450024e-03
25.586800, 5.022771e-03, 4.477536e-03, 4.477536e-03, -1.099533e-03
25.602139, 5.455141e-03, 3.473101e-03, 3.473101e-03, -8.167648e-04
25.617479, 5.798641e-03, 2.500048e-03, 2.500048e-03, -5.829160e-04
25.632819, 6.052888e-03, 1.584375e-03, 1.584375e-03, -3.729571e-04
25.648159, 6.228408e-03, 7.417690e-04, 7.417690e-04, -1.611336e-04
25.663499, 6.344903e-03, -2.203956e-05, -2.203956e-05, 7.342409e-05
25.678838, 6.428169e-03, -7.093185e-04, -7.093185e-04, 3.419388e-04
25.694178, 6.506070e-03, -1.327218e-03, -1.327218e-03, 6.428844e-04
25.709518, 6.604128e-03, -1.884171e-03, -1.884171e-03, 9.610620e-04
25.724858, 6.741455e-03, -2.386568e-03, -2.386568e-03, 1.269000e-03
25.740198, 6.927642e-03, -2.836352e-03, -2.836352e-03, 1.530471e-03
25.755537, 7.161092e-03, -3.230026e-03, -3.230026e-03, 1.705620e-03
25.770877, 7.429019e-03, -3.559177e-03, -3.559177e-03, 1.756903e-03
25.786217, 7.709069e-03, -3.812355e-03, -3.812355e-03, 1.654921e-03
25.801557, 7.972264e-03, -3.977780e-03, -3.977780e-03, 1.383225e-03
25.816897, 8.186740e-03, -4.046247e-03, -4.046247e-03, 9.413476e-04
25.832236, 8.321744e-03, -4.013531e-03, -4.013531e-03, 3.455514e-04
25.847576, 8.351370e-03, -3.881787e-03, -3.881787e-03, -3.728391e-04
25.862916, 8.257548e-03, -3.659688e-03, -3.659688e-03, -1.171220e-03
25.878256, 8.031993e-03, -3.361381e-03, -3.361381e-03, -2.000961e-03
25.893596, 7.676921e-03, -3.004601e-03, -3.004601e-03, -2.813266e-03
25.908936, 7.204522e-03, -2.608463e-03, -2.608463e-03, -3.564685e-03
25.924275, 6.635257e-03, -2.191480e-03, -2.191480e-03, -4.221427e-03
25.939615, 5.995207e-03, -1.770203e-03, -1.770203e-03, -4.761897e-03
25.954955, 5.312843e-03, -1.358672e-03, -1.358672e-03, -5.177271e-03
25.970295, 4.615630e-03, -9.686354e-04, -9.686354e-04, -5.470267e-03
25.985635, 3.926915e-03, -6.102519e-04, -6.102519e-04, -5.652587e-03
26.000974, 3.263529e-03, -2.929188e-04, -2.929188e-04, -5.741672e-03
26.016314, 2.634453e-03, -2.587570e-05, -2.587570e-05, -5.757435e-03
26.031654, 2.040685e-03, 1.816499e-04, 1.816499e-04, -5.719487e-03
26.046994, 1.476284e-03, 3.208126e-04, 3.208126e-04, -5.645146e-03
26.062334, 9.304079e-04, 3.839272e-04, 3.839272e-04, -5.548308e-03
26.077673, 3.899850e-04, 3.654298e-04, 3.654298e-04, -5.439076e-03
26.093013, -1.574195e-04, 2.627631e-04, 2.627631e-04, -5.323932e-03
26.108353, -7.210049e-04, 7.697133e-05, 7.697133e-05, -5.206217e-03
26.123693, -1.304780e-03, -1.871150e-04, -1.871150e-04, -5.086780e-03
26.139033, -1.906522e-03, -5.211070e-04, -5.211070e-04, -4.964707e-03
26.154372, -2.517790e-03, -9.136024e-04, -9.136024e-04, -4.838045e-03
26.169712, -3.124938e-03, -1.350891e-03, -1.350891e-03, -4.704485e-03
26.185052, -3.710951e-03, -1.817651e-03, -1.817651e-03, -4.561940e-03
26.200392, -4.257837e-03, -2.297492e-03, -2.297492e-03, -4.408901e-03
26.215732, -4.749262e-03, -2.773288e-03, -2.773288e-03, -4.244458e-03
26.231071, -5.173103e-03, -3.227305e-03, -3.227305e-03, -4.067927e-03
26.246411, -5.523561e-03, -3.641224e-03, -3.641224e-03, -3.878146e-03
26.261751, -5.802544e-03, -3.996236e-03, -3.996236e-03, -3.672568e-03
26.277091, -6.020052e-03, -4.273389e-03, -4.273389e-03, -3.446381e-03
26.292431, -6.193367e-03, -4.454350e-03, -4.454350e-03, -3.191986e-03
26.307771, -6.344983e-03, -4.522658e-03, -4.522658e-03, -2.899087e-03
26.323110, -6.499442e-03, -4.465427e-03, -4.465427e-03, -2.555528e-03
26.338450, -6.679430e-03, -4.275304e-03, -4.275304e-03, -2.148865e-03
26.353790, -6.901716e-03, -3.952406e-03, -3.952406e-03, -1.668471e-03
26.369130, -7.173601e-03, -3.505839e-03, -3.505839e-03, -1.107776e-03
26.384470, -7.490584e-03, -2.954451e-03, -2.954451e-03, -4.661496e-04
26.399809, -7.835762e-03, -2.326510e-03, -2.326510e-03, 2.500328e-04
26.415149, -8.181147e-03, -1.658176e-03, -1.658176e-03, 1.027457e-03
26.430489, -8.490776e-03, -9.907784e-04, -9.907784e-04, 1.847182e-03
26.445829, -8.725144e-03, -3.671425e-04, -3.671425e-04, 2.687014e-03
26.461169, -8.846222e-03, 1.726579e-04, 1.726579e-04, 3.524503e-03
26.476508, -8.822247e-03, 5.955987e-04, 5.955987e-04, 4.339943e-03
26.491848, -8.631610e-03, 8.795098e-04, 8.795098e-04, 5.118770e-03
26.507188, -8.265346e-03, 1.015858e-03, 1.015858e-03, 5.852862e-03
26.522528, -7.728020e-03, 1.011097e-03, 1.011097e-03, 6.540477e-03
26.537868, -7.037091e-03, 8.863407e-04, 8.863407e-04, 7.184905e-03
26.553207, -6.221030e-03, 6.753353e-04, 6.753353e-04, 7.792179e-03
26.568547, -5.316576e-03, 4.209373e-04, 4.209373e-04, 8.368427e-03
26.583887, -4.365485e-03, 1.705138e-04, 1.705138e-04, 8.917414e-03
26.599227, -3.411115e-03, -2.914708e-05, -2.914708e-05, 9.438818e-03
26.614567, -2.495108e-03, -1.367550e-04, -1.367550e-04, 9.927503e-03
26.629906, -1.654365e-03, -1.206212e-04, -1.206212e-04, 1.037380e-02
26.645246, -9.184601e-04, 3.857031e-05, 3.857031e-05, 1.076451e-02
26.660586, -3.076277e-04, 3.466327e-04, 3.466327e-04, 1.108426e-02
26.675926, 1.685638e-04, 7.964360e-04, 7.964360e-04, 1.131681e-02
26.691266, 5.117850e-04, 1.369941e-03, 1.369941e-03, 1.144591e-02
26.706606, 7.347404e-04, 2.041274e-03, 2.041274e-03, 1.145583e-02
26.721945, 8.601645e-04, 2.780283e-03, 2.780283e-03, 1.133147e-02
26.737285, 9.190583e-04, 3.555974e-03, 3.555974e-03, 1.105868e-02
26.752625, 9.482536e-04, 4.339342e-03, 4.339342e-03, 1.062479e-02
26.767965, 9.874241e-04, 5.105235e-03, 5.105235e-03, 1.001992e-02
26.783305, 1.075707e-03, 5.833162e-03, 5.833162e-03, 9.238893e-03
26.798644, 1.248186e-03, 6.507109e-03, 6.507109e-03, 8.283490e-03
26.813984, 1.532572e-03, 7.114671e-03, 7.114671e-03, 7.164733e-03
26.829324, 1.946417e-03, 7.645825e-03, 7.645825e-03, 5.904392e-03
26.844664, 2.495214e-03, 8.091766e-03, 8.091766e-03, 4.535307e-03
26.860004, 3.171653e-03, 8.444063e-03, 8.444063e-03, 3.100076e-03
26.875343, 3.956193e-03, 8.694335e-03, 8.694335e-03, 1.648090e-03
26.890683, 4.818884e-03, 8.834445e-03, 8.834445e-03, 2.311853e-04
26.906023, 5.722230e-03, 8.857075e-03, 8.857075e-03, -1.101435e-03
26.921363, 6.624710e-03, 8.756483e-03, 8.756483e-03, -2.308249e-03
26.936703, 7.484508e-03, 8.529181e-03, 8.529181e-03, -3.359583e-03
26.952042, 8.262945e-03, 8.174375e-03, 8.174375e-03, -4.240206e-03
26.967382, 8.927189e-03, 7.694080e-03, 7.694080e-03, -4.949944e-03
26.982722, 9.451980e-03, 7.092966e-03, 7.092966e-03, -5.502303e-03
26.998062, 9.820217e-03, 6.378088e-03, 6.378088e-03, -5.921395e-03
27.013402, 1.002250e-02, 5.558676e-03, 5.558676e-03, -6.237754e-03
27.028741, 1.005586e-02, 4.646112e-03, 4.646112e-03, -6.483779e-03
27.044081, 9.922071e-03, 3.654136e-03, 3.654136e-03, -6.689518e-03
27.059421, 9.625985e-03, 2.599135e-03, 2.599135e-03, -6.879388e-03
27.074761, 9.174316e-03, 1.500312e-03, 1.500312e-03, -7.070151e-03
27.090101, 8.575134e-03, 3.794598e-04, 3.794598e-04, -7.270290e-03
27.105441, 7.838213e-03, -7.398345e-04, -7.398345e-04, -7.480621e-03
27.120780, 6.976077e-03, -1.833596e-03, -1.833596e-03, -7.695826e-03
27.136120, 6.005401e-03, -2.879297e-03, -2.879297e-03, -7.906471e-03
27.151460, 4.948287e-03, -3.857784e-03, -3.857784e-03, -8.101096e-03
27.166800, 3.832884e-03, -4.754844e-03, -4.754844e-03, -8.268010e-03
27.182140, 2.692917e-03, -5.562028e-03, -5.562028e-03, -8.396536e-03
27.197479, 1.565882e-03, -6.276499e-03, -6.276499e-03, -8.477636e-03
27.212819, 4.900308e-04, -6.899922e-03, -6.899922e-03, -8.504009e-03
27.228159, -4.994929e-04, -7.436683e-03, -7.436683e-03, -8.469857e-03
27.243499, -1.374708e-03, -7.891889e-03, -7.891889e-03, -8.370567e-03
27.258839, -2.118235e-03, -8.269682e-03, -8.269682e-03, -8.202577e-03
27.274178, -2.725353e-03, -8.572271e-03, -8.572271e-03, -7.963601e-03
27.289518, -3.204142e-03, -8.799878e-03, -8.799878e-03, -7.653222e-03
27.304858, -3.573528e-03, -8.951525e-03, -8.951525e-03, -7.273733e-03
27.320198, -3.859473e-03, -9.026317e-03, -9.026317e-03, -6.831010e-03
27.335538, -4.089964e-03, -9.024766e-03, -9.024766e-03, -6.335101e-03
27.350877, -4.289762e-03, -8.949695e-03, -8.949695e-03, -5.800260e-03
27.366217, -4.475946e-03, -8.806419e-03, -8.806419e-03, -5.244226e-03
27.381557, -4.655160e-03, -8.602144e-03, -8.602144e-03, -4.686750e-03
27.396897, -4.823112e-03, -8.344754e-03, -8.344754e-03, -4.147520e-03
27.412237, -4.966453e-03, -8.041370e-03, -8.041370e-03, -3.643760e-03
27.427576, -5.066596e-03, -7.697078e-03, -7.697078e-03, -3.187941e-03
27.442916, -5.104652e-03, -7.314174e-03, -7.314174e-03, -2.786040e-03
27.458256, -5.066407e-03, -6.892099e-03, -6.892099e-03, -2.436680e-03
27.473596, -4.946282e-03, -6.428008e-03, -6.428008e-03, -2.131371e-03
27.488936, -4.749448e-03, -5.917754e-03, -5.917754e-03, -1.855853e-03
27.504276, -4.491667e-03, -5.356995e-03, -5.356995e-03, -1.592329e-03
27.519615, -4.197005e-03, -4.742136e-03, -4.742136e-03, -1.322191e-03
27.534955, -3.893972e-03, -4.070958e-03, -4.070958e-03, -1.028733e-03
27.550295, -3.610994e-03, -3.342953e-03, -3.342953e-03, -6.993650e-04
27.565635, -3.372193e-03, -2.559500e-03, -2.559500e-03, -3.269499e-04
27.580975, -3.194349e-03, -1.724108e-03, -1.724108e-03, 8.996692e-05
27.596314, -3.085519e-03, -8.428831e-04, -8.428831e-04, 5.479883e-04
27.611654, -3.045393e-03, 7.476952e-05, 7.476952e-05, 1.040504e-03
27.626994, -3.066998e-03, 1.015361e-03, 1.015361e-03, 1.559739e-03
27.642334, -3.139143e-03, 1.960774e-03, 1.960774e-03, 2.098751e-03
27.657674, -3.248844e-03, 2.888326e-03, 2.888326e-03, 2.652933e-03
27.673013, -3.383088e-03, 3.771720e-03, 3.771720e-03, 3.220724e-03
27.688353, -3.529627e-03, 4.582970e-03, 4.582970e-03, 3.803396e-03
27.703693, -3.676784e-03, 5.295113e-03, 5.295113e-03, 4.404030e-03
27.719033, -3.812585e-03, 5.885259e-03, 5.885259e-03, 5.025903e-03
27.734373, -3.923696e-03, 6.337382e-03, 6.337382e-03, 5.670634e-03
27.749712, -3.994712e-03, 6.644257e-03, 6.644257e-03, 6.336490e-03
27.765052, -4.008177e-03, 6.808108e-03, 6.808108e-03, 7.017189e-03
27.780392, -3.945488e-03, 6.839821e-03, 6.839821e-03, 7.701398e-03
27.795732, -3.788580e-03, 6.756915e-03, 6.756915e-03, 8.373059e-03
27.811072, -3.522079e-03, 6.580745e-03, 6.580745e-03, 9.012487e-03
27.826411, -3.135486e-03, 6.333549e-03, 6.333549e-03, 9.598103e-03
27.841751, -2.624952e-03, 6.035957e-03, 6.035957e-03, 1.010852e-02
27.857091, -1.994329e-03, 5.705390e-03, 5.705390e-03, 1.052464e-02
27.872431, -1.255354e-03, 5.355507e-03, 5.355507e-03, 1.083157e-02
27.887771, -4.270152e-04, 4.996578e-03, 4.996578e-03, 1.101981e-02
27.903111, 4.657756e-04, 4.636419e-03, 4.636419e-03, 1.108580e-02
27.918450, 1.393911e-03, 4.281447e-03, 4.281447e-03, 1.103146e-02
27.933790, 2.326015e-03, 3.937448e-03, 3.937448e-03, 1.086304e-02
27.949130, 3.230397e-03, 3.609797e-03, 3.609797e-03, 1.058933e-02
27.964470, 4.076957e-03, 3.303117e-03, 3.303117e-03, 1.021962e-02
27.979810, 4.838960e-03, 3.020509e-03, 3.020509e-03, 9.761892e-03
27.995149, 5.494665e-03, 2.762683e-03, 2.762683e-03, 9.221438e-03
28.010489, 6.028735e-03, 2.527301e-03, 2.527301e-03, 8.600351e-03
28.025829, 6.433301e-03, 2.308817e-03, 2.308817e-03, 7.897867e-03
28.041169, 6.708498e-03, 2.098938e-03, 2.098938e-03, 7.111592e-03
28.056509, 6.862344e-03, 1.887687e-03, 1.887687e-03, 6.239336e-03
28.071848, 6.909901e-03, 1.664868e-03, 1.664868e-03, 5.281209e-03
28.087188, 6.871739e-03, 1.421673e-03, 1.421673e-03, 4.241547e-03
28.102528, 6.771875e-03, 1.152100e-03, 1.152100e-03, 3.130264e-03
28.117868, 6.635437e-03, 8.539368e-04, 8.539368e-04, 1.963294e-03
28.133208, 6.486351e-03, 5.291240e-04, 5.291240e-04, 7.619187e-04
28.148547, 6.345275e-03, 1.834516e-04, 1.834516e-04, -4.489460e-04
28.163887, 6.227911e-03, -1.743326e-04, -1.743326e-04, -1.643302e-03
28.179227, 6.143775e-03, -5.338292e-04, -5.338292e-04, -2.797026e-03
28.194567, 6.095360e-03, -8.844625e-04, -8.844625e-04, -3.890690e-03
28.209907, 6.077623e-03, -1.216851e-03, -1.216851e-03, -4.911672e-03
28.225246, 6.077784e-03, -1.523824e-03, -1.523824e-03, -5.855087e-03
28.240586, 6.075497e-03, -1.800893e-03, -1.800893e-03, -6.723291e-03
28.255926, 6.043543e-03, -2.046115e-03, -2.046115e-03, -7.523962e-03
28.271266, 5.949219e-03, -2.259385e-03, -2.259385e-03, -8.267063e-03
28.286606, 5.756609e-03, -2.441358e-03, -2.441358e-03, -8.961259e-03
28.301946, 5.429775e-03, -2.592279e-03, -2.592279e-03, -9.610494e-03
28.317285, 4.936718e-03, -2.711030e-03, -2.711030e-03, -1.021146e-02
28.332625, 4.253698e-03, -2.794661e-03, -2.794661e-03, -1.075248e-02
28.347965, 3.369363e-03, -2.838547e-03, -2.838547e-03, -1.121414e-02
28.363305, 2.288004e-03, -2.837143e-03, -2.837143e-03, -1.157161e-02
28.378645, 1.031255e-03, -2.785155e-03, -2.785155e-03, -1.179826e-02
28.393984, -3.622063e-04, -2.678816e-03, -2.678816e-03, -1.186979e-02
28.409324, -1.839119e-03, -2.516970e-03, -2.516970e-03, -1.176832e-02
28.424664, -3.336018e-03, -2.301684e-03, -2.301684e-03, -1.148541e-02
28.440004, -4.784974e-03, -2.038253e-03, -2.038253e-03, -1.102364e-02
28.455344, -6.119835e-03, -1.734657e-03, -1.734657e-03, -1.039644e-02
28.470683, -7.282022e-03, -1.400586e-03, -1.400586e-03, -9.626337e-03
28.486023, -8.225062e-03, -1.046327e-03, -1.046327e-03, -8.742012e-03
28.501363, -8.917321e-03, -6.817421e-04, -6.817421e-04, -7.774838e-03
28.516703, -9.342761e-03, -3.155809e-04, -3.155809e-04, -6.755537e-03
28.532043, -9.499935e-03, 4.475757e-05, 4.475757e-05, -5.711535e-03
28.547382, -9.399777e-03, 3.929911e-04, 3.929911e-04, -4.665317e-03
28.562722, -9.062880e-03, 7.233348e-04, 7.233348e-04, -3.633880e-03
28.578062, -8.516909e-03, 1.029671e-03, 1.029671e-03, -2.629160e-03
28.593402, -7.794628e-03, 1.304731e-03, 1.304731e-03, -1.659161e-03
28.608742, -6.932751e-03, 1.539531e-03, 1.539531e-03, -7.294235e-04
28.624082, -5.971477e-03, 1.723262e-03, 1.723262e-03, 1.554515e-04
28.639421, -4.954354e-03, 1.843772e-03, 1.843772e-03, 9.904817e-04
28.654761, -3.927969e-03, 1.888678e-03, 1.888678e-03, 1.769358e-03
28.670101, -2.941027e-03, 1.846994e-03, 1.846994e-03, 2.483980e-03
28.685441, -2.042519e-03, 1.711083e-03, 1.711083e-03, 3.124487e-03
28.700781, -1.278923e-03, 1.478623e-03, 1.478623e-03, 3.679732e-03
28.716120, -6.907015e-04, 1.154239e-03, 1.154239e-03, 4.138124e-03
28.731460, -3.085712e-04, 7.504591e-04, 7.504591e-04, 4.488700e-03
28.746800, -1.501061e-04, 2.877428e-04, 2.877428e-04, 4.722255e-03
28.762140, -2.172503e-04, -2.065672e-04, -2.065672e-04, 4.832386e-03
28.777480, -4.951927e-04, -7.003247e-04, -7.003247e-04, 4.816369e-03
28.792819, -9.528378e-04, -1.159486e-03, -1.159486e-03, 4.675821e-03
28.808159, -1.544868e-03, -1.551464e-03, -1.551464e-03, 4.417169e-03
28.823499, -2.215214e-03, -1.848462e-03, -1.848462e-03, 4.051953e-03
28.838839, -2.901611e-03, -2.030279e-03, -2.030279e-03, 3.597007e-03
28.854179, -3.540772e-03, -2.086192e-03, -2.086192e-03, 3.074439e-03
28.869518, -4.073693e-03, -2.015645e-03, -2.015645e-03, 2.511259e-03
28.884858, -4.450548e-03, -1.827729e-03, -1.827729e-03, 1.938479e-03
28.900198, -4.634664e-03, -1.539616e-03, -1.539616e-03, 1.389525e-03
28.915538, -4.605105e-03, -1.174299e-03, -1.174299e-03, 8.978879e-04
28.930878, -4.357535e-03, -7.580637e-04, -7.580637e-04, 4.941209e-04
28.946217, -3.903246e-03, -3.180876e-04, -3.180876e-04, 2.025553e-04
28.961557, -3.266516e-03, 1.195151e-04, 1.195151e-04, 3.821147e-05
28.976897, -2.480708e-03, 5.310370e-04, 5.310370e-04, 4.482709e-06
28.992237, -1.583745e-03, 8.959019e-04, 8.959019e-04, 9.211062e-05
29.007577, -6.137072e-04, 1.196887e-03, 1.196887e-03, 2.798122e-04
29.022917, 3.947627e-04, 1.420049e-03, 1.420049e-03, 5.366248e-04
29.038256, 1.412791e-03, 1.554580e-03, 1.554580e-03, 8.257276e-04
29.053596, 2.418111e-03, 1.592787e-03, 1.592787e-03, 1.109243e-03
29.068936, 3.394513e-03, 1.530306e-03, 1.530306e-03, 1.353334e-03
29.084276, 4.330288e-03, 1.366543e-03, 1.366543e-03, 1.532803e-03
29.099616, 5.216191e-03, 1.105226e-03, 1.105226e-03, 1.634492e-03
29.114955, 6.043488e-03, 7.548593e-04, 7.548593e-04, 1.658931e-03
29.130295, 6.802536e-03, 3.288480e-04, 3.288480e-04, 1.620016e-03
29.145635, 7.482194e-03, -1.549041e-04, -1.549041e-04, 1.542744e-03
29.160975, 8.070096e-03, -6.750261e-04, -6.750261e-04, 1.459414e-03
29.176315, 8.553592e-03, -1.208288e-03, -1.208288e-03, 1.404946e-03
29.191654, 8.921005e-03, -1.731599e-03, -1.731599e-03, 1.412085e-03
29.206994, 9.162840e-03, -2.224072e-03, -2.224072e-03, 1.507255e-03
29.222334, 9.272592e-03, -2.668828e-03, -2.668828e-03, 1.707646e-03
29.237674, 9.247003e-03, -3.054178e-03, -3.054178e-03, 2.019881e-03
29.253014, 9.085783e-03, -3.374011e-03, -3.374011e-03, 2.440264e-03
29.268353, 8.791042e-03, -3.627318e-03, -3.627318e-03, 2.956282e-03
29.283693, 8.366730e-03, -3.816982e-03, -3.816982e-03, 3.548903e-03
29.299033, 7.818397e-03, -3.948139e-03, -3.948139e-03, 4.195106e-03
29.314373, 7.153485e-03, -4.026444e-03, -4.026444e-03, 4.870138e-03
29.329713, 6.382183e-03, -4.056624e-03, -4.056624e-03, 5.549204e-03
29.345052, 5.518604e-03, -4.041580e-03, -4.041580e-03, 6.208475e-03
29.360392, 4.581912e-03, -3.982178e-03, -3.982178e-03, 6.825542e-03
29.375732, 3.596914e-03, -3.877697e-03, -3.877697e-03, 7.379491e-03
29.391072, 2.593680e-03, -3.726748e-03, -3.726748e-03, 7.850865e-03
29.406412, 1.605903e-03, -3.528397e-03, -3.528397e-03, 8.221691e-03
29.421752, 6.680466e-04, -3.283203e-03, -3.283203e-03, 8.475639e-03
29.437091, -1.883635e-04, -2.993881e-03, -2.993881e-03, 8.598289e-03
29.452431, -9.386581e-04, -2.665444e-03, -2.665444e-03, 8.577409e-03
29.467771, -1.568360e-03, -2.304742e-03, -2.304742e-03, 8.403148e-03
29.483111, -2.075165e-03, -1.919487e-03, -1.919487e-03, 8.068116e-03
29.498451, -2.469046e-03, -1.516952e-03, -1.516952e-03, 7.567358e-03
29.513790, -2.770349e-03, -1.102618e-03, -1.102618e-03, 6.898370e-03
29.529130, -3.006215e-03, -6.790839e-04, -6.790839e-04, 6.061314e-03
29.544470, -3.206000e-03, -2.455306e-04, -2.455306e-04, 5.059552e-03
29.559810, -3.396602e-03, 2.020752e-04, 2.020752e-04, 3.900536e-03
29.575150, -3.598594e-03, 6.699801e-04, 6.699801e-04, 2.596989e-03
29.590489, -3.823856e-03, 1.164960e-03, 1.164960e-03, 1.168150e-03
29.605829, -4.074967e-03, 1.692221e-03, 1.692221e-03, -3.592661e-04
29.621169, -4.346282e-03, 2.253267e-03, 2.253267e-03, -1.950725e-03
29.636509, -4.626221e-03, 2.844152e-03, 2.844152e-03, -3.564444e-03
29.651849, -4.900128e-03, 3.454511e-03, 3.454511e-03, -5.153032e-03
29.667188, -5.153015e-03, 4.067640e-03, 4.067640e-03, -6.666177e-03
29.682528, -5.371679e-03, 4.661728e-03, 4.661728e-03, -8.054113e-03
29.697868, -5.545938e-03, 5.212132e-03, 5.212132e-03, -9.271460e-03
29.713208, -5.668958e-03, 5.694369e-03, 5.694369e-03, -1.028092e-02
29.728548, -5.736873e-03, 6.087366e-03, 6.087366e-03, -1.105634e-02
29.743887, -5.748036e-03, 6.376365e-03, 6.376365e-03, -1.158472e-02
29.759227, -5.702217e-03, 6.554978e-03, 6.554978e-03, -1.186686e-02
29.774567, -5.599997e-03, 6.625962e-03, 6.625962e-03, -1.191674e-02
29.789907, -5.442466e-03, 6.600570e-03, 6.600570e-03, -1.175971e-02
29.805247, -5.231269e-03, 6.496600e-03, 6.496600e-03, -1.142974e-02
29.820587, -4.968896e-03, 6.335523e-03, 6.335523e-03, -1.096632e-02
29.835926, -4.659065e-03, 6.139284e-03, 6.139284e-03, -1.041127e-02
29.851266, -4.307063e-03, 5.927383e-03, 5.927383e-03, -9.805845e-03
29.866606, -3.919921e-03, 5.714772e-03, 5.714772e-03, -9.188419e-03
29.881946, -3.506317e-03, 5.510889e-03, 5.510889e-03, -8.592659e-03
29.897286, -3.076161e-03, 5.319845e-03, 5.319845e-03, -8.046326e-03
29.912625, -2.639887e-03, 5.141533e-03, 5.141533e-03, -7.570450e-03
29.927965, -2.207542e-03, 4.973203e-03, 4.973203e-03, -7.178799e-03
29.943305, -1.787789e-03, 4.810995e-03, 4.810995e-03, -6.877543e-03
29.958645, -1.387019e-03, 4.650980e-03, 4.650980e-03, -6.665129e-03
29.973985, -1.008770e-03, 4.489443e-03, 4.489443e-03, -6.532396e-03
29.989324, -6.535996e-04, 4.322381e-03, 4.322381e-03, -6.463056e-03
30.004664, -3.194872e-04, 4.144455e-03, 4.144455e-03, -6.434654e-03
30.020004, -2.696386e-06, 3.947770e-03, 3.947770e-03, -6.420065e-03
30.035344, 3.010629e-04, 3.720968e-03, 3.720968e-03, -6.389502e-03
30.050684, 5.954658e-04, 3.449005e-03, 3.449005e-03, -6.312916e-03
30.066023, 8.827158e-04, 3.113867e-03, 3.113867e-03, -6.162612e-03
30.081363, 1.163236e-03, 2.696228e-03, 2.696228e-03, -5.915787e-03
30.096703, 1.436006e-03, 2.177832e-03, 2.177832e-03, -5.556670e-03
30.112043, 1.699463e-03, 1.544222e-03, 1.544222e-03, -5.077966e-03
30.127383, 1.952729e-03, 7.873408e-04, 7.873408e-04, -4.481370e-03
30.142722, 2.196752e-03, -9.243518e-05, -9.243518e-05, -3.776991e-03
30.158062, 2.435009e-03, -1.085174e-03, -1.085174e-03, -2.981712e-03
30.173402, 2.673479e-03, -2.171336e-03, -2.171336e-03, -2.116728e-03
30.188742, 2.919804e-03, -3.322765e-03, -3.322765e-03, -1.204621e-03
30.204082, 3.181730e-03, -4.504527e-03, -4.504527e-03, -2.664509e-04
30.219422, 3.465114e-03, -5.677286e-03, -5.677286e-03, 6.806179e-04
30.234761, 3.771925e-03, -6.799884e-03, -6.799884e-03, 1.624739e-03
30.250101, 4.098622e-03, -7.831818e-03, -7.831818e-03, 2.559626e-03
30.265441, 4.435264e-03, -8.735419e-03, -8.735419e-03, 3.483636e-03
30.280781, 4.765549e-03, -9.477664e-03, -9.477664e-03, 4.397922e-03
30.296121, 5.067859e-03, -1.003165e-02, -1.003165e-02, 5.304092e-03
30.311460, 5.317186e-03, -1.037782e-02, -1.037782e-02, 6.201905e-03
30.326800, 5.487682e-03, -1.050502e-02, -1.050502e-02, 7.087493e-03
30.342140, 5.555539e-03, -1.041135e-02, -1.041135e-02, 7.952485e-03
30.357480, 5.501785e-03, -1.010480e-02, -1.010480e-02, 8.784150e-03
30.372820, 5.314630e-03, -9.603353e-03, -9.603353e-03, 9.566518e-03
30.388159, 4.991013e-03, -8.934465e-03, -8.934465e-03, 1.028219e-02
30.403499, 4.537131e-03, -8.133635e-03, -8.133635e-03, 1.091444e-02
30.418839, 3.967865e-03, -7.242122e-03, -7.242122e-03, 1.144909e-02
30.434179, 3.305145e-03, -6.303911e-03, -6.303911e-03, 1.187606e-02
30.449519, 2.575530e-03, -5.362258e-03, -5.362258e-03, 1.219003e-02
30.464858, 1.807396e-03, -4.456252e-03, -4.456252e-03, 1.239050e-02
30.480198, 1.028202e-03, -3.617861e-03, -3.617861e-03, 1.248113e-02
30.495538, 2.622866e-04, -2.869858e-03, -2.869858e-03, 1.246877e-02
30.510878, -4.704329e-04, -2.224870e-03, -2.224870e-03, 1.236229e-02
30.526218, -1.154705e-03, -1.685590e-03, -1.685590e-03, 1.217152e-02
30.541557, -1.779242e-03, -1.246058e-03, -1.246058e-03, 1.190657e-02
30.556897, -2.335382e-03, -8.937106e-04, -8.937106e-04, 1.157742e-02
30.572237, -2.815578e-03, -6.118887e-04, -6.118887e-04, 1.119399e-02
30.587577, -3.212190e-03, -3.824452e-04, -3.824452e-04, 1.076625e-02
30.602917, -3.516958e-03, -1.881361e-04, -1.881361e-04, 1.030443e-02
30.618257, -3.721332e-03, -1.455074e-05, -1.455074e-05, 9.818842e-03
30.633596, -3.817539e-03, 1.485896e-04, 1.485896e-04, 9.319307e-03
30.648936, -3.800120e-03, 3.068541e-04, 3.068541e-04, 8.814066e-03
30.664276, -3.667539e-03, 4.612513e-04, 4.612513e-04, 8.308343e-03
30.679616, -3.423447e-03, 6.090331e-04, 6.090331e-04, 7.802913e-03
30.694956, -3.077321e-03, 7.450042e-04, 7.450042e-04, 7.293071e-03
30.710295, -2.644360e-03, 8.631257e-04, 8.631257e-04, 6.768452e-03
30.725635, -2.144703e-03, 9.581687e-04, 9.581687e-04, 6.213961e-03
30.740975, -1.602123e-03, 1.027168e-03, 1.027168e-03, 5.611833e-03
30.756315, -1.042427e-03, 1.070471e-03, 1.070471e-03, 4.944544e-03
30.771655, -4.917487e-04, 1.092254e-03, 1.092254e-03, 4.198077e-03
30.786994, 2.509882e-05, 1.100467e-03, 1.100467e-03, 3.364901e-03
30.802334, 4.861824e-04, 1.106260e-03, 1.106260e-03, 2.446031e-03
30.817674, 8.738434e-04, 1.123000e-03, 1.123000e-03, 1.451752e-03
30.833014, 1.175857e-03, 1.165006e-03, 1.165006e-03, 4.008238e-04
30.848354, 1.386239e-03, 1.246122e-03, 1.246122e-03, -6.816660e-04
30.863693, 1.505540e-03, 1.378196e-03, 1.378196e-03, -1.767424e-03
30.879033, 1.540460e-03, 1.569530e-03, 1.569530e-03, -2.828456e-03
30.894373, 1.502659e-03, 1.823374e-03, 1.823374e-03, -3.840351e-03
30.909713, 1.406857e-03, 2.136600e-03, 2.136600e-03, -4.784823e-03
30.925053, 1.268443e-03, 2.498756e-03, 2.498756e-03, -5.651218e-03
30.940392, 1.100995e-03, 2.891810e-03, 2.891810e-03, -6.436847e-03
30.955732, 9.142006e-04, 3.290860e-03, 3.290860e-03, -7.146276e-03
30.971072, 7.126572e-04, 3.666026e-03, 3.666026e-03, -7.789844e-03
30.986412, 4.958603e-04, 3.985528e-03, 3.985528e-03, -8.381764e-03
31.001752, 2.594429e-04, 4.219695e-03, 4.219695e-03, -8.938098e-03
31.017092, -2.539997e-06, 4.345358e-03, 4.345358e-03, -9.474897e-03
31.032431, -2.947164e-04, 4.349905e-03, 4.349905e-03, -1.000666e-02
31.047771, -6.174949e-04, 4.234205e-03, 4.234205e-03, -1.054516e-02
31.063111, -9.647903e-04, 4.013764e-03, 4.013764e-03, -1.109871e-02
31.078451, -1.322886e-03, 3.717752e-03, 3.717752e-03, -1.167168e-02
31.093791, -1.670741e-03, 3.385939e-03, 3.385939e-03, -1.226434e-02
31.109130, -1.981797e-03, 3.063975e-03, 3.063975e-03, -1.287293e-02
31.124470, -2.227061e-03, 2.797740e-03, 2.797740e-03, -1.348981e-02
31.139810, -2.378995e-03, 2.627650e-03, 2.627650e-03, -1.410369e-02
31.155150, -2.415583e-03, 2.583732e-03, 2.583732e-03, -1.469983e-02
31.170490, -2.323915e-03, 2.682144e-03, 2.682144e-03, -1.526028e-02
31.185829, -2.102701e-03, 2.923453e-03, 2.923453e-03, -1.576400e-02
31.201169, -1.763246e-03, 3.292743e-03, 3.292743e-03, -1.618716e-02
31.216509, -1.328693e-03, 3.761298e-03, 3.761298e-03, -1.650355e-02
31.231849, -8.316425e-04, 4.289468e-03, 4.289468e-03, -1.668535e-02
31.247189, -3.104940e-04, 4.830267e-03, 4.830267e-03, -1.670419e-02
31.262528, 1.949308e-04, 5.333262e-03, 5.333262e-03, -1.653264e-02
31.277868, 6.477806e-04, 5.748430e-03, 5.748430e-03, -1.614601e-02
31.293208, 1.017903e-03, 6.029751e-03, 6.029751e-03, -1.552423e-02
31.308548, 1.284384e-03, 6.138396e-03, 6.138396e-03, -1.465364e-02
31.323888, 1.436618e-03, 6.045413e-03, 6.045413e-03, -1.352858e-02
31.339227, 1.473892e-03, 5.733810e-03, 5.733810e-03, -1.215254e-02
31.354567, 1.403773e-03, 5.199950e-03, 5.199950e-03, -1.053873e-02
31.369907, 1.239788e-03, 4.454126e-03, 4.454126e-03, -8.710098e-03
31.385247, 9.989750e-04, 3.520234e-03, 3.520234e-03, -6.698774e-03
31.400587, 6.997957e-04, 2.434493e-03, 2.434493e-03, -4.544916e-03
31.415927, 3.607765e-04, 1.243252e-03, 1.243252e-03, -2.295050e-03
