x, 11, 12, 21, 22
0.100000, -9.999556e-01, -9.999556e-01, -9.999556e-01, -9.999556e-01
0.200000, -9.999545e-01, -9.999545e-01, -9.999545e-01, -9.999545e-01
0.300000, -9.999533e-01, -9.999533e-01, -9.999533e-01, -9.999533e-01
0.400000, -9.999521e-01, -9.999521e-01, -9.999521e-01, -9.999521e-01
0.500000, -9.999509e-01, -9.999509e-01, -9.999509e-01, -9.999509e-01
0.600000, -9.999496e-01, -9.999496e-01, -9.999496e-01, -9.999496e-01
0.700000, -9.999483e-01, -9.999483e-01, -9.999483e-01, -9.999483e-01
0.800000, -9.999470e-01, -9.999470e-01, -9.999470e-01, -9.999470e-01
0.900000, -9.999456e-01, -9.999456e-01, -9.999456e-01, -9.999456e-01
1.000000, -9.999442e-01, -9.999442e-01, -9.999442e-01, -9.999442e-01
1.100000, -9.999428e-01, -9.999428e-01, -9.999428e-01, -9.999428e-01
1.200000, -9.999413e-01, -9.999413e-01, -9.999413e-01, -9.999413e-01
1.300000, -9.999398e-01, -9.999398e-01, -9.999398e-01, -9.999398e-01
1.400000, -9.999383e-01, -9.999383e-01, -9.999383e-01, -9.999383e-01
1.500000, -9.999367e-01, -9.999367e-01, -9.999367e-01, -9.999367e-01
1.600000, -9.999350e-01, -9.999350e-01, -9.999350e-01, -9.999350e-01
1.700000, -9.999334e-01, -9.999334e-01, -9.999334e-01, -9.999334e-01
1.800000, -9.999317e-01, -9.999317e-01, -9.999317e-01, -9.999317e-01
1.900000, -9.999299e-01, -9.999299e-01, -9.999299e-01, -9.999299e-01
2.000000, -9.999281e-01, -9.999281e-01, -9.999281e-01, -9.999281e-01
2.100000, -9.999262e-01, -9.999262e-01, -9.999262e-01, -9.999262e-01
2.200000, -9.999244e-01, -9.999244e-01, -9.999244e-01, -9.999244e-01
2.300000, -9.999224e-01, -9.999224e-01, -9.999224e-01, -9.999224e-01
2.400000, -9.999204e-01, -9.999204e-01, -9.999204e-01, -9.999204e-01
2.500000, -9.999184e-01, -9.999184e-01, -9.999184e-01, -9.999184e-01
2.600000, -9.999163e-01, -9.999163e-01, -9.999163e-01, -9.999163e-01
2.700000, -9.999141e-01, -9.999141e-01, -9.999141e-01, -9.999141e-01
2.800000, -9.999119e-01, -9.999119e-01, -9.999119e-01, -9.999119e-01
2.900000, -9.999075e-01, -9.999073e-01, -9.999071e-01, -9.999075e-01
3.000000, -9.997920e-01, -9.997778e-01, -9.997773e-01, -9.997720e-01
3.100000, -9.975002e-01, -9.974249e-01, -9.974884e-01, -9.972838e-01
3.200000, -9.820585e-01, -9.824776e-01, -9.810212e-01, -9.841378e-01
3.300000, -9.239430e-01, -9.323111e-01, -9.264338e-01, -9.325902e-01
3.400000, -8.171676e-01, -8.009436e-01, -8.159820e-01, -7.972204e-01
3.500000, -6.448582e-01, -6.346424e-01, -6.372375e-01, -6.384124e-01
3.600000, -3.981660e-01, -3.789565e-01, -3.708295e-01, -3.101467e-01
3.700000, -1.152180e-01, -6.081618e-02, -7.756251e-02, 1.181026e-01
3.800000, 2.090308e-01, 1.864748e-01, 3.110309e-01, 2.321148e-01
3.900000, 5.742776e-01, 5.879665e-01, 5.822287e-01, 6.019651e-01
4.000000, 1.015168e+00, 7.879366e-01, 9.948412e-01, 8.143691e-01
4.100000, 1.212247e+00, 1.412211e+00, 1.331822e+00, 1.213295e+00
4.200000, 1.584986e+00, 1.571557e+00, 1.662602e+00, 1.558282e+00
4.300000, 2.118876e+00, 1.828578e+00, 1.882564e+00, 2.079256e+00
4.400000, 2.216658e+00, 2.248758e+00, 2.244273e+00, 2.200906e+00
4.500000, 2.623298e+00, 2.546527e+00, 2.665231e+00, 2.716914e+00
4.600000, 2.820264e+00, 3.024179e+00, 2.939665e+00, 2.755011e+00
4.700000, 3.297523e+00, 3.286124e+00, 3.079334e+00, 3.168513e+00
4.800000, 3.475997e+00, 3.477401e+00, 3.508705e+00, 3.542386e+00
4.900000, 3.768566e+00, 3.764971e+00, 3.683086e+00, 3.546206e+00
5.000000, 3.802881e+00, 3.940830e+00, 3.995817e+00, 3.916277e+00
5.100000, 4.142658e+00, 4.068508e+00, 3.987909e+00, 3.966987e+00
5.200000, 3.961890e+00, 4.232872e+00, 4.138799e+00, 4.088048e+00
5.300000, 4.378322e+00, 4.245576e+00, 4.058171e+00, 4.231988e+00
5.400000, 4.448223e+00, 4.261463e+00, 4.187166e+00, 4.309618e+00
5.500000, 4.298017e+00, 4.342562e+00, 4.315073e+00, 4.418719e+00
5.600000, 4.415795e+00, 4.360483e+00, 4.419807e+00, 4.424859e+00
5.700000, 4.507136e+00, 4.452762e+00, 4.415433e+00, 4.490239e+00
5.800000, 4.326686e+00, 4.374205e+00, 4.426347e+00, 4.296009e+00
5.900000, 4.382910e+00, 4.447752e+00, 4.382514e+00, 4.296264e+00
6.000000, 4.391800e+00, 4.394359e+00, 4.430061e+00, 4.339463e+00
6.100000, 4.288281e+00, 4.292204e+00, 4.338687e+00, 4.349761e+00
6.200000, 4.327759e+00, 4.197382e+00, 4.248450e+00, 4.269539e+00
6.300000, 4.230002e+00, 4.180626e+00, 4.255139e+00, 4.324879e+00
6.400000, 4.082739e+00, 4.139023e+00, 4.148572e+00, 4.128872e+00
6.500000, 4.057039e+00, 4.160517e+00, 4.132380e+00, 4.057773e+00
6.600000, 3.980499e+00, 3.963572e+00, 3.924417e+00, 3.874191e+00
6.700000, 3.904033e+00, 3.947191e+00, 3.854436e+00, 3.926902e+00
6.800000, 3.827996e+00, 3.842161e+00, 3.891609e+00, 3.781585e+00
6.900000, 3.661789e+00, 3.794405e+00, 3.790488e+00, 3.863065e+00
7.000000, 3.677782e+00, 3.607274e+00, 3.628632e+00, 3.746235e+00
7.100000, 3.620941e+00, 3.554444e+00, 3.583047e+00, 3.547292e+00
7.200000, 3.505448e+00, 3.477804e+00, 3.516531e+00, 3.526317e+00
7.300000, 3.496853e+00, 3.415982e+00, 3.445229e+00, 3.497889e+00
7.400000, 3.321084e+00, 3.404217e+00, 3.289747e+00, 3.349358e+00
7.500000, 3.284428e+00, 3.307551e+00, 3.274283e+00, 3.243514e+00
7.600000, 3.224602e+00, 3.205172e+00, 3.293085e+00, 3.214332e+00
7.700000, 3.127526e+00, 3.162286e+00, 3.145002e+00, 3.178112e+00
7.800000, 3.079693e+00, 3.056297e+00, 3.063215e+00, 3.016115e+00
7.900000, 2.998964e+00, 2.950912e+00, 3.038436e+00, 3.013462e+00
8.000000, 2.914566e+00, 2.905313e+00, 2.932719e+00, 2.989137e+00
8.100000, 2.900113e+00, 2.919134e+00, 2.829690e+00, 2.922543e+00
8.200000, 2.844466e+00, 2.836097e+00, 2.901377e+00, 2.789215e+00
8.300000, 2.727783e+00, 2.727399e+00, 2.758334e+00, 2.742233e+00
8.400000, 2.685619e+00, 2.711632e+00, 2.699218e+00, 2.682952e+00
8.500000, 2.681357e+00, 2.610316e+00, 2.624780e+00, 2.611423e+00
8.600000, 2.603182e+00, 2.595409e+00, 2.600869e+00, 2.571724e+00
8.700000, 2.558354e+00, 2.557200e+00, 2.543360e+00, 2.509812e+00
8.800000, 2.469388e+00, 2.465175e+00, 2.469311e+00, 2.489541e+00
8.900000, 2.415910e+00, 2.430239e+00, 2.414559e+00, 2.452223e+00
9.000000, 2.378290e+00, 2.371078e+00, 2.375526e+00, 2.385861e+00
9.100000, 2.337850e+00, 2.329576e+00, 2.301383e+00, 2.336135e+00
9.200000, 2.267290e+00, 2.298490e+00, 2.249705e+00, 2.268212e+00
9.300000, 2.240114e+00, 2.225858e+00, 2.180945e+00, 2.217979e+00
9.400000, 2.182044e+00, 2.200160e+00, 2.228273e+00, 2.187022e+00
9.500000, 2.136504e+00, 2.116285e+00, 2.181517e+00, 2.155224e+00
9.600000, 2.069720e+00, 2.108346e+00, 2.069409e+00, 2.083725e+00
9.700000, 2.067793e+00, 2.053361e+00, 2.043773e+00, 2.067776e+00
9.800000, 2.016648e+00, 2.047585e+00, 2.019917e+00, 2.020253e+00
9.900000, 1.963514e+00, 1.971675e+00, 2.002180e+00, 1.955910e+00
10.000000, 1.915578e+00, 1.953186e+00, 1.946152e+00, 1.913072e+00
10.100000, 1.888178e+00, 1.885620e+00, 1.909952e+00, 1.896938e+00
10.200000, 1.861006e+00, 1.836816e+00, 1.846129e+00, 1.833727e+00
10.300000, 1.805395e+00, 1.790625e+00, 1.791404e+00, 1.814070e+00
10.400000, 1.755707e+00, 1.764961e+00, 1.791160e+00, 1.751189e+00
10.500000, 1.733341e+00, 1.726247e+00, 1.726254e+00, 1.737650e+00
10.600000, 1.673077e+00, 1.684623e+00, 1.684638e+00, 1.721256e+00
10.700000, 1.668734e+00, 1.641727e+00, 1.663611e+00, 1.672294e+00
10.800000, 1.639349e+00, 1.626582e+00, 1.615322e+00, 1.617869e+00
10.900000, 1.610165e+00, 1.604710e+00, 1.568249e+00, 1.572675e+00
11.000000, 1.551021e+00, 1.526768e+00, 1.552953e+00, 1.539783e+00
11.100000, 1.517439e+00, 1.513203e+00, 1.520904e+00, 1.536760e+00
11.200000, 1.474371e+00, 1.481315e+00, 1.479769e+00, 1.478312e+00
11.300000, 1.437398e+00, 1.443629e+00, 1.444979e+00, 1.461787e+00
11.400000, 1.424498e+00, 1.420566e+00, 1.434738e+00, 1.426130e+00
11.500000, 1.381904e+00, 1.384552e+00, 1.381845e+00, 1.399336e+00
11.600000, 1.350598e+00, 1.363756e+00, 1.345279e+00, 1.348153e+00
11.700000, 1.315621e+00, 1.314792e+00, 1.321926e+00, 1.318183e+00
11.800000, 1.312311e+00, 1.297088e+00, 1.316812e+00, 1.279423e+00
11.900000, 1.250603e+00, 1.250385e+00, 1.253542e+00, 1.263519e+00
12.000000, 1.237301e+00, 1.232229e+00, 1.227127e+00, 1.235452e+00
12.100000, 1.212228e+00, 1.224544e+00, 1.204071e+00, 1.223087e+00
12.200000, 1.176487e+00, 1.181585e+00, 1.193790e+00, 1.188324e+00
12.300000, 1.155491e+00, 1.153651e+00, 1.137754e+00, 1.156140e+00
12.400000, 1.118287e+00, 1.142903e+00, 1.131063e+00, 1.113949e+00
12.500000, 1.108368e+00, 1.108236e+00, 1.109636e+00, 1.103269e+00
12.600000, 1.065235e+00, 1.072540e+00, 1.071132e+00, 1.082565e+00
12.700000, 1.042313e+00, 1.056598e+00, 1.047920e+00, 1.043897e+00
12.800000, 1.019283e+00, 1.016454e+00, 1.027015e+00, 1.021393e+00
12.900000, 1.018803e+00, 1.002771e+00, 9.900804e-01, 9.909328e-01
13.000000, 9.701340e-01, 9.864187e-01, 9.689522e-01, 9.788273e-01
13.100000, 9.414602e-01, 9.588564e-01, 9.438631e-01, 9.528181e-01
13.200000, 9.360483e-01, 9.239272e-01, 9.209680e-01, 9.243110e-01
13.300000, 9.262445e-01, 9.003228e-01, 9.316163e-01, 9.065395e-01
13.400000, 8.813548e-01, 8.878053e-01, 8.915062e-01, 8.817723e-01
13.500000, 8.644178e-01, 8.699934e-01, 8.551366e-01, 8.725256e-01
13.600000, 8.410356e-01, 8.405716e-01, 8.379691e-01, 8.601077e-01
13.700000, 8.173554e-01, 8.164185e-01, 8.174488e-01, 8.195591e-01
13.800000, 8.009445e-01, 7.988443e-01, 8.086858e-01, 7.993964e-01
13.900000, 7.858381e-01, 7.777256e-01, 7.818564e-01, 7.857302e-01
14.000000, 7.611294e-01, 7.721141e-01, 7.672580e-01, 7.686029e-01
14.100000, 7.419893e-01, 7.476771e-01, 7.521947e-01, 7.502400e-01
14.200000, 7.213979e-01, 7.185276e-01, 7.231955e-01, 7.263841e-01
14.300000, 7.132954e-01, 7.152291e-01, 7.060545e-01, 7.094731e-01
14.400000, 6.945006e-01, 6.958006e-01, 6.974719e-01, 6.911256e-01
14.500000, 6.668392e-01, 6.683009e-01, 6.789726e-01, 6.673428e-01
14.600000, 6.567378e-01, 6.631300e-01, 6.598409e-01, 6.662972e-01
14.700000, 6.409445e-01, 6.486682e-01, 6.385888e-01, 6.411949e-01
14.800000, 6.202538e-01, 6.250169e-01, 6.151969e-01, 6.219340e-01
14.900000, 6.132496e-01, 6.068154e-01, 6.079262e-01, 6.027280e-01
15.000000, 6.033061e-01, 5.896566e-01, 5.986307e-01, 5.947563e-01
15.100000, 5.849814e-01, 5.786497e-01, 5.731652e-01, 5.802561e-01
15.200000, 5.591673e-01, 5.617236e-01, 5.768002e-01, 5.604759e-01
15.300000, 5.538194e-01, 5.483564e-01, 5.476164e-01, 5.424788e-01
15.400000, 5.370323e-01, 5.389744e-01, 5.368381e-01, 5.424241e-01
15.500000, 5.205227e-01, 5.147085e-01, 5.248835e-01, 5.244841e-01
15.600000, 5.090472e-01, 5.084675e-01, 5.110769e-01, 5.053449e-01
15.700000, 4.916086e-01, 4.969682e-01, 4.923379e-01, 4.964013e-01
15.800000, 4.762740e-01, 4.782909e-01, 4.823754e-01, 4.853626e-01
15.900000, 4.726747e-01, 4.655955e-01, 4.609638e-01, 4.723893e-01
16.000000, 4.538632e-01, 4.598977e-01, 4.519198e-01, 4.589001e-01
16.100000, 4.455158e-01, 4.423383e-01, 4.491008e-01, 4.419567e-01
16.200000, 4.368105e-01, 4.357055e-01, 4.338606e-01, 4.339170e-01
16.300000, 4.203578e-01, 4.192079e-01, 4.236188e-01, 4.173886e-01
16.400000, 4.068564e-01, 4.162032e-01, 4.055738e-01, 4.093107e-01
16.500000, 3.998426e-01, 3.957674e-01, 3.982993e-01, 3.960130e-01
16.600000, 3.844167e-01, 3.939730e-01, 3.944499e-01, 3.849895e-01
16.700000, 3.767841e-01, 3.771005e-01, 3.776130e-01, 3.849350e-01
16.800000, 3.664428e-01, 3.681634e-01, 3.650287e-01, 3.681837e-01
16.900000, 3.573503e-01, 3.591246e-01, 3.549165e-01, 3.535850e-01
17.000000, 3.493452e-01, 3.474347e-01, 3.514147e-01, 3.487248e-01
17.100000, 3.419430e-01, 3.393269e-01, 3.359211e-01, 3.361924e-01
17.200000, 3.277559e-01, 3.255028e-01, 3.304495e-01, 3.298128e-01
17.300000, 3.158001e-01, 3.173850e-01, 3.220915e-01, 3.203954e-01
17.400000, 3.162677e-01, 3.095283e-01, 3.137120e-01, 3.142078e-01
17.500000, 3.051833e-01, 3.007431e-01, 3.007328e-01, 3.024016e-01
17.600000, 3.018413e-01, 2.977167e-01, 2.946953e-01, 2.965552e-01
17.700000, 2.856596e-01, 2.859094e-01, 2.873725e-01, 2.896277e-01
17.800000, 2.764867e-01, 2.782418e-01, 2.784412e-01, 2.790236e-01
17.900000, 2.693457e-01, 2.714481e-01, 2.743051e-01, 2.710555e-01
18.000000, 2.631340e-01, 2.620843e-01, 2.615208e-01, 2.616887e-01
18.100000, 2.559082e-01, 2.616655e-01, 2.575764e-01, 2.506194e-01
18.200000, 2.490418e-01, 2.480527e-01, 2.459127e-01, 2.514919e-01
18.300000, 2.391258e-01, 2.432146e-01, 2.435476e-01, 2.413646e-01
18.400000, 2.350840e-01, 2.340624e-01, 2.357082e-01, 2.342886e-01
18.500000, 2.282789e-01, 2.278224e-01, 2.275511e-01, 2.262506e-01
18.600000, 2.208364e-01, 2.211277e-01, 2.236004e-01, 2.229532e-01
18.700000, 2.143637e-01, 2.135501e-01, 2.148434e-01, 2.167077e-01
18.800000, 2.094031e-01, 2.093195e-01, 2.082165e-01, 2.107438e-01
18.900000, 2.035131e-01, 2.023853e-01, 2.049525e-01, 2.058601e-01
19.000000, 1.994066e-01, 2.004462e-01, 1.979466e-01, 1.996393e-01
19.100000, 1.894196e-01, 1.937197e-01, 1.885617e-01, 1.930359e-01
19.200000, 1.872485e-01, 1.850878e-01, 1.870596e-01, 1.869423e-01
19.300000, 1.804392e-01, 1.810250e-01, 1.792212e-01, 1.806956e-01
19.400000, 1.756212e-01, 1.734846e-01, 1.778982e-01, 1.732864e-01
19.500000, 1.721911e-01, 1.702492e-01, 1.703891e-01, 1.698096e-01
19.600000, 1.653448e-01, 1.659505e-01, 1.671815e-01, 1.657186e-01
19.700000, 1.620296e-01, 1.606538e-01, 1.623194e-01, 1.586376e-01
19.800000, 1.562621e-01, 1.568516e-01, 1.575434e-01, 1.560762e-01
19.900000, 1.547064e-01, 1.513975e-01, 1.514289e-01, 1.511652e-01
20.000000, 1.475407e-01, 1.479327e-01, 1.454605e-01, 1.474538e-01
20.100000, 1.417803e-01, 1.421090e-01, 1.432201e-01, 1.421806e-01
20.200000, 1.364355e-01, 1.380250e-01, 1.378592e-01, 1.375469e-01
20.300000, 1.340651e-01, 1.354624e-01, 1.344242e-01, 1.339198e-01
20.400000, 1.306454e-01, 1.311205e-01, 1.294859e-01, 1.302448e-01
20.500000, 1.259812e-01, 1.261417e-01, 1.260028e-01, 1.267802e-01
20.600000, 1.231583e-01, 1.224813e-01, 1.228686e-01, 1.219238e-01
20.700000, 1.177709e-01, 1.189710e-01, 1.179938e-01, 1.190904e-01
20.800000, 1.144546e-01, 1.140032e-01, 1.157778e-01, 1.154133e-01
20.900000, 1.118674e-01, 1.108555e-01, 1.114775e-01, 1.116497e-01
21.000000, 1.095678e-01, 1.084701e-01, 1.088239e-01, 1.081761e-01
21.100000, 1.054859e-01, 1.030903e-01, 1.048594e-01, 1.049293e-01
21.200000, 1.027331e-01, 1.013321e-01, 1.010384e-01, 1.014491e-01
21.300000, 9.766930e-02, 9.918270e-02, 9.813687e-02, 9.758458e-02
21.400000, 9.579743e-02, 9.464379e-02, 9.608727e-02, 9.586527e-02
21.500000, 9.252790e-02, 9.258741e-02, 9.264803e-02, 9.200044e-02
21.600000, 8.968048e-02, 8.998495e-02, 8.992336e-02, 8.939958e-02
21.700000, 8.736318e-02, 8.762038e-02, 8.631474e-02, 8.757087e-02
21.800000, 8.378380e-02, 8.381546e-02, 8.411852e-02, 8.318171e-02
21.900000, 8.187956e-02, 8.235277e-02, 8.196713e-02, 8.186092e-02
22.000000, 7.955979e-02, 7.934505e-02, 7.879519e-02, 7.881226e-02
22.100000, 7.632006e-02, 7.660559e-02, 7.652237e-02, 7.730084e-02
22.200000, 7.401152e-02, 7.474948e-02, 7.440292e-02, 7.460044e-02
22.300000, 7.077747e-02, 7.111950e-02, 7.177548e-02, 7.239403e-02
22.400000, 6.921785e-02, 6.930157e-02, 7.003799e-02, 6.905780e-02
22.500000, 6.724407e-02, 6.732831e-02, 6.697412e-02, 6.745160e-02
22.600000, 6.525762e-02, 6.480357e-02, 6.482644e-02, 6.528114e-02
22.700000, 6.296266e-02, 6.321318e-02, 6.295281e-02, 6.301053e-02
22.800000, 6.099576e-02, 6.136943e-02, 6.083527e-02, 6.126401e-02
22.900000, 5.901381e-02, 5.879552e-02, 5.899818e-02, 5.900577e-02
23.000000, 5.691731e-02, 5.649186e-02, 5.712836e-02, 5.687331e-02
23.100000, 5.611889e-02, 5.521661e-02, 5.525396e-02, 5.524936e-02
23.200000, 5.275321e-02, 5.385648e-02, 5.320015e-02, 5.272141e-02
23.300000, 5.189476e-02, 5.173571e-02, 5.251605e-02, 5.219107e-02
23.400000, 5.026050e-02, 5.008550e-02, 4.966090e-02, 4.945978e-02
23.500000, 4.889357e-02, 4.878934e-02, 4.855607e-02, 4.881712e-02
23.600000, 4.680056e-02, 4.670159e-02, 4.688261e-02, 4.695591e-02
23.700000, 4.487492e-02, 4.499601e-02, 4.525541e-02, 4.532368e-02
23.800000, 4.359399e-02, 4.349817e-02, 4.433442e-02, 4.379013e-02
23.900000, 4.280526e-02, 4.194368e-02, 4.275159e-02, 4.268217e-02
24.000000, 4.086935e-02, 4.114895e-02, 4.110748e-02, 4.134026e-02
24.100000, 3.927166e-02, 3.967260e-02, 3.979343e-02, 3.945057e-02
24.200000, 3.828382e-02, 3.805321e-02, 3.824254e-02, 3.810612e-02
24.300000, 3.701945e-02, 3.722991e-02, 3.707584e-02, 3.703307e-02
24.400000, 3.600908e-02, 3.634267e-02, 3.573272e-02, 3.558128e-02
24.500000, 3.457949e-02, 3.446300e-02, 3.461532e-02, 3.481313e-02
24.600000, 3.285826e-02, 3.317228e-02, 3.293041e-02, 3.340107e-02
24.700000, 3.182264e-02, 3.217126e-02, 3.217933e-02, 3.261303e-02
24.800000, 3.105883e-02, 3.094136e-02, 3.108007e-02, 3.097173e-02
24.900000, 3.081241e-02, 3.002277e-02, 2.990513e-02, 3.019480e-02
25.000000, 2.916392e-02, 2.912313e-02, 2.931094e-02, 2.913393e-02
25.100000, 2.802287e-02, 2.813752e-02, 2.794401e-02, 2.799022e-02
25.200000, 2.697516e-02, 2.720650e-02, 2.686080e-02, 2.708987e-02
25.300000, 2.614663e-02, 2.604118e-02, 2.611727e-02, 2.603074e-02
25.400000, 2.511180e-02, 2.535445e-02, 2.525153e-02, 2.523884e-02
25.500000, 2.432511e-02, 2.437177e-02, 2.431517e-02, 2.443948e-02
25.600000, 2.381158e-02, 2.377585e-02, 2.336174e-02, 2.353934e-02
25.700000, 2.256504e-02, 2.272872e-02, 2.289755e-02, 2.294501e-02
25.800000, 2.183040e-02, 2.191572e-02, 2.198285e-02, 2.182506e-02
25.900000, 2.089147e-02, 2.107258e-02, 2.108878e-02, 2.103192e-02
26.000000, 2.039995e-02, 2.028104e-02, 2.032027e-02, 2.048389e-02
26.100000, 1.969070e-02, 1.962962e-02, 1.958488e-02, 1.967391e-02
26.200000, 1.888469e-02, 1.898128e-02, 1.899607e-02, 1.891329e-02
26.300000, 1.833285e-02, 1.854820e-02, 1.833915e-02, 1.832772e-02
26.400000, 1.765497e-02, 1.756339e-02, 1.781639e-02, 1.760142e-02
26.500000, 1.718432e-02, 1.707369e-02, 1.694160e-02, 1.710879e-02
26.600000, 1.636348e-02, 1.648160e-02, 1.645573e-02, 1.635560e-02
26.700000, 1.565994e-02, 1.577537e-02, 1.564623e-02, 1.572056e-02
26.800000, 1.515708e-02, 1.524589e-02, 1.511126e-02, 1.527041e-02
26.900000, 1.449379e-02, 1.466668e-02, 1.460676e-02, 1.478681e-02
27.000000, 1.418158e-02, 1.427320e-02, 1.411873e-02, 1.411520e-02
27.100000, 1.354536e-02, 1.364832e-02, 1.344907e-02, 1.355333e-02
27.200000, 1.313101e-02, 1.308970e-02, 1.299106e-02, 1.307062e-02
27.300000, 1.275519e-02, 1.261393e-02, 1.270728e-02, 1.259534e-02
27.400000, 1.216660e-02, 1.214327e-02, 1.212949e-02, 1.230624e-02
27.500000, 1.166237e-02, 1.171275e-02, 1.172893e-02, 1.159915e-02
27.600000, 1.110504e-02, 1.118901e-02, 1.120702e-02, 1.121411e-02
27.700000, 1.092776e-02, 1.088414e-02, 1.092830e-02, 1.088124e-02
27.800000, 1.042867e-02, 1.032445e-02, 1.037738e-02, 1.041980e-02
27.900000, 1.002586e-02, 1.001437e-02, 1.001697e-02, 1.001016e-02
28.000000, 9.708411e-03, 9.669129e-03, 9.585379e-03, 9.732543e-03
28.100000, 9.326459e-03, 9.274334e-03, 9.330239e-03, 9.237215e-03
28.200000, 8.969867e-03, 8.908325e-03, 8.998251e-03, 8.958625e-03
28.300000, 8.591656e-03, 8.650695e-03, 8.734974e-03, 8.690072e-03
28.400000, 8.256246e-03, 8.231373e-03, 8.165430e-03, 8.359970e-03
28.500000, 7.917242e-03, 8.055676e-03, 8.050871e-03, 7.912618e-03
28.600000, 7.641684e-03, 7.645345e-03, 7.735594e-03, 7.601747e-03
28.700000, 7.358355e-03, 7.297802e-03, 7.328845e-03, 7.412228e-03
28.800000, 7.098883e-03, 7.160532e-03, 7.081393e-03, 7.031900e-03
28.900000, 6.728215e-03, 6.758550e-03, 6.771026e-03, 6.782117e-03
29.000000, 6.519004e-03, 6.573324e-03, 6.417074e-03, 6.528616e-03
29.100000, 6.240294e-03, 6.318429e-03, 6.323523e-03, 6.159000e-03
29.200000, 6.003990e-03, 5.980812e-03, 5.966381e-03, 5.998007e-03
29.300000, 5.766299e-03, 5.728143e-03, 5.730440e-03, 5.820937e-03
29.400000, 5.509241e-03, 5.560881e-03, 5.513973e-03, 5.537276e-03
29.500000, 5.314492e-03, 5.406872e-03, 5.236960e-03, 5.326449e-03
29.600000, 5.069754e-03, 5.137978e-03, 5.120442e-03, 5.194063e-03
29.700000, 4.955139e-03, 4.895314e-03, 4.966649e-03, 4.884706e-03
29.800000, 4.706058e-03, 4.711509e-03, 4.741557e-03, 4.733885e-03
29.900000, 4.546857e-03, 4.472783e-03, 4.464977e-03, 4.484229e-03
30.000000, 4.324194e-03, 4.343755e-03, 4.304139e-03, 4.394086e-03
30.100000, 4.168774e-03, 4.141478e-03, 4.192220e-03, 4.213579e-03
30.200000, 3.976537e-03, 3.971973e-03, 4.030098e-03, 3.965311e-03
30.300000, 3.780883e-03, 3.815824e-03, 3.851483e-03, 3.841011e-03
30.400000, 3.623786e-03, 3.664167e-03, 3.615898e-03, 3.638970e-03
30.500000, 3.513592e-03, 3.499585e-03, 3.487924e-03, 3.543292e-03
30.600000, 3.407982e-03, 3.363629e-03, 3.374116e-03, 3.393228e-03
30.700000, 3.268735e-03, 3.241300e-03, 3.267890e-03, 3.241207e-03
30.800000, 3.090859e-03, 3.127475e-03, 3.079656e-03, 3.154094e-03
30.900000, 2.942623e-03, 2.991594e-03, 2.937933e-03, 2.998919e-03
31.000000, 2.889753e-03, 2.850364e-03, 2.829095e-03, 2.776087e-03
31.100000, 2.700874e-03, 2.737680e-03, 2.747404e-03, 2.684943e-03
31.200000, 2.583721e-03, 2.562895e-03, 2.648384e-03, 2.632437e-03
31.300000, 2.483755e-03, 2.513721e-03, 2.483453e-03, 2.446411e-03
31.400000, 2.364507e-03, 2.420622e-03, 2.390536e-03, 2.416753e-03
31.500000, 2.294035e-03, 2.296951e-03, 2.281941e-03, 2.256966e-03
31.600000, 2.204135e-03, 2.232630e-03, 2.173550e-03, 2.172673e-03
31.700000, 2.078689e-03, 2.081291e-03, 2.065850e-03, 2.101935e-03
31.800000, 1.991972e-03, 2.034329e-03, 1.979537e-03, 2.028500e-03
31.900000, 1.884215e-03, 1.917913e-03, 1.952189e-03, 1.922347e-03
32.000000, 1.874506e-03, 1.812027e-03, 1.848457e-03, 1.818373e-03
32.100000, 1.782585e-03, 1.789906e-03, 1.755577e-03, 1.767126e-03
32.200000, 1.651765e-03, 1.670765e-03, 1.654651e-03, 1.698457e-03
32.300000, 1.577291e-03, 1.597958e-03, 1.593362e-03, 1.612573e-03
32.400000, 1.577071e-03, 1.532446e-03, 1.520802e-03, 1.531979e-03
32.500000, 1.466130e-03, 1.457582e-03, 1.444891e-03, 1.480803e-03
32.600000, 1.429053e-03, 1.426088e-03, 1.380925e-03, 1.407571e-03
32.700000, 1.326672e-03, 1.344081e-03, 1.331974e-03, 1.349044e-03
32.800000, 1.282547e-03, 1.270035e-03, 1.251863e-03, 1.275997e-03
32.900000, 1.200378e-03, 1.233253e-03, 1.218844e-03, 1.214782e-03
33.000000, 1.182175e-03, 1.160791e-03, 1.144255e-03, 1.175576e-03
33.100000, 1.111533e-03, 1.113415e-03, 1.103775e-03, 1.095620e-03
33.200000, 1.045532e-03, 1.054947e-03, 1.063448e-03, 1.064238e-03
33.300000, 1.004234e-03, 1.024102e-03, 1.008758e-03, 1.020496e-03
33.400000, 9.579261e-04, 9.610890e-04, 9.659844e-04, 9.641700e-04
33.500000, 9.371269e-04, 9.022164e-04, 9.190130e-04, 9.208472e-04
33.600000, 8.663253e-04, 8.881891e-04, 8.762422e-04, 8.727339e-04
33.700000, 8.239441e-04, 8.368328e-04, 8.416857e-04, 8.233956e-04
33.800000, 7.996235e-04, 8.240090e-04, 8.210496e-04, 7.815856e-04
33.900000, 7.534004e-04, 7.977602e-04, 7.456449e-04, 7.563877e-04
34.000000, 7.171363e-04, 7.361105e-04, 7.233073e-04, 7.306295e-04
34.100000, 6.890256e-04, 6.767869e-04, 7.125508e-04, 6.959224e-04
34.200000, 6.576885e-04, 6.501604e-04, 6.570698e-04, 6.621940e-04
34.300000, 6.357654e-04, 6.313309e-04, 6.412491e-04, 6.289857e-04
34.400000, 6.040968e-04, 6.015172e-04, 5.863128e-04, 5.937574e-04
34.500000, 5.721006e-04, 5.732077e-04, 5.667590e-04, 5.704234e-04
34.600000, 5.318483e-04, 5.371635e-04, 5.288432e-04, 5.438801e-04
34.700000, 5.265738e-04, 5.174770e-04, 5.153469e-04, 5.203083e-04
34.800000, 4.827549e-04, 4.908908e-04, 4.785191e-04, 4.911382e-04
34.900000, 4.631149e-04, 4.812090e-04, 4.608995e-04, 4.736941e-04
35.000000, 4.690592e-04, 4.366057e-04, 4.378454e-04, 4.337805e-04
35.100000, 4.157956e-04, 4.308958e-04, 4.170510e-04, 4.355385e-04
35.200000, 4.089144e-04, 4.100366e-04, 3.925065e-04, 4.021155e-04
35.300000, 3.829628e-04, 3.816629e-04, 3.847819e-04, 3.824113e-04
35.400000, 3.552151e-04, 3.548563e-04, 3.727399e-04, 3.646115e-04
35.500000, 3.452001e-04, 3.504160e-04, 3.431899e-04, 3.496789e-04
35.600000, 3.305462e-04, 3.274575e-04, 3.336833e-04, 3.272271e-04
35.700000, 3.075566e-04, 3.047430e-04, 3.080908e-04, 3.044323e-04
35.800000, 2.905877e-04, 2.928384e-04, 2.974617e-04, 2.959201e-04
35.900000, 2.791488e-04, 2.786248e-04, 2.849160e-04, 2.773035e-04
36.000000, 2.714625e-04, 2.585347e-04, 2.560798e-04, 2.620539e-04
36.100000, 2.540654e-04, 2.505087e-04, 2.581912e-04, 2.470547e-04
36.200000, 2.379218e-04, 2.326212e-04, 2.358746e-04, 2.375348e-04
36.300000, 2.277253e-04, 2.459662e-04, 2.237319e-04, 2.331361e-04
36.400000, 2.087933e-04, 2.185511e-04, 2.131647e-04, 2.146073e-04
36.500000, 1.975564e-04, 2.067883e-04, 2.004874e-04, 2.067503e-04
36.600000, 1.893488e-04, 1.917057e-04, 1.872197e-04, 1.913779e-04
36.700000, 1.763234e-04, 1.820350e-04, 1.781444e-04, 1.830866e-04
36.800000, 1.740910e-04, 1.753682e-04, 1.745066e-04, 1.695332e-04
36.900000, 1.592820e-04, 1.641108e-04, 1.630190e-04, 1.623585e-04
37.000000, 1.560511e-04, 1.514341e-04, 1.532542e-04, 1.555866e-04
37.100000, 1.439329e-04, 1.482426e-04, 1.476292e-04, 1.440187e-04
37.200000, 1.364723e-04, 1.376623e-04, 1.340890e-04, 1.402683e-04
37.300000, 1.296076e-04, 1.351080e-04, 1.349216e-04, 1.323335e-04
37.400000, 1.235002e-04, 1.231423e-04, 1.248187e-04, 1.230969e-04
37.500000, 1.211187e-04, 1.205498e-04, 1.142530e-04, 1.159100e-04
37.600000, 1.113463e-04, 1.068536e-04, 1.081633e-04, 1.109958e-04
37.700000, 1.065498e-04, 1.071683e-04, 1.064694e-04, 1.031584e-04
37.800000, 9.701602e-05, 9.978843e-05, 9.852748e-05, 1.008538e-04
37.900000, 9.562354e-05, 9.232216e-05, 9.217901e-05, 9.181494e-05
38.000000, 8.867009e-05, 8.731754e-05, 9.000533e-05, 8.736003e-05
38.100000, 8.342353e-05, 8.337952e-05, 8.524409e-05, 8.638602e-05
38.200000, 7.907019e-05, 7.907658e-05, 7.921919e-05, 7.965133e-05
38.300000, 7.361000e-05, 7.182737e-05, 7.406549e-05, 7.532481e-05
38.400000, 7.162598e-05, 6.840674e-05, 6.799768e-05, 6.903961e-05
38.500000, 6.757867e-05, 6.952339e-05, 6.503840e-05, 6.699412e-05
38.600000, 6.280168e-05, 6.220535e-05, 6.048830e-05, 6.274338e-05
38.700000, 5.847747e-05, 5.880333e-05, 5.610475e-05, 5.967590e-05
38.800000, 5.371778e-05, 5.664852e-05, 5.465398e-05, 5.464304e-05
38.900000, 5.191488e-05, 5.227868e-05, 5.181377e-05, 5.084299e-05
39.000000, 4.753923e-05, 4.898532e-05, 5.003301e-05, 5.008770e-05
39.100000, 4.787458e-05, 4.662060e-05, 4.670845e-05, 4.446704e-05
39.200000, 4.250181e-05, 4.468995e-05, 4.285308e-05, 4.253866e-05
39.300000, 4.033273e-05, 4.004407e-05, 4.104648e-05, 3.994299e-05
39.400000, 3.745370e-05, 3.884771e-05, 3.768979e-05, 3.955763e-05
39.500000, 3.662029e-05, 3.628484e-05, 3.668560e-05, 3.560980e-05
39.600000, 3.431593e-05, 3.459198e-05, 3.476639e-05, 3.362082e-05
39.700000, 3.223888e-05, 3.307513e-05, 3.202101e-05, 3.137416e-05
39.800000, 2.876836e-05, 2.907176e-05, 2.804715e-05, 2.947847e-05
39.900000, 2.762896e-05, 2.870580e-05, 2.857988e-05, 2.704373e-05
40.000000, 2.673800e-05, 2.698844e-05, 2.596683e-05, 2.602091e-05
40.100000, 2.488673e-05, 2.424568e-05, 2.514790e-05, 2.519677e-05
40.200000, 2.427766e-05, 2.283147e-05, 2.325388e-05, 2.326990e-05
40.300000, 2.192594e-05, 2.133904e-05, 2.235566e-05, 2.210275e-05
40.400000, 2.073462e-05, 2.075336e-05, 1.962792e-05, 2.098724e-05
40.500000, 2.024657e-05, 1.985365e-05, 1.891295e-05, 1.877599e-05
40.600000, 1.803408e-05, 1.836418e-05, 1.797961e-05, 1.856986e-05
40.700000, 1.683346e-05, 1.662096e-05, 1.663277e-05, 1.751814e-05
40.800000, 1.534976e-05, 1.584737e-05, 1.522134e-05, 1.552133e-05
40.900000, 1.520167e-05, 1.409683e-05, 1.440937e-05, 1.413613e-05
41.000000, 1.364782e-05, 1.347741e-05, 1.340183e-05, 1.396721e-05
41.100000, 1.310165e-05, 1.291566e-05, 1.314143e-05, 1.290459e-05
41.200000, 1.186370e-05, 1.216434e-05, 1.230024e-05, 1.165217e-05
41.300000, 1.158864e-05, 1.077593e-05, 1.145721e-05, 1.129658e-05
41.400000, 1.057556e-05, 1.032375e-05, 1.043232e-05, 1.015009e-05
41.500000, 9.258525e-06, 1.011842e-05, 9.980966e-06, 9.754723e-06
41.600000, 9.166180e-06, 9.798455e-06, 8.953668e-06, 9.174766e-06
41.700000, 8.675316e-06, 8.280179e-06, 8.717356e-06, 8.437518e-06
41.800000, 7.772760e-06, 7.843392e-06, 8.113439e-06, 8.120267e-06
41.900000, 7.564772e-06, 7.284704e-06, 7.678678e-06, 7.218969e-06
42.000000, 6.722724e-06, 7.330242e-06, 6.964183e-06, 6.661636e-06
42.100000, 6.383634e-06, 6.434025e-06, 6.237654e-06, 6.398333e-06
42.200000, 6.050171e-06, 6.104302e-06, 5.762876e-06, 6.159479e-06
42.300000, 5.324188e-06, 5.543891e-06, 5.187387e-06, 5.569439e-06
42.400000, 5.064286e-06, 5.154860e-06, 5.283120e-06, 5.109938e-06
42.500000, 4.846839e-06, 4.680874e-06, 4.871842e-06, 5.011318e-06
42.600000, 4.476267e-06, 4.451365e-06, 4.277809e-06, 4.350397e-06
42.700000, 4.132492e-06, 4.130037e-06, 4.136187e-06, 4.221337e-06
42.800000, 4.087587e-06, 4.024061e-06, 3.703967e-06, 3.791723e-06
42.900000, 3.583220e-06, 3.707112e-06, 3.667032e-06, 3.472412e-06
43.000000, 3.273954e-06, 3.307209e-06, 3.277448e-06, 3.341190e-06
43.100000, 3.137344e-06, 3.018443e-06, 3.213386e-06, 3.081544e-06
43.200000, 2.837581e-06, 2.980628e-06, 2.779220e-06, 2.698436e-06
43.300000, 2.451012e-06, 2.597651e-06, 2.503935e-06, 2.692127e-06
43.400000, 2.473061e-06, 2.384888e-06, 2.511699e-06, 2.335043e-06
43.500000, 2.404971e-06, 2.328925e-06, 2.155211e-06, 2.254239e-06
43.600000, 1.891796e-06, 2.057893e-06, 2.300413e-06, 2.088456e-06
43.700000, 1.834435e-06, 1.966901e-06, 2.035125e-06, 2.016116e-06
43.800000, 1.946938e-06, 1.710710e-06, 1.816843e-06, 1.870251e-06
43.900000, 1.565793e-06, 1.737362e-06, 1.569445e-06, 1.598746e-06
44.000000, 1.561099e-06, 1.543559e-06, 1.352665e-06, 1.425308e-06
44.100000, 1.272480e-06, 1.374271e-06, 1.317740e-06, 1.351597e-06
44.200000, 1.304946e-06, 1.195250e-06, 1.318559e-06, 1.216578e-06
44.300000, 1.262320e-06, 1.174822e-06, 1.197785e-06, 1.229981e-06
44.400000, 1.030025e-06, 1.146242e-06, 1.111850e-06, 1.090603e-06
44.500000, 1.002781e-06, 9.831104e-07, 1.029631e-06, 9.359100e-07
44.600000, 8.692837e-07, 9.609344e-07, 8.548441e-07, 9.586748e-07
44.700000, 8.164156e-07, 8.392088e-07, 7.503549e-07, 9.355602e-07
44.800000, 7.112159e-07, 7.918238e-07, 7.843335e-07, 7.431615e-07
44.900000, 6.298382e-07, 6.482315e-07, 6.293516e-07, 6.915721e-07
45.000000, 6.270668e-07, 6.290859e-07, 6.723004e-07, 6.291143e-07
45.100000, 6.211211e-07, 6.178886e-07, 6.108343e-07, 5.421328e-07
45.200000, 5.205771e-07, 5.569327e-07, 5.898164e-07, 5.373477e-07
45.300000, 5.145710e-07, 4.901626e-07, 5.140245e-07, 5.347788e-07
45.400000, 3.768473e-07, 4.324732e-07, 4.214745e-07, 4.115861e-07
45.500000, 4.064357e-07, 3.946974e-07, 3.363344e-07, 3.537296e-07
45.600000, 4.040451e-07, 3.821579e-07, 3.735940e-07, 3.233306e-07
45.700000, 3.358600e-07, 3.432616e-07, 3.364007e-07, 3.438412e-07
45.800000, 3.430444e-07, 3.271537e-07, 3.120029e-07, 2.936575e-07
45.900000, 2.486809e-07, 2.759565e-07, 2.836534e-07, 2.504523e-07
46.000000, 2.461964e-07, 2.716796e-07, 2.481508e-07, 2.699119e-07
46.100000, 2.438186e-07, 2.390797e-07, 2.585227e-07, 1.832278e-07
46.200000, 1.920053e-07, 2.157635e-07, 1.956278e-07, 1.877407e-07
46.300000, 1.933579e-07, 2.216185e-07, 1.815265e-07, 1.962891e-07
46.400000, 1.605515e-07, 1.887274e-07, 1.917212e-07, 1.594643e-07
46.500000, 1.528360e-07, 1.449537e-07, 1.211960e-07, 1.393898e-07
46.600000, 1.722085e-07, 1.478911e-07, 1.442552e-07, 1.264316e-07
46.700000, 1.119647e-07, 1.501145e-07, 1.015612e-07, 9.517841e-08
46.800000, 1.162128e-07, 1.289691e-07, 1.132326e-07, 1.060180e-07
46.900000, 1.115254e-07, 1.244527e-07, 8.830554e-08, 1.015378e-07
47.000000, 9.873817e-08, 9.084930e-08, 8.803742e-08, 9.197960e-08
47.100000, 8.131067e-08, 9.373359e-08, 7.696530e-08, 1.145379e-07
47.200000, 6.513172e-08, 9.492353e-08, 6.782564e-08, 7.258516e-08
47.300000, 8.214293e-08, 7.985375e-08, 6.414200e-08, 5.010308e-08
47.400000, 6.851453e-08, 7.165194e-08, 6.027040e-08, 4.986802e-08
47.500000, 5.937613e-08, 5.952691e-08, 5.366498e-08, 5.440261e-08
47.600000, 4.900796e-08, 6.988149e-08, 4.775333e-08, 3.776891e-08
47.700000, 4.794734e-08, 5.666412e-08, 3.766100e-08, 4.341384e-08
47.800000, 3.831567e-08, 5.219664e-08, 4.134086e-08, 3.804113e-08
47.900000, 3.810782e-08, 5.430763e-08, 3.523710e-08, 3.884478e-08
48.000000, 3.804248e-08, 5.006304e-08, 4.330974e-08, 2.771178e-08
48.100000, 3.261352e-08, 3.904034e-08, 2.506365e-08, 2.764937e-08
48.200000, 2.942864e-08, 4.272036e-08, 2.811623e-08, 2.396707e-08
48.300000, 3.140859e-08, 4.334078e-08, 3.818317e-08, 2.306945e-08
48.400000, 3.017251e-08, 4.603701e-08, 2.486786e-08, 2.025881e-08
48.500000, 3.123800e-08, 3.759414e-08, 2.408181e-08, 2.287362e-08
48.600000, 2.753240e-08, 3.270506e-08, 2.322139e-08, 2.240726e-08
48.700000, 2.769742e-08, 3.775989e-08, 2.591262e-08, 2.065418e-08
48.800000, 2.434592e-08, 3.330972e-08, 2.168252e-08, 1.741424e-08
48.900000, 2.511740e-08, 3.646281e-08, 2.266229e-08, 1.619654e-08
49.000000, 2.669823e-08, 3.483006e-08, 2.285273e-08, 1.714595e-08
49.100000, 2.708537e-08, 3.181598e-08, 2.439431e-08, 1.823727e-08
49.200000, 2.406257e-08, 3.484136e-08, 2.149232e-08, 1.512490e-08
49.300000, 2.442828e-08, 3.373917e-08, 2.067829e-08, 1.622604e-08
49.400000, 2.645512e-08, 3.235675e-08, 2.035459e-08, 1.931642e-08
49.500000, 2.517121e-08, 3.509962e-08, 2.258293e-08, 1.808911e-08
49.600000, 2.605684e-08, 3.378803e-08, 2.240763e-08, 1.959535e-08
49.700000, 2.486479e-08, 3.503510e-08, 2.229997e-08, 2.113918e-08
49.800000, 2.726782e-08, 3.376862e-08, 2.349941e-08, 1.893298e-08
49.900000, 2.527948e-08, 3.597223e-08, 2.330685e-08, 1.979565e-08
50.000000, 2.744259e-08, 3.426799e-08, 2.347072e-08, 1.889639e-08
50.100000, 2.756104e-08, 3.460581e-08, 2.370825e-08, 2.009229e-08
50.200000, 2.705899e-08, 3.479139e-08, 2.315325e-08, 2.067507e-08
50.300000, 2.777435e-08, 3.535020e-08, 2.428206e-08, 2.146631e-08
50.400000, 2.713208e-08, 3.582556e-08, 2.465055e-08, 2.139774e-08
50.500000, 2.857334e-08, 3.595281e-08, 2.509437e-08, 2.196825e-08
50.600000, 2.840992e-08, 3.565409e-08, 2.533970e-08, 2.152930e-08
50.700000, 2.898017e-08, 3.607060e-08, 2.499882e-08, 2.161415e-08
50.800000, 2.923380e-08, 3.720355e-08, 2.605971e-08, 2.316454e-08
50.900000, 2.955376e-08, 3.611499e-08, 2.768658e-08, 2.307931e-08
51.000000, 3.038906e-08, 3.769454e-08, 2.695290e-08, 2.299702e-08
51.100000, 2.947852e-08, 3.692099e-08, 2.737510e-08, 2.311438e-08
51.200000, 3.058142e-08, 3.697070e-08, 2.740744e-08, 2.383991e-08
51.300000, 3.038393e-08, 3.714781e-08, 2.742619e-08, 2.358953e-08
51.400000, 3.005209e-08, 3.706163e-08, 2.747879e-08, 2.411676e-08
51.500000, 3.018730e-08, 3.761841e-08, 2.761385e-08, 2.371167e-08
51.600000, 3.003115e-08, 3.720026e-08, 2.775579e-08, 2.406629e-08
51.700000, 3.013161e-08, 3.705899e-08, 2.778916e-08, 2.411974e-08
51.800000, 3.015115e-08, 3.705323e-08, 2.758205e-08, 2.498787e-08
51.900000, 3.023711e-08, 3.727289e-08, 2.809785e-08, 2.441241e-08
52.000000, 2.993923e-08, 3.692202e-08, 2.785614e-08, 2.514576e-08
52.100000, 2.978585e-08, 3.726478e-08, 2.784576e-08, 2.423479e-08
52.200000, 2.988499e-08, 3.673738e-08, 2.769021e-08, 2.420943e-08
52.300000, 3.013234e-08, 3.649375e-08, 2.737491e-08, 2.449124e-08
52.400000, 3.005132e-08, 3.595529e-08, 2.745405e-08, 2.402293e-08
52.500000, 2.935085e-08, 3.592573e-08, 2.715944e-08, 2.399129e-08
52.600000, 2.912404e-08, 3.542281e-08, 2.700150e-08, 2.377605e-08
52.700000, 2.892568e-08, 3.542630e-08, 2.679606e-08, 2.369460e-08
52.800000, 2.865715e-08, 3.476984e-08, 2.666210e-08, 2.342977e-08
52.900000, 2.829694e-08, 3.459720e-08, 2.631752e-08, 2.319328e-08
53.000000, 2.802753e-08, 3.434723e-08, 2.606108e-08, 2.287962e-08
53.100000, 2.757634e-08, 3.375225e-08, 2.583709e-08, 2.265712e-08
53.200000, 2.731566e-08, 3.342317e-08, 2.577457e-08, 2.228687e-08
53.300000, 2.698865e-08, 3.293017e-08, 2.510864e-08, 2.189758e-08
53.400000, 2.662489e-08, 3.287432e-08, 2.478002e-08, 2.161990e-08
53.500000, 2.614905e-08, 3.204674e-08, 2.429334e-08, 2.128583e-08
53.600000, 2.570718e-08, 3.168785e-08, 2.395576e-08, 2.086306e-08
53.700000, 2.522309e-08, 3.117800e-08, 2.352762e-08, 2.035337e-08
53.800000, 2.473170e-08, 3.062412e-08, 2.303386e-08, 2.003514e-08
53.900000, 2.437275e-08, 3.009856e-08, 2.268119e-08, 1.966068e-08
54.000000, 2.382834e-08, 2.954376e-08, 2.221885e-08, 1.914588e-08
54.100000, 2.335767e-08, 2.905959e-08, 2.173012e-08, 1.901823e-08
54.200000, 2.276388e-08, 2.850386e-08, 2.129162e-08, 1.824960e-08
54.300000, 2.231040e-08, 2.795605e-08, 2.080470e-08, 1.787488e-08
54.400000, 2.181333e-08, 2.732221e-08, 2.031906e-08, 1.736336e-08
54.500000, 2.135168e-08, 2.679781e-08, 1.986721e-08, 1.696914e-08
54.600000, 2.077122e-08, 2.626930e-08, 1.933748e-08, 1.644988e-08
54.700000, 2.024528e-08, 2.570255e-08, 1.888138e-08, 1.591938e-08
54.800000, 1.969472e-08, 2.507406e-08, 1.831784e-08, 1.548213e-08
54.900000, 1.917031e-08, 2.452113e-08, 1.780132e-08, 1.496067e-08
55.000000, 1.862228e-08, 2.391199e-08, 1.728786e-08, 1.444232e-08
55.100000, 1.811670e-08, 2.333915e-08, 1.678520e-08, 1.397175e-08
55.200000, 1.754201e-08, 2.275531e-08, 1.624209e-08, 1.346613e-08
55.300000, 1.700063e-08, 2.216743e-08, 1.576670e-08, 1.300108e-08
55.400000, 1.645935e-08, 2.161103e-08, 1.524294e-08, 1.249760e-08
55.500000, 1.591593e-08, 2.101824e-08, 1.474999e-08, 1.198280e-08
55.600000, 1.540620e-08, 2.045164e-08, 1.423307e-08, 1.148879e-08
55.700000, 1.486661e-08, 1.988377e-08, 1.370734e-08, 1.100169e-08
55.800000, 1.434312e-08, 1.931822e-08, 1.319859e-08, 1.050558e-08
55.900000, 1.383015e-08, 1.874880e-08, 1.271646e-08, 1.003687e-08
56.000000, 1.330305e-08, 1.821963e-08, 1.221642e-08, 9.544972e-09
56.100000, 1.279700e-08, 1.764638e-08, 1.173365e-08, 9.077815e-09
56.200000, 1.228349e-08, 1.710638e-08, 1.124569e-08, 8.608800e-09
56.300000, 1.178202e-08, 1.656932e-08, 1.078395e-08, 8.148390e-09
56.400000, 1.128510e-08, 1.604106e-08, 1.032254e-08, 7.693445e-09
56.500000, 1.079343e-08, 1.551504e-08, 9.850493e-09, 7.244867e-09
56.600000, 1.031104e-08, 1.500014e-08, 9.389793e-09, 6.793476e-09
56.700000, 9.846408e-09, 1.448735e-08, 8.944120e-09, 6.360690e-09
56.800000, 9.376637e-09, 1.398787e-08, 8.502413e-09, 5.943771e-09
56.900000, 8.928633e-09, 1.349655e-08, 8.066933e-09, 5.517568e-09
57.000000, 8.481519e-09, 1.301483e-08, 7.634317e-09, 5.100889e-09
57.100000, 8.043304e-09, 1.254235e-08, 7.222520e-09, 4.702088e-09
57.200000, 7.608235e-09, 1.208277e-08, 6.820609e-09, 4.300476e-09
57.300000, 7.194410e-09, 1.162289e-08, 6.414131e-09, 3.921090e-09
57.400000, 6.778057e-09, 1.118341e-08, 6.024939e-09, 3.548799e-09
57.500000, 6.380090e-09, 1.074511e-08, 5.640579e-09, 3.188915e-09
57.600000, 5.980349e-09, 1.032673e-08, 5.269873e-09, 2.819154e-09
57.700000, 5.603877e-09, 9.904971e-09, 4.910254e-09, 2.472002e-09
57.800000, 5.218607e-09, 9.500152e-09, 4.554880e-09, 2.132920e-09
57.900000, 4.859474e-09, 9.104135e-09, 4.208729e-09, 1.805856e-09
58.000000, 4.502369e-09, 8.717794e-09, 3.879607e-09, 1.475258e-09
58.100000, 4.168825e-09, 8.342767e-09, 3.547275e-09, 1.170789e-09
58.200000, 3.829701e-09, 7.980891e-09, 3.237806e-09, 8.649312e-10
58.300000, 3.513031e-09, 7.625652e-09, 2.926661e-09, 5.770713e-10
58.400000, 3.191690e-09, 7.292542e-09, 2.633582e-09, 2.898663e-10
58.500000, 2.892048e-09, 6.949578e-09, 2.346072e-09, 1.941970e-11
58.600000, 2.593008e-09, 6.628357e-09, 2.071718e-09, -2.438548e-10
58.700000, 2.315743e-09, 6.314020e-09, 1.801052e-09, -4.945596e-10
58.800000, 2.037053e-09, 6.010899e-09, 1.546916e-09, -7.434634e-10
58.900000, 1.776185e-09, 5.715698e-09, 1.296417e-09, -9.751154e-10
59.000000, 1.516020e-09, 5.433506e-09, 1.059804e-09, -1.204944e-09
59.100000, 1.274109e-09, 5.155910e-09, 8.283667e-10, -1.420820e-09
59.200000, 1.031991e-09, 4.893172e-09, 6.090665e-10, -1.628680e-09
59.300000, 8.095594e-10, 4.638115e-09, 3.980384e-10, -1.824023e-09
59.400000, 5.878361e-10, 4.396142e-09, 1.978991e-10, -2.015341e-09
59.500000, 3.825832e-10, 4.156533e-09, 3.527397e-12, -2.196599e-09
59.600000, 1.780503e-10, 3.932790e-09, -1.787920e-10, -2.370139e-09
59.700000, -7.883135e-12, 3.712497e-09, -3.566102e-10, -2.531551e-09
59.800000, -1.971214e-10, 3.504586e-09, -5.220129e-10, -2.689826e-09
59.900000, -3.672162e-10, 3.302335e-09, -6.833419e-10, -2.832085e-09
60.000000, -5.389830e-10, 3.111612e-09, -8.317845e-10, -2.975823e-09
60.100000, -6.911873e-10, 2.926607e-09, -9.756898e-10, -3.106954e-09
60.200000, -8.470843e-10, 2.753594e-09, -1.108890e-09, -3.233193e-09
60.300000, -9.816958e-10, 2.583850e-09, -1.239396e-09, -3.346229e-09
60.400000, -1.120850e-09, 2.426654e-09, -1.358541e-09, -3.457142e-09
60.500000, -1.240641e-09, 2.272909e-09, -1.473694e-09, -3.555975e-09
60.600000, -1.364842e-09, 2.130572e-09, -1.578436e-09, -3.654133e-09
60.700000, -1.471308e-09, 1.991809e-09, -1.678416e-09, -3.739693e-09
60.800000, -1.581647e-09, 1.864257e-09, -1.768516e-09, -3.823200e-09
60.900000, -1.675298e-09, 1.739617e-09, -1.856290e-09, -3.896093e-09
61.000000, -1.770981e-09, 1.625605e-09, -1.935133e-09, -3.966973e-09
61.100000, -1.850923e-09, 1.514790e-09, -2.009970e-09, -4.026529e-09
61.200000, -1.934827e-09, 1.413952e-09, -2.074353e-09, -4.084944e-09
61.300000, -2.002574e-09, 1.315845e-09, -2.137046e-09, -4.132537e-09
61.400000, -2.074750e-09, 1.226953e-09, -2.190773e-09, -4.179647e-09
61.500000, -2.131219e-09, 1.140995e-09, -2.242018e-09, -4.216743e-09
61.600000, -2.191350e-09, 1.063978e-09, -2.285556e-09, -4.253507e-09
61.700000, -2.237335e-09, 9.884436e-10, -2.326298e-09, -4.280723e-09
61.800000, -2.287602e-09, 9.232256e-10, -2.358632e-09, -4.306713e-09
61.900000, -2.323669e-09, 8.588556e-10, -2.389515e-09, -4.324436e-09
62.000000, -2.363684e-09, 8.026488e-10, -2.413147e-09, -4.341114e-09
62.100000, -2.389989e-09, 7.485538e-10, -2.435416e-09, -4.348432e-09
62.200000, -2.421854e-09, 7.021042e-10, -2.450139e-09, -4.357083e-09
62.300000, -2.439467e-09, 6.562671e-10, -2.464015e-09, -4.357069e-09
62.400000, -2.461989e-09, 6.184338e-10, -2.470532e-09, -4.357599e-09
62.500000, -2.471603e-09, 5.812770e-10, -2.476251e-09, -4.350036e-09
62.600000, -2.487264e-09, 5.515818e-10, -2.475745e-09, -4.343619e-09
62.700000, -2.489265e-09, 5.221856e-10, -2.474626e-09, -4.329218e-09
62.800000, -2.497080e-09, 4.997656e-10, -2.467637e-09, -4.316051e-09
62.900000, -2.492265e-09, 4.775052e-10, -2.460254e-09, -4.295364e-09
63.000000, -2.493546e-09, 4.620881e-10, -2.446520e-09, -4.275947e-09
63.100000, -2.482795e-09, 4.466026e-10, -2.433035e-09, -4.250000e-09
63.200000, -2.478388e-09, 4.370480e-10, -2.414333e-09, -4.224842e-09
63.300000, -2.462145e-09, 4.272895e-10, -2.395811e-09, -4.193436e-09
63.400000, -2.452342e-09, 4.236568e-10, -2.371895e-09, -4.163771e-09
63.500000, -2.431338e-09, 4.191716e-10, -2.348914e-09, -4.127988e-09
63.600000, -2.416838e-09, 4.201291e-10, -2.320918e-09, -4.093775e-09
63.700000, -2.391593e-09, 4.205553e-10, -2.293580e-09, -4.054275e-09
63.800000, -2.372915e-09, 4.261364e-10, -2.261721e-09, -4.016650e-09
63.900000, -2.343778e-09, 4.306872e-10, -2.230986e-09, -3.973703e-09
64.000000, -2.321364e-09, 4.401434e-10, -2.195908e-09, -3.932454e-09
64.100000, -2.288986e-09, 4.484625e-10, -2.161775e-09, -3.886611e-09
64.200000, -2.263364e-09, 4.613851e-10, -2.123653e-09, -3.843025e-09
64.300000, -2.228153e-09, 4.729714e-10, -2.087109e-09, -3.794207e-09
64.400000, -2.199871e-09, 4.888647e-10, -2.046778e-09, -3.748048e-09
64.500000, -2.162202e-09, 5.031443e-10, -2.008151e-09, -3.697587e-09
64.600000, -2.131603e-09, 5.214379e-10, -1.965845e-09, -3.649632e-09
64.700000, -2.092012e-09, 5.379091e-10, -1.925366e-09, -3.597397e-09
64.800000, -2.059683e-09, 5.581763e-10, -1.881521e-09, -3.547813e-09
64.900000, -2.018503e-09, 5.767073e-10, -1.839347e-09, -3.494313e-09
65.000000, -1.984504e-09, 5.989273e-10, -1.794343e-09, -3.443742e-09
65.100000, -1.942076e-09, 6.191054e-10, -1.751405e-09, -3.389328e-09
65.200000, -1.906716e-09, 6.427378e-10, -1.705475e-09, -3.337831e-09
65.300000, -1.863305e-09, 6.640544e-10, -1.661620e-09, -3.282737e-09
65.400000, -1.827230e-09, 6.887193e-10, -1.615091e-09, -3.230879e-09
65.500000, -1.783194e-09, 7.111006e-10, -1.570800e-09, -3.175559e-09
65.600000, -1.746591e-09, 7.365136e-10, -1.524033e-09, -3.123527e-09
65.700000, -1.702256e-09, 7.595025e-10, -1.479588e-09, -3.068081e-09
65.800000, -1.665334e-09, 7.853865e-10, -1.432924e-09, -3.016005e-09
65.900000, -1.620979e-09, 8.087878e-10, -1.388611e-09, -2.960904e-09
66.000000, -1.584026e-09, 8.349809e-10, -1.342184e-09, -2.909164e-09
66.100000, -1.539892e-09, 8.585235e-10, -1.298239e-09, -2.854570e-09
66.200000, -1.503189e-09, 8.846829e-10, -1.252293e-09, -2.803318e-09
66.300000, -1.459390e-09, 9.082081e-10, -1.208863e-09, -2.749330e-09
66.400000, -1.422991e-09, 9.340809e-10, -1.163568e-09, -2.698957e-09
66.500000, -1.379762e-09, 9.572543e-10, -1.120844e-09, -2.645869e-09
66.600000, -1.344054e-09, 9.827769e-10, -1.076405e-09, -2.596258e-09
66.700000, -1.301598e-09, 1.005537e-09, -1.034569e-09, -2.544073e-09
66.800000, -1.266642e-09, 1.030530e-09, -9.911583e-10, -2.495533e-09
66.900000, -1.225156e-09, 1.052623e-09, -9.504154e-10, -2.444565e-09
67.000000, -1.191115e-09, 1.076879e-09, -9.081445e-10, -2.397262e-09
67.100000, -1.150603e-09, 1.098226e-09, -8.685112e-10, -2.347499e-09
67.200000, -1.117463e-09, 1.121573e-09, -8.274268e-10, -2.301417e-09
67.300000, -1.078127e-09, 1.142052e-09, -7.890481e-10, -2.253104e-09
67.400000, -1.046239e-09, 1.164502e-09, -7.493300e-10, -2.208491e-09
67.500000, -1.008191e-09, 1.183982e-09, -7.123457e-10, -2.161653e-09
67.600000, -9.774504e-10, 1.205353e-09, -6.740941e-10, -2.118529e-09
67.700000, -9.407653e-10, 1.223754e-09, -6.385371e-10, -2.073279e-09
67.800000, -9.113203e-10, 1.244021e-09, -6.017652e-10, -2.031668e-09
67.900000, -8.759640e-10, 1.261309e-09, -5.677550e-10, -1.987998e-09
68.000000, -8.478755e-10, 1.280365e-09, -5.325540e-10, -1.948061e-09
68.100000, -8.139926e-10, 1.296529e-09, -5.000701e-10, -1.906056e-09
68.200000, -7.872750e-10, 1.314328e-09, -4.664230e-10, -1.867681e-09
68.300000, -7.549107e-10, 1.329191e-09, -4.354961e-10, -1.827385e-09
68.400000, -7.296800e-10, 1.345752e-09, -4.034681e-10, -1.790765e-09
68.500000, -6.988428e-10, 1.359371e-09, -3.741542e-10, -1.752201e-09
68.600000, -6.750360e-10, 1.374604e-09, -3.438145e-10, -1.717258e-09
68.700000, -6.456991e-10, 1.386928e-09, -3.161336e-10, -1.680395e-09
68.800000, -6.233600e-10, 1.400842e-09, -2.873938e-10, -1.647118e-09
68.900000, -5.956027e-10, 1.411873e-09, -2.613205e-10, -1.612012e-09
69.000000, -5.747327e-10, 1.424485e-09, -2.342252e-10, -1.580435e-09
69.100000, -5.485357e-10, 1.434221e-09, -2.097580e-10, -1.547010e-09
69.200000, -5.291695e-10, 1.445477e-09, -1.843087e-10, -1.517107e-09
69.300000, -5.044660e-10, 1.453922e-09, -1.614688e-10, -1.485393e-09
69.400000, -4.865119e-10, 1.463882e-09, -1.376043e-10, -1.457160e-09
69.500000, -4.633348e-10, 1.471041e-09, -1.163518e-10, -1.427125e-09
69.600000, -4.468251e-10, 1.479710e-09, -9.410057e-11, -1.400515e-09
69.700000, -4.251390e-10, 1.485619e-09, -7.435836e-11, -1.372134e-09
69.800000, -4.100318e-10, 1.493012e-09, -5.364407e-11, -1.347120e-09
69.900000, -3.897817e-10, 1.497710e-09, -3.544342e-11, -1.320365e-09
70.000000, -3.760534e-10, 1.503869e-09, -1.626520e-11, -1.296914e-09
70.100000, -3.572416e-10, 1.507361e-09, 4.891954e-13, -1.271731e-09
70.200000, -3.448306e-10, 1.512323e-09, 1.823045e-11, -1.249818e-09
70.300000, -3.274066e-10, 1.514647e-09, 3.355150e-11, -1.226167e-09
70.400000, -3.162789e-10, 1.518427e-09, 4.985583e-11, -1.205701e-09
70.500000, -3.001804e-10, 1.519647e-09, 6.379868e-11, -1.183532e-09
70.600000, -2.902968e-10, 1.522329e-09, 7.871120e-11, -1.164498e-09
70.700000, -2.754916e-10, 1.522464e-09, 9.133285e-11, -1.143736e-09
70.800000, -2.668267e-10, 1.524059e-09, 1.049518e-10, -1.126065e-09
70.900000, -2.532657e-10, 1.523184e-09, 1.163035e-10, -1.106684e-09
71.000000, -2.457076e-10, 1.523771e-09, 1.286258e-10, -1.090313e-09
71.100000, -2.332929e-10, 1.521916e-09, 1.387489e-10, -1.072213e-09
71.200000, -2.268338e-10, 1.521525e-09, 1.498826e-10, -1.057105e-09
71.300000, -2.155550e-10, 1.518742e-09, 1.588524e-10, -1.040274e-09
71.400000, -2.101196e-10, 1.517436e-09, 1.688270e-10, -1.026364e-09
71.500000, -1.999157e-10, 1.513785e-09, 1.766908e-10, -1.010740e-09
71.600000, -1.954773e-10, 1.511614e-09, 1.855741e-10, -9.979617e-10
71.700000, -1.862716e-10, 1.507152e-09, 1.923961e-10, -9.834396e-10
71.800000, -1.827555e-10, 1.504169e-09, 2.002415e-10, -9.717281e-10
71.900000, -1.745282e-10, 1.498936e-09, 2.060809e-10, -9.583064e-10
72.000000, -1.718656e-10, 1.495203e-09, 2.129530e-10, -9.476236e-10
72.100000, -1.645197e-10, 1.489274e-09, 2.178679e-10, -9.352029e-10
72.200000, -1.626710e-10, 1.484843e-09, 2.238308e-10, -9.254552e-10
72.300000, -1.561719e-10, 1.478262e-09, 2.278894e-10, -9.139843e-10
72.400000, -1.550745e-10, 1.473170e-09, 2.330030e-10, -9.051611e-10
72.500000, -1.493495e-10, 1.465984e-09, 2.362526e-10, -8.945919e-10
72.600000, -1.489555e-10, 1.460306e-09, 2.405661e-10, -8.865934e-10
72.700000, -1.439712e-10, 1.452571e-09, 2.430641e-10, -8.768491e-10
72.800000, -1.442156e-10, 1.446342e-09, 2.466377e-10, -8.696387e-10
72.900000, -1.398947e-10, 1.438098e-09, 2.484478e-10, -8.606662e-10
73.000000, -1.407317e-10, 1.431386e-09, 2.513446e-10, -8.541660e-10
73.100000, -1.370291e-10, 1.422706e-09, 2.525228e-10, -8.459153e-10
73.200000, -1.384041e-10, 1.415544e-09, 2.547941e-10, -8.400903e-10
73.300000, -1.352770e-10, 1.406460e-09, 2.553792e-10, -8.325112e-10
73.400000, -1.371412e-10, 1.398903e-09, 2.570640e-10, -8.273030e-10
73.500000, -1.345294e-10, 1.389465e-09, 2.571121e-10, -8.203360e-10
73.600000, -1.368316e-10, 1.381564e-09, 2.582677e-10, -8.156897e-10
73.700000, -1.346932e-10, 1.371825e-09, 2.578345e-10, -8.092805e-10
73.800000, -1.373881e-10, 1.363624e-09, 2.585181e-10, -8.051475e-10
73.900000, -1.356690e-10, 1.353623e-09, 2.576515e-10, -7.992560e-10
74.000000, -1.387115e-10, 1.345167e-09, 2.579059e-10, -7.955993e-10
74.100000, -1.373700e-10, 1.334947e-09, 2.566472e-10, -7.901735e-10
74.200000, -1.407206e-10, 1.326268e-09, 2.565190e-10, -7.869331e-10
74.300000, -1.397174e-10, 1.315866e-09, 2.549125e-10, -7.819343e-10
74.400000, -1.433383e-10, 1.307005e-09, 2.544402e-10, -7.790830e-10
74.500000, -1.426338e-10, 1.296459e-09, 2.525256e-10, -7.744611e-10
74.600000, -1.464763e-10, 1.287455e-09, 2.517534e-10, -7.719439e-10
74.700000, -1.460288e-10, 1.276801e-09, 2.495762e-10, -7.676677e-10
74.800000, -1.500672e-10, 1.267695e-09, 2.485411e-10, -7.654529e-10
74.900000, -1.498446e-10, 1.256968e-09, 2.461337e-10, -7.614818e-10
75.000000, -1.540411e-10, 1.247782e-09, 2.448710e-10, -7.595327e-10
75.100000, -1.540082e-10, 1.237009e-09, 2.422655e-10, -7.558257e-10
75.200000, -1.583239e-10, 1.227779e-09, 2.408068e-10, -7.541006e-10
75.300000, -1.584443e-10, 1.216993e-09, 2.380427e-10, -7.506270e-10
75.400000, -1.628570e-10, 1.207742e-09, 2.364240e-10, -7.491061e-10
75.500000, -1.631070e-10, 1.196969e-09, 2.335244e-10, -7.458367e-10
75.600000, -1.675873e-10, 1.187731e-09, 2.317691e-10, -7.444807e-10
75.700000, -1.679395e-10, 1.176995e-09, 2.287669e-10, -7.413829e-10
75.800000, -1.724603e-10, 1.167788e-09, 2.269081e-10, -7.401662e-10
75.900000, -1.728828e-10, 1.157115e-09, 2.238280e-10, -7.372172e-10
76.000000, -1.774217e-10, 1.147965e-09, 2.218899e-10, -7.361157e-10
76.100000, -1.778977e-10, 1.137376e-09, 2.187574e-10, -7.332896e-10
76.200000, -1.824332e-10, 1.128302e-09, 2.167616e-10, -7.322800e-10
76.300000, -1.829401e-10, 1.117813e-09, 2.135958e-10, -7.295536e-10
76.400000, -1.874543e-10, 1.108838e-09, 2.115658e-10, -7.286139e-10
76.500000, -1.879742e-10, 1.098470e-09, 2.083866e-10, -7.259663e-10
76.600000, -1.924439e-10, 1.089603e-09, 2.063392e-10, -7.250738e-10
76.700000, -1.929563e-10, 1.079369e-09, 2.031684e-10, -7.224814e-10
76.800000, -1.973698e-10, 1.070629e-09, 2.011245e-10, -7.216217e-10
76.900000, -1.978590e-10, 1.060542e-09, 1.979754e-10, -7.190751e-10
77.000000, -2.021994e-10, 1.051941e-09, 1.959459e-10, -7.182326e-10
77.100000, -2.026523e-10, 1.042015e-09, 1.928345e-10, -7.157118e-10
77.200000, -2.069091e-10, 1.033565e-09, 1.908372e-10, -7.148716e-10
77.300000, -2.073118e-10, 1.023810e-09, 1.877762e-10, -7.123624e-10
77.400000, -2.114714e-10, 1.015520e-09, 1.858223e-10, -7.115070e-10
77.500000, -2.118158e-10, 1.005945e-09, 1.828226e-10, -7.089988e-10
77.600000, -2.158694e-10, 9.978245e-10, 1.809240e-10, -7.081229e-10
77.700000, -2.161434e-10, 9.884372e-10, 1.779970e-10, -7.056032e-10
77.800000, -2.200841e-10, 9.804934e-10, 1.761620e-10, -7.046921e-10
77.900000, -2.202803e-10, 9.713005e-10, 1.733165e-10, -7.021533e-10
78.000000, -2.240991e-10, 9.635398e-10, 1.715535e-10, -7.012018e-10
78.100000, -2.242116e-10, 9.545456e-10, 1.687954e-10, -6.986344e-10
78.200000, -2.279021e-10, 9.469722e-10, 1.671121e-10, -6.976319e-10
78.300000, -2.279233e-10, 9.381815e-10, 1.644485e-10, -6.950303e-10
78.400000, -2.314835e-10, 9.307981e-10, 1.628502e-10, -6.939755e-10
78.500000, -2.314101e-10, 9.222127e-10, 1.602857e-10, -6.913326e-10
78.600000, -2.348354e-10, 9.150237e-10, 1.587764e-10, -6.902166e-10
78.700000, -2.346629e-10, 9.066467e-10, 1.563148e-10, -6.875268e-10
78.800000, -2.379510e-10, 8.996515e-10, 1.548992e-10, -6.863476e-10
78.900000, -2.376774e-10, 8.914826e-10, 1.525433e-10, -6.836094e-10
79.000000, -2.408256e-10, 8.846832e-10, 1.512230e-10, -6.823636e-10
79.100000, -2.404491e-10, 8.767226e-10, 1.489749e-10, -6.795735e-10
79.200000, -2.434574e-10, 8.701178e-10, 1.477525e-10, -6.782579e-10
79.300000, -2.429774e-10, 8.623648e-10, 1.456134e-10, -6.754148e-10
79.400000, -2.458463e-10, 8.559540e-10, 1.444887e-10, -6.740300e-10
79.500000, -2.452629e-10, 8.484066e-10, 1.424587e-10, -6.711317e-10
79.600000, -2.479929e-10, 8.421880e-10, 1.414322e-10, -6.696761e-10
79.700000, -2.473069e-10, 8.348449e-10, 1.395112e-10, -6.667230e-10
79.800000, -2.498996e-10, 8.288164e-10, 1.385827e-10, -6.651976e-10
79.900000, -2.491121e-10, 8.216736e-10, 1.367697e-10, -6.621898e-10
80.000000, -2.515688e-10, 8.158320e-10, 1.359384e-10, -6.605940e-10
80.100000, -2.506815e-10, 8.088877e-10, 1.342323e-10, -6.575314e-10
80.200000, -2.530055e-10, 8.032295e-10, 1.334958e-10, -6.558676e-10
80.300000, -2.520207e-10, 7.964787e-10, 1.318939e-10, -6.527526e-10
80.400000, -2.542148e-10, 7.910005e-10, 1.312505e-10, -6.510225e-10
80.500000, -2.531353e-10, 7.844397e-10, 1.297510e-10, -6.478570e-10
80.600000, -2.552021e-10, 7.791368e-10, 1.291985e-10, -6.460622e-10
80.700000, -2.540307e-10, 7.727610e-10, 1.277981e-10, -6.428478e-10
80.800000, -2.559746e-10, 7.676296e-10, 1.273332e-10, -6.409911e-10
80.900000, -2.547149e-10, 7.614344e-10, 1.260290e-10, -6.377304e-10
81.000000, -2.565397e-10, 7.564689e-10, 1.256486e-10, -6.358147e-10
81.100000, -2.551955e-10, 7.504489e-10, 1.244367e-10, -6.325105e-10
81.200000, -2.569058e-10, 7.456447e-10, 1.241374e-10, -6.305388e-10
81.300000, -2.554810e-10, 7.397950e-10, 1.230144e-10, -6.271944e-10
81.400000, -2.570808e-10, 7.351469e-10, 1.227925e-10, -6.251703e-10
81.500000, -2.555792e-10, 7.294617e-10, 1.217545e-10, -6.217886e-10
81.600000, -2.570730e-10, 7.249641e-10, 1.216061e-10, -6.197153e-10
81.700000, -2.554991e-10, 7.194383e-10, 1.206491e-10, -6.163001e-10
81.800000, -2.568918e-10, 7.150860e-10, 1.205704e-10, -6.141815e-10
81.900000, -2.552499e-10, 7.097135e-10, 1.196903e-10, -6.107360e-10
82.000000, -2.565461e-10, 7.055010e-10, 1.196772e-10, -6.085760e-10
82.100000, -2.548407e-10, 7.002764e-10, 1.188698e-10, -6.051043e-10
82.200000, -2.560456e-10, 6.961981e-10, 1.189182e-10, -6.029063e-10
82.300000, -2.542809e-10, 6.911157e-10, 1.181791e-10, -5.994115e-10
82.400000, -2.553989e-10, 6.871660e-10, 1.182849e-10, -5.971795e-10
82.500000, -2.535799e-10, 6.822200e-10, 1.176097e-10, -5.936657e-10
82.600000, -2.546162e-10, 6.783933e-10, 1.177685e-10, -5.914037e-10
82.700000, -2.527469e-10, 6.735783e-10, 1.171533e-10, -5.878745e-10
82.800000, -2.537061e-10, 6.698693e-10, 1.173612e-10, -5.855864e-10
82.900000, -2.517908e-10, 6.651796e-10, 1.168017e-10, -5.820454e-10
83.000000, -2.526776e-10, 6.615828e-10, 1.170545e-10, -5.797348e-10
83.100000, -2.507209e-10, 6.570130e-10, 1.165464e-10, -5.761855e-10
83.200000, -2.515398e-10, 6.535232e-10, 1.168402e-10, -5.738561e-10
83.300000, -2.495459e-10, 6.490678e-10, 1.163793e-10, -5.703024e-10
83.400000, -2.503017e-10, 6.456797e-10, 1.167101e-10, -5.679581e-10
83.500000, -2.482746e-10, 6.413335e-10, 1.162925e-10, -5.644033e-10
83.600000, -2.489718e-10, 6.380420e-10, 1.166564e-10, -5.620475e-10
83.700000, -2.469158e-10, 6.337998e-10, 1.162784e-10, -5.584949e-10
83.800000, -2.475586e-10, 6.306001e-10, 1.166717e-10, -5.561311e-10
83.900000, -2.454774e-10, 6.264569e-10, 1.163291e-10, -5.525842e-10
84.000000, -2.460701e-10, 6.233441e-10, 1.167482e-10, -5.502158e-10
84.100000, -2.439675e-10, 6.192952e-10, 1.164377e-10, -5.466774e-10
84.200000, -2.445140e-10, 6.162647e-10, 1.168791e-10, -5.443076e-10
84.300000, -2.423938e-10, 6.123054e-10, 1.165971e-10, -5.407810e-10
84.400000, -2.428980e-10, 6.093527e-10, 1.170575e-10, -5.384129e-10
84.500000, -2.407635e-10, 6.054785e-10, 1.168006e-10, -5.349007e-10
84.600000, -2.412291e-10, 6.025994e-10, 1.172769e-10, -5.325371e-10
84.700000, -2.390837e-10, 5.988059e-10, 1.170419e-10, -5.290422e-10
84.800000, -2.395143e-10, 5.959961e-10, 1.175309e-10, -5.266860e-10
84.900000, -2.373611e-10, 5.922792e-10, 1.173148e-10, -5.232109e-10
85.000000, -2.377601e-10, 5.895350e-10, 1.178138e-10, -5.208646e-10
85.100000, -2.356021e-10, 5.858908e-10, 1.176137e-10, -5.174117e-10
85.200000, -2.359728e-10, 5.832082e-10, 1.181199e-10, -5.150779e-10
85.300000, -2.338128e-10, 5.796329e-10, 1.179330e-10, -5.116495e-10
85.400000, -2.341581e-10, 5.770085e-10, 1.184439e-10, -5.093304e-10
85.500000, -2.319988e-10, 5.734986e-10, 1.182677e-10, -5.059285e-10
85.600000, -2.323215e-10, 5.709290e-10, 1.187810e-10, -5.036262e-10
85.700000, -2.301654e-10, 5.674809e-10, 1.186132e-10, -5.002528e-10
85.800000, -2.304682e-10, 5.649629e-10, 1.191266e-10, -4.979695e-10
85.900000, -2.283175e-10, 5.615736e-10, 1.189648e-10, -4.946262e-10
86.000000, -2.286030e-10, 5.591041e-10, 1.194763e-10, -4.923635e-10
86.100000, -2.264599e-10, 5.557705e-10, 1.193186e-10, -4.890522e-10
86.200000, -2.267305e-10, 5.533467e-10, 1.198262e-10, -4.868119e-10
86.300000, -2.245969e-10, 5.500659e-10, 1.196707e-10, -4.835339e-10
86.400000, -2.248547e-10, 5.476852e-10, 1.201727e-10, -4.813174e-10
86.500000, -2.227325e-10, 5.444545e-10, 1.200176e-10, -4.780740e-10
86.600000, -2.229795e-10, 5.421144e-10, 1.205125e-10, -4.758827e-10
86.700000, -2.208704e-10, 5.389313e-10, 1.203561e-10, -4.726752e-10
86.800000, -2.211084e-10, 5.366294e-10, 1.208425e-10, -4.705103e-10
86.900000, -2.190138e-10, 5.334917e-10, 1.206835e-10, -4.673396e-10
87.000000, -2.192446e-10, 5.312258e-10, 1.211599e-10, -4.652022e-10
87.100000, -2.171659e-10, 5.281312e-10, 1.209970e-10, -4.620693e-10
87.200000, -2.173910e-10, 5.258995e-10, 1.214624e-10, -4.599604e-10
87.300000, -2.153294e-10, 5.228459e-10, 1.212944e-10, -4.568659e-10
87.400000, -2.155503e-10, 5.206464e-10, 1.217478e-10, -4.547863e-10
87.500000, -2.135069e-10, 5.176321e-10, 1.215736e-10, -4.517309e-10
87.600000, -2.137248e-10, 5.154630e-10, 1.220141e-10, -4.496812e-10
87.700000, -2.117006e-10, 5.124862e-10, 1.218328e-10, -4.466655e-10
87.800000, -2.119165e-10, 5.103460e-10, 1.222596e-10, -4.446463e-10
87.900000, -2.099123e-10, 5.074051e-10, 1.220705e-10, -4.416707e-10
88.000000, -2.101275e-10, 5.052924e-10, 1.224830e-10, -4.396825e-10
88.100000, -2.081439e-10, 5.023859e-10, 1.222853e-10, -4.367471e-10
88.200000, -2.083591e-10, 5.002994e-10, 1.226829e-10, -4.347902e-10
88.300000, -2.063969e-10, 4.974259e-10, 1.224762e-10, -4.318954e-10
88.400000, -2.066130e-10, 4.953644e-10, 1.228584e-10, -4.299700e-10
88.500000, -2.046725e-10, 4.925228e-10, 1.226422e-10, -4.271158e-10
88.600000, -2.048901e-10, 4.904851e-10, 1.230087e-10, -4.252221e-10
88.700000, -2.029718e-10, 4.876742e-10, 1.227826e-10, -4.224085e-10
88.800000, -2.031915e-10, 4.856594e-10, 1.231332e-10, -4.205466e-10
88.900000, -2.012957e-10, 4.828782e-10, 1.228968e-10, -4.177735e-10
89.000000, -2.015180e-10, 4.808853e-10, 1.232314e-10, -4.159434e-10
89.100000, -1.996448e-10, 4.781329e-10, 1.229846e-10, -4.132106e-10
89.200000, -1.998701e-10, 4.761613e-10, 1.233030e-10, -4.114121e-10
89.300000, -1.980198e-10, 4.734369e-10, 1.230456e-10, -4.087195e-10
89.400000, -1.982484e-10, 4.714858e-10, 1.233478e-10, -4.069524e-10
89.500000, -1.964209e-10, 4.687886e-10, 1.230799e-10, -4.042996e-10
89.600000, -1.966531e-10, 4.668574e-10, 1.233660e-10, -4.025638e-10
89.700000, -1.948485e-10, 4.641867e-10, 1.230875e-10, -3.999505e-10
89.800000, -1.950845e-10, 4.622748e-10, 1.233576e-10, -3.982456e-10
89.900000, -1.933026e-10, 4.596302e-10, 1.230686e-10, -3.956714e-10
90.000000, -1.935424e-10, 4.577372e-10, 1.233228e-10, -3.939971e-10
90.100000, -1.917832e-10, 4.551179e-10, 1.230235e-10, -3.914615e-10
90.200000, -1.920270e-10, 4.532434e-10, 1.232620e-10, -3.898175e-10
90.300000, -1.902903e-10, 4.506492e-10, 1.229525e-10, -3.873200e-10
90.400000, -1.905379e-10, 4.487928e-10, 1.231757e-10, -3.857058e-10
90.500000, -1.888235e-10, 4.462232e-10, 1.228563e-10, -3.832458e-10
90.600000, -1.890751e-10, 4.443846e-10, 1.230644e-10, -3.816610e-10
90.700000, -1.873826e-10, 4.418393e-10, 1.227353e-10, -3.792380e-10
90.800000, -1.876381e-10, 4.400183e-10, 1.229287e-10, -3.776820e-10
90.900000, -1.859673e-10, 4.374970e-10, 1.225902e-10, -3.752954e-10
91.000000, -1.862265e-10, 4.356933e-10, 1.227692e-10, -3.737677e-10
91.100000, -1.845771e-10, 4.331956e-10, 1.224216e-10, -3.714169e-10
91.200000, -1.848398e-10, 4.314092e-10, 1.225867e-10, -3.699169e-10
91.300000, -1.832114e-10, 4.289350e-10, 1.222304e-10, -3.676012e-10
91.400000, -1.834776e-10, 4.271656e-10, 1.223820e-10, -3.661284e-10
91.500000, -1.818698e-10, 4.247147e-10, 1.220173e-10, -3.638471e-10
91.600000, -1.821391e-10, 4.229622e-10, 1.221558e-10, -3.624009e-10
91.700000, -1.805515e-10, 4.205343e-10, 1.217831e-10, -3.601533e-10
91.800000, -1.808238e-10, 4.187987e-10, 1.219089e-10, -3.587330e-10
91.900000, -1.792560e-10, 4.163938e-10, 1.215287e-10, -3.565185e-10
92.000000, -1.795310e-10, 4.146749e-10, 1.216423e-10, -3.551235e-10
92.100000, -1.779825e-10, 4.122929e-10, 1.212549e-10, -3.529413e-10
92.200000, -1.782599e-10, 4.105907e-10, 1.213568e-10, -3.515710e-10
92.300000, -1.767303e-10, 4.082313e-10, 1.209625e-10, -3.494203e-10
92.400000, -1.770100e-10, 4.065458e-10, 1.210532e-10, -3.480741e-10
92.500000, -1.754988e-10, 4.042091e-10, 1.206526e-10, -3.459543e-10
92.600000, -1.757804e-10, 4.025403e-10, 1.207325e-10, -3.446315e-10
92.700000, -1.742872e-10, 4.002262e-10, 1.203261e-10, -3.425420e-10
92.800000, -1.745705e-10, 3.985741e-10, 1.203957e-10, -3.412421e-10
92.900000, -1.730948e-10, 3.962824e-10, 1.199837e-10, -3.391820e-10
93.000000, -1.733794e-10, 3.946470e-10, 1.200435e-10, -3.379044e-10
93.100000, -1.719208e-10, 3.923779e-10, 1.196265e-10, -3.358732e-10
93.200000, -1.722066e-10, 3.907592e-10, 1.196770e-10, -3.346172e-10
93.300000, -1.707646e-10, 3.885125e-10, 1.192554e-10, -3.326142e-10
93.400000, -1.710512e-10, 3.869106e-10, 1.192971e-10, -3.313792e-10
93.500000, -1.696254e-10, 3.846863e-10, 1.188713e-10, -3.294037e-10
93.600000, -1.699126e-10, 3.831011e-10, 1.189046e-10, -3.281891e-10
93.700000, -1.685025e-10, 3.808991e-10, 1.184750e-10, -3.262403e-10
93.800000, -1.687899e-10, 3.793307e-10, 1.185004e-10, -3.250456e-10
93.900000, -1.673952e-10, 3.771510e-10, 1.180674e-10, -3.231230e-10
94.000000, -1.676826e-10, 3.755994e-10, 1.180853e-10, -3.219475e-10
94.100000, -1.663027e-10, 3.734420e-10, 1.176492e-10, -3.200505e-10
94.200000, -1.665899e-10, 3.719072e-10, 1.176600e-10, -3.188936e-10
94.300000, -1.652245e-10, 3.697719e-10, 1.172213e-10, -3.170214e-10
94.400000, -1.655112e-10, 3.682538e-10, 1.172255e-10, -3.158826e-10
94.500000, -1.641597e-10, 3.661405e-10, 1.167844e-10, -3.140346e-10
94.600000, -1.644457e-10, 3.646392e-10, 1.167823e-10, -3.129133e-10
94.700000, -1.631078e-10, 3.625479e-10, 1.163393e-10, -3.110889e-10
94.800000, -1.633928e-10, 3.610634e-10, 1.163314e-10, -3.099846e-10
94.900000, -1.620683e-10, 3.589941e-10, 1.158867e-10, -3.081832e-10
95.000000, -1.623520e-10, 3.575262e-10, 1.158733e-10, -3.070955e-10
95.100000, -1.610403e-10, 3.554788e-10, 1.154274e-10, -3.053165e-10
95.200000, -1.613227e-10, 3.540276e-10, 1.154088e-10, -3.042448e-10
95.300000, -1.600236e-10, 3.520021e-10, 1.149618e-10, -3.024877e-10
95.400000, -1.603043e-10, 3.505676e-10, 1.149384e-10, -3.014316e-10
95.500000, -1.590173e-10, 3.485638e-10, 1.144908e-10, -2.996960e-10
95.600000, -1.592964e-10, 3.471461e-10, 1.144630e-10, -2.986550e-10
95.700000, -1.580213e-10, 3.451639e-10, 1.140150e-10, -2.969404e-10
95.800000, -1.582984e-10, 3.437628e-10, 1.139831e-10, -2.959140e-10
95.900000, -1.570349e-10, 3.418023e-10, 1.135349e-10, -2.942198e-10
96.000000, -1.573099e-10, 3.404177e-10, 1.134992e-10, -2.932077e-10
96.100000, -1.560577e-10, 3.384785e-10, 1.130511e-10, -2.915334e-10
96.200000, -1.563304e-10, 3.371105e-10, 1.130118e-10, -2.905352e-10
96.300000, -1.550891e-10, 3.351926e-10, 1.125640e-10, -2.888803e-10
96.400000, -1.553595e-10, 3.338410e-10, 1.125215e-10, -2.878957e-10
96.500000, -1.541289e-10, 3.319443e-10, 1.120743e-10, -2.862599e-10
96.600000, -1.543967e-10, 3.306090e-10, 1.120288e-10, -2.852884e-10
96.700000, -1.531765e-10, 3.287334e-10, 1.115824e-10, -2.836713e-10
96.800000, -1.534417e-10, 3.274144e-10, 1.115340e-10, -2.827125e-10
96.900000, -1.522317e-10, 3.255596e-10, 1.110885e-10, -2.811136e-10
97.000000, -1.524940e-10, 3.242566e-10, 1.110375e-10, -2.801672e-10
97.100000, -1.512938e-10, 3.224226e-10, 1.105931e-10, -2.785860e-10
97.200000, -1.515533e-10, 3.211356e-10, 1.105397e-10, -2.776516e-10
97.300000, -1.503628e-10, 3.193221e-10, 1.100965e-10, -2.760879e-10
97.400000, -1.506193e-10, 3.180511e-10, 1.100410e-10, -2.751654e-10
97.500000, -1.494384e-10, 3.162581e-10, 1.095993e-10, -2.736188e-10
97.600000, -1.496919e-10, 3.150029e-10, 1.095419e-10, -2.727079e-10
97.700000, -1.485203e-10, 3.132301e-10, 1.091017e-10, -2.711781e-10
97.800000, -1.487708e-10, 3.119906e-10, 1.090424e-10, -2.702785e-10
97.900000, -1.476083e-10, 3.102379e-10, 1.086040e-10, -2.687652e-10
98.000000, -1.478557e-10, 3.090141e-10, 1.085431e-10, -2.678766e-10
98.100000, -1.467022e-10, 3.072814e-10, 1.081065e-10, -2.663796e-10
98.200000, -1.469465e-10, 3.060731e-10, 1.080442e-10, -2.655018e-10
98.300000, -1.458019e-10, 3.043601e-10, 1.076095e-10, -2.640206e-10
98.400000, -1.460430e-10, 3.031671e-10, 1.075458e-10, -2.631534e-10
98.500000, -1.449071e-10, 3.014738e-10, 1.071132e-10, -2.616878e-10
98.600000, -1.451451e-10, 3.002959e-10, 1.070483e-10, -2.608308e-10
98.700000, -1.440178e-10, 2.986218e-10, 1.066178e-10, -2.593805e-10
98.800000, -1.442526e-10, 2.974588e-10, 1.065518e-10, -2.585335e-10
98.900000, -1.431336e-10, 2.958039e-10, 1.061234e-10, -2.570982e-10
99.000000, -1.433652e-10, 2.946557e-10, 1.060564e-10, -2.562611e-10
99.100000, -1.422545e-10, 2.930197e-10, 1.056303e-10, -2.548408e-10
99.200000, -1.424829e-10, 2.918863e-10, 1.055623e-10, -2.540135e-10
99.300000, -1.413804e-10, 2.902690e-10, 1.051384e-10, -2.526076e-10
99.400000, -1.416057e-10, 2.891501e-10, 1.050696e-10, -2.517898e-10
99.500000, -1.405112e-10, 2.875513e-10, 1.046480e-10, -2.503982e-10
99.600000, -1.407333e-10, 2.864466e-10, 1.045784e-10, -2.495897e-10
99.700000, -1.396468e-10, 2.848661e-10, 1.041591e-10, -2.482123e-10
99.800000, -1.398657e-10, 2.837755e-10, 1.040888e-10, -2.474130e-10
99.900000, -1.387870e-10, 2.822130e-10, 1.036719e-10, -2.460496e-10
100.000000, -1.390028e-10, 2.811364e-10, 1.036008e-10, -2.452593e-10
100.100000, -1.379318e-10, 2.795917e-10, 1.031863e-10, -2.439096e-10
100.200000, -1.381444e-10, 2.785287e-10, 1.031147e-10, -2.431282e-10
100.300000, -1.370812e-10, 2.770016e-10, 1.027026e-10, -2.417920e-10
100.400000, -1.372906e-10, 2.759522e-10, 1.026303e-10, -2.410194e-10
100.500000, -1.362349e-10, 2.744425e-10, 1.022205e-10, -2.396966e-10
100.600000, -1.364413e-10, 2.734065e-10, 1.021477e-10, -2.389326e-10
100.700000, -1.353932e-10, 2.719141e-10, 1.017404e-10, -2.376230e-10
100.800000, -1.355966e-10, 2.708913e-10, 1.016671e-10, -2.368675e-10
100.900000, -1.345560e-10, 2.694158e-10, 1.012623e-10, -2.355708e-10
101.000000, -1.347566e-10, 2.684061e-10, 1.011887e-10, -2.348238e-10
101.100000, -1.337235e-10, 2.669473e-10, 1.007864e-10, -2.335400e-10
101.200000, -1.339212e-10, 2.659505e-10, 1.007124e-10, -2.328012e-10
101.300000, -1.328954e-10, 2.645081e-10, 1.003125e-10, -2.315301e-10
101.400000, -1.330903e-10, 2.635239e-10, 1.002381e-10, -2.307994e-10
101.500000, -1.320719e-10, 2.620979e-10, 9.984075e-11, -2.295409e-10
101.600000, -1.322640e-10, 2.611262e-10, 9.976601e-11, -2.288183e-10
101.700000, -1.312528e-10, 2.597164e-10, 9.937102e-11, -2.275723e-10
101.800000, -1.314421e-10, 2.587570e-10, 9.929588e-11, -2.268577e-10
101.900000, -1.304381e-10, 2.573630e-10, 9.890320e-11, -2.256239e-10
102.000000, -1.306245e-10, 2.564157e-10, 9.882752e-11, -2.249171e-10
102.100000, -1.296275e-10, 2.550371e-10, 9.843697e-11, -2.236953e-10
102.200000, -1.298111e-10, 2.541018e-10, 9.836085e-11, -2.229964e-10
102.300000, -1.288213e-10, 2.527388e-10, 9.797273e-11, -2.217868e-10
102.400000, -1.290023e-10, 2.518154e-10, 9.789628e-11, -2.210957e-10
102.500000, -1.280196e-10, 2.504678e-10, 9.751051e-11, -2.198982e-10
102.600000, -1.281981e-10, 2.495558e-10, 9.743388e-11, -2.192147e-10
102.700000, -1.272224e-10, 2.482228e-10, 9.705054e-11, -2.180287e-10
102.800000, -1.273985e-10, 2.473219e-10, 9.697359e-11, -2.173524e-10
102.900000, -1.264297e-10, 2.460035e-10, 9.659248e-11, -2.161779e-10
103.000000, -1.266033e-10, 2.451139e-10, 9.651510e-11, -2.155091e-10
103.100000, -1.256415e-10, 2.438101e-10, 9.613622e-11, -2.143461e-10
103.200000, -1.258127e-10, 2.429315e-10, 9.605863e-11, -2.136848e-10
103.300000, -1.248579e-10, 2.416421e-10, 9.568204e-11, -2.125332e-10
103.400000, -1.250268e-10, 2.407743e-10, 9.560415e-11, -2.118791e-10
103.500000, -1.240789e-10, 2.394990e-10, 9.522983e-11, -2.107388e-10
103.600000, -1.242455e-10, 2.386420e-10, 9.515150e-11, -2.100919e-10
103.700000, -1.233043e-10, 2.373807e-10, 9.477908e-11, -2.089626e-10
103.800000, -1.234687e-10, 2.365343e-10, 9.470026e-11, -2.083229e-10
103.900000, -1.225342e-10, 2.352871e-10, 9.432988e-11, -2.072049e-10
104.000000, -1.226962e-10, 2.344514e-10, 9.425051e-11, -2.065724e-10
104.100000, -1.217684e-10, 2.332178e-10, 9.388200e-11, -2.054655e-10
104.200000, -1.219282e-10, 2.323926e-10, 9.380216e-11, -2.048402e-10
104.300000, -1.210071e-10, 2.311727e-10, 9.343571e-11, -2.037444e-10
104.400000, -1.211648e-10, 2.303578e-10, 9.335540e-11, -2.031263e-10
104.500000, -1.202503e-10, 2.291513e-10, 9.299084e-11, -2.020414e-10
104.600000, -1.204060e-10, 2.283465e-10, 9.291012e-11, -2.014303e-10
104.700000, -1.194982e-10, 2.271534e-10, 9.254756e-11, -2.003562e-10
104.800000, -1.196519e-10, 2.263586e-10, 9.246639e-11, -1.997520e-10
104.900000, -1.187506e-10, 2.251785e-10, 9.210562e-11, -1.986884e-10
105.000000, -1.189022e-10, 2.243934e-10, 9.202380e-11, -1.980910e-10
105.100000, -1.180073e-10, 2.232258e-10, 9.166498e-11, -1.970381e-10
105.200000, -1.181571e-10, 2.224496e-10, 9.158334e-11, -1.964473e-10
105.300000, -1.172691e-10, 2.212937e-10, 9.122693e-11, -1.954041e-10
105.400000, -1.174174e-10, 2.205265e-10, 9.114506e-11, -1.948194e-10
105.500000, -1.165362e-10, 2.193830e-10, 9.079074e-11, -1.937861e-10
105.600000, -1.166827e-10, 2.186250e-10, 9.070851e-11, -1.932078e-10
105.700000, -1.158076e-10, 2.174933e-10, 9.035577e-11, -1.921842e-10
105.800000, -1.159519e-10, 2.167441e-10, 9.027283e-11, -1.916121e-10
105.900000, -1.150830e-10, 2.156247e-10, 8.992176e-11, -1.905990e-10
106.000000, -1.152255e-10, 2.148850e-10, 8.983824e-11, -1.900337e-10
106.100000, -1.143627e-10, 2.137774e-10, 8.948871e-11, -1.890303e-10
106.200000, -1.145034e-10, 2.130462e-10, 8.940465e-11, -1.884712e-10
106.300000, -1.136469e-10, 2.119502e-10, 8.905697e-11, -1.874777e-10
106.400000, -1.137860e-10, 2.112276e-10, 8.897264e-11, -1.869248e-10
106.500000, -1.129359e-10, 2.101429e-10, 8.862688e-11, -1.859409e-10
106.600000, -1.130735e-10, 2.094285e-10, 8.854233e-11, -1.853940e-10
106.700000, -1.122299e-10, 2.083550e-10, 8.819852e-11, -1.844194e-10
106.800000, -1.123663e-10, 2.076489e-10, 8.811385e-11, -1.838786e-10
106.900000, -1.115291e-10, 2.065864e-10, 8.777198e-11, -1.829133e-10
107.000000, -1.116641e-10, 2.058883e-10, 8.768717e-11, -1.823783e-10
107.100000, -1.108335e-10, 2.048366e-10, 8.734742e-11, -1.814224e-10
107.200000, -1.109673e-10, 2.041464e-10, 8.726258e-11, -1.808932e-10
107.300000, -1.101431e-10, 2.031052e-10, 8.692477e-11, -1.799463e-10
107.400000, -1.102755e-10, 2.024226e-10, 8.683959e-11, -1.794226e-10
107.500000, -1.094574e-10, 2.013916e-10, 8.650351e-11, -1.784845e-10
107.600000, -1.095886e-10, 2.007167e-10, 8.641830e-11, -1.779666e-10
107.700000, -1.087766e-10, 1.996959e-10, 8.608429e-11, -1.770376e-10
107.800000, -1.089063e-10, 1.990281e-10, 8.599888e-11, -1.765251e-10
107.900000, -1.081010e-10, 1.980179e-10, 8.566681e-11, -1.756048e-10
108.000000, -1.082299e-10, 1.973577e-10, 8.558138e-11, -1.750978e-10
108.100000, -1.074308e-10, 1.963575e-10, 8.525132e-11, -1.741862e-10
108.200000, -1.075587e-10, 1.957045e-10, 8.516594e-11, -1.736846e-10
108.300000, -1.067660e-10, 1.947139e-10, 8.483789e-11, -1.727815e-10
108.400000, -1.068928e-10, 1.940680e-10, 8.475254e-11, -1.722851e-10
108.500000, -1.061063e-10, 1.930871e-10, 8.442646e-11, -1.713904e-10
108.600000, -1.062321e-10, 1.924482e-10, 8.434111e-11, -1.708994e-10
108.700000, -1.054517e-10, 1.914769e-10, 8.401694e-11, -1.700130e-10
108.800000, -1.055764e-10, 1.908449e-10, 8.393150e-11, -1.695272e-10
108.900000, -1.048019e-10, 1.898831e-10, 8.360914e-11, -1.686492e-10
109.000000, -1.049256e-10, 1.892581e-10, 8.352357e-11, -1.681686e-10
109.100000, -1.041570e-10, 1.883058e-10, 8.320297e-11, -1.672989e-10
109.200000, -1.042796e-10, 1.876876e-10, 8.311725e-11, -1.668236e-10
109.300000, -1.035169e-10, 1.867448e-10, 8.279839e-11, -1.659622e-10
109.400000, -1.036384e-10, 1.861335e-10, 8.271251e-11, -1.654920e-10
109.500000, -1.028815e-10, 1.852000e-10, 8.239534e-11, -1.646388e-10
109.600000, -1.030018e-10, 1.845955e-10, 8.230928e-11, -1.641738e-10
109.700000, -1.022506e-10, 1.836712e-10, 8.199378e-11, -1.633287e-10
109.800000, -1.023699e-10, 1.830733e-10, 8.190754e-11, -1.628688e-10
109.900000, -1.016244e-10, 1.821581e-10, 8.159371e-11, -1.620318e-10
110.000000, -1.017426e-10, 1.815668e-10, 8.150729e-11, -1.615770e-10
110.100000, -1.010026e-10, 1.806607e-10, 8.119509e-11, -1.607479e-10
110.200000, -1.011197e-10, 1.800759e-10, 8.110849e-11, -1.602980e-10
110.300000, 3.123257e-13, 5.445898e-14, -2.189778e-13, -3.337407e-14
110.400000, -1.126040e-13, 2.102206e-13, -1.035520e-13, -2.159206e-13
110.500000, 3.084871e-13, 5.210984e-14, -2.107244e-13, -2.679544e-14
110.600000, -1.132081e-13, 2.066377e-13, -9.627665e-14, -2.079980e-13
110.700000, 3.045906e-13, 4.970063e-14, -2.026615e-13, -2.039673e-14
110.800000, -1.138870e-13, 2.030075e-13, -8.919781e-14, -2.002749e-13
110.900000, 3.006706e-13, 4.722390e-14, -1.948220e-13, -1.418088e-14
111.000000, -1.146025e-13, 1.993124e-13, -8.234743e-14, -1.927441e-13
111.100000, 2.967518e-13, 4.467504e-14, -1.872242e-13, -8.151451e-15
111.200000, -1.153405e-13, 1.955694e-13, -7.573427e-14, -1.854286e-13
111.300000, 2.928534e-13, 4.208956e-14, -1.798803e-13, -2.347621e-15
111.400000, -1.160279e-13, 1.918076e-13, -6.939920e-14, -1.783828e-13
111.500000, 2.890978e-13, 3.947859e-14, -1.728649e-13, 3.158894e-15
111.600000, -1.166119e-13, 1.880687e-13, -6.339594e-14, -1.716705e-13
111.700000, 2.854441e-13, 3.693106e-14, -1.661935e-13, 8.347510e-15
111.800000, -1.171151e-13, 1.844527e-13, -5.775049e-14, -1.653037e-13
111.900000, 2.819272e-13, 3.457757e-14, -1.599216e-13, 1.313398e-14
112.000000, -1.174544e-13, 1.811381e-13, -5.255579e-14, -1.594413e-13
112.100000, 2.786746e-13, 3.259702e-14, -1.541887e-13, 1.735717e-14
112.200000, -1.174862e-13, 1.782560e-13, -4.796860e-14, -1.541924e-13
112.300000, 2.758044e-13, 3.107775e-14, -1.491195e-13, 2.094740e-14
112.400000, -1.171286e-13, 1.758703e-13, -4.406422e-14, -1.496148e-13
112.500000, 2.733708e-13, 3.007014e-14, -1.447558e-13, 2.386275e-14
112.600000, -1.163219e-13, 1.739715e-13, -4.088363e-14, -1.456802e-13
112.700000, 2.713802e-13, 2.958221e-14, -1.410940e-13, 2.618014e-14
112.800000, -1.149060e-13, 1.723232e-13, -3.831620e-14, -1.422715e-13
112.900000, 2.703449e-13, 2.862039e-14, -1.379735e-13, 2.806902e-14
113.000000, -1.132696e-13, 1.707660e-13, -3.612809e-14, -1.395419e-13
113.100000, 2.690181e-13, 2.847723e-14, -1.353346e-13, 2.952332e-14
113.200000, -1.114857e-13, 1.695714e-13, -3.456754e-14, -1.368385e-13
113.300000, 2.678182e-13, 2.865723e-14, -1.330041e-13, 3.055028e-14
113.400000, -1.099057e-13, 1.690058e-13, -3.300681e-14, -1.349500e-13
113.500000, 2.665920e-13, 2.931567e-14, -1.308425e-13, 3.094370e-14
113.600000, -1.080839e-13, 1.686741e-13, -3.191024e-14, -1.334330e-13
113.700000, 2.658151e-13, 3.004479e-14, -1.293168e-13, 3.111548e-14
113.800000, -1.059358e-13, 1.684470e-13, -3.133516e-14, -1.322049e-13
113.900000, 2.651854e-13, 3.094093e-14, -1.281096e-13, 3.093351e-14
114.000000, -1.035946e-13, 1.682474e-13, -3.107913e-14, -1.312202e-13
114.100000, 2.648643e-13, 3.175030e-14, -1.272395e-13, 3.050597e-14
114.200000, -1.011062e-13, 1.680683e-13, -3.106044e-14, -1.305744e-13
114.300000, 2.645298e-13, 3.261614e-14, -1.265551e-13, 2.991409e-14
114.400000, -9.875033e-14, 1.678636e-13, -3.117710e-14, -1.299860e-13
114.500000, 2.639940e-13, 3.335447e-14, -1.259192e-13, 2.937233e-14
114.600000, -9.683595e-14, 1.676428e-13, -3.108070e-14, -1.294146e-13
114.700000, 2.629217e-13, 3.394891e-14, -1.247755e-13, 2.864696e-14
114.800000, -9.541952e-14, 1.666429e-13, -3.045320e-14, -1.285205e-13
114.900000, 2.612951e-13, 3.353901e-14, -1.232219e-13, 2.881831e-14
115.000000, -9.478485e-14, 1.652456e-13, -2.928357e-14, -1.273365e-13
115.100000, 2.588653e-13, 3.329591e-14, -1.210358e-13, 2.842304e-14
115.200000, -9.468442e-14, 1.639729e-13, -2.780362e-14, -1.266826e-13
115.300000, 2.565312e-13, 3.281056e-14, -1.189823e-13, 2.780125e-14
115.400000, -9.412336e-14, 1.626446e-13, -2.658033e-14, -1.266489e-13
115.500000, 2.546419e-13, 3.303764e-14, -1.174613e-13, 2.620474e-14
115.600000, -9.334808e-14, 1.624019e-13, -2.622991e-14, -1.270718e-13
115.700000, 2.526152e-13, 3.374068e-14, -1.163737e-13, 2.489066e-14
115.800000, -9.303237e-14, 1.619163e-13, -2.555347e-14, -1.271157e-13
115.900000, 2.502079e-13, 3.396093e-14, -1.147914e-13, 2.369921e-14
116.000000, -9.294591e-14, 1.608503e-13, -2.456954e-14, -1.270127e-13
116.100000, 2.477176e-13, 3.346227e-14, -1.130906e-13, 2.295641e-14
116.200000, -9.292552e-14, 1.590976e-13, -2.348329e-14, -1.264861e-13
116.300000, 2.450577e-13, 3.238458e-14, -1.111712e-13, 2.256936e-14
116.400000, -9.314417e-14, 1.568157e-13, -2.213423e-14, -1.255539e-13
116.500000, 2.423516e-13, 3.067096e-14, -1.091282e-13, 2.266141e-14
116.600000, -9.348404e-14, 1.538967e-13, -2.064074e-14, -1.240878e-13
116.700000, 2.393143e-13, 2.853634e-14, -1.067599e-13, 2.313906e-14
116.800000, -9.416121e-14, 1.506212e-13, -1.876749e-14, -1.223750e-13
116.900000, 2.360941e-13, 2.582031e-14, -1.041386e-13, 2.411422e-14
117.000000, -9.500411e-14, 1.468383e-13, -1.668504e-14, -1.202872e-13
117.100000, 2.326848e-13, 2.296294e-14, -1.011859e-13, 2.488609e-14
117.200000, -9.603445e-14, 1.429865e-13, -1.430228e-14, -1.184177e-13
117.300000, 2.292469e-13, 1.994139e-14, -9.824077e-14, 2.579725e-14
117.400000, -9.706864e-14, 1.391274e-13, -1.206175e-14, -1.164757e-13
117.500000, 2.258550e-13, 1.699602e-14, -9.543466e-14, 2.668536e-14
117.600000, -9.799369e-14, 1.352818e-13, -1.001889e-14, -1.144400e-13
117.700000, 2.225054e-13, 1.402499e-14, -9.275830e-14, 2.772391e-14
117.800000, -9.901531e-14, 1.314067e-13, -7.915038e-15, -1.123675e-13
117.900000, 2.191149e-13, 1.108539e-14, -9.000221e-14, 2.868888e-14
118.000000, -1.000615e-13, 1.278927e-13, -5.829347e-15, -1.106224e-13
118.100000, 2.157305e-13, 8.775684e-15, -8.742034e-14, 2.916449e-14
118.200000, -1.010666e-13, 1.247900e-13, -4.038683e-15, -1.090410e-13
118.300000, 2.124116e-13, 6.416579e-15, -8.504914e-14, 2.990780e-14
118.400000, -1.020283e-13, 1.214574e-13, -2.314030e-15, -1.071714e-13
118.500000, 2.092077e-13, 3.773384e-15, -8.279618e-14, 3.095581e-14
118.600000, -1.030236e-13, 1.179222e-13, -6.227167e-16, -1.050151e-13
118.700000, 2.057596e-13, 1.229122e-15, -8.032548e-14, 3.198306e-14
118.800000, -1.043343e-13, 1.146448e-13, 1.372994e-15, -1.030763e-13
118.900000, 2.021194e-13, -1.188218e-15, -7.768237e-14, 3.294084e-14
119.000000, -1.057268e-13, 1.114081e-13, 3.397087e-15, -1.010905e-13
119.100000, 1.985273e-13, -3.628556e-15, -7.508558e-14, 3.394571e-14
119.200000, -1.070183e-13, 1.080764e-13, 5.354536e-15, -9.907206e-14
119.300000, 1.950471e-13, -6.201616e-15, -7.262342e-14, 3.509904e-14
119.400000, -1.082475e-13, 1.047559e-13, 7.150915e-15, -9.697425e-14
119.500000, 1.916113e-13, -8.607440e-15, -7.026660e-14, 3.620440e-14
119.600000, -1.094415e-13, 1.015990e-13, 8.892663e-15, -9.499177e-14
119.700000, 1.883424e-13, -1.090552e-14, -6.804448e-14, 3.717788e-14
119.800000, -1.104025e-13, 9.846492e-14, 1.036797e-14, -9.294029e-14
119.900000, 1.852667e-13, -1.320759e-14, -6.605641e-14, 3.823169e-14
120.000000, -1.112812e-13, 9.541945e-14, 1.175012e-14, -9.099531e-14
120.100000, 1.823046e-13, -1.547921e-14, -6.417761e-14, 3.929005e-14
120.200000, -1.120497e-13, 9.232280e-14, 1.302077e-14, -8.896563e-14
120.300000, 1.793148e-13, -1.772238e-14, -6.224552e-14, 4.034671e-14
120.400000, -1.129789e-13, 8.939959e-14, 1.444015e-14, -8.700878e-14
120.500000, 1.763342e-13, -1.982936e-14, -6.032869e-14, 4.138061e-14
120.600000, -1.138338e-13, 8.660742e-14, 1.575421e-14, -8.507430e-14
120.700000, 1.733294e-13, -2.169697e-14, -5.844807e-14, 4.237287e-14
120.800000, -1.147083e-13, 8.399419e-14, 1.705512e-14, -8.316933e-14
120.900000, 1.704188e-13, -2.354031e-14, -5.663693e-14, 4.338067e-14
121.000000, -1.155613e-13, 8.146565e-14, 1.829584e-14, -8.124646e-14
121.100000, 1.674924e-13, -2.519988e-14, -5.485167e-14, 4.436152e-14
121.200000, -1.164014e-13, 7.911669e-14, 1.952077e-14, -7.938278e-14
121.300000, 1.646555e-13, -2.676229e-14, -5.310480e-14, 4.531867e-14
121.400000, -1.171354e-13, 7.683427e-14, 2.071281e-14, -7.760023e-14
121.500000, 1.619531e-13, -2.825212e-14, -5.137266e-14, 4.609318e-14
121.600000, -1.177248e-13, 7.456318e-14, 2.182384e-14, -7.588656e-14
121.700000, 1.594097e-13, -2.980463e-14, -4.982024e-14, 4.703852e-14
121.800000, -1.182722e-13, 7.234592e-14, 2.283141e-14, -7.409968e-14
121.900000, 1.568649e-13, -3.120069e-14, -4.829441e-14, 4.790641e-14
122.000000, -1.187807e-13, 7.027370e-14, 2.378803e-14, -7.239422e-14
122.100000, 1.544231e-13, -3.246179e-14, -4.684627e-14, 4.863619e-14
122.200000, -1.191787e-13, 6.832410e-14, 2.463145e-14, -7.082640e-14
122.300000, 1.521240e-13, -3.368719e-14, -4.555880e-14, 4.936291e-14
122.400000, -1.194858e-13, 6.638117e-14, 2.535845e-14, -6.927905e-14
122.500000, 1.499009e-13, -3.487887e-14, -4.435102e-14, 5.001149e-14
122.600000, -1.196879e-13, 6.446488e-14, 2.596827e-14, -6.774611e-14
122.700000, 1.478437e-13, -3.611375e-14, -4.331062e-14, 5.074488e-14
122.800000, -1.197677e-13, 6.251105e-14, 2.645178e-14, -6.617231e-14
122.900000, 1.458597e-13, -3.733211e-14, -4.234444e-14, 5.148830e-14
123.000000, -1.198328e-13, 6.063299e-14, 2.688781e-14, -6.457643e-14
123.100000, 1.438862e-13, -3.842863e-14, -4.140347e-14, 5.221658e-14
123.200000, -1.198823e-13, 5.888549e-14, 2.728908e-14, -6.305374e-14
123.300000, 1.420347e-13, -3.948198e-14, -4.058342e-14, 5.290663e-14
123.400000, -1.198363e-13, 5.716440e-14, 2.756473e-14, -6.148922e-14
123.500000, 1.401923e-13, -4.042974e-14, -3.981979e-14, 5.362130e-14
123.600000, -1.198220e-13, 5.561275e-14, 2.784021e-14, -6.005775e-14
123.700000, 1.383036e-13, -4.118193e-14, -3.900704e-14, 5.411814e-14
123.800000, -1.199017e-13, 5.427742e-14, 2.819714e-14, -5.884697e-14
123.900000, 1.363786e-13, -4.175627e-14, -3.815435e-14, 5.445079e-14
124.000000, -1.199796e-13, 5.309803e-14, 2.856374e-14, -5.778171e-14
124.100000, 1.345223e-13, -4.225170e-14, -3.733997e-14, 5.470348e-14
124.200000, -1.199722e-13, 5.193274e-14, 2.885319e-14, -5.670957e-14
124.300000, 1.327477e-13, -4.270581e-14, -3.660834e-14, 5.497433e-14
124.400000, -1.199097e-13, 5.086211e-14, 2.907369e-14, -5.568847e-14
124.500000, 1.310584e-13, -4.308748e-14, -3.594033e-14, 5.518421e-14
124.600000, -1.197760e-13, 4.984384e-14, 2.924691e-14, -5.470721e-14
124.700000, 1.294124e-13, -4.336067e-14, -3.528962e-14, 5.531416e-14
124.800000, -1.196253e-13, 4.896909e-14, 2.941440e-14, -5.383969e-14
124.900000, 1.278615e-13, -4.358438e-14, -3.469061e-14, 5.538204e-14
125.000000, -1.193368e-13, 4.809779e-14, 2.951717e-14, -5.305227e-14
125.100000, 1.264568e-13, -4.378944e-14, -3.414403e-14, 5.534804e-14
125.200000, -1.189412e-13, 4.723127e-14, 2.955771e-14, -5.230247e-14
125.300000, 1.251248e-13, -4.399639e-14, -3.366275e-14, 5.533716e-14
125.400000, -1.185241e-13, 4.641577e-14, 2.958292e-14, -5.159521e-14
125.500000, 1.238431e-13, -4.417265e-14, -3.317794e-14, 5.526719e-14
125.600000, -1.180723e-13, 4.563689e-14, 2.962394e-14, -5.097160e-14
125.700000, 1.225949e-13, -4.426588e-14, -3.268243e-14, 5.506429e-14
125.800000, -1.176009e-13, 4.495265e-14, 2.966057e-14, -5.047565e-14
125.900000, 1.213947e-13, -4.429753e-14, -3.220971e-14, 5.476977e-14
126.000000, -1.170794e-13, 4.432298e-14, 2.966727e-14, -5.005959e-14
126.100000, 1.202410e-13, -4.424365e-14, -3.176533e-14, 5.439847e-14
126.200000, -1.165533e-13, 4.380318e-14, 2.966610e-14, -4.973406e-14
126.300000, 1.190953e-13, -4.409318e-14, -3.132665e-14, 5.395692e-14
126.400000, -1.160250e-13, 4.338733e-14, 2.965696e-14, -4.948708e-14
126.500000, 1.179781e-13, -4.386202e-14, -3.089897e-14, 5.342163e-14
126.600000, -1.154615e-13, 4.301086e-14, 2.964180e-14, -4.932035e-14
126.700000, 1.169206e-13, -4.365197e-14, -3.049154e-14, 5.288881e-14
126.800000, -1.148572e-13, 4.259812e-14, 2.959482e-14, -4.910565e-14
126.900000, 1.159169e-13, -4.347222e-14, -3.013227e-14, 5.241393e-14
127.000000, -1.142200e-13, 4.216372e-14, 2.950735e-14, -4.884080e-14
127.100000, 1.149448e-13, -4.329185e-14, -2.980129e-14, 5.194670e-14
127.200000, -1.135551e-13, 4.175684e-14, 2.939221e-14, -4.860924e-14
127.300000, 1.140301e-13, -4.311314e-14, -2.952258e-14, 5.149976e-14
127.400000, -1.128364e-13, 4.133437e-14, 2.921707e-14, -4.833217e-14
127.500000, 1.131863e-13, -4.296462e-14, -2.931295e-14, 5.112690e-14
127.600000, -1.120669e-13, 4.087330e-14, 2.897998e-14, -4.796823e-14
127.700000, 1.123917e-13, -4.284578e-14, -2.914844e-14, 5.080495e-14
127.800000, -1.112936e-13, 4.041776e-14, 2.873120e-14, -4.758119e-14
127.900000, 1.115778e-13, -4.270371e-14, -2.896960e-14, 5.051344e-14
128.000000, -1.105301e-13, 3.998441e-14, 2.849060e-14, -4.718218e-14
128.100000, 1.107944e-13, -4.254166e-14, -2.880079e-14, 5.021233e-14
128.200000, -1.097517e-13, 3.958014e-14, 2.824658e-14, -4.680319e-14
128.300000, 1.100262e-13, -4.235954e-14, -2.863667e-14, 4.991232e-14
128.400000, -1.089870e-13, 3.921875e-14, 2.801620e-14, -4.645164e-14
128.500000, 1.092694e-13, -4.213710e-14, -2.846438e-14, 4.956392e-14
128.600000, -1.082062e-13, 3.890376e-14, 2.778630e-14, -4.616998e-14
128.700000, 1.085134e-13, -4.184168e-14, -2.827342e-14, 4.912335e-14
128.800000, -1.074528e-13, 3.866394e-14, 2.758727e-14, -4.596740e-14
128.900000, 1.077612e-13, -4.151823e-14, -2.807263e-14, 4.867004e-14
129.000000, -1.066949e-13, 3.842735e-14, 2.738600e-14, -4.574173e-14
129.100000, 1.070262e-13, -4.119270e-14, -2.788418e-14, 4.824119e-14
129.200000, -1.059331e-13, 3.821542e-14, 2.718088e-14, -4.553087e-14
129.300000, 1.063053e-13, -4.084862e-14, -2.770089e-14, 4.779927e-14
129.400000, -1.051633e-13, 3.801041e-14, 2.696980e-14, -4.531685e-14
129.500000, 1.056101e-13, -4.050836e-14, -2.753139e-14, 4.736549e-14
129.600000, -1.043697e-13, 3.778698e-14, 2.673271e-14, -4.507893e-14
129.700000, 1.049464e-13, -4.019551e-14, -2.739145e-14, 4.698189e-14
129.800000, -1.035828e-13, 3.757550e-14, 2.649262e-14, -4.482722e-14
129.900000, 1.042855e-13, -3.986816e-14, -2.724692e-14, 4.659131e-14
130.000000, -1.027795e-13, 3.734797e-14, 2.624952e-14, -4.456956e-14
130.100000, 1.036543e-13, -3.956563e-14, -2.711486e-14, 4.622072e-14
130.200000, -1.019682e-13, 3.711368e-14, 2.599586e-14, -4.429846e-14
130.300000, 1.030380e-13, -3.927714e-14, -2.700115e-14, 4.588045e-14
130.400000, -1.011627e-13, 3.687221e-14, 2.573476e-14, -4.400526e-14
130.500000, 1.024237e-13, -3.899334e-14, -2.688770e-14, 4.555225e-14
130.600000, -1.003658e-13, 3.663191e-14, 2.547227e-14, -4.370074e-14
130.700000, 1.017991e-13, -3.870147e-14, -2.677882e-14, 4.524522e-14
130.800000, -9.959634e-14, 3.641717e-14, 2.521906e-14, -4.339175e-14
130.900000, 1.011562e-13, -3.837918e-14, -2.665255e-14, 4.492722e-14
131.000000, -9.885228e-14, 3.623367e-14, 2.498175e-14, -4.311196e-14
131.100000, 1.005076e-13, -3.803902e-14, -2.652159e-14, 4.458887e-14
131.200000, -9.812399e-14, 3.607207e-14, 2.475726e-14, -4.285680e-14
131.300000, 9.986129e-14, -3.769464e-14, -2.638361e-14, 4.423546e-14
131.400000, -9.739443e-14, 3.590345e-14, 2.453263e-14, -4.260400e-14
131.500000, 9.921010e-14, -3.734082e-14, -2.623925e-14, 4.387985e-14
131.600000, -9.669158e-14, 3.576054e-14, 2.432523e-14, -4.237050e-14
131.700000, 9.855207e-14, -3.696928e-14, -2.608495e-14, 4.350051e-14
131.800000, -9.600385e-14, 3.564707e-14, 2.413182e-14, -4.217298e-14
131.900000, 9.789320e-14, -3.658273e-14, -2.592279e-14, 4.310400e-14
132.000000, -9.531652e-14, 3.552996e-14, 2.393834e-14, -4.197771e-14
132.100000, 9.724237e-14, -3.619890e-14, -2.576121e-14, 4.270336e-14
132.200000, -9.463627e-14, 3.542412e-14, 2.375451e-14, -4.179825e-14
132.300000, 9.659697e-14, -3.581217e-14, -2.559627e-14, 4.229916e-14
132.400000, -9.395926e-14, 3.531930e-14, 2.357158e-14, -4.162197e-14
132.500000, 9.595724e-14, -3.543283e-14, -2.543376e-14, 4.189937e-14
132.600000, -9.328468e-14, 3.520544e-14, 2.339016e-14, -4.144530e-14
132.700000, 9.532536e-14, -3.506298e-14, -2.526839e-14, 4.149494e-14
132.800000, -9.261444e-14, 3.509201e-14, 2.321610e-14, -4.128134e-14
132.900000, 9.469987e-14, -3.470015e-14, -2.510314e-14, 4.109645e-14
133.000000, -9.194622e-14, 3.496354e-14, 2.303820e-14, -4.109406e-14
133.100000, 9.407914e-14, -3.435981e-14, -2.494494e-14, 4.073075e-14
133.200000, -9.128286e-14, 3.482649e-14, 2.285878e-14, -4.089701e-14
133.300000, 9.346775e-14, -3.402880e-14, -2.479199e-14, 4.036891e-14
133.400000, -9.061737e-14, 3.467454e-14, 2.267479e-14, -4.069313e-14
133.500000, 9.286557e-14, -3.371830e-14, -2.464262e-14, 4.001971e-14
133.600000, -8.995565e-14, 3.450850e-14, 2.249417e-14, -4.048078e-14
133.700000, 9.226500e-14, -3.341961e-14, -2.449100e-14, 3.968131e-14
133.800000, -8.930535e-14, 3.434055e-14, 2.231954e-14, -4.026825e-14
133.900000, 9.166086e-14, -3.312522e-14, -2.433359e-14, 3.934569e-14
134.000000, -8.867002e-14, 3.417067e-14, 2.215510e-14, -4.005192e-14
134.100000, 9.104935e-14, -3.283575e-14, -2.416911e-14, 3.902074e-14
134.200000, -8.804760e-14, 3.399746e-14, 2.199641e-14, -3.983117e-14
134.300000, 9.043793e-14, -3.255509e-14, -2.400230e-14, 3.870064e-14
134.400000, -8.743243e-14, 3.382023e-14, 2.184293e-14, -3.961030e-14
134.500000, 8.982832e-14, -3.227805e-14, -2.383413e-14, 3.838482e-14
134.600000, -8.682846e-14, 3.364669e-14, 2.169407e-14, -3.938948e-14
134.700000, 8.921475e-14, -3.200197e-14, -2.366331e-14, 3.807593e-14
134.800000, -8.623485e-14, 3.347015e-14, 2.154856e-14, -3.916096e-14
134.900000, 8.860103e-14, -3.173465e-14, -2.349300e-14, 3.778069e-14
135.000000, -8.564906e-14, 3.328705e-14, 2.140452e-14, -3.892421e-14
135.100000, 8.798874e-14, -3.147660e-14, -2.332282e-14, 3.749586e-14
135.200000, -8.507216e-14, 3.310041e-14, 2.126399e-14, -3.868164e-14
135.300000, 8.737615e-14, -3.122516e-14, -2.315015e-14, 3.721803e-14
135.400000, -8.450247e-14, 3.291048e-14, 2.112772e-14, -3.843831e-14
135.500000, 8.676752e-14, -3.098097e-14, -2.297756e-14, 3.694583e-14
135.600000, -8.393522e-14, 3.271226e-14, 2.099182e-14, -3.818942e-14
135.700000, 8.616547e-14, -3.074939e-14, -2.280862e-14, 3.668429e-14
135.800000, -8.337119e-14, 3.250674e-14, 2.085523e-14, -3.793544e-14
135.900000, 8.556697e-14, -3.052703e-14, -2.264091e-14, 3.643160e-14
136.000000, -8.281220e-14, 3.229624e-14, 2.071933e-14, -3.767610e-14
136.100000, 8.497274e-14, -3.031253e-14, -2.247573e-14, 3.618704e-14
136.200000, -8.225769e-14, 3.208055e-14, 2.058428e-14, -3.741331e-14
136.300000, 8.438097e-14, -3.010537e-14, -2.230995e-14, 3.594729e-14
136.400000, -8.170851e-14, 3.186106e-14, 2.045129e-14, -3.715025e-14
136.500000, 8.379308e-14, -2.990477e-14, -2.214541e-14, 3.571184e-14
136.600000, -8.116471e-14, 3.163933e-14, 2.032061e-14, -3.688732e-14
136.700000, 8.320787e-14, -2.970887e-14, -2.198028e-14, 3.547989e-14
136.800000, -8.062548e-14, 3.141571e-14, 2.019178e-14, -3.662378e-14
136.900000, 8.262580e-14, -2.951777e-14, -2.181551e-14, 3.525127e-14
137.000000, -8.009187e-14, 3.119101e-14, 2.006523e-14, -3.636106e-14
137.100000, 8.204628e-14, -2.932981e-14, -2.165075e-14, 3.502537e-14
137.200000, -7.956339e-14, 3.096594e-14, 1.994069e-14, -3.609935e-14
137.300000, 8.146948e-14, -2.914558e-14, -2.148590e-14, 3.480172e-14
137.400000, -7.903996e-14, 3.073991e-14, 1.981837e-14, -3.583896e-14
137.500000, 8.089555e-14, -2.896503e-14, -2.132104e-14, 3.458052e-14
137.600000, -7.852171e-14, 3.051360e-14, 1.969804e-14, -3.557884e-14
137.700000, 8.032437e-14, -2.878718e-14, -2.115653e-14, 3.436259e-14
137.800000, -7.800843e-14, 3.028818e-14, 1.957939e-14, -3.531986e-14
137.900000, 7.975586e-14, -2.861081e-14, -2.099226e-14, 3.414590e-14
138.000000, -7.749965e-14, 3.006451e-14, 1.946237e-14, -3.506333e-14
138.100000, 7.919120e-14, -2.843516e-14, -2.082873e-14, 3.392989e-14
138.200000, -7.699486e-14, 2.984220e-14, 1.934654e-14, -3.480915e-14
138.300000, 7.862994e-14, -2.826181e-14, -2.066614e-14, 3.371593e-14
138.400000, -7.649390e-14, 2.962018e-14, 1.923183e-14, -3.455555e-14
138.500000, 7.807263e-14, -2.809094e-14, -2.050477e-14, 3.350476e-14
138.600000, -7.599679e-14, 2.939931e-14, 1.911758e-14, -3.430300e-14
138.700000, 7.751874e-14, -2.792137e-14, -2.034449e-14, 3.329497e-14
138.800000, -7.550371e-14, 2.917931e-14, 1.900457e-14, -3.405236e-14
138.900000, 7.696858e-14, -2.775369e-14, -2.018521e-14, 3.308714e-14
139.000000, -7.501365e-14, 2.896031e-14, 1.889220e-14, -3.380322e-14
139.100000, 7.642251e-14, -2.758767e-14, -2.002752e-14, 3.288074e-14
139.200000, -7.452695e-14, 2.874248e-14, 1.878043e-14, -3.355586e-14
139.300000, 7.588080e-14, -2.742267e-14, -1.987090e-14, 3.267504e-14
139.400000, -7.404371e-14, 2.852689e-14, 1.866938e-14, -3.331084e-14
139.500000, 7.534249e-14, -2.725813e-14, -1.971579e-14, 3.247107e-14
139.600000, -7.356337e-14, 2.831290e-14, 1.855868e-14, -3.306795e-14
139.700000, 7.480833e-14, -2.709482e-14, -1.956193e-14, 3.226764e-14
139.800000, -7.308634e-14, 2.810053e-14, 1.844878e-14, -3.282663e-14
139.900000, 7.427827e-14, -2.693259e-14, -1.940941e-14, 3.206544e-14
140.000000, -7.261236e-14, 2.788940e-14, 1.833958e-14, -3.258806e-14
140.100000, 7.375188e-14, -2.677176e-14, -1.925794e-14, 3.186396e-14
140.200000, -7.214180e-14, 2.767958e-14, 1.823088e-14, -3.235161e-14
140.300000, 7.322905e-14, -2.661237e-14, -1.910733e-14, 3.166347e-14
140.400000, -7.167466e-14, 2.747144e-14, 1.812337e-14, -3.211752e-14
140.500000, 7.270997e-14, -2.645297e-14, -1.895772e-14, 3.146299e-14
140.600000, -7.121011e-14, 2.726521e-14, 1.801644e-14, -3.188574e-14
140.700000, 7.219504e-14, -2.629441e-14, -1.880973e-14, 3.126347e-14
140.800000, -7.074874e-14, 2.706090e-14, 1.790981e-14, -3.165631e-14
140.900000, 7.168401e-14, -2.613704e-14, -1.866340e-14, 3.106512e-14
141.000000, -7.028944e-14, 2.685775e-14, 1.780329e-14, -3.142861e-14
141.100000, 7.117746e-14, -2.598033e-14, -1.851844e-14, 3.086743e-14
141.200000, -6.983294e-14, 2.665663e-14, 1.769700e-14, -3.120341e-14
141.300000, 7.067464e-14, -2.582463e-14, -1.837482e-14, 3.067052e-14
141.400000, -6.937921e-14, 2.645698e-14, 1.759137e-14, -3.098005e-14
141.500000, 7.017592e-14, -2.566950e-14, -1.823278e-14, 3.047435e-14
141.600000, -6.892791e-14, 2.625927e-14, 1.748589e-14, -3.075885e-14
141.700000, 6.968097e-14, -2.551465e-14, -1.809218e-14, 3.027897e-14
141.800000, -6.847945e-14, 2.606352e-14, 1.738051e-14, -3.053961e-14
141.900000, 6.919010e-14, -2.536054e-14, -1.795325e-14, 3.008506e-14
142.000000, -6.803303e-14, 2.586953e-14, 1.727522e-14, -3.032191e-14
142.100000, 6.870312e-14, -2.520656e-14, -1.781587e-14, 2.989171e-14
142.200000, -6.758954e-14, 2.567777e-14, 1.717009e-14, -3.010630e-14
142.300000, 6.822012e-14, -2.505320e-14, -1.768002e-14, 2.970003e-14
142.400000, -6.714833e-14, 2.548814e-14, 1.706516e-14, -2.989187e-14
142.500000, 6.774064e-14, -2.490004e-14, -1.754585e-14, 2.950871e-14
142.600000, -6.670981e-14, 2.530012e-14, 1.696056e-14, -2.967963e-14
142.700000, 6.726483e-14, -2.474752e-14, -1.741266e-14, 2.931892e-14
142.800000, -6.627398e-14, 2.511373e-14, 1.685645e-14, -2.946883e-14
142.900000, 6.679273e-14, -2.459541e-14, -1.728077e-14, 2.913002e-14
143.000000, -6.584044e-14, 2.492933e-14, 1.675240e-14, -2.925981e-14
143.100000, 6.632458e-14, -2.444356e-14, -1.715055e-14, 2.894215e-14
143.200000, -6.540923e-14, 2.474704e-14, 1.664841e-14, -2.905253e-14
143.300000, 6.585981e-14, -2.429200e-14, -1.702177e-14, 2.875523e-14
143.400000, -6.498050e-14, 2.456669e-14, 1.654491e-14, -2.884685e-14
143.500000, 6.539868e-14, -2.414069e-14, -1.689424e-14, 2.856902e-14
143.600000, -6.455415e-14, 2.438831e-14, 1.644145e-14, -2.864303e-14
143.700000, 6.494160e-14, -2.398976e-14, -1.676837e-14, 2.838393e-14
143.800000, -6.413009e-14, 2.421174e-14, 1.633791e-14, -2.844102e-14
143.900000, 6.448798e-14, -2.383923e-14, -1.664386e-14, 2.819951e-14
144.000000, -6.370825e-14, 2.403699e-14, 1.623500e-14, -2.824078e-14
144.100000, 6.403793e-14, -2.368896e-14, -1.652040e-14, 2.801579e-14
144.200000, -6.328879e-14, 2.386390e-14, 1.613205e-14, -2.804241e-14
144.300000, 6.359148e-14, -2.353954e-14, -1.639859e-14, 2.783276e-14
144.400000, -6.287120e-14, 2.369214e-14, 1.602946e-14, -2.784590e-14
144.500000, 6.314868e-14, -2.339055e-14, -1.627803e-14, 2.765081e-14
144.600000, -6.245600e-14, 2.352238e-14, 1.592698e-14, -2.765084e-14
144.700000, 6.270969e-14, -2.324178e-14, -1.615857e-14, 2.746947e-14
144.800000, -6.204284e-14, 2.335429e-14, 1.582470e-14, -2.745782e-14
144.900000, 6.227404e-14, -2.309356e-14, -1.604064e-14, 2.728899e-14
145.000000, -6.163197e-14, 2.318769e-14, 1.572257e-14, -2.726608e-14
145.100000, 6.184173e-14, -2.294595e-14, -1.592396e-14, 2.710937e-14
145.200000, -6.122317e-14, 2.302262e-14, 1.562100e-14, -2.707608e-14
145.300000, 6.141289e-14, -2.279865e-14, -1.580846e-14, 2.693024e-14
145.400000, -6.081657e-14, 2.285927e-14, 1.551938e-14, -2.688840e-14
145.500000, 6.098749e-14, -2.265184e-14, -1.569399e-14, 2.675205e-14
145.600000, -6.041219e-14, 2.269767e-14, 1.541848e-14, -2.670204e-14
145.700000, 6.056514e-14, -2.250558e-14, -1.558075e-14, 2.657421e-14
145.800000, -6.001002e-14, 2.253738e-14, 1.531771e-14, -2.651743e-14
145.900000, 6.014610e-14, -2.235972e-14, -1.546837e-14, 2.639703e-14
146.000000, -5.961017e-14, 2.237857e-14, 1.521737e-14, -2.633478e-14
146.100000, 5.973040e-14, -2.221443e-14, -1.535716e-14, 2.622096e-14
146.200000, -5.921266e-14, 2.222152e-14, 1.511771e-14, -2.615349e-14
146.300000, 5.931757e-14, -2.206944e-14, -1.524692e-14, 2.604528e-14
146.400000, -5.881727e-14, 2.206583e-14, 1.501820e-14, -2.597372e-14
146.500000, 5.890792e-14, -2.192509e-14, -1.513768e-14, 2.587084e-14
146.600000, -5.842394e-14, 2.191137e-14, 1.491908e-14, -2.579520e-14
146.700000, 5.850142e-14, -2.178134e-14, -1.502951e-14, 2.569723e-14
146.800000, -5.803289e-14, 2.175845e-14, 1.482022e-14, -2.561825e-14
146.900000, 5.809799e-14, -2.163812e-14, -1.492261e-14, 2.552450e-14
147.000000, -5.764382e-14, 2.160685e-14, 1.472174e-14, -2.544246e-14
147.100000, 5.769758e-14, -2.149543e-14, -1.481655e-14, 2.535275e-14
147.200000, -5.725711e-14, 2.145656e-14, 1.462363e-14, -2.526810e-14
147.300000, 5.730013e-14, -2.135338e-14, -1.471130e-14, 2.518185e-14
147.400000, -5.687253e-14, 2.130759e-14, 1.452596e-14, -2.509495e-14
147.500000, 5.690553e-14, -2.121195e-14, -1.460728e-14, 2.501219e-14
147.600000, -5.648999e-14, 2.115991e-14, 1.442855e-14, -2.492324e-14
147.700000, 5.651396e-14, -2.107090e-14, -1.450411e-14, 2.484325e-14
147.800000, -5.610976e-14, 2.101369e-14, 1.433182e-14, -2.475266e-14
147.900000, 5.612496e-14, -2.093048e-14, -1.440166e-14, 2.467523e-14
148.000000, -5.573175e-14, 2.086859e-14, 1.423541e-14, -2.458341e-14
148.100000, 5.573891e-14, -2.079063e-14, -1.430027e-14, 2.450806e-14
148.200000, -5.535587e-14, 2.072480e-14, 1.413936e-14, -2.441544e-14
148.300000, 5.535559e-14, -2.065142e-14, -1.419968e-14, 2.434207e-14
148.400000, -5.498213e-14, 2.058210e-14, 1.404368e-14, -2.424862e-14
148.500000, 5.497482e-14, -2.051285e-14, -1.409991e-14, 2.417695e-14
148.600000, -5.461049e-14, 2.044063e-14, 1.394874e-14, -2.408291e-14
148.700000, 5.459667e-14, -2.037500e-14, -1.400095e-14, 2.401268e-14
148.800000, -5.424110e-14, 2.030039e-14, 1.385421e-14, -2.391824e-14
148.900000, 5.422147e-14, -2.023772e-14, -1.390277e-14, 2.384945e-14
149.000000, -5.387386e-14, 2.016108e-14, 1.376006e-14, -2.375480e-14
149.100000, 5.384861e-14, -2.010106e-14, -1.380551e-14, 2.368711e-14
149.200000, -5.350895e-14, 2.002283e-14, 1.366650e-14, -2.359265e-14
149.300000, 5.347853e-14, -1.996526e-14, -1.370884e-14, 2.352574e-14
149.400000, -5.314580e-14, 1.988583e-14, 1.357331e-14, -2.343163e-14
149.500000, 5.311088e-14, -1.982991e-14, -1.361293e-14, 2.336543e-14
149.600000, -5.278510e-14, 1.974955e-14, 1.348067e-14, -2.327154e-14
149.700000, 5.274575e-14, -1.969543e-14, -1.351781e-14, 2.320588e-14
149.800000, -5.242636e-14, 1.961456e-14, 1.338861e-14, -2.311268e-14
149.900000, 5.238294e-14, -1.956169e-14, -1.342330e-14, 2.304729e-14
150.000000, -5.206983e-14, 1.948051e-14, 1.329694e-14, -2.295470e-14
150.100000, 5.202289e-14, -1.942852e-14, -1.332948e-14, 2.288975e-14
150.200000, -5.171530e-14, 1.934718e-14, 1.320583e-14, -2.279784e-14
150.300000, 5.166508e-14, -1.929625e-14, -1.323648e-14, 2.273310e-14
150.400000, -5.136288e-14, 1.921494e-14, 1.311521e-14, -2.264229e-14
150.500000, 5.130960e-14, -1.916461e-14, -1.314406e-14, 2.257745e-14
150.600000, -5.101258e-14, 1.908357e-14, 1.302504e-14, -2.248736e-14
150.700000, 5.095669e-14, -1.903380e-14, -1.305238e-14, 2.242261e-14
150.800000, -5.066423e-14, 1.895317e-14, 1.293562e-14, -2.233369e-14
150.900000, 5.060607e-14, -1.890357e-14, -1.296136e-14, 2.226882e-14
151.000000, -5.031829e-14, 1.882373e-14, 1.284650e-14, -2.218085e-14
151.100000, 5.025747e-14, -1.877432e-14, -1.287079e-14, 2.211595e-14
151.200000, -4.997409e-14, 1.869499e-14, 1.275787e-14, -2.202905e-14
151.300000, 4.991140e-14, -1.864568e-14, -1.278112e-14, 2.196415e-14
151.400000, -4.963212e-14, 1.856716e-14, 1.266999e-14, -2.187808e-14
151.500000, 4.956761e-14, -1.851776e-14, -1.269188e-14, 2.181301e-14
151.600000, -4.929222e-14, 1.844027e-14, 1.258255e-14, -2.172840e-14
151.700000, 4.922580e-14, -1.839054e-14, -1.260334e-14, 2.166298e-14
151.800000, -4.895434e-14, 1.831386e-14, 1.249545e-14, -2.157924e-14
151.900000, 4.888635e-14, -1.826434e-14, -1.251529e-14, 2.151389e-14
152.000000, -4.861841e-14, 1.818847e-14, 1.240905e-14, -2.143123e-14
152.100000, 4.854910e-14, -1.813875e-14, -1.242793e-14, 2.136580e-14
152.200000, -4.828460e-14, 1.806394e-14, 1.232311e-14, -2.128402e-14
152.300000, 4.821383e-14, -1.801398e-14, -1.234091e-14, 2.121848e-14
152.400000, -4.795292e-14, 1.794012e-14, 1.223758e-14, -2.113770e-14
152.500000, 4.788086e-14, -1.788963e-14, -1.225465e-14, 2.107216e-14
152.600000, -4.762299e-14, 1.781722e-14, 1.215286e-14, -2.099224e-14
152.700000, 4.754982e-14, -1.776633e-14, -1.216905e-14, 2.092691e-14
152.800000, -4.729510e-14, 1.769486e-14, 1.206857e-14, -2.084773e-14
152.900000, 4.722089e-14, -1.764375e-14, -1.208370e-14, 2.078228e-14
153.000000, -4.696927e-14, 1.757340e-14, 1.198452e-14, -2.070407e-14
153.100000, 4.689398e-14, -1.752181e-14, -1.199932e-14, 2.063852e-14
153.200000, -4.664536e-14, 1.745250e-14, 1.190128e-14, -2.056146e-14
153.300000, 4.656907e-14, -1.740074e-14, -1.191508e-14, 2.049589e-14
153.400000, -4.632359e-14, 1.733261e-14, 1.181842e-14, -2.041952e-14
153.500000, 4.624625e-14, -1.728032e-14, -1.183169e-14, 2.035405e-14
153.600000, -4.600351e-14, 1.721326e-14, 1.173602e-14, -2.027859e-14
153.700000, 4.592533e-14, -1.716079e-14, -1.174849e-14, 2.021298e-14
153.800000, -4.568549e-14, 1.709471e-14, 1.165422e-14, -2.013841e-14
153.900000, 4.560659e-14, -1.704178e-14, -1.166611e-14, 2.007295e-14
154.000000, -4.536943e-14, 1.697677e-14, 1.157294e-14, -1.999898e-14
154.100000, 4.528961e-14, -1.692358e-14, -1.158405e-14, 1.993365e-14
154.200000, -4.505514e-14, 1.685959e-14, 1.149230e-14, -1.986032e-14
154.300000, 4.497470e-14, -1.680605e-14, -1.150252e-14, 1.979538e-14
154.400000, -4.474274e-14, 1.674313e-14, 1.141203e-14, -1.972255e-14
154.500000, 4.466160e-14, -1.668927e-14, -1.142154e-14, 1.965790e-14
154.600000, -4.443250e-14, 1.662731e-14, 1.133226e-14, -1.958568e-14
154.700000, 4.435041e-14, -1.657336e-14, -1.134121e-14, 1.952123e-14
154.800000, -4.412379e-14, 1.651218e-14, 1.125304e-14, -1.944960e-14
154.900000, 4.404109e-14, -1.645811e-14, -1.126106e-14, 1.938531e-14
155.000000, -4.381719e-14, 1.639763e-14, 1.117411e-14, -1.931445e-14
155.100000, 4.373362e-14, -1.634354e-14, -1.118155e-14, 1.925043e-14
155.200000, -4.351228e-14, 1.628391e-14, 1.109584e-14, -1.917987e-14
155.300000, 4.342809e-14, -1.622954e-14, -1.110255e-14, 1.911615e-14
155.400000, -4.320933e-14, 1.617053e-14, 1.101779e-14, -1.904615e-14
155.500000, 4.312438e-14, -1.611653e-14, -1.102406e-14, 1.898275e-14
155.600000, -4.290809e-14, 1.605802e-14, 1.094038e-14, -1.891325e-14
155.700000, 4.282226e-14, -1.600389e-14, -1.094608e-14, 1.885017e-14
155.800000, -4.260851e-14, 1.594614e-14, 1.086349e-14, -1.878104e-14
155.900000, 4.252212e-14, -1.589227e-14, -1.086863e-14, 1.871841e-14
156.000000, -4.231074e-14, 1.583497e-14, 1.078725e-14, -1.864967e-14
156.100000, 4.222395e-14, -1.578083e-14, -1.079124e-14, 1.858753e-14
156.200000, -4.201486e-14, 1.572448e-14, 1.071117e-14, -1.851906e-14
156.300000, 4.192727e-14, -1.567063e-14, -1.071468e-14, 1.845744e-14
156.400000, -4.172064e-14, 1.561445e-14, 1.063587e-14, -1.838914e-14
156.500000, 4.163256e-14, -1.556078e-14, -1.063836e-14, 1.832796e-14
156.600000, -4.142817e-14, 1.550508e-14, 1.056079e-14, -1.826003e-14
156.700000, 4.133966e-14, -1.545163e-14, -1.056265e-14, 1.819957e-14
156.800000, -4.113754e-14, 1.539645e-14, 1.048616e-14, -1.813165e-14
156.900000, 4.104823e-14, -1.534311e-14, -1.048740e-14, 1.807156e-14
157.000000, -4.084841e-14, 1.528839e-14, 1.041225e-14, -1.800388e-14
157.100000, 4.075855e-14, -1.523532e-14, -1.041258e-14, 1.794460e-14
157.200000, -4.056127e-14, 1.518094e-14, 1.033850e-14, -1.787722e-14
157.300000, 4.047064e-14, -1.512830e-14, -1.033812e-14, 1.781827e-14
157.400000, -4.027558e-14, 1.507410e-14, 1.026526e-14, -1.775100e-14
157.500000, 4.018458e-14, -1.502153e-14, -1.026431e-14, 1.769264e-14
157.600000, -3.999153e-14, 1.496778e-14, 1.019240e-14, -1.762552e-14
157.700000, 3.989987e-14, -1.491570e-14, -1.019082e-14, 1.756785e-14
157.800000, -3.970925e-14, 1.486214e-14, 1.011990e-14, -1.750087e-14
157.900000, 3.961696e-14, -1.481059e-14, -1.011769e-14, 1.744374e-14
158.000000, -3.942861e-14, 1.475700e-14, 1.004800e-14, -1.737687e-14
158.100000, 3.933578e-14, -1.470591e-14, -1.004513e-14, 1.732030e-14
158.200000, -3.914965e-14, 1.465260e-14, 9.976399e-15, -1.725362e-14
158.300000, 3.905620e-14, -1.460200e-14, -9.972980e-15, 1.719765e-14
158.400000, -3.887213e-14, 1.454882e-14, 9.905310e-15, -1.713111e-14
158.500000, 3.877835e-14, -1.449847e-14, -9.901274e-15, 1.707567e-14
158.600000, -3.859632e-14, 1.444549e-14, 9.834641e-15, -1.700937e-14
158.700000, 3.850178e-14, -1.439554e-14, -9.829885e-15, 1.695444e-14
158.800000, -3.832198e-14, 1.434283e-14, 9.764339e-15, -1.688808e-14
158.900000, 3.822712e-14, -1.429339e-14, -9.758922e-15, 1.683399e-14
159.000000, -3.804931e-14, 1.424061e-14, 9.694565e-15, -1.676764e-14
159.100000, 3.795393e-14, -1.419183e-14, -9.688549e-15, 1.671417e-14
159.200000, -3.777827e-14, 1.413910e-14, 9.624912e-15, -1.664792e-14
159.300000, 3.768234e-14, -1.409080e-14, -9.618431e-15, 1.659491e-14
159.400000, -3.750861e-14, 1.403824e-14, 9.556133e-15, -1.652881e-14
159.500000, 3.741238e-14, -1.399038e-14, -9.548798e-15, 1.647656e-14
159.600000, -3.724060e-14, 1.393781e-14, 9.487288e-15, -1.641032e-14
159.700000, 3.714389e-14, -1.389052e-14, -9.479650e-15, 1.635873e-14
159.800000, -3.697419e-14, 1.383778e-14, 9.419025e-15, -1.629277e-14
159.900000, 3.687682e-14, -1.379126e-14, -9.410808e-15, 1.624157e-14
160.000000, -3.670914e-14, 1.373862e-14, 9.351113e-15, -1.617569e-14
160.100000, 3.661145e-14, -1.369249e-14, -9.342458e-15, 1.612508e-14
160.200000, -3.644567e-14, 1.363978e-14, 9.283600e-15, -1.605940e-14
160.300000, 3.634757e-14, -1.359442e-14, -9.274353e-15, 1.600924e-14
160.400000, -3.618372e-14, 1.354164e-14, 9.216358e-15, -1.594360e-14
160.500000, 3.608510e-14, -1.349683e-14, -9.206723e-15, 1.589398e-14
160.600000, -3.592311e-14, 1.344409e-14, 9.149794e-15, -1.582855e-14
160.700000, 3.582412e-14, -1.339968e-14, -9.139608e-15, 1.577945e-14
160.800000, -3.566410e-14, 1.334699e-14, 9.083373e-15, -1.571405e-14
160.900000, 3.556468e-14, -1.330315e-14, -9.072719e-15, 1.566564e-14
161.000000, -3.540629e-14, 1.325044e-14, 9.017447e-15, -1.560031e-14
161.100000, 3.530683e-14, -1.320706e-14, -9.006166e-15, 1.555249e-14
161.200000, -3.515017e-14, 1.315455e-14, 8.951743e-15, -1.548717e-14
161.300000, 3.505026e-14, -1.311170e-14, -8.940183e-15, 1.543980e-14
161.400000, -3.489544e-14, 1.305896e-14, 8.886527e-15, -1.537472e-14
161.500000, 3.479516e-14, -1.301686e-14, -8.874625e-15, 1.532787e-14
161.600000, -3.464200e-14, 1.296410e-14, 8.821662e-15, -1.526296e-14
161.700000, 3.454144e-14, -1.292236e-14, -8.809334e-15, 1.521649e-14
161.800000, -3.439020e-14, 1.286962e-14, 8.757169e-15, -1.515160e-14
161.900000, 3.428925e-14, -1.282854e-14, -8.744431e-15, 1.510569e-14
162.000000, -3.413967e-14, 1.277575e-14, 8.693023e-15, -1.504105e-14
162.100000, 3.403841e-14, -1.273524e-14, -8.679925e-15, 1.499559e-14
162.200000, -3.389052e-14, 1.268234e-14, 8.629163e-15, -1.493109e-14
162.300000, 3.378890e-14, -1.264233e-14, -8.615737e-15, 1.488601e-14
162.400000, -3.364275e-14, 1.258958e-14, 8.565656e-15, -1.482165e-14
162.500000, 3.354103e-14, -1.255009e-14, -8.552025e-15, 1.477707e-14
162.600000, -3.339643e-14, 1.249724e-14, 8.502573e-15, -1.471296e-14
162.700000, 3.329439e-14, -1.245813e-14, -8.488605e-15, 1.466855e-14
162.800000, -3.315131e-14, 1.240543e-14, 8.439780e-15, -1.460486e-14
162.900000, 3.304903e-14, -1.236694e-14, -8.425556e-15, 1.456087e-14
163.000000, -3.290756e-14, 1.231410e-14, 8.377325e-15, -1.449715e-14
163.100000, 3.280504e-14, -1.227602e-14, -8.362788e-15, 1.445385e-14
163.200000, -3.266515e-14, 1.222324e-14, 8.315376e-15, -1.439028e-14
163.300000, 3.256258e-14, -1.218568e-14, -8.300495e-15, 1.434722e-14
163.400000, -3.242398e-14, 1.213310e-14, 8.253544e-15, -1.428395e-14
163.500000, 3.232126e-14, -1.209579e-14, -8.238565e-15, 1.424111e-14
163.600000, -3.218417e-14, 1.204326e-14, 8.192262e-15, -1.417814e-14
163.700000, 3.208146e-14, -1.200639e-14, -8.176865e-15, 1.413570e-14
163.800000, -3.194575e-14, 1.195383e-14, 8.131097e-15, -1.407285e-14
163.900000, 3.184282e-14, -1.191746e-14, -8.115552e-15, 1.403083e-14
164.000000, -3.170829e-14, 1.186510e-14, 8.070320e-15, -1.396839e-14
164.100000, 3.160543e-14, -1.182915e-14, -8.054787e-15, 1.392642e-14
164.200000, -3.147237e-14, 1.177675e-14, 8.009907e-15, -1.386420e-14
164.300000, 3.136954e-14, -1.174111e-14, -7.994185e-15, 1.382272e-14
164.400000, -3.123777e-14, 1.168893e-14, 7.949892e-15, -1.376076e-14
164.500000, 3.113481e-14, -1.165363e-14, -7.933895e-15, 1.371963e-14
164.600000, -3.100435e-14, 1.160155e-14, 7.889896e-15, -1.365775e-14
164.700000, 3.090130e-14, -1.156657e-14, -7.873952e-15, 1.361690e-14
164.800000, -3.077214e-14, 1.151462e-14, 7.830677e-15, -1.355549e-14
164.900000, 3.066922e-14, -1.147993e-14, -7.814385e-15, 1.351480e-14
165.000000, -3.054124e-14, 1.142805e-14, 7.771498e-15, -1.345369e-14
165.100000, 3.043822e-14, -1.139405e-14, -7.755103e-15, 1.341319e-14
165.200000, -3.031155e-14, 1.134215e-14, 7.712650e-15, -1.335232e-14
165.300000, 3.020842e-14, -1.130820e-14, -7.696320e-15, 1.331215e-14
165.400000, -3.008293e-14, 1.125661e-14, 7.654225e-15, -1.325168e-14
165.500000, 2.998006e-14, -1.122297e-14, -7.637691e-15, 1.321171e-14
165.600000, -2.985574e-14, 1.117147e-14, 7.596051e-15, -1.315154e-14
165.700000, 2.975289e-14, -1.113824e-14, -7.579364e-15, 1.311192e-14
165.800000, -2.962961e-14, 1.108700e-14, 7.538279e-15, -1.305176e-14
165.900000, 2.952674e-14, -1.105385e-14, -7.521455e-15, 1.301223e-14
166.000000, -2.940466e-14, 1.100291e-14, 7.480688e-15, -1.295260e-14
166.100000, 2.930200e-14, -1.097000e-14, -7.463775e-15, 1.291343e-14
166.200000, -2.918097e-14, 1.091903e-14, 7.423371e-15, -1.285401e-14
166.300000, 2.907838e-14, -1.088652e-14, -7.406391e-15, 1.281510e-14
166.400000, -2.895840e-14, 1.083593e-14, 7.366406e-15, -1.275598e-14
166.500000, 2.885582e-14, -1.080364e-14, -7.349440e-15, 1.271710e-14
166.600000, -2.873696e-14, 1.075304e-14, 7.309767e-15, -1.265839e-14
166.700000, 2.863472e-14, -1.072095e-14, -7.292635e-15, 1.261976e-14
166.800000, -2.851669e-14, 1.067065e-14, 7.253469e-15, -1.256125e-14
166.900000, 2.841452e-14, -1.063876e-14, -7.236338e-15, 1.252291e-14
167.000000, -2.829767e-14, 1.058875e-14, 7.197499e-15, -1.246474e-14
167.100000, 2.819556e-14, -1.055716e-14, -7.180328e-15, 1.242647e-14
167.200000, -2.807973e-14, 1.050709e-14, 7.141780e-15, -1.236878e-14
167.300000, 2.797787e-14, -1.047574e-14, -7.124546e-15, 1.233060e-14
167.400000, -2.786281e-14, 1.042604e-14, 7.086251e-15, -1.227324e-14
167.500000, 2.776118e-14, -1.039485e-14, -7.068886e-15, 1.223525e-14
167.600000, -2.764718e-14, 1.034545e-14, 7.031046e-15, -1.217823e-14
167.700000, 2.754557e-14, -1.031447e-14, -7.013770e-15, 1.214035e-14
167.800000, -2.743250e-14, 1.026516e-14, 6.976243e-15, -1.208360e-14
167.900000, 2.733132e-14, -1.023433e-14, -6.958952e-15, 1.204596e-14
168.000000, -2.721906e-14, 1.018516e-14, 6.921530e-15, -1.198971e-14
168.100000, 2.711789e-14, -1.015464e-14, -6.904228e-15, 1.195206e-14
168.200000, -2.700659e-14, 1.010588e-14, 6.867219e-15, -1.189608e-14
168.300000, 2.690572e-14, -1.007540e-14, -6.849977e-15, 1.185860e-14
168.400000, -2.679531e-14, 1.002669e-14, 6.813007e-15, -1.180300e-14
168.500000, 2.669469e-14, -9.996477e-15, -6.795942e-15, 1.176572e-14
168.600000, -2.658490e-14, 9.948154e-15, 6.759471e-15, -1.171029e-14
168.700000, 2.648468e-14, -9.918053e-15, -6.742039e-15, 1.167321e-14
168.800000, -2.637574e-14, 9.869868e-15, 6.705980e-15, -1.161819e-14
168.900000, 2.627564e-14, -9.839982e-15, -6.688740e-15, 1.158115e-14
169.000000, -2.616771e-14, 9.791884e-15, 6.652799e-15, -1.152649e-14
169.100000, 2.606777e-14, -9.762254e-15, -6.635534e-15, 1.148959e-14
169.200000, -2.596060e-14, 9.714593e-15, 6.599722e-15, -1.143540e-14
169.300000, 2.586105e-14, -9.685038e-15, -6.582455e-15, 1.139851e-14
169.400000, -2.575459e-14, 9.637584e-15, 6.547056e-15, -1.134448e-14
169.500000, 2.565520e-14, -9.608150e-15, -6.530031e-15, 1.130789e-14
169.600000, -2.554948e-14, 9.560954e-15, 6.494783e-15, -1.125427e-14
169.700000, 2.545058e-14, -9.531582e-15, -6.477544e-15, 1.121773e-14
169.800000, -2.534556e-14, 9.484620e-15, 6.442568e-15, -1.116430e-14
169.900000, 2.524693e-14, -9.455397e-15, -6.425500e-15, 1.112801e-14
170.000000, -2.514250e-14, 9.408761e-15, 6.390841e-15, -1.107506e-14
170.100000, 2.504421e-14, -9.379717e-15, -6.373630e-15, 1.103867e-14
170.200000, -2.494045e-14, 9.333303e-15, 6.339230e-15, -1.098617e-14
170.300000, 2.484259e-14, -9.304248e-15, -6.321956e-15, 1.094991e-14
170.400000, -2.473965e-14, 9.258066e-15, 6.287891e-15, -1.089764e-14
170.500000, 2.464184e-14, -9.229296e-15, -6.270754e-15, 1.086136e-14
170.600000, -2.453964e-14, 9.183443e-15, 6.236869e-15, -1.080965e-14
170.700000, 2.444224e-14, -9.154693e-15, -6.219736e-15, 1.077349e-14
170.800000, -2.434071e-14, 9.108959e-15, 6.185911e-15, -1.072204e-14
170.900000, 2.424373e-14, -9.080364e-15, -6.168853e-15, 1.068595e-14
171.000000, -2.414267e-14, 9.035036e-15, 6.135473e-15, -1.063481e-14
171.100000, 2.404592e-14, -9.006481e-15, -6.118297e-15, 1.059894e-14
171.200000, -2.394554e-14, 8.961257e-15, 6.085044e-15, -1.054808e-14
171.300000, 2.384927e-14, -8.932999e-15, -6.068124e-15, 1.051208e-14
171.400000, -2.374963e-14, 8.888094e-15, 6.035025e-15, -1.046180e-14
171.500000, 2.365357e-14, -8.859760e-15, -6.018011e-15, 1.042601e-14
171.600000, -2.355442e-14, 8.815098e-15, 5.985232e-15, -1.037573e-14
171.700000, 2.345883e-14, -8.786780e-15, -5.968272e-15, 1.034023e-14
171.800000, -2.336030e-14, 8.742413e-15, 5.935699e-15, -1.029026e-14
171.900000, 2.326504e-14, -8.714382e-15, -5.918659e-15, 1.025477e-14
172.000000, -2.316715e-14, 8.670176e-15, 5.886418e-15, -1.020520e-14
172.100000, 2.307221e-14, -8.642241e-15, -5.869310e-15, 1.016992e-14
172.200000, -2.297487e-14, 8.598382e-15, 5.837346e-15, -1.012066e-14
172.300000, 2.288018e-14, -8.570537e-15, -5.820304e-15, 1.008522e-14
172.400000, -2.278353e-14, 8.526904e-15, 5.788481e-15, -1.003635e-14
172.500000, 2.268944e-14, -8.499139e-15, -5.771486e-15, 1.000098e-14
172.600000, -2.259321e-14, 8.455560e-15, 5.739920e-15, -9.952656e-15
172.700000, 2.249930e-14, -8.428052e-15, -5.722860e-15, 9.917319e-15
172.800000, -2.240372e-14, 8.384791e-15, 5.691524e-15, -9.869069e-15
172.900000, 2.231003e-14, -8.357254e-15, -5.674680e-15, 9.833930e-15
173.000000, -2.221501e-14, 8.314244e-15, 5.643491e-15, -9.786051e-15
173.100000, 2.212193e-14, -8.286925e-15, -5.626503e-15, 9.751006e-15
173.200000, -2.202739e-14, 8.244148e-15, 5.595633e-15, -9.703505e-15
173.300000, 2.193453e-14, -8.216787e-15, -5.578611e-15, 9.668516e-15
173.400000, -2.184066e-14, 8.174220e-15, 5.547986e-15, -9.621065e-15
173.500000, 2.174805e-14, -8.147049e-15, -5.531035e-15, 9.586305e-15
173.600000, -2.165468e-14, 8.104733e-15, 5.500674e-15, -9.539290e-15
173.700000, 2.156258e-14, -8.077634e-15, -5.483700e-15, 9.504534e-15
173.800000, -2.146969e-14, 8.035502e-15, 5.453378e-15, -9.457910e-15
173.900000, 2.137802e-14, -8.008447e-15, -5.436436e-15, 9.423071e-15
174.000000, -2.128542e-14, 7.966736e-15, 5.406450e-15, -9.376729e-15
174.100000, 2.119419e-14, -7.939789e-15, -5.389494e-15, 9.342140e-15
174.200000, -2.110222e-14, 7.898096e-15, 5.359732e-15, -9.296092e-15
174.300000, 2.101122e-14, -7.871334e-15, -5.342835e-15, 9.261422e-15
174.400000, -2.091970e-14, 7.830016e-15, 5.313193e-15, -9.215914e-15
174.500000, 2.082908e-14, -7.803346e-15, -5.296251e-15, 9.181223e-15
174.600000, -2.073811e-14, 7.761969e-15, 5.266935e-15, -9.135892e-15
174.700000, 2.064790e-14, -7.735372e-15, -5.250026e-15, 9.101245e-15
174.800000, -2.055733e-14, 7.694305e-15, 5.220832e-15, -9.056290e-15
174.900000, 2.046767e-14, -7.667966e-15, -5.204013e-15, 9.021847e-15
175.000000, -2.037749e-14, 7.627122e-15, 5.175004e-15, -8.977131e-15
175.100000, 2.028801e-14, -7.600751e-15, -5.158161e-15, 8.942610e-15
175.200000, -2.019848e-14, 7.560209e-15, 5.129338e-15, -8.898280e-15
175.300000, 2.010947e-14, -7.533867e-15, -5.112484e-15, 8.863926e-15
175.400000, -2.002016e-14, 7.493548e-15, 5.084023e-15, -8.819845e-15
175.500000, 1.993154e-14, -7.467408e-15, -5.067118e-15, 8.785549e-15
175.600000, -1.984266e-14, 7.427101e-15, 5.038835e-15, -8.741757e-15
175.700000, 1.975454e-14, -7.401117e-15, -5.021797e-15, 8.707506e-15
175.800000, -1.966608e-14, 7.361177e-15, 4.993766e-15, -8.663810e-15
175.900000, 1.957824e-14, -7.335135e-15, -4.976952e-15, 8.629730e-15
176.000000, -1.949034e-14, 7.295348e-15, 4.949064e-15, -8.586678e-15
176.100000, 1.940280e-14, -7.269570e-15, -4.932207e-15, 8.552322e-15
176.200000, -1.931538e-14, 7.229657e-15, 4.904256e-15, -8.509498e-15
176.300000, 1.922825e-14, -7.204235e-15, -4.887566e-15, 8.475464e-15
176.400000, -1.914109e-14, 7.164810e-15, 4.860011e-15, -8.432907e-15
176.500000, 1.905441e-14, -7.139211e-15, -4.843175e-15, 8.398785e-15
176.600000, -1.896779e-14, 7.099709e-15, 4.815785e-15, -8.356631e-15
176.700000, 1.888130e-14, -7.074405e-15, -4.799037e-15, 8.322458e-15
176.800000, -1.879528e-14, 7.035215e-15, 4.771798e-15, -8.280654e-15
176.900000, 1.870901e-14, -7.009912e-15, -4.755063e-15, 8.246530e-15
177.000000, -1.862327e-14, 6.970959e-15, 4.728075e-15, -8.204962e-15
177.100000, 1.853747e-14, -6.945883e-15, -4.711471e-15, 8.170845e-15
177.200000, -1.845238e-14, 6.906932e-15, 4.684448e-15, -8.129706e-15
177.300000, 1.836674e-14, -6.882155e-15, -4.667999e-15, 8.095539e-15
177.400000, -1.828198e-14, 6.842999e-15, 4.641229e-15, -8.054776e-15
177.500000, 1.819677e-14, -6.818516e-15, -4.624576e-15, 8.020671e-15
177.600000, -1.811243e-14, 6.779696e-15, 4.597892e-15, -7.980049e-15
177.700000, 1.802762e-14, -6.755144e-15, -4.581430e-15, 7.946049e-15
177.800000, -1.794361e-14, 6.716552e-15, 4.555023e-15, -7.905905e-15
177.900000, 1.785924e-14, -6.692060e-15, -4.538413e-15, 7.871701e-15
178.000000, -1.777560e-14, 6.653691e-15, 4.512187e-15, -7.831828e-15
178.100000, 1.769150e-14, -6.629248e-15, -4.495541e-15, 7.797873e-15
178.200000, -1.760825e-14, 6.591101e-15, 4.469597e-15, -7.758073e-15
178.300000, 1.752449e-14, -6.566892e-15, -4.453101e-15, 7.724193e-15
178.400000, -1.744172e-14, 6.528672e-15, 4.427224e-15, -7.684823e-15
178.500000, 1.735840e-14, -6.504605e-15, -4.410674e-15, 7.650822e-15
178.600000, -1.727584e-14, 6.466621e-15, 4.384967e-15, -7.611853e-15
178.700000, 1.719272e-14, -6.442764e-15, -4.368460e-15, 7.577954e-15
178.800000, -1.711065e-14, 6.404895e-15, 4.342961e-15, -7.539147e-15
178.900000, 1.702798e-14, -6.381144e-15, -4.326494e-15, 7.505256e-15
179.000000, -1.694637e-14, 6.343347e-15, 4.301157e-15, -7.466788e-15
179.100000, 1.686391e-14, -6.319734e-15, -4.284737e-15, 7.432809e-15
179.200000, -1.678257e-14, 6.282074e-15, 4.259323e-15, -7.394874e-15
179.300000, 1.670054e-14, -6.258521e-15, -4.243081e-15, 7.360994e-15
179.400000, -1.661967e-14, 6.221108e-15, 4.217861e-15, -7.323077e-15
179.500000, 1.653777e-14, -6.197692e-15, -4.201612e-15, 7.289159e-15
179.600000, -1.645732e-14, 6.160255e-15, 4.176580e-15, -7.251626e-15
179.700000, 1.637590e-14, -6.137103e-15, -4.160364e-15, 7.217687e-15
179.800000, -1.629587e-14, 6.099806e-15, 4.135550e-15, -7.180440e-15
179.900000, 1.621465e-14, -6.076701e-15, -4.119214e-15, 7.146586e-15
180.000000, -1.613484e-14, 6.039668e-15, 4.094539e-15, -7.109647e-15
180.100000, 1.605404e-14, -6.016756e-15, -4.078351e-15, 7.075685e-15
180.200000, -1.597463e-14, 5.979515e-15, 4.053730e-15, -7.039113e-15
180.300000, 1.589429e-14, -5.956817e-15, -4.037709e-15, 7.005215e-15
180.400000, -1.581519e-14, 5.919805e-15, 4.013137e-15, -6.969002e-15
180.500000, 1.573498e-14, -5.897276e-15, -3.997059e-15, 6.935033e-15
180.600000, -1.565621e-14, 5.860434e-15, 3.972655e-15, -6.898962e-15
180.700000, 1.557650e-14, -5.837944e-15, -3.956659e-15, 6.865114e-15
180.800000, -1.549805e-14, 5.801210e-15, 3.932523e-15, -6.829375e-15
180.900000, 1.541868e-14, -5.778855e-15, -3.916468e-15, 6.795355e-15
181.000000, -1.534065e-14, 5.742131e-15, 3.892488e-15, -6.759920e-15
181.100000, 1.526142e-14, -5.719997e-15, -3.876469e-15, 6.726213e-15
181.200000, -1.518347e-14, 5.683601e-15, 3.852496e-15, -6.690850e-15
181.300000, 1.510484e-14, -5.661371e-15, -3.836537e-15, 6.657067e-15
181.400000, -1.502745e-14, 5.625142e-15, 3.812841e-15, -6.622161e-15
181.500000, 1.494884e-14, -5.603024e-15, -3.796824e-15, 6.588303e-15
181.600000, -1.487186e-14, 5.566835e-15, 3.773259e-15, -6.553703e-15
181.700000, 1.479370e-14, -5.544890e-15, -3.757298e-15, 6.519890e-15
181.800000, -1.471674e-14, 5.508821e-15, 3.733871e-15, -6.485350e-15
181.900000, 1.463902e-14, -5.487146e-15, -3.717799e-15, 6.451681e-15
182.000000, -1.456256e-14, 5.451036e-15, 3.694725e-15, -6.417548e-15
182.100000, 1.448514e-14, -5.429340e-15, -3.678639e-15, 6.383738e-15
182.200000, -1.440887e-14, 5.393522e-15, 3.655688e-15, -6.349814e-15
182.300000, 1.433170e-14, -5.371988e-15, -3.639570e-15, 6.316287e-15
182.400000, -1.425579e-14, 5.336244e-15, 3.616605e-15, -6.282440e-15
182.500000, 1.417888e-14, -5.314916e-15, -3.600684e-15, 6.248809e-15
182.600000, -1.410347e-14, 5.279156e-15, 3.577937e-15, -6.215409e-15
182.700000, 1.402696e-14, -5.257935e-15, -3.562051e-15, 6.181702e-15
182.800000, -1.395164e-14, 5.222314e-15, 3.539339e-15, -6.148557e-15
182.900000, 1.387536e-14, -5.201238e-15, -3.523340e-15, 6.114967e-15
183.000000, -1.380036e-14, 5.165811e-15, 3.500886e-15, -6.082004e-15
183.100000, 1.372447e-14, -5.144679e-15, -3.484960e-15, 6.048439e-15
183.200000, -1.364980e-14, 5.109486e-15, 3.462676e-15, -6.015608e-15
183.300000, 1.357423e-14, -5.088298e-15, -3.446696e-15, 5.982177e-15
183.400000, -1.349983e-14, 5.053254e-15, 3.424579e-15, -5.949528e-15
183.500000, 1.342454e-14, -5.032340e-15, -3.408564e-15, 5.916261e-15
183.600000, -1.335027e-14, 4.997398e-15, 3.386704e-15, -5.883787e-15
183.700000, 1.327558e-14, -4.976496e-15, -3.370601e-15, 5.850477e-15
183.800000, -1.320160e-14, 4.941722e-15, 3.348924e-15, -5.818260e-15
183.900000, 1.312716e-14, -4.920752e-15, -3.332760e-15, 5.785010e-15
184.000000, -1.305332e-14, 4.886242e-15, 3.311206e-15, -5.752917e-15
184.100000, 1.297918e-14, -4.865417e-15, -3.295186e-15, 5.719909e-15
184.200000, -1.290553e-14, 4.830952e-15, 3.273789e-15, -5.687880e-15
184.300000, 1.283198e-14, -4.810222e-15, -3.257659e-15, 5.654900e-15
184.400000, -1.275856e-14, 4.776047e-15, 3.236460e-15, -5.623129e-15
184.500000, 1.268511e-14, -4.755252e-15, -3.220207e-15, 5.590188e-15
184.600000, -1.261209e-14, 4.721179e-15, 3.199177e-15, -5.558600e-15
184.700000, 1.253900e-14, -4.700537e-15, -3.182969e-15, 5.525767e-15
184.800000, -1.246618e-14, 4.666657e-15, 3.162192e-15, -5.494282e-15
184.900000, 1.239333e-14, -4.645854e-15, -3.145908e-15, 5.461500e-15
185.000000, -1.232080e-14, 4.612155e-15, 3.125204e-15, -5.430335e-15
185.100000, 1.224830e-14, -4.591462e-15, -3.108952e-15, 5.397574e-15
185.200000, -1.217593e-14, 4.557999e-15, 3.088519e-15, -5.366555e-15
185.300000, 1.210377e-14, -4.537391e-15, -3.072215e-15, 5.333906e-15
185.400000, -1.203176e-14, 4.504042e-15, 3.051869e-15, -5.302924e-15
185.500000, 1.195984e-14, -4.483435e-15, -3.035651e-15, 5.270569e-15
185.600000, -1.188793e-14, 4.450354e-15, 3.015421e-15, -5.239623e-15
185.700000, 1.181654e-14, -4.429588e-15, -2.999076e-15, 5.207409e-15
185.800000, -1.174486e-14, 4.396838e-15, 2.979056e-15, -5.176534e-15
185.900000, 1.167371e-14, -4.376089e-15, -2.962741e-15, 5.144445e-15
186.000000, -1.160215e-14, 4.343535e-15, 2.942887e-15, -5.113644e-15
186.100000, 1.153140e-14, -4.322762e-15, -2.926523e-15, 5.081811e-15
186.200000, -1.146012e-14, 4.290292e-15, 2.906815e-15, -5.051019e-15
186.300000, 1.138964e-14, -4.269542e-15, -2.890433e-15, 5.019309e-15
186.400000, -1.131849e-14, 4.237383e-15, 2.870928e-15, -4.988687e-15
186.500000, 1.124836e-14, -4.216649e-15, -2.854507e-15, 4.957015e-15
186.600000, -1.117746e-14, 4.184775e-15, 2.835139e-15, -4.926597e-15
186.700000, 1.110765e-14, -4.163932e-15, -2.818773e-15, 4.894966e-15
186.800000, -1.103712e-14, 4.132132e-15, 2.799474e-15, -4.864679e-15
186.900000, 1.096738e-14, -4.111413e-15, -2.782983e-15, 4.833171e-15
187.000000, -1.089710e-14, 4.079819e-15, 2.763989e-15, -4.802976e-15
187.100000, 1.082787e-14, -4.059032e-15, -2.747545e-15, 4.771718e-15
187.200000, -1.075752e-14, 4.027603e-15, 2.728602e-15, -4.741467e-15
187.300000, 1.068865e-14, -4.006767e-15, -2.712102e-15, 4.710467e-15
187.400000, -1.061853e-14, 3.975660e-15, 2.693367e-15, -4.680185e-15
187.500000, 1.055003e-14, -3.954756e-15, -2.676691e-15, 4.649287e-15
187.600000, -1.048011e-14, 3.923865e-15, 2.658252e-15, -4.619133e-15
187.700000, 1.041184e-14, -3.903022e-15, -2.641641e-15, 4.588492e-15
187.800000, -1.034215e-14, 3.872290e-15, 2.623274e-15, -4.558442e-15
187.900000, 1.027428e-14, -3.851354e-15, -2.606626e-15, 4.527844e-15
188.000000, -1.020470e-14, 3.820822e-15, 2.588440e-15, -4.497704e-15
188.100000, 1.013712e-14, -3.799920e-15, -2.571653e-15, 4.467336e-15
188.200000, -1.006767e-14, 3.769719e-15, 2.553629e-15, -4.437268e-15
188.300000, 1.000050e-14, -3.748636e-15, -2.536903e-15, 4.407166e-15
188.400000, -9.931179e-15, 3.718725e-15, 2.519064e-15, -4.377242e-15
188.500000, 9.864384e-15, -3.697388e-15, -2.502206e-15, 4.347292e-15
188.600000, -9.795139e-15, 3.667909e-15, 2.484656e-15, -4.317208e-15
188.700000, 9.728594e-15, -3.646592e-15, -2.467630e-15, 4.287497e-15
188.800000, -9.659579e-15, 3.617189e-15, 2.450329e-15, -4.257433e-15
188.900000, 9.593442e-15, -3.595867e-15, -2.433229e-15, 4.228055e-15
189.000000, -9.524476e-15, 3.566719e-15, 2.416100e-15, -4.197894e-15
189.100000, 9.458740e-15, -3.545227e-15, -2.399073e-15, 4.168593e-15
189.200000, -9.389958e-15, 3.516433e-15, 2.382001e-15, -4.138568e-15
189.300000, 9.324541e-15, -3.494892e-15, -2.364842e-15, 4.109435e-15
189.400000, -9.255845e-15, 3.466340e-15, 2.347953e-15, -4.079316e-15
189.500000, 9.190665e-15, -3.444651e-15, -2.330750e-15, 4.050602e-15
189.600000, -9.122062e-15, 3.416392e-15, 2.314147e-15, -4.020535e-15
189.700000, 9.057403e-15, -3.394731e-15, -2.296806e-15, 3.991820e-15
189.800000, -8.989058e-15, 3.366626e-15, 2.280410e-15, -3.961791e-15
189.900000, 8.924498e-15, -3.344807e-15, -2.263002e-15, 3.933268e-15
190.000000, -8.856248e-15, 3.316980e-15, 2.246790e-15, -3.903276e-15
190.100000, 8.792087e-15, -3.295014e-15, -2.229299e-15, 3.875013e-15
190.200000, -8.723974e-15, 3.267362e-15, 2.213248e-15, -3.845010e-15
190.300000, 8.660124e-15, -3.245510e-15, -2.195735e-15, 3.816837e-15
190.400000, -8.592138e-15, 3.218319e-15, 2.179929e-15, -3.786846e-15
190.500000, 8.528489e-15, -3.196204e-15, -2.162235e-15, 3.758870e-15
190.600000, -8.460716e-15, 3.169140e-15, 2.146506e-15, -3.728941e-15
190.700000, 8.397492e-15, -3.146973e-15, -2.129065e-15, 3.701126e-15
190.800000, -8.329880e-15, 3.120209e-15, 2.113515e-15, -3.671135e-15
190.900000, 8.266828e-15, -3.098019e-15, -2.095733e-15, 3.643626e-15
191.000000, -8.199398e-15, 3.071409e-15, 2.080246e-15, -3.613545e-15
191.100000, 8.136711e-15, -3.049152e-15, -2.062587e-15, 3.586167e-15
191.200000, -8.069326e-15, 3.022769e-15, 2.047386e-15, -3.556263e-15
191.300000, 8.006866e-15, -3.000388e-15, -2.029655e-15, 3.529059e-15
191.400000, -7.939591e-15, 2.974317e-15, 2.014530e-15, -3.499143e-15
191.500000, 7.877602e-15, -2.951963e-15, -1.996719e-15, 3.472127e-15
191.600000, -7.810458e-15, 2.925952e-15, 1.981720e-15, -3.442165e-15
191.700000, 7.748637e-15, -2.903553e-15, -1.963931e-15, 3.415315e-15
191.800000, -7.681601e-15, 2.877810e-15, 1.949166e-15, -3.385341e-15
191.900000, 7.620185e-15, -2.855380e-15, -1.931276e-15, 3.358714e-15
192.000000, -7.553264e-15, 2.829790e-15, 1.916594e-15, -3.328888e-15
192.100000, 7.491986e-15, -2.807257e-15, -1.898660e-15, 3.302224e-15
192.200000, -7.425410e-15, 2.781927e-15, 1.884140e-15, -3.272386e-15
192.300000, 7.364348e-15, -2.759371e-15, -1.866141e-15, 3.245995e-15
192.400000, -7.297742e-15, 2.734128e-15, 1.851925e-15, -3.216261e-15
192.500000, 7.237069e-15, -2.711570e-15, -1.833983e-15, 3.189955e-15
192.600000, -7.170605e-15, 2.686751e-15, 1.819684e-15, -3.160166e-15
192.700000, 7.110297e-15, -2.663897e-15, -1.801756e-15, 3.134002e-15
192.800000, -7.043868e-15, 2.639328e-15, 1.787496e-15, -3.104144e-15
192.900000, 6.983781e-15, -2.616502e-15, -1.769346e-15, 3.078280e-15
193.000000, -6.917493e-15, 2.592019e-15, 1.755582e-15, -3.048496e-15
193.100000, 6.857662e-15, -2.569247e-15, -1.737409e-15, 3.022844e-15
193.200000, -6.791709e-15, 2.544943e-15, 1.723712e-15, -2.993063e-15
193.300000, 6.732155e-15, -2.522084e-15, -1.705489e-15, 2.967481e-15
193.400000, -6.666141e-15, 2.498050e-15, 1.691916e-15, -2.937723e-15
193.500000, 6.606721e-15, -2.475124e-15, -1.673664e-15, 2.912139e-15
193.600000, -6.541019e-15, 2.451275e-15, 1.660085e-15, -2.882433e-15
193.700000, 6.481938e-15, -2.428205e-15, -1.641933e-15, 2.857139e-15
193.800000, -6.416084e-15, 2.404604e-15, 1.628562e-15, -2.827543e-15
193.900000, 6.357320e-15, -2.381589e-15, -1.610224e-15, 2.802310e-15
194.000000, -6.291840e-15, 2.358015e-15, 1.597126e-15, -2.772680e-15
194.100000, 6.233151e-15, -2.334984e-15, -1.578702e-15, 2.747608e-15
194.200000, -6.167738e-15, 2.311607e-15, 1.565612e-15, -2.718044e-15
194.300000, 6.109472e-15, -2.288453e-15, -1.547223e-15, 2.693126e-15
194.400000, -6.044147e-15, 2.265358e-15, 1.534269e-15, -2.663527e-15
194.500000, 5.986083e-15, -2.242280e-15, -1.516029e-15, 2.638663e-15
194.600000, -5.920917e-15, 2.219283e-15, 1.503076e-15, -2.609201e-15
194.700000, 5.863082e-15, -2.196026e-15, -1.484679e-15, 2.584404e-15
194.800000, -5.798038e-15, 2.173238e-15, 1.472011e-15, -2.555049e-15
194.900000, 5.740340e-15, -2.150028e-15, -1.453585e-15, 2.530398e-15
195.000000, -5.675490e-15, 2.127324e-15, 1.440846e-15, -2.501059e-15
195.100000, 5.618012e-15, -2.104175e-15, -1.422583e-15, 2.476446e-15
195.200000, -5.553249e-15, 2.081588e-15, 1.409873e-15, -2.447228e-15
195.300000, 5.496042e-15, -2.058486e-15, -1.391538e-15, 2.422682e-15
195.400000, -5.431443e-15, 2.036044e-15, 1.378992e-15, -2.393607e-15
195.500000, 5.374511e-15, -2.012926e-15, -1.360691e-15, 2.369212e-15
195.600000, -5.309955e-15, 1.990538e-15, 1.348215e-15, -2.340038e-15
195.700000, 5.253377e-15, -1.967354e-15, -1.329837e-15, 2.315766e-15
195.800000, -5.188942e-15, 1.945356e-15, 1.317707e-15, -2.286481e-15
195.900000, 5.132412e-15, -1.922071e-15, -1.299144e-15, 2.262522e-15
196.000000, -5.068189e-15, 1.900162e-15, 1.287049e-15, -2.233335e-15
196.100000, 5.011744e-15, -1.876853e-15, -1.268591e-15, 2.209315e-15
196.200000, -4.947873e-15, 1.855003e-15, 1.256475e-15, -2.180312e-15
196.300000, 4.891616e-15, -1.831889e-15, -1.238150e-15, 2.156330e-15
196.400000, -4.827823e-15, 1.810105e-15, 1.226061e-15, -2.127404e-15
196.500000, 4.771720e-15, -1.786967e-15, -1.207700e-15, 2.103543e-15
196.600000, -4.708087e-15, 1.765242e-15, 1.195660e-15, -2.074772e-15
196.700000, 4.652137e-15, -1.742094e-15, -1.177376e-15, 2.050738e-15
196.800000, -4.588833e-15, 1.720527e-15, 1.165363e-15, -2.022212e-15
196.900000, 4.532923e-15, -1.697495e-15, -1.147225e-15, 1.998173e-15
197.000000, -4.469772e-15, 1.675888e-15, 1.135142e-15, -1.969689e-15
197.100000, 4.414098e-15, -1.652860e-15, -1.117065e-15, 1.945826e-15
197.200000, -4.351022e-15, 1.631465e-15, 1.105066e-15, -1.917314e-15
197.300000, 4.295514e-15, -1.608470e-15, -1.086994e-15, 1.893558e-15
197.400000, -4.232793e-15, 1.586993e-15, 1.075064e-15, -1.865227e-15
197.500000, 4.177219e-15, -1.564267e-15, -1.056957e-15, 1.841494e-15
197.600000, -4.114705e-15, 1.542779e-15, 1.045110e-15, -1.813273e-15
197.700000, 4.059234e-15, -1.520000e-15, -1.027022e-15, 1.789325e-15
197.800000, -3.996842e-15, 1.498723e-15, 1.015216e-15, -1.761299e-15
197.900000, 3.941681e-15, -1.475962e-15, -9.973217e-16, 1.737666e-15
198.000000, -3.879441e-15, 1.454785e-15, 9.854244e-16, -1.709458e-15
198.100000, 3.824548e-15, -1.432006e-15, -9.675701e-16, 1.685792e-15
198.200000, -3.762373e-15, 1.410866e-15, 9.557068e-16, -1.657902e-15
198.300000, 3.707497e-15, -1.388146e-15, -9.379133e-16, 1.634411e-15
198.400000, -3.645486e-15, 1.367049e-15, 9.260838e-16, -1.606479e-15
198.500000, 3.590780e-15, -1.344436e-15, -9.083718e-16, 1.582828e-15
198.600000, -3.529168e-15, 1.323445e-15, 8.965066e-16, -1.555172e-15
198.700000, 3.474256e-15, -1.300933e-15, -8.789593e-16, 1.531516e-15
198.800000, -3.412890e-15, 1.279804e-15, 8.670514e-16, -1.503969e-15
198.900000, 3.358216e-15, -1.257365e-15, -8.494533e-16, 1.480335e-15
199.000000, -3.297108e-15, 1.236445e-15, 8.376138e-16, -1.452980e-15
199.100000, 3.242437e-15, -1.214022e-15, -8.201174e-16, 1.429381e-15
199.200000, -3.181490e-15, 1.193146e-15, 8.083045e-16, -1.402065e-15
199.300000, 3.126932e-15, -1.170808e-15, -7.910343e-16, 1.378432e-15
199.400000, -3.066229e-15, 1.149781e-15, 7.789987e-16, -1.351183e-15
199.500000, 3.011756e-15, -1.127598e-15, -7.617190e-16, 1.327627e-15
199.600000, -2.951240e-15, 1.106779e-15, 7.498485e-16, -1.300556e-15
199.700000, 2.896893e-15, -1.084668e-15, -7.326421e-16, 1.276911e-15
199.800000, -2.836536e-15, 1.063767e-15, 7.206737e-16, -1.250030e-15
199.900000, 2.782121e-15, -1.041644e-15, -7.036647e-16, 1.226433e-15
200.000000, -2.722173e-15, 1.020730e-15, 6.917090e-16, -1.199728e-15
200.100000, 2.667828e-15, -9.988443e-16, -6.746626e-16, 1.175905e-15
200.200000, -2.607996e-15, 9.780691e-16, 6.626368e-16, -1.149390e-15
200.300000, 2.553762e-15, -9.562539e-16, -6.458148e-16, 1.125574e-15
200.400000, -2.494199e-15, 9.353417e-16, 6.336501e-16, -1.099235e-15
200.500000, 2.439856e-15, -9.137347e-16, -6.170521e-16, 1.075454e-15
200.600000, -2.380546e-15, 8.926995e-16, 6.048451e-16, -1.049193e-15
200.700000, 2.326327e-15, -8.711491e-16, -5.883329e-16, 1.025282e-15
200.800000, -2.267312e-15, 8.501560e-16, 5.760287e-16, -9.992515e-16
200.900000, 2.213080e-15, -8.286344e-16, -5.596710e-16, 9.754716e-16
201.000000, -2.154262e-15, 8.079580e-16, 5.474619e-16, -9.495051e-16
201.100000, 2.100113e-15, -7.864514e-16, -5.310797e-16, 9.256776e-16
201.200000, -2.041519e-15, 7.655147e-16, 5.187187e-16, -8.997342e-16
201.300000, 1.987288e-15, -7.441876e-16, -5.024768e-16, 8.759277e-16
201.400000, -1.929027e-15, 7.233202e-16, 4.902519e-16, -8.502540e-16
201.500000, 1.874933e-15, -7.020078e-16, -4.740128e-16, 8.263040e-16
201.600000, -1.816649e-15, 6.813188e-16, 4.617593e-16, -8.007899e-16
201.700000, 1.762637e-15, -6.599390e-16, -4.455231e-16, 7.769702e-16
201.800000, -1.704740e-15, 6.393734e-16, 4.332960e-16, -7.513964e-16
201.900000, 1.650687e-15, -6.180218e-16, -4.173906e-16, 7.276111e-16
202.000000, -1.592985e-15, 5.974017e-16, 4.048616e-16, -7.020188e-16
202.100000, 1.538999e-15, -5.762149e-16, -3.890134e-16, 6.782951e-16
202.200000, -1.481477e-15, 5.556769e-16, 3.765381e-16, -6.529845e-16
202.300000, 1.427573e-15, -5.345317e-16, -3.609651e-16, 6.292130e-16
202.400000, -1.370341e-15, 5.138709e-16, 3.482842e-16, -6.040062e-16
202.500000, 1.316381e-15, -4.928217e-16, -3.327814e-16, 5.801461e-16
202.600000, -1.259341e-15, 4.722428e-16, 3.199907e-16, -5.551246e-16
202.700000, 1.205285e-15, -4.513710e-16, -3.047214e-16, 5.312169e-16
202.800000, -1.148683e-15, 4.308192e-16, 2.919164e-16, -5.062986e-16
202.900000, 1.094599e-15, -4.098116e-16, -2.767711e-16, 4.824250e-16
203.000000, -1.038176e-15, 3.892734e-16, 2.637614e-16, -4.575824e-16
203.100000, 9.841718e-16, -3.685379e-16, -2.486992e-16, 4.337834e-16
203.200000, -9.279804e-16, 3.479587e-16, 2.357976e-16, -4.090165e-16
203.300000, 8.738532e-16, -3.272776e-16, -2.209677e-16, 3.850883e-16
203.400000, -8.180223e-16, 3.066507e-16, 2.078075e-16, -3.605460e-16
203.500000, 7.637243e-16, -2.861051e-16, -1.932364e-16, 3.365770e-16
203.600000, -7.081582e-16, 2.654102e-16, 1.799401e-16, -3.121233e-16
203.700000, 6.541165e-16, -2.448644e-16, -1.654037e-16, 2.882626e-16
203.800000, -5.986248e-16, 2.244335e-16, 1.520732e-16, -2.638499e-16
203.900000, 5.444530e-16, -2.039415e-16, -1.377069e-16, 2.399212e-16
204.000000, -4.893197e-16, 1.833816e-16, 1.243286e-16, -2.157184e-16
204.100000, 4.351261e-16, -1.629771e-16, -1.100575e-16, 1.917624e-16
204.200000, -3.801882e-16, 1.425486e-16, 9.661468e-17, -1.675528e-16
204.300000, 3.260403e-16, -1.220861e-16, -8.237455e-17, 1.436405e-16
204.400000, -2.713074e-16, 1.017922e-16, 6.896177e-17, -1.195895e-16
204.500000, 2.170802e-16, -8.131229e-17, -5.489752e-17, 9.575439e-17
204.600000, -1.625434e-16, 6.102100e-17, 4.132245e-17, -7.167953e-17
204.700000, 1.085099e-16, -4.060800e-17, -2.741183e-17, 4.784390e-17
204.800000, -5.410801e-17, 2.027808e-17, 1.376659e-17, -2.388585e-17
