x, 11, 12, 21, 22
0.015340, -4.573210e+01, -4.563360e+01, -4.563360e+01, -4.553504e+01
0.030680, -4.587107e+01, -4.555480e+01, -4.555480e+01, -4.523716e+01
0.046019, -4.607215e+01, -4.542390e+01, -4.542390e+01, -4.477174e+01
0.061359, -4.629821e+01, -4.524016e+01, -4.524016e+01, -4.417955e+01
0.076699, -4.650964e+01, -4.500255e+01, -4.500255e+01, -4.350555e+01
0.092039, -4.667028e+01, -4.471129e+01, -4.471129e+01, -4.278999e+01
0.107379, -4.675176e+01, -4.436847e+01, -4.436847e+01, -4.206305e+01
0.122718, -4.673592e+01, -4.397743e+01, -4.397743e+01, -4.134385e+01
0.138058, -4.661479e+01, -4.354204e+01, -4.354204e+01, -4.064197e+01
0.153398, -4.638889e+01, -4.306644e+01, -4.306644e+01, -3.995966e+01
0.168738, -4.606468e+01, -4.255484e+01, -4.255484e+01, -3.929461e+01
0.184078, -4.565209e+01, -4.201126e+01, -4.201126e+01, -3.864251e+01
0.199418, -4.516215e+01, -4.143941e+01, -4.143941e+01, -3.799913e+01
0.214757, -4.460511e+01, -4.084261e+01, -4.084261e+01, -3.736159e+01
0.230097, -4.398921e+01, -4.022368e+01, -4.022368e+01, -3.672887e+01
0.245437, -4.332026e+01, -3.958477e+01, -3.958477e+01, -3.610173e+01
0.260777, -4.260186e+01, -3.892722e+01, -3.892722e+01, -3.548204e+01
0.276117, -4.183618e+01, -3.825149e+01, -3.825149e+01, -3.487165e+01
0.291456, -4.102500e+01, -3.755719e+01, -3.755719e+01, -3.427116e+01
0.306796, -4.017073e+01, -3.684314e+01, -3.684314e+01, -3.367909e+01
0.322136, -3.927687e+01, -3.610761e+01, -3.610761e+01, -3.309155e+01
0.337476, -3.834809e+01, -3.534863e+01, -3.534863e+01, -3.250244e+01
0.352816, -3.738967e+01, -3.456444e+01, -3.456444e+01, -3.190443e+01
0.368155, -3.640687e+01, -3.375379e+01, -3.375379e+01, -3.129006e+01
0.383495, -3.540428e+01, -3.291633e+01, -3.291633e+01, -3.065287e+01
0.398835, -3.438554e+01, -3.205280e+01, -3.205280e+01, -2.998819e+01
0.414175, -3.335339e+01, -3.116499e+01, -3.116499e+01, -2.929345e+01
0.429515, -3.230991e+01, -3.025561e+01, -3.025561e+01, -2.856814e+01
0.444854, -3.125688e+01, -2.932798e+01, -2.932798e+01, -2.781336e+01
0.460194, -3.019603e+01, -2.838565e+01, -2.838565e+01, -2.703127e+01
0.475534, -2.912919e+01, -2.743206e+01, -2.743206e+01, -2.622465e+01
0.490874, -2.805832e+01, -2.647027e+01, -2.647027e+01, -2.539642e+01
0.506214, -2.698537e+01, -2.550283e+01, -2.550283e+01, -2.454940e+01
0.521553, -2.591222e+01, -2.453175e+01, -2.453175e+01, -2.368618e+01
0.536893, -2.484055e+01, -2.355853e+01, -2.355853e+01, -2.280917e+01
0.552233, -2.377176e+01, -2.258426e+01, -2.258426e+01, -2.192060e+01
0.567573, -2.270701e+01, -2.160981e+01, -2.160981e+01, -2.102258e+01
0.582913, -2.164717e+01, -2.063586e+01, -2.063586e+01, -2.011718e+01
0.598253, -2.059293e+01, -1.966307e+01, -1.966307e+01, -1.920639e+01
0.613592, -1.954486e+01, -1.869216e+01, -1.869216e+01, -1.829215e+01
0.628932, -1.850351e+01, -1.772396e+01, -1.772396e+01, -1.737627e+01
0.644272, -1.746946e+01, -1.675948e+01, -1.675948e+01, -1.646051e+01
0.659612, -1.644347e+01, -1.579995e+01, -1.579995e+01, -1.554653e+01
0.674952, -1.542651e+01, -1.484676e+01, -1.484676e+01, -1.463596e+01
0.690291, -1.441978e+01, -1.390146e+01, -1.390146e+01, -1.373037e+01
0.705631, -1.342470e+01, -1.296570e+01, -1.296570e+01, -1.283134e+01
0.720971, -1.244286e+01, -1.204115e+01, -1.204115e+01, -1.194040e+01
0.736311, -1.147596e+01, -1.112945e+01, -1.112945e+01, -1.105902e+01
0.751651, -1.052567e+01, -1.023214e+01, -1.023214e+01, -1.018856e+01
0.766990, -9.593597e+00, -9.350624e+00, -9.350624e+00, -9.330266e+00
0.782330, -8.681245e+00, -8.486169e+00, -8.486169e+00, -8.485311e+00
0.797670, -7.789967e+00, -7.639867e+00, -7.639867e+00, -7.654788e+00
0.813010, -6.920996e+00, -6.812669e+00, -6.812669e+00, -6.839787e+00
0.828350, -6.075446e+00, -6.005397e+00, -6.005397e+00, -6.041442e+00
0.843689, -5.254320e+00, -5.218784e+00, -5.218784e+00, -5.260964e+00
0.859029, -4.458501e+00, -4.453522e+00, -4.453522e+00, -4.499633e+00
0.874369, -3.688737e+00, -3.710302e+00, -3.710302e+00, -3.758772e+00
0.889709, -2.945611e+00, -2.989867e+00, -2.989867e+00, -3.039699e+00
0.905049, -2.229551e+00, -2.293039e+00, -2.293039e+00, -2.343668e+00
0.920388, -1.540849e+00, -1.620735e+00, -1.620735e+00, -1.671828e+00
0.935728, -8.797245e-01, -9.739587e-01, -9.739587e-01, -1.025224e+00
0.951068, -2.464044e-01, -3.537709e-01, -3.537709e-01, -4.048161e-01
0.966408, 3.587717e-01, 2.387510e-01, 2.387510e-01, 1.884667e-01
0.981748, 9.352645e-01, 8.025586e-01, 8.025586e-01, 7.536642e-01
0.997088, 1.482277e+00, 1.336671e+00, 1.336671e+00, 1.289727e+00
1.012427, 1.998743e+00, 1.840199e+00, 1.840199e+00, 1.795495e+00
1.027767, 2.483360e+00, 2.312346e+00, 2.312346e+00, 2.269713e+00
1.043107, 2.934694e+00, 2.752401e+00, 2.752401e+00, 2.711091e+00
1.058447, 3.351304e+00, 3.159714e+00, 3.159714e+00, 3.118397e+00
1.073787, 3.731894e+00, 3.533682e+00, 3.533682e+00, 3.490569e+00
1.089126, 4.075454e+00, 3.873742e+00, 3.873742e+00, 3.826824e+00
1.104466, 4.381367e+00, 4.179384e+00, 4.179384e+00, 4.126741e+00
1.119806, 4.649479e+00, 4.450195e+00, 4.450195e+00, 4.390302e+00
1.135146, 4.880089e+00, 4.685911e+00, 4.685911e+00, 4.617898e+00
1.150486, 5.073908e+00, 4.886481e+00, 4.886481e+00, 4.810289e+00
1.165825, 5.231965e+00, 5.052127e+00, 5.052127e+00, 4.968530e+00
1.181165, 5.355508e+00, 5.183372e+00, 5.183372e+00, 5.093891e+00
1.196505, 5.445899e+00, 5.281051e+00, 5.281051e+00, 5.187776e+00
1.211845, 5.504538e+00, 5.346276e+00, 5.346276e+00, 5.251651e+00
1.227185, 5.532817e+00, 5.380385e+00, 5.380385e+00, 5.286992e+00
1.242524, 5.532106e+00, 5.384867e+00, 5.384867e+00, 5.295255e+00
1.257864, 5.503751e+00, 5.361286e+00, 5.361286e+00, 5.277862e+00
1.273204, 5.449100e+00, 5.311222e+00, 5.311222e+00, 5.236195e+00
1.288544, 5.369512e+00, 5.236229e+00, 5.236229e+00, 5.171591e+00
1.303884, 5.266366e+00, 5.137810e+00, 5.137810e+00, 5.085341e+00
1.319223, 5.141057e+00, 5.017428e+00, 5.017428e+00, 4.978679e+00
1.334563, 4.994989e+00, 4.876508e+00, 4.876508e+00, 4.852777e+00
1.349903, 4.829560e+00, 4.716467e+00, 4.716467e+00, 4.708723e+00
1.365243, 4.646145e+00, 4.538724e+00, 4.538724e+00, 4.547526e+00
1.380583, 4.446086e+00, 4.344719e+00, 4.344719e+00, 4.370114e+00
1.395923, 4.230689e+00, 4.135914e+00, 4.135914e+00, 4.177348e+00
1.411262, 4.001226e+00, 3.913794e+00, 3.913794e+00, 3.970052e+00
1.426602, 3.758940e+00, 3.679845e+00, 3.679845e+00, 3.749052e+00
1.441942, 3.505067e+00, 3.435540e+00, 3.435540e+00, 3.515221e+00
1.457282, 3.240854e+00, 3.182311e+00, 3.182311e+00, 3.269525e+00
1.472622, 2.967577e+00, 2.921518e+00, 2.921518e+00, 3.013059e+00
1.487961, 2.686563e+00, 2.654431e+00, 2.654431e+00, 2.747072e+00
1.503301, 2.399192e+00, 2.382211e+00, 2.382211e+00, 2.472968e+00
1.518641, 2.106899e+00, 2.105914e+00, 2.105914e+00, 2.192281e+00
1.533981, 1.811152e+00, 1.826508e+00, 1.826508e+00, 1.906640e+00
1.549321, 1.513429e+00, 1.544901e+00, 1.544901e+00, 1.617715e+00
1.564660, 1.215191e+00, 1.261985e+00, 1.261985e+00, 1.327157e+00
1.580000, 9.178461e-01, 9.786720e-01, 9.786720e-01, 1.036545e+00
1.595340, 6.227364e-01, 6.959271e-01, 6.959271e-01, 7.473455e-01
1.610680, 3.311216e-01, 4.147847e-01, 4.147847e-01, 4.608924e-01
1.626020, 4.418246e-02, 1.363473e-01, 1.363473e-01, 1.783831e-01
1.641359, -2.369753e-01, -1.382317e-01, -1.382317e-01, -9.910574e-02
1.656699, -5.113136e-01, -4.077754e-01, -4.077754e-01, -3.705896e-01
1.672039, -7.778578e-01, -6.711150e-01, -6.711150e-01, -6.351459e-01
1.687379, -1.035696e+00, -9.271180e-01, -9.271180e-01, -8.918847e-01
1.702719, -1.283985e+00, -1.174710e+00, -1.174710e+00, -1.139928e+00
1.718058, -1.521952e+00, -1.412885e+00, -1.412885e+00, -1.378403e+00
1.733398, -1.748898e+00, -1.640714e+00, -1.640714e+00, -1.606444e+00
1.748738, -1.964182e+00, -1.857346e+00, -1.857346e+00, -1.823212e+00
1.764078, -2.167211e+00, -2.062008e+00, -2.062008e+00, -2.027909e+00
1.779418, -2.357422e+00, -2.254009e+00, -2.254009e+00, -2.219805e+00
1.794758, -2.534264e+00, -2.432745e+00, -2.432745e+00, -2.398252e+00
1.810097, -2.697197e+00, -2.597703e+00, -2.597703e+00, -2.562698e+00
1.825437, -2.845706e+00, -2.748461e+00, -2.748461e+00, -2.712687e+00
1.840777, -2.979323e+00, -2.884688e+00, -2.884688e+00, -2.847868e+00
1.856117, -3.097669e+00, -3.006138e+00, -3.006138e+00, -2.967985e+00
1.871457, -3.200481e+00, -3.112638e+00, -3.112638e+00, -3.072879e+00
1.886796, -3.287648e+00, -3.204080e+00, -3.204080e+00, -3.162488e+00
1.902136, -3.359211e+00, -3.280415e+00, -3.280415e+00, -3.236847e+00
1.917476, -3.415364e+00, -3.341648e+00, -3.341648e+00, -3.296093e+00
1.932816, -3.456422e+00, -3.387842e+00, -3.387842e+00, -3.340459e+00
1.948156, -3.482792e+00, -3.419125e+00, -3.419125e+00, -3.370275e+00
1.963495, -3.494936e+00, -3.435704e+00, -3.435704e+00, -3.385954e+00
1.978835, -3.493345e+00, -3.437872e+00, -3.437872e+00, -3.387984e+00
1.994175, -3.478516e+00, -3.426024e+00, -3.426024e+00, -3.376906e+00
2.009515, -3.450951e+00, -3.400658e+00, -3.400658e+00, -3.353299e+00
2.024855, -3.411154e+00, -3.362381e+00, -3.362381e+00, -3.317767e+00
2.040194, -3.359647e+00, -3.311899e+00, -3.311899e+00, -3.270928e+00
2.055534, -3.296977e+00, -3.250001e+00, -3.250001e+00, -3.213406e+00
2.070874, -3.223725e+00, -3.177541e+00, -3.177541e+00, -3.145833e+00
2.086214, -3.140517e+00, -3.095406e+00, -3.095406e+00, -3.068850e+00
2.101554, -3.048025e+00, -3.004492e+00, -3.004492e+00, -2.983116e+00
2.116893, -2.946965e+00, -2.905674e+00, -2.905674e+00, -2.889306e+00
2.132233, -2.838093e+00, -2.799787e+00, -2.799787e+00, -2.788120e+00
2.147573, -2.722202e+00, -2.687617e+00, -2.687617e+00, -2.680276e+00
2.162913, -2.600114e+00, -2.569902e+00, -2.569902e+00, -2.566511e+00
2.178253, -2.472669e+00, -2.447343e+00, -2.447343e+00, -2.447570e+00
2.193593, -2.340723e+00, -2.320624e+00, -2.320624e+00, -2.324201e+00
2.208932, -2.205136e+00, -2.190435e+00, -2.190435e+00, -2.197143e+00
2.224272, -2.066773e+00, -2.057485e+00, -2.057485e+00, -2.067122e+00
2.239612, -1.926496e+00, -1.922512e+00, -1.922512e+00, -1.934851e+00
2.254952, -1.785159e+00, -1.786282e+00, -1.786282e+00, -1.801025e+00
2.270292, -1.643606e+00, -1.649571e+00, -1.649571e+00, -1.666324e+00
2.285631, -1.502658e+00, -1.513145e+00, -1.513145e+00, -1.531415e+00
2.300971, -1.363098e+00, -1.377736e+00, -1.377736e+00, -1.396951e+00
2.316311, -1.225653e+00, -1.244017e+00, -1.244017e+00, -1.263566e+00
2.331651, -1.090979e+00, -1.112584e+00, -1.112584e+00, -1.131871e+00
2.346991, -9.596441e-01, -9.839517e-01, -9.839517e-01, -1.002444e+00
2.362330, -8.321210e-01, -8.585559e-01, -8.585559e-01, -8.758246e-01
2.377670, -7.087903e-01, -7.367656e-01, -7.367656e-01, -7.525035e-01
2.393010, -5.899514e-01, -6.189006e-01, -6.189006e-01, -6.329253e-01
2.408350, -4.758421e-01, -5.052489e-01, -5.052489e-01, -5.174882e-01
2.423690, -3.666595e-01, -3.960809e-01, -3.960809e-01, -4.065503e-01
2.439029, -2.625796e-01, -2.916572e-01, -2.916572e-01, -3.004372e-01
2.454369, -1.637698e-01, -1.922272e-01, -1.922272e-01, -1.994473e-01
2.469709, -7.039106e-02, -9.802221e-02, -9.802221e-02, -1.038539e-01
2.485049, 1.740864e-02, -9.243005e-03, -9.243005e-03, -1.390125e-02
2.500389, 9.950696e-02, 7.395249e-02, 7.395249e-02, 7.020507e-02
2.515728, 1.758217e-01, 1.514592e-01, 1.514592e-01, 1.483122e-01
2.531068, 2.463225e-01, 2.232297e-01, 2.232297e-01, 2.203340e-01
2.546408, 3.110360e-01, 2.892728e-01, 2.892728e-01, 2.862623e-01
2.561748, 3.700427e-01, 3.496471e-01, 3.496471e-01, 3.461712e-01
2.577088, 4.234682e-01, 4.044514e-01, 4.044514e-01, 4.002124e-01
2.592428, 4.714704e-01, 4.538143e-01, 4.538143e-01, 4.486019e-01
2.607767, 5.142274e-01, 4.978861e-01, 4.978861e-01, 4.916005e-01
2.623107, 5.519288e-01, 5.368337e-01, 5.368337e-01, 5.294917e-01
2.638447, 5.847720e-01, 5.708397e-01, 5.708397e-01, 5.625610e-01
2.653787, 6.129636e-01, 6.001032e-01, 6.001032e-01, 5.910805e-01
2.669127, 6.367236e-01, 6.248429e-01, 6.248429e-01, 6.153004e-01
2.684466, 6.562896e-01, 6.452981e-01, 6.452981e-01, 6.354484e-01
2.699806, 6.719186e-01, 6.617278e-01, 6.617278e-01, 6.517347e-01
2.715146, 6.838856e-01, 6.744067e-01, 6.744067e-01, 6.643609e-01
2.730486, 6.924760e-01, 6.836185e-01, 6.836185e-01, 6.735299e-01
2.745826, 6.979774e-01, 6.896472e-01, 6.896472e-01, 6.794548e-01
2.761165, 7.006678e-01, 6.927693e-01, 6.927693e-01, 6.823642e-01
2.776505, 7.008069e-01, 6.932473e-01, 6.932473e-01, 6.825039e-01
2.791845, 6.986287e-01, 6.913252e-01, 6.913252e-01, 6.801356e-01
2.807185, 6.943389e-01, 6.872276e-01, 6.872276e-01, 6.755311e-01
2.822525, 6.881162e-01, 6.811599e-01, 6.811599e-01, 6.689654e-01
2.837864, 6.801163e-01, 6.733107e-01, 6.733107e-01, 6.607072e-01
2.853204, 6.704783e-01, 6.638540e-01, 6.638540e-01, 6.510095e-01
2.868544, 6.593312e-01, 6.529513e-01, 6.529513e-01, 6.401012e-01
2.883884, 6.468005e-01, 6.407534e-01, 6.407534e-01, 6.281794e-01
2.899224, 6.330127e-01, 6.274016e-01, 6.274016e-01, 6.154059e-01
2.914563, 6.180984e-01, 6.130283e-01, 6.130283e-01, 6.019064e-01
2.929903, 6.021930e-01, 5.977585e-01, 5.977585e-01, 5.877736e-01
2.945243, 5.854365e-01, 5.817108e-01, 5.817108e-01, 5.730742e-01
2.960583, 5.679702e-01, 5.649983e-01, 5.649983e-01, 5.578568e-01
2.975923, 5.499328e-01, 5.477303e-01, 5.477303e-01, 5.421620e-01
2.991263, 5.314552e-01, 5.300122e-01, 5.300122e-01, 5.260299e-01
3.006602, 5.126544e-01, 5.119456e-01, 5.119456e-01, 5.095069e-01
3.021942, 4.936283e-01, 4.936279e-01, 4.936279e-01, 4.926484e-01
3.037282, 4.744527e-01, 4.751508e-01, 4.751508e-01, 4.755193e-01
3.052622, 4.551801e-01, 4.565986e-01, 4.565986e-01, 4.581908e-01
3.067962, 4.358423e-01, 4.380469e-01, 4.380469e-01, 4.407362e-01
3.083301, 4.164571e-01, 4.195607e-01, 4.195607e-01, 4.232253e-01
3.098641, 3.970358e-01, 4.011932e-01, 4.011932e-01, 4.057197e-01
3.113981, 3.775934e-01, 3.829844e-01, 3.829844e-01, 3.882679e-01
3.129321, 3.581568e-01, 3.649611e-01, 3.649611e-01, 3.709041e-01
3.144661, 3.387694e-01, 3.471366e-01, 3.471366e-01, 3.536484e-01
3.160000, 3.194933e-01, 3.295118e-01, 3.295118e-01, 3.365096e-01
3.175340, 3.004054e-01, 3.120776e-01, 3.120776e-01, 3.194903e-01
3.190680, 2.815905e-01, 2.948178e-01, 2.948178e-01, 3.025930e-01
3.206020, 2.631323e-01, 2.777134e-01, 2.777134e-01, 2.858251e-01
3.221360, 2.451046e-01, 2.607469e-01, 2.607469e-01, 2.692026e-01
3.236699, 2.275639e-01, 2.439065e-01, 2.439065e-01, 2.527499e-01
3.252039, 2.105450e-01, 2.271893e-01, 2.271893e-01, 2.364972e-01
3.267379, 1.940613e-01, 2.106032e-01, 2.106032e-01, 2.204744e-01
3.282719, 1.781077e-01, 1.941664e-01, 1.941664e-01, 2.047044e-01
3.298059, 1.626655e-01, 1.779064e-01, 1.779064e-01, 1.891976e-01
3.313399, 1.477091e-01, 1.618573e-01, 1.618573e-01, 1.739488e-01
3.328738, 1.332112e-01, 1.460571e-01, 1.460571e-01, 1.589386e-01
3.344078, 1.191479e-01, 1.305459e-01, 1.305459e-01, 1.441379e-01
3.359418, 1.054999e-01, 1.153644e-01, 1.153644e-01, 1.295166e-01
3.374758, 9.225402e-02, 1.005539e-01, 1.005539e-01, 1.150524e-01
3.390098, 7.940148e-02, 8.615580e-02, 8.615580e-02, 1.007387e-01
3.405437, 6.693685e-02, 7.221232e-02, 7.221232e-02, 8.658977e-02
3.420777, 5.485633e-02, 5.876507e-02, 5.876507e-02, 7.264158e-02
3.436117, 4.315712e-02, 4.585333e-02, 4.585333e-02, 5.894817e-02
3.451457, 3.183759e-02, 3.351111e-02, 3.351111e-02, 4.557470e-02
3.466797, 2.089808e-02, 2.176370e-02, 2.176370e-02, 3.258864e-02
3.482136, 1.034178e-02, 1.062447e-02, 1.062447e-02, 2.005086e-02
3.497476, 1.752099e-04, 9.260425e-05, 9.260425e-05, 8.008169e-03
3.512816, -9.592630e-03, -9.847697e-03, -9.847697e-03, -3.511263e-03
3.528156, -1.895264e-02, -1.922638e-02, -1.922638e-02, -1.449889e-02
3.543496, -2.789920e-02, -2.808524e-02, -2.808524e-02, -2.496351e-02
3.558835, -3.643404e-02, -3.647467e-02, -3.647467e-02, -3.492648e-02
3.574175, -4.456952e-02, -4.444982e-02, -4.444982e-02, -4.441507e-02
3.589515, -5.233007e-02, -5.206666e-02, -5.206666e-02, -5.345542e-02
3.604855, -5.975074e-02, -5.937819e-02, -5.937819e-02, -6.206611e-02
3.620195, -6.687264e-02, -6.643058e-02, -6.643058e-02, -7.025346e-02
3.635534, -7.373592e-02, -7.325953e-02, -7.325953e-02, -7.800881e-02
3.650874, -8.037148e-02, -7.988659e-02, -7.988659e-02, -8.530835e-02
3.666214, -8.679289e-02, -8.631599e-02, -8.631599e-02, -9.211544e-02
3.681554, -9.299057e-02, -9.253239e-02, -9.253239e-02, -9.838506e-02
3.696894, -9.892993e-02, -9.850026e-02, -9.850026e-02, -1.040698e-01
3.712234, -1.045541e-01, -1.041658e-01, -1.041658e-01, -1.091266e-01
3.727573, -1.097915e-01, -1.094614e-01, -1.094614e-01, -1.135239e-01
3.742913, -1.145660e-01, -1.143135e-01, -1.143135e-01, -1.172478e-01
3.758253, -1.188104e-01, -1.186518e-01, -1.186518e-01, -1.203069e-01
3.773593, -1.224771e-01, -1.224196e-01, -1.224196e-01, -1.227340e-01
3.788933, -1.255467e-01, -1.255835e-01, -1.255835e-01, -1.245860e-01
3.804272, -1.280310e-01, -1.281400e-01, -1.281400e-01, -1.259400e-01
3.819612, -1.299714e-01, -1.301184e-01, -1.301184e-01, -1.268861e-01
3.834952, -1.314309e-01, -1.315790e-01, -1.315790e-01, -1.275191e-01
3.850292, -1.324837e-01, -1.326067e-01, -1.326067e-01, -1.279287e-01
3.865632, -1.332041e-01, -1.333011e-01, -1.333011e-01, -1.281911e-01
3.880971, -1.336558e-01, -1.337650e-01, -1.337650e-01, -1.283626e-01
3.896311, -1.338848e-01, -1.340923e-01, -1.340923e-01, -1.284776e-01
3.911651, -1.339159e-01, -1.343585e-01, -1.343585e-01, -1.285497e-01
3.926991, -1.337538e-01, -1.346132e-01, -1.346132e-01, -1.285773e-01
3.942331, -1.333866e-01, -1.348773e-01, -1.348773e-01, -1.285498e-01
3.957670, -1.327921e-01, -1.351431e-01, -1.351431e-01, -1.284556e-01
3.973010, -1.319454e-01, -1.353779e-01, -1.353779e-01, -1.282877e-01
3.988350, -1.308257e-01, -1.355310e-01, -1.355310e-01, -1.280473e-01
4.003690, -1.294237e-01, -1.355411e-01, -1.355411e-01, -1.277447e-01
4.019030, -1.277456e-01, -1.353447e-01, -1.353447e-01, -1.273975e-01
4.034369, -1.258162e-01, -1.348841e-01, -1.348841e-01, -1.270272e-01
4.049709, -1.236783e-01, -1.341130e-01, -1.341130e-01, -1.266547e-01
4.065049, -1.213893e-01, -1.330005e-01, -1.330005e-01, -1.262959e-01
4.080389, -1.190142e-01, -1.315316e-01, -1.315316e-01, -1.259576e-01
4.095729, -1.166177e-01, -1.297059e-01, -1.297059e-01, -1.256341e-01
4.111069, -1.142554e-01, -1.275337e-01, -1.275337e-01, -1.253051e-01
4.126408, -1.119664e-01, -1.250323e-01, -1.250323e-01, -1.249350e-01
4.141748, -1.097683e-01, -1.222218e-01, -1.222218e-01, -1.244741e-01
4.157088, -1.076565e-01, -1.191229e-01, -1.191229e-01, -1.238623e-01
4.172428, -1.056061e-01, -1.157570e-01, -1.157570e-01, -1.230349e-01
4.187768, -1.035768e-01, -1.121469e-01, -1.121469e-01, -1.219301e-01
4.203107, -1.015193e-01, -1.083199e-01, -1.083199e-01, -1.204967e-01
4.218447, -9.938059e-02, -1.043089e-01, -1.043089e-01, -1.187004e-01
4.233787, -9.710940e-02, -1.001543e-01, -1.001543e-01, -1.165281e-01
4.249127, -9.465922e-02, -9.590285e-02, -9.590285e-02, -1.139879e-01
4.264467, -9.199089e-02, -9.160514e-02, -9.160514e-02, -1.111061e-01
4.279806, -8.907438e-02, -8.731169e-02, -8.731169e-02, -1.079210e-01
4.295146, -8.589045e-02, -8.306859e-02, -8.306859e-02, -1.044766e-01
4.310486, -8.243229e-02, -7.891340e-02, -7.891340e-02, -1.008153e-01
4.325826, -7.870699e-02, -7.487224e-02, -7.487224e-02, -9.697393e-02
4.341166, -7.473614e-02, -7.095836e-02, -7.095836e-02, -9.298092e-02
4.356505, -7.055500e-02, -6.717244e-02, -6.717244e-02, -8.885677e-02
4.371845, -6.621013e-02, -6.350406e-02, -6.350406e-02, -8.461574e-02
4.387185, -6.175568e-02, -5.993432e-02, -5.993432e-02, -8.026819e-02
4.402525, -5.724882e-02, -5.643880e-02, -5.643880e-02, -7.582272e-02
4.417865, -5.274484e-02, -5.299064e-02, -5.299064e-02, -7.128769e-02
4.433204, -4.829314e-02, -4.956348e-02, -4.956348e-02, -6.667171e-02
4.448544, -4.393415e-02, -4.613407e-02, -4.613407e-02, -6.198368e-02
4.463884, -3.969766e-02, -4.268446e-02, -4.268446e-02, -5.723287e-02
4.479224, -3.560242e-02, -3.920380e-02, -3.920380e-02, -5.242946e-02
4.494564, -3.165716e-02, -3.568941e-02, -3.568941e-02, -4.758537e-02
4.509904, -2.786262e-02, -3.214709e-02, -3.214709e-02, -4.271549e-02
4.525243, -2.421436e-02, -2.859034e-02, -2.859034e-02, -3.783879e-02
4.540583, -2.070615e-02, -2.503838e-02, -2.503838e-02, -3.297872e-02
4.555923, -1.733347e-02, -2.151334e-02, -2.151334e-02, -2.816235e-02
4.571263, -1.409636e-02, -1.803680e-02, -1.803680e-02, -2.341850e-02
4.586603, -1.100088e-02, -1.462659e-02, -1.462659e-02, -1.877493e-02
4.601942, -8.058721e-03, -1.129453e-02, -1.129453e-02, -1.425517e-02
4.617282, -5.284537e-03, -8.045515e-03, -8.045515e-03, -9.875519e-03
4.632622, -2.691258e-03, -4.878372e-03, -4.878372e-03, -5.643225e-03
4.647962, -2.842278e-04, -1.787957e-03, -1.787957e-03, -1.555938e-03
4.663302, 1.944208e-03, 1.232001e-03, 1.232001e-03, 2.397295e-03
4.678641, 4.018155e-03, 4.186166e-03, 4.186166e-03, 6.233596e-03
4.693981, 5.978370e-03, 7.075655e-03, 7.075655e-03, 9.972582e-03
4.709321, 7.878441e-03, 9.897281e-03, 9.897281e-03, 1.363205e-02
4.724661, 9.777247e-03, 1.264395e-02, 1.264395e-02, 1.722368e-02
4.740001, 1.172923e-02, 1.530594e-02, 1.530594e-02, 2.074939e-02
4.755340, 1.377456e-02, 1.787244e-02, 1.787244e-02, 2.419886e-02
4.770680, 1.593142e-02, 2.033306e-02, 2.033306e-02, 2.754910e-02
4.786020, 1.819205e-02, 2.267885e-02, 2.267885e-02, 3.076635e-02
4.801360, 2.052373e-02, 2.490260e-02, 2.490260e-02, 3.381011e-02
4.816700, 2.287425e-02, 2.699877e-02, 2.699877e-02, 3.663874e-02
4.832039, 2.518060e-02, 2.896276e-02, 2.896276e-02, 3.921584e-02
4.847379, 2.737887e-02, 3.078991e-02, 3.078991e-02, 4.151592e-02
4.862719, 2.941358e-02, 3.247442e-02, 3.247442e-02, 4.352798e-02
4.878059, 3.124455e-02, 3.400819e-02, 3.400819e-02, 4.525620e-02
4.893399, 3.285028e-02, 3.538019e-02, 3.538019e-02, 4.671751e-02
4.908739, 3.422777e-02, 3.657646e-02, 3.657646e-02, 4.793646e-02
4.924078, 3.538918e-02, 3.758123e-02, 3.758123e-02, 4.893859e-02
4.939418, 3.635626e-02, 3.837911e-02, 3.837911e-02, 4.974414e-02
4.954758, 3.715382e-02, 3.895831e-02, 3.895831e-02, 5.036359e-02
4.970098, 3.780345e-02, 3.931414e-02, 3.931414e-02, 5.079618e-02
4.985438, 3.831862e-02, 3.945195e-02, 3.945195e-02, 5.103153e-02
5.000777, 3.870177e-02, 3.938862e-02, 3.938862e-02, 5.105400e-02
5.016117, 3.894388e-02, 3.915180e-02, 3.915180e-02, 5.084848e-02
5.031457, 3.902660e-02, 3.877679e-02, 3.877679e-02, 5.040599e-02
5.046797, 3.892653e-02, 3.830143e-02, 3.830143e-02, 4.972780e-02
5.062137, 3.862074e-02, 3.776013e-02, 3.776013e-02, 4.882728e-02
5.077476, 3.809277e-02, 3.717841e-02, 3.717841e-02, 4.772934e-02
5.092816, 3.733788e-02, 3.656918e-02, 3.656918e-02, 4.646783e-02
5.108156, 3.636633e-02, 3.593192e-02, 3.593192e-02, 4.508164e-02
5.123496, 3.520404e-02, 3.525469e-02, 3.525469e-02, 4.361062e-02
5.138836, 3.389004e-02, 3.451856e-02, 3.451856e-02, 4.209169e-02
5.154175, 3.247116e-02, 3.370340e-02, 3.370340e-02, 4.055553e-02
5.169515, 3.099478e-02, 3.279336e-02, 3.279336e-02, 3.902423e-02
5.184855, 2.950089e-02, 3.178110e-02, 3.178110e-02, 3.750979e-02
5.200195, 2.801546e-02, 3.066962e-02, 3.066962e-02, 3.601347e-02
5.215535, 2.654648e-02, 2.947180e-02, 2.947180e-02, 3.452615e-02
5.230874, 2.508396e-02, 2.820793e-02, 2.820793e-02, 3.302973e-02
5.246214, 2.360399e-02, 2.690216e-02, 2.690216e-02, 3.149968e-02
5.261554, 2.207646e-02, 2.557886e-02, 2.557886e-02, 2.990834e-02
5.276894, 2.047474e-02, 2.425964e-02, 2.425964e-02, 2.822848e-02
5.292234, 1.878519e-02, 2.296132e-02, 2.296132e-02, 2.643683e-02
5.307574, 1.701442e-02, 2.169510e-02, 2.169510e-02, 2.451659e-02
5.322913, 1.519250e-02, 2.046623e-02, 2.046623e-02, 2.245892e-02
5.338253, 1.337124e-02, 1.927401e-02, 1.927401e-02, 2.026309e-02
5.353593, 1.161770e-02, 1.811170e-02, 1.811170e-02, 1.793608e-02
5.368933, 1.000421e-02, 1.696624e-02, 1.696624e-02, 1.549167e-02
5.384273, 8.596778e-03, 1.581809e-02, 1.581809e-02, 1.294985e-02
5.399612, 7.444113e-03, 1.464147e-02, 1.464147e-02, 1.033655e-02
5.414952, 6.568998e-03, 1.340558e-02, 1.340558e-02, 7.683714e-03
5.430292, 5.963574e-03, 1.207680e-02, 1.207680e-02, 5.028859e-03
5.445632, 5.588961e-03, 1.062203e-02, 1.062203e-02, 2.413756e-03
5.460972, 5.378998e-03, 9.012715e-03, 9.012715e-03, -1.183842e-04
5.476311, 5.247375e-03, 7.228865e-03, 7.228865e-03, -2.527148e-03
5.491651, 5.097114e-03, 5.262453e-03, 5.262453e-03, -4.780102e-03
5.506991, 4.831116e-03, 3.119529e-03, 3.119529e-03, -6.857771e-03
5.522331, 4.362537e-03, 8.206404e-04, 8.206404e-04, -8.757101e-03
5.537671, 3.623933e-03, -1.600497e-03, -1.600497e-03, -1.049238e-02
5.553010, 2.574213e-03, -4.099879e-03, -4.099879e-03, -1.209307e-02
5.568350, 1.202530e-03, -6.627198e-03, -6.627198e-03, -1.359874e-02
5.583690, -4.714324e-04, -9.130381e-03, -9.130381e-03, -1.505195e-02
5.599030, -2.400854e-03, -1.156013e-02, -1.156013e-02, -1.649059e-02
5.614370, -4.518510e-03, -1.387394e-02, -1.387394e-02, -1.794124e-02
5.629709, -6.746017e-03, -1.603930e-02, -1.603930e-02, -1.941474e-02
5.645049, -9.004212e-03, -1.803565e-02, -1.803565e-02, -2.090486e-02
5.660389, -1.122301e-02, -1.985498e-02, -1.985498e-02, -2.239035e-02
5.675729, -1.334923e-02, -2.150102e-02, -2.150102e-02, -2.383980e-02
5.691069, -1.535119e-02, -2.298700e-02, -2.298700e-02, -2.521848e-02
5.706409, -1.721960e-02, -2.433235e-02, -2.433235e-02, -2.649604e-02
5.721748, -1.896463e-02, -2.555866e-02, -2.555866e-02, -2.765340e-02
5.737088, -2.061025e-02, -2.668580e-02, -2.668580e-02, -2.868792e-02
5.752428, -2.218679e-02, -2.772863e-02, -2.772863e-02, -2.961521e-02
5.767768, -2.372321e-02, -2.869509e-02, -2.869509e-02, -3.046746e-02
5.783108, -2.524025e-02, -2.958602e-02, -2.958602e-02, -3.128806e-02
5.798447, -2.674535e-02, -3.039659e-02, -3.039659e-02, -3.212334e-02
5.813787, -2.823011e-02, -3.111896e-02, -3.111896e-02, -3.301294e-02
5.829127, -2.967036e-02, -3.174550e-02, -3.174550e-02, -3.398065e-02
5.844467, -3.102877e-02, -3.227164e-02, -3.227164e-02, -3.502770e-02
5.859807, -3.225972e-02, -3.269768e-02, -3.269768e-02, -3.612979e-02
5.875146, -3.331578e-02, -3.302907e-02, -3.302907e-02, -3.723862e-02
5.890486, -3.415461e-02, -3.327514e-02, -3.327514e-02, -3.828754e-02
5.905826, -3.474543e-02, -3.344669e-02, -3.344669e-02, -3.920014e-02
5.921166, -3.507382e-02, -3.355314e-02, -3.355314e-02, -3.989991e-02
5.936506, -3.514392e-02, -3.360002e-02, -3.360002e-02, -4.031928e-02
5.951845, -3.497750e-02, -3.358759e-02, -3.358759e-02, -4.040644e-02
5.967185, -3.461023e-02, -3.351086e-02, -3.351086e-02, -4.012927e-02
5.982525, -3.408591e-02, -3.336114e-02, -3.336114e-02, -3.947608e-02
5.997865, -3.344990e-02, -3.312857e-02, -3.312857e-02, -3.845407e-02
6.013205, -3.274302e-02, -3.280496e-02, -3.280496e-02, -3.708626e-02
6.028544, -3.199735e-02, -3.238589e-02, -3.238589e-02, -3.540795e-02
6.043884, -3.123418e-02, -3.187158e-02, -3.187158e-02, -3.346343e-02
6.059224, -3.046419e-02, -3.126596e-02, -3.126596e-02, -3.130345e-02
6.074564, -2.968921e-02, -3.057417e-02, -3.057417e-02, -2.898330e-02
6.089904, -2.890461e-02, -2.979912e-02, -2.979912e-02, -2.656115e-02
6.105244, -2.810154e-02, -2.893821e-02, -2.893821e-02, -2.409634e-02
6.120583, -2.726846e-02, -2.798114e-02, -2.798114e-02, -2.164719e-02
6.135923, -2.639190e-02, -2.690983e-02, -2.690983e-02, -1.926825e-02
6.151263, -2.545683e-02, -2.570071e-02, -2.570071e-02, -1.700702e-02
6.166603, -2.444697e-02, -2.432919e-02, -2.432919e-02, -1.490070e-02
6.181943, -2.334551e-02, -2.277538e-02, -2.277538e-02, -1.297330e-02
6.197282, -2.213642e-02, -2.102970e-02, -2.102970e-02, -1.123368e-02
6.212622, -2.080618e-02, -1.909718e-02, -1.909718e-02, -9.674854e-03
6.227962, -1.934559e-02, -1.699919e-02, -1.699919e-02, -8.274827e-03
6.243302, -1.775126e-02, -1.477224e-02, -1.477224e-02, -6.999057e-03
6.258642, -1.602649e-02, -1.246393e-02, -1.246393e-02, -5.804213e-03
6.273981, -1.418131e-02, -1.012699e-02, -1.012699e-02, -4.642963e-03
6.289321, -1.223160e-02, -7.812599e-03, -7.812599e-03, -3.469335e-03
6.304661, -1.019755e-02, -5.564348e-03, -5.564348e-03, -2.243963e-03
6.320001, -8.101589e-03, -3.413965e-03, -3.413965e-03, -9.385190e-04
6.335341, -5.966179e-03, -1.379306e-03, -1.379306e-03, 4.612026e-04
6.350680, -3.811659e-03, 5.353140e-04, 5.353140e-04, 1.953974e-03
6.366020, -1.654632e-03, 2.336951e-03, 2.336951e-03, 3.523835e-03
6.381360, 4.928478e-04, 4.040797e-03, 4.040797e-03, 5.142724e-03
6.396700, 2.623187e-03, 5.666668e-03, 5.666668e-03, 6.774595e-03
6.412040, 4.732272e-03, 7.235827e-03, 7.235827e-03, 8.380462e-03
6.427380, 6.817758e-03, 8.768451e-03, 8.768451e-03, 9.923772e-03
6.442719, 8.877057e-03, 1.028176e-02, 1.028176e-02, 1.137542e-02
6.458059, 1.090555e-02, 1.178868e-02, 1.178868e-02, 1.271773e-02
6.473399, 1.289536e-02, 1.329674e-02, 1.329674e-02, 1.394700e-02
6.488739, 1.483496e-02, 1.480731e-02, 1.480731e-02, 1.507416e-02
6.504079, 1.670950e-02, 1.631493e-02, 1.631493e-02, 1.612353e-02
6.519418, 1.850182e-02, 1.780725e-02, 1.780725e-02, 1.712948e-02
6.534758, 2.019383e-02, 1.926571e-02, 1.926571e-02, 1.813135e-02
6.550098, 2.176784e-02, 2.066711e-02, 2.066711e-02, 1.916737e-02
6.565438, 2.320783e-02, 2.198628e-02, 2.198628e-02, 2.026825e-02
6.580778, 2.450066e-02, 2.319948e-02, 2.319948e-02, 2.145136e-02
6.596117, 2.563696e-02, 2.428803e-02, 2.428803e-02, 2.271683e-02
6.611457, 2.661184e-02, 2.524160e-02, 2.524160e-02, 2.404595e-02
6.626797, 2.742518e-02, 2.606025e-02, 2.606025e-02, 2.540260e-02
6.642137, 2.808141e-02, 2.675482e-02, 2.675482e-02, 2.673725e-02
6.657477, 2.858851e-02, 2.734532e-02, 2.734532e-02, 2.799323e-02
6.672816, 2.895622e-02, 2.785748e-02, 2.785748e-02, 2.911424e-02
6.688156, 2.919388e-02, 2.831805e-02, 2.831805e-02, 3.005173e-02
6.703496, 2.930841e-02, 2.874973e-02, 2.874973e-02, 3.077125e-02
6.718836, 2.930281e-02, 2.916668e-02, 2.916668e-02, 3.125670e-02
6.734176, 2.917598e-02, 2.957146e-02, 2.957146e-02, 3.151174e-02
6.749515, 2.892396e-02, 2.995402e-02, 2.995402e-02, 3.155826e-02
6.764855, 2.854231e-02, 3.029280e-02, 3.029280e-02, 3.143191e-02
6.780195, 2.802902e-02, 3.055774e-02, 3.055774e-02, 3.117584e-02
6.795535, 2.738710e-02, 3.071461e-02, 3.071461e-02, 3.083329e-02
6.810875, 2.662628e-02, 3.072995e-02, 3.072995e-02, 3.044070e-02
6.826215, 2.576313e-02, 3.057584e-02, 3.057584e-02, 3.002259e-02
6.841554, 2.481994e-02, 3.023389e-02, 3.023389e-02, 2.958911e-02
6.856894, 2.382265e-02, 2.969797e-02, 2.969797e-02, 2.913668e-02
6.872234, 2.279864e-02, 2.897531e-02, 2.897531e-02, 2.865125e-02
6.887574, 2.177476e-02, 2.808598e-02, 2.808598e-02, 2.811338e-02
6.902914, 2.077599e-02, 2.706058e-02, 2.706058e-02, 2.750360e-02
6.918253, 1.982457e-02, 2.593664e-02, 2.593664e-02, 2.680684e-02
6.933593, 1.893917e-02, 2.475402e-02, 2.475402e-02, 2.601496e-02
6.948933, 1.813375e-02, 2.354997e-02, 2.354997e-02, 2.512721e-02
6.964273, 1.741583e-02, 2.235484e-02, 2.235484e-02, 2.414869e-02
6.979613, 1.678466e-02, 2.118880e-02, 2.118880e-02, 2.308778e-02
6.994952, 1.622979e-02, 2.006057e-02, 2.006057e-02, 2.195328e-02
7.010292, 1.573082e-02, 1.896789e-02, 1.896789e-02, 2.075210e-02
7.025632, 1.525911e-02, 1.789988e-02, 1.789988e-02, 1.948792e-02
7.040972, 1.478160e-02, 1.684043e-02, 1.684043e-02, 1.816080e-02
7.056312, 1.426616e-02, 1.577197e-02, 1.577197e-02, 1.676795e-02
7.071651, 1.368736e-02, 1.467878e-02, 1.467878e-02, 1.530509e-02
7.086991, 1.303139e-02, 1.354935e-02, 1.354935e-02, 1.376855e-02
7.102331, 1.229868e-02, 1.237754e-02, 1.237754e-02, 1.215757e-02
7.117671, 1.150349e-02, 1.116262e-02, 1.116262e-02, 1.047688e-02
7.133011, 1.067038e-02, 9.908598e-03, 9.908598e-03, 8.738996e-03
7.148350, 9.828524e-03, 8.623109e-03, 8.623109e-03, 6.965692e-03
7.163690, 9.005202e-03, 7.316368e-03, 7.316368e-03, 5.188231e-03
7.179030, 8.219933e-03, 6.000249e-03, 6.000249e-03, 3.445853e-03
7.194370, 7.480815e-03, 4.687611e-03, 4.687611e-03, 1.782415e-03
7.209710, 6.783697e-03, 3.391805e-03, 3.391805e-03, 2.414935e-04
7.225050, 6.114157e-03, 2.126304e-03, 2.126304e-03, -1.139161e-03
7.240389, 5.451553e-03, 9.043711e-04, 9.043711e-04, -2.332791e-03
7.255729, 4.774050e-03, -2.612748e-04, -2.612748e-04, -3.327358e-03
7.271069, 4.063317e-03, -1.358859e-03, -1.358859e-03, -4.127032e-03
7.286409, 3.307833e-03, -2.378073e-03, -2.378073e-03, -4.751127e-03
7.301749, 2.504285e-03, -3.310803e-03, -3.310803e-03, -5.230866e-03
7.317088, 1.657060e-03, -4.152079e-03, -4.152079e-03, -5.604802e-03
7.332428, 7.762562e-04, -4.901193e-03, -4.901193e-03, -5.913870e-03
7.347768, -1.250752e-04, -5.562767e-03, -5.562767e-03, -6.196953e-03
7.363108, -1.033590e-03, -6.147432e-03, -6.147432e-03, -6.487604e-03
7.378448, -1.937536e-03, -6.671733e-03, -6.671733e-03, -6.812032e-03
7.393787, -2.827512e-03, -7.156925e-03, -7.156925e-03, -7.188088e-03
7.409127, -3.696065e-03, -7.626539e-03, -7.626539e-03, -7.624833e-03
7.424467, -4.536378e-03, -8.102918e-03, -8.102918e-03, -8.122405e-03
7.439807, -5.340597e-03, -8.603219e-03, -8.603219e-03, -8.672119e-03
7.455147, -6.098490e-03, -9.135656e-03, -9.135656e-03, -9.256957e-03
7.470486, -6.797001e-03, -9.696801e-03, -9.696801e-03, -9.852852e-03
7.485826, -7.421025e-03, -1.027068e-02, -1.027068e-02, -1.043111e-02
7.501166, -7.955465e-03, -1.083004e-02, -1.083004e-02, -1.096192e-02
7.516506, -8.388259e-03, -1.133975e-02, -1.133975e-02, -1.141853e-02
7.531846, -8.713694e-03, -1.176193e-02, -1.176193e-02, -1.178129e-02
7.547185, -8.935171e-03, -1.206187e-02, -1.206187e-02, -1.204060e-02
7.562525, -9.066674e-03, -1.221380e-02, -1.221380e-02, -1.219801e-02
7.577865, -9.132410e-03, -1.220538e-02, -1.220538e-02, -1.226502e-02
7.593205, -9.164425e-03, -1.204024e-02, -1.204024e-02, -1.225992e-02
7.608545, -9.198466e-03, -1.173792e-02, -1.173792e-02, -1.220343e-02
7.623885, -9.268810e-03, -1.133130e-02, -1.133130e-02, -1.211422e-02
7.639224, -9.402949e-03, -1.086187e-02, -1.086187e-02, -1.200548e-02
7.654564, -9.617026e-03, -1.037376e-02, -1.037376e-02, -1.188322e-02
7.669904, -9.912835e-03, -9.907411e-03, -9.907411e-03, -1.174660e-02
7.685244, -1.027690e-02, -9.494119e-03, -9.494119e-03, -1.158990e-02
7.700584, -1.068175e-02, -9.152312e-03, -9.152312e-03, -1.140539e-02
7.715923, -1.108908e-02, -8.886184e-03, -8.886184e-03, -1.118634e-02
7.731263, -1.145445e-02, -8.686789e-03, -8.686789e-03, -1.092921e-02
7.746603, -1.173275e-02, -8.535246e-03, -8.535246e-03, -1.063473e-02
7.761943, -1.188370e-02, -8.407324e-03, -8.407324e-03, -1.030765e-02
7.777283, -1.187678e-02, -8.278451e-03, -8.278451e-03, -9.955529e-03
7.792622, -1.169481e-02, -8.128203e-03, -8.128203e-03, -9.586913e-03
7.807962, -1.133604e-02, -7.943522e-03, -7.943522e-03, -9.209554e-03
7.823302, -1.081423e-02, -7.720250e-03, -7.720250e-03, -8.829057e-03
7.838642, -1.015694e-02, -7.462897e-03, -7.462897e-03, -8.448341e-03
7.853982, -9.402262e-03, -7.182926e-03, -7.182926e-03, -8.067944e-03
7.869321, -8.594547e-03, -6.895983e-03, -6.895983e-03, -7.687050e-03
7.884661, -7.779673e-03, -6.618673e-03, -6.618673e-03, -7.304960e-03
7.900001, -7.000719e-03, -6.365408e-03, -6.365408e-03, -6.922516e-03
7.915341, -6.294617e-03, -6.145841e-03, -6.145841e-03, -6.543003e-03
7.930681, -5.690154e-03, -5.963263e-03, -5.963263e-03, -6.172216e-03
7.946020, -5.207395e-03, -5.814193e-03, -5.814193e-03, -5.817588e-03
7.961360, -4.858260e-03, -5.689227e-03, -5.689227e-03, -5.486521e-03
7.976700, -4.647784e-03, -5.575021e-03, -5.575021e-03, -5.184335e-03
7.992040, -4.575388e-03, -5.457013e-03, -5.457013e-03, -4.912461e-03
8.007380, -4.635672e-03, -5.322370e-03, -5.322370e-03, -4.667412e-03
8.022720, -4.818497e-03, -5.162492e-03, -5.162492e-03, -4.440843e-03
8.038059, -5.108437e-03, -4.974477e-03, -4.974477e-03, -4.220739e-03
8.053399, -5.483935e-03, -4.761156e-03, -4.761156e-03, -3.993463e-03
8.068739, -5.916775e-03, -4.529654e-03, -4.529654e-03, -3.746134e-03
8.084079, -6.372439e-03, -4.288803e-03, -4.288803e-03, -3.468721e-03
8.099419, -6.811716e-03, -4.046107e-03, -4.046107e-03, -3.155438e-03
8.114758, -7.193543e-03, -3.805062e-03, -3.805062e-03, -2.805224e-03
8.130098, -7.478780e-03, -3.563589e-03, -3.563589e-03, -2.421324e-03
8.145438, -7.634281e-03, -3.314035e-03, -3.314035e-03, -2.010184e-03
8.160778, -7.636443e-03, -3.044767e-03, -3.044767e-03, -1.580018e-03
8.176118, -7.473507e-03, -2.742940e-03, -2.742940e-03, -1.139389e-03
8.191457, -7.146204e-03, -2.397734e-03, -2.397734e-03, -6.959982e-04
8.206797, -6.666662e-03, -2.003239e-03, -2.003239e-03, -2.558645e-04
8.222137, -6.055850e-03, -1.560289e-03, -1.560289e-03, 1.770249e-04
8.237477, -5.340175e-03, -1.076862e-03, -1.076862e-03, 6.005817e-04
8.252817, -4.547949e-03, -5.670324e-04, -5.670324e-04, 1.014106e-03
8.268156, -3.706388e-03, -4.881244e-05, -4.881244e-05, 1.417510e-03
8.283496, -2.839526e-03, 4.585537e-04, 4.585537e-04, 1.810457e-03
8.298836, -1.967230e-03, 9.372153e-04, 9.372153e-04, 2.191666e-03
8.314176, -1.105240e-03, 1.372738e-03, 1.372738e-03, 2.558654e-03
8.329516, -2.658967e-04, 1.755222e-03, 1.755222e-03, 2.908002e-03
8.344855, 5.407928e-04, 2.079500e-03, 2.079500e-03, 3.236138e-03
8.360195, 1.306096e-03, 2.344599e-03, 2.344599e-03, 3.540453e-03
8.375535, 2.021722e-03, 2.552855e-03, 2.552855e-03, 3.820430e-03
8.390875, 2.679414e-03, 2.709013e-03, 2.709013e-03, 4.078397e-03
8.406215, 3.271009e-03, 2.819611e-03, 2.819611e-03, 4.319557e-03
8.421555, 3.788902e-03, 2.892687e-03, 2.892687e-03, 4.551247e-03
8.436894, 4.226803e-03, 2.937713e-03, 2.937713e-03, 4.781495e-03
8.452234, 4.580683e-03, 2.965495e-03, 2.965495e-03, 5.017140e-03
8.467574, 4.849671e-03, 2.987769e-03, 2.987769e-03, 5.261972e-03
8.482914, 5.036696e-03, 3.016317e-03, 3.016317e-03, 5.515319e-03
8.498254, 5.148697e-03, 3.061621e-03, 3.061621e-03, 5.771387e-03
8.513593, 5.196346e-03, 3.131275e-03, 3.131275e-03, 6.019451e-03
8.528933, 5.193263e-03, 3.228527e-03, 3.228527e-03, 6.244893e-03
8.544273, 5.154816e-03, 3.351355e-03, 3.351355e-03, 6.430879e-03
8.559613, 5.096741e-03, 3.492379e-03, 3.492379e-03, 6.560389e-03
8.574953, 5.033782e-03, 3.639724e-03, 3.639724e-03, 6.618259e-03
8.590292, 4.978488e-03, 3.778690e-03, 3.778690e-03, 6.593026e-03
8.605632, 4.940241e-03, 3.893889e-03, 3.893889e-03, 6.478329e-03
8.620972, 4.924554e-03, 3.971423e-03, 3.971423e-03, 6.273709e-03
8.636312, 4.932641e-03, 4.000683e-03, 4.000683e-03, 5.984685e-03
8.651652, 4.961218e-03, 3.975499e-03, 3.975499e-03, 5.622155e-03
8.666991, 5.002658e-03, 3.894567e-03, 3.894567e-03, 5.201171e-03
8.682331, 5.045669e-03, 3.761239e-03, 3.761239e-03, 4.739241e-03
8.697671, 5.076597e-03, 3.582905e-03, 3.582905e-03, 4.254459e-03
8.713011, 5.081385e-03, 3.370174e-03, 3.370174e-03, 3.763790e-03
8.728351, 5.048035e-03, 3.136025e-03, 3.136025e-03, 3.281780e-03
8.743690, 4.969238e-03, 2.894987e-03, 2.894987e-03, 2.819809e-03
8.759030, 4.844599e-03, 2.662302e-03, 2.662302e-03, 2.385958e-03
8.774370, 4.681883e-03, 2.452996e-03, 2.452996e-03, 1.985308e-03
8.789710, 4.496883e-03, 2.280816e-03, 2.280816e-03, 1.620420e-03
8.805050, 4.311772e-03, 2.157035e-03, 2.157035e-03, 1.291743e-03
8.820390, 4.152124e-03, 2.089287e-03, 2.089287e-03, 9.979068e-04
8.835729, 4.043151e-03, 2.080606e-03, 2.080606e-03, 7.359635e-04
8.851069, 4.005916e-03, 2.128923e-03, 2.128923e-03, 5.017686e-04
8.866409, 4.054240e-03, 2.227202e-03, 2.227202e-03, 2.907497e-04
8.881749, 4.192800e-03, 2.364308e-03, 2.364308e-03, 9.919673e-05
8.897089, 4.416672e-03, 2.526549e-03, 2.526549e-03, -7.410596e-05
8.912428, 4.712262e-03, 2.699683e-03, 2.699683e-03, -2.263737e-04
8.927768, 5.059252e-03, 2.871046e-03, 2.871046e-03, -3.500279e-04
8.943108, 5.433113e-03, 3.031396e-03, 3.031396e-03, -4.331649e-04
8.958448, 5.807766e-03, 3.176058e-03, 3.176058e-03, -4.616073e-04
8.973788, 6.158065e-03, 3.305080e-03, 3.305080e-03, -4.223696e-04
8.989127, 6.461826e-03, 3.422270e-03, 3.422270e-03, -3.078256e-04
9.004467, 6.701241e-03, 3.533250e-03, 3.533250e-03, -1.195391e-04
9.019807, 6.863629e-03, 3.642894e-03, 3.642894e-03, 1.293076e-04
9.035147, 6.941481e-03, 3.752713e-03, 3.752713e-03, 4.137328e-04
9.050487, 6.931799e-03, 3.858836e-03, 3.858836e-03, 6.993607e-04
9.065826, 6.834924e-03, 3.951152e-03, 3.951152e-03, 9.470528e-04
9.081166, 6.653170e-03, 4.013959e-03, 4.013959e-03, 1.118816e-03
9.096506, 6.389633e-03, 4.028120e-03, 4.028120e-03, 1.183770e-03
9.111846, 6.047542e-03, 3.974334e-03, 3.974334e-03, 1.122976e-03
9.127186, 5.630405e-03, 3.836843e-03, 3.836843e-03, 9.321957e-04
9.142525, 5.142956e-03, 3.606727e-03, 3.606727e-03, 6.221785e-04
9.157865, 4.592552e-03, 3.284009e-03, 3.284009e-03, 2.166645e-04
9.173205, 3.990462e-03, 2.878083e-03, 2.878083e-03, -2.512877e-04
9.188545, 3.352438e-03, 2.406361e-03, 2.406361e-03, -7.438807e-04
9.203885, 2.698082e-03, 1.891507e-03, 1.891507e-03, -1.223267e-03
9.219225, 2.048811e-03, 1.357936e-03, 1.357936e-03, -1.655673e-03
9.234564, 1.424656e-03, 8.284095e-04, 8.284095e-04, -2.014549e-03
9.249904, 8.405960e-04, 3.214608e-04, 3.214608e-04, -2.282587e-03
9.265244, 3.033102e-04, -1.498936e-04, -1.498936e-04, -2.452546e-03
9.280584, -1.907953e-04, -5.780913e-04, -5.780913e-04, -2.526888e-03
9.295924, -6.556041e-04, -9.599057e-04, -9.599057e-04, -2.516366e-03
9.311263, -1.113120e-03, -1.294810e-03, -1.294810e-03, -2.437779e-03
9.326603, -1.589438e-03, -1.583427e-03, -1.583427e-03, -2.311176e-03
9.341943, -2.109621e-03, -1.826536e-03, -1.826536e-03, -2.156891e-03
9.357283, -2.692466e-03, -2.024876e-03, -2.024876e-03, -1.992892e-03
9.372623, -3.346183e-03, -2.179678e-03, -2.179678e-03, -1.832889e-03
9.387962, -4.065814e-03, -2.293609e-03, -2.293609e-03, -1.685418e-03
9.403302, -4.832846e-03, -2.371718e-03, -2.371718e-03, -1.553933e-03
9.418642, -5.616942e-03, -2.421932e-03, -2.421932e-03, -1.437758e-03
9.433982, -6.379391e-03, -2.454817e-03, -2.454817e-03, -1.333509e-03
9.449322, -7.077649e-03, -2.482517e-03, -2.482517e-03, -1.236564e-03
9.464661, -7.670197e-03, -2.516997e-03, -2.516997e-03, -1.142233e-03
9.480001, -8.121031e-03, -2.567932e-03, -2.567932e-03, -1.046518e-03
9.495341, -8.403304e-03, -2.640641e-03, -2.640641e-03, -9.464449e-04
9.510681, -8.501867e-03, -2.734545e-03, -2.734545e-03, -8.401008e-04
9.526021, -8.414608e-03, -2.842497e-03, -2.842497e-03, -7.265977e-04
9.541361, -8.152585e-03, -2.951195e-03, -2.951195e-03, -6.061450e-04
9.556700, -7.739090e-03, -3.042726e-03, -3.042726e-03, -4.802684e-04
9.572040, -7.207723e-03, -3.097019e-03, -3.097019e-03, -3.521284e-04
9.587380, -6.599571e-03, -3.094879e-03, -3.094879e-03, -2.268603e-04
9.602720, -5.959611e-03, -3.021098e-03, -3.021098e-03, -1.117963e-04
9.618060, -5.332582e-03, -2.867156e-03, -2.867156e-03, -1.639370e-05
9.633399, -4.758673e-03, -2.633068e-03, -2.633068e-03, 4.824147e-05
9.648739, -4.269435e-03, -2.328090e-03, -2.328090e-03, 7.027455e-05
9.664079, -3.884481e-03, -1.970183e-03, -1.970183e-03, 3.851526e-05
9.679419, -3.609494e-03, -1.584330e-03, -1.584330e-03, -5.582147e-05
9.694759, -3.435939e-03, -1.199949e-03, -1.199949e-03, -2.171905e-04
9.710098, -3.342600e-03, -8.477503e-04, -8.477503e-04, -4.439656e-04
9.725438, -3.298821e-03, -5.564102e-04, -5.564102e-04, -7.272218e-04
9.740778, -3.269037e-03, -3.494380e-04, -3.494380e-04, -1.050395e-03
9.756118, -3.217867e-03, -2.425812e-04, -2.425812e-04, -1.390083e-03
9.771458, -3.114985e-03, -2.420704e-04, -2.420704e-04, -1.718042e-03
9.786797, -2.939012e-03, -3.439471e-04, -3.439471e-04, -2.004122e-03
9.802137, -2.679882e-03, -5.346175e-04, -5.346175e-04, -2.219735e-03
9.817477, -2.339360e-03, -7.926271e-04, -7.926271e-04, -2.341350e-03
9.832817, -1.929778e-03, -1.091457e-03, -1.091457e-03, -2.353470e-03
9.848157, -1.471379e-03, -1.402953e-03, -1.402953e-03, -2.250679e-03
9.863496, -9.888518e-04, -1.700831e-03, -1.700831e-03, -2.038509e-03
9.878836, -5.076964e-04, -1.963688e-03, -1.963688e-03, -1.733095e-03
9.894176, -5.105840e-05, -2.176999e-03, -2.176999e-03, -1.359682e-03
9.909516, 3.625103e-04, -2.333833e-03, -2.333833e-03, -9.501344e-04
9.924856, 7.201825e-04, -2.434287e-03, -2.434287e-03, -5.397090e-04
9.940196, 1.014945e-03, -2.483891e-03, -2.483891e-03, -1.634166e-04
9.955535, 1.244878e-03, -2.491461e-03, -2.491461e-03, 1.476608e-04
9.970875, 1.411984e-03, -2.466859e-03, -2.466859e-03, 3.696640e-04
9.986215, 1.520953e-03, -2.419079e-03, -2.419079e-03, 4.883829e-04
10.001555, 1.578173e-03, -2.354886e-03, -2.354886e-03, 5.004414e-04
10.016895, 1.591090e-03, -2.278065e-03, -2.278065e-03, 4.130863e-04
10.032234, 1.567912e-03, -2.189220e-03, -2.189220e-03, 2.426619e-04
10.047574, 1.517543e-03, -2.085994e-03, -2.085994e-03, 1.209188e-05
10.062914, 1.449492e-03, -1.963637e-03, -1.963637e-03, -2.520870e-04
10.078254, 1.373560e-03, -1.815875e-03, -1.815875e-03, -5.225417e-04
10.093594, 1.299154e-03, -1.636052e-03, -1.636052e-03, -7.733617e-04
10.108933, 1.234291e-03, -1.418507e-03, -1.418507e-03, -9.814829e-04
10.124273, 1.184430e-03, -1.160038e-03, -1.160038e-03, -1.127363e-03
10.139613, 1.151413e-03, -8.612444e-04, -8.612444e-04, -1.195185e-03
10.154953, 1.132875e-03, -5.274427e-04, -5.274427e-04, -1.172989e-03
10.170293, 1.122401e-03, -1.689016e-04, -1.689016e-04, -1.053076e-03
10.185632, 1.110500e-03, 1.997679e-04, 1.997679e-04, -8.327876e-04
10.200972, 1.086282e-03, 5.610426e-04, 5.610426e-04, -5.155296e-04
10.216312, 1.039506e-03, 8.965190e-04, 8.965190e-04, -1.117307e-04
10.231652, 9.625423e-04, 1.189172e-03, 1.189172e-03, 3.607412e-04
10.246992, 8.517460e-04, 1.425407e-03, 1.425407e-03, 8.771389e-04
10.262331, 7.079583e-04, 1.596516e-03, 1.596516e-03, 1.407593e-03
10.277671, 5.361087e-04, 1.699305e-03, 1.699305e-03, 1.919959e-03
10.293011, 3.441424e-04, 1.735849e-03, 1.735849e-03, 2.383340e-03
10.308351, 1.416875e-04, 1.712528e-03, 1.712528e-03, 2.771643e-03
10.323691, -6.105494e-05, 1.638639e-03, 1.638639e-03, 3.066379e-03
10.339031, -2.538552e-04, 1.524909e-03, 1.524909e-03, 3.258069e-03
10.354370, -4.263959e-04, 1.382215e-03, 1.382215e-03, 3.345977e-03
10.369710, -5.678587e-04, 1.220698e-03, 1.220698e-03, 3.336334e-03
10.385050, -6.665876e-04, 1.049327e-03, 1.049327e-03, 3.239617e-03
10.400390, -7.103019e-04, 8.758545e-04, 8.758545e-04, 3.067721e-03
10.415730, -6.871860e-04, 7.070241e-04, 7.070241e-04, 2.831898e-03
10.431069, -5.878351e-04, 5.488734e-04, 5.488734e-04, 2.542007e-03
10.446409, -4.076531e-04, 4.069804e-04, 4.069804e-04, 2.207125e-03
10.461749, -1.490607e-04, 2.865720e-04, 2.865720e-04, 1.837072e-03
10.477089, 1.771773e-04, 1.924704e-04, 1.924704e-04, 1.444050e-03
10.492429, 5.520560e-04, 1.289092e-04, 1.289092e-04, 1.043548e-03
10.507768, 9.500700e-04, 9.929475e-05, 9.929475e-05, 6.538528e-04
10.523108, 1.342330e-03, 1.059925e-04, 1.059925e-04, 2.941181e-04
10.538448, 1.700436e-03, 1.502037e-04, 1.502037e-04, -1.856793e-05
10.553788, 2.000318e-03, 2.319613e-04, 2.319613e-04, -2.722612e-04
10.569128, 2.225273e-03, 3.502226e-04, 3.502226e-04, -4.624461e-04
10.584467, 2.367627e-03, 5.030004e-04, 5.030004e-04, -5.927669e-04
10.599807, 2.428776e-03, 6.874534e-04, 6.874534e-04, -6.739411e-04
10.615147, 2.417763e-03, 8.998701e-04, 8.998701e-04, -7.211593e-04
10.630487, 2.348800e-03, 1.135527e-03, 1.135527e-03, -7.506815e-04
10.645827, 2.238273e-03, 1.388462e-03, 1.388462e-03, -7.765010e-04
10.661166, 2.101845e-03, 1.651265e-03, 1.651265e-03, -8.078646e-04
10.676506, 1.952195e-03, 1.915020e-03, 1.915020e-03, -8.481395e-04
10.691846, 1.797756e-03, 2.169496e-03, 2.169496e-03, -8.950762e-04
10.707186, 1.642614e-03, 2.403664e-03, 2.403664e-03, -9.421627e-04
10.722526, 1.487529e-03, 2.606468e-03, 2.606468e-03, -9.805985e-04
10.737866, 1.331846e-03, 2.767738e-03, 2.767738e-03, -1.001398e-03
10.753205, 1.175814e-03, 2.879058e-03, 2.879058e-03, -9.972202e-04
10.768545, 1.022736e-03, 2.934425e-03, 2.934425e-03, -9.636893e-04
10.783885, 8.803847e-04, 2.930598e-03, 2.930598e-03, -9.001853e-04
10.799225, 7.612053e-04, 2.867140e-03, 2.867140e-03, -8.101288e-04
10.814565, 6.810719e-04, 2.746269e-03, 2.746269e-03, -7.008016e-04
10.829904, 6.567120e-04, 2.572655e-03, 2.572655e-03, -5.827322e-04
10.845244, 7.022996e-04, 2.353293e-03, 2.353293e-03, -4.686799e-04
10.860584, 8.259590e-04, 2.097492e-03, 2.097492e-03, -3.722321e-04
10.875924, 1.027005e-03, 1.816904e-03, 1.816904e-03, -3.060700e-04
10.891264, 1.294662e-03, 1.525407e-03, 1.525407e-03, -2.800791e-04
10.906603, 1.608689e-03, 1.238650e-03, 1.238650e-03, -2.995839e-04
10.921943, 1.941882e-03, 9.731075e-04, 9.731075e-04, -3.640120e-04
10.937283, 2.263956e-03, 7.446343e-04, 7.446343e-04, -4.662863e-04
10.952623, 2.546002e-03, 5.666861e-04, 5.666861e-04, -5.931823e-04
10.967963, 2.764616e-03, 4.485277e-04, 4.485277e-04, -7.267208e-04
10.983302, 2.904803e-03, 3.938271e-04, 3.938271e-04, -8.464195e-04
10.998642, 2.961163e-03, 4.000079e-04, 4.000079e-04, -9.320463e-04
11.013982, 2.937254e-03, 4.585962e-04, 4.585962e-04, -9.664069e-04
11.029322, 2.843485e-03, 5.565807e-04, 5.565807e-04, -9.376507e-04
11.044662, 2.694148e-03, 6.785679e-04, 6.785679e-04, -8.406527e-04
11.060001, 2.504340e-03, 8.093130e-04, 8.093130e-04, -6.772582e-04
11.075341, 2.287512e-03, 9.360982e-04, 9.360982e-04, -4.554484e-04
11.090681, 2.054033e-03, 1.050438e-03, 1.050438e-03, -1.876920e-04
11.106021, 1.810894e-03, 1.148728e-03, 1.148728e-03, 1.111076e-04
11.121361, 1.562353e-03, 1.231672e-03, 1.231672e-03, 4.256019e-04
11.136701, 1.311147e-03, 1.302617e-03, 1.302617e-03, 7.415523e-04
11.152040, 1.059764e-03, 1.365168e-03, 1.365168e-03, 1.046798e-03
11.167380, 8.113790e-04, 1.420666e-03, 1.420666e-03, 1.331682e-03
11.182720, 5.702181e-04, 1.466158e-03, 1.466158e-03, 1.589092e-03
11.198060, 3.413233e-04, 1.493440e-03, 1.493440e-03, 1.814350e-03
11.213400, 1.298358e-04, 1.489492e-03, 1.489492e-03, 2.005127e-03
11.228739, -5.997691e-05, 1.438321e-03, 1.438321e-03, 2.161447e-03
11.244079, -2.256680e-04, 1.323873e-03, 1.323873e-03, 2.285623e-03
11.259419, -3.673307e-04, 1.133380e-03, 1.133380e-03, 2.381975e-03
11.274759, -4.879819e-04, 8.603819e-04, 8.603819e-04, 2.456163e-03
11.290099, -5.935550e-04, 5.066980e-04, 5.066980e-04, 2.514101e-03
11.305438, -6.924898e-04, 8.288161e-05, 8.288161e-05, 2.560577e-03
11.320778, -7.949745e-04, -3.929453e-04, -3.929453e-04, 2.597914e-03
11.336118, -9.119038e-04, -8.975905e-04, -8.975905e-04, 2.625093e-03
11.351458, -1.053608e-03, -1.406029e-03, -1.406029e-03, 2.637654e-03
11.366798, -1.228442e-03, -1.894654e-03, -1.894654e-03, 2.628505e-03
11.382137, -1.441400e-03, -2.343897e-03, -2.343897e-03, 2.589528e-03
11.397477, -1.692976e-03, -2.739778e-03, -2.739778e-03, 2.513571e-03
11.412817, -1.978461e-03, -3.074315e-03, -3.074315e-03, 2.396268e-03
11.428157, -2.287896e-03, -3.344950e-03, -3.344950e-03, 2.237146e-03
11.443497, -2.606826e-03, -3.553386e-03, -3.553386e-03, 2.039739e-03
11.458836, -2.917843e-03, -3.704220e-03, -3.704220e-03, 1.810694e-03
11.474176, -3.202725e-03, -3.803696e-03, -3.803696e-03, 1.558187e-03
11.489516, -3.444845e-03, -3.858719e-03, -3.858719e-03, 1.290187e-03
11.504856, -3.631432e-03, -3.876121e-03, -3.876121e-03, 1.013146e-03
11.520196, -3.755218e-03, -3.862081e-03, -3.862081e-03, 7.314992e-04
11.535536, -3.815098e-03, -3.821608e-03, -3.821608e-03, 4.480412e-04
11.550875, -3.815661e-03, -3.758077e-03, -3.758077e-03, 1.649646e-04
11.566215, -3.765687e-03, -3.672884e-03, -3.672884e-03, -1.148858e-04
11.581555, -3.675944e-03, -3.565388e-03, -3.565388e-03, -3.870769e-04
11.596895, -3.556809e-03, -3.433255e-03, -3.433255e-03, -6.453553e-04
11.612235, -3.416320e-03, -3.273260e-03, -3.273260e-03, -8.822138e-04
11.627574, -3.259166e-03, -3.082442e-03, -3.082442e-03, -1.090072e-03
11.642914, -3.086840e-03, -2.859353e-03, -2.859353e-03, -1.262694e-03
11.658254, -2.898909e-03, -2.605090e-03, -2.605090e-03, -1.396374e-03
11.673594, -2.695051e-03, -2.323768e-03, -2.323768e-03, -1.490496e-03
11.688934, -2.477263e-03, -2.022261e-03, -2.022261e-03, -1.547334e-03
11.704273, -2.251582e-03, -1.709224e-03, -1.709224e-03, -1.571241e-03
11.719613, -2.028797e-03, -1.393627e-03, -1.393627e-03, -1.567542e-03
11.734953, -1.823880e-03, -1.083223e-03, -1.083223e-03, -1.541517e-03
11.750293, -1.654164e-03, -7.833791e-04, -7.833791e-04, -1.497850e-03
11.765633, -1.536562e-03, -4.966443e-04, -4.966443e-04, -1.440676e-03
11.780972, -1.484390e-03, -2.231928e-04, -2.231928e-04, -1.374130e-03
11.796312, -1.504407e-03, 3.798722e-05, 3.798722e-05, -1.303105e-03
11.811652, -1.594616e-03, 2.875207e-04, 2.875207e-04, -1.233848e-03
11.826992, -1.743273e-03, 5.241909e-04, 5.241909e-04, -1.174098e-03
11.842332, -1.929368e-03, 7.440826e-04, 7.440826e-04, -1.132571e-03
11.857671, -2.124591e-03, 9.406372e-04, 9.406372e-04, -1.117880e-03
11.873011, -2.296545e-03, 1.105669e-03, 1.105669e-03, -1.137173e-03
11.888351, -2.412806e-03, 1.231108e-03, 1.231108e-03, -1.194848e-03
11.903691, -2.445213e-03, 1.311006e-03, 1.311006e-03, -1.291676e-03
11.919031, -2.373710e-03, 1.343277e-03, 1.343277e-03, -1.424570e-03
11.934371, -2.189045e-03, 1.330667e-03, 1.330667e-03, -1.587014e-03
11.949710, -1.893873e-03, 1.280664e-03, 1.280664e-03, -1.769998e-03
11.965050, -1.502085e-03, 1.204328e-03, 1.204328e-03, -1.963143e-03
11.980390, -1.036534e-03, 1.114285e-03, 1.114285e-03, -2.155754e-03
11.995730, -5.256652e-04, 1.022356e-03, 1.022356e-03, -2.337576e-03
12.011070, 2.386920e-07, 9.373762e-04, 9.373762e-04, -2.499200e-03
12.026409, 5.124546e-04, 8.637323e-04, 8.637323e-04, -2.632151e-03
12.041749, 9.863744e-04, 8.009721e-04, 8.009721e-04, -2.728896e-03
12.057089, 1.402981e-03, 7.445708e-04, 7.445708e-04, -2.782948e-03
12.072429, 1.749333e-03, 6.876780e-04, 6.876780e-04, -2.789189e-03
12.087769, 2.018388e-03, 6.234202e-04, 6.234202e-04, -2.744445e-03
12.103108, 2.208576e-03, 5.472036e-04, 5.472036e-04, -2.648222e-03
12.118448, 2.323384e-03, 4.584671e-04, 4.584671e-04, -2.503394e-03
12.133788, 2.371025e-03, 3.614667e-04, 3.614667e-04, -2.316570e-03
12.149128, 2.364063e-03, 2.649112e-04, 2.649112e-04, -2.097967e-03
12.164468, 2.318763e-03, 1.805391e-04, 1.805391e-04, -1.860648e-03
12.179807, 2.253923e-03, 1.209713e-04, 1.209713e-04, -1.619142e-03
12.195147, 2.189100e-03, 9.732504e-05, 9.732504e-05, -1.387573e-03
12.210487, 2.142416e-03, 1.171076e-04, 1.171076e-04, -1.177571e-03
12.225827, 2.128285e-03, 1.828140e-04, 1.828140e-04, -9.963227e-04
12.241167, 2.155480e-03, 2.914651e-04, 2.914651e-04, -8.450952e-04
12.256506, 2.225987e-03, 4.350992e-04, 4.350992e-04, -7.185629e-04
12.271846, 2.334887e-03, 6.020230e-04, 6.020230e-04, -6.051833e-04
12.287186, 2.471325e-03, 7.784914e-04, 7.784914e-04, -4.886913e-04
12.302526, 2.620362e-03, 9.504495e-04, 9.504495e-04, -3.505930e-04
12.317866, 2.765342e-03, 1.105021e-03, 1.105021e-03, -1.733703e-04
12.333206, 2.890345e-03, 1.231554e-03, 1.231554e-03, 5.605093e-05
12.348545, 2.982260e-03, 1.322173e-03, 1.322173e-03, 3.431568e-04
12.363885, 3.032099e-03, 1.371920e-03, 1.371920e-03, 6.836297e-04
12.379225, 3.035365e-03, 1.378612e-03, 1.378612e-03, 1.062553e-03
12.394565, 2.991464e-03, 1.342586e-03, 1.342586e-03, 1.455345e-03
12.409905, 2.902374e-03, 1.266409e-03, 1.266409e-03, 1.830457e-03
12.425244, 2.770942e-03, 1.154596e-03, 1.154596e-03, 2.153551e-03
12.440584, 2.599353e-03, 1.013290e-03, 1.013290e-03, 2.392499e-03
12.455924, 2.388257e-03, 8.498384e-04, 8.498384e-04, 2.522398e-03
12.471264, 2.136871e-03, 6.722029e-04, 6.722029e-04, 2.529670e-03
12.486604, 1.844137e-03, 4.882144e-04, 4.882144e-04, 2.414477e-03
12.501943, 1.510690e-03, 3.047522e-04, 3.047522e-04, 2.190907e-03
12.517283, 1.141067e-03, 1.269994e-04, 1.269994e-04, 1.884869e-03
12.532623, 7.454505e-04, -4.203822e-05, -4.203822e-05, 1.530085e-03
12.547963, 3.403134e-04, -2.015955e-04, -2.015955e-04, 1.162939e-03
12.563303, -5.242137e-05, -3.527239e-04, -3.527239e-04, 8.171662e-04
12.578642, -4.077295e-04, -4.974402e-04, -4.974402e-04, 5.193907e-04
12.593982, -7.009373e-04, -6.376397e-04, -6.376397e-04, 2.863125e-04
12.609322, -9.115502e-04, -7.740524e-04, -7.740524e-04, 1.239114e-04
12.624662, -1.026625e-03, -9.055333e-04, -9.055333e-04, 2.861740e-05
12.640002, -1.042975e-03, -1.028897e-03, -1.028897e-03, -1.000218e-05
12.655342, -9.677844e-04, -1.139362e-03, -1.139362e-03, -5.773925e-06
12.670681, -8.175369e-04, -1.231485e-03, -1.231485e-03, 2.750535e-05
12.686021, -6.155815e-04, -1.300326e-03, -1.300326e-03, 7.875218e-05
12.701361, -3.888673e-04, -1.342526e-03, -1.342526e-03, 1.411145e-04
12.716701, -1.644690e-04, -1.356973e-03, -1.356973e-03, 2.121998e-04
12.732041, 3.355117e-05, -1.344928e-03, -1.344928e-03, 2.931900e-04
12.747380, 1.865262e-04, -1.309554e-03, -1.309554e-03, 3.872517e-04
12.762720, 2.825857e-04, -1.255051e-03, -1.255051e-03, 4.977306e-04
12.778060, 3.170387e-04, -1.185612e-03, -1.185612e-03, 6.265388e-04
12.793400, 2.918233e-04, -1.104503e-03, -1.104503e-03, 7.730078e-04
12.808740, 2.141697e-04, -1.013465e-03, -1.013465e-03, 9.333225e-04
12.824079, 9.469678e-05, -9.125510e-04, -9.125510e-04, 1.100492e-03
12.839419, -5.477385e-05, -8.003791e-04, -8.003791e-04, 1.264717e-03
12.854759, -2.233738e-04, -6.747090e-04, -6.747090e-04, 1.414050e-03
12.870099, -4.029984e-04, -5.331838e-04, -5.331838e-04, 1.535290e-03
12.885439, -5.894578e-04, -3.740934e-04, -3.740934e-04, 1.615133e-03
12.900778, -7.827311e-04, -1.970348e-04, -1.970348e-04, 1.641566e-03
12.916118, -9.862470e-04, -3.386275e-06, -3.386275e-06, 1.605481e-03
12.931458, -1.205306e-03, 2.034534e-04, 2.034534e-04, 1.502335e-03
12.946798, -1.444920e-03, 4.180821e-04, 4.180821e-04, 1.333552e-03
12.962138, -1.707500e-03, 6.333667e-04, 6.333667e-04, 1.107254e-03
12.977477, -1.990887e-03, 8.409439e-04, 8.409439e-04, 8.380058e-04
12.992817, -2.287198e-03, 1.031898e-03, 1.031898e-03, 5.453934e-04
13.008157, -2.582784e-03, 1.197539e-03, 1.197539e-03, 2.515461e-04
13.023497, -2.859358e-03, 1.330193e-03, 1.330193e-03, -2.200506e-05
13.038837, -3.096179e-03, 1.423919e-03, 1.423919e-03, -2.574822e-04
13.054177, -3.272862e-03, 1.475084e-03, 1.475084e-03, -4.433468e-04
13.069516, -3.372277e-03, 1.482760e-03, 1.482760e-03, -5.755838e-04
13.084856, -3.382970e-03, 1.448933e-03, 1.448933e-03, -6.575225e-04
13.100196, -3.300663e-03, 1.378501e-03, 1.378501e-03, -6.982879e-04
13.115536, -3.128568e-03, 1.279078e-03, 1.279078e-03, -7.103266e-04
13.130876, -2.876527e-03, 1.160548e-03, 1.160548e-03, -7.066487e-04
13.146215, -2.559257e-03, 1.034398e-03, 1.034398e-03, -6.984220e-04
13.161555, -2.194142e-03, 9.127933e-04, 9.127933e-04, -6.933963e-04
13.176895, -1.799050e-03, 8.074794e-04, 8.074794e-04, -6.953949e-04
13.192235, -1.390563e-03, 7.286092e-04, 7.286092e-04, -7.048067e-04
13.207575, -9.828862e-04, 6.836419e-04, 6.836419e-04, -7.197464e-04
13.222914, -5.874349e-04, 6.764798e-04, 6.764798e-04, -7.374319e-04
13.238254, -2.129673e-04, 7.069689e-04, 7.069689e-04, -7.553423e-04
13.253594, 1.340071e-04, 7.708240e-04, 7.708240e-04, -7.718198e-04
13.268934, 4.487702e-04, 8.599598e-04, 8.599598e-04, -7.859608e-04
13.284274, 7.280758e-04, 9.631478e-04, 9.631478e-04, -7.968820e-04
13.299613, 9.700520e-04, 1.066887e-03, 1.066887e-03, -8.026504e-04
13.314953, 1.174287e-03, 1.156384e-03, 1.156384e-03, -7.992616e-04
13.330293, 1.341984e-03, 1.216593e-03, 1.216593e-03, -7.800516e-04
13.345633, 1.476090e-03, 1.233272e-03, 1.233272e-03, -7.358533e-04
13.360973, 1.581296e-03, 1.194090e-03, 1.194090e-03, -6.560142e-04
13.376312, 1.663858e-03, 1.089750e-03, 1.089750e-03, -5.301457e-04
13.391652, 1.731204e-03, 9.151030e-04, 9.151030e-04, -3.502709e-04
13.406992, 1.791341e-03, 6.701154e-04, 6.701154e-04, -1.129361e-04
13.422332, 1.852070e-03, 3.605585e-04, 3.605585e-04, 1.791807e-04
13.437672, 1.920048e-03, -1.785189e-06, -1.785189e-06, 5.165506e-04
13.453012, 1.999735e-03, -3.995379e-04, -3.995379e-04, 8.831582e-04
13.468351, 2.092392e-03, -8.108411e-04, -8.108411e-04, 1.257912e-03
13.483691, 2.195289e-03, -1.211127e-03, -1.211127e-03, 1.616886e-03
13.499031, 2.301347e-03, -1.575380e-03, -1.575380e-03, 1.936053e-03
13.514371, 2.399418e-03, -1.880621e-03, -1.880621e-03, 2.194063e-03
13.529711, 2.475337e-03, -2.108272e-03, -2.108272e-03, 2.374649e-03
13.545050, 2.513712e-03, -2.246080e-03, -2.246080e-03, 2.468310e-03
13.560390, 2.500213e-03, -2.289314e-03, -2.289314e-03, 2.473063e-03
13.575730, 2.423999e-03, -2.241087e-03, -2.241087e-03, 2.394161e-03
13.591070, 2.279814e-03, -2.111780e-03, -2.111780e-03, 2.242875e-03
13.606410, 2.069258e-03, -1.917660e-03, -1.917660e-03, 2.034583e-03
13.621749, 1.800918e-03, -1.678924e-03, -1.678924e-03, 1.786539e-03
13.637089, 1.489256e-03, -1.417420e-03, -1.417420e-03, 1.515674e-03
13.652429, 1.152427e-03, -1.154339e-03, -1.154339e-03, 1.236817e-03
13.667769, 8.094083e-04, -9.081195e-04, -9.081195e-04, 9.615408e-04
13.683109, 4.770336e-04, -6.927908e-04, -6.927908e-04, 6.977030e-04
13.698448, 1.675257e-04, -5.168954e-04, -5.168954e-04, 4.495611e-04
13.713788, -1.129540e-04, -3.830882e-04, -3.830882e-04, 2.182510e-04
13.729128, -3.644675e-04, -2.884415e-04, -2.884415e-04, 2.417516e-06
13.744468, -5.921485e-04, -2.254145e-04, -2.254145e-04, -2.011751e-04
13.759808, -8.039963e-04, -1.833682e-04, -1.833682e-04, -3.971174e-04
13.775147, -1.008132e-03, -1.504331e-04, -1.504331e-04, -5.908482e-04
13.790487, -1.210140e-03, -1.154699e-04, -1.154699e-04, -7.880646e-04
13.805827, -1.411081e-03, -6.983861e-05, -6.983861e-05, -9.939915e-04
13.821167, -1.606606e-03, -8.702763e-06, -8.702763e-06, -1.212538e-03
13.836507, -1.787375e-03, 6.833110e-05, 6.833110e-05, -1.445444e-03
13.851847, -1.940636e-03, 1.573291e-04, 1.573291e-04, -1.691622e-03
13.867186, -2.052575e-03, 2.508566e-04, 2.508566e-04, -1.946883e-03
13.882526, -2.110869e-03, 3.393428e-04, 3.393428e-04, -2.204178e-03
13.897866, -2.106899e-03, 4.127207e-04, 4.127207e-04, -2.454308e-03
13.913206, -2.037161e-03, 4.620420e-04, 4.620420e-04, -2.686990e-03
13.928546, -1.903676e-03, 4.807974e-04, 4.807974e-04, -2.892052e-03
13.943885, -1.713438e-03, 4.657558e-04, 4.657558e-04, -3.060522e-03
13.959225, -1.477215e-03, 4.172479e-04, 4.172479e-04, -3.185441e-03
13.974565, -1.208064e-03, 3.389366e-04, 3.389366e-04, -3.262309e-03
13.989905, -9.199214e-04, 2.372046e-04, 2.372046e-04, -3.289199e-03
14.005245, -6.265336e-04, 1.203260e-04, 1.203260e-04, -3.266582e-03
14.020584, -3.407807e-04, -2.418771e-06, -2.418771e-06, -3.196926e-03
14.035924, -7.428986e-05, -1.215714e-04, -1.215714e-04, -3.084152e-03
14.051264, 1.628481e-04, -2.282175e-04, -2.282175e-04, -2.932983e-03
14.066604, 3.624093e-04, -3.145954e-04, -3.145954e-04, -2.748219e-03
14.081944, 5.184795e-04, -3.746089e-04, -3.746089e-04, -2.534062e-03
14.097283, 6.279552e-04, -4.042472e-04, -4.042472e-04, -2.293646e-03
14.112623, 6.909275e-04, -4.018892e-04, -4.018892e-04, -2.028952e-03
14.127963, 7.107421e-04, -3.684449e-04, -3.684449e-04, -1.741227e-03
14.143303, 6.936232e-04, -3.072807e-04, -3.072807e-04, -1.431912e-03
14.158643, 6.478766e-04, -2.239044e-04, -2.239044e-04, -1.103912e-03
14.173982, 5.828079e-04, -1.254257e-04, -1.254257e-04, -7.628442e-04
14.189322, 5.075830e-04, -1.986101e-05, -1.986101e-05, -4.178158e-04
14.204662, 4.302785e-04, 8.462381e-05, 8.462381e-05, -8.139063e-05
14.220002, 3.572782e-04, 1.804371e-04, 1.804371e-04, 2.314334e-04
14.235342, 2.930299e-04, 2.611825e-04, 2.611825e-04, 5.051066e-04
14.250682, 2.400752e-04, 3.221451e-04, 3.221451e-04, 7.258533e-04
14.266021, 1.992268e-04, 3.606349e-04, 3.606349e-04, 8.838415e-04
14.281361, 1.697752e-04, 3.761848e-04, 3.761848e-04, 9.746340e-04
14.296701, 1.496726e-04, 3.705777e-04, 3.705777e-04, 9.995894e-04
14.312041, 1.357451e-04, 3.476582e-04, 3.476582e-04, 9.651827e-04
14.327381, 1.240374e-04, 3.128828e-04, 3.128828e-04, 8.815363e-04
14.342720, 1.103527e-04, 2.725996e-04, 2.725996e-04, 7.606660e-04
14.358060, 9.096789e-05, 2.331226e-04, 2.331226e-04, 6.149524e-04
14.373400, 6.342597e-05, 1.997531e-04, 1.997531e-04, 4.561501e-04
14.388740, 2.722394e-05, 1.759582e-04, 1.759582e-04, 2.949839e-04
14.404080, -1.581587e-05, 1.629143e-04, 1.629143e-04, 1.411606e-04
14.419419, -6.163938e-05, 1.595435e-04, 1.595435e-04, 3.502677e-06
14.434759, -1.045402e-04, 1.630335e-04, 1.630335e-04, -1.100607e-04
14.450099, -1.381363e-04, 1.696835e-04, 1.696835e-04, -1.927368e-04
14.465439, -1.565746e-04, 1.758143e-04, 1.758143e-04, -2.392335e-04
14.480779, -1.557306e-04, 1.784691e-04, 1.784691e-04, -2.460413e-04
14.496118, -1.341700e-04, 1.757148e-04, 1.757148e-04, -2.114603e-04
14.511458, -9.369909e-05, 1.665100e-04, 1.665100e-04, -1.353116e-04
14.526798, -3.940278e-05, 1.502702e-04, 1.502702e-04, -1.844403e-05
14.542138, 2.087828e-05, 1.263723e-04, 1.263723e-04, 1.377216e-04
14.557478, 7.760772e-05, 9.385737e-05, 9.385737e-05, 3.313621e-04
14.572817, 1.210228e-04, 5.150567e-05, 5.150567e-05, 5.600361e-04
14.588157, 1.428008e-04, -1.692108e-06, -1.692108e-06, 8.201649e-04
14.603497, 1.376519e-04, -6.579977e-05, -6.579977e-05, 1.106432e-03
14.618837, 1.045175e-04, -1.391760e-04, -1.391760e-04, 1.411389e-03
14.634177, 4.707283e-05, -2.179522e-04, -2.179522e-04, 1.725494e-03
14.649517, -2.664760e-05, -2.959465e-04, -2.959465e-04, 2.037628e-03
14.664856, -1.054769e-04, -3.650917e-04, -3.650917e-04, 2.335951e-03
14.680196, -1.769736e-04, -4.163253e-04, -4.163253e-04, 2.608841e-03
14.695536, -2.295240e-04, -4.407832e-04, -4.407832e-04, 2.845674e-03
14.710876, -2.542110e-04, -4.310873e-04, -4.310873e-04, 3.037314e-03
14.726216, -2.460282e-04, -3.825136e-04, -3.825136e-04, 3.176299e-03
14.741555, -2.042171e-04, -2.938662e-04, -2.938662e-04, 3.256863e-03
14.756895, -1.317575e-04, -1.679382e-04, -1.679382e-04, 3.275001e-03
14.772235, -3.425574e-05, -1.150045e-05, -1.150045e-05, 3.228690e-03
14.787575, 8.137989e-05, 1.651834e-04, 1.651834e-04, 3.118277e-03
14.802915, 2.080642e-04, 3.492646e-04, 3.492646e-04, 2.946943e-03
14.818254, 3.391790e-04, 5.265399e-04, 5.265399e-04, 2.721066e-03
14.833594, 4.686767e-04, 6.828637e-04, 6.828637e-04, 2.450287e-03
14.848934, 5.907790e-04, 8.055765e-04, 8.055765e-04, 2.147167e-03
14.864274, 6.995382e-04, 8.847769e-04, 8.847769e-04, 1.826415e-03
14.879614, 7.885670e-04, 9.142929e-04, 9.142929e-04, 1.503797e-03
14.894953, 8.511745e-04, 8.922499e-04, 8.922499e-04, 1.194820e-03
14.910293, 8.809695e-04, 8.211982e-04, 8.211982e-04, 9.133965e-04
14.925633, 8.728127e-04, 7.078194e-04, 7.078194e-04, 6.706423e-04
14.940973, 8.238814e-04, 5.622731e-04, 5.622731e-04, 4.739630e-04
14.956313, 7.345513e-04, 3.972747e-04, 3.972747e-04, 3.265312e-04
14.971652, 6.088147e-04, 2.269924e-04, 2.269924e-04, 2.272617e-04
14.986992, 4.540585e-04, 6.585008e-05, 6.585008e-05, 1.713189e-04
15.002332, 2.801886e-04, -7.268700e-05, -7.268700e-05, 1.510926e-04
15.017672, 9.823584e-05, -1.772664e-04, -1.772664e-04, 1.574789e-04
15.033012, -8.130803e-05, -2.396579e-04, -2.396579e-04, 1.812209e-04
15.048352, -2.500909e-04, -2.555253e-04, -2.555253e-04, 2.140109e-04
15.063691, -4.030823e-04, -2.248670e-04, -2.248670e-04, 2.490770e-04
15.079031, -5.390637e-04, -1.520476e-04, -1.520476e-04, 2.811216e-04
15.094371, -6.602997e-04, -4.538334e-05, -4.538334e-05, 3.056783e-04
15.109711, -7.714269e-04, 8.370207e-05, 8.370207e-05, 3.181425e-04
15.125051, -8.777782e-04, 2.218683e-04, 2.218683e-04, 3.128574e-04
15.140390, -9.835199e-04, 3.552546e-04, 3.552546e-04, 2.826740e-04
15.155730, -1.090046e-03, 4.709041e-04, 4.709041e-04, 2.192836e-04
15.171070, -1.195014e-03, 5.580336e-04, 5.580336e-04, 1.143674e-04
15.186410, -1.292260e-03, 6.089952e-04, 6.089952e-04, -3.866423e-05
15.201750, -1.372641e-03, 6.198332e-04, 6.198332e-04, -2.427821e-04
15.217089, -1.425635e-03, 5.904078e-04, 5.904078e-04, -4.958388e-04
15.232429, -1.441313e-03, 5.241269e-04, 5.241269e-04, -7.899514e-04
15.247769, -1.412259e-03, 4.273709e-04, 4.273709e-04, -1.112023e-03
15.263109, -1.335034e-03, 3.087168e-04, 3.087168e-04, -1.445343e-03
15.278449, -1.210888e-03, 1.780604e-04, 1.780604e-04, -1.771938e-03
15.293788, -1.045584e-03, 4.571072e-05, 4.571072e-05, -2.075127e-03
15.309128, -8.484039e-04, -7.849189e-05, -7.849189e-05, -2.341752e-03
15.324468, -6.305595e-04, -1.859998e-04, -1.859998e-04, -2.563599e-03
15.339808, -4.033180e-04, -2.702835e-04, -2.702835e-04, -2.737818e-03
15.355148, -1.762055e-04, -3.274028e-04, -3.274028e-04, -2.866401e-03
15.370487, 4.436043e-05, -3.563556e-04, -3.563556e-04, -2.954947e-03
15.385827, 2.557197e-04, -3.591336e-04, -3.591336e-04, -3.011041e-03
15.401167, 4.587538e-04, -3.404434e-04, -3.404434e-04, -3.042596e-03
15.416507, 6.568208e-04, -3.071027e-04, -3.071027e-04, -3.056407e-03
15.431847, 8.540309e-04, -2.671831e-04, -2.671831e-04, -3.057042e-03
15.447187, 1.053240e-03, -2.290255e-04, -2.290255e-04, -3.046135e-03
15.462526, 1.254260e-03, -2.002791e-04, -2.002791e-04, -3.022123e-03
15.477866, 1.452788e-03, -1.871040e-04, -1.871040e-04, -2.980464e-03
15.493206, 1.640393e-03, -1.936313e-04, -1.936313e-04, -2.914310e-03
15.508546, 1.805674e-03, -2.217159e-04, -2.217159e-04, -2.815656e-03
15.523886, 1.936399e-03, -2.709516e-04, -2.709516e-04, -2.676829e-03
15.539225, 2.022108e-03, -3.388882e-04, -3.388882e-04, -2.492114e-03
15.554565, 2.056506e-03, -4.213737e-04, -4.213737e-04, -2.259207e-03
15.569905, 2.039010e-03, -5.129621e-04, -5.129621e-04, -1.980177e-03
15.585245, 1.975014e-03, -6.073517e-04, -6.073517e-04, -1.661707e-03
15.600585, 1.874754e-03, -6.978388e-04, -6.978388e-04, -1.314499e-03
15.615924, 1.751058e-03, -7.777832e-04, -7.777832e-04, -9.519552e-04
15.631264, 1.616557e-03, -8.410754e-04, -8.410754e-04, -5.884037e-04
15.646604, 1.481054e-03, -8.825808e-04, -8.825808e-04, -2.372599e-04
15.661944, 1.349677e-03, -8.985253e-04, -8.985253e-04, 9.051946e-05
15.677284, 1.222196e-03, -8.867808e-04, -8.867808e-04, 3.874016e-04
15.692623, 1.093591e-03, -8.470162e-04, -8.470162e-04, 6.495285e-04
15.707963, 9.556436e-04, -7.806996e-04, -7.806996e-04, 8.762958e-04
15.723303, 7.991052e-04, -6.909558e-04, -6.909558e-04, 1.069449e-03
15.738643, 6.159670e-04, -5.823080e-04, -5.823080e-04, 1.231937e-03
15.753983, 4.013934e-04, -4.603408e-04, -4.603408e-04, 1.366773e-03
15.769322, 1.550212e-04, -3.313310e-04, -3.313310e-04, 1.476117e-03
15.784662, -1.185182e-04, -2.018856e-04, -2.018856e-04, 1.560739e-03
15.800002, -4.098427e-04, -7.861525e-05, -7.861525e-05, 1.619916e-03
15.815342, -7.057282e-04, 3.214451e-05, 3.214451e-05, 1.651747e-03
15.830682, -9.905434e-04, 1.245678e-04, 1.245678e-04, 1.653845e-03
15.846022, -1.248036e-03, 1.935427e-04, 1.935427e-04, 1.624280e-03
15.861361, -1.463262e-03, 2.348634e-04, 2.348634e-04, 1.562582e-03
15.876701, -1.624437e-03, 2.454195e-04, 2.454195e-04, 1.470609e-03
15.892041, -1.724493e-03, 2.233784e-04, 2.233784e-04, 1.353070e-03
15.907381, -1.762115e-03, 1.683399e-04, 1.683399e-04, 1.217527e-03
15.922721, -1.742064e-03, 8.143698e-05, 8.143698e-05, 1.073795e-03
15.938060, -1.674697e-03, -3.464044e-05, -3.464044e-05, 9.327781e-04
15.953400, -1.574722e-03, -1.757006e-04, -1.757006e-04, 8.049529e-04
15.968740, -1.459323e-03, -3.361646e-04, -3.361646e-04, 6.987908e-04
15.984080, -1.345913e-03, -5.092040e-04, -5.092040e-04, 6.194648e-04
15.999420, -1.249878e-03, -6.868662e-04, -6.868662e-04, 5.681572e-04
16.014759, -1.182661e-03, -8.601807e-04, -8.601807e-04, 5.421538e-04
16.030099, -1.150479e-03, -1.019280e-03, -1.019280e-03, 5.357046e-04
16.045439, -1.153864e-03, -1.153607e-03, -1.153607e-03, 5.414478e-04
16.060779, -1.188070e-03, -1.252310e-03, -1.252310e-03, 5.520557e-04
16.076119, -1.244220e-03, -1.304893e-03, -1.304893e-03, 5.616981e-04
16.091458, -1.310916e-03, -1.302143e-03, -1.302143e-03, 5.669595e-04
16.106798, -1.376005e-03, -1.237248e-03, -1.237248e-03, 5.670137e-04
16.122138, -1.428166e-03, -1.106950e-03, -1.106950e-03, 5.630703e-04
16.137478, -1.458083e-03, -9.124959e-04, -9.124959e-04, 5.572935e-04
16.152818, -1.459077e-03, -6.601500e-04, -6.601500e-04, 5.515243e-04
16.168158, -1.427214e-03, -3.610971e-04, -3.610971e-04, 5.461929e-04
16.183497, -1.361045e-03, -3.066961e-05, -3.066961e-05, 5.397375e-04
16.198837, -1.261165e-03, 3.130265e-04, 3.130265e-04, 5.286730e-04
16.214177, -1.129751e-03, 6.508865e-04, 6.508865e-04, 5.082704e-04
16.229517, -9.702548e-04, 9.646997e-04, 9.646997e-04, 4.736596e-04
16.244857, -7.872551e-04, 1.238861e-03, 1.238861e-03, 4.210591e-04
16.260196, -5.864511e-04, 1.461653e-03, 1.461653e-03, 3.488141e-04
16.275536, -3.746758e-04, 1.625950e-03, 1.625950e-03, 2.580127e-04
16.290876, -1.598281e-04, 1.729309e-03, 1.729309e-03, 1.525809e-04
16.306216, 4.938406e-05, 1.773538e-03, 1.773538e-03, 3.887854e-05
16.321556, 2.439543e-04, 1.763893e-03, 1.763893e-03, -7.508526e-05
16.336895, 4.153304e-04, 1.708105e-03, 1.708105e-03, -1.806354e-04
16.352235, 5.563195e-04, 1.615395e-03, 1.615395e-03, -2.694256e-04
16.367575, 6.620167e-04, 1.495620e-03, 1.495620e-03, -3.343155e-04
16.382915, 7.305840e-04, 1.358611e-03, 1.358611e-03, -3.700502e-04
16.398255, 7.636879e-04, 1.213710e-03, 1.213710e-03, -3.736882e-04
16.413594, 7.664427e-04, 1.069472e-03, 1.069472e-03, -3.447511e-04
16.428934, 7.467968e-04, 9.334833e-04, 9.334833e-04, -2.850989e-04
16.444274, 7.144036e-04, 8.122298e-04, 8.122298e-04, -1.985387e-04
16.459614, 6.791170e-04, 7.109544e-04, 7.109544e-04, -9.019310e-05
16.474954, 6.493613e-04, 6.334709e-04, 6.334709e-04, 3.428928e-05
16.490293, 6.306889e-04, 5.819059e-04, 5.819059e-04, 1.695340e-04
16.505633, 6.248133e-04, 5.563867e-04, 5.563867e-04, 3.110852e-04
16.520973, 6.293299e-04, 5.547320e-04, 5.547320e-04, 4.557413e-04
16.536313, 6.382315e-04, 5.722465e-04, 5.722465e-04, 6.014749e-04
16.551653, 6.431827e-04, 6.017484e-04, 6.017484e-04, 7.469271e-04
16.566993, 6.353602e-04, 6.339511e-04, 6.339511e-04, 8.906064e-04
16.582332, 6.075483e-04, 6.582655e-04, 6.582655e-04, 1.030015e-03
16.597672, 5.561261e-04, 6.639941e-04, 6.639941e-04, 1.160954e-03
16.613012, 4.825695e-04, 6.417706e-04, 6.417706e-04, 1.277224e-03
16.628352, 3.941285e-04, 5.849998e-04, 5.849998e-04, 1.370870e-03
16.643692, 3.034640e-04, 4.910104e-04, 4.910104e-04, 1.432971e-03
16.659031, 2.272073e-04, 3.616645e-04, 3.616645e-04, 1.454832e-03
16.674371, 1.835912e-04, 2.032772e-04, 2.032772e-04, 1.429377e-03
16.689711, 1.894843e-04, 2.584867e-05, 2.584867e-05, 1.352471e-03
16.705051, 2.573300e-04, -1.582401e-04, -1.582401e-04, 1.223925e-03
16.720391, 3.925709e-04, -3.358228e-04, -3.358228e-04, 1.047965e-03
16.735730, 5.920916e-04, -4.945624e-04, -4.945624e-04, 8.330348e-04
16.751070, 8.440507e-04, -6.243652e-04, -6.243652e-04, 5.909291e-04
16.766410, 1.129231e-03, -7.184572e-04, -7.184572e-04, 3.353342e-04
16.781750, 1.423729e-03, -7.740728e-04, -7.740728e-04, 7.999180e-05
16.797090, 1.702483e-03, -7.927532e-04, -7.927532e-04, -1.631901e-04
16.812429, 1.942951e-03, -7.802579e-04, -7.802579e-04, -3.857069e-04
16.827769, 2.128206e-03, -7.460714e-04, -7.460714e-04, -5.833793e-04
16.843109, 2.248809e-03, -7.024765e-04, -7.024765e-04, -7.564129e-04
16.858449, 2.303108e-03, -6.631950e-04, -6.631950e-04, -9.085623e-04
16.873789, 2.295969e-03, -6.416755e-04, -6.416755e-04, -1.045597e-03
16.889128, 2.236310e-03, -6.492174e-04, -6.492174e-04, -1.173454e-03
16.904468, 2.134099e-03, -6.932141e-04, -6.932141e-04, -1.296529e-03
16.919808, 1.997548e-03, -7.758400e-04, -7.758400e-04, -1.416512e-03
16.935148, 1.831207e-03, -8.934501e-04, -8.934501e-04, -1.532006e-03
16.950488, 1.635369e-03, -1.036835e-03, -1.036835e-03, -1.638965e-03
16.965828, 1.406894e-03, -1.192295e-03, -1.192295e-03, -1.731763e-03
16.981167, 1.141150e-03, -1.343344e-03, -1.343344e-03, -1.804547e-03
16.996507, 8.345536e-04, -1.472723e-03, -1.472723e-03, -1.852542e-03
17.011847, 4.870223e-04, -1.564431e-03, -1.564431e-03, -1.873016e-03
17.027187, 1.037388e-04, -1.605482e-03, -1.605482e-03, -1.865756e-03
17.042527, -3.042196e-04, -1.587244e-03, -1.587244e-03, -1.833008e-03
17.057866, -7.205012e-04, -1.506264e-03, -1.506264e-03, -1.778996e-03
17.073206, -1.125203e-03, -1.364589e-03, -1.364589e-03, -1.709126e-03
17.088546, -1.497325e-03, -1.169553e-03, -1.169553e-03, -1.629028e-03
17.103886, -1.817454e-03, -9.330678e-04, -9.330678e-04, -1.543562e-03
17.119226, -2.070188e-03, -6.704006e-04, -6.704006e-04, -1.455933e-03
17.134565, -2.245900e-03, -3.985127e-04, -3.985127e-04, -1.367049e-03
17.149905, -2.341638e-03, -1.340938e-04, -1.340938e-04, -1.275242e-03
17.165245, -2.361075e-03, 1.084616e-04, 1.084616e-04, -1.176455e-03
17.180585, -2.313619e-03, 3.188199e-04, 3.188199e-04, -1.064935e-03
17.195925, -2.212861e-03, 4.918841e-04, 4.918841e-04, -9.343607e-04
17.211264, -2.074642e-03, 6.281259e-04, 6.281259e-04, -7.792169e-04
17.226604, -1.915010e-03, 7.329786e-04, 7.329786e-04, -5.961523e-04
17.241944, -1.748342e-03, 8.153931e-04, 8.153931e-04, -3.850383e-04
17.257284, -1.585903e-03, 8.858494e-04, 8.858494e-04, -1.494559e-04
17.272624, -1.435022e-03, 9.542361e-04, 9.542361e-04, 1.035266e-04
17.287963, -1.298978e-03, 1.028032e-03, 1.028032e-03, 3.642600e-04
17.303303, -1.177596e-03, 1.111133e-03, 1.111133e-03, 6.219203e-04
17.318643, -1.068388e-03, 1.203482e-03, 1.203482e-03, 8.661141e-04
17.333983, -9.680139e-04, 1.301493e-03, 1.301493e-03, 1.088309e-03
17.349323, -8.736876e-04, 1.399013e-03, 1.399013e-03, 1.282749e-03
17.364663, -7.842455e-04, 1.488552e-03, 1.488552e-03, 1.446662e-03
17.380002, -7.006105e-04, 1.562414e-03, 1.562414e-03, 1.579740e-03
17.395342, -6.255544e-04, 1.613539e-03, 1.613539e-03, 1.683084e-03
17.410682, -5.628221e-04, 1.635934e-03, 1.635934e-03, 1.757949e-03
17.426022, -5.158580e-04, 1.624790e-03, 1.624790e-03, 1.804690e-03
17.441362, -4.864664e-04, 1.576423e-03, 1.576423e-03, 1.822265e-03
17.456701, -4.737413e-04, 1.488250e-03, 1.488250e-03, 1.808429e-03
17.472041, -4.735292e-04, 1.358906e-03, 1.358906e-03, 1.760573e-03
17.487381, -4.785586e-04, 1.188548e-03, 1.188548e-03, 1.676905e-03
17.502721, -4.791954e-04, 9.792269e-04, 9.792269e-04, 1.557594e-03
17.518061, -4.646403e-04, 7.351822e-04, 7.351822e-04, 1.405477e-03
17.533400, -4.243208e-04, 4.628927e-04, 4.628927e-04, 1.226097e-03
17.548740, -3.492360e-04, 1.707962e-04, 1.707962e-04, 1.027072e-03
17.564080, -2.330616e-04, -1.312950e-04, -1.312950e-04, 8.170111e-04
17.579420, -7.291742e-05, -4.329494e-04, -4.329494e-04, 6.043078e-04
17.594760, 1.302014e-04, -7.238613e-04, -7.238613e-04, 3.961673e-04
17.610099, 3.712764e-04, -9.944148e-04, -9.944148e-04, 1.981070e-04
17.625439, 6.413617e-04, -1.235988e-03, -1.235988e-03, 1.395662e-05
17.640779, 9.279102e-04, -1.441029e-03, -1.441029e-03, -1.537814e-04
17.656119, 1.215354e-03, -1.603027e-03, -1.603027e-03, -3.034453e-04
17.671459, 1.485996e-03, -1.716552e-03, -1.716552e-03, -4.338385e-04
17.686798, 1.721265e-03, -1.777496e-03, -1.777496e-03, -5.441130e-04
17.702138, 1.903306e-03, -1.783541e-03, -1.783541e-03, -6.339105e-04
17.717478, 2.016785e-03, -1.734778e-03, -1.734778e-03, -7.036298e-04
17.732818, 2.050681e-03, -1.634286e-03, -1.634286e-03, -7.546503e-04
17.748158, 1.999792e-03, -1.488446e-03, -1.488446e-03, -7.893683e-04
17.763498, 1.865670e-03, -1.306814e-03, -1.306814e-03, -8.109764e-04
17.778837, 1.656735e-03, -1.101447e-03, -1.101447e-03, -8.230174e-04
17.794177, 1.387511e-03, -8.857638e-04, -8.857638e-04, -8.288313e-04
17.809517, 1.077055e-03, -6.730825e-04, -6.730825e-04, -8.310397e-04
17.824857, 7.468251e-04, -4.751191e-04, -4.751191e-04, -8.311727e-04
17.840197, 4.183261e-04, -3.007001e-04, -3.007001e-04, -8.294950e-04
17.855536, 1.109299e-04, -1.549208e-04, -1.549208e-04, -8.250387e-04
17.870876, -1.597913e-04, -3.887887e-05, -3.887887e-05, -8.158044e-04
17.886216, -3.830191e-04, 4.999500e-05, 4.999500e-05, -7.990648e-04
17.901556, -5.528721e-04, 1.170925e-04, 1.170925e-04, -7.717194e-04
17.916896, -6.679126e-04, 1.694310e-04, 1.694310e-04, -7.306641e-04
17.932235, -7.301924e-04, 2.143115e-04, 2.143115e-04, -6.731391e-04
17.947575, -7.441167e-04, 2.580482e-04, 2.580482e-04, -5.970145e-04
17.962915, -7.153727e-04, 3.049617e-04, 3.049617e-04, -5.009959e-04
17.978255, -6.501025e-04, 3.567786e-04, 3.567786e-04, -3.847423e-04
17.993595, -5.544132e-04, 4.125085e-04, 4.125085e-04, -2.488979e-04
18.008934, -4.342137e-04, 4.687903e-04, 4.687903e-04, -9.506465e-05
18.024274, -2.952772e-04, 5.206230e-04, 5.206230e-04, 7.422867e-05
18.039614, -1.433875e-04, 5.623359e-04, 5.623359e-04, 2.555090e-04
18.054954, 1.555447e-05, 5.886245e-04, 5.886245e-04, 4.442753e-04
18.070294, 1.755612e-04, 5.954794e-04, 5.954794e-04, 6.348641e-04
18.085633, 3.307644e-04, 5.808724e-04, 5.808724e-04, 8.203155e-04
18.100973, 4.757558e-04, 5.451157e-04, 5.451157e-04, 9.923418e-04
18.116313, 6.059567e-04, 4.908719e-04, 4.908719e-04, 1.141523e-03
18.131653, 7.178985e-04, 4.228444e-04, 4.228444e-04, 1.257815e-03
18.146993, 8.093133e-04, 3.472156e-04, 3.472156e-04, 1.331410e-03
18.162333, 8.789777e-04, 2.709226e-04, 2.709226e-04, 1.353875e-03
18.177672, 9.263281e-04, 2.008680e-04, 2.008680e-04, 1.319447e-03
18.193012, 9.509560e-04, 1.431637e-04, 1.431637e-04, 1.226218e-03
18.208352, 9.521418e-04, 1.024969e-04, 1.024969e-04, 1.076949e-03
18.223692, 9.285731e-04, 8.169573e-05, 8.169573e-05, 8.792722e-04
18.239032, 8.783525e-04, 8.154266e-05, 8.154266e-05, 6.451694e-04
18.254371, 7.993225e-04, 1.008493e-04, 1.008493e-04, 3.897359e-04
18.269711, 6.896312e-04, 1.367651e-04, 1.367651e-04, 1.294338e-04
18.285051, 5.483805e-04, 1.852498e-04, 1.852498e-04, -1.198378e-04
18.300391, 3.761786e-04, 2.416146e-04, 2.416146e-04, -3.444900e-04
18.315731, 1.754624e-04, 3.010301e-04, 3.010301e-04, -5.345080e-04
18.331070, -4.948257e-05, 3.589220e-04, 3.589220e-04, -6.840523e-04
18.346410, -2.927872e-04, 4.112116e-04, 4.112116e-04, -7.913808e-04
18.361750, -5.474447e-04, 4.544100e-04, 4.544100e-04, -8.582294e-04
18.377090, -8.057942e-04, 4.856127e-04, 4.856127e-04, -8.888690e-04
18.392430, -1.059931e-03, 5.024669e-04, 5.024669e-04, -8.890436e-04
18.407769, -1.301987e-03, 5.031769e-04, 5.031769e-04, -8.649334e-04
18.423109, -1.524275e-03, 4.865879e-04, 4.865879e-04, -8.222305e-04
18.438449, -1.719369e-03, 4.523436e-04, 4.523436e-04, -7.653633e-04
18.453789, -1.880213e-03, 4.010687e-04, 4.010687e-04, -6.968986e-04
18.469129, -2.000344e-03, 3.344988e-04, 3.344988e-04, -6.171988e-04
18.484468, -2.074261e-03, 2.554700e-04, 2.554700e-04, -5.244607e-04
18.499808, -2.097922e-03, 1.677092e-04, 1.677092e-04, -4.152476e-04
18.515148, -2.069312e-03, 7.541206e-05, 7.541206e-05, -2.855421e-04
18.530488, -1.988974e-03, -1.734127e-05, -1.734127e-05, -1.322130e-04
18.545828, -1.860361e-03, -1.072228e-04, -1.072228e-04, 4.536209e-05
18.561168, -1.689907e-03, -1.922004e-04, -1.922004e-04, 2.439111e-04
18.576507, -1.486724e-03, -2.718444e-04, -2.718444e-04, 4.555260e-04
18.591847, -1.261880e-03, -3.472892e-04, -3.472892e-04, 6.678526e-04
18.607187, -1.027302e-03, -4.208185e-04, -4.208185e-04, 8.652823e-04
18.622527, -7.944321e-04, -4.951242e-04, -4.951242e-04, 1.030974e-03
18.637867, -5.728587e-04, -5.723698e-04, -5.723698e-04, 1.149309e-03
18.653206, -3.691834e-04, -6.532414e-04, -6.532414e-04, 1.208262e-03
18.668546, -1.863787e-04, -7.361802e-04, -7.361802e-04, 1.201197e-03
18.683886, -2.382848e-05, -8.169656e-04, -8.169656e-04, 1.127775e-03
18.699226, 1.219099e-04, -8.887640e-04, -8.887640e-04, 9.938786e-04
18.714566, 2.557736e-04, -9.426800e-04, -9.426800e-04, 8.106556e-04
18.729905, 3.825939e-04, -9.687734e-04, -9.687734e-04, 5.929922e-04
18.745245, 5.056236e-04, -9.574300e-04, -9.574300e-04, 3.577560e-04
18.760585, 6.255903e-04, -9.009123e-04, -9.009123e-04, 1.221102e-04
18.775925, 7.405574e-04, -7.948727e-04, -7.948727e-04, -9.791492e-05
18.791265, 8.466512e-04, -6.395903e-04, -6.395903e-04, -2.885178e-04
18.806604, 9.394712e-04, -4.407015e-04, -4.407015e-04, -4.389019e-04
18.821944, 1.015805e-03, -2.092444e-04, -2.092444e-04, -5.417974e-04
18.837284, 1.075155e-03, 3.908157e-05, 3.908157e-05, -5.937689e-04
18.852624, 1.120598e-03, 2.854165e-04, 2.854165e-04, -5.952962e-04
18.867964, 1.158656e-03, 5.098506e-04, 5.098506e-04, -5.505854e-04
18.883303, 1.198122e-03, 6.938677e-04, 6.938677e-04, -4.670752e-04
18.898643, 1.248057e-03, 8.227596e-04, 8.227596e-04, -3.546361e-04
18.913983, 1.315411e-03, 8.876191e-04, 8.876191e-04, -2.245219e-04
18.929323, 1.402839e-03, 8.865620e-04, 8.865620e-04, -8.821818e-05
18.944663, 1.507299e-03, 8.249386e-04, 8.249386e-04, 4.362197e-05
18.960003, 1.619815e-03, 7.144622e-04, 7.144622e-04, 1.619819e-04
18.975342, 1.726522e-03, 5.713741e-04, 5.713741e-04, 2.599161e-04
18.990682, 1.810828e-03, 4.139473e-04, 4.139473e-04, 3.325885e-04
19.006022, 1.856243e-03, 2.597629e-04, 2.597629e-04, 3.769921e-04
19.021362, 1.849266e-03, 1.232443e-04, 1.232443e-04, 3.915097e-04
19.036702, 1.781732e-03, 1.388241e-05, 1.388241e-05, 3.755043e-04
19.052041, 1.652130e-03, -6.455434e-05, -6.455434e-05, 3.290775e-04
19.067381, 1.465709e-03, -1.137435e-04, -1.137435e-04, 2.530726e-04
19.082721, 1.233384e-03, -1.396061e-04, -1.396061e-04, 1.493100e-04
19.098061, 9.697824e-04, -1.505073e-04, -1.505073e-04, 2.094999e-05
19.113401, 6.908885e-04, -1.552911e-04, -1.552911e-04, -1.271783e-04
19.128740, 4.117931e-04, -1.615744e-04, -1.615744e-04, -2.884418e-04
19.144080, 1.449484e-04, -1.746168e-04, -1.746168e-04, -4.545701e-04
19.159420, -1.008138e-04, -1.969068e-04, -1.969068e-04, -6.161758e-04
19.174760, -3.204437e-04, -2.284142e-04, -2.284142e-04, -7.635962e-04
19.190100, -5.121434e-04, -2.673079e-04, -2.673079e-04, -8.879393e-04
19.205439, -6.763904e-04, -3.108591e-04, -3.108591e-04, -9.821687e-04
19.220779, -8.147950e-04, -3.562625e-04, -3.562625e-04, -1.042057e-03
19.236119, -9.290497e-04, -4.011873e-04, -4.011873e-04, -1.066845e-03
19.251459, -1.020174e-03, -4.439847e-04, -4.439847e-04, -1.059474e-03
19.266799, -1.088161e-03, -4.835895e-04, -4.835895e-04, -1.026305e-03
19.282139, -1.132032e-03, -5.192256e-04, -5.192256e-04, -9.763383e-04
19.297478, -1.150247e-03, -5.500533e-04, -5.500533e-04, -9.199867e-04
19.312818, -1.141363e-03, -5.748718e-04, -5.748718e-04, -8.675411e-04
19.328158, -1.104783e-03, -5.919495e-04, -5.919495e-04, -8.275583e-04
19.343498, -1.041459e-03, -5.990031e-04, -5.990031e-04, -8.054433e-04
19.358838, -9.543572e-04, -5.933127e-04, -5.933127e-04, -8.025090e-04
19.374177, -8.486144e-04, -5.719434e-04, -5.719434e-04, -8.157337e-04
19.389517, -7.312741e-04, -5.320444e-04, -5.320444e-04, -8.383331e-04
19.404857, -6.106189e-04, -4.711992e-04, -4.711992e-04, -8.610943e-04
19.420197, -4.951836e-04, -3.878013e-04, -3.878013e-04, -8.742240e-04
19.435537, -3.926161e-04, -2.814165e-04, -2.814165e-04, -8.693226e-04
19.450876, -3.085942e-04, -1.530787e-04, -1.530787e-04, -8.410452e-04
19.466216, -2.460230e-04, -5.452152e-06, -5.452152e-06, -7.880567e-04
19.481556, -2.047050e-04, 1.571989e-04, 1.571989e-04, -7.130391e-04
19.496896, -1.815756e-04, 3.292653e-04, 3.292653e-04, -6.217466e-04
19.512236, -1.714695e-04, 5.042549e-04, 5.042549e-04, -5.213509e-04
19.527575, -1.682666e-04, 6.753842e-04, 6.753842e-04, -4.184931e-04
19.542915, -1.661786e-04, 8.361814e-04, 8.361814e-04, -3.175225e-04
19.558255, -1.608925e-04, 9.809654e-04, 9.809654e-04, -2.193630e-04
19.573595, -1.503185e-04, 1.105099e-03, 1.105099e-03, -1.212791e-04
19.588935, -1.347984e-04, 1.204978e-03, 1.204978e-03, -1.757925e-05
19.604274, -1.167684e-04, 1.277796e-03, 1.277796e-03, 9.894024e-05
19.619614, -9.998899e-05, 1.321224e-03, 1.321224e-03, 2.351596e-04
19.634954, -8.855704e-05, 1.333146e-03, 1.333146e-03, 3.958350e-04
19.650294, -8.595251e-05, 1.311612e-03, 1.311612e-03, 5.822292e-04
19.665634, -9.433291e-05, 1.255078e-03, 1.255078e-03, 7.914406e-04
19.680974, -1.141854e-04, 1.162916e-03, 1.162916e-03, 1.016509e-03
19.696313, -1.443429e-04, 1.036071e-03, 1.036071e-03, 1.247209e-03
19.711653, -1.822814e-04, 8.776821e-04, 8.776821e-04, 1.471316e-03
19.726993, -2.245558e-04, 6.934441e-04, 6.934441e-04, 1.676058e-03
19.742333, -2.672292e-04, 4.915654e-04, 4.915654e-04, 1.849468e-03
19.757673, -3.062126e-04, 2.822492e-04, 2.822492e-04, 1.981442e-03
19.773012, -3.375059e-04, 7.674415e-05, 7.674415e-05, 2.064424e-03
19.788352, -3.573821e-04, -1.138801e-04, -1.138801e-04, 2.093703e-03
19.803692, -3.625860e-04, -2.800129e-04, -2.800129e-04, 2.067415e-03
19.819032, -3.506123e-04, -4.145993e-04, -4.145993e-04, 1.986363e-03
19.834372, -3.200786e-04, -5.138501e-04, -5.138501e-04, 1.853765e-03
19.849711, -2.711305e-04, -5.774404e-04, -5.774404e-04, 1.674978e-03
19.865051, -2.057737e-04, -6.081708e-04, -6.081708e-04, 1.457246e-03
19.880391, -1.280154e-04, -6.111750e-04, -6.111750e-04, 1.209456e-03
19.895731, -4.371544e-05, -5.928420e-04, -5.928420e-04, 9.419024e-04
19.911071, 3.990453e-05, -5.596781e-04, -5.596781e-04, 6.660258e-04
19.926410, 1.150582e-04, -5.173414e-04, -5.173414e-04, 3.941012e-04
19.941750, 1.743877e-04, -4.700379e-04, -4.700379e-04, 1.388394e-04
19.957090, 2.119969e-04, -4.203788e-04, -4.203788e-04, -8.715745e-05
19.972430, 2.243548e-04, -3.696823e-04, -3.696823e-04, -2.721481e-04
19.987770, 2.108968e-04, -3.185841e-04, -3.185841e-04, -4.062285e-04
20.003109, 1.741987e-04, -2.677424e-04, -2.677424e-04, -4.824693e-04
20.018449, 1.196694e-04, -2.183977e-04, -2.183977e-04, -4.980593e-04
20.033789, 5.478820e-05, -1.726028e-04, -1.726028e-04, -4.552031e-04
20.049129, -1.201621e-05, -1.330493e-04, -1.330493e-04, -3.614739e-04
20.064469, -7.266913e-05, -1.025552e-04, -1.025552e-04, -2.293865e-04
20.079809, -1.206990e-04, -8.339585e-05, -8.339585e-05, -7.512114e-05
20.095148, -1.521892e-04, -7.671554e-05, -7.671554e-05, 8.345585e-05
20.110488, -1.662336e-04, -8.223141e-05, -8.223141e-05, 2.291229e-04
20.125828, -1.647787e-04, -9.833490e-05, -9.833490e-05, 3.474980e-04
20.141168, -1.518586e-04, -1.225584e-04, -1.225584e-04, 4.286174e-04
20.156508, -1.323807e-04, -1.522458e-04, -1.522458e-04, 4.675909e-04
20.171847, -1.107457e-04, -1.851986e-04, -1.851986e-04, 4.642871e-04
20.187187, -8.963042e-05, -2.200819e-04, -2.200819e-04, 4.222612e-04
20.202527, -6.923965e-05, -2.564650e-04, -2.564650e-04, 3.473191e-04
20.217867, -4.723425e-05, -2.944966e-04, -2.944966e-04, 2.461605e-04
20.233207, -1.937151e-05, -3.343375e-04, -3.343375e-04, 1.254318e-04
20.248546, 1.929983e-05, -3.755447e-04, -3.755447e-04, -8.698775e-06
20.263886, 7.299026e-05, -4.166068e-04, -4.166068e-04, -1.505415e-04
20.279226, 1.438254e-04, -4.547792e-04, -4.547792e-04, -2.946903e-04
20.294566, 2.309435e-04, -4.862788e-04, -4.862788e-04, -4.358866e-04
20.309906, 3.302594e-04, -5.068106e-04, -5.068106e-04, -5.691101e-04
20.325245, 4.349431e-04, -5.123278e-04, -5.123278e-04, -6.898995e-04
20.340585, 5.364796e-04, -4.998892e-04, -4.998892e-04, -7.947609e-04
20.355925, 6.260586e-04, -4.684598e-04, -4.684598e-04, -8.814623e-04
20.371265, 6.959888e-04, -4.195026e-04, -4.195026e-04, -9.490524e-04
20.386605, 7.408468e-04, -3.572165e-04, -3.572165e-04, -9.975383e-04
20.401944, 7.581558e-04, -2.883077e-04, -2.883077e-04, -1.027302e-03
20.417284, 7.485237e-04, -2.212331e-04, -2.212331e-04, -1.038455e-03
20.432624, 7.152820e-04, -1.649503e-04, -1.649503e-04, -1.030355e-03
20.447964, 6.637463e-04, -1.273281e-04, -1.273281e-04, -1.001481e-03
20.463304, 6.002670e-04, -1.134951e-04, -1.134951e-04, -9.497178e-04
20.478644, 5.312508e-04, -1.244864e-04, -1.244864e-04, -8.730212e-04
20.493983, 4.622996e-04, -1.565524e-04, -1.565524e-04, -7.702987e-04
20.509323, 3.975655e-04, -2.013928e-04, -2.013928e-04, -6.422852e-04
20.524663, 3.393853e-04, -2.473847e-04, -2.473847e-04, -4.922080e-04
20.540003, 2.882241e-04, -2.816315e-04, -2.816315e-04, -3.260915e-04
20.555343, 2.429180e-04, -2.924350e-04, -2.924350e-04, -1.526257e-04
20.570682, 2.011667e-04, -2.716550e-04, -2.716550e-04, 1.739920e-05
20.586022, 1.602087e-04, -2.164174e-04, -2.164174e-04, 1.720112e-04
20.601362, 1.175794e-04, -1.297699e-04, -1.297699e-04, 2.991994e-04
20.616702, 7.181910e-05, -2.012831e-05, -2.012831e-05, 3.881424e-04
20.632042, 2.299285e-05, 1.003592e-04, 1.003592e-04, 4.303758e-04
20.647381, -2.708478e-05, 2.181574e-04, 2.181574e-04, 4.207538e-04
20.662721, -7.498270e-05, 3.208797e-04, 3.208797e-04, 3.580813e-04
20.678061, -1.161419e-04, 3.994810e-04, 3.994810e-04, 2.453387e-04
20.693401, -1.456333e-04, 4.496851e-04, 4.496851e-04, 8.945831e-05
20.708741, -1.590288e-04, 4.724196e-04, 4.724196e-04, -9.933968e-05
20.724080, -1.532080e-04, 4.732559e-04, 4.732559e-04, -3.085722e-04
20.739420, -1.269515e-04, 4.610545e-04, 4.610545e-04, -5.247407e-04
20.754760, -8.121960e-05, 4.461438e-04, 4.461438e-04, -7.346323e-04
20.770100, -1.909361e-05, 4.384184e-04, 4.384184e-04, -9.265067e-04
20.785440, 5.455901e-05, 4.457034e-04, 4.457034e-04, -1.091011e-03
20.800779, 1.335915e-04, 4.726449e-04, 4.726449e-04, -1.221725e-03
20.816119, 2.111624e-04, 5.202543e-04, 5.202543e-04, -1.315304e-03
20.831459, 2.803341e-04, 5.861007e-04, 5.861007e-04, -1.371264e-03
20.846799, 3.346563e-04, 6.650287e-04, 6.650287e-04, -1.391464e-03
20.862139, 3.687338e-04, 7.501982e-04, 7.501982e-04, -1.379392e-03
20.877479, 3.787790e-04, 8.342135e-04, 8.342135e-04, -1.339356e-03
20.892818, 3.631022e-04, 9.101304e-04, 9.101304e-04, -1.275674e-03
20.908158, 3.224320e-04, 9.721891e-04, 9.721891e-04, -1.191972e-03
20.923498, 2.599371e-04, 1.016209e-03, 1.016209e-03, -1.090689e-03
20.938838, 1.808502e-04, 1.039668e-03, 1.039668e-03, -9.728979e-04
20.954178, 9.166891e-05, 1.041535e-03, 1.041535e-03, -8.385167e-04
20.969517, -9.697090e-07, 1.021981e-03, 1.021981e-03, -6.869097e-04
20.984857, -9.150822e-05, 9.820404e-04, 9.820404e-04, -5.177940e-04
21.000197, -1.764758e-04, 9.232816e-04, 9.232816e-04, -3.322577e-04
21.015537, -2.550023e-04, 8.475120e-04, 8.475120e-04, -1.336097e-04
21.030877, -3.286674e-04, 7.565001e-04, 7.565001e-04, 7.222781e-05
21.046216, -4.006809e-04, 6.517273e-04, 6.517273e-04, 2.769794e-04
21.061556, -4.745820e-04, 5.342044e-04, 5.342044e-04, 4.709676e-04
21.076896, -5.527957e-04, 4.044202e-04, 4.044202e-04, 6.445970e-04
21.092236, -6.354234e-04, 2.625008e-04, 2.625008e-04, 7.900359e-04
21.107576, -7.195797e-04, 1.086211e-04, 1.086211e-04, 9.026571e-04
21.122915, -7.994486e-04, -5.636262e-05, -5.636262e-05, 9.818510e-04
21.138255, -8.670610e-04, -2.301886e-04, -2.301886e-04, 1.030981e-03
21.153595, -9.136228e-04, -4.085745e-04, -4.085745e-04, 1.056478e-03
21.168935, -9.311156e-04, -5.849386e-04, -5.849386e-04, 1.066298e-03
21.184275, -9.138713e-04, -7.506265e-04, -7.506265e-04, 1.068145e-03
21.199614, -8.598563e-04, -8.956960e-04, -8.956960e-04, 1.067896e-03
21.214954, -7.714631e-04, -1.010157e-03, -1.010157e-03, 1.068585e-03
21.230294, -6.556893e-04, -1.085429e-03, -1.085429e-03, 1.070142e-03
21.245634, -5.236711e-04, -1.115718e-03, -1.115718e-03, 1.069855e-03
21.260974, -3.895990e-04, -1.099008e-03, -1.099008e-03, 1.063407e-03
21.276314, -2.690981e-04, -1.037502e-03, -1.037502e-03, 1.046158e-03
21.291653, -1.772301e-04, -9.374411e-04, -9.374411e-04, 1.014411e-03
21.306993, -1.263547e-04, -8.084090e-04, -8.084090e-04, 9.663984e-04
21.322333, -1.241470e-04, -6.622836e-04, -6.622836e-04, 9.028483e-04
21.337673, -1.720918e-04, -5.120458e-04, -5.120458e-04, 8.270775e-04
21.353013, -2.647590e-04, -3.706022e-04, -3.706022e-04, 7.446280e-04
21.368352, -3.900697e-04, -2.497221e-04, -2.497221e-04, 6.625419e-04
21.383692, -5.305932e-04, -1.591319e-04, -1.591319e-04, 5.883864e-04
21.399032, -6.657192e-04, -1.057789e-04, -1.057789e-04, 5.291638e-04
21.414372, -7.743873e-04, -9.328740e-05, -9.328740e-05, 4.902728e-04
21.429712, -8.379319e-04, -1.216489e-04, -1.216489e-04, 4.746900e-04
21.445051, -8.425740e-04, -1.872077e-04, -1.872077e-04, 4.825145e-04
21.460391, -7.811657e-04, -2.829868e-04, -2.829868e-04, 5.109721e-04
21.475731, -6.539546e-04, -3.993577e-04, -3.993577e-04, 5.549049e-04
21.491071, -4.683189e-04, -5.249891e-04, -5.249891e-04, 6.076666e-04
21.506411, -2.375906e-04, -6.479501e-04, -6.479501e-04, 6.622449e-04
21.521750, 2.077881e-05, -7.568134e-04, -7.568134e-04, 7.123833e-04
21.537090, 2.873887e-04, -8.416120e-04, -8.416120e-04, 7.534784e-04
21.552430, 5.430840e-04, -8.945555e-04, -8.945555e-04, 7.830767e-04
21.567770, 7.709144e-04, -9.104721e-04, -9.104721e-04, 8.008929e-04
21.583110, 9.576583e-04, -8.870075e-04, -8.870075e-04, 8.083906e-04
21.598449, 1.094788e-03, -8.246356e-04, -8.246356e-04, 8.080628e-04
21.613789, 1.178834e-03, -7.265326e-04, -7.265326e-04, 8.025832e-04
21.629129, 1.211167e-03, -5.983327e-04, -5.983327e-04, 7.939983e-04
21.644469, 1.197279e-03, -4.477496e-04, -4.477496e-04, 7.830946e-04
21.659809, 1.145679e-03, -2.840273e-04, -2.840273e-04, 7.690178e-04
21.675149, 1.066600e-03, -1.172000e-04, -1.172000e-04, 7.491666e-04
21.690488, 9.707008e-04, 4.281172e-05, 4.281172e-05, 7.193672e-04
21.705828, 8.679240e-04, 1.871802e-04, 1.871802e-04, 6.743374e-04
21.721168, 7.666563e-04, 3.090829e-04, 3.090829e-04, 6.084384e-04
21.736508, 6.732300e-04, 4.043827e-04, 4.043827e-04, 5.166736e-04
21.751848, 5.917469e-04, 4.719386e-04, 4.719386e-04, 3.958408e-04
21.767187, 5.241238e-04, 5.134762e-04, 5.134762e-04, 2.456638e-04
21.782527, 4.702500e-04, 5.330432e-04, 5.330432e-04, 6.964712e-05
21.797867, 4.281699e-04, 5.361654e-04, 5.361654e-04, -1.246242e-04
21.813207, 3.942489e-04, 5.288828e-04, 5.288828e-04, -3.259407e-04
21.828547, 3.633584e-04, 5.168580e-04, 5.168580e-04, -5.207306e-04
21.843886, 3.291758e-04, 5.047139e-04, 5.047139e-04, -6.949850e-04
21.859226, 2.847095e-04, 4.956815e-04, 4.956815e-04, -8.364961e-04
21.874566, 2.231039e-04, 4.915557e-04, 4.915557e-04, -9.369339e-04
21.889906, 1.386924e-04, 4.928809e-04, 4.928809e-04, -9.932871e-04
21.905246, 2.816169e-05, 4.992586e-04, 4.992586e-04, -1.008339e-03
21.920585, -1.084153e-04, 5.096692e-04, 5.096692e-04, -9.900715e-04
21.935925, -2.669620e-04, 5.227445e-04, 5.227445e-04, -9.501462e-04
21.951265, -4.394306e-04, 5.369718e-04, 5.369718e-04, -9.018222e-04
21.966605, -6.145897e-04, 5.508501e-04, 5.508501e-04, -8.577824e-04
21.981945, -7.795010e-04, 5.630251e-04, 5.630251e-04, -8.282956e-04
21.997284, -9.214384e-04, 5.724100e-04, 5.724100e-04, -8.200094e-04
22.012624, -1.029860e-03, 5.782629e-04, 5.782629e-04, -8.354891e-04
22.027964, -1.098001e-03, 5.801710e-04, 5.801710e-04, -8.734420e-04
22.043304, -1.123741e-03, 5.778956e-04, 5.778956e-04, -9.294394e-04
22.058644, -1.109552e-03, 5.710786e-04, 5.710786e-04, -9.969115e-04
22.073984, -1.061547e-03, 5.588799e-04, 5.588799e-04, -1.068226e-03
22.089323, -9.878653e-04, 5.396802e-04, 5.396802e-04, -1.135720e-03
22.104663, -8.967758e-04, 5.110048e-04, 5.110048e-04, -1.192603e-03
22.120003, -7.949394e-04, 4.697915e-04, 4.697915e-04, -1.233690e-03
22.135343, -6.861909e-04, 4.130264e-04, 4.130264e-04, -1.255928e-03
22.150683, -5.710864e-04, 3.386422e-04, 3.386422e-04, -1.258671e-03
22.166022, -4.472770e-04, 2.464580e-04, 2.464580e-04, -1.243622e-03
22.181362, -3.105810e-04, 1.388804e-04, 1.388804e-04, -1.214422e-03
22.196702, -1.564948e-04, 2.111851e-05, 2.111851e-05, -1.175920e-03
22.212042, 1.818209e-05, -9.922207e-05, -9.922207e-05, -1.133210e-03
22.227382, 2.139284e-04, -2.131347e-04, -2.131347e-04, -1.090612e-03
22.242721, 4.275604e-04, -3.116000e-04, -3.116000e-04, -1.050807e-03
22.258061, 6.519427e-04, -3.870633e-04, -3.870633e-04, -1.014316e-03
22.273401, 8.764028e-04, -4.346769e-04, -4.346769e-04, -9.794101e-04
22.288741, 1.087791e-03, -4.530538e-04, -4.530538e-04, -9.424759e-04
22.304081, 1.272037e-03, -4.444103e-04, -4.444103e-04, -8.987093e-04
22.319420, 1.415967e-03, -4.141249e-04, -4.141249e-04, -8.429774e-04
22.334760, 1.509098e-03, -3.698527e-04, -3.698527e-04, -7.706492e-04
22.350100, 1.545108e-03, -3.203977e-04, -3.203977e-04, -6.782537e-04
22.365440, 1.522760e-03, -2.745364e-04, -2.745364e-04, -5.639117e-04
22.380780, 1.446102e-03, -2.399402e-04, -2.399402e-04, -4.275557e-04
22.396120, 1.323917e-03, -2.222872e-04, -2.222872e-04, -2.710005e-04
22.411459, 1.168528e-03, -2.246059e-04, -2.246059e-04, -9.793372e-05
22.426799, 9.941920e-04, -2.468776e-04, -2.468776e-04, 8.614713e-05
22.442139, 8.153701e-04, -2.859284e-04, -2.859284e-04, 2.740972e-04
22.457479, 6.451655e-04, -3.356497e-04, -3.356497e-04, 4.574679e-04
22.472819, 4.941621e-04, -3.875809e-04, -3.875809e-04, 6.271002e-04
22.488158, 3.697767e-04, -4.318528e-04, -4.318528e-04, 7.739794e-04
22.503498, 2.761046e-04, -4.584336e-04, -4.584336e-04, 8.902752e-04
22.518838, 2.141465e-04, -4.585467e-04, -4.585467e-04, 9.703914e-04
22.534178, 1.822581e-04, -4.260705e-04, -4.260705e-04, 1.011795e-03
22.549518, 1.766718e-04, -3.586972e-04, -3.586972e-04, 1.015423e-03
22.564857, 1.919854e-04, -2.586416e-04, -2.586416e-04, 9.855567e-04
22.580197, 2.215932e-04, -1.327433e-04, -1.327433e-04, 9.291879e-04
22.595537, 2.580900e-04, 8.104805e-06, 8.104805e-06, 8.550106e-04
22.610877, 2.936958e-04, 1.501607e-04, 1.501607e-04, 7.722792e-04
22.626217, 3.207308e-04, 2.785246e-04, 2.785246e-04, 6.897715e-04
22.641556, 3.321471e-04, 3.790826e-04, 3.790826e-04, 6.150295e-04
22.656896, 3.220761e-04, 4.404180e-04, 4.404180e-04, 5.539464e-04
22.672236, 2.863236e-04, 4.553945e-04, 4.553945e-04, 5.106704e-04
22.687576, 2.227393e-04, 4.221587e-04, 4.221587e-04, 4.877228e-04
22.702916, 1.314179e-04, 3.443953e-04, 3.443953e-04, 4.861958e-04
22.718255, 1.470230e-05, 2.307888e-04, 2.307888e-04, 5.059374e-04
22.733595, -1.230207e-04, 9.378170e-05, 9.378170e-05, 5.456884e-04
22.748935, -2.757210e-04, -5.215974e-05, -5.215974e-05, 6.031833e-04
22.764275, -4.362935e-04, -1.924717e-04, -1.924717e-04, 6.752486e-04
22.779615, -5.972572e-04, -3.142848e-04, -3.142848e-04, 7.579372e-04
22.794955, -7.515246e-04, -4.077926e-04, -4.077926e-04, 8.467073e-04
22.810294, -8.931393e-04, -4.670008e-04, -4.670008e-04, 9.366204e-04
22.825634, -1.017861e-03, -4.898023e-04, -4.898023e-04, 1.022516e-03
22.840974, -1.123480e-03, -4.774560e-04, -4.774560e-04, 1.099141e-03
22.856314, -1.209793e-03, -4.336683e-04, -4.336683e-04, 1.161258e-03
22.871654, -1.278210e-03, -3.635307e-04, -3.635307e-04, 1.203763e-03
22.886993, -1.331094e-03, -2.725634e-04, -2.725634e-04, 1.221891e-03
22.902333, -1.370979e-03, -1.660479e-04, -1.660479e-04, 1.211567e-03
22.917673, -1.399869e-03, -4.873133e-05, -4.873133e-05, 1.169911e-03
22.933013, -1.418794e-03, 7.512820e-05, 7.512820e-05, 1.095818e-03
22.948353, -1.427710e-03, 2.014885e-04, 2.014885e-04, 9.904997e-04
22.963692, -1.425763e-03, 3.261779e-04, 3.261779e-04, 8.578215e-04
22.979032, -1.411787e-03, 4.446271e-04, 4.446271e-04, 7.043097e-04
22.994372, -1.384880e-03, 5.517783e-04, 5.517783e-04, 5.387353e-04
23.009712, -1.344869e-03, 6.422109e-04, 6.422109e-04, 3.713120e-04
23.025052, -1.292549e-03, 7.104605e-04, 7.104605e-04, 2.126201e-04
23.040391, -1.229632e-03, 7.514699e-04, 7.514699e-04, 7.242959e-05
23.055731, -1.158453e-03, 7.610960e-04, 7.610960e-04, -4.139713e-05
23.071071, -1.081515e-03, 7.366031e-04, 7.366031e-04, -1.237621e-04
23.086411, -1.001016e-03, 6.770863e-04, 6.770863e-04, -1.728565e-04
23.101751, -9.184329e-04, 5.837800e-04, 5.837800e-04, -1.903299e-04
23.117090, -8.342508e-04, 4.602123e-04, 4.602123e-04, -1.811200e-04
23.132430, -7.478696e-04, 3.121626e-04, 3.121626e-04, -1.529702e-04
23.147770, -6.576964e-04, 1.473930e-04, 1.473930e-04, -1.156700e-04
23.163110, -5.614022e-04, -2.486139e-05, -2.486139e-05, -8.005943e-05
23.178450, -4.563210e-04, -1.946154e-04, -1.946154e-04, -5.685154e-05
23.193790, -3.399478e-04, -3.519990e-04, -3.519990e-04, -5.536809e-05
23.209129, -2.104708e-04, -4.881529e-04, -4.881529e-04, -8.234813e-05
23.224469, -6.725032e-05, -5.960223e-04, -5.960223e-04, -1.410289e-04
23.239809, 8.882785e-05, -6.709320e-04, -6.709320e-04, -2.306865e-04
23.255149, 2.551836e-04, -7.108667e-04, -7.108667e-04, -3.467640e-04
23.270489, 4.275817e-04, -7.164383e-04, -7.164383e-04, -4.816056e-04
23.285828, 6.003589e-04, -6.905826e-04, -6.905826e-04, -6.256752e-04
23.301168, 7.667804e-04, -6.380633e-04, -6.380633e-04, -7.690049e-04
23.316508, 9.194713e-04, -5.648762e-04, -5.648762e-04, -9.025652e-04
23.331848, 1.050901e-03, -4.776316e-04, -4.776316e-04, -1.019276e-03
23.347188, 1.153924e-03, -3.829713e-04, -3.829713e-04, -1.114469e-03
23.362527, 1.222395e-03, -2.870546e-04, -2.870546e-04, -1.185772e-03
23.377867, 1.251868e-03, -1.951378e-04, -1.951378e-04, -1.232528e-03
23.393207, 1.240344e-03, -1.112716e-04, -1.112716e-04, -1.255007e-03
23.408547, 1.188922e-03, -3.814729e-05, -3.814729e-05, -1.253674e-03
23.423887, 1.102192e-03, 2.288306e-05, 2.288306e-05, -1.228747e-03
23.439226, 9.881665e-04, 7.160772e-05, 7.160772e-05, -1.180164e-03
23.454566, 8.576559e-04, 1.086068e-04, 1.086068e-04, -1.107947e-03
23.469906, 7.230887e-04, 1.348240e-04, 1.348240e-04, -1.012814e-03
23.485246, 5.969564e-04, 1.511558e-04, 1.511558e-04, -8.968301e-04
23.500586, 4.901882e-04, 1.581569e-04, 1.581569e-04, -7.638664e-04
23.515925, 4.108012e-04, 1.559374e-04, 1.559374e-04, -6.197178e-04
23.531265, 3.631031e-04, 1.442721e-04, 1.442721e-04, -4.718007e-04
23.546605, 3.475801e-04, 1.228928e-04, 1.228928e-04, -3.284773e-04
23.561945, 3.614250e-04, 9.188536e-05, 9.188536e-05, -1.981404e-04
23.577285, 3.994896e-04, 5.209148e-05, 5.209148e-05, -8.822765e-05
23.592625, 4.553661e-04, 5.423022e-06, 5.423022e-06, -4.329975e-06
23.607964, 5.223340e-04, -4.498478e-05, -4.498478e-05, 5.047504e-05
23.623304, 5.940146e-04, -9.482125e-05, -9.482125e-05, 7.598893e-05
23.638644, 6.647097e-04, -1.388625e-04, -1.388625e-04, 7.494370e-05
23.653984, 7.295160e-04, -1.714360e-04, -1.714360e-04, 5.275978e-05
23.669324, 7.843711e-04, -1.870521e-04, -1.870521e-04, 1.703999e-05
23.684663, 8.261529e-04, -1.811384e-04, -1.811384e-04, -2.316241e-05
23.700003, 8.528665e-04, -1.507795e-04, -1.507795e-04, -5.824821e-05
23.715343, 8.638642e-04, -9.533349e-05, -9.533349e-05, -7.908424e-05
23.730683, 8.599823e-04, -1.678585e-05, -1.678585e-05, -7.803657e-05
23.746023, 8.434722e-04, 8.027749e-05, 8.027749e-05, -4.990405e-05
23.761362, 8.176503e-04, 1.891309e-04, 1.891309e-04, 7.385849e-06
23.776702, 7.862892e-04, 3.017601e-04, 3.017601e-04, 9.243389e-05
23.792042, 7.528627e-04, 4.099579e-04, 4.099579e-04, 2.004446e-04
23.807382, 7.198026e-04, 5.064387e-04, 5.064387e-04, 3.237268e-04
23.822722, 6.879261e-04, 5.857324e-04, 5.857324e-04, 4.525577e-04
23.838061, 6.561607e-04, 6.446641e-04, 6.446641e-04, 5.762831e-04
23.853401, 6.216224e-04, 6.823412e-04, 6.823412e-04, 6.845097e-04
23.868741, 5.800305e-04, 6.997011e-04, 6.997011e-04, 7.682523e-04
23.884081, 5.263899e-04, 6.987931e-04, 6.987931e-04, 8.209240e-04
23.899421, 4.558549e-04, 6.820227e-04, 6.820227e-04, 8.390737e-04
23.914760, 3.646642e-04, 6.515738e-04, 6.515738e-04, 8.228004e-04
23.930100, 2.510268e-04, 6.091399e-04, 6.091399e-04, 7.757896e-04
23.945440, 1.158327e-04, 5.559834e-04, 5.559834e-04, 7.049260e-04
23.960780, -3.693464e-05, 4.932355e-04, 4.932355e-04, 6.194616e-04
23.976120, -2.002029e-04, 4.222901e-04, 4.222901e-04, 5.297824e-04
23.991460, -3.643137e-04, 3.451374e-04, 3.451374e-04, 4.458985e-04
24.006799, -5.180164e-04, 2.645272e-04, 2.645272e-04, 3.758581e-04
24.022139, -6.498492e-04, 1.839168e-04, 1.839168e-04, 3.243453e-04
24.037479, -7.497054e-04, 1.072139e-04, 1.072139e-04, 2.917440e-04
24.052819, -8.103185e-04, 3.836296e-05, 3.836296e-05, 2.738963e-04
24.068159, -8.283756e-04, -1.916645e-05, -1.916645e-05, 2.626705e-04
24.083498, -8.050351e-04, -6.292700e-05, -6.292700e-05, 2.472998e-04
24.098838, -7.457479e-04, -9.200886e-05, -9.200886e-05, 2.163068e-04
24.114178, -6.594275e-04, -1.074360e-04, -1.074360e-04, 1.596940e-04
24.129518, -5.571431e-04, -1.123375e-04, -1.123375e-04, 7.100210e-05
24.144858, -4.506077e-04, -1.117860e-04, -1.117860e-04, -5.115085e-05
24.160197, -3.507574e-04, -1.122366e-04, -1.122366e-04, -2.023481e-04
24.175537, -2.666578e-04, -1.205807e-04, -1.205807e-04, -3.726356e-04
24.190877, -2.048675e-04, -1.429455e-04, -1.429455e-04, -5.477533e-04
24.206217, -1.692798e-04, -1.834747e-04, -1.834747e-04, -7.111366e-04
24.221557, -1.613559e-04, -2.433822e-04, -2.433822e-04, -8.463425e-04
24.236896, -1.805972e-04, -3.205401e-04, -3.205401e-04, -9.394841e-04
24.252236, -2.250939e-04, -4.097514e-04, -4.097514e-04, -9.812583e-04
24.267576, -2.920224e-04, -5.036806e-04, -5.036806e-04, -9.682262e-04
24.282916, -3.780209e-04, -5.942378e-04, -5.942378e-04, -9.031585e-04
24.298256, -4.794137e-04, -6.740875e-04, -6.740875e-04, -7.944388e-04
24.313595, -5.923001e-04, -7.379189e-04, -7.379189e-04, -6.546852e-04
24.328935, -7.125474e-04, -7.831912e-04, -7.831912e-04, -4.988669e-04
24.344275, -8.357222e-04, -8.102159e-04, -8.102159e-04, -3.422584e-04
24.359615, -9.569931e-04, -8.216204e-04, -8.216204e-04, -1.985617e-04
24.374955, -1.071047e-03, -8.213840e-04, -8.213840e-04, -7.844795e-05
24.390295, -1.172079e-03, -8.137224e-04, -8.137224e-04, 1.134260e-05
24.405634, -1.253909e-03, -8.020909e-04, -8.020909e-04, 6.831152e-05
24.420974, -1.310288e-03, -7.885023e-04, -7.885023e-04, 9.398590e-05
24.436314, -1.335407e-03, -7.732511e-04, -7.732511e-04, 9.330372e-05
24.451654, -1.324591e-03, -7.550289e-04, -7.550289e-04, 7.374709e-05
24.466994, -1.275078e-03, -7.313429e-04, -7.313429e-04, 4.434535e-05
24.482333, -1.186713e-03, -6.991200e-04, -6.991200e-04, 1.463956e-05
24.497673, -1.062404e-03, -6.553805e-04, -6.553805e-04, -6.326335e-06
24.513013, -9.081840e-04, -5.978844e-04, -5.978844e-04, -1.094350e-05
24.528353, -7.327958e-04, -5.256722e-04, -5.256722e-04, 6.137905e-06
24.543693, -5.468234e-04, -4.394338e-04, -4.394338e-04, 4.737210e-05
24.559032, -3.614924e-04, -3.416454e-04, -3.416454e-04, 1.119713e-04
24.574372, -1.873364e-04, -2.364297e-04, -2.364297e-04, 1.959509e-04
24.589712, -3.294932e-05, -1.291229e-04, -1.291229e-04, 2.926293e-04
24.605052, 9.596679e-05, -2.558545e-05, -2.558545e-05, 3.935767e-04
24.620392, 1.971073e-04, 6.865082e-05, 6.865082e-05, 4.898998e-04
24.635731, 2.715679e-04, 1.492517e-04, 1.492517e-04, 5.736347e-04
24.651071, 3.233758e-04, 2.137976e-04, 2.137976e-04, 6.389581e-04
24.666411, 3.586512e-04, 2.621964e-04, 2.621964e-04, 6.829426e-04
24.681751, 3.845485e-04, 2.966963e-04, 2.966963e-04, 7.056739e-04
24.697091, 4.081547e-04, 3.214923e-04, 3.214923e-04, 7.096991e-04
24.712430, 4.355047e-04, 3.420010e-04, 3.420010e-04, 6.989539e-04
24.727770, 4.708288e-04, 3.639541e-04, 3.639541e-04, 6.774696e-04
24.743110, 5.161064e-04, 3.924831e-04, 3.924831e-04, 6.482095e-04
24.758450, 5.709485e-04, 4.313642e-04, 4.313642e-04, 6.123421e-04
24.773790, 6.327821e-04, 4.825407e-04, 4.825407e-04, 5.691318e-04
24.789130, 6.972760e-04, 5.459776e-04, 5.459776e-04, 5.164580e-04
24.804469, 7.589399e-04, 6.198352e-04, 6.198352e-04, 4.517943e-04
24.819809, 8.118348e-04, 7.008923e-04, 7.008923e-04, 3.733636e-04
24.835149, 8.503266e-04, 7.851104e-04, 7.851104e-04, 2.811575e-04
24.850489, 8.698252e-04, 8.682158e-04, 8.682158e-04, 1.775561e-04
24.865829, 8.674506e-04, 9.461849e-04, 9.461849e-04, 6.738151e-05
24.881168, 8.425542e-04, 1.015546e-03, 1.015546e-03, -4.263989e-05
24.896508, 7.970039e-04, 1.073464e-03, 1.073464e-03, -1.448902e-04
24.911848, 7.351458e-04, 1.117624e-03, 1.117624e-03, -2.321328e-04
24.927188, 6.633873e-04, 1.146000e-03, 1.146000e-03, -2.987763e-04
24.942528, 5.894026e-04, 1.156639e-03, 1.156639e-03, -3.418565e-04
24.957867, 5.210378e-04, 1.147567e-03, 1.147567e-03, -3.615089e-04
24.973207, 4.650865e-04, 1.116927e-03, 1.116927e-03, -3.608183e-04
24.988547, 4.261726e-04, 1.063369e-03, 1.063369e-03, -3.450661e-04
25.003887, 4.059733e-04, 9.865922e-04, 9.865922e-04, -3.205279e-04
25.019227, 4.029588e-04, 8.879191e-04, 8.879191e-04, -2.930827e-04
25.034566, 4.127143e-04, 7.706706e-04, 7.706706e-04, -2.669522e-04
25.049906, 4.287681e-04, 6.401906e-04, 6.401906e-04, -2.438659e-04
25.065246, 4.437203e-04, 5.034214e-04, 5.034214e-04, -2.228442e-04
25.080586, 4.503997e-04, 3.680618e-04, 3.680618e-04, -2.006450e-04
25.095926, 4.428021e-04, 2.414702e-04, 2.414702e-04, -1.727696e-04
25.111265, 4.166461e-04, 1.295537e-04, 1.295537e-04, -1.347918e-04
25.126605, 3.695107e-04, 3.590627e-05, 3.590627e-05, -8.369666e-05
25.141945, 3.006477e-04, -3.860342e-05, -3.860342e-05, -1.893097e-05
25.157285, 2.106456e-04, -9.571162e-05, -9.571162e-05, 5.705780e-05
25.172625, 1.011176e-04, -1.391639e-04, -1.391639e-04, 1.389040e-04
25.187965, -2.547957e-05, -1.738187e-04, -1.738187e-04, 2.190117e-04
25.203304, -1.658816e-04, -2.046848e-04, -2.046848e-04, 2.887078e-04
25.218644, -3.159800e-04, -2.361172e-04, -2.361172e-04, 3.396351e-04
25.233984, -4.708397e-04, -2.713224e-04, -2.713224e-04, 3.651304e-04
25.249324, -6.248748e-04, -3.122216e-04, -3.122216e-04, 3.613414e-04
25.264664, -7.722137e-04, -3.596178e-04, -3.596178e-04, 3.278773e-04
25.280003, -9.071888e-04, -4.135449e-04, -4.135449e-04, 2.678760e-04
25.295343, -1.024829e-03, -4.736600e-04, -4.736600e-04, 1.874859e-04
25.310683, -1.121203e-03, -5.395585e-04, -5.395585e-04, 9.486627e-05
25.326023, -1.193497e-03, -6.109453e-04, -6.109453e-04, -1.103434e-06
25.341363, -1.239801e-03, -6.876464e-04, -6.876464e-04, -9.215221e-05
25.356702, -1.258692e-03, -7.694827e-04, -7.694827e-04, -1.717269e-04
25.372042, -1.248760e-03, -8.560505e-04, -8.560505e-04, -2.356853e-04
25.387382, -1.208268e-03, -9.464527e-04, -9.464527e-04, -2.824784e-04
25.402722, -1.135097e-03, -1.039028e-03, -1.039028e-03, -3.128386e-04
25.418062, -1.027063e-03, -1.131122e-03, -1.131122e-03, -3.290951e-04
25.433401, -8.825562e-04, -1.218950e-03, -1.218950e-03, -3.343135e-04
25.448741, -7.013725e-04, -1.297622e-03, -1.297622e-03, -3.314749e-04
25.464081, -4.855393e-04, -1.361364e-03, -1.361364e-03, -3.228652e-04
25.479421, -2.399231e-04, -1.403978e-03, -1.403978e-03, -3.097778e-04
25.494761, 2.755819e-05, -1.419526e-03, -1.419526e-03, -2.925533e-04
25.510101, 3.062163e-04, -1.403136e-03, -1.403136e-03, -2.708987e-04
25.525440, 5.833623e-04, -1.351830e-03, -1.351830e-03, -2.443670e-04
25.540780, 8.454729e-04, -1.265180e-03, -1.265180e-03, -2.128591e-04
25.556120, 1.079596e-03, -1.145661e-03, -1.145661e-03, -1.770231e-04
25.571460, 1.274791e-03, -9.985918e-04, -9.985918e-04, -1.384514e-04
25.586800, 1.423380e-03, -8.316406e-04, -8.316406e-04, -9.962505e-05
25.602139, 1.521831e-03, -6.539712e-04, -6.539712e-04, -6.361719e-05
25.617479, 1.571119e-03, -4.751691e-04, -4.751691e-04, -3.362941e-05
25.632819, 1.576498e-03, -3.041286e-04, -3.041286e-04, -1.246664e-05
25.648159, 1.546684e-03, -1.480753e-04, -1.480753e-04, -2.075228e-06
25.663499, 1.492561e-03, -1.185733e-05, -1.185733e-05, -3.262930e-06
25.678838, 1.425598e-03, 1.024194e-04, 1.024194e-04, -1.567205e-05
25.694178, 1.356205e-03, 1.954003e-04, 1.954003e-04, -3.800205e-05
25.709518, 1.292301e-03, 2.701658e-04, 2.701658e-04, -6.840799e-05
25.724858, 1.238304e-03, 3.316482e-04, 3.316482e-04, -1.049522e-04
25.740198, 1.194711e-03, 3.858518e-04, 3.858518e-04, -1.459635e-04
25.755537, 1.158297e-03, 4.389520e-04, 4.389520e-04, -1.901809e-04
25.770877, 1.122874e-03, 4.963603e-04, 4.963603e-04, -2.366393e-04
25.786217, 1.080458e-03, 5.618565e-04, 5.618565e-04, -2.843480e-04
25.801557, 1.022630e-03, 6.369049e-04, 6.369049e-04, -3.318914e-04
25.816897, 9.418814e-04, 7.202710e-04, 7.202710e-04, -3.771199e-04
25.832236, 8.327533e-04, 8.080325e-04, 8.080325e-04, -4.170898e-04
25.847576, 6.926531e-04, 8.940263e-04, 8.940263e-04, -4.483289e-04
25.862916, 5.222701e-04, 9.706946e-04, 9.706946e-04, -4.673864e-04
25.878256, 3.255778e-04, 1.030214e-03, 1.030214e-03, -4.715099e-04
25.893596, 1.094495e-04, 1.065721e-03, 1.065721e-03, -4.592365e-04
25.908936, -1.170623e-04, 1.072428e-03, 1.072428e-03, -4.306911e-04
25.924275, -3.437152e-04, 1.048417e-03, 1.048417e-03, -3.874676e-04
25.939615, -5.602437e-04, 9.949975e-04, 9.949975e-04, -3.321209e-04
25.954955, -7.575733e-04, 9.165658e-04, 9.165658e-04, -2.674480e-04
25.970295, -9.289346e-04, 8.200266e-04, 8.200266e-04, -1.958252e-04
25.985635, -1.070717e-03, 7.138965e-04, 7.138965e-04, -1.188633e-04
26.000974, -1.182900e-03, 6.072561e-04, 6.072561e-04, -3.754717e-05
26.016314, -1.268947e-03, 5.087156e-04, 5.087156e-04, 4.715643e-05
26.031654, -1.335122e-03, 4.255261e-04, 4.255261e-04, 1.334297e-04
26.046994, -1.389291e-03, 3.629217e-04, 3.629217e-04, 2.178193e-04
26.062334, -1.439375e-03, 3.237241e-04, 3.237241e-04, 2.948884e-04
26.077673, -1.491697e-03, 3.082064e-04, 3.082064e-04, 3.575515e-04
26.093013, -1.549532e-03, 3.141897e-04, 3.141897e-04, 3.981325e-04
26.108353, -1.612139e-03, 3.373405e-04, 3.373405e-04, 4.099429e-04
26.123693, -1.674504e-03, 3.716355e-04, 3.716355e-04, 3.889781e-04
26.139033, -1.727883e-03, 4.099635e-04, 4.099635e-04, 3.352563e-04
26.154372, -1.761113e-03, 4.448241e-04, 4.448241e-04, 2.533999e-04
26.169712, -1.762479e-03, 4.690737e-04, 4.690737e-04, 1.522446e-04
26.185052, -1.721822e-03, 4.766509e-04, 4.766509e-04, 4.351588e-05
26.200392, -1.632516e-03, 4.632045e-04, 4.632045e-04, -6.013594e-05
26.215732, -1.492944e-03, 4.265476e-04, 4.265476e-04, -1.472882e-04
26.231071, -1.307184e-03, 3.668743e-04, 3.668743e-04, -2.096079e-04
26.246411, -1.084783e-03, 2.867107e-04, 2.867107e-04, -2.430374e-04
26.261751, -8.396240e-04, 1.906062e-04, 1.906062e-04, -2.480922e-04
26.277091, -5.881184e-04, 8.461510e-05, 8.461510e-05, -2.292746e-04
26.292431, -3.470091e-04, -2.435645e-05, -2.435645e-05, -1.938017e-04
26.307771, -1.311866e-04, -1.292473e-04, -1.292473e-04, -1.499543e-04
26.323110, 4.812593e-05, -2.235037e-04, -2.235037e-04, -1.053850e-04
26.338450, 1.845332e-04, -3.016495e-04, -3.016495e-04, -6.567962e-05
26.353790, 2.768346e-04, -3.597350e-04, -3.597350e-04, -3.338827e-05
26.369130, 3.286000e-04, -3.956581e-04, -3.956581e-04, -7.632034e-06
26.384470, 3.470948e-04, -4.093518e-04, -4.093518e-04, 1.570513e-05
26.399809, 3.417976e-04, -4.028276e-04, -4.028276e-04, 4.325629e-05
26.415149, 3.228016e-04, -3.800440e-04, -3.800440e-04, 8.303135e-05
26.430489, 2.993676e-04, -3.465629e-04, -3.465629e-04, 1.430128e-04
26.445829, 2.788352e-04, -3.089715e-04, -3.089715e-04, 2.296746e-04
26.461169, 2.660126e-04, -2.740934e-04, -2.740934e-04, 3.466244e-04
26.476508, 2.630640e-04, -2.480736e-04, -2.480736e-04, 4.935705e-04
26.491848, 2.698194e-04, -2.354897e-04, -2.354897e-04, 6.657956e-04
26.507188, 2.843701e-04, -2.386743e-04, -2.386743e-04, 8.542570e-04
26.522528, 3.037968e-04, -2.574204e-04, -2.574204e-04, 1.046336e-03
26.537868, 3.248799e-04, -2.891657e-04, -2.891657e-04, 1.227160e-03
26.553207, 3.446756e-04, -3.296412e-04, -3.296412e-04, 1.381338e-03
26.568547, 3.608985e-04, -3.738373e-04, -3.738373e-04, 1.494845e-03
26.583887, 3.721141e-04, -4.170519e-04, -4.170519e-04, 1.556801e-03
26.599227, 3.777756e-04, -4.557530e-04, -4.557530e-04, 1.560863e-03
26.614567, 3.781599e-04, -4.880404e-04, -4.880404e-04, 1.506043e-03
26.629906, 3.742552e-04, -5.136090e-04, -5.136090e-04, 1.396834e-03
26.645246, 3.676333e-04, -5.332668e-04, -5.332668e-04, 1.242624e-03
26.660586, 3.603018e-04, -5.481879e-04, -5.481879e-04, 1.056491e-03
26.675926, 3.545127e-04, -5.591577e-04, -5.591577e-04, 8.535578e-04
26.691266, 3.525127e-04, -5.660548e-04, -5.660548e-04, 6.491204e-04
26.706606, 3.562385e-04, -5.677288e-04, -5.677288e-04, 4.568163e-04
26.721945, 3.669901e-04, -5.623002e-04, -5.623002e-04, 2.870732e-04
26.737285, 3.851498e-04, -5.477763e-04, -5.477763e-04, 1.460485e-04
26.752625, 4.100361e-04, -5.227823e-04, -5.227823e-04, 3.519237e-05
26.767965, 4.399567e-04, -4.871821e-04, -4.871821e-04, -4.851503e-05
26.783305, 4.724774e-04, -4.424082e-04, -4.424082e-04, -1.116864e-04
26.798644, 5.048677e-04, -3.914123e-04, -3.914123e-04, -1.631489e-04
26.813984, 5.346281e-04, -3.382607e-04, -3.382607e-04, -2.122785e-04
26.829324, 5.599652e-04, -2.874835e-04, -2.874835e-04, -2.673093e-04
26.844664, 5.800810e-04, -2.433377e-04, -2.433377e-04, -3.338895e-04
26.860004, 5.951930e-04, -2.091338e-04, -2.091338e-04, -4.141349e-04
26.875343, 6.062677e-04, -1.867377e-04, -1.867377e-04, -5.063485e-04
26.890683, 6.145221e-04, -1.762950e-04, -1.762950e-04, -6.054492e-04
26.906023, 6.208155e-04, -1.761772e-04, -1.761772e-04, -7.040217e-04
26.921363, 6.250981e-04, -1.831161e-04, -1.831161e-04, -7.937765e-04
26.936703, 6.260827e-04, -1.924892e-04, -1.924892e-04, -8.671230e-04
26.952042, 6.212617e-04, -1.987302e-04, -1.987302e-04, -9.185391e-04
26.967382, 6.073253e-04, -1.958496e-04, -1.958496e-04, -9.454850e-04
26.982722, 5.809464e-04, -1.780503e-04, -1.780503e-04, -9.487277e-04
26.998062, 5.397879e-04, -1.404028e-04, -1.404028e-04, -9.320815e-04
27.013402, 4.835031e-04, -7.951743e-05, -7.951743e-05, -9.016831e-04
27.028741, 4.144595e-04, 5.880304e-06, 5.880304e-06, -8.649985e-04
27.044081, 3.379411e-04, 1.145710e-04, 1.145710e-04, -8.297554e-04
27.059421, 2.616655e-04, 2.427459e-04, 2.427459e-04, -8.029402e-04
27.074761, 1.946078e-04, 3.842363e-04, 3.842363e-04, -7.899304e-04
27.090101, 1.453132e-04, 5.310488e-04, 5.310488e-04, -7.937904e-04
27.105441, 1.200350e-04, 6.741359e-04, 6.741359e-04, -8.147525e-04
27.120780, 1.211242e-04, 8.042874e-04, 8.042874e-04, -8.499284e-04
27.136120, 1.460778e-04, 9.130213e-04, 9.130213e-04, -8.933427e-04
27.151460, 1.875291e-04, 9.933637e-04, 9.933637e-04, -9.363980e-04
27.166800, 2.342417e-04, 1.040443e-03, 1.040443e-03, -9.688274e-04
27.182140, 2.729250e-04, 1.051853e-03, 1.051853e-03, -9.800839e-04
27.197479, 2.904954e-04, 1.027771e-03, 1.027771e-03, -9.609817e-04
27.212819, 2.763145e-04, 9.708394e-04, 9.708394e-04, -9.052987e-04
27.228159, 2.239530e-04, 8.858153e-04, 8.858153e-04, -8.109925e-04
27.243499, 1.321623e-04, 7.790342e-04, 7.790342e-04, -6.807432e-04
27.258839, 4.942826e-06, 6.577214e-04, 6.577214e-04, -5.216830e-04
27.274178, -1.492063e-04, 5.292320e-04, 5.292320e-04, -3.443703e-04
27.289518, -3.186280e-04, 4.003141e-04, 4.003141e-04, -1.612351e-04
27.304858, -4.901396e-04, 2.765044e-04, 2.765044e-04, 1.516150e-05
27.320198, -6.506635e-04, 1.617537e-04, 1.617537e-04, 1.736926e-04
27.335538, -7.886269e-04, 5.834461e-05, 5.834461e-05, 3.057795e-04
27.350877, -8.949958e-04, -3.289113e-05, -3.289113e-05, 4.059265e-04
27.366217, -9.638792e-04, -1.121156e-04, -1.121156e-04, 4.716933e-04
27.381557, -9.926986e-04, -1.798995e-04, -1.798995e-04, 5.032414e-04
27.396897, -9.819663e-04, -2.366532e-04, -2.366532e-04, 5.026540e-04
27.412237, -9.347542e-04, -2.822135e-04, -2.822135e-04, 4.732319e-04
27.427576, -8.559618e-04, -3.156915e-04, -3.156915e-04, 4.189091e-04
27.442916, -7.515135e-04, -3.356210e-04, -3.356210e-04, 3.438655e-04
27.458256, -6.276334e-04, -3.403756e-04, -3.403756e-04, 2.523441e-04
27.473596, -4.903201e-04, -3.287545e-04, -3.287545e-04, 1.486337e-04
27.488936, -3.450881e-04, -3.005898e-04, -3.005898e-04, 3.714078e-05
27.504276, -1.969626e-04, -2.572162e-04, -2.572162e-04, -7.752787e-05
27.519615, -5.065160e-05, -2.016684e-04, -2.016684e-04, -1.905291e-04
27.534955, 8.923863e-05, -1.385313e-04, -1.385313e-04, -2.968302e-04
27.550295, 2.180848e-04, -7.345067e-05, -7.345067e-05, -3.913511e-04
27.565635, 3.313159e-04, -1.239168e-05, -1.239168e-05, -4.691864e-04
27.580975, 4.246791e-04, 3.919836e-05, 3.919836e-05, -5.258700e-04
27.596314, 4.946387e-04, 7.714540e-05, 7.714540e-05, -5.576481e-04
27.611654, 5.387875e-04, 9.906330e-05, 9.906330e-05, -5.617374e-04
27.626994, 5.561387e-04, 1.045327e-04, 1.045327e-04, -5.365422e-04
27.642334, 5.472017e-04, 9.493468e-05, 9.493468e-05, -4.818143e-04
27.657674, 5.138202e-04, 7.301470e-05, 7.301470e-05, -3.987394e-04
27.673013, 4.588266e-04, 4.230576e-05, 4.230576e-05, -2.899311e-04
27.688353, 3.856118e-04, 6.555351e-06, 6.555351e-06, -1.593012e-04
27.703693, 2.977238e-04, -3.073160e-05, -3.073160e-05, -1.179070e-05
27.719033, 1.985943e-04, -6.657882e-05, -6.657882e-05, 1.470194e-04
27.734373, 9.143586e-05, -9.866249e-05, -9.866249e-05, 3.113611e-04
27.749712, -2.071035e-05, -1.253279e-04, -1.253279e-04, 4.757108e-04
27.765052, -1.348353e-04, -1.455689e-04, -1.455689e-04, 6.350955e-04
27.780392, -2.478105e-04, -1.590235e-04, -1.590235e-04, 7.851973e-04
27.795732, -3.563020e-04, -1.660044e-04, -1.660044e-04, 9.222469e-04
27.811072, -4.568090e-04, -1.675426e-04, -1.675426e-04, 1.042783e-03
27.826411, -5.458344e-04, -1.653996e-04, -1.653996e-04, 1.143408e-03
27.841751, -6.201625e-04, -1.619991e-04, -1.619991e-04, 1.220700e-03
27.857091, -6.771832e-04, -1.602505e-04, -1.602505e-04, 1.271380e-03
27.872431, -7.151915e-04, -1.632634e-04, -1.632634e-04, 1.292778e-03
27.887771, -7.335820e-04, -1.739888e-04, -1.739888e-04, 1.283483e-03
27.903111, -7.328831e-04, -1.948425e-04, -1.948425e-04, 1.244006e-03
27.918450, -7.146236e-04, -2.273729e-04, -2.273729e-04, 1.177239e-03
27.933790, -6.810684e-04, -2.720294e-04, -2.720294e-04, 1.088541e-03
27.949130, -6.348981e-04, -3.280638e-04, -3.280638e-04, 9.853566e-04
27.964470, -5.789291e-04, -3.935734e-04, -3.935734e-04, 8.764232e-04
27.979810, -5.159663e-04, -4.656655e-04, -4.656655e-04, 7.706955e-04
27.995149, -4.488218e-04, -5.407033e-04, -5.407033e-04, 6.762096e-04
28.010489, -3.804657e-04, -6.145775e-04, -6.145775e-04, 5.990892e-04
28.025829, -3.142105e-04, -6.829525e-04, -6.829525e-04, 5.428682e-04
28.041169, -2.537970e-04, -7.414469e-04, -7.414469e-04, 5.082300e-04
28.056509, -2.032504e-04, -7.857363e-04, -7.857363e-04, 4.931742e-04
28.071848, -1.664434e-04, -8.115990e-04, -8.115990e-04, 4.935426e-04
28.087188, -1.464029e-04, -8.149525e-04, -8.149525e-04, 5.037897e-04
28.102528, -1.445076e-04, -7.919462e-04, -7.919462e-04, 5.178478e-04
28.117868, -1.597829e-04, -7.391647e-04, -7.391647e-04, 5.299296e-04
28.133208, -1.885219e-04, -6.539719e-04, -6.539719e-04, 5.351399e-04
28.148547, -2.244030e-04, -5.349745e-04, -5.349745e-04, 5.298270e-04
28.163887, -2.591628e-04, -3.825416e-04, -3.825416e-04, 5.116643e-04
28.179227, -2.837361e-04, -1.992753e-04, -1.992753e-04, 4.795132e-04
28.194567, -2.896628e-04, 9.682252e-06, 9.682252e-06, 4.331676e-04
28.209907, -2.704890e-04, 2.366065e-04, 2.366065e-04, 3.730938e-04
28.225246, -2.228793e-04, 4.714782e-04, 4.714782e-04, 3.002489e-04
28.240586, -1.472144e-04, 7.026136e-04, 7.026136e-04, 2.160056e-04
28.255926, -4.756233e-05, 9.175954e-04, 9.175954e-04, 1.221620e-04
28.271266, 6.896251e-05, 1.104409e-03, 1.104409e-03, 2.097121e-05
28.286606, 1.933268e-04, 1.252649e-03, 1.252649e-03, -8.489128e-05
28.301946, 3.159774e-04, 1.354638e-03, 1.354638e-03, -1.924789e-04
28.317285, 4.282476e-04, 1.406274e-03, 1.406274e-03, -2.988472e-04
28.332625, 5.235147e-04, 1.407471e-03, 1.407471e-03, -4.014003e-04
28.347965, 5.979151e-04, 1.362074e-03, 1.362074e-03, -4.982255e-04
28.363305, 6.505073e-04, 1.277238e-03, 1.277238e-03, -5.883152e-04
28.378645, 6.828884e-04, 1.162344e-03, 1.162344e-03, -6.715884e-04
28.393984, 6.983861e-04, 1.027638e-03, 1.027638e-03, -7.486753e-04
28.409324, 7.010438e-04, 8.828477e-04, 8.828477e-04, -8.204974e-04
28.424664, 6.946463e-04, 7.360403e-04, 7.360403e-04, -8.877265e-04
28.440004, 6.820102e-04, 5.929411e-04, 5.929411e-04, -9.502521e-04
28.455344, 6.646834e-04, 4.568242e-04, 4.568242e-04, -1.006807e-03
28.470683, 6.430803e-04, 3.289388e-04, 3.289388e-04, -1.054881e-03
28.486023, 6.169464e-04, 2.093060e-04, 2.093060e-04, -1.090986e-03
28.501363, 5.859655e-04, 9.764087e-05, 9.764087e-05, -1.111256e-03
28.516703, 5.503014e-04, -5.861051e-06, -5.861051e-06, -1.112294e-03
28.532043, 5.109134e-04, -1.000714e-04, -1.000714e-04, -1.092075e-03
28.547382, 4.695700e-04, -1.829019e-04, -1.829019e-04, -1.050716e-03
28.562722, 4.286001e-04, -2.516715e-04, -2.516715e-04, -9.909000e-04
28.578062, 3.905034e-04, -3.037372e-04, -3.037372e-04, -9.178532e-04
28.593402, 3.575630e-04, -3.372075e-04, -3.372075e-04, -8.388255e-04
28.608742, 3.315681e-04, -3.515564e-04, -3.515564e-04, -7.621585e-04
28.624082, 3.136864e-04, -3.480021e-04, -3.480021e-04, -6.960990e-04
28.639421, 3.044574e-04, -3.295771e-04, -3.295771e-04, -6.475701e-04
28.654761, 3.038247e-04, -3.008870e-04, -3.008870e-04, -6.211101e-04
28.670101, 3.111357e-04, -2.676094e-04, -2.676094e-04, -6.181500e-04
28.685441, 3.250900e-04, -2.358178e-04, -2.358178e-04, -6.367451e-04
28.700781, 3.436836e-04, -2.112388e-04, -2.112388e-04, -6.717970e-04
28.716120, 3.642314e-04, -1.985471e-04, -1.985471e-04, -7.157254e-04
28.731460, 3.835461e-04, -2.007988e-04, -2.007988e-04, -7.594875e-04
28.746800, 3.982973e-04, -2.190767e-04, -2.190767e-04, -7.937950e-04
28.762140, 4.054800e-04, -2.523936e-04, -2.523936e-04, -8.103480e-04
28.777480, 4.028393e-04, -2.978538e-04, -2.978538e-04, -8.028911e-04
28.792819, 3.890851e-04, -3.510387e-04, -3.510387e-04, -7.679298e-04
28.808159, 3.637819e-04, -4.065444e-04, -4.065444e-04, -7.050021e-04
28.823499, 3.269186e-04, -4.585893e-04, -4.585893e-04, -6.164801e-04
28.838839, 2.782981e-04, -5.016120e-04, -5.016120e-04, -5.069619e-04
28.854179, 2.170009e-04, -5.307986e-04, -5.307986e-04, -3.824006e-04
28.869518, 1.411932e-04, -5.425051e-04, -5.425051e-04, -2.491588e-04
28.884858, 4.845891e-05, -5.345603e-04, -5.345603e-04, -1.131707e-04
28.900198, -6.333669e-05, -5.064415e-04, -5.064415e-04, 2.065626e-05
28.915538, -1.948349e-04, -4.593146e-04, -4.593146e-04, 1.487289e-04
28.930878, -3.439644e-04, -3.959218e-04, -3.959218e-04, 2.687593e-04
28.946217, -5.051149e-04, -3.203073e-04, -3.203073e-04, 3.795345e-04
28.961557, -6.690257e-04, -2.373850e-04, -2.373850e-04, 4.805628e-04
28.976897, -8.235266e-04, -1.523903e-04, -1.523903e-04, 5.716893e-04
28.992237, -9.550457e-04, -7.029539e-05, -7.029539e-05, 6.527527e-04
29.007577, -1.050590e-03, 4.703875e-06, 4.703875e-06, 7.233327e-04
29.022917, -1.099773e-03, 6.952303e-05, 6.952303e-05, 7.826109e-04
29.038256, -1.096455e-03, 1.222731e-04, 1.222731e-04, 8.293522e-04
29.053596, -1.039672e-03, 1.620872e-04, 1.620872e-04, 8.620190e-04
29.068936, -9.337029e-04, 1.887577e-04, 1.887577e-04, 8.790201e-04
29.084276, -7.873358e-04, 2.023132e-04, 2.023132e-04, 8.790745e-04
29.099616, -6.125315e-04, 2.026877e-04, 2.026877e-04, 8.616442e-04
29.114955, -4.228093e-04, 1.896048e-04, 1.896048e-04, 8.273683e-04
29.130295, -2.316678e-04, 1.627314e-04, 1.627314e-04, 7.784031e-04
29.145635, -5.128648e-05, 1.220610e-04, 1.220610e-04, 7.185631e-04
29.160975, 1.083486e-04, 6.840016e-05, 6.840016e-05, 6.531862e-04
29.176315, 2.398677e-04, 3.788414e-06, 3.788414e-06, 5.886920e-04
29.191654, 3.385627e-04, -6.831711e-05, -6.831711e-05, 5.318683e-04
29.206994, 4.021878e-04, -1.431967e-04, -1.431967e-04, 4.889782e-04
29.222334, 4.306549e-04, -2.153753e-04, -2.153753e-04, 4.648467e-04
29.237674, 4.257268e-04, -2.793935e-04, -2.793935e-04, 4.621035e-04
29.253014, 3.907697e-04, -3.306751e-04, -3.306751e-04, 4.807380e-04
29.268353, 3.305601e-04, -3.662928e-04, -3.662928e-04, 5.180602e-04
29.283693, 2.510948e-04, -3.854514e-04, -3.854514e-04, 5.690792e-04
29.299033, 1.593325e-04, -3.895693e-04, -3.895693e-04, 6.272174e-04
29.314373, 6.281681e-05, -3.819297e-04, -3.819297e-04, 6.851938e-04
29.329713, -3.082937e-05, -3.669616e-04, -3.669616e-04, 7.358849e-04
29.345052, -1.145010e-04, -3.492897e-04, -3.492897e-04, 7.730002e-04
29.360392, -1.822111e-04, -3.327387e-04, -3.327387e-04, 7.914739e-04
29.375732, -2.295799e-04, -3.194863e-04, -3.194863e-04, 7.875706e-04
29.391072, -2.541190e-04, -3.095384e-04, -3.095384e-04, 7.587976e-04
29.406412, -2.552655e-04, -3.006424e-04, -3.006424e-04, 7.037693e-04
29.421752, -2.341796e-04, -2.886748e-04, -2.886748e-04, 6.221614e-04
29.437091, -1.933769e-04, -2.684501e-04, -2.684501e-04, 5.148285e-04
29.452431, -1.363059e-04, -2.348098e-04, -2.348098e-04, 3.840706e-04
29.467771, -6.697924e-05, -1.837835e-04, -1.837835e-04, 2.339398e-04
29.483111, 1.027983e-05, -1.135855e-04, -1.135855e-04, 7.042031e-05
29.498451, 9.096695e-05, -2.523152e-05, -2.523152e-05, -9.868139e-05
29.513790, 1.704458e-04, 7.737303e-05, 7.737303e-05, -2.642222e-04
29.529130, 2.439927e-04, 1.879103e-04, 1.879103e-04, -4.165633e-04
29.544470, 3.069163e-04, 2.986097e-04, 2.986097e-04, -5.466373e-04
29.559810, 3.547939e-04, 4.014995e-04, 4.014995e-04, -6.470337e-04
29.575150, 3.838111e-04, 4.896936e-04, 4.896936e-04, -7.128722e-04
29.590489, 3.911480e-04, 5.584532e-04, 5.584532e-04, -7.422951e-04
29.605829, 3.753295e-04, 6.058175e-04, 6.058175e-04, -7.365100e-04
29.621169, 3.364536e-04, 6.327019e-04, 6.327019e-04, -6.994215e-04
29.636509, 2.762340e-04, 6.424763e-04, 6.424763e-04, -6.369732e-04
29.651849, 1.978432e-04, 6.401520e-04, 6.401520e-04, -5.563618e-04
29.667188, 1.055825e-04, 6.313675e-04, 6.313675e-04, -4.652684e-04
29.682528, 4.431110e-06, 6.213885e-04, 6.213885e-04, -3.711882e-04
29.697868, -1.004562e-04, 6.143026e-04, 6.143026e-04, -2.808785e-04
29.713208, -2.042280e-04, 6.125235e-04, 6.125235e-04, -1.999134e-04
29.728548, -3.027261e-04, 6.166392e-04, 6.166392e-04, -1.323249e-04
29.743887, -3.927407e-04, 6.255635e-04, 6.255635e-04, -8.033433e-05
29.759227, -4.720956e-04, 6.369044e-04, 6.369044e-04, -4.422191e-05
29.774567, -5.395493e-04, 6.474421e-04, 6.474421e-04, -2.240617e-05
29.789907, -5.945273e-04, 6.536204e-04, 6.536204e-04, -1.178979e-05
29.805247, -6.367465e-04, 6.519883e-04, 6.519883e-04, -8.370341e-06
29.820587, -6.658152e-04, 6.395553e-04, 6.395553e-04, -8.044980e-06
29.835926, -6.809211e-04, 6.140609e-04, 6.140609e-04, -7.469829e-06
29.851266, -6.807179e-04, 5.741665e-04, 5.741665e-04, -4.790208e-06
29.866606, -6.634895e-04, 5.195808e-04, 5.195808e-04, -6.821514e-08
29.881946, -6.276004e-04, 4.511205e-04, 4.511205e-04, 4.700798e-06
29.897286, -5.721544e-04, 3.706966e-04, 3.706966e-04, 6.003143e-06
29.912625, -4.977160e-04, 2.812090e-04, 2.812090e-04, -4.143056e-07
29.927965, -4.068987e-04, 1.863401e-04, 1.863401e-04, -1.854621e-05
29.943305, -3.046216e-04, 9.025182e-05, 9.025182e-05, -5.110488e-05
29.958645, -1.979008e-04, -2.787611e-06, -2.787611e-06, -9.866595e-05
29.973985, -9.514927e-05, -8.880056e-05, -8.880056e-05, -1.591491e-04
29.989324, -5.079769e-06, -1.644654e-04, -1.644654e-04, -2.277543e-04
30.004664, 6.459060e-05, -2.273963e-04, -2.273963e-04, -2.974076e-04
30.020004, 1.083674e-04, -2.763006e-04, -2.763006e-04, -3.596849e-04
30.035344, 1.238715e-04, -3.109991e-04, -3.109991e-04, -4.060848e-04
30.050684, 1.122075e-04, -3.323207e-04, -3.323207e-04, -4.294512e-04
30.066023, 7.773868e-05, -3.418998e-04, -3.418998e-04, -4.252837e-04
30.081363, 2.732697e-05, -3.419160e-04, -3.419160e-04, -3.926632e-04
30.096703, -3.078524e-05, -3.348141e-04, -3.348141e-04, -3.345695e-04
30.112043, -8.820400e-05, -3.230399e-04, -3.230399e-04, -2.574877e-04
30.127383, -1.374775e-04, -3.088170e-04, -3.088170e-04, -1.703483e-04
30.142722, -1.728739e-04, -2.939855e-04, -2.939855e-04, -8.299427e-05
30.158062, -1.907579e-04, -2.799151e-04, -2.799151e-04, -4.484907e-06
30.173402, -1.895836e-04, -2.674996e-04, -2.674996e-04, 5.840458e-05
30.188742, -1.696067e-04, -2.572267e-04, -2.572267e-04, 1.021795e-04
30.204082, -1.324623e-04, -2.493057e-04, -2.493057e-04, 1.269297e-04
30.219422, -8.073692e-05, -2.438235e-04, -2.438235e-04, 1.359105e-04
30.234761, -1.761314e-05, -2.408882e-04, -2.408882e-04, 1.345278e-04
30.250101, 5.339055e-05, -2.407267e-04, -2.407267e-04, 1.289859e-04
30.265441, 1.286132e-04, -2.437126e-04, -2.437126e-04, 1.249164e-04
30.280781, 2.044334e-04, -2.503230e-04, -2.503230e-04, 1.262786e-04
30.296121, 2.774819e-04, -2.610459e-04, -2.610459e-04, 1.347438e-04
30.311460, 3.448857e-04, -2.762737e-04, -2.762737e-04, 1.496535e-04
30.326800, 4.045038e-04, -2.962167e-04, -2.962167e-04, 1.685012e-04
30.342140, 4.550993e-04, -3.208581e-04, -3.208581e-04, 1.877687e-04
30.357480, 4.963908e-04, -3.499476e-04, -3.499476e-04, 2.038778e-04
30.372820, 5.289594e-04, -3.830128e-04, -3.830128e-04, 2.140168e-04
30.388159, 5.540381e-04, -4.193544e-04, -4.193544e-04, 2.166472e-04
30.403499, 5.732573e-04, -4.580067e-04, -4.580067e-04, 2.115913e-04
30.418839, 5.884282e-04, -4.976648e-04, -4.976648e-04, 1.997226e-04
30.434179, 6.014247e-04, -5.366097e-04, -5.366097e-04, 1.823868e-04
30.449519, 6.141776e-04, -5.726861e-04, -5.726861e-04, 1.607387e-04
30.464858, 6.287372e-04, -6.033822e-04, -6.033822e-04, 1.351868e-04
30.480198, 6.473084e-04, -6.260442e-04, -6.260442e-04, 1.050992e-04
30.495538, 6.721591e-04, -6.382076e-04, -6.382076e-04, 6.884287e-05
30.510878, 7.053432e-04, -6.379895e-04, -6.379895e-04, 2.413372e-05
30.526218, 7.482504e-04, -6.244436e-04, -6.244436e-04, -3.139703e-05
30.541557, 8.010717e-04, -5.977817e-04, -5.977817e-04, -9.954563e-05
30.556897, 8.623277e-04, -5.593854e-04, -5.593854e-04, -1.809209e-04
30.572237, 9.286305e-04, -5.115887e-04, -5.115887e-04, -2.744833e-04
30.587577, 9.948013e-04, -4.572716e-04, -4.572716e-04, -3.773074e-04
30.602917, 1.054378e-03, -3.993607e-04, -3.993607e-04, -4.845957e-04
30.618257, 1.100448e-03, -3.403568e-04, -3.403568e-04, -5.899486e-04
30.633596, 1.126643e-03, -2.819965e-04, -2.819965e-04, -6.858736e-04
30.648936, 1.128089e-03, -2.251159e-04, -2.251159e-04, -7.644906e-04
30.664276, 1.102091e-03, -1.697196e-04, -1.697196e-04, -8.183657e-04
30.679616, 1.048413e-03, -1.152029e-04, -1.152029e-04, -8.413825e-04
30.694956, 9.690988e-04, -6.063833e-05, -6.063833e-05, -8.295390e-04
30.710295, 8.679043e-04, -5.033390e-06, -5.033390e-06, -7.815425e-04
30.725635, 7.494891e-04, 5.250220e-05, 5.250220e-05, -6.990909e-04
30.740975, 6.185788e-04, 1.126978e-04, 1.126978e-04, -5.867792e-04
30.756315, 4.792993e-04, 1.761393e-04, 1.761393e-04, -4.516316e-04
30.771655, 3.348226e-04, 2.433030e-04, 2.433030e-04, -3.023243e-04
30.786994, 1.873741e-04, 3.145402e-04, 3.145402e-04, -1.482337e-04
30.802334, 3.855476e-05, 3.899757e-04, 3.899757e-04, 1.523121e-06
30.817674, -1.101575e-04, 4.693184e-04, 4.693184e-04, 1.389000e-04
30.833014, -2.569061e-04, 5.516249e-04, 5.516249e-04, 2.574769e-04
30.848354, -3.991215e-04, 6.350819e-04, 6.350819e-04, 3.527165e-04
30.863693, -5.334661e-04, 7.168762e-04, 7.168762e-04, 4.219543e-04
30.879033, -6.560945e-04, 7.932083e-04, 7.932083e-04, 4.642198e-04
30.894373, -7.631799e-04, 8.594772e-04, 8.594772e-04, 4.800101e-04
30.909713, -8.515787e-04, 9.106318e-04, 9.106318e-04, 4.711145e-04
30.925053, -9.194752e-04, 9.416607e-04, 9.416607e-04, 4.405384e-04
30.940392, -9.668567e-04, 9.481694e-04, 9.481694e-04, 3.925127e-04
30.955732, -9.957059e-04, 9.269770e-04, 9.269770e-04, 3.325095e-04
30.971072, -1.009855e-03, 8.766571e-04, 8.766571e-04, 2.671474e-04
30.986412, -1.014515e-03, 7.979392e-04, 7.979392e-04, 2.038869e-04
31.001752, -1.015556e-03, 6.938933e-04, 6.938933e-04, 1.504676e-04
31.017092, -1.018654e-03, 5.698426e-04, 5.698426e-04, 1.141181e-04
31.032431, -1.028433e-03, 4.329835e-04, 4.329835e-04, 1.006478e-04
31.047771, -1.047749e-03, 2.917444e-04, 2.917444e-04, 1.135938e-04
31.063111, -1.077225e-03, 1.549610e-04, 1.549610e-04, 1.536204e-04
31.078451, -1.115133e-03, 3.098321e-05, 3.098321e-05, 2.183234e-04
31.093791, -1.157642e-03, -7.315813e-05, -7.315813e-05, 3.025170e-04
31.109130, -1.199411e-03, -1.524107e-04, -1.524107e-04, 3.989844e-04
31.124470, -1.234435e-03, -2.041078e-04, -2.041078e-04, 4.995679e-04
31.139810, -1.257006e-03, -2.280881e-04, -2.280881e-04, 5.963905e-04
31.155150, -1.262599e-03, -2.265336e-04, -2.265336e-04, 6.829747e-04
31.170490, -1.248535e-03, -2.035635e-04, -2.035635e-04, 7.550427e-04
31.185829, -1.214290e-03, -1.646440e-04, -1.646440e-04, 8.108480e-04
31.201169, -1.161404e-03, -1.158845e-04, -1.158845e-04, 8.509831e-04
31.216509, -1.093030e-03, -6.330819e-05, -6.330819e-05, 8.777255e-04
31.231849, -1.013262e-03, -1.219300e-05, -1.219300e-05, 8.940849e-04
31.247189, -9.263833e-04, 3.342118e-05, 3.342118e-05, 9.027742e-04
31.262528, -8.362355e-04, 7.097917e-05, 7.097917e-05, 9.053347e-04
31.277868, -7.458026e-04, 9.937517e-05, 9.937517e-05, 9.016123e-04
31.293208, -6.570817e-04, 1.186610e-04, 1.186610e-04, 8.896900e-04
31.308548, -5.711915e-04, 1.295890e-04, 1.295890e-04, 8.662691e-04
31.323888, -4.886238e-04, 1.331278e-04, 1.331278e-04, 8.273891e-04
31.339227, -4.095221e-04, 1.300908e-04, 1.300908e-04, 7.693109e-04
31.354567, -3.338857e-04, 1.209806e-04, 1.209806e-04, 6.893700e-04
31.369907, -2.616484e-04, 1.060687e-04, 1.060687e-04, 5.866277e-04
31.385247, -1.926405e-04, 8.564709e-05, 8.564709e-05, 4.622201e-04
31.400587, -1.264965e-04, 6.032341e-05, 6.032341e-05, 3.193812e-04
31.415927, -6.258328e-05, 3.122276e-05, 3.122276e-05, 1.631746e-04
