x, 11, 12, 21, 22
0.015340, -4.847029e+01, -4.836626e+01, -4.836626e+01, -4.826266e+01
0.030680, -4.862105e+01, -4.828283e+01, -4.828283e+01, -4.794987e+01
0.046019, -4.884121e+01, -4.814196e+01, -4.814196e+01, -4.746485e+01
0.061359, -4.909030e+01, -4.794277e+01, -4.794277e+01, -4.685211e+01
0.076699, -4.932338e+01, -4.768602e+01, -4.768602e+01, -4.615857e+01
0.092039, -4.949935e+01, -4.737400e+01, -4.737400e+01, -4.542552e+01
0.107379, -4.958684e+01, -4.701005e+01, -4.701005e+01, -4.468387e+01
0.122718, -4.956649e+01, -4.659816e+01, -4.659816e+01, -4.395290e+01
0.138058, -4.943052e+01, -4.614252e+01, -4.614252e+01, -4.324154e+01
0.153398, -4.918070e+01, -4.564722e+01, -4.564722e+01, -4.255101e+01
0.168738, -4.882552e+01, -4.511606e+01, -4.511606e+01, -4.187792e+01
0.184078, -4.837710e+01, -4.455250e+01, -4.455250e+01, -4.121695e+01
0.199418, -4.784843e+01, -4.395977e+01, -4.395977e+01, -4.056302e+01
0.214757, -4.725123e+01, -4.334078e+01, -4.334078e+01, -3.991265e+01
0.230097, -4.659470e+01, -4.269817e+01, -4.269817e+01, -3.926447e+01
0.245437, -4.588495e+01, -4.203420e+01, -4.203420e+01, -3.861897e+01
0.260777, -4.512540e+01, -4.135067e+01, -4.135067e+01, -3.797769e+01
0.276117, -4.431768e+01, -4.064878e+01, -4.064878e+01, -3.734199e+01
0.291456, -4.346296e+01, -3.992899e+01, -3.992899e+01, -3.671186e+01
0.306796, -4.256308e+01, -3.919097e+01, -3.919097e+01, -3.608515e+01
0.322136, -4.162118e+01, -3.843362e+01, -3.843362e+01, -3.545739e+01
0.337476, -4.064185e+01, -3.765527e+01, -3.765527e+01, -3.482234e+01
0.352816, -3.963060e+01, -3.685392e+01, -3.685392e+01, -3.417306e+01
0.368155, -3.859310e+01, -3.602773e+01, -3.602773e+01, -3.350307e+01
0.383495, -3.753451e+01, -3.517538e+01, -3.517538e+01, -3.280740e+01
0.398835, -3.645911e+01, -3.429645e+01, -3.429645e+01, -3.208307e+01
0.414175, -3.537022e+01, -3.339161e+01, -3.339161e+01, -3.132920e+01
0.429515, -3.427043e+01, -3.246260e+01, -3.246260e+01, -3.054664e+01
0.444854, -3.316188e+01, -3.151202e+01, -3.151202e+01, -2.973738e+01
0.460194, -3.204650e+01, -3.054304e+01, -3.054304e+01, -2.890402e+01
0.475534, -3.092616e+01, -2.955902e+01, -2.955902e+01, -2.804926e+01
0.490874, -2.980265e+01, -2.856327e+01, -2.856327e+01, -2.717562e+01
0.506214, -2.867770e+01, -2.755876e+01, -2.755876e+01, -2.628532e+01
0.521553, -2.755288e+01, -2.654803e+01, -2.654803e+01, -2.538029e+01
0.536893, -2.642958e+01, -2.553312e+01, -2.553312e+01, -2.446230e+01
0.552233, -2.530900e+01, -2.451557e+01, -2.451557e+01, -2.353306e+01
0.567573, -2.419226e+01, -2.349647e+01, -2.349647e+01, -2.259435e+01
0.582913, -2.308039e+01, -2.247655e+01, -2.247655e+01, -2.164800e+01
0.598253, -2.197442e+01, -2.145630e+01, -2.145630e+01, -2.069598e+01
0.613592, -2.087540e+01, -2.043609e+01, -2.043609e+01, -1.974029e+01
0.628932, -1.978446e+01, -1.941639e+01, -1.941639e+01, -1.878288e+01
0.644272, -1.870274e+01, -1.839786e+01, -1.839786e+01, -1.782564e+01
0.659612, -1.763141e+01, -1.738155e+01, -1.738155e+01, -1.687034e+01
0.674952, -1.657163e+01, -1.636887e+01, -1.636887e+01, -1.591861e+01
0.690291, -1.552451e+01, -1.536166e+01, -1.536166e+01, -1.497195e+01
0.705631, -1.449111e+01, -1.436207e+01, -1.436207e+01, -1.403174e+01
0.720971, -1.347240e+01, -1.337245e+01, -1.337245e+01, -1.309932e+01
0.736311, -1.246933e+01, -1.239519e+01, -1.239519e+01, -1.217595e+01
0.751651, -1.148281e+01, -1.143258e+01, -1.143258e+01, -1.126292e+01
0.766990, -1.051375e+01, -1.048665e+01, -1.048665e+01, -1.036157e+01
0.782330, -9.563152e+00, -9.559111e+00, -9.559111e+00, -9.473335e+00
0.797670, -8.632138e+00, -8.651309e+00, -8.651309e+00, -8.599782e+00
0.813010, -7.721942e+00, -7.764218e+00, -7.764218e+00, -7.742606e+00
0.828350, -6.833896e+00, -6.898520e+00, -6.898520e+00, -6.903609e+00
0.843689, -5.969360e+00, -6.054701e+00, -6.054701e+00, -6.084628e+00
0.859029, -5.129635e+00, -5.233175e+00, -5.233175e+00, -5.287434e+00
0.874369, -4.315862e+00, -4.434399e+00, -4.434399e+00, -4.513623e+00
0.889709, -3.528954e+00, -3.658977e+00, -3.658977e+00, -3.764510e+00
0.905049, -2.769571e+00, -2.907712e+00, -2.907712e+00, -3.041057e+00
0.920388, -2.038160e+00, -2.181621e+00, -2.181621e+00, -2.343854e+00
0.935728, -1.335040e+00, -1.481897e+00, -1.481897e+00, -1.673155e+00
0.951068, -6.605172e-01, -8.098348e-01, -8.098348e-01, -1.028981e+00
0.966408, -1.502680e-02, -1.667382e-01, -1.667382e-01, -4.112509e-01
0.981748, 6.007682e-01, 4.461635e-01, 4.461635e-01, 1.800614e-01
0.997088, 1.185919e+00, 1.027780e+00, 1.027780e+00, 7.447822e-01
1.012427, 1.739192e+00, 1.577185e+00, 1.577185e+00, 1.282436e+00
1.027767, 2.259133e+00, 2.093608e+00, 2.093608e+00, 1.792205e+00
1.043107, 2.744188e+00, 2.576388e+00, 2.576388e+00, 2.272948e+00
1.058447, 3.192858e+00, 3.024919e+00, 3.024919e+00, 2.723284e+00
1.073787, 3.603854e+00, 3.438600e+00, 3.438600e+00, 3.141730e+00
1.089126, 3.976242e+00, 3.816808e+00, 3.816808e+00, 3.526850e+00
1.104466, 4.309539e+00, 4.158906e+00, 4.158906e+00, 3.877403e+00
1.119806, 4.603761e+00, 4.464297e+00, 4.464297e+00, 4.192465e+00
1.135146, 4.859405e+00, 4.732501e+00, 4.732501e+00, 4.471505e+00
1.150486, 5.077374e+00, 4.963253e+00, 4.963253e+00, 4.714409e+00
1.165825, 5.258870e+00, 5.156597e+00, 5.156597e+00, 4.921452e+00
1.181165, 5.405267e+00, 5.312952e+00, 5.312952e+00, 5.093237e+00
1.196505, 5.517988e+00, 5.433140e+00, 5.433140e+00, 5.230614e+00
1.211845, 5.598407e+00, 5.518373e+00, 5.518373e+00, 5.334599e+00
1.227185, 5.647797e+00, 5.570195e+00, 5.570195e+00, 5.406303e+00
1.242524, 5.667308e+00, 5.590390e+00, 5.590390e+00, 5.446886e+00
1.257864, 5.657985e+00, 5.580884e+00, 5.580884e+00, 5.457546e+00
1.273204, 5.620816e+00, 5.543636e+00, 5.543636e+00, 5.439524e+00
1.288544, 5.556788e+00, 5.480554e+00, 5.480554e+00, 5.394125e+00
1.303884, 5.466947e+00, 5.393422e+00, 5.393422e+00, 5.322747e+00
1.319223, 5.352442e+00, 5.283866e+00, 5.283866e+00, 5.226894e+00
1.334563, 5.214560e+00, 5.153336e+00, 5.153336e+00, 5.108175e+00
1.349903, 5.054727e+00, 5.003121e+00, 5.003121e+00, 4.968275e+00
1.365243, 4.874496e+00, 4.834384e+00, 4.834384e+00, 4.808912e+00
1.380583, 4.675510e+00, 4.648203e+00, 4.648203e+00, 4.631776e+00
1.395923, 4.459454e+00, 4.445631e+00, 4.445631e+00, 4.438467e+00
1.411262, 4.228011e+00, 4.227746e+00, 4.227746e+00, 4.230447e+00
1.426602, 3.982809e+00, 3.995688e+00, 3.995688e+00, 4.009020e+00
1.441942, 3.725403e+00, 3.750683e+00, 3.750683e+00, 3.775331e+00
1.457282, 3.457263e+00, 3.494044e+00, 3.494044e+00, 3.530398e+00
1.472622, 3.179788e+00, 3.227147e+00, 3.227147e+00, 3.275169e+00
1.487961, 2.894329e+00, 2.951400e+00, 2.951400e+00, 3.010579e+00
1.503301, 2.602219e+00, 2.668200e+00, 2.668200e+00, 2.737610e+00
1.518641, 2.304797e+00, 2.378897e+00, 2.378897e+00, 2.457327e+00
1.533981, 2.003422e+00, 2.084783e+00, 2.084783e+00, 2.170898e+00
1.549321, 1.699465e+00, 1.787082e+00, 1.787082e+00, 1.879582e+00
1.564660, 1.394290e+00, 1.486974e+00, 1.486974e+00, 1.584703e+00
1.580000, 1.089233e+00, 1.185622e+00, 1.185622e+00, 1.287605e+00
1.595340, 7.855684e-01, 8.842002e-01, 8.842002e-01, 9.896161e-01
1.610680, 4.844900e-01, 5.839227e-01, 5.839227e-01, 6.920202e-01
1.626020, 1.871048e-01, 2.860497e-01, 2.860497e-01, 3.960411e-01
1.641359, -1.055652e-01, -8.118983e-03, -8.118983e-03, 1.028504e-01
1.656699, -3.925689e-01, -2.972681e-01, -2.972681e-01, -1.864106e-01
1.672039, -6.730054e-01, -5.801015e-01, -5.801015e-01, -4.706034e-01
1.687379, -9.460024e-01, -8.553808e-01, -8.553808e-01, -7.485649e-01
1.702719, -1.210700e+00, -1.121959e+00, -1.121959e+00, -1.019090e+00
1.718058, -1.466240e+00, -1.378805e+00, -1.378805e+00, -1.280929e+00
1.733398, -1.711756e+00, -1.625015e+00, -1.625015e+00, -1.532811e+00
1.748738, -1.946376e+00, -1.859809e+00, -1.859809e+00, -1.773477e+00
1.764078, -2.169228e+00, -2.082513e+00, -2.082513e+00, -2.001727e+00
1.779418, -2.379451e+00, -2.292537e+00, -2.292537e+00, -2.216471e+00
1.794758, -2.576208e+00, -2.489350e+00, -2.489350e+00, -2.416775e+00
1.810097, -2.758714e+00, -2.672446e+00, -2.672446e+00, -2.601886e+00
1.825437, -2.926262e+00, -2.841335e+00, -2.841335e+00, -2.771253e+00
1.840777, -3.078248e+00, -2.995529e+00, -2.995529e+00, -2.924514e+00
1.856117, -3.214198e+00, -3.134551e+00, -3.134551e+00, -3.061486e+00
1.871457, -3.333778e+00, -3.257953e+00, -3.257953e+00, -3.182123e+00
1.886796, -3.436805e+00, -3.365344e+00, -3.365344e+00, -3.286494e+00
1.902136, -3.523230e+00, -3.456426e+00, -3.456426e+00, -3.374744e+00
1.917476, -3.593128e+00, -3.531019e+00, -3.531019e+00, -3.447075e+00
1.932816, -3.646670e+00, -3.589089e+00, -3.589089e+00, -3.503727e+00
1.948156, -3.684111e+00, -3.630757e+00, -3.630757e+00, -3.544973e+00
1.963495, -3.705771e+00, -3.656292e+00, -3.656292e+00, -3.571124e+00
1.978835, -3.712034e+00, -3.666097e+00, -3.666097e+00, -3.582537e+00
1.994175, -3.703344e+00, -3.660680e+00, -3.660680e+00, -3.579622e+00
2.009515, -3.680214e+00, -3.640634e+00, -3.640634e+00, -3.562855e+00
2.024855, -3.643228e+00, -3.606608e+00, -3.606608e+00, -3.532785e+00
2.040194, -3.593039e+00, -3.559293e+00, -3.559293e+00, -3.490031e+00
2.055534, -3.530366e+00, -3.499415e+00, -3.499415e+00, -3.435279e+00
2.070874, -3.455980e+00, -3.427732e+00, -3.427732e+00, -3.369266e+00
2.086214, -3.370691e+00, -3.345038e+00, -3.345038e+00, -3.292768e+00
2.101554, -3.275339e+00, -3.252163e+00, -3.252163e+00, -3.206579e+00
2.116893, -3.170779e+00, -3.149971e+00, -3.149971e+00, -3.111498e+00
2.132233, -3.057875e+00, -3.039352e+00, -3.039352e+00, -3.008313e+00
2.147573, -2.937495e+00, -2.921215e+00, -2.921215e+00, -2.897801e+00
2.162913, -2.810507e+00, -2.796474e+00, -2.796474e+00, -2.780720e+00
2.178253, -2.677776e+00, -2.666035e+00, -2.666035e+00, -2.657819e+00
2.193593, -2.540160e+00, -2.530794e+00, -2.530794e+00, -2.529837e+00
2.208932, -2.398507e+00, -2.391626e+00, -2.391626e+00, -2.397516e+00
2.224272, -2.253650e+00, -2.249390e+00, -2.249390e+00, -2.261600e+00
2.239612, -2.106409e+00, -2.104921e+00, -2.104921e+00, -2.122838e+00
2.254952, -1.957591e+00, -1.959038e+00, -1.959038e+00, -1.981983e+00
2.270292, -1.807986e+00, -1.812535e+00, -1.812535e+00, -1.839787e+00
2.285631, -1.658371e+00, -1.666179e+00, -1.666179e+00, -1.696995e+00
2.300971, -1.509505e+00, -1.520700e+00, -1.520700e+00, -1.554334e+00
2.316311, -1.362124e+00, -1.376783e+00, -1.376783e+00, -1.412510e+00
2.331651, -1.216929e+00, -1.235057e+00, -1.235057e+00, -1.272199e+00
2.346991, -1.074584e+00, -1.096093e+00, -1.096093e+00, -1.134038e+00
2.362330, -9.356987e-01, -9.604004e-01, -9.604004e-01, -9.986236e-01
2.377670, -8.008288e-01, -8.284280e-01, -8.284280e-01, -8.665073e-01
2.393010, -6.704741e-01, -7.005754e-01, -7.005754e-01, -7.381932e-01
2.408350, -5.450799e-01, -5.772006e-01, -5.772006e-01, -6.141372e-01
2.423690, -4.250413e-01, -4.586303e-01, -4.586303e-01, -4.947478e-01
2.439029, -3.107052e-01, -3.451669e-01, -3.451669e-01, -3.803856e-01
2.454369, -2.023702e-01, -2.370917e-01, -2.370917e-01, -2.713647e-01
2.469709, -1.002810e-01, -1.346620e-01, -1.346620e-01, -1.679514e-01
2.485049, -4.620049e-03, -3.810431e-02, -3.810431e-02, -7.036300e-02
2.500389, 8.450035e-02, 5.239526e-02, 5.239526e-02, 2.123582e-02
2.515728, 1.670448e-01, 1.367015e-01, 1.367015e-01, 1.067367e-01
2.531068, 2.430550e-01, 2.147381e-01, 2.147381e-01, 1.860904e-01
2.546408, 3.126434e-01, 2.864917e-01, 2.864917e-01, 2.593075e-01
2.561748, 3.759792e-01, 3.520117e-01, 3.520117e-01, 3.264553e-01
2.577088, 4.332708e-01, 4.114049e-01, 4.114049e-01, 3.876503e-01
2.592428, 4.847468e-01, 4.648271e-01, 4.648271e-01, 4.430466e-01
2.607767, 5.306408e-01, 5.124725e-01, 5.124725e-01, 4.928230e-01
2.623107, 5.711801e-01, 5.545634e-01, 5.545634e-01, 5.371699e-01
2.638447, 6.065837e-01, 5.913407e-01, 5.913407e-01, 5.762794e-01
2.653787, 6.370641e-01, 6.230563e-01, 6.230563e-01, 6.103396e-01
2.669127, 6.628351e-01, 6.499685e-01, 6.499685e-01, 6.395343e-01
2.684466, 6.841188e-01, 6.723390e-01, 6.723390e-01, 6.640481e-01
2.699806, 7.011537e-01, 6.904316e-01, 6.904316e-01, 6.840730e-01
2.715146, 7.141975e-01, 7.045123e-01, 7.045123e-01, 6.998174e-01
2.730486, 7.235274e-01, 7.148507e-01, 7.148507e-01, 7.115131e-01
2.745826, 7.294362e-01, 7.217206e-01, 7.217206e-01, 7.194197e-01
2.761165, 7.322264e-01, 7.254017e-01, 7.254017e-01, 7.238253e-01
2.776505, 7.322025e-01, 7.261800e-01, 7.261800e-01, 7.250431e-01
2.791845, 7.296636e-01, 7.243463e-01, 7.243463e-01, 7.234051e-01
2.807185, 7.248958e-01, 7.201935e-01, 7.201935e-01, 7.192531e-01
2.822525, 7.181664e-01, 7.140107e-01, 7.140107e-01, 7.129274e-01
2.837864, 7.097192e-01, 7.060755e-01, 7.060755e-01, 7.047551e-01
2.853204, 6.997704e-01, 6.966439e-01, 6.966439e-01, 6.950392e-01
2.868544, 6.885070e-01, 6.859411e-01, 6.859411e-01, 6.840471e-01
2.883884, 6.760864e-01, 6.741532e-01, 6.741532e-01, 6.720035e-01
2.899224, 6.626378e-01, 6.614227e-01, 6.614227e-01, 6.590856e-01
2.914563, 6.482655e-01, 6.478482e-01, 6.478482e-01, 6.454232e-01
2.929903, 6.330536e-01, 6.334891e-01, 6.334891e-01, 6.311028e-01
2.945243, 6.170720e-01, 6.183749e-01, 6.183749e-01, 6.161764e-01
2.960583, 6.003813e-01, 6.025171e-01, 6.025171e-01, 6.006721e-01
2.975923, 5.830380e-01, 5.859224e-01, 5.859224e-01, 5.846072e-01
2.991263, 5.650974e-01, 5.686053e-01, 5.686053e-01, 5.679981e-01
3.006602, 5.466154e-01, 5.505976e-01, 5.505976e-01, 5.508689e-01
3.021942, 5.276480e-01, 5.319537e-01, 5.319537e-01, 5.332557e-01
3.037282, 5.082504e-01, 5.127518e-01, 5.127518e-01, 5.152069e-01
3.052622, 4.884765e-01, 4.930909e-01, 4.930909e-01, 4.967797e-01
3.067962, 4.683781e-01, 4.730839e-01, 4.730839e-01, 4.780350e-01
3.083301, 4.480064e-01, 4.528490e-01, 4.528490e-01, 4.590316e-01
3.098641, 4.274141e-01, 4.325012e-01, 4.325012e-01, 4.398214e-01
3.113981, 4.066584e-01, 4.121445e-01, 4.121445e-01, 4.204471e-01
3.129321, 3.858043e-01, 3.918663e-01, 3.918663e-01, 4.009432e-01
3.144661, 3.649266e-01, 3.717355e-01, 3.717355e-01, 3.813399e-01
3.160000, 3.441103e-01, 3.518032e-01, 3.518032e-01, 3.616690e-01
3.175340, 3.234495e-01, 3.321060e-01, 3.321060e-01, 3.419709e-01
3.190680, 3.030439e-01, 3.126709e-01, 3.126709e-01, 3.223003e-01
3.206020, 2.829937e-01, 2.935206e-01, 2.935206e-01, 3.027289e-01
3.221360, 2.633939e-01, 2.746770e-01, 2.746770e-01, 2.833439e-01
3.236699, 2.443282e-01, 2.561639e-01, 2.561639e-01, 2.642426e-01
3.252039, 2.258633e-01, 2.380060e-01, 2.380060e-01, 2.455226e-01
3.267379, 2.080455e-01, 2.202277e-01, 2.202277e-01, 2.272712e-01
3.282719, 1.908986e-01, 2.028492e-01, 2.028492e-01, 2.095546e-01
3.298059, 1.744242e-01, 1.858838e-01, 1.858838e-01, 1.924113e-01
3.313399, 1.586041e-01, 1.693365e-01, 1.693365e-01, 1.758500e-01
3.328738, 1.434056e-01, 1.532044e-01, 1.532044e-01, 1.598523e-01
3.344078, 1.287863e-01, 1.374799e-01, 1.374799e-01, 1.443814e-01
3.359418, 1.147004e-01, 1.221558e-01, 1.221558e-01, 1.293922e-01
3.374758, 1.011032e-01, 1.072306e-01, 1.072306e-01, 1.148424e-01
3.390098, 8.795420e-02, 9.271308e-02, 9.271308e-02, 1.007016e-01
3.405437, 7.521856e-02, 7.862523e-02, 7.862523e-02, 8.695649e-02
3.420777, 6.286605e-02, 6.500147e-02, 6.500147e-02, 7.361179e-02
3.436117, 5.086962e-02, 5.188499e-02, 5.188499e-02, 6.068688e-02
3.451457, 3.920407e-02, 3.932151e-02, 3.932151e-02, 4.820952e-02
3.466797, 2.784543e-02, 2.735183e-02, 2.735183e-02, 3.620818e-02
3.482136, 1.677211e-02, 1.600447e-02, 1.600447e-02, 2.470459e-02
3.497476, 5.967431e-03, 5.290154e-03, 5.290154e-03, 1.370780e-02
3.512816, -4.577044e-03, -4.801289e-03, -4.801289e-03, 3.210847e-03
3.528156, -1.485872e-02, -1.430089e-02, -1.430089e-02, -6.809523e-03
3.543496, -2.486254e-02, -2.325783e-02, -2.325783e-02, -1.639034e-02
3.558835, -3.456159e-02, -3.173458e-02, -3.173458e-02, -2.557771e-02
3.574175, -4.392011e-02, -3.980091e-02, -3.980091e-02, -3.442060e-02
3.589515, -5.289836e-02, -4.752740e-02, -4.752740e-02, -4.296409e-02
3.604855, -6.145821e-02, -5.497934e-02, -5.497934e-02, -5.124331e-02
3.620195, -6.956819e-02, -6.221133e-02, -6.221133e-02, -5.927904e-02
3.635534, -7.720721e-02, -6.926278e-02, -6.926278e-02, -6.707551e-02
3.650874, -8.436609e-02, -7.615456e-02, -7.615456e-02, -7.462074e-02
3.666214, -9.104652e-02, -8.288688e-02, -8.288688e-02, -8.188953e-02
3.681554, -9.725806e-02, -8.943873e-02, -8.943873e-02, -8.884845e-02
3.696894, -1.030141e-01, -9.576921e-02, -9.576921e-02, -9.546167e-02
3.712234, -1.083275e-01, -1.018208e-01, -1.018208e-01, -1.016968e-01
3.727573, -1.132076e-01, -1.075252e-01, -1.075252e-01, -1.075295e-01
3.742913, -1.176578e-01, -1.128105e-01, -1.128105e-01, -1.129467e-01
3.758253, -1.216765e-01, -1.176099e-01, -1.176099e-01, -1.179464e-01
3.773593, -1.252584e-01, -1.218708e-01, -1.218708e-01, -1.225365e-01
3.788933, -1.283973e-01, -1.255616e-01, -1.255616e-01, -1.267306e-01
3.804272, -1.310895e-01, -1.286776e-01, -1.286776e-01, -1.305437e-01
3.819612, -1.333370e-01, -1.312419e-01, -1.312419e-01, -1.339872e-01
3.834952, -1.351491e-01, -1.333034e-01, -1.333034e-01, -1.370650e-01
3.850292, -1.365442e-01, -1.349318e-01, -1.349318e-01, -1.397712e-01
3.865632, -1.375501e-01, -1.362092e-01, -1.362092e-01, -1.420908e-01
3.880971, -1.382039e-01, -1.372219e-01, -1.372219e-01, -1.440027e-01
3.896311, -1.385502e-01, -1.380518e-01, -1.380518e-01, -1.454849e-01
3.911651, -1.386389e-01, -1.387696e-01, -1.387696e-01, -1.465216e-01
3.926991, -1.385215e-01, -1.394303e-01, -1.394303e-01, -1.471101e-01
3.942331, -1.382466e-01, -1.400701e-01, -1.400701e-01, -1.472658e-01
3.957670, -1.378543e-01, -1.407060e-01, -1.407060e-01, -1.470247e-01
3.973010, -1.373714e-01, -1.413356e-01, -1.413356e-01, -1.464427e-01
3.988350, -1.368079e-01, -1.419384e-01, -1.419384e-01, -1.455901e-01
4.003690, -1.361554e-01, -1.424779e-01, -1.424779e-01, -1.445452e-01
4.019030, -1.353889e-01, -1.429037e-01, -1.429037e-01, -1.433854e-01
4.034369, -1.344707e-01, -1.431555e-01, -1.431555e-01, -1.421796e-01
4.049709, -1.333567e-01, -1.431674e-01, -1.431674e-01, -1.409820e-01
4.065049, -1.320029e-01, -1.428734e-01, -1.428734e-01, -1.398278e-01
4.080389, -1.303719e-01, -1.422129e-01, -1.422129e-01, -1.387324e-01
4.095729, -1.284376e-01, -1.411370e-01, -1.411370e-01, -1.376913e-01
4.111069, -1.261882e-01, -1.396125e-01, -1.396125e-01, -1.366822e-01
4.126408, -1.236269e-01, -1.376260e-01, -1.376260e-01, -1.356673e-01
4.141748, -1.207705e-01, -1.351844e-01, -1.351844e-01, -1.345971e-01
4.157088, -1.176479e-01, -1.323153e-01, -1.323153e-01, -1.334135e-01
4.172428, -1.142963e-01, -1.290634e-01, -1.290634e-01, -1.320550e-01
4.187768, -1.107580e-01, -1.254865e-01, -1.254865e-01, -1.304618e-01
4.203107, -1.070767e-01, -1.216503e-01, -1.216503e-01, -1.285808e-01
4.218447, -1.032933e-01, -1.176214e-01, -1.176214e-01, -1.263706e-01
4.233787, -9.944309e-02, -1.134618e-01, -1.134618e-01, -1.238048e-01
4.249127, -9.555331e-02, -1.092232e-01, -1.092232e-01, -1.208733e-01
4.264467, -9.164228e-02, -1.049436e-01, -1.049436e-01, -1.175809e-01
4.279806, -8.772050e-02, -1.006456e-01, -1.006456e-01, -1.139453e-01
4.295146, -8.379300e-02, -9.633660e-02, -9.633660e-02, -1.099928e-01
4.310486, -7.986271e-02, -9.201186e-02, -9.201186e-02, -1.057547e-01
4.325826, -7.593392e-02, -8.765830e-02, -8.765830e-02, -1.012647e-01
4.341166, -7.201492e-02, -8.325947e-02, -8.325947e-02, -9.655685e-02
4.356505, -6.811897e-02, -7.880038e-02, -7.880038e-02, -9.166589e-02
4.371845, -6.426371e-02, -7.427150e-02, -7.427150e-02, -8.662786e-02
4.387185, -6.046919e-02, -6.967138e-02, -6.967138e-02, -8.148108e-02
4.402525, -5.675498e-02, -6.500768e-02, -6.500768e-02, -7.626679e-02
4.417865, -5.313700e-02, -6.029661e-02, -6.029661e-02, -7.102884e-02
4.433204, -4.962487e-02, -5.556116e-02, -5.556116e-02, -6.581208e-02
4.448544, -4.622010e-02, -5.082857e-02, -5.082857e-02, -6.065956e-02
4.463884, -4.291516e-02, -4.612765e-02, -4.612765e-02, -5.560931e-02
4.479224, -3.969360e-02, -4.148653e-02, -4.148653e-02, -5.069093e-02
4.494564, -3.653153e-02, -3.693092e-02, -3.693092e-02, -4.592268e-02
4.509904, -3.340023e-02, -3.248312e-02, -3.248312e-02, -4.130971e-02
4.525243, -3.026992e-02, -2.816149e-02, -2.816149e-02, -3.684390e-02
4.540583, -2.711436e-02, -2.398019e-02, -2.398019e-02, -3.250525e-02
4.555923, -2.391590e-02, -1.994895e-02, -1.994895e-02, -2.826483e-02
4.571263, -2.066973e-02, -1.607288e-02, -1.607288e-02, -2.408909e-02
4.586603, -1.738639e-02, -1.235241e-02, -1.235241e-02, -1.994495e-02
4.601942, -1.409174e-02, -8.783855e-03, -8.783855e-03, -1.580487e-02
4.617282, -1.082384e-02, -5.360562e-03, -5.360562e-03, -1.165121e-02
4.632622, -7.626944e-03, -2.074824e-03, -2.074824e-03, -7.478944e-03
4.647962, -4.543759e-03, 1.079844e-03, 1.079844e-03, -3.296485e-03
4.663302, -1.607731e-03, 4.106647e-03, 4.106647e-03, 8.761403e-04
4.678641, 1.162718e-03, 7.004328e-03, 7.004328e-03, 5.011108e-03
4.693981, 3.766596e-03, 9.767390e-03, 9.767390e-03, 9.077833e-03
4.709321, 6.218476e-03, 1.238786e-02, 1.238786e-02, 1.304815e-02
4.724661, 8.542681e-03, 1.485828e-02, 1.485828e-02, 1.690042e-02
4.740001, 1.076513e-02, 1.717530e-02, 1.717530e-02, 2.062146e-02
4.755340, 1.290504e-02, 1.934288e-02, 1.934288e-02, 2.420569e-02
4.770680, 1.496869e-02, 2.137428e-02, 2.137428e-02, 2.765203e-02
4.786020, 1.694690e-02, 2.329228e-02, 2.329228e-02, 3.095931e-02
4.801360, 1.881715e-02, 2.512722e-02, 2.512722e-02, 3.412160e-02
4.816700, 2.054970e-02, 2.691317e-02, 2.691317e-02, 3.712477e-02
4.832039, 2.211617e-02, 2.868268e-02, 2.868268e-02, 3.994561e-02
4.847379, 2.349826e-02, 3.046087e-02, 3.046087e-02, 4.255368e-02
4.862719, 2.469489e-02, 3.225974e-02, 3.225974e-02, 4.491554e-02
4.878059, 2.572578e-02, 3.407373e-02, 3.407373e-02, 4.700039e-02
4.893399, 2.663076e-02, 3.587736e-02, 3.587736e-02, 4.878568e-02
4.908739, 2.746510e-02, 3.762557e-02, 3.762557e-02, 5.026137e-02
4.924078, 2.829189e-02, 3.925735e-02, 3.925735e-02, 5.143169e-02
4.939418, 2.917279e-02, 4.070217e-02, 4.070217e-02, 5.231421e-02
4.954758, 3.015893e-02, 4.188885e-02, 4.188885e-02, 5.293654e-02
4.970098, 3.128331e-02, 4.275556e-02, 4.275556e-02, 5.333129e-02
4.985438, 3.255594e-02, 4.325918e-02, 4.325918e-02, 5.353052e-02
5.000777, 3.396200e-02, 4.338272e-02, 4.338272e-02, 5.356072e-02
5.016117, 3.546327e-02, 4.313904e-02, 4.313904e-02, 5.343917e-02
5.031457, 3.700227e-02, 4.257024e-02, 4.257024e-02, 5.317226e-02
5.046797, 3.850866e-02, 4.174277e-02, 4.174277e-02, 5.275581e-02
5.062137, 3.990665e-02, 4.073888e-02, 4.073888e-02, 5.217741e-02
5.077476, 4.112270e-02, 3.964606e-02, 3.964606e-02, 5.142029e-02
5.092816, 4.209251e-02, 3.854606e-02, 3.854606e-02, 5.046793e-02
5.108156, 4.276651e-02, 3.750545e-02, 3.750545e-02, 4.930869e-02
5.123496, 4.311310e-02, 3.656889e-02, 3.656889e-02, 4.793973e-02
5.138836, 4.311945e-02, 3.575593e-02, 3.575593e-02, 4.636926e-02
5.154175, 4.278993e-02, 3.506156e-02, 3.506156e-02, 4.461675e-02
5.169515, 4.214248e-02, 3.445978e-02, 3.445978e-02, 4.271097e-02
5.184855, 4.120377e-02, 3.390958e-02, 3.390958e-02, 4.068643e-02
5.200195, 4.000409e-02, 3.336200e-02, 3.336200e-02, 3.857874e-02
5.215535, 3.857306e-02, 3.276737e-02, 3.276737e-02, 3.642007e-02
5.230874, 3.693684e-02, 3.208179e-02, 3.208179e-02, 3.423565e-02
5.246214, 3.511727e-02, 3.127210e-02, 3.127210e-02, 3.204193e-02
5.261554, 3.313290e-02, 3.031899e-02, 3.031899e-02, 2.984656e-02
5.276894, 3.100134e-02, 2.921790e-02, 2.921790e-02, 2.764975e-02
5.292234, 2.874195e-02, 2.797788e-02, 2.797788e-02, 2.544667e-02
5.307574, 2.637806e-02, 2.661848e-02, 2.661848e-02, 2.322979e-02
5.322913, 2.393807e-02, 2.516524e-02, 2.516524e-02, 2.099076e-02
5.338253, 2.145512e-02, 2.364440e-02, 2.364440e-02, 1.872167e-02
5.353593, 1.896533e-02, 2.207765e-02, 2.207765e-02, 1.641579e-02
5.368933, 1.650544e-02, 2.047792e-02, 2.047792e-02, 1.406824e-02
5.384273, 1.411020e-02, 1.884677e-02, 1.884677e-02, 1.167692e-02
5.399612, 1.181017e-02, 1.717402e-02, 1.717402e-02, 9.244003e-03
5.414952, 9.630030e-03, 1.543975e-02, 1.543975e-02, 6.777705e-03
5.430292, 7.587448e-03, 1.361815e-02, 1.361815e-02, 4.293766e-03
5.445632, 5.692205e-03, 1.168263e-02, 1.168263e-02, 1.815936e-03
5.460972, 3.945297e-03, 9.611195e-03, 9.611195e-03, -6.250615e-04
5.476311, 2.338036e-03, 7.391041e-03, 7.391041e-03, -2.994350e-03
5.491651, 8.515033e-04, 5.021619e-03, 5.021619e-03, -5.257226e-03
5.506991, -5.431647e-04, 2.515641e-03, 2.515641e-03, -7.384162e-03
5.522331, -1.883134e-03, -1.019521e-04, -1.019521e-04, -9.355346e-03
5.537671, -3.210474e-03, -2.796716e-03, -2.796716e-03, -1.116382e-02
5.553010, -4.567111e-03, -5.528453e-03, -5.528453e-03, -1.281652e-02
5.568350, -5.988894e-03, -8.255243e-03, -8.255243e-03, -1.433296e-02
5.583690, -7.499900e-03, -1.093707e-02, -1.093707e-02, -1.574184e-02
5.599030, -9.108207e-03, -1.353863e-02, -1.353863e-02, -1.707656e-02
5.614370, -1.080424e-02, -1.603104e-02, -1.603104e-02, -1.837018e-02
5.629709, -1.256229e-02, -1.839265e-02, -1.839265e-02, -1.965095e-02
5.645049, -1.434505e-02, -2.060895e-02, -2.060895e-02, -2.093885e-02
5.660389, -1.611012e-02, -2.267204e-02, -2.267204e-02, -2.224356e-02
5.675729, -1.781716e-02, -2.457960e-02, -2.457960e-02, -2.356415e-02
5.691069, -1.943427e-02, -2.633362e-02, -2.633362e-02, -2.489004e-02
5.706409, -2.094221e-02, -2.793889e-02, -2.793889e-02, -2.620344e-02
5.721748, -2.233573e-02, -2.940134e-02, -2.940134e-02, -2.748257e-02
5.737088, -2.362219e-02, -3.072635e-02, -3.072635e-02, -2.870536e-02
5.752428, -2.481795e-02, -3.191738e-02, -3.191738e-02, -2.985290e-02
5.767768, -2.594362e-02, -3.297502e-02, -3.297502e-02, -3.091207e-02
5.783108, -2.701917e-02, -3.389685e-02, -3.389685e-02, -3.187702e-02
5.798447, -2.806010e-02, -3.467815e-02, -3.467815e-02, -3.274919e-02
5.813787, -2.907509e-02, -3.531332e-02, -3.531332e-02, -3.353598e-02
5.829127, -3.006550e-02, -3.579783e-02, -3.579783e-02, -3.424864e-02
5.844467, -3.102638e-02, -3.613020e-02, -3.613020e-02, -3.489983e-02
5.859807, -3.194861e-02, -3.631349e-02, -3.631349e-02, -3.550138e-02
5.875146, -3.282144e-02, -3.635616e-02, -3.635616e-02, -3.606254e-02
5.890486, -3.363462e-02, -3.627190e-02, -3.627190e-02, -3.658883e-02
5.905826, -3.437951e-02, -3.607854e-02, -3.607854e-02, -3.708123e-02
5.921166, -3.504892e-02, -3.579637e-02, -3.579637e-02, -3.753539e-02
5.936506, -3.563570e-02, -3.544610e-02, -3.544610e-02, -3.794085e-02
5.951845, -3.613046e-02, -3.504694e-02, -3.504694e-02, -3.828012e-02
5.967185, -3.651932e-02, -3.461498e-02, -3.461498e-02, -3.852810e-02
5.982525, -3.678264e-02, -3.416220e-02, -3.416220e-02, -3.865212e-02
5.997865, -3.689541e-02, -3.369584e-02, -3.369584e-02, -3.861312e-02
6.013205, -3.682961e-02, -3.321809e-02, -3.321809e-02, -3.836830e-02
6.028544, -3.655838e-02, -3.272591e-02, -3.272591e-02, -3.787501e-02
6.043884, -3.606096e-02, -3.221068e-02, -3.221068e-02, -3.709560e-02
6.059224, -3.532713e-02, -3.165779e-02, -3.165779e-02, -3.600256e-02
6.074564, -3.435986e-02, -3.104640e-02, -3.104640e-02, -3.458316e-02
6.089904, -3.317532e-02, -3.034960e-02, -3.034960e-02, -3.284262e-02
6.105244, -3.179998e-02, -2.953559e-02, -2.953559e-02, -3.080553e-02
6.120583, -3.026560e-02, -2.856992e-02, -2.856992e-02, -2.851498e-02
6.135923, -2.860322e-02, -2.741907e-02, -2.741907e-02, -2.602962e-02
6.151263, -2.683800e-02, -2.605496e-02, -2.605496e-02, -2.341881e-02
6.166603, -2.498594e-02, -2.445963e-02, -2.445963e-02, -2.075666e-02
6.181943, -2.305340e-02, -2.262946e-02, -2.262946e-02, -1.811541e-02
6.197282, -2.103931e-02, -2.057774e-02, -2.057774e-02, -1.555916e-02
6.212622, -1.893930e-02, -1.833508e-02, -1.833508e-02, -1.313828e-02
6.227962, -1.675060e-02, -1.594732e-02, -1.594732e-02, -1.088550e-02
6.243302, -1.447625e-02, -1.347109e-02, -1.347109e-02, -8.813899e-03
6.258642, -1.212788e-02, -1.096790e-02, -1.096790e-02, -6.917144e-03
6.273981, -9.726513e-03, -8.497564e-03, -8.497564e-03, -5.171976e-03
6.289321, -7.301317e-03, -6.112289e-03, -6.112289e-03, -3.542710e-03
6.304661, -4.886861e-03, -3.852246e-03, -3.852246e-03, -1.987107e-03
6.320001, -2.519591e-03, -1.743213e-03, -1.743213e-03, -4.627154e-04
6.335341, -2.341620e-04, 2.036532e-04, 2.036532e-04, 1.067212e-03
6.350680, 1.939857e-03, 1.990286e-03, 1.990286e-03, 2.629048e-03
6.366020, 3.980429e-03, 3.629088e-03, 3.629088e-03, 4.236073e-03
6.381360, 5.874477e-03, 5.139929e-03, 5.139929e-03, 5.887972e-03
6.396700, 7.618361e-03, 6.547336e-03, 6.547336e-03, 7.572320e-03
6.412040, 9.217517e-03, 7.878155e-03, 7.878155e-03, 9.267601e-03
6.427380, 1.068537e-02, 9.159674e-03, 9.159674e-03, 1.094717e-02
6.442719, 1.204168e-02, 1.041799e-02, 1.041799e-02, 1.258346e-02
6.458059, 1.331061e-02, 1.167637e-02, 1.167637e-02, 1.415169e-02
6.473399, 1.451833e-02, 1.295341e-02, 1.295341e-02, 1.563272e-02
6.488739, 1.569036e-02, 1.426115e-02, 1.426115e-02, 1.701482e-02
6.504079, 1.684858e-02, 1.560334e-02, 1.560334e-02, 1.829415e-02
6.519418, 1.800811e-02, 1.697444e-02, 1.697444e-02, 1.947401e-02
6.534758, 1.917446e-02, 1.835971e-02, 1.835971e-02, 2.056318e-02
6.550098, 2.034133e-02, 1.973673e-02, 1.973673e-02, 2.157351e-02
6.565438, 2.148982e-02, 2.107837e-02, 2.107837e-02, 2.251734e-02
6.580778, 2.258960e-02, 2.235679e-02, 2.235679e-02, 2.340509e-02
6.596117, 2.360218e-02, 2.354778e-02, 2.354778e-02, 2.424346e-02
6.611457, 2.448603e-02, 2.463460e-02, 2.463460e-02, 2.503464e-02
6.626797, 2.520289e-02, 2.561031e-02, 2.561031e-02, 2.577642e-02
6.642137, 2.572401e-02, 2.647818e-02, 2.647818e-02, 2.646318e-02
6.657477, 2.603495e-02, 2.724990e-02, 2.724990e-02, 2.708756e-02
6.672816, 2.613793e-02, 2.794190e-02, 2.794190e-02, 2.764225e-02
6.688156, 2.605116e-02, 2.857069e-02, 2.857069e-02, 2.812181e-02
6.703496, 2.580534e-02, 2.914822e-02, 2.914822e-02, 2.852397e-02
6.718836, 2.543819e-02, 2.967828e-02, 2.967828e-02, 2.885054e-02
6.734176, 2.498824e-02, 3.015493e-02, 3.015493e-02, 2.910769e-02
6.749515, 2.448943e-02, 3.056300e-02, 3.056300e-02, 2.930542e-02
6.764855, 2.396755e-02, 3.088069e-02, 3.088069e-02, 2.945636e-02
6.780195, 2.343893e-02, 3.108353e-02, 3.108353e-02, 2.957402e-02
6.795535, 2.291160e-02, 3.114869e-02, 3.114869e-02, 2.967042e-02
6.810875, 2.238813e-02, 3.105889e-02, 3.105889e-02, 2.975362e-02
6.826215, 2.186931e-02, 3.080503e-02, 3.080503e-02, 2.982550e-02
6.841554, 2.135758e-02, 3.038735e-02, 3.038735e-02, 2.988031e-02
6.856894, 2.085962e-02, 2.981511e-02, 2.981511e-02, 2.990416e-02
6.872234, 2.038734e-02, 2.910499e-02, 2.910499e-02, 2.987569e-02
6.887574, 1.995722e-02, 2.827894e-02, 2.827894e-02, 2.976780e-02
6.902914, 1.958791e-02, 2.736156e-02, 2.736156e-02, 2.955022e-02
6.918253, 1.929665e-02, 2.637771e-02, 2.637771e-02, 2.919240e-02
6.933593, 1.909501e-02, 2.535050e-02, 2.535050e-02, 2.866670e-02
6.948933, 1.898469e-02, 2.429968e-02, 2.429968e-02, 2.795158e-02
6.964273, 1.895440e-02, 2.324085e-02, 2.324085e-02, 2.703463e-02
6.979613, 1.897882e-02, 2.218513e-02, 2.218513e-02, 2.591519e-02
6.994952, 1.902005e-02, 2.113967e-02, 2.113967e-02, 2.460641e-02
7.010292, 1.903184e-02, 2.010841e-02, 2.010841e-02, 2.313614e-02
7.025632, 1.896623e-02, 1.909321e-02, 1.909321e-02, 2.154608e-02
7.040972, 1.878145e-02, 1.809483e-02, 1.809483e-02, 1.988895e-02
7.056312, 1.844930e-02, 1.711348e-02, 1.711348e-02, 1.822361e-02
7.071651, 1.796059e-02, 1.614889e-02, 1.614889e-02, 1.660864e-02
7.086991, 1.732693e-02, 1.519982e-02, 1.519982e-02, 1.509524e-02
7.102331, 1.657845e-02, 1.426334e-02, 1.426334e-02, 1.372079e-02
7.117671, 1.575753e-02, 1.333409e-02, 1.333409e-02, 1.250421e-02
7.133011, 1.490997e-02, 1.240409e-02, 1.240409e-02, 1.144416e-02
7.148350, 1.407548e-02, 1.146310e-02, 1.146310e-02, 1.052007e-02
7.163690, 1.327977e-02, 1.049976e-02, 1.049976e-02, 9.696099e-03
7.179030, 1.252981e-02, 9.503101e-03, 9.503101e-03, 8.926997e-03
7.194370, 1.181344e-02, 8.464334e-03, 8.464334e-03, 8.164712e-03
7.209710, 1.110323e-02, 7.378245e-03, 7.378245e-03, 7.364701e-03
7.225050, 1.036325e-02, 6.244095e-03, 6.244095e-03, 6.491009e-03
7.240389, 9.557324e-03, 5.065749e-03, 5.065749e-03, 5.519590e-03
7.255729, 8.656558e-03, 3.851085e-03, 3.851085e-03, 4.439641e-03
7.271069, 7.644770e-03, 2.610847e-03, 2.610847e-03, 3.253156e-03
7.286409, 6.520716e-03, 1.357189e-03, 1.357189e-03, 1.973064e-03
7.301749, 5.297174e-03, 1.021884e-04, 1.021884e-04, 6.203989e-04
7.317088, 3.997576e-03, -1.143400e-03, -1.143400e-03, -7.791155e-04
7.332428, 2.651340e-03, -2.370977e-03, -2.370977e-03, -2.198540e-03
7.347768, 1.289129e-03, -3.574389e-03, -3.574389e-03, -3.612834e-03
7.363108, -6.087354e-05, -4.749634e-03, -4.749634e-03, -5.001252e-03
7.378448, -1.375066e-03, -5.894055e-03, -5.894055e-03, -6.348727e-03
7.393787, -2.634940e-03, -7.005160e-03, -7.005160e-03, -7.645984e-03
7.409127, -3.826369e-03, -8.079325e-03, -8.079325e-03, -8.888431e-03
7.424467, -4.938293e-03, -9.110635e-03, -9.110635e-03, -1.007413e-02
7.439807, -5.961499e-03, -1.009017e-02, -1.009017e-02, -1.120136e-02
7.455147, -6.888054e-03, -1.100593e-02, -1.100593e-02, -1.226630e-02
7.470486, -7.711612e-03, -1.184344e-02, -1.184344e-02, -1.326155e-02
7.485826, -8.428416e-03, -1.258699e-02, -1.258699e-02, -1.417582e-02
7.501166, -9.038669e-03, -1.322132e-02, -1.322132e-02, -1.499492e-02
7.516506, -9.547748e-03, -1.373334e-02, -1.373334e-02, -1.570368e-02
7.531846, -9.966704e-03, -1.411374e-02, -1.411374e-02, -1.628833e-02
7.547185, -1.031170e-02, -1.435821e-02, -1.435821e-02, -1.673872e-02
7.562525, -1.060235e-02, -1.446804e-02, -1.446804e-02, -1.704983e-02
7.577865, -1.085924e-02, -1.445025e-02, -1.445025e-02, -1.722224e-02
7.593205, -1.110105e-02, -1.431718e-02, -1.431718e-02, -1.726176e-02
7.608545, -1.134189e-02, -1.408549e-02, -1.408549e-02, -1.717832e-02
7.623885, -1.158947e-02, -1.377487e-02, -1.377487e-02, -1.698463e-02
7.639224, -1.184436e-02, -1.340623e-02, -1.340623e-02, -1.669480e-02
7.654564, -1.210033e-02, -1.299979e-02, -1.299979e-02, -1.632330e-02
7.669904, -1.234560e-02, -1.257295e-02, -1.257295e-02, -1.588411e-02
7.685244, -1.256459e-02, -1.213860e-02, -1.213860e-02, -1.538999e-02
7.700584, -1.273976e-02, -1.170389e-02, -1.170389e-02, -1.485189e-02
7.715923, -1.285311e-02, -1.127001e-02, -1.127001e-02, -1.427848e-02
7.731263, -1.288740e-02, -1.083301e-02, -1.083301e-02, -1.367590e-02
7.746603, -1.282711e-02, -1.038565e-02, -1.038565e-02, -1.304799e-02
7.761943, -1.265942e-02, -9.920043e-03, -9.920043e-03, -1.239697e-02
7.777283, -1.237532e-02, -9.430396e-03, -9.430396e-03, -1.172474e-02
7.792622, -1.197106e-02, -8.915542e-03, -8.915542e-03, -1.103447e-02
7.807962, -1.144963e-02, -8.380518e-03, -8.380518e-03, -1.033205e-02
7.823302, -1.082203e-02, -7.836982e-03, -7.836982e-03, -9.627148e-03
7.838642, -1.010781e-02, -7.302314e-03, -7.302314e-03, -8.933378e-03
7.853982, -9.334454e-03, -6.797575e-03, -6.797575e-03, -8.267668e-03
7.869321, -8.535639e-03, -6.344641e-03, -6.344641e-03, -7.648728e-03
7.884661, -7.748250e-03, -5.962968e-03, -5.962968e-03, -7.095058e-03
7.900001, -7.008796e-03, -5.666470e-03, -5.666470e-03, -6.622770e-03
7.915341, -6.349855e-03, -5.460975e-03, -5.460975e-03, -6.243505e-03
7.930681, -5.797215e-03, -5.342662e-03, -5.342662e-03, -5.962691e-03
7.946020, -5.368204e-03, -5.297781e-03, -5.297781e-03, -5.778294e-03
7.961360, -5.071447e-03, -5.303816e-03, -5.303816e-03, -5.680084e-03
7.976700, -4.907902e-03, -5.332056e-03, -5.332056e-03, -5.649518e-03
7.992040, -4.872644e-03, -5.351309e-03, -5.351309e-03, -5.660371e-03
8.007380, -4.956801e-03, -5.332221e-03, -5.332221e-03, -5.680228e-03
8.022720, -5.149063e-03, -5.251497e-03, -5.251497e-03, -5.672826e-03
8.038059, -5.436372e-03, -5.095215e-03, -5.095215e-03, -5.601167e-03
8.053399, -5.803672e-03, -4.860550e-03, -4.860550e-03, -5.431134e-03
8.068739, -6.232930e-03, -4.555488e-03, -4.555488e-03, -5.135203e-03
8.084079, -6.701932e-03, -4.196557e-03, -4.196557e-03, -4.695698e-03
8.099419, -7.183351e-03, -3.805034e-03, -3.805034e-03, -4.107135e-03
8.114758, -7.644538e-03, -3.402469e-03, -3.402469e-03, -3.377319e-03
8.130098, -8.048358e-03, -3.006522e-03, -3.006522e-03, -2.526924e-03
8.145438, -8.355122e-03, -2.628039e-03, -2.628039e-03, -1.587537e-03
8.160778, -8.525383e-03, -2.269967e-03, -2.269967e-03, -5.983587e-04
8.176118, -8.523221e-03, -1.928263e-03, -1.928263e-03, 3.980898e-04
8.191457, -8.319609e-03, -1.594439e-03, -1.594439e-03, 1.360749e-03
8.206797, -7.895463e-03, -1.259041e-03, -1.259041e-03, 2.254672e-03
8.222137, -7.244006e-03, -9.151219e-04, -9.151219e-04, 3.054796e-03
8.237477, -6.372255e-03, -5.608489e-04, -5.608489e-04, 3.748220e-03
8.252817, -5.301540e-03, -2.006202e-04, -2.006202e-04, 4.334575e-03
8.268156, -4.066972e-03, 1.555342e-04, 1.555342e-04, 4.824381e-03
8.283496, -2.715813e-03, 4.940547e-04, 4.940547e-04, 5.235648e-03
8.298836, -1.304780e-03, 8.008810e-04, 8.008810e-04, 5.589412e-03
8.314176, 1.035815e-04, 1.064624e-03, 1.064624e-03, 5.905130e-03
8.329516, 1.445297e-03, 1.279091e-03, 1.279091e-03, 6.196855e-03
8.344855, 2.659792e-03, 1.444577e-03, 1.444577e-03, 6.470921e-03
8.360195, 3.694683e-03, 1.567674e-03, 1.567674e-03, 6.725543e-03
8.375535, 4.509975e-03, 1.659736e-03, 1.659736e-03, 6.952284e-03
8.390875, 5.081230e-03, 1.734467e-03, 1.734467e-03, 7.138877e-03
8.406215, 5.401336e-03, 1.805270e-03, 1.805270e-03, 7.272662e-03
8.421555, 5.480626e-03, 1.883002e-03, 1.883002e-03, 7.343838e-03
8.436894, 5.345391e-03, 1.974599e-03, 1.974599e-03, 7.347855e-03
8.452234, 5.035023e-03, 2.082745e-03, 2.082745e-03, 7.286443e-03
8.467574, 4.598108e-03, 2.206489e-03, 2.206489e-03, 7.167203e-03
8.482914, 4.087879e-03, 2.342479e-03, 2.342479e-03, 7.001983e-03
8.498254, 3.557491e-03, 2.486396e-03, 2.486396e-03, 6.804444e-03
8.513593, 3.055617e-03, 2.634194e-03, 2.634194e-03, 6.587374e-03
8.528933, 2.622714e-03, 2.782884e-03, 2.782884e-03, 6.360343e-03
8.544273, 2.288312e-03, 2.930773e-03, 2.930773e-03, 6.128192e-03
8.559613, 2.069587e-03, 3.077202e-03, 3.077202e-03, 5.890638e-03
8.574953, 1.971352e-03, 3.221954e-03, 3.221954e-03, 5.643029e-03
8.590292, 1.987363e-03, 3.364505e-03, 3.364505e-03, 5.378121e-03
8.605632, 2.102702e-03, 3.503303e-03, 3.503303e-03, 5.088470e-03
8.620972, 2.296906e-03, 3.635226e-03, 3.635226e-03, 4.768876e-03
8.636312, 2.547357e-03, 3.755316e-03, 3.755316e-03, 4.418322e-03
8.651652, 2.832444e-03, 3.856878e-03, 3.856878e-03, 4.040988e-03
8.666991, 3.134095e-03, 3.931976e-03, 3.931976e-03, 3.646111e-03
8.682331, 3.439479e-03, 3.972326e-03, 3.972326e-03, 3.246684e-03
8.697671, 3.741718e-03, 3.970503e-03, 3.970503e-03, 2.857364e-03
8.713011, 4.039635e-03, 3.921327e-03, 3.921327e-03, 2.492120e-03
8.728351, 4.336673e-03, 3.823178e-03, 3.823178e-03, 2.162117e-03
8.743690, 4.639230e-03, 3.678999e-03, 3.678999e-03, 1.874246e-03
8.759030, 4.954624e-03, 3.496744e-03, 3.496744e-03, 1.630492e-03
8.774370, 5.288955e-03, 3.289115e-03, 3.289115e-03, 1.428072e-03
8.789710, 5.645239e-03, 3.072570e-03, 3.072570e-03, 1.260033e-03
8.805050, 6.022118e-03, 2.865710e-03, 2.865710e-03, 1.115972e-03
8.820390, 6.413383e-03, 2.687283e-03, 2.687283e-03, 9.827274e-04
8.835729, 6.808438e-03, 2.554103e-03, 2.554103e-03, 8.450225e-04
8.851069, 7.193677e-03, 2.479167e-03, 2.479167e-03, 6.862346e-04
8.866409, 7.554479e-03, 2.470220e-03, 2.470220e-03, 4.895815e-04
8.881749, 7.877311e-03, 2.528932e-03, 2.528932e-03, 2.399503e-04
8.897089, 8.151408e-03, 2.650743e-03, 2.650743e-03, -7.372357e-05
8.912428, 8.369641e-03, 2.825370e-03, 2.825370e-03, -4.559434e-04
8.927768, 8.528292e-03, 3.037900e-03, 3.037900e-03, -9.026147e-04
8.943108, 8.625877e-03, 3.270321e-03, 3.270321e-03, -1.400155e-03
8.958448, 8.661449e-03, 3.503332e-03, 3.503332e-03, -1.926265e-03
8.973788, 8.633020e-03, 3.718224e-03, 3.718224e-03, -2.452456e-03
8.989127, 8.536647e-03, 3.898609e-03, 3.898609e-03, -2.947850e-03
9.004467, 8.366518e-03, 4.031787e-03, 4.031787e-03, -3.383439e-03
9.019807, 8.116083e-03, 4.109588e-03, 4.109588e-03, -3.735819e-03
9.035147, 7.779886e-03, 4.128582e-03, 4.128582e-03, -3.989554e-03
9.050487, 7.355468e-03, 4.089686e-03, 4.089686e-03, -4.137679e-03
9.065826, 6.844788e-03, 3.997243e-03, 3.997243e-03, -4.180454e-03
9.081166, 6.254797e-03, 3.857805e-03, 3.857805e-03, -4.123003e-03
9.096506, 5.597059e-03, 3.678819e-03, 3.678819e-03, -3.972670e-03
9.111846, 4.886636e-03, 3.467466e-03, 3.467466e-03, -3.736953e-03
9.127186, 4.140689e-03, 3.229815e-03, 3.229815e-03, -3.422587e-03
9.142525, 3.377248e-03, 2.970398e-03, 2.970398e-03, -3.035952e-03
9.157865, 2.614390e-03, 2.692204e-03, 2.692204e-03, -2.584437e-03
9.173205, 1.869823e-03, 2.397067e-03, 2.397067e-03, -2.078121e-03
9.188545, 1.160681e-03, 2.086331e-03, 2.086331e-03, -1.531145e-03
9.203885, 5.031940e-04, 1.761672e-03, 1.761672e-03, -9.622229e-04
9.219225, -8.809484e-05, 1.425945e-03, 1.425945e-03, -3.940700e-04
9.234564, -6.016393e-04, 1.083881e-03, 1.083881e-03, 1.481651e-04
9.249904, -1.030500e-03, 7.424879e-04, 7.424879e-04, 6.390588e-04
9.265244, -1.373846e-03, 4.110192e-04, 4.110192e-04, 1.055238e-03
9.280584, -1.637857e-03, 1.004036e-04, 1.004036e-04, 1.377515e-03
9.295924, -1.835582e-03, -1.778442e-04, -1.778442e-04, 1.592544e-03
9.311263, -1.985537e-03, -4.131299e-04, -4.131299e-04, 1.693886e-03
9.326603, -2.109226e-03, -5.974735e-04, -5.974735e-04, 1.682461e-03
9.341943, -2.228062e-03, -7.270873e-04, -7.270873e-04, 1.566479e-03
9.357283, -2.360283e-03, -8.035150e-04, -8.035150e-04, 1.360795e-03
9.372623, -2.518485e-03, -8.340652e-04, -8.340652e-04, 1.085726e-03
9.387962, -2.708239e-03, -8.313929e-04, -8.313929e-04, 7.653826e-04
9.403302, -2.927962e-03, -8.122366e-04, -8.122366e-04, 4.256535e-04
9.418642, -3.169848e-03, -7.954795e-04, -7.954795e-04, 9.199536e-05
9.433982, -3.421512e-03, -7.998143e-04, -7.998143e-04, -2.126986e-04
9.449322, -3.667944e-03, -8.413582e-04, -8.413582e-04, -4.698581e-04
9.464661, -3.893424e-03, -9.315521e-04, -9.315521e-04, -6.664358e-04
9.480001, -4.083183e-03, -1.075629e-03, -1.075629e-03, -7.954868e-04
9.495341, -4.224808e-03, -1.271848e-03, -1.271848e-03, -8.561296e-04
9.510681, -4.309530e-03, -1.511589e-03, -1.511589e-03, -8.529594e-04
9.526021, -4.333424e-03, -1.780327e-03, -1.780327e-03, -7.950636e-04
9.541361, -4.298444e-03, -2.059386e-03, -2.059386e-03, -6.947697e-04
9.556700, -4.213132e-03, -2.328301e-03, -2.328301e-03, -5.661869e-04
9.572040, -4.092645e-03, -2.567519e-03, -2.567519e-03, -4.236164e-04
9.587380, -3.957756e-03, -2.761077e-03, -2.761077e-03, -2.799808e-04
9.602720, -3.832644e-03, -2.898885e-03, -2.898885e-03, -1.454434e-04
9.618060, -3.741636e-03, -2.978213e-03, -2.978213e-03, -2.638582e-05
9.633399, -3.705345e-03, -3.004128e-03, -3.004128e-03, 7.505804e-05
9.648739, -3.736917e-03, -2.988767e-03, -2.988767e-03, 1.607615e-04
9.664079, -3.839223e-03, -2.949525e-03, -2.949525e-03, 2.356644e-04
9.679419, -4.003743e-03, -2.906482e-03, -2.906482e-03, 3.062995e-04
9.694759, -4.211485e-03, -2.879467e-03, -2.879467e-03, 3.790245e-04
9.710098, -4.435834e-03, -2.885250e-03, -2.885250e-03, 4.582633e-04
9.725438, -4.646785e-03, -2.935269e-03, -2.935269e-03, 5.451051e-04
9.740778, -4.815707e-03, -3.034179e-03, -3.034179e-03, 6.365574e-04
9.756118, -4.919604e-03, -3.179352e-03, -3.179352e-03, 7.256009e-04
9.771458, -4.944050e-03, -3.361319e-03, -3.361319e-03, 8.020830e-04
9.786797, -4.884339e-03, -3.565005e-03, -3.565005e-03, 8.543751e-04
9.802137, -4.744841e-03, -3.771565e-03, -3.771565e-03, 8.715432e-04
9.817477, -4.536934e-03, -3.960556e-03, -3.960556e-03, 8.456063e-04
9.832817, -4.276197e-03, -4.112185e-03, -4.112185e-03, 7.734053e-04
9.848157, -3.979613e-03, -4.209329e-03, -4.209329e-03, 6.576417e-04
9.863496, -3.663380e-03, -4.239100e-03, -4.239100e-03, 5.067380e-04
9.878836, -3.341617e-03, -4.193752e-03, -4.193752e-03, 3.334162e-04
9.894176, -3.025976e-03, -4.070873e-03, -4.070873e-03, 1.522490e-04
9.909516, -2.725905e-03, -3.872941e-03, -3.872941e-03, -2.325023e-05
9.924856, -2.449168e-03, -3.606454e-03, -3.606454e-03, -1.832939e-04
9.940196, -2.202213e-03, -3.280917e-03, -3.280917e-03, -3.235555e-04
9.955535, -1.990212e-03, -2.907953e-03, -2.907953e-03, -4.454794e-04
9.970875, -1.816744e-03, -2.500666e-03, -2.500666e-03, -5.550694e-04
9.986215, -1.683280e-03, -2.073262e-03, -2.073262e-03, -6.605231e-04
10.001555, -1.588702e-03, -1.640723e-03, -1.640723e-03, -7.693868e-04
10.016895, -1.529129e-03, -1.218295e-03, -1.218295e-03, -8.860011e-04
10.032234, -1.498171e-03, -8.205934e-04, -8.205934e-04, -1.009925e-03
10.047574, -1.487538e-03, -4.602688e-04, -4.602688e-04, -1.135741e-03
10.062914, -1.487856e-03, -1.464219e-04, -1.464219e-04, -1.254207e-03
10.078254, -1.489444e-03, 1.168572e-04, 1.168572e-04, -1.354351e-03
10.093594, -1.482832e-03, 3.313635e-04, 3.313635e-04, -1.425895e-03
10.108933, -1.458885e-03, 5.046678e-04, 5.046678e-04, -1.461387e-03
10.124273, -1.408570e-03, 6.488427e-04, 6.488427e-04, -1.457531e-03
10.139613, -1.322575e-03, 7.781525e-04, 7.781525e-04, -1.415460e-03
10.154953, -1.191003e-03, 9.061385e-04, 9.061385e-04, -1.340056e-03
10.170293, -1.003423e-03, 1.042739e-03, 1.042739e-03, -1.238631e-03
10.185632, -7.495014e-04, 1.192121e-03, 1.192121e-03, -1.119393e-03
10.200972, -4.203025e-04, 1.351767e-03, 1.351767e-03, -9.901163e-04
10.216312, -1.014094e-05, 1.513052e-03, 1.513052e-03, -8.573423e-04
10.231652, 4.812775e-04, 1.663211e-03, 1.663211e-03, -7.262166e-04
10.246992, 1.046820e-03, 1.788238e-03, 1.788238e-03, -6.008286e-04
10.262331, 1.670508e-03, 1.876065e-03, 1.876065e-03, -4.848044e-04
10.277671, 2.327237e-03, 1.919289e-03, 1.919289e-03, -3.818558e-04
10.293011, 2.984005e-03, 1.916846e-03, 1.916846e-03, -2.960148e-04
10.308351, 3.602764e-03, 1.874286e-03, 1.874286e-03, -2.314117e-04
10.323691, 4.144712e-03, 1.802638e-03, 1.802638e-03, -1.916733e-04
10.339031, 4.575478e-03, 1.716146e-03, 1.716146e-03, -1.791591e-04
10.354370, 4.870303e-03, 1.629432e-03, 1.629432e-03, -1.942844e-04
10.369710, 5.018178e-03, 1.554717e-03, 1.554717e-03, -2.351451e-04
10.385050, 5.024005e-03, 1.499700e-03, 1.499700e-03, -2.975691e-04
10.400390, 4.908155e-03, 1.466520e-03, 1.466520e-03, -3.755589e-04
10.415730, 4.703294e-03, 1.451956e-03, 1.451956e-03, -4.619506e-04
10.431069, 4.448938e-03, 1.448749e-03, 1.448749e-03, -5.491191e-04
10.446409, 4.184793e-03, 1.447691e-03, 1.447691e-03, -6.296296e-04
10.461749, 3.944176e-03, 1.439945e-03, 1.439945e-03, -6.968057e-04
10.477089, 3.748824e-03, 1.419095e-03, 1.419095e-03, -7.452271e-04
10.492429, 3.606094e-03, 1.382473e-03, 1.382473e-03, -7.712083e-04
10.507768, 3.509036e-03, 1.331534e-03, 1.331534e-03, -7.732349e-04
10.523108, 3.439131e-03, 1.271272e-03, 1.271272e-03, -7.522036e-04
10.538448, 3.370948e-03, 1.208912e-03, 1.208912e-03, -7.112490e-04
10.553788, 3.277652e-03, 1.152223e-03, 1.152223e-03, -6.550208e-04
10.569128, 3.136240e-03, 1.107891e-03, 1.107891e-03, -5.884252e-04
10.584467, 2.931524e-03, 1.080291e-03, 1.080291e-03, -5.150438e-04
10.599807, 2.658288e-03, 1.070902e-03, 1.070902e-03, -4.356563e-04
10.615147, 2.321503e-03, 1.078395e-03, 1.078395e-03, -3.473983e-04
10.630487, 1.934863e-03, 1.099295e-03, 1.099295e-03, -2.439478e-04
10.645827, 1.518135e-03, 1.128992e-03, 1.128992e-03, -1.168289e-04
10.661166, 1.093984e-03, 1.162829e-03, 1.162829e-03, 4.241739e-05
10.676506, 6.849183e-04, 1.197016e-03, 1.197016e-03, 2.397383e-04
10.691846, 3.108469e-04, 1.229192e-03, 1.229192e-03, 4.764643e-04
10.707186, -1.247039e-05, 1.258542e-03, 1.258542e-03, 7.482229e-04
10.722526, -2.739667e-04, 1.285477e-03, 1.285477e-03, 1.045166e-03
10.737866, -4.669102e-04, 1.310970e-03, 1.310970e-03, 1.353408e-03
10.753205, -5.879462e-04, 1.335699e-03, 1.335699e-03, 1.657253e-03
10.768545, -6.359370e-04, 1.359198e-03, 1.359198e-03, 1.941584e-03
10.783885, -6.109784e-04, 1.379240e-03, 1.379240e-03, 2.193788e-03
10.799225, -5.139093e-04, 1.391615e-03, 1.391615e-03, 2.404812e-03
10.814565, -3.464946e-04, 1.390452e-03, 1.390452e-03, 2.569300e-03
10.829904, -1.122246e-04, 1.369097e-03, 1.369097e-03, 2.685047e-03
10.845244, 1.825582e-04, 1.321419e-03, 1.321419e-03, 2.752137e-03
10.860584, 5.276118e-04, 1.243331e-03, 1.243331e-03, 2.772213e-03
10.875924, 9.082483e-04, 1.134188e-03, 1.134188e-03, 2.748177e-03
10.891264, 1.305644e-03, 9.977395e-04, 9.977395e-04, 2.684376e-03
10.906603, 1.698150e-03, 8.423762e-04, 8.423762e-04, 2.587083e-03
10.921943, 2.063458e-03, 6.805412e-04, 6.805412e-04, 2.464965e-03
10.937283, 2.381185e-03, 5.273739e-04, 5.273739e-04, 2.329217e-03
10.952623, 2.635363e-03, 3.988006e-04, 3.988006e-04, 2.193071e-03
10.967963, 2.816251e-03, 3.094045e-04, 3.094045e-04, 2.070623e-03
10.983302, 2.921031e-03, 2.704360e-04, 2.704360e-04, 1.975121e-03
10.998642, 2.953195e-03, 2.882731e-04, 2.882731e-04, 1.917064e-03
11.013982, 2.920829e-03, 3.635366e-04, 3.635366e-04, 1.902466e-03
11.029322, 2.834192e-03, 4.909322e-04, 4.909322e-04, 1.931688e-03
11.044662, 2.703207e-03, 6.597821e-04, 6.597821e-04, 1.999079e-03
11.060001, 2.535463e-03, 8.551234e-04, 8.551234e-04, 2.093499e-03
11.075341, 2.335212e-03, 1.059213e-03, 1.059213e-03, 2.199554e-03
11.090681, 2.103544e-03, 1.253261e-03, 1.253261e-03, 2.299288e-03
11.106021, 1.839571e-03, 1.419234e-03, 1.419234e-03, 2.374003e-03
11.121361, 1.542225e-03, 1.541528e-03, 1.541528e-03, 2.405908e-03
11.136701, 1.212128e-03, 1.608390e-03, 1.608390e-03, 2.379396e-03
11.152040, 8.529534e-04, 1.612898e-03, 1.612898e-03, 2.281931e-03
11.167380, 4.718700e-04, 1.553420e-03, 1.553420e-03, 2.104632e-03
11.182720, 7.896948e-05, 1.433493e-03, 1.433493e-03, 1.842698e-03
11.198060, -3.141571e-04, 1.261158e-03, 1.261158e-03, 1.495771e-03
11.213400, -6.963168e-04, 1.047863e-03, 1.047863e-03, 1.068332e-03
11.228739, -1.058579e-03, 8.070895e-04, 8.070895e-04, 5.700552e-04
11.244079, -1.395613e-03, 5.528690e-04, 5.528690e-04, 1.592764e-05
11.259419, -1.706183e-03, 2.983515e-04, 2.983515e-04, -5.740514e-04
11.274759, -1.992762e-03, 5.452258e-05, 5.452258e-05, -1.175745e-03
11.290099, -2.260396e-03, -1.708368e-04, -1.708368e-04, -1.762371e-03
11.305438, -2.515154e-03, -3.738706e-04, -3.738706e-04, -2.306527e-03
11.320778, -2.762539e-03, -5.549511e-04, -5.549511e-04, -2.782455e-03
11.336118, -3.006261e-03, -7.184538e-04, -7.184538e-04, -3.168190e-03
11.351458, -3.247534e-03, -8.719177e-04, -8.719177e-04, -3.447241e-03
11.366798, -3.484944e-03, -1.024583e-03, -1.024583e-03, -3.609586e-03
11.382137, -3.714792e-03, -1.185442e-03, -1.185442e-03, -3.651858e-03
11.397477, -3.931716e-03, -1.361090e-03, -1.361090e-03, -3.576823e-03
11.412817, -4.129350e-03, -1.553809e-03, -1.553809e-03, -3.392410e-03
11.428157, -4.300847e-03, -1.760342e-03, -1.760342e-03, -3.110551e-03
11.443497, -4.439229e-03, -1.971729e-03, -1.971729e-03, -2.746059e-03
11.458836, -4.537599e-03, -2.174366e-03, -2.174366e-03, -2.315648e-03
11.474176, -4.589293e-03, -2.352159e-03, -2.352159e-03, -1.837118e-03
11.489516, -4.588128e-03, -2.489369e-03, -2.489369e-03, -1.328596e-03
11.504856, -4.528828e-03, -2.573531e-03, -2.573531e-03, -8.077319e-04
11.520196, -4.407619e-03, -2.597802e-03, -2.597802e-03, -2.908367e-04
11.535536, -4.222891e-03, -2.562213e-03, -2.562213e-03, 2.079227e-04
11.550875, -3.975750e-03, -2.473548e-03, -2.473548e-03, 6.771144e-04
11.566215, -3.670332e-03, -2.343917e-03, -2.343917e-03, 1.108233e-03
11.581555, -3.313698e-03, -2.188377e-03, -2.188377e-03, 1.495350e-03
11.596895, -2.915301e-03, -2.022171e-03, -2.022171e-03, 1.834266e-03
11.612235, -2.486133e-03, -1.858195e-03, -1.858195e-03, 2.121386e-03
11.627574, -2.037721e-03, -1.705222e-03, -1.705222e-03, 2.352691e-03
11.642914, -1.581182e-03, -1.567158e-03, -1.567158e-03, 2.523154e-03
11.658254, -1.126527e-03, -1.443374e-03, -1.443374e-03, 2.626888e-03
11.673594, -6.823546e-04, -1.329861e-03, -1.329861e-03, 2.658106e-03
11.688934, -2.559487e-04, -1.220850e-03, -1.220850e-03, 2.612707e-03
11.704273, 1.463089e-04, -1.110449e-03, -1.110449e-03, 2.490028e-03
11.719613, 5.183244e-04, -9.939771e-04, -9.939771e-04, 2.294242e-03
11.734953, 8.536197e-04, -8.687850e-04, -8.687850e-04, 2.034914e-03
11.750293, 1.144781e-03, -7.345644e-04, -7.345644e-04, 1.726388e-03
11.765633, 1.383194e-03, -5.932551e-04, -5.932551e-04, 1.386003e-03
11.780972, 1.559181e-03, -4.487302e-04, -4.487302e-04, 1.031461e-03
11.796312, 1.662616e-03, -3.064133e-04, -3.064133e-04, 6.779429e-04
11.811652, 1.684061e-03, -1.729051e-04, -1.729051e-04, 3.356180e-04
11.826992, 1.616327e-03, -5.560157e-05, -5.560157e-05, 8.155783e-06
11.842332, 1.456218e-03, 3.777445e-05, 3.777445e-05, -3.073737e-04
11.857671, 1.206118e-03, 9.981550e-05, 9.981550e-05, -6.191644e-04
11.873011, 8.750800e-04, 1.242818e-04, 1.242818e-04, -9.382112e-04
11.888351, 4.790592e-04, 1.071056e-04, 1.071056e-04, -1.275246e-03
11.903691, 4.011847e-05, 4.739307e-05, 4.739307e-05, -1.637701e-03
11.919031, -4.153283e-04, -5.180435e-05, -5.180435e-05, -2.027320e-03
11.934371, -8.589383e-04, -1.831884e-04, -1.831884e-04, -2.438865e-03
11.949710, -1.263104e-03, -3.355706e-04, -3.355706e-04, -2.860087e-03
11.965050, -1.603404e-03, -4.949599e-04, -4.949599e-04, -3.272899e-03
11.980390, -1.860462e-03, -6.462987e-04, -6.462987e-04, -3.655481e-03
11.995730, -2.021023e-03, -7.756064e-04, -7.756064e-04, -3.984959e-03
12.011070, -2.078297e-03, -8.721582e-04, -8.721582e-04, -4.240167e-03
12.026409, -2.031759e-03, -9.302700e-04, -9.302700e-04, -4.404136e-03
12.041749, -1.886589e-03, -9.502898e-04, -9.502898e-04, -4.465995e-03
12.057089, -1.652951e-03, -9.385217e-04, -9.385217e-04, -4.422099e-03
12.072429, -1.345184e-03, -9.060133e-04, -9.060133e-04, -4.276293e-03
12.087769, -9.808868e-04, -8.663689e-04, -8.663689e-04, -4.039336e-03
12.103108, -5.797963e-04, -8.329749e-04, -8.329749e-04, -3.727654e-03
12.118448, -1.624599e-04, -8.161638e-04, -8.161638e-04, -3.361581e-03
12.133788, 2.512322e-04, -8.208826e-04, -8.208826e-04, -2.963324e-03
12.149128, 6.435048e-04, -8.453453e-04, -8.453453e-04, -2.554903e-03
12.164468, 9.999439e-04, -8.809561e-04, -8.809561e-04, -2.156293e-03
12.179807, 1.310316e-03, -9.135370e-04, -9.135370e-04, -1.783909e-03
12.195147, 1.568842e-03, -9.256305e-04, -9.256305e-04, -1.449542e-03
12.210487, 1.773953e-03, -8.994467e-04, -8.994467e-04, -1.159804e-03
12.225827, 1.927644e-03, -8.199062e-04, -8.199062e-04, -9.160860e-04
12.241167, 2.034587e-03, -6.772447e-04, -6.772447e-04, -7.150093e-04
12.256506, 2.101198e-03, -4.687518e-04, -4.687518e-04, -5.493205e-04
12.271846, 2.134795e-03, -1.994089e-04, -1.994089e-04, -4.092139e-04
12.287186, 2.142935e-03, 1.185979e-04, 1.185979e-04, -2.839753e-04
12.302526, 2.132917e-03, 4.673258e-04, 4.673258e-04, -1.637879e-04
12.317866, 2.111439e-03, 8.251871e-04, 8.251871e-04, -4.148860e-05
12.333206, 2.084372e-03, 1.169375e-03, 1.169375e-03, 8.598490e-05
12.348545, 2.056580e-03, 1.478266e-03, 1.478266e-03, 2.167596e-04
12.363885, 2.031711e-03, 1.733521e-03, 1.733521e-03, 3.440558e-04
12.379225, 2.011916e-03, 1.921697e-03, 1.921697e-03, 4.571810e-04
12.394565, 1.997492e-03, 2.035241e-03, 2.035241e-03, 5.434210e-04
12.409905, 1.986447e-03, 2.072831e-03, 2.072831e-03, 5.905826e-04
12.425244, 1.974118e-03, 2.039051e-03, 2.039051e-03, 5.897544e-04
12.440584, 1.953057e-03, 1.943468e-03, 1.943468e-03, 5.377302e-04
12.455924, 1.913405e-03, 1.799193e-03, 1.799193e-03, 4.385762e-04
12.471264, 1.843931e-03, 1.621123e-03, 1.621123e-03, 3.039681e-04
12.486604, 1.733764e-03, 1.424067e-03, 1.424067e-03, 1.521406e-04
12.501943, 1.574679e-03, 1.221039e-03, 1.221039e-03, 5.564518e-06
12.517283, 1.363511e-03, 1.022000e-03, 1.022000e-03, -1.122332e-04
12.532623, 1.104147e-03, 8.332680e-04, 8.332680e-04, -1.801021e-04
12.547963, 8.085400e-04, 6.577049e-04, 6.577049e-04, -1.823133e-04
12.563303, 4.963318e-04, 4.956210e-04, 4.956210e-04, -1.106664e-04
12.578642, 1.929381e-04, 3.461699e-04, 3.461699e-04, 3.470727e-05
12.593982, -7.369956e-05, 2.088620e-04, 2.088620e-04, 2.459168e-04
12.609322, -2.771404e-04, 8.477302e-05, 8.477302e-05, 5.090313e-04
12.624662, -3.965111e-04, -2.291368e-05, -2.291368e-05, 8.065179e-04
12.640002, -4.198624e-04, -1.092231e-04, -1.092231e-04, 1.119892e-03
12.655342, -3.461987e-04, -1.685173e-04, -1.685173e-04, 1.432078e-03
12.670681, -1.858223e-04, -1.961484e-04, -1.961484e-04, 1.729100e-03
12.686021, 4.100931e-05, -1.901784e-04, -1.901784e-04, 2.000908e-03
12.701361, 3.068017e-04, -1.526685e-04, -1.526685e-04, 2.241389e-03
12.716701, 5.804082e-04, -9.013885e-05, -9.013885e-05, 2.447714e-03
12.732041, 8.308813e-04, -1.302153e-05, -1.302153e-05, 2.619289e-03
12.747380, 1.030989e-03, 6.580554e-05, 6.580554e-05, 2.756640e-03
12.762720, 1.159911e-03, 1.330778e-04, 1.330778e-04, 2.860508e-03
12.778060, 1.204846e-03, 1.773293e-04, 1.773293e-04, 2.931326e-03
12.793400, 1.161437e-03, 1.907290e-04, 1.907290e-04, 2.969139e-03
12.808740, 1.033123e-03, 1.702053e-04, 1.702053e-04, 2.973921e-03
12.824079, 8.296717e-04, 1.176913e-04, 1.176913e-04, 2.946135e-03
12.839419, 5.652708e-04, 3.953087e-05, 3.953087e-05, 2.887319e-03
12.854759, 2.565717e-04, -5.474322e-05, -5.474322e-05, 2.800479e-03
12.870099, -7.900730e-05, -1.539575e-04, -1.539575e-04, 2.690154e-03
12.885439, -4.244992e-04, -2.468616e-04, -2.468616e-04, 2.562104e-03
12.900778, -7.640601e-04, -3.234608e-04, -3.234608e-04, 2.422633e-03
12.916118, -1.083205e-03, -3.759650e-04, -3.759650e-04, 2.277696e-03
12.931458, -1.368834e-03, -3.993087e-04, -3.993087e-04, 2.131978e-03
12.946798, -1.609284e-03, -3.912742e-04, -3.912742e-04, 1.988126e-03
12.962138, -1.794609e-03, -3.523096e-04, -3.523096e-04, 1.846279e-03
12.977477, -1.917186e-03, -2.851476e-04, -2.851476e-04, 1.704029e-03
12.992817, -1.972592e-03, -1.943289e-04, -1.943289e-04, 1.556845e-03
13.008157, -1.960554e-03, -8.570608e-05, -8.570608e-05, 1.398950e-03
13.023497, -1.885675e-03, 3.403380e-05, 3.403380e-05, 1.224507e-03
13.038837, -1.757682e-03, 1.578294e-04, 1.578294e-04, 1.028987e-03
13.054177, -1.590972e-03, 2.787164e-04, 2.787164e-04, 8.104538e-04
13.069516, -1.403379e-03, 3.903434e-04, 3.903434e-04, 5.704760e-04
13.084856, -1.214288e-03, 4.875409e-04, 4.875409e-04, 3.144390e-04
13.100196, -1.042361e-03, 5.669005e-04, 5.669005e-04, 5.110253e-05
13.115536, -9.032711e-04, 6.272656e-04, 6.272656e-04, -2.085845e-04
13.130876, -8.078575e-04, 6.699909e-04, 6.699909e-04, -4.532331e-04
13.146215, -7.610455e-04, 6.988345e-04, 6.988345e-04, -6.729611e-04
13.161555, -7.617655e-04, 7.194051e-04, 7.194051e-04, -8.610929e-04
13.176895, -8.038407e-04, 7.381902e-04, 7.381902e-04, -1.015229e-03
13.192235, -8.776185e-04, 7.613198e-04, 7.613198e-04, -1.137443e-03
13.207575, -9.719749e-04, 7.933132e-04, 7.933132e-04, -1.233555e-03
13.222914, -1.076240e-03, 8.360926e-04, 8.360926e-04, -1.311674e-03
13.238254, -1.181610e-03, 8.884957e-04, 8.884957e-04, -1.380370e-03
13.253594, -1.281785e-03, 9.463984e-04, 9.463984e-04, -1.446883e-03
13.268934, -1.372776e-03, 1.003399e-03, 1.003399e-03, -1.515719e-03
13.284274, -1.452052e-03, 1.051873e-03, 1.051873e-03, -1.587867e-03
13.299613, -1.517315e-03, 1.084121e-03, 1.084121e-03, -1.660726e-03
13.314953, -1.565317e-03, 1.093349e-03, 1.093349e-03, -1.728671e-03
13.330293, -1.591088e-03, 1.074281e-03, 1.074281e-03, -1.784085e-03
13.345633, -1.587812e-03, 1.023361e-03, 1.023361e-03, -1.818657e-03
13.360973, -1.547402e-03, 9.386196e-04, 9.386196e-04, -1.824753e-03
13.376312, -1.461711e-03, 8.193684e-04, 8.193684e-04, -1.796653e-03
13.391652, -1.324113e-03, 6.659357e-04, 6.659357e-04, -1.731513e-03
13.406992, -1.131153e-03, 4.795750e-04, 4.795750e-04, -1.629943e-03
13.422332, -8.838975e-04, 2.626096e-04, 2.626096e-04, -1.496179e-03
13.437672, -5.887547e-04, 1.875622e-05, 1.875622e-05, -1.337808e-03
13.453012, -2.575434e-04, -2.465078e-04, -2.465078e-04, -1.165109e-03
13.468351, 9.325121e-05, -5.257077e-04, -5.257077e-04, -9.901076e-04
13.483691, 4.439801e-04, -8.094079e-04, -8.094079e-04, -8.254356e-04
13.499031, 7.738909e-04, -1.086596e-03, -1.086596e-03, -6.831122e-04
13.514371, 1.063471e-03, -1.345390e-03, -1.345390e-03, -5.733406e-04
13.529711, 1.296747e-03, -1.573973e-03, -1.573973e-03, -5.034461e-04
13.545050, 1.463172e-03, -1.761587e-03, -1.761587e-03, -4.770415e-04
13.560390, 1.558806e-03, -1.899446e-03, -1.899446e-03, -4.935101e-04
13.575730, 1.586610e-03, -1.981454e-03, -1.981454e-03, -5.479068e-04
13.591070, 1.555831e-03, -2.004658e-03, -2.004658e-03, -6.313367e-04
13.606410, 1.480588e-03, -1.969446e-03, -1.969446e-03, -7.317918e-04
13.621749, 1.377906e-03, -1.879531e-03, -1.879531e-03, -8.353588e-04
13.637089, 1.265544e-03, -1.741724e-03, -1.741724e-03, -9.276643e-04
13.652429, 1.159923e-03, -1.565532e-03, -1.565532e-03, -9.953658e-04
13.667769, 1.074393e-03, -1.362560e-03, -1.362560e-03, -1.027480e-03
13.683109, 1.018004e-03, -1.145703e-03, -1.145703e-03, -1.016398e-03
13.698448, 9.948355e-04, -9.281517e-04, -9.281517e-04, -9.585212e-04
13.713788, 1.003872e-03, -7.222849e-04, -7.222849e-04, -8.544617e-04
13.729128, 1.039367e-03, -5.385825e-04, -5.385825e-04, -7.088359e-04
13.744468, 1.091656e-03, -3.847342e-04, -3.847342e-04, -5.296818e-04
13.759808, 1.148392e-03, -2.651148e-04, -2.651148e-04, -3.275804e-04
13.775147, 1.196113e-03, -1.807352e-04, -1.807352e-04, -1.145443e-04
13.790487, 1.222016e-03, -1.296845e-04, -1.296845e-04, 9.721661e-05
13.805827, 1.215729e-03, -1.079623e-04, -1.079623e-04, 2.964826e-04
13.821167, 1.170831e-03, -1.105129e-04, -1.105129e-04, 4.739769e-04
13.836507, 1.085818e-03, -1.322276e-04, -1.322276e-04, 6.229357e-04
13.851847, 9.642859e-04, -1.687015e-04, -1.687015e-04, 7.392024e-04
13.867186, 8.142936e-04, -2.166083e-04, -2.166083e-04, 8.208534e-04
13.882526, 6.469841e-04, -2.736600e-04, -2.736600e-04, 8.675125e-04
13.897866, 4.747564e-04, -3.382302e-04, -3.382302e-04, 8.796138e-04
13.913206, 3.093756e-04, -4.087913e-04, -4.087913e-04, 8.578690e-04
13.928546, 1.604428e-04, -4.833490e-04, -4.833490e-04, 8.031115e-04
13.943885, 3.450960e-05, -5.590250e-04, -5.590250e-04, 7.165663e-04
13.959225, -6.505404e-05, -6.318801e-04, -6.318801e-04, 6.004274e-04
13.974565, -1.375205e-04, -6.969905e-04, -6.969905e-04, 4.584767e-04
13.989905, -1.838458e-04, -7.487279e-04, -7.487279e-04, 2.964566e-04
14.005245, -2.056529e-04, -7.811606e-04, -7.811606e-04, 1.220076e-04
14.020584, -2.044860e-04, -7.885016e-04, -7.885016e-04, -5.586276e-05
14.035924, -1.815311e-04, -7.655548e-04, -7.655548e-04, -2.276594e-04
14.051264, -1.378502e-04, -7.081481e-04, -7.081481e-04, -3.843697e-04
14.066604, -7.502825e-05, -6.135580e-04, -6.135580e-04, -5.182392e-04
14.081944, 4.000692e-06, -4.809190e-04, -4.809190e-04, -6.231899e-04
14.097283, 9.423950e-05, -3.115823e-04, -3.115823e-04, -6.949023e-04
14.112623, 1.882648e-04, -1.093449e-04, -1.093449e-04, -7.307301e-04
14.127963, 2.763660e-04, 1.195416e-04, 1.195416e-04, -7.296894e-04
14.143303, 3.472483e-04, 3.666591e-04, 3.666591e-04, -6.927365e-04
14.158643, 3.892505e-04, 6.220237e-04, 6.220237e-04, -6.233769e-04
14.173982, 3.919033e-04, 8.749322e-04, 8.749322e-04, -5.284001e-04
14.189322, 3.475861e-04, 1.114913e-03, 1.114913e-03, -4.183566e-04
14.204662, 2.530162e-04, 1.332602e-03, 1.332602e-03, -3.073744e-04
14.220002, 1.102940e-04, 1.520373e-03, 1.520373e-03, -2.120280e-04
14.235342, -7.274178e-05, 1.672638e-03, 1.672638e-03, -1.492371e-04
14.250682, -2.829782e-04, 1.785810e-03, 1.785810e-03, -1.335122e-04
14.266021, -5.032854e-04, 1.858032e-03, 1.858032e-03, -1.741467e-04
14.281361, -7.143983e-04, 1.888823e-03, 1.888823e-03, -2.730287e-04
14.296701, -8.971433e-04, 1.878783e-03, 1.878783e-03, -4.236248e-04
14.312041, -1.034640e-03, 1.829452e-03, 1.829452e-03, -6.114181e-04
14.327381, -1.114129e-03, 1.743344e-03, 1.743344e-03, -8.157351e-04
14.342720, -1.128179e-03, 1.624087e-03, 1.624087e-03, -1.012565e-03
14.358060, -1.075201e-03, 1.476575e-03, 1.476575e-03, -1.177800e-03
14.373400, -9.592669e-04, 1.307026e-03, 1.307026e-03, -1.290354e-03
14.388740, -7.893702e-04, 1.122873e-03, 1.122873e-03, -1.334727e-03
14.404080, -5.783143e-04, 9.324627e-04, 9.324627e-04, -1.302743e-03
14.419419, -3.413750e-04, 7.445597e-04, 7.445597e-04, -1.194362e-03
14.434759, -9.485145e-05, 5.676864e-04, 5.676864e-04, -1.017544e-03
14.450099, 1.454072e-04, 4.093442e-04, 4.093442e-04, -7.871719e-04
14.465439, 3.653911e-04, 2.751804e-04, 2.751804e-04, -5.230780e-04
14.480779, 5.541173e-04, 1.682049e-04, 1.682049e-04, -2.472927e-04
14.496118, 7.044869e-04, 8.820070e-05, 8.820070e-05, 1.918056e-05
14.511458, 8.136647e-04, 3.150386e-05, 3.150386e-05, 2.596018e-04
14.526798, 8.828845e-04, -8.689081e-06, -8.689081e-06, 4.641595e-04
14.542138, 9.167031e-04, -4.140491e-05, -4.140491e-05, 6.314653e-04
14.557478, 9.218410e-04, -7.642241e-05, -7.642241e-05, 7.684621e-04
14.572817, 9.058212e-04, -1.224605e-04, -1.224605e-04, 8.886816e-04
14.588157, 8.756551e-04, -1.853750e-04, -1.853750e-04, 1.009178e-03
14.603497, 8.368070e-04, -2.667697e-04, -2.667697e-04, 1.146768e-03
14.618837, 7.925757e-04, -3.633738e-04, -3.633738e-04, 1.314376e-03
14.634177, 7.439054e-04, -4.673821e-04, -4.673821e-04, 1.518246e-03
14.649517, 6.895653e-04, -5.677296e-04, -5.677296e-04, 1.756514e-03
14.664856, 6.266125e-04, -6.520534e-04, -6.520534e-04, 2.019316e-03
14.680196, 5.510399e-04, -7.089368e-04, -7.089368e-04, 2.290230e-03
14.695536, 4.585286e-04, -7.299728e-04, -7.299728e-04, 2.548696e-03
14.710876, 3.452604e-04, -7.112522e-04, -7.112522e-04, 2.772887e-03
14.726216, 2.087455e-04, -6.540219e-04, -6.540219e-04, 2.942544e-03
14.741555, 4.856934e-05, -5.644512e-04, -5.644512e-04, 3.041406e-03
14.756895, -1.330795e-04, -4.526202e-04, -4.526202e-04, 3.058984e-03
14.772235, -3.312263e-04, -3.309712e-04, -3.309712e-04, 2.991548e-03
14.787575, -5.383629e-04, -2.125289e-04, -2.125289e-04, 2.842259e-03
14.802915, -7.451552e-04, -1.091907e-04, -1.091907e-04, 2.620539e-03
14.818254, -9.415032e-04, -3.033463e-05, -3.033463e-05, 2.340781e-03
14.833594, -1.117736e-03, 1.809009e-05, 1.809009e-05, 2.020631e-03
14.848934, -1.265703e-03, 3.391823e-05, 3.391823e-05, 1.679052e-03
14.864274, -1.379563e-03, 1.859366e-05, 1.859366e-05, 1.334483e-03
14.879614, -1.456172e-03, -2.343649e-05, -2.343649e-05, 1.003290e-03
14.894953, -1.495086e-03, -8.560384e-05, -8.560384e-05, 6.986389e-04
14.910293, -1.498286e-03, -1.601994e-04, -1.601994e-04, 4.298437e-04
14.925633, -1.469818e-03, -2.392868e-04, -2.392868e-04, 2.021665e-04
14.940973, -1.415438e-03, -3.154268e-04, -3.154268e-04, 1.698379e-05
14.956313, -1.342292e-03, -3.821568e-04, -3.821568e-04, -1.277518e-04
14.971652, -1.258576e-03, -4.342404e-04, -4.342404e-04, -2.367912e-04
14.986992, -1.173056e-03, -4.677598e-04, -4.677598e-04, -3.166339e-04
15.002332, -1.094363e-03, -4.801468e-04, -4.801468e-04, -3.743998e-04
15.017672, -1.030023e-03, -4.702407e-04, -4.702407e-04, -4.166415e-04
15.033012, -9.853699e-04, -4.384131e-04, -4.384131e-04, -4.482689e-04
15.048352, -9.625445e-04, -3.867395e-04, -3.867395e-04, -4.718131e-04
15.063691, -9.598450e-04, -3.191374e-04, -3.191374e-04, -4.872622e-04
15.079031, -9.716415e-04, -2.413595e-04, -2.413595e-04, -4.925832e-04
15.094371, -9.889840e-04, -1.607330e-04, -1.607330e-04, -4.848754e-04
15.109711, -1.000844e-03, -8.558440e-05, -8.558440e-05, -4.619232e-04
15.125051, -9.957785e-04, -2.436604e-05, -2.436604e-05, -4.237737e-04
15.140390, -9.637017e-04, 1.541550e-05, 1.541550e-05, -3.738949e-04
15.155730, -8.974406e-04, 2.829590e-05, 2.829590e-05, -3.195370e-04
15.171070, -7.937618e-04, 1.177001e-05, 1.177001e-05, -2.711275e-04
15.186410, -6.536904e-04, -3.315909e-05, -3.315909e-05, -2.407805e-04
15.201750, -4.821051e-04, -1.019220e-04, -1.019220e-04, -2.402290e-04
15.217089, -2.867416e-04, -1.868419e-04, -1.868419e-04, -2.786564e-04
15.232429, -7.683563e-05, -2.780330e-04, -2.780330e-04, -3.609483e-04
15.247769, 1.382962e-04, -3.645782e-04, -3.645782e-04, -4.867705e-04
15.263109, 3.504428e-04, -4.357868e-04, -4.357868e-04, -6.506469e-04
15.278449, 5.532538e-04, -4.823423e-04, -4.823423e-04, -8.429782e-04
15.293788, 7.425057e-04, -4.972040e-04, -4.972040e-04, -1.051732e-03
15.309128, 9.159389e-04, -4.761961e-04, -4.761961e-04, -1.264402e-03
15.324468, 1.072826e-03, -4.182880e-04, -4.182880e-04, -1.469799e-03
15.339808, 1.213480e-03, -3.256071e-04, -3.256071e-04, -1.659382e-03
15.355148, 1.338887e-03, -2.032326e-04, -2.032326e-04, -1.827919e-03
15.370487, 1.450497e-03, -5.880169e-05, -5.880169e-05, -1.973481e-03
15.385827, 1.550127e-03, 9.806792e-05, 9.806792e-05, -2.096824e-03
15.401167, 1.639805e-03, 2.565451e-04, 2.565451e-04, -2.200350e-03
15.416507, 1.721427e-03, 4.055288e-04, 4.055288e-04, -2.286863e-03
15.431847, 1.796104e-03, 5.347104e-04, 5.347104e-04, -2.358295e-03
15.447187, 1.863302e-03, 6.356405e-04, 6.356405e-04, -2.414642e-03
15.462526, 1.920033e-03, 7.026415e-04, 7.026415e-04, -2.453307e-03
15.477866, 1.960440e-03, 7.334013e-04, 7.334013e-04, -2.469016e-03
15.493206, 1.976115e-03, 7.291200e-04, 7.291200e-04, -2.454393e-03
15.508546, 1.957315e-03, 6.941661e-04, 6.941661e-04, -2.401154e-03
15.523886, 1.894988e-03, 6.352991e-04, 6.352991e-04, -2.301746e-03
15.539225, 1.783208e-03, 5.606112e-04, 5.606112e-04, -2.151115e-03
15.554565, 1.621409e-03, 4.784044e-04, 4.784044e-04, -1.948183e-03
15.569905, 1.415783e-03, 3.962205e-04, 3.962205e-04, -1.696672e-03
15.585245, 1.179351e-03, 3.201987e-04, 3.201987e-04, -1.405042e-03
15.600585, 9.305441e-04, 2.548406e-04, 2.548406e-04, -1.085495e-03
15.615924, 6.904825e-04, 2.031496e-04, 2.031496e-04, -7.522468e-04
15.631264, 4.795513e-04, 1.670185e-04, 1.670185e-04, -4.194589e-04
15.646604, 3.140024e-04, 1.476709e-04, 1.476709e-04, -9.930846e-05
15.661944, 2.033164e-04, 1.459628e-04, 1.459628e-04, 1.993905e-04
15.677284, 1.488536e-04, 1.624020e-04, 1.624020e-04, 4.717417e-04
15.692623, 1.440111e-04, 1.968427e-04, 1.968427e-04, 7.164308e-04
15.707963, 1.757402e-04, 2.479358e-04, 2.479358e-04, 9.346625e-04
15.723303, 2.269959e-04, 3.125148e-04, 3.125148e-04, 1.128699e-03
15.738643, 2.795676e-04, 3.851612e-04, 3.851612e-04, 1.300374e-03
15.753983, 3.167495e-04, 4.581756e-04, 4.581756e-04, 1.449913e-03
15.769322, 3.254201e-04, 5.220996e-04, 5.220996e-04, 1.575314e-03
15.784662, 2.972893e-04, 5.667934e-04, 5.667934e-04, 1.672388e-03
15.800002, 2.292906e-04, 5.829185e-04, 5.829185e-04, 1.735398e-03
15.815342, 1.232415e-04, 5.635417e-04, 5.635417e-04, 1.758149e-03
15.830682, -1.502558e-05, 5.055120e-04, 5.055120e-04, 1.735323e-03
15.846022, -1.768254e-04, 4.102809e-04, 4.102809e-04, 1.663806e-03
15.861361, -3.518554e-04, 2.839391e-04, 2.839391e-04, 1.543786e-03
15.876701, -5.293491e-04, 1.364056e-04, 1.364056e-04, 1.379413e-03
15.892041, -6.990735e-04, -2.011019e-05, -2.011019e-05, 1.178890e-03
15.907381, -8.521299e-04, -1.730958e-04, -1.730958e-04, 9.539482e-04
15.922721, -9.815442e-04, -3.117958e-04, -3.117958e-04, 7.187018e-04
15.938060, -1.082656e-03, -4.289464e-04, -4.289464e-04, 4.880449e-04
15.953400, -1.153311e-03, -5.218537e-04, -5.218537e-04, 2.758194e-04
15.968740, -1.193827e-03, -5.926090e-04, -5.926090e-04, 9.305591e-05
15.984080, -1.206709e-03, -6.474079e-04, -6.474079e-04, -5.340397e-05
15.999420, -1.196129e-03, -6.951099e-04, -6.951099e-04, -1.616189e-04
16.014759, -1.167210e-03, -7.453195e-04, -7.453195e-04, -2.344303e-04
16.030099, -1.125208e-03, -8.063577e-04, -8.063577e-04, -2.785234e-04
16.045439, -1.074724e-03, -8.835045e-04, -8.835045e-04, -3.028358e-04
16.060779, -1.019114e-03, -9.778304e-04, -9.778304e-04, -3.166092e-04
16.076119, -9.602141e-04, -1.085810e-03, -1.085810e-03, -3.274673e-04
16.091458, -8.984353e-04, -1.199754e-03, -1.199754e-03, -3.399074e-04
16.106798, -8.331856e-04, -1.308930e-03, -1.308930e-03, -3.544886e-04
16.122138, -7.635210e-04, -1.401130e-03, -1.401130e-03, -3.678391e-04
16.137478, -6.888438e-04, -1.464389e-03, -1.464389e-03, -3.734482e-04
16.152818, -6.094643e-04, -1.488532e-03, -1.488532e-03, -3.630548e-04
16.168158, -5.268977e-04, -1.466357e-03, -1.466357e-03, -3.283251e-04
16.183497, -4.438474e-04, -1.394315e-03, -1.394315e-03, -2.624796e-04
16.198837, -3.638880e-04, -1.272676e-03, -1.272676e-03, -1.615928e-04
16.214177, -2.909365e-04, -1.105273e-03, -1.105273e-03, -2.537370e-05
16.229517, -2.286552e-04, -8.989388e-04, -8.989388e-04, 1.426580e-04
16.244857, -1.799232e-04, -6.627614e-04, -6.627614e-04, 3.355659e-04
16.260196, -1.464698e-04, -4.072702e-04, -4.072702e-04, 5.438276e-04
16.275536, -1.287285e-04, -1.436110e-04, -1.436110e-04, 7.564320e-04
16.290876, -1.259245e-04, 1.172506e-04, 1.172506e-04, 9.620770e-04
16.306216, -1.363438e-04, 3.652754e-04, 3.652754e-04, 1.150300e-03
16.321556, -1.576897e-04, 5.920112e-04, 5.920112e-04, 1.312400e-03
16.336895, -1.874336e-04, 7.911167e-04, 7.911167e-04, 1.442073e-03
16.352235, -2.230887e-04, 9.586793e-04, 9.586793e-04, 1.535711e-03
16.367575, -2.623472e-04, 1.093263e-03, 1.093263e-03, 1.592377e-03
16.382915, -3.030739e-04, 1.195648e-03, 1.195648e-03, 1.613476e-03
16.398255, -3.432082e-04, 1.268286e-03, 1.268286e-03, 1.602241e-03
16.413594, -3.806540e-04, 1.314552e-03, 1.314552e-03, 1.563149e-03
16.428934, -4.132217e-04, 1.337936e-03, 1.337936e-03, 1.501384e-03
16.444274, -4.386746e-04, 1.341333e-03, 1.341333e-03, 1.422443e-03
16.459614, -4.549062e-04, 1.326593e-03, 1.326593e-03, 1.331930e-03
16.474954, -4.602199e-04, 1.294398e-03, 1.294398e-03, 1.235500e-03
16.490293, -4.536415e-04, 1.244491e-03, 1.244491e-03, 1.138832e-03
16.505633, -4.351957e-04, 1.176158e-03, 1.176158e-03, 1.047510e-03
16.520973, -4.060878e-04, 1.088852e-03, 1.088852e-03, 9.666922e-04
16.536313, -3.687389e-04, 9.827870e-04, 9.827870e-04, 9.005456e-04
16.551653, -3.266339e-04, 8.594044e-04, 8.594044e-04, 8.515006e-04
16.566993, -2.839898e-04, 7.216275e-04, 7.216275e-04, 8.195155e-04
16.582332, -2.452630e-04, 5.738988e-04, 5.738988e-04, 8.015900e-04
16.597672, -2.145288e-04, 4.220145e-04, 4.220145e-04, 7.917331e-04
16.613012, -1.947917e-04, 2.727876e-04, 2.727876e-04, 7.815019e-04
16.628352, -1.873313e-04, 1.335631e-04, 1.335631e-04, 7.610957e-04
16.643692, -1.912031e-04, 1.160920e-05, 1.160920e-05, 7.208361e-04
16.659031, -2.030093e-04, -8.658566e-05, -8.658566e-05, 6.527373e-04
16.674371, -2.170391e-04, -1.560448e-04, -1.560448e-04, 5.518485e-04
16.689711, -2.258391e-04, -1.939662e-04, -1.939662e-04, 4.171030e-04
16.705051, -2.211758e-04, -2.001946e-04, -2.001946e-04, 2.515015e-04
16.720391, -1.952522e-04, -1.773958e-04, -1.773958e-04, 6.158956e-05
16.735730, -1.419776e-04, -1.308804e-04, -1.308804e-04, -1.436602e-04
16.751070, -5.805406e-05, -6.809993e-05, -6.809993e-05, -3.543352e-04
16.766410, 5.635426e-05, 2.078602e-06, 2.078602e-06, -5.611634e-04
16.781750, 1.975259e-04, 7.018008e-05, 7.018008e-05, -7.568899e-04
16.797090, 3.586813e-04, 1.268774e-04, 1.268774e-04, -9.371733e-04
16.812429, 5.309667e-04, 1.636261e-04, 1.636261e-04, -1.100813e-03
16.827769, 7.047139e-04, 1.731843e-04, 1.731843e-04, -1.249269e-03
16.843109, 8.707065e-04, 1.500817e-04, 1.500817e-04, -1.385592e-03
16.858449, 1.021178e-03, 9.110705e-05, 9.110705e-05, -1.513020e-03
16.873789, 1.150361e-03, -4.175221e-06, -4.175221e-06, -1.633617e-03
16.889128, 1.254544e-03, -1.329560e-04, -1.329560e-04, -1.747343e-03
16.904468, 1.331709e-03, -2.889217e-04, -2.889217e-04, -1.851830e-03
16.919808, 1.380925e-03, -4.623921e-04, -4.623921e-04, -1.942933e-03
16.935148, 1.401735e-03, -6.409883e-04, -6.409883e-04, -2.015890e-03
16.950488, 1.393739e-03, -8.108402e-04, -8.108402e-04, -2.066748e-03
16.965828, 1.356510e-03, -9.581840e-04, -9.581840e-04, -2.093579e-03
16.981167, 1.289831e-03, -1.071069e-03, -1.071069e-03, -2.097107e-03
16.996507, 1.194162e-03, -1.140847e-03, -1.140847e-03, -2.080514e-03
17.011847, 1.071190e-03, -1.163145e-03, -1.163145e-03, -2.048529e-03
17.027187, 9.242463e-04, -1.138182e-03, -1.138182e-03, -2.006039e-03
17.042527, 7.584665e-04, -1.070418e-03, -1.070418e-03, -1.956679e-03
17.057866, 5.806374e-04, -9.676955e-04, -9.676955e-04, -1.901814e-03
17.073206, 3.987535e-04, -8.401019e-04, -8.401019e-04, -1.840187e-03
17.088546, 2.213699e-04, -6.987761e-04, -6.987761e-04, -1.768294e-03
17.103886, 5.686792e-05, -5.548277e-04, -5.548277e-04, -1.681324e-03
17.119226, -8.724657e-05, -4.184311e-04, -4.184311e-04, -1.574381e-03
17.134565, -2.049437e-04, -2.980892e-04, -2.980892e-04, -1.443662e-03
17.149905, -2.921416e-04, -2.000301e-04, -2.000301e-04, -1.287315e-03
17.165245, -3.470296e-04, -1.277168e-04, -1.277168e-04, -1.105869e-03
17.180585, -3.702226e-04, -8.150488e-05, -8.150488e-05, -9.022417e-04
17.195925, -3.647280e-04, -5.852812e-05, -5.852812e-05, -6.814263e-04
17.211264, -3.356926e-04, -5.291051e-05, -5.291051e-05, -4.499877e-04
17.226604, -2.898874e-04, -5.637170e-05, -5.637170e-05, -2.155000e-04
17.241944, -2.349306e-04, -5.921690e-05, -5.921690e-05, 1.401188e-05
17.257284, -1.783212e-04, -5.160682e-05, -5.160682e-05, 2.306281e-04
17.272624, -1.264155e-04, -2.491679e-05, -2.491679e-05, 4.271130e-04
17.287963, -8.351646e-05, 2.705144e-05, 2.705144e-05, 5.975262e-04
17.303303, -5.127445e-05, 1.072305e-04, 1.072305e-04, 7.378467e-04
17.318643, -2.856012e-05, 2.149763e-04, 2.149763e-04, 8.465429e-04
17.333983, -1.187112e-05, 3.463293e-04, 3.463293e-04, 9.249600e-04
17.349323, 3.787269e-06, 4.947704e-04, 4.947704e-04, 9.773795e-04
17.364663, 2.370456e-05, 6.522889e-04, 6.522889e-04, 1.010653e-03
17.380002, 5.218323e-05, 8.105273e-04, 8.105273e-04, 1.033403e-03
17.395342, 9.143866e-05, 9.617722e-04, 9.617722e-04, 1.054871e-03
17.410682, 1.409016e-04, 1.099620e-03, 1.099620e-03, 1.083608e-03
17.426022, 1.970398e-04, 1.219249e-03, 1.219249e-03, 1.126267e-03
17.441362, 2.537093e-04, 1.317320e-03, 1.317320e-03, 1.186737e-03
17.456701, 3.029583e-04, 1.391622e-03, 1.391622e-03, 1.265758e-03
17.472041, 3.361251e-04, 1.440612e-03, 1.440612e-03, 1.361016e-03
17.487381, 3.450423e-04, 1.462992e-03, 1.462992e-03, 1.467624e-03
17.502721, 3.231754e-04, 1.457439e-03, 1.457439e-03, 1.578773e-03
17.518061, 2.665757e-04, 1.422541e-03, 1.422541e-03, 1.686363e-03
17.533400, 1.745471e-04, 1.356955e-03, 1.356955e-03, 1.781514e-03
17.548740, 4.996384e-05, 1.259757e-03, 1.259757e-03, 1.854969e-03
17.564080, -1.007948e-04, 1.130904e-03, 1.130904e-03, 1.897513e-03
17.579420, -2.682977e-04, 9.717527e-04, 9.717527e-04, 1.900538e-03
17.594760, -4.408987e-04, 7.854929e-04, 7.854929e-04, 1.856843e-03
17.610099, -6.059039e-04, 5.774100e-04, 5.774100e-04, 1.761620e-03
17.625439, -7.509478e-04, 3.548441e-04, 3.548441e-04, 1.613413e-03
17.640779, -8.654031e-04, 1.267775e-04, 1.267775e-04, 1.414778e-03
17.656119, -9.416249e-04, -9.695736e-05, -9.695736e-05, 1.172367e-03
17.671459, -9.758211e-04, -3.067626e-04, -3.067626e-04, 8.963238e-04
17.686798, -9.683822e-04, -4.944659e-04, -4.944659e-04, 5.990161e-04
17.702138, -9.236087e-04, -6.543675e-04, -6.543675e-04, 2.933929e-04
17.717478, -8.488998e-04, -7.838877e-04, -7.838877e-04, -8.656822e-06
17.732818, -7.535659e-04, -8.836268e-04, -8.836268e-04, -2.975470e-04
17.748158, -6.474998e-04, -9.567906e-04, -9.567906e-04, -5.665711e-04
17.763498, -5.399620e-04, -1.008096e-03, -1.008096e-03, -8.117275e-04
17.778837, -4.386926e-04, -1.042424e-03, -1.042424e-03, -1.030915e-03
17.794177, -3.494424e-04, -1.063575e-03, -1.063575e-03, -1.222798e-03
17.809517, -2.758997e-04, -1.073445e-03, -1.073445e-03, -1.385693e-03
17.824857, -2.199004e-04, -1.071858e-03, -1.071858e-03, -1.516797e-03
17.840197, -1.817529e-04, -1.057088e-03, -1.057088e-03, -1.611947e-03
17.855536, -1.605034e-04, -1.026912e-03, -1.026912e-03, -1.665976e-03
17.870876, -1.540473e-04, -9.798848e-04, -9.798848e-04, -1.673557e-03
17.886216, -1.590970e-04, -9.164731e-04, -9.164731e-04, -1.630345e-03
17.901556, -1.711005e-04, -8.397040e-04, -8.397040e-04, -1.534136e-03
17.916896, -1.842504e-04, -7.551327e-04, -7.551327e-04, -1.385821e-03
17.932235, -1.917274e-04, -6.701122e-04, -6.701122e-04, -1.189910e-03
17.947575, -1.862708e-04, -5.925314e-04, -5.925314e-04, -9.545308e-04
17.962915, -1.610478e-04, -5.293258e-04, -5.293258e-04, -6.908508e-04
17.978255, -1.106986e-04, -4.851215e-04, -4.851215e-04, -4.120582e-04
17.993595, -3.236506e-05, -4.613356e-04, -4.613356e-04, -1.320384e-04
18.008934, 7.350793e-05, -4.559461e-04, -4.559461e-04, 1.360218e-04
18.024274, 2.027962e-04, -4.639804e-04, -4.639804e-04, 3.808670e-04
18.039614, 3.478617e-04, -4.786030e-04, -4.786030e-04, 5.940490e-04
18.054954, 4.982651e-04, -4.925460e-04, -4.925460e-04, 7.703349e-04
18.070294, 6.419412e-04, -4.995491e-04, -4.995491e-04, 9.076293e-04
18.085633, 7.666813e-04, -4.954853e-04, -4.954853e-04, 1.006469e-03
18.100973, 8.617059e-04, -4.789299e-04, -4.789299e-04, 1.069241e-03
18.116313, 9.190851e-04, -4.510758e-04, -4.510758e-04, 1.099306e-03
18.131653, 9.347942e-04, -4.150604e-04, -4.150604e-04, 1.100226e-03
18.146993, 9.092414e-04, -3.749157e-04, -3.749157e-04, 1.075218e-03
18.162333, 8.471709e-04, -3.344351e-04, -3.344351e-04, 1.026919e-03
18.177672, 7.569334e-04, -2.962532e-04, -2.962532e-04, 9.574798e-04
18.193012, 6.492312e-04, -2.613566e-04, -2.613566e-04, 8.688680e-04
18.208352, 5.355322e-04, -2.291111e-04, -2.291111e-04, 7.632511e-04
18.223692, 4.263959e-04, -1.977390e-04, -1.977390e-04, 6.433075e-04
18.239032, 3.299715e-04, -1.650644e-04, -1.650644e-04, 5.123539e-04
18.254371, 2.509120e-04, -1.292855e-04, -1.292855e-04, 3.742447e-04
18.269711, 1.898639e-04, -8.955367e-05, -8.955367e-05, 2.330922e-04
18.285051, 1.435851e-04, -4.621562e-05, -4.621562e-05, 9.293997e-05
18.300391, 1.056521e-04, -6.876171e-07, -6.876171e-07, -4.247943e-05
18.315731, 6.763943e-05, 4.496404e-05, 4.496404e-05, -1.698176e-04
18.331070, 2.059170e-05, 8.859460e-05, 8.859460e-05, -2.860107e-04
18.346410, -4.342652e-05, 1.285451e-04, 1.285451e-04, -3.880903e-04
18.361750, -1.298993e-04, 1.640700e-04, 1.640700e-04, -4.730554e-04
18.377090, -2.407238e-04, 1.955597e-04, 1.955597e-04, -5.379448e-04
18.392430, -3.735315e-04, 2.245508e-04, 2.245508e-04, -5.801513e-04
18.407769, -5.215822e-04, 2.535674e-04, 2.535674e-04, -5.978989e-04
18.423109, -6.742795e-04, 2.858512e-04, 2.858512e-04, -5.907158e-04
18.438449, -8.182901e-04, 3.250338e-04, 3.250338e-04, -5.596945e-04
18.453789, -9.391740e-04, 3.747763e-04, 3.747763e-04, -5.073728e-04
18.469129, -1.023344e-03, 4.383825e-04, 4.383825e-04, -4.372134e-04
18.484468, -1.060086e-03, 5.183785e-04, 5.183785e-04, -3.528276e-04
18.499808, -1.043341e-03, 6.160664e-04, 6.160664e-04, -2.572038e-04
18.515148, -9.729597e-04, 7.310849e-04, 7.310849e-04, -1.522232e-04
18.530488, -8.551855e-04, 8.610467e-04, 8.610467e-04, -3.867036e-05
18.545828, -7.022180e-04, 1.001342e-03, 1.001342e-03, 8.321289e-05
18.561168, -5.308447e-04, 1.145200e-03, 1.145200e-03, 2.127986e-04
18.576507, -3.602927e-04, 1.284061e-03, 1.284061e-03, 3.480849e-04
18.591847, -2.095682e-04, 1.408264e-03, 1.408264e-03, 4.850008e-04
18.607187, -9.466743e-05, 1.507977e-03, 1.507977e-03, 6.172798e-04
18.622527, -2.611110e-05, 1.574247e-03, 1.574247e-03, 7.370132e-04
18.637867, -7.237199e-06, 1.600000e-03, 1.600000e-03, 8.357809e-04
18.653206, -3.358422e-05, 1.580856e-03, 1.580856e-03, 9.060591e-04
18.668546, -9.353440e-05, 1.515620e-03, 1.515620e-03, 9.425268e-04
18.683886, -1.701778e-04, 1.406426e-03, 1.406426e-03, 9.429309e-04
18.699226, -2.441140e-04, 1.258516e-03, 1.258516e-03, 9.082908e-04
18.714566, -2.967026e-04, 1.079729e-03, 1.079729e-03, 8.424072e-04
18.729905, -3.131732e-04, 8.797674e-04, 8.797674e-04, 7.508378e-04
18.745245, -2.850184e-04, 6.693233e-04, 6.693233e-04, 6.396374e-04
18.760585, -2.112134e-04, 4.591505e-04, 4.591505e-04, 5.141915e-04
18.775925, -9.803752e-05, 2.591426e-04, 2.591426e-04, 3.784164e-04
18.791265, 4.242911e-05, 7.749890e-05, 7.749890e-05, 2.344928e-04
18.806604, 1.947899e-04, -7.993996e-05, -7.993996e-05, 8.314998e-05
18.821944, 3.432743e-04, -2.101022e-04, -2.101022e-04, -7.563533e-05
18.837284, 4.745351e-04, -3.127658e-04, -3.127658e-04, -2.417475e-04
18.852624, 5.797442e-04, -3.902721e-04, -3.902721e-04, -4.140891e-04
18.867964, 6.556119e-04, -4.468897e-04, -4.468897e-04, -5.900021e-04
18.883303, 7.042135e-04, -4.879134e-04, -4.879134e-04, -7.650989e-04
18.898643, 7.317567e-04, -5.186419e-04, -5.186419e-04, -9.335415e-04
18.913983, 7.466359e-04, -5.434195e-04, -5.434195e-04, -1.088696e-03
18.929323, 7.572537e-04, -5.649247e-04, -5.649247e-04, -1.224023e-03
18.944663, 7.701089e-04, -5.838512e-04, -5.838512e-04, -1.334035e-03
18.960003, 7.885355e-04, -5.990542e-04, -5.990542e-04, -1.415113e-03
18.975342, 8.122939e-04, -6.081343e-04, -6.081343e-04, -1.466052e-03
18.990682, 8.380123e-04, -6.083379e-04, -6.083379e-04, -1.488217e-03
19.006022, 8.602793e-04, -5.975767e-04, -5.975767e-04, -1.485322e-03
19.021362, 8.730522e-04, -5.753334e-04, -5.753334e-04, -1.462862e-03
19.036702, 8.710129e-04, -5.432397e-04, -5.432397e-04, -1.427317e-03
19.052041, 8.505838e-04, -5.051831e-04, -5.051831e-04, -1.385253e-03
19.067381, 8.104373e-04, -4.669021e-04, -4.669021e-04, -1.342481e-03
19.082721, 7.514824e-04, -4.351499e-04, -4.351499e-04, -1.303360e-03
19.098061, 6.764507e-04, -4.166035e-04, -4.166035e-04, -1.270340e-03
19.113401, 5.892866e-04, -4.167504e-04, -4.167504e-04, -1.243762e-03
19.128740, 4.945333e-04, -4.389817e-04, -4.389817e-04, -1.221928e-03
19.144080, 3.968368e-04, -4.840645e-04, -4.840645e-04, -1.201397e-03
19.159420, 3.006080e-04, -5.500688e-04, -5.500688e-04, -1.177459e-03
19.174760, 2.098039e-04, -6.327243e-04, -6.327243e-04, -1.144752e-03
19.190100, 1.277331e-04, -7.260957e-04, -7.260957e-04, -1.097954e-03
19.205439, 5.680476e-05, -8.234174e-04, -8.234174e-04, -1.032484e-03
19.220779, -1.786977e-06, -9.179246e-04, -9.179246e-04, -9.451499e-04
19.236119, -4.837763e-05, -1.003546e-03, -1.003546e-03, -8.346767e-04
19.251459, -8.503113e-05, -1.075375e-03, -1.075375e-03, -7.020134e-04
19.266799, -1.154875e-04, -1.129888e-03, -1.129888e-03, -5.503652e-04
19.282139, -1.447552e-04, -1.164923e-03, -1.164923e-03, -3.849070e-04
19.297478, -1.783426e-04, -1.179472e-03, -1.179472e-03, -2.121849e-04
19.312818, -2.212398e-04, -1.173345e-03, -1.173345e-03, -3.925825e-05
19.328158, -2.768446e-04, -1.146786e-03, -1.146786e-03, 1.272891e-04
19.343498, -3.460646e-04, -1.100124e-03, -1.100124e-03, 2.822889e-04
19.358838, -4.268202e-04, -1.033525e-03, -1.033525e-03, 4.226921e-04
19.374177, -5.140899e-04, -9.469036e-04, -9.469036e-04, 5.478778e-04
19.389517, -6.005080e-04, -8.400184e-04, -8.400184e-04, 6.594719e-04
19.404857, -6.773952e-04, -7.127392e-04, -7.127392e-04, 7.606848e-04
19.420197, -7.360191e-04, -5.654215e-04, -5.654215e-04, 8.553108e-04
19.435537, -7.688374e-04, -3.993003e-04, -3.993003e-04, 9.466192e-04
19.450876, -7.704893e-04, -2.167940e-04, -2.167940e-04, 1.036401e-03
19.466216, -7.383807e-04, -2.162150e-05, -2.162150e-05, 1.124412e-03
19.481556, -6.728247e-04, 1.813185e-04, 1.813185e-04, 1.208375e-03
19.496896, -5.767857e-04, 3.863031e-04, 3.863031e-04, 1.284551e-03
19.512236, -4.553404e-04, 5.873038e-04, 5.873038e-04, 1.348757e-03
19.527575, -3.150007e-04, 7.785511e-04, 7.785511e-04, 1.397583e-03
19.542915, -1.630372e-04, 9.550138e-04, 9.550138e-04, 1.429521e-03
19.558255, -6.885564e-06, 1.112682e-03, 1.112682e-03, 1.445730e-03
19.573595, 1.463280e-04, 1.248608e-03, 1.248608e-03, 1.450226e-03
19.588935, 2.901330e-04, 1.360721e-03, 1.360721e-03, 1.449430e-03
19.604274, 4.189371e-04, 1.447519e-03, 1.447519e-03, 1.451144e-03
19.619614, 5.281457e-04, 1.507762e-03, 1.507762e-03, 1.463145e-03
19.634954, 6.141888e-04, 1.540294e-03, 1.540294e-03, 1.491654e-03
19.650294, 6.744593e-04, 1.544076e-03, 1.544076e-03, 1.539995e-03
19.665634, 7.071806e-04, 1.518427e-03, 1.518427e-03, 1.607690e-03
19.680974, 7.112542e-04, 1.463421e-03, 1.463421e-03, 1.690161e-03
19.696313, 6.861457e-04, 1.380295e-03, 1.380295e-03, 1.779080e-03
19.711653, 6.318570e-04, 1.271745e-03, 1.271745e-03, 1.863297e-03
19.726993, 5.490225e-04, 1.142008e-03, 1.142008e-03, 1.930172e-03
19.742333, 4.391222e-04, 9.966793e-04, 9.966793e-04, 1.967047e-03
19.757673, 3.047464e-04, 8.422937e-04, 8.422937e-04, 1.962655e-03
19.773012, 1.497977e-04, 6.857588e-04, 6.857588e-04, 1.908273e-03
19.788352, -2.047550e-05, 5.337381e-04, 5.337381e-04, 1.798509e-03
19.803692, -1.996895e-04, 3.920945e-04, 3.920945e-04, 1.631726e-03
19.819032, -3.808012e-04, 2.654663e-04, 2.654663e-04, 1.410121e-03
19.834372, -5.567841e-04, 1.570093e-04, 1.570093e-04, 1.139551e-03
19.849711, -7.213601e-04, 6.831047e-05, 6.831047e-05, 8.291595e-04
19.865051, -8.696165e-04, -5.483760e-07, -5.483761e-07, 4.908135e-04
19.880391, -9.983634e-04, -5.080768e-05, -5.080768e-05, 1.383797e-04
19.895731, -1.106143e-03, -8.476459e-05, -8.476459e-05, -2.131650e-04
19.911071, -1.192888e-03, -1.054684e-04, -1.054684e-04, -5.487718e-04
19.926410, -1.259309e-03, -1.164243e-04, -1.164243e-04, -8.544451e-04
19.941750, -1.306194e-03, -1.213518e-04, -1.213518e-04, -1.118342e-03
19.957090, -1.333768e-03, -1.240257e-04, -1.240257e-04, -1.331725e-03
19.972430, -1.341267e-03, -1.281993e-04, -1.281993e-04, -1.489650e-03
19.987770, -1.326826e-03, -1.375651e-04, -1.375651e-04, -1.591284e-03
20.003109, -1.287718e-03, -1.556767e-04, -1.556767e-04, -1.639782e-03
20.018449, -1.220872e-03, -1.857496e-04, -1.857496e-04, -1.641725e-03
20.033789, -1.123610e-03, -2.302934e-04, -2.302934e-04, -1.606167e-03
20.049129, -9.944645e-04, -2.905990e-04, -2.905990e-04, -1.543376e-03
20.064469, -8.339554e-04, -3.661889e-04, -3.661889e-04, -1.463432e-03
20.079809, -6.452068e-04, -4.544106e-04, -4.544106e-04, -1.374905e-03
20.095148, -4.342782e-04, -5.503598e-04, -5.503598e-04, -1.283866e-03
20.110488, -2.101374e-04, -6.472684e-04, -6.472684e-04, -1.193439e-03
20.125828, 1.577688e-05, -7.373690e-04, -7.373690e-04, -1.104034e-03
20.141168, 2.304105e-04, -8.130998e-04, -8.130998e-04, -1.014261e-03
20.156508, 4.203046e-04, -8.683928e-04, -8.683928e-04, -9.223108e-04
20.171847, 5.730280e-04, -8.997300e-04, -8.997300e-04, -8.274453e-04
20.187187, 6.786570e-04, -9.066952e-04, -9.066952e-04, -7.311717e-04
20.202527, 7.310996e-04, -8.918719e-04, -8.918719e-04, -6.377326e-04
20.217867, 7.290541e-04, -8.601142e-04, -8.601142e-04, -5.537158e-04
20.233207, 6.764388e-04, -8.173770e-04, -8.173770e-04, -4.868491e-04
20.248546, 5.822101e-04, -7.694031e-04, -7.694031e-04, -4.443036e-04
20.263886, 4.595723e-04, -7.205821e-04, -7.205821e-04, -4.309883e-04
20.279226, 3.246577e-04, -6.732293e-04, -6.732293e-04, -4.483073e-04
20.294566, 1.948356e-04, -6.274106e-04, -6.274106e-04, -4.937165e-04
20.309906, 8.686118e-05, -5.813003e-04, -5.813003e-04, -5.611702e-04
20.325245, 1.508282e-05, -5.319445e-04, -5.319445e-04, -6.422751e-04
20.340585, -1.008856e-05, -4.762311e-04, -4.762311e-04, -7.277756e-04
20.355925, 1.672816e-05, -4.118547e-04, -4.118547e-04, -8.089491e-04
20.371265, 9.535877e-05, -3.380859e-04, -3.380859e-04, -8.785801e-04
20.386605, 2.201635e-04, -2.562061e-04, -2.562061e-04, -9.313528e-04
20.401944, 3.807159e-04, -1.695312e-04, -1.695312e-04, -9.637110e-04
20.417284, 5.629820e-04, -8.301435e-05, -8.301435e-05, -9.733976e-04
20.432624, 7.508471e-04, -2.490179e-06, -2.490179e-06, -9.589480e-04
20.447964, 9.277879e-04, 6.631151e-05, 6.631151e-05, -9.193597e-04
20.463304, 1.078481e-03, 1.187992e-04, 1.187992e-04, -8.540468e-04
20.478644, 1.190174e-03, 1.523904e-04, 1.523904e-04, -7.630705e-04
20.493983, 1.253684e-03, 1.670277e-04, 1.670277e-04, -6.475162e-04
20.509323, 1.263960e-03, 1.652130e-04, 1.652130e-04, -5.098386e-04
20.524663, 1.220204e-03, 1.515395e-04, 1.515395e-04, -3.540219e-04
20.540003, 1.125632e-03, 1.318189e-04, 1.318189e-04, -1.854730e-04
20.555343, 9.869573e-04, 1.120040e-04, 1.120040e-04, -1.064429e-05
20.570682, 8.136980e-04, 9.715242e-05, 9.715242e-05, 1.635452e-04
20.586022, 6.173983e-04, 9.066178e-05, 9.066178e-05, 3.303679e-04
20.601362, 4.108224e-04, 9.392700e-05, 9.392700e-05, 4.838880e-04
20.616702, 2.071439e-04, 1.064546e-04, 1.064546e-04, 6.194078e-04
20.632042, 1.912603e-05, 1.263564e-04, 1.263564e-04, 7.337007e-04
20.647381, -1.416987e-04, 1.510642e-04, 1.510642e-04, 8.250170e-04
20.662721, -2.658316e-04, 1.780831e-04, 1.780831e-04, 8.928910e-04
20.678061, -3.465496e-04, 2.056254e-04, 2.056254e-04, 9.378248e-04
20.693401, -3.805020e-04, 2.330275e-04, 2.330275e-04, 9.609225e-04
20.708741, -3.680508e-04, 2.609176e-04, 2.609176e-04, 9.635467e-04
20.724080, -3.132553e-04, 2.911494e-04, 2.911494e-04, 9.470545e-04
20.739420, -2.234569e-04, 3.265392e-04, 3.265392e-04, 9.126532e-04
20.754760, -1.084750e-04, 3.704424e-04, 3.704424e-04, 8.613773e-04
20.770100, 2.049181e-05, 4.261997e-04, 4.261997e-04, 7.941505e-04
20.785440, 1.520902e-04, 4.964856e-04, 4.964856e-04, 7.118929e-04
20.800779, 2.759649e-04, 5.826152e-04, 5.826152e-04, 6.156222e-04
20.816119, 3.836705e-04, 6.838996e-04, 6.838996e-04, 5.065077e-04
20.831459, 4.692416e-04, 7.971731e-04, 7.971731e-04, 3.858668e-04
20.846799, 5.293905e-04, 9.166257e-04, 9.166257e-04, 2.551429e-04
20.862139, 5.633866e-04, 1.034045e-03, 1.034045e-03, 1.159368e-04
20.877479, 5.727245e-04, 1.139506e-03, 1.139506e-03, -2.985039e-05
20.892818, 5.606803e-04, 1.222464e-03, 1.222464e-03, -1.797255e-04
20.908158, 5.318144e-04, 1.273089e-03, 1.273089e-03, -3.301944e-04
20.923498, 4.914413e-04, 1.283652e-03, 1.283652e-03, -4.763551e-04
20.938838, 4.450632e-04, 1.249696e-03, 1.249696e-03, -6.116853e-04
20.954178, 3.977614e-04, 1.170803e-03, 1.170803e-03, -7.282111e-04
20.969517, 3.535746e-04, 1.050778e-03, 1.050778e-03, -8.171724e-04
20.984857, 3.149541e-04, 8.972370e-04, 8.972370e-04, -8.701693e-04
21.000197, 2.824270e-04, 7.206091e-04, 7.206091e-04, -8.806044e-04
21.015537, 2.545783e-04, 5.327413e-04, 5.327413e-04, -8.450788e-04
21.030877, 2.284105e-04, 3.453009e-04, 3.453009e-04, -7.643463e-04
21.046216, 2.000533e-04, 1.682434e-04, 1.682434e-04, -6.435043e-04
21.061556, 1.656903e-04, 8.597199e-06, 8.597199e-06, -4.912825e-04
21.076896, 1.224866e-04, -1.302289e-04, -1.302289e-04, -3.185335e-04
21.092236, 6.929440e-05, -2.484958e-04, -2.484958e-04, -1.362759e-04
21.107576, 6.963702e-06, -3.495395e-04, -3.495395e-04, 4.620092e-05
21.122915, -6.182208e-05, -4.386566e-04, -4.386566e-04, 2.226725e-04
21.138255, -1.331592e-04, -5.217016e-04, -5.217016e-04, 3.904154e-04
21.153595, -2.028486e-04, -6.036906e-04, -6.036906e-04, 5.496587e-04
21.168935, -2.674294e-04, -6.876998e-04, -6.876998e-04, 7.022447e-04
21.184275, -3.251149e-04, -7.742718e-04, -7.742718e-04, 8.499251e-04
21.199614, -3.764512e-04, -8.614163e-04, -8.614163e-04, 9.928055e-04
21.214954, -4.245627e-04, -9.451440e-04, -9.451440e-04, 1.128374e-03
21.230294, -4.749114e-04, -1.020360e-03, -1.020360e-03, 1.251361e-03
21.245634, -5.345765e-04, -1.081880e-03, -1.081880e-03, 1.354444e-03
21.260974, -6.111212e-04, -1.125341e-03, -1.125341e-03, 1.429572e-03
21.276314, -7.111725e-04, -1.147868e-03, -1.147868e-03, 1.469553e-03
21.291653, -8.389099e-04, -1.148424e-03, -1.148424e-03, 1.469499e-03
21.306993, -9.947186e-04, -1.127886e-03, -1.127886e-03, 1.427834e-03
21.322333, -1.174275e-03, -1.088917e-03, -1.088917e-03, 1.346688e-03
21.337673, -1.368300e-03, -1.035699e-03, -1.035699e-03, 1.231656e-03
21.353013, -1.563122e-03, -9.735546e-04, -9.735546e-04, 1.091052e-03
21.368352, -1.742077e-03, -9.084570e-04, -9.084570e-04, 9.348390e-04
21.383692, -1.887562e-03, -8.464027e-04, -8.464027e-04, 7.734641e-04
21.399032, -1.983428e-03, -7.926466e-04, -7.926466e-04, 6.167540e-04
21.414372, -2.017291e-03, -7.508719e-04, -7.508719e-04, 4.730193e-04
21.429712, -1.982354e-03, -7.224260e-04, -7.224260e-04, 3.484429e-04
21.445051, -1.878404e-03, -7.058007e-04, -7.058007e-04, 2.467799e-04
21.460391, -1.711823e-03, -6.965250e-04, -6.965250e-04, 1.693576e-04
21.475731, -1.494669e-03, -6.875745e-04, -6.875745e-04, 1.153475e-04
21.491071, -1.243048e-03, -6.702923e-04, -6.702923e-04, 8.224587e-05
21.506411, -9.751040e-04, -6.356924e-04, -6.356924e-04, 6.646496e-05
21.521750, -7.089754e-04, -5.759255e-04, -5.759255e-04, 6.392682e-05
21.537090, -4.609991e-04, -4.856375e-04, -4.856375e-04, 7.055535e-05
21.552430, -2.443362e-04, -3.629782e-04, -3.629782e-04, 8.257504e-05
21.567770, -6.805724e-05, -2.100877e-04, -2.100877e-04, 9.656603e-05
21.583110, 6.333930e-05, -3.300046e-05, -3.300046e-05, 1.092969e-04
21.598449, 1.500335e-04, 1.589884e-04, 1.589884e-04, 1.174205e-04
21.613789, 1.966655e-04, 3.543617e-04, 3.543617e-04, 1.171539e-04
21.629129, 2.118040e-04, 5.406490e-04, 5.406490e-04, 1.040765e-04
21.644469, 2.070796e-04, 7.057434e-04, 7.057434e-04, 7.317245e-05
21.659809, 1.959755e-04, 8.391106e-04, 8.391106e-04, 1.918396e-05
21.675149, 1.923357e-04, 9.327762e-04, 9.327762e-04, -6.273464e-05
21.690488, 2.087281e-04, 9.820173e-04, 9.820173e-04, -1.761391e-04
21.705828, 2.548705e-04, 9.857228e-04, 9.857228e-04, -3.223209e-04
21.721168, 3.363755e-04, 9.464101e-04, 9.464101e-04, -4.994058e-04
21.736508, 4.540535e-04, 8.699097e-04, 8.699097e-04, -7.017140e-04
21.751848, 6.039100e-04, 7.647497e-04, 7.647497e-04, -9.195423e-04
21.767187, 7.778355e-04, 6.412981e-04, 6.412981e-04, -1.139484e-03
21.782527, 9.648469e-04, 5.107502e-04, 5.107502e-04, -1.345342e-03
21.797867, 1.152629e-03, 3.840709e-04, 3.840709e-04, -1.519597e-03
21.813207, 1.329069e-03, 2.710167e-04, 2.710167e-04, -1.645288e-03
21.828547, 1.483506e-03, 1.793530e-04, 1.793530e-04, -1.708046e-03
21.843886, 1.607542e-03, 1.143516e-04, 1.143516e-04, -1.697984e-03
21.859226, 1.695371e-03, 7.860426e-05, 7.860426e-05, -1.611131e-03
21.874566, 1.743711e-03, 7.212926e-05, 7.212926e-05, -1.450146e-03
21.889906, 1.751511e-03, 9.270421e-05, 9.270421e-05, -1.224177e-03
21.905246, 1.719594e-03, 1.363286e-04, 1.363286e-04, -9.479161e-04
21.920585, 1.650371e-03, 1.977273e-04, 1.977273e-04, -6.400370e-04
21.935925, 1.547634e-03, 2.708349e-04, 2.708349e-04, -3.212748e-04
21.951265, 1.416384e-03, 3.492408e-04, 3.492408e-04, -1.247690e-05
21.966605, 1.262606e-03, 4.266082e-04, 4.266082e-04, 2.671350e-04
21.981945, 1.092884e-03, 4.970896e-04, 4.970896e-04, 5.013492e-04
21.997284, 9.138651e-04, 5.557422e-04, 5.557422e-04, 6.779734e-04
22.012624, 7.316206e-04, 5.989116e-04, 5.989116e-04, 7.895083e-04
22.027964, 5.510652e-04, 6.245151e-04, 6.245151e-04, 8.335373e-04
22.043304, 3.756039e-04, 6.321468e-04, 6.321468e-04, 8.128494e-04
22.058644, 2.071323e-04, 6.229482e-04, 6.229482e-04, 7.352407e-04
22.073984, 4.643913e-05, 5.992467e-04, 5.992467e-04, 6.128842e-04
22.089323, -1.060688e-04, 5.640328e-04, 5.640328e-04, 4.611740e-04
22.104663, -2.495136e-04, 5.204024e-04, 5.204024e-04, 2.970439e-04
22.120003, -3.818123e-04, 4.711066e-04, 4.711066e-04, 1.368908e-04
22.135343, -4.992871e-04, 4.183153e-04, 4.183153e-04, -5.619391e-06
22.150683, -5.967750e-04, 3.636290e-04, 3.636290e-04, -1.214759e-04
22.166022, -6.682648e-04, 3.082888e-04, 3.082888e-04, -2.075693e-04
22.181362, -7.079476e-04, 2.534667e-04, 2.534667e-04, -2.669585e-04
22.196702, -7.114524e-04, 2.005029e-04, 2.005029e-04, -3.080442e-04
22.212042, -6.769977e-04, 1.509863e-04, 1.509863e-04, -3.427630e-04
22.227382, -6.062003e-04, 1.066434e-04, 1.066434e-04, -3.841284e-04
22.242721, -5.043461e-04, 6.907742e-05, 6.907742e-05, -4.435992e-04
22.258061, -3.800360e-04, 3.945145e-05, 3.945145e-05, -5.287805e-04
22.273401, -2.442539e-04, 1.821920e-05, 1.821920e-05, -6.418714e-04
22.288741, -1.090039e-04, 4.978897e-06, 4.978897e-06, -7.791038e-04
22.304081, 1.426441e-05, -1.529157e-06, -1.529157e-06, -9.312191e-04
22.319420, 1.161773e-04, -3.309743e-06, -3.309743e-06, -1.084830e-03
22.334760, 1.906405e-04, -2.937916e-06, -2.937916e-06, -1.224375e-03
22.350100, 2.355157e-04, -3.368025e-06, -3.368025e-06, -1.334313e-03
22.365440, 2.526514e-04, -7.741937e-06, -7.741937e-06, -1.401247e-03
22.380780, 2.472520e-04, -1.917925e-05, -1.917925e-05, -1.415678e-03
22.396120, 2.266916e-04, -4.051841e-05, -4.051841e-05, -1.373217e-03
22.411459, 1.989969e-04, -7.399316e-05, -7.399316e-05, -1.275113e-03
22.426799, 1.713012e-04, -1.208687e-04, -1.208687e-04, -1.128094e-03
22.442139, 1.485713e-04, -1.811070e-04, -1.811070e-04, -9.435052e-04
22.457479, 1.328635e-04, -2.531601e-04, -2.531601e-04, -7.358431e-04
22.472819, 1.232539e-04, -3.339827e-04, -3.339827e-04, -5.208611e-04
22.488158, 1.164357e-04, -4.193121e-04, -4.193121e-04, -3.134827e-04
22.503498, 1.078160e-04, -5.041961e-04, -5.041961e-04, -1.258272e-04
22.518838, 9.284021e-05, -5.836769e-04, -5.836769e-04, 3.433370e-05
22.534178, 6.823602e-05, -6.534920e-04, -6.534920e-04, 1.644136e-04
22.549518, 3.289391e-05, -7.106446e-04, -7.106446e-04, 2.669894e-04
22.564857, -1.180200e-05, -7.537252e-04, -7.537252e-04, 3.489352e-04
22.580197, -6.223687e-05, -7.829285e-04, -7.829285e-04, 4.198881e-04
22.595537, -1.133302e-04, -7.997789e-04, -7.997789e-04, 4.903499e-04
22.610877, -1.596203e-04, -8.066393e-04, -8.066393e-04, 5.697980e-04
22.626217, -1.964367e-04, -8.061126e-04, -8.061126e-04, 6.651479e-04
22.641556, -2.209234e-04, -8.004563e-04, -8.004563e-04, 7.797973e-04
22.656896, -2.327216e-04, -7.911117e-04, -7.911117e-04, 9.133401e-04
22.672236, -2.342027e-04, -7.784219e-04, -7.784219e-04, 1.061905e-03
22.687576, -2.302147e-04, -7.615761e-04, -7.615761e-04, 1.218965e-03
22.702916, -2.273793e-04, -7.387821e-04, -7.387821e-04, 1.376394e-03
22.718255, -2.330491e-04, -7.076381e-04, -7.076381e-04, 1.525580e-03
22.733595, -2.541020e-04, -6.656470e-04, -6.656470e-04, 1.658414e-03
22.748935, -2.957712e-04, -6.107915e-04, -6.107915e-04, 1.768053e-03
22.764275, -3.607105e-04, -5.420723e-04, -5.420723e-04, 1.849380e-03
22.779615, -4.484677e-04, -4.599059e-04, -4.599059e-04, 1.899162e-03
22.794955, -5.554696e-04, -3.662945e-04, -3.662945e-04, 1.915915e-03
22.810294, -6.755120e-04, -2.647116e-04, -2.647116e-04, 1.899539e-03
22.825634, -8.006491e-04, -1.597034e-04, -1.597034e-04, 1.850816e-03
22.840974, -9.223014e-04, -5.626988e-05, -5.626988e-05, 1.770880e-03
22.856314, -1.032366e-03, 4.085644e-05, 4.085644e-05, 1.660818e-03
22.871654, -1.124118e-03, 1.278779e-04, 1.278779e-04, 1.521521e-03
22.886993, -1.192762e-03, 2.023944e-04, 2.023944e-04, 1.353849e-03
22.902333, -1.235585e-03, 2.635521e-04, 2.635521e-04, 1.159128e-03
22.917673, -1.251749e-03, 3.118472e-04, 3.118472e-04, 9.398553e-04
22.933013, -1.241807e-03, 3.486417e-04, 3.486417e-04, 7.004374e-04
22.948353, -1.207089e-03, 3.755270e-04, 3.755270e-04, 4.476990e-04
22.963692, -1.149062e-03, 3.937154e-04, 3.937154e-04, 1.909718e-04
22.979032, -1.068799e-03, 4.036301e-04, 4.036301e-04, -5.838009e-05
22.994372, -9.666019e-04, 4.048088e-04, 4.048088e-04, -2.879944e-04
23.009712, -8.418787e-04, 3.961479e-04, 3.961479e-04, -4.859450e-04
23.025052, -6.933038e-04, 3.764144e-04, 3.764144e-04, -6.422984e-04
23.040391, -5.192920e-04, 3.448756e-04, 3.448756e-04, -7.504745e-04
23.055731, -3.187578e-04, 3.018644e-04, 3.018644e-04, -8.081269e-04
23.071071, -9.207684e-05, 2.491114e-04, 2.491114e-04, -8.173589e-04
23.086411, 1.579135e-04, 1.897404e-04, 1.897404e-04, -7.842531e-04
23.101751, 4.251082e-04, 1.279126e-04, 1.279126e-04, -7.178467e-04
23.117090, 6.997657e-04, 6.819806e-05, 6.819806e-05, -6.287898e-04
23.132430, 9.687703e-04, 1.482427e-05, 1.482427e-05, -5.279533e-04
23.147770, 1.216612e-03, -2.901340e-05, -2.901340e-05, -4.252289e-04
23.163110, 1.427026e-03, -6.160856e-05, -6.160856e-05, -3.286860e-04
23.178450, 1.585058e-03, -8.284870e-05, -8.284870e-05, -2.441446e-04
23.193790, 1.679207e-03, -9.393353e-05, -9.393353e-05, -1.751322e-04
23.209129, 1.703247e-03, -9.676578e-05, -9.676578e-05, -1.231467e-04
23.224469, 1.657366e-03, -9.315886e-05, -9.315886e-05, -8.812402e-05
23.239809, 1.548370e-03, -8.406030e-05, -8.406030e-05, -6.900075e-05
23.255149, 1.388863e-03, -6.900021e-05, -6.900021e-05, -6.426889e-05
23.270489, 1.195516e-03, -4.593336e-05, -4.593336e-05, -7.244105e-05
23.285828, 9.867079e-04, -1.155641e-05, -1.155641e-05, -9.234870e-05
23.301168, 7.799271e-04, 3.793188e-05, 3.793188e-05, -1.232091e-04
23.316508, 5.893935e-04, 1.057750e-04, 1.057750e-04, -1.644393e-04
23.331848, 4.243414e-04, 1.935393e-04, 1.935393e-04, -2.152588e-04
23.347188, 2.882731e-04, 3.001949e-04, 3.001949e-04, -2.741827e-04
23.362527, 1.793110e-04, 4.216261e-04, 4.216261e-04, -3.385560e-04
23.377867, 9.155466e-05, 5.507104e-04, 5.507104e-04, -4.043113e-04
23.393207, 1.713075e-05, 6.779836e-04, 6.779836e-04, -4.661042e-04
23.408547, -5.154787e-05, 7.927778e-04, 7.927778e-04, -5.178917e-04
23.423887, -1.198528e-04, 8.846330e-04, 8.846330e-04, -5.538969e-04
23.439226, -1.897895e-04, 9.447305e-04, 9.447305e-04, -5.697922e-04
23.454566, -2.598752e-04, 9.671143e-04, 9.671143e-04, -5.638353e-04
23.469906, -3.260230e-04, 9.495175e-04, 9.495175e-04, -5.376595e-04
23.485246, -3.831373e-04, 8.936880e-04, 8.936880e-04, -4.964681e-04
23.500586, -4.269195e-04, 8.051905e-04, 8.051905e-04, -4.485151e-04
23.515925, -4.553459e-04, 6.927263e-04, 6.927263e-04, -4.039118e-04
23.531265, -4.693923e-04, 5.670685e-04, 5.670685e-04, -3.729584e-04
23.546605, -4.728064e-04, 4.397485e-04, 4.397485e-04, -3.643289e-04
23.561945, -4.710107e-04, 3.216583e-04, 3.216583e-04, -3.834850e-04
23.577285, -4.694703e-04, 2.217539e-04, 2.217539e-04, -4.316436e-04
23.592625, -4.720035e-04, 1.460473e-04, 1.460473e-04, -5.054899e-04
23.607964, -4.794967e-04, 9.704452e-05, 9.704452e-05, -5.976699e-04
23.623304, -4.893491e-04, 7.372535e-05, 7.372535e-05, -6.979290e-04
23.638644, -4.957723e-04, 7.206862e-05, 7.206862e-05, -7.946261e-04
23.653984, -4.908452e-04, 8.601582e-05, 8.601582e-05, -8.763121e-04
23.669324, -4.660535e-04, 1.086757e-04, 1.086757e-04, -9.330931e-04
23.684663, -4.139664e-04, 1.335210e-04, 1.335210e-04, -9.575932e-04
23.700003, -3.297279e-04, 1.553400e-04, 1.553400e-04, -9.454415e-04
23.715343, -2.121137e-04, 1.707748e-04, 1.707748e-04, -8.953278e-04
23.730683, -6.400804e-05, 1.783890e-04, 1.783890e-04, -8.087524e-04
23.746023, 1.077270e-04, 1.783216e-04, 1.783216e-04, -6.896146e-04
23.761362, 2.929282e-04, 1.716735e-04, 1.716735e-04, -5.437603e-04
23.776702, 4.792356e-04, 1.598078e-04, 1.598078e-04, -3.785686e-04
23.792042, 6.534706e-04, 1.437309e-04, 1.437309e-04, -2.026011e-04
23.807382, 8.030993e-04, 1.236688e-04, 1.236688e-04, -2.528119e-05
23.822722, 9.175804e-04, 9.888320e-05, 9.888320e-05, 1.434651e-04
23.838061, 9.894247e-04, 6.771900e-05, 6.771900e-05, 2.936742e-04
23.853401, 1.014830e-03, 2.784135e-05, 2.784135e-05, 4.159697e-04
23.868741, 9.938196e-04, -2.338751e-05, -2.338751e-05, 5.023712e-04
23.884081, 9.299126e-04, -8.843955e-05, -8.843955e-05, 5.472480e-04
23.899421, 8.294345e-04, -1.691083e-04, -1.691083e-04, 5.483001e-04
23.914760, 7.006442e-04, -2.660114e-04, -2.660114e-04, 5.073857e-04
23.930100, 5.528453e-04, -3.781827e-04, -3.781827e-04, 4.309794e-04
23.945440, 3.956205e-04, -5.028404e-04, -5.028404e-04, 3.300515e-04
23.960780, 2.382564e-04, -6.354030e-04, -6.354030e-04, 2.192223e-04
23.976120, 8.933643e-05, -7.697892e-04, -7.697892e-04, 1.151883e-04
23.991460, -4.358056e-05, -8.989756e-04, -8.989756e-04, 3.458226e-05
24.006799, -1.542790e-04, -1.015726e-03, -1.015726e-03, -8.418665e-06
24.022139, -2.382468e-04, -1.113364e-03, -1.113364e-03, -4.325702e-06
24.037479, -2.930585e-04, -1.186464e-03, -1.186464e-03, 5.002567e-05
24.052819, -3.186936e-04, -1.231361e-03, -1.231361e-03, 1.507842e-04
24.068159, -3.176540e-04, -1.246444e-03, -1.246444e-03, 2.875033e-04
24.083498, -2.947609e-04, -1.232254e-03, -1.232254e-03, 4.446273e-04
24.098838, -2.565889e-04, -1.191415e-03, -1.191415e-03, 6.037937e-04
24.114178, -2.105841e-04, -1.128445e-03, -1.128445e-03, 7.465398e-04
24.129518, -1.640091e-04, -1.049441e-03, -1.049441e-03, 8.569292e-04
24.144858, -1.229248e-04, -9.616035e-04, -9.616035e-04, 9.236504e-04
24.160197, -9.142831e-05, -8.725710e-04, -8.725710e-04, 9.412623e-04
24.175537, -7.130526e-05, -7.895623e-04, -7.895623e-04, 9.104329e-04
24.190877, -6.214392e-05, -7.184084e-04, -7.184084e-04, 8.372082e-04
24.206217, -6.185509e-05, -6.626261e-04, -6.626261e-04, 7.315294e-04
24.221557, -6.744448e-05, -6.227385e-04, -6.227385e-04, 6.053401e-04
24.236896, -7.582974e-05, -5.960358e-04, -5.960358e-04, 4.706580e-04
24.252236, -8.450745e-05, -5.768930e-04, -5.768930e-04, 3.379530e-04
24.267576, -9.194746e-05, -5.576303e-04, -5.576303e-04, 2.150798e-04
24.282916, -9.768012e-05, -5.297744e-04, -5.297744e-04, 1.068689e-04
24.298256, -1.021219e-04, -4.854748e-04, -4.854748e-04, 1.532155e-05
24.313595, -1.062473e-04, -4.187993e-04, -4.187993e-04, -5.975555e-05
24.328935, -1.112380e-04, -3.266774e-04, -3.266774e-04, -1.199046e-04
24.344275, -1.182067e-04, -2.093508e-04, -2.093508e-04, -1.671900e-04
24.359615, -1.280385e-04, -7.031118e-05, -7.031118e-05, -2.035730e-04
24.374955, -1.413470e-04, 8.420291e-05, 8.420291e-05, -2.305668e-04
24.390295, -1.585070e-04, 2.460203e-04, 2.460203e-04, -2.491542e-04
24.405634, -1.797042e-04, 4.060248e-04, 4.060248e-04, -2.598829e-04
24.420974, -2.049532e-04, 5.551957e-04, 5.551957e-04, -2.630227e-04
24.436314, -2.340693e-04, 6.856072e-04, 6.856072e-04, -2.586809e-04
24.451654, -2.666080e-04, 7.913061e-04, 7.913061e-04, -2.468235e-04
24.466994, -3.017996e-04, 8.689824e-04, 8.689824e-04, -2.272277e-04
24.482333, -3.385189e-04, 9.183394e-04, 9.183394e-04, -1.994472e-04
24.497673, -3.753314e-04, 9.420723e-04, 9.420723e-04, -1.628829e-04
24.513013, -4.106391e-04, 9.454017e-04, 9.454017e-04, -1.170317e-04
24.528353, -4.429171e-04, 9.351787e-04, 9.351787e-04, -6.192282e-05
24.543693, -4.710063e-04, 9.186757e-04, 9.186757e-04, 1.348224e-06
24.559032, -4.944102e-04, 9.022701e-04, 9.022701e-04, 7.016124e-05
24.574372, -5.135116e-04, 8.902804e-04, 8.902804e-04, 1.401924e-04
24.589712, -5.296241e-04, 8.842129e-04, 8.842129e-04, 2.056765e-04
24.605052, -5.448190e-04, 8.825965e-04, 8.825965e-04, 2.601746e-04
24.620392, -5.615157e-04, 8.814581e-04, 8.814581e-04, 2.977552e-04
24.635731, -5.818746e-04, 8.753367e-04, 8.753367e-04, 3.143345e-04
24.651071, -6.070918e-04, 8.586102e-04, 8.586102e-04, 3.088224e-04
24.666411, -6.367496e-04, 8.268310e-04, 8.268310e-04, 2.837237e-04
24.681751, -6.683826e-04, 7.777757e-04, 7.777757e-04, 2.449555e-04
24.697091, -6.973860e-04, 7.119832e-04, 7.119832e-04, 2.008248e-04
24.712430, -7.173326e-04, 6.326868e-04, 6.326868e-04, 1.603500e-04
24.727770, -7.206884e-04, 5.451804e-04, 5.451804e-04, 1.313004e-04
24.743110, -6.998272e-04, 4.557836e-04, 4.557836e-04, 1.184219e-04
24.758450, -6.481758e-04, 3.706454e-04, 3.706454e-04, 1.222754e-04
24.773790, -5.613008e-04, 2.946418e-04, 2.946418e-04, 1.389742e-04
24.789130, -4.377568e-04, 2.305888e-04, 2.305888e-04, 1.608924e-04
24.804469, -2.795528e-04, 1.789094e-04, 1.789094e-04, 1.781800e-04
24.819809, -9.215337e-05, 1.377925e-04, 1.377925e-04, 1.807401e-04
24.835149, 1.159881e-04, 1.037767e-04, 1.037767e-04, 1.602485e-04
24.850489, 3.342946e-04, 7.260989e-05, 7.260989e-05, 1.118081e-04
24.865829, 5.512085e-04, 4.018677e-05, 4.018677e-05, 3.492222e-05
24.881168, 7.554450e-04, 3.363985e-06, 3.363985e-06, -6.636800e-05
24.896508, 9.371596e-04, -3.950200e-05, -3.950200e-05, -1.841596e-04
24.911848, 1.088845e-03, -8.837189e-05, -8.837189e-05, -3.080018e-04
24.927188, 1.205819e-03, -1.416791e-04, -1.416791e-04, -4.265680e-04
24.942528, 1.286234e-03, -1.967265e-04, -1.967265e-04, -5.293523e-04
24.957867, 1.330630e-03, -2.501826e-04, -2.501826e-04, -6.080692e-04
24.973207, 1.341159e-03, -2.985361e-04, -2.985361e-04, -6.575235e-04
24.988547, 1.320689e-03, -3.384221e-04, -3.384221e-04, -6.758515e-04
25.003887, 1.272018e-03, -3.668027e-04, -3.668027e-04, -6.641658e-04
25.019227, 1.197395e-03, -3.810606e-04, -3.810606e-04, -6.257667e-04
25.034566, 1.098458e-03, -3.790993e-04, -3.790993e-04, -5.651666e-04
25.049906, 9.765759e-04, -3.595312e-04, -3.595312e-04, -4.871892e-04
25.065246, 8.334425e-04, -3.219759e-04, -3.219759e-04, -3.963398e-04
25.080586, 6.717132e-04, -2.674069e-04, -2.674069e-04, -2.965464e-04
25.095926, 4.954500e-04, -1.984182e-04, -1.984182e-04, -1.912589e-04
25.111265, 3.102158e-04, -1.192550e-04, -1.192550e-04, -8.379011e-05
25.126605, 1.227593e-04, -3.549590e-05, -3.549590e-05, 2.227739e-05
25.141945, -5.963486e-05, 4.662826e-05, 4.662826e-05, 1.227980e-04
25.157285, -2.299581e-04, 1.211725e-04, 1.211725e-04, 2.130101e-04
25.172625, -3.822505e-04, 1.834575e-04, 1.834575e-04, 2.877895e-04
25.187965, -5.121669e-04, 2.308319e-04, 2.308319e-04, 3.421980e-04
25.203304, -6.172421e-04, 2.629916e-04, 2.629916e-04, 3.722379e-04
25.218644, -6.968514e-04, 2.817432e-04, 2.817432e-04, 3.756689e-04
25.233984, -7.519484e-04, 2.902533e-04, 2.902533e-04, 3.527234e-04
25.249324, -7.846942e-04, 2.919722e-04, 2.919722e-04, 3.065545e-04
25.264664, -7.980741e-04, 2.895189e-04, 2.895189e-04, 2.432739e-04
25.280003, -7.955583e-04, 2.838194e-04, 2.838194e-04, 1.714932e-04
25.295343, -7.808186e-04, 2.737202e-04, 2.737202e-04, 1.013832e-04
25.310683, -7.574782e-04, 2.561587e-04, 2.561587e-04, 4.335578e-05
25.326023, -7.288527e-04, 2.268255e-04, 2.268255e-04, 6.568484e-06
25.341363, -6.976686e-04, 1.811321e-04, 1.811321e-04, -2.486790e-06
25.356702, -6.657804e-04, 1.152406e-04, 1.152406e-04, 1.896841e-05
25.372042, -6.339339e-04, 2.692885e-05, 2.692885e-05, 6.952693e-05
25.387382, -6.016311e-04, -8.386413e-05, -8.386413e-05, 1.437960e-04
25.402722, -5.671543e-04, -2.148703e-04, -2.148703e-04, 2.332301e-04
25.418062, -5.277789e-04, -3.616680e-04, -3.616680e-04, 3.274256e-04
25.433401, -4.801628e-04, -5.181106e-04, -5.181106e-04, 4.156050e-04
25.448741, -4.208630e-04, -6.769019e-04, -6.769019e-04, 4.879998e-04
25.464081, -3.469153e-04, -8.302267e-04, -8.302267e-04, 5.368904e-04
25.479421, -2.564019e-04, -9.703764e-04, -9.703764e-04, 5.571687e-04
25.494761, -1.489255e-04, -1.090335e-03, -1.090335e-03, 5.464009e-04
25.510101, -2.592250e-05, -1.184299e-03, -1.184299e-03, 5.044924e-04
25.525440, 1.092312e-04, -1.248100e-03, -1.248100e-03, 4.331376e-04
25.540780, 2.513585e-04, -1.279482e-03, -1.279482e-03, 3.352568e-04
25.556120, 3.938829e-04, -1.278199e-03, -1.278199e-03, 2.145840e-04
25.571460, 5.294778e-04, -1.245882e-03, -1.245882e-03, 7.550303e-05
25.586800, 6.509006e-04, -1.185709e-03, -1.185709e-03, -7.686525e-05
25.602139, 7.519146e-04, -1.101902e-03, -1.101902e-03, -2.364179e-04
25.617479, 8.281600e-04, -9.991667e-04, -9.991667e-04, -3.958335e-04
25.632819, 8.778142e-04, -8.821636e-04, -8.821636e-04, -5.465221e-04
25.648159, 9.018919e-04, -7.551257e-04, -7.551257e-04, -6.789148e-04
25.663499, 9.041015e-04, -6.216629e-04, -6.216629e-04, -7.831741e-04
25.678838, 8.902557e-04, -4.847658e-04, -4.847658e-04, -8.502968e-04
25.694178, 8.673214e-04, -3.469579e-04, -3.469579e-04, -8.734506e-04
25.709518, 8.422851e-04, -2.105193e-04, -2.105193e-04, -8.492940e-04
25.724858, 8.210588e-04, -7.770100e-05, -7.770100e-05, -7.789825e-04
25.740198, 8.076386e-04, 4.913126e-05, 4.913126e-05, -6.685851e-04
25.755537, 8.036668e-04, 1.674516e-04, 1.674516e-04, -5.287232e-04
25.770877, 8.084550e-04, 2.746234e-04, 2.746234e-04, -3.734100e-04
25.786217, 8.194233e-04, 3.680211e-04, 3.680211e-04, -2.182478e-04
25.801557, 8.328130e-04, 4.451984e-04, 4.451984e-04, -7.829579e-05
25.816897, 8.444786e-04, 5.040862e-04, 5.040862e-04, 3.398974e-05
25.832236, 8.505728e-04, 5.432114e-04, 5.432114e-04, 1.103341e-04
25.847576, 8.479883e-04, 5.619326e-04, 5.619326e-04, 1.474384e-04
25.862916, 8.344916e-04, 5.606790e-04, 5.606790e-04, 1.468721e-04
25.878256, 8.085745e-04, 5.411618e-04, 5.411618e-04, 1.141578e-04
25.893596, 7.691287e-04, 5.065078e-04, 5.065078e-04, 5.731588e-05
25.908936, 7.150837e-04, 4.612604e-04, 4.612604e-04, -1.475648e-05
25.924275, 6.451430e-04, 4.111969e-04, 4.111969e-04, -9.369646e-05
25.939615, 5.577138e-04, 3.629444e-04, 3.629444e-04, -1.726106e-04
25.954955, 4.510756e-04, 3.234090e-04, 3.234090e-04, -2.464439e-04
25.970295, 3.237495e-04, 2.990760e-04, 2.990760e-04, -3.118627e-04
25.985635, 1.749802e-04, 2.952704e-04, 2.952704e-04, -3.668518e-04
26.000974, 5.214342e-06, 3.154763e-04, 3.154763e-04, -4.102723e-04
26.016314, -1.835272e-04, 3.608123e-04, 3.608123e-04, -4.415744e-04
26.031654, -3.874620e-04, 4.297395e-04, 4.297395e-04, -4.607343e-04
26.046994, -6.010724e-04, 5.180498e-04, 5.180498e-04, -4.683555e-04
26.062334, -8.173183e-04, 6.191540e-04, 6.191540e-04, -4.657888e-04
26.077673, -1.027979e-03, 7.246554e-04, 7.246554e-04, -4.551099e-04
26.093013, -1.224072e-03, 8.251686e-04, 8.251686e-04, -4.388395e-04
26.108353, -1.396312e-03, 9.113105e-04, 9.113105e-04, -4.194074e-04
26.123693, -1.535601e-03, 9.747608e-04, 9.747608e-04, -3.984835e-04
26.139033, -1.633571e-03, 1.009265e-03, 1.009265e-03, -3.763680e-04
26.154372, -1.683218e-03, 1.011439e-03, 1.011439e-03, -3.516425e-04
26.169712, -1.679632e-03, 9.812382e-04, 9.812382e-04, -3.212237e-04
26.185052, -1.620761e-03, 9.219908e-04, 9.219908e-04, -2.808608e-04
26.200392, -1.508125e-03, 8.399478e-04, 8.399478e-04, -2.259896e-04
26.215732, -1.347293e-03, 7.433873e-04, 7.433873e-04, -1.527622e-04
26.231071, -1.147987e-03, 6.413926e-04, 6.413926e-04, -5.903417e-05
26.246411, -9.236367e-04, 5.424933e-04, 5.424933e-04, 5.488892e-05
26.261751, -6.903622e-04, 4.534048e-04, 4.534048e-04, 1.858979e-04
26.277091, -4.654460e-04, 3.780932e-04, 3.780932e-04, 3.281835e-04
26.292431, -2.654782e-04, 3.173448e-04, 3.173448e-04, 4.737763e-04
26.307771, -1.044551e-04, 2.689220e-04, 2.689220e-04, 6.134395e-04
26.323110, 7.844648e-06, 2.282728e-04, 2.282728e-04, 7.377943e-04
26.338450, 6.692301e-05, 1.896442e-04, 1.896442e-04, 8.385306e-04
26.353790, 7.387888e-05, 1.473650e-04, 1.473650e-04, 9.095382e-04
26.369130, 3.492963e-05, 9.702910e-05, 9.702910e-05, 9.478007e-04
26.384470, -3.976602e-05, 3.634015e-05, 3.634015e-05, 9.539161e-04
26.399809, -1.377534e-04, -3.453875e-05, -3.453875e-05, 9.321306e-04
26.415149, -2.460878e-04, -1.131666e-04, -1.131666e-04, 8.898352e-04
26.430489, -3.529930e-04, -1.954530e-04, -1.954530e-04, 8.365579e-04
26.445829, -4.491164e-04, -2.765588e-04, -2.765588e-04, 7.825840e-04
26.461169, -5.282214e-04, -3.518513e-04, -3.518513e-04, 7.374086e-04
26.476508, -5.872768e-04, -4.177206e-04, -4.177206e-04, 7.082798e-04
26.491848, -6.260278e-04, -4.721189e-04, -4.721189e-04, 6.991001e-04
26.507188, -6.462121e-04, -5.147747e-04, -5.147747e-04, 7.098918e-04
26.522528, -6.506225e-04, -5.471020e-04, -5.471020e-04, 7.369230e-04
26.537868, -6.422113e-04, -5.718732e-04, -5.718732e-04, 7.734675e-04
26.553207, -6.233977e-04, -5.927339e-04, -5.927339e-04, 8.110504e-04
26.568547, -5.956616e-04, -6.136232e-04, -6.136232e-04, 8.409385e-04
26.583887, -5.594325e-04, -6.381484e-04, -6.381484e-04, 8.555916e-04
26.599227, -5.142289e-04, -6.689512e-04, -6.689512e-04, 8.498181e-04
26.614567, -4.589702e-04, -7.071216e-04, -7.071216e-04, 8.214580e-04
26.629906, -3.923675e-04, -7.517414e-04, -7.517414e-04, 7.715068e-04
26.645246, -3.133102e-04, -7.996632e-04, -7.996632e-04, 7.037081e-04
26.660586, -2.212016e-04, -8.456285e-04, -8.456285e-04, 6.237422e-04
26.675926, -1.162144e-04, -8.827864e-04, -8.827864e-04, 5.381939e-04
26.691266, 5.523105e-07, -9.035926e-04, -9.035926e-04, 4.534926e-04
26.706606, 1.270285e-04, -9.009720e-04, -9.009720e-04, 3.749934e-04
26.721945, 2.602485e-04, -8.695394e-04, -8.695394e-04, 3.063205e-04
26.737285, 3.965541e-04, -8.066310e-04, -8.066310e-04, 2.490245e-04
26.752625, 5.319264e-04, -7.129213e-04, -7.129213e-04, 2.025412e-04
26.767965, 6.624100e-04, -5.924847e-04, -5.924847e-04, 1.644079e-04
26.783305, 7.845597e-04, -4.522893e-04, -4.522893e-04, 1.306827e-04
26.798644, 8.958159e-04, -3.012419e-04, -3.012419e-04, 9.650985e-05
26.813984, 9.947185e-04, -1.490011e-04, -1.490011e-04, 5.677740e-05
26.829324, 1.080884e-03, -4.813238e-06, -4.813238e-06, 6.823198e-06
26.844664, 1.154731e-03, 1.234130e-04, 1.234130e-04, -5.687301e-05
26.860004, 1.217000e-03, 2.296647e-04, 2.296647e-04, -1.361047e-04
26.875343, 1.268208e-03, 3.100071e-04, 3.100071e-04, -2.305732e-04
26.890683, 1.308153e-03, 3.624767e-04, 3.624767e-04, -3.378420e-04
26.906023, 1.335639e-03, 3.868338e-04, 3.868338e-04, -4.536701e-04
26.921363, 1.348509e-03, 3.843129e-04, 3.843129e-04, -5.727104e-04
26.936703, 1.344017e-03, 3.574616e-04, 3.574616e-04, -6.894604e-04
26.952042, 1.319474e-03, 3.100722e-04, 3.100722e-04, -7.992635e-04
26.967382, 1.273049e-03, 2.471427e-04, 2.471427e-04, -8.991287e-04
26.982722, 1.204527e-03, 1.747611e-04, 1.747611e-04, -9.881712e-04
26.998062, 1.115868e-03, 9.982265e-05, 9.982265e-05, -1.067556e-03
27.013402, 1.011365e-03, 2.953777e-05, 2.953777e-05, -1.139956e-03
27.028741, 8.973398e-04, -2.922872e-05, -2.922872e-05, -1.208647e-03
27.044081, 7.813487e-04, -7.068354e-05, -7.068354e-05, -1.276485e-03
27.059421, 6.710134e-04, -9.075176e-05, -9.075176e-05, -1.344966e-03
27.074761, 5.726678e-04, -8.750974e-05, -8.750974e-05, -1.413600e-03
27.090101, 4.901029e-04, -6.131805e-05, -6.131805e-05, -1.479689e-03
27.105441, 4.237017e-04, -1.464024e-05, -1.464024e-05, -1.538564e-03
27.120780, 3.701933e-04, 4.839507e-05, 4.839507e-05, -1.584185e-03
27.136120, 3.231390e-04, 1.225826e-04, 1.225826e-04, -1.610010e-03
27.151460, 2.740986e-04, 2.022579e-04, 2.022579e-04, -1.609955e-03
27.166800, 2.142506e-04, 2.818398e-04, 2.818398e-04, -1.579309e-03
27.182140, 1.361145e-04, 3.562358e-04, 3.562358e-04, -1.515436e-03
27.197479, 3.499813e-05, 4.210910e-04, 4.210910e-04, -1.418156e-03
27.212819, -9.012847e-05, 4.729031e-04, 4.729031e-04, -1.289753e-03
27.228159, -2.364839e-04, 5.090454e-04, 5.090454e-04, -1.134613e-03
27.243499, -3.980072e-04, 5.277456e-04, 5.277456e-04, -9.585821e-04
27.258839, -5.663538e-04, 5.280578e-04, 5.280578e-04, -7.681925e-04
27.274178, -7.320530e-04, 5.098495e-04, 5.098495e-04, -5.699500e-04
27.289518, -8.855480e-04, 4.738093e-04, 4.738093e-04, -3.698245e-04
27.304858, -1.017943e-03, 4.214665e-04, 4.214665e-04, -1.730299e-04
27.320198, -1.121423e-03, 3.552051e-04, 3.552051e-04, 1.591885e-05
27.335538, -1.189448e-03, 2.782513e-04, 2.782513e-04, 1.929804e-04
27.350877, -1.216894e-03, 1.946163e-04, 1.946163e-04, 3.543613e-04
27.366217, -1.200276e-03, 1.089760e-04, 1.089760e-04, 4.964425e-04
27.381557, -1.138117e-03, 2.648071e-05, 2.648071e-05, 6.159416e-04
27.396897, -1.031396e-03, -4.750743e-05, -4.750743e-05, 7.102953e-04
27.412237, -8.839243e-04, -1.077457e-04, -1.077457e-04, 7.781567e-04
27.427576, -7.024713e-04, -1.494984e-04, -1.494984e-04, 8.198325e-04
27.442916, -4.965036e-04, -1.689637e-04, -1.689637e-04, 8.374900e-04
27.458256, -2.775021e-04, -1.637133e-04, -1.637133e-04, 8.350287e-04
27.473596, -5.794646e-05, -1.331074e-04, -1.331074e-04, 8.176079e-04
27.488936, 1.498663e-04, -7.862858e-05, -7.862858e-05, 7.909128e-04
27.504276, 3.349633e-04, -4.072031e-06, -4.072031e-06, 7.603162e-04
27.519615, 4.886075e-04, 8.447997e-05, 8.447997e-05, 7.301260e-04
27.534955, 6.048649e-04, 1.789531e-04, 1.789531e-04, 7.030780e-04
27.550295, 6.807965e-04, 2.698669e-04, 2.698669e-04, 6.801685e-04
27.565635, 7.163174e-04, 3.471805e-04, 3.471805e-04, 6.608385e-04
27.580975, 7.137975e-04, 4.013105e-04, 4.013105e-04, 6.434505e-04
27.596314, 6.775025e-04, 4.241854e-04, 4.241854e-04, 6.259254e-04
27.611654, 6.129623e-04, 4.101803e-04, 4.101803e-04, 6.063812e-04
27.626994, 5.263341e-04, 3.567888e-04, 3.567888e-04, 5.836305e-04
27.642334, 4.238086e-04, 2.649332e-04, 2.649332e-04, 5.574411e-04
27.657674, 3.111086e-04, 1.388792e-04, 1.388792e-04, 5.285251e-04
27.673013, 1.931221e-04, -1.421067e-05, -1.421067e-05, 4.982978e-04
27.688353, 7.369711e-05, -1.850012e-04, -1.850012e-04, 4.685094e-04
27.703693, -4.438876e-05, -3.628730e-04, -3.628730e-04, 4.408739e-04
27.719033, -1.592873e-04, -5.368650e-04, -5.368650e-04, 4.167920e-04
27.734373, -2.698016e-04, -6.965740e-04, -6.965740e-04, 3.972174e-04
27.749712, -3.750334e-04, -8.329429e-04, -8.329429e-04, 3.826549e-04
27.765052, -4.740254e-04, -9.388897e-04, -9.388897e-04, 3.732247e-04
27.780392, -5.654687e-04, -1.009745e-03, -1.009745e-03, 3.687115e-04
27.795732, -6.475380e-04, -1.043476e-03, -1.043476e-03, 3.685475e-04
27.811072, -7.179023e-04, -1.040686e-03, -1.040686e-03, 3.717441e-04
27.826411, -7.739211e-04, -1.004382e-03, -1.004382e-03, 3.768303e-04
27.841751, -8.130020e-04, -9.395379e-04, -9.395379e-04, 3.818870e-04
27.857091, -8.330623e-04, -8.524804e-04, -8.524804e-04, 3.847490e-04
27.872431, -8.330075e-04, -7.501647e-04, -7.501647e-04, 3.833878e-04
27.887771, -8.131085e-04, -6.394221e-04, -6.394221e-04, 3.763986e-04
27.903111, -7.751725e-04, -5.262623e-04, -5.262623e-04, 3.634529e-04
27.918450, -7.224366e-04, -4.153232e-04, -4.153232e-04, 3.455656e-04
27.933790, -6.591758e-04, -3.095393e-04, -3.095393e-04, 3.250600e-04
27.949130, -5.900843e-04, -2.100755e-04, -2.100755e-04, 3.051888e-04
27.964470, -5.195619e-04, -1.165354e-04, -1.165354e-04, 2.894785e-04
27.979810, -4.510794e-04, -2.740702e-05, -2.740702e-05, 2.809488e-04
27.995149, -3.867793e-04, 5.933660e-05, 5.933660e-05, 2.813992e-04
28.010489, -3.274106e-04, 1.455992e-04, 1.455992e-04, 2.909383e-04
28.025829, -2.726062e-04, 2.326172e-04, 2.326172e-04, 3.078782e-04
28.041169, -2.214229e-04, 3.206259e-04, 3.206259e-04, 3.290351e-04
28.056509, -1.729785e-04, 4.088038e-04, 4.088038e-04, 3.503689e-04
28.071848, -1.270007e-04, 4.954957e-04, 4.954957e-04, 3.678193e-04
28.087188, -8.413774e-05, 5.786396e-04, 5.786396e-04, 3.781512e-04
28.102528, -4.595219e-05, 6.562661e-04, 6.562661e-04, 3.796141e-04
28.117868, -1.460359e-05, 7.269193e-04, 7.269193e-04, 3.722503e-04
28.133208, 7.690781e-06, 7.898714e-04, 7.898714e-04, 3.577729e-04
28.148547, 1.927328e-05, 8.450688e-04, 8.450688e-04, 3.390426e-04
28.163887, 1.959594e-05, 8.928286e-04, 8.928286e-04, 3.192777e-04
28.179227, 9.590129e-06, 9.333843e-04, 9.333843e-04, 3.012009e-04
28.194567, -8.213513e-06, 9.664232e-04, 9.664232e-04, 2.863542e-04
28.209907, -2.983442e-05, 9.907677e-04, 9.907677e-04, 2.747689e-04
28.225246, -5.022838e-05, 1.004307e-03, 1.004307e-03, 2.650662e-04
28.240586, -6.384578e-05, 1.004228e-03, 1.004228e-03, 2.549268e-04
28.255926, -6.528571e-05, 9.874996e-04, 9.874996e-04, 2.417627e-04
28.271266, -4.996207e-05, 9.515322e-04, 9.515322e-04, 2.233576e-04
28.286606, -1.469090e-05, 8.948480e-04, 8.948480e-04, 1.982551e-04
28.301946, 4.188014e-05, 8.176349e-04, 8.176349e-04, 1.657670e-04
28.317285, 1.190531e-04, 7.220474e-04, 7.220474e-04, 1.256134e-04
28.332625, 2.140971e-04, 6.121778e-04, 6.121778e-04, 7.734024e-05
28.347965, 3.224979e-04, 4.936794e-04, 4.936794e-04, 1.974104e-05
28.363305, 4.383942e-04, 3.730912e-04, 3.730912e-04, -4.947015e-05
28.378645, 5.551275e-04, 2.569763e-04, 2.569763e-04, -1.335495e-04
28.393984, 6.658302e-04, 1.510279e-04, 1.510279e-04, -2.361254e-04
28.409324, 7.639850e-04, 5.931204e-05, 5.931204e-05, -3.602125e-04
28.424664, 8.439021e-04, -1.620825e-05, -1.620825e-05, -5.070578e-04
28.440004, 9.010773e-04, -7.577958e-05, -7.577958e-05, -6.751125e-04
28.455344, 9.324183e-04, -1.215891e-04, -1.215891e-04, -8.594170e-04
28.470683, 9.363346e-04, -1.571937e-04, -1.571937e-04, -1.051608e-03
28.486023, 9.126920e-04, -1.867840e-04, -1.867840e-04, -1.240602e-03
28.501363, 8.626442e-04, -2.144450e-04, -2.144450e-04, -1.413868e-03
28.516703, 7.883823e-04, -2.435549e-04, -2.435549e-04, -1.559049e-03
28.532043, 6.928628e-04, -2.764160e-04, -2.764160e-04, -1.665632e-03
28.547382, 5.795808e-04, -3.141429e-04, -3.141429e-04, -1.726351e-03
28.562722, 4.524578e-04, -3.567725e-04, -3.567725e-04, -1.738070e-03
28.578062, 3.158776e-04, -4.035251e-04, -4.035251e-04, -1.702031e-03
28.593402, 1.748437e-04, -4.531302e-04, -4.531302e-04, -1.623489e-03
28.608742, 3.515879e-05, -5.041450e-04, -5.041450e-04, -1.510836e-03
28.624082, -9.651058e-05, -5.552106e-04, -5.552106e-04, -1.374430e-03
28.639421, -2.128220e-04, -6.052154e-04, -6.052154e-04, -1.225315e-03
28.654761, -3.062864e-04, -6.533471e-04, -6.533471e-04, -1.074032e-03
28.670101, -3.701225e-04, -6.990305e-04, -6.990305e-04, -9.295933e-04
28.685441, -3.992924e-04, -7.417635e-04, -7.417635e-04, -7.987281e-04
28.700781, -3.914772e-04, -7.808816e-04, -7.808816e-04, -6.854046e-04
28.716120, -3.477318e-04, -8.153126e-04, -8.153126e-04, -5.906564e-04
28.731460, -2.726029e-04, -8.433979e-04, -8.433979e-04, -5.127198e-04
28.746800, -1.736248e-04, -8.628628e-04, -8.628628e-04, -4.474879e-04
28.762140, -6.027683e-05, -8.709921e-04, -8.709921e-04, -3.892558e-04
28.777480, 5.736155e-05, -8.650191e-04, -8.650191e-04, -3.316761e-04
28.792819, 1.699450e-04, -8.426682e-04, -8.426682e-04, -2.688067e-04
28.808159, 2.698978e-04, -8.027357e-04, -8.027357e-04, -1.960967e-04
28.823499, 3.519629e-04, -7.455600e-04, -7.455600e-04, -1.111501e-04
28.838839, 4.132314e-04, -6.732431e-04, -6.732431e-04, -1.413584e-05
28.854179, 4.527768e-04, -5.895391e-04, -5.895391e-04, 9.221604e-05
28.869518, 4.711084e-04, -4.994056e-04, -4.994056e-04, 2.030205e-04
28.884858, 4.696552e-04, -4.082995e-04, -4.082995e-04, 3.119730e-04
28.900198, 4.504192e-04, -3.213651e-04, -3.213651e-04, 4.122934e-04
28.915538, 4.158320e-04, -2.426850e-04, -2.426850e-04, 4.977331e-04
28.930878, 3.687409e-04, -1.747477e-04, -1.747477e-04, 5.635008e-04
28.946217, 3.123960e-04, -1.182290e-04, -1.182290e-04, 6.069873e-04
28.961557, 2.503306e-04, -7.211251e-05, -7.211251e-05, 6.281884e-04
28.976897, 1.861055e-04, -3.410132e-05, -3.410132e-05, 6.297530e-04
28.992237, 1.229712e-04, -1.223525e-06, -1.223525e-06, 6.166328e-04
29.007577, 6.356268e-05, 2.949411e-05, 2.949411e-05, 5.953685e-04
29.022917, 9.756074e-06, 6.040799e-05, 6.040799e-05, 5.731044e-04
29.038256, -3.723368e-05, 9.279861e-05, 9.279861e-05, 5.564830e-04
29.053596, -7.653796e-05, 1.266416e-04, 1.266416e-04, 5.506164e-04
29.068936, -1.072218e-04, 1.606413e-04, 1.606413e-04, 5.583406e-04
29.084276, -1.279457e-04, 1.925199e-04, 1.925199e-04, 5.799049e-04
29.099616, -1.368729e-04, 2.195153e-04, 2.195153e-04, 6.131724e-04
29.114955, -1.319259e-04, 2.390045e-04, 2.390045e-04, 6.542963e-04
29.130295, -1.113823e-04, 2.491449e-04, 2.491449e-04, 6.987272e-04
29.145635, -7.466825e-05, 2.494091e-04, 2.494091e-04, 7.423151e-04
29.160975, -2.312510e-05, 2.409057e-04, 2.409057e-04, 7.822428e-04
29.176315, 3.949623e-05, 2.264045e-04, 2.264045e-04, 8.175677e-04
29.191654, 1.070143e-04, 2.100465e-04, 2.100465e-04, 8.492386e-04
29.206994, 1.713641e-04, 1.967764e-04, 1.967764e-04, 8.795805e-04
29.222334, 2.236551e-04, 1.915957e-04, 1.915957e-04, 9.113880e-04
29.237674, 2.555448e-04, 1.987731e-04, 1.987731e-04, 9.468704e-04
29.253014, 2.606426e-04, 2.211535e-04, 2.211535e-04, 9.867308e-04
29.268353, 2.356370e-04, 2.596852e-04, 2.596852e-04, 1.029622e-03
29.283693, 1.808819e-04, 3.132375e-04, 3.132375e-04, 1.072129e-03
29.299033, 1.003001e-04, 3.787231e-04, 3.787231e-04, 1.109271e-03
29.314373, 6.257923e-07, 4.514868e-04, 4.514868e-04, 1.135387e-03
29.329713, -1.098398e-04, 5.258832e-04, 5.258832e-04, 1.145154e-03
29.345052, -2.226784e-04, 5.959491e-04, 5.959491e-04, 1.134471e-03
29.360392, -3.306821e-04, 6.560749e-04, 6.560749e-04, 1.101018e-03
29.375732, -4.287713e-04, 7.015914e-04, 7.015914e-04, 1.044374e-03
29.391072, -5.143363e-04, 7.292082e-04, 7.292082e-04, 9.657512e-04
29.406412, -5.869992e-04, 7.372617e-04, 7.372617e-04, 8.674879e-04
29.421752, -6.479404e-04, 7.257512e-04, 7.257512e-04, 7.525133e-04
29.437091, -6.990357e-04, 6.961729e-04, 6.961729e-04, 6.239468e-04
29.452431, -7.420847e-04, 6.511817e-04, 6.511817e-04, 4.849281e-04
29.467771, -7.783528e-04, 5.941414e-04, 5.941414e-04, 3.386630e-04
29.483111, -8.085207e-04, 5.286397e-04, 5.286397e-04, 1.885663e-04
29.498451, -8.329908e-04, 4.580477e-04, 4.580477e-04, 3.835158e-05
29.513790, -8.523850e-04, 3.851934e-04, 3.851934e-04, -1.080574e-04
29.529130, -8.680018e-04, 3.121905e-04, 3.121905e-04, -2.468322e-04
29.544470, -8.820148e-04, 2.404248e-04, 2.404248e-04, -3.747122e-04
29.559810, -8.972841e-04, 1.706717e-04, 1.706717e-04, -4.895025e-04
29.575150, -9.167824e-04, 1.032906e-04, 1.032906e-04, -5.904238e-04
29.590489, -9.427624e-04, 3.844002e-05, 3.844002e-05, -6.781814e-04
29.605829, -9.758737e-04, -2.373221e-05, -2.373221e-05, -7.547072e-04
29.621169, -1.014472e-03, -8.294883e-05, -8.294883e-05, -8.226294e-04
29.636509, -1.054326e-03, -1.387177e-04, -1.387177e-04, -8.846074e-04
29.651849, -1.088826e-03, -1.902924e-04, -1.902924e-04, -9.427065e-04
29.667188, -1.109695e-03, -2.366712e-04, -2.366712e-04, -9.979670e-04
29.682528, -1.108075e-03, -2.766334e-04, -2.766334e-04, -1.050240e-03
29.697868, -1.075817e-03, -3.088225e-04, -3.088225e-04, -1.098277e-03
29.713208, -1.006719e-03, -3.318909e-04, -3.318909e-04, -1.139999e-03
29.728548, -8.975116e-04, -3.447084e-04, -3.447084e-04, -1.172838e-03
29.743887, -7.484117e-04, -3.466177e-04, -3.466177e-04, -1.194044e-03
29.759227, -5.631734e-04, -3.376944e-04, -3.376944e-04, -1.200938e-03
29.774567, -3.486381e-04, -3.189446e-04, -3.189446e-04, -1.191095e-03
29.789907, -1.138876e-04, -2.923683e-04, -2.923683e-04, -1.162525e-03
29.805247, 1.308244e-04, -2.608334e-04, -2.608334e-04, -1.113876e-03
29.820587, 3.751553e-04, -2.277407e-04, -2.277407e-04, -1.044685e-03
29.835926, 6.095804e-04, -1.965143e-04, -1.965143e-04, -9.556313e-04
29.851266, 8.259761e-04, -1.700027e-04, -1.700027e-04, -8.487395e-04
29.866606, 1.017822e-03, -1.499128e-04, -1.499128e-04, -7.274357e-04
29.881946, 1.180068e-03, -1.364119e-04, -1.364119e-04, -5.964102e-04
29.897286, 1.308802e-03, -1.280057e-04, -1.280057e-04, -4.612773e-04
29.912625, 1.400900e-03, -1.217485e-04, -1.217485e-04, -3.280678e-04
29.927965, 1.453831e-03, -1.137686e-04, -1.137686e-04, -2.026382e-04
29.943305, 1.465745e-03, -1.000174e-04, -1.000174e-04, -9.010102e-05
29.958645, 1.435864e-03, -7.709628e-05, -7.709628e-05, 5.624819e-06
29.973985, 1.365088e-03, -4.299196e-05, -4.299196e-05, 8.208038e-05
29.989324, 1.256625e-03, 2.430580e-06, 2.430580e-06, 1.383167e-04
30.004664, 1.116428e-03, 5.727653e-05, 5.727653e-05, 1.747358e-04
30.020004, 9.532510e-04, 1.178347e-04, 1.178347e-04, 1.927719e-04
30.035344, 7.781891e-04, 1.791039e-04, 1.791039e-04, 1.944953e-04
30.050684, 6.037273e-04, 2.355196e-04, 2.355196e-04, 1.822281e-04
30.066023, 4.424396e-04, 2.817395e-04, 2.817395e-04, 1.582568e-04
30.081363, 3.055733e-04, 3.133517e-04, 3.133517e-04, 1.247093e-04
30.096703, 2.017935e-04, 3.273984e-04, 3.273984e-04, 8.361477e-05
30.112043, 1.363321e-04, 3.226614e-04, 3.226614e-04, 3.710893e-05
30.127383, 1.106889e-04, 2.996984e-04, 2.996984e-04, -1.230314e-05
30.142722, 1.228884e-04, 2.606645e-04, 2.606645e-04, -6.153143e-05
30.158062, 1.681716e-04, 2.089706e-04, 2.089706e-04, -1.068348e-04
30.173402, 2.399134e-04, 1.488464e-04, 1.488464e-04, -1.439685e-04
30.188742, 3.305219e-04, 8.486632e-05, 8.486632e-05, -1.685424e-04
30.204082, 4.321199e-04, 2.149696e-05, 2.149696e-05, -1.765199e-04
30.219422, 5.369094e-04, -3.729010e-05, -3.729010e-05, -1.647501e-04
30.234761, 6.372480e-04, -8.830509e-05, -8.830509e-05, -1.314239e-04
30.250101, 7.255681e-04, -1.293081e-04, -1.293081e-04, -7.636109e-05
30.265441, 7.943225e-04, -1.590586e-04, -1.590586e-04, -1.087188e-06
30.280781, 8.361404e-04, -1.772676e-04, -1.772676e-04, 9.128557e-05
30.296121, 8.442941e-04, -1.844893e-04, -1.844893e-04, 1.963228e-04
30.311460, 8.134588e-04, -1.819952e-04, -1.819952e-04, 3.086212e-04
30.326800, 7.406229e-04, -1.716657e-04, -1.716657e-04, 4.222029e-04
30.342140, 6.259331e-04, -1.559113e-04, -1.559113e-04, 5.309151e-04
30.357480, 4.732290e-04, -1.376112e-04, -1.376112e-04, 6.288252e-04
30.372820, 2.900749e-04, -1.200310e-04, -1.200310e-04, 7.106116e-04
30.388159, 8.720575e-05, -1.066780e-04, -1.066780e-04, 7.719391e-04
30.403499, -1.225524e-04, -1.010649e-04, -1.010649e-04, 8.097885e-04
30.418839, -3.257131e-04, -1.063832e-04, -1.063832e-04, 8.227019e-04
30.434179, -5.096641e-04, -1.251286e-04, -1.251286e-04, 8.108995e-04
30.449519, -6.640398e-04, -1.587494e-04, -1.587494e-04, 7.762293e-04
30.464858, -7.817151e-04, -2.074004e-04, -2.074004e-04, 7.219370e-04
30.480198, -8.592984e-04, -2.698668e-04, -2.698668e-04, 6.522806e-04
30.495538, -8.971088e-04, -3.436858e-04, -3.436858e-04, 5.720567e-04
30.510878, -8.986981e-04, -4.254413e-04, -4.254413e-04, 4.861212e-04
30.526218, -8.700439e-04, -5.111640e-04, -5.111640e-04, 3.989971e-04
30.541557, -8.185639e-04, -5.967468e-04, -5.967468e-04, 3.146504e-04
30.556897, -7.520915e-04, -6.782916e-04, -6.782916e-04, 2.364686e-04
30.572237, -6.779276e-04, -7.523327e-04, -7.523327e-04, 1.674078e-04
30.587577, -6.020603e-04, -8.159284e-04, -8.159284e-04, 1.102270e-04
30.602917, -5.286289e-04, -8.666532e-04, -8.666532e-04, 6.768390e-05
30.618257, -4.596810e-04, -9.025455e-04, -9.025455e-04, 4.256381e-05
30.633596, -3.952478e-04, -9.220675e-04, -9.220675e-04, 3.744588e-05
30.648936, -3.337377e-04, -9.241064e-04, -9.241064e-04, 5.419865e-05
30.664276, -2.726055e-04, -9.080133e-04, -9.080133e-04, 9.329099e-05
30.679616, -2.092007e-04, -8.736466e-04, -8.736466e-04, 1.530834e-04
30.694956, -1.416513e-04, -8.213722e-04, -8.213722e-04, 2.293078e-04
30.710295, -6.961670e-05, -7.519889e-04, -7.519889e-04, 3.149359e-04
30.725635, 5.254184e-06, -6.665793e-04, -6.665793e-04, 4.005588e-04
30.740975, 7.929039e-05, -5.663239e-04, -5.663239e-04, 4.752797e-04
30.756315, 1.472412e-04, -4.523475e-04, -4.523475e-04, 5.279995e-04
30.771655, 2.031382e-04, -3.256696e-04, -3.256696e-04, 5.488815e-04
30.786994, 2.414240e-04, -1.873032e-04, -1.873032e-04, 5.307296e-04
30.802334, 2.581250e-04, -3.850242e-05, -3.850242e-05, 4.700294e-04
30.817674, 2.518085e-04, 1.188973e-04, 1.188973e-04, 3.674783e-04
30.833014, 2.240947e-04, 2.821413e-04, 2.821413e-04, 2.279440e-04
30.848354, 1.795861e-04, 4.473273e-04, 4.473273e-04, 5.989203e-05
30.863693, 1.252055e-04, 6.093761e-04, 6.093761e-04, -1.255892e-04
30.879033, 6.905582e-05, 7.622425e-04, 7.622425e-04, -3.159863e-04
30.894373, 1.902628e-05, 8.993553e-04, 8.993553e-04, -4.985985e-04
30.909713, -1.857174e-05, 1.014223e-03, 1.014223e-03, -6.616708e-04
30.925053, -4.006778e-05, 1.101113e-03, 1.101113e-03, -7.953247e-04
30.940392, -4.499937e-05, 1.155700e-03, 1.155700e-03, -8.922342e-04
30.955732, -3.609516e-05, 1.175591e-03, 1.175591e-03, -9.480336e-04
30.971072, -1.870206e-05, 1.160666e-03, 1.160666e-03, -9.614708e-04
30.986412, 2.085349e-07, 1.113183e-03, 1.113183e-03, -9.343221e-04
31.001752, 1.325320e-05, 1.037646e-03, 1.037646e-03, -8.710849e-04
31.017092, 1.385326e-05, 9.404464e-04, 9.404464e-04, -7.784732e-04
31.032431, -2.730542e-06, 8.293233e-04, 8.293233e-04, -6.647575e-04
31.047771, -3.868619e-05, 7.126948e-04, 7.126948e-04, -5.390021e-04
31.063111, -9.333919e-05, 5.989396e-04, 5.989396e-04, -4.102701e-04
31.078451, -1.632519e-04, 4.956990e-04, 4.956990e-04, -2.868834e-04
31.093791, -2.426913e-04, 4.092637e-04, 4.092637e-04, -1.758205e-04
31.109130, -3.243888e-04, 3.440912e-04, 3.440912e-04, -8.230727e-05
31.124470, -4.004860e-04, 3.024807e-04, 3.024807e-04, -9.627379e-06
31.139810, -4.635335e-04, 2.844167e-04, 2.844167e-04, 4.085244e-05
31.155150, -5.074088e-04, 2.875943e-04, 2.875943e-04, 6.948025e-05
31.170490, -5.280344e-04, 3.076371e-04, 3.076371e-04, 7.800001e-05
31.185829, -5.237975e-04, 3.385237e-04, 3.385237e-04, 6.917581e-05
31.201169, -4.956192e-04, 3.732223e-04, 3.732223e-04, 4.640797e-05
31.216509, -4.466820e-04, 4.045022e-04, 4.045022e-04, 1.338335e-05
31.231849, -3.818847e-04, 4.258405e-04, 4.258405e-04, -2.620670e-05
31.247189, -3.071337e-04, 4.322951e-04, 4.322951e-04, -6.886342e-05
31.262528, -2.285969e-04, 4.211866e-04, 4.211866e-04, -1.113884e-04
31.277868, -1.520442e-04, 3.924440e-04, 3.924440e-04, -1.509067e-04
31.293208, -8.235910e-05, 3.485247e-04, 3.485247e-04, -1.848295e-04
31.308548, -2.325366e-05, 2.939065e-04, 2.939065e-04, -2.108056e-04
31.323888, 2.283096e-05, 2.342501e-04, 2.342501e-04, -2.267191e-04
31.339227, 5.468330e-05, 1.753978e-04, 1.753978e-04, -2.307738e-04
31.354567, 7.219918e-05, 1.224086e-04, 1.224086e-04, -2.216817e-04
31.369907, 7.623314e-05, 7.880270e-05, 7.880270e-05, -1.989277e-04
31.385247, 6.845212e-05, 4.612674e-05, 4.612674e-05, -1.630419e-04
31.400587, 5.119171e-05, 2.387314e-05, 2.387314e-05, -1.157769e-04
31.415927, 2.730561e-05, 9.717759e-06, 9.717759e-06, -6.010597e-05
