x, 11, 12, 21, 22
0.015340, -3.318507e+01, -3.310836e+01, -3.310836e+01, -3.303033e+01
0.030680, -3.327479e+01, -3.304479e+01, -3.304479e+01, -3.279618e+01
0.046019, -3.340088e+01, -3.294502e+01, -3.294502e+01, -3.241777e+01
0.061359, -3.354209e+01, -3.280826e+01, -3.280826e+01, -3.191923e+01
0.076699, -3.368055e+01, -3.262823e+01, -3.262823e+01, -3.133325e+01
0.092039, -3.380006e+01, -3.239913e+01, -3.239913e+01, -3.069121e+01
0.107379, -3.388568e+01, -3.211891e+01, -3.211891e+01, -3.001732e+01
0.122718, -3.392599e+01, -3.178832e+01, -3.178832e+01, -2.932880e+01
0.138058, -3.391433e+01, -3.140947e+01, -3.140947e+01, -2.863763e+01
0.153398, -3.384795e+01, -3.098587e+01, -3.098587e+01, -2.795151e+01
0.168738, -3.372656e+01, -3.052244e+01, -3.052244e+01, -2.727496e+01
0.184078, -3.355142e+01, -3.002492e+01, -3.002492e+01, -2.661090e+01
0.199418, -3.332419e+01, -2.949939e+01, -2.949939e+01, -2.596182e+01
0.214757, -3.304561e+01, -2.895218e+01, -2.895218e+01, -2.533006e+01
0.230097, -3.271456e+01, -2.838961e+01, -2.838961e+01, -2.471792e+01
0.245437, -3.232792e+01, -2.781742e+01, -2.781742e+01, -2.412765e+01
0.260777, -3.188104e+01, -2.724023e+01, -2.724023e+01, -2.356129e+01
0.276117, -3.136860e+01, -2.666127e+01, -2.666127e+01, -2.302013e+01
0.291456, -3.078616e+01, -2.608209e+01, -2.608209e+01, -2.250427e+01
0.306796, -3.013172e+01, -2.550235e+01, -2.550235e+01, -2.201245e+01
0.322136, -2.940699e+01, -2.491998e+01, -2.491998e+01, -2.154186e+01
0.337476, -2.861763e+01, -2.433152e+01, -2.433152e+01, -2.108813e+01
0.352816, -2.777281e+01, -2.373270e+01, -2.373270e+01, -2.064562e+01
0.368155, -2.688399e+01, -2.311899e+01, -2.311899e+01, -2.020797e+01
0.383495, -2.596332e+01, -2.248637e+01, -2.248637e+01, -1.976864e+01
0.398835, -2.502212e+01, -2.183206e+01, -2.183206e+01, -1.932145e+01
0.414175, -2.406983e+01, -2.115502e+01, -2.115502e+01, -1.886111e+01
0.429515, -2.311363e+01, -2.045615e+01, -2.045615e+01, -1.838348e+01
0.444854, -2.215835e+01, -1.973837e+01, -1.973837e+01, -1.788566e+01
0.460194, -2.120687e+01, -1.900622e+01, -1.900622e+01, -1.736581e+01
0.475534, -2.026067e+01, -1.826521e+01, -1.826521e+01, -1.682297e+01
0.490874, -1.932034e+01, -1.752104e+01, -1.752104e+01, -1.625690e+01
0.506214, -1.838615e+01, -1.677878e+01, -1.677878e+01, -1.566797e+01
0.521553, -1.745844e+01, -1.604217e+01, -1.604217e+01, -1.505725e+01
0.536893, -1.653792e+01, -1.531312e+01, -1.531312e+01, -1.442673e+01
0.552233, -1.562592e+01, -1.459156e+01, -1.459156e+01, -1.377947e+01
0.567573, -1.472434e+01, -1.387571e+01, -1.387571e+01, -1.311967e+01
0.582913, -1.383548e+01, -1.316261e+01, -1.316261e+01, -1.245243e+01
0.598253, -1.296179e+01, -1.244890e+01, -1.244890e+01, -1.178333e+01
0.613592, -1.210536e+01, -1.173163e+01, -1.173163e+01, -1.111770e+01
0.628932, -1.126762e+01, -1.100905e+01, -1.100905e+01, -1.045986e+01
0.644272, -1.044901e+01, -1.028101e+01, -1.028101e+01, -9.812543e+00
0.659612, -9.648884e+00, -9.549209e+00, -9.549209e+00, -9.176536e+00
0.674952, -8.865729e+00, -8.816927e+00, -8.816927e+00, -8.550747e+00
0.690291, -8.097476e+00, -8.088615e+00, -8.088615e+00, -7.932590e+00
0.705631, -7.342017e+00, -7.369238e+00, -7.369238e+00, -7.318690e+00
0.720971, -6.597707e+00, -6.663596e+00, -6.663596e+00, -6.705680e+00
0.736311, -5.863772e+00, -5.975752e+00, -5.975752e+00, -6.090948e+00
0.751651, -5.140531e+00, -5.308623e+00, -5.308623e+00, -5.473214e+00
0.766990, -4.429402e+00, -4.663804e+00, -4.663804e+00, -4.852835e+00
0.782330, -3.732687e+00, -4.041639e+00, -4.041639e+00, -4.231803e+00
0.797670, -3.053207e+00, -3.441494e+00, -3.441494e+00, -3.613474e+00
0.813010, -2.393880e+00, -2.862137e+00, -2.862137e+00, -3.002131e+00
0.828350, -1.757337e+00, -2.302155e+00, -2.302155e+00, -2.402467e+00
0.843689, -1.145654e+00, -1.760324e+00, -1.760324e+00, -1.819085e+00
0.859029, -5.602456e-01, -1.235857e+00, -1.235857e+00, -1.256114e+00
0.874369, -1.935571e-03, -7.285171e-01, -7.285171e-01, -7.169709e-01
0.889709, 5.288460e-01, -2.385913e-01, -2.385913e-01, -2.042991e-01
0.905049, 1.031809e+00, 2.332192e-01, 2.332192e-01, 2.799899e-01
0.920388, 1.506560e+00, 6.859531e-01, 6.859531e-01, 7.345811e-01
0.935728, 1.952444e+00, 1.118537e+00, 1.118537e+00, 1.158596e+00
0.951068, 2.368505e+00, 1.529885e+00, 1.529885e+00, 1.551464e+00
0.966408, 2.753564e+00, 1.918939e+00, 1.918939e+00, 1.912862e+00
0.981748, 3.106402e+00, 2.284660e+00, 2.284660e+00, 2.242702e+00
0.997088, 3.425966e+00, 2.626003e+00, 2.626003e+00, 2.541173e+00
1.012427, 3.711579e+00, 2.941890e+00, 2.941890e+00, 2.808806e+00
1.027767, 3.963075e+00, 3.231212e+00, 3.231212e+00, 3.046515e+00
1.043107, 4.180849e+00, 3.492875e+00, 3.492875e+00, 3.255595e+00
1.058447, 4.365816e+00, 3.725889e+00, 3.725889e+00, 3.437644e+00
1.073787, 4.519300e+00, 3.929463e+00, 3.929463e+00, 3.594445e+00
1.089126, 4.642878e+00, 4.103112e+00, 4.103112e+00, 3.727801e+00
1.104466, 4.738222e+00, 4.246735e+00, 4.246735e+00, 3.839365e+00
1.119806, 4.806945e+00, 4.360659e+00, 4.360659e+00, 3.930503e+00
1.135146, 4.850497e+00, 4.445644e+00, 4.445644e+00, 4.002222e+00
1.150486, 4.870082e+00, 4.502845e+00, 4.502845e+00, 4.055161e+00
1.165825, 4.866620e+00, 4.533749e+00, 4.533749e+00, 4.089653e+00
1.181165, 4.840757e+00, 4.540095e+00, 4.540095e+00, 4.105829e+00
1.196505, 4.792892e+00, 4.523771e+00, 4.523771e+00, 4.103757e+00
1.211845, 4.723261e+00, 4.486723e+00, 4.486723e+00, 4.083557e+00
1.227185, 4.632040e+00, 4.430846e+00, 4.430846e+00, 4.045496e+00
1.242524, 4.519485e+00, 4.357897e+00, 4.357897e+00, 3.990040e+00
1.257864, 4.386072e+00, 4.269406e+00, 4.269406e+00, 3.917865e+00
1.273204, 4.232643e+00, 4.166618e+00, 4.166618e+00, 3.829835e+00
1.288544, 4.060503e+00, 4.050450e+00, 4.050450e+00, 3.726963e+00
1.303884, 3.871483e+00, 3.921486e+00, 3.921486e+00, 3.610366e+00
1.319223, 3.667919e+00, 3.780010e+00, 3.780010e+00, 3.481233e+00
1.334563, 3.452568e+00, 3.626069e+00, 3.626069e+00, 3.340789e+00
1.349903, 3.228442e+00, 3.459579e+00, 3.459579e+00, 3.190261e+00
1.365243, 2.998598e+00, 3.280456e+00, 3.280456e+00, 3.030846e+00
1.380583, 2.765897e+00, 3.088758e+00, 3.088758e+00, 2.863662e+00
1.395923, 2.532769e+00, 2.884829e+00, 2.884829e+00, 2.689687e+00
1.411262, 2.301030e+00, 2.669415e+00, 2.669415e+00, 2.509703e+00
1.426602, 2.071762e+00, 2.443740e+00, 2.443740e+00, 2.324248e+00
1.441942, 1.845301e+00, 2.209510e+00, 2.209510e+00, 2.133606e+00
1.457282, 1.621318e+00, 1.968860e+00, 1.968860e+00, 1.937831e+00
1.472622, 1.398992e+00, 1.724225e+00, 1.724225e+00, 1.736841e+00
1.487961, 1.177242e+00, 1.478157e+00, 1.478157e+00, 1.530550e+00
1.503301, 9.549926e-01, 1.233123e+00, 1.233123e+00, 1.319035e+00
1.518641, 7.314206e-01, 9.912974e-01, 9.912974e-01, 1.102706e+00
1.533981, 5.061581e-01, 7.544044e-01, 7.544044e-01, 8.824448e-01
1.549321, 2.794236e-01, 5.236119e-01, 5.236119e-01, 6.596871e-01
1.564660, 5.206923e-02, 2.995129e-01, 2.995129e-01, 4.364055e-01
1.580000, -1.744568e-01, 8.218747e-02, 8.218747e-02, 2.150082e-01
1.595340, -3.982212e-01, -1.286639e-01, -1.286639e-01, -1.852146e-03
1.610680, -6.169734e-01, -3.335366e-01, -3.335366e-01, -2.115279e-01
1.626020, -8.283473e-01, -5.329182e-01, -5.329182e-01, -4.116456e-01
1.641359, -1.030075e+00, -7.270968e-01, -7.270968e-01, -6.003459e-01
1.656699, -1.220191e+00, -9.160108e-01, -9.160108e-01, -7.764537e-01
1.672039, -1.397191e+00, -1.099163e+00, -1.099163e+00, -9.395499e-01
1.687379, -1.560150e+00, -1.275612e+00, -1.275612e+00, -1.089931e+00
1.702719, -1.708753e+00, -1.444043e+00, -1.444043e+00, -1.228469e+00
1.718058, -1.843257e+00, -1.602905e+00, -1.602905e+00, -1.356388e+00
1.733398, -1.964381e+00, -1.750593e+00, -1.750593e+00, -1.475028e+00
1.748738, -2.073133e+00, -1.885644e+00, -1.885644e+00, -1.585598e+00
1.764078, -2.170614e+00, -2.006916e+00, -2.006916e+00, -1.688999e+00
1.779418, -2.257835e+00, -2.113717e+00, -2.113717e+00, -1.785715e+00
1.794758, -2.335558e+00, -2.205864e+00, -2.205864e+00, -1.875794e+00
1.810097, -2.404216e+00, -2.283664e+00, -2.283664e+00, -1.958915e+00
1.825437, -2.463896e+00, -2.347831e+00, -2.347831e+00, -2.034501e+00
1.840777, -2.514388e+00, -2.399345e+00, -2.399345e+00, -2.101865e+00
1.856117, -2.555290e+00, -2.439297e+00, -2.439297e+00, -2.160356e+00
1.871457, -2.586125e+00, -2.468737e+00, -2.468737e+00, -2.209470e+00
1.886796, -2.606460e+00, -2.488562e+00, -2.488562e+00, -2.248920e+00
1.902136, -2.616004e+00, -2.499448e+00, -2.499448e+00, -2.278659e+00
1.917476, -2.614665e+00, -2.501840e+00, -2.501840e+00, -2.298856e+00
1.932816, -2.602583e+00, -2.495982e+00, -2.495982e+00, -2.309838e+00
1.948156, -2.580118e+00, -2.481986e+00, -2.481986e+00, -2.312025e+00
1.963495, -2.547835e+00, -2.459903e+00, -2.459903e+00, -2.305856e+00
1.978835, -2.506456e+00, -2.429810e+00, -2.429810e+00, -2.291728e+00
1.994175, -2.456813e+00, -2.391861e+00, -2.391861e+00, -2.269963e+00
2.009515, -2.399794e+00, -2.346342e+00, -2.346342e+00, -2.240794e+00
2.024855, -2.336289e+00, -2.293681e+00, -2.293681e+00, -2.204384e+00
2.040194, -2.267142e+00, -2.234453e+00, -2.234453e+00, -2.160858e+00
2.055534, -2.193121e+00, -2.169353e+00, -2.169353e+00, -2.110357e+00
2.070874, -2.114896e+00, -2.099163e+00, -2.099163e+00, -2.053085e+00
2.086214, -2.033053e+00, -2.024694e+00, -2.024694e+00, -1.989356e+00
2.101554, -1.948107e+00, -1.946731e+00, -1.946731e+00, -1.919623e+00
2.116893, -1.860542e+00, -1.865978e+00, -1.865978e+00, -1.844484e+00
2.132233, -1.770826e+00, -1.783001e+00, -1.783001e+00, -1.764665e+00
2.147573, -1.679433e+00, -1.698201e+00, -1.698201e+00, -1.680984e+00
2.162913, -1.586830e+00, -1.611800e+00, -1.611800e+00, -1.594295e+00
2.178253, -1.493448e+00, -1.523862e+00, -1.523862e+00, -1.505437e+00
2.193593, -1.399650e+00, -1.434336e+00, -1.434336e+00, -1.415175e+00
2.208932, -1.305697e+00, -1.343118e+00, -1.343118e+00, -1.324171e+00
2.224272, -1.211733e+00, -1.250128e+00, -1.250128e+00, -1.232965e+00
2.239612, -1.117805e+00, -1.155389e+00, -1.155389e+00, -1.141984e+00
2.254952, -1.023906e+00, -1.059085e+00, -1.059085e+00, -1.051568e+00
2.270292, -9.300452e-01, -9.616134e-01, -9.616134e-01, -9.620055e-01
2.285631, -8.363165e-01, -8.635914e-01, -8.635914e-01, -8.735694e-01
2.300971, -7.429599e-01, -7.658456e-01, -7.658456e-01, -7.865459e-01
2.316311, -6.503908e-01, -6.693621e-01, -6.693621e-01, -7.012473e-01
2.331651, -5.591935e-01, -5.752146e-01, -5.752146e-01, -6.180082e-01
2.346991, -4.700794e-01, -4.844750e-01, -4.844750e-01, -5.371692e-01
2.362330, -3.838193e-01, -3.981177e-01, -3.981177e-01, -4.590512e-01
2.377670, -3.011653e-01, -3.169319e-01, -3.169319e-01, -3.839307e-01
2.393010, -2.227780e-01, -2.414519e-01, -2.414519e-01, -3.120204e-01
2.408350, -1.491707e-01, -1.719171e-01, -1.719171e-01, -2.434600e-01
2.423690, -8.067731e-02, -1.082660e-01, -1.082660e-01, -1.783191e-01
2.439029, -1.744389e-02, -5.016614e-02, -5.016614e-02, -1.166086e-01
2.454369, 4.056024e-02, 2.925784e-03, 2.925784e-03, -5.829718e-02
2.469709, 9.351854e-02, 5.168184e-02, 5.168184e-02, -3.329015e-03
2.485049, 1.417363e-01, 9.681228e-02, 9.681228e-02, 4.836128e-02
2.500389, 1.856064e-01, 1.389794e-01, 1.389794e-01, 9.683870e-02
2.515728, 2.255747e-01, 1.787279e-01, 1.787279e-01, 1.421622e-01
2.531068, 2.621050e-01, 2.164410e-01, 2.164410e-01, 1.843821e-01
2.546408, 2.956450e-01, 2.523252e-01, 2.523252e-01, 2.235397e-01
2.561748, 3.265936e-01, 2.864224e-01, 2.864224e-01, 2.596669e-01
2.577088, 3.552741e-01, 3.186446e-01, 3.186446e-01, 2.927868e-01
2.592428, 3.819152e-01, 3.488192e-01, 3.488192e-01, 3.229142e-01
2.607767, 4.066429e-01, 3.767383e-01, 3.767383e-01, 3.500585e-01
2.623107, 4.294842e-01, 4.022000e-01, 4.022000e-01, 3.742290e-01
2.638447, 4.503812e-01, 4.250372e-01, 4.250372e-01, 3.954403e-01
2.653787, 4.692138e-01, 4.451322e-01, 4.451322e-01, 4.137198e-01
2.669127, 4.858242e-01, 4.624167e-01, 4.624167e-01, 4.291127e-01
2.684466, 5.000428e-01, 4.768648e-01, 4.768648e-01, 4.416850e-01
2.699806, 5.117099e-01, 4.884823e-01, 4.884823e-01, 4.515235e-01
2.715146, 5.206937e-01, 4.972990e-01, 4.972990e-01, 4.587346e-01
2.730486, 5.269048e-01, 5.033685e-01, 5.033685e-01, 4.634425e-01
2.745826, 5.303074e-01, 5.067735e-01, 5.067735e-01, 4.657903e-01
2.761165, 5.309299e-01, 5.076367e-01, 5.076367e-01, 4.659439e-01
2.776505, 5.288726e-01, 5.061307e-01, 5.061307e-01, 4.640985e-01
2.791845, 5.243127e-01, 5.024830e-01, 5.024830e-01, 4.604857e-01
2.807185, 5.175042e-01, 4.969709e-01, 4.969709e-01, 4.553771e-01
2.822525, 5.087696e-01, 4.899056e-01, 4.899056e-01, 4.490811e-01
2.837864, 4.984840e-01, 4.816057e-01, 4.816057e-01, 4.419290e-01
2.853204, 4.870499e-01, 4.723661e-01, 4.723661e-01, 4.342526e-01
2.868544, 4.748670e-01, 4.624281e-01, 4.624281e-01, 4.263533e-01
2.883884, 4.622992e-01, 4.519570e-01, 4.519570e-01, 4.184690e-01
2.899224, 4.496450e-01, 4.410326e-01, 4.410326e-01, 4.107458e-01
2.914563, 4.371148e-01, 4.296544e-01, 4.296544e-01, 4.032203e-01
2.929903, 4.248178e-01, 4.177604e-01, 4.177604e-01, 3.958170e-01
2.945243, 4.127620e-01, 4.052552e-01, 4.052552e-01, 3.883635e-01
2.960583, 4.008641e-01, 3.920414e-01, 3.920414e-01, 3.806216e-01
2.975923, 3.889688e-01, 3.780482e-01, 3.780482e-01, 3.723286e-01
2.991263, 3.768747e-01, 3.632534e-01, 3.632534e-01, 3.632439e-01
3.006602, 3.643630e-01, 3.476955e-01, 3.476955e-01, 3.531924e-01
3.021942, 3.512265e-01, 3.314766e-01, 3.314766e-01, 3.420978e-01
3.037282, 3.372980e-01, 3.147581e-01, 3.147581e-01, 3.300018e-01
3.052622, 3.224751e-01, 2.977518e-01, 2.977518e-01, 3.170659e-01
3.067962, 3.067404e-01, 2.807090e-01, 2.807090e-01, 3.035564e-01
3.083301, 2.901753e-01, 2.639077e-01, 2.639077e-01, 2.898150e-01
3.098641, 2.729654e-01, 2.476396e-01, 2.476396e-01, 2.762194e-01
3.113981, 2.553929e-01, 2.321943e-01, 2.321943e-01, 2.631393e-01
3.129321, 2.378173e-01, 2.178404e-01, 2.178404e-01, 2.508943e-01
3.144661, 2.206404e-01, 2.048041e-01, 2.048041e-01, 2.397177e-01
3.160000, 2.042615e-01, 1.932453e-01, 1.932453e-01, 2.297315e-01
3.175340, 1.890254e-01, 1.832369e-01, 1.832369e-01, 2.209341e-01
3.190680, 1.751708e-01, 1.747492e-01, 1.747492e-01, 2.132021e-01
3.206020, 1.627902e-01, 1.676450e-01, 1.676450e-01, 2.063038e-01
3.221360, 1.518066e-01, 1.616874e-01, 1.616874e-01, 1.999237e-01
3.236699, 1.419755e-01, 1.565611e-01, 1.565611e-01, 1.936947e-01
3.252039, 1.329125e-01, 1.519038e-01, 1.519038e-01, 1.872352e-01
3.267379, 1.241445e-01, 1.473440e-01, 1.473440e-01, 1.801894e-01
3.282719, 1.151774e-01, 1.425386e-01, 1.425386e-01, 1.722664e-01
3.298059, 1.055688e-01, 1.372044e-01, 1.372044e-01, 1.632766e-01
3.313399, 9.499373e-02, 1.311404e-01, 1.311404e-01, 1.531603e-01
3.328738, 8.329331e-02, 1.242375e-01, 1.242375e-01, 1.420029e-01
3.344078, 7.049733e-02, 1.164770e-01, 1.164770e-01, 1.300350e-01
3.359418, 5.681804e-02, 1.079202e-01, 1.079202e-01, 1.176111e-01
3.374758, 4.261685e-02, 9.869199e-02, 9.869199e-02, 1.051705e-01
3.390098, 2.835066e-02, 8.896270e-02, 8.896270e-02, 9.318054e-02
3.405437, 1.450712e-02, 7.893007e-02, 7.893007e-02, 8.207311e-02
3.420777, 1.539927e-03, 6.880291e-02, 6.880291e-02, 7.218231e-02
3.436117, -1.018595e-02, 5.878676e-02, 5.878676e-02, 6.369574e-02
3.451457, -2.043184e-02, 4.907113e-02, 4.907113e-02, 5.662815e-02
3.466797, -2.910217e-02, 3.981780e-02, 3.981780e-02, 5.082337e-02
3.482136, -3.624084e-02, 3.115015e-02, 3.115015e-02, 4.598419e-02
3.497476, -4.201062e-02, 2.314417e-02, 2.314417e-02, 4.172463e-02
3.512816, -4.666121e-02, 1.582219e-02, 1.582219e-02, 3.763438e-02
3.528156, -5.049243e-02, 9.150716e-03, 9.150716e-03, 3.334342e-02
3.543496, -5.381794e-02, 3.043356e-03, 3.043356e-03, 2.857448e-02
3.558835, -5.693351e-02, -2.630807e-03, -2.630807e-03, 2.317459e-02
3.574175, -6.009239e-02, -8.034048e-03, -8.034048e-03, 1.712166e-02
3.589515, -6.348841e-02, -1.334354e-02, -1.334354e-02, 1.050702e-02
3.604855, -6.724605e-02, -1.873370e-02, -1.873370e-02, 3.499387e-03
3.620195, -7.141656e-02, -2.435963e-02, -2.435963e-02, -3.700850e-03
3.635534, -7.597886e-02, -3.034359e-02, -3.034359e-02, -1.090751e-02
3.650874, -8.084416e-02, -3.676583e-02, -3.676583e-02, -1.798591e-02
3.666214, -8.586362e-02, -4.366020e-02, -4.366020e-02, -2.487560e-02
3.681554, -9.083870e-02, -5.101416e-02, -5.101416e-02, -3.159591e-02
3.696894, -9.553452e-02, -5.877214e-02, -5.877214e-02, -3.823471e-02
3.712234, -9.969616e-02, -6.684103e-02, -6.684103e-02, -4.492430e-02
3.727573, -1.030678e-01, -7.509635e-02, -7.509635e-02, -5.180995e-02
3.742913, -1.054141e-01, -8.338825e-02, -8.338825e-02, -5.901698e-02
3.758253, -1.065434e-01, -9.154673e-02, -9.154673e-02, -6.662212e-02
3.773593, -1.063288e-01, -9.938620e-02, -9.938620e-02, -7.463354e-02
3.788933, -1.047261e-01, -1.067100e-01, -1.067100e-01, -8.298221e-02
3.804272, -1.017853e-01, -1.133162e-01, -1.133162e-01, -9.152488e-02
3.819612, -9.765091e-02, -1.190049e-01, -1.190049e-01, -1.000579e-01
3.834952, -9.255289e-02, -1.235899e-01, -1.235899e-01, -1.083394e-01
3.850292, -8.678509e-02, -1.269127e-01, -1.269127e-01, -1.161171e-01
3.865632, -8.067545e-02, -1.288600e-01, -1.288600e-01, -1.231574e-01
3.880971, -7.455093e-02, -1.293817e-01, -1.293817e-01, -1.292725e-01
3.896311, -6.870256e-02, -1.285075e-01, -1.285075e-01, -1.343425e-01
3.911651, -6.335614e-02, -1.263564e-01, -1.263564e-01, -1.383287e-01
3.926991, -5.865326e-02, -1.231374e-01, -1.231374e-01, -1.412754e-01
3.942331, -5.464565e-02, -1.191382e-01, -1.191382e-01, -1.433015e-01
3.957670, -5.130312e-02, -1.147008e-01, -1.147008e-01, -1.445797e-01
3.973010, -4.853347e-02, -1.101874e-01, -1.101874e-01, -1.453089e-01
3.988350, -4.620989e-02, -1.059408e-01, -1.059408e-01, -1.456820e-01
4.003690, -4.420020e-02, -1.022448e-01, -1.022448e-01, -1.458557e-01
4.019030, -4.239231e-02, -9.929294e-02, -9.929294e-02, -1.459277e-01
4.034369, -4.071138e-02, -9.717018e-02, -9.717018e-02, -1.459238e-01
4.049709, -3.912619e-02, -9.585039e-02, -9.585039e-02, -1.457990e-01
4.065049, -3.764495e-02, -9.521021e-02, -9.521021e-02, -1.454504e-01
4.080389, -3.630327e-02, -9.505532e-02, -9.505532e-02, -1.447395e-01
4.095729, -3.514884e-02, -9.515371e-02, -9.515371e-02, -1.435195e-01
4.111069, -3.422721e-02, -9.526962e-02, -9.526962e-02, -1.416625e-01
4.126408, -3.357236e-02, -9.519215e-02, -9.519215e-02, -1.390830e-01
4.141748, -3.320359e-02, -9.475505e-02, -9.475505e-02, -1.357542e-01
4.157088, -3.312785e-02, -9.384612e-02, -9.384612e-02, -1.317158e-01
4.172428, -3.334469e-02, -9.240755e-02, -9.240755e-02, -1.270739e-01
4.187768, -3.385034e-02, -9.042995e-02, -9.042995e-02, -1.219922e-01
4.203107, -3.463801e-02, -8.794343e-02, -8.794343e-02, -1.166776e-01
4.218447, -3.569360e-02, -8.500870e-02, -8.500870e-02, -1.113597e-01
4.233787, -3.698772e-02, -8.170976e-02, -8.170976e-02, -1.062664e-01
4.249127, -3.846728e-02, -7.814821e-02, -7.814821e-02, -1.015982e-01
4.264467, -4.005068e-02, -7.443804e-02, -7.443804e-02, -9.750317e-02
4.279806, -4.162984e-02, -7.069913e-02, -7.069913e-02, -9.405686e-02
4.295146, -4.308041e-02, -6.704797e-02, -6.704797e-02, -9.124912e-02
4.310486, -4.427931e-02, -6.358556e-02, -6.358556e-02, -8.898208e-02
4.325826, -4.512617e-02, -6.038384e-02, -6.038384e-02, -8.707940e-02
4.341166, -4.556406e-02, -5.747337e-02, -5.747337e-02, -8.530675e-02
4.356505, -4.559431e-02, -5.483586e-02, -5.483586e-02, -8.340066e-02
4.371845, -4.528192e-02, -5.240452e-02, -5.240452e-02, -8.110164e-02
4.387185, -4.474951e-02, -5.007377e-02, -5.007377e-02, -7.818616e-02
4.402525, -4.415987e-02, -4.771737e-02, -4.771737e-02, -7.449293e-02
4.417865, -4.368952e-02, -4.521191e-02, -4.521191e-02, -6.993948e-02
4.433204, -4.349686e-02, -4.246040e-02, -4.246040e-02, -6.452680e-02
4.448544, -4.368962e-02, -3.941070e-02, -3.941070e-02, -5.833210e-02
4.463884, -4.429648e-02, -3.606428e-02, -3.606428e-02, -5.149169e-02
4.479224, -4.524798e-02, -3.247328e-02, -3.247328e-02, -4.417731e-02
4.494564, -4.637090e-02, -2.872693e-02, -2.872693e-02, -3.657017e-02
4.509904, -4.739916e-02, -2.493101e-02, -2.493101e-02, -2.883715e-02
4.525243, -4.800191e-02, -2.118610e-02, -2.118610e-02, -2.111313e-02
4.540583, -4.782686e-02, -1.756999e-02, -1.756999e-02, -1.349181e-02
4.555923, -4.655376e-02, -1.412865e-02, -1.412865e-02, -6.026141e-03
4.571263, -4.394985e-02, -1.087707e-02, -1.087707e-02, 1.262368e-03
4.586603, -3.991763e-02, -7.808163e-03, -7.808163e-03, 8.367881e-03
4.601942, -3.452545e-02, -4.905825e-03, -4.905825e-03, 1.528173e-02
4.617282, -2.801364e-02, -2.156609e-03, -2.156609e-03, 2.197536e-02
4.632622, -2.077301e-02, 4.443660e-04, 4.443660e-04, 2.838862e-02
4.647962, -1.329791e-02, 2.895673e-03, 2.895673e-03, 3.442607e-02
4.663302, -6.121230e-03, 5.199110e-03, 5.199110e-03, 3.996264e-02
4.678641, 2.576010e-04, 7.372700e-03, 7.372700e-03, 4.485726e-02
4.693981, 5.439116e-03, 9.461577e-03, 9.461577e-03, 4.897178e-02
4.709321, 9.173518e-03, 1.154125e-02, 1.154125e-02, 5.219117e-02
4.724661, 1.138576e-02, 1.370987e-02, 1.370987e-02, 5.444101e-02
4.740001, 1.217332e-02, 1.606949e-02, 1.606949e-02, 5.569902e-02
4.755340, 1.177898e-02, 1.870042e-02, 1.870042e-02, 5.599898e-02
4.770680, 1.054501e-02, 2.163521e-02, 2.163521e-02, 5.542714e-02
4.786020, 8.857621e-03, 2.484020e-02, 2.484020e-02, 5.411287e-02
4.801360, 7.091066e-03, 2.821077e-02, 2.821077e-02, 5.221555e-02
4.816700, 5.559665e-03, 3.158335e-02, 3.158335e-02, 4.991022e-02
4.832039, 4.483643e-03, 3.476228e-02, 3.476228e-02, 4.737360e-02
4.847379, 3.972154e-03, 3.755575e-02, 3.755575e-02, 4.477142e-02
4.862719, 4.024233e-03, 3.981220e-02, 3.981220e-02, 4.224731e-02
4.878059, 4.545900e-03, 4.144836e-02, 4.144836e-02, 3.991333e-02
4.893399, 5.379669e-03, 4.246211e-02, 4.246211e-02, 3.784291e-02
4.908739, 6.341296e-03, 4.292758e-02, 4.292758e-02, 3.606689e-02
4.924078, 7.257626e-03, 4.297427e-02, 4.297427e-02, 3.457411e-02
4.939418, 7.999162e-03, 4.275599e-02, 4.275599e-02, 3.331747e-02
4.954758, 8.501881e-03, 4.241743e-02, 4.241743e-02, 3.222596e-02
4.970098, 8.774727e-03, 4.206620e-02, 4.206620e-02, 3.122101e-02
4.985438, 8.891857e-03, 4.175609e-02, 4.175609e-02, 3.023470e-02
5.000777, 8.971750e-03, 4.148375e-02, 4.148375e-02, 2.922600e-02
5.016117, 9.148072e-03, 4.119770e-02, 4.119770e-02, 2.819135e-02
5.031457, 9.539004e-03, 4.081573e-02, 4.081573e-02, 2.716660e-02
5.046797, 1.022183e-02, 4.024553e-02, 4.024553e-02, 2.621945e-02
5.062137, 1.121816e-02, 3.940365e-02, 3.940365e-02, 2.543399e-02
5.077476, 1.249237e-02, 3.822937e-02, 3.822937e-02, 2.489063e-02
5.092816, 1.396274e-02, 3.669196e-02, 3.669196e-02, 2.464598e-02
5.108156, 1.552120e-02, 3.479203e-02, 3.479203e-02, 2.471746e-02
5.123496, 1.705629e-02, 3.255825e-02, 3.255825e-02, 2.507588e-02
5.138836, 1.847317e-02, 3.004148e-02, 3.004148e-02, 2.564742e-02
5.154175, 1.970629e-02, 2.730775e-02, 2.730775e-02, 2.632412e-02
5.169515, 2.072254e-02, 2.443087e-02, 2.443087e-02, 2.698035e-02
5.184855, 2.151557e-02, 2.148501e-02, 2.148501e-02, 2.749167e-02
5.200195, 2.209456e-02, 1.853743e-02, 1.853743e-02, 2.775218e-02
5.215535, 2.247152e-02, 1.564194e-02, 1.564194e-02, 2.768740e-02
5.230874, 2.265130e-02, 1.283435e-02, 1.283435e-02, 2.726078e-02
5.246214, 2.262682e-02, 1.013112e-02, 1.013112e-02, 2.647330e-02
5.261554, 2.238030e-02, 7.532681e-03, 7.532681e-03, 2.535667e-02
5.276894, 2.188917e-02, 5.031468e-03, 5.031468e-03, 2.396188e-02
5.292234, 2.113431e-02, 2.623694e-03, 2.623694e-03, 2.234539e-02
5.307574, 2.010798e-02, 3.220387e-04, 3.220387e-04, 2.055561e-02
5.322913, 1.881954e-02, -1.834335e-03, -1.834335e-03, 1.862229e-02
5.338253, 1.729816e-02, -3.776165e-03, -3.776165e-03, 1.655132e-02
5.353593, 1.559284e-02, -5.409407e-03, -5.409407e-03, 1.432626e-02
5.368933, 1.377059e-02, -6.629849e-03, -6.629849e-03, 1.191686e-02
5.384273, 1.191352e-02, -7.344814e-03, -7.344814e-03, 9.293012e-03
5.399612, 1.011512e-02, -7.497445e-03, -7.497445e-03, 6.441378e-03
5.414952, 8.475034e-03, -7.087760e-03, -7.087760e-03, 3.380609e-03
5.430292, 7.091537e-03, -6.184838e-03, -6.184838e-03, 1.709229e-04
5.445632, 6.051273e-03, -4.926209e-03, -4.926209e-03, -3.085168e-03
5.460972, 5.416656e-03, -3.503351e-03, -3.503351e-03, -6.252349e-03
5.476311, 5.212976e-03, -2.135429e-03, -2.135429e-03, -9.181153e-03
5.491651, 5.418345e-03, -1.036245e-03, -1.036245e-03, -1.173232e-02
5.506991, 5.959959e-03, -3.810468e-04, -3.810468e-04, -1.380168e-02
5.522331, 6.719366e-03, -2.799185e-04, -2.799185e-04, -1.533991e-02
5.537671, 7.547533e-03, -7.630146e-04, -7.630146e-04, -1.636265e-02
5.553010, 8.287856e-03, -1.780223e-03, -1.780223e-03, -1.694846e-02
5.568350, 8.802709e-03, -3.214748e-03, -3.214748e-03, -1.722481e-02
5.583690, 8.997511e-03, -4.907212e-03, -4.907212e-03, -1.734496e-02
5.599030, 8.836316e-03, -6.684964e-03, -6.684964e-03, -1.746049e-02
5.614370, 8.344516e-03, -8.390607e-03, -8.390607e-03, -1.769488e-02
5.629709, 7.597233e-03, -9.904467e-03, -9.904467e-03, -1.812295e-02
5.645049, 6.695657e-03, -1.115746e-02, -1.115746e-02, -1.875986e-02
5.660389, 5.736821e-03, -1.213310e-02, -1.213310e-02, -1.956103e-02
5.675729, 4.784122e-03, -1.285970e-02, -1.285970e-02, -2.043267e-02
5.691069, 3.845970e-03, -1.339576e-02, -1.339576e-02, -2.125066e-02
5.706409, 2.868149e-03, -1.381245e-02, -1.381245e-02, -2.188430e-02
5.721748, 1.742197e-03, -1.417715e-02, -1.417715e-02, -2.222106e-02
5.737088, 3.282879e-04, -1.454150e-02, -1.454150e-02, -2.218815e-02
5.752428, -1.512333e-03, -1.493555e-02, -1.493555e-02, -2.176723e-02
5.767768, -3.882427e-03, -1.536845e-02, -1.536845e-02, -2.099999e-02
5.783108, -6.818998e-03, -1.583425e-02, -1.583425e-02, -1.998333e-02
5.798447, -1.027516e-02, -1.632053e-02, -1.632053e-02, -1.885502e-02
5.813787, -1.411760e-02, -1.681694e-02, -1.681694e-02, -1.777216e-02
5.829127, -1.814016e-02, -1.732140e-02, -1.732140e-02, -1.688639e-02
5.844467, -2.209112e-02, -1.784213e-02, -1.784213e-02, -1.632043e-02
5.859807, -2.570871e-02, -1.839519e-02, -1.839519e-02, -1.615010e-02
5.875146, -2.875838e-02, -1.899855e-02, -1.899855e-02, -1.639515e-02
5.890486, -3.106484e-02, -1.966414e-02, -1.966414e-02, -1.702030e-02
5.905826, -3.253323e-02, -2.039059e-02, -2.039059e-02, -1.794566e-02
5.921166, -3.315631e-02, -2.115840e-02, -2.115840e-02, -1.906391e-02
5.936506, -3.300710e-02, -2.192934e-02, -2.192934e-02, -2.026049e-02
5.951845, -3.221955e-02, -2.265046e-02, -2.265046e-02, -2.143264e-02
5.967185, -3.096192e-02, -2.326199e-02, -2.326199e-02, -2.250374e-02
5.982525, -2.940876e-02, -2.370772e-02, -2.370772e-02, -2.343076e-02
5.997865, -2.771717e-02, -2.394547e-02, -2.394547e-02, -2.420431e-02
6.013205, -2.601128e-02, -2.395546e-02, -2.395546e-02, -2.484237e-02
6.028544, -2.437682e-02, -2.374471e-02, -2.374471e-02, -2.537981e-02
6.043884, -2.286474e-02, -2.334633e-02, -2.334633e-02, -2.585629e-02
6.059224, -2.150086e-02, -2.281392e-02, -2.281392e-02, -2.630510e-02
6.074564, -2.029746e-02, -2.221188e-02, -2.221188e-02, -2.674477e-02
6.089904, -1.926274e-02, -2.160384e-02, -2.160384e-02, -2.717427e-02
6.105244, -1.840576e-02, -2.104125e-02, -2.104125e-02, -2.757209e-02
6.120583, -1.773589e-02, -2.055434e-02, -2.055434e-02, -2.789854e-02
6.135923, -1.725819e-02, -2.014711e-02, -2.014711e-02, -2.810064e-02
6.151263, -1.696712e-02, -1.979696e-02, -1.979696e-02, -2.811862e-02
6.166603, -1.684141e-02, -1.945878e-02, -1.945878e-02, -2.789344e-02
6.181943, -1.684200e-02, -1.907245e-02, -1.907245e-02, -2.737482e-02
6.197282, -1.691400e-02, -1.857220e-02, -1.857220e-02, -2.652897e-02
6.212622, -1.699200e-02, -1.789620e-02, -1.789620e-02, -2.534536e-02
6.227962, -1.700681e-02, -1.699505e-02, -1.699505e-02, -2.384163e-02
6.243302, -1.689177e-02, -1.583805e-02, -1.583805e-02, -2.206519e-02
6.258642, -1.658696e-02, -1.441684e-02, -1.441684e-02, -2.009058e-02
6.273981, -1.604076e-02, -1.274635e-02, -1.274635e-02, -1.801166e-02
6.289321, -1.520916e-02, -1.086315e-02, -1.086315e-02, -1.592878e-02
6.304661, -1.405439e-02, -8.821423e-03, -8.821423e-03, -1.393202e-02
6.320001, -1.254479e-02, -6.686808e-03, -6.686808e-03, -1.208283e-02
6.335341, -1.065717e-02, -4.528643e-03, -4.528643e-03, -1.039744e-02
6.350680, -8.382430e-03, -2.411025e-03, -2.411025e-03, -8.836084e-03
6.366020, -5.733714e-03, -3.837625e-04, -3.837625e-04, -7.301175e-03
6.381360, -2.755211e-03, 1.525510e-03, 1.525510e-03, -5.646918e-03
6.396700, 4.710822e-04, 3.316547e-03, 3.316547e-03, -3.700214e-03
6.412040, 3.823490e-03, 5.017637e-03, 5.017637e-03, -1.290441e-03
6.427380, 7.145740e-03, 6.681787e-03, 6.681787e-03, 1.716874e-03
6.442719, 1.025978e-02, 8.377914e-03, 8.377914e-03, 5.388974e-03
6.458059, 1.298526e-02, 1.017810e-02, 1.017810e-02, 9.704045e-03
6.473399, 1.516289e-02, 1.214287e-02, 1.214287e-02, 1.454403e-02
6.488739, 1.667735e-02, 1.430720e-02, 1.430720e-02, 1.970473e-02
6.504079, 1.747549e-02, 1.666989e-02, 1.666989e-02, 2.492219e-02
6.519418, 1.757581e-02, 1.918848e-02, 1.918848e-02, 2.991061e-02
6.534758, 1.706719e-02, 2.178101e-02, 2.178101e-02, 3.440462e-02
6.550098, 1.609672e-02, 2.433429e-02, 2.433429e-02, 3.819730e-02
6.565438, 1.484907e-02, 2.671747e-02, 2.671747e-02, 4.116646e-02
6.580778, 1.352102e-02, 2.879847e-02, 2.879847e-02, 4.328397e-02
6.596117, 1.229585e-02, 3.046063e-02, 3.046063e-02, 4.460703e-02
6.611457, 1.132152e-02, 3.161678e-02, 3.161678e-02, 4.525421e-02
6.626797, 1.069573e-02, 3.221883e-02, 3.221883e-02, 4.537226e-02
6.642137, 1.045897e-02, 3.226164e-02, 3.226164e-02, 4.510185e-02
6.657477, 1.059539e-02, 3.178118e-02, 3.178118e-02, 4.454994e-02
6.672816, 1.104017e-02, 3.084776e-02, 3.084776e-02, 4.377492e-02
6.688156, 1.169166e-02, 2.955581e-02, 2.955581e-02, 4.278682e-02
6.703496, 1.242663e-02, 2.801195e-02, 2.801195e-02, 4.156146e-02
6.718836, 1.311696e-02, 2.632322e-02, 2.632322e-02, 4.006394e-02
6.734176, 1.364665e-02, 2.458681e-02, 2.458681e-02, 3.827443e-02
6.749515, 1.392745e-02, 2.288239e-02, 2.288239e-02, 3.620938e-02
6.764855, 1.391132e-02, 2.126758e-02, 2.126758e-02, 3.393225e-02
6.780195, 1.359777e-02, 1.977662e-02, 1.977662e-02, 3.155139e-02
6.795535, 1.303410e-02, 1.842205e-02, 1.842205e-02, 2.920553e-02
6.810875, 1.230772e-02, 1.719873e-02, 1.719873e-02, 2.704100e-02
6.826215, 1.153077e-02, 1.608964e-02, 1.608964e-02, 2.518630e-02
6.841554, 1.081942e-02, 1.507216e-02, 1.507216e-02, 2.373032e-02
6.856894, 1.027140e-02, 1.412409e-02, 1.412409e-02, 2.270849e-02
6.872234, 9.946536e-03, 1.322816e-02, 1.322816e-02, 2.209937e-02
6.887574, 9.854375e-03, 1.237424e-02, 1.237424e-02, 2.183080e-02
6.902914, 9.952014e-03, 1.155885e-02, 1.155885e-02, 2.179309e-02
6.918253, 1.015276e-02, 1.078213e-02, 1.078213e-02, 2.185504e-02
6.933593, 1.034393e-02, 1.004325e-02, 1.004325e-02, 2.187951e-02
6.948933, 1.040983e-02, 9.335599e-03, 9.335599e-03, 2.173593e-02
6.964273, 1.025523e-02, 8.643473e-03, 8.643473e-03, 2.130904e-02
6.979613, 9.824207e-03, 7.941718e-03, 7.941718e-03, 2.050445e-02
6.994952, 9.110816e-03, 7.198994e-03, 7.198994e-03, 1.925246e-02
7.010292, 8.159878e-03, 6.384404e-03, 6.384404e-03, 1.751153e-02
7.025632, 7.058248e-03, 5.476140e-03, 5.476140e-03, 1.527183e-02
7.040972, 5.918936e-03, 4.470019e-03, 4.470019e-03, 1.255886e-02
7.056312, 4.861482e-03, 3.385543e-03, 3.385543e-03, 9.435883e-03
7.071651, 3.992404e-03, 2.267521e-03, 2.267521e-03, 6.004109e-03
7.086991, 3.389128e-03, 1.182252e-03, 1.182252e-03, 2.399147e-03
7.102331, 3.089754e-03, 2.084715e-04, 2.084715e-04, -1.216664e-03
7.117671, 3.089813e-03, -5.754499e-04, -5.754499e-04, -4.666054e-03
7.133011, 3.345961e-03, -1.105725e-03, -1.105725e-03, -7.771997e-03
7.148350, 3.785534e-03, -1.346039e-03, -1.346039e-03, -1.037500e-02
7.163690, 4.320081e-03, -1.296575e-03, -1.296575e-03, -1.235070e-02
7.179030, 4.860614e-03, -9.973249e-04, -9.973249e-04, -1.362574e-02
7.194370, 5.332253e-03, -5.248234e-04, -5.248234e-04, -1.418960e-02
7.209710, 5.686059e-03, 1.743191e-05, 1.743191e-05, -1.410024e-02
7.225050, 5.906277e-03, 5.135303e-04, 5.135303e-04, -1.348149e-02
7.240389, 6.011838e-03, 8.524688e-04, 8.524688e-04, -1.251149e-02
7.255729, 6.051818e-03, 9.454836e-04, 9.454836e-04, -1.140245e-02
7.271069, 6.095349e-03, 7.404787e-04, 7.404787e-04, -1.037407e-02
7.286409, 6.217344e-03, 2.309485e-04, 2.309485e-04, -9.624326e-03
7.301749, 6.482184e-03, -5.424123e-04, -5.424123e-04, -9.302525e-03
7.317088, 6.928021e-03, -1.498024e-03, -1.498024e-03, -9.489455e-03
7.332428, 7.554450e-03, -2.526842e-03, -2.526842e-03, -1.018841e-02
7.347768, 8.316051e-03, -3.510670e-03, -3.510670e-03, -1.132863e-02
7.363108, 9.123590e-03, -4.342068e-03, -4.342068e-03, -1.278030e-02
7.378448, 9.853525e-03, -4.942146e-03, -4.942146e-03, -1.437758e-02
7.393787, 1.036497e-02, -5.272825e-03, -5.272825e-03, -1.594489e-02
7.409127, 1.052184e-02, -5.341255e-03, -5.341255e-03, -1.732104e-02
7.424467, 1.021666e-02, -5.195629e-03, -5.195629e-03, -1.837732e-02
7.439807, 9.391777e-03, -4.913443e-03, -4.913443e-03, -1.902706e-02
7.455147, 8.053835e-03, -4.584740e-03, -4.584740e-03, -1.922702e-02
7.470486, 6.278252e-03, -4.293830e-03, -4.293830e-03, -1.897233e-02
7.485826, 4.202267e-03, -4.103109e-03, -4.103109e-03, -1.828811e-02
7.501166, 2.007215e-03, -4.042010e-03, -4.042010e-03, -1.722049e-02
7.516506, -1.071068e-04, -4.102909e-03, -4.102909e-03, -1.582911e-02
7.531846, -1.951439e-03, -4.244348e-03, -4.244348e-03, -1.418161e-02
7.547185, -3.374143e-03, -4.400528e-03, -4.400528e-03, -1.234979e-02
7.562525, -4.281516e-03, -4.494985e-03, -4.494985e-03, -1.040639e-02
7.577865, -4.647911e-03, -4.455763e-03, -4.455763e-03, -8.421705e-03
7.593205, -4.514337e-03, -4.229403e-03, -4.229403e-03, -6.459799e-03
7.608545, -3.976560e-03, -3.791452e-03, -3.791452e-03, -4.575030e-03
7.623885, -3.165698e-03, -3.151974e-03, -3.151974e-03, -2.809830e-03
7.639224, -2.225430e-03, -2.355391e-03, -2.355391e-03, -1.194772e-03
7.654564, -1.290078e-03, -1.474908e-03, -1.474908e-03, 2.487345e-04
7.669904, -4.671612e-04, -6.025079e-04, -6.025079e-04, 1.503758e-03
7.685244, 1.733250e-04, 1.638946e-04, 1.638946e-04, 2.552675e-03
7.700584, 6.022174e-04, 7.342638e-04, 7.342638e-04, 3.373418e-03
7.715923, 8.277293e-04, 1.039245e-03, 1.039245e-03, 3.938784e-03
7.731263, 8.867700e-04, 1.040172e-03, 1.040172e-03, 4.219637e-03
7.746603, 8.330049e-04, 7.348652e-04, 7.348652e-04, 4.191601e-03
7.761943, 7.236685e-04, 1.583413e-04, 1.583413e-04, 3.843647e-03
7.777283, 6.069228e-04, -6.217839e-04, -6.217839e-04, 3.186230e-03
7.792622, 5.112565e-04, -1.514724e-03, -1.514724e-03, 2.256623e-03
7.807962, 4.382190e-04, -2.419574e-03, -2.419574e-03, 1.119661e-03
7.823302, 3.595796e-04, -3.240159e-03, -3.240159e-03, -1.367855e-04
7.838642, 2.196428e-04, -3.899393e-03, -3.899393e-03, -1.410962e-03
7.853982, -5.711124e-05, -4.350726e-03, -4.350726e-03, -2.599276e-03
7.869321, -5.536659e-04, -4.584556e-03, -4.584556e-03, -3.608894e-03
7.884661, -1.344938e-03, -4.628175e-03, -4.628175e-03, -4.368556e-03
7.900001, -2.481555e-03, -4.539011e-03, -4.539011e-03, -4.835802e-03
7.915341, -3.975964e-03, -4.392215e-03, -4.392215e-03, -4.999672e-03
7.930681, -5.793782e-03, -4.264953e-03, -4.264953e-03, -4.879026e-03
7.946020, -7.852547e-03, -4.220587e-03, -4.220587e-03, -4.517460e-03
7.961360, -1.002872e-02, -4.296072e-03, -4.296072e-03, -3.976208e-03
7.976700, -1.217205e-02, -4.495310e-03, -4.495310e-03, -3.326480e-03
7.992040, -1.412492e-02, -4.789821e-03, -4.789821e-03, -2.642393e-03
8.007380, -1.574323e-02, -5.126395e-03, -5.126395e-03, -1.995058e-03
8.022720, -1.691502e-02, -5.439757e-03, -5.439757e-03, -1.447846e-03
8.038059, -1.757389e-02, -5.667129e-03, -5.667129e-03, -1.052591e-03
8.053399, -1.770508e-02, -5.761269e-03, -5.761269e-03, -8.464793e-04
8.068739, -1.734396e-02, -5.699163e-03, -5.699163e-03, -8.496143e-04
8.084079, -1.656784e-02, -5.484819e-03, -5.484819e-03, -1.063579e-03
8.099419, -1.548331e-02, -5.146218e-03, -5.146218e-03, -1.471581e-03
8.114758, -1.421145e-02, -4.727859e-03, -4.727859e-03, -2.040677e-03
8.130098, -1.287335e-02, -4.281244e-03, -4.281244e-03, -2.726113e-03
8.145438, -1.157757e-02, -3.855749e-03, -3.855749e-03, -3.477120e-03
8.160778, -1.041084e-02, -3.491768e-03, -3.491768e-03, -4.242939e-03
8.176118, -9.432107e-03, -3.217087e-03, -3.217087e-03, -4.977513e-03
8.191457, -8.670114e-03, -3.046360e-03, -3.046360e-03, -5.641519e-03
8.206797, -8.124125e-03, -2.982847e-03, -2.982847e-03, -6.201213e-03
8.222137, -7.767499e-03, -3.021173e-03, -3.021173e-03, -6.624792e-03
8.237477, -7.553672e-03, -3.150072e-03, -3.150072e-03, -6.877943e-03
8.252817, -7.424050e-03, -3.354442e-03, -3.354442e-03, -6.920884e-03
8.268156, -7.317027e-03, -3.616620e-03, -3.616620e-03, -6.708978e-03
8.283496, -7.177102e-03, -3.917132e-03, -3.917132e-03, -6.198009e-03
8.298836, -6.962906e-03, -4.235333e-03, -4.235333e-03, -5.353597e-03
8.314176, -6.652969e-03, -4.550254e-03, -4.550254e-03, -4.162614e-03
8.329516, -6.248307e-03, -4.841672e-03, -4.841672e-03, -2.643372e-03
8.344855, -5.771403e-03, -5.091160e-03, -5.091160e-03, -8.512079e-04
8.360195, -5.261791e-03, -5.282729e-03, -5.282729e-03, 1.123117e-03
8.375535, -4.769061e-03, -5.402767e-03, -5.402767e-03, 3.162945e-03
8.390875, -4.344467e-03, -5.439217e-03, -5.439217e-03, 5.141836e-03
8.406215, -4.032542e-03, -5.380301e-03, -5.380301e-03, 6.943022e-03
8.421555, -3.864031e-03, -5.213411e-03, -5.213411e-03, 8.477968e-03
8.436894, -3.851105e-03, -4.924824e-03, -4.924824e-03, 9.699816e-03
8.452234, -3.985360e-03, -4.500781e-03, -4.500781e-03, 1.060866e-02
8.467574, -4.238599e-03, -3.929991e-03, -3.929991e-03, 1.124761e-02
8.482914, -4.565997e-03, -3.207160e-03, -3.207160e-03, 1.169073e-02
8.498254, -4.910858e-03, -2.336632e-03, -2.336632e-03, 1.202588e-02
8.513593, -5.210051e-03, -1.335043e-03, -1.335043e-03, 1.233642e-02
8.528933, -5.399232e-03, -2.319928e-04, -2.319928e-04, 1.268557e-02
8.544273, -5.417218e-03, 9.317923e-04, 9.317923e-04, 1.310674e-02
8.559613, -5.209157e-03, 2.108692e-03, 2.108692e-03, 1.360080e-02
8.574953, -4.728624e-03, 3.250017e-03, 3.250017e-03, 1.414013e-02
8.590292, -3.939110e-03, 4.312141e-03, 4.312141e-03, 1.467731e-02
8.605632, -2.815580e-03, 5.261563e-03, 5.261563e-03, 1.515579e-02
8.620972, -1.346665e-03, 6.077761e-03, 6.077761e-03, 1.551977e-02
8.636312, 4.622750e-04, 6.753333e-03, 6.753333e-03, 1.572095e-02
8.651652, 2.585481e-03, 7.291624e-03, 7.291624e-03, 1.572159e-02
8.666991, 4.973381e-03, 7.702709e-03, 7.702709e-03, 1.549408e-02
8.682331, 7.550667e-03, 7.998974e-03, 7.998974e-03, 1.501838e-02
8.697671, 1.021709e-02, 8.191545e-03, 8.191545e-03, 1.427945e-02
8.713011, 1.285179e-02, 8.288478e-03, 8.288478e-03, 1.326616e-02
8.728351, 1.532132e-02, 8.295033e-03, 8.295033e-03, 1.197271e-02
8.743690, 1.749054e-02, 8.215749e-03, 8.215749e-03, 1.040245e-02
8.759030, 1.923505e-02, 8.057516e-03, 8.057516e-03, 8.572785e-03
8.774370, 2.045309e-02, 7.832598e-03, 7.832598e-03, 6.519451e-03
8.789710, 2.107533e-02, 7.560605e-03, 7.560605e-03, 4.298211e-03
8.805050, 2.107128e-02, 7.268697e-03, 7.268697e-03, 1.982723e-03
8.820390, 2.045177e-02, 6.989703e-03, 6.989703e-03, -3.415612e-04
8.835729, 1.926762e-02, 6.758341e-03, 6.758341e-03, -2.586430e-03
8.851069, 1.760542e-02, 6.606103e-03, 6.606103e-03, -4.670942e-03
8.866409, 1.558100e-02, 6.555645e-03, 6.555645e-03, -6.530135e-03
8.881749, 1.333124e-02, 6.615672e-03, 6.615672e-03, -8.120445e-03
8.897089, 1.100478e-02, 6.777271e-03, 6.777271e-03, -9.420903e-03
8.912428, 8.751696e-03, 7.012467e-03, 7.012467e-03, -1.043037e-02
8.927768, 6.712612e-03, 7.275507e-03, 7.275507e-03, -1.116222e-02
8.943108, 5.007893e-03, 7.506924e-03, 7.506924e-03, -1.163826e-02
8.958448, 3.727999e-03, 7.640029e-03, 7.640029e-03, -1.188409e-02
8.973788, 2.926434e-03, 7.609009e-03, 7.609009e-03, -1.192677e-02
8.989127, 2.616499e-03, 7.357504e-03, 7.357504e-03, -1.179523e-02
9.004467, 2.772614e-03, 6.846398e-03, 6.846398e-03, -1.152234e-02
9.019807, 3.336084e-03, 6.059685e-03, 6.059685e-03, -1.114743e-02
9.035147, 4.224242e-03, 5.007594e-03, 5.007594e-03, -1.071736e-02
9.050487, 5.341149e-03, 3.726653e-03, 3.726653e-03, -1.028518e-02
9.065826, 6.587827e-03, 2.276901e-03, 2.276901e-03, -9.906054e-03
9.081166, 7.870369e-03, 7.368432e-04, 7.368432e-04, -9.630883e-03
9.096506, 9.105014e-03, -8.030317e-04, -8.030317e-04, -9.499013e-03
9.111846, 1.022025e-02, -2.247390e-03, -2.247390e-03, -9.531506e-03
9.127186, 1.115681e-02, -3.503275e-03, -3.503275e-03, -9.726491e-03
9.142525, 1.186698e-02, -4.487089e-03, -4.487089e-03, -1.005770e-02
9.157865, 1.231413e-02, -5.131209e-03, -5.131209e-03, -1.047665e-02
9.173205, 1.247342e-02, -5.390134e-03, -5.390134e-03, -1.091823e-02
9.188545, 1.233324e-02, -5.245862e-03, -5.245862e-03, -1.130921e-02
9.203885, 1.189704e-02, -4.711938e-03, -4.711938e-03, -1.157817e-02
9.219225, 1.118428e-02, -3.835354e-03, -3.835354e-03, -1.166563e-02
9.234564, 1.022983e-02, -2.695389e-03, -2.695389e-03, -1.153250e-02
9.249904, 9.081456e-03, -1.398699e-03, -1.398699e-03, -1.116549e-02
9.265244, 7.795601e-03, -7.048188e-05, -7.048188e-05, -1.057812e-02
9.280584, 6.432337e-03, 1.157731e-03, 1.157731e-03, -9.806925e-03
9.295924, 5.050411e-03, 2.162334e-03, 2.162334e-03, -8.903384e-03
9.311263, 3.703295e-03, 2.842011e-03, 2.842011e-03, -7.923026e-03
9.326603, 2.436626e-03, 3.130018e-03, 3.130018e-03, -6.914087e-03
9.341943, 1.286886e-03, 3.002310e-03, 3.002310e-03, -5.908315e-03
9.357283, 2.807739e-04, 2.480126e-03, 2.480126e-03, -4.916211e-03
9.372623, -5.654512e-04, 1.626490e-03, 1.626490e-03, -3.927940e-03
9.387962, -1.247195e-03, 5.371826e-04, 5.371826e-04, -2.919642e-03
9.403302, -1.773385e-03, -6.723502e-04, -6.723502e-04, -1.863409e-03
9.418642, -2.168428e-03, -1.882017e-03, -1.882017e-03, -7.382183e-04
9.433982, -2.473296e-03, -2.981680e-03, -2.981680e-03, 4.611760e-04
9.449322, -2.744635e-03, -3.883195e-03, -3.883195e-03, 1.719740e-03
9.464661, -3.051017e-03, -4.528375e-03, -4.528375e-03, 3.003020e-03
9.480001, -3.466006e-03, -4.892146e-03, -4.892146e-03, 4.262731e-03
9.495341, -4.058599e-03, -4.981085e-03, -4.981085e-03, 5.445157e-03
9.510681, -4.882392e-03, -4.828249e-03, -4.828249e-03, 6.499800e-03
9.526021, -5.965372e-03, -4.485651e-03, -4.485651e-03, 7.385899e-03
9.541361, -7.302451e-03, -4.015901e-03, -4.015901e-03, 8.075437e-03
9.556700, -8.852556e-03, -3.484309e-03, -3.484309e-03, 8.552618e-03
9.572040, -1.054131e-02, -2.952364e-03, -2.952364e-03, 8.811010e-03
9.587380, -1.226929e-02, -2.473004e-03, -2.473004e-03, 8.850245e-03
9.602720, -1.392466e-02, -2.087666e-03, -2.087666e-03, 8.674125e-03
9.618060, -1.539814e-02, -1.824841e-03, -1.824841e-03, 8.291268e-03
9.633399, -1.659752e-02, -1.699787e-03, -1.699787e-03, 7.718292e-03
9.648739, -1.745912e-02, -1.715115e-03, -1.715115e-03, 6.984318e-03
9.664079, -1.795410e-02, -1.862083e-03, -1.862083e-03, 6.134897e-03
9.679419, -1.808848e-02, -2.122550e-03, -2.122550e-03, 5.233348e-03
9.694759, -1.789721e-02, -2.471491e-03, -2.471491e-03, 4.358050e-03
9.710098, -1.743373e-02, -2.879859e-03, -2.879859e-03, 3.595275e-03
9.725438, -1.675741e-02, -3.317457e-03, -3.317457e-03, 3.028456e-03
9.740778, -1.592162e-02, -3.755346e-03, -3.755346e-03, 2.725832e-03
9.756118, -1.496491e-02, -4.167402e-03, -4.167402e-03, 2.728964e-03
9.771458, -1.390692e-02, -4.530833e-03, -4.530833e-03, 3.044559e-03
9.786797, -1.274946e-02, -4.825768e-03, -4.825768e-03, 3.641406e-03
9.802137, -1.148222e-02, -5.034389e-03, -5.034389e-03, 4.453100e-03
9.817477, -1.009110e-02, -5.140205e-03, -5.140205e-03, 5.385999e-03
9.832817, -8.567436e-03, -5.128056e-03, -5.128056e-03, 6.330879e-03
9.848157, -6.915624e-03, -4.985178e-03, -4.985178e-03, 7.176163e-03
9.863496, -5.157941e-03, -4.703252e-03, -4.703252e-03, 7.820596e-03
9.878836, -3.335580e-03, -4.280966e-03, -4.280966e-03, 8.183633e-03
9.894176, -1.506086e-03, -3.726385e-03, -3.726385e-03, 8.212624e-03
9.909516, 2.620597e-04, -3.058374e-03, -3.058374e-03, 7.886574e-03
9.924856, 1.896615e-03, -2.306535e-03, -2.306535e-03, 7.216817e-03
9.940196, 3.329339e-03, -1.509455e-03, -1.509455e-03, 6.245071e-03
9.955535, 4.503313e-03, -7.114376e-04, -7.114376e-04, 5.039289e-03
9.970875, 5.379030e-03, 4.181107e-05, 4.181107e-05, 3.687468e-03
9.986215, 5.938696e-03, 7.079412e-04, 7.079412e-04, 2.289415e-03
10.001555, 6.188293e-03, 1.252534e-03, 1.252534e-03, 9.466060e-04
10.016895, 6.157047e-03, 1.652958e-03, 1.652958e-03, -2.491985e-04
10.032234, 5.894036e-03, 1.901078e-03, 1.901078e-03, -1.227310e-03
10.047574, 5.462000e-03, 2.004495e-03, 2.004495e-03, -1.947586e-03
10.062914, 4.928779e-03, 1.986072e-03, 1.986072e-03, -2.405920e-03
10.078254, 4.357375e-03, 1.881641e-03, 1.881641e-03, -2.634007e-03
10.093594, 3.796186e-03, 1.735952e-03, 1.735952e-03, -2.692641e-03
10.108933, 3.271299e-03, 1.597192e-03, 1.597192e-03, -2.659226e-03
10.124273, 2.782633e-03, 1.510736e-03, 1.510736e-03, -2.611631e-03
10.139613, 2.305164e-03, 1.513002e-03, 1.513002e-03, -2.611625e-03
10.154953, 1.795481e-03, 1.626451e-03, 1.626451e-03, -2.691538e-03
10.170293, 1.202663e-03, 1.856648e-03, 1.856648e-03, -2.847263e-03
10.185632, 4.813081e-04, 2.191970e-03, 2.191970e-03, -3.039315e-03
10.200972, -3.962056e-04, 2.605995e-03, 2.605995e-03, -3.201855e-03
10.216312, -1.431107e-03, 3.062073e-03, 3.062073e-03, -3.257668e-03
10.231652, -2.595409e-03, 3.519085e-03, 3.519085e-03, -3.135703e-03
10.246992, -3.835592e-03, 3.937149e-03, 3.937149e-03, -2.787179e-03
10.262331, -5.081819e-03, 4.282135e-03, 4.282135e-03, -2.196729e-03
10.277671, -6.260163e-03, 4.528226e-03, 4.528226e-03, -1.386379e-03
10.293011, -7.304555e-03, 4.658271e-03, 4.658271e-03, -4.119777e-04
10.308351, -8.165250e-03, 4.662336e-03, 4.662336e-03, 6.464887e-04
10.323691, -8.811658e-03, 4.535226e-03, 4.535226e-03, 1.697924e-03
10.339031, -9.229104e-03, 4.274039e-03, 4.274039e-03, 2.653200e-03
10.354370, -9.410975e-03, 3.876637e-03, 3.876637e-03, 3.435491e-03
10.369710, -9.349107e-03, 3.341633e-03, 3.341633e-03, 3.986256e-03
10.385050, -9.025835e-03, 2.669979e-03, 2.669979e-03, 4.266730e-03
10.400390, -8.410614e-03, 1.867743e-03, 1.867743e-03, 4.256148e-03
10.415730, -7.462716e-03, 9.493084e-04, 9.493084e-04, 3.948685e-03
10.431069, -6.139647e-03, -5.993821e-05, -5.993821e-05, 3.350995e-03
10.446409, -4.409142e-03, -1.122259e-03, -1.122259e-03, 2.481503e-03
10.461749, -2.261536e-03, -2.188123e-03, -2.188123e-03, 1.371478e-03
10.477089, 2.807863e-04, -3.198816e-03, -3.198816e-03, 6.687863e-05
10.492429, 3.159347e-03, -4.090806e-03, -4.090806e-03, -1.370593e-03
10.507768, 6.281884e-03, -4.801248e-03, -4.801248e-03, -2.864737e-03
10.523108, 9.530318e-03, -5.273797e-03, -5.273797e-03, -4.329151e-03
10.538448, 1.277232e-02, -5.463914e-03, -5.463914e-03, -5.674333e-03
10.553788, 1.587391e-02, -5.343007e-03, -5.343007e-03, -6.816429e-03
10.569128, 1.871062e-02, -4.901051e-03, -4.901051e-03, -7.685919e-03
10.584467, 2.117569e-02, -4.147616e-03, -4.147616e-03, -8.234563e-03
10.599807, 2.318476e-02, -3.111520e-03, -3.111520e-03, -8.439465e-03
10.615147, 2.467750e-02, -1.839417e-03, -1.839417e-03, -8.303907e-03
10.630487, 2.561741e-02, -3.936090e-04, -3.936090e-04, -7.855368e-03
10.645827, 2.599060e-02, 1.150786e-03, 1.150786e-03, -7.141533e-03
10.661166, 2.580452e-02, 2.709348e-03, 2.709348e-03, -6.225243e-03
10.676506, 2.508663e-02, 4.192753e-03, 4.192753e-03, -5.179078e-03
10.691846, 2.388272e-02, 5.512189e-03, 5.512189e-03, -4.079954e-03
10.707186, 2.225433e-02, 6.585752e-03, 6.585752e-03, -3.003812e-03
10.722526, 2.027482e-02, 7.345405e-03, 7.345405e-03, -2.020491e-03
10.737866, 1.802398e-02, 7.743694e-03, 7.743694e-03, -1.188991e-03
10.753205, 1.558177e-02, 7.759145e-03, 7.759145e-03, -5.535410e-04
10.768545, 1.302179e-02, 7.399195e-03, 7.399195e-03, -1.409946e-04
10.783885, 1.040580e-02, 6.699819e-03, 6.699819e-03, 3.997481e-05
10.799225, 7.780110e-03, 5.721552e-03, 5.721552e-03, -2.236955e-06
10.814565, 5.174693e-03, 4.542345e-03, 4.542345e-03, -2.448433e-04
10.829904, 2.605196e-03, 3.248385e-03, 3.248385e-03, -6.541693e-04
10.845244, 7.770603e-05, 1.924470e-03, 1.924470e-03, -1.189077e-03
10.860584, -2.404486e-03, 6.456271e-04, 6.456271e-04, -1.803549e-03
10.875924, -4.833228e-03, -5.286739e-04, -5.286739e-04, -2.448111e-03
10.891264, -7.188353e-03, -1.557032e-03, -1.557032e-03, -3.070427e-03
10.906603, -9.432459e-03, -2.415452e-03, -2.415452e-03, -3.615902e-03
10.921943, -1.150896e-02, -3.094371e-03, -3.094371e-03, -4.029375e-03
10.937283, -1.334429e-02, -3.594653e-03, -3.594653e-03, -4.258705e-03
10.952623, -1.485456e-02, -3.923875e-03, -3.923875e-03, -4.260478e-03
10.967963, -1.595589e-02, -4.093863e-03, -4.093863e-03, -4.007128e-03
10.983302, -1.657710e-02, -4.119777e-03, -4.119777e-03, -3.493936e-03
10.998642, -1.667256e-02, -4.020373e-03, -4.020373e-03, -2.743872e-03
11.013982, -1.623261e-02, -3.818527e-03, -3.818527e-03, -1.808401e-03
11.029322, -1.528941e-02, -3.540937e-03, -3.540937e-03, -7.631002e-04
11.044662, -1.391668e-02, -3.216217e-03, -3.216217e-03, 3.018321e-04
11.060001, -1.222304e-02, -2.871182e-03, -2.871182e-03, 1.294711e-03
11.075341, -1.034003e-02, -2.525962e-03, -2.525962e-03, 2.136509e-03
11.090681, -8.406831e-03, -2.189243e-03, -2.189243e-03, 2.772919e-03
11.106021, -6.554694e-03, -1.855305e-03, -1.855305e-03, 3.181612e-03
11.121361, -4.893673e-03, -1.504332e-03, -1.504332e-03, 3.373010e-03
11.136701, -3.503898e-03, -1.106750e-03, -1.106750e-03, 3.384565e-03
11.152040, -2.432223e-03, -6.312776e-04, -6.312776e-04, 3.270183e-03
11.167380, -1.693946e-03, -5.516695e-05, -5.516695e-05, 3.087635e-03
11.182720, -1.278142e-03, 6.257509e-04, 6.257509e-04, 2.887186e-03
11.198060, -1.154619e-03, 1.389936e-03, 1.389936e-03, 2.704156e-03
11.213400, -1.280614e-03, 2.188186e-03, 2.188186e-03, 2.556873e-03
11.228739, -1.605933e-03, 2.948003e-03, 2.948003e-03, 2.449806e-03
11.244079, -2.076150e-03, 3.583868e-03, 3.583868e-03, 2.380178e-03
11.259419, -2.634337e-03, 4.011487e-03, 4.011487e-03, 2.345489e-03
11.274759, -3.222376e-03, 4.162947e-03, 4.162947e-03, 2.349307e-03
11.290099, -3.782896e-03, 3.999423e-03, 3.999423e-03, 2.403528e-03
11.305438, -4.262430e-03, 3.518626e-03, 3.518626e-03, 2.526535e-03
11.320778, -4.615748e-03, 2.755481e-03, 2.755481e-03, 2.738147e-03
11.336118, -4.810532e-03, 1.776146e-03, 1.776146e-03, 3.053255e-03
11.351458, -4.831190e-03, 6.670640e-04, 6.670640e-04, 3.476312e-03
11.366798, -4.680568e-03, -4.783201e-04, -4.783201e-04, 3.998407e-03
11.382137, -4.378840e-03, -1.572260e-03, -1.572260e-03, 4.597689e-03
11.397477, -3.959603e-03, -2.542495e-03, -2.542495e-03, 5.242730e-03
11.412817, -3.463966e-03, -3.337827e-03, -3.337827e-03, 5.897477e-03
11.428157, -2.934045e-03, -3.929433e-03, -3.929433e-03, 6.526112e-03
11.443497, -2.407381e-03, -4.308836e-03, -4.308836e-03, 7.096469e-03
11.458836, -1.913497e-03, -4.483968e-03, -4.483968e-03, 7.581391e-03
11.474176, -1.473116e-03, -4.474721e-03, -4.474721e-03, 7.958341e-03
11.489516, -1.099725e-03, -4.308907e-03, -4.308907e-03, 8.208309e-03
11.504856, -8.025394e-04, -4.018936e-03, -4.018936e-03, 8.315261e-03
11.520196, -5.894819e-04, -3.638989e-03, -3.638989e-03, 8.267008e-03
11.535536, -4.689217e-04, -3.202281e-03, -3.202281e-03, 8.057606e-03
11.550875, -4.494025e-04, -2.738138e-03, -2.738138e-03, 7.690565e-03
11.566215, -5.373180e-04, -2.268989e-03, -2.268989e-03, 7.181577e-03
11.581555, -7.332099e-04, -1.807837e-03, -1.807837e-03, 6.559303e-03
11.596895, -1.027882e-03, -1.356974e-03, -1.356974e-03, 5.863301e-03
11.612235, -1.399677e-03, -9.086813e-04, -9.086813e-04, 5.139014e-03
11.627574, -1.813992e-03, -4.482165e-04, -4.482165e-04, 4.430697e-03
11.642914, -2.225499e-03, 4.120131e-05, 4.120131e-05, 3.773862e-03
11.658254, -2.582851e-03, 5.723573e-04, 5.723573e-04, 3.189074e-03
11.673594, -2.835045e-03, 1.148303e-03, 1.148303e-03, 2.678627e-03
11.688934, -2.938203e-03, 1.758335e-03, 1.758335e-03, 2.226830e-03
11.704273, -2.861496e-03, 2.376767e-03, 2.376767e-03, 1.803719e-03
11.719613, -2.591226e-03, 2.964930e-03, 2.964930e-03, 1.371222e-03
11.734953, -2.132515e-03, 3.476075e-03, 3.476075e-03, 8.903400e-04
11.750293, -1.508555e-03, 3.862180e-03, 3.862180e-03, 3.279094e-04
11.765633, -7.577318e-04, 4.081308e-03, 4.081308e-03, -3.381310e-04
11.780972, 7.075767e-05, 4.104083e-03, 4.104083e-03, -1.115458e-03
11.796312, 9.221429e-04, 3.918195e-03, 3.918195e-03, -1.996036e-03
11.811652, 1.741544e-03, 3.530309e-03, 3.530309e-03, -2.956428e-03
11.826992, 2.479113e-03, 2.965318e-03, 2.965318e-03, -3.959387e-03
11.842332, 3.094363e-03, 2.263340e-03, 2.263340e-03, -4.956496e-03
11.857671, 3.559326e-03, 1.475115e-03, 1.475115e-03, -5.891895e-03
11.873011, 3.860298e-03, 6.565666e-04, 6.565666e-04, -6.707205e-03
11.888351, 3.998108e-03, -1.367822e-04, -1.367822e-04, -7.347627e-03
11.903691, 3.987073e-03, -8.549700e-04, -8.549700e-04, -7.768807e-03
11.919031, 3.852981e-03, -1.457909e-03, -1.457909e-03, -7.943626e-03
11.934371, 3.630574e-03, -1.918529e-03, -1.918529e-03, -7.867689e-03
11.949710, 3.360874e-03, -2.224532e-03, -2.224532e-03, -7.562180e-03
11.965050, 3.088489e-03, -2.378627e-03, -2.378627e-03, -7.073036e-03
11.980390, 2.858757e-03, -2.397232e-03, -2.397232e-03, -6.466100e-03
11.995730, 2.714344e-03, -2.307816e-03, -2.307816e-03, -5.818775e-03
12.011070, 2.690934e-03, -2.145201e-03, -2.145201e-03, -5.209523e-03
12.026409, 2.811952e-03, -1.947329e-03, -1.947329e-03, -4.707156e-03
12.041749, 3.082848e-03, -1.751080e-03, -1.751080e-03, -4.361939e-03
12.057089, 3.486063e-03, -1.588677e-03, -1.588677e-03, -4.200136e-03
12.072429, 3.978256e-03, -1.485124e-03, -1.485124e-03, -4.222768e-03
12.087769, 4.491374e-03, -1.456836e-03, -1.456836e-03, -4.408414e-03
12.103108, 4.938636e-03, -1.511403e-03, -1.511403e-03, -4.718983e-03
12.118448, 5.225463e-03, -1.648182e-03, -1.648182e-03, -5.106843e-03
12.133788, 5.264119e-03, -1.859296e-03, -1.859296e-03, -5.521593e-03
12.149128, 4.989656e-03, -2.130633e-03, -2.130633e-03, -5.915171e-03
12.164468, 4.374067e-03, -2.442586e-03, -2.442586e-03, -6.244679e-03
12.179807, 3.435506e-03, -2.770492e-03, -2.770492e-03, -6.473085e-03
12.195147, 2.240211e-03, -3.084998e-03, -3.084998e-03, -6.568566e-03
12.210487, 8.961572e-04, -3.352700e-03, -3.352700e-03, -6.503655e-03
12.225827, -4.608696e-04, -3.537492e-03, -3.537492e-03, -6.255235e-03
12.241167, -1.686524e-03, -3.602906e-03, -3.602906e-03, -5.806016e-03
12.256506, -2.649078e-03, -3.515496e-03, -3.515496e-03, -5.147560e-03
12.271846, -3.248721e-03, -3.248996e-03, -3.248996e-03, -4.284263e-03
12.287186, -3.431550e-03, -2.788703e-03, -2.788703e-03, -3.237255e-03
12.302526, -3.195915e-03, -2.135297e-03, -2.135297e-03, -2.046954e-03
12.317866, -2.590267e-03, -1.307321e-03, -1.307321e-03, -7.731424e-04
12.333206, -1.703300e-03, -3.416196e-04, -3.416196e-04, 5.081181e-04
12.348545, -6.486202e-04, 7.086407e-04, 7.086407e-04, 1.710905e-03
12.363885, 4.529420e-04, 1.778371e-03, 1.778371e-03, 2.748665e-03
12.379225, 1.490028e-03, 2.796957e-03, 2.796957e-03, 3.545152e-03
12.394565, 2.373629e-03, 3.695860e-03, 3.695860e-03, 4.045519e-03
12.409905, 3.044351e-03, 4.416356e-03, 4.416356e-03, 4.225828e-03
12.425244, 3.473661e-03, 4.916273e-03, 4.916273e-03, 4.099266e-03
12.440584, 3.660039e-03, 5.174649e-03, 5.174649e-03, 3.717632e-03
12.455924, 3.621909e-03, 5.193533e-03, 5.193533e-03, 3.167256e-03
12.471264, 3.389577e-03, 4.996567e-03, 4.996567e-03, 2.559301e-03
12.486604, 2.998172e-03, 4.624511e-03, 4.624511e-03, 2.015309e-03
12.501943, 2.482827e-03, 4.128440e-03, 4.128440e-03, 1.649742e-03
12.517283, 1.876368e-03, 3.561746e-03, 3.561746e-03, 1.552088e-03
12.532623, 1.208932e-03, 2.972392e-03, 2.972392e-03, 1.771442e-03
12.547963, 5.084658e-04, 2.396826e-03, 2.396826e-03, 2.306395e-03
12.563303, -1.989269e-04, 1.856678e-03, 1.856678e-03, 3.102335e-03
12.578642, -8.893794e-04, 1.358805e-03, 1.358805e-03, 4.057122e-03
12.593982, -1.542373e-03, 8.985500e-04, 8.985500e-04, 5.034620e-03
12.609322, -2.141935e-03, 4.653396e-04, 4.653396e-04, 5.884037e-03
12.624662, -2.677076e-03, 4.927435e-05, 4.927435e-05, 6.461951e-03
12.640002, -3.140803e-03, -3.529043e-04, -3.529043e-04, 6.653314e-03
12.655342, -3.527573e-03, -7.338978e-04, -7.338978e-04, 6.388001e-03
12.670681, -3.829747e-03, -1.074928e-03, -1.074928e-03, 5.650281e-03
12.686021, -4.034189e-03, -1.348043e-03, -1.348043e-03, 4.480062e-03
12.701361, -4.120359e-03, -1.521125e-03, -1.521125e-03, 2.966253e-03
12.716701, -4.061021e-03, -1.564485e-03, -1.564485e-03, 1.233937e-03
12.732041, -3.825990e-03, -1.457564e-03, -1.457564e-03, -5.720967e-04
12.747380, -3.388473e-03, -1.194291e-03, -1.194291e-03, -2.304651e-03
12.762720, -2.732762e-03, -7.859614e-04, -7.859614e-04, -3.829769e-03
12.778060, -1.861473e-03, -2.610453e-04, -2.610453e-04, -5.039020e-03
12.793400, -8.005058e-04, 3.380288e-04, 3.380288e-04, -5.857608e-03
12.808740, 3.996342e-04, 9.604544e-04, 9.604544e-04, -6.248282e-03
12.824079, 1.666738e-03, 1.553908e-03, 1.553908e-03, -6.211543e-03
12.839419, 2.913670e-03, 2.071403e-03, 2.071403e-03, -5.782847e-03
12.854759, 4.047861e-03, 2.476896e-03, 2.476896e-03, -5.027415e-03
12.870099, 4.981844e-03, 2.748720e-03, 2.748720e-03, -4.033057e-03
12.885439, 5.643103e-03, 2.880376e-03, 2.880376e-03, -2.901308e-03
12.900778, 5.981773e-03, 2.878753e-03, 2.878753e-03, -1.737296e-03
12.916118, 5.975318e-03, 2.760382e-03, 2.760382e-03, -6.389894e-04
12.931458, 5.629874e-03, 2.546634e-03, 2.546634e-03, 3.130710e-04
12.946798, 4.978571e-03, 2.258980e-03, 2.258980e-03, 1.064161e-03
12.962138, 4.077452e-03, 1.915262e-03, 1.915262e-03, 1.590400e-03
12.977477, 2.999711e-03, 1.527655e-03, 1.527655e-03, 1.899304e-03
12.992817, 1.828919e-03, 1.102516e-03, 1.102516e-03, 2.025482e-03
13.008157, 6.517749e-04, 6.418878e-04, 6.418878e-04, 2.022030e-03
13.023497, -4.492362e-04, 1.460703e-04, 1.460703e-04, 1.949154e-03
13.038837, -1.402906e-03, -3.835049e-04, -3.835049e-04, 1.862246e-03
13.054177, -2.155636e-03, -9.418018e-04, -9.418018e-04, 1.801777e-03
13.069516, -2.676436e-03, -1.518624e-03, -1.518624e-03, 1.787039e-03
13.084856, -2.959910e-03, -2.098195e-03, -2.098195e-03, 1.814873e-03
13.100196, -3.026589e-03, -2.659822e-03, -2.659822e-03, 1.863498e-03
13.115536, -2.920204e-03, -3.179393e-03, -3.179393e-03, 1.900422e-03
13.130876, -2.701923e-03, -3.631375e-03, -3.631375e-03, 1.892614e-03
13.146215, -2.442108e-03, -3.991018e-03, -3.991018e-03, 1.816771e-03
13.161555, -2.210672e-03, -4.236529e-03, -4.236529e-03, 1.667551e-03
13.176895, -2.067443e-03, -4.351086e-03, -4.351086e-03, 1.462127e-03
13.192235, -2.054049e-03, -4.324613e-03, -4.324613e-03, 1.240118e-03
13.207575, -2.188630e-03, -4.155234e-03, -4.155234e-03, 1.058822e-03
13.222914, -2.464259e-03, -3.850314e-03, -3.850314e-03, 9.844896e-04
13.238254, -2.851277e-03, -3.426944e-03, -3.426944e-03, 1.081011e-03
13.253594, -3.303143e-03, -2.911721e-03, -2.911721e-03, 1.397926e-03
13.268934, -3.764795e-03, -2.339672e-03, -2.339672e-03, 1.959843e-03
13.284274, -4.182115e-03, -1.752256e-03, -1.752256e-03, 2.759236e-03
13.299613, -4.510901e-03, -1.194437e-03, -1.194437e-03, 3.754135e-03
13.314953, -4.723858e-03, -7.109799e-04, -7.109799e-04, 4.871437e-03
13.330293, -4.814398e-03, -3.422225e-04, -3.422225e-04, 6.015636e-03
13.345633, -4.796621e-03, -1.197350e-04, -1.197350e-04, 7.081658e-03
13.360973, -4.701419e-03, -6.237817e-05, -6.237817e-05, 7.969668e-03
13.376312, -4.569441e-03, -1.733343e-04, -1.733343e-04, 8.599191e-03
13.391652, -4.442182e-03, -4.386654e-04, -4.386654e-04, 8.919897e-03
13.406992, -4.352907e-03, -8.278240e-04, -8.278240e-04, 8.916982e-03
13.422332, -4.319187e-03, -1.296303e-03, -1.296303e-03, 8.610141e-03
13.437672, -4.338565e-03, -1.790283e-03, -1.790283e-03, 8.046460e-03
13.453012, -4.388276e-03, -2.252766e-03, -2.252766e-03, 7.288865e-03
13.468351, -4.429079e-03, -2.630353e-03, -2.630353e-03, 6.402710e-03
13.483691, -4.412429e-03, -2.879614e-03, -2.879614e-03, 5.443464e-03
13.499031, -4.289511e-03, -2.971989e-03, -2.971989e-03, 4.448149e-03
13.514371, -4.020260e-03, -2.896349e-03, -2.896349e-03, 3.432220e-03
13.529711, -3.580570e-03, -2.658763e-03, -2.658763e-03, 2.392187e-03
13.545050, -2.966371e-03, -2.279542e-03, -2.279542e-03, 1.312909e-03
13.560390, -2.194018e-03, -1.788177e-03, -1.788177e-03, 1.773680e-04
13.575730, -1.297263e-03, -1.217209e-03, -1.217209e-03, -1.023799e-03
13.591070, -3.217996e-04, -5.962956e-04, -5.962956e-04, -2.285488e-03
13.606410, 6.812063e-04, 5.236471e-05, 5.236471e-05, -3.585667e-03
13.621749, 1.661181e-03, 7.163900e-04, 7.163900e-04, -4.887635e-03
13.637089, 2.572740e-03, 1.393024e-03, 1.393024e-03, -6.146109e-03
13.652429, 3.378308e-03, 2.086623e-03, 2.086623e-03, -7.315277e-03
13.667769, 4.048918e-03, 2.804521e-03, 2.804521e-03, -8.356553e-03
13.683109, 4.563804e-03, 3.552232e-03, 3.552232e-03, -9.244022e-03
13.698448, 4.909726e-03, 4.329011e-03, 4.329011e-03, -9.966369e-03
13.713788, 5.080810e-03, 5.124565e-03, 5.124565e-03, -1.052509e-02
13.729128, 5.079383e-03, 5.917444e-03, 5.917444e-03, -1.092986e-02
13.744468, 4.917728e-03, 6.675249e-03, 6.675249e-03, -1.119252e-02
13.759808, 4.620177e-03, 7.356554e-03, 7.356554e-03, -1.132169e-02
13.775147, 4.224562e-03, 7.914239e-03, 7.914239e-03, -1.131935e-02
13.790487, 3.781964e-03, 8.299871e-03, 8.299871e-03, -1.118049e-02
13.805827, 3.353973e-03, 8.468724e-03, 8.468724e-03, -1.089568e-02
13.821167, 3.007221e-03, 8.384997e-03, 8.384997e-03, -1.045599e-02
13.836507, 2.805661e-03, 8.026710e-03, 8.026710e-03, -9.858613e-03
13.851847, 2.801768e-03, 7.389660e-03, 7.389660e-03, -9.111485e-03
13.867186, 3.028316e-03, 6.489784e-03, 6.489784e-03, -8.235470e-03
13.882526, 3.492431e-03, 5.363340e-03, 5.363340e-03, -7.263053e-03
13.897866, 4.173264e-03, 4.064542e-03, 4.064542e-03, -6.233562e-03
13.913206, 5.023890e-03, 2.660734e-03, 2.660734e-03, -5.185861e-03
13.928546, 5.977131e-03, 1.225637e-03, 1.225637e-03, -4.150323e-03
13.943885, 6.954152e-03, -1.682885e-04, -1.682885e-04, -3.142318e-03
13.959225, 7.874090e-03, -1.457088e-03, -1.457088e-03, -2.159247e-03
13.974565, 8.662941e-03, -2.590894e-03, -2.590894e-03, -1.182443e-03
13.989905, 9.260231e-03, -3.536918e-03, -3.536918e-03, -1.840107e-04
14.005245, 9.622720e-03, -4.279570e-03, -4.279570e-03, 8.627509e-04
14.020584, 9.725157e-03, -4.818060e-03, -4.818060e-03, 1.971849e-03
14.035924, 9.558801e-03, -5.162483e-03, -5.162483e-03, 3.135087e-03
14.051264, 9.128775e-03, -5.329614e-03, -5.329614e-03, 4.317363e-03
14.066604, 8.451247e-03, -5.339604e-03, -5.339604e-03, 5.458527e-03
14.081944, 7.551158e-03, -5.214282e-03, -5.214282e-03, 6.481861e-03
14.097283, 6.460698e-03, -4.977129e-03, -4.977129e-03, 7.307452e-03
14.112623, 5.218312e-03, -4.654357e-03, -4.654357e-03, 7.867359e-03
14.127963, 3.867785e-03, -4.276101e-03, -4.276101e-03, 8.118892e-03
14.143303, 2.456967e-03, -3.876666e-03, -3.876666e-03, 8.052737e-03
14.158643, 1.035935e-03, -3.493083e-03, -3.493083e-03, 7.694007e-03
14.173982, -3.453768e-04, -3.161817e-03, -3.161817e-03, 7.096119e-03
14.189322, -1.639798e-03, -2.914116e-03, -2.914116e-03, 6.329251e-03
14.204662, -2.805484e-03, -2.770964e-03, -2.770964e-03, 5.466360e-03
14.220002, -3.808158e-03, -2.738861e-03, -2.738861e-03, 4.570159e-03
14.235342, -4.622981e-03, -2.807481e-03, -2.807481e-03, 3.683961e-03
14.250682, -5.236054e-03, -2.949843e-03, -2.949843e-03, 2.828035e-03
14.266021, -5.645587e-03, -3.125086e-03, -3.125086e-03, 2.001621e-03
14.281361, -5.862633e-03, -3.283377e-03, -3.283377e-03, 1.189423e-03
14.296701, -5.911107e-03, -3.372137e-03, -3.372137e-03, 3.705544e-04
14.312041, -5.826709e-03, -3.342621e-03, -3.342621e-03, -4.722991e-04
14.327381, -5.654379e-03, -3.155949e-03, -3.155949e-03, -1.345407e-03
14.342720, -5.444218e-03, -2.787890e-03, -2.787890e-03, -2.239402e-03
14.358060, -5.246155e-03, -2.231965e-03, -2.231965e-03, -3.128034e-03
14.373400, -5.104065e-03, -1.500638e-03, -1.500638e-03, -3.970110e-03
14.388740, -5.050308e-03, -6.245512e-04, -6.245512e-04, -4.714061e-03
14.404080, -5.101704e-03, 3.500847e-04, 3.500847e-04, -5.304345e-03
14.419419, -5.257728e-03, 1.365717e-03, 1.365717e-03, -5.688759e-03
14.434759, -5.501263e-03, 2.358903e-03, 2.358903e-03, -5.825729e-03
14.450099, -5.801755e-03, 3.266443e-03, 3.266443e-03, -5.690542e-03
14.465439, -6.120196e-03, 4.031533e-03, 4.031533e-03, -5.279611e-03
14.480779, -6.415052e-03, 4.609201e-03, 4.609201e-03, -4.612006e-03
14.496118, -6.648207e-03, 4.970390e-03, 4.970390e-03, -3.727942e-03
14.511458, -6.790073e-03, 5.104181e-03, 5.104181e-03, -2.684360e-03
14.526798, -6.823181e-03, 5.017927e-03, 5.017927e-03, -1.548289e-03
14.542138, -6.743831e-03, 4.735340e-03, 4.735340e-03, -3.890438e-04
14.557478, -6.561552e-03, 4.292864e-03, 4.292864e-03, 7.294796e-04
14.572817, -6.296418e-03, 3.734838e-03, 3.734838e-03, 1.755299e-03
14.588157, -5.974513e-03, 3.108115e-03, 3.108115e-03, 2.652827e-03
14.603497, -5.622158e-03, 2.456821e-03, 2.456821e-03, 3.404911e-03
14.618837, -5.259798e-03, 1.817937e-03, 1.817937e-03, 4.012430e-03
14.634177, -4.896684e-03, 1.218229e-03, 1.218229e-03, 4.491726e-03
14.649517, -4.527505e-03, 6.729163e-04, 6.729163e-04, 4.870357e-03
14.664856, -4.131905e-03, 1.861917e-04, 1.861917e-04, 5.181713e-03
14.680196, -3.677357e-03, -2.465628e-04, -2.465628e-04, 5.459143e-03
14.695536, -3.125227e-03, -6.353046e-04, -6.353046e-04, 5.730286e-03
14.710876, -2.439133e-03, -9.912494e-04, -9.912494e-04, 6.012283e-03
14.726216, -1.594142e-03, -1.322926e-03, -1.322926e-03, 6.308525e-03
14.741555, -5.850133e-04, -1.633071e-03, -1.633071e-03, 6.607381e-03
14.756895, 5.682231e-04, -1.916886e-03, -1.916886e-03, 6.883133e-03
14.772235, 1.818726e-03, -2.161920e-03, -2.161920e-03, 7.098926e-03
14.787575, 3.095978e-03, -2.349557e-03, -2.349557e-03, 7.211293e-03
14.802915, 4.313418e-03, -2.457824e-03, -2.457824e-03, 7.175562e-03
14.818254, 5.379535e-03, -2.465093e-03, -2.465093e-03, 6.951433e-03
14.833594, 6.210720e-03, -2.354136e-03, -2.354136e-03, 6.508067e-03
14.848934, 6.743750e-03, -2.115992e-03, -2.115992e-03, 5.828223e-03
14.864274, 6.945712e-03, -1.753114e-03, -1.753114e-03, 4.911167e-03
14.879614, 6.819517e-03, -1.281299e-03, -1.281299e-03, 3.774188e-03
14.894953, 6.403851e-03, -7.299910e-04, -7.299910e-04, 2.452605e-03
14.910293, 5.767344e-03, -1.406673e-04, -1.406673e-04, 9.981714e-04
14.925633, 4.997799e-03, 4.367746e-04, 4.367746e-04, -5.241539e-04
14.940973, 4.188295e-03, 9.493840e-04, 9.493840e-04, -2.040993e-03
14.956313, 3.422688e-03, 1.347694e-03, 1.347694e-03, -3.476612e-03
14.971652, 2.763186e-03, 1.592492e-03, 1.592492e-03, -4.759698e-03
14.986992, 2.242390e-03, 1.660676e-03, 1.660676e-03, -5.830078e-03
15.002332, 1.861316e-03, 1.549041e-03, 1.549041e-03, -6.644522e-03
15.017672, 1.593730e-03, 1.275127e-03, 1.275127e-03, -7.180821e-03
15.033012, 1.395768e-03, 8.747323e-04, 8.747323e-04, -7.439580e-03
15.048352, 1.218743e-03, 3.963889e-04, 3.963889e-04, -7.443437e-03
15.063691, 1.022344e-03, -1.062580e-04, -1.062580e-04, -7.233852e-03
15.079031, 7.853621e-04, -5.827419e-04, -5.827419e-04, -6.865793e-03
15.094371, 5.116588e-04, -9.931101e-04, -9.931101e-04, -6.400918e-03
15.109711, 2.301312e-04, -1.312862e-03, -1.312862e-03, -5.899927e-03
15.125051, -1.121997e-05, -1.534546e-03, -1.534546e-03, -5.414878e-03
15.140390, -1.557690e-04, -1.665821e-03, -1.665821e-03, -4.982320e-03
15.155730, -1.509832e-04, -1.724522e-03, -1.724522e-03, -4.618155e-03
15.171070, 3.935957e-05, -1.731957e-03, -1.731957e-03, -4.315142e-03
15.186410, 4.260070e-04, -1.705961e-03, -1.705961e-03, -4.043787e-03
15.201750, 9.899425e-04, -1.655275e-03, -1.655275e-03, -3.756956e-03
15.217089, 1.683707e-03, -1.576450e-03, -1.576450e-03, -3.397925e-03
15.232429, 2.437893e-03, -1.453904e-03, -1.453904e-03, -2.910862e-03
15.247769, 3.171344e-03, -1.263070e-03, -1.263070e-03, -2.252015e-03
15.263109, 3.802948e-03, -9.759476e-04, -9.759476e-04, -1.399488e-03
15.278449, 4.262778e-03, -5.679004e-04, -5.679004e-04, -3.595177e-04
15.293788, 4.500700e-03, -2.434799e-05, -2.434799e-05, 8.322197e-04
15.309128, 4.491233e-03, 6.539371e-04, 6.539371e-04, 2.114723e-03
15.324468, 4.234355e-03, 1.447930e-03, 1.447930e-03, 3.410450e-03
15.339808, 3.752683e-03, 2.320411e-03, 2.320411e-03, 4.636892e-03
15.355148, 3.086099e-03, 3.219015e-03, 3.219015e-03, 5.718456e-03
15.370487, 2.285058e-03, 4.081835e-03, 4.081835e-03, 6.596172e-03
15.385827, 1.403799e-03, 4.844697e-03, 4.844697e-03, 7.233411e-03
15.401167, 4.944053e-04, 5.448999e-03, 5.448999e-03, 7.616911e-03
15.416507, -3.977057e-04, 5.848899e-03, 5.848899e-03, 7.753592e-03
15.431847, -1.236592e-03, 6.016735e-03, 6.016735e-03, 7.664668e-03
15.447187, -1.996901e-03, 5.945890e-03, 5.945890e-03, 7.378971e-03
15.462526, -2.663417e-03, 5.650682e-03, 5.650682e-03, 6.927272e-03
15.477866, -3.229343e-03, 5.163395e-03, 5.163395e-03, 6.338732e-03
15.493206, -3.693695e-03, 4.529012e-03, 4.529012e-03, 5.639793e-03
15.508546, -4.058357e-03, 3.798562e-03, 3.798562e-03, 4.854936e-03
15.523886, -4.325385e-03, 3.022186e-03, 3.022186e-03, 4.008296e-03
15.539225, -4.495178e-03, 2.242983e-03, 2.242983e-03, 3.125020e-03
15.554565, -4.565980e-03, 1.492501e-03, 1.492501e-03, 2.231596e-03
15.569905, -4.534827e-03, 7.883882e-04, 7.883882e-04, 1.354866e-03
15.585245, -4.399674e-03, 1.343279e-04, 1.343279e-04, 5.199904e-04
15.600585, -4.162065e-03, -4.779476e-04, -4.779476e-04, -2.520156e-04
15.615924, -3.829482e-03, -1.065068e-03, -1.065068e-03, -9.464454e-04
15.631264, -3.416564e-03, -1.647490e-03, -1.647490e-03, -1.556206e-03
15.646604, -2.944710e-03, -2.244702e-03, -2.244702e-03, -2.081987e-03
15.661944, -2.440072e-03, -2.870801e-03, -2.870801e-03, -2.531347e-03
15.677284, -1.930464e-03, -3.530987e-03, -3.530987e-03, -2.916990e-03
15.692623, -1.442005e-03, -4.219359e-03, -4.219359e-03, -3.254652e-03
15.707963, -9.964181e-04, -4.918274e-03, -4.918274e-03, -3.560946e-03
15.723303, -6.096079e-04, -5.599313e-03, -5.599313e-03, -3.851412e-03
15.738643, -2.916731e-04, -6.225737e-03, -6.225737e-03, -4.138893e-03
15.753983, -4.800579e-05, -6.756125e-03, -6.756125e-03, -4.432259e-03
15.769322, 1.192140e-04, -7.148701e-03, -7.148701e-03, -4.735428e-03
15.784662, 2.098840e-04, -7.365795e-03, -7.365795e-03, -5.046694e-03
15.800002, 2.257426e-04, -7.377838e-03, -7.377838e-03, -5.358360e-03
15.815342, 1.711237e-04, -7.166400e-03, -7.166400e-03, -5.656798e-03
15.830682, 5.432381e-05, -6.725950e-03, -6.725950e-03, -5.923026e-03
15.846022, -1.111139e-04, -6.064282e-03, -6.064282e-03, -6.133919e-03
15.861361, -3.059362e-04, -5.201780e-03, -5.201780e-03, -6.264142e-03
15.876701, -5.060449e-04, -4.169878e-03, -4.169878e-03, -6.288771e-03
15.892041, -6.847662e-04, -3.009159e-03, -3.009159e-03, -6.186437e-03
15.907381, -8.161082e-04, -1.767456e-03, -1.767456e-03, -5.942662e-03
15.922721, -8.782343e-04, -4.981135e-04, -4.981135e-04, -5.552936e-03
15.938060, -8.562865e-04, 7.416537e-04, 7.416537e-04, -5.024931e-03
15.953400, -7.438815e-04, 1.892632e-03, 1.892632e-03, -4.379293e-03
15.968740, -5.430011e-04, 2.896110e-03, 2.896110e-03, -3.648604e-03
15.984080, -2.624826e-04, 3.697348e-03, 3.697348e-03, -2.874380e-03
15.999420, 8.426632e-05, 4.250061e-03, 4.250061e-03, -2.102410e-03
16.014759, 4.815290e-04, 4.521568e-03, 4.521568e-03, -1.377113e-03
16.030099, 9.128308e-04, 4.497806e-03, 4.497806e-03, -7.359247e-04
16.045439, 1.361437e-03, 4.187134e-03, 4.187134e-03, -2.048373e-04
16.060779, 1.809919e-03, 3.621810e-03, 3.621810e-03, 2.039993e-04
16.076119, 2.239362e-03, 2.856318e-03, 2.856318e-03, 4.921105e-04
16.091458, 2.628987e-03, 1.962291e-03, 1.962291e-03, 6.720652e-04
16.106798, 2.956925e-03, 1.020540e-03, 1.020540e-03, 7.630883e-04
16.122138, 3.202455e-03, 1.114098e-04, 1.114098e-04, 7.860804e-04
16.137478, 3.349496e-03, -6.948482e-04, -6.948482e-04, 7.593205e-04
16.152818, 3.390557e-03, -1.345877e-03, -1.345877e-03, 6.959057e-04
16.168158, 3.329981e-03, -1.811730e-03, -1.811730e-03, 6.034609e-04
16.183497, 3.185271e-03, -2.085334e-03, -2.085334e-03, 4.859746e-04
16.198837, 2.985673e-03, -2.179048e-03, -2.179048e-03, 3.469735e-04
16.214177, 2.767853e-03, -2.118290e-03, -2.118290e-03, 1.928704e-04
16.229517, 2.569326e-03, -1.933852e-03, -1.933852e-03, 3.531391e-05
16.244857, 2.420982e-03, -1.654680e-03, -1.654680e-03, -1.082927e-04
16.260196, 2.340428e-03, -1.302710e-03, -1.302710e-03, -2.163426e-04
16.275536, 2.327793e-03, -8.907087e-04, -8.907087e-04, -2.662211e-04
16.290876, 2.365063e-03, -4.232965e-04, -4.232965e-04, -2.382041e-04
16.306216, 2.419193e-03, 9.944758e-05, 9.944758e-05, -1.189348e-04
16.321556, 2.448283e-03, 6.769985e-04, 6.769985e-04, 9.647326e-05
16.336895, 2.409373e-03, 1.303447e-03, 1.303447e-03, 4.042052e-04
16.352235, 2.266014e-03, 1.963938e-03, 1.963938e-03, 7.932956e-04
16.367575, 1.993950e-03, 2.633406e-03, 2.633406e-03, 1.248331e-03
16.382915, 1.583793e-03, 3.277903e-03, 3.277903e-03, 1.752389e-03
16.398255, 1.040446e-03, 3.858234e-03, 3.858234e-03, 2.289353e-03
16.413594, 3.799360e-04, 4.335060e-03, 4.335060e-03, 2.845049e-03
16.428934, -3.750359e-04, 4.674387e-03, 4.674387e-03, 3.407130e-03
16.444274, -1.199257e-03, 4.852320e-03, 4.852320e-03, 3.964101e-03
16.459614, -2.067555e-03, 4.858180e-03, 4.858180e-03, 4.504159e-03
16.474954, -2.955080e-03, 4.695489e-03, 4.695489e-03, 5.014548e-03
16.490293, -3.835494e-03, 4.380800e-03, 4.380800e-03, 5.481842e-03
16.505633, -4.678082e-03, 3.940773e-03, 3.940773e-03, 5.893220e-03
16.520973, -5.445250e-03, 3.408221e-03, 3.408221e-03, 6.238341e-03
16.536313, -6.091935e-03, 2.817990e-03, 2.817990e-03, 6.511210e-03
16.551653, -6.567888e-03, 2.203427e-03, 2.203427e-03, 6.711327e-03
16.566993, -6.823018e-03, 1.593965e-03, 1.593965e-03, 6.843652e-03
16.582332, -6.814947e-03, 1.013988e-03, 1.013988e-03, 6.917256e-03
16.597672, -6.517184e-03, 4.827904e-04, 4.827904e-04, 6.942912e-03
16.613012, -5.925940e-03, 1.518091e-05, 1.518091e-05, 6.930178e-03
16.628352, -5.063802e-03, -3.777782e-04, -3.777782e-04, 6.884681e-03
16.643692, -3.979203e-03, -6.883214e-04, -6.883214e-04, 6.806252e-03
16.659031, -2.741571e-03, -9.119847e-04, -9.119847e-04, 6.688321e-03
16.674371, -1.433142e-03, -1.047954e-03, -1.047954e-03, 6.518708e-03
16.689711, -1.391194e-04, -1.099437e-03, -1.099437e-03, 6.281627e-03
16.705051, 1.061800e-03, -1.073683e-03, -1.073683e-03, 5.960473e-03
16.720391, 2.104826e-03, -9.814439e-04, -9.814439e-04, 5.540834e-03
16.735730, 2.943325e-03, -8.358735e-04, -8.358735e-04, 5.013165e-03
16.751070, 3.549774e-03, -6.512092e-04, -6.512092e-04, 4.374684e-03
16.766410, 3.914066e-03, -4.416705e-04, -4.416705e-04, 3.630250e-03
16.781750, 4.040356e-03, -2.209992e-04, -2.209992e-04, 2.792169e-03
16.797090, 3.943674e-03, -2.797696e-06, -2.797696e-06, 1.879153e-03
16.812429, 3.647231e-03, 1.985406e-04, 1.985406e-04, 9.147046e-04
16.827769, 3.180730e-03, 3.668439e-04, 3.668439e-04, -7.470969e-05
16.843109, 2.579433e-03, 4.837933e-04, 4.837933e-04, -1.061464e-03
16.858449, 1.883299e-03, 5.297152e-04, 5.297152e-04, -2.018399e-03
16.873789, 1.135453e-03, 4.856959e-04, 4.856959e-04, -2.920267e-03
16.889128, 3.795555e-04, 3.366801e-04, 3.366801e-04, -3.745044e-03
16.904468, -3.438570e-04, 7.478831e-05, 7.478831e-05, -4.475139e-03
16.919808, -1.001462e-03, -2.981033e-04, -2.981033e-04, -5.098379e-03
16.935148, -1.570699e-03, -7.693282e-04, -7.693282e-04, -5.608581e-03
16.950488, -2.041762e-03, -1.316316e-03, -1.316316e-03, -6.005455e-03
16.965828, -2.417361e-03, -1.909210e-03, -1.909210e-03, -6.293664e-03
16.981167, -2.710122e-03, -2.514521e-03, -2.514521e-03, -6.481087e-03
16.996507, -2.938156e-03, -3.098871e-03, -3.098871e-03, -6.576625e-03
17.011847, -3.119791e-03, -3.631978e-03, -3.631978e-03, -6.588144e-03
17.027187, -3.268713e-03, -4.088359e-03, -4.088359e-03, -6.521189e-03
17.042527, -3.390611e-03, -4.447780e-03, -4.447780e-03, -6.378958e-03
17.057866, -3.481974e-03, -4.694861e-03, -4.694861e-03, -6.163668e-03
17.073206, -3.531142e-03, -4.818493e-03, -4.818493e-03, -5.878917e-03
17.088546, -3.521161e-03, -4.811636e-03, -4.811636e-03, -5.532270e-03
17.103886, -3.433631e-03, -4.671752e-03, -4.671752e-03, -5.137079e-03
17.119226, -3.252623e-03, -4.401737e-03, -4.401737e-03, -4.712743e-03
17.134565, -2.967875e-03, -4.010914e-03, -4.010914e-03, -4.283017e-03
17.149905, -2.576781e-03, -3.515511e-03, -3.515511e-03, -3.872639e-03
17.165245, -2.084992e-03, -2.938213e-03, -2.938213e-03, -3.503131e-03
17.180585, -1.505758e-03, -2.306695e-03, -2.306695e-03, -3.188992e-03
17.195925, -8.582725e-04, -1.651368e-03, -1.651368e-03, -2.935441e-03
17.211264, -1.653940e-04, -1.002864e-03, -1.002864e-03, -2.738479e-03
17.226604, 5.489501e-04, -3.898043e-04, -3.898043e-04, -2.587336e-03
17.241944, 1.262348e-03, 1.627681e-04, 1.627681e-04, -2.468629e-03
17.257284, 1.956178e-03, 6.342189e-04, 6.342189e-04, -2.371006e-03
17.272624, 2.617261e-03, 1.008662e-03, 1.008662e-03, -2.288831e-03
17.287963, 3.238614e-03, 1.275242e-03, 1.275242e-03, -2.223792e-03
17.303303, 3.819068e-03, 1.428748e-03, 1.428748e-03, -2.183853e-03
17.318643, 4.361693e-03, 1.470724e-03, 1.470724e-03, -2.179867e-03
17.333983, 4.871176e-03, 1.410854e-03, 1.410854e-03, -2.220813e-03
17.349323, 5.350567e-03, 1.268075e-03, 1.268075e-03, -2.309144e-03
17.364663, 5.798022e-03, 1.070694e-03, 1.070694e-03, -2.437618e-03
17.380002, 6.204231e-03, 8.549074e-04, 8.549074e-04, -2.588573e-03
17.395342, 6.551206e-03, 6.614430e-04, 6.614430e-04, -2.735836e-03
17.410682, 6.812843e-03, 5.306168e-04, 5.306168e-04, -2.848639e-03
17.426022, 6.957389e-03, 4.965814e-04, 4.965814e-04, -2.896351e-03
17.441362, 6.951524e-03, 5.819024e-04, 5.819024e-04, -2.852619e-03
17.456701, 6.765504e-03, 7.936377e-04, 7.936377e-04, -2.697884e-03
17.472041, 6.378579e-03, 1.121805e-03, 1.121805e-03, -2.419796e-03
17.487381, 5.783832e-03, 1.540592e-03, 1.540592e-03, -2.011906e-03
17.502721, 4.991646e-03, 2.012035e-03, 2.012035e-03, -1.471593e-03
17.518061, 4.031206e-03, 2.491377e-03, 2.491377e-03, -7.984881e-04
17.533400, 2.949674e-03, 2.933013e-03, 2.933013e-03, 5.560884e-06
17.548740, 1.808961e-03, 3.295950e-03, 3.295950e-03, 9.345370e-04
17.564080, 6.803286e-04, 3.547982e-03, 3.547982e-03, 1.974635e-03
17.579420, -3.626392e-04, 3.668190e-03, 3.668190e-03, 3.100039e-03
17.594760, -1.251908e-03, 3.647785e-03, 3.647785e-03, 4.269607e-03
17.610099, -1.932727e-03, 3.489635e-03, 3.489635e-03, 5.425958e-03
17.625439, -2.370141e-03, 3.206874e-03, 3.206874e-03, 6.498015e-03
17.640779, -2.553277e-03, 2.821003e-03, 2.821003e-03, 7.407298e-03
17.656119, -2.496650e-03, 2.359702e-03, 2.359702e-03, 8.077321e-03
17.671459, -2.238148e-03, 1.854472e-03, 1.854472e-03, 8.444668e-03
17.686798, -1.833879e-03, 1.338161e-03, 1.338161e-03, 8.469709e-03
17.702138, -1.350592e-03, 8.424445e-04, 8.424445e-04, 8.144813e-03
17.717478, -8.568509e-04, 3.954528e-04, 3.954528e-04, 7.498176e-03
17.732818, -4.143583e-04, 1.980356e-05, 1.980356e-05, 6.592099e-03
17.748158, -7.081273e-05, -2.686915e-04, -2.686915e-04, 5.515521e-03
17.763498, 1.446213e-04, -4.614572e-04, -4.614572e-04, 4.371767e-03
17.778837, 2.226412e-04, -5.567261e-04, -5.567261e-04, 3.263492e-03
17.794177, 1.719692e-04, -5.584593e-04, -5.584593e-04, 2.277480e-03
17.809517, 1.496745e-05, -4.749837e-04, -4.749837e-04, 1.472193e-03
17.824857, -2.182587e-04, -3.177638e-04, -3.177638e-04, 8.705148e-04
17.840197, -4.960352e-04, -1.006335e-04, -1.006335e-04, 4.591824e-04
17.855536, -7.904036e-04, 1.603901e-04, 1.603901e-04, 1.949645e-04
17.870876, -1.080656e-03, 4.468329e-04, 4.468329e-04, 1.623327e-05
17.886216, -1.354725e-03, 7.373602e-04, 7.373602e-04, -1.426283e-04
17.901556, -1.608527e-03, 1.007673e-03, 1.007673e-03, -3.371326e-04
17.916896, -1.843777e-03, 1.231097e-03, 1.231097e-03, -6.019039e-04
17.932235, -2.065084e-03, 1.380074e-03, 1.380074e-03, -9.453154e-04
17.947575, -2.277209e-03, 1.428535e-03, 1.428535e-03, -1.350279e-03
17.962915, -2.483215e-03, 1.354856e-03, 1.354856e-03, -1.780443e-03
17.978255, -2.683930e-03, 1.144933e-03, 1.144933e-03, -2.189841e-03
17.993595, -2.878783e-03, 7.948018e-04, 7.948018e-04, -2.533385e-03
18.008934, -3.067630e-03, 3.123103e-04, 3.123103e-04, -2.775682e-03
18.024274, -3.252905e-03, -2.825092e-04, -2.825092e-04, -2.896412e-03
18.039614, -3.441269e-03, -9.584845e-04, -9.584845e-04, -2.891558e-03
18.054954, -3.644025e-03, -1.675634e-03, -1.675634e-03, -2.770983e-03
18.070294, -3.875806e-03, -2.388456e-03, -2.388456e-03, -2.553682e-03
18.085633, -4.151505e-03, -3.049735e-03, -3.049735e-03, -2.262440e-03
18.100973, -4.481864e-03, -3.614376e-03, -3.614376e-03, -1.919444e-03
18.116313, -4.868622e-03, -4.042886e-03, -4.042886e-03, -1.543795e-03
18.131653, -5.300336e-03, -4.304209e-03, -4.304209e-03, -1.151099e-03
18.146993, -5.750003e-03, -4.377799e-03, -4.377799e-03, -7.545905e-04
18.162333, -6.175331e-03, -4.254879e-03, -4.254879e-03, -3.668366e-04
18.177672, -6.522015e-03, -3.938971e-03, -3.938971e-03, -9.867762e-07
18.193012, -6.729712e-03, -3.445698e-03, -3.445698e-03, 3.291241e-04
18.208352, -6.739869e-03, -2.801898e-03, -2.801898e-03, 6.102249e-04
18.223692, -6.504102e-03, -2.044018e-03, -2.044018e-03, 8.318941e-04
18.239032, -5.991751e-03, -1.215791e-03, -1.215791e-03, 9.891911e-04
18.254371, -5.195331e-03, -3.652468e-04, -3.652468e-04, 1.084800e-03
18.269711, -4.133069e-03, 4.587397e-04, 4.587397e-04, 1.129977e-03
18.285051, -2.848236e-03, 1.210065e-03, 1.210065e-03, 1.143906e-03
18.300391, -1.405518e-03, 1.848738e-03, 1.848738e-03, 1.151403e-03
18.315731, 1.149151e-04, 2.343533e-03, 2.343533e-03, 1.179291e-03
18.331070, 1.624748e-03, 2.673605e-03, 2.673605e-03, 1.252012e-03
18.346410, 3.035340e-03, 2.828958e-03, 2.828958e-03, 1.387197e-03
18.361750, 4.265209e-03, 2.809852e-03, 2.809852e-03, 1.592006e-03
18.377090, 5.246549e-03, 2.625494e-03, 2.625494e-03, 1.860947e-03
18.392430, 5.930343e-03, 2.292438e-03, 2.292438e-03, 2.175771e-03
18.407769, 6.289759e-03, 1.833119e-03, 1.833119e-03, 2.507733e-03
18.423109, 6.321686e-03, 1.274763e-03, 1.274763e-03, 2.822067e-03
18.438449, 6.046327e-03, 6.486715e-04, 6.486715e-04, 3.084012e-03
18.453789, 5.504880e-03, -1.037292e-05, -1.037292e-05, 3.265255e-03
18.469129, 4.755489e-03, -6.649932e-04, -6.649932e-04, 3.349351e-03
18.484468, 3.867803e-03, -1.276797e-03, -1.276797e-03, 3.334708e-03
18.499808, 2.916649e-03, -1.808867e-03, -1.808867e-03, 3.234145e-03
18.515148, 1.975465e-03, -2.229061e-03, -2.229061e-03, 3.070897e-03
18.530488, 1.110198e-03, -2.513672e-03, -2.513672e-03, 2.871832e-03
18.545828, 3.743344e-04, -2.650724e-03, -2.650724e-03, 2.659567e-03
18.561168, -1.943864e-04, -2.642090e-03, -2.642090e-03, 2.445605e-03
18.576507, -5.752997e-04, -2.503769e-03, -2.503769e-03, 2.226513e-03
18.591847, -7.641592e-04, -2.264014e-03, -2.264014e-03, 1.984392e-03
18.607187, -7.707879e-04, -1.959461e-03, -1.959461e-03, 1.691720e-03
18.622527, -6.155813e-04, -1.629907e-03, -1.629907e-03, 1.319383e-03
18.637867, -3.255627e-04, -1.312654e-03, -1.312654e-03, 8.457498e-04
18.653206, 6.930543e-05, -1.037465e-03, -1.037465e-03, 2.642166e-04
18.668546, 5.389828e-04, -8.229873e-04, -8.229873e-04, -4.129184e-04
18.683886, 1.055069e-03, -6.751344e-04, -6.751344e-04, -1.155426e-03
18.699226, 1.591401e-03, -5.874885e-04, -5.874885e-04, -1.920760e-03
18.714566, 2.123863e-03, -5.433806e-04, -5.433806e-04, -2.662843e-03
18.729905, 2.629956e-03, -5.190571e-04, -5.190571e-04, -3.341679e-03
18.745245, 3.088672e-03, -4.872975e-04, -4.872975e-04, -3.931270e-03
18.760585, 3.481115e-03, -4.209626e-04, -4.209626e-04, -4.423861e-03
18.775925, 3.791955e-03, -2.961644e-04, -2.961644e-04, -4.829570e-03
18.791265, 4.011460e-03, -9.495048e-05, -9.495048e-05, -5.171715e-03
18.806604, 4.137524e-03, 1.924916e-04, 1.924916e-04, -5.479245e-03
18.821944, 4.176957e-03, 5.661289e-04, 5.661289e-04, -5.778309e-03
18.837284, 4.145387e-03, 1.015012e-03, 1.015012e-03, -6.085082e-03
18.852624, 4.065392e-03, 1.517120e-03, 1.517120e-03, -6.401454e-03
18.867964, 3.962965e-03, 2.040475e-03, 2.040475e-03, -6.714357e-03
18.883303, 3.862865e-03, 2.545811e-03, 2.545811e-03, -6.998558e-03
18.898643, 3.783787e-03, 2.990804e-03, 2.990804e-03, -7.221958e-03
18.913983, 3.734432e-03, 3.335513e-03, 3.335513e-03, -7.351940e-03
18.929323, 3.711410e-03, 3.548238e-03, 3.548238e-03, -7.361266e-03
18.944663, 3.699521e-03, 3.610718e-03, 3.610718e-03, -7.232314e-03
18.960003, 3.674421e-03, 3.521533e-03, 3.521533e-03, -6.958931e-03
18.975342, 3.607079e-03, 3.296814e-03, 3.296814e-03, -6.545842e-03
18.990682, 3.469060e-03, 2.967875e-03, 2.967875e-03, -6.006064e-03
19.006022, 3.237474e-03, 2.576101e-03, 2.576101e-03, -5.357216e-03
19.021362, 2.898588e-03, 2.166036e-03, 2.166036e-03, -4.617741e-03
19.036702, 2.449484e-03, 1.778102e-03, 1.778102e-03, -3.803989e-03
19.052041, 1.897715e-03, 1.442466e-03, 1.442466e-03, -2.928856e-03
19.067381, 1.259357e-03, 1.175281e-03, 1.175281e-03, -2.002241e-03
19.082721, 5.562712e-04, 9.779399e-04, 9.779399e-04, -1.033069e-03
19.098061, -1.866370e-04, 8.392251e-04, 8.392251e-04, -3.225042e-05
19.113401, -9.434793e-04, 7.395740e-04, 7.395740e-04, 9.843538e-04
19.128740, -1.688546e-03, 6.562479e-04, 6.562479e-04, 1.993966e-03
19.144080, -2.396745e-03, 5.681293e-04, 5.681293e-04, 2.966701e-03
19.159420, -3.043808e-03, 4.591470e-04, 4.591470e-04, 3.867502e-03
19.174760, -3.606862e-03, 3.198437e-04, 3.198437e-04, 4.660006e-03
19.190100, -4.065752e-03, 1.471709e-04, 1.471709e-04, 5.311561e-03
19.205439, -4.405191e-03, -5.694717e-05, -5.694717e-05, 5.798276e-03
19.220779, -4.617314e-03, -2.875185e-04, -2.875185e-04, 6.108862e-03
19.236119, -4.703911e-03, -5.381485e-04, -5.381485e-04, 6.246269e-03
19.251459, -4.677502e-03, -8.020278e-04, -8.020278e-04, 6.226692e-03
19.266799, -4.560607e-03, -1.072170e-03, -1.072170e-03, 6.076177e-03
19.282139, -4.382958e-03, -1.341156e-03, -1.341156e-03, 5.825681e-03
19.297478, -4.177008e-03, -1.600813e-03, -1.600813e-03, 5.505872e-03
19.312818, -3.972578e-03, -1.842250e-03, -1.842250e-03, 5.142921e-03
19.328158, -3.791800e-03, -2.056487e-03, -2.056487e-03, 4.756251e-03
19.343498, -3.645509e-03, -2.235628e-03, -2.235628e-03, 4.358535e-03
19.358838, -3.531945e-03, -2.374263e-03, -2.374263e-03, 3.957573e-03
19.374177, -3.438056e-03, -2.470655e-03, -2.470655e-03, 3.559132e-03
19.389517, -3.343081e-03, -2.527221e-03, -2.527221e-03, 3.169614e-03
19.404857, -3.223566e-03, -2.550023e-03, -2.550023e-03, 2.797540e-03
19.420197, -3.058659e-03, -2.547213e-03, -2.547213e-03, 2.453332e-03
19.435537, -2.834542e-03, -2.526723e-03, -2.526723e-03, 2.147495e-03
19.450876, -2.547165e-03, -2.493701e-03, -2.493701e-03, 1.887810e-03
19.466216, -2.202902e-03, -2.448334e-03, -2.448334e-03, 1.676509e-03
19.481556, -1.817282e-03, -2.384672e-03, -2.384672e-03, 1.508375e-03
19.496896, -1.412374e-03, -2.290870e-03, -2.290870e-03, 1.370430e-03
19.512236, -1.013595e-03, -2.150974e-03, -2.150974e-03, 1.243378e-03
19.527575, -6.466722e-04, -1.948045e-03, -1.948045e-03, 1.104530e-03
19.542915, -3.352919e-04, -1.668067e-03, -1.668067e-03, 9.315777e-04
19.558255, -9.960510e-05, -1.303908e-03, -1.303908e-03, 7.065017e-04
19.573595, 4.456839e-05, -8.584854e-04, -8.584854e-04, 4.189516e-04
19.588935, 8.618634e-05, -3.464000e-04, -3.464000e-04, 6.867627e-05
19.604274, 1.948098e-05, 2.064529e-04, 2.064529e-04, -3.331978e-04
19.619614, -1.552134e-04, 7.654040e-04, 7.654040e-04, -7.641028e-04
19.634954, -4.302608e-04, 1.291356e-03, 1.291356e-03, -1.191193e-03
19.650294, -7.893826e-04, 1.746248e-03, 1.746248e-03, -1.573759e-03
19.665634, -1.206612e-03, 2.098674e-03, 2.098674e-03, -1.866907e-03
19.680974, -1.646061e-03, 2.328607e-03, 2.328607e-03, -2.026464e-03
19.696313, -2.062956e-03, 2.430337e-03, 2.430337e-03, -2.014780e-03
19.711653, -2.406222e-03, 2.413074e-03, 2.413074e-03, -1.806832e-03
19.726993, -2.622586e-03, 2.299131e-03, 2.299131e-03, -1.395680e-03
19.742333, -2.661888e-03, 2.120104e-03, 2.120104e-03, -7.961722e-04
19.757673, -2.483002e-03, 1.911835e-03, 1.911835e-03, -4.585908e-05
19.773012, -2.059604e-03, 1.709152e-03, 1.709152e-03, 7.975300e-04
19.788352, -1.384937e-03, 1.541322e-03, 1.541322e-03, 1.662066e-03
19.803692, -4.748191e-04, 1.428935e-03, 1.428935e-03, 2.470305e-03
19.819032, 6.316980e-04, 1.382533e-03, 1.382533e-03, 3.149285e-03
19.834372, 1.874289e-03, 1.402904e-03, 1.402904e-03, 3.640045e-03
19.849711, 3.175864e-03, 1.482644e-03, 1.482644e-03, 3.904909e-03
19.865051, 4.449186e-03, 1.608399e-03, 1.608399e-03, 3.931214e-03
19.880391, 5.604826e-03, 1.763212e-03, 1.763212e-03, 3.730947e-03
19.895731, 6.559495e-03, 1.928519e-03, 1.928519e-03, 3.336613e-03
19.911071, 7.243715e-03, 2.085570e-03, 2.085570e-03, 2.794415e-03
19.926410, 7.607931e-03, 2.216249e-03, 2.216249e-03, 2.156289e-03
19.941750, 7.626399e-03, 2.303470e-03, 2.303470e-03, 1.472375e-03
19.957090, 7.298568e-03, 2.331379e-03, 2.331379e-03, 7.851962e-04
19.972430, 6.648024e-03, 2.285616e-03, 2.285616e-03, 1.262331e-04
19.987770, 5.719408e-03, 2.153828e-03, 2.153828e-03, -4.850030e-04
20.003109, 4.573878e-03, 1.926509e-03, 1.926509e-03, -1.039796e-03
20.018449, 3.283767e-03, 1.598130e-03, 1.598130e-03, -1.537632e-03
20.033789, 1.927012e-03, 1.168420e-03, 1.168420e-03, -1.982918e-03
20.049129, 5.817801e-04, 6.435741e-04, 6.435741e-04, -2.381646e-03
20.064469, -6.784447e-04, 3.710404e-05, 3.710404e-05, -2.738481e-03
20.079809, -1.789147e-03, -6.299111e-04, -6.299111e-04, -3.054633e-03
20.095148, -2.698343e-03, -1.329379e-03, -1.329379e-03, -3.326788e-03
20.110488, -3.369308e-03, -2.027631e-03, -2.027631e-03, -3.547287e-03
20.125828, -3.782343e-03, -2.687663e-03, -2.687663e-03, -3.705611e-03
20.141168, -3.935403e-03, -3.271992e-03, -3.271992e-03, -3.791016e-03
20.156508, -3.843472e-03, -3.745785e-03, -3.745785e-03, -3.795839e-03
20.171847, -3.536640e-03, -4.079921e-03, -4.079921e-03, -3.718743e-03
20.187187, -3.056995e-03, -4.253650e-03, -4.253650e-03, -3.566990e-03
20.202527, -2.454569e-03, -4.256577e-03, -4.256577e-03, -3.357002e-03
20.217867, -1.782744e-03, -4.089817e-03, -4.089817e-03, -3.112768e-03
20.233207, -1.093599e-03, -3.766244e-03, -3.766244e-03, -2.862286e-03
20.248546, -4.336950e-04, -3.309808e-03, -3.309808e-03, -2.632744e-03
20.263886, 1.592578e-04, -2.753972e-03, -2.753972e-03, -2.445606e-03
20.279226, 6.585035e-04, -2.139318e-03, -2.139318e-03, -2.312792e-03
20.294566, 1.048938e-03, -1.510466e-03, -1.510466e-03, -2.234859e-03
20.309906, 1.326403e-03, -9.125202e-04, -9.125202e-04, -2.201547e-03
20.325245, 1.495773e-03, -3.873548e-04, -3.873548e-04, -2.194390e-03
20.340585, 1.568178e-03, 2.988619e-05, 2.988619e-05, -2.190576e-03
20.355925, 1.557853e-03, 3.136738e-04, 3.136738e-04, -2.167047e-03
20.371265, 1.479127e-03, 4.500594e-04, 4.500594e-04, -2.103953e-03
20.386605, 1.344035e-03, 4.375470e-04, 4.375470e-04, -1.986933e-03
20.401944, 1.160883e-03, 2.868833e-04, 2.868833e-04, -1.808190e-03
20.417284, 9.339081e-04, 1.992509e-05, 1.992509e-05, -1.566677e-03
20.432624, 6.639466e-04, -3.321867e-04, -3.321867e-04, -1.267834e-03
20.447964, 3.498456e-04, -7.313360e-04, -7.313360e-04, -9.232047e-04
20.463304, -9.763450e-06, -1.135105e-03, -1.135105e-03, -5.499620e-04
20.478644, -4.146867e-04, -1.499782e-03, -1.499782e-03, -1.700858e-04
20.493983, -8.616595e-04, -1.783699e-03, -1.783699e-03, 1.911862e-04
20.509323, -1.343243e-03, -1.950826e-03, -1.950826e-03, 5.079288e-04
20.524663, -1.847137e-03, -1.974362e-03, -1.974362e-03, 7.570571e-04
20.540003, -2.355841e-03, -1.839866e-03, -1.839866e-03, 9.222950e-04
20.555343, -2.846671e-03, -1.547318e-03, -1.547318e-03, 9.976955e-04
20.570682, -3.292175e-03, -1.111533e-03, -1.111533e-03, 9.896802e-04
20.586022, -3.661152e-03, -5.605650e-04, -5.605650e-04, 9.167535e-04
20.601362, -3.920464e-03, 6.785540e-05, 6.785540e-05, 8.065606e-04
20.616702, -4.037797e-03, 7.313403e-04, 7.313403e-04, 6.906582e-04
20.632042, -3.985273e-03, 1.388383e-03, 1.388383e-03, 5.980487e-04
20.647381, -3.743558e-03, 2.003299e-03, 2.003299e-03, 5.489552e-04
20.662721, -3.305768e-03, 2.549536e-03, 2.549536e-03, 5.503754e-04
20.678061, -2.680348e-03, 3.010709e-03, 3.010709e-03, 5.945902e-04
20.693401, -1.892106e-03, 3.379309e-03, 3.379309e-03, 6.610958e-04
20.708741, -9.808621e-04, 3.653624e-03, 3.653624e-03, 7.215802e-04
20.724080, 2.325466e-06, 3.833909e-03, 3.833909e-03, 7.468127e-04
20.739420, 1.000828e-03, 3.919023e-03, 3.919023e-03, 7.138536e-04
20.754760, 1.959003e-03, 3.904574e-03, 3.904574e-03, 6.119215e-04
20.770100, 2.828351e-03, 3.783208e-03, 3.783208e-03, 4.456015e-04
20.785440, 3.572076e-03, 3.547022e-03, 3.547022e-03, 2.347325e-04
20.800779, 4.167225e-03, 3.191462e-03, 3.191462e-03, 1.109155e-05
20.816119, 4.604214e-03, 2.719637e-03, 2.719637e-03, -1.873061e-04
20.831459, 4.884221e-03, 2.145782e-03, 2.145782e-03, -3.229901e-04
20.846799, 5.015415e-03, 1.496799e-03, 1.496799e-03, -3.654365e-04
20.862139, 5.009201e-03, 8.112274e-04, 8.112274e-04, -2.957991e-04
20.877479, 4.877511e-03, 1.356209e-04, 1.356209e-04, -1.091400e-04
20.892818, 4.631703e-03, -4.810848e-04, -4.810848e-04, 1.860772e-04
20.908158, 4.283044e-03, -9.941405e-04, -9.941405e-04, 5.708581e-04
20.923498, 3.844211e-03, -1.369209e-03, -1.369209e-03, 1.020044e-03
20.938838, 3.330959e-03, -1.587041e-03, -1.587041e-03, 1.507031e-03
20.954178, 2.763096e-03, -1.645734e-03, -1.645734e-03, 2.007731e-03
20.969517, 2.164211e-03, -1.560259e-03, -1.560259e-03, 2.502921e-03
20.984857, 1.560066e-03, -1.359448e-03, -1.359448e-03, 2.978624e-03
21.000197, 9.760136e-04, -1.081160e-03, -1.081160e-03, 3.424673e-03
21.015537, 4.340957e-04, -7.665734e-04, -7.665734e-04, 3.832109e-03
21.030877, -4.945198e-05, -4.546316e-04, -4.546316e-04, 4.190349e-03
21.046216, -4.657181e-04, -1.774913e-04, -1.774913e-04, 4.485058e-03
21.061556, -8.133867e-04, 4.247646e-05, 4.247646e-05, 4.697449e-03
21.076896, -1.097812e-03, 1.939153e-04, 1.939153e-04, 4.805313e-03
21.092236, -1.329176e-03, 2.760255e-04, 2.760255e-04, 4.785594e-03
21.107576, -1.520123e-03, 2.967141e-04, 2.967141e-04, 4.617957e-03
21.122915, -1.683242e-03, 2.697588e-04, 2.697588e-04, 4.288541e-03
21.138255, -1.828749e-03, 2.114395e-04, 2.114395e-04, 3.793137e-03
21.153595, -1.962608e-03, 1.371156e-04, 1.371156e-04, 3.139201e-03
21.168935, -2.085333e-03, 5.823852e-05, 5.823852e-05, 2.346403e-03
21.184275, -2.191687e-03, -1.971031e-05, -1.971031e-05, 1.445740e-03
21.199614, -2.271445e-03, -9.793280e-05, -9.793280e-05, 4.774672e-04
21.214954, -2.311289e-03, -1.834158e-04, -1.834158e-04, -5.118217e-04
21.230294, -2.297654e-03, -2.864500e-04, -2.864500e-04, -1.472593e-03
21.245634, -2.220139e-03, -4.169733e-04, -4.169733e-04, -2.355961e-03
21.260974, -2.074805e-03, -5.805201e-04, -5.805201e-04, -3.117224e-03
21.276314, -1.866629e-03, -7.748050e-04, -7.748050e-04, -3.719155e-03
21.291653, -1.610422e-03, -9.879658e-04, -9.879658e-04, -4.134830e-03
21.306993, -1.329843e-03, -1.199189e-03, -1.199189e-03, -4.349737e-03
21.322333, -1.054561e-03, -1.381872e-03, -1.381872e-03, -4.362915e-03
21.337673, -8.160675e-04, -1.508790e-03, -1.508790e-03, -4.186885e-03
21.353013, -6.429644e-04, -1.558112e-03, -1.558112e-03, -3.846287e-03
21.368352, -5.566977e-04, -1.518786e-03, -1.518786e-03, -3.375251e-03
21.383692, -5.685378e-04, -1.393862e-03, -1.393862e-03, -2.813790e-03
21.399032, -6.782897e-04, -1.200779e-03, -1.200779e-03, -2.203651e-03
21.414372, -8.747801e-04, -9.684160e-04, -9.684160e-04, -1.584183e-03
21.429712, -1.137792e-03, -7.315015e-04, -7.315015e-04, -9.888211e-04
21.445051, -1.440861e-03, -5.236479e-04, -5.236479e-04, -4.426929e-04
21.460391, -1.754319e-03, -3.706025e-04, -3.706025e-04, 3.832551e-05
21.475731, -2.048087e-03, -2.852064e-04, -2.852064e-04, 4.470425e-04
21.491071, -2.293955e-03, -2.650987e-04, -2.650987e-04, 7.830934e-04
21.506411, -2.467309e-03, -2.935350e-04, -2.935350e-04, 1.050272e-03
21.521750, -2.548415e-03, -3.429889e-04, -3.429889e-04, 1.253712e-03
21.537090, -2.523454e-03, -3.806683e-04, -3.806683e-04, 1.397605e-03
21.552430, -2.385416e-03, -3.747800e-04, -3.747800e-04, 1.484036e-03
21.567770, -2.134865e-03, -3.003644e-04, -3.003644e-04, 1.513187e-03
21.583110, -1.780498e-03, -1.437274e-04, -1.437274e-04, 1.484805e-03
21.598449, -1.339290e-03, 9.516423e-05, 9.516423e-05, 1.400451e-03
21.613789, -8.360289e-04, 4.025785e-04, 4.025785e-04, 1.265717e-03
21.629129, -3.020300e-04, 7.531103e-04, 7.531103e-04, 1.091580e-03
21.644469, 2.270830e-04, 1.113573e-03, 1.113573e-03, 8.942088e-04
21.659809, 7.145199e-04, 1.448062e-03, 1.448062e-03, 6.929897e-04
21.675149, 1.126216e-03, 1.723406e-03, 1.723406e-03, 5.070698e-04
21.690488, 1.435085e-03, 1.914131e-03, 1.914131e-03, 3.512244e-04
21.705828, 1.625039e-03, 2.006097e-03, 2.006097e-03, 2.321878e-04
21.721168, 1.694016e-03, 1.998148e-03, 1.998148e-03, 1.465611e-04
21.736508, 1.655253e-03, 1.901423e-03, 1.901423e-03, 8.104987e-05
21.751848, 1.536167e-03, 1.736420e-03, 1.736420e-03, 1.517310e-05
21.767187, 1.374611e-03, 1.528377e-03, 1.528377e-03, -7.410676e-05
21.782527, 1.212804e-03, 1.301927e-03, 1.301927e-03, -2.069459e-04
21.797867, 1.089841e-03, 1.076188e-03, 1.076188e-03, -3.957235e-04
21.813207, 1.034197e-03, 8.614119e-04, 8.614119e-04, -6.418692e-04
21.828547, 1.057865e-03, 6.579291e-04, 6.579291e-04, -9.350918e-04
21.843886, 1.153601e-03, 4.576328e-04, 4.576328e-04, -1.255017e-03
21.859226, 1.296159e-03, 2.475821e-04, 2.475821e-04, -1.574624e-03
21.874566, 1.447535e-03, 1.479760e-05, 1.479760e-05, -1.864478e-03
21.889906, 1.565211e-03, -2.489744e-04, -2.489744e-04, -2.096779e-03
21.905246, 1.611630e-03, -5.437228e-04, -5.437228e-04, -2.248506e-03
21.920585, 1.562690e-03, -8.597120e-04, -8.597120e-04, -2.303452e-03
21.935925, 1.413238e-03, -1.178410e-03, -1.178410e-03, -2.253324e-03
21.951265, 1.178232e-03, -1.475509e-03, -1.475509e-03, -2.098343e-03
21.966605, 8.893262e-04, -1.725264e-03, -1.725264e-03, -1.847671e-03
21.981945, 5.877658e-04, -1.905104e-03, -1.905104e-03, -1.519705e-03
21.997284, 3.154127e-04, -1.999525e-03, -1.999525e-03, -1.141885e-03
22.012624, 1.061247e-04, -2.002534e-03, -2.002534e-03, -7.494252e-04
22.027964, -2.045793e-05, -1.918311e-03, -1.918311e-03, -3.824271e-04
22.043304, -6.139724e-05, -1.760177e-03, -1.760177e-03, -8.120331e-05
22.058644, -2.892421e-05, -1.548276e-03, -1.548276e-03, 1.197688e-04
22.073984, 5.435974e-05, -1.306505e-03, -1.306505e-03, 1.981918e-04
22.089323, 1.620260e-04, -1.059236e-03, -1.059236e-03, 1.491224e-04
22.104663, 2.702914e-04, -8.282703e-04, -8.282703e-04, -1.249746e-05
22.120003, 3.628360e-04, -6.303286e-04, -6.303286e-04, -2.529765e-04
22.135343, 4.330097e-04, -4.752725e-04, -4.752725e-04, -5.248839e-04
22.150683, 4.832779e-04, -3.651785e-04, -3.651785e-04, -7.751676e-04
22.166022, 5.224872e-04, -2.943495e-04, -2.943495e-04, -9.547850e-04
22.181362, 5.620043e-04, -2.502884e-04, -2.502884e-04, -1.027805e-03
22.196702, 6.118861e-04, -2.155705e-04, -2.155705e-04, -9.780163e-04
22.212042, 6.780025e-04, -1.704281e-04, -1.704281e-04, -8.116114e-04
22.227382, 7.606003e-04, -9.572266e-05, -9.572266e-05, -5.554514e-04
22.242721, 8.543349e-04, 2.410935e-05, 2.410935e-05, -2.513781e-04
22.258061, 9.494379e-04, 1.985664e-04, 1.985664e-04, 5.209579e-05
22.273401, 1.033518e-03, 4.293954e-04, 4.293954e-04, 3.089342e-04
22.288741, 1.093525e-03, 7.099030e-04, 7.099030e-04, 4.837197e-04
22.304081, 1.117542e-03, 1.025288e-03, 1.025288e-03, 5.572990e-04
22.319420, 1.096270e-03, 1.353870e-03, 1.353870e-03, 5.290646e-04
22.334760, 1.024129e-03, 1.669028e-03, 1.669028e-03, 4.157314e-04
22.350100, 9.000079e-04, 1.941640e-03, 1.941640e-03, 2.471190e-04
22.365440, 7.276054e-04, 2.142862e-03, 2.142862e-03, 5.993029e-05
22.380780, 5.153008e-04, 2.247103e-03, 2.247103e-03, -1.092223e-04
22.396120, 2.754763e-04, 2.235002e-03, 2.235002e-03, -2.302672e-04
22.411459, 2.329022e-05, 2.096168e-03, 2.096168e-03, -2.845035e-04
22.426799, -2.249752e-04, 1.831298e-03, 1.831298e-03, -2.670407e-04
22.442139, -4.537454e-04, 1.453255e-03, 1.453255e-03, -1.865006e-04
22.457479, -6.498407e-04, 9.867289e-04, 9.867289e-04, -6.212136e-05
22.472819, -8.037084e-04, 4.662448e-04, 4.662448e-04, 8.112002e-05
22.488158, -9.100033e-04, -6.738111e-05, -6.738111e-05, 2.183674e-04
22.503498, -9.674966e-04, -5.717480e-04, -5.717480e-04, 3.305212e-04
22.518838, -9.784547e-04, -1.008028e-03, -1.008028e-03, 4.084629e-04
22.534178, -9.477366e-04, -1.345718e-03, -1.345718e-03, 4.549611e-04
22.549518, -8.818711e-04, -1.566159e-03, -1.566159e-03, 4.838587e-04
22.564857, -7.883087e-04, -1.664206e-03, -1.664206e-03, 5.167542e-04
22.580197, -6.749162e-04, -1.647809e-03, -1.647809e-03, 5.779561e-04
22.595537, -5.496708e-04, -1.535631e-03, -1.535631e-03, 6.888588e-04
22.610877, -4.204529e-04, -1.353206e-03, -1.353206e-03, 8.629811e-04
22.626217, -2.948421e-04, -1.128378e-03, -1.128378e-03, 1.102677e-03
22.641556, -1.798660e-04, -8.868056e-04, -8.868056e-04, 1.398053e-03
22.656896, -8.171562e-05, -6.482851e-04, -6.482851e-04, 1.728087e-03
22.672236, -5.484166e-06, -4.244272e-04, -4.244272e-04, 2.063438e-03
22.687576, 4.501992e-05, -2.179855e-04, -2.179855e-04, 2.370217e-03
22.702916, 6.737983e-05, -2.385882e-05, -2.385882e-05, 2.613900e-03
22.718255, 6.063129e-05, 1.684652e-04, 1.684652e-04, 2.762828e-03
22.733595, 2.533052e-05, 3.714688e-04, 3.714688e-04, 2.791038e-03
22.748935, -3.633426e-05, 5.957620e-04, 5.957620e-04, 2.680437e-03
22.764275, -1.204030e-04, 8.465119e-04, 8.465119e-04, 2.422505e-03
22.779615, -2.210588e-04, 1.120791e-03, 1.120791e-03, 2.019657e-03
22.794955, -3.307182e-04, 1.406377e-03, 1.406377e-03, 1.486271e-03
22.810294, -4.403970e-04, 1.682293e-03, 1.682293e-03, 8.490745e-04
22.825634, -5.403835e-04, 1.921116e-03, 1.921116e-03, 1.465141e-04
22.840974, -6.211626e-04, 2.092703e-03, 2.092703e-03, -5.733280e-04
22.856314, -6.744406e-04, 2.168756e-03, 2.168756e-03, -1.256463e-03
22.871654, -6.940731e-04, 2.127419e-03, 2.127419e-03, -1.848222e-03
22.886993, -6.767123e-04, 1.957103e-03, 1.957103e-03, -2.299409e-03
22.902333, -6.220650e-04, 1.658828e-03, 1.658828e-03, -2.572456e-03
22.917673, -5.327455e-04, 1.246698e-03, 1.246698e-03, -2.646493e-03
22.933013, -4.137937e-04, 7.464066e-04, 7.464066e-04, -2.520347e-03
22.948353, -2.719919e-04, 1.920944e-04, 1.920944e-04, -2.212783e-03
22.963692, -1.151287e-04, -3.778897e-04, -3.778897e-04, -1.759789e-03
22.979032, 4.866634e-05, -9.255811e-04, -9.255811e-04, -1.209280e-03
22.994372, 2.114364e-04, -1.417604e-03, -1.417604e-03, -6.140443e-04
23.009712, 3.657159e-04, -1.828373e-03, -1.828373e-03, -2.412494e-05
23.025052, 5.046428e-04, -2.141889e-03, -2.141889e-03, 5.201105e-04
23.040391, 6.218900e-04, -2.352010e-03, -2.352010e-03, 9.930231e-04
23.055731, 7.114717e-04, -2.461338e-03, -2.461338e-03, 1.386038e-03
23.071071, 7.675113e-04, -2.479075e-03, -2.479075e-03, 1.706874e-03
23.086411, 7.840990e-04, -2.418333e-03, -2.418333e-03, 1.975820e-03
23.101751, 7.553879e-04, -2.293451e-03, -2.293451e-03, 2.219713e-03
23.117090, 6.760596e-04, -2.117761e-03, -2.117761e-03, 2.464728e-03
23.132430, 5.422139e-04, -1.902159e-03, -1.902159e-03, 2.729310e-03
23.147770, 3.526315e-04, -1.654605e-03, -1.654605e-03, 3.018612e-03
23.163110, 1.102236e-04, -1.380482e-03, -1.380482e-03, 3.321544e-03
23.178450, -1.766438e-04, -1.083570e-03, -1.083570e-03, 3.611049e-03
23.193790, -4.933281e-04, -7.672829e-04, -7.672829e-04, 3.847617e-03
23.209129, -8.189490e-04, -4.358095e-04, -4.358095e-04, 3.985386e-03
23.224469, -1.127540e-03, -9.490176e-05, -9.490176e-05, 3.979633e-03
23.239809, -1.390387e-03, 2.478270e-04, 2.478270e-04, 3.794248e-03
23.255149, -1.579392e-03, 5.830496e-04, 5.830496e-04, 3.407779e-03
23.270489, -1.671073e-03, 9.001734e-04, 9.001734e-04, 2.817038e-03
23.285828, -1.650609e-03, 1.187907e-03, 1.187907e-03, 2.037794e-03
23.301168, -1.515223e-03, 1.434807e-03, 1.434807e-03, 1.102736e-03
23.316508, -1.276205e-03, 1.629766e-03, 1.629766e-03, 5.740656e-05
23.331848, -9.590265e-04, 1.762506e-03, 1.762506e-03, -1.044914e-03
23.347188, -6.012517e-04, 1.824183e-03, 1.824183e-03, -2.148360e-03
23.362527, -2.483677e-04, 1.808187e-03, 1.808187e-03, -3.198889e-03
23.377867, 5.193651e-05, 1.711104e-03, 1.711104e-03, -4.147587e-03
23.393207, 2.561671e-04, 1.533693e-03, 1.533693e-03, -4.952888e-03
23.408547, 3.310154e-04, 1.281613e-03, 1.281613e-03, -5.582024e-03
23.423887, 2.578998e-04, 9.656426e-04, 9.656426e-04, -6.012135e-03
23.439226, 3.530965e-05, 6.011965e-04, 6.011965e-04, -6.231338e-03
23.454566, -3.213343e-04, 2.071367e-04, 2.071367e-04, -6.239824e-03
23.469906, -7.820696e-04, -1.959406e-04, -1.959406e-04, -6.050751e-03
23.485246, -1.306365e-03, -5.876149e-04, -5.876149e-04, -5.690455e-03
23.500586, -1.847795e-03, -9.493750e-04, -9.493750e-04, -5.197462e-03
23.515925, -2.358582e-03, -1.265871e-03, -1.265871e-03, -4.619902e-03
23.531265, -2.793472e-03, -1.525541e-03, -1.525541e-03, -4.011230e-03
23.546605, -3.112767e-03, -1.720656e-03, -1.720656e-03, -3.424561e-03
23.561945, -3.284643e-03, -1.846947e-03, -1.846947e-03, -2.906362e-03
23.577285, -3.287046e-03, -1.903072e-03, -1.903072e-03, -2.490471e-03
23.592625, -3.109320e-03, -1.890088e-03, -1.890088e-03, -2.193540e-03
23.607964, -2.753486e-03, -1.811052e-03, -1.811052e-03, -2.012814e-03
23.623304, -2.234770e-03, -1.670723e-03, -1.670723e-03, -1.926827e-03
23.638644, -1.580885e-03, -1.475300e-03, -1.475300e-03, -1.899049e-03
23.653984, -8.296481e-04, -1.232131e-03, -1.232131e-03, -1.883983e-03
23.669324, -2.493523e-05, -9.493879e-04, -9.493879e-04, -1.834754e-03
23.684663, 7.885180e-04, -6.357638e-04, -6.357638e-04, -1.710881e-03
23.700003, 1.570442e-03, -3.002924e-04, -3.002924e-04, -1.484906e-03
23.715343, 2.289258e-03, 4.762983e-05, 4.762983e-05, -1.146703e-03
23.730683, 2.924118e-03, 3.980331e-04, 3.980331e-04, -7.047381e-04
23.746023, 3.464242e-03, 7.400887e-04, 7.400887e-04, -1.841149e-04
23.761362, 3.905803e-03, 1.061948e-03, 1.061948e-03, 3.781702e-04
23.776702, 4.247391e-03, 1.350921e-03, 1.350921e-03, 9.397968e-04
23.792042, 4.485594e-03, 1.594141e-03, 1.594141e-03, 1.460232e-03
23.807382, 4.612256e-03, 1.779724e-03, 1.779724e-03, 1.907053e-03
23.822722, 4.614503e-03, 1.898281e-03, 1.898281e-03, 2.260373e-03
23.838061, 4.477789e-03, 1.944489e-03, 1.944489e-03, 2.514719e-03
23.853401, 4.191260e-03, 1.918407e-03, 1.918407e-03, 2.678251e-03
23.868741, 3.753920e-03, 1.826203e-03, 1.826203e-03, 2.769797e-03
23.884081, 3.179713e-03, 1.680082e-03, 1.680082e-03, 2.814540e-03
23.899421, 2.499847e-03, 1.497340e-03, 1.497340e-03, 2.839341e-03
23.914760, 1.761277e-03, 1.298625e-03, 1.298625e-03, 2.868617e-03
23.930100, 1.021311e-03, 1.105594e-03, 1.105594e-03, 2.921386e-03
23.945440, 3.392746e-04, 9.382939e-04, 9.382939e-04, 3.009724e-03
23.960780, -2.330212e-04, 8.126258e-04, 8.126258e-04, 3.138515e-03
23.976120, -6.599096e-04, 7.382819e-04, 7.382819e-04, 3.306142e-03
23.991460, -9.276579e-04, 7.175101e-04, 7.175101e-04, 3.505692e-03
24.006799, -1.046089e-03, 7.449479e-04, 7.449479e-04, 3.726267e-03
24.022139, -1.045617e-03, 8.086017e-04, 8.086017e-04, 3.954140e-03
24.037479, -9.702954e-04, 8.918253e-04, 8.918253e-04, 4.173644e-03
24.052819, -8.683093e-04, 9.759305e-04, 9.759305e-04, 4.367798e-03
24.068159, -7.818936e-04, 1.042902e-03, 1.042902e-03, 4.518757e-03
24.083498, -7.387495e-04, 1.077654e-03, 1.077654e-03, 4.608175e-03
24.098838, -7.467112e-04, 1.069377e-03, 1.069377e-03, 4.617627e-03
24.114178, -7.927247e-04, 1.011792e-03, 1.011792e-03, 4.529201e-03
24.129518, -8.462954e-04, 9.024239e-04, 9.024239e-04, 4.326380e-03
24.144858, -8.666417e-04, 7.413352e-04, 7.413352e-04, 3.995324e-03
24.160197, -8.120323e-04, 5.298668e-04, 5.298668e-04, 3.526563e-03
24.175537, -6.493393e-04, 2.699374e-04, 2.699374e-04, 2.917004e-03
24.190877, -3.618107e-04, -3.580391e-05, -3.580391e-05, 2.171987e-03
24.206217, 4.653646e-05, -3.829997e-04, -3.829997e-04, 1.306972e-03
24.221557, 5.507582e-04, -7.641527e-04, -7.641527e-04, 3.483598e-04
24.236896, 1.109000e-03, -1.167321e-03, -1.167321e-03, -6.670010e-04
24.252236, 1.669717e-03, -1.575539e-03, -1.575539e-03, -1.693906e-03
24.267576, 2.180456e-03, -1.967375e-03, -1.967375e-03, -2.682434e-03
24.282916, 2.596244e-03, -2.318703e-03, -2.318703e-03, -3.582734e-03
24.298256, 2.885826e-03, -2.605422e-03, -2.605422e-03, -4.350253e-03
24.313595, 3.034576e-03, -2.806550e-03, -2.806550e-03, -4.950509e-03
24.328935, 3.043741e-03, -2.907055e-03, -2.907055e-03, -5.362543e-03
24.344275, 2.926619e-03, -2.899817e-03, -2.899817e-03, -5.580419e-03
24.359615, 2.702987e-03, -2.786374e-03, -2.786374e-03, -5.612548e-03
24.374955, 2.393432e-03, -2.576399e-03, -2.576399e-03, -5.479058e-03
24.390295, 2.015134e-03, -2.286131e-03, -2.286131e-03, -5.207832e-03
24.405634, 1.580116e-03, -1.936160e-03, -1.936160e-03, -4.830070e-03
24.420974, 1.096151e-03, -1.549066e-03, -1.549066e-03, -4.376251e-03
24.436314, 5.697348e-04, -1.147302e-03, -1.147302e-03, -3.873180e-03
24.451654, 9.862428e-06, -7.516200e-04, -7.516200e-04, -3.342470e-03
24.466994, -5.688367e-04, -3.801316e-04, -3.801316e-04, -2.800434e-03
24.482333, -1.144862e-03, -4.794552e-05, -4.794552e-05, -2.259042e-03
24.497673, -1.691155e-03, 2.327925e-04, 2.327925e-04, -1.727444e-03
24.513013, -2.178810e-03, 4.526950e-04, 4.526950e-04, -1.213510e-03
24.528353, -2.582292e-03, 6.049899e-04, 6.049899e-04, -7.249867e-04
24.543693, -2.884722e-03, 6.856106e-04, 6.856106e-04, -2.700643e-04
24.559032, -3.081755e-03, 6.935815e-04, 6.935815e-04, 1.426756e-04
24.574372, -3.182841e-03, 6.316448e-04, 6.316448e-04, 5.047686e-04
24.589712, -3.209382e-03, 5.069480e-04, 5.069480e-04, 8.086140e-04
24.605052, -3.190087e-03, 3.315334e-04, 3.315334e-04, 1.048229e-03
24.620392, -3.154591e-03, 1.223406e-04, 1.223406e-04, 1.219836e-03
24.635731, -3.126815e-03, -9.950728e-05, -9.950728e-05, 1.322179e-03
24.651071, -3.119654e-03, -3.102351e-04, -3.102351e-04, 1.356560e-03
24.666411, -3.132178e-03, -4.856790e-04, -4.856790e-04, 1.326675e-03
24.681751, -3.149941e-03, -6.040060e-04, -6.040060e-04, 1.238352e-03
24.697091, -3.148195e-03, -6.484631e-04, -6.484631e-04, 1.099372e-03
24.712430, -3.097227e-03, -6.096647e-04, -6.096647e-04, 9.194585e-04
24.727770, -2.968571e-03, -4.869765e-04, -4.869765e-04, 7.104963e-04
24.743110, -2.740847e-03, -2.887048e-04, -2.887048e-04, 4.868977e-04
24.758450, -2.404155e-03, -3.101714e-05, -3.101714e-05, 2.658910e-04
24.773790, -1.962418e-03, 2.642397e-04, 2.642397e-04, 6.743107e-05
24.789130, -1.433516e-03, 5.724606e-04, 5.724606e-04, -8.657959e-05
24.804469, -8.474536e-04, 8.694516e-04, 8.694516e-04, -1.739650e-04
24.819809, -2.430404e-04, 1.134332e-03, 1.134332e-03, -1.748330e-04
24.835149, 3.363721e-04, 1.351716e-03, 1.351716e-03, -7.471954e-05
24.850489, 8.475707e-04, 1.512876e-03, 1.512876e-03, 1.322391e-04
24.865829, 1.252148e-03, 1.615749e-03, 1.615749e-03, 4.408119e-04
24.881168, 1.520763e-03, 1.663903e-03, 1.663903e-03, 8.335555e-04
24.896508, 1.636582e-03, 1.664715e-03, 1.664715e-03, 1.281578e-03
24.911848, 1.597500e-03, 1.627207e-03, 1.627207e-03, 1.747329e-03
24.927188, 1.416714e-03, 1.560006e-03, 1.560006e-03, 2.189131e-03
24.942528, 1.121385e-03, 1.469893e-03, 1.469893e-03, 2.566757e-03
24.957867, 7.493565e-04, 1.361257e-03, 1.361257e-03, 2.847102e-03
24.973207, 3.442292e-04, 1.236533e-03, 1.236533e-03, 3.008875e-03
24.988547, -5.050091e-05, 1.097450e-03, 1.097450e-03, 3.045404e-03
25.003887, -3.973048e-04, 9.466899e-04, 9.466899e-04, 2.964966e-03
25.019227, -6.694537e-04, 7.893909e-04, 7.893909e-04, 2.788543e-03
25.034566, -8.539517e-04, 6.339759e-04, 6.339759e-04, 2.545390e-03
25.049906, -9.520672e-04, 4.919334e-04, 4.919334e-04, 2.267285e-03
25.065246, -9.774525e-04, 3.764838e-04, 3.764838e-04, 1.982582e-03
25.080586, -9.523150e-04, 3.003840e-04, 3.003840e-04, 1.711272e-03
25.095926, -9.024510e-04, 2.733938e-04, 2.733938e-04, 1.462036e-03
25.111265, -8.520968e-04, 3.000418e-04, 3.000418e-04, 1.231872e-03
25.126605, -8.194931e-04, 3.782604e-04, 3.782604e-04, 1.008340e-03
25.141945, -8.138249e-04, 4.992211e-04, 4.992211e-04, 7.738974e-04
25.157285, -8.338890e-04, 6.483769e-04, 6.483769e-04, 5.113436e-04
25.172625, -8.685401e-04, 8.074069e-04, 8.074069e-04, 2.091789e-04
25.187965, -8.987222e-04, 9.565582e-04, 9.565582e-04, -1.343091e-04
25.203304, -9.007128e-04, 1.076848e-03, 1.076848e-03, -5.091150e-04
25.218644, -8.501010e-04, 1.151721e-03, 1.151721e-03, -8.941683e-04
25.233984, -7.259568e-04, 1.168002e-03, 1.168002e-03, -1.260435e-03
25.249324, -5.146217e-04, 1.116218e-03, 1.116218e-03, -1.575833e-03
25.264664, -2.125530e-04, 9.905567e-04, 9.905567e-04, -1.810982e-03
25.280003, 1.722567e-04, 7.887787e-04, 7.887787e-04, -1.944659e-03
25.295343, 6.205886e-04, 5.123018e-04, 5.123018e-04, -1.967926e-03
25.310683, 1.104076e-03, 1.665394e-04, 1.665394e-04, -1.886179e-03
25.326023, 1.588777e-03, -2.386235e-04, -2.386235e-04, -1.718792e-03
25.341363, 2.039667e-03, -6.884495e-04, -6.884495e-04, -1.496475e-03
25.356702, 2.425256e-03, -1.163329e-03, -1.163329e-03, -1.256881e-03
25.372042, 2.721498e-03, -1.639331e-03, -1.639331e-03, -1.039250e-03
25.387382, 2.914310e-03, -2.089408e-03, -2.089408e-03, -8.790363e-04
25.402722, 3.000297e-03, -2.485213e-03, -2.485213e-03, -8.033346e-04
25.418062, 2.985698e-03, -2.799375e-03, -2.799375e-03, -8.277567e-04
25.433401, 2.883926e-03, -3.008009e-03, -3.008009e-03, -9.550574e-04
25.448741, 2.712365e-03, -3.093218e-03, -3.093218e-03, -1.175514e-03
25.464081, 2.489185e-03, -3.045328e-03, -3.045328e-03, -1.468773e-03
25.479421, 2.230841e-03, -2.864595e-03, -2.864595e-03, -1.806729e-03
25.494761, 1.950710e-03, -2.562087e-03, -2.562087e-03, -2.156939e-03
25.510101, 1.658965e-03, -2.159516e-03, -2.159516e-03, -2.486153e-03
25.525440, 1.363502e-03, -1.687801e-03, -1.687801e-03, -2.763606e-03
25.540780, 1.071473e-03, -1.184336e-03, -1.184336e-03, -2.963822e-03
25.556120, 7.908663e-04, -6.891433e-04, -6.891433e-04, -3.068760e-03
25.571460, 5.316108e-04, -2.403361e-04, -2.403361e-04, -3.069126e-03
25.586800, 3.057950e-04, 1.304456e-04, 1.304456e-04, -2.964709e-03
25.602139, 1.268492e-04, 4.018705e-04, 4.018705e-04, -2.763654e-03
25.617479, 7.776352e-06, 5.653159e-04, 5.653159e-04, -2.480679e-03
25.632819, -4.123569e-05, 6.253623e-04, 6.253623e-04, -2.134444e-03
25.648159, -1.531190e-05, 5.982829e-04, 5.982829e-04, -1.744450e-03
25.663499, 8.309047e-05, 5.088371e-04, 5.088371e-04, -1.328058e-03
25.678838, 2.431846e-04, 3.860223e-04, 3.860223e-04, -8.982208e-04
25.694178, 4.462458e-04, 2.586215e-04, 2.586215e-04, -4.624751e-04
25.709518, 6.674886e-04, 1.513625e-04, 1.513625e-04, -2.342113e-05
25.724858, 8.792043e-04, 8.229022e-05, 8.229022e-05, 4.193838e-04
25.740198, 1.054627e-03, 6.161909e-05, 6.161909e-05, 8.665913e-04
25.755537, 1.171790e-03, 9.197346e-05, 9.197346e-05, 1.316015e-03
25.770877, 1.216590e-03, 1.696474e-04, 1.696474e-04, 1.760167e-03
25.786217, 1.184435e-03, 2.863759e-04, 2.863759e-04, 2.185047e-03
25.801557, 1.080145e-03, 4.311296e-04, 4.311296e-04, 2.570519e-03
25.816897, 9.161797e-04, 5.915828e-04, 5.915828e-04, 2.892262e-03
25.832236, 7.096766e-04, 7.551054e-04, 7.551054e-04, 3.124865e-03
25.847576, 4.790222e-04, 9.093137e-04, 9.093137e-04, 3.245460e-03
25.862916, 2.407797e-04, 1.042333e-03, 1.042333e-03, 3.237189e-03
25.878256, 7.638078e-06, 1.142965e-03, 1.142965e-03, 3.091981e-03
25.893596, -2.122579e-04, 1.200931e-03, 1.200931e-03, 2.812284e-03
25.908936, -4.146346e-04, 1.207269e-03, 1.207269e-03, 2.411655e-03
25.924275, -5.974759e-04, 1.154924e-03, 1.154924e-03, 1.914275e-03
25.939615, -7.590917e-04, 1.039482e-03, 1.039482e-03, 1.353524e-03
25.954955, -8.965143e-04, 8.599869e-04, 8.599869e-04, 7.697035e-04
25.970295, -1.004712e-03, 6.197430e-04, 6.197430e-04, 2.069896e-04
25.985635, -1.076819e-03, 3.269760e-04, 3.269760e-04, -2.903260e-04
26.000974, -1.105251e-03, -4.797226e-06, -4.797226e-06, -6.821421e-04
26.016314, -1.083330e-03, -3.568789e-04, -3.568789e-04, -9.370600e-04
26.031654, -1.006910e-03, -7.061652e-04, -7.061652e-04, -1.036547e-03
26.046994, -8.755556e-04, -1.026718e-03, -1.026718e-03, -9.780417e-04
26.062334, -6.930058e-04, -1.292147e-03, -1.292147e-03, -7.763065e-04
26.077673, -4.668658e-04, -1.478639e-03, -1.478639e-03, -4.625062e-04
26.093013, -2.077371e-04, -1.568270e-03, -1.568270e-03, -8.087239e-05
26.108353, 7.190030e-05, -1.552084e-03, -1.552084e-03, 3.167388e-04
26.123693, 3.587175e-04, -1.432330e-03, -1.432330e-03, 6.776379e-04
26.139033, 6.392509e-04, -1.223311e-03, -1.223311e-03, 9.553917e-04
26.154372, 9.002404e-04, -9.505001e-04, -9.505001e-04, 1.116079e-03
26.169712, 1.128713e-03, -6.478598e-04, -6.478598e-04, 1.142724e-03
26.185052, 1.312048e-03, -3.536682e-04, -3.536682e-04, 1.037236e-03
26.200392, 1.438275e-03, -1.054506e-04, -1.054506e-04, 8.196254e-04
26.215732, 1.496746e-03, 6.517697e-05, 6.517697e-05, 5.246733e-04
26.231071, 1.479175e-03, 1.369130e-04, 1.369130e-04, 1.966041e-04
26.246411, 1.380858e-03, 1.017184e-04, 1.017184e-04, -1.174758e-04
26.261751, 1.201736e-03, -3.412877e-05, -3.412877e-05, -3.744556e-04
26.277091, 9.469634e-04, -2.509710e-04, -2.509710e-04, -5.414805e-04
26.292431, 6.267056e-04, -5.184689e-04, -5.184689e-04, -6.007218e-04
26.307771, 2.550956e-04, -7.995815e-04, -7.995815e-04, -5.519275e-04
26.323110, -1.515139e-04, -1.055224e-03, -1.055224e-03, -4.122577e-04
26.338450, -5.766533e-04, -1.248981e-03, -1.248981e-03, -2.132677e-04
26.353790, -1.005727e-03, -1.351337e-03, -1.351337e-03, 4.658746e-06
26.369130, -1.427434e-03, -1.342993e-03, -1.342993e-03, 1.996432e-04
26.384470, -1.834299e-03, -1.216956e-03, -1.216956e-03, 3.362156e-04
26.399809, -2.222211e-03, -9.791910e-04, -9.791910e-04, 3.923298e-04
26.415149, -2.589124e-03, -6.477313e-04, -6.477313e-04, 3.640573e-04
26.430489, -2.933301e-03, -2.502401e-04, -2.502401e-04, 2.668749e-04
26.445829, -3.251586e-03, 1.797607e-04, 1.797607e-04, 1.330924e-04
26.461169, -3.538193e-03, 6.075853e-04, 6.075853e-04, 5.757750e-06
26.476508, -3.784354e-03, 1.002335e-03, 1.002335e-03, -6.983975e-05
26.491848, -3.978945e-03, 1.341272e-03, 1.341272e-03, -5.537335e-05
26.507188, -4.109973e-03, 1.612755e-03, 1.612755e-03, 7.250481e-05
26.522528, -4.166561e-03, 1.817061e-03, 1.817061e-03, 3.169941e-04
26.537868, -4.140981e-03, 1.964823e-03, 1.964823e-03, 6.598701e-04
26.553207, -4.030263e-03, 2.073322e-03, 2.073322e-03, 1.064304e-03
26.568547, -3.837028e-03, 2.161423e-03, 2.161423e-03, 1.481096e-03
26.583887, -3.569373e-03, 2.244331e-03, 2.244331e-03, 1.856941e-03
26.599227, -3.239904e-03, 2.329445e-03, 2.329445e-03, 2.143021e-03
26.614567, -2.864162e-03, 2.414347e-03, 2.414347e-03, 2.302251e-03
26.629906, -2.458856e-03, 2.487478e-03, 2.487478e-03, 2.313951e-03
26.645246, -2.040296e-03, 2.531326e-03, 2.531326e-03, 2.175346e-03
26.660586, -1.623328e-03, 2.527331e-03, 2.527331e-03, 1.900021e-03
26.675926, -1.220904e-03, 2.461241e-03, 2.461241e-03, 1.514034e-03
26.691266, -8.441845e-04, 2.327553e-03, 2.327553e-03, 1.050765e-03
26.706606, -5.028937e-04, 2.131899e-03, 2.131899e-03, 5.455984e-04
26.721945, -2.055631e-04, 1.890790e-03, 1.890790e-03, 3.142897e-05
26.737285, 4.066705e-05, 1.628771e-03, 1.628771e-03, -4.644341e-04
26.752625, 2.308654e-04, 1.373684e-03, 1.373684e-03, -9.217483e-04
26.767965, 3.636764e-04, 1.151140e-03, 1.151140e-03, -1.327357e-03
26.783305, 4.429051e-04, 9.794318e-04, 9.794318e-04, -1.674134e-03
26.798644, 4.788083e-04, 8.659715e-04, 8.659715e-04, -1.959335e-03
26.813984, 4.885332e-04, 8.059379e-04, 8.059379e-04, -2.182863e-03
26.829324, 4.952595e-04, 7.833220e-04, 7.833220e-04, -2.345789e-03
26.844664, 5.258708e-04, 7.740808e-04, 7.740808e-04, -2.449391e-03
26.860004, 6.073407e-04, 7.507291e-04, 7.507291e-04, -2.494785e-03
26.875343, 7.623730e-04, 6.874821e-04, 6.874821e-04, -2.483090e-03
26.890683, 1.005080e-03, 5.650180e-04, 5.650180e-04, -2.415944e-03
26.906023, 1.337568e-03, 3.740372e-04, 3.740372e-04, -2.296139e-03
26.921363, 1.748190e-03, 1.170140e-04, 1.170140e-04, -2.128096e-03
26.936703, 2.211929e-03, -1.921584e-04, -1.921584e-04, -1.917981e-03
26.952042, 2.692971e-03, -5.305884e-04, -5.305884e-04, -1.673380e-03
26.967382, 3.149114e-03, -8.704815e-04, -8.704815e-04, -1.402612e-03
26.982722, 3.537282e-03, -1.184211e-03, -1.184211e-03, -1.113920e-03
26.998062, 3.819209e-03, -1.449451e-03, -1.449451e-03, -8.148858e-04
27.013402, 3.966334e-03, -1.653392e-03, -1.653392e-03, -5.123434e-04
27.028741, 3.963088e-03, -1.795177e-03, -1.795177e-03, -2.129410e-04
27.044081, 3.808109e-03, -1.886005e-03, -1.886005e-03, 7.577985e-05
27.059421, 3.513325e-03, -1.946804e-03, -1.946804e-03, 3.441805e-04
27.074761, 3.101238e-03, -2.003867e-03, -2.003867e-03, 5.797599e-04
27.090101, 2.601100e-03, -2.083301e-03, -2.083301e-03, 7.673611e-04
27.105441, 2.044812e-03, -2.205410e-03, -2.205410e-03, 8.906558e-04
27.120780, 1.463317e-03, -2.380147e-03, -2.380147e-03, 9.348192e-04
27.136120, 8.840717e-04, -2.604535e-03, -2.604535e-03, 8.898763e-04
27.151460, 3.298097e-04, -2.862550e-03, -2.862550e-03, 7.538740e-04
27.166800, -1.815063e-04, -3.127398e-03, -3.127398e-03, 5.349531e-04
27.182140, -6.359255e-04, -3.365683e-03, -3.365683e-03, 2.516048e-04
27.197479, -1.022420e-03, -3.542596e-03, -3.542596e-03, -6.916802e-05
27.212819, -1.331884e-03, -3.627176e-03, -3.627176e-03, -3.955020e-04
27.228159, -1.556479e-03, -3.596753e-03, -3.596753e-03, -6.953565e-04
27.243499, -1.689359e-03, -3.439959e-03, -3.439959e-03, -9.411580e-04
27.258839, -1.724704e-03, -3.158014e-03, -3.158014e-03, -1.113354e-03
27.274178, -1.657900e-03, -2.764273e-03, -2.764273e-03, -1.202128e-03
27.289518, -1.485838e-03, -2.282313e-03, -2.282313e-03, -1.207024e-03
27.304858, -1.207362e-03, -1.742918e-03, -1.742918e-03, -1.134774e-03
27.320198, -8.239933e-04, -1.180435e-03, -1.180435e-03, -9.960810e-04
27.335538, -3.410148e-04, -6.289523e-04, -6.289523e-04, -8.023282e-04
27.350877, 2.311677e-04, -1.187392e-04, -1.187392e-04, -5.631391e-04
27.366217, 8.756977e-04, 3.266624e-04, 3.266624e-04, -2.854481e-04
27.381557, 1.568491e-03, 6.923536e-04, 6.923536e-04, 2.571270e-05
27.396897, 2.278565e-03, 9.727735e-04, 9.727735e-04, 3.649885e-04
27.412237, 2.969883e-03, 1.171093e-03, 1.171093e-03, 7.237356e-04
27.427576, 3.604724e-03, 1.297421e-03, 1.297421e-03, 1.087249e-03
27.442916, 4.148161e-03, 1.366158e-03, 1.366158e-03, 1.433130e-03
27.458256, 4.572765e-03, 1.392992e-03, 1.392992e-03, 1.731519e-03
27.473596, 4.862459e-03, 1.392125e-03, 1.392125e-03, 1.947511e-03
27.488936, 5.014531e-03, 1.374307e-03, 1.374307e-03, 2.045541e-03
27.504276, 5.039225e-03, 1.346017e-03, 1.346017e-03, 1.995024e-03
27.519615, 4.956888e-03, 1.309919e-03, 1.309919e-03, 1.776197e-03
27.534955, 4.793321e-03, 1.266355e-03, 1.266355e-03, 1.384929e-03
27.550295, 4.574393e-03, 1.215369e-03, 1.215369e-03, 8.354278e-04
27.565635, 4.321186e-03, 1.158637e-03, 1.158637e-03, 1.601600e-04
27.580975, 4.046697e-03, 1.100662e-03, 1.100662e-03, -5.931786e-04
27.596314, 3.754734e-03, 1.048848e-03, 1.048848e-03, -1.367163e-03
27.611654, 3.440987e-03, 1.012360e-03, 1.012360e-03, -2.101661e-03
27.626994, 3.095772e-03, 1.000055e-03, 1.000055e-03, -2.741112e-03
27.642334, 2.707548e-03, 1.018056e-03, 1.018056e-03, -3.240772e-03
27.657674, 2.266261e-03, 1.067637e-03, 1.067637e-03, -3.570897e-03
27.673013, 1.765754e-03, 1.144047e-03, 1.144047e-03, -3.718318e-03
27.688353, 1.204857e-03, 1.236588e-03, 1.236588e-03, -3.685400e-03
27.703693, 5.872198e-04, 1.329976e-03, 1.329976e-03, -3.486965e-03
27.719033, -7.972557e-05, 1.406624e-03, 1.406624e-03, -3.146111e-03
27.734373, -7.860523e-04, 1.449311e-03, 1.449311e-03, -2.690025e-03
27.749712, -1.520329e-03, 1.443651e-03, 1.443651e-03, -2.146727e-03
27.765052, -2.269950e-03, 1.379906e-03, 1.379906e-03, -1.543299e-03
27.780392, -3.020776e-03, 1.253958e-03, 1.253958e-03, -9.056601e-04
27.795732, -3.756375e-03, 1.067487e-03, 1.067487e-03, -2.594037e-04
27.811072, -4.457398e-03, 8.276279e-04, 8.276279e-04, 3.691159e-04
27.826411, -5.101662e-03, 5.463590e-04, 5.463590e-04, 9.523571e-04
27.841751, -5.665374e-03, 2.398450e-04, 2.398450e-04, 1.462518e-03
27.857091, -6.125622e-03, -7.227411e-05, -7.227411e-05, 1.874058e-03
27.872431, -6.463844e-03, -3.678001e-04, -3.678001e-04, 2.167473e-03
27.887771, -6.669627e-03, -6.233375e-04, -6.233375e-04, 2.333492e-03
27.903111, -6.743927e-03, -8.162680e-04, -8.162680e-04, 2.376536e-03
27.918450, -6.700786e-03, -9.273065e-04, -9.273065e-04, 2.316361e-03
27.933790, -6.566878e-03, -9.433349e-04, -9.433349e-04, 2.187094e-03
27.949130, -6.378600e-03, -8.599647e-04, -8.599647e-04, 2.033505e-03
27.964470, -6.177021e-03, -6.831659e-04, -6.831659e-04, 1.904977e-03
27.979810, -6.001486e-03, -4.293787e-04, -4.293787e-04, 1.848205e-03
27.995149, -5.883045e-03, -1.237984e-04, -1.237984e-04, 1.899970e-03
28.010489, -5.838976e-03, 2.030622e-04, 2.030622e-04, 2.081329e-03
28.025829, -5.869470e-03, 5.199844e-04, 5.199844e-04, 2.394278e-03
28.041169, -5.957170e-03, 7.999343e-04, 7.999343e-04, 2.821438e-03
28.056509, -6.069628e-03, 1.024192e-03, 1.024192e-03, 3.328701e-03
28.071848, -6.164218e-03, 1.184792e-03, 1.184792e-03, 3.870240e-03
28.087188, -6.194581e-03, 1.284688e-03, 1.284688e-03, 4.394898e-03
28.102528, -6.117411e-03, 1.335596e-03, 1.335596e-03, 4.852790e-03
28.117868, -5.898447e-03, 1.353998e-03, 1.353998e-03, 5.201062e-03
28.133208, -5.516723e-03, 1.356231e-03, 1.356231e-03, 5.407995e-03
28.148547, -4.966572e-03, 1.353855e-03, 1.353855e-03, 5.455086e-03
28.163887, -4.257312e-03, 1.350364e-03, 1.350364e-03, 5.337131e-03
28.179227, -3.410971e-03, 1.340058e-03, 1.340058e-03, 5.060708e-03
28.194567, -2.458725e-03, 1.309316e-03, 1.309316e-03, 4.641663e-03
28.209907, -1.436821e-03, 1.239977e-03, 1.239977e-03, 4.102249e-03
28.225246, -3.827631e-04, 1.114036e-03, 1.114036e-03, 3.468433e-03
28.240586, 6.677202e-04, 9.185644e-04, 9.185644e-04, 2.767718e-03
28.255926, 1.682617e-03, 6.497728e-04, 6.497728e-04, 2.027560e-03
28.271266, 2.634507e-03, 3.153165e-04, 3.153165e-04, 1.274316e-03
28.286606, 3.500591e-03, -6.561350e-05, -6.561350e-05, 5.325419e-04
28.301946, 4.262246e-03, -4.644073e-04, -4.644073e-04, -1.755273e-04
28.317285, 4.904456e-03, -8.469102e-04, -8.469102e-04, -8.304457e-04
28.332625, 5.415421e-03, -1.178297e-03, -1.178297e-03, -1.416016e-03
28.347965, 5.786503e-03, -1.428053e-03, -1.428053e-03, -1.919740e-03
28.363305, 6.012552e-03, -1.574231e-03, -1.574231e-03, -2.333241e-03
28.378645, 6.092547e-03, -1.606329e-03, -1.606329e-03, -2.652627e-03
28.393984, 6.030435e-03, -1.526430e-03, -1.526430e-03, -2.878785e-03
28.409324, 5.836014e-03, -1.348564e-03, -1.348564e-03, -3.017586e-03
28.424664, 5.525663e-03, -1.096517e-03, -1.096517e-03, -3.079925e-03
28.440004, 5.122688e-03, -8.005547e-04, -8.005547e-04, -3.081490e-03
28.455344, 4.657000e-03, -4.936388e-04, -4.936388e-04, -3.042096e-03
28.470683, 4.163862e-03, -2.077240e-04, -2.077240e-04, -2.984448e-03
28.486023, 3.681541e-03, 2.935807e-05, 2.935807e-05, -2.932260e-03
28.501363, 3.247874e-03, 1.961127e-04, 1.961127e-04, -2.907814e-03
28.516703, 2.896080e-03, 2.785855e-04, 2.785855e-04, -2.929217e-03
28.532043, 2.650433e-03, 2.706563e-04, 2.706563e-04, -3.007775e-03
28.547382, 2.522662e-03, 1.736651e-04, 1.736651e-04, -3.146016e-03
28.562722, 2.509928e-03, -4.343209e-06, -4.343209e-06, -3.336829e-03
28.578062, 2.595065e-03, -2.495264e-04, -2.495264e-04, -3.564071e-03
28.593402, 2.749271e-03, -5.432007e-04, -5.432007e-04, -3.804690e-03
28.608742, 2.936879e-03, -8.628928e-04, -8.628928e-04, -4.032076e-03
28.624082, 3.121288e-03, -1.183637e-03, -1.183637e-03, -4.220092e-03
28.639421, 3.270808e-03, -1.479682e-03, -1.479682e-03, -4.346985e-03
28.654761, 3.363168e-03, -1.726692e-03, -1.726692e-03, -4.398429e-03
28.670101, 3.387789e-03, -1.904341e-03, -1.904341e-03, -4.369075e-03
28.685441, 3.345524e-03, -1.999014e-03, -1.999014e-03, -4.262354e-03
28.700781, 3.246235e-03, -2.006150e-03, -2.006150e-03, -4.088691e-03
28.716120, 3.105079e-03, -1.931706e-03, -1.931706e-03, -3.862623e-03
28.731460, 2.938616e-03, -1.792260e-03, -1.792260e-03, -3.599613e-03
28.746800, 2.761677e-03, -1.613489e-03, -1.613489e-03, -3.313311e-03
28.762140, 2.585545e-03, -1.427005e-03, -1.427005e-03, -3.013913e-03
28.777480, 2.417450e-03, -1.265908e-03, -1.265908e-03, -2.707858e-03
28.792819, 2.260936e-03, -1.159658e-03, -1.159658e-03, -2.398764e-03
28.808159, 2.116485e-03, -1.129112e-03, -1.129112e-03, -2.089168e-03
28.823499, 1.981881e-03, -1.182611e-03, -1.182611e-03, -1.782405e-03
28.838839, 1.852121e-03, -1.313874e-03, -1.313874e-03, -1.484007e-03
28.854179, 1.719089e-03, -1.502212e-03, -1.502212e-03, -1.202135e-03
28.869518, 1.571485e-03, -1.715141e-03, -1.715141e-03, -9.468697e-04
28.884858, 1.395544e-03, -1.913033e-03, -1.913033e-03, -7.284666e-04
28.900198, 1.176820e-03, -2.055039e-03, -2.055039e-03, -5.549788e-04
28.915538, 9.029202e-04, -2.105222e-03, -2.105222e-03, -4.297762e-04
28.930878, 5.666163e-04, -2.037797e-03, -2.037797e-03, -3.495437e-04
28.946217, 1.684685e-04, -1.840525e-03, -1.840525e-03, -3.032387e-04
28.961557, -2.818702e-04, -1.515730e-03, -1.515730e-03, -2.723141e-04
28.976897, -7.662185e-04, -1.078879e-03, -1.078879e-03, -2.322975e-04
28.992237, -1.260327e-03, -5.552445e-04, -5.552445e-04, -1.555752e-04
29.007577, -1.737717e-03, 2.450758e-05, 2.450758e-05, -1.502009e-05
29.022917, -2.173978e-03, 6.287343e-04, 6.287343e-04, 2.120539e-04
29.038256, -2.550470e-03, 1.228335e-03, 1.228335e-03, 5.402080e-04
29.053596, -2.856586e-03, 1.798779e-03, 1.798779e-03, 9.730665e-04
29.068936, -3.090158e-03, 2.320536e-03, 2.320536e-03, 1.501875e-03
29.084276, -3.256138e-03, 2.778267e-03, 2.778267e-03, 2.105736e-03
29.099616, -3.364144e-03, 3.159437e-03, 3.159437e-03, 2.753583e-03
29.114955, -3.425714e-03, 3.453133e-03, 3.453133e-03, 3.407664e-03
29.130295, -3.452078e-03, 3.649677e-03, 3.649677e-03, 4.028070e-03
29.145635, -3.452963e-03, 3.741308e-03, 3.741308e-03, 4.577600e-03
29.160975, -3.436539e-03, 3.723811e-03, 3.723811e-03, 5.026235e-03
29.176315, -3.410172e-03, 3.598572e-03, 3.598572e-03, 5.354467e-03
29.191654, -3.381387e-03, 3.374377e-03, 3.374377e-03, 5.554977e-03
29.206994, -3.358399e-03, 3.068277e-03, 3.068277e-03, 5.632387e-03
29.222334, -3.349748e-03, 2.705039e-03, 2.705039e-03, 5.601181e-03
29.237674, -3.362978e-03, 2.315050e-03, 2.315050e-03, 5.482220e-03
29.253014, -3.402640e-03, 1.930933e-03, 1.930933e-03, 5.298528e-03
29.268353, -3.468275e-03, 1.583437e-03, 1.583437e-03, 5.071126e-03
29.283693, -3.553079e-03, 1.297356e-03, 1.297356e-03, 4.815688e-03
29.299033, -3.643859e-03, 1.088250e-03, 1.088250e-03, 4.540571e-03
29.314373, -3.722499e-03, 9.605896e-04, 9.605896e-04, 4.246502e-03
29.329713, -3.768728e-03, 9.076842e-04, 9.076842e-04, 3.927850e-03
29.345052, -3.763570e-03, 9.133815e-04, 9.133815e-04, 3.575149e-03
29.360392, -3.692594e-03, 9.552188e-04, 9.552188e-04, 3.178315e-03
29.375732, -3.548133e-03, 1.008405e-03, 1.008405e-03, 2.729935e-03
29.391072, -3.329881e-03, 1.049865e-03, 1.049865e-03, 2.228041e-03
29.406412, -3.043778e-03, 1.061576e-03, 1.061576e-03, 1.677932e-03
29.421752, -2.699553e-03, 1.032586e-03, 1.032586e-03, 1.092762e-03
29.437091, -2.307728e-03, 9.593957e-04, 9.593957e-04, 4.928191e-04
29.452431, -1.876998e-03, 8.447675e-04, 8.447675e-04, -9.641432e-05
29.467771, -1.412817e-03, 6.953789e-04, 6.953789e-04, -6.471767e-04
29.483111, -9.176170e-04, 5.190070e-04, 5.190070e-04, -1.132948e-03
29.498451, -3.925899e-04, 3.220269e-04, 3.220269e-04, -1.532109e-03
29.513790, 1.595230e-04, 1.078929e-04, 1.078929e-04, -1.831207e-03
29.529130, 7.315075e-04, -1.230183e-04, -1.230183e-04, -2.027264e-03
29.544470, 1.309565e-03, -3.722233e-04, -3.722233e-04, -2.128675e-03
29.559810, 1.872752e-03, -6.410226e-04, -6.410226e-04, -2.154391e-03
29.575150, 2.394287e-03, -9.281594e-04, -9.281594e-04, -2.131353e-03
29.590489, 2.844571e-03, -1.228015e-03, -1.228015e-03, -2.090483e-03
29.605829, 3.195320e-03, -1.529958e-03, -1.529958e-03, -2.061812e-03
29.621169, 3.423923e-03, -1.819130e-03, -1.819130e-03, -2.069591e-03
29.636509, 3.517112e-03, -2.078532e-03, -2.078532e-03, -2.128216e-03
29.651849, 3.473175e-03, -2.291884e-03, -2.291884e-03, -2.239747e-03
29.667188, 3.302299e-03, -2.446530e-03, -2.446530e-03, -2.393453e-03
29.682528, 3.025000e-03, -2.535599e-03, -2.535599e-03, -2.567448e-03
29.697868, 2.668989e-03, -2.558909e-03, -2.558909e-03, -2.732094e-03
29.713208, 2.265103e-03, -2.522388e-03, -2.522388e-03, -2.854508e-03
29.728548, 1.843055e-03, -2.436262e-03, -2.436262e-03, -2.903422e-03
29.743887, 1.427754e-03, -2.312529e-03, -2.312529e-03, -2.853583e-03
29.759227, 1.036767e-03, -2.162439e-03, -2.162439e-03, -2.689119e-03
29.774567, 6.792900e-04, -1.994631e-03, -1.994631e-03, -2.405497e-03
29.789907, 3.566768e-04, -1.814357e-03, -1.814357e-03, -2.010009e-03
29.805247, 6.428070e-05, -1.623873e-03, -1.623873e-03, -1.520907e-03
29.820587, -2.058359e-04, -1.423740e-03, -1.423740e-03, -9.654953e-04
29.835926, -4.619212e-04, -1.214519e-03, -1.214519e-03, -3.775338e-04
29.851266, -7.098784e-04, -9.982642e-04, -9.982642e-04, 2.056800e-04
29.866606, -9.514211e-04, -7.793153e-04, -7.793153e-04, 7.462533e-04
29.881946, -1.183307e-03, -5.641266e-04, -5.641266e-04, 1.208429e-03
29.897286, -1.397667e-03, -3.601736e-04, -3.601736e-04, 1.560969e-03
29.912625, -1.583200e-03, -1.742667e-04, -1.742667e-04, 1.779137e-03
29.927965, -1.726861e-03, -1.077741e-05, -1.077741e-05, 1.846295e-03
29.943305, -1.815609e-03, 1.296882e-04, 1.296882e-04, 1.755141e-03
29.958645, -1.837868e-03, 2.507557e-04, 2.507557e-04, 1.508594e-03
29.973985, -1.784536e-03, 3.597057e-04, 3.597057e-04, 1.120279e-03
29.989324, -1.649550e-03, 4.659454e-04, 4.659454e-04, 6.144645e-04
30.004664, -1.430185e-03, 5.788635e-04, 5.788635e-04, 2.522698e-05
30.020004, -1.127312e-03, 7.055490e-04, 7.055490e-04, -6.053430e-04
30.035344, -7.457760e-04, 8.488798e-04, 8.488798e-04, -1.230027e-03
30.050684, -2.948934e-04, 1.006389e-03, 1.006389e-03, -1.800366e-03
30.066023, 2.110994e-04, 1.170133e-03, 1.170133e-03, -2.271224e-03
30.081363, 7.529769e-04, 1.327550e-03, 1.327550e-03, -2.605449e-03
30.096703, 1.307160e-03, 1.463117e-03, 1.463117e-03, -2.777905e-03
30.112043, 1.847275e-03, 1.560436e-03, 1.560436e-03, -2.778156e-03
30.127383, 2.346601e-03, 1.604367e-03, 1.604367e-03, -2.611259e-03
30.142722, 2.781075e-03, 1.582853e-03, 1.582853e-03, -2.296441e-03
30.158062, 3.132285e-03, 1.488183e-03, 1.488183e-03, -1.863860e-03
30.173402, 3.389765e-03, 1.317630e-03, 1.317630e-03, -1.350032e-03
30.188742, 3.552010e-03, 1.073521e-03, 1.073521e-03, -7.927417e-04
30.204082, 3.625890e-03, 7.628921e-04, 7.628921e-04, -2.263796e-04
30.219422, 3.624541e-03, 3.969470e-04, 3.969470e-04, 3.214979e-04
30.234761, 3.564216e-03, -9.536494e-06, -9.536494e-06, 8.318696e-04
30.250101, 3.460820e-03, -4.387779e-04, -4.387779e-04, 1.294074e-03
30.265441, 3.326972e-03, -8.705833e-04, -8.705833e-04, 1.704026e-03
30.280781, 3.170227e-03, -1.283070e-03, -1.283070e-03, 2.061388e-03
30.296121, 2.992790e-03, -1.653664e-03, -1.653664e-03, 2.366444e-03
30.311460, 2.792599e-03, -1.960442e-03, -1.960442e-03, 2.617417e-03
30.326800, 2.565327e-03, -2.183795e-03, -2.183795e-03, 2.808810e-03
30.342140, 2.306634e-03, -2.308216e-03, -2.308216e-03, 2.931114e-03
30.357480, 2.014044e-03, -2.323935e-03, -2.323935e-03, 2.971876e-03
30.372820, 1.688021e-03, -2.228076e-03, -2.228076e-03, 2.917889e-03
30.388159, 1.332172e-03, -2.025055e-03, -2.025055e-03, 2.758025e-03
30.403499, 9.527958e-04, -1.726121e-03, -1.726121e-03, 2.486143e-03
30.418839, 5.581746e-04, -1.348085e-03, -1.348085e-03, 2.103513e-03
30.434179, 1.580175e-04, -9.115146e-04, -9.115146e-04, 1.620304e-03
30.449519, -2.367513e-04, -4.387236e-04, -4.387236e-04, 1.055828e-03
30.464858, -6.139157e-04, 4.806339e-05, 4.806339e-05, 4.374444e-04
30.480198, -9.599232e-04, 5.281199e-04, 5.281199e-04, -2.017640e-04
30.495538, -1.260299e-03, 9.830924e-04, 9.830924e-04, -8.262478e-04
30.510878, -1.500848e-03, 1.397406e-03, 1.397406e-03, -1.401726e-03
30.526218, -1.669696e-03, 1.758375e-03, 1.758375e-03, -1.898854e-03
30.541557, -1.759865e-03, 2.056220e-03, 2.056220e-03, -2.296264e-03
30.556897, -1.771725e-03, 2.284122e-03, 2.284122e-03, -2.582524e-03
30.572237, -1.714531e-03, 2.438339e-03, 2.438339e-03, -2.756740e-03
30.587577, -1.606333e-03, 2.518296e-03, 2.518296e-03, -2.827775e-03
30.602917, -1.471921e-03, 2.526499e-03, 2.526499e-03, -2.812320e-03
30.618257, -1.338953e-03, 2.468151e-03, 2.468151e-03, -2.732243e-03
30.633596, -1.233007e-03, 2.350471e-03, 2.350471e-03, -2.611700e-03
30.648936, -1.172619e-03, 2.181818e-03, 2.181818e-03, -2.474466e-03
30.664276, -1.165576e-03, 1.970860e-03, 1.970860e-03, -2.341734e-03
30.679616, -1.207422e-03, 1.726035e-03, 1.726035e-03, -2.230439e-03
30.694956, -1.282702e-03, 1.455469e-03, 1.455469e-03, -2.151977e-03
30.710295, -1.368747e-03, 1.167356e-03, 1.167356e-03, -2.111148e-03
30.725635, -1.441155e-03, 8.706002e-04, 8.706002e-04, -2.105221e-03
30.740975, -1.479672e-03, 5.753753e-04, 5.753753e-04, -2.123229e-03
30.756315, -1.473012e-03, 2.932189e-04, 2.932189e-04, -2.145818e-03
30.771655, -1.421435e-03, 3.640284e-05, 3.640284e-05, -2.146091e-03
30.786994, -1.336440e-03, -1.834619e-04, -1.834619e-04, -2.091870e-03
30.802334, -1.237676e-03, -3.573336e-04, -3.573336e-04, -1.949530e-03
30.817674, -1.147892e-03, -4.806756e-04, -4.806756e-04, -1.689142e-03
30.833014, -1.087256e-03, -5.548291e-04, -5.548291e-04, -1.290225e-03
30.848354, -1.068512e-03, -5.873138e-04, -5.873138e-04, -7.470112e-04
30.863693, -1.094224e-03, -5.907959e-04, -5.907959e-04, -7.205285e-05
30.879033, -1.156780e-03, -5.808233e-04, -5.808233e-04, 7.028436e-04
30.894373, -1.241070e-03, -5.727803e-04, -5.727803e-04, 1.528874e-03
30.909713, -1.329054e-03, -5.787592e-04, -5.787592e-04, 2.345539e-03
30.925053, -1.404913e-03, -6.051084e-04, -6.051084e-04, 3.088189e-03
30.940392, -1.459326e-03, -6.512671e-04, -6.512671e-04, 3.696498e-03
30.955732, -1.491675e-03, -7.101846e-04, -7.101846e-04, 4.122368e-03
30.971072, -1.509511e-03, -7.702288e-04, -7.702288e-04, 4.335914e-03
30.986412, -1.525399e-03, -8.181232e-04, -8.181232e-04, 4.328611e-03
31.001752, -1.551948e-03, -8.422110e-04, -8.422110e-04, 4.113317e-03
31.017092, -1.596351e-03, -8.352839e-04, -8.352839e-04, 3.721487e-03
31.032431, -1.655935e-03, -7.963426e-04, -7.963426e-04, 3.198337e-03
31.047771, -1.715977e-03, -7.309318e-04, -7.309318e-04, 2.596986e-03
31.063111, -1.750559e-03, -6.500393e-04, -6.500393e-04, 1.972523e-03
31.078451, -1.726425e-03, -5.678758e-04, -5.678758e-04, 1.376777e-03
31.093791, -1.609169e-03, -4.990799e-04, -4.990799e-04, 8.542116e-04
31.109130, -1.370427e-03, -4.559722e-04, -4.559722e-04, 4.391063e-04
31.124470, -9.945728e-04, -4.464099e-04, -4.464099e-04, 1.539451e-04
31.139810, -4.834468e-04, -4.725951e-04, -4.725951e-04, 8.853175e-06
31.155150, 1.419082e-04, -5.309399e-04, -5.309399e-04, 1.908649e-06
31.170490, 8.429004e-04, -6.128553e-04, -6.128553e-04, 1.202118e-04
31.185829, 1.568142e-03, -7.061800e-04, -7.061800e-04, 3.416275e-04
31.201169, 2.260400e-03, -7.969178e-04, -7.969178e-04, 6.371152e-04
31.216509, 2.864453e-03, -8.710088e-04, -8.710088e-04, 9.735175e-04
31.231849, 3.334434e-03, -9.159666e-04, -9.159666e-04, 1.316604e-03
31.247189, 3.639444e-03, -9.223129e-04, -9.223129e-04, 1.634093e-03
31.262528, 3.766587e-03, -8.847791e-04, -8.847791e-04, 1.898333e-03
31.277868, 3.721141e-03, -8.032135e-04, -8.032135e-04, 2.088349e-03
31.293208, 3.524072e-03, -6.830504e-04, -6.830504e-04, 2.191029e-03
31.308548, 3.207555e-03, -5.351287e-04, -5.351287e-04, 2.201344e-03
31.323888, 2.809433e-03, -3.746584e-04, -3.746584e-04, 2.121628e-03
31.339227, 2.367568e-03, -2.192575e-04, -2.192575e-04, 1.960104e-03
31.354567, 1.914954e-03, -8.621886e-05, -8.621886e-05, 1.728940e-03
31.369907, 1.476193e-03, 1.056534e-05, 1.056534e-05, 1.442178e-03
31.385247, 1.065647e-03, 6.338051e-05, 6.338051e-05, 1.113918e-03
31.400587, 6.872753e-04, 7.247134e-05, 7.247134e-05, 7.570293e-04
31.415927, 3.359639e-04, 4.628808e-05, 4.628808e-05, 3.825818e-04
