x, 11, 12, 21, 22
0.015340, -5.111565e+01, -5.100800e+01, -5.100800e+01, -5.090066e+01
0.030680, -5.128214e+01, -5.092237e+01, -5.092237e+01, -5.056639e+01
0.046019, -5.152477e+01, -5.077817e+01, -5.077817e+01, -5.004869e+01
0.061359, -5.179938e+01, -5.057411e+01, -5.057411e+01, -4.939680e+01
0.076699, -5.205782e+01, -5.030989e+01, -5.030989e+01, -4.866314e+01
0.092039, -5.225655e+01, -4.998677e+01, -4.998677e+01, -4.789374e+01
0.107379, -5.236257e+01, -4.960756e+01, -4.960756e+01, -4.712246e+01
0.122718, -5.235593e+01, -4.917609e+01, -4.917609e+01, -4.636958e+01
0.138058, -5.222919e+01, -4.869682e+01, -4.869682e+01, -4.564343e+01
0.153398, -5.198500e+01, -4.817441e+01, -4.817441e+01, -4.494332e+01
0.168738, -5.163291e+01, -4.761355e+01, -4.761355e+01, -4.426309e+01
0.184078, -5.118592e+01, -4.701882e+01, -4.701882e+01, -4.359435e+01
0.199418, -5.065757e+01, -4.639464e+01, -4.639464e+01, -4.292911e+01
0.214757, -5.005969e+01, -4.574512e+01, -4.574512e+01, -4.226144e+01
0.230097, -4.940113e+01, -4.507394e+01, -4.507394e+01, -4.158826e+01
0.245437, -4.868742e+01, -4.438415e+01, -4.438415e+01, -4.090927e+01
0.260777, -4.792128e+01, -4.367792e+01, -4.367792e+01, -4.022618e+01
0.276117, -4.710382e+01, -4.295633e+01, -4.295633e+01, -3.954134e+01
0.291456, -4.623594e+01, -4.221929e+01, -4.221929e+01, -3.885646e+01
0.306796, -4.531944e+01, -4.146552e+01, -4.146552e+01, -3.817156e+01
0.322136, -4.435770e+01, -4.069278e+01, -4.069278e+01, -3.748453e+01
0.337476, -4.335560e+01, -3.989821e+01, -3.989821e+01, -3.679140e+01
0.352816, -4.231887e+01, -3.907879e+01, -3.907879e+01, -3.608721e+01
0.368155, -4.125329e+01, -3.823186e+01, -3.823186e+01, -3.536701e+01
0.383495, -4.016399e+01, -3.735560e+01, -3.735560e+01, -3.462681e+01
0.398835, -3.905513e+01, -3.644936e+01, -3.644936e+01, -3.386410e+01
0.414175, -3.792991e+01, -3.551375e+01, -3.551375e+01, -3.307798e+01
0.429515, -3.679082e+01, -3.455058e+01, -3.455058e+01, -3.226888e+01
0.444854, -3.563996e+01, -3.356259e+01, -3.356259e+01, -3.143811e+01
0.460194, -3.447929e+01, -3.255315e+01, -3.255315e+01, -3.058742e+01
0.475534, -3.331075e+01, -3.152588e+01, -3.152588e+01, -2.971858e+01
0.490874, -3.213625e+01, -3.048440e+01, -3.048440e+01, -2.883318e+01
0.506214, -3.095763e+01, -2.943208e+01, -2.943208e+01, -2.793253e+01
0.521553, -2.977662e+01, -2.837196e+01, -2.837196e+01, -2.701764e+01
0.536893, -2.859482e+01, -2.730665e+01, -2.730665e+01, -2.608935e+01
0.552233, -2.741367e+01, -2.623833e+01, -2.623833e+01, -2.514845e+01
0.567573, -2.623451e+01, -2.516874e+01, -2.516874e+01, -2.419580e+01
0.582913, -2.505862e+01, -2.409925e+01, -2.409925e+01, -2.323237e+01
0.598253, -2.388720e+01, -2.303092e+01, -2.303092e+01, -2.225942e+01
0.613592, -2.272143e+01, -2.196462e+01, -2.196462e+01, -2.127842e+01
0.628932, -2.156244e+01, -2.090113e+01, -2.090113e+01, -2.029113e+01
0.644272, -2.041133e+01, -1.984127e+01, -1.984127e+01, -1.929955e+01
0.659612, -1.926922e+01, -1.878599e+01, -1.878599e+01, -1.830592e+01
0.674952, -1.813721e+01, -1.773639e+01, -1.773639e+01, -1.731263e+01
0.690291, -1.701647e+01, -1.669375e+01, -1.669375e+01, -1.632216e+01
0.705631, -1.590822e+01, -1.565949e+01, -1.565949e+01, -1.533701e+01
0.720971, -1.481374e+01, -1.463511e+01, -1.463511e+01, -1.435960e+01
0.736311, -1.373437e+01, -1.362219e+01, -1.362219e+01, -1.339218e+01
0.751651, -1.267150e+01, -1.262229e+01, -1.262229e+01, -1.243679e+01
0.766990, -1.162655e+01, -1.163695e+01, -1.163695e+01, -1.149518e+01
0.782330, -1.060098e+01, -1.066766e+01, -1.066766e+01, -1.056886e+01
0.797670, -9.596255e+00, -9.715887e+00, -9.715887e+00, -9.659102e+00
0.813010, -8.613891e+00, -8.782980e+00, -8.782980e+00, -8.767003e+00
0.828350, -7.655390e+00, -7.870217e+00, -7.870217e+00, -7.893540e+00
0.843689, -6.722236e+00, -6.978768e+00, -6.978768e+00, -7.039630e+00
0.859029, -5.815844e+00, -6.109691e+00, -6.109691e+00, -6.206172e+00
0.874369, -4.937505e+00, -5.263943e+00, -5.263943e+00, -5.394067e+00
0.889709, -4.088334e+00, -4.442395e+00, -4.442395e+00, -4.604220e+00
0.905049, -3.269249e+00, -3.645865e+00, -3.645865e+00, -3.837523e+00
0.920388, -2.480963e+00, -2.875148e+00, -2.875148e+00, -3.094832e+00
0.935728, -1.724014e+00, -2.131043e+00, -2.131043e+00, -2.376944e+00
0.951068, -9.988199e-01, -1.414367e+00, -1.414367e+00, -1.684598e+00
0.966408, -3.057561e-01, -7.259627e-01, -7.259627e-01, -1.018480e+00
0.981748, 3.547626e-01, -6.669193e-02, -6.669193e-02, -3.792546e-01
0.997088, 9.822142e-01, 5.625707e-01, 5.625707e-01, 2.323789e-01
1.012427, 1.575917e+00, 1.160943e+00, 1.160943e+00, 8.156413e-01
1.027767, 2.135007e+00, 1.727532e+00, 1.727532e+00, 1.369630e+00
1.043107, 2.658459e+00, 2.261425e+00, 2.261425e+00, 1.893296e+00
1.058447, 3.145150e+00, 2.761674e+00, 2.761674e+00, 2.385450e+00
1.073787, 3.593943e+00, 3.227283e+00, 3.227283e+00, 2.844814e+00
1.089126, 4.003801e+00, 3.657209e+00, 3.657209e+00, 3.270103e+00
1.104466, 4.373911e+00, 4.050387e+00, 4.050387e+00, 3.660125e+00
1.119806, 4.703780e+00, 4.405775e+00, 4.405775e+00, 4.013895e+00
1.135146, 4.993310e+00, 4.722429e+00, 4.722429e+00, 4.330734e+00
1.150486, 5.242816e+00, 4.999601e+00, 4.999601e+00, 4.610341e+00
1.165825, 5.453003e+00, 5.236836e+00, 5.236836e+00, 4.852821e+00
1.181165, 5.624903e+00, 5.434066e+00, 5.434066e+00, 5.058661e+00
1.196505, 5.759768e+00, 5.591672e+00, 5.591672e+00, 5.228684e+00
1.211845, 5.858978e+00, 5.710510e+00, 5.710510e+00, 5.363961e+00
1.227185, 5.923944e+00, 5.791894e+00, 5.791894e+00, 5.465713e+00
1.242524, 5.956052e+00, 5.837528e+00, 5.837528e+00, 5.535238e+00
1.257864, 5.956631e+00, 5.849410e+00, 5.849410e+00, 5.573848e+00
1.273204, 5.926969e+00, 5.829709e+00, 5.829709e+00, 5.582842e+00
1.288544, 5.868348e+00, 5.780642e+00, 5.780642e+00, 5.563509e+00
1.303884, 5.782097e+00, 5.704353e+00, 5.704353e+00, 5.517149e+00
1.319223, 5.669641e+00, 5.602830e+00, 5.602830e+00, 5.445101e+00
1.334563, 5.532532e+00, 5.477847e+00, 5.477847e+00, 5.348763e+00
1.349903, 5.372454e+00, 5.330953e+00, 5.330953e+00, 5.229590e+00
1.365243, 5.191196e+00, 5.163504e+00, 5.163504e+00, 5.089074e+00
1.380583, 4.990591e+00, 4.976714e+00, 4.976714e+00, 4.928701e+00
1.395923, 4.772451e+00, 4.771741e+00, 4.771741e+00, 4.749902e+00
1.411262, 4.538494e+00, 4.549756e+00, 4.549756e+00, 4.554006e+00
1.426602, 4.290280e+00, 4.312014e+00, 4.312014e+00, 4.342218e+00
1.441942, 4.029197e+00, 4.059883e+00, 4.059883e+00, 4.115615e+00
1.457282, 3.756463e+00, 3.794845e+00, 3.794845e+00, 3.875177e+00
1.472622, 3.473175e+00, 3.518466e+00, 3.518466e+00, 3.621844e+00
1.487961, 3.180372e+00, 3.232337e+00, 3.232337e+00, 3.356578e+00
1.503301, 2.879106e+00, 2.938016e+00, 2.938016e+00, 3.080430e+00
1.518641, 2.570510e+00, 2.636972e+00, 2.636972e+00, 2.794581e+00
1.533981, 2.255831e+00, 2.330557e+00, 2.330557e+00, 2.500361e+00
1.549321, 1.936435e+00, 2.020000e+00, 2.020000e+00, 2.199243e+00
1.564660, 1.613787e+00, 1.706436e+00, 1.706436e+00, 1.892793e+00
1.580000, 1.289404e+00, 1.390951e+00, 1.390951e+00, 1.582617e+00
1.595340, 9.648001e-01, 1.074636e+00, 1.074636e+00, 1.270296e+00
1.610680, 6.414399e-01, 7.586330e-01, 7.586330e-01, 9.573359e-01
1.626020, 3.207040e-01, 4.441653e-01, 4.441653e-01, 6.451227e-01
1.641359, 3.876688e-03, 1.325421e-01, 1.325421e-01, 3.349208e-01
1.656699, -3.078481e-01, -1.748598e-01, -1.748598e-01, 2.788798e-02
1.672039, -6.133446e-01, -4.766336e-01, -4.766336e-01, -2.748875e-01
1.687379, -9.115270e-01, -7.713903e-01, -7.713903e-01, -5.723387e-01
1.702719, -1.201327e+00, -1.057806e+00, -1.057806e+00, -8.633708e-01
1.718058, -1.481677e+00, -1.334659e+00, -1.334659e+00, -1.146826e+00
1.733398, -1.751506e+00, -1.600859e+00, -1.600859e+00, -1.421468e+00
1.748738, -2.009745e+00, -1.855448e+00, -1.855448e+00, -1.685998e+00
1.764078, -2.255347e+00, -2.097598e+00, -2.097598e+00, -1.939079e+00
1.779418, -2.487307e+00, -2.326591e+00, -2.326591e+00, -2.179393e+00
1.794758, -2.704687e+00, -2.541793e+00, -2.541793e+00, -2.405704e+00
1.810097, -2.906644e+00, -2.742633e+00, -2.742633e+00, -2.616907e+00
1.825437, -3.092448e+00, -2.928582e+00, -2.928582e+00, -2.812083e+00
1.840777, -3.261502e+00, -3.099146e+00, -3.099146e+00, -2.990527e+00
1.856117, -3.413349e+00, -3.253866e+00, -3.253866e+00, -3.151757e+00
1.871457, -3.547674e+00, -3.392329e+00, -3.392329e+00, -3.295505e+00
1.886796, -3.664302e+00, -3.514191e+00, -3.514191e+00, -3.421688e+00
1.902136, -3.763175e+00, -3.619194e+00, -3.619194e+00, -3.530370e+00
1.917476, -3.844345e+00, -3.707190e+00, -3.707190e+00, -3.621719e+00
1.932816, -3.907948e+00, -3.778152e+00, -3.778152e+00, -3.695965e+00
1.948156, -3.954199e+00, -3.832178e+00, -3.832178e+00, -3.753370e+00
1.963495, -3.983380e+00, -3.869488e+00, -3.869488e+00, -3.794210e+00
1.978835, -3.995836e+00, -3.890401e+00, -3.890401e+00, -3.818772e+00
1.994175, -3.991986e+00, -3.895320e+00, -3.895320e+00, -3.827369e+00
2.009515, -3.972327e+00, -3.884708e+00, -3.884708e+00, -3.820361e+00
2.024855, -3.937433e+00, -3.859070e+00, -3.859070e+00, -3.798187e+00
2.040194, -3.887965e+00, -3.818942e+00, -3.818942e+00, -3.761385e+00
2.055534, -3.824657e+00, -3.764897e+00, -3.764897e+00, -3.710611e+00
2.070874, -3.748316e+00, -3.697549e+00, -3.697549e+00, -3.646637e+00
2.086214, -3.659800e+00, -3.617568e+00, -3.617568e+00, -3.570340e+00
2.101554, -3.560012e+00, -3.525691e+00, -3.525691e+00, -3.482669e+00
2.116893, -3.449882e+00, -3.422736e+00, -3.422736e+00, -3.384619e+00
2.132233, -3.330359e+00, -3.309601e+00, -3.309601e+00, -3.277188e+00
2.147573, -3.202402e+00, -3.187256e+00, -3.187256e+00, -3.161355e+00
2.162913, -3.066979e+00, -3.056735e+00, -3.056735e+00, -3.038053e+00
2.178253, -2.925056e+00, -2.919110e+00, -2.919110e+00, -2.908165e+00
2.193593, -2.777597e+00, -2.775469e+00, -2.775469e+00, -2.772525e+00
2.208932, -2.625557e+00, -2.626901e+00, -2.626901e+00, -2.631928e+00
2.224272, -2.469878e+00, -2.474470e+00, -2.474470e+00, -2.487138e+00
2.239612, -2.311480e+00, -2.319204e+00, -2.319204e+00, -2.338909e+00
2.254952, -2.151257e+00, -2.162082e+00, -2.162082e+00, -2.187989e+00
2.270292, -1.990070e+00, -2.004029e+00, -2.004029e+00, -2.035127e+00
2.285631, -1.828743e+00, -1.845915e+00, -1.845915e+00, -1.881079e+00
2.300971, -1.668061e+00, -1.688544e+00, -1.688544e+00, -1.726601e+00
2.316311, -1.508765e+00, -1.532663e+00, -1.532663e+00, -1.572449e+00
2.331651, -1.351556e+00, -1.378955e+00, -1.378955e+00, -1.419371e+00
2.346991, -1.197097e+00, -1.228045e+00, -1.228045e+00, -1.268107e+00
2.362330, -1.046014e+00, -1.080500e+00, -1.080500e+00, -1.119378e+00
2.377670, -8.989051e-01, -9.368336e-01, -9.368336e-01, -9.738879e-01
2.393010, -7.563398e-01, -7.975150e-01, -7.975150e-01, -8.323117e-01
2.408350, -6.188644e-01, -6.629699e-01, -6.629699e-01, -6.952921e-01
2.423690, -4.869962e-01, -5.335875e-01, -5.335875e-01, -5.634302e-01
2.439029, -3.612146e-01, -4.097209e-01, -4.097209e-01, -4.372752e-01
2.454369, -2.419465e-01, -2.916863e-01, -2.916863e-01, -3.173121e-01
2.469709, -1.295477e-01, -1.797593e-01, -1.797593e-01, -2.039489e-01
2.485049, -2.428398e-02, -7.416944e-02, -7.416944e-02, -9.750355e-02
2.500389, 7.368247e-02, 2.490501e-02, 2.490501e-02, 1.808491e-03
2.515728, 1.643000e-01, 1.173402e-01, 1.173402e-01, 9.388222e-02
2.531068, 2.476236e-01, 2.030675e-01, 2.030675e-01, 1.787259e-01
2.546408, 3.238010e-01, 2.820718e-01, 2.820718e-01, 2.564563e-01
2.561748, 3.930500e-01, 3.543877e-01, 3.543877e-01, 3.272860e-01
2.577088, 4.556326e-01, 4.200946e-01, 4.200946e-01, 3.915026e-01
2.592428, 5.118302e-01, 4.793131e-01, 4.793131e-01, 4.494419e-01
2.607767, 5.619247e-01, 5.322026e-01, 5.322026e-01, 5.014589e-01
2.623107, 6.061867e-01, 5.789600e-01, 5.789600e-01, 5.479006e-01
2.638447, 6.448745e-01, 6.198196e-01, 6.198196e-01, 5.890846e-01
2.653787, 6.782383e-01, 6.550520e-01, 6.550520e-01, 6.252855e-01
2.669127, 7.065296e-01, 6.849606e-01, 6.849606e-01, 6.567324e-01
2.684466, 7.300099e-01, 7.098758e-01, 7.098758e-01, 6.836149e-01
2.699806, 7.489565e-01, 7.301450e-01, 7.301450e-01, 7.060969e-01
2.715146, 7.636640e-01, 7.461215e-01, 7.461215e-01, 7.243341e-01
2.730486, 7.744404e-01, 7.581521e-01, 7.581521e-01, 7.384925e-01
2.745826, 7.815994e-01, 7.665671e-01, 7.665671e-01, 7.487635e-01
2.761165, 7.854520e-01, 7.716734e-01, 7.716734e-01, 7.553750e-01
2.776505, 7.862982e-01, 7.737525e-01, 7.737525e-01, 7.585946e-01
2.791845, 7.844205e-01, 7.730628e-01, 7.730628e-01, 7.587285e-01
2.807185, 7.800815e-01, 7.698451e-01, 7.698451e-01, 7.561123e-01
2.822525, 7.735237e-01, 7.643292e-01, 7.643292e-01, 7.510990e-01
2.837864, 7.649715e-01, 7.567396e-01, 7.567396e-01, 7.440429e-01
2.853204, 7.546341e-01, 7.472990e-01, 7.472990e-01, 7.352831e-01
2.868544, 7.427076e-01, 7.362272e-01, 7.362272e-01, 7.251266e-01
2.883884, 7.293762e-01, 7.237370e-01, 7.237370e-01, 7.138350e-01
2.899224, 7.148111e-01, 7.100277e-01, 7.100277e-01, 7.016133e-01
2.914563, 6.991691e-01, 6.952768e-01, 6.952768e-01, 6.886057e-01
2.929903, 6.825889e-01, 6.796334e-01, 6.796334e-01, 6.748961e-01
2.945243, 6.651896e-01, 6.632136e-01, 6.632136e-01, 6.605135e-01
2.960583, 6.470687e-01, 6.460995e-01, 6.460995e-01, 6.454447e-01
2.975923, 6.283023e-01, 6.283426e-01, 6.283426e-01, 6.296478e-01
2.991263, 6.089482e-01, 6.099707e-01, 6.099707e-01, 6.130700e-01
3.006602, 5.890495e-01, 5.909978e-01, 5.909978e-01, 5.956634e-01
3.021942, 5.686413e-01, 5.714353e-01, 5.714353e-01, 5.774002e-01
3.037282, 5.477565e-01, 5.513030e-01, 5.513030e-01, 5.582834e-01
3.052622, 5.264328e-01, 5.306376e-01, 5.306376e-01, 5.383535e-01
3.067962, 5.047176e-01, 5.094985e-01, 5.094985e-01, 5.176906e-01
3.083301, 4.826709e-01, 4.879694e-01, 4.879694e-01, 4.964104e-01
3.098641, 4.603659e-01, 4.661550e-01, 4.661550e-01, 4.746576e-01
3.113981, 4.378862e-01, 4.441751e-01, 4.441751e-01, 4.525955e-01
3.129321, 4.153222e-01, 4.221560e-01, 4.221560e-01, 4.303947e-01
3.144661, 3.927647e-01, 4.002214e-01, 4.002214e-01, 4.082223e-01
3.160000, 3.703002e-01, 3.784836e-01, 3.784836e-01, 3.862330e-01
3.175340, 3.480069e-01, 3.570378e-01, 3.570378e-01, 3.645624e-01
3.190680, 3.259528e-01, 3.359582e-01, 3.359582e-01, 3.433236e-01
3.206020, 3.041967e-01, 3.152979e-01, 3.152979e-01, 3.226063e-01
3.221360, 2.827906e-01, 2.950902e-01, 2.950902e-01, 3.024764e-01
3.236699, 2.617834e-01, 2.753522e-01, 2.753522e-01, 2.829776e-01
3.252039, 2.412234e-01, 2.560881e-01, 2.560881e-01, 2.641321e-01
3.267379, 2.211597e-01, 2.372932e-01, 2.372932e-01, 2.459420e-01
3.282719, 2.016411e-01, 2.189565e-01, 2.189565e-01, 2.283908e-01
3.298059, 1.827133e-01, 2.010639e-01, 2.010639e-01, 2.114465e-01
3.313399, 1.644146e-01, 1.835998e-01, 1.835998e-01, 1.950652e-01
3.328738, 1.467719e-01, 1.665506e-01, 1.665506e-01, 1.791970e-01
3.344078, 1.297982e-01, 1.499074e-01, 1.499074e-01, 1.637922e-01
3.359418, 1.134922e-01, 1.336687e-01, 1.336687e-01, 1.488069e-01
3.374758, 9.783976e-02, 1.178428e-01, 1.178428e-01, 1.342080e-01
3.390098, 8.281815e-02, 1.024488e-01, 1.024488e-01, 1.199753e-01
3.405437, 6.840009e-02, 8.751516e-02, 8.751516e-02, 1.061017e-01
3.420777, 5.455822e-02, 7.307597e-02, 7.307597e-02, 9.259063e-02
3.436117, 4.126851e-02, 5.916569e-02, 5.916569e-02, 7.945212e-02
3.451457, 2.851253e-02, 4.581273e-02, 4.581273e-02, 6.669832e-02
3.466797, 1.627822e-02, 3.303377e-02, 3.303377e-02, 5.433948e-02
3.482136, 4.559772e-03, 2.082997e-02, 2.082997e-02, 4.238112e-02
3.497476, -6.642868e-03, 9.186080e-03, 9.186080e-03, 3.082249e-02
3.512816, -1.732495e-02, -1.927335e-03, -1.927335e-03, 1.965642e-02
3.528156, -2.747830e-02, -1.254913e-02, -1.254913e-02, 8.870233e-03
3.543496, -3.709317e-02, -2.272154e-02, -2.272154e-02, -1.552990e-03
3.558835, -4.616060e-02, -3.248429e-02, -3.248429e-02, -1.163337e-02
3.574175, -5.467561e-02, -4.187019e-02, -4.187019e-02, -2.139338e-02
3.589515, -6.264089e-02, -5.090289e-02, -5.090289e-02, -3.085724e-02
3.604855, -7.007018e-02, -5.959688e-02, -5.959688e-02, -4.005056e-02
3.620195, -7.699063e-02, -6.795890e-02, -6.795890e-02, -4.899973e-02
3.635534, -8.344330e-02, -7.598985e-02, -7.598985e-02, -5.773060e-02
3.650874, -8.948132e-02, -8.368596e-02, -8.368596e-02, -6.626622e-02
3.666214, -9.516502e-02, -9.103868e-02, -9.103868e-02, -7.462389e-02
3.681554, -1.005549e-01, -9.803332e-02, -9.803332e-02, -8.281168e-02
3.696894, -1.057036e-01, -1.046472e-01, -1.046472e-01, -9.082481e-02
3.712234, -1.106482e-01, -1.108482e-01, -1.108482e-01, -9.864289e-02
3.727573, -1.154046e-01, -1.165955e-01, -1.165955e-01, -1.062290e-01
3.742913, -1.199657e-01, -1.218429e-01, -1.218429e-01, -1.135308e-01
3.758253, -1.243033e-01, -1.265449e-01, -1.265449e-01, -1.204844e-01
3.773593, -1.283740e-01, -1.306644e-01, -1.306644e-01, -1.270203e-01
3.788933, -1.321275e-01, -1.341821e-01, -1.341821e-01, -1.330712e-01
3.804272, -1.355157e-01, -1.371026e-01, -1.371026e-01, -1.385799e-01
3.819612, -1.385008e-01, -1.394594e-01, -1.394594e-01, -1.435059e-01
3.834952, -1.410597e-01, -1.413139e-01, -1.413139e-01, -1.478306e-01
3.850292, -1.431863e-01, -1.427512e-01, -1.427512e-01, -1.515589e-01
3.865632, -1.448892e-01, -1.438716e-01, -1.438716e-01, -1.547183e-01
3.880971, -1.461882e-01, -1.447798e-01, -1.447798e-01, -1.573549e-01
3.896311, -1.471091e-01, -1.455750e-01, -1.455750e-01, -1.595285e-01
3.911651, -1.476785e-01, -1.463404e-01, -1.463404e-01, -1.613064e-01
3.926991, -1.479204e-01, -1.471372e-01, -1.471372e-01, -1.627572e-01
3.942331, -1.478540e-01, -1.480001e-01, -1.480001e-01, -1.639452e-01
3.957670, -1.474937e-01, -1.489371e-01, -1.489371e-01, -1.649256e-01
3.973010, -1.468501e-01, -1.499301e-01, -1.499301e-01, -1.657410e-01
3.988350, -1.459316e-01, -1.509391e-01, -1.509391e-01, -1.664187e-01
4.003690, -1.447474e-01, -1.519060e-01, -1.519060e-01, -1.669697e-01
4.019030, -1.433080e-01, -1.527601e-01, -1.527601e-01, -1.673895e-01
4.034369, -1.416268e-01, -1.534235e-01, -1.534235e-01, -1.676605e-01
4.049709, -1.397190e-01, -1.538168e-01, -1.538168e-01, -1.677559e-01
4.065049, -1.376006e-01, -1.538650e-01, -1.538650e-01, -1.676444e-01
4.080389, -1.352856e-01, -1.535024e-01, -1.535024e-01, -1.672955e-01
4.095729, -1.327840e-01, -1.526770e-01, -1.526770e-01, -1.666828e-01
4.111069, -1.301004e-01, -1.513536e-01, -1.513536e-01, -1.657863e-01
4.126408, -1.272336e-01, -1.495154e-01, -1.495154e-01, -1.645932e-01
4.141748, -1.241786e-01, -1.471639e-01, -1.471639e-01, -1.630957e-01
4.157088, -1.209294e-01, -1.443175e-01, -1.443175e-01, -1.612890e-01
4.172428, -1.174830e-01, -1.410088e-01, -1.410088e-01, -1.591682e-01
4.187768, -1.138423e-01, -1.372812e-01, -1.372812e-01, -1.567262e-01
4.203107, -1.100185e-01, -1.331850e-01, -1.331850e-01, -1.539521e-01
4.218447, -1.060303e-01, -1.287736e-01, -1.287736e-01, -1.508308e-01
4.233787, -1.019022e-01, -1.241001e-01, -1.241001e-01, -1.473437e-01
4.249127, -9.766066e-02, -1.192150e-01, -1.192150e-01, -1.434701e-01
4.264467, -9.332979e-02, -1.141647e-01, -1.141647e-01, -1.391902e-01
4.279806, -8.892888e-02, -1.089912e-01, -1.089912e-01, -1.344876e-01
4.295146, -8.447123e-02, -1.037323e-01, -1.037323e-01, -1.293537e-01
4.310486, -7.996543e-02, -9.842258e-02, -9.842258e-02, -1.237918e-01
4.325826, -7.541889e-02, -9.309401e-02, -9.309401e-02, -1.178202e-01
4.341166, -7.084226e-02, -8.777640e-02, -8.777640e-02, -1.114754e-01
4.356505, -6.625359e-02, -8.249710e-02, -8.249710e-02, -1.048119e-01
4.371845, -6.168111e-02, -7.728036e-02, -7.728036e-02, -9.790084e-02
4.387185, -5.716365e-02, -7.214634e-02, -7.214634e-02, -9.082506e-02
4.402525, -5.274817e-02, -6.711025e-02, -6.711025e-02, -8.367333e-02
4.417865, -4.848463e-02, -6.218200e-02, -6.218200e-02, -7.653322e-02
4.433204, -4.441918e-02, -5.736640e-02, -5.736640e-02, -6.948439e-02
4.448544, -4.058701e-02, -5.266406e-02, -5.266406e-02, -6.259333e-02
4.463884, -3.700605e-02, -4.807289e-02, -4.807289e-02, -5.591020e-02
4.479224, -3.367328e-02, -4.358973e-02, -4.358973e-02, -4.946807e-02
4.494564, -3.056468e-02, -3.921188e-02, -3.921188e-02, -4.328388e-02
4.509904, -2.763905e-02, -3.493815e-02, -3.493815e-02, -3.736091e-02
4.525243, -2.484520e-02, -3.076895e-02, -3.076895e-02, -3.169196e-02
4.540583, -2.213105e-02, -2.670561e-02, -2.670561e-02, -2.626257e-02
4.555923, -1.945307e-02, -2.274876e-02, -2.274876e-02, -2.105398e-02
4.571263, -1.678362e-02, -1.889647e-02, -1.889647e-02, -1.604578e-02
4.586603, -1.411449e-02, -1.514265e-02, -1.514265e-02, -1.121844e-02
4.601942, -1.145609e-02, -1.147625e-02, -1.147625e-02, -6.555504e-03
4.617282, -8.832342e-03, -7.882005e-03, -7.882005e-03, -2.045324e-03
4.632622, -6.272491e-03, -4.342543e-03, -4.342543e-03, 2.317642e-03
4.647962, -3.802027e-03, -8.416860e-04, -8.416860e-04, 6.532465e-03
4.663302, -1.435225e-03, 2.631810e-03, 2.631810e-03, 1.059263e-02
4.678641, 8.288310e-04, 6.081005e-03, 6.081005e-03, 1.448801e-02
4.693981, 3.005766e-03, 9.498829e-03, 9.498829e-03, 1.820744e-02
4.709321, 5.121026e-03, 1.286796e-02, 1.286796e-02, 2.174132e-02
4.724661, 7.201886e-03, 1.616262e-02, 1.616262e-02, 2.508364e-02
4.740001, 9.268773e-03, 1.935182e-02, 1.935182e-02, 2.823258e-02
4.755340, 1.132838e-02, 2.240340e-02, 2.240340e-02, 3.118957e-02
4.770680, 1.337043e-02, 2.528799e-02, 2.528799e-02, 3.395726e-02
4.786020, 1.536901e-02, 2.798212e-02, 2.798212e-02, 3.653711e-02
4.801360, 1.728834e-02, 3.047000e-02, 3.047000e-02, 3.892744e-02
4.816700, 1.909130e-02, 3.274381e-02, 3.274381e-02, 4.112273e-02
4.832039, 2.074852e-02, 3.480279e-02, 3.480279e-02, 4.311490e-02
4.847379, 2.224553e-02, 3.665128e-02, 3.665128e-02, 4.489602e-02
4.862719, 2.358650e-02, 3.829648e-02, 3.829648e-02, 4.646202e-02
4.878059, 2.479362e-02, 3.974632e-02, 3.974632e-02, 4.781616e-02
4.893399, 2.590221e-02, 4.100783e-02, 4.100783e-02, 4.897134e-02
4.908739, 2.695322e-02, 4.208639e-02, 4.208639e-02, 4.995047e-02
4.924078, 2.798474e-02, 4.298563e-02, 4.298563e-02, 5.078434e-02
4.939418, 2.902452e-02, 4.370817e-02, 4.370817e-02, 5.150761e-02
4.954758, 3.008482e-02, 4.425654e-02, 4.425654e-02, 5.215352e-02
4.970098, 3.116062e-02, 4.463417e-02, 4.463417e-02, 5.274842e-02
4.985438, 3.223127e-02, 4.484603e-02, 4.484603e-02, 5.330696e-02
5.000777, 3.326455e-02, 4.489872e-02, 4.489872e-02, 5.382891e-02
5.016117, 3.422231e-02, 4.480008e-02, 4.480008e-02, 5.429809e-02
5.031457, 3.506634e-02, 4.455857e-02, 4.455857e-02, 5.468351e-02
5.046797, 3.576341e-02, 4.418273e-02, 4.418273e-02, 5.494244e-02
5.062137, 3.628859e-02, 4.368107e-02, 4.368107e-02, 5.502550e-02
5.077476, 3.662675e-02, 4.306253e-02, 4.306253e-02, 5.488286e-02
5.092816, 3.677224e-02, 4.233747e-02, 4.233747e-02, 5.447105e-02
5.108156, 3.672735e-02, 4.151878e-02, 4.151878e-02, 5.375943e-02
5.123496, 3.649990e-02, 4.062254e-02, 4.062254e-02, 5.273544e-02
5.138836, 3.610063e-02, 3.966783e-02, 3.966783e-02, 5.140759e-02
5.154175, 3.554103e-02, 3.867523e-02, 3.867523e-02, 4.980537e-02
5.169515, 3.483165e-02, 3.766413e-02, 3.766413e-02, 4.797605e-02
5.184855, 3.398131e-02, 3.664931e-02, 3.664931e-02, 4.597853e-02
5.200195, 3.299721e-02, 3.563749e-02, 3.563749e-02, 4.387534e-02
5.215535, 3.188585e-02, 3.462481e-02, 3.462481e-02, 4.172406e-02
5.230874, 3.065465e-02, 3.359613e-02, 3.359613e-02, 3.956996e-02
5.246214, 2.931362e-02, 3.252642e-02, 3.252642e-02, 3.744105e-02
5.261554, 2.787696e-02, 3.138435e-02, 3.138435e-02, 3.534635e-02
5.276894, 2.636378e-02, 3.013739e-02, 3.013739e-02, 3.327745e-02
5.292234, 2.479763e-02, 2.875735e-02, 2.875735e-02, 3.121286e-02
5.307574, 2.320459e-02, 2.722537e-02, 2.722537e-02, 2.912392e-02
5.322913, 2.161024e-02, 2.553502e-02, 2.553502e-02, 2.698102e-02
5.338253, 2.003608e-02, 2.369319e-02, 2.369319e-02, 2.475909e-02
5.353593, 1.849613e-02, 2.171840e-02, 2.171840e-02, 2.244157e-02
5.368933, 1.699481e-02, 1.963725e-02, 1.963725e-02, 2.002247e-02
5.384273, 1.552672e-02, 1.747976e-02, 1.747976e-02, 1.750669e-02
5.399612, 1.407845e-02, 1.527467e-02, 1.527467e-02, 1.490868e-02
5.414952, 1.263207e-02, 1.304581e-02, 1.304581e-02, 1.225021e-02
5.430292, 1.116939e-02, 1.081008e-02, 1.081008e-02, 9.557120e-03
5.445632, 9.676015e-03, 8.577242e-03, 8.577242e-03, 6.855768e-03
5.460972, 8.143865e-03, 6.351337e-03, 6.351337e-03, 4.169370e-03
5.476311, 6.571744e-03, 4.133062e-03, 4.133062e-03, 1.514759e-03
5.491651, 4.963965e-03, 1.922445e-03, 1.922445e-03, -1.100059e-03
5.506991, 3.327583e-03, -2.789164e-04, -2.789164e-04, -3.676925e-03
5.522331, 1.669191e-03, -2.466524e-03, -2.466524e-03, -6.226712e-03
5.537671, -7.565044e-06, -4.632759e-03, -4.632759e-03, -8.766621e-03
5.553010, -1.702910e-03, -6.767686e-03, -6.767686e-03, -1.131590e-02
5.568350, -3.420111e-03, -8.860609e-03, -8.860609e-03, -1.389056e-02
5.583690, -5.163191e-03, -1.090198e-02, -1.090198e-02, -1.649803e-02
5.599030, -6.933893e-03, -1.288525e-02, -1.288525e-02, -1.913282e-02
5.614370, -8.728885e-03, -1.480836e-02, -1.480836e-02, -2.177397e-02
5.629709, -1.053816e-02, -1.667459e-02, -1.667459e-02, -2.438490e-02
5.645049, -1.234508e-02, -1.849247e-02, -1.849247e-02, -2.691557e-02
5.660389, -1.412806e-02, -2.027490e-02, -2.027490e-02, -2.930712e-02
5.675729, -1.586334e-02, -2.203708e-02, -2.203708e-02, -3.149811e-02
5.691069, -1.752829e-02, -2.379363e-02, -2.379363e-02, -3.343188e-02
5.706409, -1.910427e-02, -2.555501e-02, -2.555501e-02, -3.506399e-02
5.721748, -2.057843e-02, -2.732389e-02, -2.732389e-02, -3.636897e-02
5.737088, -2.194425e-02, -2.909197e-02, -2.909197e-02, -3.734517e-02
5.752428, -2.320082e-02, -3.083813e-02, -3.083813e-02, -3.801680e-02
5.767768, -2.435117e-02, -3.252865e-02, -3.252865e-02, -3.843245e-02
5.783108, -2.540026e-02, -3.411962e-02, -3.411962e-02, -3.866001e-02
5.798447, -2.635299e-02, -3.556166e-02, -3.556166e-02, -3.877834e-02
5.813787, -2.721291e-02, -3.680629e-02, -3.680629e-02, -3.886685e-02
5.829127, -2.798167e-02, -3.781287e-02, -3.781287e-02, -3.899484e-02
5.844467, -2.865929e-02, -3.855481e-02, -3.855481e-02, -3.921250e-02
5.859807, -2.924537e-02, -3.902400e-02, -3.902400e-02, -3.954519e-02
5.875146, -2.974061e-02, -3.923226e-02, -3.923226e-02, -3.999202e-02
5.890486, -3.014829e-02, -3.920971e-02, -3.920971e-02, -4.052886e-02
5.905826, -3.047520e-02, -3.900007e-02, -3.900007e-02, -4.111477e-02
5.921166, -3.073162e-02, -3.865393e-02, -3.865393e-02, -4.170029e-02
5.936506, -3.093010e-02, -3.822108e-02, -3.822108e-02, -4.223551e-02
5.951845, -3.108313e-02, -3.774333e-02, -3.774333e-02, -4.267646e-02
5.967185, -3.120026e-02, -3.724910e-02, -3.724910e-02, -4.298837e-02
5.982525, -3.128545e-02, -3.675060e-02, -3.675060e-02, -4.314579e-02
5.997865, -3.133537e-02, -3.624387e-02, -3.624387e-02, -4.313004e-02
6.013205, -3.133929e-02, -3.571146e-02, -3.571146e-02, -4.292538e-02
6.028544, -3.128074e-02, -3.512701e-02, -3.512701e-02, -4.251529e-02
6.043884, -3.114073e-02, -3.446064e-02, -3.446064e-02, -4.188029e-02
6.059224, -3.090156e-02, -3.368411e-02, -3.368411e-02, -4.099822e-02
6.074564, -3.055033e-02, -3.277489e-02, -3.277489e-02, -3.984720e-02
6.089904, -3.008129e-02, -3.171856e-02, -3.171856e-02, -3.841042e-02
6.105244, -2.949636e-02, -3.050937e-02, -3.050937e-02, -3.668175e-02
6.120583, -2.880391e-02, -2.914933e-02, -2.914933e-02, -3.467063e-02
6.135923, -2.801609e-02, -2.764628e-02, -2.764628e-02, -3.240490e-02
6.151263, -2.714584e-02, -2.601150e-02, -2.601150e-02, -2.993050e-02
6.166603, -2.620405e-02, -2.425755e-02, -2.425755e-02, -2.730779e-02
6.181943, -2.519757e-02, -2.239671e-02, -2.239671e-02, -2.460513e-02
6.197282, -2.412829e-02, -2.044021e-02, -2.044021e-02, -2.189051e-02
6.212622, -2.299324e-02, -1.839827e-02, -1.839827e-02, -1.922282e-02
6.227962, -2.178512e-02, -1.628079e-02, -1.628079e-02, -1.664438e-02
6.243302, -2.049304e-02, -1.409844e-02, -1.409844e-02, -1.417619e-02
6.258642, -1.910331e-02, -1.186387e-02, -1.186387e-02, -1.181648e-02
6.273981, -1.760024e-02, -9.592683e-03, -9.592683e-03, -9.543190e-03
6.289321, -1.596710e-02, -7.304146e-03, -7.304146e-03, -7.319578e-03
6.304661, -1.418767e-02, -5.021292e-03, -5.021292e-03, -5.102187e-03
6.320001, -1.224830e-02, -2.770397e-03, -2.770397e-03, -2.849367e-03
6.335341, -1.014078e-02, -5.797442e-04, -5.797442e-04, -5.289751e-04
6.350680, -7.865263e-03, 1.522288e-03, 1.522288e-03, 1.876122e-03
6.366020, -5.433160e-03, 3.509689e-03, 3.509689e-03, 4.365669e-03
6.381360, -2.869202e-03, 5.361548e-03, 5.361548e-03, 6.922987e-03
6.396700, -2.120916e-04, 7.064672e-03, 7.064672e-03, 9.518749e-03
6.412040, 2.486693e-03, 8.615630e-03, 8.615630e-03, 1.211655e-02
6.427380, 5.166024e-03, 1.002177e-02, 1.002177e-02, 1.467912e-02
6.442719, 7.760015e-03, 1.130088e-02, 1.130088e-02, 1.717381e-02
6.458059, 1.020421e-02, 1.247950e-02, 1.247950e-02, 1.957627e-02
6.473399, 1.244213e-02, 1.358985e-02, 1.358985e-02, 2.187186e-02
6.488739, 1.443119e-02, 1.466610e-02, 1.466610e-02, 2.405466e-02
6.504079, 1.614678e-02, 1.574030e-02, 1.574030e-02, 2.612458e-02
6.519418, 1.758415e-02, 1.683876e-02, 1.683876e-02, 2.808320e-02
6.534758, 1.875728e-02, 1.797943e-02, 1.797943e-02, 2.992965e-02
6.550098, 1.969535e-02, 1.917049e-02, 1.917049e-02, 3.165724e-02
6.565438, 2.043732e-02, 2.041040e-02, 2.041040e-02, 3.325191e-02
6.580778, 2.102586e-02, 2.168902e-02, 2.168902e-02, 3.469257e-02
6.596117, 2.150181e-02, 2.298948e-02, 2.298948e-02, 3.595363e-02
6.611457, 2.189990e-02, 2.429043e-02, 2.429043e-02, 3.700904e-02
6.626797, 2.224646e-02, 2.556794e-02, 2.556794e-02, 3.783698e-02
6.642137, 2.255903e-02, 2.679704e-02, 2.679704e-02, 3.842408e-02
6.657477, 2.284714e-02, 2.795261e-02, 2.795261e-02, 3.876855e-02
6.672816, 2.311386e-02, 2.900991e-02, 2.900991e-02, 3.888130e-02
6.688156, 2.335724e-02, 2.994496e-02, 2.994496e-02, 3.878509e-02
6.703496, 2.357144e-02, 3.073512e-02, 3.073512e-02, 3.851188e-02
6.718836, 2.374735e-02, 3.136015e-02, 3.136015e-02, 3.809924e-02
6.734176, 2.387317e-02, 3.180380e-02, 3.180380e-02, 3.758632e-02
6.749515, 2.393528e-02, 3.205558e-02, 3.205558e-02, 3.701006e-02
6.764855, 2.391994e-02, 3.211252e-02, 3.211252e-02, 3.640222e-02
6.780195, 2.381566e-02, 3.198023e-02, 3.198023e-02, 3.578723e-02
6.795535, 2.361623e-02, 3.167295e-02, 3.167295e-02, 3.518092e-02
6.810875, 2.332377e-02, 3.121239e-02, 3.121239e-02, 3.458999e-02
6.826215, 2.295114e-02, 3.062547e-02, 3.062547e-02, 3.401224e-02
6.841554, 2.252285e-02, 2.994135e-02, 2.994135e-02, 3.343749e-02
6.856894, 2.207418e-02, 2.918822e-02, 2.918822e-02, 3.284921e-02
6.872234, 2.164827e-02, 2.839064e-02, 2.839064e-02, 3.222669e-02
6.887574, 2.129112e-02, 2.756761e-02, 2.756761e-02, 3.154768e-02
6.902914, 2.104539e-02, 2.673181e-02, 2.673181e-02, 3.079121e-02
6.918253, 2.094353e-02, 2.588985e-02, 2.588985e-02, 2.994001e-02
6.933593, 2.100137e-02, 2.504333e-02, 2.504333e-02, 2.898248e-02
6.948933, 2.121322e-02, 2.419049e-02, 2.419049e-02, 2.791391e-02
6.964273, 2.154943e-02, 2.332791e-02, 2.332791e-02, 2.673679e-02
6.979613, 2.195738e-02, 2.245222e-02, 2.245222e-02, 2.546034e-02
6.994952, 2.236592e-02, 2.156146e-02, 2.156146e-02, 2.409939e-02
7.010292, 2.269321e-02, 2.065583e-02, 2.065583e-02, 2.267266e-02
7.025632, 2.285694e-02, 1.973789e-02, 1.973789e-02, 2.120061e-02
7.040972, 2.278555e-02, 1.881198e-02, 1.881198e-02, 1.970293e-02
7.056312, 2.242849e-02, 1.788302e-02, 1.788302e-02, 1.819625e-02
7.071651, 2.176370e-02, 1.695482e-02, 1.695482e-02, 1.669200e-02
7.086991, 2.080105e-02, 1.602845e-02, 1.602845e-02, 1.519524e-02
7.102331, 1.958083e-02, 1.510096e-02, 1.510096e-02, 1.370448e-02
7.117671, 1.816769e-02, 1.416505e-02, 1.416505e-02, 1.221286e-02
7.133011, 1.664104e-02, 1.320995e-02, 1.320995e-02, 1.071055e-02
7.148350, 1.508401e-02, 1.222333e-02, 1.222333e-02, 9.187712e-03
7.163690, 1.357270e-02, 1.119408e-02, 1.119408e-02, 7.637745e-03
7.179030, 1.216780e-02, 1.011520e-02, 1.011520e-02, 6.059833e-03
7.194370, 1.090960e-02, 8.986075e-03, 8.986075e-03, 4.460358e-03
7.209710, 9.816977e-03, 7.813643e-03, 7.813643e-03, 2.852772e-03
7.225050, 8.889570e-03, 6.612060e-03, 6.612060e-03, 1.256054e-03
7.240389, 8.112096e-03, 5.400904e-03, 5.400904e-03, -3.079273e-04
7.255729, 7.459486e-03, 4.202344e-03, 4.202344e-03, -1.817618e-03
7.271069, 6.901520e-03, 3.037870e-03, 3.037870e-03, -3.254889e-03
7.286409, 6.406123e-03, 1.925256e-03, 1.925256e-03, -4.607409e-03
7.301749, 5.941182e-03, 8.763348e-04, 8.763348e-04, -5.869934e-03
7.317088, 5.475258e-03, -1.040906e-04, -1.040906e-04, -7.044358e-03
7.332428, 4.977833e-03, -1.018115e-03, -1.018115e-03, -8.138535e-03
7.347768, 4.419771e-03, -1.873561e-03, -1.873561e-03, -9.164071e-03
7.363108, 3.774578e-03, -2.682095e-03, -2.682095e-03, -1.013353e-02
7.378448, 3.020566e-03, -3.457050e-03, -3.457050e-03, -1.105751e-02
7.393787, 2.143569e-03, -4.211327e-03, -4.211327e-03, -1.194200e-02
7.409127, 1.139601e-03, -4.955677e-03, -4.955677e-03, -1.278656e-02
7.424467, 1.676465e-05, -5.697516e-03, -5.697516e-03, -1.358362e-02
7.439807, -1.204228e-03, -6.440329e-03, -6.440329e-03, -1.431923e-02
7.455147, -2.491340e-03, -7.183562e-03, -7.183562e-03, -1.497510e-02
7.470486, -3.804227e-03, -7.922858e-03, -7.922858e-03, -1.553176e-02
7.485826, -5.098514e-03, -8.650492e-03, -8.650492e-03, -1.597229e-02
7.501166, -6.330658e-03, -9.355844e-03, -9.355844e-03, -1.628579e-02
7.516506, -7.462567e-03, -1.002591e-02, -1.002591e-02, -1.646989e-02
7.531846, -8.465142e-03, -1.064586e-02, -1.064586e-02, -1.653168e-02
7.547185, -9.320185e-03, -1.119979e-02, -1.119979e-02, -1.648669e-02
7.562525, -1.002051e-02, -1.167176e-02, -1.167176e-02, -1.635622e-02
7.577865, -1.056851e-02, -1.204729e-02, -1.204729e-02, -1.616345e-02
7.593205, -1.097358e-02, -1.231503e-02, -1.231503e-02, -1.592938e-02
7.608545, -1.124916e-02, -1.246866e-02, -1.246866e-02, -1.566951e-02
7.623885, -1.141020e-02, -1.250845e-02, -1.250845e-02, -1.539194e-02
7.639224, -1.147134e-02, -1.244232e-02, -1.244232e-02, -1.509723e-02
7.654564, -1.144626e-02, -1.228578e-02, -1.228578e-02, -1.477997e-02
7.669904, -1.134790e-02, -1.206100e-02, -1.206100e-02, -1.443127e-02
7.685244, -1.118932e-02, -1.179477e-02, -1.179477e-02, -1.404166e-02
7.700584, -1.098463e-02, -1.151579e-02, -1.151579e-02, -1.360351e-02
7.715923, -1.074950e-02, -1.125173e-02, -1.125173e-02, -1.311270e-02
7.731263, -1.050087e-02, -1.102652e-02, -1.102652e-02, -1.256935e-02
7.746603, -1.025586e-02, -1.085813e-02, -1.085813e-02, -1.197782e-02
7.761943, -1.003009e-02, -1.075721e-02, -1.075721e-02, -1.134629e-02
7.777283, -9.835642e-03, -1.072655e-02, -1.072655e-02, -1.068632e-02
7.792622, -9.679252e-03, -1.076126e-02, -1.076126e-02, -1.001222e-02
7.807962, -9.561265e-03, -1.084966e-02, -1.084966e-02, -9.340366e-03
7.823302, -9.475511e-03, -1.097460e-02, -1.097460e-02, -8.688136e-03
7.838642, -9.410291e-03, -1.111521e-02, -1.111521e-02, -8.072313e-03
7.853982, -9.350364e-03, -1.124890e-02, -1.124890e-02, -7.507039e-03
7.869321, -9.279600e-03, -1.135344e-02, -1.135344e-02, -7.001539e-03
7.884661, -9.183823e-03, -1.140897e-02, -1.140897e-02, -6.558177e-03
7.900001, -9.053378e-03, -1.139973e-02, -1.139973e-02, -6.171383e-03
7.915341, -8.885041e-03, -1.131520e-02, -1.131520e-02, -5.827851e-03
7.930681, -8.682908e-03, -1.115063e-02, -1.115063e-02, -5.508232e-03
7.946020, -8.458118e-03, -1.090684e-02, -1.090684e-02, -5.190162e-03
7.961360, -8.227484e-03, -1.058953e-02, -1.058953e-02, -4.852119e-03
7.976700, -8.011262e-03, -1.020812e-02, -1.020812e-02, -4.477375e-03
7.992040, -7.830366e-03, -9.774638e-03, -9.774638e-03, -4.057321e-03
8.007380, -7.703475e-03, -9.302506e-03, -9.302506e-03, -3.593498e-03
8.022720, -7.644496e-03, -8.805586e-03, -8.805586e-03, -3.097837e-03
8.038059, -7.660763e-03, -8.297246e-03, -8.297246e-03, -2.590988e-03
8.053399, -7.752152e-03, -7.789414e-03, -7.789414e-03, -2.098990e-03
8.068739, -7.911196e-03, -7.291508e-03, -7.291508e-03, -1.648799e-03
8.084079, -8.124088e-03, -6.809284e-03, -6.809284e-03, -1.263417e-03
8.099419, -8.372270e-03, -6.343762e-03, -6.343762e-03, -9.575283e-04
8.114758, -8.634197e-03, -5.890518e-03, -5.890518e-03, -7.344950e-04
8.130098, -8.886940e-03, -5.439682e-03, -5.439682e-03, -5.852359e-04
8.145438, -9.107369e-03, -4.976862e-03, -4.976862e-03, -4.891833e-04
8.160778, -9.272762e-03, -4.485038e-03, -4.485038e-03, -4.171309e-04
8.176118, -9.360919e-03, -3.947237e-03, -3.947237e-03, -3.354051e-04
8.191457, -9.350087e-03, -3.349564e-03, -3.349564e-03, -2.105218e-04
8.206797, -9.219083e-03, -2.684022e-03, -2.684022e-03, -1.350937e-05
8.222137, -8.947954e-03, -1.950563e-03, -1.950563e-03, 2.767175e-04
8.237477, -8.519439e-03, -1.157921e-03, -1.157921e-03, 6.713097e-04
8.252817, -7.921294e-03, -3.230135e-04, -3.230135e-04, 1.170866e-03
8.268156, -7.149191e-03, 5.310144e-04, 5.310144e-04, 1.766043e-03
8.283496, -6.209650e-03, 1.377752e-03, 1.377752e-03, 2.439025e-03
8.298836, -5.122321e-03, 2.190934e-03, 2.190934e-03, 3.165535e-03
8.314176, -3.921004e-03, 2.947659e-03, 2.947659e-03, 3.917108e-03
8.329516, -2.652841e-03, 3.630824e-03, 3.630824e-03, 4.663368e-03
8.344855, -1.375494e-03, 4.230382e-03, 4.230382e-03, 5.374142e-03
8.360195, -1.525136e-04, 4.743292e-03, 4.743292e-03, 6.021329e-03
8.375535, 9.525418e-04, 5.172336e-03, 5.172336e-03, 6.580420e-03
8.390875, 1.882501e-03, 5.524211e-03, 5.524211e-03, 7.031560e-03
8.406215, 2.592602e-03, 5.807421e-03, 5.807421e-03, 7.360078e-03
8.421555, 3.055283e-03, 6.030459e-03, 6.030459e-03, 7.556556e-03
8.436894, 3.263093e-03, 6.200637e-03, 6.200637e-03, 7.616500e-03
8.452234, 3.229412e-03, 6.323682e-03, 6.323682e-03, 7.539763e-03
8.467574, 2.986877e-03, 6.403998e-03, 6.403998e-03, 7.329913e-03
8.482914, 2.583720e-03, 6.445331e-03, 6.445331e-03, 6.993782e-03
8.498254, 2.078508e-03, 6.451543e-03, 6.451543e-03, 6.541303e-03
8.513593, 1.533999e-03, 6.427206e-03, 6.427206e-03, 5.985609e-03
8.528933, 1.010849e-03, 6.377877e-03, 6.377877e-03, 5.343392e-03
8.544273, 5.619378e-04, 6.310024e-03, 6.310024e-03, 4.635344e-03
8.559613, 2.280533e-04, 6.230668e-03, 6.230668e-03, 3.886447e-03
8.574953, 3.543082e-05, 6.146862e-03, 6.146862e-03, 3.125854e-03
8.590292, -4.676060e-06, 6.065094e-03, 6.065094e-03, 2.386190e-03
8.605632, 1.054997e-04, 5.990696e-03, 5.990696e-03, 1.702154e-03
8.620972, 3.533048e-04, 5.927265e-03, 5.927265e-03, 1.108336e-03
8.636312, 7.196851e-04, 5.876132e-03, 5.876132e-03, 6.363900e-04
8.651652, 1.183408e-03, 5.835920e-03, 5.835920e-03, 3.118556e-04
8.666991, 1.724821e-03, 5.802270e-03, 5.802270e-03, 1.510358e-04
8.682331, 2.328624e-03, 5.767858e-03, 5.767858e-03, 1.584163e-04
8.697671, 2.985290e-03, 5.722801e-03, 5.722801e-03, 3.251804e-04
8.713011, 3.690983e-03, 5.655507e-03, 5.655507e-03, 6.292910e-04
8.728351, 4.446118e-03, 5.553934e-03, 5.553934e-03, 1.037323e-03
8.743690, 5.252874e-03, 5.407097e-03, 5.407097e-03, 1.507924e-03
8.759030, 6.112094e-03, 5.206630e-03, 5.206630e-03, 1.996488e-03
8.774370, 7.020115e-03, 4.948135e-03, 4.948135e-03, 2.460331e-03
8.789710, 7.966158e-03, 4.632115e-03, 4.632115e-03, 2.863443e-03
8.805050, 8.930866e-03, 4.264340e-03, 4.264340e-03, 3.179999e-03
8.820390, 9.886348e-03, 3.855606e-03, 3.855606e-03, 3.396117e-03
8.835729, 1.079792e-02, 3.420923e-03, 3.420923e-03, 3.509673e-03
8.851069, 1.162740e-02, 2.978255e-03, 2.978255e-03, 3.528394e-03
8.866409, 1.233747e-02, 2.546955e-03, 2.546955e-03, 3.466796e-03
8.881749, 1.289629e-02, 2.146045e-03, 2.146045e-03, 3.342728e-03
8.897089, 1.328139e-02, 1.792514e-03, 1.792514e-03, 3.174155e-03
8.912428, 1.348225e-02, 1.499754e-03, 1.499754e-03, 2.976615e-03
8.927768, 1.350087e-02, 1.276289e-03, 1.276289e-03, 2.761567e-03
8.943108, 1.335030e-02, 1.124908e-03, 1.124908e-03, 2.535645e-03
8.958448, 1.305174e-02, 1.042324e-03, 1.042324e-03, 2.300622e-03
8.973788, 1.263070e-02, 1.019406e-03, 1.019406e-03, 2.053932e-03
8.989127, 1.211334e-02, 1.042030e-03, 1.042030e-03, 1.789697e-03
9.004467, 1.152356e-02, 1.092467e-03, 1.092467e-03, 1.500241e-03
9.019807, 1.088138e-02, 1.151189e-03, 1.151189e-03, 1.178007e-03
9.035147, 1.020264e-02, 1.198904e-03, 1.198904e-03, 8.177220e-04
9.050487, 9.499474e-03, 1.218555e-03, 1.218555e-03, 4.185610e-04
9.065826, 8.781327e-03, 1.197066e-03, 1.197066e-03, -1.415111e-05
9.081166, 8.055790e-03, 1.126594e-03, 1.126594e-03, -4.682080e-04
9.096506, 7.329101e-03, 1.005148e-03, 1.005148e-03, -9.250746e-04
9.111846, 6.606204e-03, 8.365061e-04, 8.365061e-04, -1.361767e-03
9.127186, 5.890605e-03, 6.294398e-04, 6.294398e-04, -1.753815e-03
9.142525, 5.184362e-03, 3.963828e-04, 3.963828e-04, -2.078753e-03
9.157865, 4.488427e-03, 1.517263e-04, 1.517263e-04, -2.319370e-03
9.173205, 3.803381e-03, -9.000814e-05, -9.000814e-05, -2.466027e-03
9.188545, 3.130479e-03, -3.158594e-04, -3.158594e-04, -2.517644e-03
9.203885, 2.472680e-03, -5.157530e-04, -5.157530e-04, -2.481324e-03
9.219225, 1.835275e-03, -6.833065e-04, -6.833065e-04, -2.370857e-03
9.234564, 1.225847e-03, -8.160606e-04, -8.160606e-04, -2.204640e-03
9.249904, 6.535069e-04, -9.151896e-04, -9.151896e-04, -2.003592e-03
9.265244, 1.275509e-04, -9.848288e-04, -9.848288e-04, -1.789439e-03
9.280584, -3.441925e-04, -1.031203e-03, -1.031203e-03, -1.583420e-03
9.295924, -7.568907e-04, -1.061719e-03, -1.061719e-03, -1.405297e-03
9.311263, -1.109734e-03, -1.084147e-03, -1.084147e-03, -1.272407e-03
9.326603, -1.406272e-03, -1.105928e-03, -1.105928e-03, -1.198495e-03
9.341943, -1.654069e-03, -1.133588e-03, -1.133588e-03, -1.192289e-03
9.357283, -1.863767e-03, -1.172229e-03, -1.172229e-03, -1.256065e-03
9.372623, -2.047806e-03, -1.225053e-03, -1.225053e-03, -1.384678e-03
9.387962, -2.219073e-03, -1.292960e-03, -1.292960e-03, -1.565470e-03
9.403302, -2.389684e-03, -1.374278e-03, -1.374278e-03, -1.779401e-03
9.418642, -2.569955e-03, -1.464739e-03, -1.464739e-03, -2.003422e-03
9.433982, -2.767604e-03, -1.557791e-03, -1.557791e-03, -2.213777e-03
9.449322, -2.987203e-03, -1.645285e-03, -1.645285e-03, -2.389549e-03
9.464661, -3.229893e-03, -1.718460e-03, -1.718460e-03, -2.515720e-03
9.480001, -3.493396e-03, -1.769114e-03, -1.769114e-03, -2.585092e-03
9.495341, -3.772419e-03, -1.790745e-03, -1.790745e-03, -2.598667e-03
9.510681, -4.059552e-03, -1.779478e-03, -1.779478e-03, -2.564366e-03
9.526021, -4.346603e-03, -1.734623e-03, -1.734623e-03, -2.494469e-03
9.541361, -4.626181e-03, -1.658814e-03, -1.658814e-03, -2.402379e-03
9.556700, -4.893266e-03, -1.557734e-03, -1.557734e-03, -2.299437e-03
9.572040, -5.146395e-03, -1.439504e-03, -1.439504e-03, -2.192478e-03
9.587380, -5.388092e-03, -1.313842e-03, -1.313842e-03, -2.082702e-03
9.602720, -5.624298e-03, -1.191082e-03, -1.191082e-03, -1.966106e-03
9.618060, -5.862863e-03, -1.081150e-03, -1.081150e-03, -1.835305e-03
9.633399, -6.111347e-03, -9.925840e-04, -9.925840e-04, -1.682321e-03
9.648739, -6.374561e-03, -9.317128e-04, -9.317128e-04, -1.501676e-03
9.664079, -6.652432e-03, -9.021074e-04, -9.021074e-04, -1.293058e-03
9.679419, -6.938723e-03, -9.044305e-04, -9.044305e-04, -1.062849e-03
9.694759, -7.220934e-03, -9.367387e-04, -9.367387e-04, -8.241696e-04
9.710098, -7.481419e-03, -9.951976e-04, -9.951976e-04, -5.954377e-04
9.725438, -7.699557e-03, -1.075051e-03, -1.075051e-03, -3.977186e-04
9.740778, -7.854562e-03, -1.171587e-03, -1.171587e-03, -2.514415e-04
9.756118, -7.928412e-03, -1.280824e-03, -1.280824e-03, -1.731670e-04
9.771458, -7.908345e-03, -1.399712e-03, -1.399712e-03, -1.730097e-04
9.786797, -7.788590e-03, -1.525803e-03, -1.525803e-03, -2.530626e-04
9.802137, -7.571080e-03, -1.656534e-03, -1.656534e-03, -4.069402e-04
9.817477, -7.265074e-03, -1.788401e-03, -1.788401e-03, -6.203714e-04
9.832817, -6.885801e-03, -1.916383e-03, -1.916383e-03, -8.726054e-04
9.848157, -6.452375e-03, -2.033871e-03, -2.033871e-03, -1.138332e-03
9.863496, -5.985291e-03, -2.133210e-03, -2.133210e-03, -1.389890e-03
9.878836, -5.503851e-03, -2.206751e-03, -2.206751e-03, -1.599620e-03
9.894176, -5.023902e-03, -2.248131e-03, -2.248131e-03, -1.742180e-03
9.909516, -4.556284e-03, -2.253444e-03, -2.253444e-03, -1.796658e-03
9.924856, -4.106236e-03, -2.221993e-03, -2.221993e-03, -1.748315e-03
9.940196, -3.673876e-03, -2.156479e-03, -2.156479e-03, -1.589773e-03
9.955535, -3.255728e-03, -2.062613e-03, -2.062613e-03, -1.321499e-03
9.970875, -2.847024e-03, -1.948333e-03, -1.948333e-03, -9.514767e-04
9.986215, -2.444291e-03, -1.822818e-03, -1.822818e-03, -4.941828e-04
10.001555, -2.047636e-03, -1.695527e-03, -1.695527e-03, 3.095636e-05
10.016895, -1.662183e-03, -1.575359e-03, -1.575359e-03, 6.013957e-04
10.032234, -1.298242e-03, -1.469976e-03, -1.469976e-03, 1.193317e-03
10.047574, -9.700206e-04, -1.385226e-03, -1.385226e-03, 1.783243e-03
10.062914, -6.930739e-04, -1.324601e-03, -1.324601e-03, 2.349289e-03
10.078254, -4.810078e-04, -1.288712e-03, -1.288712e-03, 2.872042e-03
10.093594, -3.421293e-04, -1.274830e-03, -1.274830e-03, 3.335094e-03
10.108933, -2.767731e-04, -1.276629e-03, -1.276629e-03, 3.725279e-03
10.124273, -2.759384e-04, -1.284295e-03, -1.284295e-03, 4.032748e-03
10.139613, -3.215844e-04, -1.285172e-03, -1.285172e-03, 4.250987e-03
10.154953, -3.885361e-04, -1.264985e-03, -1.264985e-03, 4.376830e-03
10.170293, -4.476285e-04, -1.209596e-03, -1.209596e-03, 4.410473e-03
10.185632, -4.695286e-04, -1.107083e-03, -1.107083e-03, 4.355498e-03
10.200972, -4.285778e-04, -9.497892e-04, -9.497892e-04, 4.218824e-03
10.216312, -3.060368e-04, -7.359877e-04, -7.359877e-04, 4.010436e-03
10.231652, -9.232381e-05, -4.707775e-04, -4.707775e-04, 3.742794e-03
10.246992, 2.119306e-04, -1.659762e-04, -1.659762e-04, 3.429874e-03
10.262331, 5.960315e-04, 1.610606e-04, 1.610606e-04, 3.085871e-03
10.277671, 1.040481e-03, 4.895521e-04, 4.895521e-04, 2.723689e-03
10.293011, 1.519165e-03, 7.980060e-04, 7.980060e-04, 2.353461e-03
10.308351, 2.002232e-03, 1.067073e-03, 1.067073e-03, 1.981383e-03
10.323691, 2.459439e-03, 1.282054e-03, 1.282054e-03, 1.609092e-03
10.339031, 2.863680e-03, 1.434632e-03, 1.434632e-03, 1.233691e-03
10.354370, 3.194286e-03, 1.523570e-03, 1.523570e-03, 8.485021e-04
10.369710, 3.439662e-03, 1.554317e-03, 1.554317e-03, 4.444618e-04
10.385050, 3.598837e-03, 1.537664e-03, 1.537664e-03, 1.198626e-05
10.400390, 3.681593e-03, 1.487777e-03, 1.487777e-03, -4.569119e-04
10.415730, 3.707039e-03, 1.420007e-03, 1.420007e-03, -9.664864e-04
10.431069, 3.700759e-03, 1.348851e-03, 1.348851e-03, -1.515390e-03
10.446409, 3.690998e-03, 1.286395e-03, 1.286395e-03, -2.095420e-03
10.461749, 3.704506e-03, 1.241384e-03, 1.241384e-03, -2.691155e-03
10.477089, 3.762725e-03, 1.218950e-03, 1.218950e-03, -3.280693e-03
10.492429, 3.878935e-03, 1.220903e-03, 1.220903e-03, -3.837499e-03
10.507768, 4.056795e-03, 1.246387e-03, 1.246387e-03, -4.333218e-03
10.523108, 4.290359e-03, 1.292737e-03, 1.292737e-03, -4.740965e-03
10.538448, 4.565427e-03, 1.356328e-03, 1.356328e-03, -5.038478e-03
10.553788, 4.861863e-03, 1.433315e-03, 1.433315e-03, -5.210549e-03
10.569128, 5.156460e-03, 1.520151e-03, 1.520151e-03, -5.250257e-03
10.584467, 5.425840e-03, 1.613873e-03, 1.613873e-03, -5.158841e-03
10.599807, 5.649006e-03, 1.712124e-03, 1.712124e-03, -4.944354e-03
10.615147, 5.809270e-03, 1.812965e-03, 1.812965e-03, -4.619597e-03
10.630487, 5.895389e-03, 1.914529e-03, 1.914529e-03, -4.199893e-03
10.645827, 5.901838e-03, 2.014622e-03, 2.014622e-03, -3.701228e-03
10.661166, 5.828302e-03, 2.110407e-03, 2.110407e-03, -3.139063e-03
10.676506, 5.678605e-03, 2.198269e-03, 2.198269e-03, -2.527928e-03
10.691846, 5.459358e-03, 2.273975e-03, 2.273975e-03, -1.881584e-03
10.707186, 5.178627e-03, 2.333109e-03, 2.333109e-03, -1.213444e-03
10.722526, 4.844972e-03, 2.371719e-03, 2.371719e-03, -5.369668e-04
10.737866, 4.467046e-03, 2.387001e-03, 2.387001e-03, 1.341702e-04
10.753205, 4.053796e-03, 2.377829e-03, 2.377829e-03, 7.861694e-04
10.768545, 3.615051e-03, 2.344960e-03, 2.344960e-03, 1.405450e-03
10.783885, 3.162209e-03, 2.290824e-03, 2.290824e-03, 1.979073e-03
10.799225, 2.708625e-03, 2.218959e-03, 2.218959e-03, 2.495140e-03
10.814565, 2.269352e-03, 2.133232e-03, 2.133232e-03, 2.943169e-03
10.829904, 1.860083e-03, 2.037097e-03, 2.037097e-03, 3.314446e-03
10.845244, 1.495451e-03, 1.933101e-03, 1.933101e-03, 3.602374e-03
10.860584, 1.187008e-03, 1.822785e-03, 1.822785e-03, 3.802868e-03
10.875924, 9.414068e-04, 1.706987e-03, 1.706987e-03, 3.914760e-03
10.891264, 7.592763e-04, 1.586434e-03, 1.586434e-03, 3.940136e-03
10.906603, 6.351925e-04, 1.462382e-03, 1.462382e-03, 3.884441e-03
10.921943, 5.587976e-04, 1.337106e-03, 1.337106e-03, 3.756256e-03
10.937283, 5.168176e-04, 1.214036e-03, 1.214036e-03, 3.566697e-03
10.952623, 4.955009e-04, 1.097496e-03, 1.097496e-03, 3.328480e-03
10.967963, 4.828679e-04, 9.921178e-04, 9.921178e-04, 3.054759e-03
10.983302, 4.701787e-04, 9.020796e-04, 9.020796e-04, 2.758030e-03
10.998642, 4.522680e-04, 8.304035e-04, 8.304035e-04, 2.449334e-03
11.013982, 4.267513e-04, 7.784823e-04, 7.784823e-04, 2.137963e-03
11.029322, 3.924265e-04, 7.459604e-04, 7.459604e-04, 1.831734e-03
11.044662, 3.474138e-04, 7.309774e-04, 7.309774e-04, 1.537749e-03
11.060001, 2.876903e-04, 7.306936e-04, 7.306936e-04, 1.263379e-03
11.075341, 2.065828e-04, 7.419488e-04, 7.419488e-04, 1.017034e-03
11.090681, 9.546600e-05, 7.618774e-04, 7.618774e-04, 8.083676e-04
11.106021, -5.446580e-05, 7.883200e-04, 7.883200e-04, 6.476276e-04
11.121361, -2.497956e-04, 8.199191e-04, 8.199191e-04, 5.441324e-04
11.136701, -4.925149e-04, 8.558574e-04, 8.558574e-04, 5.040819e-04
11.152040, -7.784257e-04, 8.952799e-04, 8.952799e-04, 5.282390e-04
11.167380, -1.096870e-03, 9.365184e-04, 9.365184e-04, 6.101356e-04
11.182720, -1.431966e-03, 9.763043e-04, 9.763043e-04, 7.353954e-04
11.198060, -1.765152e-03, 1.009179e-03, 1.009179e-03, 8.825627e-04
11.213400, -2.078504e-03, 1.027304e-03, 1.027304e-03, 1.025509e-03
11.228739, -2.358060e-03, 1.020792e-03, 1.020792e-03, 1.137066e-03
11.244079, -2.596354e-03, 9.785822e-04, 9.785822e-04, 1.193176e-03
11.259419, -2.793567e-03, 8.897572e-04, 8.897572e-04, 1.176702e-03
11.274759, -2.957075e-03, 7.450641e-04, 7.450641e-04, 1.080125e-03
11.290099, -3.099508e-03, 5.383804e-04, 5.383804e-04, 9.065336e-04
11.305438, -3.235763e-03, 2.678495e-04, 2.678495e-04, 6.687447e-04
11.320778, -3.379660e-03, -6.349685e-05, -6.349685e-05, 3.868075e-04
11.336118, -3.540962e-03, -4.476973e-04, -4.476973e-04, 8.453013e-05
11.351458, -3.723312e-03, -8.723479e-04, -8.723479e-04, -2.142115e-04
11.366798, -3.923412e-03, -1.321488e-03, -1.321488e-03, -4.886398e-04
11.382137, -4.131510e-03, -1.776732e-03, -1.776732e-03, -7.231491e-04
11.397477, -4.333003e-03, -2.218523e-03, -2.218523e-03, -9.080603e-04
11.412817, -4.510725e-03, -2.627435e-03, -2.627435e-03, -1.039192e-03
11.428157, -4.647472e-03, -2.985503e-03, -2.985503e-03, -1.116619e-03
11.443497, -4.728366e-03, -3.277552e-03, -3.277552e-03, -1.143075e-03
11.458836, -4.742734e-03, -3.492448e-03, -3.492448e-03, -1.122459e-03
11.474176, -4.685319e-03, -3.624165e-03, -3.624165e-03, -1.058779e-03
11.489516, -4.556783e-03, -3.672456e-03, -3.672456e-03, -9.556636e-04
11.504856, -4.363599e-03, -3.642954e-03, -3.642954e-03, -8.163718e-04
11.520196, -4.117374e-03, -3.546551e-03, -3.546551e-03, -6.441647e-04
11.535536, -3.833721e-03, -3.398058e-03, -3.398058e-03, -4.428749e-04
11.550875, -3.530727e-03, -3.214287e-03, -3.214287e-03, -2.174814e-04
11.566215, -3.227153e-03, -3.011855e-03, -3.011855e-03, 2.544092e-05
11.581555, -2.940416e-03, -2.805106e-03, -2.805106e-03, 2.774450e-04
11.596895, -2.684542e-03, -2.604557e-03, -2.604557e-03, 5.281452e-04
11.612235, -2.468343e-03, -2.416161e-03, -2.416161e-03, 7.654174e-04
11.627574, -2.294126e-03, -2.241537e-03, -2.241537e-03, 9.759036e-04
11.642914, -2.157179e-03, -2.079061e-03, -2.079061e-03, 1.145817e-03
11.658254, -2.046239e-03, -1.925531e-03, -1.925531e-03, 1.262041e-03
11.673594, -1.945009e-03, -1.777983e-03, -1.777983e-03, 1.313461e-03
11.688934, -1.834571e-03, -1.635196e-03, -1.635196e-03, 1.292386e-03
11.704273, -1.696354e-03, -1.498527e-03, -1.498527e-03, 1.195786e-03
11.719613, -1.515220e-03, -1.371906e-03, -1.371906e-03, 1.026126e-03
11.734953, -1.282190e-03, -1.261038e-03, -1.261038e-03, 7.915493e-04
11.750293, -9.963244e-04, -1.172066e-03, -1.172066e-03, 5.052710e-04
11.765633, -6.653925e-04, -1.110084e-03, -1.110084e-03, 1.841409e-04
11.780972, -3.051903e-04, -1.077887e-03, -1.077887e-03, -1.534039e-04
11.796312, 6.245186e-05, -1.075248e-03, -1.075248e-03, -4.896584e-04
11.811652, 4.127298e-04, -1.098828e-03, -1.098828e-03, -8.098219e-04
11.826992, 7.215350e-04, -1.142663e-03, -1.142663e-03, -1.103586e-03
11.842332, 9.691082e-04, -1.198980e-03, -1.198980e-03, -1.365782e-03
11.857671, 1.143036e-03, -1.259101e-03, -1.259101e-03, -1.595972e-03
11.873011, 1.240053e-03, -1.314174e-03, -1.314174e-03, -1.797121e-03
11.888351, 1.266293e-03, -1.355619e-03, -1.355619e-03, -1.973699e-03
11.903691, 1.235907e-03, -1.375308e-03, -1.375308e-03, -2.129688e-03
11.919031, 1.168365e-03, -1.365613e-03, -1.365613e-03, -2.267017e-03
11.934371, 1.084999e-03, -1.319531e-03, -1.319531e-03, -2.384849e-03
11.949710, 1.005483e-03, -1.231040e-03, -1.231040e-03, -2.479856e-03
11.965050, 9.449084e-04, -1.095794e-03, -1.095794e-03, -2.547380e-03
11.980390, 9.119695e-04, -9.120598e-04, -9.120598e-04, -2.583136e-03
11.995730, 9.084525e-04, -6.817405e-04, -6.817405e-04, -2.584987e-03
12.011070, 9.299222e-04, -4.111605e-04, -4.111605e-04, -2.554243e-03
12.026409, 9.672763e-04, -1.113310e-04, -1.113310e-04, -2.496115e-03
12.041749, 1.008775e-03, 2.025448e-04, 2.025448e-04, -2.419192e-03
12.057089, 1.042157e-03, 5.124048e-04, 5.124048e-04, -2.334054e-03
12.072429, 1.056543e-03, 7.993898e-04, 7.993898e-04, -2.251334e-03
12.087769, 1.043997e-03, 1.046341e-03, 1.046341e-03, -2.179697e-03
12.103108, 1.000702e-03, 1.240308e-03, 1.240308e-03, -2.124235e-03
12.118448, 9.277236e-04, 1.374597e-03, 1.374597e-03, -2.085591e-03
12.133788, 8.312882e-04, 1.449959e-03, 1.449959e-03, -2.059948e-03
12.149128, 7.225058e-04, 1.474633e-03, 1.474633e-03, -2.039812e-03
12.164468, 6.164666e-04, 1.463200e-03, 1.463200e-03, -2.015366e-03
12.179807, 5.306635e-04, 1.434397e-03, 1.434397e-03, -1.976009e-03
12.195147, 4.828309e-04, 1.408233e-03, 1.408233e-03, -1.911782e-03
12.210487, 4.884607e-04, 1.402886e-03, 1.402886e-03, -1.814442e-03
12.225827, 5.583643e-04, 1.431897e-03, 1.431897e-03, -1.678119e-03
12.241167, 6.966755e-04, 1.502116e-03, 1.502116e-03, -1.499587e-03
12.256506, 8.996781e-04, 1.612726e-03, 1.612726e-03, -1.278269e-03
12.271846, 1.155734e-03, 1.755493e-03, 1.755493e-03, -1.016174e-03
12.287186, 1.446375e-03, 1.916147e-03, 1.916147e-03, -7.178283e-04
12.302526, 1.748422e-03, 2.076642e-03, 2.076642e-03, -3.902138e-04
12.317866, 2.036826e-03, 2.217876e-03, 2.217876e-03, -4.265428e-05
12.333206, 2.287819e-03, 2.322397e-03, 2.322397e-03, 3.134556e-04
12.348545, 2.481874e-03, 2.376663e-03, 2.376663e-03, 6.651897e-04
12.363885, 2.605983e-03, 2.372511e-03, 2.372511e-03, 9.989475e-04
12.379225, 2.654907e-03, 2.307676e-03, 2.307676e-03, 1.301553e-03
12.394565, 2.631220e-03, 2.185370e-03, 2.185370e-03, 1.561441e-03
12.409905, 2.544140e-03, 2.013104e-03, 2.013104e-03, 1.769756e-03
12.425244, 2.407421e-03, 1.801065e-03, 1.801065e-03, 1.921155e-03
12.440584, 2.236752e-03, 1.560395e-03, 1.560395e-03, 2.014154e-03
12.455924, 2.047197e-03, 1.301682e-03, 1.301682e-03, 2.050956e-03
12.471264, 1.851179e-03, 1.033918e-03, 1.033918e-03, 2.036816e-03
12.486604, 1.657334e-03, 7.640167e-04, 7.640167e-04, 1.979057e-03
12.501943, 1.470389e-03, 4.969009e-04, 4.969009e-04, 1.885909e-03
12.517283, 1.291880e-03, 2.360200e-04, 2.360200e-04, 1.765372e-03
12.532623, 1.121359e-03, -1.586345e-05, -1.586345e-05, 1.624293e-03
12.547963, 9.576721e-04, -2.558358e-04, -2.558358e-04, 1.467770e-03
12.563303, 7.999362e-04, -4.801361e-04, -4.801361e-04, 1.298933e-03
12.578642, 6.479778e-04, -6.837660e-04, -6.837660e-04, 1.119110e-03
12.593982, 5.022246e-04, -8.605149e-04, -8.605149e-04, 9.283306e-04
12.609322, 3.632359e-04, -1.003443e-03, -1.003443e-03, 7.260454e-04
12.624662, 2.311586e-04, -1.105780e-03, -1.105780e-03, 5.119566e-04
12.640002, 1.053631e-04, -1.162103e-03, -1.162103e-03, 2.868625e-04
12.655342, -1.556308e-05, -1.169587e-03, -1.169587e-03, 5.341213e-05
12.670681, -1.334208e-04, -1.129044e-03, -1.129044e-03, -1.833462e-04
12.686021, -2.497306e-04, -1.045505e-03, -1.045505e-03, -4.157095e-04
12.701361, -3.650240e-04, -9.281311e-04, -9.281311e-04, -6.334253e-04
12.716701, -4.783231e-04, -7.894008e-04, -7.894008e-04, -8.242265e-04
12.732041, -5.869856e-04, -6.436769e-04, -6.436769e-04, -9.748201e-04
12.747380, -6.870146e-04, -5.054073e-04, -5.054073e-04, -1.072256e-03
12.762720, -7.738102e-04, -3.873106e-04, -3.873106e-04, -1.105520e-03
12.778060, -8.432030e-04, -2.989008e-04, -2.989008e-04, -1.067143e-03
12.793400, -8.925335e-04, -2.456200e-04, -2.456200e-04, -9.545784e-04
12.808740, -9.215343e-04, -2.286884e-04, -2.286884e-04, -7.710736e-04
12.824079, -9.327710e-04, -2.456111e-04, -2.456111e-04, -5.258550e-04
12.839419, -9.314532e-04, -2.911366e-04, -2.911366e-04, -2.335625e-04
12.854759, -9.245591e-04, -3.583931e-04, -3.583931e-04, 8.701776e-05
12.870099, -9.193880e-04, -4.399364e-04, -4.399364e-04, 4.147786e-04
12.885439, -9.217869e-04, -5.285304e-04, -5.285304e-04, 7.284258e-04
12.900778, -9.344080e-04, -6.175925e-04, -6.175925e-04, 1.008622e-03
12.916118, -9.554308e-04, -7.013498e-04, -7.013498e-04, 1.239872e-03
12.931458, -9.781386e-04, -7.748228e-04, -7.748228e-04, 1.411934e-03
12.946798, -9.915661e-04, -8.337745e-04, -8.337745e-04, 1.520578e-03
12.962138, -9.822037e-04, -8.747286e-04, -8.747286e-04, 1.567623e-03
12.977477, -9.365202e-04, -8.951002e-04, -8.951002e-04, 1.560284e-03
12.992817, -8.438393e-04, -8.934104e-04, -8.934104e-04, 1.509967e-03
13.008157, -6.989636e-04, -8.694968e-04, -8.694968e-04, 1.430686e-03
13.023497, -5.039671e-04, -8.246082e-04, -8.246082e-04, 1.337322e-03
13.038837, -2.687479e-04, -7.612754e-04, -7.612754e-04, 1.243980e-03
13.054177, -1.016885e-05, -6.828979e-04, -6.828979e-04, 1.162615e-03
13.069516, 2.501073e-04, -5.930590e-04, -5.930590e-04, 1.102064e-03
13.084856, 4.886853e-04, -4.946683e-04, -4.946683e-04, 1.067506e-03
13.100196, 6.838078e-04, -3.891154e-04, -3.891154e-04, 1.060410e-03
13.115536, 8.183979e-04, -2.756657e-04, -2.756657e-04, 1.078881e-03
13.130876, 8.822272e-04, -1.513281e-04, -1.513281e-04, 1.118360e-03
13.146215, 8.728412e-04, -1.134698e-05, -1.134698e-05, 1.172551e-03
13.161555, 7.951452e-04, 1.496605e-04, 1.496605e-04, 1.234481e-03
13.176895, 6.598593e-04, 3.360794e-04, 3.360794e-04, 1.297472e-03
13.192235, 4.812675e-04, 5.495017e-04, 5.495017e-04, 1.355838e-03
13.207575, 2.747723e-04, 7.871846e-04, 7.871846e-04, 1.405120e-03
13.222914, 5.475932e-05, 1.041188e-03, 1.041188e-03, 1.441798e-03
13.238254, -1.668460e-04, 1.298509e-03, 1.298509e-03, 1.462528e-03
13.253594, -3.811786e-04, 1.542324e-03, 1.542324e-03, 1.463144e-03
13.268934, -5.822919e-04, 1.754193e-03, 1.754193e-03, 1.437837e-03
13.284274, -7.665268e-04, 1.916859e-03, 1.916859e-03, 1.378925e-03
13.299613, -9.317166e-04, 2.017103e-03, 2.017103e-03, 1.277511e-03
13.314953, -1.076543e-03, 2.048093e-03, 2.048093e-03, 1.125111e-03
13.330293, -1.200250e-03, 2.010742e-03, 2.010742e-03, 9.160280e-04
13.345633, -1.302724e-03, 1.913795e-03, 1.913795e-03, 6.499175e-04
13.360973, -1.384817e-03, 1.772593e-03, 1.772593e-03, 3.338595e-04
13.376312, -1.448709e-03, 1.606725e-03, 1.606725e-03, -1.674812e-05
13.391652, -1.498113e-03, 1.436991e-03, 1.436991e-03, -3.789118e-04
13.406992, -1.538155e-03, 1.282178e-03, 1.282178e-03, -7.244908e-04
13.422332, -1.574899e-03, 1.156213e-03, 1.156213e-03, -1.024049e-03
13.437672, -1.614608e-03, 1.066149e-03, 1.066149e-03, -1.251401e-03
13.453012, -1.662903e-03, 1.011294e-03, 1.011294e-03, -1.387972e-03
13.468351, -1.723962e-03, 9.835957e-04, 9.835957e-04, -1.426072e-03
13.483691, -1.799904e-03, 9.691850e-04, 9.691850e-04, -1.370429e-03
13.499031, -1.890434e-03, 9.508021e-04, 9.508021e-04, -1.237610e-03
13.514371, -1.992738e-03, 9.106930e-04, 9.106930e-04, -1.053461e-03
13.529711, -2.101557e-03, 8.335155e-04, 8.335155e-04, -8.490861e-04
13.545050, -2.209388e-03, 7.088024e-04, 7.088024e-04, -6.561223e-04
13.560390, -2.306805e-03, 5.326180e-04, 5.326180e-04, -5.021965e-04
13.575730, -2.382861e-03, 3.081750e-04, 3.081750e-04, -4.073493e-04
13.591070, -2.425635e-03, 4.534805e-05, 4.534805e-05, -3.819626e-04
13.606410, -2.422962e-03, -2.408153e-04, -2.408153e-04, -4.263473e-04
13.621749, -2.363372e-03, -5.323280e-04, -5.323280e-04, -5.318149e-04
13.637089, -2.237207e-03, -8.108752e-04, -8.108752e-04, -6.828252e-04
13.652429, -2.037791e-03, -1.060382e-03, -1.060382e-03, -8.596736e-04
13.667769, -1.762545e-03, -1.269127e-03, -1.269127e-03, -1.041205e-03
13.683109, -1.413833e-03, -1.431072e-03, -1.431072e-03, -1.207210e-03
13.698448, -9.993481e-04, -1.546213e-03, -1.546213e-03, -1.340349e-03
13.713788, -5.318903e-04, -1.619931e-03, -1.619931e-03, -1.427586e-03
13.729128, -2.849516e-05, -1.661490e-03, -1.661490e-03, -1.461143e-03
13.744468, 4.910631e-04, -1.681976e-03, -1.681976e-03, -1.439025e-03
13.759808, 1.006226e-03, -1.692058e-03, -1.692058e-03, -1.365077e-03
13.775147, 1.497765e-03, -1.699981e-03, -1.699981e-03, -1.248478e-03
13.790487, 1.949671e-03, -1.710138e-03, -1.710138e-03, -1.102605e-03
13.805827, 2.350494e-03, -1.722455e-03, -1.722455e-03, -9.433027e-04
13.821167, 2.693834e-03, -1.732690e-03, -1.732690e-03, -7.867725e-04
13.836507, 2.977878e-03, -1.733554e-03, -1.733554e-03, -6.473712e-04
13.851847, 3.204100e-03, -1.716454e-03, -1.716454e-03, -5.357471e-04
13.867186, 3.375471e-03, -1.673507e-03, -1.673507e-03, -4.576872e-04
13.882526, 3.494670e-03, -1.599466e-03, -1.599466e-03, -4.138945e-04
13.897866, 3.562771e-03, -1.493193e-03, -1.493193e-03, -4.006703e-04
13.913206, 3.578798e-03, -1.358392e-03, -1.358392e-03, -4.112796e-04
13.928546, 3.540310e-03, -1.203469e-03, -1.203469e-03, -4.376292e-04
13.943885, 3.444828e-03, -1.040487e-03, -1.040487e-03, -4.718302e-04
13.959225, 3.291687e-03, -8.834065e-04, -8.834065e-04, -5.072970e-04
13.974565, 3.083742e-03, -7.458728e-04, -7.458728e-04, -5.392360e-04
13.989905, 2.828383e-03, -6.389298e-04, -6.389298e-04, -5.645624e-04
14.005245, 2.537475e-03, -5.690516e-04, -5.690516e-04, -5.814134e-04
14.020584, 2.226134e-03, -5.368483e-04, -5.368483e-04, -5.885054e-04
14.035924, 1.910630e-03, -5.367040e-04, -5.367040e-04, -5.845880e-04
14.051264, 1.605918e-03, -5.574553e-04, -5.574553e-04, -5.681487e-04
14.066604, 1.323415e-03, -5.840469e-04, -5.840469e-04, -5.374046e-04
14.081944, 1.069569e-03, -5.999195e-04, -5.999195e-04, -4.905556e-04
14.097283, 8.455902e-04, -5.897415e-04, -5.897415e-04, -4.262468e-04
14.112623, 6.483636e-04, -5.420112e-04, -5.420112e-04, -3.441555e-04
14.127963, 4.722566e-04, -4.510604e-04, -4.510604e-04, -2.456217e-04
14.143303, 3.113672e-04, -3.180867e-04, -3.180867e-04, -1.342529e-04
14.158643, 1.616648e-04, -1.510205e-04, -1.510205e-04, -1.641062e-05
14.173982, 2.252055e-05, 3.674412e-05, 3.674412e-05, 9.858049e-05
14.189322, -1.027052e-04, 2.285087e-04, 2.285087e-04, 1.986769e-04
14.204662, -2.071031e-04, 4.069088e-04, 4.069088e-04, 2.699314e-04
14.220002, -2.815591e-04, 5.565500e-04, 5.565500e-04, 2.979110e-04
14.235342, -3.167232e-04, 6.661917e-04, 6.661917e-04, 2.696194e-04
14.250682, -3.051949e-04, 7.301456e-04, 7.301456e-04, 1.756521e-04
14.266021, -2.434717e-04, 7.487302e-04, 7.487302e-04, 1.218014e-05
14.281361, -1.332728e-04, 7.277971e-04, 7.277971e-04, -2.176382e-04
14.296701, 1.801877e-05, 6.774929e-04, 6.774929e-04, -5.031196e-04
14.312041, 1.978982e-04, 6.105161e-04, 6.105161e-04, -8.265473e-04
14.327381, 3.901745e-04, 5.401672e-04, 5.401672e-04, -1.164658e-03
14.342720, 5.769976e-04, 4.784831e-04, 4.784831e-04, -1.490899e-03
14.358060, 7.410513e-04, 4.347154e-04, 4.347154e-04, -1.778148e-03
14.373400, 8.674848e-04, 4.143462e-04, 4.143462e-04, -2.001563e-03
14.388740, 9.452403e-04, 4.187612e-04, 4.187612e-04, -2.141298e-03
14.404080, 9.675882e-04, 4.455986e-04, 4.455986e-04, -2.184775e-03
14.419419, 9.319101e-04, 4.896835e-04, 4.896835e-04, -2.128264e-03
14.434759, 8.389713e-04, 5.443462e-04, 5.443462e-04, -1.977519e-03
14.450099, 6.920112e-04, 6.028503e-04, 6.028503e-04, -1.747249e-03
14.465439, 4.959388e-04, 6.596317e-04, 6.596317e-04, -1.459280e-03
14.480779, 2.568272e-04, 7.111037e-04, 7.111037e-04, -1.139511e-03
14.496118, -1.825750e-05, 7.559018e-04, 7.559018e-04, -8.140305e-04
14.511458, -3.212205e-04, 7.945890e-04, 7.945890e-04, -5.050423e-04
14.526798, -6.429015e-04, 8.289817e-04, 8.289817e-04, -2.273747e-04
14.542138, -9.731957e-04, 8.613396e-04, 8.613396e-04, 1.364138e-05
14.557478, -1.301389e-03, 8.936613e-04, 8.936613e-04, 2.224045e-04
14.572817, -1.616667e-03, 9.272525e-04, 9.272525e-04, 4.113022e-04
14.588157, -1.908664e-03, 9.626169e-04, 9.626169e-04, 5.973747e-04
14.603497, -2.167878e-03, 9.996000e-04, 9.996000e-04, 7.981156e-04
14.618837, -2.385865e-03, 1.037645e-03, 1.037645e-03, 1.027318e-03
14.634177, -2.555246e-03, 1.076007e-03, 1.076007e-03, 1.291832e-03
14.649517, -2.669639e-03, 1.113827e-03, 1.113827e-03, 1.589802e-03
14.664856, -2.723712e-03, 1.150036e-03, 1.150036e-03, 1.910593e-03
14.680196, -2.713463e-03, 1.183150e-03, 1.183150e-03, 2.236239e-03
14.695536, -2.636826e-03, 1.211054e-03, 1.211054e-03, 2.544044e-03
14.710876, -2.494473e-03, 1.230886e-03, 1.230886e-03, 2.809810e-03
14.726216, -2.290609e-03, 1.239087e-03, 1.239087e-03, 3.011167e-03
14.741555, -2.033482e-03, 1.231660e-03, 1.231660e-03, 3.130595e-03
14.756895, -1.735389e-03, 1.204600e-03, 1.204600e-03, 3.157800e-03
14.772235, -1.412022e-03, 1.154442e-03, 1.154442e-03, 3.091197e-03
14.787575, -1.081162e-03, 1.078837e-03, 1.078837e-03, 2.938326e-03
14.802915, -7.609126e-04, 9.770691e-04, 9.770691e-04, 2.715145e-03
14.818254, -4.677645e-04, 8.504091e-04, 8.504091e-04, 2.444239e-03
14.833594, -2.148420e-04, 7.022316e-04, 7.022316e-04, 2.152134e-03
14.848934, -1.065366e-05, 5.378438e-04, 5.378438e-04, 1.866044e-03
14.864274, 1.413889e-04, 3.640155e-04, 3.640155e-04, 1.610503e-03
14.879614, 2.425943e-04, 1.882573e-04, 1.882573e-04, 1.404381e-03
14.894953, 2.978479e-04, 1.795415e-05, 1.795415e-05, 1.258693e-03
14.910293, 3.139459e-04, -1.404979e-04, -1.404979e-04, 1.175543e-03
14.925633, 2.977657e-04, -2.823906e-04, -2.823906e-04, 1.148336e-03
14.940973, 2.547049e-04, -4.051038e-04, -4.051038e-04, 1.163211e-03
14.956313, 1.877716e-04, -5.081389e-04, -5.081389e-04, 1.201462e-03
14.971652, 9.754759e-05, -5.927989e-04, -5.927989e-04, 1.242595e-03
14.986992, -1.696306e-05, -6.616160e-04, -6.616160e-04, 1.267582e-03
15.002332, -1.568004e-04, -7.176772e-04, -7.176772e-04, 1.261842e-03
15.017672, -3.212250e-04, -7.640157e-04, -7.640157e-04, 1.217469e-03
15.033012, -5.061109e-04, -8.031963e-04, -8.031963e-04, 1.134372e-03
15.048352, -7.030181e-04, -8.371599e-04, -8.371599e-04, 1.020100e-03
15.063691, -8.992375e-04, -8.673068e-04, -8.673068e-04, 8.883245e-04
15.079031, -1.078879e-03, -8.947333e-04, -8.947333e-04, 7.561945e-04
15.094371, -1.224835e-03, -9.204987e-04, -9.204987e-04, 6.410269e-04
15.109711, -1.321226e-03, -9.458034e-04, -9.458034e-04, 5.569139e-04
15.125051, -1.355812e-03, -9.720005e-04, -9.720005e-04, 5.118936e-04
15.140390, -1.321899e-03, -1.000422e-03, -1.000422e-03, 5.062531e-04
15.155730, -1.219359e-03, -1.032064e-03, -1.032064e-03, 5.323213e-04
15.171070, -1.054581e-03, -1.067224e-03, -1.067224e-03, 5.757840e-04
15.186410, -8.393501e-04, -1.105180e-03, -1.105180e-03, 6.182295e-04
15.201750, -5.889096e-04, -1.144016e-03, -1.144016e-03, 6.403883e-04
15.217089, -3.195559e-04, -1.180633e-03, -1.180633e-03, 6.253831e-04
15.232429, -4.621802e-05, -1.210956e-03, -1.210956e-03, 5.613138e-04
15.247769, 2.195399e-04, -1.230302e-03, -1.230302e-03, 4.426897e-04
15.263109, 4.707132e-04, -1.233868e-03, -1.233868e-03, 2.705252e-04
15.278449, 7.050349e-04, -1.217276e-03, -1.217276e-03, 5.121464e-05
15.293788, 9.241424e-04, -1.177132e-03, -1.177132e-03, -2.054437e-04
15.309128, 1.131933e-03, -1.111555e-03, -1.111555e-03, -4.885344e-04
15.324468, 1.332488e-03, -1.020635e-03, -1.020635e-03, -7.880653e-04
15.339808, 1.528072e-03, -9.067536e-04, -9.067536e-04, -1.096341e-03
15.355148, 1.717693e-03, -7.746741e-04, -7.746741e-04, -1.408455e-03
15.370487, 1.896563e-03, -6.313359e-04, -6.313359e-04, -1.721885e-03
15.385827, 2.056583e-03, -4.852649e-04, -4.852649e-04, -2.035384e-03
15.401167, 2.187714e-03, -3.456039e-04, -3.456039e-04, -2.347487e-03
15.416507, 2.279904e-03, -2.208441e-04, -2.208441e-04, -2.655017e-03
15.431847, 2.325077e-03, -1.174370e-04, -1.174370e-04, -2.951916e-03
15.447187, 2.318754e-03, -3.854594e-05, -3.854594e-05, -3.228670e-03
15.462526, 2.260987e-03, 1.678606e-05, 1.678606e-05, -3.472507e-03
15.477866, 2.156515e-03, 5.381559e-05, 5.381559e-05, -3.668405e-03
15.493206, 2.014175e-03, 8.150691e-05, 8.150691e-05, -3.800781e-03
15.508546, 1.845808e-03, 1.112035e-04, 1.112035e-04, -3.855626e-03
15.523886, 1.664891e-03, 1.547616e-04, 1.547616e-04, -3.822759e-03
15.539225, 1.485088e-03, 2.224694e-04, 2.224694e-04, -3.697763e-03
15.554565, 1.318840e-03, 3.211375e-04, 3.211375e-04, -3.483238e-03
15.569905, 1.176050e-03, 4.527199e-04, 4.527199e-04, -3.189077e-03
15.585245, 1.062934e-03, 6.137289e-04, 6.137289e-04, -2.831692e-03
15.600585, 9.810964e-04, 7.955523e-04, 7.955523e-04, -2.432298e-03
15.615924, 9.270201e-04, 9.856074e-04, 9.856074e-04, -2.014541e-03
15.631264, 8.921509e-04, 1.169111e-03, 1.169111e-03, -1.601919e-03
15.646604, 8.637693e-04, 1.331134e-03, 1.331134e-03, -1.215423e-03
15.661944, 8.266781e-04, 1.458565e-03, 1.458565e-03, -8.717501e-04
15.677284, 7.655689e-04, 1.541644e-03, 1.541644e-03, -5.822483e-04
15.692623, 6.677376e-04, 1.574825e-03, 1.574825e-03, -3.526404e-04
15.707963, 5.256505e-04, 1.556870e-03, 1.556870e-03, -1.833666e-04
15.723303, 3.388130e-04, 1.490249e-03, 1.490249e-03, -7.032722e-05
15.738643, 1.145045e-04, 1.380034e-03, 1.380034e-03, -5.818819e-06
15.753983, -1.328404e-04, 1.232609e-03, 1.232609e-03, 2.047103e-05
15.769322, -3.835628e-04, 1.054484e-03, 1.054484e-03, 2.048240e-05
15.784662, -6.156995e-04, 8.514917e-04, 8.514917e-04, 6.815963e-06
15.800002, -8.083427e-04, 6.285092e-04, 6.285092e-04, -8.259528e-06
15.815342, -9.448074e-04, 3.896961e-04, 3.896961e-04, -1.383177e-05
15.830682, -1.015045e-03, 1.391310e-04, 1.391310e-04, -1.330279e-06
15.846022, -1.016908e-03, -1.183983e-04, -1.183983e-04, 3.464864e-05
15.861361, -9.561060e-04, -3.767136e-04, -3.767136e-04, 9.581126e-05
15.876701, -8.449767e-04, -6.279201e-04, -6.279201e-04, 1.800544e-04
15.892041, -7.004346e-04, -8.625839e-04, -8.625839e-04, 2.818358e-04
15.907381, -5.415551e-04, -1.070444e-03, -1.070444e-03, 3.929739e-04
15.922721, -3.872593e-04, -1.241550e-03, -1.241550e-03, 5.037235e-04
15.938060, -2.544652e-04, -1.367611e-03, -1.367611e-03, 6.039368e-04
15.953400, -1.568936e-04, -1.443259e-03, -1.443259e-03, 6.841280e-04
15.968740, -1.045015e-04, -1.466950e-03, -1.466950e-03, 7.363020e-04
15.984080, -1.033618e-04, -1.441259e-03, -1.441259e-03, 7.544979e-04
15.999420, -1.557635e-04, -1.372481e-03, -1.372481e-03, 7.351121e-04
16.014759, -2.603351e-04, -1.269584e-03, -1.269584e-03, 6.771121e-04
16.030099, -4.120848e-04, -1.142720e-03, -1.142720e-03, 5.822351e-04
16.045439, -6.024001e-04, -1.001610e-03, -1.001610e-03, 4.552131e-04
16.060779, -8.191712e-04, -8.541677e-04, -8.541677e-04, 3.039905e-04
16.076119, -1.047225e-03, -7.056498e-04, -7.056498e-04, 1.397976e-04
16.091458, -1.269189e-03, -5.585098e-04, -5.585098e-04, -2.312112e-05
16.106798, -1.466816e-03, -4.129459e-04, -4.129459e-04, -1.682850e-04
16.122138, -1.622639e-03, -2.679532e-04, -2.679532e-04, -2.783251e-04
16.137478, -1.721723e-03, -1.225646e-04, -1.225646e-04, -3.368349e-04
16.152818, -1.753221e-03, 2.307536e-05, 2.307536e-05, -3.305056e-04
16.168158, -1.711484e-03, 1.670989e-04, 1.670989e-04, -2.511824e-04
16.183497, -1.596593e-03, 3.059233e-04, 3.059233e-04, -9.742964e-05
16.198837, -1.414283e-03, 4.348511e-04, 4.348511e-04, 1.247417e-04
16.214177, -1.175348e-03, 5.490683e-04, 5.490683e-04, 4.022021e-04
16.229517, -8.946981e-04, 6.447369e-04, 6.447369e-04, 7.161257e-04
16.244857, -5.902393e-04, 7.198641e-04, 7.198641e-04, 1.044326e-03
16.260196, -2.816805e-04, 7.747040e-04, 7.747040e-04, 1.364129e-03
16.275536, 1.068324e-05, 8.115966e-04, 8.115966e-04, 1.655303e-03
16.290876, 2.672155e-04, 8.343108e-04, 8.343108e-04, 1.902571e-03
16.306216, 4.702561e-04, 8.470990e-04, 8.470990e-04, 2.097265e-03
16.321556, 6.055411e-04, 8.537401e-04, 8.537401e-04, 2.237853e-03
16.336895, 6.636592e-04, 8.568241e-04, 8.568241e-04, 2.329244e-03
16.352235, 6.413773e-04, 8.574419e-04, 8.574419e-04, 2.381040e-03
16.367575, 5.425944e-04, 8.553014e-04, 8.553014e-04, 2.405043e-03
16.382915, 3.786454e-04, 8.491590e-04, 8.491590e-04, 2.412494e-03
16.398255, 1.676958e-04, 8.373758e-04, 8.373758e-04, 2.411577e-03
16.413594, -6.689635e-05, 8.183929e-04, 8.183929e-04, 2.405703e-03
16.428934, -2.991557e-04, 7.909896e-04, 7.909896e-04, 2.392911e-03
16.444274, -5.036967e-04, 7.542895e-04, 7.542895e-04, 2.366528e-03
16.459614, -6.590817e-04, 7.075922e-04, 7.075922e-04, 2.316959e-03
16.474954, -7.507493e-04, 6.501767e-04, 6.501767e-04, 2.234235e-03
16.490293, -7.729554e-04, 5.812266e-04, 5.812266e-04, 2.110721e-03
16.505633, -7.293594e-04, 4.999781e-04, 4.999781e-04, 1.943369e-03
16.520973, -6.321523e-04, 4.060932e-04, 4.060932e-04, 1.734983e-03
16.536313, -4.999022e-04, 3.001706e-04, 3.001706e-04, 1.494194e-03
16.551653, -3.545295e-04, 1.842395e-04, 1.842395e-04, 1.234124e-03
16.566993, -2.179849e-04, 6.207014e-05, 6.207014e-05, 9.700952e-04
16.582332, -1.092156e-04, -6.082968e-05, -6.082968e-05, 7.169220e-04
16.597672, -4.186719e-05, -1.775891e-04, -1.775891e-04, 4.864258e-04
16.613012, -2.298305e-05, -2.806936e-04, -2.806936e-04, 2.857246e-04
16.628352, -5.275192e-05, -3.629441e-04, -3.629441e-04, 1.166415e-04
16.643692, -1.251605e-04, -4.184994e-04, -4.184994e-04, -2.371249e-05
16.659031, -2.292723e-04, -4.438187e-04, -4.438187e-04, -1.414280e-04
16.674371, -3.508346e-04, -4.383314e-04, -4.383314e-04, -2.437857e-04
16.689711, -4.739678e-04, -4.046963e-04, -4.046963e-04, -3.372374e-04
16.705051, -5.827603e-04, -3.485827e-04, -3.485827e-04, -4.258380e-04
16.720391, -6.626688e-04, -2.779894e-04, -2.779894e-04, -5.104506e-04
16.735730, -7.017046e-04, -2.022145e-04, -2.022145e-04, -5.888343e-04
16.751070, -6.914121e-04, -1.306670e-04, -1.306670e-04, -6.565150e-04
16.766410, -6.276135e-04, -7.175132e-05, -7.175132e-05, -7.081908e-04
16.781750, -5.108581e-04, -3.204100e-05, -3.204100e-05, -7.393173e-04
16.797090, -3.465079e-04, -1.587804e-05, -1.587804e-05, -7.474735e-04
16.812429, -1.443843e-04, -2.541880e-05, -2.541880e-05, -7.331710e-04
16.827769, 8.208014e-05, -6.101961e-05, -6.101961e-05, -6.999292e-04
16.843109, 3.171570e-04, -1.217655e-04, -1.217655e-04, -6.536183e-04
16.858449, 5.444765e-04, -2.059218e-04, -2.059218e-04, -6.012575e-04
16.873789, 7.488171e-04, -3.111428e-04, -3.111428e-04, -5.496166e-04
16.889128, 9.177848e-04, -4.343816e-04, -4.343816e-04, -5.040314e-04
16.904468, 1.043120e-03, -5.715776e-04, -5.715776e-04, -4.677574e-04
16.919808, 1.121409e-03, -7.172960e-04, -7.172960e-04, -4.419960e-04
16.935148, 1.154087e-03, -8.645307e-04, -8.645307e-04, -4.265177e-04
16.950488, 1.146759e-03, -1.004840e-03, -1.004840e-03, -4.206064e-04
16.965828, 1.107961e-03, -1.128885e-03, -1.128885e-03, -4.239397e-04
16.981167, 1.047593e-03, -1.227325e-03, -1.227325e-03, -4.370588e-04
16.996507, 9.753209e-04, -1.291904e-03, -1.291904e-03, -4.612727e-04
17.011847, 8.992442e-04, -1.316526e-03, -1.316526e-03, -4.980628e-04
17.027187, 8.250448e-04, -1.298109e-03, -1.298109e-03, -5.482406e-04
17.042527, 7.557364e-04, -1.237046e-03, -1.237046e-03, -6.112080e-04
17.057866, 6.920227e-04, -1.137211e-03, -1.137211e-03, -6.846388e-04
17.073206, 6.331263e-04, -1.005494e-03, -1.005494e-03, -7.647191e-04
17.088546, 5.778388e-04, -8.509496e-04, -8.509496e-04, -8.468561e-04
17.103886, 5.255052e-04, -6.836662e-04, -6.836662e-04, -9.266009e-04
17.119226, 4.766767e-04, -5.135333e-04, -5.135333e-04, -1.000464e-03
17.134565, 4.332372e-04, -3.490580e-04, -3.490580e-04, -1.066349e-03
17.149905, 3.979386e-04, -1.964128e-04, -1.964128e-04, -1.123483e-03
17.165245, 3.734630e-04, -5.885257e-05, -5.885257e-05, -1.171935e-03
17.180585, 3.612724e-04, 6.339967e-05, 6.339967e-05, -1.211976e-03
17.195925, 3.605821e-04, 1.727779e-04, 1.727779e-04, -1.243568e-03
17.211264, 3.677981e-04, 2.735673e-04, 2.735673e-04, -1.266211e-03
17.226604, 3.766794e-04, 3.708086e-04, 3.708086e-04, -1.279236e-03
17.241944, 3.793099e-04, 4.691075e-04, 4.691075e-04, -1.282459e-03
17.257284, 3.677343e-04, 5.715637e-04, 5.715637e-04, -1.276906e-03
17.272624, 3.359293e-04, 6.790084e-04, 6.790084e-04, -1.265307e-03
17.287963, 2.816620e-04, 7.896780e-04, 7.896780e-04, -1.252084e-03
17.303303, 2.077552e-04, 8.993696e-04, 8.993696e-04, -1.242716e-03
17.318643, 1.223723e-04, 1.002038e-03, 1.002038e-03, -1.242557e-03
17.333983, 3.814764e-05, 1.090714e-03, 1.090714e-03, -1.255360e-03
17.349323, -2.974551e-05, 1.158590e-03, 1.158590e-03, -1.281941e-03
17.364663, -6.626451e-05, 1.200074e-03, 1.200074e-03, -1.319334e-03
17.380002, -5.939531e-05, 1.211657e-03, 1.211657e-03, -1.360738e-03
17.395342, -2.684041e-06, 1.192464e-03, 1.192464e-03, -1.396320e-03
17.410682, 1.031292e-04, 1.144407e-03, 1.144407e-03, -1.414728e-03
17.426022, 2.497127e-04, 1.071945e-03, 1.071945e-03, -1.404955e-03
17.441362, 4.220753e-04, 9.815094e-04, 9.815094e-04, -1.358136e-03
17.456701, 6.006669e-04, 8.806664e-04, 8.806664e-04, -1.268895e-03
17.472041, 7.642534e-04, 7.771667e-04, 7.771667e-04, -1.136023e-03
17.487381, 8.930249e-04, 6.779836e-04, 6.779836e-04, -9.624423e-04
17.502721, 9.713894e-04, 5.884675e-04, 5.884675e-04, -7.546056e-04
17.518061, 9.899976e-04, 5.117176e-04, 5.117176e-04, -5.215812e-04
17.533400, 9.467019e-04, 4.482514e-04, 4.482514e-04, -2.740673e-04
17.548740, 8.463593e-04, 3.960339e-04, 3.960339e-04, -2.348701e-05
17.564080, 6.996097e-04, 3.508846e-04, 3.508846e-04, 2.187758e-04
17.579420, 5.209260e-04, 3.072327e-04, 3.072327e-04, 4.420250e-04
17.594760, 3.263162e-04, 2.591269e-04, 2.591269e-04, 6.368500e-04
17.610099, 1.310761e-04, 2.013400e-04, 2.013400e-04, 7.957035e-04
17.625439, -5.204591e-05, 1.303682e-04, 1.303682e-04, 9.134062e-04
17.640779, -2.140217e-04, 4.512264e-05, 4.512264e-05, 9.874854e-04
17.656119, -3.499548e-04, -5.284297e-05, -5.284297e-05, 1.018262e-03
17.671459, -4.587608e-04, -1.596233e-04, -1.596233e-04, 1.008652e-03
17.686798, -5.422563e-04, -2.697039e-04, -2.697039e-04, 9.637213e-04
17.702138, -6.038915e-04, -3.769718e-04, -3.769718e-04, 8.901216e-04
17.717478, -6.474078e-04, -4.757404e-04, -4.757404e-04, 7.955760e-04
17.732818, -6.756797e-04, -5.615363e-04, -5.615363e-04, 6.885181e-04
17.748158, -6.899434e-04, -6.314650e-04, -6.314650e-04, 5.778925e-04
17.763498, -6.895494e-04, -6.841048e-04, -6.841048e-04, 4.730284e-04
17.778837, -6.722748e-04, -7.190139e-04, -7.190139e-04, 3.834278e-04
17.794177, -6.351150e-04, -7.360486e-04, -7.360486e-04, 3.182992e-04
17.809517, -5.753844e-04, -7.347402e-04, -7.347402e-04, 2.857533e-04
17.824857, -4.919082e-04, -7.139451e-04, -7.139451e-04, 2.917258e-04
17.840197, -3.860571e-04, -6.718950e-04, -6.718950e-04, 3.388340e-04
17.855536, -2.623888e-04, -6.066441e-04, -6.066441e-04, 4.254453e-04
17.870876, -1.287325e-04, -5.167933e-04, -5.167933e-04, 5.452610e-04
17.886216, 4.330523e-06, -4.022935e-04, -4.022935e-04, 6.876420e-04
17.901556, 1.245339e-04, -2.651118e-04, -2.651118e-04, 8.387420e-04
17.916896, 2.193802e-04, -1.095797e-04, -1.095797e-04, 9.833190e-04
17.932235, 2.777307e-04, 5.767311e-05, 5.767311e-05, 1.106947e-03
17.947575, 2.912378e-04, 2.282055e-04, 2.282055e-04, 1.198237e-03
17.962915, 2.553668e-04, 3.925877e-04, 3.925877e-04, 1.250647e-03
17.978255, 1.698289e-04, 5.414177e-04, 5.414177e-04, 1.263500e-03
17.993595, 3.834732e-05, 6.663543e-04, 6.663543e-04, 1.241995e-03
18.008934, -1.321887e-04, 7.609955e-04, 7.609955e-04, 1.196187e-03
18.024274, -3.329850e-04, 8.214571e-04, 8.214571e-04, 1.139076e-03
18.039614, -5.547364e-04, 8.465594e-04, 8.465594e-04, 1.084164e-03
18.054954, -7.888526e-04, 8.375972e-04, 8.375972e-04, 1.042928e-03
18.070294, -1.028240e-03, 7.977433e-04, 7.977433e-04, 1.022705e-03
18.085633, -1.267465e-03, 7.312081e-04, 7.312081e-04, 1.025365e-03
18.100973, -1.502289e-03, 6.423324e-04, 6.423324e-04, 1.047033e-03
18.116313, -1.728748e-03, 5.348104e-04, 5.348104e-04, 1.078910e-03
18.131653, -1.942096e-03, 4.112224e-04, 4.112224e-04, 1.109019e-03
18.146993, -2.135956e-03, 2.729902e-04, 2.729902e-04, 1.124537e-03
18.162333, -2.302047e-03, 1.207763e-04, 1.207763e-04, 1.114274e-03
18.177672, -2.430657e-03, -4.476168e-05, -4.476168e-05, 1.070860e-03
18.193012, -2.511861e-03, -2.220424e-04, -2.220424e-04, 9.922369e-04
18.208352, -2.537198e-03, -4.076978e-04, -4.076978e-04, 8.821995e-04
18.223692, -2.501397e-03, -5.960212e-04, -5.960212e-04, 7.499076e-04
18.239032, -2.403687e-03, -7.789167e-04, -7.789167e-04, 6.084849e-04
18.254371, -2.248268e-03, -9.464441e-04, -9.464441e-04, 4.729634e-04
18.269711, -2.043784e-03, -1.087918e-03, -1.087918e-03, 3.579542e-04
18.285051, -1.801877e-03, -1.193398e-03, -1.193398e-03, 2.754733e-04
18.300391, -1.535208e-03, -1.255288e-03, -1.255288e-03, 2.332879e-04
18.315731, -1.255409e-03, -1.269735e-03, -1.269735e-03, 2.340151e-04
18.331070, -9.715266e-04, -1.237526e-03, -1.237526e-03, 2.750542e-04
18.346410, -6.893264e-04, -1.164249e-03, -1.164249e-03, 3.492693e-04
18.361750, -4.115910e-04, -1.059674e-03, -1.059674e-03, 4.462067e-04
18.377090, -1.392426e-04, -9.364069e-04, -9.364069e-04, 5.535706e-04
18.392430, 1.270931e-04, -8.080661e-04, -8.080661e-04, 6.587198e-04
18.407769, 3.855850e-04, -6.873116e-04, -6.873116e-04, 7.500096e-04
18.423109, 6.322395e-04, -5.840799e-04, -5.840799e-04, 8.178692e-04
18.438449, 8.607944e-04, -5.043432e-04, -5.043432e-04, 8.555705e-04
18.453789, 1.063508e-03, -4.495907e-04, -4.495907e-04, 8.596747e-04
18.469129, 1.232636e-03, -4.170843e-04, -4.170843e-04, 8.301359e-04
18.484468, 1.362199e-03, -4.007874e-04, -4.007874e-04, 7.700125e-04
18.499808, 1.449574e-03, -3.927461e-04, -3.927461e-04, 6.847741e-04
18.515148, 1.496473e-03, -3.846320e-04, -3.846320e-04, 5.812571e-04
18.530488, 1.509052e-03, -3.691544e-04, -3.691544e-04, 4.664035e-04
18.545828, 1.497151e-03, -3.411056e-04, -3.411056e-04, 3.460047e-04
18.561168, 1.472828e-03, -2.979007e-04, -2.979007e-04, 2.237333e-04
18.576507, 1.448545e-03, -2.395944e-04, -2.395944e-04, 1.007175e-04
18.591847, 1.435403e-03, -1.684652e-04, -1.684652e-04, -2.421821e-05
18.607187, 1.441757e-03, -8.833624e-05, -8.833624e-05, -1.537002e-04
18.622527, 1.472419e-03, -3.829821e-06, -3.829821e-06, -2.905609e-04
18.637867, 1.528460e-03, 8.027420e-05, 8.027420e-05, -4.365547e-04
18.653206, 1.607493e-03, 1.594743e-04, 1.594743e-04, -5.914256e-04
18.668546, 1.704264e-03, 2.297687e-04, 2.297687e-04, -7.526154e-04
18.683886, 1.811333e-03, 2.877352e-04, 2.877352e-04, -9.157087e-04
18.699226, 1.919733e-03, 3.305924e-04, 3.305924e-04, -1.075497e-03
18.714566, 2.019607e-03, 3.563565e-04, 3.563565e-04, -1.227367e-03
18.729905, 2.100881e-03, 3.641556e-04, 3.641556e-04, -1.368615e-03
18.745245, 2.154053e-03, 3.546699e-04, 3.546699e-04, -1.499279e-03
18.760585, 2.171149e-03, 3.305789e-04, 3.305789e-04, -1.622254e-03
18.775925, 2.146799e-03, 2.968374e-04, 2.968374e-04, -1.742624e-03
18.791265, 2.079261e-03, 2.606003e-04, 2.606003e-04, -1.866353e-03
18.806604, 1.971143e-03, 2.306817e-04, 2.306817e-04, -1.998624e-03
18.821944, 1.829584e-03, 2.165401e-04, 2.165401e-04, -2.142231e-03
18.837284, 1.665695e-03, 2.269189e-04, 2.269189e-04, -2.296350e-03
18.852624, 1.493244e-03, 2.683778e-04, 2.683778e-04, -2.455976e-03
18.867964, 1.326677e-03, 3.440184e-04, 3.440184e-04, -2.612100e-03
18.883303, 1.178821e-03, 4.526900e-04, 4.526900e-04, -2.752610e-03
18.898643, 1.058652e-03, 5.888766e-04, 5.888766e-04, -2.863736e-03
18.913983, 9.695654e-04, 7.433271e-04, 7.433271e-04, -2.931804e-03
18.929323, 9.085091e-04, 9.043202e-04, 9.043202e-04, -2.945008e-03
18.944663, 8.662127e-04, 1.059319e-03, 1.059319e-03, -2.894996e-03
18.960003, 8.285212e-04, 1.196682e-03, 1.196682e-03, -2.778043e-03
18.975342, 7.786314e-04, 1.307080e-03, 1.307080e-03, -2.595702e-03
18.990682, 6.998665e-04, 1.384384e-03, 1.384384e-03, -2.354850e-03
19.006022, 5.785088e-04, 1.425863e-03, 1.425863e-03, -2.067167e-03
19.021362, 4.061807e-04, 1.431778e-03, 1.431778e-03, -1.748074e-03
19.036702, 1.813467e-04, 1.404517e-03, 1.404517e-03, -1.415263e-03
19.052041, -9.031340e-05, 1.347571e-03, 1.347571e-03, -1.086975e-03
19.067381, -3.966995e-04, 1.264610e-03, 1.264610e-03, -7.802160e-04
19.082721, -7.210855e-04, 1.158886e-03, 1.158886e-03, -5.091180e-04
19.098061, -1.044547e-03, 1.033040e-03, 1.033040e-03, -2.836134e-04
19.113401, -1.348545e-03, 8.893013e-04, 8.893013e-04, -1.086063e-04
19.128740, -1.617199e-03, 7.299291e-04, 7.299291e-04, 1.627562e-05
19.144080, -1.838875e-03, 5.577175e-04, 5.577175e-04, 9.633204e-05
19.159420, -2.006870e-03, 3.763710e-04, 3.763710e-04, 1.408955e-04
19.174760, -2.119185e-03, 1.906228e-04, 1.906228e-04, 1.620108e-04
19.190100, -2.177542e-03, 6.039858e-06, 6.039858e-06, 1.728719e-04
19.205439, -2.185993e-03, -1.714527e-04, -1.714527e-04, 1.862241e-04
19.220779, -2.149444e-03, -3.362304e-04, -3.362304e-04, 2.129167e-04
19.236119, -2.072456e-03, -4.836693e-04, -4.836693e-04, 2.607637e-04
19.251459, -1.958555e-03, -6.107398e-04, -6.107398e-04, 3.338333e-04
19.266799, -1.810160e-03, -7.163653e-04, -7.163653e-04, 4.322210e-04
19.282139, -1.629062e-03, -8.014618e-04, -8.014618e-04, 5.522972e-04
19.297478, -1.417283e-03, -8.686369e-04, -8.686369e-04, 6.873782e-04
19.312818, -1.178057e-03, -9.215905e-04, -9.215905e-04, 8.287401e-04
19.328158, -9.166607e-04, -9.643231e-04, -9.643231e-04, 9.668476e-04
19.343498, -6.408600e-04, -1.000299e-03, -1.000299e-03, 1.092639e-03
19.358838, -3.608137e-04, -1.031727e-03, -1.031727e-03, 1.198707e-03
19.374177, -8.843276e-05, -1.059099e-03, -1.059099e-03, 1.280230e-03
19.389517, 1.637309e-04, -1.081083e-03, -1.081083e-03, 1.335514e-03
19.404857, 3.838824e-04, -1.094785e-03, -1.094785e-03, 1.366074e-03
19.420197, 5.624099e-04, -1.096320e-03, -1.096320e-03, 1.376272e-03
19.435537, 6.930709e-04, -1.081584e-03, -1.081584e-03, 1.372588e-03
19.450876, 7.737158e-04, -1.047062e-03, -1.047062e-03, 1.362672e-03
19.466216, 8.063972e-04, -9.905366e-04, -9.905366e-04, 1.354341e-03
19.481556, 7.968123e-04, -9.115723e-04, -9.115723e-04, 1.354692e-03
19.496896, 7.531569e-04, -8.117348e-04, -8.117348e-04, 1.369451e-03
19.512236, 6.845972e-04, -6.945363e-04, -6.945363e-04, 1.402583e-03
19.527575, 5.996375e-04, -5.651639e-04, -5.651639e-04, 1.456133e-03
19.542915, 5.046935e-04, -4.300555e-04, -4.300555e-04, 1.530242e-03
19.558255, 4.031625e-04, -2.963904e-04, -2.963904e-04, 1.623219e-03
19.573595, 2.951933e-04, -1.715303e-04, -1.715303e-04, 1.731602e-03
19.588935, 1.782049e-04, -6.242717e-05, -6.242717e-05, 1.850183e-03
19.604274, 4.804067e-05, 2.500343e-05, 2.500343e-05, 1.972047e-03
19.619614, -9.948320e-05, 8.653131e-05, 8.653131e-05, 2.088696e-03
19.634954, -2.669719e-04, 1.202365e-04, 1.202365e-04, 2.190374e-03
19.650294, -4.541530e-04, 1.270165e-04, 1.270165e-04, 2.266670e-03
19.665634, -6.571753e-04, 1.108466e-04, 1.108466e-04, 2.307433e-03
19.680974, -8.686549e-04, 7.865475e-05, 7.865475e-05, 2.303912e-03
19.696313, -1.078463e-03, 3.971868e-05, 3.971868e-05, 2.249961e-03
19.711653, -1.275095e-03, 4.573797e-06, 4.573797e-06, 2.143089e-03
19.726993, -1.447356e-03, -1.645769e-05, -1.645769e-05, 1.985122e-03
19.742333, -1.586000e-03, -1.489452e-05, -1.489452e-05, 1.782285e-03
19.757673, -1.685057e-03, 1.441979e-05, 1.441979e-05, 1.544646e-03
19.773012, -1.742603e-03, 7.228925e-05, 7.228925e-05, 1.284993e-03
19.788352, -1.760853e-03, 1.548413e-04, 1.548413e-04, 1.017352e-03
19.803692, -1.745590e-03, 2.540223e-04, 2.540223e-04, 7.553985e-04
19.819032, -1.705027e-03, 3.588619e-04, 3.588619e-04, 5.110595e-04
19.834372, -1.648296e-03, 4.572908e-04, 4.572908e-04, 2.935146e-04
19.849711, -1.583785e-03, 5.381789e-04, 5.381789e-04, 1.086842e-04
19.865051, -1.517581e-03, 5.932089e-04, 5.932089e-04, -4.082559e-05
19.880391, -1.452260e-03, 6.182318e-04, 6.182318e-04, -1.554275e-04
19.895731, -1.386236e-03, 6.138495e-04, 6.138495e-04, -2.380504e-04
19.911071, -1.313795e-03, 5.851168e-04, 5.851168e-04, -2.935612e-04
19.926410, -1.225868e-03, 5.404192e-04, 5.404192e-04, -3.281753e-04
19.941750, -1.111463e-03, 4.897384e-04, 4.897384e-04, -3.488590e-04
19.957090, -9.595662e-04, 4.426379e-04, 4.426379e-04, -3.627171e-04
19.972430, -7.611965e-04, 4.063630e-04, 4.063630e-04, -3.763706e-04
19.987770, -5.112828e-04, 3.844447e-04, 3.844447e-04, -3.953550e-04
20.003109, -2.100142e-04, 3.761159e-04, 3.761159e-04, -4.236035e-04
20.018449, 1.365896e-04, 3.766923e-04, 3.766923e-04, -4.631033e-04
20.033789, 5.170099e-04, 3.788699e-04, 3.788699e-04, -5.137914e-04
20.049129, 9.153944e-04, 3.746766e-04, 3.746766e-04, -5.736953e-04
20.064469, 1.313337e-03, 3.576409e-04, 3.576409e-04, -6.392886e-04
20.079809, 1.691944e-03, 3.246569e-04, 3.246569e-04, -7.060094e-04
20.095148, 2.033818e-03, 2.770666e-04, 2.770666e-04, -7.688861e-04
20.110488, 2.324619e-03, 2.206474e-04, 2.206474e-04, -8.232180e-04
20.125828, 2.553975e-03, 1.644539e-04, 1.644539e-04, -8.652815e-04
20.141168, 2.715704e-03, 1.187545e-04, 1.187545e-04, -8.930229e-04
20.156508, 2.807406e-03, 9.254055e-05, 9.254055e-05, -9.066443e-04
20.171847, 2.829645e-03, 9.120582e-05, 9.120582e-05, -9.089416e-04
20.187187, 2.784987e-03, 1.149592e-04, 1.149592e-04, -9.052393e-04
20.202527, 2.677175e-03, 1.583552e-04, 1.583552e-04, -9.028136e-04
20.217867, 2.510646e-03, 2.110550e-04, 2.110550e-04, -9.097864e-04
20.233207, 2.290466e-03, 2.596401e-04, 2.596401e-04, -9.336347e-04
20.248546, 2.022685e-03, 2.900730e-04, 2.900730e-04, -9.796212e-04
20.263886, 1.714950e-03, 2.902765e-04, 2.902765e-04, -1.049530e-03
20.279226, 1.377146e-03, 2.523144e-04, 2.523144e-04, -1.141056e-03
20.294566, 1.021817e-03, 1.737722e-04, 1.737722e-04, -1.248060e-03
20.309906, 6.641288e-04, 5.812457e-05, 5.812457e-05, -1.361685e-03
20.325245, 3.212482e-04, -8.592138e-05, -8.592138e-05, -1.472091e-03
20.340585, 1.109455e-05, -2.459349e-04, -2.459349e-04, -1.570386e-03
20.355925, -2.493959e-04, -4.078212e-04, -4.078212e-04, -1.650280e-03
20.371265, -4.462464e-04, -5.580581e-04, -5.580581e-04, -1.709099e-03
20.386605, -5.703275e-04, -6.857278e-04, -6.857278e-04, -1.747916e-03
20.401944, -6.188118e-04, -7.840088e-04, -7.840088e-04, -1.770832e-03
20.417284, -5.958901e-04, -8.508936e-04, -8.508936e-04, -1.783608e-03
20.432624, -5.125583e-04, -8.890362e-04, -8.890362e-04, -1.792006e-03
20.447964, -3.854546e-04, -9.047927e-04, -9.047927e-04, -1.800195e-03
20.463304, -2.348861e-04, -9.066746e-04, -9.066746e-04, -1.809549e-03
20.478644, -8.231978e-05, -9.035439e-04, -9.035439e-04, -1.818055e-03
20.493983, 5.228840e-05, -9.029267e-04, -9.029267e-04, -1.820407e-03
20.509323, 1.529126e-04, -9.097742e-04, -9.097742e-04, -1.808725e-03
20.524663, 2.092690e-04, -9.258817e-04, -9.258817e-04, -1.773755e-03
20.540003, 2.177745e-04, -9.500050e-04, -9.500050e-04, -1.706337e-03
20.555343, 1.815428e-04, -9.785431e-04, -9.785431e-04, -1.598901e-03
20.570682, 1.094606e-04, -1.006534e-03, -1.006534e-03, -1.446757e-03
20.586022, 1.454083e-05, -1.028666e-03, -1.028666e-03, -1.248988e-03
20.601362, -8.815107e-05, -1.040058e-03, -1.040058e-03, -1.008833e-03
20.616702, -1.836737e-04, -1.036663e-03, -1.036663e-03, -7.335144e-04
20.632042, -2.591785e-04, -1.015309e-03, -1.015309e-03, -4.335455e-04
20.647381, -3.054149e-04, -9.734820e-04, -9.734820e-04, -1.216693e-04
20.662721, -3.176171e-04, -9.090448e-04, -9.090448e-04, 1.884048e-04
20.678061, -2.957283e-04, -8.200517e-04, -8.200517e-04, 4.832676e-04
20.693401, -2.440028e-04, -7.047744e-04, -7.047744e-04, 7.509051e-04
20.708741, -1.700892e-04, -5.619435e-04, -5.619435e-04, 9.814952e-04
20.724080, -8.374932e-05, -3.911325e-04, -3.911325e-04, 1.167861e-03
20.739420, 4.595541e-06, -1.931610e-04, -1.931610e-04, 1.305618e-03
20.754760, 8.530186e-05, 2.960709e-05, 2.960709e-05, 1.393084e-03
20.770100, 1.507439e-04, 2.731547e-04, 2.731547e-04, 1.431059e-03
20.785440, 1.961881e-04, 5.319126e-04, 5.319126e-04, 1.422538e-03
20.800779, 2.201788e-04, 7.990365e-04, 7.990365e-04, 1.372417e-03
20.816119, 2.243984e-04, 1.066789e-03, 1.066789e-03, 1.287192e-03
20.831459, 2.130450e-04, 1.326952e-03, 1.326952e-03, 1.174600e-03
20.846799, 1.918488e-04, 1.571217e-03, 1.571217e-03, 1.043204e-03
20.862139, 1.669104e-04, 1.791523e-03, 1.791523e-03, 9.019196e-04
20.877479, 1.435802e-04, 1.980362e-03, 1.980362e-03, 7.595249e-04
20.892818, 1.255669e-04, 2.131056e-03, 2.131056e-03, 6.242062e-04
20.908158, 1.143940e-04, 2.238039e-03, 2.238039e-03, 5.032166e-04
20.923498, 1.092538e-04, 2.297151e-03, 2.297151e-03, 4.026644e-04
20.938838, 1.072414e-04, 2.305909e-03, 2.305909e-03, 3.273929e-04
20.954178, 1.038880e-04, 2.263739e-03, 2.263739e-03, 2.808799e-04
20.969517, 9.388297e-05, 2.172099e-03, 2.172099e-03, 2.650798e-04
20.984857, 7.188565e-05, 2.034465e-03, 2.034465e-03, 2.801646e-04
21.000197, 3.333055e-05, 1.856130e-03, 1.856130e-03, 3.241938e-04
21.015537, -2.487221e-05, 1.643838e-03, 1.643838e-03, 3.928460e-04
21.030877, -1.038368e-04, 1.405277e-03, 1.405277e-03, 4.793962e-04
21.046216, -2.024743e-04, 1.148509e-03, 1.148509e-03, 5.750953e-04
21.061556, -3.175879e-04, 8.814415e-04, 8.814415e-04, 6.700279e-04
21.076896, -4.442977e-04, 6.114243e-04, 6.114243e-04, 7.543906e-04
21.092236, -5.767263e-04, 3.450487e-04, 3.450487e-04, 8.199755e-04
21.107576, -7.087993e-04, 8.815731e-05, 8.815731e-05, 8.615358e-04
21.122915, -8.349804e-04, -1.539916e-04, -1.539916e-04, 8.777000e-04
21.138255, -9.507817e-04, -3.765182e-04, -3.765182e-04, 8.711966e-04
21.153595, -1.052944e-03, -5.748140e-04, -5.748140e-04, 8.483024e-04
21.168935, -1.139282e-03, -7.446521e-04, -7.446521e-04, 8.176081e-04
21.184275, -1.208327e-03, -8.825584e-04, -8.825584e-04, 7.883713e-04
21.199614, -1.258946e-03, -9.863890e-04, -9.863890e-04, 7.688069e-04
21.214954, -1.290150e-03, -1.055956e-03, -1.055956e-03, 7.646494e-04
21.230294, -1.301197e-03, -1.093488e-03, -1.093488e-03, 7.782318e-04
21.245634, -1.292012e-03, -1.103716e-03, -1.103716e-03, 8.082074e-04
21.260974, -1.263759e-03, -1.093466e-03, -1.093466e-03, 8.498988e-04
21.276314, -1.219355e-03, -1.070766e-03, -1.070766e-03, 8.961462e-04
21.291653, -1.163639e-03, -1.043623e-03, -1.043623e-03, 9.384760e-04
21.306993, -1.103035e-03, -1.018739e-03, -1.018739e-03, 9.684070e-04
21.322333, -1.044694e-03, -1.000461e-03, -1.000461e-03, 9.787227e-04
21.337673, -9.952251e-04, -9.902116e-04, -9.902116e-04, 9.645579e-04
21.353013, -9.593298e-04, -9.865197e-04, -9.865197e-04, 9.241872e-04
21.368352, -9.386809e-04, -9.856371e-04, -9.856371e-04, 8.594353e-04
21.383692, -9.313482e-04, -9.825584e-04, -9.825584e-04, 7.756421e-04
21.399032, -9.319354e-04, -9.722049e-04, -9.722049e-04, 6.811590e-04
21.414372, -9.324254e-04, -9.505071e-04, -9.505071e-04, 5.864124e-04
21.429712, -9.235517e-04, -9.151817e-04, -9.151817e-04, 5.026391e-04
21.445051, -8.963922e-04, -8.660945e-04, -8.660945e-04, 4.404427e-04
21.460391, -8.438485e-04, -8.052081e-04, -8.052081e-04, 4.083695e-04
21.475731, -7.617438e-04, -7.361971e-04, -7.361971e-04, 4.117178e-04
21.491071, -6.493754e-04, -6.638613e-04, -6.638613e-04, 4.517616e-04
21.506411, -5.094818e-04, -5.934676e-04, -5.934676e-04, 5.254875e-04
21.521750, -3.477045e-04, -5.301243e-04, -5.301243e-04, 6.258692e-04
21.537090, -1.717008e-04, -4.782498e-04, -4.782498e-04, 7.426198e-04
21.552430, 9.922517e-06, -4.411540e-04, -4.411540e-04, 8.632851e-04
21.567770, 1.887003e-04, -4.207319e-04, -4.207319e-04, 9.744943e-04
21.583110, 3.572902e-04, -4.172592e-04, -4.172592e-04, 1.063201e-03
21.598449, 5.102343e-04, -4.292916e-04, -4.292916e-04, 1.117774e-03
21.613789, 6.444280e-04, -4.536830e-04, -4.536830e-04, 1.128829e-03
21.629129, 7.592499e-04, -4.857457e-04, -4.857457e-04, 1.089759e-03
21.644469, 8.563235e-04, -5.195713e-04, -5.195713e-04, 9.969740e-04
21.659809, 9.389391e-04, -5.485091e-04, -5.485091e-04, 8.498821e-04
21.675149, 1.011227e-03, -5.657678e-04, -5.657678e-04, 6.506993e-04
21.690488, 1.077232e-03, -5.650730e-04, -5.650730e-04, 4.041475e-04
21.705828, 1.140053e-03, -5.412867e-04, -5.412867e-04, 1.171396e-04
21.721168, 1.201230e-03, -4.908943e-04, -4.908943e-04, -2.014960e-04
21.736508, 1.260508e-03, -4.122819e-04, -4.122819e-04, -5.412418e-04
21.751848, 1.316007e-03, -3.057670e-04, -3.057670e-04, -8.900987e-04
21.767187, 1.364738e-03, -1.734001e-04, -1.734001e-04, -1.234852e-03
21.782527, 1.403308e-03, -1.860075e-05, -1.860075e-05, -1.561504e-03
21.797867, 1.428641e-03, 1.542731e-04, 1.542731e-04, -1.855973e-03
21.813207, 1.438532e-03, 3.403206e-04, 3.403206e-04, -2.105082e-03
21.828547, 1.431926e-03, 5.343737e-04, 5.343737e-04, -2.297765e-03
21.843886, 1.408910e-03, 7.311157e-04, 7.311157e-04, -2.426325e-03
21.859226, 1.370512e-03, 9.250555e-04, 9.250555e-04, -2.487498e-03
21.874566, 1.318415e-03, 1.110415e-03, 1.110415e-03, -2.483056e-03
21.889906, 1.254724e-03, 1.281024e-03, 1.281024e-03, -2.419749e-03
21.905246, 1.181856e-03, 1.430311e-03, 1.430311e-03, -2.308534e-03
21.920585, 1.102542e-03, 1.551472e-03, 1.551472e-03, -2.163180e-03
21.935925, 1.019862e-03, 1.637854e-03, 1.637854e-03, -1.998493e-03
21.951265, 9.371938e-04, 1.683534e-03, 1.683534e-03, -1.828474e-03
21.966605, 8.579807e-04, 1.684031e-03, 1.684031e-03, -1.664760e-03
21.981945, 7.853151e-04, 1.637032e-03, 1.637032e-03, -1.515577e-03
21.997284, 7.213889e-04, 1.542985e-03, 1.542985e-03, -1.385323e-03
22.012624, 6.669745e-04, 1.405423e-03, 1.405423e-03, -1.274767e-03
22.027964, 6.211114e-04, 1.230888e-03, 1.230888e-03, -1.181729e-03
22.043304, 5.811257e-04, 1.028441e-03, 1.028441e-03, -1.102052e-03
22.058644, 5.430165e-04, 8.087624e-04, 8.087624e-04, -1.030654e-03
22.073984, 5.021364e-04, 5.830202e-04, 5.830202e-04, -9.624968e-04
22.089323, 4.539985e-04, 3.616754e-04, 3.616754e-04, -8.933603e-04
22.104663, 3.949935e-04, 1.534705e-04, 1.534705e-04, -8.203322e-04
22.120003, 3.228494e-04, -3.521943e-05, -3.521943e-05, -7.419932e-04
22.135343, 2.367638e-04, -2.005644e-04, -2.005644e-04, -6.583103e-04
22.150683, 1.372461e-04, -3.410002e-04, -3.410002e-04, -5.702834e-04
22.166022, 2.579565e-05, -4.566091e-04, -4.566091e-04, -4.794231e-04
22.181362, -9.541537e-05, -5.483528e-04, -5.483528e-04, -3.871858e-04
22.196702, -2.237156e-04, -6.173646e-04, -6.173646e-04, -2.945142e-04
22.212042, -3.559294e-04, -6.644627e-04, -6.644627e-04, -2.016113e-04
22.227382, -4.882588e-04, -6.899693e-04, -6.899693e-04, -1.080267e-04
22.242721, -6.161878e-04, -6.938250e-04, -6.938250e-04, -1.306174e-05
22.258061, -7.345568e-04, -6.759167e-04, -6.759167e-04, 8.360269e-05
22.273401, -8.379128e-04, -6.364997e-04, -6.364997e-04, 1.812465e-04
22.288741, -9.211267e-04, -5.765982e-04, -5.765982e-04, 2.776442e-04
22.304081, -9.801452e-04, -4.982989e-04, -4.982989e-04, 3.689805e-04
22.319420, -1.012675e-03, -4.048906e-04, -4.048906e-04, 4.502490e-04
22.334760, -1.018591e-03, -3.008413e-04, -3.008413e-04, 5.161027e-04
22.350100, -9.999323e-04, -1.916235e-04, -1.916235e-04, 5.619697e-04
22.365440, -9.604395e-04, -8.341123e-05, -8.341123e-05, 5.851427e-04
22.380780, -9.047699e-04, 1.731936e-05, 1.731936e-05, 5.855352e-04
22.396120, -8.375879e-04, 1.042492e-04, 1.042492e-04, 5.658725e-04
22.411459, -7.627754e-04, 1.716831e-04, 1.716831e-04, 5.312241e-04
22.426799, -6.829508e-04, 2.149702e-04, 2.149702e-04, 4.879722e-04
22.442139, -5.993942e-04, 2.308246e-04, 2.308246e-04, 4.424873e-04
22.457479, -5.123547e-04, 2.175157e-04, 2.175157e-04, 3.998703e-04
22.472819, -4.216012e-04, 1.749246e-04, 1.749246e-04, 3.631012e-04
22.488158, -3.270337e-04, 1.044989e-04, 1.044989e-04, 3.328183e-04
22.503498, -2.291902e-04, 9.150822e-06, 9.150822e-06, 3.077783e-04
22.518838, -1.295336e-04, -1.068568e-04, -1.068568e-04, 2.858440e-04
22.534178, -3.047921e-05, -2.380200e-04, -2.380200e-04, 2.651901e-04
22.549518, 6.479588e-05, -3.777217e-04, -3.777217e-04, 2.453769e-04
22.564857, 1.526653e-04, -5.184274e-04, -5.184274e-04, 2.279916e-04
22.580197, 2.293927e-04, -6.520096e-04, -6.520096e-04, 2.166832e-04
22.595537, 2.914244e-04, -7.702306e-04, -7.702306e-04, 2.165858e-04
22.610877, 3.355914e-04, -8.653657e-04, -8.653657e-04, 2.332938e-04
22.626217, 3.592185e-04, -9.308886e-04, -9.308886e-04, 2.716534e-04
22.641556, 3.601812e-04, -9.620949e-04, -9.620949e-04, 3.346553e-04
22.656896, 3.369648e-04, -9.565344e-04, -9.565344e-04, 4.226680e-04
22.672236, 2.887686e-04, -9.141573e-04, -9.141573e-04, 5.331728e-04
22.687576, 2.156788e-04, -8.371452e-04, -8.371452e-04, 6.610402e-04
22.702916, 1.189081e-04, -7.294837e-04, -7.294837e-04, 7.992751e-04
22.718255, 1.053753e-06, -5.963933e-04, -5.963933e-04, 9.400822e-04
22.733595, -1.337233e-04, -4.437670e-04, -4.437670e-04, 1.076059e-03
22.748935, -2.797012e-04, -2.777393e-04, -2.777393e-04, 1.201295e-03
22.764275, -4.298694e-04, -1.044500e-04, -1.044500e-04, 1.312164e-03
22.779615, -5.765129e-04, 7.001352e-05, 7.001352e-05, 1.407654e-03
22.794955, -7.120758e-04, 2.395885e-04, 2.395885e-04, 1.489141e-03
22.810294, -8.301630e-04, 3.982497e-04, 3.982497e-04, 1.559623e-03
22.825634, -9.264622e-04, 5.401812e-04, 5.401812e-04, 1.622521e-03
22.840974, -9.993551e-04, 6.601620e-04, 6.601620e-04, 1.680275e-03
22.856314, -1.050019e-03, 7.541333e-04, 7.541333e-04, 1.733042e-03
22.871654, -1.081926e-03, 8.198247e-04, 8.198247e-04, 1.777792e-03
22.886993, -1.099789e-03, 8.572598e-04, 8.572598e-04, 1.808059e-03
22.902333, -1.108188e-03, 8.689557e-04, 8.689557e-04, 1.814489e-03
22.917673, -1.110178e-03, 8.596880e-04, 8.596880e-04, 1.786157e-03
22.933013, -1.106229e-03, 8.357941e-04, 8.357941e-04, 1.712427e-03
22.948353, -1.093774e-03, 8.041096e-04, 8.041096e-04, 1.585040e-03
22.963692, -1.067499e-03, 7.707401e-04, 7.707401e-04, 1.399997e-03
22.979032, -1.020337e-03, 7.399274e-04, 7.399274e-04, 1.158870e-03
22.994372, -9.449536e-04, 7.132633e-04, 7.132633e-04, 8.692579e-04
23.009712, -8.353933e-04, 6.894357e-04, 6.894357e-04, 5.442797e-04
23.025052, -6.885720e-04, 6.645700e-04, 6.645700e-04, 2.012034e-04
23.040391, -5.052994e-04, 6.331000e-04, 6.331000e-04, -1.405628e-04
23.055731, -2.906556e-04, 5.889837e-04, 5.889837e-04, -4.617755e-04
23.071071, -5.367848e-05, 5.270124e-04, 5.270124e-04, -7.455837e-04
23.086411, 1.935577e-04, 4.439503e-04, 4.439503e-04, -9.793492e-04
23.101751, 4.373063e-04, 3.392891e-04, 3.392891e-04, -1.155827e-03
23.117090, 6.637287e-04, 2.154926e-04, 2.154926e-04, -1.273574e-03
23.132430, 8.604444e-04, 7.771589e-05, 7.771589e-05, -1.336569e-03
23.147770, 1.017832e-03, -6.691444e-05, -6.691444e-05, -1.353133e-03
23.163110, 1.129918e-03, -2.102972e-04, -2.102972e-04, -1.334330e-03
23.178450, 1.194741e-03, -3.444324e-04, -3.444324e-04, -1.292120e-03
23.193790, 1.214171e-03, -4.623881e-04, -4.623881e-04, -1.237532e-03
23.209129, 1.193244e-03, -5.590115e-04, -5.590115e-04, -1.179183e-03
23.224469, 1.139152e-03, -6.313087e-04, -6.313087e-04, -1.122400e-03
23.239809, 1.060078e-03, -6.784843e-04, -6.784843e-04, -1.069077e-03
23.255149, 9.640622e-04, -7.016985e-04, -7.016985e-04, -1.018284e-03
23.270489, 8.580784e-04, -7.036280e-04, -7.036280e-04, -9.674461e-04
23.285828, 7.474597e-04, -6.879319e-04, -6.879319e-04, -9.137898e-04
23.301168, 6.357037e-04, -6.587006e-04, -6.587006e-04, -8.556689e-04
23.316508, 5.246523e-04, -6.199454e-04, -6.199454e-04, -7.934084e-04
23.331848, 4.149836e-04, -5.751518e-04, -5.751518e-04, -7.294405e-04
23.347188, 3.069069e-04, -5.269172e-04, -5.269172e-04, -6.676956e-04
23.362527, 2.009220e-04, -4.766867e-04, -4.766867e-04, -6.124131e-04
23.377867, 9.850260e-05, -4.246232e-04, -4.246232e-04, -5.667197e-04
23.393207, 2.560132e-06, -3.696509e-04, -3.696509e-04, -5.313991e-04
23.408547, -8.243819e-05, -3.097091e-04, -3.097091e-04, -5.042320e-04
23.423887, -1.507803e-04, -2.422218e-04, -2.422218e-04, -4.801358e-04
23.439226, -1.962369e-04, -1.647395e-04, -1.647395e-04, -4.521343e-04
23.454566, -2.130932e-04, -7.565539e-05, -7.565539e-05, -4.129674e-04
23.469906, -1.972821e-04, 2.513924e-05, 2.513924e-05, -3.569655e-04
23.485246, -1.473505e-04, 1.358002e-04, 1.358002e-04, -2.817440e-04
23.500586, -6.499194e-05, 2.523819e-04, 2.523819e-04, -1.893110e-04
23.515925, 4.502913e-05, 3.690307e-04, 3.690307e-04, -8.630874e-05
23.531265, 1.755706e-04, 4.784814e-04, 4.784814e-04, 1.670254e-05
23.546605, 3.182674e-04, 5.727530e-04, 5.727530e-04, 1.067923e-04
23.561945, 4.648548e-04, 6.439156e-04, 6.439156e-04, 1.707325e-04
23.577285, 6.083035e-04, 6.848184e-04, 6.848184e-04, 1.971976e-04
23.592625, 7.434650e-04, 6.897145e-04, 6.897145e-04, 1.786881e-04
23.607964, 8.670848e-04, 6.547739e-04, 6.547739e-04, 1.128390e-04
23.623304, 9.772444e-04, 5.785094e-04, 5.785094e-04, 2.910624e-06
23.638644, 1.072463e-03, 4.621403e-04, 4.621403e-04, -1.425679e-04
23.653984, 1.150790e-03, 3.098774e-04, 3.098774e-04, -3.108862e-04
23.669324, 1.209218e-03, 1.290609e-04, 1.290609e-04, -4.867517e-04
23.684663, 1.243624e-03, -6.996171e-05, -6.996171e-05, -6.541233e-04
23.700003, 1.249264e-03, -2.743339e-04, -2.743339e-04, -7.979917e-04
23.715343, 1.221663e-03, -4.696289e-04, -4.696289e-04, -9.058700e-04
23.730683, 1.157636e-03, -6.412024e-04, -6.412024e-04, -9.688424e-04
23.746023, 1.056161e-03, -7.758132e-04, -7.758132e-04, -9.820965e-04
23.761362, 9.188347e-04, -8.632721e-04, -8.632721e-04, -9.449522e-04
23.776702, 7.498484e-04, -8.978237e-04, -8.978237e-04, -8.604750e-04
23.792042, 5.555046e-04, -8.789890e-04, -8.789890e-04, -7.348174e-04
23.807382, 3.434395e-04, -8.116747e-04, -8.116747e-04, -5.764301e-04
23.822722, 1.217529e-04, -7.054885e-04, -7.054885e-04, -3.952645e-04
23.838061, -1.017505e-04, -5.733482e-04, -5.733482e-04, -2.020482e-04
23.853401, -3.200658e-04, -4.296026e-04, -4.296026e-04, -7.652706e-06
23.868741, -5.271906e-04, -2.879757e-04, -2.879757e-04, 1.774855e-04
23.884081, -7.180543e-04, -1.596785e-04, -1.596785e-04, 3.439494e-04
23.899421, -8.882578e-04, -5.200448e-05, -5.200448e-05, 4.839588e-04
23.914760, -1.033742e-03, 3.235574e-05, 3.235574e-05, 5.920063e-04
23.930100, -1.150519e-03, 9.517503e-05, 9.517503e-05, 6.654357e-04
23.945440, -1.234583e-03, 1.417683e-04, 1.417683e-04, 7.048314e-04
23.960780, -1.282055e-03, 1.794806e-04, 1.794806e-04, 7.140718e-04
23.976120, -1.289612e-03, 2.158937e-04, 2.158937e-04, 6.999484e-04
23.991460, -1.255151e-03, 2.571200e-04, 2.571200e-04, 6.713401e-04
24.006799, -1.178587e-03, 3.065291e-04, 3.065291e-04, 6.380267e-04
24.022139, -1.062626e-03, 3.641561e-04, 3.641561e-04, 6.093116e-04
24.037479, -9.133127e-04, 4.268720e-04, 4.268720e-04, 5.926863e-04
24.052819, -7.401678e-04, 4.892142e-04, 4.892142e-04, 5.927643e-04
24.068159, -5.557959e-04, 5.446183e-04, 5.446183e-04, 6.106504e-04
24.083498, -3.749162e-04, 5.867131e-04, 5.867131e-04, 6.438345e-04
24.098838, -2.129226e-04, 6.103613e-04, 6.103613e-04, 6.866086e-04
24.114178, -8.417518e-05, 6.122401e-04, 6.122401e-04, 7.309273e-04
24.129518, -2.932144e-07, 5.909248e-04, 5.909248e-04, 7.675558e-04
24.144858, 3.126454e-05, 5.465968e-04, 5.465968e-04, 7.873323e-04
24.160197, 8.093164e-06, 4.806020e-04, 4.806020e-04, 7.823690e-04
24.175537, -6.691411e-05, 3.950893e-04, 3.950893e-04, 7.470246e-04
24.190877, -1.859625e-04, 2.928859e-04, 2.928859e-04, 6.785191e-04
24.206217, -3.372781e-04, 1.776255e-04, 1.776255e-04, 5.771276e-04
24.221557, -5.063683e-04, 5.401815e-05, 5.401815e-05, 4.459575e-04
24.236896, -6.774035e-04, -7.193028e-05, -7.193028e-05, 2.903751e-04
24.252236, -8.345398e-04, -1.929414e-04, -1.929414e-04, 1.172040e-04
24.267576, -9.630802e-04, -3.008467e-04, -3.008467e-04, -6.614025e-05
24.282916, -1.050440e-03, -3.873279e-04, -3.873279e-04, -2.524220e-04
24.298256, -1.086929e-03, -4.448948e-04, -4.448948e-04, -4.351485e-04
24.313595, -1.066383e-03, -4.679107e-04, -4.679107e-04, -6.088622e-04
24.328935, -9.866611e-04, -4.534595e-04, -4.534595e-04, -7.691573e-04
24.344275, -8.499789e-04, -4.018905e-04, -4.018905e-04, -9.124797e-04
24.359615, -6.630038e-04, -3.169572e-04, -3.169572e-04, -1.035809e-03
24.374955, -4.366187e-04, -2.055389e-04, -2.055389e-04, -1.136325e-03
24.390295, -1.852971e-04, -7.699684e-05, -7.699684e-05, -1.211140e-03
24.405634, 7.393658e-05, 5.775090e-05, 5.775090e-05, -1.257171e-03
24.420974, 3.229095e-04, 1.873362e-04, 1.873362e-04, -1.271186e-03
24.436314, 5.439343e-04, 3.011206e-04, 3.011206e-04, -1.250027e-03
24.451654, 7.214924e-04, 3.903261e-04, 3.903261e-04, -1.190984e-03
24.466994, 8.437692e-04, 4.489790e-04, 4.489790e-04, -1.092287e-03
24.482333, 9.038519e-04, 4.745237e-04, 4.745237e-04, -9.536631e-04
24.497673, 9.004309e-04, 4.679846e-04, 4.679846e-04, -7.768731e-04
24.513013, 8.379066e-04, 4.336091e-04, 4.336091e-04, -5.661362e-04
24.528353, 7.258792e-04, 3.780186e-04, 3.780186e-04, -3.283553e-04
24.543693, 5.780640e-04, 3.090004e-04, 3.090004e-04, -7.303953e-05
24.559032, 4.107419e-04, 2.341649e-04, 2.341649e-04, 1.881496e-04
24.574372, 2.409236e-04, 1.597355e-04, 1.597355e-04, 4.422483e-04
24.589712, 8.445965e-05, 8.971843e-05, 8.971843e-05, 6.761772e-04
24.605052, -4.566657e-05, 2.561242e-05, 2.561242e-05, 8.781265e-04
24.620392, -1.406373e-04, -3.331542e-05, -3.331542e-05, 1.038933e-03
24.635731, -1.965125e-04, -8.929511e-05, -8.929511e-05, 1.153189e-03
24.651071, -2.142597e-04, -1.450743e-04, -1.450743e-04, 1.219850e-03
24.666411, -1.991195e-04, -2.029478e-04, -2.029478e-04, 1.242190e-03
24.681751, -1.594239e-04, -2.640218e-04, -2.640218e-04, 1.227092e-03
24.697091, -1.050589e-04, -3.278550e-04, -3.278550e-04, 1.183796e-03
24.712430, -4.582311e-05, -3.925063e-04, -3.925063e-04, 1.122350e-03
24.727770, 1.005271e-05, -4.549199e-04, -4.549199e-04, 1.052079e-03
24.743110, 5.699999e-05, -5.115108e-04, -5.115108e-04, 9.803707e-04
24.758450, 9.266902e-05, -5.587944e-04, -5.587944e-04, 9.119537e-04
24.773790, 1.178865e-04, -5.939293e-04, -5.939293e-04, 8.487533e-04
24.789130, 1.360522e-04, -6.150851e-04, -6.150851e-04, 7.902605e-04
24.804469, 1.521212e-04, -6.216061e-04, -6.216061e-04, 7.342612e-04
24.819809, 1.713897e-04, -6.139777e-04, -6.139777e-04, 6.777349e-04
24.835149, 1.983288e-04, -5.936332e-04, -5.936332e-04, 6.177529e-04
24.850489, 2.356926e-04, -5.626510e-04, -5.626510e-04, 5.522554e-04
24.865829, 2.840702e-04, -5.233909e-04, -5.233909e-04, 4.806228e-04
24.881168, 3.419448e-04, -4.781255e-04, -4.781255e-04, 4.040004e-04
24.896508, 4.061945e-04, -4.287163e-04, -4.287163e-04, 3.253620e-04
24.911848, 4.728670e-04, -3.763806e-04, -3.763806e-04, 2.493100e-04
24.927188, 5.380052e-04, -3.215837e-04, -3.215837e-04, 1.816191e-04
24.942528, 5.982960e-04, -2.640708e-04, -2.640708e-04, 1.285659e-04
24.957867, 6.513711e-04, -2.030285e-04, -2.030285e-04, 9.612833e-05
24.973207, 6.957165e-04, -1.373473e-04, -1.373473e-04, 8.915782e-05
24.988547, 7.302748e-04, -6.593669e-05, -6.593669e-05, 1.106319e-04
25.003887, 7.539193e-04, 1.195188e-05, 1.195188e-05, 1.610825e-04
25.019227, 7.650169e-04, 9.643701e-05, 9.643701e-05, 2.382591e-04
25.034566, 7.612709e-04, 1.867850e-04, 1.867850e-04, 3.370328e-04
25.049906, 7.399366e-04, 2.812755e-04, 2.812755e-04, 4.495188e-04
25.065246, 6.983669e-04, 3.771770e-04, 3.771770e-04, 5.654027e-04
25.080586, 6.347318e-04, 4.708526e-04, 4.708526e-04, 6.724683e-04
25.095926, 5.487032e-04, 5.580198e-04, 5.580198e-04, 7.573424e-04
25.111265, 4.418989e-04, 6.341700e-04, 6.341700e-04, 8.064818e-04
25.126605, 3.179478e-04, 6.951295e-04, 6.951295e-04, 8.074047e-04
25.141945, 1.821516e-04, 7.377004e-04, 7.377004e-04, 7.501061e-04
25.157285, 4.083818e-05, 7.602755e-04, 7.602755e-04, 6.285029e-04
25.172625, -9.943639e-05, 7.632938e-04, 7.632938e-04, 4.416925e-04
25.187965, -2.326578e-04, 7.494040e-04, 7.494040e-04, 1.947780e-04
25.203304, -3.539423e-04, 7.232420e-04, 7.232420e-04, -1.009732e-04
25.218644, -4.598525e-04, 6.908076e-04, 6.908076e-04, -4.287842e-04
25.233984, -5.484335e-04, 6.585182e-04, 6.585182e-04, -7.678376e-04
25.249324, -6.190237e-04, 6.321027e-04, 6.321027e-04, -1.095412e-03
25.264664, -6.719238e-04, 6.155572e-04, 6.155572e-04, -1.389408e-03
25.280003, -7.080186e-04, 6.103813e-04, 6.103813e-04, -1.630891e-03
25.295343, -7.284417e-04, 6.152639e-04, 6.152639e-04, -1.806259e-03
25.310683, -7.343488e-04, 6.262868e-04, 6.262868e-04, -1.908681e-03
25.326023, -7.268210e-04, 6.376028e-04, 6.376028e-04, -1.938595e-03
25.341363, -7.069048e-04, 6.424414e-04, 6.424414e-04, -1.903180e-03
25.356702, -6.757626e-04, 6.342299e-04, 6.342299e-04, -1.814895e-03
25.372042, -6.348828e-04, 6.076089e-04, 6.076089e-04, -1.689359e-03
25.387382, -5.862727e-04, 5.591576e-04, 5.591576e-04, -1.542908e-03
25.402722, -5.325651e-04, 4.877276e-04, 4.877276e-04, -1.390262e-03
25.418062, -4.769835e-04, 3.943715e-04, 3.943715e-04, -1.242660e-03
25.433401, -4.231365e-04, 2.819409e-04, 2.819409e-04, -1.106752e-03
25.448741, -3.746552e-04, 1.544850e-04, 1.544850e-04, -9.843720e-04
25.464081, -3.347405e-04, 1.660193e-05, 1.660193e-05, -8.731828e-04
25.479421, -3.057195e-04, -1.271187e-04, -1.271187e-04, -7.679870e-04
25.494761, -2.887054e-04, -2.724655e-04, -2.724655e-04, -6.624376e-04
25.510101, -2.834384e-04, -4.157473e-04, -4.157473e-04, -5.508067e-04
25.525440, -2.883413e-04, -5.537262e-04, -5.537262e-04, -4.294836e-04
25.540780, -3.007625e-04, -6.834077e-04, -6.834077e-04, -2.979395e-04
25.556120, -3.173183e-04, -8.017852e-04, -8.017852e-04, -1.590135e-04
25.571460, -3.342352e-04, -9.056445e-04, -9.056445e-04, -1.848965e-05
25.586800, -3.476087e-04, -9.915180e-04, -9.915180e-04, 1.159407e-04
25.602139, -3.535365e-04, -1.055843e-03, -1.055843e-03, 2.361182e-04
25.617479, -3.481443e-04, -1.095326e-03, -1.095326e-03, 3.349718e-04
25.632819, -3.275915e-04, -1.107458e-03, -1.107458e-03, 4.078883e-04
25.648159, -2.881676e-04, -1.091082e-03, -1.091082e-03, 4.536237e-04
25.663499, -2.265656e-04, -1.046878e-03, -1.046878e-03, 4.745615e-04
25.678838, -1.403570e-04, -9.776433e-04, -9.776433e-04, 4.762494e-04
25.694178, -2.861929e-05, -8.882767e-04, -8.882767e-04, 4.662995e-04
25.709518, 1.074232e-04, -7.854265e-04, -7.854265e-04, 4.528643e-04
25.724858, 2.639343e-04, -6.768556e-04, -6.768556e-04, 4.429870e-04
25.740198, 4.343591e-04, -5.706174e-04, -5.706174e-04, 4.411577e-04
25.755537, 6.097845e-04, -4.741893e-04, -4.741893e-04, 4.483691e-04
25.770877, 7.797781e-04, -3.937043e-04, -3.937043e-04, 4.618489e-04
25.786217, 9.336007e-04, -3.333907e-04, -3.333907e-04, 4.755005e-04
25.801557, 1.061576e-03, -2.952720e-04, -2.952720e-04, 4.809400e-04
25.816897, 1.156341e-03, -2.791205e-04, -2.791205e-04, 4.689100e-04
25.832236, 1.213737e-03, -2.826106e-04, -2.826106e-04, 4.307907e-04
25.847576, 1.233142e-03, -3.016008e-04, -3.016008e-04, 3.599459e-04
25.862916, 1.217190e-03, -3.304858e-04, -3.304858e-04, 2.527297e-04
25.878256, 1.170945e-03, -3.625900e-04, -3.625900e-04, 1.090812e-04
25.893596, 1.100715e-03, -3.906052e-04, -3.906052e-04, -6.727312e-05
25.908936, 1.012774e-03, -4.070992e-04, -4.070992e-04, -2.689316e-04
25.924275, 9.122692e-04, -4.051107e-04, -4.051107e-04, -4.851534e-04
25.939615, 8.025352e-04, -3.788185e-04, -3.788185e-04, -7.023807e-04
25.954955, 6.849411e-04, -3.242287e-04, -3.242287e-04, -9.049781e-04
25.970295, 5.592785e-04, -2.397818e-04, -2.397818e-04, -1.076257e-03
25.985635, 4.245526e-04, -1.267615e-04, -1.267615e-04, -1.199839e-03
26.000974, 2.799669e-04, 1.060179e-05, 1.060179e-05, -1.261347e-03
26.016314, 1.258537e-04, 1.653956e-04, 1.653956e-04, -1.250285e-03
26.031654, -3.568297e-05, 3.286592e-04, 3.286592e-04, -1.161839e-03
26.046994, -2.005653e-04, 4.903147e-04, 4.903147e-04, -9.982134e-04
26.062334, -3.630183e-04, 6.402674e-04, 6.402674e-04, -7.691616e-04
26.077673, -5.162470e-04, 7.695147e-04, 7.695147e-04, -4.914406e-04
26.093013, -6.533590e-04, 8.711028e-04, 8.711028e-04, -1.871338e-04
26.108353, -7.683232e-04, 9.407999e-04, 9.407999e-04, 1.189755e-04
26.123693, -8.567647e-04, 9.774072e-04, 9.774072e-04, 4.025657e-04
26.139033, -9.164492e-04, 9.826870e-04, 9.826870e-04, 6.429266e-04
26.154372, -9.474040e-04, 9.609458e-04, 9.609458e-04, 8.255473e-04
26.169712, -9.516970e-04, 9.183556e-04, 9.183556e-04, 9.436952e-04
26.185052, -9.329585e-04, 8.621212e-04, 8.621212e-04, 9.987514e-04
26.200392, -8.957703e-04, 7.996079e-04, 7.996079e-04, 9.993197e-04
26.215732, -8.450485e-04, 7.375334e-04, 7.375334e-04, 9.593571e-04
26.231071, -7.855062e-04, 6.813027e-04, 6.813027e-04, 8.957197e-04
26.246411, -7.212411e-04, 6.345369e-04, 6.345369e-04, 8.255692e-04
26.261751, -6.554615e-04, 5.988208e-04, 5.988208e-04, 7.640572e-04
26.277091, -5.903377e-04, 5.736694e-04, 5.736694e-04, 7.225952e-04
26.292431, -5.269496e-04, 5.567011e-04, 5.567011e-04, 7.078683e-04
26.307771, -4.653159e-04, 5.439930e-04, 5.439930e-04, 7.216182e-04
26.323110, -4.045092e-04, 5.305880e-04, 5.305880e-04, 7.611143e-04
26.338450, -3.428690e-04, 5.111107e-04, 5.111107e-04, 8.201544e-04
26.353790, -2.783134e-04, 4.804393e-04, 4.804393e-04, 8.903897e-04
26.369130, -2.087429e-04, 4.343726e-04, 4.343726e-04, 9.627650e-04
26.384470, -1.325053e-04, 3.702195e-04, 3.702195e-04, 1.028882e-03
26.399809, -4.885736e-05, 2.872467e-04, 2.872467e-04, 1.082111e-03
26.415149, 4.166216e-05, 1.869266e-04, 1.869266e-04, 1.118326e-03
26.430489, 1.370256e-04, 7.295003e-05, 7.295003e-05, 1.136182e-03
26.445829, 2.337310e-04, -4.901163e-05, -4.901163e-05, 1.136956e-03
26.461169, 3.270647e-04, -1.717848e-04, -1.717848e-04, 1.123999e-03
26.476508, 4.115902e-04, -2.873816e-04, -2.873816e-04, 1.101922e-03
26.491848, 4.817866e-04, -3.878434e-04, -3.878434e-04, 1.075689e-03
26.507188, 5.327340e-04, -4.661632e-04, -4.661632e-04, 1.049772e-03
26.522528, 5.607335e-04, -5.171828e-04, -5.171828e-04, 1.027505e-03
26.537868, 5.637627e-04, -5.383382e-04, -5.383382e-04, 1.010718e-03
26.553207, 5.416911e-04, -5.301192e-04, -5.301192e-04, 9.996750e-04
26.568547, 4.962368e-04, -4.961219e-04, -4.961219e-04, 9.932669e-04
26.583887, 4.307001e-04, -4.426249e-04, -4.426249e-04, 9.893743e-04
26.599227, 3.495440e-04, -3.777036e-04, -3.777036e-04, 9.852872e-04
26.614567, 2.579065e-04, -3.099944e-04, -3.099944e-04, 9.780926e-04
26.629906, 1.611380e-04, -2.473226e-04, -2.473226e-04, 9.649616e-04
26.645246, 6.443087e-05, -1.954621e-04, -1.954621e-04, 9.433087e-04
26.660586, -2.743571e-05, -1.572968e-04, -1.572968e-04, 9.108502e-04
26.675926, -1.102458e-04, -1.325814e-04, -1.325814e-04, 8.656151e-04
26.691266, -1.804206e-04, -1.183722e-04, -1.183722e-04, 8.059614e-04
26.706606, -2.350538e-04, -1.100362e-04, -1.100362e-04, 7.306344e-04
26.721945, -2.719455e-04, -1.026080e-04, -1.026080e-04, 6.388828e-04
26.737285, -2.896515e-04, -9.217195e-05, -9.217195e-05, 5.306013e-04
26.752625, -2.875396e-04, -7.694014e-05, -7.694014e-05, 4.064405e-04
26.767965, -2.658445e-04, -5.777251e-05, -5.777251e-05, 2.678287e-04
26.783305, -2.257170e-04, -3.802816e-05, -3.802816e-05, 1.168765e-04
26.798644, -1.692594e-04, -2.280093e-05, -2.280093e-05, -4.382811e-05
26.813984, -9.954055e-05, -1.773985e-05, -1.773985e-05, -2.114908e-04
26.829324, -2.058833e-05, -2.774286e-05, -2.774286e-05, -3.833694e-04
26.844664, 6.265566e-05, -5.582319e-05, -5.582319e-05, -5.569461e-04
26.860004, 1.444542e-04, -1.023837e-04, -1.023837e-04, -7.299811e-04
26.875343, 2.185077e-04, -1.650187e-04, -1.650187e-04, -9.004647e-04
26.890683, 2.783277e-04, -2.388331e-04, -2.388331e-04, -1.066522e-03
26.906023, 3.177563e-04, -3.171555e-04, -3.171555e-04, -1.226340e-03
26.921363, 3.316055e-04, -3.924617e-04, -3.924617e-04, -1.378195e-03
26.936703, 3.163469e-04, -4.573123e-04, -4.573123e-04, -1.520577e-03
26.952042, 2.707473e-04, -5.051526e-04, -5.051526e-04, -1.652383e-03
26.967382, 1.963374e-04, -5.308862e-04, -5.308862e-04, -1.773095e-03
26.982722, 9.761210e-05, -5.312064e-04, -5.312064e-04, -1.882854e-03
26.998062, -1.811913e-05, -5.047191e-04, -5.047191e-04, -1.982385e-03
27.013402, -1.412790e-04, -4.519152e-04, -4.519152e-04, -2.072742e-03
27.028741, -2.609532e-04, -3.750449e-04, -3.750449e-04, -2.154951e-03
27.044081, -3.661311e-04, -2.779286e-04, -2.779286e-04, -2.229613e-03
27.059421, -4.471267e-04, -1.657155e-04, -1.657155e-04, -2.296571e-03
27.074761, -4.969863e-04, -4.458606e-05, -4.458606e-05, -2.354700e-03
27.090101, -5.126407e-04, 7.860431e-05, 7.860431e-05, -2.401844e-03
27.105441, -4.955574e-04, 1.967341e-04, 1.967341e-04, -2.434928e-03
27.120780, -4.517097e-04, 3.028567e-04, 3.028567e-04, -2.450193e-03
27.136120, -3.907837e-04, 3.906426e-04, 3.906426e-04, -2.443558e-03
27.151460, -3.246966e-04, 4.547871e-04, 4.547871e-04, -2.411060e-03
27.166800, -2.656681e-04, 4.913533e-04, 4.913533e-04, -2.349362e-03
27.182140, -2.242170e-04, 4.980256e-04, 4.980256e-04, -2.256239e-03
27.197479, -2.074887e-04, 4.742604e-04, 4.742604e-04, -2.130986e-03
27.212819, -2.182518e-04, 4.213232e-04, 4.213232e-04, -1.974654e-03
27.228159, -2.547477e-04, 3.422102e-04, 3.422102e-04, -1.790048e-03
27.243499, -3.113644e-04, 2.414557e-04, 2.414557e-04, -1.581452e-03
27.258839, -3.798923e-04, 1.248376e-04, 1.248376e-04, -1.354148e-03
27.274178, -4.509918e-04, -9.982163e-07, -9.982163e-07, -1.113807e-03
27.289518, -5.154947e-04, -1.289630e-04, -1.289630e-04, -8.659167e-04
27.304858, -5.652573e-04, -2.519602e-04, -2.519602e-04, -6.153540e-04
27.320198, -5.934588e-04, -3.632951e-04, -3.632951e-04, -3.661924e-04
27.335538, -5.944355e-04, -4.570307e-04, -4.570307e-04, -1.217626e-04
27.350877, -5.633004e-04, -5.282764e-04, -5.282764e-04, 1.151053e-04
27.366217, -4.956429e-04, -5.734100e-04, -5.734100e-04, 3.417599e-04
27.381557, -3.875484e-04, -5.902433e-04, -5.902433e-04, 5.554372e-04
27.396897, -2.360515e-04, -5.781393e-04, -5.781393e-04, 7.530965e-04
27.412237, -3.997266e-05, -5.380841e-04, -5.380841e-04, 9.314391e-04
27.427576, 1.990649e-04, -4.727009e-04, -4.727009e-04, 1.087115e-03
27.442916, 4.757238e-04, -3.861854e-04, -3.861854e-04, 1.217083e-03
27.458256, 7.804255e-04, -2.841335e-04, -2.841335e-04, 1.319065e-03
27.473596, 1.099412e-03, -1.732408e-04, -1.732408e-04, 1.392030e-03
27.488936, 1.415489e-03, -6.086877e-05, -6.086877e-05, 1.436609e-03
27.504276, 1.709397e-03, 4.550672e-05, 4.550672e-05, 1.455353e-03
27.519615, 1.961639e-03, 1.389155e-04, 1.389155e-04, 1.452751e-03
27.534955, 2.154505e-03, 2.135140e-04, 2.135140e-04, 1.434966e-03
27.550295, 2.274013e-03, 2.651226e-04, 2.651226e-04, 1.409264e-03
27.565635, 2.311476e-03, 2.915957e-04, 2.915957e-04, 1.383191e-03
27.580975, 2.264473e-03, 2.929661e-04, 2.929661e-04, 1.363632e-03
27.596314, 2.137083e-03, 2.713386e-04, 2.713386e-04, 1.355890e-03
27.611654, 1.939348e-03, 2.305635e-04, 2.305635e-04, 1.362970e-03
27.626994, 1.686049e-03, 1.757602e-04, 1.757602e-04, 1.385197e-03
27.642334, 1.394964e-03, 1.127954e-04, 1.127954e-04, 1.420271e-03
27.657674, 1.084883e-03, 4.781642e-05, 4.781642e-05, 1.463733e-03
27.673013, 7.736550e-04, -1.309078e-05, -1.309078e-05, 1.509776e-03
27.688353, 4.765487e-04, -6.410747e-05, -6.410747e-05, 1.552250e-03
27.703693, 2.051207e-04, -9.979912e-05, -9.979912e-05, 1.585697e-03
27.719033, -3.328476e-05, -1.152352e-04, -1.152352e-04, 1.606211e-03
27.734373, -2.354053e-04, -1.062085e-04, -1.062085e-04, 1.611979e-03
27.749712, -4.014078e-04, -6.961169e-05, -6.961169e-05, 1.603403e-03
27.765052, -5.338950e-04, -3.959938e-06, -3.959938e-06, 1.582774e-03
27.780392, -6.367908e-04, 9.003521e-05, 9.003521e-05, 1.553573e-03
27.795732, -7.143331e-04, 2.089955e-04, 2.089955e-04, 1.519519e-03
27.811072, -7.703615e-04, 3.466825e-04, 3.466825e-04, 1.483612e-03
27.826411, -8.080112e-04, 4.942176e-04, 4.942176e-04, 1.447359e-03
27.841751, -8.298206e-04, 6.407699e-04, 6.407699e-04, 1.410390e-03
27.857091, -8.381701e-04, 7.746582e-04, 7.746582e-04, 1.370554e-03
27.872431, -8.358826e-04, 8.847123e-04, 8.847123e-04, 1.324466e-03
27.887771, -8.267567e-04, 9.616722e-04, 9.616722e-04, 1.268391e-03
27.903111, -8.158124e-04, 9.993833e-04, 9.993833e-04, 1.199218e-03
27.918450, -8.091001e-04, 9.955852e-04, 9.955852e-04, 1.115304e-03
27.933790, -8.130297e-04, 9.521622e-04, 9.521622e-04, 1.016993e-03
27.949130, -8.333136e-04, 8.748237e-04, 8.748237e-04, 9.066996e-04
27.964470, -8.737418e-04, 7.722750e-04, 7.722750e-04, 7.885628e-04
27.979810, -9.350943e-04, 6.550193e-04, 6.550193e-04, 6.677712e-04
27.995149, -1.014482e-03, 5.339772e-04, 5.339772e-04, 5.497273e-04
28.010489, -1.105329e-03, 4.191259e-04, 4.191259e-04, 4.392232e-04
28.025829, -1.198068e-03, 3.183480e-04, 3.183480e-04, 3.397902e-04
28.041169, -1.281454e-03, 2.366378e-04, 2.366378e-04, 2.533344e-04
28.056509, -1.344249e-03, 1.757566e-04, 1.757566e-04, 1.800953e-04
28.071848, -1.376951e-03, 1.343607e-04, 1.343607e-04, 1.188965e-04
28.087188, -1.373227e-03, 1.085582e-04, 1.085582e-04, 6.760103e-05
28.102528, -1.330799e-03, 9.278910e-05, 9.278910e-05, 2.364271e-05
28.117868, -1.251653e-03, 8.088119e-05, 8.088119e-05, -1.551576e-05
28.133208, -1.141553e-03, 6.711076e-05, 6.711076e-05, -5.211694e-05
28.148547, -1.009031e-03, 4.710348e-05, 4.710348e-05, -8.808791e-05
28.163887, -8.640394e-04, 1.843693e-05, 1.843693e-05, -1.252421e-04
28.179227, -7.165220e-04, -1.914418e-05, -1.914418e-05, -1.656079e-04
28.194567, -5.751146e-04, -6.392609e-05, -6.392609e-05, -2.117320e-04
28.209907, -4.461599e-04, -1.127928e-04, -1.127928e-04, -2.668033e-04
28.225246, -3.331338e-04, -1.620488e-04, -1.620488e-04, -3.344975e-04
28.240586, -2.365161e-04, -2.083300e-04, -2.083300e-04, -4.185368e-04
28.255926, -1.540793e-04, -2.494060e-04, -2.494060e-04, -5.220410e-04
28.271266, -8.152343e-05, -2.846899e-04, -2.846899e-04, -6.468210e-04
28.286606, -1.334255e-05, -3.153218e-04, -3.153218e-04, -7.927969e-04
28.301946, 5.620505e-05, -3.437886e-04, -3.437886e-04, -9.576902e-04
28.317285, 1.321417e-04, -3.731582e-04, -3.731582e-04, -1.137067e-03
28.332625, 2.179377e-04, -4.061081e-04, -4.061081e-04, -1.324725e-03
28.347965, 3.148887e-04, -4.440028e-04, -4.440028e-04, -1.513343e-03
28.363305, 4.217604e-04, -4.862720e-04, -4.862720e-04, -1.695267e-03
28.378645, 5.347256e-04, -5.302785e-04, -5.302785e-04, -1.863285e-03
28.393984, 6.476065e-04, -5.717378e-04, -5.717378e-04, -2.011264e-03
28.409324, 7.524204e-04, -6.056061e-04, -6.056061e-04, -2.134588e-03
28.424664, 8.401946e-04, -6.272269e-04, -6.272269e-04, -2.230351e-03
28.440004, 9.019841e-04, -6.334515e-04, -6.334515e-04, -2.297317e-03
28.455344, 9.299929e-04, -6.234611e-04, -6.234611e-04, -2.335703e-03
28.470683, 9.186621e-04, -5.990879e-04, -5.990879e-04, -2.346836e-03
28.486023, 8.655580e-04, -5.645659e-04, -5.645659e-04, -2.332763e-03
28.501363, 7.719064e-04, -5.257725e-04, -5.257725e-04, -2.295854e-03
28.516703, 6.426703e-04, -4.891389e-04, -4.891389e-04, -2.238468e-03
28.532043, 4.861487e-04, -4.604668e-04, -4.604668e-04, -2.162721e-03
28.547382, 3.131574e-04, -4.438958e-04, -4.438958e-04, -2.070351e-03
28.562722, 1.359410e-04, -4.412195e-04, -4.412195e-04, -1.962726e-03
28.578062, -3.299037e-05, -4.516676e-04, -4.516676e-04, -1.840957e-03
28.593402, -1.819217e-04, -4.721745e-04, -4.721745e-04, -1.706102e-03
28.608742, -3.007747e-04, -4.980601e-04, -4.980601e-04, -1.559412e-03
28.624082, -3.816908e-04, -5.239742e-04, -5.239742e-04, -1.402527e-03
28.639421, -4.193915e-04, -5.449039e-04, -5.449039e-04, -1.237577e-03
28.654761, -4.113988e-04, -5.570361e-04, -5.570361e-04, -1.067102e-03
28.670101, -3.581889e-04, -5.582947e-04, -5.582947e-04, -8.937848e-04
28.685441, -2.632933e-04, -5.484462e-04, -5.484462e-04, -7.200323e-04
28.700781, -1.332873e-04, -5.287621e-04, -5.287621e-04, -5.475224e-04
28.716120, 2.243671e-05, -5.013363e-04, -5.013363e-04, -3.768564e-04
28.731460, 1.922236e-04, -4.682387e-04, -4.682387e-04, -2.074638e-04
28.746800, 3.630998e-04, -4.307320e-04, -4.307320e-04, -3.786020e-05
28.762140, 5.220615e-04, -3.887615e-04, -3.887615e-04, 1.337482e-04
28.777480, 6.575373e-04, -3.408544e-04, -3.408544e-04, 3.086344e-04
28.792819, 7.607764e-04, -2.844575e-04, -2.844575e-04, 4.867029e-04
28.808159, 8.268928e-04, -2.166240e-04, -2.166240e-04, 6.658628e-04
28.823499, 8.553454e-04, -1.348702e-04, -1.348702e-04, 8.418277e-04
28.838839, 8.497502e-04, -3.798676e-05, -3.798676e-05, 1.008450e-03
28.854179, 8.170764e-04, 7.339078e-05, 7.339078e-05, 1.158543e-03
28.869518, 7.664099e-04, 1.965792e-04, 1.965792e-04, 1.285029e-03
28.884858, 7.075351e-04, 3.270424e-04, 3.270424e-04, 1.382154e-03
28.900198, 6.495972e-04, 4.589242e-04, 4.589242e-04, 1.446519e-03
28.915538, 6.000575e-04, 5.857956e-04, 5.857956e-04, 1.477714e-03
28.930878, 5.640529e-04, 7.014647e-04, 7.014647e-04, 1.478446e-03
28.946217, 5.441689e-04, 8.007088e-04, 8.007088e-04, 1.454174e-03
28.961557, 5.405565e-04, 8.798194e-04, 8.798194e-04, 1.412354e-03
28.976897, 5.512931e-04, 9.368950e-04, 9.368950e-04, 1.361442e-03
28.992237, 5.728737e-04, 9.718604e-04, 9.718604e-04, 1.309824e-03
29.007577, 6.007433e-04, 9.862222e-04, 9.862222e-04, 1.264823e-03
29.022917, 6.298161e-04, 9.826069e-04, 9.826069e-04, 1.231886e-03
29.038256, 6.549618e-04, 9.641478e-04, 9.641478e-04, 1.214021e-03
29.053596, 6.714449e-04, 9.338184e-04, 9.338184e-04, 1.211528e-03
29.068936, 6.753076e-04, 8.938231e-04, 8.938231e-04, 1.222036e-03
29.084276, 6.636850e-04, 8.451627e-04, 8.451627e-04, 1.240844e-03
29.099616, 6.350338e-04, 7.874732e-04, 7.874732e-04, 1.261541e-03
29.114955, 5.892406e-04, 7.191914e-04, 7.191914e-04, 1.276854e-03
29.130295, 5.275815e-04, 6.380401e-04, 6.380401e-04, 1.279638e-03
29.145635, 4.525244e-04, 5.417508e-04, 5.417508e-04, 1.263893e-03
29.160975, 3.673813e-04, 4.288867e-04, 4.288867e-04, 1.225670e-03
29.176315, 2.758396e-04, 2.995940e-04, 2.995940e-04, 1.163714e-03
29.191654, 1.814371e-04, 1.561209e-04, 1.561209e-04, 1.079745e-03
29.206994, 8.707153e-05, 2.985428e-06, 2.985428e-06, 9.782939e-04
29.222334, -5.366350e-06, -1.532526e-04, -1.532526e-04, 8.660993e-04
29.237674, -9.515765e-05, -3.045849e-04, -3.045849e-04, 7.511669e-04
29.253014, -1.826722e-04, -4.424129e-04, -4.424129e-04, 6.416279e-04
29.268353, -2.690391e-04, -5.585330e-04, -5.585330e-04, 5.445910e-04
29.283693, -3.556391e-04, -6.460959e-04, -6.460959e-04, 4.651767e-04
29.299033, -4.435308e-04, -7.004085e-04, -7.004085e-04, 4.058817e-04
29.314373, -5.329372e-04, -7.194778e-04, -7.194778e-04, 3.663457e-04
29.329713, -6.229129e-04, -7.042419e-04, -7.042419e-04, 3.435160e-04
29.345052, -7.112760e-04, -6.584724e-04, -6.584724e-04, 3.321521e-04
29.360392, -7.948231e-04, -5.883707e-04, -5.883707e-04, 3.255656e-04
29.375732, -8.697805e-04, -5.019085e-04, -5.019085e-04, 3.164829e-04
29.391072, -9.324004e-04, -4.079891e-04, -4.079891e-04, 2.979339e-04
29.406412, -9.795926e-04, -3.155186e-04, -3.155186e-04, 2.640967e-04
29.421752, -1.009482e-03, -2.324899e-04, -2.324899e-04, 2.110338e-04
29.437091, -1.021804e-03, -1.651780e-04, -1.651780e-04, 1.372522e-04
29.452431, -1.018086e-03, -1.175347e-04, -1.175347e-04, 4.401834e-05
29.467771, -1.001607e-03, -9.084550e-05, -9.084550e-05, -6.464234e-05
29.483111, -9.771268e-04, -8.368408e-05, -8.368408e-05, -1.823230e-04
29.498451, -9.504061e-04, -9.216163e-05, -9.216163e-05, -3.010008e-04
29.513790, -9.275630e-04, -1.104401e-04, -1.104401e-04, -4.121181e-04
29.529130, -9.143130e-04, -1.314489e-04, -1.314489e-04, -5.078283e-04
29.544470, -9.151732e-04, -1.477265e-04, -1.477265e-04, -5.821934e-04
29.559810, -9.327296e-04, -1.522927e-04, -1.522927e-04, -6.321004e-04
29.575150, -9.670901e-04, -1.394542e-04, -1.394542e-04, -6.576965e-04
29.590489, -1.015635e-03, -1.054482e-04, -1.054482e-04, -6.622473e-04
29.605829, -1.073138e-03, -4.884512e-05, -4.884512e-05, -6.514564e-04
29.621169, -1.132286e-03, 2.934237e-05, 2.934237e-05, -6.324009e-04
29.636509, -1.184549e-03, 1.258533e-04, 1.258533e-04, -6.123153e-04
29.651849, -1.221270e-03, 2.356393e-04, 2.356393e-04, -5.974839e-04
29.667188, -1.234805e-03, 3.525117e-04, 3.525117e-04, -5.924422e-04
29.682528, -1.219510e-03, 4.698595e-04, 4.698595e-04, -5.995871e-04
29.697868, -1.172414e-03, 5.813183e-04, 5.813183e-04, -6.191792e-04
29.713208, -1.093454e-03, 6.812841e-04, 6.812841e-04, -6.496432e-04
29.728548, -9.852493e-04, 7.652098e-04, 7.652098e-04, -6.880286e-04
29.743887, -8.524721e-04, 8.296779e-04, 8.296779e-04, -7.305021e-04
29.759227, -7.009723e-04, 8.722946e-04, 8.722946e-04, -7.727967e-04
29.774567, -5.368259e-04, 8.914917e-04, 8.914917e-04, -8.106097e-04
29.789907, -3.655094e-04, 8.863340e-04, 8.863340e-04, -8.399719e-04
29.805247, -1.913600e-04, 8.564160e-04, 8.564160e-04, -8.576120e-04
29.820587, -1.740652e-05, 8.018918e-04, 8.018918e-04, -8.613175e-04
29.835926, 1.544383e-04, 7.236335e-04, 7.236335e-04, -8.502482e-04
29.851266, 3.229113e-04, 6.234642e-04, 6.234642e-04, -8.251167e-04
29.866606, 4.868109e-04, 5.043804e-04, 5.043804e-04, -7.881437e-04
29.881946, 6.444710e-04, 3.706669e-04, 3.706669e-04, -7.427339e-04
29.897286, 7.934584e-04, 2.278264e-04, 2.278264e-04, -6.928838e-04
29.912625, 9.305830e-04, 8.228451e-05, 8.228451e-05, -6.423995e-04
29.927965, 1.052228e-03, -5.911667e-05, -5.911667e-05, -5.940709e-04
29.943305, 1.154918e-03, -1.897731e-04, -1.897731e-04, -5.489858e-04
29.958645, 1.235981e-03, -3.040149e-04, -3.040149e-04, -5.061550e-04
29.973985, 1.294107e-03, -3.977242e-04, -3.977242e-04, -4.625604e-04
29.989324, 1.329664e-03, -4.687609e-04, -4.687609e-04, -4.136587e-04
30.004664, 1.344671e-03, -5.171226e-04, -5.171226e-04, -3.542804e-04
30.020004, 1.342415e-03, -5.448111e-04, -5.448111e-04, -2.797638e-04
30.035344, 1.326804e-03, -5.554381e-04, -5.554381e-04, -1.870958e-04
30.050684, 1.301608e-03, -5.536442e-04, -5.536442e-04, -7.581719e-05
30.066023, 1.269752e-03, -5.444343e-04, -5.444343e-04, 5.151258e-05
30.081363, 1.232843e-03, -5.325306e-04, -5.325306e-04, 1.894192e-04
30.096703, 1.191022e-03, -5.218316e-04, -5.218316e-04, 3.301863e-04
30.112043, 1.143172e-03, -5.150294e-04, -5.150294e-04, 4.649587e-04
30.127383, 1.087430e-03, -5.134097e-04, -5.134097e-04, 5.850363e-04
30.142722, 1.021871e-03, -5.168306e-04, -5.168306e-04, 6.830767e-04
30.158062, 9.451949e-04, -5.238624e-04, -5.238624e-04, 7.539504e-04
30.173402, 8.572670e-04, -5.320604e-04, -5.320604e-04, 7.950854e-04
30.188742, 7.593886e-04, -5.383413e-04, -5.383413e-04, 8.062790e-04
30.204082, 6.542322e-04, -5.394265e-04, -5.394265e-04, 7.891027e-04
30.219422, 5.454706e-04, -5.323083e-04, -5.323083e-04, 7.461104e-04
30.234761, 4.371970e-04, -5.146837e-04, -5.146837e-04, 6.800937e-04
30.250101, 3.332749e-04, -4.852978e-04, -4.852978e-04, 5.935876e-04
30.265441, 2.367657e-04, -4.441426e-04, -4.441426e-04, 4.887368e-04
30.280781, 1.495656e-04, -3.924764e-04, -3.924764e-04, 3.675128e-04
30.296121, 7.232317e-05, -3.326609e-04, -3.326609e-04, 2.321697e-04
30.311460, 4.631510e-06, -2.678480e-04, -2.678480e-04, 8.578086e-05
30.326800, -5.457847e-05, -2.015770e-04, -2.015770e-04, -6.731334e-05
30.342140, -1.065566e-04, -1.373607e-04, -1.373607e-04, -2.212837e-04
30.357480, -1.522941e-04, -7.833060e-05, -7.833060e-05, -3.688895e-04
30.372820, -1.922404e-04, -2.699231e-05, -2.699231e-05, -5.018543e-04
30.388159, -2.262341e-04, 1.489242e-05, 1.489242e-05, -6.114932e-04
30.403499, -2.536436e-04, 4.631205e-05, 4.631205e-05, -6.895118e-04
30.418839, -2.736605e-04, 6.693756e-05, 6.693756e-05, -7.288782e-04
30.434179, -2.856618e-04, 7.702422e-05, 7.702422e-05, -7.246632e-04
30.449519, -2.895374e-04, 7.731755e-05, 7.731755e-05, -6.747598e-04
30.464858, -2.858980e-04, 6.897902e-05, 6.897902e-05, -5.803986e-04
30.480198, -2.761202e-04, 5.352702e-05, 5.352702e-05, -4.463784e-04
30.495538, -2.622206e-04, 3.277582e-05, 3.277582e-05, -2.809458e-04
30.510878, -2.465804e-04, 8.753705e-06, 8.753705e-06, -9.528020e-05
30.526218, -2.315713e-04, -1.640854e-05, -1.640854e-05, 9.742011e-05
30.541557, -2.191490e-04, -4.061158e-05, -4.061158e-05, 2.832137e-04
30.556897, -2.104896e-04, -6.192233e-05, -6.192233e-05, 4.489412e-04
30.572237, -2.057297e-04, -7.868156e-05, -7.868156e-05, 5.838127e-04
30.587577, -2.038716e-04, -8.956170e-05, -8.956170e-05, 6.808187e-04
30.602917, -2.028975e-04, -9.356751e-05, -9.356751e-05, 7.377073e-04
30.618257, -2.001049e-04, -8.999202e-05, -8.999202e-05, 7.573011e-04
30.633596, -1.926304e-04, -7.835573e-05, -7.835573e-05, 7.470097e-04
30.648936, -1.780959e-04, -5.836241e-05, -5.836241e-05, 7.175483e-04
30.664276, -1.552721e-04, -2.989718e-05, -2.989718e-05, 6.810289e-04
30.679616, -1.246228e-04, 6.925300e-06, 6.925300e-06, 6.487359e-04
30.694956, -8.859161e-05, 5.167629e-05, 5.167629e-05, 6.289846e-04
30.710295, -5.153287e-05, 1.035217e-04, 1.035217e-04, 6.254799e-04
30.725635, -1.923885e-05, 1.611584e-04, 1.611584e-04, 6.365071e-04
30.740975, 1.908973e-06, 2.228064e-04, 2.228064e-04, 6.551277e-04
30.756315, 6.051883e-06, 2.862651e-04, 2.862651e-04, 6.703589e-04
30.771655, -1.096094e-05, 3.490280e-04, 3.490280e-04, 6.691312e-04
30.786994, -5.053995e-05, 4.084316e-04, 4.084316e-04, 6.386669e-04
30.802334, -1.106932e-04, 4.618142e-04, 4.618142e-04, 5.688459e-04
30.817674, -1.859071e-04, 5.066616e-04, 5.066616e-04, 4.541423e-04
30.833014, -2.676493e-04, 5.407265e-04, 5.407265e-04, 2.948097e-04
30.848354, -3.454495e-04, 5.621206e-04, 5.621206e-04, 9.712856e-05
30.863693, -4.083881e-04, 5.693808e-04, 5.693808e-04, -1.273051e-04
30.879033, -4.467440e-04, 5.615171e-04, 5.615171e-04, -3.630971e-04
30.894373, -4.535090e-04, 5.380473e-04, 5.380473e-04, -5.931038e-04
30.909713, -4.254932e-04, 4.990236e-04, 4.990236e-04, -8.006628e-04
30.925053, -3.638292e-04, 4.450571e-04, 4.450571e-04, -9.716431e-04
30.940392, -2.738127e-04, 3.773429e-04, 3.773429e-04, -1.095992e-03
30.955732, -1.641422e-04, 2.976855e-04, 2.976855e-04, -1.168562e-03
30.971072, -4.572504e-05, 2.085177e-04, 2.085177e-04, -1.189135e-03
30.986412, 6.971275e-05, 1.128959e-04, 1.128959e-04, -1.161717e-03
31.001752, 1.709694e-04, 1.445166e-05, 1.445166e-05, -1.093289e-03
31.017092, 2.484706e-04, -8.272250e-05, -8.272250e-05, -9.922857e-04
31.032431, 2.950260e-04, -1.742603e-04, -1.742603e-04, -8.671490e-04
31.047771, 3.062163e-04, -2.557744e-04, -2.557744e-04, -7.251944e-04
31.063111, 2.804588e-04, -3.231475e-04, -3.231475e-04, -5.719949e-04
31.078451, 2.188496e-04, -3.728232e-04, -3.728232e-04, -4.113252e-04
31.093791, 1.248824e-04, -4.020604e-04, -4.020604e-04, -2.455933e-04
31.109130, 4.111677e-06, -4.091256e-04, -4.091256e-04, -7.656584e-05
31.124470, -1.362110e-04, -3.934146e-04, -3.934146e-04, 9.385746e-05
31.139810, -2.875299e-04, -3.555103e-04, -3.555103e-04, 2.630444e-04
31.155150, -4.404367e-04, -2.971849e-04, -2.971849e-04, 4.273670e-04
31.170490, -5.852144e-04, -2.213470e-04, -2.213470e-04, 5.823278e-04
31.185829, -7.124808e-04, -1.319248e-04, -1.319248e-04, 7.230124e-04
31.201169, -8.139027e-04, -3.366852e-05, -3.366852e-05, 8.447124e-04
31.216509, -8.829185e-04, 6.813505e-05, 6.813505e-05, 9.435316e-04
31.231849, -9.153847e-04, 1.680220e-04, 1.680220e-04, 1.016817e-03
31.247189, -9.100464e-04, 2.607414e-04, 2.607414e-04, 1.063317e-03
31.262528, -8.687353e-04, 3.416133e-04, 3.416133e-04, 1.083062e-03
31.277868, -7.962407e-04, 4.067924e-04, 4.067924e-04, 1.077048e-03
31.293208, -6.998354e-04, 4.534002e-04, 4.534002e-04, 1.046840e-03
31.308548, -5.884883e-04, 4.795290e-04, 4.795290e-04, 9.942358e-04
31.323888, -4.718409e-04, 4.841658e-04, 4.841658e-04, 9.210447e-04
31.339227, -3.590773e-04, 4.671038e-04, 4.671038e-04, 8.290320e-04
31.354567, -2.578358e-04, 4.289026e-04, 4.289026e-04, 7.199924e-04
31.369907, -1.733092e-04, 3.709226e-04, 3.709226e-04, 5.958892e-04
31.385247, -1.076659e-04, 2.954072e-04, 2.954072e-04, 4.589892e-04
31.400587, -5.988569e-05, 2.055481e-04, 2.055481e-04, 3.119495e-04
31.415927, -2.604324e-05, 1.054582e-04, 1.054582e-04, 1.578257e-04
