x, 11, 12, 21, 22
0.100000, -1.687806e-01, -1.622467e-01, -1.622467e-01, -1.562635e-01
0.200000, -1.677811e-01, -1.612777e-01, -1.612777e-01, -1.552974e-01
0.300000, -1.661577e-01, -1.596855e-01, -1.596855e-01, -1.537290e-01
0.400000, -1.639334e-01, -1.575046e-01, -1.575046e-01, -1.515820e-01
0.500000, -1.611557e-01, -1.547791e-01, -1.547791e-01, -1.489017e-01
0.600000, -1.578733e-01, -1.515606e-01, -1.515606e-01, -1.457392e-01
0.700000, -1.541449e-01, -1.479066e-01, -1.479066e-01, -1.421515e-01
0.800000, -1.500312e-01, -1.438776e-01, -1.438776e-01, -1.381987e-01
0.900000, -1.455964e-01, -1.395370e-01, -1.395370e-01, -1.339437e-01
1.000000, -1.409055e-01, -1.349487e-01, -1.349487e-01, -1.294488e-01
1.100000, -1.360231e-01, -1.301760e-01, -1.301760e-01, -1.247764e-01
1.200000, -1.310122e-01, -1.252809e-01, -1.252809e-01, -1.199870e-01
1.300000, -1.259333e-01, -1.203220e-01, -1.203220e-01, -1.151385e-01
1.400000, -1.208424e-01, -1.153547e-01, -1.153547e-01, -1.102847e-01
1.500000, -1.157906e-01, -1.104290e-01, -1.104290e-01, -1.054746e-01
1.600000, -1.108228e-01, -1.055889e-01, -1.055889e-01, -1.007515e-01
1.700000, -1.059778e-01, -1.008720e-01, -1.008720e-01, -9.615176e-02
1.800000, -1.012871e-01, -9.630881e-02, -9.630881e-02, -9.170551e-02
1.900000, -9.677518e-02, -9.192342e-02, -9.192342e-02, -8.743617e-02
2.000000, -9.245990e-02, -8.773329e-02, -8.773329e-02, -8.336045e-02
2.100000, -8.835331e-02, -8.374976e-02, -8.374976e-02, -7.948961e-02
2.200000, -8.446152e-02, -7.997875e-02, -7.997875e-02, -7.582913e-02
2.300000, -8.078579e-02, -7.642111e-02, -7.642111e-02, -7.237978e-02
2.400000, -7.732276e-02, -7.307346e-02, -7.307346e-02, -6.913805e-02
2.500000, -7.406516e-02, -6.992862e-02, -6.992862e-02, -6.609657e-02
2.600000, -7.100290e-02, -6.697616e-02, -6.697616e-02, -6.324509e-02
2.700000, -6.812326e-02, -6.420331e-02, -6.420331e-02, -6.057083e-02
2.800000, -6.541159e-02, -6.159561e-02, -6.159561e-02, -5.805911e-02
2.900000, -6.285226e-02, -5.913739e-02, -5.913739e-02, -5.569437e-02
3.000000, -6.042916e-02, -5.681269e-02, -5.681269e-02, -5.346072e-02
3.100000, -5.812654e-02, -5.460583e-02, -5.460583e-02, -5.134259e-02
3.200000, -5.592923e-02, -5.250180e-02, -5.250180e-02, -4.932508e-02
3.300000, -5.382339e-02, -5.048687e-02, -5.048687e-02, -4.739462e-02
3.400000, -5.179644e-02, -4.854868e-02, -4.854868e-02, -4.553900e-02
3.500000, -4.983756e-02, -4.667652e-02, -4.667652e-02, -4.374772e-02
3.600000, -4.793746e-02, -4.486148e-02, -4.486148e-02, -4.201194e-02
3.700000, -4.608889e-02, -4.309634e-02, -4.309634e-02, -4.032471e-02
3.800000, -4.428627e-02, -4.137567e-02, -4.137567e-02, -3.868060e-02
3.900000, -4.252564e-02, -3.969562e-02, -3.969562e-02, -3.707592e-02
4.000000, -4.080464e-02, -3.805391e-02, -3.805391e-02, -3.550847e-02
4.100000, -3.912218e-02, -3.644950e-02, -3.644950e-02, -3.397728e-02
4.200000, -3.747825e-02, -3.488248e-02, -3.488248e-02, -3.248246e-02
4.300000, -3.587379e-02, -3.335379e-02, -3.335379e-02, -3.102495e-02
4.400000, -3.431036e-02, -3.186501e-02, -3.186501e-02, -2.960626e-02
4.500000, -3.279004e-02, -3.041813e-02, -3.041813e-02, -2.822835e-02
4.600000, -3.131502e-02, -2.901529e-02, -2.901529e-02, -2.689328e-02
4.700000, -2.988753e-02, -2.765867e-02, -2.765867e-02, -2.560321e-02
4.800000, -2.850960e-02, -2.635022e-02, -2.635022e-02, -2.435997e-02
4.900000, -2.718280e-02, -2.509153e-02, -2.509153e-02, -2.316519e-02
5.000000, -2.590828e-02, -2.388370e-02, -2.388370e-02, -2.201990e-02
5.100000, -2.468635e-02, -2.272709e-02, -2.272709e-02, -2.092443e-02
5.200000, -2.351657e-02, -2.162119e-02, -2.162119e-02, -1.987831e-02
5.300000, -2.239744e-02, -2.056450e-02, -2.056450e-02, -1.888011e-02
5.400000, -2.132628e-02, -1.955448e-02, -1.955448e-02, -1.792730e-02
5.500000, -2.029940e-02, -1.858747e-02, -1.858747e-02, -1.701629e-02
5.600000, -1.931207e-02, -1.765879e-02, -1.765879e-02, -1.614245e-02
5.700000, -1.835865e-02, -1.676287e-02, -1.676287e-02, -1.530028e-02
5.800000, -1.743276e-02, -1.589339e-02, -1.589339e-02, -1.448352e-02
5.900000, -1.652751e-02, -1.504360e-02, -1.504360e-02, -1.368553e-02
6.000000, -1.563575e-02, -1.420647e-02, -1.420647e-02, -1.289942e-02
6.100000, -1.475050e-02, -1.337510e-02, -1.337510e-02, -1.211839e-02
6.200000, -1.386502e-02, -1.254295e-02, -1.254295e-02, -1.133603e-02
6.300000, -1.297339e-02, -1.170417e-02, -1.170417e-02, -1.054664e-02
6.400000, -1.207063e-02, -1.085398e-02, -1.085398e-02, -9.745558e-03
6.500000, -1.115314e-02, -9.988883e-03, -9.988883e-03, -8.929422e-03
6.600000, -1.021890e-02, -9.106974e-03, -9.106974e-03, -8.096450e-03
6.700000, -9.267646e-03, -8.208178e-03, -8.208178e-03, -7.246647e-03
6.800000, -8.301124e-03, -7.294268e-03, -7.294268e-03, -6.381926e-03
6.900000, -7.322870e-03, -6.368884e-03, -6.368884e-03, -5.506003e-03
7.000000, -6.338132e-03, -5.437316e-03, -5.437316e-03, -4.624176e-03
7.100000, -5.353575e-03, -4.506249e-03, -4.506249e-03, -3.743179e-03
7.200000, -4.376962e-03, -3.583468e-03, -3.583468e-03, -2.870796e-03
7.300000, -3.416964e-03, -2.677558e-03, -2.677558e-03, -2.015521e-03
7.400000, -2.482711e-03, -1.797543e-03, -1.797543e-03, -1.186246e-03
7.500000, -1.583679e-03, -9.526425e-04, -9.526425e-04, -3.919789e-04
7.600000, -7.291940e-04, -1.519190e-04, -1.519190e-04, 3.584393e-04
7.700000, 7.178426e-05, 5.959019e-04, 5.959019e-04, 1.056568e-03
7.800000, 8.109928e-04, 1.282803e-03, 1.282803e-03, 1.694712e-03
7.900000, 1.481073e-03, 1.901707e-03, 1.901707e-03, 2.266050e-03
8.000000, 2.075864e-03, 2.446722e-03, 2.446722e-03, 2.764932e-03
8.100000, 2.590639e-03, 2.913359e-03, 2.913359e-03, 3.187117e-03
8.200000, 3.022189e-03, 3.298683e-03, 3.298683e-03, 3.529868e-03
8.300000, 3.369064e-03, 3.601412e-03, 3.601412e-03, 3.792123e-03
8.400000, 3.631400e-03, 3.821902e-03, 3.821902e-03, 3.974401e-03
8.500000, 3.810960e-03, 3.962083e-03, 3.962083e-03, 4.078796e-03
8.600000, 3.910966e-03, 4.025338e-03, 4.025338e-03, 4.108789e-03
8.700000, 3.935988e-03, 4.016328e-03, 4.016328e-03, 4.069157e-03
8.800000, 3.891731e-03, 3.940828e-03, 3.940828e-03, 3.965750e-03
8.900000, 3.784781e-03, 3.805508e-03, 3.805508e-03, 3.805249e-03
9.000000, 3.622499e-03, 3.617725e-03, 3.617725e-03, 3.595048e-03
9.100000, 3.412750e-03, 3.385291e-03, 3.385291e-03, 3.342932e-03
9.200000, 3.163680e-03, 3.116306e-03, 3.116306e-03, 3.056914e-03
9.300000, 2.883515e-03, 2.818908e-03, 2.818908e-03, 2.745032e-03
9.400000, 2.580338e-03, 2.501088e-03, 2.501088e-03, 2.415157e-03
9.500000, 2.261971e-03, 2.170501e-03, 2.170501e-03, 2.074785e-03
9.600000, 1.935740e-03, 1.834290e-03, 1.834290e-03, 1.730917e-03
9.700000, 1.608336e-03, 1.498987e-03, 1.498987e-03, 1.389881e-03
9.800000, 1.285797e-03, 1.170436e-03, 1.170436e-03, 1.057287e-03
9.900000, 9.733440e-04, 8.536769e-04, 8.536769e-04, 7.380045e-04
10.000000, 6.754834e-04, 5.529782e-04, 5.529782e-04, 4.361070e-04
10.100000, 3.958646e-04, 2.718067e-04, 2.718067e-04, 1.548647e-04
10.200000, 1.373785e-04, 1.285863e-05, 1.285863e-05, -1.032290e-04
10.300000, -9.787327e-05, -2.219083e-04, -2.219083e-04, -3.363926e-04
10.400000, -3.084348e-04, -4.312462e-04, -4.312462e-04, -5.435206e-04
10.500000, -4.935118e-04, -6.145183e-04, -6.145183e-04, -7.241205e-04
10.600000, -6.528857e-04, -7.716344e-04, -7.716344e-04, -8.782197e-04
10.700000, -7.868073e-04, -9.030141e-04, -9.030141e-04, -1.006380e-03
10.800000, -8.959932e-04, -1.009463e-03, -1.009463e-03, -1.109535e-03
10.900000, -9.814610e-04, -1.092127e-03, -1.092127e-03, -1.188916e-03
11.000000, -1.044507e-03, -1.152391e-03, -1.152391e-03, -1.245998e-03
11.100000, -1.086632e-03, -1.191813e-03, -1.191813e-03, -1.282420e-03
11.200000, -1.109457e-03, -1.212093e-03, -1.212093e-03, -1.299904e-03
11.300000, -1.114662e-03, -1.214974e-03, -1.214974e-03, -1.300262e-03
11.400000, -1.103991e-03, -1.202244e-03, -1.202244e-03, -1.285317e-03
11.500000, -1.079187e-03, -1.175673e-03, -1.175673e-03, -1.256848e-03
11.600000, -1.041960e-03, -1.136966e-03, -1.136966e-03, -1.216593e-03
11.700000, -9.939640e-04, -1.087802e-03, -1.087802e-03, -1.166223e-03
11.800000, -9.367784e-04, -1.029778e-03, -1.029778e-03, -1.107314e-03
11.900000, -8.719419e-04, -9.644072e-04, -9.644072e-04, -1.041398e-03
12.000000, -8.008777e-04, -8.931178e-04, -8.931178e-04, -9.698787e-04
12.100000, -7.249608e-04, -8.172636e-04, -8.172636e-04, -8.940723e-04
12.200000, -6.454357e-04, -7.380975e-04, -7.380975e-04, -8.152229e-04
12.300000, -5.635245e-04, -6.567954e-04, -6.567954e-04, -7.344861e-04
12.400000, -4.803208e-04, -5.744313e-04, -5.744313e-04, -6.529341e-04
12.500000, -3.968416e-04, -4.920280e-04, -4.920280e-04, -5.715549e-04
12.600000, -3.140595e-04, -4.105106e-04, -4.105106e-04, -4.912536e-04
12.700000, -2.328577e-04, -3.307397e-04, -3.307397e-04, -4.128482e-04
12.800000, -1.540482e-04, -2.534986e-04, -2.534986e-04, -3.370946e-04
12.900000, -7.840590e-05, -1.794903e-04, -1.794903e-04, -2.646749e-04
13.000000, -6.577188e-06, -1.093604e-04, -1.093604e-04, -1.961916e-04
13.100000, 6.083641e-05, -4.366743e-05, -4.366743e-05, -1.321670e-04
13.200000, 1.233285e-04, 1.711721e-05, 1.711721e-05, -7.303379e-05
13.300000, 1.804939e-04, 7.261146e-05, 7.261146e-05, -1.914437e-05
13.400000, 2.319815e-04, 1.225080e-04, 1.225080e-04, 2.922897e-05
13.500000, 2.775466e-04, 1.665865e-04, 1.665865e-04, 7.188400e-05
13.600000, 3.170118e-04, 2.047135e-04, 2.047135e-04, 1.087230e-04
13.700000, 3.503115e-04, 2.368419e-04, 2.368419e-04, 1.397249e-04
13.800000, 3.774304e-04, 2.629856e-04, 2.629856e-04, 1.649183e-04
13.900000, 3.984624e-04, 2.832423e-04, 2.832423e-04, 1.844300e-04
14.000000, 4.135494e-04, 2.977807e-04, 2.977807e-04, 1.984361e-04
14.100000, 4.229122e-04, 3.068282e-04, 3.068282e-04, 2.071711e-04
14.200000, 4.268182e-04, 3.106843e-04, 3.106843e-04, 2.109490e-04
14.300000, 4.256152e-04, 3.096982e-04, 3.096982e-04, 2.101215e-04
14.400000, 4.197094e-04, 3.042482e-04, 3.042482e-04, 2.050789e-04
14.500000, 4.095209e-04, 2.947662e-04, 2.947662e-04, 1.962292e-04
14.600000, 3.954864e-04, 2.816980e-04, 2.816980e-04, 1.840243e-04
14.700000, 3.780792e-04, 2.655084e-04, 2.655084e-04, 1.689164e-04
14.800000, 3.578007e-04, 2.466711e-04, 2.466711e-04, 1.513822e-04
14.900000, 3.351376e-04, 2.256555e-04, 2.256555e-04, 1.318759e-04
15.000000, 3.105808e-04, 2.029476e-04, 2.029476e-04, 1.108463e-04
15.100000, 2.846052e-04, 1.789941e-04, 1.789941e-04, 8.871635e-05
15.200000, 2.576794e-04, 1.542296e-04, 1.542296e-04, 6.590931e-05
15.300000, 2.302311e-04, 1.290695e-04, 1.290695e-04, 4.281136e-05
15.400000, 2.026667e-04, 1.038857e-04, 1.038857e-04, 1.978421e-05
15.500000, 1.753449e-04, 7.904112e-05, 7.904112e-05, -2.843340e-06
15.600000, 1.486113e-04, 5.484477e-05, 5.484477e-05, -2.477024e-05
15.700000, 1.227671e-04, 3.157073e-05, 3.157073e-05, -4.574277e-05
15.800000, 9.807503e-05, 9.465934e-06, 9.465934e-06, -6.553300e-05
15.900000, 7.476012e-05, -1.126163e-05, -1.126163e-05, -8.394849e-05
16.000000, 5.301054e-05, -3.043117e-05, -3.043117e-05, -1.008343e-04
16.100000, 3.298134e-05, -4.790684e-05, -4.790684e-05, -1.160651e-04
16.200000, 1.481198e-05, -6.358606e-05, -6.358606e-05, -1.295419e-04
16.300000, -1.426039e-06, -7.738836e-05, -7.738836e-05, -1.412074e-04
16.400000, -1.566968e-05, -8.925572e-05, -8.925572e-05, -1.510050e-04
16.500000, -2.789110e-05, -9.916866e-05, -9.916866e-05, -1.589241e-04
16.600000, -3.809299e-05, -1.071300e-04, -1.071300e-04, -1.649766e-04
16.700000, -4.628221e-05, -1.131740e-04, -1.131740e-04, -1.691814e-04
16.800000, -5.252091e-05, -1.173501e-04, -1.173501e-04, -1.715913e-04
16.900000, -5.689904e-05, -1.197269e-04, -1.197269e-04, -1.722931e-04
17.000000, -5.948564e-05, -1.204019e-04, -1.204019e-04, -1.713692e-04
17.100000, -6.039630e-05, -1.194881e-04, -1.194881e-04, -1.689264e-04
17.200000, -5.975319e-05, -1.171087e-04, -1.171087e-04, -1.650952e-04
17.300000, -5.769963e-05, -1.133935e-04, -1.133935e-04, -1.600231e-04
17.400000, -5.437700e-05, -1.084872e-04, -1.084872e-04, -1.538380e-04
17.500000, -4.993675e-05, -1.025518e-04, -1.025518e-04, -1.466878e-04
17.600000, -4.455245e-05, -9.572895e-05, -9.572895e-05, -1.387195e-04
17.700000, -3.836982e-05, -8.817666e-05, -8.817666e-05, -1.300739e-04
17.800000, -3.155024e-05, -8.004525e-05, -8.004525e-05, -1.209026e-04
17.900000, -2.425290e-05, -7.147801e-05, -7.147801e-05, -1.113544e-04
18.000000, -1.661129e-05, -6.263018e-05, -6.263018e-05, -1.015616e-04
18.100000, -8.785699e-06, -5.363387e-05, -5.363387e-05, -9.165574e-05
18.200000, -8.898826e-07, -4.462217e-05, -4.462217e-05, -8.176992e-05
18.300000, 6.936460e-06, -3.570989e-05, -3.570989e-05, -7.202162e-05
18.400000, 1.457027e-05, -2.700851e-05, -2.700851e-05, -6.251574e-05
18.500000, 2.193443e-05, -1.862520e-05, -1.862520e-05, -5.335572e-05
18.600000, 2.893241e-05, -1.064421e-05, -1.064421e-05, -4.461928e-05
18.700000, 3.548052e-05, -3.146620e-06, -3.146620e-06, -3.639038e-05
18.800000, 4.151103e-05, 3.800866e-06, 3.800866e-06, -2.873741e-05
18.900000, 4.694886e-05, 1.013760e-05, 1.013760e-05, -2.170809e-05
19.000000, 5.176679e-05, 1.582443e-05, 1.582443e-05, -1.534837e-05
19.100000, 5.592110e-05, 2.082962e-05, 2.082962e-05, -9.689075e-06
19.200000, 5.939784e-05, 2.514008e-05, 2.514008e-05, -4.741370e-06
19.300000, 6.218169e-05, 2.873977e-05, 2.873977e-05, -5.167019e-07
19.400000, 6.427737e-05, 3.162604e-05, 3.162604e-05, 2.995828e-06
19.500000, 6.569864e-05, 3.381413e-05, 3.381413e-05, 5.801148e-06
19.600000, 6.645433e-05, 3.532392e-05, 3.532392e-05, 7.909013e-06
19.700000, 6.658520e-05, 3.618667e-05, 3.618667e-05, 9.354550e-06
19.800000, 6.611899e-05, 3.643515e-05, 3.643515e-05, 1.019024e-05
19.900000, 6.509525e-05, 3.611360e-05, 3.611360e-05, 1.043814e-05
20.000000, 6.355998e-05, 3.527320e-05, 3.527320e-05, 1.015509e-05
20.100000, 6.156525e-05, 3.395854e-05, 3.395854e-05, 9.399201e-06
20.200000, 5.915298e-05, 3.222567e-05, 3.222567e-05, 8.215653e-06
20.300000, 5.638971e-05, 3.012081e-05, 3.012081e-05, 6.655396e-06
20.400000, 5.332568e-05, 2.770362e-05, 2.770362e-05, 4.780194e-06
20.500000, 5.001665e-05, 2.503241e-05, 2.503241e-05, 2.645487e-06
20.600000, 4.651142e-05, 2.216316e-05, 2.216316e-05, 2.986902e-07
20.700000, 4.286479e-05, 1.914643e-05, 1.914643e-05, -2.201314e-06
20.800000, 3.913387e-05, 1.603716e-05, 1.603716e-05, -4.795553e-06
20.900000, 3.537619e-05, 1.288642e-05, 1.288642e-05, -7.437198e-06
21.000000, 3.163725e-05, 9.749507e-06, 9.749507e-06, -1.006657e-05
21.100000, 2.795773e-05, 6.669767e-06, 6.669767e-06, -1.263615e-05
21.200000, 2.437377e-05, 3.686597e-06, 3.686597e-06, -1.510559e-05
21.300000, 2.091580e-05, 8.362211e-07, 8.362211e-07, -1.743252e-05
21.400000, 1.762414e-05, -1.843503e-06, -1.843503e-06, -1.959716e-05
21.500000, 1.452795e-05, -4.330309e-06, -4.330309e-06, -2.156157e-05
21.600000, 1.165852e-05, -6.600131e-06, -6.600131e-06, -2.330295e-05
21.700000, 9.023683e-06, -8.634664e-06, -8.634664e-06, -2.481424e-05
21.800000, 6.640283e-06, -1.041215e-05, -1.041215e-05, -2.607598e-05
21.900000, 4.521033e-06, -1.192937e-05, -1.192937e-05, -2.708034e-05
22.000000, 2.677523e-06, -1.317975e-05, -1.317975e-05, -2.782599e-05
22.100000, 1.106264e-06, -1.416346e-05, -1.416346e-05, -2.830464e-05
22.200000, -1.897288e-07, -1.488486e-05, -1.488486e-05, -2.853261e-05
22.300000, -1.216016e-06, -1.535308e-05, -1.535308e-05, -2.851899e-05
22.400000, -1.980518e-06, -1.557742e-05, -1.557742e-05, -2.827615e-05
22.500000, -2.490085e-06, -1.556397e-05, -1.556397e-05, -2.780794e-05
22.600000, -2.760175e-06, -1.532447e-05, -1.532447e-05, -2.713221e-05
22.700000, -2.794058e-06, -1.487489e-05, -1.487489e-05, -2.626829e-05
22.800000, -2.620022e-06, -1.423288e-05, -1.423288e-05, -2.522717e-05
22.900000, -2.244466e-06, -1.341827e-05, -1.341827e-05, -2.402887e-05
23.000000, -1.697633e-06, -1.244888e-05, -1.244888e-05, -2.269543e-05
23.100000, -1.000270e-06, -1.134520e-05, -1.134520e-05, -2.124164e-05
23.200000, -1.656111e-07, -1.012667e-05, -1.012667e-05, -1.969552e-05
23.300000, 7.848886e-07, -8.816966e-06, -8.816966e-06, -1.807828e-05
23.400000, 1.831054e-06, -7.434413e-06, -7.434413e-06, -1.640989e-05
23.500000, 2.946930e-06, -6.005816e-06, -6.005816e-06, -1.471247e-05
23.600000, 4.112069e-06, -4.549578e-06, -4.549578e-06, -1.300284e-05
23.700000, 5.297298e-06, -3.089121e-06, -3.089121e-06, -1.130715e-05
23.800000, 6.494066e-06, -1.644713e-06, -1.644713e-06, -9.646838e-06
23.900000, 7.675190e-06, -2.321253e-07, -2.321253e-07, -8.042818e-06
24.000000, 8.819713e-06, 1.126146e-06, 1.126146e-06, -6.508379e-06
24.100000, 9.909771e-06, 2.419095e-06, 2.419095e-06, -5.057074e-06
24.200000, 1.093142e-05, 3.628683e-06, 3.628683e-06, -3.701912e-06
24.300000, 1.188015e-05, 4.741509e-06, 4.741509e-06, -2.454875e-06
24.400000, 1.274141e-05, 5.752987e-06, 5.752987e-06, -1.321284e-06
24.500000, 1.350513e-05, 6.658071e-06, 6.658071e-06, -3.068312e-07
24.600000, 1.416596e-05, 7.448537e-06, 7.448537e-06, 5.828207e-07
24.700000, 1.471590e-05, 8.121237e-06, 8.121237e-06, 1.349902e-06
24.800000, 1.515248e-05, 8.673934e-06, 8.673934e-06, 1.991481e-06
24.900000, 1.547130e-05, 9.110910e-06, 9.110910e-06, 2.509096e-06
25.000000, 1.568409e-05, 9.428761e-06, 9.428761e-06, 2.905972e-06
25.100000, 1.579327e-05, 9.633435e-06, 9.633435e-06, 3.188513e-06
25.200000, 1.580123e-05, 9.731564e-06, 9.731564e-06, 3.358631e-06
25.300000, 1.571309e-05, 9.728742e-06, 9.728742e-06, 3.420795e-06
25.400000, 1.552837e-05, 9.627941e-06, 9.627941e-06, 3.386867e-06
25.500000, 1.525572e-05, 9.440727e-06, 9.440727e-06, 3.260402e-06
25.600000, 1.490986e-05, 9.169199e-06, 9.169199e-06, 3.049071e-06
25.700000, 1.449608e-05, 8.820950e-06, 8.820950e-06, 2.760887e-06
25.800000, 1.401740e-05, 8.406067e-06, 8.406067e-06, 2.405103e-06
25.900000, 1.348275e-05, 7.933100e-06, 7.933100e-06, 1.987185e-06
26.000000, 1.290627e-05, 7.412790e-06, 7.412790e-06, 1.518524e-06
26.100000, 1.229754e-05, 6.852368e-06, 6.852368e-06, 1.005456e-06
26.200000, 1.166486e-05, 6.263939e-06, 6.263939e-06, 4.608034e-07
26.300000, 1.101471e-05, 5.651860e-06, 5.651860e-06, -1.054016e-07
26.400000, 1.035940e-05, 5.027430e-06, 5.027430e-06, -6.882612e-07
26.500000, 9.699790e-06, 4.397236e-06, 4.397236e-06, -1.276144e-06
26.600000, 9.045928e-06, 3.767536e-06, 3.767536e-06, -1.865500e-06
26.700000, 8.405562e-06, 3.148844e-06, 3.148844e-06, -2.446722e-06
26.800000, 7.785267e-06, 2.549247e-06, 2.549247e-06, -3.014160e-06
26.900000, 7.193909e-06, 1.971961e-06, 1.971961e-06, -3.557190e-06
27.000000, 6.632524e-06, 1.423041e-06, 1.423041e-06, -4.070190e-06
27.100000, 6.105573e-06, 9.100835e-07, 9.100835e-07, -4.549491e-06
27.200000, 5.617750e-06, 4.354969e-07, 4.354969e-07, -4.991255e-06
27.300000, 5.171310e-06, 4.508358e-09, 4.508358e-09, -5.389529e-06
27.400000, 4.771467e-06, -3.785078e-07, -3.785078e-07, -5.737474e-06
27.500000, 4.413458e-06, -7.142994e-07, -7.142994e-07, -6.031576e-06
27.600000, 4.105651e-06, -1.001356e-06, -1.001356e-06, -6.275732e-06
27.700000, 3.836875e-06, -1.239021e-06, -1.239021e-06, -6.467382e-06
27.800000, 3.611902e-06, -1.429246e-06, -1.429246e-06, -6.603754e-06
27.900000, 3.433500e-06, -1.569236e-06, -1.569236e-06, -6.693324e-06
28.000000, 3.297153e-06, -1.664248e-06, -1.664248e-06, -6.733680e-06
28.100000, 3.205862e-06, -1.714906e-06, -1.714906e-06, -6.728567e-06
28.200000, 3.148996e-06, -1.725246e-06, -1.725246e-06, -6.684719e-06
28.300000, 3.126628e-06, -1.698508e-06, -1.698508e-06, -6.600815e-06
28.400000, 3.136442e-06, -1.638628e-06, -1.638628e-06, -6.484146e-06
28.500000, 3.174130e-06, -1.550773e-06, -1.550773e-06, -6.337724e-06
28.600000, 3.238514e-06, -1.435629e-06, -1.435629e-06, -6.166883e-06
28.700000, 3.325006e-06, -1.298291e-06, -1.298291e-06, -5.978536e-06
28.800000, 3.429774e-06, -1.144407e-06, -1.144407e-06, -5.775462e-06
28.900000, 3.551043e-06, -9.759296e-07, -9.759296e-07, -5.561288e-06
29.000000, 3.684303e-06, -7.993200e-07, -7.993200e-07, -5.338881e-06
29.100000, 3.828392e-06, -6.149775e-07, -6.149775e-07, -5.112315e-06
29.200000, 3.979409e-06, -4.283166e-07, -4.283166e-07, -4.885230e-06
29.300000, 4.131992e-06, -2.435132e-07, -2.435132e-07, -4.665359e-06
29.400000, 4.286664e-06, -6.201722e-08, -6.201722e-08, -4.451751e-06
29.500000, 4.436918e-06, 1.144947e-07, 1.144947e-07, -4.249785e-06
29.600000, 4.581313e-06, 2.830697e-07, 2.830697e-07, -4.059601e-06
29.700000, 4.721788e-06, 4.399602e-07, 4.399602e-07, -3.881130e-06
29.800000, 4.853876e-06, 5.821622e-07, 5.821622e-07, -3.721527e-06
29.900000, 4.977627e-06, 7.108343e-07, 7.108343e-07, -3.577475e-06
30.000000, 5.086081e-06, 8.240783e-07, 8.240783e-07, -3.452685e-06
30.100000, 5.182247e-06, 9.213199e-07, 9.213199e-07, -3.345288e-06
30.200000, 5.262721e-06, 1.002149e-06, 1.002149e-06, -3.258981e-06
30.300000, 5.326325e-06, 1.063567e-06, 1.063567e-06, -3.193073e-06
30.400000, 5.373880e-06, 1.105620e-06, 1.105620e-06, -3.146135e-06
30.500000, 5.404597e-06, 1.128636e-06, 1.128636e-06, -3.119295e-06
30.600000, 5.419043e-06, 1.132818e-06, 1.132818e-06, -3.112441e-06
30.700000, 5.412578e-06, 1.119216e-06, 1.119216e-06, -3.125673e-06
30.800000, 5.392153e-06, 1.088637e-06, 1.088637e-06, -3.155406e-06
30.900000, 5.356774e-06, 1.042706e-06, 1.042706e-06, -3.201922e-06
31.000000, 5.305818e-06, 9.821495e-07, 9.821495e-07, -3.261591e-06
31.100000, 5.242239e-06, 9.082169e-07, 9.082169e-07, -3.331493e-06
31.200000, 5.161952e-06, 8.230719e-07, 8.230719e-07, -3.411609e-06
31.300000, 5.070117e-06, 7.279360e-07, 7.279360e-07, -3.499005e-06
31.400000, 4.967632e-06, 6.247560e-07, 6.247560e-07, -3.592977e-06
31.500000, 4.859414e-06, 5.170412e-07, 5.170412e-07, -3.690771e-06
31.600000, 4.743062e-06, 4.054647e-07, 4.054647e-07, -3.792417e-06
31.700000, 4.621638e-06, 2.910366e-07, 2.910366e-07, -3.892371e-06
31.800000, 4.496442e-06, 1.754774e-07, 1.754774e-07, -3.991586e-06
31.900000, 4.367967e-06, 5.953133e-08, 5.953133e-08, -4.086120e-06
32.000000, 4.236723e-06, -5.298833e-08, -5.298833e-08, -4.176252e-06
32.100000, 4.107162e-06, -1.614862e-07, -1.614862e-07, -4.261569e-06
32.200000, 3.978296e-06, -2.660771e-07, -2.660771e-07, -4.339806e-06
32.300000, 3.852520e-06, -3.651037e-07, -3.651037e-07, -4.408883e-06
32.400000, 3.730257e-06, -4.571645e-07, -4.571645e-07, -4.468106e-06
32.500000, 3.613184e-06, -5.414407e-07, -5.414407e-07, -4.518325e-06
32.600000, 3.501635e-06, -6.167333e-07, -6.167333e-07, -4.558919e-06
32.700000, 3.397255e-06, -6.840985e-07, -6.840985e-07, -4.589189e-06
32.800000, 3.300450e-06, -7.426912e-07, -7.426912e-07, -4.610313e-06
32.900000, 3.212604e-06, -7.919818e-07, -7.919818e-07, -4.620838e-06
33.000000, 3.130035e-06, -8.314092e-07, -8.314092e-07, -4.620201e-06
33.100000, 3.054279e-06, -8.615715e-07, -8.615715e-07, -4.608706e-06
33.200000, 2.989977e-06, -8.832788e-07, -8.832788e-07, -4.585743e-06
33.300000, 2.934077e-06, -8.949652e-07, -8.949652e-07, -4.553190e-06
33.400000, 2.887650e-06, -8.975675e-07, -8.975675e-07, -4.511527e-06
33.500000, 2.848038e-06, -8.914446e-07, -8.914446e-07, -4.461196e-06
33.600000, 2.816511e-06, -8.771548e-07, -8.771548e-07, -4.402568e-06
33.700000, 2.795065e-06, -8.553724e-07, -8.553724e-07, -4.336537e-06
33.800000, 2.778066e-06, -8.264392e-07, -8.264392e-07, -4.263020e-06
33.900000, 2.769491e-06, -7.903918e-07, -7.903918e-07, -4.183064e-06
34.000000, 2.765869e-06, -7.500682e-07, -7.500682e-07, -4.096626e-06
34.100000, 2.767052e-06, -7.042940e-07, -7.042940e-07, -4.004610e-06
34.200000, 2.772341e-06, -6.548534e-07, -6.548534e-07, -3.908082e-06
34.300000, 2.781812e-06, -6.009613e-07, -6.009613e-07, -3.808840e-06
34.400000, 2.793203e-06, -5.438079e-07, -5.438079e-07, -3.707090e-06
34.500000, 2.806264e-06, -4.857257e-07, -4.857257e-07, -3.602703e-06
34.600000, 2.821758e-06, -4.275595e-07, -4.275595e-07, -3.497485e-06
34.700000, 2.836259e-06, -3.682447e-07, -3.682447e-07, -3.391545e-06
34.800000, 2.851429e-06, -3.096536e-07, -3.096536e-07, -3.287017e-06
34.900000, 2.864089e-06, -2.507567e-07, -2.507567e-07, -3.184417e-06
35.000000, 2.875110e-06, -1.946207e-07, -1.946207e-07, -3.083658e-06
35.100000, 2.884434e-06, -1.412655e-07, -1.412655e-07, -2.985455e-06
35.200000, 2.889726e-06, -9.105288e-08, -9.105288e-08, -2.891882e-06
35.300000, 2.892812e-06, -4.417598e-08, -4.417598e-08, -2.801679e-06
35.400000, 2.892154e-06, -1.548085e-09, -1.548085e-09, -2.716272e-06
35.500000, 2.887705e-06, 3.648167e-08, 3.648167e-08, -2.636714e-06
35.600000, 2.878009e-06, 6.988522e-08, 6.988522e-08, -2.562275e-06
35.700000, 2.862279e-06, 9.840811e-08, 9.840811e-08, -2.493135e-06
35.800000, 2.842511e-06, 1.227243e-07, 1.227243e-07, -2.430824e-06
35.900000, 2.816944e-06, 1.422440e-07, 1.422440e-07, -2.373229e-06
36.000000, 2.786968e-06, 1.560565e-07, 1.560565e-07, -2.319902e-06
36.100000, 2.753085e-06, 1.661175e-07, 1.661175e-07, -2.271907e-06
36.200000, 2.715251e-06, 1.711531e-07, 1.711531e-07, -2.229119e-06
36.300000, 2.673202e-06, 1.722893e-07, 1.722893e-07, -2.191487e-06
36.400000, 2.626575e-06, 1.690665e-07, 1.690665e-07, -2.157428e-06
36.500000, 2.575675e-06, 1.625503e-07, 1.625503e-07, -2.126866e-06
36.600000, 2.521408e-06, 1.528357e-07, 1.528357e-07, -2.099061e-06
36.700000, 2.464604e-06, 1.405781e-07, 1.405781e-07, -2.073562e-06
36.800000, 2.405730e-06, 1.261682e-07, 1.261682e-07, -2.050483e-06
36.900000, 2.345788e-06, 1.101936e-07, 1.101936e-07, -2.029112e-06
37.000000, 2.283135e-06, 9.201681e-08, 9.201681e-08, -2.009234e-06
37.100000, 2.220815e-06, 7.273132e-08, 7.273132e-08, -1.990693e-06
37.200000, 2.156700e-06, 5.298797e-08, 5.298797e-08, -1.973412e-06
37.300000, 2.092098e-06, 3.230555e-08, 3.230555e-08, -1.955363e-06
37.400000, 2.028419e-06, 1.158552e-08, 1.158552e-08, -1.937431e-06
37.500000, 1.964465e-06, -8.565918e-09, -8.565918e-09, -1.919079e-06
37.600000, 1.902082e-06, -2.794895e-08, -2.794895e-08, -1.900433e-06
37.700000, 1.840725e-06, -4.631259e-08, -4.631259e-08, -1.880571e-06
37.800000, 1.780682e-06, -6.302327e-08, -6.302327e-08, -1.859090e-06
37.900000, 1.722498e-06, -7.890237e-08, -7.890237e-08, -1.836606e-06
38.000000, 1.666407e-06, -9.351641e-08, -9.351641e-08, -1.811931e-06
38.100000, 1.612363e-06, -1.060651e-07, -1.060651e-07, -1.786165e-06
38.200000, 1.559963e-06, -1.168852e-07, -1.168852e-07, -1.759272e-06
38.300000, 1.510446e-06, -1.259791e-07, -1.259791e-07, -1.729934e-06
38.400000, 1.462119e-06, -1.328556e-07, -1.328556e-07, -1.699832e-06
38.500000, 1.416648e-06, -1.377002e-07, -1.377002e-07, -1.667550e-06
38.600000, 1.372551e-06, -1.408272e-07, -1.408272e-07, -1.634099e-06
38.700000, 1.331964e-06, -1.421879e-07, -1.421879e-07, -1.597875e-06
38.800000, 1.292679e-06, -1.419519e-07, -1.419519e-07, -1.559746e-06
38.900000, 1.255069e-06, -1.399495e-07, -1.399495e-07, -1.520540e-06
39.000000, 1.219889e-06, -1.360373e-07, -1.360373e-07, -1.480002e-06
39.100000, 1.185863e-06, -1.310318e-07, -1.310318e-07, -1.439082e-06
39.200000, 1.153523e-06, -1.241338e-07, -1.241338e-07, -1.397477e-06
39.300000, 1.123473e-06, -1.163431e-07, -1.163431e-07, -1.354755e-06
39.400000, 1.094122e-06, -1.073035e-07, -1.073035e-07, -1.311074e-06
39.500000, 1.067278e-06, -9.705793e-08, -9.705793e-08, -1.266543e-06
39.600000, 1.041142e-06, -8.572248e-08, -8.572248e-08, -1.221816e-06
39.700000, 1.016739e-06, -7.368967e-08, -7.368967e-08, -1.176835e-06
39.800000, 9.930836e-07, -6.136669e-08, -6.136669e-08, -1.131980e-06
39.900000, 9.706007e-07, -4.830539e-08, -4.830539e-08, -1.087525e-06
40.000000, 9.488035e-07, -3.539398e-08, -3.539398e-08, -1.043610e-06
40.100000, 9.282207e-07, -2.205799e-08, -2.205799e-08, -1.000160e-06
40.200000, 9.080709e-07, -8.759395e-09, -8.759395e-09, -9.578359e-07
40.300000, 8.884703e-07, 4.516073e-09, 4.516073e-09, -9.155036e-07
40.400000, 8.695660e-07, 1.742270e-08, 1.742270e-08, -8.745738e-07
40.500000, 8.515069e-07, 3.033698e-08, 3.033698e-08, -8.348497e-07
40.600000, 8.329436e-07, 4.258278e-08, 4.258278e-08, -7.964969e-07
40.700000, 8.149539e-07, 5.401564e-08, 5.401564e-08, -7.592612e-07
40.800000, 7.971740e-07, 6.455389e-08, 6.455389e-08, -7.237823e-07
40.900000, 7.791693e-07, 7.388454e-08, 7.388454e-08, -6.902168e-07
41.000000, 7.606093e-07, 8.251977e-08, 8.251977e-08, -6.584801e-07
41.100000, 7.427423e-07, 9.011956e-08, 9.011956e-08, -6.281555e-07
41.200000, 7.237956e-07, 9.644109e-08, 9.644109e-08, -6.000548e-07
41.300000, 7.050002e-07, 1.015670e-07, 1.015670e-07, -5.738216e-07
41.400000, 6.859147e-07, 1.058014e-07, 1.058014e-07, -5.495176e-07
41.500000, 6.661352e-07, 1.087536e-07, 1.087536e-07, -5.272536e-07
41.600000, 6.465794e-07, 1.103703e-07, 1.103703e-07, -5.063453e-07
41.700000, 6.264570e-07, 1.107797e-07, 1.107797e-07, -4.875993e-07
41.800000, 6.063117e-07, 1.101891e-07, 1.101891e-07, -4.702837e-07
41.900000, 5.857022e-07, 1.088588e-07, 1.088588e-07, -4.550448e-07
42.000000, 5.647180e-07, 1.066677e-07, 1.066677e-07, -4.411606e-07
42.100000, 5.441577e-07, 1.034249e-07, 1.034249e-07, -4.281803e-07
42.200000, 5.234486e-07, 9.954870e-08, 9.954869e-08, -4.162027e-07
42.300000, 5.031506e-07, 9.524040e-08, 9.524040e-08, -4.055265e-07
42.400000, 4.825661e-07, 9.049835e-08, 9.049835e-08, -3.956542e-07
42.500000, 4.619987e-07, 8.510878e-08, 8.510878e-08, -3.866920e-07
42.600000, 4.412706e-07, 7.963948e-08, 7.963948e-08, -3.783867e-07
42.700000, 4.211915e-07, 7.382098e-08, 7.382098e-08, -3.705945e-07
42.800000, 4.017411e-07, 6.836691e-08, 6.836691e-08, -3.636912e-07
42.900000, 3.831446e-07, 6.293046e-08, 6.293046e-08, -3.565789e-07
43.000000, 3.651980e-07, 5.725158e-08, 5.725158e-08, -3.494222e-07
43.100000, 3.476975e-07, 5.195475e-08, 5.195475e-08, -3.426406e-07
43.200000, 3.310008e-07, 4.668134e-08, 4.668134e-08, -3.358684e-07
43.300000, 3.147512e-07, 4.209854e-08, 4.209854e-08, -3.294135e-07
43.400000, 2.992669e-07, 3.774611e-08, 3.774611e-08, -3.227325e-07
43.500000, 2.847881e-07, 3.389874e-08, 3.389873e-08, -3.157831e-07
43.600000, 2.701702e-07, 3.009981e-08, 3.009981e-08, -3.090453e-07
43.700000, 2.565413e-07, 2.691325e-08, 2.691325e-08, -3.022879e-07
43.800000, 2.437327e-07, 2.431450e-08, 2.431450e-08, -2.957233e-07
43.900000, 2.317053e-07, 2.180501e-08, 2.180501e-08, -2.885321e-07
44.000000, 2.204199e-07, 1.990792e-08, 1.990792e-08, -2.815166e-07
44.100000, 2.098280e-07, 1.823180e-08, 1.823180e-08, -2.745579e-07
44.200000, 2.000504e-07, 1.675080e-08, 1.675080e-08, -2.672884e-07
44.300000, 1.904702e-07, 1.560782e-08, 1.560782e-08, -2.599541e-07
44.400000, 1.818171e-07, 1.493393e-08, 1.493393e-08, -2.523866e-07
44.500000, 1.740116e-07, 1.455392e-08, 1.455392e-08, -2.448650e-07
44.600000, 1.664700e-07, 1.454510e-08, 1.454510e-08, -2.375786e-07
44.700000, 1.597911e-07, 1.503239e-08, 1.503239e-08, -2.302940e-07
44.800000, 1.538191e-07, 1.581750e-08, 1.581750e-08, -2.228840e-07
44.900000, 1.482263e-07, 1.662215e-08, 1.662215e-08, -2.155373e-07
45.000000, 1.434465e-07, 1.766992e-08, 1.766992e-08, -2.080071e-07
45.100000, 1.390810e-07, 1.887099e-08, 1.887099e-08, -2.007437e-07
45.200000, 1.352264e-07, 2.002177e-08, 2.002177e-08, -1.935088e-07
45.300000, 1.319007e-07, 2.157398e-08, 2.157398e-08, -1.866150e-07
45.400000, 1.287097e-07, 2.327203e-08, 2.327203e-08, -1.798151e-07
45.500000, 1.260180e-07, 2.496569e-08, 2.496569e-08, -1.732576e-07
45.600000, 1.237438e-07, 2.651056e-08, 2.651056e-08, -1.669602e-07
45.700000, 1.215944e-07, 2.815136e-08, 2.815136e-08, -1.605954e-07
45.800000, 1.200005e-07, 2.950802e-08, 2.950802e-08, -1.547274e-07
45.900000, 1.180595e-07, 3.079199e-08, 3.079199e-08, -1.491235e-07
46.000000, 1.164813e-07, 3.198816e-08, 3.198816e-08, -1.437422e-07
46.100000, 1.144034e-07, 3.304219e-08, 3.304219e-08, -1.390845e-07
46.200000, 1.123525e-07, 3.372680e-08, 3.372680e-08, -1.348354e-07
46.300000, 1.104345e-07, 3.440577e-08, 3.440577e-08, -1.305855e-07
46.400000, 1.084973e-07, 3.474775e-08, 3.474775e-08, -1.268136e-07
46.500000, 1.064934e-07, 3.479890e-08, 3.479890e-08, -1.232646e-07
46.600000, 1.045557e-07, 3.460603e-08, 3.460603e-08, -1.201872e-07
46.700000, 1.023338e-07, 3.424015e-08, 3.424015e-08, -1.175215e-07
46.800000, 9.971651e-08, 3.361080e-08, 3.361080e-08, -1.150211e-07
46.900000, 9.716006e-08, 3.291402e-08, 3.291402e-08, -1.129329e-07
47.000000, 9.467496e-08, 3.188720e-08, 3.188720e-08, -1.112513e-07
47.100000, 9.199720e-08, 3.075839e-08, 3.075839e-08, -1.099438e-07
47.200000, 8.946917e-08, 2.955303e-08, 2.955303e-08, -1.090167e-07
47.300000, 8.678239e-08, 2.814709e-08, 2.814709e-08, -1.083993e-07
47.400000, 8.414507e-08, 2.671404e-08, 2.671404e-08, -1.081279e-07
47.500000, 8.137020e-08, 2.503393e-08, 2.503393e-08, -1.081106e-07
47.600000, 7.882151e-08, 2.329473e-08, 2.329473e-08, -1.080644e-07
47.700000, 7.643526e-08, 2.141622e-08, 2.141622e-08, -1.081620e-07
47.800000, 7.387695e-08, 1.947157e-08, 1.947157e-08, -1.084319e-07
47.900000, 7.147776e-08, 1.755817e-08, 1.755817e-08, -1.088247e-07
48.000000, 6.921041e-08, 1.565020e-08, 1.565020e-08, -1.093632e-07
48.100000, 6.701977e-08, 1.378910e-08, 1.378910e-08, -1.101158e-07
48.200000, 6.490490e-08, 1.210986e-08, 1.210986e-08, -1.109982e-07
48.300000, 6.299094e-08, 1.041675e-08, 1.041675e-08, -1.118484e-07
48.400000, 6.120901e-08, 8.703406e-09, 8.703406e-09, -1.125314e-07
48.500000, 5.959469e-08, 7.104633e-09, 7.104633e-09, -1.130763e-07
48.600000, 5.813224e-08, 5.536204e-09, 5.536204e-09, -1.135547e-07
48.700000, 5.688680e-08, 4.072945e-09, 4.072945e-09, -1.140349e-07
48.800000, 5.585562e-08, 2.828931e-09, 2.828931e-09, -1.144862e-07
48.900000, 5.477304e-08, 1.660952e-09, 1.660952e-09, -1.148272e-07
49.000000, 5.390524e-08, 5.643410e-10, 5.643411e-10, -1.150422e-07
49.100000, 5.308920e-08, -3.440492e-10, -3.440491e-10, -1.150295e-07
49.200000, 5.238240e-08, -1.116328e-09, -1.116328e-09, -1.150475e-07
49.300000, 5.193403e-08, -1.798901e-09, -1.798901e-09, -1.147023e-07
49.400000, 5.158216e-08, -2.301745e-09, -2.301745e-09, -1.143169e-07
49.500000, 5.149569e-08, -2.649341e-09, -2.649341e-09, -1.137369e-07
49.600000, 5.127064e-08, -2.916518e-09, -2.916518e-09, -1.130225e-07
49.700000, 5.121196e-08, -3.017283e-09, -3.017283e-09, -1.120900e-07
49.800000, 5.136752e-08, -3.035176e-09, -3.035176e-09, -1.111392e-07
49.900000, 5.146501e-08, -3.027127e-09, -3.027127e-09, -1.099332e-07
50.000000, 5.172847e-08, -2.786246e-09, -2.786246e-09, -1.086693e-07
50.100000, 5.199838e-08, -2.434239e-09, -2.434239e-09, -1.073056e-07
50.200000, 5.231386e-08, -1.955555e-09, -1.955555e-09, -1.058233e-07
50.300000, 5.285315e-08, -1.383352e-09, -1.383352e-09, -1.041993e-07
50.400000, 5.327661e-08, -7.506321e-10, -7.506320e-10, -1.025716e-07
50.500000, 5.378576e-08, -1.106698e-10, -1.106697e-10, -1.008757e-07
50.600000, 5.441678e-08, 6.032308e-10, 6.032309e-10, -9.913416e-08
50.700000, 5.503516e-08, 1.310170e-09, 1.310170e-09, -9.737054e-08
50.800000, 5.568598e-08, 2.104303e-09, 2.104303e-09, -9.563908e-08
50.900000, 5.645932e-08, 2.906828e-09, 2.906829e-09, -9.391354e-08
51.000000, 5.710866e-08, 3.739498e-09, 3.739498e-09, -9.225467e-08
51.100000, 5.778130e-08, 4.463598e-09, 4.463598e-09, -9.061517e-08
51.200000, 5.844482e-08, 5.181540e-09, 5.181540e-09, -8.903065e-08
51.300000, 5.905583e-08, 5.861221e-09, 5.861221e-09, -8.740563e-08
51.400000, 5.962840e-08, 6.504634e-09, 6.504634e-09, -8.591110e-08
51.500000, 6.004897e-08, 7.119254e-09, 7.119254e-09, -8.455305e-08
51.600000, 6.050504e-08, 7.671820e-09, 7.671820e-09, -8.325794e-08
51.700000, 6.096686e-08, 8.187970e-09, 8.187970e-09, -8.207284e-08
51.800000, 6.137265e-08, 8.632837e-09, 8.632837e-09, -8.089010e-08
51.900000, 6.178051e-08, 9.044925e-09, 9.044925e-09, -7.976254e-08
52.000000, 6.206235e-08, 9.330740e-09, 9.330740e-09, -7.868882e-08
52.100000, 6.223477e-08, 9.506161e-09, 9.506161e-09, -7.767399e-08
52.200000, 6.232053e-08, 9.647293e-09, 9.647293e-09, -7.675284e-08
52.300000, 6.239962e-08, 9.755108e-09, 9.755108e-09, -7.587033e-08
52.400000, 6.242163e-08, 9.808807e-09, 9.808807e-09, -7.504736e-08
52.500000, 6.230306e-08, 9.864719e-09, 9.864719e-09, -7.429779e-08
52.600000, 6.218790e-08, 9.806732e-09, 9.806732e-09, -7.368375e-08
52.700000, 6.197816e-08, 9.709473e-09, 9.709473e-09, -7.307927e-08
52.800000, 6.178558e-08, 9.559313e-09, 9.559313e-09, -7.250174e-08
52.900000, 6.152596e-08, 9.398552e-09, 9.398552e-09, -7.191093e-08
53.000000, 6.121028e-08, 9.207367e-09, 9.207367e-09, -7.130713e-08
53.100000, 6.078330e-08, 8.961587e-09, 8.961587e-09, -7.078522e-08
53.200000, 6.034707e-08, 8.693124e-09, 8.693124e-09, -7.019145e-08
53.300000, 5.983157e-08, 8.406366e-09, 8.406366e-09, -6.961647e-08
53.400000, 5.929467e-08, 8.135887e-09, 8.135887e-09, -6.903020e-08
53.500000, 5.869297e-08, 7.843997e-09, 7.843997e-09, -6.849096e-08
53.600000, 5.805613e-08, 7.562336e-09, 7.562336e-09, -6.798306e-08
53.700000, 5.740642e-08, 7.248661e-09, 7.248661e-09, -6.748252e-08
53.800000, 5.674579e-08, 6.933290e-09, 6.933290e-09, -6.686297e-08
53.900000, 5.604571e-08, 6.665438e-09, 6.665438e-09, -6.623731e-08
54.000000, 5.537146e-08, 6.391055e-09, 6.391055e-09, -6.560487e-08
54.100000, 5.464281e-08, 6.097032e-09, 6.097033e-09, -6.491857e-08
54.200000, 5.398362e-08, 5.794019e-09, 5.794019e-09, -6.423271e-08
54.300000, 5.326545e-08, 5.596394e-09, 5.596394e-09, -6.353095e-08
54.400000, 5.254790e-08, 5.386671e-09, 5.386671e-09, -6.281273e-08
54.500000, 5.180966e-08, 5.210341e-09, 5.210341e-09, -6.203934e-08
54.600000, 5.104598e-08, 5.026947e-09, 5.026948e-09, -6.123717e-08
54.700000, 5.029728e-08, 4.842924e-09, 4.842924e-09, -6.038617e-08
54.800000, 4.956553e-08, 4.713678e-09, 4.713678e-09, -5.958288e-08
54.900000, 4.888789e-08, 4.615154e-09, 4.615154e-09, -5.868487e-08
55.000000, 4.818001e-08, 4.527499e-09, 4.527499e-09, -5.778970e-08
55.100000, 4.751857e-08, 4.478680e-09, 4.478681e-09, -5.685465e-08
55.200000, 4.685896e-08, 4.413044e-09, 4.413044e-09, -5.592412e-08
55.300000, 4.618803e-08, 4.407178e-09, 4.407178e-09, -5.497757e-08
55.400000, 4.550781e-08, 4.400235e-09, 4.400235e-09, -5.405248e-08
55.500000, 4.484584e-08, 4.398883e-09, 4.398883e-09, -5.304974e-08
55.600000, 4.424422e-08, 4.401017e-09, 4.401017e-09, -5.206769e-08
55.700000, 4.359389e-08, 4.416525e-09, 4.416525e-09, -5.110151e-08
55.800000, 4.297463e-08, 4.481271e-09, 4.481272e-09, -5.012679e-08
55.900000, 4.237251e-08, 4.517331e-09, 4.517331e-09, -4.912333e-08
56.000000, 4.174643e-08, 4.564657e-09, 4.564657e-09, -4.814618e-08
56.100000, 4.112958e-08, 4.641578e-09, 4.641579e-09, -4.717699e-08
56.200000, 4.052900e-08, 4.702640e-09, 4.702640e-09, -4.624714e-08
56.300000, 3.997491e-08, 4.762245e-09, 4.762245e-09, -4.530518e-08
56.400000, 3.936346e-08, 4.842408e-09, 4.842408e-09, -4.437480e-08
56.500000, 3.877972e-08, 4.898357e-09, 4.898357e-09, -4.343474e-08
56.600000, 3.821442e-08, 4.975945e-09, 4.975945e-09, -4.251058e-08
56.700000, 3.761644e-08, 5.042690e-09, 5.042691e-09, -4.161874e-08
56.800000, 3.701709e-08, 5.093501e-09, 5.093501e-09, -4.077619e-08
56.900000, 3.643120e-08, 5.121021e-09, 5.121021e-09, -3.991307e-08
57.000000, 3.583777e-08, 5.137516e-09, 5.137516e-09, -3.907494e-08
57.100000, 3.523774e-08, 5.164861e-09, 5.164861e-09, -3.825808e-08
57.200000, 3.464461e-08, 5.179218e-09, 5.179218e-09, -3.745523e-08
57.300000, 3.402621e-08, 5.186720e-09, 5.186720e-09, -3.667532e-08
57.400000, 3.342355e-08, 5.183394e-09, 5.183394e-09, -3.591598e-08
57.500000, 3.280135e-08, 5.136923e-09, 5.136923e-09, -3.515100e-08
57.600000, 3.216809e-08, 5.096388e-09, 5.096389e-09, -3.443321e-08
57.700000, 3.154107e-08, 5.051257e-09, 5.051257e-09, -3.372557e-08
57.800000, 3.089691e-08, 4.992771e-09, 4.992771e-09, -3.305248e-08
57.900000, 3.027309e-08, 4.935657e-09, 4.935657e-09, -3.240210e-08
58.000000, 2.959901e-08, 4.862158e-09, 4.862158e-09, -3.177909e-08
58.100000, 2.895698e-08, 4.782827e-09, 4.782827e-09, -3.117936e-08
58.200000, 2.832390e-08, 4.698369e-09, 4.698369e-09, -3.059192e-08
58.300000, 2.767074e-08, 4.607197e-09, 4.607197e-09, -2.998830e-08
58.400000, 2.703756e-08, 4.504146e-09, 4.504146e-09, -2.942893e-08
58.500000, 2.638183e-08, 4.394547e-09, 4.394547e-09, -2.888496e-08
58.600000, 2.571982e-08, 4.278708e-09, 4.278708e-09, -2.836292e-08
58.700000, 2.507627e-08, 4.173239e-09, 4.173239e-09, -2.783190e-08
58.800000, 2.442264e-08, 4.060168e-09, 4.060168e-09, -2.731291e-08
58.900000, 2.381726e-08, 3.949022e-09, 3.949022e-09, -2.678003e-08
59.000000, 2.321235e-08, 3.832607e-09, 3.832607e-09, -2.628368e-08
59.100000, 2.259117e-08, 3.721438e-09, 3.721438e-09, -2.578111e-08
59.200000, 2.196575e-08, 3.614715e-09, 3.614715e-09, -2.528370e-08
59.300000, 2.138116e-08, 3.512866e-09, 3.512866e-09, -2.481168e-08
59.400000, 2.075957e-08, 3.420224e-09, 3.420224e-09, -2.433505e-08
59.500000, 2.017569e-08, 3.323613e-09, 3.323613e-09, -2.386212e-08
59.600000, 1.960121e-08, 3.220908e-09, 3.220908e-09, -2.338391e-08
59.700000, 1.903842e-08, 3.125429e-09, 3.125429e-09, -2.290632e-08
59.800000, 1.847401e-08, 3.039675e-09, 3.039675e-09, -2.244186e-08
59.900000, 1.794061e-08, 2.960827e-09, 2.960827e-09, -2.196613e-08
60.000000, 1.739880e-08, 2.878466e-09, 2.878466e-09, -2.150528e-08
60.100000, 1.686868e-08, 2.796503e-09, 2.796503e-09, -2.103879e-08
60.200000, 1.634541e-08, 2.719826e-09, 2.719826e-09, -2.058765e-08
60.300000, 1.586105e-08, 2.644347e-09, 2.644347e-09, -2.012209e-08
60.400000, 1.536926e-08, 2.584592e-09, 2.584592e-09, -1.966316e-08
60.500000, 1.491049e-08, 2.535001e-09, 2.535001e-09, -1.920712e-08
60.600000, 1.444898e-08, 2.485793e-09, 2.485793e-09, -1.876768e-08
60.700000, 1.400248e-08, 2.439665e-09, 2.439665e-09, -1.833549e-08
60.800000, 1.355231e-08, 2.395619e-09, 2.395619e-09, -1.790082e-08
60.900000, 1.312937e-08, 2.364657e-09, 2.364657e-09, -1.744779e-08
61.000000, 1.269912e-08, 2.318794e-09, 2.318794e-09, -1.701111e-08
61.100000, 1.230535e-08, 2.280860e-09, 2.280860e-09, -1.656804e-08
61.200000, 1.190215e-08, 2.249811e-09, 2.249811e-09, -1.615096e-08
61.300000, 1.153406e-08, 2.219459e-09, 2.219459e-09, -1.572693e-08
61.400000, 1.116609e-08, 2.192299e-09, 2.192299e-09, -1.531986e-08
61.500000, 1.081814e-08, 2.178531e-09, 2.178531e-09, -1.491858e-08
61.600000, 1.046989e-08, 2.164145e-09, 2.164145e-09, -1.452907e-08
61.700000, 1.013716e-08, 2.144522e-09, 2.144522e-09, -1.413348e-08
61.800000, 9.804843e-09, 2.133080e-09, 2.133080e-09, -1.376545e-08
61.900000, 9.486795e-09, 2.125013e-09, 2.125013e-09, -1.340193e-08
62.000000, 9.164368e-09, 2.112053e-09, 2.112053e-09, -1.303979e-08
62.100000, 8.873372e-09, 2.100465e-09, 2.100465e-09, -1.269101e-08
62.200000, 8.577363e-09, 2.091761e-09, 2.091761e-09, -1.235809e-08
62.300000, 8.295115e-09, 2.072443e-09, 2.072443e-09, -1.202714e-08
62.400000, 8.016049e-09, 2.053690e-09, 2.053690e-09, -1.171200e-08
62.500000, 7.747500e-09, 2.039237e-09, 2.039237e-09, -1.140114e-08
62.600000, 7.474014e-09, 2.012348e-09, 2.012348e-09, -1.111170e-08
62.700000, 7.225593e-09, 1.997647e-09, 1.997647e-09, -1.082411e-08
62.800000, 6.974776e-09, 1.977096e-09, 1.977096e-09, -1.054645e-08
62.900000, 6.732297e-09, 1.958060e-09, 1.958060e-09, -1.027554e-08
63.000000, 6.481885e-09, 1.939284e-09, 1.939284e-09, -1.001928e-08
63.100000, 6.249964e-09, 1.915749e-09, 1.915749e-09, -9.765158e-09
63.200000, 6.018086e-09, 1.884683e-09, 1.884683e-09, -9.528475e-09
63.300000, 5.800387e-09, 1.853899e-09, 1.853899e-09, -9.290771e-09
63.400000, 5.578915e-09, 1.821445e-09, 1.821445e-09, -9.066218e-09
63.500000, 5.376916e-09, 1.787335e-09, 1.787335e-09, -8.846483e-09
63.600000, 5.176800e-09, 1.750491e-09, 1.750491e-09, -8.643510e-09
63.700000, 4.985165e-09, 1.720800e-09, 1.720800e-09, -8.440951e-09
63.800000, 4.795839e-09, 1.685779e-09, 1.685779e-09, -8.248223e-09
63.900000, 4.614179e-09, 1.653784e-09, 1.653784e-09, -8.058613e-09
64.000000, 4.431686e-09, 1.613078e-09, 1.613078e-09, -7.881239e-09
64.100000, 4.259522e-09, 1.576880e-09, 1.576880e-09, -7.706291e-09
64.200000, 4.095590e-09, 1.537172e-09, 1.537172e-09, -7.542200e-09
64.300000, 3.934874e-09, 1.502006e-09, 1.502006e-09, -7.380195e-09
64.400000, 3.775138e-09, 1.463324e-09, 1.463324e-09, -7.226044e-09
64.500000, 3.623968e-09, 1.431314e-09, 1.431314e-09, -7.065180e-09
64.600000, 3.480539e-09, 1.393108e-09, 1.393108e-09, -6.917920e-09
64.700000, 3.351230e-09, 1.359137e-09, 1.359137e-09, -6.774863e-09
64.800000, 3.216125e-09, 1.325800e-09, 1.325800e-09, -6.636558e-09
64.900000, 3.088230e-09, 1.294809e-09, 1.294809e-09, -6.495867e-09
65.000000, 2.965630e-09, 1.263584e-09, 1.263584e-09, -6.363292e-09
65.100000, 2.849593e-09, 1.236098e-09, 1.236098e-09, -6.227810e-09
65.200000, 2.736335e-09, 1.206445e-09, 1.206445e-09, -6.102455e-09
65.300000, 2.633116e-09, 1.180811e-09, 1.180810e-09, -5.971838e-09
65.400000, 2.530459e-09, 1.148802e-09, 1.148802e-09, -5.849422e-09
65.500000, 2.431346e-09, 1.126458e-09, 1.126458e-09, -5.728932e-09
65.600000, 2.337629e-09, 1.102351e-09, 1.102351e-09, -5.614257e-09
65.700000, 2.252554e-09, 1.081137e-09, 1.081137e-09, -5.496664e-09
65.800000, 2.168250e-09, 1.060779e-09, 1.060779e-09, -5.385267e-09
65.900000, 2.087246e-09, 1.043852e-09, 1.043852e-09, -5.271457e-09
66.000000, 2.009543e-09, 1.023343e-09, 1.023343e-09, -5.168476e-09
66.100000, 1.941981e-09, 1.008907e-09, 1.008907e-09, -5.060585e-09
66.200000, 1.877894e-09, 9.948852e-10, 9.948852e-10, -4.954181e-09
66.300000, 1.817742e-09, 9.825924e-10, 9.825924e-10, -4.846545e-09
66.400000, 1.757507e-09, 9.686873e-10, 9.686873e-10, -4.748114e-09
66.500000, 1.703588e-09, 9.554387e-10, 9.554387e-10, -4.645285e-09
66.600000, 1.647718e-09, 9.410955e-10, 9.410954e-10, -4.548970e-09
66.700000, 1.600920e-09, 9.313815e-10, 9.313815e-10, -4.449777e-09
66.800000, 1.557784e-09, 9.202414e-10, 9.202414e-10, -4.358735e-09
66.900000, 1.516790e-09, 9.106664e-10, 9.106664e-10, -4.266961e-09
67.000000, 1.474749e-09, 9.008986e-10, 9.008986e-10, -4.180471e-09
67.100000, 1.437968e-09, 8.930919e-10, 8.930919e-10, -4.090461e-09
67.200000, 1.401171e-09, 8.832440e-10, 8.832440e-10, -4.008820e-09
67.300000, 1.370294e-09, 8.788384e-10, 8.788384e-10, -3.924778e-09
67.400000, 1.339049e-09, 8.712117e-10, 8.712117e-10, -3.847014e-09
67.500000, 1.312406e-09, 8.632924e-10, 8.632924e-10, -3.769025e-09
67.600000, 1.285215e-09, 8.551255e-10, 8.551255e-10, -3.696222e-09
67.700000, 1.260769e-09, 8.490517e-10, 8.490517e-10, -3.619943e-09
67.800000, 1.237005e-09, 8.427232e-10, 8.427232e-10, -3.548785e-09
67.900000, 1.217439e-09, 8.367287e-10, 8.367287e-10, -3.477436e-09
68.000000, 1.194666e-09, 8.266490e-10, 8.266490e-10, -3.412521e-09
68.100000, 1.175968e-09, 8.176440e-10, 8.176440e-10, -3.348461e-09
68.200000, 1.156708e-09, 8.076955e-10, 8.076955e-10, -3.288477e-09
68.300000, 1.141091e-09, 8.002173e-10, 8.002173e-10, -3.224884e-09
68.400000, 1.123724e-09, 7.925699e-10, 7.925698e-10, -3.166899e-09
68.500000, 1.108641e-09, 7.851355e-10, 7.851355e-10, -3.105902e-09
68.600000, 1.090946e-09, 7.743834e-10, 7.743834e-10, -3.054000e-09
68.700000, 1.077013e-09, 7.648568e-10, 7.648567e-10, -2.998525e-09
68.800000, 1.061075e-09, 7.546205e-10, 7.546205e-10, -2.949414e-09
68.900000, 1.049926e-09, 7.448606e-10, 7.448606e-10, -2.895487e-09
69.000000, 1.037052e-09, 7.335288e-10, 7.335288e-10, -2.847504e-09
69.100000, 1.025015e-09, 7.231026e-10, 7.231026e-10, -2.799673e-09
69.200000, 1.010341e-09, 7.110537e-10, 7.110537e-10, -2.757678e-09
69.300000, 1.001138e-09, 7.003667e-10, 7.003667e-10, -2.711829e-09
69.400000, 9.877273e-10, 6.885370e-10, 6.885370e-10, -2.670255e-09
69.500000, 9.788322e-10, 6.782578e-10, 6.782578e-10, -2.625636e-09
69.600000, 9.663838e-10, 6.660874e-10, 6.660874e-10, -2.585720e-09
69.700000, 9.557477e-10, 6.546569e-10, 6.546569e-10, -2.544040e-09
69.800000, 9.426757e-10, 6.429998e-10, 6.429998e-10, -2.507014e-09
69.900000, 9.340015e-10, 6.333171e-10, 6.333171e-10, -2.465701e-09
70.000000, 9.234617e-10, 6.220108e-10, 6.220108e-10, -2.429700e-09
70.100000, 9.158350e-10, 6.124943e-10, 6.124943e-10, -2.390627e-09
70.200000, 9.058938e-10, 6.015141e-10, 6.015140e-10, -2.355533e-09
70.300000, 8.985771e-10, 5.917729e-10, 5.917729e-10, -2.316935e-09
70.400000, 8.885525e-10, 5.812262e-10, 5.812262e-10, -2.282708e-09
70.500000, 8.824160e-10, 5.726427e-10, 5.726427e-10, -2.244534e-09
70.600000, 8.725980e-10, 5.628450e-10, 5.628450e-10, -2.210926e-09
70.700000, 8.665335e-10, 5.542677e-10, 5.542677e-10, -2.174161e-09
70.800000, 8.576592e-10, 5.441472e-10, 5.441472e-10, -2.141395e-09
70.900000, 8.506612e-10, 5.361045e-10, 5.361045e-10, -2.106525e-09
71.000000, 8.413978e-10, 5.272869e-10, 5.272869e-10, -2.074884e-09
71.100000, 8.365320e-10, 5.198611e-10, 5.198611e-10, -2.039690e-09
71.200000, 8.276173e-10, 5.117140e-10, 5.117140e-10, -2.008696e-09
71.300000, 8.221575e-10, 5.049793e-10, 5.049793e-10, -1.974585e-09
71.400000, 8.142856e-10, 4.968690e-10, 4.968690e-10, -1.943555e-09
71.500000, 8.091882e-10, 4.902131e-10, 4.902131e-10, -1.909403e-09
71.600000, 8.019349e-10, 4.831451e-10, 4.831451e-10, -1.877844e-09
71.700000, 7.970981e-10, 4.775520e-10, 4.775520e-10, -1.843788e-09
71.800000, 7.894045e-10, 4.708718e-10, 4.708718e-10, -1.814000e-09
71.900000, 7.847000e-10, 4.651185e-10, 4.651185e-10, -1.781043e-09
72.000000, 7.762551e-10, 4.582731e-10, 4.582731e-10, -1.751843e-09
72.100000, 7.713849e-10, 4.528545e-10, 4.528545e-10, -1.719605e-09
72.200000, 7.634100e-10, 4.466747e-10, 4.466747e-10, -1.690634e-09
72.300000, 7.583203e-10, 4.416024e-10, 4.416024e-10, -1.658593e-09
72.400000, 7.501133e-10, 4.358969e-10, 4.358969e-10, -1.629916e-09
72.500000, 7.447600e-10, 4.309380e-10, 4.309380e-10, -1.598538e-09
72.600000, 7.369717e-10, 4.250444e-10, 4.250444e-10, -1.570904e-09
72.700000, 7.319572e-10, 4.207343e-10, 4.207343e-10, -1.540554e-09
72.800000, 7.234047e-10, 4.153628e-10, 4.153628e-10, -1.513605e-09
72.900000, 7.174611e-10, 4.107227e-10, 4.107227e-10, -1.484258e-09
73.000000, 7.093549e-10, 4.052526e-10, 4.052526e-10, -1.458008e-09
73.100000, 7.034526e-10, 4.008667e-10, 4.008667e-10, -1.429441e-09
73.200000, 6.949668e-10, 3.954138e-10, 3.954138e-10, -1.404450e-09
73.300000, 6.885334e-10, 3.910705e-10, 3.910705e-10, -1.376522e-09
73.400000, 6.795666e-10, 3.857864e-10, 3.857864e-10, -1.351725e-09
73.500000, 6.722042e-10, 3.812627e-10, 3.812627e-10, -1.324600e-09
73.600000, 6.624987e-10, 3.756599e-10, 3.756599e-10, -1.301143e-09
73.700000, 6.553187e-10, 3.709523e-10, 3.709523e-10, -1.275393e-09
73.800000, 6.452239e-10, 3.651924e-10, 3.651924e-10, -1.252659e-09
73.900000, 6.372636e-10, 3.605861e-10, 3.605861e-10, -1.227402e-09
74.000000, 6.269711e-10, 3.549609e-10, 3.549609e-10, -1.205627e-09
74.100000, 6.192180e-10, 3.502402e-10, 3.502402e-10, -1.181376e-09
74.200000, 6.085546e-10, 3.444480e-10, 3.444480e-10, -1.160289e-09
74.300000, 5.996811e-10, 3.398244e-10, 3.398244e-10, -1.136717e-09
74.400000, 5.887496e-10, 3.338258e-10, 3.338258e-10, -1.116101e-09
74.500000, 5.799783e-10, 3.288974e-10, 3.288974e-10, -1.093206e-09
74.600000, 5.688438e-10, 3.228425e-10, 3.228425e-10, -1.073541e-09
74.700000, 5.600752e-10, 3.177878e-10, 3.177878e-10, -1.051372e-09
74.800000, 5.485922e-10, 3.118731e-10, 3.118731e-10, -1.032589e-09
74.900000, 5.390721e-10, 3.069421e-10, 3.069421e-10, -1.011401e-09
75.000000, 5.274095e-10, 3.011201e-10, 3.011201e-10, -9.929613e-10
75.100000, 5.178987e-10, 2.962443e-10, 2.962443e-10, -9.719724e-10
75.200000, 5.060862e-10, 2.904385e-10, 2.904385e-10, -9.542199e-10
75.300000, 4.964228e-10, 2.856107e-10, 2.856107e-10, -9.341757e-10
75.400000, 4.845646e-10, 2.798684e-10, 2.798684e-10, -9.169854e-10
75.500000, 4.748897e-10, 2.752167e-10, 2.752167e-10, -8.973561e-10
75.600000, 4.633448e-10, 2.696319e-10, 2.696319e-10, -8.801960e-10
75.700000, 4.537771e-10, 2.652033e-10, 2.652033e-10, -8.608094e-10
75.800000, 4.420284e-10, 2.596881e-10, 2.596881e-10, -8.442210e-10
75.900000, 4.324728e-10, 2.551825e-10, 2.551825e-10, -8.252598e-10
76.000000, 4.209507e-10, 2.497194e-10, 2.497194e-10, -8.092771e-10
76.100000, 4.113636e-10, 2.454946e-10, 2.454946e-10, -7.910662e-10
76.200000, 3.998575e-10, 2.405665e-10, 2.405665e-10, -7.755632e-10
76.300000, 3.902607e-10, 2.366354e-10, 2.366354e-10, -7.576283e-10
76.400000, 3.786863e-10, 2.318268e-10, 2.318268e-10, -7.423493e-10
76.500000, 3.692113e-10, 2.279863e-10, 2.279864e-10, -7.248643e-10
76.600000, 3.578453e-10, 2.233674e-10, 2.233674e-10, -7.101065e-10
76.700000, 3.486609e-10, 2.198429e-10, 2.198429e-10, -6.931099e-10
76.800000, 3.375129e-10, 2.154594e-10, 2.154594e-10, -6.785459e-10
76.900000, 3.282732e-10, 2.120015e-10, 2.120015e-10, -6.618630e-10
77.000000, 3.174085e-10, 2.077309e-10, 2.077309e-10, -6.476529e-10
77.100000, 3.085667e-10, 2.045533e-10, 2.045533e-10, -6.313431e-10
77.200000, 2.979174e-10, 2.005386e-10, 2.005386e-10, -6.175049e-10
77.300000, 2.893150e-10, 1.975766e-10, 1.975767e-10, -6.015189e-10
77.400000, 2.787111e-10, 1.938100e-10, 1.938100e-10, -5.881057e-10
77.500000, 2.700899e-10, 1.909145e-10, 1.909145e-10, -5.726878e-10
77.600000, 2.596506e-10, 1.871748e-10, 1.871748e-10, -5.598439e-10
77.700000, 2.512911e-10, 1.844334e-10, 1.844334e-10, -5.447750e-10
77.800000, 2.411209e-10, 1.809195e-10, 1.809195e-10, -5.320565e-10
77.900000, 2.330402e-10, 1.782908e-10, 1.782908e-10, -5.174501e-10
78.000000, 2.232053e-10, 1.748470e-10, 1.748470e-10, -5.053428e-10
78.100000, 2.153958e-10, 1.722967e-10, 1.722967e-10, -4.911025e-10
78.200000, 2.057794e-10, 1.689555e-10, 1.689555e-10, -4.793263e-10
78.300000, 1.982105e-10, 1.665382e-10, 1.665382e-10, -4.656365e-10
78.400000, 1.888607e-10, 1.633201e-10, 1.633201e-10, -4.542385e-10
78.500000, 1.815046e-10, 1.610500e-10, 1.610500e-10, -4.409287e-10
78.600000, 1.723748e-10, 1.578961e-10, 1.578961e-10, -4.301178e-10
78.700000, 1.651549e-10, 1.556578e-10, 1.556578e-10, -4.173910e-10
78.800000, 1.562431e-10, 1.526477e-10, 1.526478e-10, -4.069826e-10
78.900000, 1.492314e-10, 1.504870e-10, 1.504870e-10, -3.946680e-10
79.000000, 1.405563e-10, 1.475140e-10, 1.475140e-10, -3.846989e-10
79.100000, 1.337913e-10, 1.453759e-10, 1.453759e-10, -3.728763e-10
79.200000, 1.253339e-10, 1.424362e-10, 1.424362e-10, -3.633660e-10
79.300000, 1.187425e-10, 1.403182e-10, 1.403182e-10, -3.519522e-10
79.400000, 1.105882e-10, 1.374538e-10, 1.374538e-10, -3.428496e-10
79.500000, 1.043045e-10, 1.354422e-10, 1.354422e-10, -3.318694e-10
79.600000, 9.639146e-11, 1.326597e-10, 1.326597e-10, -3.231124e-10
79.700000, 9.029721e-11, 1.307062e-10, 1.307062e-10, -3.125670e-10
79.800000, 8.256177e-11, 1.279756e-10, 1.279757e-10, -3.042745e-10
79.900000, 7.670419e-11, 1.260519e-10, 1.260519e-10, -2.941723e-10
80.000000, 6.920282e-11, 1.233723e-10, 1.233723e-10, -2.862966e-10
80.100000, 6.355876e-11, 1.214951e-10, 1.214951e-10, -2.766049e-10
80.200000, 5.635993e-11, 1.188752e-10, 1.188752e-10, -2.690852e-10
80.300000, 5.097973e-11, 1.170731e-10, 1.170732e-10, -2.597448e-10
80.400000, 4.405527e-11, 1.144987e-10, 1.144987e-10, -2.525655e-10
80.500000, 3.895538e-11, 1.127393e-10, 1.127393e-10, -2.435938e-10
80.600000, 3.230356e-11, 1.102505e-10, 1.102505e-10, -2.367509e-10
80.700000, 2.743649e-11, 1.085614e-10, 1.085614e-10, -2.281437e-10
80.800000, 2.105803e-11, 1.061676e-10, 1.061677e-10, -2.216012e-10
80.900000, 1.645866e-11, 1.045582e-10, 1.045582e-10, -2.133080e-10
81.000000, 1.039906e-11, 1.022575e-10, 1.022576e-10, -2.070674e-10
81.100000, 6.060670e-12, 1.007607e-10, 1.007607e-10, -1.990940e-10
81.200000, 2.561236e-13, 9.853906e-11, 9.853910e-11, -1.931353e-10
81.300000, -3.816237e-12, 9.710889e-11, 9.710893e-11, -1.854501e-10
81.400000, -9.342260e-12, 9.497240e-11, 9.497244e-11, -1.797634e-10
81.500000, -1.315165e-11, 9.359739e-11, 9.359742e-11, -1.723800e-10
81.600000, -1.836055e-11, 9.153138e-11, 9.153141e-11, -1.669988e-10
81.700000, -2.191526e-11, 9.024757e-11, 9.024760e-11, -1.598919e-10
81.800000, -2.687494e-11, 8.828417e-11, 8.828420e-11, -1.546931e-10
81.900000, -3.017167e-11, 8.707973e-11, 8.707976e-11, -1.478488e-10
82.000000, -3.485731e-11, 8.519373e-11, 8.519377e-11, -1.429319e-10
82.100000, -3.789290e-11, 8.407441e-11, 8.407444e-11, -1.363233e-10
82.200000, -4.233002e-11, 8.229393e-11, 8.229397e-11, -1.316244e-10
82.300000, -4.513145e-11, 8.125049e-11, 8.125052e-11, -1.252899e-10
82.400000, -4.930372e-11, 7.953998e-11, 7.954001e-11, -1.208024e-10
82.500000, -5.185607e-11, 7.857528e-11, 7.857532e-11, -1.146849e-10
82.600000, -5.579491e-11, 7.694285e-11, 7.694288e-11, -1.104477e-10
82.700000, -5.812134e-11, 7.602205e-11, 7.602209e-11, -1.045682e-10
82.800000, -6.181326e-11, 7.445444e-11, 7.445448e-11, -1.005319e-10
82.900000, -6.391549e-11, 7.360485e-11, 7.360488e-11, -9.488629e-11
83.000000, -6.738851e-11, 7.208384e-11, 7.208388e-11, -9.106339e-11
83.100000, -6.928147e-11, 7.128160e-11, 7.128164e-11, -8.564512e-11
83.200000, -7.252470e-11, 6.982616e-11, 6.982620e-11, -8.201555e-11
83.300000, -7.424313e-11, 6.908046e-11, 6.908050e-11, -7.680373e-11
83.400000, -7.727150e-11, 6.768878e-11, 6.768881e-11, -7.338163e-11
83.500000, -7.877547e-11, 6.698762e-11, 6.698766e-11, -6.839125e-11
83.600000, -8.159213e-11, 6.564153e-11, 6.564157e-11, -6.514050e-11
83.700000, -8.291720e-11, 6.498145e-11, 6.498148e-11, -6.036867e-11
83.800000, -8.555394e-11, 6.367480e-11, 6.367484e-11, -5.733586e-11
83.900000, -8.670332e-11, 6.304733e-11, 6.304737e-11, -5.276630e-11
84.000000, -8.916285e-11, 6.178973e-11, 6.178977e-11, -4.992189e-11
84.100000, -9.016147e-11, 6.118321e-11, 6.118324e-11, -4.556820e-11
84.200000, -9.245753e-11, 5.994592e-11, 5.994596e-11, -4.290106e-11
84.300000, -9.331321e-11, 5.937508e-11, 5.937512e-11, -3.873831e-11
84.400000, -9.544738e-11, 5.816474e-11, 5.816478e-11, -3.625215e-11
84.500000, -9.615671e-11, 5.761291e-11, 5.761294e-11, -3.227922e-11
84.600000, -9.814129e-11, 5.643490e-11, 5.643494e-11, -2.995864e-11
84.700000, -9.871041e-11, 5.590394e-11, 5.590397e-11, -2.617358e-11
84.800000, -1.005631e-10, 5.475849e-11, 5.475853e-11, -2.402357e-11
84.900000, -1.010164e-10, 5.424568e-11, 5.424571e-11, -2.040303e-11
85.000000, -1.027229e-10, 5.312030e-11, 5.312034e-11, -1.840560e-11
85.100000, -1.030508e-10, 5.262883e-11, 5.262886e-11, -1.495945e-11
85.200000, -1.046370e-10, 5.152747e-11, 5.152751e-11, -1.311769e-11
85.300000, -1.048537e-10, 5.104205e-11, 5.104209e-11, -9.837198e-12
85.400000, -1.063252e-10, 4.995883e-11, 4.995886e-11, -8.135092e-12
85.500000, -1.064389e-10, 4.949183e-11, 4.949186e-11, -5.000323e-12
85.600000, -1.077830e-10, 4.843385e-11, 4.843388e-11, -3.421929e-12
85.700000, -1.078000e-10, 4.798710e-11, 4.798714e-11, -4.367180e-13
85.800000, -1.090316e-10, 4.695114e-11, 4.695118e-11, 1.020009e-12
85.900000, -1.089571e-10, 4.652438e-11, 4.652442e-11, 3.872515e-12
86.000000, -1.100917e-10, 4.551494e-11, 4.551497e-11, 5.196127e-12
86.100000, -1.099254e-10, 4.510210e-11, 4.510213e-11, 7.924278e-12
86.200000, -1.109609e-10, 4.411670e-11, 4.411673e-11, 9.150921e-12
86.300000, -1.107166e-10, 4.372510e-11, 4.372513e-11, 1.175804e-11
86.400000, -1.116535e-10, 4.275926e-11, 4.275929e-11, 1.287865e-11
86.500000, -1.113264e-10, 4.238597e-11, 4.238600e-11, 1.537059e-11
86.600000, -1.121814e-10, 4.144768e-11, 4.144771e-11, 1.639132e-11
86.700000, -1.117808e-10, 4.109090e-11, 4.109092e-11, 1.877501e-11
86.800000, -1.125561e-10, 4.017679e-11, 4.017681e-11, 1.970761e-11
86.900000, -1.120905e-10, 3.984140e-11, 3.984143e-11, 2.198708e-11
87.000000, -1.127939e-10, 3.894906e-11, 3.894909e-11, 2.284062e-11
87.100000, -1.122651e-10, 3.863124e-11, 3.863126e-11, 2.503167e-11
87.200000, -1.128952e-10, 3.776619e-11, 3.776621e-11, 2.580804e-11
87.300000, -1.123103e-10, 3.746704e-11, 3.746706e-11, 2.791188e-11
87.400000, -1.128750e-10, 3.662642e-11, 3.662644e-11, 2.861229e-11
87.500000, -1.122393e-10, 3.634531e-11, 3.634533e-11, 3.062682e-11
87.600000, -1.127397e-10, 3.552122e-11, 3.552124e-11, 3.125774e-11
87.700000, -1.120555e-10, 3.525771e-11, 3.525773e-11, 3.318740e-11
87.800000, -1.125048e-10, 3.445859e-11, 3.445861e-11, 3.375026e-11
87.900000, -1.117771e-10, 3.420937e-11, 3.420939e-11, 3.560897e-11
88.000000, -1.121719e-10, 3.343210e-11, 3.343212e-11, 3.611212e-11
88.100000, -1.114066e-10, 3.319765e-11, 3.319766e-11, 3.789564e-11
88.200000, -1.117519e-10, 3.243834e-11, 3.243835e-11, 3.833748e-11
88.300000, -1.109531e-10, 3.221991e-11, 3.221992e-11, 4.004948e-11
88.400000, -1.112573e-10, 3.147774e-11, 3.147775e-11, 4.043619e-11
88.500000, -1.104270e-10, 3.127034e-11, 3.127035e-11, 4.207961e-11
88.600000, -1.106922e-10, 3.054551e-11, 3.054552e-11, 4.241216e-11
88.700000, -1.098343e-10, 3.034947e-11, 3.034948e-11, 4.398959e-11
88.800000, -1.100631e-10, 2.964076e-11, 2.964077e-11, 4.426772e-11
88.900000, -1.091847e-10, 2.945460e-11, 2.945461e-11, 4.578270e-11
89.000000, -1.093834e-10, 2.875874e-11, 2.875874e-11, 4.601291e-11
89.100000, -1.084851e-10, 2.858162e-11, 2.858163e-11, 4.746303e-11
89.200000, -1.086561e-10, 2.789905e-11, 2.789906e-11, 4.764108e-11
89.300000, -1.077411e-10, 2.772922e-11, 2.772923e-11, 4.903102e-11
89.400000, -1.078873e-10, 2.705810e-11, 2.705810e-11, 4.916009e-11
89.500000, -1.069579e-10, 2.689502e-11, 2.689502e-11, 5.049095e-11
89.600000, -1.070833e-10, 2.623739e-11, 2.623739e-11, 5.057645e-11
89.700000, -1.061448e-10, 2.608185e-11, 2.608186e-11, 5.185278e-11
89.800000, -1.062515e-10, 2.543348e-11, 2.543348e-11, 5.189559e-11
89.900000, -1.053050e-10, 2.528396e-11, 2.528396e-11, 5.311754e-11
90.000000, -1.053942e-10, 2.464741e-11, 2.464741e-11, 5.311634e-11
90.100000, -1.044417e-10, 2.450359e-11, 2.450359e-11, 5.428272e-11
90.200000, -1.045177e-10, 2.387657e-11, 2.387657e-11, 5.424169e-11
90.300000, -1.035613e-10, 2.373828e-11, 2.373827e-11, 5.535913e-11
90.400000, -1.036238e-10, 2.312112e-11, 2.312112e-11, 5.527966e-11
90.500000, -1.026653e-10, 2.298856e-11, 2.298856e-11, 5.634851e-11
90.600000, -1.027158e-10, 2.238144e-11, 2.238143e-11, 5.623301e-11
90.700000, -1.017561e-10, 2.225445e-11, 2.225445e-11, 5.725706e-11
90.800000, -1.017978e-10, 2.165702e-11, 2.165701e-11, 5.710885e-11
90.900000, -1.008388e-10, 2.153538e-11, 2.153537e-11, 5.808812e-11
91.000000, -1.008728e-10, 2.094778e-11, 2.094777e-11, 5.790968e-11
91.100000, -9.991638e-11, 2.083136e-11, 2.083135e-11, 5.885097e-11
91.200000, -9.994355e-11, 2.025358e-11, 2.025357e-11, 5.864411e-11
91.300000, -9.899012e-11, 2.014353e-11, 2.014352e-11, 5.954571e-11
91.400000, -9.901343e-11, 1.957622e-11, 1.957621e-11, 5.931325e-11
91.500000, -9.806505e-11, 1.947223e-11, 1.947222e-11, 6.018116e-11
91.600000, -9.808516e-11, 1.891476e-11, 1.891474e-11, 5.992615e-11
91.700000, -9.714302e-11, 1.881724e-11, 1.881723e-11, 6.076184e-11
91.800000, -9.716130e-11, 1.827085e-11, 1.827083e-11, 6.048553e-11
91.900000, -9.622708e-11, 1.817971e-11, 1.817970e-11, 6.129116e-11
92.000000, -9.624450e-11, 1.764320e-11, 1.764319e-11, 6.099753e-11
92.100000, -9.531902e-11, 1.755838e-11, 1.755836e-11, 6.177633e-11
92.200000, -9.533798e-11, 1.703335e-11, 1.703333e-11, 6.146576e-11
92.300000, -9.442316e-11, 1.695548e-11, 1.695546e-11, 6.221978e-11
92.400000, -9.444385e-11, 1.644071e-11, 1.644069e-11, 6.189603e-11
92.500000, -9.353990e-11, 1.636973e-11, 1.636971e-11, 6.262687e-11
92.600000, -9.356412e-11, 1.586580e-11, 1.586578e-11, 6.229076e-11
92.700000, -9.267211e-11, 1.580158e-11, 1.580156e-11, 6.300007e-11
92.800000, -9.269977e-11, 1.530878e-11, 1.530876e-11, 6.265394e-11
92.900000, -9.181962e-11, 1.525126e-11, 1.525124e-11, 6.334424e-11
93.000000, -9.185161e-11, 1.476899e-11, 1.476897e-11, 6.298804e-11
93.100000, -9.098458e-11, 1.471878e-11, 1.471876e-11, 6.365876e-11
93.200000, -9.102159e-11, 1.424687e-11, 1.424685e-11, 6.329413e-11
93.300000, -9.016737e-11, 1.420334e-11, 1.420332e-11, 6.394804e-11
93.400000, -9.020854e-11, 1.374167e-11, 1.374165e-11, 6.357505e-11
93.500000, -8.936605e-11, 1.370431e-11, 1.370429e-11, 6.421004e-11
93.600000, -8.941093e-11, 1.325286e-11, 1.325284e-11, 6.382816e-11
93.700000, -8.858026e-11, 1.322152e-11, 1.322150e-11, 6.444503e-11
93.800000, -8.862845e-11, 1.277926e-11, 1.277924e-11, 6.405367e-11
93.900000, -8.780813e-11, 1.275394e-11, 1.275392e-11, 6.465180e-11
94.000000, -8.785816e-11, 1.232148e-11, 1.232146e-11, 6.425118e-11
94.100000, -8.704673e-11, 1.230148e-11, 1.230146e-11, 6.483012e-11
94.200000, -8.709754e-11, 1.187760e-11, 1.187758e-11, 6.441837e-11
94.300000, -8.629330e-11, 1.186300e-11, 1.186298e-11, 6.497668e-11
94.400000, -8.634270e-11, 1.144793e-11, 1.144791e-11, 6.455285e-11
94.500000, -8.554412e-11, 1.143811e-11, 1.143808e-11, 6.508942e-11
94.600000, -8.559062e-11, 1.103123e-11, 1.103121e-11, 6.465221e-11
94.700000, -8.479544e-11, 1.102609e-11, 1.102606e-11, 6.516581e-11
94.800000, -8.483710e-11, 1.062727e-11, 1.062724e-11, 6.471309e-11
94.900000, -8.404326e-11, 1.062663e-11, 1.062661e-11, 6.520197e-11
95.000000, -8.407776e-11, 1.023564e-11, 1.023561e-11, 6.473306e-11
95.100000, -8.328338e-11, 1.023933e-11, 1.023930e-11, 6.519646e-11
95.200000, -8.330919e-11, 9.856005e-12, 9.855977e-12, 6.470951e-11
95.300000, -8.251303e-11, 9.863806e-12, 9.863777e-12, 6.514546e-11
95.400000, -8.252902e-11, 9.487914e-12, 9.487885e-12, 6.463962e-11
95.500000, -8.172954e-11, 9.499761e-12, 9.499732e-12, 6.504810e-11
95.600000, -8.173467e-11, 9.131236e-12, 9.131206e-12, 6.452250e-11
95.700000, -8.093092e-11, 9.147216e-12, 9.147186e-12, 6.490293e-11
95.800000, -8.092474e-11, 8.786001e-12, 8.785970e-12, 6.435825e-11
95.900000, -8.011677e-11, 8.805803e-12, 8.805772e-12, 6.471144e-11
96.000000, -8.009943e-11, 8.451749e-12, 8.451718e-12, 6.414804e-11
96.100000, -7.928754e-11, 8.475723e-12, 8.475691e-12, 6.447535e-11
96.200000, -7.925976e-11, 8.129017e-12, 8.128984e-12, 6.389500e-11
96.300000, -7.844498e-11, 8.156897e-12, 8.156864e-12, 6.419830e-11
96.400000, -7.840855e-11, 7.817278e-12, 7.817245e-12, 6.360304e-11
96.500000, -7.759292e-11, 7.849293e-12, 7.849259e-12, 6.388479e-11
96.600000, -7.755016e-11, 7.517088e-12, 7.517054e-12, 6.327729e-11
96.700000, -7.673691e-11, 7.553183e-12, 7.553149e-12, 6.354069e-11
96.800000, -7.669155e-11, 7.228210e-12, 7.228175e-12, 6.292487e-11
96.900000, -7.588378e-11, 7.268483e-12, 7.268448e-12, 6.317392e-11
97.000000, -7.583902e-11, 6.950746e-12, 6.950710e-12, 6.255364e-11
97.100000, -7.504061e-11, 6.995146e-12, 6.995110e-12, 6.279316e-11
97.200000, -7.500092e-11, 6.684538e-12, 6.684501e-12, 6.217355e-11
97.300000, -7.421660e-11, 6.733103e-12, 6.733066e-12, 6.240849e-11
97.400000, -7.418701e-11, 6.429771e-12, 6.429734e-12, 6.179435e-11
97.500000, -7.342159e-11, 6.482520e-12, 6.482483e-12, 6.203000e-11
97.600000, -7.340708e-11, 6.186355e-12, 6.186318e-12, 6.142685e-11
97.700000, -7.266543e-11, 6.243305e-12, 6.243267e-12, 6.166835e-11
97.800000, -7.267030e-11, 5.954334e-12, 5.954296e-12, 6.108090e-11
97.900000, -7.195657e-11, 6.015505e-12, 6.015466e-12, 6.133331e-11
98.000000, -7.198523e-11, 5.733635e-12, 5.733596e-12, 6.076628e-11
98.100000, -7.130329e-11, 5.798942e-12, 5.798903e-12, 6.103378e-11
98.200000, -7.135909e-11, 5.524021e-12, 5.523981e-12, 6.049085e-11
98.300000, -7.071201e-11, 5.593278e-12, 5.593237e-12, 6.077678e-11
98.400000, -7.079794e-11, 5.325121e-12, 5.325080e-12, 6.026089e-11
98.500000, -7.018773e-11, 5.398085e-12, 5.398044e-12, 6.056780e-11
98.600000, -7.030457e-11, 5.136451e-12, 5.136410e-12, 6.008091e-11
98.700000, -6.973176e-11, 5.213060e-12, 5.213019e-12, 6.041000e-11
98.800000, -6.987979e-11, 4.957734e-12, 4.957692e-12, 5.995212e-11
98.900000, -6.934362e-11, 5.037655e-12, 5.037613e-12, 6.030277e-11
99.000000, -6.952128e-11, 4.788249e-12, 4.788207e-12, 5.987236e-11
99.100000, -6.901870e-11, 4.871187e-12, 4.871145e-12, 6.024240e-11
99.200000, -6.922140e-11, 4.627417e-12, 4.627374e-12, 5.983660e-11
99.300000, -6.874665e-11, 4.713003e-12, 4.712960e-12, 6.022193e-11
99.400000, -6.896826e-11, 4.474443e-12, 4.474400e-12, 5.983496e-11
99.500000, -6.851474e-11, 4.562362e-12, 4.562318e-12, 6.022900e-11
99.600000, -6.874782e-11, 4.328680e-12, 4.328636e-12, 5.985410e-11
99.700000, -6.830680e-11, 4.418601e-12, 4.418557e-12, 6.024895e-11
99.800000, -6.854122e-11, 4.189377e-12, 4.189332e-12, 5.987671e-11
99.900000, -6.810152e-11, 4.280910e-12, 4.280866e-12, 6.026277e-11
100.000000, -6.832582e-11, 4.055827e-12, 4.055782e-12, 5.988297e-11
100.100000, -6.787595e-11, 4.148708e-12, 4.148663e-12, 6.024925e-11
100.200000, -6.807838e-11, 3.927485e-12, 3.927440e-12, 5.985025e-11
100.300000, -6.760611e-11, 4.021450e-12, 4.021404e-12, 6.018514e-11
100.400000, -6.777435e-11, 3.803792e-12, 3.803747e-12, 5.975589e-11
100.500000, -6.726779e-11, 3.898644e-12, 3.898599e-12, 6.004864e-11
100.600000, -6.739116e-11, 3.684355e-12, 3.684309e-12, 5.957810e-11
100.700000, -6.683963e-11, 3.779907e-12, 3.779861e-12, 5.981793e-11
100.800000, -6.690723e-11, 3.568835e-12, 3.568788e-12, 5.929585e-11
100.900000, -6.630073e-11, 3.665024e-12, 3.664978e-12, 5.947378e-11
101.000000, -6.630460e-11, 3.457103e-12, 3.457056e-12, 5.889236e-11
101.100000, -6.563674e-11, 3.553980e-12, 3.553934e-12, 5.900169e-11
101.200000, -6.557196e-11, 3.349337e-12, 3.349290e-12, 5.835584e-11
101.300000, -6.484007e-11, 3.447042e-12, 3.446995e-12, 5.839286e-11
101.400000, -6.470543e-11, 3.245760e-12, 3.245713e-12, 5.768018e-11
101.500000, -6.390922e-11, 3.344447e-12, 3.344399e-12, 5.764463e-11
101.600000, -6.370657e-11, 3.146665e-12, 3.146617e-12, 5.686667e-11
101.700000, -6.284999e-11, 3.246520e-12, 3.246472e-12, 5.676218e-11
101.800000, -6.258503e-11, 3.052496e-12, 3.052448e-12, 5.592443e-11
101.900000, -6.167575e-11, 3.153822e-12, 3.153774e-12, 5.575802e-11
102.000000, -6.135858e-11, 2.963821e-12, 2.963773e-12, 5.486973e-11
102.100000, -6.040893e-11, 3.066921e-12, 3.066873e-12, 5.465369e-11
102.200000, -6.005453e-11, 2.881235e-12, 2.881187e-12, 5.372899e-11
102.300000, -5.908174e-11, 2.986445e-12, 2.986397e-12, 5.347902e-11
102.400000, -5.870944e-11, 2.805413e-12, 2.805365e-12, 5.253548e-11
102.500000, -5.773542e-11, 2.913158e-12, 2.913110e-12, 5.227131e-11
102.600000, -5.736915e-11, 2.737194e-12, 2.737146e-12, 5.133127e-11
102.700000, -5.641936e-11, 2.847862e-12, 2.847813e-12, 5.107862e-11
102.800000, -5.608713e-11, 2.677325e-12, 2.677276e-12, 5.017031e-11
102.900000, -5.519166e-11, 2.791240e-12, 2.791191e-12, 4.995858e-11
103.000000, -5.492547e-11, 2.626347e-12, 2.626298e-12, 4.911324e-11
103.100000, -5.411879e-11, 2.743711e-12, 2.743663e-12, 4.897638e-11
103.200000, -5.395550e-11, 2.584576e-12, 2.584527e-12, 4.822990e-11
103.300000, -5.327606e-11, 2.705407e-12, 2.705359e-12, 4.820531e-11
103.400000, -5.325456e-11, 2.551900e-12, 2.551852e-12, 4.759613e-11
103.500000, -5.274122e-11, 2.676023e-12, 2.675974e-12, 4.772324e-11
103.600000, -5.290028e-11, 2.527916e-12, 2.527868e-12, 4.729046e-11
103.700000, -5.259065e-11, 2.655031e-12, 2.654983e-12, 4.760702e-11
103.800000, -5.296597e-11, 2.511904e-12, 2.511856e-12, 4.738648e-11
103.900000, -5.289365e-11, 2.641571e-12, 2.641523e-12, 4.792570e-11
104.000000, -5.351585e-11, 2.502852e-12, 2.502803e-12, 4.794703e-11
104.100000, -5.370589e-11, 2.634337e-12, 2.634289e-12, 4.873479e-11
104.200000, -5.459423e-11, 2.499136e-12, 2.499088e-12, 4.901978e-11
104.300000, -5.505990e-11, 2.631488e-12, 2.631440e-12, 5.007222e-11
104.400000, -5.622042e-11, 2.498792e-12, 2.498744e-12, 5.062960e-11
104.500000, -5.695965e-11, 2.630962e-12, 2.630914e-12, 5.194744e-11
104.600000, -5.838098e-11, 2.499576e-12, 2.499528e-12, 5.276850e-11
104.700000, -5.937113e-11, 2.630258e-12, 2.630210e-12, 5.433286e-11
104.800000, -6.101906e-11, 2.498754e-12, 2.498706e-12, 5.538837e-11
104.900000, -6.221596e-11, 2.626459e-12, 2.626411e-12, 5.715879e-11
105.000000, -6.403655e-11, 2.493295e-12, 2.493247e-12, 5.839655e-11
105.100000, -6.537576e-11, 2.616654e-12, 2.616607e-12, 6.031146e-11
105.200000, -6.729577e-11, 2.480728e-12, 2.480680e-12, 6.166144e-11
105.300000, -6.869619e-11, 2.598836e-12, 2.598788e-12, 6.364193e-11
105.400000, -7.062624e-11, 2.459293e-12, 2.459246e-12, 6.501720e-11
105.500000, -7.199128e-11, 2.571297e-12, 2.571250e-12, 6.696966e-11
105.600000, -7.383001e-11, 2.427244e-12, 2.427197e-12, 6.827180e-11
105.700000, -7.505584e-11, 2.532428e-12, 2.532381e-12, 7.009497e-11
105.800000, -7.669936e-11, 2.383338e-12, 2.383292e-12, 7.122253e-11
105.900000, -7.768437e-11, 2.481314e-12, 2.481268e-12, 7.281763e-11
106.000000, -7.903673e-11, 2.326895e-12, 2.326849e-12, 7.367675e-11
106.100000, -7.969255e-11, 2.417508e-12, 2.417462e-12, 7.495757e-11
106.200000, -8.067396e-11, 2.257721e-12, 2.257676e-12, 7.547039e-11
106.300000, -8.093061e-11, 2.341133e-12, 2.341088e-12, 7.636845e-11
106.400000, -8.148212e-11, 2.176278e-12, 2.176233e-12, 7.647735e-11
106.500000, -8.129377e-11, 2.252926e-12, 2.252882e-12, 7.694506e-11
106.600000, -8.138453e-11, 2.083523e-12, 2.083479e-12, 7.661057e-11
106.700000, -8.073309e-11, 2.154043e-12, 2.153999e-12, 7.662100e-11
106.800000, -8.035726e-11, 1.980790e-12, 1.980746e-12, 7.583350e-11
106.900000, -7.925299e-11, 2.045951e-12, 2.045907e-12, 7.539454e-11
107.000000, -7.843998e-11, 1.869666e-12, 1.869622e-12, 7.418068e-11
107.100000, -7.693219e-11, 1.930379e-12, 1.930335e-12, 7.333905e-11
107.200000, -7.574903e-11, 1.752010e-12, 1.751967e-12, 7.176316e-11
107.300000, -7.391672e-11, 1.809264e-12, 1.809221e-12, 7.059541e-11
107.400000, -7.244805e-11, 1.629800e-12, 1.629757e-12, 6.873979e-11
107.500000, -7.037662e-11, 1.684607e-12, 1.684565e-12, 6.732922e-11
107.600000, -6.870611e-11, 1.505035e-12, 1.504992e-12, 6.527541e-11
107.700000, -6.647605e-11, 1.558400e-12, 1.558358e-12, 6.370054e-11
107.800000, -6.468008e-11, 1.379710e-12, 1.379668e-12, 6.152303e-11
107.900000, -6.236280e-11, 1.432652e-12, 1.432611e-12, 5.985359e-11
108.000000, -6.050707e-11, 1.255830e-12, 1.255789e-12, 5.761646e-11
108.100000, -5.816167e-11, 1.309170e-12, 1.309129e-12, 5.591024e-11
108.200000, -5.629815e-11, 1.134715e-12, 1.134675e-12, 5.366429e-11
108.300000, -5.396905e-11, 1.188775e-12, 1.188735e-12, 5.196486e-11
108.400000, -5.213463e-11, 1.016916e-12, 1.016877e-12, 4.974633e-11
108.500000, -4.985139e-11, 1.071872e-12, 1.071832e-12, 4.808293e-11
108.600000, -4.806901e-11, 9.026994e-13, 9.026604e-13, 4.591463e-11
108.700000, -4.584870e-11, 9.585959e-13, 9.585575e-13, 4.430463e-11
108.800000, -4.413042e-11, 7.920910e-13, 7.920529e-13, 4.219916e-11
108.900000, -4.198059e-11, 8.488848e-13, 8.488473e-13, 4.065098e-11
109.000000, -4.032984e-11, 6.849520e-13, 6.849150e-13, 3.861284e-11
109.100000, -3.825004e-11, 7.425409e-13, 7.425045e-13, 3.712725e-11
109.200000, -3.666297e-11, 5.810450e-13, 5.810092e-13, 3.515343e-11
109.300000, -3.464626e-11, 6.392921e-13, 6.392568e-13, 3.372398e-11
109.400000, -3.311331e-11, 4.800689e-13, 4.800343e-13, 3.180512e-11
109.500000, -3.114813e-11, 5.388200e-13, 5.387860e-13, 3.042050e-11
109.600000, -2.965679e-11, 3.816954e-13, 3.816621e-13, 2.854431e-11
109.700000, -2.773078e-11, 4.407884e-13, 4.407558e-13, 2.719248e-11
109.800000, -2.626994e-11, 2.855849e-13, 2.855530e-13, 2.534810e-11
109.900000, -2.437387e-11, 3.448633e-13, 3.448322e-13, 2.402016e-11
110.000000, -2.293651e-11, 1.914255e-13, 1.913951e-13, 2.220083e-11
110.100000, -2.106533e-11, 2.507754e-13, 2.507457e-13, 2.089203e-11
110.200000, -1.964805e-11, 9.900449e-14, 9.897569e-14, 1.909454e-11
110.300000, -1.779951e-11, 1.583757e-13, 1.583477e-13, 1.780286e-11
110.400000, -1.640081e-11, 8.245480e-15, 8.218398e-15, 1.602585e-11
110.500000, -1.457360e-11, 6.764673e-14, 6.762042e-14, 1.475019e-11
110.600000, -1.319198e-11, -8.086759e-14, -8.089300e-14, 1.299231e-11
110.700000, -1.138390e-11, -2.148476e-14, -2.150930e-14, 1.173071e-11
110.800000, -1.001606e-11, -1.684801e-13, -1.685038e-13, 9.988857e-12
110.900000, -8.222253e-12, -1.092269e-13, -1.092497e-13, 8.736716e-12
111.000000, -6.861462e-12, -2.548512e-13, -2.548731e-13, 7.004393e-12
111.100000, -5.073126e-12, -1.958736e-13, -1.958945e-13, 5.753236e-12
111.200000, -3.708883e-12, -3.402896e-13, -3.403098e-13, 4.020169e-12
111.300000, -1.914471e-12, -2.817335e-13, -2.817527e-13, 2.758733e-12
111.400000, -5.352789e-13, -4.250970e-13, -4.251153e-13, 1.013622e-12
111.500000, 1.275591e-12, -3.670984e-13, -3.671158e-13, -2.682605e-13
111.600000, 2.677995e-12, -5.095490e-13, -5.095655e-13, -2.033526e-12
111.700000, 4.510912e-12, -4.522177e-13, -4.522333e-13, -3.341007e-12
111.800000, 5.939022e-12, -5.938604e-13, -5.938750e-13, -5.128129e-12
111.900000, 7.793120e-12, -5.372696e-13, -5.372833e-13, -6.459228e-12
112.000000, 9.242344e-12, -6.781673e-13, -6.781801e-13, -8.262643e-12
112.100000, 1.110913e-11, -6.223324e-13, -6.223443e-13, -9.608094e-12
112.200000, 1.256675e-11, -7.624739e-13, -7.624849e-13, -1.141468e-11
112.300000, 1.442889e-11, -7.073238e-13, -7.073339e-13, -1.275698e-11
112.400000, 1.587224e-11, -8.465948e-13, -8.466040e-13, -1.454426e-11
112.500000, 1.770109e-11, -7.919388e-13, -7.919471e-13, -1.585519e-11
112.600000, 1.909499e-11, -9.300966e-13, -9.301039e-13, -1.758871e-11
112.700000, 2.084874e-11, -8.756050e-13, -8.756115e-13, -1.882735e-11
112.800000, 2.214489e-11, -1.012152e-12, -1.012157e-12, -2.045999e-11
112.900000, 2.376926e-11, -9.570348e-13, -9.570395e-13, -2.157339e-11
113.000000, 2.490805e-11, -1.091037e-12, -1.091040e-12, -2.304710e-11
113.100000, 2.633901e-11, -1.034346e-12, -1.034349e-12, -2.397283e-11
113.200000, 2.725276e-11, -1.164892e-12, -1.164894e-12, -2.522173e-11
113.300000, 2.841991e-11, -1.105722e-12, -1.105723e-12, -2.589123e-11
113.400000, 2.903644e-11, -1.231934e-12, -1.231934e-12, -2.684505e-11
113.500000, 2.986717e-11, -1.169400e-12, -1.169399e-12, -2.718761e-11
113.600000, 3.011584e-11, -1.290427e-12, -1.290425e-12, -2.777778e-11
113.700000, 3.054603e-11, -1.223700e-12, -1.223698e-12, -2.773144e-11
113.800000, 3.037504e-11, -1.338760e-12, -1.338756e-12, -2.790851e-11
113.900000, 3.037033e-11, -1.267106e-12, -1.267101e-12, -2.744113e-11
114.000000, 2.976454e-11, -1.375558e-12, -1.375553e-12, -2.719228e-11
114.100000, 2.932796e-11, -1.298397e-12, -1.298390e-12, -2.630880e-11
114.200000, 2.830540e-11, -1.399731e-12, -1.399723e-12, -2.565522e-11
114.300000, 2.746612e-11, -1.316624e-12, -1.316615e-12, -2.439268e-11
114.400000, 2.606741e-11, -1.410514e-12, -1.410504e-12, -2.338250e-11
114.500000, 2.487933e-11, -1.321221e-12, -1.321210e-12, -2.179581e-11
114.600000, 2.316968e-11, -1.407550e-12, -1.407538e-12, -2.049238e-11
114.700000, 2.170714e-11, -1.312093e-12, -1.312080e-12, -1.865396e-11
114.800000, 1.976881e-11, -1.391064e-12, -1.391051e-12, -1.713716e-11
114.900000, 1.812066e-11, -1.289751e-12, -1.289736e-12, -1.513334e-11
115.000000, 1.604804e-11, -1.361781e-12, -1.361765e-12, -1.349517e-11
115.100000, 1.431236e-11, -1.255114e-12, -1.255097e-12, -1.142099e-11
115.200000, 1.220407e-11, -1.320821e-12, -1.320804e-12, -9.757390e-12
115.300000, 1.047784e-11, -1.209591e-12, -1.209572e-12, -7.707105e-12
115.400000, 8.427062e-12, -1.269915e-12, -1.269895e-12, -6.108204e-12
115.500000, 6.797599e-12, -1.155008e-12, -1.154988e-12, -4.166144e-12
115.600000, 4.883723e-12, -1.210799e-12, -1.210778e-12, -2.708840e-12
115.700000, 3.421617e-12, -1.093108e-12, -1.093086e-12, -9.434116e-13
115.800000, 1.707000e-12, -1.145428e-12, -1.145405e-12, 3.130830e-13
115.900000, 4.656333e-13, -1.026247e-12, -1.026223e-12, 1.851261e-12
116.000000, -1.006690e-12, -1.076515e-12, -1.076490e-12, 2.865587e-12
116.100000, -1.993817e-12, -9.571948e-13, -9.571690e-13, 4.146417e-12
116.200000, -3.199848e-12, -1.006669e-12, -1.006643e-12, 4.899117e-12
116.300000, -3.919528e-12, -8.883493e-13, -8.883220e-13, 5.912700e-12
116.400000, -4.856353e-12, -9.380522e-13, -9.380242e-13, 6.403163e-12
116.500000, -5.314097e-12, -8.216177e-13, -8.215889e-13, 7.157345e-12
116.600000, -5.994393e-12, -8.723839e-13, -8.723544e-13, 7.400529e-12
116.700000, -6.209140e-12, -7.585940e-13, -7.585640e-13, 7.916640e-12
116.800000, -6.656893e-12, -8.110901e-13, -8.110594e-13, 7.938582e-12
116.900000, -6.657441e-12, -7.004889e-13, -7.004575e-13, 8.245866e-12
117.000000, -6.905929e-12, -7.551132e-13, -7.550813e-13, 8.078690e-12
117.100000, -6.727730e-12, -6.479771e-13, -6.479445e-13, 8.211963e-12
117.200000, -6.813683e-12, -7.049707e-13, -7.049376e-13, 7.892311e-12
117.300000, -6.494578e-12, -6.014273e-13, -6.013937e-13, 7.889282e-12
117.400000, -6.456294e-12, -6.608414e-13, -6.608074e-13, 7.455499e-12
117.500000, -6.034102e-12, -5.609223e-13, -5.608878e-13, 7.354174e-12
117.600000, -5.908805e-12, -6.227474e-13, -6.227124e-13, 6.842828e-12
117.700000, -5.419813e-12, -5.263070e-13, -5.262716e-13, 6.678258e-12
117.800000, -5.241802e-12, -5.902939e-13, -5.902582e-13, 6.122580e-12
117.900000, -4.717713e-12, -4.970307e-13, -4.969946e-13, 5.925792e-12
118.000000, -4.516061e-12, -5.628726e-13, -5.628360e-13, 5.353953e-12
118.100000, -3.983867e-12, -4.723985e-13, -4.723617e-13, 5.151019e-12
118.200000, -3.783305e-12, -5.396475e-13, -5.396103e-13, 4.587693e-12
118.300000, -3.265138e-12, -4.514968e-13, -4.514594e-13, 4.400717e-12
118.400000, -3.086084e-12, -5.196798e-13, -5.196421e-13, 3.864791e-12
118.500000, -2.600339e-12, -4.333934e-13, -4.333554e-13, 3.710050e-12
118.600000, -2.458677e-12, -5.021221e-13, -5.020839e-13, 3.215679e-12
118.700000, -2.019217e-12, -4.173370e-13, -4.172986e-13, 3.105476e-12
118.800000, -1.926592e-12, -4.862780e-13, -4.862394e-13, 2.663443e-12
118.900000, -1.542603e-12, -4.026453e-13, -4.026065e-13, 2.606792e-12
119.000000, -1.506160e-12, -4.714609e-13, -4.714220e-13, 2.223400e-12
119.100000, -1.182628e-12, -3.886583e-13, -3.886193e-13, 2.224538e-12
119.200000, -1.205583e-12, -4.570846e-13, -4.570453e-13, 1.902651e-12
119.300000, -9.441832e-13, -3.748751e-13, -3.748358e-13, 1.962793e-12
119.400000, -1.026331e-12, -4.426861e-13, -4.426468e-13, 1.701861e-12
119.500000, -8.250914e-13, -3.608667e-13, -3.608273e-13, 1.818863e-12
119.600000, -9.637019e-13, -4.279046e-13, -4.278653e-13, 1.615080e-12
119.700000, -8.187432e-13, -3.463005e-13, -3.462612e-13, 1.784069e-12
119.800000, -1.008051e-12, -4.123991e-13, -4.123599e-13, 1.631415e-12
119.900000, -9.124370e-13, -3.308912e-13, -3.308521e-13, 1.845064e-12
120.000000, -1.144297e-12, -3.960036e-13, -3.959646e-13, 1.735466e-12
120.100000, -1.088374e-12, -3.145738e-13, -3.145350e-13, 1.984869e-12
120.200000, -1.352495e-12, -3.787487e-13, -3.787101e-13, 1.908542e-12
120.300000, -1.326329e-12, -2.974789e-13, -2.974405e-13, 2.183516e-12
120.400000, -1.612907e-12, -3.607878e-13, -3.607497e-13, 2.130224e-12
120.500000, -1.605831e-12, -2.797456e-13, -2.797078e-13, 2.420960e-12
120.600000, -1.903995e-12, -3.423252e-13, -3.422876e-13, 2.380864e-12
120.700000, -1.905492e-12, -2.616300e-13, -2.615929e-13, 2.677109e-12
120.800000, -2.205221e-12, -3.235610e-13, -3.235242e-13, 2.640083e-12
120.900000, -2.205632e-12, -2.433225e-13, -2.432862e-13, 2.932449e-12
121.000000, -2.497455e-12, -3.047770e-13, -3.047411e-13, 2.890018e-12
121.100000, -2.487718e-12, -2.251664e-13, -2.251311e-13, 3.170586e-12
121.200000, -2.763538e-12, -2.863065e-13, -2.862716e-13, 3.115049e-12
121.300000, -2.736912e-12, -2.074723e-13, -2.074379e-13, 3.377457e-12
121.400000, -2.991131e-12, -2.684574e-13, -2.684236e-13, 3.303611e-12
121.500000, -2.942782e-12, -1.905315e-13, -1.904983e-13, 3.542858e-12
121.600000, -3.170985e-12, -2.515153e-13, -2.514827e-13, 3.446413e-12
121.700000, -3.096951e-12, -1.746608e-13, -1.746288e-13, 3.659534e-12
121.800000, -3.296216e-12, -2.357655e-13, -2.357342e-13, 3.538670e-12
121.900000, -3.194866e-12, -1.600853e-13, -1.600546e-13, 3.724555e-12
122.000000, -3.364764e-12, -2.214382e-13, -2.214081e-13, 3.578606e-12
122.100000, -3.236406e-12, -1.470126e-13, -1.469833e-13, 3.737150e-12
122.200000, -3.378024e-12, -2.086548e-13, -2.086263e-13, 3.566728e-12
122.300000, -3.223939e-12, -1.355022e-13, -1.354743e-13, 3.699519e-12
122.400000, -3.338726e-12, -1.974720e-13, -1.974449e-13, 3.506707e-12
122.500000, -3.161420e-12, -1.256271e-13, -1.256007e-13, 3.616080e-12
122.600000, -3.252558e-12, -1.879585e-13, -1.879329e-13, 3.403628e-12
122.700000, -3.055245e-12, -1.174101e-13, -1.173853e-13, 3.492755e-12
122.800000, -3.126192e-12, -1.800752e-13, -1.800512e-13, 3.264081e-12
122.900000, -2.912766e-12, -1.107928e-13, -1.107697e-13, 3.336467e-12
123.000000, -2.967591e-12, -1.737472e-13, -1.737249e-13, 3.095401e-12
123.100000, -2.741836e-12, -1.056707e-13, -1.056492e-13, 3.155347e-12
123.200000, -2.784547e-12, -1.688418e-13, -1.688212e-13, 2.905888e-12
123.300000, -2.551031e-12, -1.018506e-13, -1.018308e-13, 2.957190e-12
123.400000, -2.586131e-12, -1.651445e-13, -1.651257e-13, 2.703523e-12
123.500000, -2.349027e-12, -9.916068e-14, -9.914272e-14, 2.750382e-12
123.600000, -2.380737e-12, -1.624995e-13, -1.624824e-13, 2.496223e-12
123.700000, -2.144044e-12, -9.744726e-14, -9.743110e-14, 2.542243e-12
123.800000, -2.176021e-12, -1.607668e-13, -1.607515e-13, 2.291186e-12
123.900000, -1.942976e-12, -9.657530e-14, -9.656099e-14, 2.339709e-12
124.000000, -1.977896e-12, -1.598237e-13, -1.598104e-13, 2.094660e-12
124.100000, -1.751108e-12, -9.642887e-14, -9.641641e-14, 2.148307e-12
124.200000, -1.791852e-12, -1.595391e-13, -1.595276e-13, 1.911545e-12
124.300000, -1.573802e-12, -9.686167e-14, -9.685111e-14, 1.972275e-12
124.400000, -1.622321e-12, -1.597567e-13, -1.597471e-13, 1.745439e-12
124.500000, -1.414734e-12, -9.771191e-14, -9.770321e-14, 1.814619e-12
124.600000, -1.472367e-12, -1.603006e-13, -1.602928e-13, 1.598761e-12
124.700000, -1.275974e-12, -9.879380e-14, -9.878699e-14, 1.676988e-12
124.800000, -1.342991e-12, -1.610398e-13, -1.610339e-13, 1.472584e-12
124.900000, -1.157932e-12, -1.000401e-13, -1.000351e-13, 1.560307e-12
125.000000, -1.234517e-12, -1.618741e-13, -1.618701e-13, 1.367276e-12
125.100000, -1.060599e-12, -1.013202e-13, -1.013171e-13, 1.464095e-12
125.200000, -1.146137e-12, -1.627252e-13, -1.627230e-13, 1.281994e-12
125.300000, -9.825845e-13, -1.025680e-13, -1.025667e-13, 1.387300e-12
125.400000, -1.076258e-12, -1.634893e-13, -1.634889e-13, 1.215169e-12
125.500000, -9.220625e-13, -1.036862e-13, -1.036867e-13, 1.327795e-12
125.600000, -1.022732e-12, -1.641001e-13, -1.641015e-13, 1.164247e-12
125.700000, -8.765661e-13, -1.046266e-13, -1.046289e-13, 1.282707e-12
125.800000, -9.827975e-13, -1.645072e-13, -1.645105e-13, 1.126139e-12
125.900000, -8.432948e-13, -1.053203e-13, -1.053244e-13, 1.248872e-12
126.000000, -9.535804e-13, -1.646478e-13, -1.646528e-13, 1.097852e-12
126.100000, -8.190709e-13, -1.057511e-13, -1.057570e-13, 1.223324e-12
126.200000, -9.317256e-13, -1.645615e-13, -1.645682e-13, 1.076221e-12
126.300000, -8.005658e-13, -1.059852e-13, -1.059928e-13, 1.202991e-12
126.400000, -9.142056e-13, -1.642911e-13, -1.642996e-13, 1.058487e-12
126.500000, -7.851129e-13, -1.060245e-13, -1.060339e-13, 1.185273e-12
126.600000, -8.983915e-13, -1.638215e-13, -1.638318e-13, 1.042092e-12
126.700000, -7.700646e-13, -1.058669e-13, -1.058780e-13, 1.167488e-12
126.800000, -8.818651e-13, -1.631735e-13, -1.631854e-13, 1.024271e-12
126.900000, -7.531409e-13, -1.055546e-13, -1.055674e-13, 1.147379e-12
127.000000, -8.623680e-13, -1.624028e-13, -1.624164e-13, 1.003486e-12
127.100000, -7.324420e-13, -1.051373e-13, -1.051518e-13, 1.123757e-12
127.200000, -8.386521e-13, -1.615485e-13, -1.615638e-13, 9.784797e-13
127.300000, -7.071927e-13, -1.046510e-13, -1.046672e-13, 1.095250e-12
127.400000, -8.099594e-13, -1.606526e-13, -1.606695e-13, 9.482759e-13
127.500000, -6.764971e-13, -1.041471e-13, -1.041648e-13, 1.061255e-12
127.600000, -7.754100e-13, -1.597653e-13, -1.597839e-13, 9.121962e-13
127.700000, -6.397018e-13, -1.036734e-13, -1.036927e-13, 1.021284e-12
127.800000, -7.348890e-13, -1.589360e-13, -1.589561e-13, 8.702462e-13
127.900000, -5.972537e-13, -1.032605e-13, -1.032814e-13, 9.756683e-13
128.000000, -6.891601e-13, -1.581597e-13, -1.581813e-13, 8.229228e-13
128.100000, -5.499475e-13, -1.028932e-13, -1.029155e-13, 9.250688e-13
128.200000, -6.387323e-13, -1.574276e-13, -1.574506e-13, 7.711846e-13
128.300000, -4.982990e-13, -1.025585e-13, -1.025823e-13, 8.706526e-13
128.400000, -5.844891e-13, -1.567186e-13, -1.567431e-13, 7.161513e-13
128.500000, -4.432991e-13, -1.022215e-13, -1.022467e-13, 8.133709e-13
128.600000, -5.274760e-13, -1.559913e-13, -1.560172e-13, 6.586500e-13
128.700000, -3.861372e-13, -1.018540e-13, -1.018805e-13, 7.542479e-13
128.800000, -4.689549e-13, -1.552296e-13, -1.552568e-13, 6.000847e-13
128.900000, -3.282494e-13, -1.014404e-13, -1.014682e-13, 6.947336e-13
129.000000, -4.104563e-13, -1.544200e-13, -1.544484e-13, 5.416407e-13
129.100000, -2.708588e-13, -1.009782e-13, -1.010072e-13, 6.359441e-13
129.200000, -3.528737e-13, -1.535542e-13, -1.535838e-13, 4.845045e-13
129.300000, -2.149717e-13, -1.004280e-13, -1.004583e-13, 5.789909e-13
129.400000, -2.974479e-13, -1.525849e-13, -1.526157e-13, 4.296525e-13
129.500000, -1.618407e-13, -9.978473e-14, -9.981612e-14, 5.247777e-13
129.600000, -2.453746e-13, -1.515445e-13, -1.515764e-13, 3.780152e-13
129.700000, -1.125510e-13, -9.906171e-14, -9.909422e-14, 4.741425e-13
129.800000, -1.975177e-13, -1.504142e-13, -1.504472e-13, 3.302387e-13
129.900000, -6.781577e-14, -9.824142e-14, -9.827501e-14, 4.276415e-13
130.000000, -1.544275e-13, -1.491808e-13, -1.492149e-13, 2.869095e-13
130.100000, -2.791536e-14, -9.730459e-14, -9.733918e-14, 3.859080e-13
130.200000, -1.163185e-13, -1.478237e-13, -1.478587e-13, 2.484561e-13
130.300000, 6.816339e-15, -9.623090e-14, -9.626647e-14, 3.491505e-13
130.400000, -8.351956e-14, -1.463330e-13, -1.463690e-13, 2.150047e-13
130.500000, 3.635992e-14, -9.504620e-14, -9.508263e-14, 3.172680e-13
130.600000, -5.574495e-14, -1.447551e-13, -1.447919e-13, 1.863595e-13
130.700000, 6.088110e-14, -9.376521e-14, -9.380245e-14, 2.901285e-13
130.800000, -3.294873e-14, -1.430754e-13, -1.431131e-13, 1.622200e-13
130.900000, 8.059738e-14, -9.237975e-14, -9.241779e-14, 2.672618e-13
131.000000, -1.471669e-14, -1.412968e-13, -1.413351e-13, 1.421459e-13
131.100000, 9.599641e-14, -9.089591e-14, -9.093458e-14, 2.482586e-13
131.200000, -5.359168e-16, -1.394210e-13, -1.394600e-13, 1.256714e-13
131.300000, 1.077126e-13, -8.931791e-14, -8.935721e-14, 2.325470e-13
131.400000, 1.014709e-14, -1.374679e-13, -1.375074e-13, 1.122853e-13
131.500000, 1.160222e-13, -8.766896e-14, -8.770877e-14, 2.197920e-13
131.600000, 1.770753e-14, -1.354502e-13, -1.354901e-13, 1.015731e-13
131.700000, 1.216319e-13, -8.595119e-14, -8.599137e-14, 2.093816e-13
131.800000, 2.293466e-14, -1.333584e-13, -1.333988e-13, 9.285438e-14
131.900000, 1.252614e-13, -8.415202e-14, -8.419259e-14, 2.006830e-13
132.000000, 2.651368e-14, -1.311846e-13, -1.312253e-13, 8.566394e-14
132.100000, 1.274723e-13, -8.226104e-14, -8.230181e-14, 1.933139e-13
132.200000, 2.881382e-14, -1.289136e-13, -1.289544e-13, 7.956302e-14
132.300000, 1.286136e-13, -8.027525e-14, -8.031622e-14, 1.868320e-13
132.400000, 3.024384e-14, -1.265613e-13, -1.266024e-13, 7.415849e-14
132.500000, 1.290007e-13, -7.820431e-14, -7.824546e-14, 1.808830e-13
132.600000, 3.102046e-14, -1.241184e-13, -1.241596e-13, 6.909399e-14
132.700000, 1.289184e-13, -7.603398e-14, -7.607513e-14, 1.751142e-13
132.800000, 3.155987e-14, -1.215738e-13, -1.216150e-13, 6.404121e-14
132.900000, 1.288094e-13, -7.376339e-14, -7.380455e-14, 1.691779e-13
133.000000, 3.213149e-14, -1.189414e-13, -1.189826e-13, 5.875555e-14
133.100000, 1.287228e-13, -7.140984e-14, -7.145102e-14, 1.630437e-13
133.200000, 3.275405e-14, -1.162356e-13, -1.162769e-13, 5.322637e-14
133.300000, 1.287399e-13, -6.899183e-14, -6.903301e-14, 1.566055e-13
133.400000, 3.350837e-14, -1.134751e-13, -1.135162e-13, 4.737501e-14
133.500000, 1.289384e-13, -6.651597e-14, -6.655717e-14, 1.499004e-13
133.600000, 3.444464e-14, -1.106581e-13, -1.106993e-13, 4.131324e-14
133.700000, 1.293078e-13, -6.398654e-14, -6.402766e-14, 1.430483e-13
133.800000, 3.554095e-14, -1.077999e-13, -1.078410e-13, 3.514770e-14
133.900000, 1.297616e-13, -6.142121e-14, -6.146219e-14, 1.361084e-13
134.000000, 3.658457e-14, -1.049091e-13, -1.049501e-13, 2.893218e-14
134.100000, 1.300541e-13, -5.882914e-14, -5.887004e-14, 1.292196e-13
134.200000, 3.737480e-14, -1.020118e-13, -1.020527e-13, 2.283244e-14
134.300000, 1.300643e-13, -5.623773e-14, -5.627860e-14, 1.225523e-13
134.400000, 3.787989e-14, -9.912212e-14, -9.916291e-14, 1.711701e-14
134.500000, 1.297502e-13, -5.366196e-14, -5.370271e-14, 1.164291e-13
134.600000, 3.797019e-14, -9.626042e-14, -9.630104e-14, 1.206641e-14
134.700000, 1.289696e-13, -5.112138e-14, -5.116194e-14, 1.110747e-13
134.800000, 3.754127e-14, -9.344174e-14, -9.348216e-14, 7.850279e-15
134.900000, 1.276022e-13, -4.862512e-14, -4.866552e-14, 1.066373e-13
135.000000, 3.640469e-14, -9.067694e-14, -9.071725e-14, 4.612307e-15
135.100000, 1.254464e-13, -4.619040e-14, -4.623054e-14, 1.032216e-13
135.200000, 3.448956e-14, -8.798409e-14, -8.802414e-14, 2.364205e-15
135.300000, 1.225200e-13, -4.382814e-14, -4.386803e-14, 1.007674e-13
135.400000, 3.177445e-14, -8.536644e-14, -8.540626e-14, 1.101776e-15
135.500000, 1.187960e-13, -4.153947e-14, -4.157909e-14, 9.932255e-14
135.600000, 2.824693e-14, -8.282613e-14, -8.286548e-14, 8.534499e-16
135.700000, 1.142261e-13, -3.933173e-14, -3.937092e-14, 9.889672e-14
135.800000, 2.386668e-14, -8.037506e-14, -8.041409e-14, 1.588512e-15
135.900000, 1.088717e-13, -3.721470e-14, -3.725350e-14, 9.939694e-14
136.000000, 1.877534e-14, -7.801375e-14, -7.805241e-14, 3.185723e-15
136.100000, 1.028359e-13, -3.517877e-14, -3.521720e-14, 1.007409e-13
136.200000, 1.298334e-14, -7.572803e-14, -7.576625e-14, 5.586012e-15
136.300000, 9.614140e-14, -3.320460e-14, -3.324261e-14, 1.028422e-13
136.400000, 6.589933e-15, -7.349472e-14, -7.353259e-14, 8.650184e-15
136.500000, 8.891028e-14, -3.127368e-14, -3.131131e-14, 1.055157e-13
136.600000, -2.506034e-16, -7.130301e-14, -7.134043e-14, 1.225602e-14
136.700000, 8.133709e-14, -2.938309e-14, -2.942033e-14, 1.086724e-13
136.800000, -7.371968e-15, -6.915837e-14, -6.919546e-14, 1.620741e-14
136.900000, 7.348714e-14, -2.753562e-14, -2.757245e-14, 1.120812e-13
137.000000, -1.476529e-14, -6.704961e-14, -6.708630e-14, 2.035466e-14
137.100000, 6.544097e-14, -2.571572e-14, -2.575220e-14, 1.156710e-13
137.200000, -2.226035e-14, -6.496544e-14, -6.500174e-14, 2.464804e-14
137.300000, 5.738531e-14, -2.391272e-14, -2.394888e-14, 1.193219e-13
137.400000, -2.969234e-14, -6.289957e-14, -6.293555e-14, 2.887323e-14
137.500000, 4.947519e-14, -2.212944e-14, -2.216528e-14, 1.228257e-13
137.600000, -3.691858e-14, -6.085475e-14, -6.089043e-14, 3.289361e-14
137.700000, 4.184062e-14, -2.036758e-14, -2.040299e-14, 1.260549e-13
137.800000, -4.381890e-14, -5.883984e-14, -5.887512e-14, 3.653298e-14
137.900000, 3.456536e-14, -1.863480e-14, -1.867003e-14, 1.288640e-13
138.000000, -5.032493e-14, -5.685539e-14, -5.689039e-14, 3.979714e-14
138.100000, 2.774749e-14, -1.693409e-14, -1.696903e-14, 1.312970e-13
138.200000, -5.632671e-14, -5.490804e-14, -5.494275e-14, 4.263068e-14
138.300000, 2.145117e-14, -1.526901e-14, -1.530358e-14, 1.332794e-13
138.400000, -6.180161e-14, -5.299941e-14, -5.303381e-14, 4.498027e-14
138.500000, 1.571594e-14, -1.364380e-14, -1.367805e-14, 1.347724e-13
138.600000, -6.668279e-14, -5.113735e-14, -5.117150e-14, 4.681990e-14
138.700000, 1.059681e-14, -1.206829e-14, -1.210232e-14, 1.357136e-13
138.800000, -7.094450e-14, -4.932998e-14, -4.936388e-14, 4.808292e-14
138.900000, 6.143772e-15, -1.054903e-14, -1.058282e-14, 1.361116e-13
139.000000, -7.453243e-14, -4.758190e-14, -4.761556e-14, 4.883209e-14
139.100000, 2.327032e-15, -9.086106e-15, -9.119699e-15, 1.360251e-13
139.200000, -7.747318e-14, -4.589106e-14, -4.592449e-14, 4.913261e-14
139.300000, -8.263975e-16, -7.678667e-15, -7.711978e-15, 1.355198e-13
139.400000, -7.982646e-14, -4.426099e-14, -4.429426e-14, 4.899982e-14
139.500000, -3.441578e-15, -6.337411e-15, -6.370513e-15, 1.345622e-13
139.600000, -8.163211e-14, -4.270304e-14, -4.273610e-14, 4.842565e-14
139.700000, -5.500043e-15, -5.064122e-15, -5.097068e-15, 1.332231e-13
139.800000, -8.292298e-14, -4.121245e-14, -4.124532e-14, 4.750374e-14
139.900000, -7.090009e-15, -3.857500e-15, -3.890271e-15, 1.315591e-13
140.000000, -8.377876e-14, -3.979109e-14, -3.982373e-14, 4.628517e-14
140.100000, -8.264269e-15, -2.717821e-15, -2.750492e-15, 1.296472e-13
140.200000, -8.423601e-14, -3.843819e-14, -3.847071e-14, 4.483866e-14
140.300000, -9.056310e-15, -1.645603e-15, -1.678117e-15, 1.275247e-13
140.400000, -8.437803e-14, -3.715318e-14, -3.718555e-14, 4.321887e-14
140.500000, -9.582725e-15, -6.367475e-16, -6.690520e-16, 1.252789e-13
140.600000, -8.428192e-14, -3.593222e-14, -3.596441e-14, 4.147939e-14
140.700000, -9.894965e-15, 3.096312e-16, 2.775164e-16, 1.229126e-13
140.800000, -8.399143e-14, -3.477399e-14, -3.480601e-14, 3.963367e-14
140.900000, -1.002829e-14, 1.198057e-15, 1.166170e-15, 1.204812e-13
141.000000, -8.354492e-14, -3.367416e-14, -3.370599e-14, 3.776618e-14
141.100000, -1.000513e-14, 2.029078e-15, 1.997413e-15, 1.180517e-13
141.200000, -8.296535e-14, -3.263235e-14, -3.266389e-14, 3.590244e-14
141.300000, -9.880812e-15, 2.805962e-15, 2.774586e-15, 1.156495e-13
141.400000, -8.229437e-14, -3.164542e-14, -3.167662e-14, 3.406926e-14
141.500000, -9.656478e-15, 3.529252e-15, 3.498183e-15, 1.132943e-13
141.600000, -8.154447e-14, -3.071240e-14, -3.074326e-14, 3.229577e-14
141.700000, -9.367845e-15, 4.202523e-15, 4.171944e-15, 1.109994e-13
141.800000, -8.074556e-14, -2.983025e-14, -2.986068e-14, 3.057946e-14
141.900000, -9.037445e-15, 4.827114e-15, 4.796970e-15, 1.087724e-13
142.000000, -7.990592e-14, -2.899772e-14, -2.902766e-14, 2.892512e-14
142.100000, -8.659926e-15, 5.403508e-15, 5.373806e-15, 1.066024e-13
142.200000, -7.904176e-14, -2.821549e-14, -2.824498e-14, 2.731882e-14
142.300000, -8.274446e-15, 5.930818e-15, 5.901614e-15, 1.044860e-13
142.400000, -7.816687e-14, -2.748343e-14, -2.751235e-14, 2.575643e-14
142.500000, -7.854248e-15, 6.410934e-15, 6.382220e-15, 1.024103e-13
142.600000, -7.724249e-14, -2.679756e-14, -2.682595e-14, 2.422818e-14
142.700000, -7.379058e-15, 6.849601e-15, 6.821492e-15, 1.003594e-13
142.800000, -7.626281e-14, -2.615283e-14, -2.618073e-14, 2.269761e-14
142.900000, -6.835115e-15, 7.248923e-15, 7.221254e-15, 9.828852e-14
143.000000, -7.521902e-14, -2.554754e-14, -2.557497e-14, 2.114234e-14
143.100000, -6.219719e-15, 7.613527e-15, 7.586313e-15, 9.620421e-14
143.200000, -7.409126e-14, -2.497558e-14, -2.500250e-14, 1.957155e-14
143.300000, -5.513501e-15, 7.948555e-15, 7.921775e-15, 9.410395e-14
143.400000, -7.288429e-14, -2.443233e-14, -2.445885e-14, 1.797279e-14
143.500000, -4.728551e-15, 8.258243e-15, 8.231948e-15, 9.197355e-14
143.600000, -7.160235e-14, -2.391438e-14, -2.394047e-14, 1.634413e-14
143.700000, -3.869706e-15, 8.546045e-15, 8.520152e-15, 8.983109e-14
143.800000, -7.025373e-14, -2.341808e-14, -2.344381e-14, 1.469856e-14
143.900000, -2.946503e-15, 8.814390e-15, 8.788835e-15, 8.765895e-14
144.000000, -6.884664e-14, -2.294289e-14, -2.296828e-14, 1.301193e-14
144.100000, -1.958397e-15, 9.063529e-15, 9.038331e-15, 8.544815e-14
144.200000, -6.737583e-14, -2.248683e-14, -2.251188e-14, 1.128603e-14
144.300000, -9.014714e-16, 9.295564e-15, 9.270672e-15, 8.320277e-14
144.400000, -6.583489e-14, -2.204939e-14, -2.207412e-14, 9.526743e-15
144.500000, 2.243583e-16, 9.510976e-15, 9.486344e-15, 8.093624e-14
144.600000, -6.423571e-14, -2.162958e-14, -2.165404e-14, 7.753984e-15
144.700000, 1.397946e-15, 9.710389e-15, 9.686092e-15, 7.867273e-14
144.800000, -6.261211e-14, -2.122622e-14, -2.125037e-14, 5.982424e-15
144.900000, 2.588156e-15, 9.895453e-15, 9.871401e-15, 7.640906e-14
145.000000, -6.097986e-14, -2.083877e-14, -2.086266e-14, 4.214168e-15
145.100000, 3.789942e-15, 1.006600e-14, 1.004223e-14, 7.416152e-14
145.200000, -5.933590e-14, -2.046689e-14, -2.049054e-14, 2.462399e-15
145.300000, 4.997461e-15, 1.022243e-14, 1.019893e-14, 7.194086e-14
145.400000, -5.770099e-14, -2.011060e-14, -2.013398e-14, 7.456176e-16
145.500000, 6.198916e-15, 1.036516e-14, 1.034190e-14, 6.976875e-14
145.600000, -5.607178e-14, -1.976893e-14, -1.979207e-14, -9.207048e-16
145.700000, 7.389950e-15, 1.049425e-14, 1.047123e-14, 6.765630e-14
145.800000, -5.447039e-14, -1.944249e-14, -1.946539e-14, -2.523269e-15
145.900000, 8.544186e-15, 1.060952e-14, 1.058676e-14, 6.561141e-14
146.000000, -5.291519e-14, -1.913082e-14, -1.915345e-14, -4.057064e-15
146.100000, 9.658050e-15, 1.071171e-14, 1.068919e-14, 6.364649e-14
146.200000, -5.139754e-14, -1.883351e-14, -1.885592e-14, -5.514222e-15
146.300000, 1.072844e-14, 1.080095e-14, 1.077864e-14, 6.176071e-14
146.400000, -4.994209e-14, -1.855053e-14, -1.857271e-14, -6.888542e-15
146.500000, 1.173630e-14, 1.087718e-14, 1.085517e-14, 5.996849e-14
146.600000, -4.854735e-14, -1.828165e-14, -1.830356e-14, -8.164962e-15
146.700000, 1.268467e-14, 1.094096e-14, 1.091918e-14, 5.828112e-14
146.800000, -4.721934e-14, -1.802607e-14, -1.804773e-14, -9.343323e-15
146.900000, 1.356490e-14, 1.099324e-14, 1.097171e-14, 5.669112e-14
147.000000, -4.596747e-14, -1.778257e-14, -1.780393e-14, -1.042922e-14
147.100000, 1.436837e-14, 1.103539e-14, 1.101415e-14, 5.519409e-14
147.200000, -4.478966e-14, -1.755016e-14, -1.757125e-14, -1.142759e-14
147.300000, 1.510690e-14, 1.106812e-14, 1.104717e-14, 5.378729e-14
147.400000, -4.368121e-14, -1.732800e-14, -1.734879e-14, -1.233947e-14
147.500000, 1.577803e-14, 1.109187e-14, 1.107123e-14, 5.246870e-14
147.600000, -4.263951e-14, -1.711567e-14, -1.713616e-14, -1.316663e-14
147.700000, 1.638783e-14, 1.110805e-14, 1.108775e-14, 5.123102e-14
147.800000, -4.165792e-14, -1.691133e-14, -1.693140e-14, -1.392584e-14
147.900000, 1.694173e-14, 1.111790e-14, 1.109798e-14, 5.005938e-14
148.000000, -4.073366e-14, -1.671420e-14, -1.673400e-14, -1.462607e-14
148.100000, 1.744438e-14, 1.112225e-14, 1.110264e-14, 4.894453e-14
148.200000, -3.985833e-14, -1.652306e-14, -1.654250e-14, -1.527589e-14
148.300000, 1.790452e-14, 1.112258e-14, 1.110332e-14, 4.788103e-14
148.400000, -3.902791e-14, -1.633650e-14, -1.635562e-14, -1.587899e-14
148.500000, 1.832544e-14, 1.112002e-14, 1.110107e-14, 4.686036e-14
148.600000, -3.822981e-14, -1.615392e-14, -1.617269e-14, -1.644942e-14
148.700000, 1.872069e-14, 1.111488e-14, 1.109620e-14, 4.587569e-14
148.800000, -3.746074e-14, -1.597464e-14, -1.599312e-14, -1.698445e-14
148.900000, 1.909256e-14, 1.110800e-14, 1.108963e-14, 4.492487e-14
149.000000, -3.671893e-14, -1.579803e-14, -1.581625e-14, -1.749192e-14
149.100000, 1.943507e-14, 1.109991e-14, 1.108179e-14, 4.400514e-14
149.200000, -3.600726e-14, -1.562347e-14, -1.564147e-14, -1.797412e-14
149.300000, 1.975474e-14, 1.109115e-14, 1.107327e-14, 4.310995e-14
149.400000, -3.531726e-14, -1.545052e-14, -1.546829e-14, -1.843498e-14
149.500000, 2.005704e-14, 1.108211e-14, 1.106446e-14, 4.223770e-14
149.600000, -3.464583e-14, -1.527906e-14, -1.529658e-14, -1.887737e-14
149.700000, 2.034312e-14, 1.107270e-14, 1.105525e-14, 4.138621e-14
149.800000, -3.399489e-14, -1.510901e-14, -1.512638e-14, -1.929921e-14
149.900000, 2.060864e-14, 1.106297e-14, 1.104574e-14, 4.055948e-14
150.000000, -3.336631e-14, -1.494060e-14, -1.495776e-14, -1.970138e-14
150.100000, 2.085668e-14, 1.105268e-14, 1.103563e-14, 3.975199e-14
150.200000, -3.275635e-14, -1.477371e-14, -1.479071e-14, -2.008781e-14
150.300000, 2.108674e-14, 1.104220e-14, 1.102525e-14, 3.896421e-14
150.400000, -3.216949e-14, -1.460791e-14, -1.462471e-14, -2.045325e-14
150.500000, 2.129628e-14, 1.103205e-14, 1.101530e-14, 3.820535e-14
150.600000, -3.160490e-14, -1.444266e-14, -1.445935e-14, -2.079129e-14
150.700000, 2.148443e-14, 1.102245e-14, 1.100581e-14, 3.747278e-14
150.800000, -3.106432e-14, -1.427800e-14, -1.429458e-14, -2.110830e-14
150.900000, 2.165070e-14, 1.101326e-14, 1.099678e-14, 3.676492e-14
151.000000, -3.054954e-14, -1.411403e-14, -1.413046e-14, -2.139999e-14
151.100000, 2.179325e-14, 1.100455e-14, 1.098815e-14, 3.608773e-14
151.200000, -3.006004e-14, -1.395069e-14, -1.396705e-14, -2.166259e-14
151.300000, 2.191220e-14, 1.099629e-14, 1.097995e-14, 3.544164e-14
151.400000, -2.959862e-14, -1.378796e-14, -1.380425e-14, -2.189779e-14
151.500000, 2.200318e-14, 1.098839e-14, 1.097215e-14, 3.482551e-14
151.600000, -2.916766e-14, -1.362591e-14, -1.364218e-14, -2.210367e-14
151.700000, 2.206585e-14, 1.098082e-14, 1.096459e-14, 3.424276e-14
151.800000, -2.876819e-14, -1.346474e-14, -1.348093e-14, -2.227997e-14
151.900000, 2.209772e-14, 1.097336e-14, 1.095716e-14, 3.368907e-14
152.000000, -2.840186e-14, -1.330447e-14, -1.332065e-14, -2.243076e-14
152.100000, 2.210069e-14, 1.096622e-14, 1.095005e-14, 3.316427e-14
152.200000, -2.806453e-14, -1.314475e-14, -1.316091e-14, -2.255419e-14
152.300000, 2.207899e-14, 1.095941e-14, 1.094327e-14, 3.266801e-14
152.400000, -2.775258e-14, -1.298592e-14, -1.300207e-14, -2.265258e-14
152.500000, 2.203354e-14, 1.095274e-14, 1.093660e-14, 3.219963e-14
152.600000, -2.746646e-14, -1.282796e-14, -1.284413e-14, -2.272704e-14
152.700000, 2.196440e-14, 1.094622e-14, 1.093005e-14, 3.175581e-14
152.800000, -2.720534e-14, -1.267078e-14, -1.268698e-14, -2.277954e-14
152.900000, 2.187519e-14, 1.093997e-14, 1.092380e-14, 3.133510e-14
153.000000, -2.696456e-14, -1.251436e-14, -1.253054e-14, -2.281239e-14
153.100000, 2.176880e-14, 1.093394e-14, 1.091777e-14, 3.093648e-14
153.200000, -2.674195e-14, -1.235866e-14, -1.237486e-14, -2.282695e-14
153.300000, 2.164727e-14, 1.092816e-14, 1.091203e-14, 3.055527e-14
153.400000, -2.653361e-14, -1.220378e-14, -1.221991e-14, -2.282822e-14
153.500000, 2.151629e-14, 1.092235e-14, 1.090617e-14, 3.018862e-14
153.600000, -2.633625e-14, -1.205012e-14, -1.206626e-14, -2.281913e-14
153.700000, 2.137735e-14, 1.091625e-14, 1.090009e-14, 2.983338e-14
153.800000, -2.614821e-14, -1.189778e-14, -1.191390e-14, -2.280044e-14
153.900000, 2.123039e-14, 1.090976e-14, 1.089367e-14, 2.949069e-14
154.000000, -2.596974e-14, -1.174667e-14, -1.176274e-14, -2.277252e-14
154.100000, 2.107769e-14, 1.090309e-14, 1.088701e-14, 2.915861e-14
154.200000, -2.579798e-14, -1.159675e-14, -1.161280e-14, -2.273733e-14
154.300000, 2.092038e-14, 1.089612e-14, 1.088006e-14, 2.883348e-14
154.400000, -2.563287e-14, -1.144806e-14, -1.146414e-14, -2.269839e-14
154.500000, 2.075843e-14, 1.088880e-14, 1.087274e-14, 2.851428e-14
154.600000, -2.547349e-14, -1.130059e-14, -1.131662e-14, -2.265712e-14
154.700000, 2.059364e-14, 1.088143e-14, 1.086537e-14, 2.819857e-14
154.800000, -2.531845e-14, -1.115406e-14, -1.117014e-14, -2.261445e-14
154.900000, 2.042731e-14, 1.087395e-14, 1.085784e-14, 2.788668e-14
155.000000, -2.516592e-14, -1.100856e-14, -1.102474e-14, -2.257019e-14
155.100000, 2.026055e-14, 1.086635e-14, 1.085011e-14, 2.757786e-14
155.200000, -2.501600e-14, -1.086417e-14, -1.088049e-14, -2.252476e-14
155.300000, 2.009286e-14, 1.085849e-14, 1.084211e-14, 2.727369e-14
155.400000, -2.486931e-14, -1.072099e-14, -1.073746e-14, -2.247724e-14
155.500000, 1.992418e-14, 1.085039e-14, 1.083381e-14, 2.697244e-14
155.600000, -2.472484e-14, -1.057900e-14, -1.059568e-14, -2.242889e-14
155.700000, 1.975521e-14, 1.084182e-14, 1.082502e-14, 2.667468e-14
155.800000, -2.458220e-14, -1.043836e-14, -1.045530e-14, -2.237870e-14
155.900000, 1.958658e-14, 1.083268e-14, 1.081558e-14, 2.638097e-14
156.000000, -2.444088e-14, -1.029938e-14, -1.031659e-14, -2.232675e-14
156.100000, 1.941862e-14, 1.082271e-14, 1.080533e-14, 2.609126e-14
156.200000, -2.430129e-14, -1.016218e-14, -1.017976e-14, -2.227234e-14
156.300000, 1.925042e-14, 1.081161e-14, 1.079393e-14, 2.580621e-14
156.400000, -2.416349e-14, -1.002717e-14, -1.004506e-14, -2.221511e-14
156.500000, 1.908271e-14, 1.079921e-14, 1.078118e-14, 2.552740e-14
156.600000, -2.402660e-14, -9.894336e-15, -9.912511e-15, -2.215246e-14
156.700000, 1.891578e-14, 1.078545e-14, 1.076713e-14, 2.525591e-14
156.800000, -2.389102e-14, -9.763738e-15, -9.782236e-15, -2.208484e-14
156.900000, 1.874928e-14, 1.077022e-14, 1.075162e-14, 2.499117e-14
157.000000, -2.375691e-14, -9.635480e-15, -9.654258e-15, -2.201260e-14
157.100000, 1.858290e-14, 1.075344e-14, 1.073457e-14, 2.473320e-14
157.200000, -2.362462e-14, -9.509757e-15, -9.528724e-15, -2.193563e-14
157.300000, 1.841631e-14, 1.073503e-14, 1.071598e-14, 2.448184e-14
157.400000, -2.349435e-14, -9.386423e-15, -9.405585e-15, -2.185375e-14
157.500000, 1.824902e-14, 1.071493e-14, 1.069570e-14, 2.423750e-14
157.600000, -2.336636e-14, -9.265669e-15, -9.284977e-15, -2.176725e-14
157.700000, 1.808204e-14, 1.069307e-14, 1.067374e-14, 2.399898e-14
157.800000, -2.323948e-14, -9.147589e-15, -9.166964e-15, -2.167729e-14
157.900000, 1.791565e-14, 1.066937e-14, 1.064999e-14, 2.376571e-14
158.000000, -2.311384e-14, -9.032112e-15, -9.051452e-15, -2.158420e-14
158.100000, 1.774978e-14, 1.064395e-14, 1.062463e-14, 2.353719e-14
158.200000, -2.298913e-14, -8.919124e-15, -8.938417e-15, -2.148850e-14
158.300000, 1.758474e-14, 1.061691e-14, 1.059769e-14, 2.331321e-14
158.400000, -2.286532e-14, -8.808369e-15, -8.827523e-15, -2.139032e-14
158.500000, 1.742066e-14, 1.058841e-14, 1.056935e-14, 2.309292e-14
158.600000, -2.274161e-14, -8.699902e-15, -8.718840e-15, -2.129076e-14
158.700000, 1.725871e-14, 1.055860e-14, 1.053974e-14, 2.287594e-14
158.800000, -2.261738e-14, -8.593601e-15, -8.612236e-15, -2.118983e-14
158.900000, 1.709885e-14, 1.052739e-14, 1.050889e-14, 2.266172e-14
159.000000, -2.249226e-14, -8.489286e-15, -8.507575e-15, -2.108850e-14
159.100000, 1.694203e-14, 1.049495e-14, 1.047686e-14, 2.244944e-14
159.200000, -2.236559e-14, -8.387040e-15, -8.404871e-15, -2.098719e-14
159.300000, 1.678852e-14, 1.046128e-14, 1.044371e-14, 2.223885e-14
159.400000, -2.223699e-14, -8.286720e-15, -8.304051e-15, -2.088607e-14
159.500000, 1.663877e-14, 1.042647e-14, 1.040943e-14, 2.202963e-14
159.600000, -2.210612e-14, -8.188426e-15, -8.205203e-15, -2.078569e-14
159.700000, 1.649293e-14, 1.039028e-14, 1.037384e-14, 2.182135e-14
159.800000, -2.197277e-14, -8.092229e-15, -8.108371e-15, -2.068620e-14
159.900000, 1.635127e-14, 1.035279e-14, 1.033698e-14, 2.161394e-14
160.000000, -2.183691e-14, -7.998241e-15, -8.013669e-15, -2.058772e-14
160.100000, 1.621368e-14, 1.031379e-14, 1.029874e-14, 2.140727e-14
160.200000, -2.169852e-14, -7.906444e-15, -7.921122e-15, -2.049015e-14
160.300000, 1.608019e-14, 1.027331e-14, 1.025901e-14, 2.120136e-14
160.400000, -2.155760e-14, -7.816879e-15, -7.830756e-15, -2.039359e-14
160.500000, 1.595062e-14, 1.023132e-14, 1.021790e-14, 2.099632e-14
160.600000, -2.141430e-14, -7.729633e-15, -7.742649e-15, -2.029775e-14
160.700000, 1.582510e-14, 1.018778e-14, 1.017517e-14, 2.079228e-14
160.800000, -2.126845e-14, -7.644623e-15, -7.656746e-15, -2.020264e-14
160.900000, 1.570358e-14, 1.014276e-14, 1.013104e-14, 2.058933e-14
161.000000, -2.112022e-14, -7.561741e-15, -7.572964e-15, -2.010801e-14
161.100000, 1.558592e-14, 1.009632e-14, 1.008558e-14, 2.038772e-14
161.200000, -2.096978e-14, -7.481034e-15, -7.491318e-15, -2.001361e-14
161.300000, 1.547177e-14, 1.004848e-14, 1.003866e-14, 2.018777e-14
161.400000, -2.081733e-14, -7.402349e-15, -7.411697e-15, -1.991898e-14
161.500000, 1.536104e-14, 9.999285e-15, 9.990458e-15, 1.998975e-14
161.600000, -2.066315e-14, -7.325725e-15, -7.334088e-15, -1.982409e-14
161.700000, 1.525340e-14, 9.948882e-15, 9.941013e-15, 1.979380e-14
161.800000, -2.050747e-14, -7.251035e-15, -7.258414e-15, -1.972863e-14
161.900000, 1.514857e-14, 9.897183e-15, 9.890280e-15, 1.960009e-14
162.000000, -2.035058e-14, -7.178294e-15, -7.184691e-15, -1.963245e-14
162.100000, 1.504626e-14, 9.844315e-15, 9.838416e-15, 1.940893e-14
162.200000, -2.019272e-14, -7.107392e-15, -7.112749e-15, -1.953534e-14
162.300000, 1.494621e-14, 9.790264e-15, 9.785398e-15, 1.922026e-14
162.400000, -2.003421e-14, -7.038315e-15, -7.042662e-15, -1.943728e-14
162.500000, 1.484810e-14, 9.735032e-15, 9.731234e-15, 1.903415e-14
162.600000, -1.987524e-14, -6.971068e-15, -6.974358e-15, -1.933820e-14
162.700000, 1.475181e-14, 9.678757e-15, 9.676020e-15, 1.885065e-14
162.800000, -1.971601e-14, -6.905580e-15, -6.907721e-15, -1.923813e-14
162.900000, 1.465709e-14, 9.621415e-15, 9.619804e-15, 1.866977e-14
163.000000, -1.955668e-14, -6.841732e-15, -6.842742e-15, -1.913698e-14
163.100000, 1.456386e-14, 9.563140e-15, 9.562757e-15, 1.849166e-14
163.200000, -1.939734e-14, -6.779459e-15, -6.779278e-15, -1.903460e-14
163.300000, 1.447181e-14, 9.503994e-15, 9.504789e-15, 1.831615e-14
163.400000, -1.923824e-14, -6.718747e-15, -6.717271e-15, -1.893125e-14
163.500000, 1.438092e-14, 9.443967e-15, 9.446087e-15, 1.814314e-14
163.600000, -1.907936e-14, -6.659438e-15, -6.656615e-15, -1.882693e-14
163.700000, 1.429112e-14, 9.383278e-15, 9.386759e-15, 1.797261e-14
163.800000, -1.892087e-14, -6.601482e-15, -6.597263e-15, -1.872173e-14
163.900000, 1.420224e-14, 9.321817e-15, 9.326756e-15, 1.780442e-14
164.000000, -1.876275e-14, -6.544805e-15, -6.539120e-15, -1.861568e-14
164.100000, 1.411430e-14, 9.259731e-15, 9.266173e-15, 1.763847e-14
164.200000, -1.860511e-14, -6.489389e-15, -6.482193e-15, -1.850900e-14
164.300000, 1.402713e-14, 9.197144e-15, 9.205055e-15, 1.747463e-14
164.400000, -1.844805e-14, -6.435167e-15, -6.426443e-15, -1.840172e-14
164.500000, 1.394074e-14, 9.133958e-15, 9.143470e-15, 1.731278e-14
164.600000, -1.829153e-14, -6.382061e-15, -6.371817e-15, -1.829400e-14
164.700000, 1.385504e-14, 9.070329e-15, 9.081360e-15, 1.715283e-14
164.800000, -1.813565e-14, -6.330001e-15, -6.318242e-15, -1.818588e-14
164.900000, 1.377008e-14, 9.006350e-15, 9.018883e-15, 1.699475e-14
165.000000, -1.798040e-14, -6.278937e-15, -6.265651e-15, -1.807737e-14
165.100000, 1.368574e-14, 8.942064e-15, 8.956069e-15, 1.683843e-14
165.200000, -1.782569e-14, -6.228680e-15, -6.213893e-15, -1.796848e-14
165.300000, 1.360214e-14, 8.877612e-15, 8.893068e-15, 1.668389e-14
165.400000, -1.767163e-14, -6.179206e-15, -6.163053e-15, -1.785930e-14
165.500000, 1.351917e-14, 8.812953e-15, 8.829782e-15, 1.653114e-14
165.600000, -1.751813e-14, -6.130433e-15, -6.112885e-15, -1.774972e-14
165.700000, 1.343681e-14, 8.748219e-15, 8.766451e-15, 1.638015e-14
165.800000, -1.736531e-14, -6.082312e-15, -6.063504e-15, -1.763982e-14
165.900000, 1.335506e-14, 8.683519e-15, 8.702978e-15, 1.623090e-14
166.000000, -1.721314e-14, -6.034810e-15, -6.014753e-15, -1.752951e-14
166.100000, 1.327379e-14, 8.618741e-15, 8.639376e-15, 1.608340e-14
166.200000, -1.706182e-14, -5.987960e-15, -5.966703e-15, -1.741882e-14
166.300000, 1.319298e-14, 8.553979e-15, 8.575792e-15, 1.593769e-14
166.400000, -1.691128e-14, -5.941675e-15, -5.919301e-15, -1.730779e-14
166.500000, 1.311246e-14, 8.489168e-15, 8.512068e-15, 1.579371e-14
166.600000, -1.676166e-14, -5.896021e-15, -5.872590e-15, -1.719636e-14
166.700000, 1.303222e-14, 8.424319e-15, 8.448294e-15, 1.565143e-14
166.800000, -1.661307e-14, -5.850981e-15, -5.826502e-15, -1.708456e-14
166.900000, 1.295211e-14, 8.359386e-15, 8.384360e-15, 1.551084e-14
167.000000, -1.646561e-14, -5.806566e-15, -5.781116e-15, -1.697246e-14
167.100000, 1.287203e-14, 8.294408e-15, 8.320366e-15, 1.537190e-14
167.200000, -1.631928e-14, -5.762829e-15, -5.736408e-15, -1.686000e-14
167.300000, 1.279197e-14, 8.229389e-15, 8.256297e-15, 1.523462e-14
167.400000, -1.617421e-14, -5.719690e-15, -5.692315e-15, -1.674724e-14
167.500000, 1.271181e-14, 8.164335e-15, 8.192166e-15, 1.509900e-14
167.600000, -1.603033e-14, -5.677075e-15, -5.648788e-15, -1.663408e-14
167.700000, 1.263165e-14, 8.099316e-15, 8.128087e-15, 1.496507e-14
167.800000, -1.588764e-14, -5.634983e-15, -5.605755e-15, -1.652054e-14
167.900000, 1.255137e-14, 8.034332e-15, 8.064020e-15, 1.483278e-14
168.000000, -1.574623e-14, -5.593323e-15, -5.563184e-15, -1.640664e-14
168.100000, 1.247104e-14, 7.969532e-15, 8.000082e-15, 1.470219e-14
168.200000, -1.560604e-14, -5.552037e-15, -5.521053e-15, -1.629233e-14
168.300000, 1.239065e-14, 7.904873e-15, 7.936333e-15, 1.457324e-14
168.400000, -1.546700e-14, -5.511154e-15, -5.479250e-15, -1.617761e-14
168.500000, 1.231016e-14, 7.840475e-15, 7.872794e-15, 1.444597e-14
168.600000, -1.532920e-14, -5.470497e-15, -5.437750e-15, -1.606252e-14
168.700000, 1.222957e-14, 7.776251e-15, 7.809449e-15, 1.432027e-14
168.800000, -1.519261e-14, -5.430215e-15, -5.396600e-15, -1.594711e-14
168.900000, 1.214881e-14, 7.712297e-15, 7.746326e-15, 1.419613e-14
169.000000, -1.505736e-14, -5.390183e-15, -5.355776e-15, -1.583150e-14
169.100000, 1.206793e-14, 7.648602e-15, 7.683434e-15, 1.407338e-14
169.200000, -1.492326e-14, -5.350433e-15, -5.315161e-15, -1.571561e-14
169.300000, 1.198687e-14, 7.585149e-15, 7.620781e-15, 1.395205e-14
169.400000, -1.479046e-14, -5.310993e-15, -5.274905e-15, -1.559965e-14
169.500000, 1.190569e-14, 7.521921e-15, 7.558383e-15, 1.383207e-14
169.600000, -1.465889e-14, -5.271778e-15, -5.234886e-15, -1.548357e-14
169.700000, 1.182429e-14, 7.458873e-15, 7.496146e-15, 1.371330e-14
169.800000, -1.452858e-14, -5.232862e-15, -5.195221e-15, -1.536751e-14
169.900000, 1.174273e-14, 7.396165e-15, 7.434188e-15, 1.359571e-14
170.000000, -1.439947e-14, -5.194176e-15, -5.155776e-15, -1.525144e-14
170.100000, 1.166100e-14, 7.333637e-15, 7.372447e-15, 1.347926e-14
170.200000, -1.427159e-14, -5.155781e-15, -5.116617e-15, -1.513547e-14
170.300000, 1.157913e-14, 7.271392e-15, 7.310921e-15, 1.336383e-14
170.400000, -1.414486e-14, -5.117620e-15, -5.077749e-15, -1.501967e-14
170.500000, 1.149714e-14, 7.209440e-15, 7.249656e-15, 1.324942e-14
170.600000, -1.401927e-14, -5.079625e-15, -5.039085e-15, -1.490395e-14
170.700000, 1.141508e-14, 7.147775e-15, 7.188653e-15, 1.313605e-14
170.800000, -1.389481e-14, -5.041850e-15, -5.000672e-15, -1.478845e-14
170.900000, 1.133298e-14, 7.086436e-15, 7.127916e-15, 1.302362e-14
171.000000, -1.377139e-14, -5.004205e-15, -4.962449e-15, -1.467310e-14
171.100000, 1.125089e-14, 7.025501e-15, 7.067530e-15, 1.291221e-14
171.200000, -1.364896e-14, -4.966649e-15, -4.924349e-15, -1.455789e-14
171.300000, 1.116879e-14, 6.964913e-15, 7.007456e-15, 1.280176e-14
171.400000, -1.352747e-14, -4.929130e-15, -4.886383e-15, -1.444281e-14
171.500000, 1.108682e-14, 6.904838e-15, 6.947775e-15, 1.269230e-14
171.600000, -1.340687e-14, -4.891643e-15, -4.848552e-15, -1.432787e-14
171.700000, 1.100491e-14, 6.845225e-15, 6.888471e-15, 1.258383e-14
171.800000, -1.328716e-14, -4.854183e-15, -4.810788e-15, -1.421307e-14
171.900000, 1.092315e-14, 6.786001e-15, 6.829503e-15, 1.247628e-14
172.000000, -1.316837e-14, -4.816782e-15, -4.773155e-15, -1.409844e-14
172.100000, 1.084133e-14, 6.727166e-15, 6.770883e-15, 1.236963e-14
172.200000, -1.305054e-14, -4.779486e-15, -4.735691e-15, -1.398407e-14
172.300000, 1.075960e-14, 6.668710e-15, 6.712534e-15, 1.226379e-14
172.400000, -1.293364e-14, -4.742274e-15, -4.698402e-15, -1.386996e-14
172.500000, 1.067787e-14, 6.610552e-15, 6.654456e-15, 1.215872e-14
172.600000, -1.281776e-14, -4.705292e-15, -4.661416e-15, -1.375623e-14
172.700000, 1.059604e-14, 6.552618e-15, 6.596482e-15, 1.205429e-14
172.800000, -1.270291e-14, -4.668511e-15, -4.624694e-15, -1.364287e-14
172.900000, 1.051409e-14, 6.494890e-15, 6.538695e-15, 1.195056e-14
173.000000, -1.258910e-14, -4.632092e-15, -4.588289e-15, -1.352996e-14
173.100000, 1.043210e-14, 6.437334e-15, 6.481079e-15, 1.184739e-14
173.200000, -1.247629e-14, -4.595845e-15, -4.552145e-15, -1.341746e-14
173.300000, 1.035007e-14, 6.380011e-15, 6.423641e-15, 1.174489e-14
173.400000, -1.236447e-14, -4.559853e-15, -4.516276e-15, -1.330541e-14
173.500000, 1.026798e-14, 6.322871e-15, 6.366375e-15, 1.164296e-14
173.600000, -1.225349e-14, -4.524025e-15, -4.480593e-15, -1.319369e-14
173.700000, 1.018600e-14, 6.266036e-15, 6.309415e-15, 1.154176e-14
173.800000, -1.214341e-14, -4.488347e-15, -4.445127e-15, -1.308234e-14
173.900000, 1.010418e-14, 6.209611e-15, 6.252789e-15, 1.144129e-14
174.000000, -1.203392e-14, -4.452649e-15, -4.409559e-15, -1.297116e-14
174.100000, 1.002260e-14, 6.153584e-15, 6.196591e-15, 1.134162e-14
174.200000, -1.192513e-14, -4.416976e-15, -4.374086e-15, -1.286028e-14
174.300000, 9.941250e-15, 6.097994e-15, 6.140789e-15, 1.124268e-14
174.400000, -1.181692e-14, -4.381228e-15, -4.338575e-15, -1.274952e-14
174.500000, 9.860238e-15, 6.042973e-15, 6.085460e-15, 1.114464e-14
174.600000, -1.170929e-14, -4.345418e-15, -4.303047e-15, -1.263896e-14
174.700000, 9.779498e-15, 5.988324e-15, 6.030537e-15, 1.104730e-14
174.800000, -1.160230e-14, -4.309626e-15, -4.267616e-15, -1.252868e-14
174.900000, 9.699016e-15, 5.934129e-15, 5.975989e-15, 1.095070e-14
175.000000, -1.149594e-14, -4.273867e-15, -4.232203e-15, -1.241870e-14
175.100000, 9.618742e-15, 5.880276e-15, 5.921700e-15, 1.085468e-14
175.200000, -1.139029e-14, -4.238212e-15, -4.197006e-15, -1.230911e-14
175.300000, 9.538606e-15, 5.826760e-15, 5.867735e-15, 1.075926e-14
175.400000, -1.128533e-14, -4.202627e-15, -4.161887e-15, -1.219987e-14
175.500000, 9.458588e-15, 5.773406e-15, 5.813880e-15, 1.066433e-14
175.600000, -1.118113e-14, -4.167286e-15, -4.127084e-15, -1.209114e-14
175.700000, 9.378682e-15, 5.720349e-15, 5.760264e-15, 1.056994e-14
175.800000, -1.107767e-14, -4.132072e-15, -4.092483e-15, -1.198286e-14
175.900000, 9.298897e-15, 5.667518e-15, 5.706777e-15, 1.047595e-14
176.000000, -1.097492e-14, -4.097077e-15, -4.058103e-15, -1.187510e-14
176.100000, 9.219243e-15, 5.614858e-15, 5.653483e-15, 1.038241e-14
176.200000, -1.087286e-14, -4.062276e-15, -4.023991e-15, -1.176780e-14
176.300000, 9.139739e-15, 5.562445e-15, 5.600344e-15, 1.028930e-14
176.400000, -1.077144e-14, -4.027569e-15, -3.990026e-15, -1.166097e-14
176.500000, 9.060459e-15, 5.510257e-15, 5.547446e-15, 1.019665e-14
176.600000, -1.067064e-14, -3.993115e-15, -3.956316e-15, -1.155466e-14
176.700000, 8.981335e-15, 5.458278e-15, 5.494741e-15, 1.010442e-14
176.800000, -1.057044e-14, -3.958731e-15, -3.922700e-15, -1.144874e-14
176.900000, 8.902513e-15, 5.406630e-15, 5.442269e-15, 1.001265e-14
177.000000, -1.047078e-14, -3.924507e-15, -3.889286e-15, -1.134333e-14
177.100000, 8.823963e-15, 5.355240e-15, 5.390072e-15, 9.921387e-15
177.200000, -1.037156e-14, -3.890312e-15, -3.855915e-15, -1.123824e-14
177.300000, 8.745718e-15, 5.304154e-15, 5.338179e-15, 9.830605e-15
177.400000, -1.027282e-14, -3.856202e-15, -3.822607e-15, -1.113359e-14
177.500000, 8.667894e-15, 5.253429e-15, 5.286593e-15, 9.740357e-15
177.600000, -1.017452e-14, -3.822105e-15, -3.789398e-15, -1.102930e-14
177.700000, 8.590387e-15, 5.203047e-15, 5.235360e-15, 9.650591e-15
177.800000, -1.007661e-14, -3.788113e-15, -3.756227e-15, -1.092537e-14
177.900000, 8.513225e-15, 5.152924e-15, 5.184380e-15, 9.561290e-15
178.000000, -9.979135e-15, -3.754146e-15, -3.723143e-15, -1.082182e-14
178.100000, 8.436384e-15, 5.103083e-15, 5.133670e-15, 9.472455e-15
178.200000, -9.882233e-15, -3.720359e-15, -3.690207e-15, -1.071875e-14
178.300000, 8.359739e-15, 5.053457e-15, 5.083164e-15, 9.383975e-15
178.400000, -9.785804e-15, -3.686706e-15, -3.657434e-15, -1.061614e-14
178.500000, 8.283392e-15, 5.004049e-15, 5.032876e-15, 9.295914e-15
178.600000, -9.689906e-15, -3.653235e-15, -3.624848e-15, -1.051397e-14
178.700000, 8.207225e-15, 4.954760e-15, 4.982708e-15, 9.208153e-15
178.800000, -9.594590e-15, -3.620005e-15, -3.592489e-15, -1.041237e-14
178.900000, 8.131198e-15, 4.905603e-15, 4.932670e-15, 9.120717e-15
179.000000, -9.499817e-15, -3.586972e-15, -3.560310e-15, -1.031126e-14
179.100000, 8.055420e-15, 4.856594e-15, 4.882827e-15, 9.033633e-15
179.200000, -9.405610e-15, -3.554191e-15, -3.528381e-15, -1.021066e-14
179.300000, 7.979841e-15, 4.807793e-15, 4.833182e-15, 8.946890e-15
179.400000, -9.311848e-15, -3.521530e-15, -3.496530e-15, -1.011048e-14
179.500000, 7.904590e-15, 4.759179e-15, 4.783758e-15, 8.860534e-15
179.600000, -9.218503e-15, -3.488951e-15, -3.464767e-15, -1.001065e-14
179.700000, 7.829584e-15, 4.710824e-15, 4.734580e-15, 8.774580e-15
179.800000, -9.125598e-15, -3.456504e-15, -3.433123e-15, -9.911264e-15
179.900000, 7.754957e-15, 4.662743e-15, 4.685752e-15, 8.689116e-15
180.000000, -9.032974e-15, -3.424035e-15, -3.401419e-15, -9.812159e-15
180.100000, 7.680727e-15, 4.615032e-15, 4.637228e-15, 8.604104e-15
180.200000, -8.940685e-15, -3.391615e-15, -3.369753e-15, -9.713394e-15
180.300000, 7.606897e-15, 4.567576e-15, 4.589046e-15, 8.519584e-15
180.400000, -8.848781e-15, -3.359275e-15, -3.338162e-15, -9.615026e-15
180.500000, 7.533437e-15, 4.520429e-15, 4.541161e-15, 8.435458e-15
180.600000, -8.757123e-15, -3.326893e-15, -3.306504e-15, -9.516910e-15
180.700000, 7.460328e-15, 4.473629e-15, 4.493640e-15, 8.351769e-15
180.800000, -8.665863e-15, -3.294625e-15, -3.274958e-15, -9.419192e-15
180.900000, 7.387512e-15, 4.426965e-15, 4.446263e-15, 8.268459e-15
181.000000, -8.575024e-15, -3.262452e-15, -3.243537e-15, -9.321892e-15
181.100000, 7.314975e-15, 4.380563e-15, 4.399151e-15, 8.185474e-15
181.200000, -8.484565e-15, -3.230426e-15, -3.212194e-15, -9.225020e-15
181.300000, 7.242703e-15, 4.334337e-15, 4.352250e-15, 8.102778e-15
181.400000, -8.394569e-15, -3.198573e-15, -3.181055e-15, -9.128651e-15
181.500000, 7.170622e-15, 4.288273e-15, 4.305436e-15, 8.020405e-15
181.600000, -8.305049e-15, -3.166882e-15, -3.150037e-15, -9.032708e-15
181.700000, 7.098736e-15, 4.242325e-15, 4.258813e-15, 7.938269e-15
181.800000, -8.215990e-15, -3.135321e-15, -3.119176e-15, -8.937236e-15
181.900000, 7.027092e-15, 4.196582e-15, 4.212406e-15, 7.856471e-15
182.000000, -8.127337e-15, -3.103924e-15, -3.088486e-15, -8.842206e-15
182.100000, 6.955630e-15, 4.150999e-15, 4.166125e-15, 7.774907e-15
182.200000, -8.039184e-15, -3.072700e-15, -3.057911e-15, -8.747645e-15
182.300000, 6.884386e-15, 4.105566e-15, 4.120001e-15, 7.693668e-15
182.400000, -7.951456e-15, -3.041616e-15, -3.027508e-15, -8.653495e-15
182.500000, 6.813311e-15, 4.060276e-15, 4.074060e-15, 7.612680e-15
182.600000, -7.864198e-15, -3.010689e-15, -2.997240e-15, -8.559806e-15
182.700000, 6.742454e-15, 4.015143e-15, 4.028280e-15, 7.532012e-15
182.800000, -7.777376e-15, -2.979902e-15, -2.967083e-15, -8.466509e-15
182.900000, 6.671869e-15, 3.970224e-15, 3.982712e-15, 7.451639e-15
183.000000, -7.690903e-15, -2.949211e-15, -2.937024e-15, -8.373603e-15
183.100000, 6.601442e-15, 3.925464e-15, 3.937332e-15, 7.371503e-15
183.200000, -7.604893e-15, -2.918663e-15, -2.907126e-15, -8.281143e-15
183.300000, 6.531300e-15, 3.880932e-15, 3.892199e-15, 7.291749e-15
183.400000, -7.519247e-15, -2.888194e-15, -2.877264e-15, -8.189024e-15
183.500000, 6.461374e-15, 3.836593e-15, 3.847269e-15, 7.212306e-15
183.600000, -7.433929e-15, -2.857780e-15, -2.847383e-15, -8.097245e-15
183.700000, 6.391707e-15, 3.792466e-15, 3.802582e-15, 7.133185e-15
183.800000, -7.348982e-15, -2.827463e-15, -2.817626e-15, -8.005826e-15
183.900000, 6.322375e-15, 3.748588e-15, 3.758174e-15, 7.054423e-15
184.000000, -7.264342e-15, -2.797172e-15, -2.787845e-15, -7.914708e-15
184.100000, 6.253234e-15, 3.704977e-15, 3.714020e-15, 6.976041e-15
184.200000, -7.180067e-15, -2.766983e-15, -2.758143e-15, -7.823956e-15
184.300000, 6.184420e-15, 3.661560e-15, 3.670129e-15, 6.898006e-15
184.400000, -7.096120e-15, -2.736823e-15, -2.728505e-15, -7.733536e-15
184.500000, 6.115784e-15, 3.618315e-15, 3.626431e-15, 6.820188e-15
184.600000, -7.012618e-15, -2.706810e-15, -2.698922e-15, -7.643500e-15
184.700000, 6.047320e-15, 3.575245e-15, 3.582908e-15, 6.742691e-15
184.800000, -6.929563e-15, -2.676918e-15, -2.669487e-15, -7.553829e-15
184.900000, 5.979070e-15, 3.532348e-15, 3.539567e-15, 6.665436e-15
185.000000, -6.846792e-15, -2.647110e-15, -2.640085e-15, -7.464565e-15
185.100000, 5.910973e-15, 3.489586e-15, 3.496433e-15, 6.588450e-15
185.200000, -6.764478e-15, -2.617469e-15, -2.610827e-15, -7.375673e-15
185.300000, 5.843103e-15, 3.447034e-15, 3.453487e-15, 6.511778e-15
185.400000, -6.682549e-15, -2.587876e-15, -2.581597e-15, -7.287106e-15
185.500000, 5.775469e-15, 3.404691e-15, 3.410787e-15, 6.435413e-15
185.600000, -6.600906e-15, -2.558350e-15, -2.552409e-15, -7.198862e-15
185.700000, 5.708047e-15, 3.362527e-15, 3.368298e-15, 6.359323e-15
185.800000, -6.519618e-15, -2.528901e-15, -2.523272e-15, -7.110966e-15
185.900000, 5.640872e-15, 3.320604e-15, 3.326068e-15, 6.283543e-15
186.000000, -6.438627e-15, -2.499464e-15, -2.494170e-15, -7.023373e-15
186.100000, 5.573947e-15, 3.278913e-15, 3.284072e-15, 6.208105e-15
186.200000, -6.357926e-15, -2.470068e-15, -2.465044e-15, -6.936099e-15
186.300000, 5.507251e-15, 3.237422e-15, 3.242327e-15, 6.132905e-15
186.400000, -6.277604e-15, -2.440746e-15, -2.435978e-15, -6.849160e-15
186.500000, 5.440759e-15, 3.196142e-15, 3.200770e-15, 6.057998e-15
186.600000, -6.197566e-15, -2.411469e-15, -2.406992e-15, -6.762533e-15
186.700000, 5.374498e-15, 3.155020e-15, 3.159394e-15, 5.983347e-15
186.800000, -6.117906e-15, -2.382346e-15, -2.378055e-15, -6.676339e-15
186.900000, 5.308436e-15, 3.114072e-15, 3.118219e-15, 5.908910e-15
187.000000, -6.038622e-15, -2.353310e-15, -2.349241e-15, -6.590514e-15
187.100000, 5.242481e-15, 3.073230e-15, 3.077192e-15, 5.834608e-15
187.200000, -5.959691e-15, -2.324395e-15, -2.320519e-15, -6.505116e-15
187.300000, 5.176714e-15, 3.032546e-15, 3.036303e-15, 5.760568e-15
187.400000, -5.881228e-15, -2.295625e-15, -2.291860e-15, -6.420066e-15
187.500000, 5.111050e-15, 2.991957e-15, 2.995604e-15, 5.686699e-15
187.600000, -5.803074e-15, -2.266963e-15, -2.263381e-15, -6.335441e-15
187.700000, 5.045542e-15, 2.951499e-15, 2.955020e-15, 5.613015e-15
187.800000, -5.725344e-15, -2.238445e-15, -2.234928e-15, -6.251174e-15
187.900000, 4.980150e-15, 2.911138e-15, 2.914615e-15, 5.539514e-15
188.000000, -5.647948e-15, -2.210024e-15, -2.206561e-15, -6.167286e-15
188.100000, 4.914941e-15, 2.870969e-15, 2.874425e-15, 5.466240e-15
188.200000, -5.570906e-15, -2.181696e-15, -2.178254e-15, -6.083753e-15
188.300000, 4.849937e-15, 2.830992e-15, 2.834455e-15, 5.393281e-15
188.400000, -5.494205e-15, -2.153401e-15, -2.149967e-15, -6.000510e-15
188.500000, 4.785106e-15, 2.791189e-15, 2.794665e-15, 5.320494e-15
188.600000, -5.417782e-15, -2.125178e-15, -2.121699e-15, -5.917553e-15
188.700000, 4.720481e-15, 2.751603e-15, 2.755097e-15, 5.248014e-15
188.800000, -5.341635e-15, -2.097001e-15, -2.093460e-15, -5.834951e-15
188.900000, 4.656060e-15, 2.712168e-15, 2.715763e-15, 5.175743e-15
189.000000, -5.265766e-15, -2.068852e-15, -2.065242e-15, -5.752612e-15
189.100000, 4.591840e-15, 2.672921e-15, 2.676610e-15, 5.103698e-15
189.200000, -5.190212e-15, -2.040779e-15, -2.037060e-15, -5.670603e-15
189.300000, 4.527792e-15, 2.633849e-15, 2.637645e-15, 5.031862e-15
189.400000, -5.114981e-15, -2.012801e-15, -2.008942e-15, -5.588927e-15
189.500000, 4.463981e-15, 2.594946e-15, 2.598864e-15, 4.960261e-15
189.600000, -5.039993e-15, -1.984833e-15, -1.980847e-15, -5.507579e-15
189.700000, 4.400361e-15, 2.556200e-15, 2.560278e-15, 4.888867e-15
189.800000, -4.965303e-15, -1.956967e-15, -1.952829e-15, -5.426560e-15
189.900000, 4.336944e-15, 2.517641e-15, 2.521880e-15, 4.817669e-15
190.000000, -4.890883e-15, -1.929144e-15, -1.924827e-15, -5.345818e-15
190.100000, 4.273681e-15, 2.479231e-15, 2.483643e-15, 4.746699e-15
190.200000, -4.816746e-15, -1.901409e-15, -1.896883e-15, -5.265439e-15
190.300000, 4.210654e-15, 2.440954e-15, 2.445583e-15, 4.675921e-15
190.400000, -4.742884e-15, -1.873750e-15, -1.868995e-15, -5.185370e-15
190.500000, 4.147791e-15, 2.402849e-15, 2.407737e-15, 4.605343e-15
190.600000, -4.669253e-15, -1.846136e-15, -1.841135e-15, -5.105589e-15
190.700000, 4.085100e-15, 2.364895e-15, 2.370016e-15, 4.534945e-15
190.800000, -4.595970e-15, -1.818628e-15, -1.813374e-15, -5.026135e-15
190.900000, 4.022622e-15, 2.327002e-15, 2.332447e-15, 4.464738e-15
191.000000, -4.522911e-15, -1.791220e-15, -1.785626e-15, -4.946984e-15
191.100000, 3.960314e-15, 2.289307e-15, 2.295075e-15, 4.394759e-15
191.200000, -4.450123e-15, -1.763843e-15, -1.757947e-15, -4.868098e-15
191.300000, 3.898221e-15, 2.251769e-15, 2.257885e-15, 4.325006e-15
191.400000, -4.377606e-15, -1.736528e-15, -1.730271e-15, -4.789537e-15
191.500000, 3.836311e-15, 2.214398e-15, 2.220852e-15, 4.255474e-15
191.600000, -4.305279e-15, -1.709267e-15, -1.702616e-15, -4.711185e-15
191.700000, 3.774614e-15, 2.177242e-15, 2.184085e-15, 4.186191e-15
191.800000, -4.233202e-15, -1.682007e-15, -1.674986e-15, -4.633070e-15
191.900000, 3.713096e-15, 2.140193e-15, 2.147433e-15, 4.117101e-15
192.000000, -4.161393e-15, -1.654830e-15, -1.647358e-15, -4.555266e-15
192.100000, 3.651782e-15, 2.103351e-15, 2.110990e-15, 4.048289e-15
192.200000, -4.089821e-15, -1.627647e-15, -1.619807e-15, -4.477656e-15
192.300000, 3.590605e-15, 2.066634e-15, 2.074677e-15, 3.979613e-15
192.400000, -4.018540e-15, -1.600562e-15, -1.592318e-15, -4.400379e-15
192.500000, 3.529563e-15, 2.030043e-15, 2.038503e-15, 3.911139e-15
192.600000, -3.947564e-15, -1.573581e-15, -1.564930e-15, -4.323416e-15
192.700000, 3.468621e-15, 1.993561e-15, 2.002391e-15, 3.842816e-15
192.800000, -3.876943e-15, -1.546724e-15, -1.537709e-15, -4.246779e-15
192.900000, 3.407743e-15, 1.957134e-15, 1.966350e-15, 3.774585e-15
193.000000, -3.806584e-15, -1.519979e-15, -1.510554e-15, -4.170449e-15
193.100000, 3.346954e-15, 1.920795e-15, 1.930395e-15, 3.706511e-15
193.200000, -3.736663e-15, -1.493324e-15, -1.483579e-15, -4.094466e-15
193.300000, 3.286291e-15, 1.884569e-15, 1.894489e-15, 3.638594e-15
193.400000, -3.666915e-15, -1.466773e-15, -1.456699e-15, -4.018780e-15
193.500000, 3.225767e-15, 1.848480e-15, 1.858731e-15, 3.570841e-15
193.600000, -3.597490e-15, -1.440241e-15, -1.429844e-15, -3.943343e-15
193.700000, 3.165379e-15, 1.812556e-15, 1.823098e-15, 3.503279e-15
193.800000, -3.528276e-15, -1.413718e-15, -1.403026e-15, -3.868117e-15
193.900000, 3.105198e-15, 1.776843e-15, 1.787678e-15, 3.435978e-15
194.000000, -3.459213e-15, -1.387173e-15, -1.376196e-15, -3.793062e-15
194.100000, 3.045218e-15, 1.741303e-15, 1.752419e-15, 3.368936e-15
194.200000, -3.390340e-15, -1.360624e-15, -1.349391e-15, -3.718186e-15
194.300000, 2.985458e-15, 1.705998e-15, 1.717342e-15, 3.302112e-15
194.400000, -3.321672e-15, -1.334057e-15, -1.322568e-15, -3.643526e-15
194.500000, 2.925911e-15, 1.670873e-15, 1.682461e-15, 3.235586e-15
194.600000, -3.253199e-15, -1.307457e-15, -1.295771e-15, -3.569030e-15
194.700000, 2.866552e-15, 1.635945e-15, 1.647755e-15, 3.169236e-15
194.800000, -3.184951e-15, -1.280934e-15, -1.269038e-15, -3.494754e-15
194.900000, 2.807317e-15, 1.601158e-15, 1.613156e-15, 3.103104e-15
195.000000, -3.116908e-15, -1.254411e-15, -1.242303e-15, -3.420736e-15
195.100000, 2.748225e-15, 1.566533e-15, 1.578684e-15, 3.037154e-15
195.200000, -3.049153e-15, -1.227991e-15, -1.215694e-15, -3.346933e-15
195.300000, 2.689260e-15, 1.531949e-15, 1.544280e-15, 2.971338e-15
195.400000, -2.981623e-15, -1.201585e-15, -1.189183e-15, -3.273422e-15
195.500000, 2.630373e-15, 1.497533e-15, 1.509974e-15, 2.905673e-15
195.600000, -2.914316e-15, -1.175249e-15, -1.162765e-15, -3.200173e-15
195.700000, 2.571654e-15, 1.463219e-15, 1.475751e-15, 2.840134e-15
195.800000, -2.847315e-15, -1.149012e-15, -1.136434e-15, -3.127147e-15
195.900000, 2.513061e-15, 1.428988e-15, 1.441627e-15, 2.774793e-15
196.000000, -2.780516e-15, -1.122818e-15, -1.110164e-15, -3.054395e-15
196.100000, 2.454551e-15, 1.394905e-15, 1.407581e-15, 2.709582e-15
196.200000, -2.713967e-15, -1.096695e-15, -1.083984e-15, -2.981874e-15
196.300000, 2.396145e-15, 1.360879e-15, 1.373586e-15, 2.644504e-15
196.400000, -2.647671e-15, -1.070680e-15, -1.057917e-15, -2.909618e-15
196.500000, 2.337838e-15, 1.326951e-15, 1.339675e-15, 2.579592e-15
196.600000, -2.581667e-15, -1.044679e-15, -1.031911e-15, -2.837551e-15
196.700000, 2.279601e-15, 1.293115e-15, 1.305902e-15, 2.514814e-15
196.800000, -2.515898e-15, -1.018777e-15, -1.006012e-15, -2.765760e-15
196.900000, 2.221492e-15, 1.259415e-15, 1.272177e-15, 2.450228e-15
197.000000, -2.450345e-15, -9.929551e-16, -9.801954e-16, -2.694135e-15
197.100000, 2.163519e-15, 1.225787e-15, 1.238559e-15, 2.385822e-15
197.200000, -2.385009e-15, -9.671745e-16, -9.544114e-16, -2.622717e-15
197.300000, 2.105655e-15, 1.192316e-15, 1.205062e-15, 2.321586e-15
197.400000, -2.319840e-15, -9.413629e-16, -9.285990e-16, -2.551437e-15
197.500000, 2.047955e-15, 1.158973e-15, 1.171725e-15, 2.257605e-15
197.600000, -2.254878e-15, -9.155684e-16, -9.028355e-16, -2.480334e-15
197.700000, 1.990454e-15, 1.125843e-15, 1.138578e-15, 2.193877e-15
197.800000, -2.190012e-15, -8.897591e-16, -8.770319e-16, -2.409284e-15
197.900000, 1.933167e-15, 1.092932e-15, 1.105606e-15, 2.130410e-15
198.000000, -2.125299e-15, -8.638710e-16, -8.512119e-16, -2.338351e-15
198.100000, 1.876069e-15, 1.060165e-15, 1.072789e-15, 2.067187e-15
198.200000, -2.060684e-15, -8.379645e-16, -8.253479e-16, -2.267536e-15
198.300000, 1.819146e-15, 1.027619e-15, 1.040191e-15, 2.004248e-15
198.400000, -1.996262e-15, -8.120678e-16, -7.995419e-16, -2.196837e-15
198.500000, 1.762329e-15, 9.952205e-16, 1.007663e-15, 1.941485e-15
198.600000, -1.932006e-15, -7.861744e-16, -7.738040e-16, -2.126318e-15
198.700000, 1.705682e-15, 9.628737e-16, 9.751920e-16, 1.878815e-15
198.800000, -1.867977e-15, -7.603680e-16, -7.481384e-16, -2.056072e-15
198.900000, 1.649099e-15, 9.306366e-16, 9.427628e-16, 1.816264e-15
199.000000, -1.804249e-15, -7.346695e-16, -7.226535e-16, -1.986066e-15
199.100000, 1.592498e-15, 8.983794e-16, 9.103066e-16, 1.753755e-15
199.200000, -1.740785e-15, -7.091317e-16, -6.973172e-16, -1.916372e-15
199.300000, 1.535941e-15, 8.661542e-16, 8.777971e-16, 1.691306e-15
199.400000, -1.677608e-15, -6.836740e-16, -6.721802e-16, -1.846935e-15
199.500000, 1.479410e-15, 8.339467e-16, 8.452834e-16, 1.628911e-15
199.600000, -1.614657e-15, -6.583804e-16, -6.471933e-16, -1.777793e-15
199.700000, 1.422983e-15, 8.018267e-16, 8.128269e-16, 1.566634e-15
199.800000, -1.551903e-15, -6.331220e-16, -6.222886e-16, -1.708893e-15
199.900000, 1.366639e-15, 7.697567e-16, 7.803766e-16, 1.504470e-15
200.000000, -1.489305e-15, -6.078766e-16, -5.974446e-16, -1.640099e-15
200.100000, 1.310454e-15, 7.378041e-16, 7.480668e-16, 1.442452e-15
200.200000, -1.426907e-15, -5.826683e-16, -5.726294e-16, -1.571510e-15
200.300000, 1.254403e-15, 7.060050e-16, 7.158458e-16, 1.380597e-15
200.400000, -1.364558e-15, -5.574072e-16, -5.478149e-16, -1.502996e-15
200.500000, 1.198551e-15, 6.743781e-16, 6.838001e-16, 1.319000e-15
200.600000, -1.302376e-15, -5.321964e-16, -5.229874e-16, -1.434584e-15
200.700000, 1.142874e-15, 6.429228e-16, 6.519008e-16, 1.257572e-15
200.800000, -1.240241e-15, -5.069491e-16, -4.981201e-16, -1.366306e-15
200.900000, 1.087411e-15, 6.115415e-16, 6.201779e-16, 1.196421e-15
201.000000, -1.178303e-15, -4.817332e-16, -4.732654e-16, -1.298140e-15
201.100000, 1.031997e-15, 5.802691e-16, 5.885230e-16, 1.135374e-15
201.200000, -1.116504e-15, -4.565610e-16, -4.484731e-16, -1.230108e-15
201.300000, 9.767348e-16, 5.490754e-16, 5.569787e-16, 1.074485e-15
201.400000, -1.054877e-15, -4.314484e-16, -4.237375e-16, -1.162274e-15
201.500000, 9.215382e-16, 5.179281e-16, 5.255257e-16, 1.013734e-15
201.600000, -9.933783e-16, -4.064043e-16, -3.990067e-16, -1.094527e-15
201.700000, 8.664339e-16, 4.868349e-16, 4.940668e-16, 9.531596e-16
201.800000, -9.321504e-16, -3.814276e-16, -3.743928e-16, -1.027036e-15
201.900000, 8.114079e-16, 4.558197e-16, 4.627365e-16, 8.926821e-16
202.000000, -8.709966e-16, -3.565629e-16, -3.497755e-16, -9.596607e-16
202.100000, 7.565899e-16, 4.249288e-16, 4.314535e-16, 8.323431e-16
202.200000, -8.100153e-16, -3.316286e-16, -3.252221e-16, -8.924252e-16
202.300000, 7.018043e-16, 3.941138e-16, 4.003300e-16, 7.721275e-16
202.400000, -7.491734e-16, -3.067791e-16, -3.007432e-16, -8.253217e-16
202.500000, 6.471920e-16, 3.633480e-16, 3.691719e-16, 7.120376e-16
202.600000, -6.884488e-16, -2.820214e-16, -2.763147e-16, -7.584318e-16
202.700000, 5.926342e-16, 3.326909e-16, 3.381607e-16, 6.521108e-16
202.800000, -6.279241e-16, -2.571997e-16, -2.519699e-16, -6.916715e-16
202.900000, 5.381921e-16, 3.020829e-16, 3.070962e-16, 5.922277e-16
203.000000, -5.675391e-16, -2.325812e-16, -2.277270e-16, -6.250910e-16
203.100000, 4.839064e-16, 2.715054e-16, 2.761409e-16, 5.325292e-16
203.200000, -5.072956e-16, -2.079071e-16, -2.035261e-16, -5.586907e-16
203.300000, 4.296096e-16, 2.410210e-16, 2.451889e-16, 4.728180e-16
203.400000, -4.472095e-16, -1.833840e-16, -1.794404e-16, -4.925000e-16
203.500000, 3.754304e-16, 2.106044e-16, 2.142817e-16, 4.132689e-16
203.600000, -3.872387e-16, -1.588292e-16, -1.553831e-16, -4.264401e-16
203.700000, 3.214469e-16, 1.802505e-16, 1.834343e-16, 3.538315e-16
203.800000, -3.273695e-16, -1.343816e-16, -1.314037e-16, -3.604887e-16
203.900000, 2.675579e-16, 1.499729e-16, 1.526663e-16, 2.945214e-16
204.000000, -2.676476e-16, -1.098615e-16, -1.074319e-16, -2.946492e-16
204.100000, 2.137446e-16, 1.197898e-16, 1.219559e-16, 2.353332e-16
204.200000, -2.079724e-16, -8.540490e-17, -8.352031e-17, -2.290098e-16
204.300000, 1.601235e-16, 8.976095e-17, 9.137858e-17, 1.763089e-16
204.400000, -1.484328e-16, -6.095050e-17, -5.959285e-17, -1.634256e-16
204.500000, 1.066096e-16, 5.976151e-17, 6.082628e-17, 1.174070e-16
204.600000, -8.900113e-17, -3.654772e-17, -3.573587e-17, -9.795291e-17
204.700000, 5.327188e-17, 2.985389e-17, 3.038038e-17, 5.864175e-17
204.800000, -2.962675e-17, -1.219020e-17, -1.191602e-17, -3.261208e-17
