x, 11, 12, 21, 22
0.100000, -1.329137e-01, -1.264660e-01, -1.264660e-01, -1.206984e-01
0.200000, -1.321441e-01, -1.257349e-01, -1.257349e-01, -1.199642e-01
0.300000, -1.309075e-01, -1.245323e-01, -1.245323e-01, -1.187845e-01
0.400000, -1.292124e-01, -1.228843e-01, -1.228843e-01, -1.171697e-01
0.500000, -1.270971e-01, -1.208236e-01, -1.208236e-01, -1.151544e-01
0.600000, -1.245949e-01, -1.183885e-01, -1.183885e-01, -1.127757e-01
0.700000, -1.217500e-01, -1.156218e-01, -1.156218e-01, -1.100759e-01
0.800000, -1.186076e-01, -1.125680e-01, -1.125680e-01, -1.070991e-01
0.900000, -1.152154e-01, -1.092742e-01, -1.092742e-01, -1.038921e-01
1.000000, -1.116220e-01, -1.057880e-01, -1.057880e-01, -1.005006e-01
1.100000, -1.078757e-01, -1.021563e-01, -1.021563e-01, -9.697085e-02
1.200000, -1.040237e-01, -9.842529e-02, -9.842529e-02, -9.334717e-02
1.300000, -1.001118e-01, -9.463873e-02, -9.463873e-02, -8.967284e-02
1.400000, -9.618207e-02, -9.083805e-02, -9.083805e-02, -8.598776e-02
1.500000, -9.227331e-02, -8.706097e-02, -8.706097e-02, -8.232862e-02
1.600000, -8.841978e-02, -8.334090e-02, -8.334090e-02, -7.872768e-02
1.700000, -8.465155e-02, -7.970641e-02, -7.970641e-02, -7.521252e-02
1.800000, -8.099325e-02, -7.618114e-02, -7.618114e-02, -7.180617e-02
1.900000, -7.746426e-02, -7.278387e-02, -7.278387e-02, -6.852686e-02
2.000000, -7.407902e-02, -6.952877e-02, -6.952877e-02, -6.538777e-02
2.100000, -7.084792e-02, -6.642532e-02, -6.642532e-02, -6.239838e-02
2.200000, -6.777682e-02, -6.347912e-02, -6.347912e-02, -5.956375e-02
2.300000, -6.486806e-02, -6.069196e-02, -6.069196e-02, -5.688558e-02
2.400000, -6.212033e-02, -5.806254e-02, -5.806254e-02, -5.436237e-02
2.500000, -5.952926e-02, -5.558663e-02, -5.558663e-02, -5.198960e-02
2.600000, -5.708855e-02, -5.325746e-02, -5.325746e-02, -4.976080e-02
2.700000, -5.478978e-02, -5.106645e-02, -5.106645e-02, -4.766739e-02
2.800000, -5.262278e-02, -4.900376e-02, -4.900376e-02, -4.569909e-02
2.900000, -5.057670e-02, -4.705839e-02, -4.705839e-02, -4.384504e-02
3.000000, -4.863999e-02, -4.521902e-02, -4.521902e-02, -4.209399e-02
3.100000, -4.680147e-02, -4.347442e-02, -4.347442e-02, -4.043487e-02
3.200000, -4.504995e-02, -4.181376e-02, -4.181376e-02, -3.885690e-02
3.300000, -4.337538e-02, -4.022696e-02, -4.022696e-02, -3.735024e-02
3.400000, -4.176825e-02, -3.870482e-02, -3.870482e-02, -3.590590e-02
3.500000, -4.022032e-02, -3.723928e-02, -3.723928e-02, -3.451601e-02
3.600000, -3.872421e-02, -3.582344e-02, -3.582344e-02, -3.317377e-02
3.700000, -3.727410e-02, -3.445156e-02, -3.445156e-02, -3.187378e-02
3.800000, -3.586535e-02, -3.311914e-02, -3.311914e-02, -3.061155e-02
3.900000, -3.449433e-02, -3.182274e-02, -3.182274e-02, -2.938387e-02
4.000000, -3.315873e-02, -3.056015e-02, -3.056015e-02, -2.818864e-02
4.100000, -3.185702e-02, -2.932992e-02, -2.932992e-02, -2.702456e-02
4.200000, -3.058841e-02, -2.813153e-02, -2.813153e-02, -2.589119e-02
4.300000, -2.935297e-02, -2.696503e-02, -2.696503e-02, -2.478857e-02
4.400000, -2.815114e-02, -2.583100e-02, -2.583100e-02, -2.371730e-02
4.500000, -2.698395e-02, -2.473034e-02, -2.473034e-02, -2.267828e-02
4.600000, -2.585242e-02, -2.366412e-02, -2.366412e-02, -2.167251e-02
4.700000, -2.475773e-02, -2.263348e-02, -2.263348e-02, -2.070118e-02
4.800000, -2.370093e-02, -2.163944e-02, -2.163944e-02, -1.976524e-02
4.900000, -2.268280e-02, -2.068285e-02, -2.068285e-02, -1.886555e-02
5.000000, -2.170394e-02, -1.976423e-02, -1.976423e-02, -1.800266e-02
5.100000, -2.076433e-02, -1.888369e-02, -1.888369e-02, -1.717651e-02
5.200000, -1.986353e-02, -1.804062e-02, -1.804062e-02, -1.638663e-02
5.300000, -1.900030e-02, -1.723378e-02, -1.723378e-02, -1.563190e-02
5.400000, -1.817250e-02, -1.646120e-02, -1.646120e-02, -1.491031e-02
5.500000, -1.737723e-02, -1.572011e-02, -1.572011e-02, -1.421913e-02
5.600000, -1.661100e-02, -1.500693e-02, -1.500693e-02, -1.355486e-02
5.700000, -1.586948e-02, -1.431746e-02, -1.431746e-02, -1.291336e-02
5.800000, -1.514788e-02, -1.364691e-02, -1.364691e-02, -1.228988e-02
5.900000, -1.444089e-02, -1.299019e-02, -1.299019e-02, -1.167945e-02
6.000000, -1.374299e-02, -1.234185e-02, -1.234185e-02, -1.107679e-02
6.100000, -1.304880e-02, -1.169660e-02, -1.169660e-02, -1.047667e-02
6.200000, -1.235296e-02, -1.104931e-02, -1.104931e-02, -9.874129e-03
6.300000, -1.165078e-02, -1.039535e-02, -1.039535e-02, -9.264689e-03
6.400000, -1.093814e-02, -9.730827e-03, -9.730827e-03, -8.644570e-03
6.500000, -1.021198e-02, -9.052774e-03, -9.052774e-03, -8.010965e-03
6.600000, -9.470342e-03, -8.359374e-03, -8.359374e-03, -7.362190e-03
6.700000, -8.712550e-03, -7.650188e-03, -7.650188e-03, -6.697880e-03
6.800000, -7.939504e-03, -6.926134e-03, -6.926134e-03, -6.019155e-03
6.900000, -7.153414e-03, -6.189578e-03, -6.189578e-03, -5.328462e-03
7.000000, -6.357861e-03, -5.444147e-03, -5.444147e-03, -4.629439e-03
7.100000, -5.557534e-03, -4.694563e-03, -4.694563e-03, -3.926907e-03
7.200000, -4.757990e-03, -3.946471e-03, -3.946471e-03, -3.226521e-03
7.300000, -3.965656e-03, -3.206211e-03, -3.206211e-03, -2.534550e-03
7.400000, -3.187350e-03, -2.480536e-03, -2.480536e-03, -1.857647e-03
7.500000, -2.430378e-03, -1.776480e-03, -1.776480e-03, -1.202632e-03
7.600000, -1.702007e-03, -1.101045e-03, -1.101045e-03, -5.763214e-04
7.700000, -1.009375e-03, -4.611674e-04, -4.611674e-04, 1.466181e-05
7.800000, -3.592064e-04, 1.366597e-04, 1.366597e-04, 5.641691e-04
7.900000, 2.422802e-04, 6.865303e-04, 6.865303e-04, 1.066544e-03
8.000000, 7.896702e-04, 1.183324e-03, 1.183324e-03, 1.516923e-03
8.100000, 1.278556e-03, 1.622874e-03, 1.622874e-03, 1.911420e-03
8.200000, 1.705529e-03, 2.002109e-03, 2.002109e-03, 2.247168e-03
8.300000, 2.068547e-03, 2.319144e-03, 2.319144e-03, 2.522549e-03
8.400000, 2.366649e-03, 2.573299e-03, 2.573299e-03, 2.737074e-03
8.500000, 2.600137e-03, 2.765078e-03, 2.765078e-03, 2.891443e-03
8.600000, 2.770412e-03, 2.896097e-03, 2.896097e-03, 2.987382e-03
8.700000, 2.879970e-03, 2.968973e-03, 2.968973e-03, 3.027674e-03
8.800000, 2.932248e-03, 2.987237e-03, 2.987237e-03, 3.015950e-03
8.900000, 2.931382e-03, 2.955181e-03, 2.955181e-03, 2.956542e-03
9.000000, 2.882254e-03, 2.877702e-03, 2.877702e-03, 2.854441e-03
9.100000, 2.790230e-03, 2.760141e-03, 2.760141e-03, 2.715006e-03
9.200000, 2.661007e-03, 2.608191e-03, 2.608191e-03, 2.543848e-03
9.300000, 2.500466e-03, 2.427696e-03, 2.427696e-03, 2.346758e-03
9.400000, 2.314507e-03, 2.224508e-03, 2.224508e-03, 2.129492e-03
9.500000, 2.109006e-03, 2.004354e-03, 2.004354e-03, 1.897638e-03
9.600000, 1.889599e-03, 1.772691e-03, 1.772691e-03, 1.656550e-03
9.700000, 1.661523e-03, 1.534626e-03, 1.534626e-03, 1.411145e-03
9.800000, 1.429676e-03, 1.294881e-03, 1.294881e-03, 1.165890e-03
9.900000, 1.198388e-03, 1.057629e-03, 1.057629e-03, 9.248128e-04
10.000000, 9.716017e-04, 8.265562e-04, 8.265562e-04, 6.914332e-04
10.100000, 7.526291e-04, 6.048072e-04, 6.048072e-04, 4.686810e-04
10.200000, 5.442789e-04, 3.949946e-04, 3.949946e-04, 2.589580e-04
10.300000, 3.487740e-04, 1.992084e-04, 1.992084e-04, 6.416889e-05
10.400000, 1.679111e-04, 1.899309e-05, 1.899309e-05, -1.142886e-04
10.500000, 2.956700e-06, -1.445439e-04, -1.445439e-04, -2.754498e-04
10.600000, -1.452661e-04, -2.907118e-04, -2.907118e-04, -4.187430e-04
10.700000, -2.762860e-04, -4.192475e-04, -4.192475e-04, -5.440637e-04
10.800000, -3.900595e-04, -5.301888e-04, -5.301888e-04, -6.516123e-04
10.900000, -4.867633e-04, -6.238738e-04, -6.238738e-04, -7.417999e-04
11.000000, -5.668552e-04, -7.008547e-04, -7.008547e-04, -8.153012e-04
11.100000, -6.309952e-04, -7.618502e-04, -7.618502e-04, -8.729249e-04
11.200000, -6.799770e-04, -8.077638e-04, -8.077638e-04, -9.155758e-04
11.300000, -7.146823e-04, -8.395511e-04, -8.395511e-04, -9.443162e-04
11.400000, -7.361191e-04, -8.582768e-04, -8.582768e-04, -9.602444e-04
11.500000, -7.453411e-04, -8.650300e-04, -8.650300e-04, -9.644594e-04
11.600000, -7.434435e-04, -8.608830e-04, -8.608830e-04, -9.580892e-04
11.700000, -7.314953e-04, -8.469553e-04, -8.469553e-04, -9.422382e-04
11.800000, -7.105494e-04, -8.243397e-04, -8.243397e-04, -9.179734e-04
11.900000, -6.817081e-04, -7.940995e-04, -7.940995e-04, -8.864067e-04
12.000000, -6.459792e-04, -7.572677e-04, -7.572677e-04, -8.485477e-04
12.100000, -6.044075e-04, -7.148648e-04, -7.148648e-04, -8.053644e-04
12.200000, -5.579258e-04, -6.678490e-04, -6.678490e-04, -7.578208e-04
12.300000, -5.075240e-04, -6.171505e-04, -6.171505e-04, -7.068214e-04
12.400000, -4.540577e-04, -5.636124e-04, -5.636124e-04, -6.532282e-04
12.500000, -3.983581e-04, -5.080894e-04, -5.080894e-04, -5.978670e-04
12.600000, -3.412448e-04, -4.513537e-04, -4.513537e-04, -5.414895e-04
12.700000, -2.834744e-04, -3.941449e-04, -3.941449e-04, -4.847894e-04
12.800000, -2.257561e-04, -3.371513e-04, -3.371513e-04, -4.284397e-04
12.900000, -1.688124e-04, -2.809964e-04, -2.809964e-04, -3.730537e-04
13.000000, -1.132132e-04, -2.262826e-04, -2.262826e-04, -3.191901e-04
13.100000, -5.953734e-05, -1.735418e-04, -1.735418e-04, -2.673527e-04
13.200000, -8.280458e-06, -1.232449e-04, -1.232449e-04, -2.179758e-04
13.300000, 4.014367e-05, -7.579019e-05, -7.579019e-05, -1.714289e-04
13.400000, 8.532367e-05, -3.154132e-05, -3.154132e-05, -1.280533e-04
13.500000, 1.269610e-04, 9.211189e-06, 9.211189e-06, -8.812723e-05
13.600000, 1.647722e-04, 4.624536e-05, 4.624536e-05, -5.183950e-05
13.700000, 1.985965e-04, 7.940692e-05, 7.940692e-05, -1.931571e-05
13.800000, 2.282752e-04, 1.085722e-04, 1.085722e-04, 9.327182e-06
13.900000, 2.537650e-04, 1.336905e-04, 1.336905e-04, 3.407239e-05
14.000000, 2.750346e-04, 1.547603e-04, 1.547603e-04, 5.492843e-05
14.100000, 2.921251e-04, 1.718247e-04, 1.718247e-04, 7.193922e-05
14.200000, 3.050906e-04, 1.849945e-04, 1.849945e-04, 8.524018e-05
14.300000, 3.140700e-04, 1.944134e-04, 1.944134e-04, 9.497309e-05
14.400000, 3.192787e-04, 2.002431e-04, 2.002431e-04, 1.013296e-04
14.500000, 3.209229e-04, 2.027162e-04, 2.027162e-04, 1.045020e-04
14.600000, 3.192264e-04, 2.020742e-04, 2.020742e-04, 1.047466e-04
14.700000, 3.144668e-04, 1.985866e-04, 1.985866e-04, 1.023188e-04
14.800000, 3.069585e-04, 1.925351e-04, 1.925351e-04, 9.751088e-05
14.900000, 2.969961e-04, 1.841973e-04, 1.841973e-04, 9.060140e-05
15.000000, 2.848995e-04, 1.739070e-04, 1.739070e-04, 8.187029e-05
15.100000, 2.709878e-04, 1.619511e-04, 1.619511e-04, 7.158119e-05
15.200000, 2.555937e-04, 1.486232e-04, 1.486232e-04, 6.002825e-05
15.300000, 2.390265e-04, 1.342275e-04, 1.342275e-04, 4.748626e-05
15.400000, 2.215930e-04, 1.190297e-04, 1.190297e-04, 3.422131e-05
15.500000, 2.035546e-04, 1.033201e-04, 1.033201e-04, 2.048469e-05
15.600000, 1.851946e-04, 8.734332e-05, 8.734332e-05, 6.525319e-06
15.700000, 1.667694e-04, 7.132591e-05, 7.132591e-05, -7.446093e-06
15.800000, 1.485018e-04, 5.548501e-05, 5.548501e-05, -2.122552e-05
15.900000, 1.305962e-04, 4.000874e-05, 4.000874e-05, -3.462987e-05
16.000000, 1.132328e-04, 2.508321e-05, 2.508321e-05, -4.750359e-05
16.100000, 9.656911e-05, 1.085161e-05, 1.085161e-05, -5.970904e-05
16.200000, 8.078065e-05, -2.564303e-06, -2.564303e-06, -7.111483e-05
16.300000, 6.595741e-05, -1.504590e-05, -1.504590e-05, -8.163401e-05
16.400000, 5.220551e-05, -2.648853e-05, -2.648853e-05, -9.116000e-05
16.500000, 3.959863e-05, -3.682250e-05, -3.682250e-05, -9.962886e-05
16.600000, 2.819237e-05, -4.599513e-05, -4.599513e-05, -1.069992e-04
16.700000, 1.805275e-05, -5.398449e-05, -5.398449e-05, -1.132224e-04
16.800000, 9.178100e-06, -6.076723e-05, -6.076723e-05, -1.182852e-04
16.900000, 1.538344e-06, -6.633754e-05, -6.633754e-05, -1.222062e-04
17.000000, -4.844864e-06, -7.071669e-05, -7.071669e-05, -1.249826e-04
17.100000, -1.001008e-05, -7.393889e-05, -7.393889e-05, -1.266378e-04
17.200000, -1.399626e-05, -7.604710e-05, -7.604710e-05, -1.272236e-04
17.300000, -1.686921e-05, -7.708162e-05, -7.708162e-05, -1.268179e-04
17.400000, -1.868103e-05, -7.710733e-05, -7.710733e-05, -1.254565e-04
17.500000, -1.950306e-05, -7.621915e-05, -7.621915e-05, -1.232132e-04
17.600000, -1.944627e-05, -7.447666e-05, -7.447666e-05, -1.201638e-04
17.700000, -1.857850e-05, -7.197410e-05, -7.197410e-05, -1.163768e-04
17.800000, -1.699545e-05, -6.879628e-05, -6.879628e-05, -1.119484e-04
17.900000, -1.479996e-05, -6.501983e-05, -6.501983e-05, -1.069712e-04
18.000000, -1.205057e-05, -6.075518e-05, -6.075518e-05, -1.015276e-04
18.100000, -8.868629e-06, -5.608140e-05, -5.608140e-05, -9.569820e-05
18.200000, -5.310847e-06, -5.108970e-05, -5.108970e-05, -8.958437e-05
18.300000, -1.487771e-06, -4.585724e-05, -4.585724e-05, -8.326977e-05
18.400000, 2.499869e-06, -4.046744e-05, -4.046744e-05, -7.682799e-05
18.500000, 6.615806e-06, -3.501165e-05, -3.501165e-05, -7.035131e-05
18.600000, 1.077542e-05, -2.955659e-05, -2.955659e-05, -6.389616e-05
18.700000, 1.490567e-05, -2.417517e-05, -2.417517e-05, -5.754597e-05
18.800000, 1.894328e-05, -1.893294e-05, -1.893294e-05, -5.136939e-05
18.900000, 2.280501e-05, -1.389486e-05, -1.389486e-05, -4.541465e-05
19.000000, 2.647086e-05, -9.101933e-06, -9.101933e-06, -3.973816e-05
19.100000, 2.987691e-05, -4.597128e-06, -4.597128e-06, -3.438464e-05
19.200000, 3.300329e-05, -4.028560e-07, -4.028560e-07, -2.937531e-05
19.300000, 3.580935e-05, 3.439095e-06, 3.439095e-06, -2.474364e-05
19.400000, 3.827560e-05, 6.897621e-06, 6.897621e-06, -2.050156e-05
19.500000, 4.039210e-05, 9.962611e-06, 9.962611e-06, -1.666760e-05
19.600000, 4.213031e-05, 1.262563e-05, 1.262563e-05, -1.327237e-05
19.700000, 4.351004e-05, 1.488728e-05, 1.488728e-05, -1.030819e-05
19.800000, 4.451738e-05, 1.674341e-05, 1.674341e-05, -7.744760e-06
19.900000, 4.515370e-05, 1.820591e-05, 1.820591e-05, -5.611450e-06
20.000000, 4.543095e-05, 1.929371e-05, 1.929371e-05, -3.881402e-06
20.100000, 4.536937e-05, 2.001307e-05, 2.001307e-05, -2.520182e-06
20.200000, 4.496885e-05, 2.039003e-05, 2.039003e-05, -1.521857e-06
20.300000, 4.427701e-05, 2.043443e-05, 2.043443e-05, -8.723747e-07
20.400000, 4.330645e-05, 2.017532e-05, 2.017532e-05, -5.342273e-07
20.500000, 4.208418e-05, 1.964488e-05, 1.964488e-05, -4.828294e-07
20.600000, 4.062303e-05, 1.887040e-05, 1.887040e-05, -7.029578e-07
20.700000, 3.895059e-05, 1.787219e-05, 1.787219e-05, -1.161368e-06
20.800000, 3.710277e-05, 1.668240e-05, 1.668240e-05, -1.819256e-06
20.900000, 3.511917e-05, 1.532764e-05, 1.532764e-05, -2.653367e-06
21.000000, 3.302807e-05, 1.385127e-05, 1.385127e-05, -3.619573e-06
21.100000, 3.085203e-05, 1.227999e-05, 1.227999e-05, -4.682135e-06
21.200000, 2.861525e-05, 1.064214e-05, 1.064214e-05, -5.814466e-06
21.300000, 2.633256e-05, 8.964945e-06, 8.964945e-06, -6.977230e-06
21.400000, 2.404408e-05, 7.284296e-06, 7.284296e-06, -8.164320e-06
21.500000, 2.177212e-05, 5.613271e-06, 5.613271e-06, -9.334215e-06
21.600000, 1.955132e-05, 3.974256e-06, 3.974256e-06, -1.046255e-05
21.700000, 1.738143e-05, 2.387474e-06, 2.387474e-06, -1.154890e-05
21.800000, 1.528371e-05, 8.835344e-07, 8.835344e-07, -1.256217e-05
21.900000, 1.328008e-05, -5.309828e-07, -5.309828e-07, -1.349004e-05
22.000000, 1.139253e-05, -1.839956e-06, -1.839956e-06, -1.432203e-05
22.100000, 9.623186e-06, -3.033200e-06, -3.033200e-06, -1.503178e-05
22.200000, 7.989929e-06, -4.102509e-06, -4.102509e-06, -1.563116e-05
22.300000, 6.499264e-06, -5.047824e-06, -5.047824e-06, -1.611659e-05
22.400000, 5.153053e-06, -5.866762e-06, -5.866762e-06, -1.648860e-05
22.500000, 3.957809e-06, -6.548007e-06, -6.548007e-06, -1.673211e-05
22.600000, 2.910940e-06, -7.088177e-06, -7.088177e-06, -1.685025e-05
22.700000, 2.031315e-06, -7.489713e-06, -7.489713e-06, -1.684998e-05
22.800000, 1.299414e-06, -7.753452e-06, -7.753452e-06, -1.672209e-05
22.900000, 7.331024e-07, -7.885865e-06, -7.885865e-06, -1.647603e-05
23.000000, 3.091643e-07, -7.888206e-06, -7.888206e-06, -1.611846e-05
23.100000, 2.206734e-08, -7.766092e-06, -7.766092e-06, -1.564618e-05
23.200000, -1.227645e-07, -7.524478e-06, -7.524478e-06, -1.507794e-05
23.300000, -1.335444e-07, -7.173983e-06, -7.173983e-06, -1.442019e-05
23.400000, -1.806845e-08, -6.717845e-06, -6.717845e-06, -1.367810e-05
23.500000, 2.087897e-07, -6.174622e-06, -6.174622e-06, -1.286323e-05
23.600000, 5.387387e-07, -5.550054e-06, -5.550054e-06, -1.197726e-05
23.700000, 9.452458e-07, -4.859950e-06, -4.859950e-06, -1.104337e-05
23.800000, 1.438619e-06, -4.116418e-06, -4.116418e-06, -1.007645e-05
23.900000, 1.991378e-06, -3.328236e-06, -3.328236e-06, -9.094411e-06
24.000000, 2.585896e-06, -2.517033e-06, -2.517033e-06, -8.104720e-06
24.100000, 3.204963e-06, -1.688643e-06, -1.688643e-06, -7.117515e-06
24.200000, 3.835786e-06, -8.615045e-07, -8.615045e-07, -6.144475e-06
24.300000, 4.481450e-06, -5.071465e-08, -5.071465e-08, -5.198957e-06
24.400000, 5.126191e-06, 7.420626e-07, 7.420626e-07, -4.284622e-06
24.500000, 5.756483e-06, 1.512152e-06, 1.512152e-06, -3.410369e-06
24.600000, 6.367149e-06, 2.245811e-06, 2.245811e-06, -2.586108e-06
24.700000, 6.944344e-06, 2.936606e-06, 2.936606e-06, -1.810809e-06
24.800000, 7.480001e-06, 3.576582e-06, 3.576582e-06, -1.094687e-06
24.900000, 7.962605e-06, 4.166866e-06, 4.166866e-06, -4.438001e-07
25.000000, 8.404386e-06, 4.693404e-06, 4.693404e-06, 1.398004e-07
25.100000, 8.800999e-06, 5.158623e-06, 5.158623e-06, 6.565598e-07
25.200000, 9.147380e-06, 5.563508e-06, 5.563508e-06, 1.103062e-06
25.300000, 9.443638e-06, 5.908824e-06, 5.908824e-06, 1.476579e-06
25.400000, 9.678420e-06, 6.189310e-06, 6.189310e-06, 1.786193e-06
25.500000, 9.855196e-06, 6.413657e-06, 6.413657e-06, 2.028153e-06
25.600000, 9.988644e-06, 6.574912e-06, 6.574912e-06, 2.205022e-06
25.700000, 1.007525e-05, 6.674132e-06, 6.674132e-06, 2.318824e-06
25.800000, 1.010829e-05, 6.716608e-06, 6.716608e-06, 2.373272e-06
25.900000, 1.008779e-05, 6.703455e-06, 6.703455e-06, 2.366564e-06
26.000000, 1.002512e-05, 6.640194e-06, 6.640194e-06, 2.305267e-06
26.100000, 9.922129e-06, 6.525924e-06, 6.525924e-06, 2.187253e-06
26.200000, 9.781424e-06, 6.369723e-06, 6.369723e-06, 2.024205e-06
26.300000, 9.600835e-06, 6.167635e-06, 6.167635e-06, 1.822146e-06
26.400000, 9.390535e-06, 5.928651e-06, 5.928651e-06, 1.580217e-06
26.500000, 9.143556e-06, 5.654574e-06, 5.654574e-06, 1.308201e-06
26.600000, 8.867562e-06, 5.346378e-06, 5.346378e-06, 1.003620e-06
26.700000, 8.568443e-06, 5.014890e-06, 5.014890e-06, 6.735376e-07
26.800000, 8.250910e-06, 4.666495e-06, 4.666495e-06, 3.215179e-07
26.900000, 7.924203e-06, 4.300554e-06, 4.300554e-06, -4.181011e-08
27.000000, 7.583739e-06, 3.922208e-06, 3.922208e-06, -4.114387e-07
27.100000, 7.233040e-06, 3.539745e-06, 3.539745e-06, -7.869265e-07
27.200000, 6.878436e-06, 3.154482e-06, 3.154482e-06, -1.164932e-06
27.300000, 6.521272e-06, 2.773056e-06, 2.773056e-06, -1.537016e-06
27.400000, 6.172896e-06, 2.402963e-06, 2.402963e-06, -1.893123e-06
27.500000, 5.825400e-06, 2.042888e-06, 2.042888e-06, -2.227673e-06
27.600000, 5.494763e-06, 1.696697e-06, 1.696697e-06, -2.547222e-06
27.700000, 5.164184e-06, 1.367987e-06, 1.367987e-06, -2.845097e-06
27.800000, 4.846244e-06, 1.056844e-06, 1.056844e-06, -3.112179e-06
27.900000, 4.549037e-06, 7.727916e-07, 7.727916e-07, -3.359823e-06
28.000000, 4.269403e-06, 5.107350e-07, 5.107350e-07, -3.579032e-06
28.100000, 4.017852e-06, 2.747896e-07, 2.747896e-07, -3.771127e-06
28.200000, 3.780369e-06, 6.331786e-08, 6.331786e-08, -3.942169e-06
28.300000, 3.563648e-06, -1.232828e-07, -1.232828e-07, -4.082105e-06
28.400000, 3.368891e-06, -2.855027e-07, -2.855027e-07, -4.198075e-06
28.500000, 3.194852e-06, -4.258305e-07, -4.258305e-07, -4.288427e-06
28.600000, 3.045251e-06, -5.393621e-07, -5.393621e-07, -4.355726e-06
28.700000, 2.917810e-06, -6.289106e-07, -6.289106e-07, -4.406855e-06
28.800000, 2.811918e-06, -6.978581e-07, -6.978581e-07, -4.438344e-06
28.900000, 2.730291e-06, -7.442585e-07, -7.442585e-07, -4.450831e-06
29.000000, 2.669802e-06, -7.733055e-07, -7.733055e-07, -4.443306e-06
29.100000, 2.632068e-06, -7.810465e-07, -7.810465e-07, -4.417372e-06
29.200000, 2.614817e-06, -7.730363e-07, -7.730363e-07, -4.374708e-06
29.300000, 2.611990e-06, -7.520327e-07, -7.520327e-07, -4.324786e-06
29.400000, 2.628383e-06, -7.170937e-07, -7.170937e-07, -4.262707e-06
29.500000, 2.655642e-06, -6.685699e-07, -6.685699e-07, -4.193977e-06
29.600000, 2.694257e-06, -6.087644e-07, -6.087644e-07, -4.116456e-06
29.700000, 2.749311e-06, -5.423599e-07, -5.423599e-07, -4.028858e-06
29.800000, 2.813897e-06, -4.731466e-07, -4.731466e-07, -3.941991e-06
29.900000, 2.888959e-06, -3.981354e-07, -3.981354e-07, -3.849386e-06
30.000000, 2.963469e-06, -3.205894e-07, -3.205894e-07, -3.757745e-06
30.100000, 3.043586e-06, -2.418222e-07, -2.418222e-07, -3.664553e-06
30.200000, 3.122678e-06, -1.622403e-07, -1.622403e-07, -3.575976e-06
30.300000, 3.198718e-06, -8.749832e-08, -8.749832e-08, -3.491972e-06
30.400000, 3.273571e-06, -1.826803e-08, -1.826803e-08, -3.410707e-06
30.500000, 3.344774e-06, 4.540602e-08, 4.540602e-08, -3.335485e-06
30.600000, 3.412751e-06, 1.026737e-07, 1.026737e-07, -3.267617e-06
30.700000, 3.467354e-06, 1.535564e-07, 1.535564e-07, -3.209365e-06
30.800000, 3.520756e-06, 1.976978e-07, 1.976978e-07, -3.156666e-06
30.900000, 3.568901e-06, 2.351514e-07, 2.351514e-07, -3.113927e-06
31.000000, 3.608050e-06, 2.646359e-07, 2.646359e-07, -3.077671e-06
31.100000, 3.642015e-06, 2.852723e-07, 2.852723e-07, -3.046714e-06
31.200000, 3.660842e-06, 2.982823e-07, 2.982823e-07, -3.024694e-06
31.300000, 3.671403e-06, 3.028349e-07, 3.028349e-07, -3.009020e-06
31.400000, 3.672408e-06, 2.995244e-07, 2.995244e-07, -3.001887e-06
31.500000, 3.670356e-06, 2.920019e-07, 2.920019e-07, -3.001057e-06
31.600000, 3.658230e-06, 2.787065e-07, 2.787065e-07, -3.008947e-06
31.700000, 3.639856e-06, 2.591200e-07, 2.591200e-07, -3.018802e-06
31.800000, 3.615252e-06, 2.339340e-07, 2.339340e-07, -3.034634e-06
31.900000, 3.583023e-06, 2.019869e-07, 2.019869e-07, -3.051946e-06
32.000000, 3.542458e-06, 1.684624e-07, 1.684624e-07, -3.073397e-06
32.100000, 3.498934e-06, 1.324342e-07, 1.324342e-07, -3.099688e-06
32.200000, 3.449503e-06, 9.214196e-08, 9.214196e-08, -3.128469e-06
32.300000, 3.396376e-06, 4.913406e-08, 4.913406e-08, -3.156863e-06
32.400000, 3.339307e-06, 5.122881e-09, 5.122881e-09, -3.184214e-06
32.500000, 3.279653e-06, -3.976735e-08, -3.976735e-08, -3.212967e-06
32.600000, 3.217189e-06, -8.394141e-08, -8.394141e-08, -3.242189e-06
32.700000, 3.154242e-06, -1.297564e-07, -1.297564e-07, -3.270521e-06
32.800000, 3.090712e-06, -1.755338e-07, -1.755338e-07, -3.299782e-06
32.900000, 3.028866e-06, -2.204372e-07, -2.204372e-07, -3.326819e-06
33.000000, 2.962015e-06, -2.631824e-07, -2.631824e-07, -3.350540e-06
33.100000, 2.893455e-06, -3.044579e-07, -3.044579e-07, -3.370679e-06
33.200000, 2.831629e-06, -3.451001e-07, -3.451001e-07, -3.385112e-06
33.300000, 2.771366e-06, -3.816918e-07, -3.816918e-07, -3.396563e-06
33.400000, 2.715387e-06, -4.147200e-07, -4.147200e-07, -3.404572e-06
33.500000, 2.659831e-06, -4.439633e-07, -4.439633e-07, -3.408499e-06
33.600000, 2.607698e-06, -4.692276e-07, -4.692276e-07, -3.407921e-06
33.700000, 2.563345e-06, -4.905687e-07, -4.905687e-07, -3.403090e-06
33.800000, 2.518282e-06, -5.073821e-07, -5.073821e-07, -3.392401e-06
33.900000, 2.481052e-06, -5.180733e-07, -5.180733e-07, -3.376115e-06
34.000000, 2.447002e-06, -5.265331e-07, -5.265331e-07, -3.352828e-06
34.100000, 2.416785e-06, -5.291338e-07, -5.291338e-07, -3.322653e-06
34.200000, 2.390478e-06, -5.278720e-07, -5.278720e-07, -3.286643e-06
34.300000, 2.369503e-06, -5.202350e-07, -5.202350e-07, -3.246568e-06
34.400000, 2.350831e-06, -5.072376e-07, -5.072376e-07, -3.201680e-06
34.500000, 2.335260e-06, -4.918236e-07, -4.918236e-07, -3.150503e-06
34.600000, 2.324486e-06, -4.745613e-07, -4.745613e-07, -3.095124e-06
34.700000, 2.314012e-06, -4.526768e-07, -4.526768e-07, -3.034843e-06
34.800000, 2.306762e-06, -4.285170e-07, -4.285170e-07, -2.972406e-06
34.900000, 2.298315e-06, -3.995099e-07, -3.995099e-07, -2.907871e-06
35.000000, 2.290836e-06, -3.703155e-07, -3.703155e-07, -2.839948e-06
35.100000, 2.284571e-06, -3.405240e-07, -3.405240e-07, -2.769836e-06
35.200000, 2.276362e-06, -3.101427e-07, -3.101427e-07, -2.700401e-06
35.300000, 2.269334e-06, -2.791702e-07, -2.791702e-07, -2.629306e-06
35.400000, 2.261513e-06, -2.488961e-07, -2.488961e-07, -2.558577e-06
35.500000, 2.253065e-06, -2.195921e-07, -2.195921e-07, -2.489853e-06
35.600000, 2.241424e-06, -1.911916e-07, -1.911916e-07, -2.421985e-06
35.700000, 2.225126e-06, -1.641063e-07, -1.641063e-07, -2.355129e-06
35.800000, 2.207944e-06, -1.373504e-07, -1.373504e-07, -2.292227e-06
35.900000, 2.186601e-06, -1.120661e-07, -1.120661e-07, -2.229902e-06
36.000000, 2.163145e-06, -9.020133e-08, -9.020133e-08, -2.167722e-06
36.100000, 2.138656e-06, -6.858535e-08, -6.858535e-08, -2.107953e-06
36.200000, 2.112689e-06, -5.000361e-08, -5.000361e-08, -2.051030e-06
36.300000, 2.084810e-06, -3.277643e-08, -3.277644e-08, -1.997460e-06
36.400000, 2.053237e-06, -1.834842e-08, -1.834842e-08, -1.945274e-06
36.500000, 2.018617e-06, -5.387175e-09, -5.387175e-09, -1.894843e-06
36.600000, 1.981992e-06, 5.625835e-09, 5.625835e-09, -1.845629e-06
36.700000, 1.944032e-06, 1.534694e-08, 1.534694e-08, -1.797579e-06
36.800000, 1.905274e-06, 2.392730e-08, 2.392730e-08, -1.751226e-06
36.900000, 1.866885e-06, 3.167482e-08, 3.167482e-08, -1.706631e-06
37.000000, 1.825663e-06, 3.699389e-08, 3.699389e-08, -1.663521e-06
37.100000, 1.786121e-06, 4.106565e-08, 4.106565e-08, -1.622566e-06
37.200000, 1.744131e-06, 4.441960e-08, 4.441960e-08, -1.584328e-06
37.300000, 1.701595e-06, 4.569788e-08, 4.569788e-08, -1.545644e-06
37.400000, 1.660374e-06, 4.577028e-08, 4.577028e-08, -1.508777e-06
37.500000, 1.617543e-06, 4.535429e-08, 4.535429e-08, -1.473166e-06
37.600000, 1.575630e-06, 4.422850e-08, 4.422850e-08, -1.439607e-06
37.700000, 1.533528e-06, 4.236193e-08, 4.236193e-08, -1.406919e-06
37.800000, 1.491276e-06, 4.056715e-08, 4.056715e-08, -1.374423e-06
37.900000, 1.449503e-06, 3.719325e-08, 3.719325e-08, -1.343588e-06
38.000000, 1.408256e-06, 3.266244e-08, 3.266244e-08, -1.312366e-06
38.100000, 1.367485e-06, 2.825314e-08, 2.825314e-08, -1.283026e-06
38.200000, 1.326032e-06, 2.331473e-08, 2.331473e-08, -1.255476e-06
38.300000, 1.286184e-06, 1.768005e-08, 1.768005e-08, -1.227360e-06
38.400000, 1.244795e-06, 1.242889e-08, 1.242889e-08, -1.201537e-06
38.500000, 1.204905e-06, 7.232837e-09, 7.232836e-09, -1.175415e-06
38.600000, 1.164143e-06, 1.718058e-09, 1.718058e-09, -1.150496e-06
38.700000, 1.126261e-06, -3.859507e-09, -3.859507e-09, -1.123716e-06
38.800000, 1.087704e-06, -9.428802e-09, -9.428802e-09, -1.096315e-06
38.900000, 1.049208e-06, -1.451291e-08, -1.451291e-08, -1.069531e-06
39.000000, 1.012300e-06, -1.858779e-08, -1.858779e-08, -1.042466e-06
39.100000, 9.750259e-07, -2.283951e-08, -2.283951e-08, -1.016780e-06
39.200000, 9.385430e-07, -2.562391e-08, -2.562391e-08, -9.912233e-07
39.300000, 9.042187e-07, -2.847448e-08, -2.847448e-08, -9.649162e-07
39.400000, 8.693633e-07, -3.052350e-08, -3.052350e-08, -9.380208e-07
39.500000, 8.375392e-07, -3.152162e-08, -3.152162e-08, -9.103125e-07
39.600000, 8.055875e-07, -3.136359e-08, -3.136359e-08, -8.826416e-07
39.700000, 7.756792e-07, -3.055838e-08, -3.055839e-08, -8.545232e-07
39.800000, 7.461873e-07, -2.956181e-08, -2.956181e-08, -8.264320e-07
39.900000, 7.180758e-07, -2.734367e-08, -2.734367e-08, -7.986761e-07
40.000000, 6.907771e-07, -2.513443e-08, -2.513443e-08, -7.711967e-07
40.100000, 6.655406e-07, -2.188099e-08, -2.188099e-08, -7.434649e-07
40.200000, 6.410721e-07, -1.807520e-08, -1.807520e-08, -7.166199e-07
40.300000, 6.176041e-07, -1.348780e-08, -1.348780e-08, -6.884161e-07
40.400000, 5.958405e-07, -8.567057e-09, -8.567057e-09, -6.610912e-07
40.500000, 5.761630e-07, -2.447565e-09, -2.447565e-09, -6.340242e-07
40.600000, 5.562630e-07, 3.879809e-09, 3.879809e-09, -6.073576e-07
40.700000, 5.382236e-07, 1.025844e-08, 1.025844e-08, -5.806156e-07
40.800000, 5.214707e-07, 1.662583e-08, 1.662583e-08, -5.547646e-07
40.900000, 5.054000e-07, 2.254407e-08, 2.254407e-08, -5.300374e-07
41.000000, 4.893971e-07, 2.899221e-08, 2.899221e-08, -5.060989e-07
41.100000, 4.757226e-07, 3.537684e-08, 3.537684e-08, -4.822411e-07
41.200000, 4.611822e-07, 4.127996e-08, 4.127996e-08, -4.599708e-07
41.300000, 4.479490e-07, 4.679097e-08, 4.679097e-08, -4.386853e-07
41.400000, 4.352069e-07, 5.244995e-08, 5.244995e-08, -4.184374e-07
41.500000, 4.221758e-07, 5.743238e-08, 5.743238e-08, -3.995465e-07
41.600000, 4.104218e-07, 6.162588e-08, 6.162588e-08, -3.808702e-07
41.700000, 3.985504e-07, 6.510463e-08, 6.510463e-08, -3.639932e-07
41.800000, 3.872300e-07, 6.813065e-08, 6.813065e-08, -3.477572e-07
41.900000, 3.755445e-07, 7.099183e-08, 7.099183e-08, -3.334126e-07
42.000000, 3.635881e-07, 7.335795e-08, 7.335795e-08, -3.199263e-07
42.100000, 3.525362e-07, 7.471141e-08, 7.471141e-08, -3.066642e-07
42.200000, 3.412999e-07, 7.565304e-08, 7.565304e-08, -2.938781e-07
42.300000, 3.307413e-07, 7.638737e-08, 7.638737e-08, -2.823489e-07
42.400000, 3.196568e-07, 7.675785e-08, 7.675785e-08, -2.713795e-07
42.500000, 3.082710e-07, 7.620585e-08, 7.620585e-08, -2.613042e-07
42.600000, 2.961436e-07, 7.562762e-08, 7.562762e-08, -2.518278e-07
42.700000, 2.846880e-07, 7.438224e-08, 7.438224e-08, -2.429467e-07
42.800000, 2.736791e-07, 7.356195e-08, 7.356195e-08, -2.354296e-07
42.900000, 2.634293e-07, 7.247605e-08, 7.247605e-08, -2.274381e-07
43.000000, 2.534117e-07, 7.053443e-08, 7.053443e-08, -2.194193e-07
43.100000, 2.433146e-07, 6.872652e-08, 6.872652e-08, -2.122663e-07
43.200000, 2.336985e-07, 6.638858e-08, 6.638858e-08, -2.054714e-07
43.300000, 2.237733e-07, 6.459717e-08, 6.459717e-08, -1.995908e-07
43.400000, 2.141431e-07, 6.244238e-08, 6.244238e-08, -1.938319e-07
43.500000, 2.052323e-07, 6.043425e-08, 6.043425e-08, -1.880231e-07
43.600000, 1.949746e-07, 5.774775e-08, 5.774775e-08, -1.831227e-07
43.700000, 1.853914e-07, 5.536321e-08, 5.536321e-08, -1.787267e-07
43.800000, 1.762008e-07, 5.322998e-08, 5.322998e-08, -1.752431e-07
43.900000, 1.673302e-07, 5.047933e-08, 5.047933e-08, -1.711824e-07
44.000000, 1.587621e-07, 4.809168e-08, 4.809168e-08, -1.678553e-07
44.100000, 1.504107e-07, 4.538169e-08, 4.538169e-08, -1.651276e-07
44.200000, 1.425398e-07, 4.235689e-08, 4.235689e-08, -1.622792e-07
44.300000, 1.341000e-07, 3.931537e-08, 3.931537e-08, -1.596786e-07
44.400000, 1.264262e-07, 3.651865e-08, 3.651865e-08, -1.569204e-07
44.500000, 1.194461e-07, 3.372870e-08, 3.372870e-08, -1.545100e-07
44.600000, 1.121652e-07, 3.112737e-08, 3.112737e-08, -1.527830e-07
44.700000, 1.057223e-07, 2.900320e-08, 2.900320e-08, -1.511190e-07
44.800000, 9.984349e-08, 2.709893e-08, 2.709893e-08, -1.493054e-07
44.900000, 9.397459e-08, 2.492087e-08, 2.492087e-08, -1.475710e-07
45.000000, 8.904952e-08, 2.297199e-08, 2.297199e-08, -1.453815e-07
45.100000, 8.436205e-08, 2.115983e-08, 2.115983e-08, -1.435334e-07
45.200000, 8.019633e-08, 1.915623e-08, 1.915623e-08, -1.415239e-07
45.300000, 7.667074e-08, 1.785202e-08, 1.785202e-08, -1.398377e-07
45.400000, 7.310551e-08, 1.684766e-08, 1.684766e-08, -1.380162e-07
45.500000, 7.025710e-08, 1.595014e-08, 1.595014e-08, -1.362278e-07
45.600000, 6.799597e-08, 1.495153e-08, 1.495153e-08, -1.345279e-07
45.700000, 6.586311e-08, 1.434724e-08, 1.434724e-08, -1.322076e-07
45.800000, 6.470908e-08, 1.350635e-08, 1.350635e-08, -1.302150e-07
45.900000, 6.297668e-08, 1.284260e-08, 1.284260e-08, -1.281966e-07
46.000000, 6.198988e-08, 1.238712e-08, 1.238712e-08, -1.259974e-07
46.100000, 6.029239e-08, 1.204702e-08, 1.204702e-08, -1.244656e-07
46.200000, 5.886331e-08, 1.147424e-08, 1.147424e-08, -1.229829e-07
46.300000, 5.789567e-08, 1.131264e-08, 1.131264e-08, -1.209005e-07
46.400000, 5.708849e-08, 1.100648e-08, 1.100648e-08, -1.190451e-07
46.500000, 5.637863e-08, 1.061248e-08, 1.061248e-08, -1.169924e-07
46.600000, 5.602014e-08, 1.021024e-08, 1.021024e-08, -1.151808e-07
46.700000, 5.534440e-08, 9.920424e-09, 9.920424e-09, -1.135322e-07
46.800000, 5.421328e-08, 9.556042e-09, 9.556042e-09, -1.116123e-07
46.900000, 5.335769e-08, 9.437190e-09, 9.437190e-09, -1.098783e-07
47.000000, 5.281045e-08, 9.062385e-09, 9.062385e-09, -1.083537e-07
47.100000, 5.203982e-08, 8.816367e-09, 8.816367e-09, -1.070196e-07
47.200000, 5.165878e-08, 8.726013e-09, 8.726013e-09, -1.058957e-07
47.300000, 5.108330e-08, 8.548773e-09, 8.548773e-09, -1.049379e-07
47.400000, 5.064489e-08, 8.520054e-09, 8.520054e-09, -1.041849e-07
47.500000, 4.996638e-08, 8.241458e-09, 8.241459e-09, -1.035838e-07
47.600000, 4.963334e-08, 7.994317e-09, 7.994317e-09, -1.026207e-07
47.700000, 4.953275e-08, 7.603020e-09, 7.603020e-09, -1.017148e-07
47.800000, 4.908301e-08, 7.176904e-09, 7.176904e-09, -1.009065e-07
47.900000, 4.879600e-08, 6.825776e-09, 6.825776e-09, -1.002021e-07
48.000000, 4.861067e-08, 6.469338e-09, 6.469338e-09, -9.963255e-08
48.100000, 4.840474e-08, 6.144961e-09, 6.144961e-09, -9.938629e-08
48.200000, 4.816186e-08, 6.071764e-09, 6.071764e-09, -9.934397e-08
48.300000, 4.805912e-08, 5.871831e-09, 5.871831e-09, -9.923650e-08
48.400000, 4.799283e-08, 5.530756e-09, 5.530756e-09, -9.888520e-08
48.500000, 4.801059e-08, 5.239274e-09, 5.239274e-09, -9.838407e-08
48.600000, 4.806662e-08, 4.835954e-09, 4.835954e-09, -9.785930e-08
48.700000, 4.827170e-08, 4.449989e-09, 4.449989e-09, -9.747512e-08
48.800000, 4.860893e-08, 4.260362e-09, 4.260362e-09, -9.717494e-08
48.900000, 4.863596e-08, 4.001325e-09, 4.001325e-09, -9.686840e-08
49.000000, 4.876914e-08, 3.665860e-09, 3.665860e-09, -9.650121e-08
49.100000, 4.877545e-08, 3.454915e-09, 3.454916e-09, -9.594083e-08
49.200000, 4.874236e-08, 3.257272e-09, 3.257272e-09, -9.563430e-08
49.300000, 4.895989e-08, 2.992266e-09, 2.992266e-09, -9.490182e-08
49.400000, 4.911468e-08, 2.831542e-09, 2.831542e-09, -9.429229e-08
49.500000, 4.950641e-08, 2.713313e-09, 2.713313e-09, -9.355953e-08
49.600000, 4.945887e-08, 2.535054e-09, 2.535055e-09, -9.281598e-08
49.700000, 4.950115e-08, 2.448856e-09, 2.448856e-09, -9.190549e-08
49.800000, 4.974318e-08, 2.326964e-09, 2.326964e-09, -9.114049e-08
49.900000, 4.970898e-08, 2.068713e-09, 2.068713e-09, -9.011222e-08
50.000000, 4.982055e-08, 2.069547e-09, 2.069547e-09, -8.913246e-08
50.100000, 4.978494e-08, 2.107257e-09, 2.107257e-09, -8.811463e-08
50.200000, 4.969480e-08, 2.244594e-09, 2.244594e-09, -8.698766e-08
50.300000, 4.990201e-08, 2.440170e-09, 2.440170e-09, -8.572312e-08
50.400000, 4.979984e-08, 2.655452e-09, 2.655452e-09, -8.452417e-08
50.500000, 4.976920e-08, 2.809842e-09, 2.809842e-09, -8.326681e-08
50.600000, 4.989339e-08, 3.041835e-09, 3.041835e-09, -8.196756e-08
50.700000, 4.995594e-08, 3.229153e-09, 3.229153e-09, -8.064605e-08
50.800000, 5.005694e-08, 3.559372e-09, 3.559372e-09, -7.937396e-08
50.900000, 5.038620e-08, 3.919233e-09, 3.919234e-09, -7.810271e-08
51.000000, 5.049695e-08, 4.348538e-09, 4.348538e-09, -7.689994e-08
51.100000, 5.065244e-08, 4.613501e-09, 4.613501e-09, -7.570941e-08
51.200000, 5.082226e-08, 4.905570e-09, 4.905570e-09, -7.454001e-08
51.300000, 5.094324e-08, 5.187201e-09, 5.187201e-09, -7.323553e-08
51.400000, 5.106679e-08, 5.471369e-09, 5.471369e-09, -7.207950e-08
51.500000, 5.098853e-08, 5.769864e-09, 5.769864e-09, -7.107768e-08
51.600000, 5.106129e-08, 6.039244e-09, 6.039244e-09, -7.009107e-08
51.700000, 5.121635e-08, 6.321413e-09, 6.321413e-09, -6.920451e-08
51.800000, 5.135817e-08, 6.574852e-09, 6.574852e-09, -6.822425e-08
51.900000, 5.160432e-08, 6.862522e-09, 6.862523e-09, -6.724169e-08
52.000000, 5.172030e-08, 7.026618e-09, 7.026618e-09, -6.625733e-08
52.100000, 5.173834e-08, 7.073850e-09, 7.073850e-09, -6.529958e-08
52.200000, 5.169210e-08, 7.154560e-09, 7.154560e-09, -6.441748e-08
52.300000, 5.173838e-08, 7.252785e-09, 7.252785e-09, -6.352389e-08
52.400000, 5.177528e-08, 7.341638e-09, 7.341638e-09, -6.265047e-08
52.500000, 5.165916e-08, 7.513424e-09, 7.513424e-09, -6.183926e-08
52.600000, 5.162767e-08, 7.546546e-09, 7.546546e-09, -6.120637e-08
52.700000, 5.151201e-08, 7.574681e-09, 7.574681e-09, -6.053955e-08
52.800000, 5.150296e-08, 7.562884e-09, 7.562884e-09, -5.987444e-08
52.900000, 5.144701e-08, 7.578968e-09, 7.578968e-09, -5.914938e-08
53.000000, 5.135846e-08, 7.588224e-09, 7.588224e-09, -5.837750e-08
53.100000, 5.111630e-08, 7.523722e-09, 7.523722e-09, -5.774138e-08
53.200000, 5.091048e-08, 7.444521e-09, 7.444522e-09, -5.696287e-08
53.300000, 5.059136e-08, 7.350594e-09, 7.350594e-09, -5.621846e-08
53.400000, 5.028401e-08, 7.300218e-09, 7.300218e-09, -5.545183e-08
53.500000, 4.989220e-08, 7.212811e-09, 7.212811e-09, -5.478267e-08
53.600000, 4.945235e-08, 7.138559e-09, 7.138559e-09, -5.418654e-08
53.700000, 4.901267e-08, 6.995398e-09, 6.995398e-09, -5.362048e-08
53.800000, 4.855885e-08, 6.841163e-09, 6.841163e-09, -5.287551e-08
53.900000, 4.804537e-08, 6.754201e-09, 6.754201e-09, -5.215568e-08
54.000000, 4.757655e-08, 6.632064e-09, 6.632064e-09, -5.145871e-08
54.100000, 4.700040e-08, 6.450600e-09, 6.450600e-09, -5.070446e-08
54.200000, 4.654092e-08, 6.226017e-09, 6.226018e-09, -4.998656e-08
54.300000, 4.596239e-08, 6.151968e-09, 6.151968e-09, -4.929026e-08
54.400000, 4.537535e-08, 6.024515e-09, 6.024516e-09, -4.860782e-08
54.500000, 4.472759e-08, 5.922307e-09, 5.922307e-09, -4.787615e-08
54.600000, 4.402081e-08, 5.768804e-09, 5.768804e-09, -4.713837e-08
54.700000, 4.331339e-08, 5.576502e-09, 5.576502e-09, -4.636188e-08
54.800000, 4.261393e-08, 5.443016e-09, 5.443016e-09, -4.570582e-08
54.900000, 4.198753e-08, 5.330552e-09, 5.330552e-09, -4.492122e-08
55.000000, 4.129255e-08, 5.200038e-09, 5.200038e-09, -4.417634e-08
55.100000, 4.065419e-08, 5.107343e-09, 5.107343e-09, -4.340140e-08
55.200000, 3.999587e-08, 4.956772e-09, 4.956772e-09, -4.266185e-08
55.300000, 3.929752e-08, 4.884729e-09, 4.884729e-09, -4.192346e-08
55.400000, 3.856325e-08, 4.786200e-09, 4.786200e-09, -4.124709e-08
55.500000, 3.784393e-08, 4.674907e-09, 4.674907e-09, -4.046095e-08
55.600000, 3.721362e-08, 4.555964e-09, 4.555964e-09, -3.971816e-08
55.700000, 3.648990e-08, 4.443181e-09, 4.443181e-09, -3.901927e-08
55.800000, 3.581188e-08, 4.406642e-09, 4.406642e-09, -3.831030e-08
55.900000, 3.515579e-08, 4.305397e-09, 4.305397e-09, -3.755908e-08
56.000000, 3.445919e-08, 4.219677e-09, 4.219677e-09, -3.685083e-08
56.100000, 3.377619e-08, 4.181130e-09, 4.181131e-09, -3.615971e-08
56.200000, 3.312025e-08, 4.113323e-09, 4.113323e-09, -3.552685e-08
56.300000, 3.254220e-08, 4.046288e-09, 4.046288e-09, -3.486756e-08
56.400000, 3.187305e-08, 4.020072e-09, 4.020072e-09, -3.421391e-08
56.500000, 3.125636e-08, 3.961292e-09, 3.961292e-09, -3.352978e-08
56.600000, 3.068346e-08, 3.954800e-09, 3.954800e-09, -3.284917e-08
56.700000, 3.006404e-08, 3.938516e-09, 3.938516e-09, -3.220437e-08
56.800000, 2.945621e-08, 3.907311e-09, 3.907311e-09, -3.162435e-08
56.900000, 2.888338e-08, 3.850578e-09, 3.850578e-09, -3.099193e-08
57.000000, 2.831253e-08, 3.792637e-09, 3.792637e-09, -3.036475e-08
57.100000, 2.774444e-08, 3.769952e-09, 3.769952e-09, -2.975100e-08
57.200000, 2.720298e-08, 3.742441e-09, 3.742441e-09, -2.913165e-08
57.300000, 2.662897e-08, 3.723011e-09, 3.723011e-09, -2.853727e-08
57.400000, 2.609855e-08, 3.704734e-09, 3.704734e-09, -2.794274e-08
57.500000, 2.554577e-08, 3.627679e-09, 3.627679e-09, -2.731199e-08
57.600000, 2.499052e-08, 3.581209e-09, 3.581210e-09, -2.673621e-08
57.700000, 2.445981e-08, 3.541764e-09, 3.541764e-09, -2.615449e-08
57.800000, 2.390889e-08, 3.494984e-09, 3.494984e-09, -2.560584e-08
57.900000, 2.340415e-08, 3.464961e-09, 3.464961e-09, -2.507776e-08
58.000000, 2.282236e-08, 3.421133e-09, 3.421133e-09, -2.457267e-08
58.100000, 2.230527e-08, 3.378876e-09, 3.378876e-09, -2.408954e-08
58.200000, 2.180936e-08, 3.338653e-09, 3.338653e-09, -2.360532e-08
58.300000, 2.128322e-08, 3.296152e-09, 3.296152e-09, -2.307985e-08
58.400000, 2.079581e-08, 3.240801e-09, 3.240801e-09, -2.261096e-08
58.500000, 2.027137e-08, 3.182257e-09, 3.182257e-09, -2.216066e-08
58.600000, 1.973558e-08, 3.118861e-09, 3.118861e-09, -2.173545e-08
58.700000, 1.922963e-08, 3.077262e-09, 3.077262e-09, -2.128840e-08
58.800000, 1.870572e-08, 3.024290e-09, 3.024290e-09, -2.085076e-08
58.900000, 1.826511e-08, 2.974530e-09, 2.974530e-09, -2.038278e-08
59.000000, 1.781973e-08, 2.915870e-09, 2.915870e-09, -1.996960e-08
59.100000, 1.734013e-08, 2.862165e-09, 2.862165e-09, -1.954306e-08
59.200000, 1.684589e-08, 2.814697e-09, 2.814697e-09, -1.911659e-08
59.300000, 1.641438e-08, 2.771497e-09, 2.771497e-09, -1.873936e-08
59.400000, 1.590779e-08, 2.739831e-09, 2.739831e-09, -1.835125e-08
59.500000, 1.546086e-08, 2.695378e-09, 2.695378e-09, -1.796911e-08
59.600000, 1.501870e-08, 2.634507e-09, 2.634507e-09, -1.757682e-08
59.700000, 1.458372e-08, 2.577648e-09, 2.577648e-09, -1.719016e-08
59.800000, 1.413495e-08, 2.530879e-09, 2.530879e-09, -1.682671e-08
59.900000, 1.372693e-08, 2.488736e-09, 2.488736e-09, -1.644585e-08
60.000000, 1.329097e-08, 2.432844e-09, 2.432844e-09, -1.609337e-08
60.100000, 1.286194e-08, 2.366873e-09, 2.366873e-09, -1.573448e-08
60.200000, 1.243138e-08, 2.303943e-09, 2.303944e-09, -1.539871e-08
60.300000, 1.205666e-08, 2.232872e-09, 2.232872e-09, -1.503989e-08
60.400000, 1.165592e-08, 2.183281e-09, 2.183281e-09, -1.469030e-08
60.500000, 1.129956e-08, 2.142071e-09, 2.142071e-09, -1.435106e-08
60.600000, 1.092360e-08, 2.095636e-09, 2.095636e-09, -1.403816e-08
60.700000, 1.056192e-08, 2.048456e-09, 2.048456e-09, -1.373920e-08
60.800000, 1.018100e-08, 1.999029e-09, 1.999029e-09, -1.343074e-08
60.900000, 9.833098e-09, 1.965039e-09, 1.965039e-09, -1.309026e-08
61.000000, 9.458868e-09, 1.900285e-09, 1.900285e-09, -1.277221e-08
61.100000, 9.138560e-09, 1.843832e-09, 1.843832e-09, -1.243930e-08
61.200000, 8.791900e-09, 1.796705e-09, 1.796705e-09, -1.214634e-08
61.300000, 8.494553e-09, 1.746269e-09, 1.746269e-09, -1.183620e-08
61.400000, 8.188440e-09, 1.699263e-09, 1.699263e-09, -1.154560e-08
61.500000, 7.907528e-09, 1.673008e-09, 1.673008e-09, -1.126134e-08
61.600000, 7.616016e-09, 1.645161e-09, 1.645161e-09, -1.098779e-08
61.700000, 7.342774e-09, 1.607323e-09, 1.607323e-09, -1.069605e-08
61.800000, 7.062230e-09, 1.583805e-09, 1.583805e-09, -1.044285e-08
61.900000, 6.799262e-09, 1.566364e-09, 1.566364e-09, -1.018956e-08
62.000000, 6.521496e-09, 1.542248e-09, 1.542248e-09, -9.926676e-09
62.100000, 6.291919e-09, 1.520370e-09, 1.520370e-09, -9.678678e-09
62.200000, 6.048362e-09, 1.506549e-09, 1.506549e-09, -9.445191e-09
62.300000, 5.823761e-09, 1.475923e-09, 1.475923e-09, -9.205347e-09
62.400000, 5.598334e-09, 1.450131e-09, 1.450131e-09, -8.979248e-09
62.500000, 5.386382e-09, 1.432891e-09, 1.432891e-09, -8.750838e-09
62.600000, 5.160473e-09, 1.398154e-09, 1.398154e-09, -8.546515e-09
62.700000, 4.973872e-09, 1.387951e-09, 1.387951e-09, -8.336404e-09
62.800000, 4.778707e-09, 1.370602e-09, 1.370602e-09, -8.130818e-09
62.900000, 4.594114e-09, 1.359054e-09, 1.359054e-09, -7.928064e-09
63.000000, 4.391007e-09, 1.351467e-09, 1.351467e-09, -7.738437e-09
63.100000, 4.215798e-09, 1.337709e-09, 1.337709e-09, -7.543156e-09
63.200000, 4.037358e-09, 1.313831e-09, 1.313831e-09, -7.366306e-09
63.300000, 3.879255e-09, 1.292894e-09, 1.292894e-09, -7.179730e-09
63.400000, 3.709571e-09, 1.272117e-09, 1.272117e-09, -7.006242e-09
63.500000, 3.569518e-09, 1.249461e-09, 1.249461e-09, -6.832247e-09
63.600000, 3.429525e-09, 1.224748e-09, 1.224748e-09, -6.676810e-09
63.700000, 3.299495e-09, 1.214094e-09, 1.214094e-09, -6.516791e-09
63.800000, 3.169558e-09, 1.195609e-09, 1.195609e-09, -6.364735e-09
63.900000, 3.047559e-09, 1.183338e-09, 1.183338e-09, -6.213356e-09
64.000000, 2.919269e-09, 1.157268e-09, 1.157268e-09, -6.074718e-09
64.100000, 2.803576e-09, 1.139128e-09, 1.139128e-09, -5.936153e-09
64.200000, 2.698447e-09, 1.115586e-09, 1.115586e-09, -5.809736e-09
64.300000, 2.593852e-09, 1.099041e-09, 1.099041e-09, -5.682934e-09
64.400000, 2.485361e-09, 1.076137e-09, 1.076137e-09, -5.563020e-09
64.500000, 2.386013e-09, 1.064142e-09, 1.064142e-09, -5.427819e-09
64.600000, 2.295227e-09, 1.040130e-09, 1.040130e-09, -5.312246e-09
64.700000, 2.223153e-09, 1.022086e-09, 1.022086e-09, -5.202706e-09
64.800000, 2.135902e-09, 1.004425e-09, 1.004425e-09, -5.096849e-09
64.900000, 2.055455e-09, 9.886094e-10, 9.886094e-10, -4.985249e-09
65.000000, 1.978063e-09, 9.710058e-10, 9.710058e-10, -4.883384e-09
65.100000, 1.905948e-09, 9.581603e-10, 9.581603e-10, -4.776298e-09
65.200000, 1.834146e-09, 9.396728e-10, 9.396727e-10, -4.682455e-09
65.300000, 1.773616e-09, 9.256269e-10, 9.256269e-10, -4.579048e-09
65.400000, 1.708272e-09, 8.988610e-10, 8.988610e-10, -4.486396e-09
65.500000, 1.643155e-09, 8.865810e-10, 8.865810e-10, -4.397488e-09
65.600000, 1.582319e-09, 8.692221e-10, 8.692221e-10, -4.315301e-09
65.700000, 1.531333e-09, 8.541628e-10, 8.541628e-10, -4.227736e-09
65.800000, 1.476267e-09, 8.392946e-10, 8.392946e-10, -4.147436e-09
65.900000, 1.422015e-09, 8.277932e-10, 8.277932e-10, -4.062961e-09
66.000000, 1.368492e-09, 8.087277e-10, 8.087277e-10, -3.994630e-09
66.100000, 1.327674e-09, 7.984391e-10, 7.984391e-10, -3.917640e-09
66.200000, 1.288012e-09, 7.877544e-10, 7.877544e-10, -3.839716e-09
66.300000, 1.250840e-09, 7.776398e-10, 7.776398e-10, -3.759484e-09
66.400000, 1.209464e-09, 7.638902e-10, 7.638902e-10, -3.691449e-09
66.500000, 1.174765e-09, 7.492806e-10, 7.492806e-10, -3.615700e-09
66.600000, 1.133229e-09, 7.322370e-10, 7.322370e-10, -3.547636e-09
66.700000, 1.103987e-09, 7.218532e-10, 7.218532e-10, -3.473934e-09
66.800000, 1.077662e-09, 7.086511e-10, 7.086510e-10, -3.410885e-09
66.900000, 1.051571e-09, 6.971981e-10, 6.971980e-10, -3.345814e-09
67.000000, 1.021280e-09, 6.853781e-10, 6.853781e-10, -3.286082e-09
67.100000, 9.969819e-10, 6.761269e-10, 6.761269e-10, -3.219243e-09
67.200000, 9.706410e-10, 6.635689e-10, 6.635689e-10, -3.163032e-09
67.300000, 9.525409e-10, 6.604827e-10, 6.604827e-10, -3.101924e-09
67.400000, 9.317817e-10, 6.522424e-10, 6.522424e-10, -3.047337e-09
67.500000, 9.168208e-10, 6.431269e-10, 6.431269e-10, -2.991004e-09
67.600000, 8.996692e-10, 6.342723e-10, 6.342723e-10, -2.939648e-09
67.700000, 8.857770e-10, 6.287364e-10, 6.287364e-10, -2.880986e-09
67.800000, 8.716320e-10, 6.238447e-10, 6.238446e-10, -2.827158e-09
67.900000, 8.633110e-10, 6.195261e-10, 6.195261e-10, -2.771825e-09
68.000000, 8.483829e-10, 6.088985e-10, 6.088985e-10, -2.724137e-09
68.100000, 8.392221e-10, 6.004264e-10, 6.004264e-10, -2.676770e-09
68.200000, 8.282535e-10, 5.913323e-10, 5.913323e-10, -2.632807e-09
68.300000, 8.230660e-10, 5.866950e-10, 5.866950e-10, -2.581064e-09
68.400000, 8.143275e-10, 5.828202e-10, 5.828202e-10, -2.535488e-09
68.500000, 8.084863e-10, 5.794054e-10, 5.794054e-10, -2.483425e-09
68.600000, 7.978332e-10, 5.711300e-10, 5.711300e-10, -2.443793e-09
68.700000, 7.931014e-10, 5.650077e-10, 5.650077e-10, -2.397310e-09
68.800000, 7.846284e-10, 5.586586e-10, 5.586586e-10, -2.358685e-09
68.900000, 7.838653e-10, 5.532853e-10, 5.532853e-10, -2.311013e-09
69.000000, 7.797955e-10, 5.458676e-10, 5.458676e-10, -2.270599e-09
69.100000, 7.764953e-10, 5.399087e-10, 5.399086e-10, -2.230197e-09
69.200000, 7.683495e-10, 5.319781e-10, 5.319781e-10, -2.197276e-09
69.300000, 7.691588e-10, 5.261849e-10, 5.261849e-10, -2.157493e-09
69.400000, 7.624537e-10, 5.189372e-10, 5.189372e-10, -2.122760e-09
69.500000, 7.631039e-10, 5.141288e-10, 5.141288e-10, -2.082946e-09
69.600000, 7.570824e-10, 5.064424e-10, 5.064424e-10, -2.049043e-09
69.700000, 7.537254e-10, 4.994723e-10, 4.994722e-10, -2.012048e-09
69.800000, 7.456177e-10, 4.924345e-10, 4.924345e-10, -1.981328e-09
69.900000, 7.448474e-10, 4.882641e-10, 4.882641e-10, -1.943567e-09
70.000000, 7.403947e-10, 4.814111e-10, 4.814111e-10, -1.913412e-09
70.100000, 7.405034e-10, 4.769964e-10, 4.769964e-10, -1.878498e-09
70.200000, 7.361003e-10, 4.702406e-10, 4.702406e-10, -1.848965e-09
70.300000, 7.356130e-10, 4.648623e-10, 4.648623e-10, -1.814145e-09
70.400000, 7.300810e-10, 4.580524e-10, 4.580524e-10, -1.785499e-09
70.500000, 7.307298e-10, 4.538558e-10, 4.538558e-10, -1.750843e-09
70.600000, 7.244458e-10, 4.475058e-10, 4.475058e-10, -1.723030e-09
70.700000, 7.240209e-10, 4.424626e-10, 4.424626e-10, -1.690654e-09
70.800000, 7.182870e-10, 4.346290e-10, 4.346290e-10, -1.663896e-09
70.900000, 7.151136e-10, 4.295722e-10, 4.295722e-10, -1.634379e-09
71.000000, 7.077195e-10, 4.229813e-10, 4.229813e-10, -1.609216e-09
71.100000, 7.075867e-10, 4.180367e-10, 4.180367e-10, -1.578893e-09
71.200000, 6.999073e-10, 4.116847e-10, 4.116847e-10, -1.554824e-09
71.300000, 6.976925e-10, 4.070533e-10, 4.070533e-10, -1.526543e-09
71.400000, 6.909918e-10, 3.999100e-10, 3.999100e-10, -1.502368e-09
71.500000, 6.886156e-10, 3.945810e-10, 3.945810e-10, -1.473759e-09
71.600000, 6.822010e-10, 3.885128e-10, 3.885127e-10, -1.448592e-09
71.700000, 6.797386e-10, 3.842880e-10, 3.842880e-10, -1.419929e-09
71.800000, 6.721359e-10, 3.780892e-10, 3.780892e-10, -1.397467e-09
71.900000, 6.692628e-10, 3.728759e-10, 3.728759e-10, -1.370407e-09
72.000000, 6.597760e-10, 3.659192e-10, 3.659192e-10, -1.348687e-09
72.100000, 6.564641e-10, 3.608471e-10, 3.608471e-10, -1.322515e-09
72.200000, 6.476306e-10, 3.546472e-10, 3.546472e-10, -1.300702e-09
72.300000, 6.436245e-10, 3.499145e-10, 3.499145e-10, -1.274247e-09
72.400000, 6.343230e-10, 3.443391e-10, 3.443391e-10, -1.252331e-09
72.500000, 6.298465e-10, 3.396027e-10, 3.396027e-10, -1.226526e-09
72.600000, 6.212400e-10, 3.335015e-10, 3.335015e-10, -1.205820e-09
72.700000, 6.175072e-10, 3.297892e-10, 3.297892e-10, -1.181015e-09
72.800000, 6.078113e-10, 3.245375e-10, 3.245375e-10, -1.160776e-09
72.900000, 6.027207e-10, 3.202649e-10, 3.202649e-10, -1.136908e-09
73.000000, 5.940177e-10, 3.149512e-10, 3.149512e-10, -1.117048e-09
73.100000, 5.891718e-10, 3.111481e-10, 3.111481e-10, -1.093643e-09
73.200000, 5.801095e-10, 3.058688e-10, 3.058688e-10, -1.075001e-09
73.300000, 5.747471e-10, 3.023238e-10, 3.023238e-10, -1.051785e-09
73.400000, 5.652946e-10, 2.975662e-10, 2.975662e-10, -1.032636e-09
73.500000, 5.587469e-10, 2.938913e-10, 2.938913e-10, -1.009910e-09
73.600000, 5.484436e-10, 2.888078e-10, 2.888078e-10, -9.920614e-10
73.700000, 5.426613e-10, 2.851074e-10, 2.851074e-10, -9.707667e-10
73.800000, 5.321227e-10, 2.799607e-10, 2.799607e-10, -9.534233e-10
73.900000, 5.255113e-10, 2.766167e-10, 2.766167e-10, -9.320612e-10
74.000000, 5.151392e-10, 2.719181e-10, 2.719181e-10, -9.153764e-10
74.100000, 5.093387e-10, 2.685826e-10, 2.685826e-10, -8.949445e-10
74.200000, 4.987755e-10, 2.638242e-10, 2.638242e-10, -8.786983e-10
74.300000, 4.914601e-10, 2.608528e-10, 2.608528e-10, -8.585967e-10
74.400000, 4.808120e-10, 2.558726e-10, 2.558727e-10, -8.422924e-10
74.500000, 4.741011e-10, 2.525042e-10, 2.525042e-10, -8.225516e-10
74.600000, 4.634719e-10, 2.475559e-10, 2.475559e-10, -8.072942e-10
74.700000, 4.570318e-10, 2.440939e-10, 2.440939e-10, -7.882863e-10
74.800000, 4.460589e-10, 2.394364e-10, 2.394364e-10, -7.739349e-10
74.900000, 4.385875e-10, 2.362286e-10, 2.362286e-10, -7.560164e-10
75.000000, 4.275205e-10, 2.317268e-10, 2.317268e-10, -7.417197e-10
75.100000, 4.202244e-10, 2.285678e-10, 2.285678e-10, -7.235963e-10
75.200000, 4.091180e-10, 2.240300e-10, 2.240300e-10, -7.100268e-10
75.300000, 4.017093e-10, 2.208354e-10, 2.208354e-10, -6.930673e-10
75.400000, 3.905225e-10, 2.162847e-10, 2.162847e-10, -6.800223e-10
75.500000, 3.831508e-10, 2.132796e-10, 2.132797e-10, -6.634600e-10
75.600000, 3.725996e-10, 2.088420e-10, 2.088420e-10, -6.501786e-10
75.700000, 3.654349e-10, 2.060578e-10, 2.060578e-10, -6.336754e-10
75.800000, 3.545119e-10, 2.015548e-10, 2.015548e-10, -6.210105e-10
75.900000, 3.472645e-10, 1.984140e-10, 1.984140e-10, -6.049416e-10
76.000000, 3.366244e-10, 1.937718e-10, 1.937718e-10, -5.931191e-10
76.100000, 3.292315e-10, 1.908868e-10, 1.908868e-10, -5.781016e-10
76.200000, 3.185042e-10, 1.869049e-10, 1.869049e-10, -5.668383e-10
76.300000, 3.109743e-10, 1.842623e-10, 1.842624e-10, -5.520438e-10
76.400000, 2.999830e-10, 1.802413e-10, 1.802413e-10, -5.409603e-10
76.500000, 2.924787e-10, 1.774620e-10, 1.774620e-10, -5.267020e-10
76.600000, 2.816655e-10, 1.734684e-10, 1.734684e-10, -5.162741e-10
76.700000, 2.744949e-10, 1.710021e-10, 1.710021e-10, -5.026188e-10
76.800000, 2.638684e-10, 1.671721e-10, 1.671721e-10, -4.922778e-10
76.900000, 2.564210e-10, 1.645665e-10, 1.645665e-10, -4.789278e-10
77.000000, 2.461006e-10, 1.607004e-10, 1.607004e-10, -4.689272e-10
77.100000, 2.391506e-10, 1.583630e-10, 1.583631e-10, -4.559123e-10
77.200000, 2.290147e-10, 1.547131e-10, 1.547131e-10, -4.462752e-10
77.300000, 2.223027e-10, 1.525396e-10, 1.525397e-10, -4.334868e-10
77.400000, 2.120870e-10, 1.491337e-10, 1.491338e-10, -4.242580e-10
77.500000, 2.051585e-10, 1.468922e-10, 1.468922e-10, -4.121106e-10
77.600000, 1.950229e-10, 1.433722e-10, 1.433722e-10, -4.035022e-10
77.700000, 1.883747e-10, 1.412634e-10, 1.412635e-10, -3.915699e-10
77.800000, 1.785353e-10, 1.379944e-10, 1.379945e-10, -3.828157e-10
77.900000, 1.722218e-10, 1.359506e-10, 1.359506e-10, -3.712947e-10
78.000000, 1.628440e-10, 1.326876e-10, 1.326876e-10, -3.631772e-10
78.100000, 1.568355e-10, 1.306891e-10, 1.306891e-10, -3.518653e-10
78.200000, 1.476663e-10, 1.275243e-10, 1.275244e-10, -3.438890e-10
78.300000, 1.419391e-10, 1.256979e-10, 1.256979e-10, -3.330713e-10
78.400000, 1.330879e-10, 1.226769e-10, 1.226769e-10, -3.252947e-10
78.500000, 1.275654e-10, 1.210567e-10, 1.210567e-10, -3.146787e-10
78.600000, 1.189558e-10, 1.181109e-10, 1.181110e-10, -3.074542e-10
78.700000, 1.135517e-10, 1.164961e-10, 1.164961e-10, -2.973586e-10
78.800000, 1.051722e-10, 1.137777e-10, 1.137778e-10, -2.903743e-10
78.900000, 9.998548e-11, 1.122987e-10, 1.122987e-10, -2.805325e-10
79.000000, 9.188346e-11, 1.096324e-10, 1.096324e-10, -2.738365e-10
79.100000, 8.698469e-11, 1.081862e-10, 1.081862e-10, -2.643674e-10
79.200000, 7.912974e-11, 1.055579e-10, 1.055579e-10, -2.579902e-10
79.300000, 7.440311e-11, 1.041286e-10, 1.041287e-10, -2.487519e-10
79.400000, 6.692404e-11, 1.016279e-10, 1.016279e-10, -2.426219e-10
79.500000, 6.257718e-11, 1.003771e-10, 1.003771e-10, -2.336824e-10
79.600000, 5.536898e-11, 9.801233e-11, 9.801235e-11, -2.277139e-10
79.700000, 5.119411e-11, 9.684850e-11, 9.684852e-11, -2.190807e-10
79.800000, 4.412577e-11, 9.455411e-11, 9.455414e-11, -2.134981e-10
79.900000, 4.018634e-11, 9.342357e-11, 9.342359e-11, -2.052150e-10
80.000000, 3.333883e-11, 9.118001e-11, 9.118004e-11, -1.999494e-10
80.100000, 2.958367e-11, 9.009626e-11, 9.009628e-11, -1.919738e-10
80.200000, 2.306237e-11, 8.791755e-11, 8.791758e-11, -1.869465e-10
80.300000, 1.956596e-11, 8.692543e-11, 8.692546e-11, -1.792275e-10
80.400000, 1.331410e-11, 8.477734e-11, 8.477737e-11, -1.744306e-10
80.500000, 1.009166e-11, 8.379553e-11, 8.379556e-11, -1.669729e-10
80.600000, 4.101672e-12, 8.172557e-11, 8.172560e-11, -1.624285e-10
80.700000, 1.066477e-12, 8.080782e-11, 8.080785e-11, -1.552880e-10
80.800000, -4.668151e-12, 7.883522e-11, 7.883525e-11, -1.509534e-10
80.900000, -7.468851e-12, 7.797152e-11, 7.797155e-11, -1.440427e-10
81.000000, -1.288980e-11, 7.607889e-11, 7.607892e-11, -1.399367e-10
81.100000, -1.548384e-11, 7.532987e-11, 7.532990e-11, -1.333081e-10
81.200000, -2.070671e-11, 7.348313e-11, 7.348316e-11, -1.294226e-10
81.300000, -2.309086e-11, 7.275567e-11, 7.275570e-11, -1.230173e-10
81.400000, -2.807358e-11, 7.095957e-11, 7.095960e-11, -1.193459e-10
81.500000, -3.025057e-11, 7.023343e-11, 7.023346e-11, -1.132207e-10
81.600000, -3.494940e-11, 6.845956e-11, 6.845959e-11, -1.098471e-10
81.700000, -3.692734e-11, 6.779578e-11, 6.779581e-11, -1.039504e-10
81.800000, -4.143693e-11, 6.610011e-11, 6.610015e-11, -1.006532e-10
81.900000, -4.321673e-11, 6.547639e-11, 6.547643e-11, -9.497316e-11
82.000000, -4.749443e-11, 6.382231e-11, 6.382234e-11, -9.194629e-11
82.100000, -4.906377e-11, 6.325133e-11, 6.325136e-11, -8.645440e-11
82.200000, -5.315800e-11, 6.168263e-11, 6.168266e-11, -8.358937e-11
82.300000, -5.456050e-11, 6.115587e-11, 6.115591e-11, -7.834315e-11
82.400000, -5.842930e-11, 5.962160e-11, 5.962163e-11, -7.563002e-11
82.500000, -5.963423e-11, 5.914850e-11, 5.914853e-11, -7.055399e-11
82.600000, -6.332309e-11, 5.766591e-11, 5.766594e-11, -6.805932e-11
82.700000, -6.435780e-11, 5.718830e-11, 5.718833e-11, -6.317145e-11
82.800000, -6.783259e-11, 5.574329e-11, 5.574332e-11, -6.081949e-11
82.900000, -6.868956e-11, 5.532459e-11, 5.532462e-11, -5.613180e-11
83.000000, -7.199684e-11, 5.389657e-11, 5.389660e-11, -5.393830e-11
83.100000, -7.269496e-11, 5.349908e-11, 5.349911e-11, -4.942040e-11
83.200000, -7.579954e-11, 5.212297e-11, 5.212300e-11, -4.735416e-11
83.300000, -7.638068e-11, 5.177059e-11, 5.177063e-11, -4.298788e-11
83.400000, -7.929480e-11, 5.045766e-11, 5.045769e-11, -4.107449e-11
83.500000, -7.968529e-11, 5.013752e-11, 5.013756e-11, -3.687522e-11
83.600000, -8.240946e-11, 4.886111e-11, 4.886115e-11, -3.505135e-11
83.700000, -8.265854e-11, 4.857717e-11, 4.857720e-11, -3.102235e-11
83.800000, -8.523434e-11, 4.733543e-11, 4.733546e-11, -2.937338e-11
83.900000, -8.533638e-11, 4.707897e-11, 4.707901e-11, -2.548506e-11
84.000000, -8.775624e-11, 4.589298e-11, 4.589301e-11, -2.396215e-11
84.100000, -8.774254e-11, 4.564930e-11, 4.564934e-11, -2.024372e-11
84.200000, -9.002164e-11, 4.447672e-11, 4.447676e-11, -1.883333e-11
84.300000, -8.989993e-11, 4.427455e-11, 4.427459e-11, -1.524691e-11
84.400000, -9.203615e-11, 4.312971e-11, 4.312975e-11, -1.395517e-11
84.500000, -9.179312e-11, 4.294672e-11, 4.294675e-11, -1.050127e-11
84.600000, -9.379664e-11, 4.184096e-11, 4.184100e-11, -9.312163e-12
84.700000, -9.343608e-11, 4.167746e-11, 4.167750e-11, -6.000858e-12
84.800000, -9.533212e-11, 4.061045e-11, 4.061049e-11, -4.929873e-12
84.900000, -9.488625e-11, 4.046445e-11, 4.046448e-11, -1.725446e-12
85.000000, -9.664576e-11, 3.941743e-11, 3.941746e-11, -7.508594e-13
85.100000, -9.609706e-11, 3.929542e-11, 3.929546e-11, 2.319671e-12
85.200000, -9.775732e-11, 3.827588e-11, 3.827592e-11, 3.188569e-12
85.300000, -9.712389e-11, 3.815026e-11, 3.815029e-11, 6.137440e-12
85.400000, -9.868926e-11, 3.714591e-11, 3.714595e-11, 6.913844e-12
85.500000, -9.798068e-11, 3.703829e-11, 3.703832e-11, 9.757063e-12
85.600000, -9.942925e-11, 3.606026e-11, 3.606030e-11, 1.045665e-11
85.700000, -9.865298e-11, 3.597029e-11, 3.597032e-11, 1.318192e-11
85.800000, -1.000053e-10, 3.501041e-11, 3.501044e-11, 1.380393e-11
85.900000, -9.916582e-11, 3.493615e-11, 3.493618e-11, 1.642894e-11
86.000000, -1.004434e-10, 3.400094e-11, 3.400097e-11, 1.694180e-11
86.100000, -9.953755e-11, 3.392909e-11, 3.392912e-11, 1.947454e-11
86.200000, -1.007339e-10, 3.301187e-11, 3.301190e-11, 1.993086e-11
86.300000, -9.978000e-11, 3.295607e-11, 3.295610e-11, 2.236407e-11
86.400000, -1.008950e-10, 3.205032e-11, 3.205035e-11, 2.273875e-11
86.500000, -9.988308e-11, 3.200225e-11, 3.200227e-11, 2.507653e-11
86.600000, -1.009387e-10, 3.111688e-11, 3.111690e-11, 2.537495e-11
86.700000, -9.988092e-11, 3.107309e-11, 3.107311e-11, 2.762231e-11
86.800000, -1.008766e-10, 3.020428e-11, 3.020431e-11, 2.785420e-11
86.900000, -9.978307e-11, 3.017218e-11, 3.017220e-11, 3.000861e-11
87.000000, -1.007279e-10, 2.931434e-11, 2.931436e-11, 3.018568e-11
87.100000, -9.959650e-11, 2.928812e-11, 2.928814e-11, 3.227075e-11
87.200000, -1.004850e-10, 2.845049e-11, 2.845051e-11, 3.238969e-11
87.300000, -9.932431e-11, 2.843204e-11, 2.843206e-11, 3.440071e-11
87.400000, -1.001653e-10, 2.761128e-11, 2.761129e-11, 3.445976e-11
87.500000, -9.897963e-11, 2.759913e-11, 2.759915e-11, 3.638995e-11
87.600000, -9.976999e-11, 2.678273e-11, 2.678275e-11, 3.639540e-11
87.700000, -9.855833e-11, 2.677886e-11, 2.677888e-11, 3.824876e-11
87.800000, -9.931598e-11, 2.598208e-11, 2.598209e-11, 3.820085e-11
87.900000, -9.808279e-11, 2.598145e-11, 2.598146e-11, 3.999830e-11
88.000000, -9.879753e-11, 2.520009e-11, 2.520010e-11, 3.990835e-11
88.100000, -9.754707e-11, 2.520608e-11, 2.520610e-11, 4.163956e-11
88.200000, -9.822334e-11, 2.443605e-11, 2.443607e-11, 4.150238e-11
88.300000, -9.695870e-11, 2.445131e-11, 2.445132e-11, 4.317250e-11
88.400000, -9.760464e-11, 2.369276e-11, 2.369277e-11, 4.299786e-11
88.500000, -9.632499e-11, 2.371160e-11, 2.371161e-11, 4.460958e-11
88.600000, -9.694012e-11, 2.296685e-11, 2.296686e-11, 4.439724e-11
88.700000, -9.564747e-11, 2.299156e-11, 2.299157e-11, 4.595429e-11
88.800000, -9.623284e-11, 2.226048e-11, 2.226049e-11, 4.570287e-11
88.900000, -9.493447e-11, 2.229084e-11, 2.229084e-11, 4.720918e-11
89.000000, -9.549588e-11, 2.157036e-11, 2.157036e-11, 4.692726e-11
89.100000, -9.418984e-11, 2.160596e-11, 2.160596e-11, 4.837997e-11
89.200000, -9.472878e-11, 2.089759e-11, 2.089759e-11, 4.806168e-11
89.300000, -9.341762e-11, 2.093709e-11, 2.093710e-11, 4.946519e-11
89.400000, -9.393594e-11, 2.023917e-11, 2.023917e-11, 4.911325e-11
89.500000, -9.262073e-11, 2.028306e-11, 2.028306e-11, 5.046908e-11
89.600000, -9.312241e-11, 1.960002e-11, 1.960002e-11, 5.009174e-11
89.700000, -9.180881e-11, 1.965024e-11, 1.965024e-11, 5.140497e-11
89.800000, -9.229483e-11, 1.897637e-11, 1.897637e-11, 5.100116e-11
89.900000, -9.098299e-11, 1.903134e-11, 1.903134e-11, 5.227205e-11
90.000000, -9.145376e-11, 1.837071e-11, 1.837071e-11, 5.183962e-11
90.100000, -9.014521e-11, 1.843015e-11, 1.843015e-11, 5.306427e-11
90.200000, -9.060533e-11, 1.777964e-11, 1.777964e-11, 5.260749e-11
90.300000, -8.930195e-11, 1.784345e-11, 1.784345e-11, 5.379410e-11
90.400000, -8.975007e-11, 1.720382e-11, 1.720382e-11, 5.331364e-11
90.500000, -8.845308e-11, 1.727212e-11, 1.727212e-11, 5.446213e-11
90.600000, -8.889019e-11, 1.664307e-11, 1.664307e-11, 5.395998e-11
90.700000, -8.760010e-11, 1.671564e-11, 1.671563e-11, 5.507282e-11
90.800000, -8.803003e-11, 1.609662e-11, 1.609661e-11, 5.455143e-11
90.900000, -8.674820e-11, 1.617250e-11, 1.617249e-11, 5.562743e-11
91.000000, -8.717179e-11, 1.556326e-11, 1.556325e-11, 5.508834e-11
91.100000, -8.590027e-11, 1.564207e-11, 1.564206e-11, 5.613439e-11
91.200000, -8.631779e-11, 1.504214e-11, 1.504213e-11, 5.557815e-11
91.300000, -8.505621e-11, 1.512495e-11, 1.512494e-11, 5.659016e-11
91.400000, -8.547053e-11, 1.453476e-11, 1.453475e-11, 5.601895e-11
91.500000, -8.422075e-11, 1.462059e-11, 1.462058e-11, 5.700313e-11
91.600000, -8.463216e-11, 1.403882e-11, 1.403881e-11, 5.641841e-11
91.700000, -8.339479e-11, 1.412801e-11, 1.412800e-11, 5.737488e-11
91.800000, -8.380414e-11, 1.355612e-11, 1.355610e-11, 5.677664e-11
91.900000, -8.258084e-11, 1.364824e-11, 1.364823e-11, 5.770594e-11
92.000000, -8.298847e-11, 1.308418e-11, 1.308416e-11, 5.709773e-11
92.100000, -8.177892e-11, 1.317877e-11, 1.317876e-11, 5.800252e-11
92.200000, -8.218735e-11, 1.262463e-11, 1.262462e-11, 5.738261e-11
92.300000, -8.099361e-11, 1.272236e-11, 1.272235e-11, 5.826410e-11
92.400000, -8.140187e-11, 1.217625e-11, 1.217623e-11, 5.763666e-11
92.500000, -8.022279e-11, 1.227710e-11, 1.227709e-11, 5.849533e-11
92.600000, -8.063257e-11, 1.173977e-11, 1.173975e-11, 5.785969e-11
92.700000, -7.946911e-11, 1.184343e-11, 1.184341e-11, 5.869677e-11
92.800000, -7.987960e-11, 1.131540e-11, 1.131538e-11, 5.805483e-11
92.900000, -7.873068e-11, 1.142208e-11, 1.142206e-11, 5.887211e-11
93.000000, -7.914205e-11, 1.090264e-11, 1.090262e-11, 5.822263e-11
93.100000, -7.800861e-11, 1.101323e-11, 1.101321e-11, 5.901852e-11
93.200000, -7.842133e-11, 1.050235e-11, 1.050233e-11, 5.836312e-11
93.300000, -7.730248e-11, 1.061623e-11, 1.061621e-11, 5.914111e-11
93.400000, -7.771508e-11, 1.011392e-11, 1.011390e-11, 5.847973e-11
93.500000, -7.660919e-11, 1.023065e-11, 1.023063e-11, 5.923677e-11
93.600000, -7.702097e-11, 9.737292e-12, 9.737272e-12, 5.856852e-11
93.700000, -7.592810e-11, 9.857009e-12, 9.856989e-12, 5.930591e-11
93.800000, -7.633851e-11, 9.371479e-12, 9.371458e-12, 5.863049e-11
93.900000, -7.525664e-11, 9.494507e-12, 9.494485e-12, 5.934791e-11
94.000000, -7.566402e-11, 9.018000e-12, 9.017978e-12, 5.866588e-11
94.100000, -7.459161e-11, 9.143803e-12, 9.143781e-12, 5.936294e-11
94.200000, -7.499530e-11, 8.674942e-12, 8.674919e-12, 5.867275e-11
94.300000, -7.393124e-11, 8.803834e-12, 8.803811e-12, 5.934894e-11
94.400000, -7.432916e-11, 8.343258e-12, 8.343235e-12, 5.865078e-11
94.500000, -7.327207e-11, 8.474759e-12, 8.474736e-12, 5.930589e-11
94.600000, -7.366324e-11, 8.021945e-12, 8.021921e-12, 5.859882e-11
94.700000, -7.261137e-11, 8.156137e-12, 8.156113e-12, 5.923229e-11
94.800000, -7.299463e-11, 7.711003e-12, 7.710979e-12, 5.851510e-11
94.900000, -7.194663e-11, 7.847887e-12, 7.847862e-12, 5.912618e-11
95.000000, -7.232043e-11, 7.410432e-12, 7.410407e-12, 5.839924e-11
95.100000, -7.127530e-11, 7.549972e-12, 7.549946e-12, 5.898834e-11
95.200000, -7.163905e-11, 7.120142e-12, 7.120116e-12, 5.825085e-11
95.300000, -7.059648e-11, 7.262113e-12, 7.262087e-12, 5.881674e-11
95.400000, -7.094994e-11, 6.839667e-12, 6.839640e-12, 5.806867e-11
95.500000, -6.990918e-11, 6.984145e-12, 6.984118e-12, 5.861249e-11
95.600000, -7.025226e-11, 6.569026e-12, 6.568999e-12, 5.785378e-11
95.700000, -6.921316e-11, 6.716102e-12, 6.716074e-12, 5.837569e-11
95.800000, -6.954650e-11, 6.308248e-12, 6.308219e-12, 5.760783e-11
95.900000, -6.851008e-11, 6.457533e-12, 6.457504e-12, 5.810922e-11
96.000000, -6.883430e-11, 6.056776e-12, 6.056746e-12, 5.733280e-11
96.100000, -6.780124e-11, 6.208729e-12, 6.208700e-12, 5.781505e-11
96.200000, -6.811738e-11, 5.815234e-12, 5.815204e-12, 5.703204e-11
96.300000, -6.708873e-11, 5.969418e-12, 5.969388e-12, 5.749748e-11
96.400000, -6.739885e-11, 5.582785e-12, 5.582754e-12, 5.671000e-11
96.500000, -6.637688e-11, 5.739437e-12, 5.739405e-12, 5.716097e-11
96.600000, -6.668327e-11, 5.360027e-12, 5.359995e-12, 5.637115e-11
96.700000, -6.567068e-11, 5.519019e-12, 5.518987e-12, 5.681017e-11
96.800000, -6.597625e-11, 5.146482e-12, 5.146449e-12, 5.602128e-11
96.900000, -6.497530e-11, 5.307819e-12, 5.307786e-12, 5.645129e-11
97.000000, -6.528238e-11, 4.942048e-12, 4.942014e-12, 5.566580e-11
97.100000, -6.429589e-11, 5.105576e-12, 5.105542e-12, 5.609039e-11
97.200000, -6.460795e-11, 4.746408e-12, 4.746373e-12, 5.531210e-11
97.300000, -6.363948e-11, 4.912167e-12, 4.912132e-12, 5.573460e-11
97.400000, -6.396011e-11, 4.559718e-12, 4.559683e-12, 5.496630e-11
97.500000, -6.301247e-11, 4.727648e-12, 4.727613e-12, 5.539000e-11
97.600000, -6.334447e-11, 4.381717e-12, 4.381681e-12, 5.463533e-11
97.700000, -6.242047e-11, 4.551822e-12, 4.551786e-12, 5.506355e-11
97.800000, -6.276633e-11, 4.212452e-12, 4.212415e-12, 5.432533e-11
97.900000, -6.186859e-11, 4.384792e-12, 4.384755e-12, 5.476106e-11
98.000000, -6.223083e-11, 4.051888e-12, 4.051851e-12, 5.404174e-11
98.100000, -6.136063e-11, 4.226370e-12, 4.226333e-12, 5.448700e-11
98.200000, -6.174047e-11, 3.899786e-12, 3.899748e-12, 5.378824e-11
98.300000, -6.089908e-11, 4.076267e-12, 4.076229e-12, 5.424443e-11
98.400000, -6.129753e-11, 3.755845e-12, 3.755806e-12, 5.356709e-11
98.500000, -6.048493e-11, 3.934119e-12, 3.934080e-12, 5.403477e-11
98.600000, -6.090130e-11, 3.619694e-12, 3.619655e-12, 5.337896e-11
98.700000, -6.011682e-11, 3.799804e-12, 3.799765e-12, 5.385749e-11
98.800000, -6.055007e-11, 3.491196e-12, 3.491157e-12, 5.322164e-11
98.900000, -5.979155e-11, 3.672859e-12, 3.672819e-12, 5.370958e-11
99.000000, -6.023923e-11, 3.369749e-12, 3.369709e-12, 5.309139e-11
99.100000, -5.950352e-11, 3.552798e-12, 3.552758e-12, 5.358570e-11
99.200000, -5.996130e-11, 3.255029e-12, 3.254988e-12, 5.298215e-11
99.300000, -5.924265e-11, 3.439188e-12, 3.439147e-12, 5.347921e-11
99.400000, -5.970468e-11, 3.146427e-12, 3.146386e-12, 5.288513e-11
99.500000, -5.899732e-11, 3.331518e-12, 3.331476e-12, 5.337923e-11
99.600000, -5.945744e-11, 3.043538e-12, 3.043496e-12, 5.278859e-11
99.700000, -5.875422e-11, 3.229363e-12, 3.229322e-12, 5.327310e-11
99.800000, -5.920429e-11, 2.945860e-12, 2.945818e-12, 5.267888e-11
99.900000, -5.849646e-11, 3.132100e-12, 3.132058e-12, 5.314705e-11
100.000000, -5.892825e-11, 2.852839e-12, 2.852796e-12, 5.254210e-11
100.100000, -5.820791e-11, 3.039370e-12, 3.039328e-12, 5.298634e-11
100.200000, -5.861320e-11, 2.764161e-12, 2.764119e-12, 5.236241e-11
100.300000, -5.787144e-11, 2.950743e-12, 2.950700e-12, 5.277454e-11
100.400000, -5.824177e-11, 2.679290e-12, 2.679247e-12, 5.212416e-11
100.500000, -5.747148e-11, 2.865795e-12, 2.865752e-12, 5.249766e-11
100.600000, -5.780078e-11, 2.597972e-12, 2.597928e-12, 5.181441e-11
100.700000, -5.699526e-11, 2.784245e-12, 2.784201e-12, 5.214272e-11
100.800000, -5.727688e-11, 2.519888e-12, 2.519844e-12, 5.142048e-11
100.900000, -5.643055e-11, 2.705854e-12, 2.705810e-12, 5.169906e-11
101.000000, -5.666069e-11, 2.444851e-12, 2.444807e-12, 5.093406e-11
101.100000, -5.577078e-11, 2.630530e-12, 2.630485e-12, 5.115992e-11
101.200000, -5.594800e-11, 2.372998e-12, 2.372954e-12, 5.035041e-11
101.300000, -5.501530e-11, 2.558533e-12, 2.558489e-12, 5.052318e-11
101.400000, -5.514169e-11, 2.304510e-12, 2.304465e-12, 4.967026e-11
101.500000, -5.416848e-11, 2.490003e-12, 2.489958e-12, 4.979225e-11
101.600000, -5.424776e-11, 2.239558e-12, 2.239513e-12, 4.889913e-11
101.700000, -5.323936e-11, 2.425131e-12, 2.425085e-12, 4.897560e-11
101.800000, -5.327811e-11, 2.178477e-12, 2.178432e-12, 4.804890e-11
101.900000, -5.224292e-11, 2.364422e-12, 2.364376e-12, 4.808780e-11
102.000000, -5.225209e-11, 2.121783e-12, 2.121737e-12, 4.713758e-11
102.100000, -5.120239e-11, 2.308348e-12, 2.308303e-12, 4.715077e-11
102.200000, -5.119558e-11, 2.069961e-12, 2.069916e-12, 4.618968e-11
102.300000, -5.014644e-11, 2.257466e-12, 2.257420e-12, 4.619127e-11
102.400000, -5.014051e-11, 2.023645e-12, 2.023599e-12, 4.523467e-11
102.500000, -4.911058e-11, 2.212514e-12, 2.212468e-12, 4.524104e-11
102.600000, -4.912532e-11, 1.983668e-12, 1.983622e-12, 4.430692e-11
102.700000, -4.813546e-11, 2.174267e-12, 2.174221e-12, 4.433891e-11
102.800000, -4.819339e-11, 1.950731e-12, 1.950685e-12, 4.344988e-11
102.900000, -4.726688e-11, 2.143398e-12, 2.143352e-12, 4.353015e-11
103.000000, -4.739249e-11, 1.925395e-12, 1.925349e-12, 4.270985e-11
103.100000, -4.655563e-11, 2.120344e-12, 2.120298e-12, 4.286419e-11
103.200000, -4.677696e-11, 1.907997e-12, 1.907951e-12, 4.213927e-11
103.300000, -4.605845e-11, 2.105266e-12, 2.105221e-12, 4.239489e-11
103.400000, -4.640408e-11, 1.898457e-12, 1.898411e-12, 4.179314e-11
103.500000, -4.583191e-11, 2.097888e-12, 2.097842e-12, 4.217859e-11
103.600000, -4.632886e-11, 1.896378e-12, 1.896333e-12, 4.172786e-11
103.700000, -4.592850e-11, 2.097667e-12, 2.097621e-12, 4.226923e-11
103.800000, -4.660070e-11, 1.901034e-12, 1.900988e-12, 4.199356e-11
103.900000, -4.639415e-11, 2.103794e-12, 2.103749e-12, 4.271201e-11
104.000000, -4.726085e-11, 1.911531e-12, 1.911485e-12, 4.262881e-11
104.100000, -4.726245e-11, 2.115068e-12, 2.115022e-12, 4.353927e-11
104.200000, -4.833292e-11, 1.926261e-12, 1.926215e-12, 4.366094e-11
104.300000, -4.854698e-11, 2.129579e-12, 2.129533e-12, 4.477109e-11
104.400000, -4.981979e-11, 1.943192e-12, 1.943147e-12, 4.509858e-11
104.500000, -5.023792e-11, 2.145252e-12, 2.145207e-12, 4.640306e-11
104.600000, -5.169760e-11, 1.960097e-12, 1.960052e-12, 4.692413e-11
104.700000, -5.229632e-11, 2.159605e-12, 2.159560e-12, 4.840297e-11
104.800000, -5.391057e-11, 1.974223e-12, 1.974178e-12, 4.909004e-11
104.900000, -5.464987e-11, 2.169669e-12, 2.169624e-12, 5.070738e-11
105.000000, -5.637151e-11, 1.982499e-12, 1.982454e-12, 5.151569e-11
105.100000, -5.719686e-11, 2.172529e-12, 2.172484e-12, 5.321984e-11
105.200000, -5.896555e-11, 1.982527e-12, 1.982483e-12, 5.409152e-11
105.300000, -5.981063e-11, 2.166328e-12, 2.166283e-12, 5.581838e-11
105.400000, -6.155409e-11, 1.972735e-12, 1.972691e-12, 5.668377e-11
105.500000, -6.234193e-11, 2.149520e-12, 2.149476e-12, 5.835925e-11
105.600000, -6.398023e-11, 1.951428e-12, 1.951385e-12, 5.914171e-11
105.700000, -6.463008e-11, 2.120509e-12, 2.120465e-12, 6.068829e-11
105.800000, -6.608364e-11, 1.917488e-12, 1.917445e-12, 6.131038e-11
105.900000, -6.651831e-11, 2.078574e-12, 2.078531e-12, 6.265345e-11
106.000000, -6.771508e-11, 1.870396e-12, 1.870353e-12, 6.304516e-11
106.100000, -6.786940e-11, 2.023420e-12, 2.023377e-12, 6.412075e-11
106.200000, -6.875160e-11, 1.810138e-12, 1.810096e-12, 6.422549e-11
106.300000, -6.857543e-11, 1.955360e-12, 1.955318e-12, 6.498535e-11
106.400000, -6.910202e-11, 1.737357e-12, 1.737315e-12, 6.476334e-11
106.500000, -6.856531e-11, 1.875328e-12, 1.875286e-12, 6.517509e-11
106.600000, -6.871891e-11, 1.653253e-12, 1.653211e-12, 6.459962e-11
106.700000, -6.781439e-11, 1.784725e-12, 1.784684e-12, 6.464636e-11
106.800000, -6.759642e-11, 1.559361e-12, 1.559320e-12, 6.371469e-11
106.900000, -6.633758e-11, 1.685186e-12, 1.685145e-12, 6.340764e-11
107.000000, -6.577630e-11, 1.457417e-12, 1.457376e-12, 6.214523e-11
107.100000, -6.420644e-11, 1.578581e-12, 1.578541e-12, 6.152492e-11
107.200000, -6.335844e-11, 1.349437e-12, 1.349397e-12, 5.998546e-11
107.300000, -6.154290e-11, 1.467017e-12, 1.466976e-12, 5.911467e-11
107.400000, -6.047742e-11, 1.237544e-12, 1.237504e-12, 5.736492e-11
107.500000, -5.848548e-11, 1.352609e-12, 1.352570e-12, 5.631080e-11
107.600000, -5.727004e-11, 1.123827e-12, 1.123788e-12, 5.441610e-11
107.700000, -5.516628e-11, 1.237397e-12, 1.237358e-12, 5.324127e-11
107.800000, -5.386193e-11, 1.010303e-12, 1.010264e-12, 5.126071e-11
107.900000, -5.170308e-11, 1.123418e-12, 1.123380e-12, 5.002021e-11
108.000000, -5.036172e-11, 8.990002e-13, 8.989620e-13, 4.800407e-11
108.100000, -4.819417e-11, 1.012472e-12, 1.012434e-12, 4.674301e-11
108.200000, -4.685636e-11, 7.911892e-13, 7.911516e-13, 4.473073e-11
108.300000, -4.471448e-11, 9.052931e-13, 9.052559e-13, 4.348279e-11
108.400000, -4.340853e-11, 6.873210e-13, 6.872841e-13, 4.150215e-11
108.500000, -4.131474e-11, 8.021929e-13, 8.021565e-13, 4.028960e-11
108.600000, -4.005779e-11, 5.875758e-13, 5.875399e-13, 3.835777e-11
108.700000, -3.802450e-11, 7.032170e-13, 7.031816e-13, 3.719347e-11
108.800000, -3.682504e-11, 4.918803e-13, 4.918453e-13, 3.531952e-11
108.900000, -3.485707e-11, 6.081998e-13, 6.081654e-13, 3.420932e-11
109.000000, -3.371665e-11, 3.999959e-13, 3.999620e-13, 3.239600e-11
109.100000, -3.181251e-11, 5.168465e-13, 5.168132e-13, 3.133976e-11
109.200000, -3.072701e-11, 3.115866e-13, 3.115539e-13, 2.958391e-11
109.300000, -2.888020e-11, 4.287839e-13, 4.287517e-13, 2.857571e-11
109.400000, -2.784118e-11, 2.262485e-13, 2.262171e-13, 2.686909e-11
109.500000, -2.604164e-11, 3.435908e-13, 3.435599e-13, 2.589924e-11
109.600000, -2.503835e-11, 1.435528e-13, 1.435226e-13, 2.423140e-11
109.700000, -2.327540e-11, 2.608342e-13, 2.608047e-13, 2.328965e-11
109.800000, -2.229813e-11, 6.306717e-14, 6.303836e-14, 2.165123e-11
109.900000, -2.056352e-11, 1.800914e-13, 1.800634e-13, 2.072974e-11
110.000000, -1.960573e-11, -1.560422e-14, -1.563150e-14, 1.911452e-11
110.100000, -1.789439e-11, 1.010125e-13, 1.009860e-13, 1.820867e-11
110.200000, -1.695235e-11, -9.275301e-14, -9.277873e-14, 1.661317e-11
110.300000, -1.526139e-11, 2.337323e-14, 2.334831e-14, 1.572040e-11
110.400000, -1.433283e-11, -1.685257e-13, -1.685498e-13, 1.414258e-11
110.500000, -1.266014e-11, -5.291048e-14, -5.293378e-14, 1.326109e-11
110.600000, -1.174282e-11, -2.430032e-13, -2.430257e-13, 1.169891e-11
110.700000, -1.008560e-11, -1.279791e-13, -1.280007e-13, 1.082624e-11
110.800000, -9.175905e-12, -3.164051e-13, -3.164258e-13, 9.276360e-12
110.900000, -7.529305e-12, -2.021199e-13, -2.021399e-13, 8.408041e-12
111.000000, -6.621007e-12, -3.890694e-13, -3.890885e-13, 6.864529e-12
111.100000, -4.977204e-12, -2.757062e-13, -2.757243e-13, 5.993150e-12
111.200000, -4.061203e-12, -4.613869e-13, -4.614042e-13, 4.447209e-12
111.300000, -2.410276e-12, -3.491312e-13, -3.491475e-13, 3.563249e-12
111.400000, -1.476751e-12, -5.337478e-13, -5.337634e-13, 2.005315e-12
111.500000, 1.902579e-13, -4.227796e-13, -4.227942e-13, 1.100110e-12
111.600000, 1.148577e-12, -6.065204e-13, -6.065342e-13, -4.769048e-13
111.700000, 2.836904e-12, -4.969893e-13, -4.970021e-13, -1.408080e-12
111.800000, 3.822862e-12, -6.800034e-13, -6.800154e-13, -3.006152e-12
111.900000, 5.532773e-12, -5.720189e-13, -5.720300e-13, -3.962308e-12
112.000000, 6.543655e-12, -7.544120e-13, -7.544223e-13, -5.577643e-12
112.100000, 8.269329e-12, -6.480277e-13, -6.480370e-13, -6.552069e-12
112.200000, 9.295895e-12, -8.298330e-13, -8.298415e-13, -8.174953e-12
112.300000, 1.102442e-11, -7.250118e-13, -7.250194e-13, -9.154455e-12
112.400000, 1.204946e-11, -9.061495e-13, -9.061562e-13, -1.076776e-11
112.500000, 1.375884e-11, -8.027294e-13, -8.027352e-13, -1.173061e-11
112.600000, 1.475507e-11, -9.829974e-13, -9.830024e-13, -1.330768e-11
112.700000, 1.641271e-11, -8.806819e-13, -8.806860e-13, -1.422205e-11
112.800000, 1.734219e-11, -1.059604e-12, -1.059607e-12, -1.572608e-11
112.900000, 1.890521e-11, -9.575968e-13, -9.575992e-13, -1.655038e-11
113.000000, 1.972054e-11, -1.134221e-12, -1.134223e-12, -1.793557e-11
113.100000, 2.113773e-11, -1.031543e-12, -1.031544e-12, -1.862028e-11
113.200000, 2.178452e-11, -1.204943e-12, -1.204942e-12, -1.983409e-11
113.300000, 2.299909e-11, -1.100663e-12, -1.100662e-12, -2.032422e-11
113.400000, 2.341872e-11, -1.269913e-12, -1.269911e-12, -2.131002e-11
113.500000, 2.437134e-11, -1.163082e-12, -1.163079e-12, -2.154823e-11
113.600000, 2.450560e-11, -1.327269e-12, -1.327265e-12, -2.225000e-11
113.700000, 2.514271e-11, -1.216970e-12, -1.216965e-12, -2.218500e-11
113.800000, 2.494713e-11, -1.375229e-12, -1.375223e-12, -2.256084e-11
113.900000, 2.523746e-11, -1.260653e-12, -1.260646e-12, -2.216374e-11
114.000000, 2.469538e-11, -1.412277e-12, -1.412270e-12, -2.219934e-11
114.100000, 2.463633e-11, -1.292767e-12, -1.292758e-12, -2.146943e-11
114.200000, 2.375655e-11, -1.437162e-12, -1.437152e-12, -2.117707e-11
114.300000, 2.336489e-11, -1.312171e-12, -1.312161e-12, -2.013968e-11
114.400000, 2.217330e-11, -1.448896e-12, -1.448884e-12, -1.955345e-11
114.500000, 2.148628e-11, -1.318087e-12, -1.318075e-12, -1.824740e-11
114.600000, 2.002979e-11, -1.446955e-12, -1.446942e-12, -1.741235e-11
114.700000, 1.910198e-11, -1.310272e-12, -1.310258e-12, -1.588985e-11
114.800000, 1.744133e-11, -1.431416e-12, -1.431401e-12, -1.486505e-11
114.900000, 1.633928e-11, -1.289104e-12, -1.289088e-12, -1.319103e-11
115.000000, 1.454637e-11, -1.402893e-12, -1.402876e-12, -1.204593e-11
115.100000, 1.334552e-11, -1.255381e-12, -1.255363e-12, -1.029300e-11
115.200000, 1.149676e-11, -1.362363e-12, -1.362344e-12, -9.101598e-12
115.300000, 1.027337e-11, -1.210439e-12, -1.210420e-12, -7.342660e-12
115.400000, 8.443087e-12, -1.311590e-12, -1.311570e-12, -6.175865e-12
115.500000, 7.267571e-12, -1.156108e-12, -1.156087e-12, -4.478430e-12
115.600000, 5.520818e-12, -1.252210e-12, -1.252188e-12, -3.398616e-12
115.700000, 4.451754e-12, -1.093997e-12, -1.093974e-12, -1.819003e-12
115.800000, 2.840795e-12, -1.186084e-12, -1.186060e-12, -8.759148e-13
115.900000, 1.924311e-12, -1.026452e-12, -1.026427e-12, 5.424600e-13
116.000000, 4.878949e-13, -1.115989e-12, -1.115963e-12, 1.312405e-12
116.100000, -2.443577e-13, -9.563387e-13, -9.563127e-13, 2.541733e-12
116.200000, -1.482001e-12, -1.044630e-12, -1.044603e-12, 3.118639e-12
116.300000, -2.014162e-12, -8.861160e-13, -8.860887e-13, 4.146141e-12
116.400000, -3.044582e-12, -9.742073e-13, -9.741793e-13, 4.524382e-12
116.500000, -3.374704e-12, -8.177390e-13, -8.177104e-13, 5.350677e-12
116.600000, -4.202193e-12, -9.065143e-13, -9.064851e-13, 5.536590e-12
116.700000, -4.339651e-12, -7.529104e-13, -7.528806e-13, 6.173913e-12
116.800000, -4.977834e-12, -8.430639e-13, -8.430336e-13, 6.183758e-12
116.900000, -4.940599e-12, -6.928567e-13, -6.928258e-13, 6.650309e-12
117.000000, -5.411519e-12, -7.847594e-13, -7.847281e-13, 6.504249e-12
117.100000, -5.223782e-12, -6.382036e-13, -6.381717e-13, 6.823198e-12
117.200000, -5.552903e-12, -7.321136e-13, -7.320813e-13, 6.546628e-12
117.300000, -5.241106e-12, -5.893563e-13, -5.893236e-13, 6.744763e-12
117.400000, -5.455827e-12, -6.853421e-13, -6.853090e-13, 6.365654e-12
117.500000, -5.047860e-12, -5.464195e-13, -5.463860e-13, 6.471074e-12
117.600000, -5.176123e-12, -6.444818e-13, -6.444480e-13, 6.016430e-12
117.700000, -4.699618e-12, -5.092452e-13, -5.092110e-13, 6.055181e-12
117.800000, -4.767999e-12, -6.091271e-13, -6.090926e-13, 5.550236e-12
117.900000, -4.247647e-12, -4.772726e-13, -4.772378e-13, 5.546390e-12
118.000000, -4.278867e-12, -5.786762e-13, -5.786412e-13, 5.012977e-12
118.100000, -3.736054e-12, -4.498211e-13, -4.497858e-13, 4.987111e-12
118.200000, -3.750450e-12, -5.523163e-13, -5.522808e-13, 4.445484e-12
118.300000, -3.203742e-12, -4.260073e-13, -4.259717e-13, 4.415966e-12
118.400000, -3.218615e-12, -5.291176e-13, -5.290817e-13, 3.881806e-12
118.500000, -2.684139e-12, -4.048961e-13, -4.048601e-13, 3.862648e-12
118.600000, -2.713812e-12, -5.082612e-13, -5.082251e-13, 3.348861e-12
118.700000, -2.204145e-12, -3.857954e-13, -3.857592e-13, 3.351640e-12
118.800000, -2.259651e-12, -4.891259e-13, -4.890896e-13, 2.868421e-12
118.900000, -1.784572e-12, -3.681012e-13, -3.680648e-13, 2.902491e-12
119.000000, -1.874367e-12, -4.710859e-13, -4.710494e-13, 2.457547e-12
119.100000, -1.440061e-12, -3.512036e-13, -3.511671e-13, 2.528556e-12
119.200000, -1.568706e-12, -4.536276e-13, -4.535911e-13, 2.126337e-12
119.300000, -1.178586e-12, -3.347084e-13, -3.346719e-13, 2.237525e-12
119.400000, -1.347952e-12, -4.363996e-13, -4.363631e-13, 1.879494e-12
119.500000, -1.002734e-12, -3.182886e-13, -3.182522e-13, 2.031431e-12
119.600000, -1.213361e-12, -4.191231e-13, -4.190868e-13, 1.717268e-12
119.700000, -9.125301e-13, -3.016575e-13, -3.016213e-13, 1.908396e-12
119.800000, -1.161970e-12, -4.014982e-13, -4.014621e-13, 1.635324e-12
119.900000, -9.019468e-13, -2.845944e-13, -2.845585e-13, 1.861773e-12
120.000000, -1.185780e-12, -3.834323e-13, -3.833966e-13, 1.625434e-12
120.100000, -9.608918e-13, -2.671035e-13, -2.670680e-13, 1.882313e-12
120.200000, -1.272580e-12, -3.650275e-13, -3.649924e-13, 1.676611e-12
120.300000, -1.076363e-12, -2.493720e-13, -2.493371e-13, 1.957408e-12
120.400000, -1.410016e-12, -3.464257e-13, -3.463911e-13, 1.776052e-12
120.500000, -1.235792e-12, -2.314766e-13, -2.314423e-13, 2.074482e-12
120.600000, -1.583716e-12, -3.278161e-13, -3.277822e-13, 1.910621e-12
120.700000, -1.423681e-12, -2.137034e-13, -2.136699e-13, 2.219227e-12
120.800000, -1.778650e-12, -3.093631e-13, -3.093300e-13, 2.065409e-12
120.900000, -1.625975e-12, -1.961352e-13, -1.961026e-13, 2.377436e-12
121.000000, -1.980984e-12, -2.912683e-13, -2.912362e-13, 2.227550e-12
121.100000, -1.828398e-12, -1.790732e-13, -1.790415e-13, 2.537188e-12
121.200000, -2.176746e-12, -2.737832e-13, -2.737521e-13, 2.385242e-12
121.300000, -2.018547e-12, -1.627128e-13, -1.626823e-13, 2.686872e-12
121.400000, -2.355378e-12, -2.571225e-13, -2.570925e-13, 2.527963e-12
121.500000, -2.187105e-12, -1.472545e-13, -1.472250e-13, 2.817014e-12
121.600000, -2.507903e-12, -2.414846e-13, -2.414557e-13, 2.647065e-12
121.700000, -2.325338e-12, -1.329673e-13, -1.329390e-13, 2.920619e-12
121.800000, -2.627109e-12, -2.270976e-13, -2.270700e-13, 2.737353e-12
121.900000, -2.428270e-12, -1.199839e-13, -1.199570e-13, 2.993304e-12
122.000000, -2.709576e-12, -2.141327e-13, -2.141064e-13, 2.795161e-12
122.100000, -2.493370e-12, -1.084981e-13, -1.084725e-13, 3.032425e-12
122.200000, -2.753948e-12, -2.026978e-13, -2.026729e-13, 2.818543e-12
122.300000, -2.520422e-12, -9.854443e-14, -9.852014e-14, 3.037012e-12
122.400000, -2.760280e-12, -1.928266e-13, -1.928030e-13, 2.807754e-12
122.500000, -2.510121e-12, -9.018690e-14, -9.016404e-14, 3.007964e-12
122.600000, -2.730629e-12, -1.845875e-13, -1.845654e-13, 2.764258e-12
122.700000, -2.465430e-12, -8.343252e-14, -8.341118e-14, 2.947716e-12
122.800000, -2.668174e-12, -1.779167e-13, -1.778961e-13, 2.691358e-12
122.900000, -2.389676e-12, -7.823330e-14, -7.821350e-14, 2.859805e-12
123.000000, -2.577077e-12, -1.727580e-13, -1.727390e-13, 2.592780e-12
123.100000, -2.287693e-12, -7.446245e-14, -7.444426e-14, 2.748878e-12
123.200000, -2.462268e-12, -1.689339e-13, -1.689165e-13, 2.473748e-12
123.300000, -2.164965e-12, -7.188658e-14, -7.187003e-14, 2.619884e-12
123.400000, -2.329459e-12, -1.662350e-13, -1.662193e-13, 2.339418e-12
123.500000, -2.026841e-12, -7.039410e-14, -7.037922e-14, 2.478361e-12
123.600000, -2.184318e-12, -1.645497e-13, -1.645357e-13, 2.194904e-12
123.700000, -1.879417e-12, -6.982579e-14, -6.981260e-14, 2.329140e-12
123.800000, -2.032713e-12, -1.637143e-13, -1.637020e-13, 2.045427e-12
123.900000, -1.727990e-12, -7.003979e-14, -7.002834e-14, 2.177566e-12
124.000000, -1.879156e-12, -1.636345e-13, -1.636239e-13, 1.895760e-12
124.100000, -1.576659e-12, -7.096824e-14, -7.095854e-14, 2.027848e-12
124.200000, -1.727922e-12, -1.642285e-13, -1.642197e-13, 1.749903e-12
124.300000, -1.429781e-12, -7.250445e-14, -7.249650e-14, 1.883656e-12
124.400000, -1.583235e-12, -1.653469e-13, -1.653399e-13, 1.611079e-12
124.500000, -1.291471e-12, -7.446015e-14, -7.445401e-14, 1.747963e-12
124.600000, -1.448723e-12, -1.667810e-13, -1.667756e-13, 1.482179e-12
124.700000, -1.164237e-12, -7.663629e-14, -7.663182e-14, 1.623432e-12
124.800000, -1.325827e-12, -1.684284e-13, -1.684248e-13, 1.365263e-12
124.900000, -1.049136e-12, -7.900622e-14, -7.900350e-14, 1.511512e-12
125.000000, -1.215806e-12, -1.701751e-13, -1.701733e-13, 1.261324e-12
125.100000, -9.475476e-13, -8.140315e-14, -8.140223e-14, 1.412771e-12
125.200000, -1.119502e-12, -1.719435e-13, -1.719435e-13, 1.170901e-12
125.300000, -8.596305e-13, -8.376547e-14, -8.376628e-14, 1.327774e-12
125.400000, -1.036966e-12, -1.736145e-13, -1.736162e-13, 1.094066e-12
125.500000, -7.853330e-13, -8.598109e-14, -8.598354e-14, 1.256109e-12
125.600000, -9.676027e-13, -1.751220e-13, -1.751253e-13, 1.029932e-12
125.700000, -7.235761e-13, -8.801514e-14, -8.801937e-14, 1.196362e-12
125.800000, -9.101594e-13, -1.764188e-13, -1.764239e-13, 9.769951e-13
125.900000, -6.732937e-13, -8.978255e-14, -8.978851e-14, 1.147076e-12
126.000000, -8.635219e-13, -1.774248e-13, -1.774316e-13, 9.337751e-13
126.100000, -6.328343e-13, -9.126521e-14, -9.127285e-14, 1.106753e-12
126.200000, -8.256506e-13, -1.781895e-13, -1.781980e-13, 8.986424e-13
126.300000, -6.000008e-13, -9.253604e-14, -9.254540e-14, 1.073498e-12
126.400000, -7.944386e-13, -1.787590e-13, -1.787692e-13, 8.695069e-13
126.500000, -5.728157e-13, -9.359842e-14, -9.360945e-14, 1.045496e-12
126.600000, -7.679514e-13, -1.791127e-13, -1.791246e-13, 8.449687e-13
126.700000, -5.496426e-13, -9.444644e-14, -9.445913e-14, 1.021151e-12
126.800000, -7.446425e-13, -1.792701e-13, -1.792836e-13, 8.230384e-13
126.900000, -5.285603e-13, -9.512456e-14, -9.513888e-14, 9.984483e-13
127.000000, -7.223764e-13, -1.792992e-13, -1.793144e-13, 8.019389e-13
127.100000, -5.076262e-13, -9.569483e-14, -9.571079e-14, 9.761659e-13
127.200000, -6.997907e-13, -1.792459e-13, -1.792626e-13, 7.807165e-13
127.300000, -4.860493e-13, -9.618886e-14, -9.620643e-14, 9.530791e-13
127.400000, -6.761458e-13, -1.791344e-13, -1.791527e-13, 7.582349e-13
127.500000, -4.629294e-13, -9.664630e-14, -9.666543e-14, 9.282598e-13
127.600000, -6.503652e-13, -1.790170e-13, -1.790369e-13, 7.333940e-13
127.700000, -4.371470e-13, -9.711290e-14, -9.713355e-14, 9.007471e-13
127.800000, -6.217671e-13, -1.789301e-13, -1.789515e-13, 7.056951e-13
127.900000, -4.084738e-13, -9.760741e-14, -9.762956e-14, 8.702395e-13
128.000000, -5.903234e-13, -1.788579e-13, -1.788807e-13, 6.749449e-13
128.100000, -3.769394e-13, -9.810032e-14, -9.812394e-14, 8.367061e-13
128.200000, -5.559307e-13, -1.787796e-13, -1.788038e-13, 6.412506e-13
128.300000, -3.426284e-13, -9.856172e-14, -9.858664e-14, 8.004155e-13
128.400000, -5.188830e-13, -1.786457e-13, -1.786714e-13, 6.049693e-13
128.500000, -3.056057e-13, -9.893462e-14, -9.896091e-14, 7.616472e-13
128.600000, -4.793856e-13, -1.784022e-13, -1.784291e-13, 5.663279e-13
128.700000, -2.664656e-13, -9.916856e-14, -9.919609e-14, 7.208299e-13
128.800000, -4.380497e-13, -1.779991e-13, -1.780273e-13, 5.259815e-13
128.900000, -2.259439e-13, -9.921694e-14, -9.924572e-14, 6.786386e-13
129.000000, -3.958770e-13, -1.774079e-13, -1.774373e-13, 4.845911e-13
129.100000, -1.848313e-13, -9.907816e-14, -9.910809e-14, 6.357393e-13
129.200000, -3.533443e-13, -1.766218e-13, -1.766523e-13, 4.427453e-13
129.300000, -1.437221e-13, -9.870264e-14, -9.873375e-14, 5.927672e-13
129.400000, -3.112161e-13, -1.755812e-13, -1.756129e-13, 4.011823e-13
129.500000, -1.033510e-13, -9.809392e-14, -9.812603e-14, 5.503213e-13
129.600000, -2.701335e-13, -1.743410e-13, -1.743737e-13, 3.604423e-13
129.700000, -6.439396e-14, -9.727673e-14, -9.730987e-14, 5.090090e-13
129.800000, -2.309495e-13, -1.728915e-13, -1.729252e-13, 3.211101e-13
129.900000, -2.771876e-14, -9.625802e-14, -9.629217e-14, 4.694393e-13
130.000000, -1.942202e-13, -1.712499e-13, -1.712845e-13, 2.838067e-13
130.100000, 6.389444e-15, -9.503913e-14, -9.507419e-14, 4.321144e-13
130.200000, -1.602469e-13, -1.694029e-13, -1.694384e-13, 2.488692e-13
130.300000, 3.758071e-14, -9.360487e-14, -9.364077e-14, 3.973901e-13
130.400000, -1.294060e-13, -1.673584e-13, -1.673948e-13, 2.167448e-13
130.500000, 6.554788e-14, -9.201358e-14, -9.205027e-14, 3.655465e-13
130.600000, -1.018048e-13, -1.651954e-13, -1.652325e-13, 1.876163e-13
130.700000, 9.022886e-14, -9.029930e-14, -9.033669e-14, 3.368289e-13
130.800000, -7.765214e-14, -1.629124e-13, -1.629501e-13, 1.615290e-13
130.900000, 1.113002e-13, -8.846594e-14, -8.850400e-14, 3.111156e-13
131.000000, -5.710032e-14, -1.605213e-13, -1.605596e-13, 1.384432e-13
131.100000, 1.289430e-13, -8.652762e-14, -8.656623e-14, 2.883904e-13
131.200000, -3.980816e-14, -1.580220e-13, -1.580609e-13, 1.182835e-13
131.300000, 1.435318e-13, -8.448005e-14, -8.451920e-14, 2.684577e-13
131.400000, -2.555219e-14, -1.554366e-13, -1.554759e-13, 1.008891e-13
131.500000, 1.549972e-13, -8.235328e-14, -8.239284e-14, 2.513508e-13
131.600000, -1.433465e-14, -1.527881e-13, -1.528278e-13, 8.618646e-14
131.700000, 1.636534e-13, -8.016910e-14, -8.020895e-14, 2.367676e-13
131.800000, -5.751556e-15, -1.500769e-13, -1.501169e-13, 7.380206e-14
131.900000, 1.699112e-13, -7.790981e-14, -7.794990e-14, 2.242884e-13
132.000000, 6.730244e-16, -1.472891e-13, -1.473293e-13, 6.339762e-14
132.100000, 1.741260e-13, -7.556163e-14, -7.560188e-14, 2.137076e-13
132.200000, 5.120004e-15, -1.444077e-13, -1.444480e-13, 5.474009e-14
132.300000, 1.765400e-13, -7.312445e-14, -7.316478e-14, 2.047347e-13
132.400000, 7.891825e-15, -1.414562e-13, -1.414966e-13, 4.753650e-14
132.500000, 1.773354e-13, -7.061045e-14, -7.065074e-14, 1.971065e-13
132.600000, 9.104168e-15, -1.384205e-13, -1.384607e-13, 4.153658e-14
132.700000, 1.767552e-13, -6.799901e-14, -6.803927e-14, 1.905143e-13
132.800000, 9.162959e-15, -1.352840e-13, -1.353243e-13, 3.638505e-14
132.900000, 1.752136e-13, -6.528967e-14, -6.532983e-14, 1.845934e-13
133.000000, 8.384495e-15, -1.320664e-13, -1.321064e-13, 3.180804e-14
133.100000, 1.729379e-13, -6.250296e-14, -6.254295e-14, 1.792364e-13
133.200000, 6.930760e-15, -1.287818e-13, -1.288218e-13, 2.766311e-14
133.300000, 1.701233e-13, -5.966096e-14, -5.970082e-14, 1.741260e-13
133.400000, 5.139242e-15, -1.254546e-13, -1.254944e-13, 2.367332e-14
133.500000, 1.671429e-13, -5.676954e-14, -5.680923e-14, 1.692556e-13
133.600000, 3.210190e-15, -1.220809e-13, -1.221205e-13, 1.993888e-14
133.700000, 1.640734e-13, -5.383726e-14, -5.387681e-14, 1.645676e-13
133.800000, 1.238700e-15, -1.186843e-13, -1.187238e-13, 1.629373e-14
133.900000, 1.609060e-13, -5.088850e-14, -5.092777e-14, 1.598594e-13
134.000000, -9.089372e-16, -1.152721e-13, -1.153113e-13, 1.261215e-14
134.100000, 1.576081e-13, -4.792951e-14, -4.796857e-14, 1.551876e-13
134.200000, -3.122201e-15, -1.118786e-13, -1.119176e-13, 8.916417e-15
134.300000, 1.543082e-13, -4.499696e-14, -4.503585e-14, 1.505083e-13
134.400000, -5.296395e-15, -1.085170e-13, -1.085558e-13, 5.343316e-15
134.500000, 1.510781e-13, -4.210389e-14, -4.214247e-14, 1.460914e-13
134.600000, -7.436819e-15, -1.052078e-13, -1.052462e-13, 2.060540e-15
134.700000, 1.478832e-13, -3.926829e-14, -3.930661e-14, 1.419645e-13
134.800000, -9.551548e-15, -1.019631e-13, -1.020013e-13, -9.108762e-16
134.900000, 1.446785e-13, -3.649438e-14, -3.653232e-14, 1.382268e-13
135.000000, -1.175790e-14, -9.878872e-14, -9.882657e-14, -3.474614e-15
135.100000, 1.413192e-13, -3.379441e-14, -3.383207e-14, 1.349142e-13
135.200000, -1.411260e-14, -9.569477e-14, -9.573225e-14, -5.626331e-15
135.300000, 1.378191e-13, -3.117078e-14, -3.120806e-14, 1.319650e-13
135.400000, -1.666428e-14, -9.268372e-14, -9.272080e-14, -7.414555e-15
135.500000, 1.341187e-13, -2.863286e-14, -2.866971e-14, 1.294314e-13
135.600000, -1.946551e-14, -8.976378e-14, -8.980037e-14, -8.746351e-15
135.700000, 1.301126e-13, -2.618665e-14, -2.622301e-14, 1.273970e-13
135.800000, -2.259609e-14, -8.694296e-14, -8.697915e-14, -9.604197e-15
135.900000, 1.258012e-13, -2.383986e-14, -2.387580e-14, 1.258039e-13
136.000000, -2.600637e-14, -8.422080e-14, -8.425646e-14, -1.001807e-14
136.100000, 1.212058e-13, -2.158135e-14, -2.161682e-14, 1.246970e-13
136.200000, -2.977532e-14, -8.158340e-14, -8.161859e-14, -9.957613e-15
136.300000, 1.162428e-13, -1.939323e-14, -1.942824e-14, 1.240897e-13
136.400000, -3.392060e-14, -7.901069e-14, -7.904545e-14, -9.405902e-15
136.500000, 1.108988e-13, -1.726361e-14, -1.729813e-14, 1.239467e-13
136.600000, -3.842359e-14, -7.649850e-14, -7.653281e-14, -8.381201e-15
136.700000, 1.052825e-13, -1.519736e-14, -1.523145e-14, 1.242513e-13
136.800000, -4.312596e-14, -7.406475e-14, -7.409862e-14, -6.987494e-15
136.900000, 9.944168e-14, -1.320785e-14, -1.324150e-14, 1.249195e-13
137.000000, -4.812590e-14, -7.170058e-14, -7.173404e-14, -5.241484e-15
137.100000, 9.332517e-14, -1.127958e-14, -1.131281e-14, 1.259218e-13
137.200000, -5.333336e-14, -6.939620e-14, -6.942922e-14, -3.190689e-15
137.300000, 8.706561e-14, -9.401614e-15, -9.434487e-15, 1.271824e-13
137.400000, -5.866703e-14, -6.714681e-14, -6.717945e-14, -9.649513e-16
137.500000, 8.074937e-14, -7.582342e-15, -7.614844e-15, 1.285806e-13
137.600000, -6.400800e-14, -6.495767e-14, -6.499005e-14, 1.366856e-15
137.700000, 7.448057e-14, -5.824740e-15, -5.856860e-15, 1.300620e-13
137.800000, -6.925213e-14, -6.284366e-14, -6.287564e-14, 3.714863e-15
137.900000, 6.833027e-14, -4.139638e-15, -4.171485e-15, 1.315369e-13
138.000000, -7.438656e-14, -6.080263e-14, -6.083432e-14, 6.098149e-15
138.100000, 6.233532e-14, -2.530318e-15, -2.561870e-15, 1.330398e-13
138.200000, -7.931057e-14, -5.884511e-14, -5.887650e-14, 8.432677e-15
138.300000, 5.657920e-14, -9.989453e-16, -1.030241e-15, 1.344295e-13
138.400000, -8.398387e-14, -5.696375e-14, -5.699485e-14, 1.058722e-14
138.500000, 5.112059e-14, 4.612267e-16, 4.302917e-16, 1.356394e-13
138.600000, -8.832335e-14, -5.515885e-14, -5.518973e-14, 1.254109e-14
138.700000, 4.603843e-14, 1.841932e-15, 1.811165e-15, 1.365973e-13
138.800000, -9.225452e-14, -5.344004e-14, -5.347067e-14, 1.418747e-14
138.900000, 4.143540e-14, 3.136328e-15, 3.105850e-15, 1.372378e-13
139.000000, -9.570945e-14, -5.180722e-14, -5.183763e-14, 1.551356e-14
139.100000, 3.729097e-14, 4.354816e-15, 4.324502e-15, 1.375789e-13
139.200000, -9.866644e-14, -5.024626e-14, -5.027647e-14, 1.655449e-14
139.300000, 3.366336e-14, 5.510668e-15, 5.480628e-15, 1.376352e-13
139.400000, -1.011722e-13, -4.874915e-14, -4.877916e-14, 1.727220e-14
139.500000, 3.048181e-14, 6.598300e-15, 6.568416e-15, 1.373337e-13
139.600000, -1.032049e-13, -4.732577e-14, -4.735558e-14, 1.761104e-14
139.700000, 2.778918e-14, 7.622736e-15, 7.592998e-15, 1.366761e-13
139.800000, -1.047728e-13, -4.596188e-14, -4.599151e-14, 1.759423e-14
139.900000, 2.553907e-14, 8.589979e-15, 8.560446e-15, 1.356821e-13
140.000000, -1.059016e-13, -4.465698e-14, -4.468650e-14, 1.727219e-14
140.100000, 2.373953e-14, 9.503712e-15, 9.474274e-15, 1.344177e-13
140.200000, -1.065911e-13, -4.340563e-14, -4.343501e-14, 1.667892e-14
140.300000, 2.237074e-14, 1.036806e-14, 1.033874e-14, 1.328689e-13
140.400000, -1.069272e-13, -4.220258e-14, -4.223184e-14, 1.579294e-14
140.500000, 2.130258e-14, 1.119029e-14, 1.116111e-14, 1.310681e-13
140.600000, -1.069946e-13, -4.104359e-14, -4.107271e-14, 1.467764e-14
140.700000, 2.048438e-14, 1.197020e-14, 1.194113e-14, 1.290516e-13
140.800000, -1.068071e-13, -3.992979e-14, -3.995871e-14, 1.335704e-14
140.900000, 1.993075e-14, 1.270943e-14, 1.268058e-14, 1.268718e-13
141.000000, -1.063854e-13, -3.885730e-14, -3.888604e-14, 1.191334e-14
141.100000, 1.960547e-14, 1.340895e-14, 1.338039e-14, 1.245876e-13
141.200000, -1.057622e-13, -3.782720e-14, -3.785567e-14, 1.036216e-14
141.300000, 1.945639e-14, 1.406876e-14, 1.404037e-14, 1.222313e-13
141.400000, -1.049688e-13, -3.684115e-14, -3.686934e-14, 8.753760e-15
141.500000, 1.948704e-14, 1.468373e-14, 1.465563e-14, 1.198328e-13
141.600000, -1.040291e-13, -3.590171e-14, -3.592959e-14, 7.114266e-15
141.700000, 1.963863e-14, 1.525762e-14, 1.522995e-14, 1.174253e-13
141.800000, -1.029884e-13, -3.500521e-14, -3.503271e-14, 5.479889e-15
141.900000, 1.988934e-14, 1.578966e-14, 1.576237e-14, 1.150471e-13
142.000000, -1.018631e-13, -3.415521e-14, -3.418227e-14, 3.877148e-15
142.100000, 2.022006e-14, 1.627348e-14, 1.624663e-14, 1.126973e-13
142.200000, -1.006885e-13, -3.335973e-14, -3.338638e-14, 2.295566e-15
142.300000, 2.058795e-14, 1.670270e-14, 1.667626e-14, 1.103866e-13
142.400000, -9.947619e-14, -3.262140e-14, -3.264760e-14, 7.496544e-16
142.500000, 2.101113e-14, 1.707757e-14, 1.705161e-14, 1.081204e-13
142.600000, -9.820733e-14, -3.193820e-14, -3.196392e-14, -7.412142e-16
142.700000, 2.148186e-14, 1.740261e-14, 1.737715e-14, 1.059216e-13
142.800000, -9.690354e-14, -3.130566e-14, -3.133093e-14, -2.182449e-15
142.900000, 2.201167e-14, 1.767870e-14, 1.765364e-14, 1.037536e-13
143.000000, -9.554876e-14, -3.072292e-14, -3.074772e-14, -3.598743e-15
143.100000, 2.258383e-14, 1.791099e-14, 1.788636e-14, 1.016313e-13
143.200000, -9.415246e-14, -3.018287e-14, -3.020727e-14, -4.967800e-15
143.300000, 2.320351e-14, 1.810514e-14, 1.808091e-14, 9.956254e-14
143.400000, -9.272138e-14, -2.968031e-14, -2.970433e-14, -6.295136e-15
143.500000, 2.386006e-14, 1.826671e-14, 1.824290e-14, 9.753104e-14
143.600000, -9.126500e-14, -2.921057e-14, -2.923417e-14, -7.582552e-15
143.700000, 2.453702e-14, 1.839999e-14, 1.837660e-14, 9.556461e-14
143.800000, -8.980467e-14, -2.876849e-14, -2.879176e-14, -8.814227e-15
143.900000, 2.521590e-14, 1.850941e-14, 1.848632e-14, 9.363902e-14
144.000000, -8.834456e-14, -2.835247e-14, -2.837541e-14, -1.001988e-14
144.100000, 2.590477e-14, 1.859624e-14, 1.857349e-14, 9.173727e-14
144.200000, -8.688159e-14, -2.795764e-14, -2.798022e-14, -1.121325e-14
144.300000, 2.660230e-14, 1.866599e-14, 1.864352e-14, 8.984145e-14
144.400000, -8.540808e-14, -2.758108e-14, -2.760339e-14, -1.240928e-14
144.500000, 2.731574e-14, 1.872160e-14, 1.869940e-14, 8.795453e-14
144.600000, -8.392343e-14, -2.721923e-14, -2.724127e-14, -1.359018e-14
144.700000, 2.803982e-14, 1.876545e-14, 1.874357e-14, 8.610224e-14
144.800000, -8.244800e-14, -2.686909e-14, -2.689086e-14, -1.474299e-14
144.900000, 2.875544e-14, 1.880112e-14, 1.877945e-14, 8.426367e-14
145.000000, -8.098664e-14, -2.652911e-14, -2.655062e-14, -1.589395e-14
145.100000, 2.947058e-14, 1.882951e-14, 1.880813e-14, 8.243363e-14
145.200000, -7.951484e-14, -2.619730e-14, -2.621855e-14, -1.704489e-14
145.300000, 3.019855e-14, 1.885178e-14, 1.883070e-14, 8.060851e-14
145.400000, -7.804539e-14, -2.587388e-14, -2.589483e-14, -1.818677e-14
145.500000, 3.093107e-14, 1.886903e-14, 1.884820e-14, 7.880808e-14
145.600000, -7.656825e-14, -2.555626e-14, -2.557694e-14, -1.930603e-14
145.700000, 3.167397e-14, 1.888190e-14, 1.886134e-14, 7.703078e-14
145.800000, -7.510023e-14, -2.524563e-14, -2.526606e-14, -2.040709e-14
145.900000, 3.240220e-14, 1.888944e-14, 1.886915e-14, 7.527630e-14
146.000000, -7.365609e-14, -2.494221e-14, -2.496236e-14, -2.148285e-14
146.100000, 3.311479e-14, 1.889145e-14, 1.887145e-14, 7.355885e-14
146.200000, -7.222076e-14, -2.464689e-14, -2.466675e-14, -2.253225e-14
146.300000, 3.382266e-14, 1.888742e-14, 1.886768e-14, 7.186885e-14
146.400000, -7.081057e-14, -2.435945e-14, -2.437906e-14, -2.355011e-14
146.500000, 3.450196e-14, 1.887742e-14, 1.885803e-14, 7.021986e-14
146.600000, -6.942738e-14, -2.407979e-14, -2.409907e-14, -2.452422e-14
146.700000, 3.516383e-14, 1.886184e-14, 1.884270e-14, 6.863088e-14
146.800000, -6.806969e-14, -2.380707e-14, -2.382604e-14, -2.544022e-14
146.900000, 3.579612e-14, 1.884204e-14, 1.882323e-14, 6.709780e-14
147.000000, -6.675590e-14, -2.353949e-14, -2.355810e-14, -2.630885e-14
147.100000, 3.638277e-14, 1.881952e-14, 1.880103e-14, 6.561598e-14
147.200000, -6.549309e-14, -2.327663e-14, -2.329496e-14, -2.712836e-14
147.300000, 3.692408e-14, 1.879385e-14, 1.877570e-14, 6.419343e-14
147.400000, -6.428301e-14, -2.301880e-14, -2.303679e-14, -2.789103e-14
147.500000, 3.741630e-14, 1.876476e-14, 1.874695e-14, 6.283285e-14
147.600000, -6.312466e-14, -2.276633e-14, -2.278400e-14, -2.859012e-14
147.700000, 3.785990e-14, 1.873278e-14, 1.871535e-14, 6.153663e-14
147.800000, -6.202007e-14, -2.251786e-14, -2.253512e-14, -2.923822e-14
147.900000, 3.825241e-14, 1.869882e-14, 1.868173e-14, 6.029304e-14
148.000000, -6.097301e-14, -2.227329e-14, -2.229020e-14, -2.983909e-14
148.100000, 3.859372e-14, 1.866282e-14, 1.864607e-14, 5.909908e-14
148.200000, -5.997744e-14, -2.203192e-14, -2.204851e-14, -3.039469e-14
148.300000, 3.888888e-14, 1.862623e-14, 1.860981e-14, 5.795357e-14
148.400000, -5.903621e-14, -2.179228e-14, -2.180856e-14, -3.090711e-14
148.500000, 3.913760e-14, 1.858994e-14, 1.857384e-14, 5.685172e-14
148.600000, -5.813372e-14, -2.155435e-14, -2.157027e-14, -3.138150e-14
148.700000, 3.935507e-14, 1.855356e-14, 1.853776e-14, 5.579676e-14
148.800000, -5.727100e-14, -2.131809e-14, -2.133373e-14, -3.181056e-14
148.900000, 3.953718e-14, 1.851735e-14, 1.850178e-14, 5.478532e-14
149.000000, -5.645095e-14, -2.108354e-14, -2.109897e-14, -3.220130e-14
149.100000, 3.967633e-14, 1.848113e-14, 1.846582e-14, 5.381926e-14
149.200000, -5.567476e-14, -2.085042e-14, -2.086562e-14, -3.255489e-14
149.300000, 3.978230e-14, 1.844528e-14, 1.843022e-14, 5.289000e-14
149.400000, -5.493246e-14, -2.061858e-14, -2.063357e-14, -3.287433e-14
149.500000, 3.985924e-14, 1.840993e-14, 1.839501e-14, 5.199837e-14
149.600000, -5.422270e-14, -2.038815e-14, -2.040295e-14, -3.316283e-14
149.700000, 3.990928e-14, 1.837464e-14, 1.835992e-14, 5.113870e-14
149.800000, -5.354313e-14, -2.015945e-14, -2.017412e-14, -3.342353e-14
149.900000, 3.993064e-14, 1.833894e-14, 1.832437e-14, 5.031147e-14
150.000000, -5.289574e-14, -1.993330e-14, -1.994780e-14, -3.365695e-14
150.100000, 3.993020e-14, 1.830219e-14, 1.828776e-14, 4.951021e-14
150.200000, -5.226975e-14, -1.970954e-14, -1.972394e-14, -3.387308e-14
150.300000, 3.991092e-14, 1.826516e-14, 1.825083e-14, 4.872930e-14
150.400000, -5.166888e-14, -1.948734e-14, -1.950160e-14, -3.406814e-14
150.500000, 3.987306e-14, 1.822853e-14, 1.821427e-14, 4.797886e-14
150.600000, -5.108802e-14, -1.926620e-14, -1.928040e-14, -3.423656e-14
150.700000, 3.981915e-14, 1.819243e-14, 1.817827e-14, 4.725158e-14
150.800000, -5.052615e-14, -1.904607e-14, -1.906025e-14, -3.439196e-14
150.900000, 3.975073e-14, 1.815700e-14, 1.814290e-14, 4.654050e-14
151.000000, -4.998370e-14, -1.882675e-14, -1.884086e-14, -3.453142e-14
151.100000, 3.966788e-14, 1.812242e-14, 1.810835e-14, 4.585137e-14
151.200000, -4.945731e-14, -1.860825e-14, -1.862235e-14, -3.465230e-14
151.300000, 3.957301e-14, 1.808859e-14, 1.807452e-14, 4.518336e-14
151.400000, -4.894933e-14, -1.839060e-14, -1.840466e-14, -3.475761e-14
151.500000, 3.946121e-14, 1.805545e-14, 1.804138e-14, 4.453401e-14
151.600000, -4.846230e-14, -1.817373e-14, -1.818782e-14, -3.484574e-14
151.700000, 3.933220e-14, 1.802299e-14, 1.800890e-14, 4.390628e-14
151.800000, -4.799670e-14, -1.795786e-14, -1.797193e-14, -3.491772e-14
151.900000, 3.918466e-14, 1.799102e-14, 1.797689e-14, 4.329509e-14
152.000000, -4.755354e-14, -1.774299e-14, -1.775713e-14, -3.497737e-14
152.100000, 3.902036e-14, 1.795979e-14, 1.794562e-14, 4.270195e-14
152.200000, -4.712885e-14, -1.752874e-14, -1.754293e-14, -3.502022e-14
152.300000, 3.884303e-14, 1.792933e-14, 1.791511e-14, 4.212748e-14
152.400000, -4.671999e-14, -1.731553e-14, -1.732976e-14, -3.504872e-14
152.500000, 3.865259e-14, 1.789914e-14, 1.788485e-14, 4.157250e-14
152.600000, -4.632836e-14, -1.710364e-14, -1.711795e-14, -3.506193e-14
152.700000, 3.844727e-14, 1.786907e-14, 1.785477e-14, 4.103492e-14
152.800000, -4.595574e-14, -1.689298e-14, -1.690734e-14, -3.506018e-14
152.900000, 3.822872e-14, 1.783931e-14, 1.782491e-14, 4.051543e-14
153.000000, -4.559869e-14, -1.668367e-14, -1.669806e-14, -3.504415e-14
153.100000, 3.799878e-14, 1.780947e-14, 1.779508e-14, 4.001430e-14
153.200000, -4.525623e-14, -1.647588e-14, -1.649027e-14, -3.501349e-14
153.300000, 3.775784e-14, 1.777959e-14, 1.776516e-14, 3.952878e-14
153.400000, -4.492586e-14, -1.626975e-14, -1.628420e-14, -3.497144e-14
153.500000, 3.751097e-14, 1.774913e-14, 1.773466e-14, 3.905754e-14
153.600000, -4.460498e-14, -1.606593e-14, -1.608041e-14, -3.491959e-14
153.700000, 3.725821e-14, 1.771769e-14, 1.770321e-14, 3.859892e-14
153.800000, -4.429341e-14, -1.586455e-14, -1.587902e-14, -3.485683e-14
153.900000, 3.699830e-14, 1.768518e-14, 1.767073e-14, 3.815594e-14
154.000000, -4.399270e-14, -1.566562e-14, -1.568008e-14, -3.478218e-14
154.100000, 3.673234e-14, 1.765170e-14, 1.763724e-14, 3.772773e-14
154.200000, -4.370081e-14, -1.546913e-14, -1.548361e-14, -3.469655e-14
154.300000, 3.646052e-14, 1.761707e-14, 1.760260e-14, 3.731111e-14
154.400000, -4.341852e-14, -1.527525e-14, -1.528976e-14, -3.460298e-14
154.500000, 3.618237e-14, 1.758115e-14, 1.756667e-14, 3.690580e-14
154.600000, -4.314524e-14, -1.508398e-14, -1.509847e-14, -3.450261e-14
154.700000, 3.589944e-14, 1.754414e-14, 1.752963e-14, 3.650962e-14
154.800000, -4.287965e-14, -1.489515e-14, -1.490972e-14, -3.439584e-14
154.900000, 3.561309e-14, 1.750591e-14, 1.749134e-14, 3.612308e-14
155.000000, -4.261961e-14, -1.470893e-14, -1.472357e-14, -3.428278e-14
155.100000, 3.532489e-14, 1.746641e-14, 1.745170e-14, 3.574487e-14
155.200000, -4.236479e-14, -1.452545e-14, -1.454022e-14, -3.416432e-14
155.300000, 3.503462e-14, 1.742547e-14, 1.741064e-14, 3.537629e-14
155.400000, -4.211562e-14, -1.434470e-14, -1.435964e-14, -3.403991e-14
155.500000, 3.474252e-14, 1.738313e-14, 1.736810e-14, 3.501490e-14
155.600000, -4.187045e-14, -1.416679e-14, -1.418190e-14, -3.391165e-14
155.700000, 3.445009e-14, 1.733918e-14, 1.732395e-14, 3.466050e-14
155.800000, -4.162813e-14, -1.399171e-14, -1.400705e-14, -3.377927e-14
155.900000, 3.415879e-14, 1.729356e-14, 1.727809e-14, 3.431297e-14
156.000000, -4.138719e-14, -1.381981e-14, -1.383539e-14, -3.364352e-14
156.100000, 3.386972e-14, 1.724601e-14, 1.723030e-14, 3.397145e-14
156.200000, -4.114749e-14, -1.365123e-14, -1.366712e-14, -3.350449e-14
156.300000, 3.358259e-14, 1.719627e-14, 1.718029e-14, 3.363587e-14
156.400000, -4.090832e-14, -1.348628e-14, -1.350240e-14, -3.336245e-14
156.500000, 3.329879e-14, 1.714421e-14, 1.712794e-14, 3.330726e-14
156.600000, -4.066829e-14, -1.332486e-14, -1.334125e-14, -3.321527e-14
156.700000, 3.301893e-14, 1.708981e-14, 1.707330e-14, 3.298628e-14
156.800000, -4.042756e-14, -1.316708e-14, -1.318371e-14, -3.306406e-14
156.900000, 3.274296e-14, 1.703304e-14, 1.701630e-14, 3.267171e-14
157.000000, -4.018604e-14, -1.301291e-14, -1.302978e-14, -3.290941e-14
157.100000, 3.247065e-14, 1.697384e-14, 1.695690e-14, 3.236331e-14
157.200000, -3.994402e-14, -1.286246e-14, -1.287949e-14, -3.275161e-14
157.300000, 3.220170e-14, 1.691219e-14, 1.689512e-14, 3.206075e-14
157.400000, -3.970186e-14, -1.271563e-14, -1.273280e-14, -3.259035e-14
157.500000, 3.193550e-14, 1.684813e-14, 1.683093e-14, 3.176457e-14
157.600000, -3.945974e-14, -1.257246e-14, -1.258971e-14, -3.242593e-14
157.700000, 3.167291e-14, 1.678168e-14, 1.676442e-14, 3.147356e-14
157.800000, -3.921678e-14, -1.243287e-14, -1.245018e-14, -3.225938e-14
157.900000, 3.141397e-14, 1.671283e-14, 1.669555e-14, 3.118731e-14
158.000000, -3.897343e-14, -1.229684e-14, -1.231408e-14, -3.209089e-14
158.100000, 3.115822e-14, 1.664183e-14, 1.662460e-14, 3.090555e-14
158.200000, -3.872974e-14, -1.216403e-14, -1.218121e-14, -3.192061e-14
158.300000, 3.090554e-14, 1.656880e-14, 1.655168e-14, 3.062833e-14
158.400000, -3.848610e-14, -1.203424e-14, -1.205129e-14, -3.174852e-14
158.500000, 3.065568e-14, 1.649399e-14, 1.647706e-14, 3.035512e-14
158.600000, -3.824215e-14, -1.190739e-14, -1.192424e-14, -3.157531e-14
158.700000, 3.040931e-14, 1.641759e-14, 1.640085e-14, 3.008577e-14
158.800000, -3.799766e-14, -1.178331e-14, -1.179991e-14, -3.140083e-14
158.900000, 3.016611e-14, 1.633954e-14, 1.632310e-14, 2.981996e-14
159.000000, -3.775260e-14, -1.166183e-14, -1.167811e-14, -3.122573e-14
159.100000, 2.992657e-14, 1.626014e-14, 1.624402e-14, 2.955714e-14
159.200000, -3.750670e-14, -1.154294e-14, -1.155880e-14, -3.105023e-14
159.300000, 2.969066e-14, 1.617932e-14, 1.616369e-14, 2.929732e-14
159.400000, -3.725983e-14, -1.142645e-14, -1.144188e-14, -3.087428e-14
159.500000, 2.945849e-14, 1.609727e-14, 1.608209e-14, 2.904034e-14
159.600000, -3.701199e-14, -1.131240e-14, -1.132733e-14, -3.069824e-14
159.700000, 2.923005e-14, 1.601381e-14, 1.599917e-14, 2.878583e-14
159.800000, -3.676306e-14, -1.120082e-14, -1.121516e-14, -3.052223e-14
159.900000, 2.900549e-14, 1.592906e-14, 1.591503e-14, 2.853376e-14
160.000000, -3.651311e-14, -1.109171e-14, -1.110543e-14, -3.034633e-14
160.100000, 2.878454e-14, 1.584296e-14, 1.582958e-14, 2.828406e-14
160.200000, -3.626221e-14, -1.098503e-14, -1.099808e-14, -3.017048e-14
160.300000, 2.856726e-14, 1.575546e-14, 1.574275e-14, 2.803667e-14
160.400000, -3.601029e-14, -1.088079e-14, -1.089312e-14, -2.999485e-14
160.500000, 2.835348e-14, 1.566665e-14, 1.565472e-14, 2.779151e-14
160.600000, -3.575756e-14, -1.077898e-14, -1.079056e-14, -2.981931e-14
160.700000, 2.814336e-14, 1.557651e-14, 1.556530e-14, 2.754864e-14
160.800000, -3.550371e-14, -1.067953e-14, -1.069032e-14, -2.964404e-14
160.900000, 2.793693e-14, 1.548513e-14, 1.547472e-14, 2.730786e-14
161.000000, -3.524880e-14, -1.058233e-14, -1.059229e-14, -2.946895e-14
161.100000, 2.773414e-14, 1.539261e-14, 1.538304e-14, 2.706930e-14
161.200000, -3.499290e-14, -1.048733e-14, -1.049648e-14, -2.929403e-14
161.300000, 2.753481e-14, 1.529893e-14, 1.529020e-14, 2.683308e-14
161.400000, -3.473606e-14, -1.039442e-14, -1.040274e-14, -2.911903e-14
161.500000, 2.733895e-14, 1.520427e-14, 1.519642e-14, 2.659916e-14
161.600000, -3.447838e-14, -1.030354e-14, -1.031100e-14, -2.894408e-14
161.700000, 2.714641e-14, 1.510868e-14, 1.510166e-14, 2.636754e-14
161.800000, -3.422002e-14, -1.021462e-14, -1.022121e-14, -2.876910e-14
161.900000, 2.695700e-14, 1.501212e-14, 1.500596e-14, 2.613825e-14
162.000000, -3.396108e-14, -1.012763e-14, -1.013333e-14, -2.859403e-14
162.100000, 2.677058e-14, 1.491479e-14, 1.490951e-14, 2.591142e-14
162.200000, -3.370171e-14, -1.004241e-14, -1.004723e-14, -2.841884e-14
162.300000, 2.658694e-14, 1.481663e-14, 1.481225e-14, 2.568688e-14
162.400000, -3.344210e-14, -9.958970e-15, -9.962899e-15, -2.824355e-14
162.500000, 2.640591e-14, 1.471770e-14, 1.471424e-14, 2.546464e-14
162.600000, -3.318241e-14, -9.877299e-15, -9.880287e-15, -2.806822e-14
162.700000, 2.622730e-14, 1.461811e-14, 1.461561e-14, 2.524470e-14
162.800000, -3.292282e-14, -9.797275e-15, -9.799277e-15, -2.789284e-14
162.900000, 2.605094e-14, 1.451786e-14, 1.451635e-14, 2.502698e-14
163.000000, -3.266346e-14, -9.718809e-15, -9.719786e-15, -2.771735e-14
163.100000, 2.587670e-14, 1.441711e-14, 1.441664e-14, 2.481173e-14
163.200000, -3.240446e-14, -9.641832e-15, -9.641748e-15, -2.754164e-14
163.300000, 2.570430e-14, 1.431586e-14, 1.431648e-14, 2.459871e-14
163.400000, -3.214609e-14, -9.566244e-15, -9.565046e-15, -2.736587e-14
163.500000, 2.553361e-14, 1.421415e-14, 1.421597e-14, 2.438788e-14
163.600000, -3.188836e-14, -9.492025e-15, -9.489600e-15, -2.719000e-14
163.700000, 2.536454e-14, 1.411221e-14, 1.411523e-14, 2.417929e-14
163.800000, -3.163149e-14, -9.419034e-15, -9.415368e-15, -2.701410e-14
163.900000, 2.519683e-14, 1.400993e-14, 1.401423e-14, 2.397289e-14
164.000000, -3.137558e-14, -9.347201e-15, -9.342237e-15, -2.683808e-14
164.100000, 2.503042e-14, 1.390743e-14, 1.391306e-14, 2.376858e-14
164.200000, -3.112071e-14, -9.276484e-15, -9.270188e-15, -2.666210e-14
164.300000, 2.486517e-14, 1.380484e-14, 1.381181e-14, 2.356638e-14
164.400000, -3.086705e-14, -9.206845e-15, -9.199185e-15, -2.648615e-14
164.500000, 2.470101e-14, 1.370210e-14, 1.371046e-14, 2.336619e-14
164.600000, -3.061460e-14, -9.138203e-15, -9.129160e-15, -2.631024e-14
164.700000, 2.453772e-14, 1.359935e-14, 1.360905e-14, 2.316796e-14
164.800000, -3.036354e-14, -9.070453e-15, -9.060072e-15, -2.613444e-14
164.900000, 2.437537e-14, 1.349660e-14, 1.350768e-14, 2.297172e-14
165.000000, -3.011383e-14, -9.003581e-15, -8.991828e-15, -2.595869e-14
165.100000, 2.421381e-14, 1.339401e-14, 1.340640e-14, 2.277740e-14
165.200000, -2.986545e-14, -8.937442e-15, -8.924372e-15, -2.578299e-14
165.300000, 2.405308e-14, 1.329158e-14, 1.330528e-14, 2.258499e-14
165.400000, -2.961852e-14, -8.872045e-15, -8.857701e-15, -2.560743e-14
165.500000, 2.389309e-14, 1.318932e-14, 1.320426e-14, 2.239449e-14
165.600000, -2.937301e-14, -8.807264e-15, -8.791651e-15, -2.543189e-14
165.700000, 2.373383e-14, 1.308733e-14, 1.310354e-14, 2.220587e-14
165.800000, -2.912891e-14, -8.743084e-15, -8.726304e-15, -2.525649e-14
165.900000, 2.357530e-14, 1.298567e-14, 1.300301e-14, 2.201914e-14
166.000000, -2.888622e-14, -8.679454e-15, -8.661533e-15, -2.508111e-14
166.100000, 2.341740e-14, 1.288427e-14, 1.290273e-14, 2.183424e-14
166.200000, -2.864508e-14, -8.616425e-15, -8.597428e-15, -2.490584e-14
166.300000, 2.326015e-14, 1.278319e-14, 1.280275e-14, 2.165119e-14
166.400000, -2.840538e-14, -8.553942e-15, -8.533878e-15, -2.473070e-14
166.500000, 2.310343e-14, 1.268240e-14, 1.270297e-14, 2.146991e-14
166.600000, -2.816723e-14, -8.492023e-15, -8.470956e-15, -2.455567e-14
166.700000, 2.294727e-14, 1.258194e-14, 1.260351e-14, 2.129036e-14
166.800000, -2.793066e-14, -8.430666e-15, -8.408605e-15, -2.438081e-14
166.900000, 2.279154e-14, 1.248169e-14, 1.250422e-14, 2.111251e-14
167.000000, -2.769573e-14, -8.369865e-15, -8.346860e-15, -2.420615e-14
167.100000, 2.263622e-14, 1.238176e-14, 1.240521e-14, 2.093631e-14
167.200000, -2.746238e-14, -8.309656e-15, -8.285737e-15, -2.403168e-14
167.300000, 2.248135e-14, 1.228209e-14, 1.230647e-14, 2.076175e-14
167.400000, -2.723069e-14, -8.249971e-15, -8.225139e-15, -2.385748e-14
167.500000, 2.232679e-14, 1.218271e-14, 1.220798e-14, 2.058881e-14
167.600000, -2.700064e-14, -8.190770e-15, -8.165071e-15, -2.368349e-14
167.700000, 2.217267e-14, 1.208369e-14, 1.210984e-14, 2.041745e-14
167.800000, -2.677216e-14, -8.132048e-15, -8.105459e-15, -2.350967e-14
167.900000, 2.201888e-14, 1.198500e-14, 1.201202e-14, 2.024769e-14
168.000000, -2.654528e-14, -8.073725e-15, -8.046307e-15, -2.333611e-14
168.100000, 2.186548e-14, 1.188677e-14, 1.191461e-14, 2.007951e-14
168.200000, -2.632005e-14, -8.015794e-15, -7.987549e-15, -2.316273e-14
168.300000, 2.171244e-14, 1.178895e-14, 1.181761e-14, 1.991288e-14
168.400000, -2.609632e-14, -7.958195e-15, -7.929146e-15, -2.298954e-14
168.500000, 2.155978e-14, 1.169163e-14, 1.172109e-14, 1.974784e-14
168.600000, -2.587419e-14, -7.900928e-15, -7.871060e-15, -2.281655e-14
168.700000, 2.140740e-14, 1.159474e-14, 1.162499e-14, 1.958432e-14
168.800000, -2.565367e-14, -7.843982e-15, -7.813336e-15, -2.264382e-14
168.900000, 2.125533e-14, 1.149832e-14, 1.152936e-14, 1.942228e-14
169.000000, -2.543481e-14, -7.787328e-15, -7.755949e-15, -2.247140e-14
169.100000, 2.110352e-14, 1.140240e-14, 1.143415e-14, 1.926165e-14
169.200000, -2.521750e-14, -7.730959e-15, -7.698813e-15, -2.229917e-14
169.300000, 2.095197e-14, 1.130695e-14, 1.133944e-14, 1.910244e-14
169.400000, -2.500186e-14, -7.674928e-15, -7.642057e-15, -2.212737e-14
169.500000, 2.080067e-14, 1.121193e-14, 1.124514e-14, 1.894456e-14
169.600000, -2.478785e-14, -7.619171e-15, -7.585556e-15, -2.195587e-14
169.700000, 2.064953e-14, 1.111734e-14, 1.115128e-14, 1.878798e-14
169.800000, -2.457545e-14, -7.563718e-15, -7.529403e-15, -2.178479e-14
169.900000, 2.049862e-14, 1.102329e-14, 1.105792e-14, 1.863267e-14
170.000000, -2.436467e-14, -7.508506e-15, -7.473548e-15, -2.161410e-14
170.100000, 2.034790e-14, 1.092965e-14, 1.096496e-14, 1.847858e-14
170.200000, -2.415548e-14, -7.453619e-15, -7.417982e-15, -2.144389e-14
170.300000, 2.019742e-14, 1.083647e-14, 1.087241e-14, 1.832568e-14
170.400000, -2.394787e-14, -7.399012e-15, -7.362721e-15, -2.127413e-14
170.500000, 2.004715e-14, 1.074378e-14, 1.078036e-14, 1.817391e-14
170.600000, -2.374176e-14, -7.344615e-15, -7.307734e-15, -2.110482e-14
170.700000, 1.989717e-14, 1.065158e-14, 1.068875e-14, 1.802326e-14
170.800000, -2.353717e-14, -7.290451e-15, -7.252996e-15, -2.093602e-14
170.900000, 1.974745e-14, 1.055990e-14, 1.059763e-14, 1.787378e-14
171.000000, -2.333405e-14, -7.236478e-15, -7.198500e-15, -2.076768e-14
171.100000, 1.959807e-14, 1.046878e-14, 1.050701e-14, 1.772541e-14
171.200000, -2.313236e-14, -7.182662e-15, -7.144182e-15, -2.059981e-14
171.300000, 1.944898e-14, 1.037820e-14, 1.041687e-14, 1.757813e-14
171.400000, -2.293199e-14, -7.128966e-15, -7.090078e-15, -2.043240e-14
171.500000, 1.930031e-14, 1.028823e-14, 1.032730e-14, 1.743199e-14
171.600000, -2.273295e-14, -7.075409e-15, -7.036175e-15, -2.026545e-14
171.700000, 1.915204e-14, 1.019884e-14, 1.023822e-14, 1.728692e-14
171.800000, -2.253520e-14, -7.021948e-15, -6.982397e-15, -2.009894e-14
171.900000, 1.900416e-14, 1.011001e-14, 1.014966e-14, 1.714291e-14
172.000000, -2.233878e-14, -6.968636e-15, -6.928830e-15, -1.993296e-14
172.100000, 1.885660e-14, 1.002170e-14, 1.006161e-14, 1.699989e-14
172.200000, -2.214366e-14, -6.915479e-15, -6.875506e-15, -1.976750e-14
172.300000, 1.870944e-14, 9.933915e-15, 9.973976e-15, 1.685785e-14
172.400000, -2.194982e-14, -6.862487e-15, -6.822383e-15, -1.960265e-14
172.500000, 1.856264e-14, 9.846615e-15, 9.886766e-15, 1.671669e-14
172.600000, -2.175733e-14, -6.809753e-15, -6.769570e-15, -1.943842e-14
172.700000, 1.841608e-14, 9.759703e-15, 9.799880e-15, 1.657633e-14
172.800000, -2.156619e-14, -6.757263e-15, -6.717087e-15, -1.927485e-14
172.900000, 1.826981e-14, 9.673206e-15, 9.713401e-15, 1.643680e-14
173.000000, -2.137637e-14, -6.705122e-15, -6.664922e-15, -1.911199e-14
173.100000, 1.812388e-14, 9.587077e-15, 9.627257e-15, 1.629805e-14
173.200000, -2.118785e-14, -6.653208e-15, -6.613050e-15, -1.894980e-14
173.300000, 1.797826e-14, 9.501353e-15, 9.541470e-15, 1.616007e-14
173.400000, -2.100059e-14, -6.601538e-15, -6.561479e-15, -1.878833e-14
173.500000, 1.783298e-14, 9.415982e-15, 9.456014e-15, 1.602284e-14
173.600000, -2.081449e-14, -6.550112e-15, -6.510147e-15, -1.862745e-14
173.700000, 1.768813e-14, 9.331098e-15, 9.371020e-15, 1.588641e-14
173.800000, -2.062959e-14, -6.498890e-15, -6.459053e-15, -1.846723e-14
173.900000, 1.754377e-14, 9.246697e-15, 9.286494e-15, 1.575086e-14
174.000000, -2.044566e-14, -6.447747e-15, -6.408010e-15, -1.830750e-14
174.100000, 1.739992e-14, 9.162849e-15, 9.202489e-15, 1.561618e-14
174.200000, -2.026278e-14, -6.396709e-15, -6.357153e-15, -1.814835e-14
174.300000, 1.725662e-14, 9.079558e-15, 9.118987e-15, 1.548236e-14
174.400000, -2.008084e-14, -6.345728e-15, -6.306374e-15, -1.798965e-14
174.500000, 1.711390e-14, 8.996830e-15, 9.036057e-15, 1.534945e-14
174.600000, -1.989984e-14, -6.294756e-15, -6.255658e-15, -1.783151e-14
174.700000, 1.697172e-14, 8.914637e-15, 8.953603e-15, 1.521737e-14
174.800000, -1.971986e-14, -6.243936e-15, -6.205157e-15, -1.767389e-14
174.900000, 1.683006e-14, 8.832992e-15, 8.871660e-15, 1.508612e-14
175.000000, -1.954084e-14, -6.193226e-15, -6.154721e-15, -1.751684e-14
175.100000, 1.668890e-14, 8.751804e-15, 8.790103e-15, 1.495561e-14
175.200000, -1.936288e-14, -6.142660e-15, -6.104564e-15, -1.736044e-14
175.300000, 1.654818e-14, 8.671072e-15, 8.708964e-15, 1.482580e-14
175.400000, -1.918590e-14, -6.092275e-15, -6.054597e-15, -1.720464e-14
175.500000, 1.640787e-14, 8.590683e-15, 8.628150e-15, 1.469665e-14
175.600000, -1.901003e-14, -6.042115e-15, -6.004924e-15, -1.704958e-14
175.700000, 1.626798e-14, 8.510732e-15, 8.547664e-15, 1.456818e-14
175.800000, -1.883517e-14, -5.992183e-15, -5.955520e-15, -1.689515e-14
175.900000, 1.612850e-14, 8.431132e-15, 8.467519e-15, 1.444030e-14
176.000000, -1.866132e-14, -5.942485e-15, -5.906348e-15, -1.674144e-14
176.100000, 1.598944e-14, 8.351886e-15, 8.387701e-15, 1.431303e-14
176.200000, -1.848850e-14, -5.892982e-15, -5.857472e-15, -1.658844e-14
176.300000, 1.585078e-14, 8.273020e-15, 8.308226e-15, 1.418635e-14
176.400000, -1.831665e-14, -5.843663e-15, -5.808780e-15, -1.643607e-14
176.500000, 1.571264e-14, 8.194501e-15, 8.229101e-15, 1.406030e-14
176.600000, -1.814576e-14, -5.794612e-15, -5.760363e-15, -1.628445e-14
176.700000, 1.557491e-14, 8.116394e-15, 8.150348e-15, 1.393482e-14
176.800000, -1.797574e-14, -5.745669e-15, -5.712113e-15, -1.613342e-14
176.900000, 1.543770e-14, 8.038704e-15, 8.071929e-15, 1.380996e-14
177.000000, -1.780663e-14, -5.696923e-15, -5.664060e-15, -1.598312e-14
177.100000, 1.530102e-14, 7.961427e-15, 7.993944e-15, 1.368571e-14
177.200000, -1.763830e-14, -5.648294e-15, -5.616145e-15, -1.583339e-14
177.300000, 1.516489e-14, 7.884559e-15, 7.916364e-15, 1.356207e-14
177.400000, -1.747082e-14, -5.599811e-15, -5.568387e-15, -1.568431e-14
177.500000, 1.502935e-14, 7.808161e-15, 7.839220e-15, 1.343908e-14
177.600000, -1.730409e-14, -5.551401e-15, -5.520731e-15, -1.553582e-14
177.700000, 1.489437e-14, 7.732215e-15, 7.762524e-15, 1.331668e-14
177.800000, -1.713814e-14, -5.503160e-15, -5.473220e-15, -1.538794e-14
177.900000, 1.475994e-14, 7.656660e-15, 7.686212e-15, 1.319486e-14
178.000000, -1.697294e-14, -5.454989e-15, -5.425824e-15, -1.524067e-14
178.100000, 1.462605e-14, 7.581532e-15, 7.610301e-15, 1.307361e-14
178.200000, -1.680862e-14, -5.407022e-15, -5.378637e-15, -1.509410e-14
178.300000, 1.449261e-14, 7.506729e-15, 7.534717e-15, 1.295289e-14
178.400000, -1.664511e-14, -5.359213e-15, -5.331633e-15, -1.494817e-14
178.500000, 1.435969e-14, 7.432309e-15, 7.459497e-15, 1.283267e-14
178.600000, -1.648237e-14, -5.311617e-15, -5.284824e-15, -1.480293e-14
178.700000, 1.422722e-14, 7.358186e-15, 7.384579e-15, 1.271292e-14
178.800000, -1.632054e-14, -5.264275e-15, -5.238255e-15, -1.465840e-14
178.900000, 1.409514e-14, 7.284342e-15, 7.309949e-15, 1.259360e-14
179.000000, -1.615953e-14, -5.217106e-15, -5.191908e-15, -1.451459e-14
179.100000, 1.396355e-14, 7.210795e-15, 7.235637e-15, 1.247477e-14
179.200000, -1.599936e-14, -5.170203e-15, -5.145789e-15, -1.437149e-14
179.300000, 1.383241e-14, 7.137616e-15, 7.161679e-15, 1.235642e-14
179.400000, -1.583995e-14, -5.123452e-15, -5.099782e-15, -1.422901e-14
179.500000, 1.370176e-14, 7.064787e-15, 7.088075e-15, 1.223857e-14
179.600000, -1.568127e-14, -5.076837e-15, -5.053916e-15, -1.408711e-14
179.700000, 1.357162e-14, 6.992327e-15, 7.014840e-15, 1.212120e-14
179.800000, -1.552333e-14, -5.030362e-15, -5.008206e-15, -1.394588e-14
179.900000, 1.344204e-14, 6.920242e-15, 6.942047e-15, 1.200443e-14
180.000000, -1.536603e-14, -4.983942e-15, -4.962504e-15, -1.380516e-14
180.100000, 1.331300e-14, 6.848602e-15, 6.869677e-15, 1.188815e-14
180.200000, -1.520937e-14, -4.937647e-15, -4.916910e-15, -1.366505e-14
180.300000, 1.318454e-14, 6.777375e-15, 6.797746e-15, 1.177242e-14
180.400000, -1.505342e-14, -4.891439e-15, -4.871409e-15, -1.352552e-14
180.500000, 1.305664e-14, 6.706560e-15, 6.726223e-15, 1.165719e-14
180.600000, -1.489806e-14, -4.845282e-15, -4.825934e-15, -1.338654e-14
180.700000, 1.292927e-14, 6.636140e-15, 6.655119e-15, 1.154250e-14
180.800000, -1.474342e-14, -4.799265e-15, -4.780602e-15, -1.324816e-14
180.900000, 1.280237e-14, 6.566035e-15, 6.584368e-15, 1.142821e-14
181.000000, -1.458947e-14, -4.753394e-15, -4.735419e-15, -1.311041e-14
181.100000, 1.267596e-14, 6.496280e-15, 6.513951e-15, 1.131440e-14
181.200000, -1.443622e-14, -4.707662e-15, -4.690319e-15, -1.297327e-14
181.300000, 1.254998e-14, 6.426854e-15, 6.443894e-15, 1.120098e-14
181.400000, -1.428370e-14, -4.662126e-15, -4.645425e-15, -1.283684e-14
181.500000, 1.242445e-14, 6.357758e-15, 6.374130e-15, 1.108795e-14
181.600000, -1.413192e-14, -4.616773e-15, -4.600677e-15, -1.270102e-14
181.700000, 1.229929e-14, 6.288892e-15, 6.304647e-15, 1.097533e-14
181.800000, -1.398087e-14, -4.571519e-15, -4.556082e-15, -1.256582e-14
181.900000, 1.217459e-14, 6.220388e-15, 6.235531e-15, 1.086311e-14
182.000000, -1.383054e-14, -4.526486e-15, -4.511640e-15, -1.243131e-14
182.100000, 1.205027e-14, 6.152155e-15, 6.166679e-15, 1.075126e-14
182.200000, -1.368094e-14, -4.481596e-15, -4.467381e-15, -1.229738e-14
182.300000, 1.192634e-14, 6.084238e-15, 6.098146e-15, 1.063983e-14
182.400000, -1.353206e-14, -4.436880e-15, -4.423263e-15, -1.216410e-14
182.500000, 1.180280e-14, 6.016582e-15, 6.029900e-15, 1.052874e-14
182.600000, -1.338391e-14, -4.392354e-15, -4.379293e-15, -1.203145e-14
182.700000, 1.167966e-14, 5.949210e-15, 5.961970e-15, 1.041805e-14
182.800000, -1.323648e-14, -4.347958e-15, -4.335456e-15, -1.189941e-14
182.900000, 1.155693e-14, 5.882166e-15, 5.894355e-15, 1.030775e-14
183.000000, -1.308965e-14, -4.303694e-15, -4.291757e-15, -1.176797e-14
183.100000, 1.143457e-14, 5.815394e-15, 5.827078e-15, 1.019780e-14
183.200000, -1.294358e-14, -4.259603e-15, -4.248204e-15, -1.163709e-14
183.300000, 1.131268e-14, 5.748985e-15, 5.760148e-15, 1.008829e-14
183.400000, -1.279814e-14, -4.215620e-15, -4.204718e-15, -1.150679e-14
183.500000, 1.119115e-14, 5.682865e-15, 5.693546e-15, 9.979173e-15
183.600000, -1.265330e-14, -4.171715e-15, -4.161283e-15, -1.137705e-14
183.700000, 1.107008e-14, 5.617075e-15, 5.627298e-15, 9.870460e-15
183.800000, -1.250911e-14, -4.127933e-15, -4.117953e-15, -1.124785e-14
183.900000, 1.094944e-14, 5.551671e-15, 5.561406e-15, 9.762167e-15
184.000000, -1.236549e-14, -4.084197e-15, -4.074681e-15, -1.111915e-14
184.100000, 1.082922e-14, 5.486598e-15, 5.495909e-15, 9.654339e-15
184.200000, -1.222254e-14, -4.040585e-15, -4.031467e-15, -1.099099e-14
184.300000, 1.070948e-14, 5.421855e-15, 5.430774e-15, 9.546906e-15
184.400000, -1.208016e-14, -3.997050e-15, -3.988323e-15, -1.086336e-14
184.500000, 1.059008e-14, 5.357400e-15, 5.365982e-15, 9.439810e-15
184.600000, -1.193845e-14, -3.953649e-15, -3.945271e-15, -1.073629e-14
184.700000, 1.047106e-14, 5.293249e-15, 5.301448e-15, 9.333094e-15
184.800000, -1.179741e-14, -3.910391e-15, -3.902358e-15, -1.060979e-14
184.900000, 1.035239e-14, 5.229394e-15, 5.237258e-15, 9.226748e-15
185.000000, -1.165697e-14, -3.867228e-15, -3.859527e-15, -1.048381e-14
185.100000, 1.023408e-14, 5.165814e-15, 5.173366e-15, 9.120735e-15
185.200000, -1.151719e-14, -3.824198e-15, -3.816819e-15, -1.035839e-14
185.300000, 1.011613e-14, 5.102536e-15, 5.109768e-15, 9.015091e-15
185.400000, -1.137803e-14, -3.781308e-15, -3.774180e-15, -1.023349e-14
185.500000, 9.998592e-15, 5.039555e-15, 5.046515e-15, 8.909845e-15
185.600000, -1.123943e-14, -3.738469e-15, -3.731628e-15, -1.010911e-14
185.700000, 9.881409e-15, 4.976861e-15, 4.983584e-15, 8.804931e-15
185.800000, -1.110143e-14, -3.695760e-15, -3.689153e-15, -9.985247e-15
185.900000, 9.764627e-15, 4.914505e-15, 4.920989e-15, 8.700413e-15
186.000000, -1.096403e-14, -3.653080e-15, -3.646738e-15, -9.861879e-15
186.100000, 9.648249e-15, 4.852473e-15, 4.858721e-15, 8.596266e-15
186.200000, -1.082715e-14, -3.610504e-15, -3.604344e-15, -9.738975e-15
186.300000, 9.532235e-15, 4.790765e-15, 4.796800e-15, 8.492486e-15
186.400000, -1.069085e-14, -3.568004e-15, -3.562035e-15, -9.616596e-15
186.500000, 9.416595e-15, 4.729308e-15, 4.735176e-15, 8.389023e-15
186.600000, -1.055512e-14, -3.525585e-15, -3.519818e-15, -9.494715e-15
186.700000, 9.301319e-15, 4.668141e-15, 4.673859e-15, 8.285904e-15
186.800000, -1.041997e-14, -3.483308e-15, -3.477675e-15, -9.373402e-15
186.900000, 9.186392e-15, 4.607293e-15, 4.612812e-15, 8.183101e-15
187.000000, -1.028543e-14, -3.441135e-15, -3.435653e-15, -9.252576e-15
187.100000, 9.071776e-15, 4.546630e-15, 4.552049e-15, 8.080552e-15
187.200000, -1.015148e-14, -3.399111e-15, -3.393740e-15, -9.132335e-15
187.300000, 8.957474e-15, 4.486254e-15, 4.491545e-15, 7.978320e-15
187.400000, -1.001814e-14, -3.357217e-15, -3.351904e-15, -9.012615e-15
187.500000, 8.843460e-15, 4.426079e-15, 4.431314e-15, 7.876362e-15
187.600000, -9.885376e-15, -3.315434e-15, -3.310203e-15, -8.893413e-15
187.700000, 8.729771e-15, 4.366142e-15, 4.371329e-15, 7.774672e-15
187.800000, -9.753223e-15, -3.273810e-15, -3.268607e-15, -8.774767e-15
187.900000, 8.616368e-15, 4.306436e-15, 4.311616e-15, 7.673278e-15
188.000000, -9.621628e-15, -3.232297e-15, -3.227108e-15, -8.656594e-15
188.100000, 8.503293e-15, 4.246990e-15, 4.252205e-15, 7.572172e-15
188.200000, -9.490588e-15, -3.190891e-15, -3.185655e-15, -8.538937e-15
188.300000, 8.390578e-15, 4.187858e-15, 4.193076e-15, 7.471432e-15
188.400000, -9.360121e-15, -3.149540e-15, -3.144307e-15, -8.421735e-15
188.500000, 8.278162e-15, 4.128980e-15, 4.134267e-15, 7.370963e-15
188.600000, -9.230145e-15, -3.108272e-15, -3.102971e-15, -8.304992e-15
188.700000, 8.166112e-15, 4.070384e-15, 4.075721e-15, 7.270834e-15
188.800000, -9.100669e-15, -3.067114e-15, -3.061716e-15, -8.188712e-15
188.900000, 8.054389e-15, 4.012058e-15, 4.017493e-15, 7.170984e-15
189.000000, -8.971716e-15, -3.026002e-15, -3.020538e-15, -8.072889e-15
189.100000, 7.943007e-15, 3.954002e-15, 3.959518e-15, 7.071442e-15
189.200000, -8.843256e-15, -2.984954e-15, -2.979405e-15, -7.957538e-15
189.300000, 7.831930e-15, 3.896188e-15, 3.901811e-15, 6.972179e-15
189.400000, -8.715311e-15, -2.944039e-15, -2.938351e-15, -7.842636e-15
189.500000, 7.721217e-15, 3.838633e-15, 3.844366e-15, 6.873236e-15
189.600000, -8.587859e-15, -2.903170e-15, -2.897380e-15, -7.728203e-15
189.700000, 7.610833e-15, 3.781337e-15, 3.787205e-15, 6.774566e-15
189.800000, -8.460897e-15, -2.862421e-15, -2.856508e-15, -7.614246e-15
189.900000, 7.500773e-15, 3.724275e-15, 3.730298e-15, 6.676154e-15
190.000000, -8.334416e-15, -2.821733e-15, -2.815655e-15, -7.500721e-15
190.100000, 7.391034e-15, 3.667505e-15, 3.673647e-15, 6.578052e-15
190.200000, -8.208410e-15, -2.781168e-15, -2.774937e-15, -7.387664e-15
190.300000, 7.281629e-15, 3.610906e-15, 3.617219e-15, 6.480211e-15
190.400000, -8.082910e-15, -2.740681e-15, -2.734268e-15, -7.275052e-15
190.500000, 7.172546e-15, 3.554581e-15, 3.561102e-15, 6.382654e-15
190.600000, -7.957816e-15, -2.700264e-15, -2.693672e-15, -7.162852e-15
190.700000, 7.063776e-15, 3.498476e-15, 3.505197e-15, 6.285362e-15
190.800000, -7.833239e-15, -2.659997e-15, -2.653172e-15, -7.051100e-15
190.900000, 6.955317e-15, 3.442564e-15, 3.449517e-15, 6.188333e-15
191.000000, -7.709102e-15, -2.619798e-15, -2.612713e-15, -6.939790e-15
191.100000, 6.847195e-15, 3.386913e-15, 3.394134e-15, 6.091617e-15
191.200000, -7.585411e-15, -2.579675e-15, -2.572344e-15, -6.828863e-15
191.300000, 6.739417e-15, 3.331495e-15, 3.338975e-15, 5.995200e-15
191.400000, -7.462169e-15, -2.539626e-15, -2.532017e-15, -6.718329e-15
191.500000, 6.631952e-15, 3.276319e-15, 3.284103e-15, 5.899054e-15
191.600000, -7.339323e-15, -2.499644e-15, -2.491729e-15, -6.608196e-15
191.700000, 6.524825e-15, 3.221430e-15, 3.229486e-15, 5.803227e-15
191.800000, -7.216916e-15, -2.459701e-15, -2.451487e-15, -6.498413e-15
191.900000, 6.417978e-15, 3.166741e-15, 3.175141e-15, 5.707682e-15
192.000000, -7.094957e-15, -2.419875e-15, -2.411303e-15, -6.389043e-15
192.100000, 6.311510e-15, 3.112302e-15, 3.121018e-15, 5.612461e-15
192.200000, -6.973404e-15, -2.380077e-15, -2.371193e-15, -6.280013e-15
192.300000, 6.205291e-15, 3.058062e-15, 3.067103e-15, 5.517479e-15
192.400000, -6.852330e-15, -2.340413e-15, -2.331187e-15, -6.171417e-15
192.500000, 6.099349e-15, 3.004040e-15, 3.013417e-15, 5.422714e-15
192.600000, -6.731717e-15, -2.300811e-15, -2.291273e-15, -6.063247e-15
192.700000, 5.993625e-15, 2.950196e-15, 2.959890e-15, 5.328228e-15
192.800000, -6.611614e-15, -2.261374e-15, -2.251534e-15, -5.955497e-15
192.900000, 5.888122e-15, 2.896508e-15, 2.906516e-15, 5.233905e-15
193.000000, -6.491962e-15, -2.222038e-15, -2.211905e-15, -5.848166e-15
193.100000, 5.782857e-15, 2.842996e-15, 2.853296e-15, 5.139818e-15
193.200000, -6.372812e-15, -2.182842e-15, -2.172401e-15, -5.741277e-15
193.300000, 5.677848e-15, 2.789667e-15, 2.800227e-15, 5.045969e-15
193.400000, -6.254075e-15, -2.143723e-15, -2.133048e-15, -5.634785e-15
193.500000, 5.573083e-15, 2.736556e-15, 2.747380e-15, 4.952369e-15
193.600000, -6.135813e-15, -2.104689e-15, -2.093732e-15, -5.528630e-15
193.700000, 5.468608e-15, 2.683626e-15, 2.694705e-15, 4.859002e-15
193.800000, -6.017904e-15, -2.065687e-15, -2.054510e-15, -5.422824e-15
193.900000, 5.364426e-15, 2.630991e-15, 2.642292e-15, 4.765962e-15
194.000000, -5.900360e-15, -2.026709e-15, -2.015320e-15, -5.317331e-15
194.100000, 5.260579e-15, 2.578592e-15, 2.590095e-15, 4.673203e-15
194.200000, -5.783178e-15, -1.987764e-15, -1.976173e-15, -5.212156e-15
194.300000, 5.157005e-15, 2.526429e-15, 2.538118e-15, 4.580728e-15
194.400000, -5.666375e-15, -1.948852e-15, -1.937071e-15, -5.107303e-15
194.500000, 5.053764e-15, 2.474527e-15, 2.486379e-15, 4.488565e-15
194.600000, -5.549930e-15, -1.909954e-15, -1.898032e-15, -5.002719e-15
194.700000, 4.950814e-15, 2.422853e-15, 2.434872e-15, 4.396677e-15
194.800000, -5.433872e-15, -1.871144e-15, -1.859054e-15, -4.898505e-15
194.900000, 4.848105e-15, 2.371383e-15, 2.383529e-15, 4.305053e-15
195.000000, -5.318202e-15, -1.832374e-15, -1.820165e-15, -4.794598e-15
195.100000, 4.745664e-15, 2.320119e-15, 2.332362e-15, 4.213627e-15
195.200000, -5.202932e-15, -1.793719e-15, -1.781384e-15, -4.691080e-15
195.300000, 4.643454e-15, 2.268987e-15, 2.281366e-15, 4.122448e-15
195.400000, -5.088072e-15, -1.755124e-15, -1.742715e-15, -4.587888e-15
195.500000, 4.541454e-15, 2.218065e-15, 2.230487e-15, 4.031493e-15
195.600000, -4.973596e-15, -1.716601e-15, -1.704161e-15, -4.485047e-15
195.700000, 4.439719e-15, 2.167294e-15, 2.179785e-15, 3.940733e-15
195.800000, -4.859508e-15, -1.678190e-15, -1.665680e-15, -4.382542e-15
195.900000, 4.338208e-15, 2.116706e-15, 2.129232e-15, 3.850216e-15
196.000000, -4.745829e-15, -1.639848e-15, -1.627312e-15, -4.280381e-15
196.100000, 4.236917e-15, 2.066321e-15, 2.078836e-15, 3.759939e-15
196.200000, -4.632493e-15, -1.601588e-15, -1.589073e-15, -4.178548e-15
196.300000, 4.135873e-15, 2.016071e-15, 2.028574e-15, 3.669855e-15
196.400000, -4.519566e-15, -1.563432e-15, -1.550923e-15, -4.077058e-15
196.500000, 4.035049e-15, 1.965976e-15, 1.978461e-15, 3.580001e-15
196.600000, -4.407024e-15, -1.525321e-15, -1.512860e-15, -3.975849e-15
196.700000, 3.934411e-15, 1.916040e-15, 1.928529e-15, 3.490362e-15
196.800000, -4.294848e-15, -1.487346e-15, -1.474906e-15, -3.874975e-15
196.900000, 3.834032e-15, 1.866320e-15, 1.878703e-15, 3.400964e-15
197.000000, -4.183036e-15, -1.449406e-15, -1.437033e-15, -3.774371e-15
197.100000, 3.733861e-15, 1.816718e-15, 1.829083e-15, 3.311830e-15
197.200000, -4.071562e-15, -1.411546e-15, -1.399214e-15, -3.674055e-15
197.300000, 3.633960e-15, 1.767322e-15, 1.779608e-15, 3.222917e-15
197.400000, -3.960403e-15, -1.373697e-15, -1.361445e-15, -3.573977e-15
197.500000, 3.534309e-15, 1.718115e-15, 1.730336e-15, 3.134301e-15
197.600000, -3.849585e-15, -1.335904e-15, -1.323718e-15, -3.474174e-15
197.700000, 3.434929e-15, 1.669136e-15, 1.681304e-15, 3.045956e-15
197.800000, -3.739032e-15, -1.298116e-15, -1.285999e-15, -3.374555e-15
197.900000, 3.335832e-15, 1.620422e-15, 1.632462e-15, 2.957937e-15
198.000000, -3.628747e-15, -1.260342e-15, -1.248323e-15, -3.275150e-15
198.100000, 3.237032e-15, 1.571861e-15, 1.583814e-15, 2.870175e-15
198.200000, -3.518753e-15, -1.222560e-15, -1.210660e-15, -3.175995e-15
198.300000, 3.138483e-15, 1.523550e-15, 1.535404e-15, 2.782696e-15
198.400000, -3.409040e-15, -1.184835e-15, -1.173062e-15, -3.077071e-15
198.500000, 3.040164e-15, 1.475395e-15, 1.487099e-15, 2.695443e-15
198.600000, -3.299690e-15, -1.147169e-15, -1.135558e-15, -2.978388e-15
198.700000, 2.942052e-15, 1.427366e-15, 1.438906e-15, 2.608370e-15
198.800000, -3.190669e-15, -1.109611e-15, -1.098180e-15, -2.880064e-15
198.900000, 2.844124e-15, 1.379506e-15, 1.390846e-15, 2.521485e-15
199.000000, -3.082034e-15, -1.072163e-15, -1.060972e-15, -2.782021e-15
199.100000, 2.746351e-15, 1.331688e-15, 1.342802e-15, 2.434689e-15
199.200000, -2.973732e-15, -1.034827e-15, -1.023873e-15, -2.684363e-15
199.300000, 2.648732e-15, 1.283990e-15, 1.294816e-15, 2.348084e-15
199.400000, -2.865800e-15, -9.976134e-16, -9.869352e-16, -2.587019e-15
199.500000, 2.551289e-15, 1.236364e-15, 1.246882e-15, 2.261589e-15
199.600000, -2.758222e-15, -9.605660e-16, -9.501974e-16, -2.489990e-15
199.700000, 2.454028e-15, 1.188900e-15, 1.199074e-15, 2.175260e-15
199.800000, -2.650950e-15, -9.235362e-16, -9.135381e-16, -2.393285e-15
199.900000, 2.356989e-15, 1.141514e-15, 1.151316e-15, 2.089129e-15
200.000000, -2.543950e-15, -8.865642e-16, -8.769334e-16, -2.296771e-15
200.100000, 2.260147e-15, 1.094323e-15, 1.103763e-15, 2.003170e-15
200.200000, -2.437259e-15, -8.496395e-16, -8.404336e-16, -2.200545e-15
200.300000, 2.163571e-15, 1.047273e-15, 1.056299e-15, 1.917490e-15
200.400000, -2.330744e-15, -8.127688e-16, -8.039167e-16, -2.104488e-15
200.500000, 2.067269e-15, 1.000418e-15, 1.009097e-15, 1.831999e-15
200.600000, -2.224528e-15, -7.759011e-16, -7.674594e-16, -2.008648e-15
200.700000, 1.971170e-15, 9.537423e-16, 9.619973e-16, 1.746768e-15
200.800000, -2.118486e-15, -7.391086e-16, -7.310566e-16, -1.912971e-15
200.900000, 1.875386e-15, 9.072685e-16, 9.150916e-16, 1.661823e-15
201.000000, -2.012740e-15, -7.023465e-16, -6.946270e-16, -1.817532e-15
201.100000, 1.779756e-15, 8.608416e-16, 8.683491e-16, 1.577036e-15
201.200000, -1.907269e-15, -6.656309e-16, -6.583144e-16, -1.722306e-15
201.300000, 1.684346e-15, 8.145457e-16, 8.217021e-16, 1.492457e-15
201.400000, -1.802059e-15, -6.290419e-16, -6.220931e-16, -1.627288e-15
201.500000, 1.589119e-15, 7.683840e-16, 7.752015e-16, 1.408077e-15
201.600000, -1.697081e-15, -5.924764e-16, -5.858468e-16, -1.532505e-15
201.700000, 1.494096e-15, 7.222668e-16, 7.287662e-16, 1.323893e-15
201.800000, -1.592448e-15, -5.560455e-16, -5.497870e-16, -1.437994e-15
201.900000, 1.399242e-15, 6.763369e-16, 6.824859e-16, 1.239877e-15
202.000000, -1.488014e-15, -5.197280e-16, -5.136906e-16, -1.343661e-15
202.100000, 1.304607e-15, 6.304913e-16, 6.363226e-16, 1.156049e-15
202.200000, -1.383875e-15, -4.833955e-16, -4.777321e-16, -1.249543e-15
202.300000, 1.210143e-15, 5.847811e-16, 5.902878e-16, 1.072414e-15
202.400000, -1.279951e-15, -4.471769e-16, -4.418424e-16, -1.155647e-15
202.500000, 1.115877e-15, 5.391463e-16, 5.442944e-16, 9.889356e-16
202.600000, -1.176264e-15, -4.110148e-16, -4.060363e-16, -1.062004e-15
202.700000, 1.021848e-15, 4.936478e-16, 4.984436e-16, 9.056164e-16
202.800000, -1.072800e-15, -3.749291e-16, -3.702944e-16, -9.685574e-16
202.900000, 9.279801e-16, 4.482399e-16, 4.526792e-16, 8.224650e-16
203.000000, -9.696300e-16, -3.389321e-16, -3.346916e-16, -8.753624e-16
203.100000, 8.343085e-16, 4.029439e-16, 4.069938e-16, 7.394903e-16
203.200000, -8.666825e-16, -3.029899e-16, -2.991911e-16, -7.823716e-16
203.300000, 7.407746e-16, 3.577200e-16, 3.613623e-16, 6.566374e-16
203.400000, -7.639372e-16, -2.671981e-16, -2.637418e-16, -6.896500e-16
203.500000, 6.474799e-16, 3.126143e-16, 3.158250e-16, 5.739518e-16
203.600000, -6.614885e-16, -2.313677e-16, -2.283857e-16, -5.971269e-16
203.700000, 5.543738e-16, 2.676297e-16, 2.703756e-16, 4.914190e-16
203.800000, -5.591730e-16, -1.956554e-16, -1.931026e-16, -5.047509e-16
203.900000, 4.614540e-16, 2.227177e-16, 2.250397e-16, 4.090672e-16
204.000000, -4.571174e-16, -1.599461e-16, -1.578664e-16, -4.125791e-16
204.100000, 3.687368e-16, 1.779323e-16, 1.798167e-16, 3.268853e-16
204.200000, -3.551712e-16, -1.243225e-16, -1.226869e-16, -3.206182e-16
204.300000, 2.762714e-16, 1.333318e-16, 1.347157e-16, 2.448987e-16
204.400000, -2.534820e-16, -8.872486e-17, -8.755484e-17, -2.287941e-16
204.500000, 1.839716e-16, 8.876927e-17, 8.970263e-17, 1.631058e-16
204.600000, -1.519480e-16, -5.320734e-17, -5.249238e-17, -1.371512e-16
204.700000, 9.189329e-17, 4.433044e-17, 4.480357e-17, 8.146396e-17
204.800000, -5.057826e-17, -1.774519e-17, -1.749094e-17, -4.567456e-17
