x, 11, 12, 21, 22
0.100000, -3.867138e-02, -3.437687e-02, -3.437687e-02, -3.107042e-02
0.200000, -3.839683e-02, -3.418845e-02, -3.418845e-02, -3.083252e-02
0.300000, -3.803981e-02, -3.387052e-02, -3.387052e-02, -3.052670e-02
0.400000, -3.754849e-02, -3.343371e-02, -3.343371e-02, -3.010969e-02
0.500000, -3.695107e-02, -3.288767e-02, -3.288767e-02, -2.959618e-02
0.600000, -3.623952e-02, -3.224125e-02, -3.224125e-02, -2.899293e-02
0.700000, -3.542989e-02, -3.150616e-02, -3.150616e-02, -2.830952e-02
0.800000, -3.453268e-02, -3.069168e-02, -3.069168e-02, -2.755539e-02
0.900000, -3.356038e-02, -2.981091e-02, -2.981091e-02, -2.674396e-02
1.000000, -3.252565e-02, -2.887634e-02, -2.887634e-02, -2.588542e-02
1.100000, -3.144145e-02, -2.789877e-02, -2.789877e-02, -2.499003e-02
1.200000, -3.032006e-02, -2.689069e-02, -2.689069e-02, -2.406767e-02
1.300000, -2.917571e-02, -2.586179e-02, -2.586179e-02, -2.312983e-02
1.400000, -2.801829e-02, -2.482350e-02, -2.482350e-02, -2.218523e-02
1.500000, -2.685885e-02, -2.378586e-02, -2.378586e-02, -2.124332e-02
1.600000, -2.570673e-02, -2.275778e-02, -2.275778e-02, -2.031179e-02
1.700000, -2.457215e-02, -2.174686e-02, -2.174686e-02, -1.939696e-02
1.800000, -2.346284e-02, -2.075951e-02, -2.075951e-02, -1.850530e-02
1.900000, -2.238445e-02, -1.980115e-02, -1.980115e-02, -1.764232e-02
2.000000, -2.134122e-02, -1.887688e-02, -1.887688e-02, -1.681059e-02
2.100000, -2.033823e-02, -1.798953e-02, -1.798953e-02, -1.601444e-02
2.200000, -1.937833e-02, -1.714201e-02, -1.714201e-02, -1.525514e-02
2.300000, -1.846430e-02, -1.633556e-02, -1.633556e-02, -1.453441e-02
2.400000, -1.759703e-02, -1.557149e-02, -1.557149e-02, -1.385306e-02
2.500000, -1.677584e-02, -1.484996e-02, -1.484996e-02, -1.321013e-02
2.600000, -1.600137e-02, -1.416986e-02, -1.416986e-02, -1.260594e-02
2.700000, -1.527290e-02, -1.353008e-02, -1.353008e-02, -1.203934e-02
2.800000, -1.458846e-02, -1.292967e-02, -1.292967e-02, -1.150757e-02
2.900000, -1.394640e-02, -1.236619e-02, -1.236619e-02, -1.100862e-02
3.000000, -1.334402e-02, -1.183746e-02, -1.183746e-02, -1.054043e-02
3.100000, -1.277983e-02, -1.134142e-02, -1.134142e-02, -1.010107e-02
3.200000, -1.225069e-02, -1.087568e-02, -1.087568e-02, -9.687832e-03
3.300000, -1.175520e-02, -1.043826e-02, -1.043826e-02, -9.298877e-03
3.400000, -1.129071e-02, -1.002680e-02, -1.002680e-02, -8.932295e-03
3.500000, -1.085521e-02, -9.639390e-03, -9.639390e-03, -8.586118e-03
3.600000, -1.044552e-02, -9.274168e-03, -9.274168e-03, -8.258315e-03
3.700000, -1.006006e-02, -8.929345e-03, -8.929345e-03, -7.947980e-03
3.800000, -9.697296e-03, -8.603494e-03, -8.603494e-03, -7.653359e-03
3.900000, -9.355185e-03, -8.295027e-03, -8.295027e-03, -7.373467e-03
4.000000, -9.032950e-03, -8.003180e-03, -8.003180e-03, -7.107716e-03
4.100000, -8.729236e-03, -7.726819e-03, -7.726819e-03, -6.855290e-03
4.200000, -8.442619e-03, -7.465231e-03, -7.465231e-03, -6.615691e-03
4.300000, -8.172368e-03, -7.217750e-03, -7.217750e-03, -6.388179e-03
4.400000, -7.917346e-03, -6.983798e-03, -6.983798e-03, -6.172319e-03
4.500000, -7.677419e-03, -6.762890e-03, -6.762890e-03, -5.967883e-03
4.600000, -7.451671e-03, -6.554467e-03, -6.554467e-03, -5.774233e-03
4.700000, -7.239546e-03, -6.358153e-03, -6.358153e-03, -5.591434e-03
4.800000, -7.040503e-03, -6.173381e-03, -6.173381e-03, -5.418757e-03
4.900000, -6.853555e-03, -5.999707e-03, -5.999707e-03, -5.256082e-03
5.000000, -6.678354e-03, -5.836605e-03, -5.836605e-03, -5.103235e-03
5.100000, -6.513911e-03, -5.683788e-03, -5.683788e-03, -4.959274e-03
5.200000, -6.359962e-03, -5.540300e-03, -5.540300e-03, -4.823970e-03
5.300000, -6.215667e-03, -5.405394e-03, -5.405394e-03, -4.696917e-03
5.400000, -6.079462e-03, -5.278123e-03, -5.278123e-03, -4.577080e-03
5.500000, -5.949863e-03, -5.157431e-03, -5.157431e-03, -4.463466e-03
5.600000, -5.825862e-03, -5.041929e-03, -5.041929e-03, -4.354844e-03
5.700000, -5.705809e-03, -4.930189e-03, -4.930189e-03, -4.249905e-03
5.800000, -5.588182e-03, -4.820632e-03, -4.820632e-03, -4.147013e-03
5.900000, -5.470997e-03, -4.711758e-03, -4.711758e-03, -4.044942e-03
6.000000, -5.352140e-03, -4.601546e-03, -4.601546e-03, -3.941934e-03
6.100000, -5.230128e-03, -4.488378e-03, -4.488378e-03, -3.836388e-03
6.200000, -5.102676e-03, -4.370471e-03, -4.370471e-03, -3.726752e-03
6.300000, -4.968255e-03, -4.246163e-03, -4.246163e-03, -3.611553e-03
6.400000, -4.825090e-03, -4.114149e-03, -4.114149e-03, -3.489423e-03
6.500000, -4.672021e-03, -3.973133e-03, -3.973133e-03, -3.359336e-03
6.600000, -4.507871e-03, -3.822110e-03, -3.822110e-03, -3.220485e-03
6.700000, -4.331671e-03, -3.660638e-03, -3.660638e-03, -3.072302e-03
6.800000, -4.143440e-03, -3.488459e-03, -3.488459e-03, -2.915003e-03
6.900000, -3.943112e-03, -3.305885e-03, -3.305885e-03, -2.748933e-03
7.000000, -3.731316e-03, -3.113490e-03, -3.113490e-03, -2.574496e-03
7.100000, -3.508887e-03, -2.912097e-03, -2.912097e-03, -2.392802e-03
7.200000, -3.276688e-03, -2.702934e-03, -2.702934e-03, -2.205123e-03
7.300000, -3.036445e-03, -2.487583e-03, -2.487583e-03, -2.012926e-03
7.400000, -2.789602e-03, -2.267656e-03, -2.267656e-03, -1.817900e-03
7.500000, -2.538525e-03, -2.045111e-03, -2.045111e-03, -1.621772e-03
7.600000, -2.285280e-03, -1.821723e-03, -1.821723e-03, -1.426364e-03
7.700000, -2.032048e-03, -1.599807e-03, -1.599807e-03, -1.233560e-03
7.800000, -1.781006e-03, -1.381408e-03, -1.381408e-03, -1.044969e-03
7.900000, -1.534530e-03, -1.168519e-03, -1.168519e-03, -8.625295e-04
8.000000, -1.294795e-03, -9.630163e-04, -9.630163e-04, -6.879346e-04
8.100000, -1.063676e-03, -7.666797e-04, -7.666797e-04, -5.226325e-04
8.200000, -8.432574e-04, -5.811327e-04, -5.811327e-04, -3.681800e-04
8.300000, -6.347770e-04, -4.077301e-04, -4.077301e-04, -2.255697e-04
8.400000, -4.398423e-04, -2.475992e-04, -2.475992e-04, -9.577431e-05
8.500000, -2.595433e-04, -1.015878e-04, -1.015878e-04, 2.058565e-05
8.600000, -9.484541e-05, 2.970633e-05, 2.970633e-05, 1.229453e-04
8.700000, 5.375476e-05, 1.459063e-04, 1.459063e-04, 2.112559e-04
8.800000, 1.860626e-04, 2.469761e-04, 2.469761e-04, 2.856815e-04
8.900000, 3.018239e-04, 3.331237e-04, 3.331237e-04, 3.465312e-04
9.000000, 4.013574e-04, 4.047268e-04, 4.047268e-04, 3.945486e-04
9.100000, 4.851742e-04, 4.622697e-04, 4.622697e-04, 4.304038e-04
9.200000, 5.538240e-04, 5.065384e-04, 5.065384e-04, 4.547876e-04
9.300000, 6.080015e-04, 5.384207e-04, 5.384207e-04, 4.687422e-04
9.400000, 6.484215e-04, 5.588565e-04, 5.588565e-04, 4.732218e-04
9.500000, 6.762093e-04, 5.688951e-04, 5.688951e-04, 4.692237e-04
9.600000, 6.925166e-04, 5.695367e-04, 5.695367e-04, 4.579142e-04
9.700000, 6.982753e-04, 5.618186e-04, 5.618186e-04, 4.402415e-04
9.800000, 6.947193e-04, 5.469613e-04, 5.469613e-04, 4.170558e-04
9.900000, 6.827546e-04, 5.259076e-04, 5.259076e-04, 3.894298e-04
10.000000, 6.637941e-04, 4.997132e-04, 4.997132e-04, 3.584229e-04
10.100000, 6.387956e-04, 4.693406e-04, 4.693406e-04, 3.247585e-04
10.200000, 6.088384e-04, 4.357137e-04, 4.357137e-04, 2.891421e-04
10.300000, 5.747424e-04, 3.997143e-04, 3.997143e-04, 2.522506e-04
10.400000, 5.376337e-04, 3.619553e-04, 3.619553e-04, 2.146594e-04
10.500000, 4.982786e-04, 3.231331e-04, 3.231331e-04, 1.769502e-04
10.600000, 4.573989e-04, 2.839336e-04, 2.839336e-04, 1.397982e-04
10.700000, 4.157903e-04, 2.447951e-04, 2.447951e-04, 1.034331e-04
10.800000, 3.738873e-04, 2.062210e-04, 2.062210e-04, 6.808499e-05
10.900000, 3.323763e-04, 1.685644e-04, 1.685644e-04, 3.414350e-05
11.000000, 2.917041e-04, 1.321983e-04, 1.321983e-04, 1.757711e-06
11.100000, 2.522693e-04, 9.750697e-05, 9.750697e-05, -2.885833e-05
11.200000, 2.144389e-04, 6.462332e-05, 6.462332e-05, -5.740444e-05
11.300000, 1.786523e-04, 3.383731e-05, 3.383731e-05, -8.390809e-05
11.400000, 1.451235e-04, 5.238945e-06, 5.238945e-06, -1.083090e-04
11.500000, 1.140210e-04, -2.105832e-05, -2.105832e-05, -1.304831e-04
11.600000, 8.541841e-05, -4.486232e-05, -4.486232e-05, -1.504456e-04
11.700000, 5.946761e-05, -6.620446e-05, -6.620446e-05, -1.681450e-04
11.800000, 3.633749e-05, -8.508338e-05, -8.508338e-05, -1.834873e-04
11.900000, 1.588061e-05, -1.014982e-04, -1.014982e-04, -1.967052e-04
12.000000, -1.790173e-06, -1.154788e-04, -1.154788e-04, -2.077988e-04
12.100000, -1.684927e-05, -1.271599e-04, -1.271599e-04, -2.167363e-04
12.200000, -2.921693e-05, -1.366017e-04, -1.366017e-04, -2.236700e-04
12.300000, -3.925014e-05, -1.439668e-04, -1.439668e-04, -2.286927e-04
12.400000, -4.693171e-05, -1.492503e-04, -1.492503e-04, -2.319480e-04
12.500000, -5.237969e-05, -1.527089e-04, -1.527089e-04, -2.336353e-04
12.600000, -5.580796e-05, -1.544421e-04, -1.544421e-04, -2.338345e-04
12.700000, -5.737050e-05, -1.546084e-04, -1.546084e-04, -2.325972e-04
12.800000, -5.723592e-05, -1.533691e-04, -1.533691e-04, -2.301087e-04
12.900000, -5.579426e-05, -1.507873e-04, -1.507873e-04, -2.264982e-04
13.000000, -5.302732e-05, -1.470822e-04, -1.470822e-04, -2.218578e-04
13.100000, -4.919994e-05, -1.424096e-04, -1.424096e-04, -2.163067e-04
13.200000, -4.447633e-05, -1.368957e-04, -1.368957e-04, -2.099223e-04
13.300000, -3.892545e-05, -1.306346e-04, -1.306346e-04, -2.027572e-04
13.400000, -3.282871e-05, -1.238041e-04, -1.238041e-04, -1.949921e-04
13.500000, -2.625230e-05, -1.165328e-04, -1.165328e-04, -1.867997e-04
13.600000, -1.943982e-05, -1.088920e-04, -1.088920e-04, -1.781785e-04
13.700000, -1.239576e-05, -1.009197e-04, -1.009197e-04, -1.691327e-04
13.800000, -5.316912e-06, -9.277993e-05, -9.277993e-05, -1.598769e-04
13.900000, 1.808432e-06, -8.454811e-05, -8.454811e-05, -1.504232e-04
14.000000, 8.832877e-06, -7.632071e-05, -7.632071e-05, -1.408963e-04
14.100000, 1.569634e-05, -6.821715e-05, -6.821715e-05, -1.314632e-04
14.200000, 2.219608e-05, -6.026833e-05, -6.026833e-05, -1.221137e-04
14.300000, 2.829072e-05, -5.253194e-05, -5.253194e-05, -1.129570e-04
14.400000, 3.409963e-05, -4.512866e-05, -4.512866e-05, -1.040117e-04
14.500000, 3.955645e-05, -3.802352e-05, -3.802352e-05, -9.541176e-05
14.600000, 4.455353e-05, -3.125295e-05, -3.125295e-05, -8.713291e-05
14.700000, 4.909740e-05, -2.483206e-05, -2.483206e-05, -7.922211e-05
14.800000, 5.325897e-05, -1.879200e-05, -1.879200e-05, -7.165188e-05
14.900000, 5.697617e-05, -1.323606e-05, -1.323606e-05, -6.446000e-05
15.000000, 6.024984e-05, -8.026564e-06, -8.026564e-06, -5.768778e-05
15.100000, 6.307790e-05, -3.230063e-06, -3.230063e-06, -5.143438e-05
15.200000, 6.554584e-05, 1.126517e-06, 1.126517e-06, -4.565381e-05
15.300000, 6.764612e-05, 5.084151e-06, 5.084151e-06, -4.034060e-05
15.400000, 6.941534e-05, 8.583955e-06, 8.583955e-06, -3.548233e-05
15.500000, 7.074248e-05, 1.173640e-05, 1.173640e-05, -3.105725e-05
15.600000, 7.171138e-05, 1.452237e-05, 1.452237e-05, -2.700439e-05
15.700000, 7.236537e-05, 1.692577e-05, 1.692577e-05, -2.334319e-05
15.800000, 7.268522e-05, 1.898011e-05, 1.898011e-05, -2.004618e-05
15.900000, 7.268112e-05, 2.066894e-05, 2.066894e-05, -1.708607e-05
16.000000, 7.234346e-05, 2.205577e-05, 2.205577e-05, -1.449816e-05
16.100000, 7.165263e-05, 2.310937e-05, 2.310937e-05, -1.228499e-05
16.200000, 7.075802e-05, 2.380177e-05, 2.380177e-05, -1.040074e-05
16.300000, 6.955862e-05, 2.417865e-05, 2.417865e-05, -8.888975e-06
16.400000, 6.808803e-05, 2.430581e-05, 2.430581e-05, -7.667173e-06
16.500000, 6.633106e-05, 2.418038e-05, 2.418038e-05, -6.722100e-06
16.600000, 6.429867e-05, 2.381290e-05, 2.381290e-05, -6.073728e-06
16.700000, 6.211926e-05, 2.316285e-05, 2.316285e-05, -5.648717e-06
16.800000, 5.971428e-05, 2.226548e-05, 2.226548e-05, -5.450073e-06
16.900000, 5.699751e-05, 2.116701e-05, 2.116701e-05, -5.532837e-06
17.000000, 5.414376e-05, 1.987013e-05, 1.987013e-05, -5.802536e-06
17.100000, 5.114576e-05, 1.837740e-05, 1.837740e-05, -6.217876e-06
17.200000, 4.804492e-05, 1.672714e-05, 1.672714e-05, -6.781043e-06
17.300000, 4.482542e-05, 1.501032e-05, 1.501032e-05, -7.558346e-06
17.400000, 4.156158e-05, 1.325113e-05, 1.325113e-05, -8.408878e-06
17.500000, 3.830106e-05, 1.137944e-05, 1.137944e-05, -9.311741e-06
17.600000, 3.495992e-05, 9.512407e-06, 9.512407e-06, -1.025044e-05
17.700000, 3.164674e-05, 7.625957e-06, 7.625957e-06, -1.115078e-05
17.800000, 2.836098e-05, 5.752277e-06, 5.752277e-06, -1.203615e-05
17.900000, 2.507714e-05, 3.969683e-06, 3.969683e-06, -1.290909e-05
18.000000, 2.195923e-05, 2.222392e-06, 2.222392e-06, -1.373461e-05
18.100000, 1.890165e-05, 5.704521e-07, 5.704521e-07, -1.445494e-05
18.200000, 1.606590e-05, -9.822020e-07, -9.822020e-07, -1.510887e-05
18.300000, 1.337584e-05, -2.385434e-06, -2.385434e-06, -1.567256e-05
18.400000, 1.076197e-05, -3.627343e-06, -3.627343e-06, -1.612141e-05
18.500000, 8.415900e-06, -4.758629e-06, -4.758629e-06, -1.650579e-05
18.600000, 6.305207e-06, -5.739875e-06, -5.739875e-06, -1.674602e-05
18.700000, 4.423995e-06, -6.586578e-06, -6.586578e-06, -1.690428e-05
18.800000, 2.762929e-06, -7.309023e-06, -7.309023e-06, -1.700677e-05
18.900000, 1.216938e-06, -7.949071e-06, -7.949071e-06, -1.702819e-05
19.000000, -9.095563e-08, -8.470519e-06, -8.470519e-06, -1.700509e-05
19.100000, -1.242171e-06, -8.869124e-06, -8.869124e-06, -1.694705e-05
19.200000, -2.161186e-06, -9.092709e-06, -9.092709e-06, -1.679704e-05
19.300000, -2.890479e-06, -9.198121e-06, -9.198121e-06, -1.658020e-05
19.400000, -3.437930e-06, -9.231412e-06, -9.231412e-06, -1.627288e-05
19.500000, -3.783498e-06, -9.174849e-06, -9.174849e-06, -1.587718e-05
19.600000, -4.020300e-06, -9.033800e-06, -9.033800e-06, -1.548950e-05
19.700000, -4.058270e-06, -8.801153e-06, -8.801153e-06, -1.507348e-05
19.800000, -3.959552e-06, -8.508185e-06, -8.508185e-06, -1.453655e-05
19.900000, -3.753777e-06, -8.145705e-06, -8.145705e-06, -1.403095e-05
20.000000, -3.449487e-06, -7.695661e-06, -7.695661e-06, -1.351319e-05
20.100000, -3.035912e-06, -7.204532e-06, -7.204532e-06, -1.291365e-05
20.200000, -2.600295e-06, -6.653008e-06, -6.653008e-06, -1.229574e-05
20.300000, -2.054838e-06, -6.095151e-06, -6.095151e-06, -1.169905e-05
20.400000, -1.448703e-06, -5.526285e-06, -5.526285e-06, -1.107040e-05
20.500000, -7.884366e-07, -4.923076e-06, -4.923076e-06, -1.043509e-05
20.600000, -1.311397e-07, -4.293623e-06, -4.293623e-06, -9.846409e-06
20.700000, 5.038472e-07, -3.684880e-06, -3.684880e-06, -9.288897e-06
20.800000, 1.133803e-06, -3.093955e-06, -3.093955e-06, -8.747583e-06
20.900000, 1.791627e-06, -2.546180e-06, -2.546180e-06, -8.259205e-06
21.000000, 2.464126e-06, -1.998733e-06, -1.998733e-06, -7.775634e-06
21.100000, 3.116072e-06, -1.471067e-06, -1.471067e-06, -7.292172e-06
21.200000, 3.726559e-06, -9.728145e-07, -9.728145e-07, -6.824364e-06
21.300000, 4.227241e-06, -5.157532e-07, -5.157532e-07, -6.337894e-06
21.400000, 4.675608e-06, -6.050847e-08, -6.050847e-08, -5.910421e-06
21.500000, 5.065985e-06, 3.477071e-07, 3.477071e-07, -5.467372e-06
21.600000, 5.435515e-06, 7.024921e-07, 7.024921e-07, -5.008013e-06
21.700000, 5.704804e-06, 9.991202e-07, 9.991202e-07, -4.608224e-06
21.800000, 5.866076e-06, 1.290872e-06, 1.290872e-06, -4.215042e-06
21.900000, 5.945124e-06, 1.535064e-06, 1.535064e-06, -3.842153e-06
22.000000, 5.976350e-06, 1.747501e-06, 1.747501e-06, -3.496841e-06
22.100000, 5.920559e-06, 1.923440e-06, 1.923440e-06, -3.117078e-06
22.200000, 5.815817e-06, 2.066184e-06, 2.066184e-06, -2.766798e-06
22.300000, 5.660835e-06, 2.155084e-06, 2.155084e-06, -2.459382e-06
22.400000, 5.447901e-06, 2.179864e-06, 2.179864e-06, -2.203493e-06
22.500000, 5.184958e-06, 2.183107e-06, 2.183107e-06, -1.942678e-06
22.600000, 4.857871e-06, 2.171103e-06, 2.171103e-06, -1.691658e-06
22.700000, 4.543187e-06, 2.137326e-06, 2.137326e-06, -1.479566e-06
22.800000, 4.169211e-06, 2.085692e-06, 2.085692e-06, -1.253335e-06
22.900000, 3.823442e-06, 2.003977e-06, 2.003977e-06, -1.041385e-06
23.000000, 3.425109e-06, 1.908614e-06, 1.908614e-06, -8.439669e-07
23.100000, 2.985226e-06, 1.803927e-06, 1.803927e-06, -6.195537e-07
23.200000, 2.557064e-06, 1.704636e-06, 1.704636e-06, -4.075371e-07
23.300000, 2.144083e-06, 1.607907e-06, 1.607907e-06, -2.043330e-07
23.400000, 1.754270e-06, 1.537242e-06, 1.537242e-06, 1.707311e-08
23.500000, 1.374850e-06, 1.463482e-06, 1.463482e-06, 2.488818e-07
23.600000, 1.022176e-06, 1.410693e-06, 1.410693e-06, 5.344412e-07
23.700000, 6.419976e-07, 1.369237e-06, 1.369237e-06, 8.249677e-07
23.800000, 3.388492e-07, 1.340313e-06, 1.340313e-06, 1.112143e-06
23.900000, 5.189605e-08, 1.344251e-06, 1.344251e-06, 1.378284e-06
24.000000, -2.290546e-07, 1.346312e-06, 1.346312e-06, 1.637268e-06
24.100000, -5.211004e-07, 1.373703e-06, 1.373703e-06, 1.892362e-06
24.200000, -8.177476e-07, 1.396538e-06, 1.396538e-06, 2.144126e-06
24.300000, -1.053273e-06, 1.399118e-06, 1.399118e-06, 2.370118e-06
24.400000, -1.252251e-06, 1.412845e-06, 1.412845e-06, 2.585676e-06
24.500000, -1.429100e-06, 1.453498e-06, 1.453498e-06, 2.783415e-06
24.600000, -1.562560e-06, 1.499900e-06, 1.499900e-06, 2.956376e-06
24.700000, -1.680532e-06, 1.554036e-06, 1.554036e-06, 3.133069e-06
24.800000, -1.790911e-06, 1.605859e-06, 1.605859e-06, 3.292336e-06
24.900000, -1.916491e-06, 1.680530e-06, 1.680530e-06, 3.426739e-06
25.000000, -1.991119e-06, 1.733251e-06, 1.733251e-06, 3.538453e-06
25.100000, -2.018222e-06, 1.783613e-06, 1.783613e-06, 3.638594e-06
25.200000, -2.008193e-06, 1.840644e-06, 1.840644e-06, 3.715190e-06
25.300000, -1.952369e-06, 1.915832e-06, 1.915832e-06, 3.758773e-06
25.400000, -1.900236e-06, 1.984528e-06, 1.984528e-06, 3.802624e-06
25.500000, -1.830556e-06, 2.079758e-06, 2.079758e-06, 3.827154e-06
25.600000, -1.688455e-06, 2.168944e-06, 2.168944e-06, 3.836317e-06
25.700000, -1.499533e-06, 2.249482e-06, 2.249482e-06, 3.828916e-06
25.800000, -1.295207e-06, 2.333355e-06, 2.333355e-06, 3.814329e-06
25.900000, -1.089270e-06, 2.415062e-06, 2.415062e-06, 3.771156e-06
26.000000, -8.473674e-07, 2.500467e-06, 2.500467e-06, 3.717066e-06
26.100000, -5.791082e-07, 2.574977e-06, 2.574977e-06, 3.623280e-06
26.200000, -2.858964e-07, 2.659725e-06, 2.659725e-06, 3.526019e-06
26.300000, 1.513274e-09, 2.721704e-06, 2.721704e-06, 3.433671e-06
26.400000, 3.130209e-07, 2.777303e-06, 2.777303e-06, 3.321988e-06
26.500000, 5.974128e-07, 2.815604e-06, 2.815604e-06, 3.212568e-06
26.600000, 8.623479e-07, 2.819725e-06, 2.819725e-06, 3.079218e-06
26.700000, 1.112876e-06, 2.815805e-06, 2.815805e-06, 2.930662e-06
26.800000, 1.343720e-06, 2.806919e-06, 2.806919e-06, 2.762910e-06
26.900000, 1.577709e-06, 2.774258e-06, 2.774258e-06, 2.600796e-06
27.000000, 1.775619e-06, 2.716946e-06, 2.716946e-06, 2.443075e-06
27.100000, 1.935756e-06, 2.651748e-06, 2.651748e-06, 2.274714e-06
27.200000, 2.072801e-06, 2.570351e-06, 2.570351e-06, 2.090880e-06
27.300000, 2.180936e-06, 2.483273e-06, 2.483273e-06, 1.907483e-06
27.400000, 2.293945e-06, 2.406017e-06, 2.406017e-06, 1.750244e-06
27.500000, 2.363048e-06, 2.320421e-06, 2.320421e-06, 1.623771e-06
27.600000, 2.441658e-06, 2.227873e-06, 2.227873e-06, 1.487611e-06
27.700000, 2.448578e-06, 2.131872e-06, 2.131872e-06, 1.361557e-06
27.800000, 2.426284e-06, 2.022736e-06, 2.022736e-06, 1.271460e-06
27.900000, 2.399672e-06, 1.931936e-06, 1.931936e-06, 1.162958e-06
28.000000, 2.348793e-06, 1.833303e-06, 1.833303e-06, 1.070859e-06
28.100000, 2.315624e-06, 1.741388e-06, 1.741388e-06, 9.863041e-07
28.200000, 2.241296e-06, 1.646795e-06, 1.646795e-06, 8.828899e-07
28.300000, 2.153119e-06, 1.551416e-06, 1.551416e-06, 8.003887e-07
28.400000, 2.058057e-06, 1.453567e-06, 1.453567e-06, 7.126448e-07
28.500000, 1.948828e-06, 1.344322e-06, 1.344322e-06, 6.280356e-07
28.600000, 1.839627e-06, 1.247259e-06, 1.247259e-06, 5.398629e-07
28.700000, 1.725180e-06, 1.153841e-06, 1.153841e-06, 4.281260e-07
28.800000, 1.605032e-06, 1.055152e-06, 1.055152e-06, 3.091674e-07
28.900000, 1.493340e-06, 9.638210e-07, 9.638210e-07, 1.890343e-07
29.000000, 1.383353e-06, 8.646025e-07, 8.646025e-07, 7.964825e-08
29.100000, 1.289909e-06, 7.807398e-07, 7.807398e-07, -1.799092e-08
29.200000, 1.207244e-06, 6.963000e-07, 6.963000e-07, -1.027464e-07
29.300000, 1.117799e-06, 6.070905e-07, 6.070905e-07, -2.058803e-07
29.400000, 1.047761e-06, 5.263559e-07, 5.263559e-07, -3.008445e-07
29.500000, 9.700846e-07, 4.597689e-07, 4.597689e-07, -3.995873e-07
29.600000, 8.967379e-07, 4.049705e-07, 4.049705e-07, -4.860388e-07
29.700000, 8.536408e-07, 3.498754e-07, 3.498754e-07, -5.504924e-07
29.800000, 8.217531e-07, 2.863691e-07, 2.863691e-07, -6.263933e-07
29.900000, 8.104433e-07, 2.322902e-07, 2.322902e-07, -6.835665e-07
30.000000, 7.789293e-07, 1.808561e-07, 1.808561e-07, -7.460271e-07
30.100000, 7.629568e-07, 1.316743e-07, 1.316743e-07, -7.935347e-07
30.200000, 7.409199e-07, 9.284722e-08, 9.284722e-08, -8.488163e-07
30.300000, 7.140442e-07, 4.632678e-08, 4.632678e-08, -9.035413e-07
30.400000, 6.960456e-07, -4.126982e-09, -4.126982e-09, -9.446195e-07
30.500000, 6.815879e-07, -5.492487e-08, -5.492487e-08, -9.832700e-07
30.600000, 6.784155e-07, -1.045347e-07, -1.045347e-07, -1.018988e-06
30.700000, 6.462178e-07, -1.505049e-07, -1.505049e-07, -1.061553e-06
30.800000, 6.410370e-07, -1.913669e-07, -1.913669e-07, -1.091270e-06
30.900000, 6.467215e-07, -2.248189e-07, -2.248189e-07, -1.125271e-06
31.000000, 6.474919e-07, -2.571100e-07, -2.571100e-07, -1.151551e-06
31.100000, 6.623990e-07, -2.898240e-07, -2.898240e-07, -1.162328e-06
31.200000, 6.506221e-07, -3.187971e-07, -3.187971e-07, -1.175235e-06
31.300000, 6.417160e-07, -3.471999e-07, -3.471999e-07, -1.178342e-06
31.400000, 6.291651e-07, -3.733909e-07, -3.733909e-07, -1.183250e-06
31.500000, 6.387287e-07, -3.841589e-07, -3.841589e-07, -1.182410e-06
31.600000, 6.395744e-07, -3.890075e-07, -3.890075e-07, -1.190450e-06
31.700000, 6.449065e-07, -3.917219e-07, -3.917219e-07, -1.181077e-06
31.800000, 6.529764e-07, -3.926293e-07, -3.926293e-07, -1.175129e-06
31.900000, 6.562137e-07, -3.987998e-07, -3.987998e-07, -1.157141e-06
32.000000, 6.521796e-07, -3.926137e-07, -3.926137e-07, -1.141857e-06
32.100000, 6.591165e-07, -3.797095e-07, -3.797095e-07, -1.136094e-06
32.200000, 6.637622e-07, -3.705668e-07, -3.705668e-07, -1.131676e-06
32.300000, 6.699443e-07, -3.617562e-07, -3.617562e-07, -1.121170e-06
32.400000, 6.732507e-07, -3.482880e-07, -3.482880e-07, -1.103666e-06
32.500000, 6.773510e-07, -3.342012e-07, -3.342012e-07, -1.093318e-06
32.600000, 6.776360e-07, -3.150105e-07, -3.150105e-07, -1.088281e-06
32.700000, 6.817820e-07, -3.037513e-07, -3.037513e-07, -1.085368e-06
32.800000, 6.873968e-07, -2.947626e-07, -2.947626e-07, -1.094225e-06
32.900000, 7.014462e-07, -2.870831e-07, -2.870831e-07, -1.104175e-06
33.000000, 6.944716e-07, -2.769928e-07, -2.769928e-07, -1.113181e-06
33.100000, 6.776796e-07, -2.692138e-07, -2.692138e-07, -1.120114e-06
33.200000, 6.838591e-07, -2.694873e-07, -2.694873e-07, -1.118966e-06
33.300000, 6.879838e-07, -2.651458e-07, -2.651458e-07, -1.120554e-06
33.400000, 7.014225e-07, -2.602590e-07, -2.602590e-07, -1.125545e-06
33.500000, 7.040577e-07, -2.550604e-07, -2.550604e-07, -1.131993e-06
33.600000, 7.078331e-07, -2.501913e-07, -2.501913e-07, -1.138908e-06
33.700000, 7.313194e-07, -2.463380e-07, -2.463380e-07, -1.148696e-06
33.800000, 7.395517e-07, -2.416837e-07, -2.416837e-07, -1.155331e-06
33.900000, 7.654764e-07, -2.296413e-07, -2.296413e-07, -1.160691e-06
34.000000, 7.905788e-07, -2.264328e-07, -2.264328e-07, -1.158476e-06
34.100000, 8.179600e-07, -2.167357e-07, -2.167357e-07, -1.149163e-06
34.200000, 8.481122e-07, -2.089648e-07, -2.089648e-07, -1.135893e-06
34.300000, 8.871042e-07, -1.912411e-07, -1.912411e-07, -1.124628e-06
34.400000, 9.246248e-07, -1.671998e-07, -1.671998e-07, -1.111380e-06
34.500000, 9.623251e-07, -1.479799e-07, -1.479799e-07, -1.089546e-06
34.600000, 1.008909e-06, -1.345454e-07, -1.345454e-07, -1.064907e-06
34.700000, 1.046584e-06, -1.145377e-07, -1.145377e-07, -1.034037e-06
34.800000, 1.088726e-06, -9.629196e-08, -9.629196e-08, -1.005461e-06
34.900000, 1.117897e-06, -6.679753e-08, -6.679753e-08, -9.772808e-07
35.000000, 1.143784e-06, -4.442068e-08, -4.442068e-08, -9.437658e-07
35.100000, 1.169176e-06, -2.615381e-08, -2.615381e-08, -9.080322e-07
35.200000, 1.181223e-06, -1.085014e-08, -1.085014e-08, -8.788642e-07
35.300000, 1.194783e-06, 3.767803e-09, 3.767803e-09, -8.456806e-07
35.400000, 1.203420e-06, 1.412862e-08, 1.412862e-08, -8.146619e-07
35.500000, 1.209088e-06, 2.010615e-08, 2.010615e-08, -7.910842e-07
35.600000, 1.203500e-06, 2.393179e-08, 2.393179e-08, -7.688350e-07
35.700000, 1.180171e-06, 2.504214e-08, 2.504214e-08, -7.466075e-07
35.800000, 1.156854e-06, 2.909035e-08, 2.909035e-08, -7.354796e-07
35.900000, 1.120584e-06, 3.213519e-08, 3.213519e-08, -7.214899e-07
36.000000, 1.080667e-06, 2.648496e-08, 2.648496e-08, -7.007381e-07
36.100000, 1.042447e-06, 2.600464e-08, 2.600464e-08, -6.842467e-07
36.200000, 1.004143e-06, 1.975922e-08, 1.975922e-08, -6.715792e-07
36.300000, 9.644396e-07, 1.477025e-08, 1.477025e-08, -6.647885e-07
36.400000, 9.168782e-07, 5.247507e-09, 5.247507e-09, -6.555111e-07
36.500000, 8.623966e-07, -2.564390e-09, -2.564390e-09, -6.455524e-07
36.600000, 8.067402e-07, -1.151273e-08, -1.151273e-08, -6.315179e-07
36.700000, 7.521689e-07, -1.840755e-08, -1.840755e-08, -6.153535e-07
36.800000, 7.004137e-07, -2.319030e-08, -2.319030e-08, -5.978260e-07
36.900000, 6.559975e-07, -2.466471e-08, -2.466471e-08, -5.803812e-07
37.000000, 6.054647e-07, -3.002830e-08, -3.002830e-08, -5.621733e-07
37.100000, 5.671009e-07, -3.457501e-08, -3.457501e-08, -5.453813e-07
37.200000, 5.232107e-07, -3.582286e-08, -3.582286e-08, -5.327790e-07
37.300000, 4.815325e-07, -4.027008e-08, -4.027008e-08, -5.113496e-07
37.400000, 4.492579e-07, -4.465412e-08, -4.465412e-08, -4.905063e-07
37.500000, 4.138844e-07, -4.589069e-08, -4.589069e-08, -4.695819e-07
37.600000, 3.848425e-07, -4.626112e-08, -4.626112e-08, -4.522927e-07
37.700000, 3.581253e-07, -4.611202e-08, -4.611202e-08, -4.335026e-07
37.800000, 3.328555e-07, -4.242030e-08, -4.242030e-08, -4.113391e-07
37.900000, 3.109818e-07, -4.233134e-08, -4.233134e-08, -3.923017e-07
38.000000, 2.932781e-07, -4.415122e-08, -4.415122e-08, -3.673160e-07
38.100000, 2.777943e-07, -4.353393e-08, -4.353393e-08, -3.471816e-07
38.200000, 2.603054e-07, -4.317719e-08, -4.317719e-08, -3.312397e-07
38.300000, 2.499659e-07, -4.417744e-08, -4.417744e-08, -3.103351e-07
38.400000, 2.329310e-07, -4.272781e-08, -4.272781e-08, -2.970832e-07
38.500000, 2.217234e-07, -4.060819e-08, -4.060819e-08, -2.808162e-07
38.600000, 2.053772e-07, -4.007113e-08, -4.007113e-08, -2.689790e-07
38.700000, 1.994867e-07, -4.032520e-08, -4.032520e-08, -2.488286e-07
38.800000, 1.889780e-07, -4.102856e-08, -4.102856e-08, -2.258700e-07
38.900000, 1.761048e-07, -4.096067e-08, -4.096067e-08, -2.062057e-07
39.000000, 1.675632e-07, -3.834646e-08, -3.834646e-08, -1.856545e-07
39.100000, 1.542637e-07, -3.860428e-08, -3.860428e-08, -1.717027e-07
39.200000, 1.409420e-07, -3.473878e-08, -3.473878e-08, -1.596167e-07
39.300000, 1.329070e-07, -3.353672e-08, -3.353672e-08, -1.455986e-07
39.400000, 1.192749e-07, -3.150396e-08, -3.150396e-08, -1.310961e-07
39.500000, 1.139045e-07, -2.779996e-08, -2.779996e-08, -1.153419e-07
39.600000, 1.040175e-07, -2.251600e-08, -2.251600e-08, -1.012259e-07
39.700000, 9.830489e-08, -1.733194e-08, -1.733194e-08, -8.712305e-08
39.800000, 8.959117e-08, -1.422218e-08, -1.422218e-08, -7.458186e-08
39.900000, 8.200599e-08, -9.368439e-09, -9.368439e-09, -6.468476e-08
40.000000, 7.239488e-08, -7.493641e-09, -7.493641e-09, -5.695436e-08
40.100000, 6.584955e-08, -4.046495e-09, -4.046495e-09, -4.939558e-08
40.200000, 5.709977e-08, -1.445394e-09, -1.445394e-09, -4.611987e-08
40.300000, 4.771522e-08, 1.738231e-09, 1.738231e-09, -3.735543e-08
40.400000, 4.046268e-08, 4.167473e-09, 4.167473e-09, -3.228912e-08
40.500000, 3.731316e-08, 9.467490e-09, 9.467490e-09, -2.802786e-08
40.600000, 2.852568e-08, 1.411893e-08, 1.411893e-08, -2.455280e-08
40.700000, 2.323337e-08, 1.734310e-08, 1.734310e-08, -1.991166e-08
40.800000, 1.902576e-08, 1.974159e-08, 1.974159e-08, -1.688330e-08
40.900000, 1.406645e-08, 1.983597e-08, 1.983597e-08, -1.577332e-08
41.000000, 5.818482e-09, 2.182471e-08, 2.182471e-08, -1.563442e-08
41.100000, 4.605270e-09, 2.365437e-08, 2.365437e-08, -1.267589e-08
41.200000, -3.121101e-09, 2.390285e-08, 2.390285e-08, -1.300993e-08
41.300000, -7.569435e-09, 2.340521e-08, 2.340521e-08, -1.421640e-08
41.400000, -1.124813e-08, 2.466261e-08, 2.466261e-08, -1.574317e-08
41.500000, -1.750577e-08, 2.454663e-08, 2.454663e-08, -1.934937e-08
41.600000, -1.984255e-08, 2.269946e-08, 2.269946e-08, -2.013634e-08
41.700000, -2.324324e-08, 1.941828e-08, 1.941828e-08, -2.452273e-08
41.800000, -2.517554e-08, 1.598268e-08, 1.598268e-08, -2.770473e-08
41.900000, -2.927337e-08, 1.376415e-08, 1.376415e-08, -3.489871e-08
42.000000, -3.508253e-08, 1.138377e-08, 1.138377e-08, -4.215913e-08
42.100000, -3.768024e-08, 6.739000e-09, 6.739000e-09, -4.674138e-08
42.200000, -4.103606e-08, 2.152512e-09, 2.152512e-09, -4.950123e-08
42.300000, -4.140416e-08, -1.588261e-09, -1.588261e-09, -5.396417e-08
42.400000, -4.400516e-08, -4.846144e-09, -4.846145e-09, -5.737968e-08
42.500000, -4.764154e-08, -9.999928e-09, -9.999928e-09, -6.102253e-08
42.600000, -5.448902e-08, -1.362380e-08, -1.362380e-08, -6.397561e-08
42.700000, -5.853096e-08, -1.820527e-08, -1.820527e-08, -6.629472e-08
42.800000, -6.098868e-08, -1.954773e-08, -1.954773e-08, -7.153438e-08
42.900000, -6.030072e-08, -2.063020e-08, -2.063020e-08, -7.207136e-08
43.000000, -5.905930e-08, -2.387223e-08, -2.387223e-08, -7.031748e-08
43.100000, -5.858560e-08, -2.553859e-08, -2.553859e-08, -6.963745e-08
43.200000, -5.628954e-08, -2.849069e-08, -2.849069e-08, -6.818584e-08
43.300000, -5.563936e-08, -2.820476e-08, -2.820476e-08, -6.864228e-08
43.400000, -5.444460e-08, -2.841819e-08, -2.841819e-08, -6.779309e-08
43.500000, -5.055251e-08, -2.736931e-08, -2.736931e-08, -6.480259e-08
43.600000, -5.303083e-08, -2.846915e-08, -2.846915e-08, -6.388297e-08
43.700000, -5.311329e-08, -2.759329e-08, -2.759329e-08, -6.336937e-08
43.800000, -5.225190e-08, -2.510559e-08, -2.510559e-08, -6.501161e-08
43.900000, -5.094989e-08, -2.470621e-08, -2.470621e-08, -6.292262e-08
44.000000, -4.917719e-08, -2.251942e-08, -2.251942e-08, -6.246921e-08
44.100000, -4.771644e-08, -2.160716e-08, -2.160716e-08, -6.323120e-08
44.200000, -4.539971e-08, -2.187157e-08, -2.187157e-08, -6.246863e-08
44.300000, -4.678497e-08, -2.236900e-08, -2.236900e-08, -6.186519e-08
44.400000, -4.628151e-08, -2.195244e-08, -2.195244e-08, -5.976242e-08
44.500000, -4.431660e-08, -2.165859e-08, -2.165859e-08, -5.812634e-08
44.600000, -4.527255e-08, -2.096710e-08, -2.096710e-08, -5.863904e-08
44.700000, -4.423591e-08, -1.875590e-08, -1.875590e-08, -5.882808e-08
44.800000, -4.246809e-08, -1.608379e-08, -1.608379e-08, -5.783136e-08
44.900000, -4.243593e-08, -1.518176e-08, -1.518176e-08, -5.691118e-08
45.000000, -4.036245e-08, -1.387013e-08, -1.387013e-08, -5.378152e-08
45.100000, -3.891991e-08, -1.265967e-08, -1.265967e-08, -5.190095e-08
45.200000, -3.697406e-08, -1.297455e-08, -1.297455e-08, -4.919602e-08
45.300000, -3.400138e-08, -1.107614e-08, -1.107614e-08, -4.790945e-08
45.400000, -3.294146e-08, -8.728278e-09, -8.728278e-09, -4.619857e-08
45.500000, -3.037155e-08, -6.661560e-09, -6.661560e-09, -4.460320e-08
45.600000, -2.670757e-08, -5.748121e-09, -5.748121e-09, -4.345556e-08
45.700000, -2.381022e-08, -3.880638e-09, -3.880638e-09, -3.994893e-08
45.800000, -1.806267e-08, -3.534105e-09, -3.534105e-09, -3.784928e-08
45.900000, -1.578702e-08, -2.986816e-09, -2.986816e-09, -3.577431e-08
46.000000, -1.134361e-08, -1.923925e-09, -1.923925e-09, -3.293290e-08
46.100000, -1.062669e-08, -6.742309e-10, -6.742309e-10, -3.281814e-08
46.200000, -9.425379e-09, -6.550094e-10, -6.550094e-10, -3.293206e-08
46.300000, -6.569446e-09, 8.912891e-10, 8.912891e-10, -3.045195e-08
46.400000, -3.570405e-09, 1.634904e-09, 1.634904e-09, -2.884974e-08
46.500000, -5.817370e-10, 1.936125e-09, 1.936125e-09, -2.644892e-08
46.600000, 3.692896e-09, 2.202420e-09, 2.202420e-09, -2.472268e-08
46.700000, 6.211850e-09, 2.823340e-09, 2.823340e-09, -2.362056e-08
46.800000, 6.462637e-09, 3.049838e-09, 3.049838e-09, -2.110058e-08
46.900000, 7.615991e-09, 4.214227e-09, 4.214227e-09, -1.914886e-08
47.000000, 9.737628e-09, 4.211372e-09, 4.211372e-09, -1.798886e-08
47.100000, 1.048357e-08, 4.802634e-09, 4.802634e-09, -1.751011e-08
47.200000, 1.258053e-08, 5.977007e-09, 5.977007e-09, -1.758127e-08
47.300000, 1.356240e-08, 6.799777e-09, 6.799777e-09, -1.813481e-08
47.400000, 1.489594e-08, 8.357780e-09, 8.357780e-09, -1.907599e-08
47.500000, 1.498137e-08, 8.892738e-09, 8.892738e-09, -2.032207e-08
47.600000, 1.627095e-08, 9.541396e-09, 9.541396e-09, -1.956422e-08
47.700000, 1.818594e-08, 9.561624e-09, 9.561624e-09, -1.877212e-08
47.800000, 1.838962e-08, 9.453723e-09, 9.453723e-09, -1.806216e-08
47.900000, 1.891083e-08, 9.568816e-09, 9.568816e-09, -1.758242e-08
48.000000, 1.952982e-08, 9.696515e-09, 9.696515e-09, -1.743541e-08
48.100000, 1.990503e-08, 9.970186e-09, 9.970186e-09, -1.852264e-08
48.200000, 1.988518e-08, 1.122210e-08, 1.122210e-08, -2.024555e-08
48.300000, 2.026816e-08, 1.187138e-08, 1.187138e-08, -2.146270e-08
48.400000, 2.049975e-08, 1.197137e-08, 1.197137e-08, -2.161630e-08
48.500000, 2.086720e-08, 1.222928e-08, 1.222928e-08, -2.100924e-08
48.600000, 2.136441e-08, 1.197064e-08, 1.197064e-08, -2.019839e-08
48.700000, 2.235884e-08, 1.171202e-08, 1.171202e-08, -2.002054e-08
48.800000, 2.380112e-08, 1.221978e-08, 1.221978e-08, -2.019069e-08
48.900000, 2.391109e-08, 1.237555e-08, 1.237555e-08, -2.043778e-08
49.000000, 2.448341e-08, 1.214135e-08, 1.214135e-08, -2.041099e-08
49.100000, 2.446478e-08, 1.230362e-08, 1.230362e-08, -1.977808e-08
49.200000, 2.433839e-08, 1.244903e-08, 1.244903e-08, -2.037329e-08
49.300000, 2.528312e-08, 1.218346e-08, 1.218346e-08, -1.953940e-08
49.400000, 2.589842e-08, 1.218116e-08, 1.218116e-08, -1.939398e-08
49.500000, 2.741833e-08, 1.217398e-08, 1.217398e-08, -1.908068e-08
49.600000, 2.714057e-08, 1.173377e-08, 1.173377e-08, -1.891379e-08
49.700000, 2.720174e-08, 1.159172e-08, 1.159172e-08, -1.831785e-08
49.800000, 2.801697e-08, 1.119381e-08, 1.119381e-08, -1.862468e-08
49.900000, 2.774932e-08, 9.995908e-09, 9.995908e-09, -1.811090e-08
50.000000, 2.800817e-08, 9.725931e-09, 9.725931e-09, -1.807785e-08
50.100000, 2.758814e-08, 9.439733e-09, 9.439733e-09, -1.801318e-08
50.200000, 2.691285e-08, 9.425893e-09, 9.425893e-09, -1.764685e-08
50.300000, 2.738331e-08, 9.496771e-09, 9.496771e-09, -1.688389e-08
50.400000, 2.643263e-08, 9.500363e-09, 9.500363e-09, -1.655260e-08
50.500000, 2.571315e-08, 9.097514e-09, 9.097514e-09, -1.605084e-08
50.600000, 2.557016e-08, 9.004422e-09, 9.004422e-09, -1.543578e-08
50.700000, 2.510919e-08, 8.650220e-09, 8.650221e-09, -1.479815e-08
50.800000, 2.482656e-08, 8.855526e-09, 8.855526e-09, -1.435117e-08
50.900000, 2.542144e-08, 9.138260e-09, 9.138260e-09, -1.392550e-08
51.000000, 2.505539e-08, 9.684601e-09, 9.684601e-09, -1.372189e-08
51.100000, 2.487923e-08, 9.517116e-09, 9.517116e-09, -1.345778e-08
51.200000, 2.468109e-08, 9.456468e-09, 9.456468e-09, -1.319586e-08
51.300000, 2.425181e-08, 9.362462e-09, 9.362462e-09, -1.226581e-08
51.400000, 2.382422e-08, 9.292985e-09, 9.292985e-09, -1.185547e-08
51.500000, 2.255204e-08, 9.318960e-09, 9.318960e-09, -1.196642e-08
51.600000, 2.199205e-08, 9.259009e-09, 9.259009e-09, -1.200197e-08
51.700000, 2.181929e-08, 9.287383e-09, 9.287383e-09, -1.238067e-08
51.800000, 2.167088e-08, 9.268380e-09, 9.268380e-09, -1.221961e-08
51.900000, 2.198937e-08, 9.480614e-09, 9.480614e-09, -1.197019e-08
52.000000, 2.182637e-08, 9.199160e-09, 9.199160e-09, -1.159962e-08
52.100000, 2.135758e-08, 8.510174e-09, 8.510174e-09, -1.122379e-08
52.200000, 2.076280e-08, 8.051914e-09, 8.051914e-09, -1.105681e-08
52.300000, 2.066303e-08, 7.761950e-09, 7.761950e-09, -1.073021e-08
52.400000, 2.060640e-08, 7.509042e-09, 7.509042e-09, -1.039928e-08
52.500000, 2.004290e-08, 7.650512e-09, 7.650512e-09, -1.023283e-08
52.600000, 1.997779e-08, 7.336326e-09, 7.336326e-09, -1.074978e-08
52.700000, 1.969960e-08, 7.082444e-09, 7.082444e-09, -1.106225e-08
52.800000, 2.000672e-08, 6.707873e-09, 6.707873e-09, -1.134109e-08
52.900000, 2.023419e-08, 6.497340e-09, 6.497340e-09, -1.133014e-08
53.000000, 2.047046e-08, 6.351121e-09, 6.351122e-09, -1.103917e-08
53.100000, 2.020469e-08, 5.951535e-09, 5.951535e-09, -1.130522e-08
53.200000, 2.021588e-08, 5.561563e-09, 5.561563e-09, -1.095793e-08
53.300000, 1.990418e-08, 5.157565e-09, 5.157565e-09, -1.074172e-08
53.400000, 1.978206e-08, 4.986436e-09, 4.986436e-09, -1.039821e-08
53.500000, 1.942370e-08, 4.668926e-09, 4.668926e-09, -1.047672e-08
53.600000, 1.894888e-08, 4.479830e-09, 4.479830e-09, -1.084807e-08
53.700000, 1.857239e-08, 4.053585e-09, 4.053585e-09, -1.132745e-08
53.800000, 1.828708e-08, 3.611323e-09, 3.611323e-09, -1.108787e-08
53.900000, 1.785172e-08, 3.457709e-09, 3.457709e-09, -1.090500e-08
54.000000, 1.768584e-08, 3.199206e-09, 3.199206e-09, -1.083897e-08
54.100000, 1.716557e-08, 2.724406e-09, 2.724406e-09, -1.055096e-08
54.200000, 1.727797e-08, 2.095321e-09, 2.095321e-09, -1.038808e-08
54.300000, 1.694881e-08, 2.109760e-09, 2.109760e-09, -1.037589e-08
54.400000, 1.662322e-08, 1.911728e-09, 1.911728e-09, -1.038323e-08
54.500000, 1.609015e-08, 1.807500e-09, 1.807500e-09, -1.022338e-08
54.600000, 1.541387e-08, 1.506190e-09, 1.506190e-09, -1.001252e-08
54.700000, 1.477274e-08, 1.055212e-09, 1.055212e-09, -9.637470e-09
54.800000, 1.423987e-08, 8.547507e-10, 8.547507e-10, -9.764395e-09
54.900000, 1.403209e-08, 7.465069e-10, 7.465070e-10, -9.379813e-09
55.000000, 1.355798e-08, 5.446395e-10, 5.446396e-10, -9.151095e-09
55.100000, 1.333660e-08, 4.953373e-10, 4.953374e-10, -8.802135e-09
55.200000, 1.304736e-08, 1.950605e-10, 1.950605e-10, -8.588458e-09
55.300000, 1.259082e-08, 2.095188e-10, 2.095188e-10, -8.394198e-09
55.400000, 1.200361e-08, 1.083843e-10, 1.083844e-10, -8.474800e-09
55.500000, 1.146047e-08, -6.533819e-11, -6.533816e-11, -8.071000e-09
55.600000, 1.127119e-08, -2.893154e-10, -2.893154e-10, -7.833392e-09
55.700000, 1.070440e-08, -4.872223e-10, -4.872222e-10, -7.783571e-09
55.800000, 1.030673e-08, -4.031154e-10, -4.031154e-10, -7.638457e-09
55.900000, 1.001399e-08, -6.128756e-10, -6.128756e-10, -7.324943e-09
56.000000, 9.528917e-09, -7.543583e-10, -7.543583e-10, -7.163479e-09
56.100000, 9.057457e-09, -7.297391e-10, -7.297390e-10, -7.065786e-09
56.200000, 8.719431e-09, -8.310116e-10, -8.310116e-10, -7.195111e-09
56.300000, 8.667554e-09, -9.319157e-10, -9.319157e-10, -7.191451e-09
56.400000, 8.228410e-09, -8.682593e-10, -8.682592e-10, -7.189386e-09
56.500000, 7.949847e-09, -9.475488e-10, -9.475488e-10, -7.036374e-09
56.600000, 7.870412e-09, -8.130907e-10, -8.130906e-10, -6.833049e-09
56.700000, 7.556461e-09, -7.147252e-10, -7.147252e-10, -6.762958e-09
56.800000, 7.285363e-09, -7.001810e-10, -7.001810e-10, -6.899053e-09
56.900000, 7.121331e-09, -7.980589e-10, -7.980589e-10, -6.797706e-09
57.000000, 6.943832e-09, -9.020475e-10, -9.020474e-10, -6.678037e-09
57.100000, 6.754928e-09, -8.558958e-10, -8.558957e-10, -6.579096e-09
57.200000, 6.684663e-09, -8.274877e-10, -8.274877e-10, -6.406861e-09
57.300000, 6.429973e-09, -7.592364e-10, -7.592364e-10, -6.302336e-09
57.400000, 6.338251e-09, -6.780044e-10, -6.780044e-10, -6.162934e-09
57.500000, 6.131071e-09, -8.415303e-10, -8.415303e-10, -5.828387e-09
57.600000, 5.902354e-09, -8.677765e-10, -8.677765e-10, -5.674031e-09
57.700000, 5.746643e-09, -8.510315e-10, -8.510315e-10, -5.448328e-09
57.800000, 5.496128e-09, -8.664221e-10, -8.664220e-10, -5.311068e-09
57.900000, 5.402339e-09, -8.186757e-10, -8.186757e-10, -5.219577e-09
58.000000, 4.993390e-09, -8.111071e-10, -8.111071e-10, -5.173520e-09
58.100000, 4.823443e-09, -7.987206e-10, -7.987206e-10, -5.189730e-09
58.200000, 4.722137e-09, -7.736693e-10, -7.736693e-10, -5.137512e-09
58.300000, 4.479333e-09, -7.400693e-10, -7.400693e-10, -4.891712e-09
58.400000, 4.388228e-09, -7.528465e-10, -7.528465e-10, -4.839395e-09
58.500000, 4.120434e-09, -7.830094e-10, -7.830094e-10, -4.840592e-09
58.600000, 3.781943e-09, -8.181278e-10, -8.181278e-10, -4.901954e-09
58.700000, 3.554077e-09, -7.590051e-10, -7.590051e-10, -4.831214e-09
58.800000, 3.240177e-09, -7.386166e-10, -7.386166e-10, -4.766416e-09
58.900000, 3.257335e-09, -7.136838e-10, -7.136838e-10, -4.544375e-09
59.000000, 3.237977e-09, -7.170782e-10, -7.170781e-10, -4.506552e-09
59.100000, 3.064826e-09, -6.961499e-10, -6.961499e-10, -4.390258e-09
59.200000, 2.814668e-09, -6.459246e-10, -6.459245e-10, -4.231099e-09
59.300000, 2.794572e-09, -5.727575e-10, -5.727575e-10, -4.260872e-09
59.400000, 2.453904e-09, -4.612274e-10, -4.612274e-10, -4.223248e-09
59.500000, 2.340179e-09, -4.046709e-10, -4.046709e-10, -4.186475e-09
59.600000, 2.237340e-09, -4.120215e-10, -4.120215e-10, -4.065606e-09
59.700000, 2.134999e-09, -3.975315e-10, -3.975314e-10, -3.956598e-09
59.800000, 1.954605e-09, -3.467133e-10, -3.467133e-10, -3.917336e-09
59.900000, 1.918372e-09, -2.747003e-10, -2.747003e-10, -3.797029e-09
60.000000, 1.752172e-09, -2.622618e-10, -2.622618e-10, -3.757824e-09
60.100000, 1.579506e-09, -2.992021e-10, -2.992021e-10, -3.675424e-09
60.200000, 1.388004e-09, -3.232126e-10, -3.232126e-10, -3.662070e-09
60.300000, 1.394714e-09, -3.892302e-10, -3.892302e-10, -3.539583e-09
60.400000, 1.262383e-09, -3.679470e-10, -3.679470e-10, -3.435719e-09
60.500000, 1.295521e-09, -3.212545e-10, -3.212545e-10, -3.358959e-09
60.600000, 1.222657e-09, -2.995474e-10, -2.995474e-10, -3.361831e-09
60.700000, 1.171791e-09, -2.826424e-10, -2.826424e-10, -3.406954e-09
60.800000, 1.021755e-09, -2.855242e-10, -2.855242e-10, -3.382243e-09
60.900000, 9.692335e-10, -2.302298e-10, -2.302298e-10, -3.214188e-09
61.000000, 7.721205e-10, -3.040230e-10, -3.040230e-10, -3.120168e-09
61.100000, 7.670542e-10, -3.508419e-10, -3.508419e-10, -2.945822e-09
61.200000, 6.164978e-10, -3.655963e-10, -3.655963e-10, -2.905723e-09
61.300000, 6.348278e-10, -4.033602e-10, -4.033602e-10, -2.774457e-09
61.400000, 5.867888e-10, -4.280544e-10, -4.280544e-10, -2.704813e-09
61.500000, 6.087718e-10, -3.778017e-10, -3.778017e-10, -2.640398e-09
61.600000, 5.541442e-10, -3.392542e-10, -3.392542e-10, -2.594873e-09
61.700000, 5.446893e-10, -3.503451e-10, -3.503451e-10, -2.453352e-09
61.800000, 4.748675e-10, -3.089101e-10, -3.089101e-10, -2.435512e-09
61.900000, 4.390982e-10, -2.502270e-10, -2.502270e-10, -2.410393e-09
62.000000, 3.120445e-10, -2.208664e-10, -2.208664e-10, -2.315549e-09
62.100000, 3.445263e-10, -1.890939e-10, -1.890939e-10, -2.263284e-09
62.200000, 2.888584e-10, -1.322215e-10, -1.322215e-10, -2.242180e-09
62.300000, 2.710100e-10, -1.454339e-10, -1.454339e-10, -2.181772e-09
62.400000, 2.301240e-10, -1.435803e-10, -1.435803e-10, -2.144143e-09
62.500000, 2.133214e-10, -1.088108e-10, -1.088108e-10, -2.075553e-09
62.600000, 1.126195e-10, -1.462929e-10, -1.462929e-10, -2.072517e-09
62.700000, 1.400911e-10, -8.959094e-11, -8.959094e-11, -2.027192e-09
62.800000, 1.073774e-10, -6.179874e-11, -6.179874e-11, -1.973922e-09
62.900000, 8.952836e-11, -1.443656e-11, -1.443656e-11, -1.920609e-09
63.000000, -3.081903e-11, 5.209127e-11, 5.209127e-11, -1.892740e-09
63.100000, -5.666805e-11, 9.074542e-11, 9.074542e-11, -1.819484e-09
63.200000, -1.185595e-10, 8.495764e-11, 8.495763e-11, -1.797753e-09
63.300000, -1.325995e-10, 9.150832e-11, 9.150832e-11, -1.717743e-09
63.400000, -2.162375e-10, 9.748785e-11, 9.748785e-11, -1.666234e-09
63.500000, -2.002643e-10, 9.103890e-11, 9.103890e-11, -1.597213e-09
63.600000, -2.096493e-10, 7.627048e-11, 7.627048e-11, -1.574434e-09
63.700000, -1.997795e-10, 1.177206e-10, 1.177206e-10, -1.520891e-09
63.800000, -2.079763e-10, 1.280867e-10, 1.280867e-10, -1.478920e-09
63.900000, -2.026437e-10, 1.596575e-10, 1.596575e-10, -1.426780e-09
64.000000, -2.411979e-10, 1.377611e-10, 1.377611e-10, -1.404598e-09
64.100000, -2.499393e-10, 1.482659e-10, 1.482659e-10, -1.369651e-09
64.200000, -2.256199e-10, 1.381684e-10, 1.381684e-10, -1.359622e-09
64.300000, -2.147400e-10, 1.541235e-10, 1.541234e-10, -1.338155e-09
64.400000, -2.430107e-10, 1.423015e-10, 1.423015e-10, -1.323074e-09
64.500000, -2.494340e-10, 1.755640e-10, 1.755640e-10, -1.237030e-09
64.600000, -2.341465e-10, 1.595665e-10, 1.595665e-10, -1.210404e-09
64.700000, -1.606362e-10, 1.684742e-10, 1.684741e-10, -1.200823e-09
64.800000, -1.574352e-10, 1.762648e-10, 1.762648e-10, -1.192591e-09
64.900000, -1.453310e-10, 1.902842e-10, 1.902842e-10, -1.150741e-09
65.000000, -1.340763e-10, 1.957350e-10, 1.957349e-10, -1.130770e-09
65.100000, -1.141112e-10, 2.198852e-10, 2.198852e-10, -1.082356e-09
65.200000, -1.034113e-10, 2.212609e-10, 2.212608e-10, -1.074238e-09
65.300000, -6.526339e-11, 2.395727e-10, 2.395727e-10, -1.019236e-09
65.400000, -5.741927e-11, 2.046381e-10, 2.046381e-10, -9.962653e-10
65.500000, -5.959781e-11, 2.248517e-10, 2.248517e-10, -9.815924e-10
65.600000, -5.736644e-11, 2.242377e-10, 2.242377e-10, -9.818511e-10
65.700000, -2.747503e-11, 2.308669e-10, 2.308669e-10, -9.551599e-10
65.800000, -2.067977e-11, 2.373390e-10, 2.373390e-10, -9.428329e-10
65.900000, -2.429609e-11, 2.551062e-10, 2.551061e-10, -9.122854e-10
66.000000, -3.608437e-11, 2.383420e-10, 2.383420e-10, -9.381348e-10
66.100000, -5.591841e-12, 2.560285e-10, 2.560285e-10, -9.216930e-10
66.200000, 1.851344e-11, 2.695386e-10, 2.695386e-10, -8.913104e-10
66.300000, 4.113233e-11, 2.833269e-10, 2.833269e-10, -8.477368e-10
66.400000, 3.927556e-11, 2.799909e-10, 2.799909e-10, -8.436433e-10
66.500000, 5.401253e-11, 2.704929e-10, 2.704929e-10, -8.068165e-10
66.600000, 3.441936e-11, 2.504732e-10, 2.504732e-10, -7.932520e-10
66.700000, 5.650269e-11, 2.551726e-10, 2.551726e-10, -7.504795e-10
66.800000, 8.185536e-11, 2.473030e-10, 2.473030e-10, -7.436815e-10
66.900000, 1.005560e-10, 2.437323e-10, 2.437323e-10, -7.287547e-10
67.000000, 9.086482e-11, 2.364319e-10, 2.364319e-10, -7.235411e-10
67.100000, 9.896513e-11, 2.387876e-10, 2.387876e-10, -6.863788e-10
67.200000, 9.305308e-11, 2.254757e-10, 2.254757e-10, -6.847850e-10
67.300000, 1.120020e-10, 2.483273e-10, 2.483272e-10, -6.630463e-10
67.400000, 1.159440e-10, 2.501102e-10, 2.501102e-10, -6.578719e-10
67.500000, 1.361999e-10, 2.458647e-10, 2.458647e-10, -6.447360e-10
67.600000, 1.403641e-10, 2.418145e-10, 2.418145e-10, -6.450720e-10
67.700000, 1.525445e-10, 2.489498e-10, 2.489498e-10, -6.137920e-10
67.800000, 1.598128e-10, 2.579727e-10, 2.579727e-10, -5.947324e-10
67.900000, 1.831162e-10, 2.684396e-10, 2.684396e-10, -5.684012e-10
68.000000, 1.768997e-10, 2.523377e-10, 2.523377e-10, -5.661679e-10
68.100000, 1.877696e-10, 2.427546e-10, 2.427546e-10, -5.625135e-10
68.200000, 1.883485e-10, 2.322901e-10, 2.322901e-10, -5.655602e-10
68.300000, 2.082288e-10, 2.384566e-10, 2.384566e-10, -5.373343e-10
68.400000, 2.126631e-10, 2.466701e-10, 2.466701e-10, -5.264795e-10
68.500000, 2.254546e-10, 2.558034e-10, 2.558034e-10, -4.875957e-10
68.600000, 2.144878e-10, 2.452146e-10, 2.452146e-10, -4.928771e-10
68.700000, 2.237529e-10, 2.424294e-10, 2.424294e-10, -4.704332e-10
68.800000, 2.166182e-10, 2.389624e-10, 2.389624e-10, -4.722800e-10
68.900000, 2.380148e-10, 2.383791e-10, 2.383791e-10, -4.366774e-10
69.000000, 2.442937e-10, 2.299799e-10, 2.299799e-10, -4.259643e-10
69.100000, 2.504973e-10, 2.274247e-10, 2.274247e-10, -4.143725e-10
69.200000, 2.379513e-10, 2.165577e-10, 2.165577e-10, -4.264022e-10
69.300000, 2.586604e-10, 2.134539e-10, 2.134539e-10, -4.109061e-10
69.400000, 2.500455e-10, 2.048744e-10, 2.048743e-10, -4.101428e-10
69.500000, 2.690924e-10, 2.061570e-10, 2.061570e-10, -3.871764e-10
69.600000, 2.617597e-10, 1.955767e-10, 1.955767e-10, -3.824603e-10
69.700000, 2.630626e-10, 1.883924e-10, 1.883924e-10, -3.673949e-10
69.800000, 2.473632e-10, 1.804527e-10, 1.804527e-10, -3.710583e-10
69.900000, 2.586459e-10, 1.850185e-10, 1.850185e-10, -3.470880e-10
70.000000, 2.562762e-10, 1.781300e-10, 1.781299e-10, -3.493893e-10
70.100000, 2.715915e-10, 1.810918e-10, 1.810918e-10, -3.316651e-10
70.200000, 2.690630e-10, 1.748947e-10, 1.748946e-10, -3.320095e-10
70.300000, 2.814524e-10, 1.738767e-10, 1.738767e-10, -3.111576e-10
70.400000, 2.751527e-10, 1.667229e-10, 1.667229e-10, -3.100955e-10
70.500000, 2.920029e-10, 1.702267e-10, 1.702267e-10, -2.864198e-10
70.600000, 2.814971e-10, 1.652760e-10, 1.652760e-10, -2.872286e-10
70.700000, 2.946471e-10, 1.649897e-10, 1.649897e-10, -2.686981e-10
70.800000, 2.878401e-10, 1.537546e-10, 1.537546e-10, -2.690590e-10
70.900000, 2.910310e-10, 1.538179e-10, 1.538179e-10, -2.591832e-10
71.000000, 2.785525e-10, 1.478398e-10, 1.478397e-10, -2.619505e-10
71.100000, 2.945207e-10, 1.483821e-10, 1.483821e-10, -2.459883e-10
71.200000, 2.818398e-10, 1.429358e-10, 1.429358e-10, -2.503902e-10
71.300000, 2.898758e-10, 1.438759e-10, 1.438759e-10, -2.399180e-10
71.400000, 2.810022e-10, 1.351995e-10, 1.351995e-10, -2.425939e-10
71.500000, 2.891107e-10, 1.333339e-10, 1.333339e-10, -2.285029e-10
71.600000, 2.812558e-10, 1.284798e-10, 1.284798e-10, -2.257023e-10
71.700000, 2.900374e-10, 1.300562e-10, 1.300562e-10, -2.088068e-10
71.800000, 2.787370e-10, 1.238601e-10, 1.238601e-10, -2.133111e-10
71.900000, 2.858828e-10, 1.209599e-10, 1.209599e-10, -2.003596e-10
72.000000, 2.682572e-10, 1.113710e-10, 1.113710e-10, -2.060119e-10
72.100000, 2.754822e-10, 1.088076e-10, 1.088076e-10, -1.942579e-10
72.200000, 2.619679e-10, 1.017304e-10, 1.017304e-10, -1.973214e-10
72.300000, 2.666998e-10, 1.004221e-10, 1.004221e-10, -1.837917e-10
72.400000, 2.519943e-10, 9.531035e-11, 9.531035e-11, -1.843613e-10
72.500000, 2.561384e-10, 9.371515e-11, 9.371515e-11, -1.705094e-10
72.600000, 2.450856e-10, 8.644058e-11, 8.644058e-11, -1.741606e-10
72.700000, 2.530830e-10, 8.819596e-11, 8.819596e-11, -1.625155e-10
72.800000, 2.384468e-10, 8.334365e-11, 8.334366e-11, -1.659890e-10
72.900000, 2.416181e-10, 8.219625e-11, 8.219625e-11, -1.564903e-10
73.000000, 2.310945e-10, 7.653190e-11, 7.653191e-11, -1.598338e-10
73.100000, 2.362582e-10, 7.648135e-11, 7.648135e-11, -1.495749e-10
73.200000, 2.255322e-10, 7.103131e-11, 7.103132e-11, -1.551471e-10
73.300000, 2.296274e-10, 7.209320e-11, 7.209321e-11, -1.435677e-10
73.400000, 2.180528e-10, 6.778053e-11, 6.778053e-11, -1.451280e-10
73.500000, 2.180607e-10, 6.768308e-11, 6.768308e-11, -1.336147e-10
73.600000, 2.036112e-10, 6.246580e-11, 6.246581e-11, -1.384365e-10
73.700000, 2.072570e-10, 6.224183e-11, 6.224184e-11, -1.306451e-10
73.800000, 1.931720e-10, 5.625282e-11, 5.625282e-11, -1.353111e-10
73.900000, 1.945242e-10, 5.720938e-11, 5.720938e-11, -1.247658e-10
74.000000, 1.820466e-10, 5.266193e-11, 5.266194e-11, -1.299768e-10
74.100000, 1.872197e-10, 5.349342e-11, 5.349342e-11, -1.211097e-10
74.200000, 1.741859e-10, 4.859904e-11, 4.859905e-11, -1.255567e-10
74.300000, 1.742215e-10, 5.028764e-11, 5.028764e-11, -1.158442e-10
74.400000, 1.616341e-10, 4.430837e-11, 4.430837e-11, -1.185093e-10
74.500000, 1.641771e-10, 4.456415e-11, 4.456416e-11, -1.079416e-10
74.600000, 1.521139e-10, 3.883727e-11, 3.883727e-11, -1.124973e-10
74.700000, 1.566054e-10, 3.891238e-11, 3.891239e-11, -1.030191e-10
74.800000, 1.437580e-10, 3.418047e-11, 3.418048e-11, -1.087289e-10
74.900000, 1.447221e-10, 3.536085e-11, 3.536086e-11, -1.011848e-10
75.000000, 1.319825e-10, 3.140607e-11, 3.140608e-11, -1.054151e-10
75.100000, 1.340700e-10, 3.235467e-11, 3.235468e-11, -9.493037e-11
75.200000, 1.218659e-10, 2.788750e-11, 2.788751e-11, -9.984809e-11
75.300000, 1.239474e-10, 2.874570e-11, 2.874571e-11, -9.190963e-11
75.400000, 1.115525e-10, 2.407204e-11, 2.407205e-11, -9.722728e-11
75.500000, 1.137178e-10, 2.550143e-11, 2.550144e-11, -8.926440e-11
75.600000, 1.037648e-10, 2.118984e-11, 2.118985e-11, -9.152928e-11
75.700000, 1.072410e-10, 2.328091e-11, 2.328092e-11, -8.167795e-11
75.800000, 9.631452e-11, 1.866954e-11, 1.866955e-11, -8.473939e-11
75.900000, 9.952557e-11, 1.941219e-11, 1.941220e-11, -7.509519e-11
76.000000, 8.943967e-11, 1.431403e-11, 1.431404e-11, -7.961034e-11
76.100000, 9.202511e-11, 1.601197e-11, 1.601199e-11, -7.207487e-11
76.200000, 8.160650e-11, 1.317007e-11, 1.317008e-11, -7.686711e-11
76.300000, 8.365785e-11, 1.545385e-11, 1.545386e-11, -6.851509e-11
76.400000, 7.233186e-11, 1.222179e-11, 1.222180e-11, -7.269651e-11
76.500000, 7.439576e-11, 1.367356e-11, 1.367358e-11, -6.495931e-11
76.600000, 6.352006e-11, 1.025336e-11, 1.025337e-11, -6.981314e-11
76.700000, 6.657102e-11, 1.275713e-11, 1.275715e-11, -6.281721e-11
76.800000, 5.606019e-11, 9.767789e-12, 9.767803e-12, -6.669121e-11
76.900000, 5.782669e-11, 1.134851e-11, 1.134852e-11, -5.937885e-11
77.000000, 4.822987e-11, 7.740279e-12, 7.740294e-12, -6.321638e-11
77.100000, 5.127291e-11, 1.008521e-11, 1.008522e-11, -5.603817e-11
77.200000, 4.178992e-11, 7.069224e-12, 7.069239e-12, -5.992713e-11
77.300000, 4.529954e-11, 9.700164e-12, 9.700180e-12, -5.208656e-11
77.400000, 3.524299e-11, 7.235784e-12, 7.235800e-12, -5.602143e-11
77.500000, 3.740291e-11, 9.232179e-12, 9.232195e-12, -4.929776e-11
77.600000, 2.708347e-11, 6.089089e-12, 6.089105e-12, -5.426090e-11
77.700000, 2.986656e-11, 8.263535e-12, 8.263551e-12, -4.697184e-11
77.800000, 1.994821e-11, 5.646854e-12, 5.646871e-12, -5.044175e-11
77.900000, 2.322185e-11, 7.639891e-12, 7.639908e-12, -4.352724e-11
78.000000, 1.441952e-11, 4.590057e-12, 4.590075e-12, -4.813037e-11
78.100000, 1.819715e-11, 6.419360e-12, 6.419377e-12, -4.100495e-11
78.200000, 9.489174e-12, 3.507385e-12, 3.507402e-12, -4.482344e-11
78.300000, 1.357064e-11, 5.694497e-12, 5.694515e-12, -3.804204e-11
78.400000, 5.217785e-12, 2.873249e-12, 2.873267e-12, -4.147031e-11
78.500000, 9.216748e-12, 5.326778e-12, 5.326796e-12, -3.446775e-11
78.600000, 9.664737e-13, 2.507429e-12, 2.507447e-12, -3.885957e-11
78.700000, 4.786034e-12, 4.718642e-12, 4.718661e-12, -3.255702e-11
78.800000, -3.305408e-12, 2.369280e-12, 2.369299e-12, -3.671307e-11
78.900000, 4.694040e-13, 4.795594e-12, 4.795612e-12, -3.020001e-11
79.000000, -7.479221e-12, 2.345201e-12, 2.345220e-12, -3.432278e-11
79.100000, -3.538225e-12, 4.526780e-12, 4.526799e-12, -2.826758e-11
79.200000, -1.133061e-11, 1.865972e-12, 1.865991e-12, -3.246502e-11
79.300000, -7.425579e-12, 3.872136e-12, 3.872155e-12, -2.606307e-11
79.400000, -1.461874e-11, 1.435557e-12, 1.435577e-12, -3.006072e-11
79.500000, -1.015411e-11, 3.791298e-12, 3.791318e-12, -2.375216e-11
79.600000, -1.721942e-11, 1.540810e-12, 1.540830e-12, -2.731666e-11
79.700000, -1.296593e-11, 3.907976e-12, 3.907996e-12, -2.110356e-11
79.800000, -2.023812e-11, 1.700294e-12, 1.700314e-12, -2.513033e-11
79.900000, -1.594597e-11, 3.999144e-12, 3.999164e-12, -1.911182e-11
80.000000, -2.324587e-11, 1.726677e-12, 1.726698e-12, -2.325201e-11
80.100000, -1.907944e-11, 3.977774e-12, 3.977795e-12, -1.737153e-11
80.200000, -2.599537e-11, 1.696026e-12, 1.696047e-12, -2.135309e-11
80.300000, -2.169207e-11, 4.035914e-12, 4.035935e-12, -1.546980e-11
80.400000, -2.841517e-11, 1.764071e-12, 1.764092e-12, -1.935575e-11
80.500000, -2.385570e-11, 3.945014e-12, 3.945035e-12, -1.340540e-11
80.600000, -3.035283e-11, 1.675833e-12, 1.675855e-12, -1.725850e-11
80.700000, -2.592617e-11, 3.868931e-12, 3.868953e-12, -1.160564e-11
80.800000, -3.227371e-11, 1.755327e-12, 1.755348e-12, -1.537975e-11
80.900000, -2.776166e-11, 3.954638e-12, 3.954659e-12, -9.640613e-12
81.000000, -3.378846e-11, 1.953232e-12, 1.953254e-12, -1.332598e-11
81.100000, -2.926204e-11, 4.351960e-12, 4.351982e-12, -7.662267e-12
81.200000, -3.529120e-11, 2.346382e-12, 2.346404e-12, -1.130889e-11
81.300000, -3.075021e-11, 4.669543e-12, 4.669566e-12, -5.760729e-12
81.400000, -3.660531e-11, 2.664528e-12, 2.664551e-12, -9.400623e-12
81.500000, -3.206285e-11, 4.820765e-12, 4.820788e-12, -4.071917e-12
81.600000, -3.764170e-11, 2.763303e-12, 2.763326e-12, -7.969864e-12
81.700000, -3.303206e-11, 4.978924e-12, 4.978946e-12, -2.627227e-12
81.800000, -3.858727e-11, 3.005322e-12, 3.005345e-12, -6.083990e-12
81.900000, -3.396515e-11, 5.198700e-12, 5.198723e-12, -8.149219e-13
82.000000, -3.937204e-11, 3.227950e-12, 3.227973e-12, -4.534380e-12
82.100000, -3.469459e-11, 5.454691e-12, 5.454714e-12, 6.853261e-13
82.200000, -4.010875e-11, 3.610456e-12, 3.610479e-12, -2.964235e-12
82.300000, -3.549570e-11, 5.795384e-12, 5.795407e-12, 2.126541e-12
82.400000, -4.074081e-11, 3.926169e-12, 3.926191e-12, -1.416603e-12
82.500000, -3.607074e-11, 6.153397e-12, 6.153420e-12, 3.623495e-12
82.600000, -4.128900e-11, 4.295053e-12, 4.295076e-12, -5.862281e-14
82.700000, -3.664131e-11, 6.389614e-12, 6.389637e-12, 4.919556e-12
82.800000, -4.170725e-11, 4.520164e-12, 4.520187e-12, 1.311840e-12
82.900000, -3.699635e-11, 6.629207e-12, 6.629229e-12, 6.180758e-12
83.000000, -4.201995e-11, 4.693175e-12, 4.693197e-12, 2.592868e-12
83.100000, -3.733131e-11, 6.744975e-12, 6.744997e-12, 7.412400e-12
83.200000, -4.220028e-11, 4.828152e-12, 4.828174e-12, 3.905721e-12
83.300000, -3.761592e-11, 6.872001e-12, 6.872023e-12, 8.691547e-12
83.400000, -4.237168e-11, 5.023123e-12, 5.023145e-12, 5.143514e-12
83.500000, -3.767200e-11, 7.032121e-12, 7.032143e-12, 9.855463e-12
83.600000, -4.227358e-11, 5.173741e-12, 5.173763e-12, 6.468931e-12
83.700000, -3.757861e-11, 7.170401e-12, 7.170423e-12, 1.107908e-11
83.800000, -4.214763e-11, 5.311091e-12, 5.311113e-12, 7.559840e-12
83.900000, -3.745283e-11, 7.286152e-12, 7.286173e-12, 1.211682e-11
84.000000, -4.195047e-11, 5.485781e-12, 5.485803e-12, 8.625369e-12
84.100000, -3.728376e-11, 7.393880e-12, 7.393902e-12, 1.305179e-11
84.200000, -4.169295e-11, 5.557110e-12, 5.557131e-12, 9.596530e-12
84.300000, -3.707075e-11, 7.486961e-12, 7.486982e-12, 1.399332e-11
84.400000, -4.140639e-11, 5.634681e-12, 5.634702e-12, 1.054957e-11
84.500000, -3.681018e-11, 7.521871e-12, 7.521893e-12, 1.488218e-11
84.600000, -4.109928e-11, 5.705091e-12, 5.705112e-12, 1.145609e-11
84.700000, -3.647819e-11, 7.554964e-12, 7.554985e-12, 1.569105e-11
84.800000, -4.076006e-11, 5.766687e-12, 5.766708e-12, 1.225346e-11
84.900000, -3.622131e-11, 7.589642e-12, 7.589662e-12, 1.647973e-11
85.000000, -4.039902e-11, 5.790380e-12, 5.790401e-12, 1.307762e-11
85.100000, -3.586753e-11, 7.613494e-12, 7.613514e-12, 1.720316e-11
85.200000, -4.002376e-11, 5.839437e-12, 5.839457e-12, 1.381000e-11
85.300000, -3.552161e-11, 7.591015e-12, 7.591034e-12, 1.788232e-11
85.400000, -3.965682e-11, 5.803877e-12, 5.803896e-12, 1.450724e-11
85.500000, -3.520960e-11, 7.537613e-12, 7.537632e-12, 1.853191e-11
85.600000, -3.924312e-11, 5.770700e-12, 5.770718e-12, 1.520640e-11
85.700000, -3.484365e-11, 7.497651e-12, 7.497669e-12, 1.916354e-11
85.800000, -3.882068e-11, 5.733014e-12, 5.733032e-12, 1.588085e-11
85.900000, -3.445587e-11, 7.447875e-12, 7.447893e-12, 1.979449e-11
86.000000, -3.841407e-11, 5.707545e-12, 5.707562e-12, 1.647147e-11
86.100000, -3.407588e-11, 7.377919e-12, 7.377936e-12, 2.035219e-11
86.200000, -3.798180e-11, 5.646035e-12, 5.646052e-12, 1.709272e-11
86.300000, -3.370179e-11, 7.313967e-12, 7.313984e-12, 2.090479e-11
86.400000, -3.755177e-11, 5.582661e-12, 5.582677e-12, 1.764810e-11
86.500000, -3.327979e-11, 7.223917e-12, 7.223932e-12, 2.141563e-11
86.600000, -3.710322e-11, 5.512514e-12, 5.512529e-12, 1.816875e-11
86.700000, -3.286719e-11, 7.125496e-12, 7.125511e-12, 2.187618e-11
86.800000, -3.664940e-11, 5.423819e-12, 5.423834e-12, 1.864441e-11
86.900000, -3.245839e-11, 7.022883e-12, 7.022897e-12, 2.227404e-11
87.000000, -3.621343e-11, 5.320438e-12, 5.320452e-12, 1.908379e-11
87.100000, -3.205556e-11, 6.899684e-12, 6.899698e-12, 2.269040e-11
87.200000, -3.576787e-11, 5.221319e-12, 5.221332e-12, 1.951693e-11
87.300000, -3.164943e-11, 6.779993e-12, 6.780005e-12, 2.308471e-11
87.400000, -3.532762e-11, 5.117458e-12, 5.117470e-12, 1.992492e-11
87.500000, -3.125501e-11, 6.655424e-12, 6.655436e-12, 2.342158e-11
87.600000, -3.488515e-11, 4.979988e-12, 4.979999e-12, 2.027238e-11
87.700000, -3.084393e-11, 6.506469e-12, 6.506480e-12, 2.371371e-11
87.800000, -3.445702e-11, 4.857922e-12, 4.857932e-12, 2.057815e-11
87.900000, -3.045225e-11, 6.356794e-12, 6.356804e-12, 2.399759e-11
88.000000, -3.402180e-11, 4.723399e-12, 4.723408e-12, 2.088878e-11
88.100000, -3.005684e-11, 6.209795e-12, 6.209803e-12, 2.425279e-11
88.200000, -3.358677e-11, 4.585164e-12, 4.585172e-12, 2.115880e-11
88.300000, -2.966210e-11, 6.061213e-12, 6.061221e-12, 2.447992e-11
88.400000, -3.316539e-11, 4.444859e-12, 4.444866e-12, 2.141019e-11
88.500000, -2.927627e-11, 5.898692e-12, 5.898699e-12, 2.468256e-11
88.600000, -3.274571e-11, 4.292720e-12, 4.292726e-12, 2.163573e-11
88.700000, -2.888841e-11, 5.729874e-12, 5.729880e-12, 2.486625e-11
88.800000, -3.231990e-11, 4.138418e-12, 4.138424e-12, 2.183538e-11
88.900000, -2.850504e-11, 5.562052e-12, 5.562057e-12, 2.502888e-11
89.000000, -3.190746e-11, 3.981135e-12, 3.981140e-12, 2.202416e-11
89.100000, -2.812584e-11, 5.389145e-12, 5.389149e-12, 2.517292e-11
89.200000, -3.150306e-11, 3.820104e-12, 3.820108e-12, 2.217846e-11
89.300000, -2.776057e-11, 5.211616e-12, 5.211620e-12, 2.528326e-11
89.400000, -3.110821e-11, 3.650889e-12, 3.650892e-12, 2.230368e-11
89.500000, -2.740061e-11, 5.026590e-12, 5.026593e-12, 2.536710e-11
89.600000, -3.072415e-11, 3.486609e-12, 3.486612e-12, 2.241457e-11
89.700000, -2.705892e-11, 4.852048e-12, 4.852050e-12, 2.544229e-11
89.800000, -3.035640e-11, 3.320794e-12, 3.320796e-12, 2.250760e-11
89.900000, -2.672739e-11, 4.673739e-12, 4.673740e-12, 2.549943e-11
90.000000, -2.999689e-11, 3.159226e-12, 3.159227e-12, 2.258244e-11
90.100000, -2.640687e-11, 4.499639e-12, 4.499639e-12, 2.552871e-11
90.200000, -2.965582e-11, 2.997840e-12, 2.997840e-12, 2.262980e-11
90.300000, -2.610624e-11, 4.326572e-12, 4.326571e-12, 2.554257e-11
90.400000, -2.932847e-11, 2.837590e-12, 2.837589e-12, 2.266423e-11
90.500000, -2.581589e-11, 4.155660e-12, 4.155659e-12, 2.554131e-11
90.600000, -2.900938e-11, 2.681340e-12, 2.681338e-12, 2.268321e-11
90.700000, -2.553227e-11, 3.988602e-12, 3.988600e-12, 2.552753e-11
90.800000, -2.870235e-11, 2.527233e-12, 2.527230e-12, 2.269284e-11
90.900000, -2.525989e-11, 3.821239e-12, 3.821237e-12, 2.550005e-11
91.000000, -2.840573e-11, 2.373449e-12, 2.373445e-12, 2.268594e-11
91.100000, -2.500008e-11, 3.656936e-12, 3.656932e-12, 2.546583e-11
91.200000, -2.811747e-11, 2.222140e-12, 2.222136e-12, 2.267364e-11
91.300000, -2.474287e-11, 3.495267e-12, 3.495262e-12, 2.541831e-11
91.400000, -2.783563e-11, 2.073868e-12, 2.073863e-12, 2.264901e-11
91.500000, -2.449413e-11, 3.335465e-12, 3.335460e-12, 2.536507e-11
91.600000, -2.756158e-11, 1.925981e-12, 1.925975e-12, 2.261657e-11
91.700000, -2.425246e-11, 3.177541e-12, 3.177535e-12, 2.530246e-11
91.800000, -2.729382e-11, 1.782655e-12, 1.782649e-12, 2.257405e-11
91.900000, -2.401759e-11, 3.024543e-12, 3.024536e-12, 2.522716e-11
92.000000, -2.703187e-11, 1.641432e-12, 1.641425e-12, 2.251987e-11
92.100000, -2.378606e-11, 2.872625e-12, 2.872617e-12, 2.514446e-11
92.200000, -2.677675e-11, 1.504543e-12, 1.504535e-12, 2.245625e-11
92.300000, -2.356360e-11, 2.726434e-12, 2.726426e-12, 2.505159e-11
92.400000, -2.652804e-11, 1.370452e-12, 1.370444e-12, 2.238602e-11
92.500000, -2.334460e-11, 2.583021e-12, 2.583012e-12, 2.495202e-11
92.600000, -2.628557e-11, 1.240431e-12, 1.240421e-12, 2.230686e-11
92.700000, -2.313278e-11, 2.444107e-12, 2.444098e-12, 2.484519e-11
92.800000, -2.604772e-11, 1.116771e-12, 1.116761e-12, 2.222184e-11
92.900000, -2.292301e-11, 2.312547e-12, 2.312537e-12, 2.473302e-11
93.000000, -2.581232e-11, 9.990792e-13, 9.990689e-13, 2.212869e-11
93.100000, -2.271772e-11, 2.188030e-12, 2.188019e-12, 2.460991e-11
93.200000, -2.558397e-11, 8.884140e-13, 8.884032e-13, 2.202561e-11
93.300000, -2.251899e-11, 2.069774e-12, 2.069763e-12, 2.448183e-11
93.400000, -2.536001e-11, 7.837216e-13, 7.837102e-13, 2.191776e-11
93.500000, -2.232225e-11, 1.956434e-12, 1.956422e-12, 2.434516e-11
93.600000, -2.513821e-11, 6.842295e-13, 6.842175e-13, 2.179988e-11
93.700000, -2.212848e-11, 1.848917e-12, 1.848904e-12, 2.420032e-11
93.800000, -2.492010e-11, 5.889815e-13, 5.889690e-13, 2.167323e-11
93.900000, -2.193715e-11, 1.746172e-12, 1.746159e-12, 2.404759e-11
94.000000, -2.470389e-11, 5.003508e-13, 5.003378e-13, 2.154055e-11
94.100000, -2.174665e-11, 1.649114e-12, 1.649101e-12, 2.388844e-11
94.200000, -2.448886e-11, 4.147225e-13, 4.147089e-13, 2.140036e-11
94.300000, -2.155694e-11, 1.555490e-12, 1.555476e-12, 2.372345e-11
94.400000, -2.427339e-11, 3.338932e-13, 3.338791e-13, 2.125612e-11
94.500000, -2.136632e-11, 1.466374e-12, 1.466359e-12, 2.355518e-11
94.600000, -2.405766e-11, 2.568231e-13, 2.568084e-13, 2.110727e-11
94.700000, -2.117510e-11, 1.380759e-12, 1.380744e-12, 2.338267e-11
94.800000, -2.384224e-11, 1.822450e-13, 1.822298e-13, 2.095457e-11
94.900000, -2.098393e-11, 1.297636e-12, 1.297621e-12, 2.320711e-11
95.000000, -2.362660e-11, 1.108030e-13, 1.107872e-13, 2.079933e-11
95.100000, -2.079218e-11, 1.218189e-12, 1.218173e-12, 2.302955e-11
95.200000, -2.341046e-11, 4.306175e-14, 4.304545e-14, 2.064185e-11
95.300000, -2.060044e-11, 1.142257e-12, 1.142240e-12, 2.284929e-11
95.400000, -2.319552e-11, -2.126723e-14, -2.128407e-14, 2.048150e-11
95.500000, -2.041004e-11, 1.070166e-12, 1.070149e-12, 2.266786e-11
95.600000, -2.298272e-11, -8.224463e-14, -8.226204e-14, 2.032025e-11
95.700000, -2.022187e-11, 1.001335e-12, 1.001318e-12, 2.248540e-11
95.800000, -2.277360e-11, -1.398921e-13, -1.399100e-13, 2.015800e-11
95.900000, -2.003872e-11, 9.357484e-13, 9.357302e-13, 2.230307e-11
96.000000, -2.256990e-11, -1.940135e-13, -1.940320e-13, 1.999661e-11
96.100000, -1.986020e-11, 8.748879e-13, 8.748691e-13, 2.212242e-11
96.200000, -2.237010e-11, -2.433352e-13, -2.433542e-13, 1.983710e-11
96.300000, -1.968498e-11, 8.180253e-13, 8.180060e-13, 2.194383e-11
96.400000, -2.217558e-11, -2.889659e-13, -2.889855e-13, 1.967934e-11
96.500000, -1.951588e-11, 7.656518e-13, 7.656320e-13, 2.176868e-11
96.600000, -2.198734e-11, -3.295325e-13, -3.295526e-13, 1.952572e-11
96.700000, -1.935424e-11, 7.184691e-13, 7.184488e-13, 2.159758e-11
96.800000, -2.180812e-11, -3.652970e-13, -3.653175e-13, 1.937632e-11
96.900000, -1.920035e-11, 6.759866e-13, 6.759658e-13, 2.143045e-11
97.000000, -2.163495e-11, -3.968325e-13, -3.968536e-13, 1.922911e-11
97.100000, -1.905187e-11, 6.375746e-13, 6.375534e-13, 2.126501e-11
97.200000, -2.146836e-11, -4.243039e-13, -4.243253e-13, 1.908385e-11
97.300000, -1.891093e-11, 6.034013e-13, 6.033796e-13, 2.110245e-11
97.400000, -2.130994e-11, -4.475989e-13, -4.476209e-13, 1.894116e-11
97.500000, -1.877642e-11, 5.732880e-13, 5.732658e-13, 2.094186e-11
97.600000, -2.115705e-11, -4.671491e-13, -4.671714e-13, 1.879995e-11
97.700000, -1.864694e-11, 5.470356e-13, 5.470130e-13, 2.078352e-11
97.800000, -2.100848e-11, -4.829083e-13, -4.829311e-13, 1.866115e-11
97.900000, -1.852238e-11, 5.246868e-13, 5.246638e-13, 2.062737e-11
98.000000, -2.086571e-11, -4.948842e-13, -4.949074e-13, 1.852330e-11
98.100000, -1.840132e-11, 5.059881e-13, 5.059648e-13, 2.047131e-11
98.200000, -2.072531e-11, -5.033818e-13, -5.034054e-13, 1.838495e-11
98.300000, -1.828223e-11, 4.907583e-13, 4.907345e-13, 2.031485e-11
98.400000, -2.058636e-11, -5.088071e-13, -5.088311e-13, 1.824568e-11
98.500000, -1.816296e-11, 4.784456e-13, 4.784215e-13, 2.015736e-11
98.600000, -2.044614e-11, -5.111500e-13, -5.111743e-13, 1.810524e-11
98.700000, -1.804239e-11, 4.695519e-13, 4.695275e-13, 1.999813e-11
98.800000, -2.030488e-11, -5.104660e-13, -5.104905e-13, 1.796091e-11
98.900000, -1.791916e-11, 4.634664e-13, 4.634417e-13, 1.983414e-11
99.000000, -2.015999e-11, -5.071704e-13, -5.071953e-13, 1.781106e-11
99.100000, -1.779218e-11, 4.601687e-13, 4.601437e-13, 1.966359e-11
99.200000, -2.001097e-11, -5.010486e-13, -5.010737e-13, 1.765406e-11
99.300000, -1.765874e-11, 4.594455e-13, 4.594203e-13, 1.948651e-11
99.400000, -1.985504e-11, -4.926538e-13, -4.926792e-13, 1.749001e-11
99.500000, -1.751901e-11, 4.611561e-13, 4.611307e-13, 1.930141e-11
99.600000, -1.969326e-11, -4.820202e-13, -4.820458e-13, 1.731677e-11
99.700000, -1.737314e-11, 4.650716e-13, 4.650459e-13, 1.910629e-11
99.800000, -1.952312e-11, -4.694799e-13, -4.695057e-13, 1.713254e-11
99.900000, -1.721467e-11, 4.704243e-13, 4.703984e-13, 1.889977e-11
100.000000, -1.933940e-11, -4.557793e-13, -4.558052e-13, 1.693626e-11
100.100000, -1.704430e-11, 4.772150e-13, 4.771890e-13, 1.868197e-11
100.200000, -1.914469e-11, -4.407152e-13, -4.407414e-13, 1.672871e-11
100.300000, -1.686031e-11, 4.848911e-13, 4.848649e-13, 1.845202e-11
100.400000, -1.893446e-11, -4.254668e-13, -4.254931e-13, 1.650880e-11
100.500000, -1.666172e-11, 4.928228e-13, 4.927964e-13, 1.821116e-11
100.600000, -1.871205e-11, -4.098646e-13, -4.098911e-13, 1.627871e-11
100.700000, -1.645096e-11, 5.009110e-13, 5.008845e-13, 1.796051e-11
100.800000, -1.847657e-11, -3.945600e-13, -3.945866e-13, 1.603913e-11
100.900000, -1.622668e-11, 5.085200e-13, 5.084933e-13, 1.770160e-11
101.000000, -1.822807e-11, -3.802117e-13, -3.802384e-13, 1.579252e-11
101.100000, -1.598971e-11, 5.149654e-13, 5.149386e-13, 1.743743e-11
101.200000, -1.796932e-11, -3.668921e-13, -3.669190e-13, 1.554231e-11
101.300000, -1.574651e-11, 5.206767e-13, 5.206497e-13, 1.717200e-11
101.400000, -1.770804e-11, -3.545244e-13, -3.545515e-13, 1.529315e-11
101.500000, -1.550292e-11, 5.252958e-13, 5.252687e-13, 1.690966e-11
101.600000, -1.744817e-11, -3.435406e-13, -3.435677e-13, 1.504860e-11
101.700000, -1.526196e-11, 5.283705e-13, 5.283434e-13, 1.665527e-11
101.800000, -1.719338e-11, -3.340916e-13, -3.341188e-13, 1.481572e-11
101.900000, -1.502954e-11, 5.301455e-13, 5.301183e-13, 1.641548e-11
102.000000, -1.695171e-11, -3.259340e-13, -3.259613e-13, 1.460023e-11
102.100000, -1.481395e-11, 5.308076e-13, 5.307803e-13, 1.619736e-11
102.200000, -1.673076e-11, -3.187283e-13, -3.187556e-13, 1.440996e-11
102.300000, -1.462336e-11, 5.310194e-13, 5.309921e-13, 1.600767e-11
102.400000, -1.654086e-11, -3.116031e-13, -3.116304e-13, 1.425112e-11
102.500000, -1.447065e-11, 5.317348e-13, 5.317075e-13, 1.585249e-11
102.600000, -1.639410e-11, -3.035661e-13, -3.035934e-13, 1.412987e-11
102.700000, -1.436458e-11, 5.336706e-13, 5.336433e-13, 1.573966e-11
102.800000, -1.629853e-11, -2.939690e-13, -2.939962e-13, 1.405637e-11
102.900000, -1.431418e-11, 5.376334e-13, 5.376061e-13, 1.567877e-11
103.000000, -1.626251e-11, -2.821842e-13, -2.822114e-13, 1.403718e-11
103.100000, -1.432753e-11, 5.441847e-13, 5.441576e-13, 1.567541e-11
103.200000, -1.629623e-11, -2.674701e-13, -2.674972e-13, 1.407912e-11
103.300000, -1.441411e-11, 5.539052e-13, 5.538781e-13, 1.573726e-11
103.400000, -1.640607e-11, -2.496804e-13, -2.497073e-13, 1.418913e-11
103.500000, -1.458086e-11, 5.667748e-13, 5.667479e-13, 1.586974e-11
103.600000, -1.659963e-11, -2.288092e-13, -2.288360e-13, 1.437267e-11
103.700000, -1.483289e-11, 5.824628e-13, 5.824361e-13, 1.607807e-11
103.800000, -1.687941e-11, -2.056147e-13, -2.056414e-13, 1.463259e-11
103.900000, -1.517227e-11, 6.005135e-13, 6.004870e-13, 1.636226e-11
104.000000, -1.724727e-11, -1.801817e-13, -1.802081e-13, 1.496666e-11
104.100000, -1.559720e-11, 6.203393e-13, 6.203129e-13, 1.671980e-11
104.200000, -1.769561e-11, -1.538336e-13, -1.538599e-13, 1.537327e-11
104.300000, -1.609552e-11, 6.401402e-13, 6.401140e-13, 1.714747e-11
104.400000, -1.821080e-11, -1.282978e-13, -1.283239e-13, 1.584469e-11
104.500000, -1.665292e-11, 6.586770e-13, 6.586511e-13, 1.763400e-11
104.600000, -1.877552e-11, -1.048356e-13, -1.048614e-13, 1.636849e-11
104.700000, -1.724818e-11, 6.742090e-13, 6.741832e-13, 1.816521e-11
104.800000, -1.936465e-11, -8.557717e-14, -8.560280e-14, 1.692728e-11
104.900000, -1.785430e-11, 6.845339e-13, 6.845084e-13, 1.871921e-11
105.000000, -1.994975e-11, -7.264604e-14, -7.267140e-14, 1.749482e-11
105.100000, -1.843840e-11, 6.876431e-13, 6.876179e-13, 1.926881e-11
105.200000, -2.049632e-11, -6.752273e-14, -6.754783e-14, 1.804290e-11
105.300000, -1.896802e-11, 6.827302e-13, 6.827052e-13, 1.978252e-11
105.400000, -2.097176e-11, -7.055964e-14, -7.058446e-14, 1.853951e-11
105.500000, -1.940887e-11, 6.693171e-13, 6.692924e-13, 2.022823e-11
105.600000, -2.133944e-11, -8.301783e-14, -8.304235e-14, 1.894981e-11
105.700000, -1.972349e-11, 6.461872e-13, 6.461629e-13, 2.057172e-11
105.800000, -2.156568e-11, -1.049162e-13, -1.049404e-13, 1.924370e-11
105.900000, -1.988258e-11, 6.139754e-13, 6.139513e-13, 2.078528e-11
106.000000, -2.162384e-11, -1.357268e-13, -1.357507e-13, 1.939502e-11
106.100000, -1.986239e-11, 5.732025e-13, 5.731787e-13, 2.084583e-11
106.200000, -2.149413e-11, -1.746765e-13, -1.747000e-13, 1.938469e-11
106.300000, -1.964759e-11, 5.250370e-13, 5.250136e-13, 2.073855e-11
106.400000, -2.116575e-11, -2.203733e-13, -2.203965e-13, 1.920259e-11
106.500000, -1.923434e-11, 4.709947e-13, 4.709717e-13, 2.045715e-11
106.600000, -2.064465e-11, -2.709748e-13, -2.709976e-13, 1.884383e-11
106.700000, -1.863639e-11, 4.131550e-13, 4.131323e-13, 1.999864e-11
106.800000, -1.994715e-11, -3.244377e-13, -3.244602e-13, 1.831135e-11
106.900000, -1.787155e-11, 3.533856e-13, 3.533633e-13, 1.937381e-11
107.000000, -1.909561e-11, -3.790041e-13, -3.790263e-13, 1.762296e-11
107.100000, -1.696873e-11, 2.935134e-13, 2.934914e-13, 1.860681e-11
107.200000, -1.812518e-11, -4.327168e-13, -4.327386e-13, 1.680869e-11
107.300000, -1.596731e-11, 2.355460e-13, 2.355244e-13, 1.773229e-11
107.400000, -1.707701e-11, -4.836424e-13, -4.836638e-13, 1.590563e-11
107.500000, -1.490823e-11, 1.812663e-13, 1.812451e-13, 1.678755e-11
107.600000, -1.599058e-11, -5.301471e-13, -5.301680e-13, 1.494985e-11
107.700000, -1.382882e-11, 1.322132e-13, 1.321924e-13, 1.580679e-11
107.800000, -1.490054e-11, -5.707423e-13, -5.707629e-13, 1.397337e-11
107.900000, -1.276082e-11, 8.984492e-14, 8.982459e-14, 1.481954e-11
108.000000, -1.383562e-11, -6.040064e-13, -6.040265e-13, 1.300300e-11
108.100000, -1.172969e-11, 5.534782e-14, 5.532799e-14, 1.384969e-11
108.200000, -1.281768e-11, -6.292687e-13, -6.292882e-13, 1.205939e-11
108.300000, -1.075345e-11, 2.888085e-14, 2.886153e-14, 1.291450e-11
108.400000, -1.186098e-11, -6.466269e-13, -6.466459e-13, 1.115664e-11
108.500000, -9.842919e-12, 1.025248e-14, 1.023372e-14, 1.202516e-11
108.600000, -1.097312e-11, -6.563626e-13, -6.563810e-13, 1.030320e-11
108.700000, -9.002753e-12, -9.560509e-16, -9.742389e-16, 1.118763e-11
108.800000, -1.015613e-11, -6.590419e-13, -6.590597e-13, 9.502852e-12
108.900000, -8.232555e-12, -5.423669e-15, -5.441212e-15, 1.040380e-11
109.000000, -9.407391e-12, -6.554192e-13, -6.554364e-13, 8.755837e-12
109.100000, -7.527804e-12, -3.946717e-15, -3.963602e-15, 9.672319e-12
109.200000, -8.720867e-12, -6.463141e-13, -6.463307e-13, 8.059098e-12
109.300000, -6.881294e-12, 2.612551e-15, 2.596346e-15, 8.988364e-12
109.400000, -8.088308e-12, -6.326320e-13, -6.326479e-13, 7.406233e-12
109.500000, -6.283755e-12, 1.332841e-14, 1.331293e-14, 8.344373e-12
109.600000, -7.499616e-12, -6.153137e-13, -6.153288e-13, 6.788978e-12
109.700000, -5.724674e-12, 2.724378e-14, 2.722907e-14, 7.731768e-12
109.800000, -6.944314e-12, -5.953253e-13, -5.953396e-13, 6.198837e-12
109.900000, -5.193975e-12, 4.338342e-14, 4.336947e-14, 7.142483e-12
110.000000, -6.412933e-12, -5.736294e-13, -5.736429e-13, 5.628362e-12
110.100000, -4.682833e-12, 6.082507e-14, 6.081195e-14, 6.569698e-12
110.200000, -5.897230e-12, -5.511042e-13, -5.511169e-13, 5.071281e-12
110.300000, -4.183500e-12, 7.873280e-14, 7.872050e-14, 6.007572e-12
110.400000, -5.389814e-12, -5.285312e-13, -5.285431e-13, 4.522060e-12
110.500000, -3.688790e-12, 9.637652e-14, 9.636509e-14, 5.450748e-12
110.600000, -4.883557e-12, -5.066229e-13, -5.066339e-13, 3.975400e-12
110.700000, -3.191480e-12, 1.130084e-13, 1.129978e-13, 4.893853e-12
110.800000, -4.370995e-12, -4.861916e-13, -4.862017e-13, 3.425709e-12
110.900000, -2.683762e-12, 1.277633e-13, 1.277536e-13, 4.330934e-12
111.000000, -3.843880e-12, -4.681253e-13, -4.681346e-13, 2.866570e-12
111.100000, -2.156872e-12, 1.397487e-13, 1.397399e-13, 3.755073e-12
111.200000, -3.292974e-12, -4.533042e-13, -4.533126e-13, 2.290614e-12
111.300000, -1.601346e-12, 1.481024e-13, 1.480945e-13, 3.158601e-12
111.400000, -2.708960e-12, -4.425805e-13, -4.425880e-13, 1.690176e-12
111.500000, -1.008435e-12, 1.519854e-13, 1.519783e-13, 2.534264e-12
111.600000, -2.084039e-12, -4.367551e-13, -4.367617e-13, 1.058850e-12
111.700000, -3.714654e-13, 1.506560e-13, 1.506498e-13, 1.876935e-12
111.800000, -1.412642e-12, -4.365038e-13, -4.365096e-13, 3.931386e-13
111.900000, 3.139172e-13, 1.434836e-13, 1.434783e-13, 1.184856e-12
112.000000, -6.919710e-13, -4.424327e-13, -4.424375e-13, -3.070635e-13
112.100000, 1.048592e-12, 1.299020e-13, 1.298976e-13, 4.594943e-13
112.200000, 7.670936e-14, -4.550270e-13, -4.550310e-13, -1.038681e-12
112.300000, 1.828979e-12, 1.095427e-13, 1.095392e-13, -2.943232e-13
112.400000, 8.872982e-13, -4.745163e-13, -4.745194e-13, -1.794886e-12
112.500000, 2.646241e-12, 8.229661e-14, 8.229392e-14, -1.067490e-12
112.600000, 1.728047e-12, -5.009255e-13, -5.009278e-13, -2.564076e-12
112.700000, 3.485515e-12, 4.825672e-14, 4.825487e-14, -1.845754e-12
112.800000, 2.580764e-12, -5.338675e-13, -5.338689e-13, -3.329181e-12
112.900000, 4.325251e-12, 8.295824e-15, 8.294833e-15, -2.609149e-12
113.000000, 3.420799e-12, -5.720318e-13, -5.720324e-13, -4.067525e-12
113.100000, 5.138093e-12, -3.609823e-14, -3.609835e-14, -3.332604e-12
113.200000, 4.218403e-12, -6.139212e-13, -6.139209e-13, -4.751869e-12
113.300000, 5.892060e-12, -8.341452e-14, -8.341382e-14, -3.986958e-12
113.400000, 4.939609e-12, -6.579760e-13, -6.579749e-13, -5.351429e-12
113.500000, 6.551686e-12, -1.320267e-13, -1.320251e-13, -4.540143e-12
113.600000, 5.548174e-12, -7.024835e-13, -7.024815e-13, -5.833549e-12
113.700000, 7.081127e-12, -1.801377e-13, -1.801353e-13, -4.960338e-12
113.800000, 6.010487e-12, -7.456085e-13, -7.456056e-13, -6.169277e-12
113.900000, 7.451312e-12, -2.259671e-13, -2.259638e-13, -5.223358e-12
114.000000, 6.303814e-12, -7.857056e-13, -7.857018e-13, -6.340243e-12
114.100000, 7.645976e-12, -2.679571e-13, -2.679529e-13, -5.317061e-12
114.200000, 6.416426e-12, -8.211212e-13, -8.211166e-13, -6.341103e-12
114.300000, 7.655056e-12, -3.043189e-13, -3.043138e-13, -5.243546e-12
114.400000, 6.340868e-12, -8.500866e-13, -8.500811e-13, -6.179468e-12
114.500000, 7.478444e-12, -3.335364e-13, -3.335305e-13, -5.012062e-12
114.600000, 6.086102e-12, -8.714055e-13, -8.713992e-13, -5.865711e-12
114.700000, 7.131421e-12, -3.545717e-13, -3.545650e-13, -4.636333e-12
114.800000, 5.671334e-12, -8.842959e-13, -8.842888e-13, -5.417696e-12
114.900000, 6.636932e-12, -3.670135e-13, -3.670059e-13, -4.137944e-12
115.000000, 5.122802e-12, -8.885258e-13, -8.885178e-13, -4.860366e-12
115.100000, 6.023566e-12, -3.705876e-13, -3.705792e-13, -3.544282e-12
115.200000, 4.471156e-12, -8.837419e-13, -8.837331e-13, -4.222118e-12
115.300000, 5.325418e-12, -3.655725e-13, -3.655633e-13, -2.885453e-12
115.400000, 3.753346e-12, -8.713563e-13, -8.713467e-13, -3.536344e-12
115.500000, 4.578114e-12, -3.534260e-13, -3.534160e-13, -2.194953e-12
115.600000, 3.002298e-12, -8.519981e-13, -8.519877e-13, -2.833505e-12
115.700000, 3.812584e-12, -3.345548e-13, -3.345440e-13, -1.502602e-12
115.800000, 2.248461e-12, -8.265365e-13, -8.265254e-13, -2.142472e-12
115.900000, 3.060615e-12, -3.105315e-13, -3.105201e-13, -8.339078e-13
116.000000, 1.521504e-12, -7.970306e-13, -7.970188e-13, -1.487462e-12
116.100000, 2.347370e-12, -2.834556e-13, -2.834435e-13, -2.117583e-13
116.200000, 8.450010e-13, -7.655086e-13, -7.654962e-13, -8.869697e-13
116.300000, 1.694360e-12, -2.552215e-13, -2.552088e-13, 3.495813e-13
116.400000, 2.365182e-13, -7.335984e-13, -7.335854e-13, -3.523797e-13
116.500000, 1.115378e-12, -2.271005e-13, -2.270872e-13, 8.404481e-13
116.600000, -2.929864e-13, -7.025440e-13, -7.025304e-13, 1.080600e-13
116.700000, 6.206258e-13, -2.006404e-13, -2.006266e-13, 1.256126e-12
116.800000, -7.347311e-13, -6.737446e-13, -6.737305e-13, 4.937303e-13
116.900000, 2.146708e-13, -1.768399e-13, -1.768256e-13, 1.597214e-12
117.000000, -1.089534e-12, -6.477633e-13, -6.477487e-13, 8.042762e-13
117.100000, -1.066486e-13, -1.558618e-13, -1.558470e-13, 1.863626e-12
117.200000, -1.361547e-12, -6.249684e-13, -6.249534e-13, 1.041705e-12
117.300000, -3.475613e-13, -1.382334e-13, -1.382183e-13, 2.059979e-12
117.400000, -1.557229e-12, -6.054473e-13, -6.054320e-13, 1.212679e-12
117.500000, -5.168476e-13, -1.238184e-13, -1.238029e-13, 2.192953e-12
117.600000, -1.684762e-12, -5.892430e-13, -5.892274e-13, 1.323643e-12
117.700000, -6.220075e-13, -1.124952e-13, -1.124795e-13, 2.270143e-12
117.800000, -1.754114e-12, -5.756749e-13, -5.756590e-13, 1.382850e-12
117.900000, -6.733981e-13, -1.034187e-13, -1.034027e-13, 2.299184e-12
118.000000, -1.773726e-12, -5.642395e-13, -5.642234e-13, 1.396707e-12
118.100000, -6.798379e-13, -9.615356e-14, -9.613743e-14, 2.286962e-12
118.200000, -1.752985e-12, -5.541981e-13, -5.541819e-13, 1.374514e-12
118.300000, -6.494652e-13, -8.988186e-14, -8.986557e-14, 2.243211e-12
118.400000, -1.700160e-12, -5.446711e-13, -5.446547e-13, 1.324066e-12
118.500000, -5.933166e-13, -8.360174e-14, -8.358536e-14, 2.174273e-12
118.600000, -1.627170e-12, -5.348468e-13, -5.348304e-13, 1.251364e-12
118.700000, -5.211200e-13, -7.673287e-14, -7.671646e-14, 2.086000e-12
118.800000, -1.541474e-12, -5.242565e-13, -5.242400e-13, 1.162744e-12
118.900000, -4.394660e-13, -6.883744e-14, -6.882101e-14, 1.985747e-12
119.000000, -1.450190e-12, -5.124968e-13, -5.124804e-13, 1.064884e-12
119.100000, -3.553321e-13, -5.969472e-14, -5.967831e-14, 1.878689e-12
119.200000, -1.358652e-12, -4.995865e-13, -4.995701e-13, 9.633226e-13
119.300000, -2.720943e-13, -4.953109e-14, -4.951476e-14, 1.770717e-12
119.400000, -1.269196e-12, -4.858045e-13, -4.857882e-13, 8.622878e-13
119.500000, -1.927818e-13, -3.861300e-14, -3.859678e-14, 1.664874e-12
119.600000, -1.186829e-12, -4.713208e-13, -4.713047e-13, 7.654184e-13
119.700000, -1.240577e-13, -2.683566e-14, -2.681962e-14, 1.565067e-12
119.800000, -1.116815e-12, -4.559742e-13, -4.559582e-13, 6.758509e-13
119.900000, -6.754020e-14, -1.432255e-14, -1.430671e-14, 1.473727e-12
120.000000, -1.058961e-12, -4.401064e-13, -4.400907e-13, 5.957727e-13
120.100000, -2.287432e-14, -1.468700e-15, -1.453137e-15, 1.392910e-12
120.200000, -1.012074e-12, -4.243421e-13, -4.243266e-13, 5.266245e-13
120.300000, 1.080961e-14, 1.094680e-14, 1.096207e-14, 1.323056e-12
120.400000, -9.779282e-13, -4.089417e-13, -4.089266e-13, 4.688147e-13
120.500000, 3.134347e-14, 2.315423e-14, 2.316917e-14, 1.265491e-12
120.600000, -9.549668e-13, -3.941297e-13, -3.941150e-13, 4.232087e-13
120.700000, 4.269929e-14, 3.445507e-14, 3.446961e-14, 1.219245e-12
120.800000, -9.417685e-13, -3.801596e-13, -3.801453e-13, 3.886454e-13
120.900000, 4.310080e-14, 4.503107e-14, 4.504518e-14, 1.184188e-12
121.000000, -9.384423e-13, -3.671452e-13, -3.671313e-13, 3.647087e-13
121.100000, 3.709622e-14, 5.440555e-14, 5.441919e-14, 1.159281e-12
121.200000, -9.394035e-13, -3.554082e-13, -3.553948e-13, 3.500398e-13
121.300000, 2.705269e-14, 6.250428e-14, 6.251743e-14, 1.142581e-12
121.400000, -9.446237e-13, -3.450098e-13, -3.449969e-13, 3.425734e-13
121.500000, 1.247360e-14, 6.939805e-14, 6.941063e-14, 1.132304e-12
121.600000, -9.535646e-13, -3.358889e-13, -3.358766e-13, 3.412550e-13
121.700000, -4.059096e-15, 7.485053e-14, 7.486253e-14, 1.128354e-12
121.800000, -9.642228e-13, -3.281376e-13, -3.281259e-13, 3.456336e-13
121.900000, -2.240323e-14, 7.905250e-14, 7.906389e-14, 1.129055e-12
122.000000, -9.759110e-13, -3.217656e-13, -3.217545e-13, 3.539946e-13
122.100000, -4.070934e-14, 8.183682e-14, 8.184756e-14, 1.132809e-12
122.200000, -9.876067e-13, -3.167812e-13, -3.167708e-13, 3.639485e-13
122.300000, -5.887948e-14, 8.336284e-14, 8.337293e-14, 1.137687e-12
122.400000, -9.980617e-13, -3.130791e-13, -3.130694e-13, 3.748253e-13
122.500000, -7.475262e-14, 8.351247e-14, 8.352183e-14, 1.142978e-12
122.600000, -1.005772e-12, -3.109171e-13, -3.109081e-13, 3.855846e-13
122.700000, -8.763513e-14, 8.218785e-14, 8.219650e-14, 1.148234e-12
122.800000, -1.009581e-12, -3.101694e-13, -3.101611e-13, 3.962339e-13
122.900000, -9.525738e-14, 7.934452e-14, 7.935239e-14, 1.152608e-12
123.000000, -1.008545e-12, -3.110065e-13, -3.109990e-13, 4.050149e-13
123.100000, -9.816445e-14, 7.502134e-14, 7.502845e-14, 1.154938e-12
123.200000, -1.002499e-12, -3.131611e-13, -3.131544e-13, 4.119138e-13
123.300000, -9.645643e-14, 6.965197e-14, 6.965825e-14, 1.155395e-12
123.400000, -9.913177e-13, -3.164138e-13, -3.164079e-13, 4.164719e-13
123.500000, -8.862634e-14, 6.303289e-14, 6.303833e-14, 1.153096e-12
123.600000, -9.744411e-13, -3.209746e-13, -3.209696e-13, 4.181529e-13
123.700000, -7.558953e-14, 5.515641e-14, 5.516099e-14, 1.148343e-12
123.800000, -9.527776e-13, -3.266940e-13, -3.266898e-13, 4.176262e-13
123.900000, -5.757656e-14, 4.620276e-14, 4.620647e-14, 1.141199e-12
124.000000, -9.251805e-13, -3.336156e-13, -3.336124e-13, 4.141236e-13
124.100000, -3.285523e-14, 3.603145e-14, 3.603426e-14, 1.130847e-12
124.200000, -8.915347e-13, -3.417209e-13, -3.417186e-13, 4.072696e-13
124.300000, -3.387915e-15, 2.481713e-14, 2.481903e-14, 1.116867e-12
124.400000, -8.539288e-13, -3.506578e-13, -3.506563e-13, 3.970031e-13
124.500000, 2.917614e-14, 1.309476e-14, 1.309577e-14, 1.100180e-12
124.600000, -8.146570e-13, -3.597817e-13, -3.597812e-13, 3.842309e-13
124.700000, 6.333614e-14, 1.430986e-15, 1.431090e-15, 1.081266e-12
124.800000, -7.728273e-13, -3.689464e-13, -3.689468e-13, 3.691105e-13
124.900000, 1.005449e-13, -1.030972e-14, -1.031052e-14, 1.059957e-12
125.000000, -7.289509e-13, -3.779290e-13, -3.779303e-13, 3.520965e-13
125.100000, 1.387280e-13, -2.164326e-14, -2.164499e-14, 1.037101e-12
125.200000, -6.843983e-13, -3.865026e-13, -3.865048e-13, 3.336422e-13
125.300000, 1.772817e-13, -3.239071e-14, -3.239335e-14, 1.013289e-12
125.400000, -6.406502e-13, -3.943095e-13, -3.943126e-13, 3.146905e-13
125.500000, 2.141429e-13, -4.224321e-14, -4.224677e-14, 9.894130e-13
125.600000, -5.988951e-13, -4.012019e-13, -4.012059e-13, 2.956049e-13
125.700000, 2.490692e-13, -5.114590e-14, -5.115036e-14, 9.653727e-13
125.800000, -5.591474e-13, -4.070891e-13, -4.070940e-13, 2.762605e-13
125.900000, 2.813637e-13, -5.887401e-14, -5.887936e-14, 9.410387e-13
126.000000, -5.226661e-13, -4.117157e-13, -4.117215e-13, 2.569894e-13
126.100000, 3.101512e-13, -6.536049e-14, -6.536672e-14, 9.172773e-13
126.200000, -4.897575e-13, -4.152950e-13, -4.153016e-13, 2.383928e-13
126.300000, 3.359589e-13, -7.095880e-14, -7.096591e-14, 8.941031e-13
126.400000, -4.596757e-13, -4.180878e-13, -4.180953e-13, 2.201540e-13
126.500000, 3.590665e-13, -7.571627e-14, -7.572427e-14, 8.717115e-13
126.600000, -4.324015e-13, -4.199663e-13, -4.199747e-13, 2.034113e-13
126.700000, 3.791296e-13, -7.953366e-14, -7.954251e-14, 8.511545e-13
126.800000, -4.079092e-13, -4.209934e-13, -4.210027e-13, 1.881715e-13
126.900000, 3.971397e-13, -8.263224e-14, -8.264193e-14, 8.315193e-13
127.000000, -3.848868e-13, -4.214777e-13, -4.214878e-13, 1.736693e-13
127.100000, 4.139083e-13, -8.526709e-14, -8.527761e-14, 8.131791e-13
127.200000, -3.636907e-13, -4.215761e-13, -4.215870e-13, 1.606504e-13
127.300000, 4.283317e-13, -8.749099e-14, -8.750237e-14, 7.962553e-13
127.400000, -3.448752e-13, -4.212753e-13, -4.212870e-13, 1.491012e-13
127.500000, 4.407953e-13, -8.935976e-14, -8.937189e-14, 7.805908e-13
127.600000, -3.276516e-13, -4.207162e-13, -4.207287e-13, 1.382503e-13
127.700000, 4.519983e-13, -9.101019e-14, -9.102308e-14, 7.655603e-13
127.800000, -3.117176e-13, -4.200088e-13, -4.200221e-13, 1.278740e-13
127.900000, 4.616153e-13, -9.248598e-14, -9.249959e-14, 7.506876e-13
128.000000, -2.978465e-13, -4.190723e-13, -4.190862e-13, 1.175705e-13
128.100000, 4.695757e-13, -9.368967e-14, -9.370397e-14, 7.360584e-13
128.200000, -2.849647e-13, -4.178593e-13, -4.178740e-13, 1.075582e-13
128.300000, 4.763151e-13, -9.450274e-14, -9.451770e-14, 7.217591e-13
128.400000, -2.732438e-13, -4.161524e-13, -4.161677e-13, 9.773121e-14
128.500000, 4.824624e-13, -9.470489e-14, -9.472045e-14, 7.075656e-13
128.600000, -2.626241e-13, -4.137609e-13, -4.137768e-13, 8.791663e-14
128.700000, 4.871784e-13, -9.411043e-14, -9.412662e-14, 6.933466e-13
128.800000, -2.531685e-13, -4.105081e-13, -4.105246e-13, 7.792216e-14
128.900000, 4.906499e-13, -9.257577e-14, -9.259251e-14, 6.789051e-13
129.000000, -2.454196e-13, -4.063289e-13, -4.063459e-13, 6.759285e-14
129.100000, 4.926680e-13, -9.014045e-14, -9.015771e-14, 6.641009e-13
129.200000, -2.387492e-13, -4.012299e-13, -4.012474e-13, 5.690977e-14
129.300000, 4.936371e-13, -8.662058e-14, -8.663834e-14, 6.492453e-13
129.400000, -2.333711e-13, -3.950001e-13, -3.950180e-13, 4.622399e-14
129.500000, 4.934829e-13, -8.211621e-14, -8.213443e-14, 6.341125e-13
129.600000, -2.290112e-13, -3.879740e-13, -3.879925e-13, 3.502487e-14
129.700000, 4.922229e-13, -7.680707e-14, -7.682574e-14, 6.183021e-13
129.800000, -2.257851e-13, -3.801612e-13, -3.801801e-13, 2.291536e-14
129.900000, 4.898704e-13, -7.077024e-14, -7.078933e-14, 6.017165e-13
130.000000, -2.235359e-13, -3.716914e-13, -3.717106e-13, 1.018830e-14
130.100000, 4.867756e-13, -6.407461e-14, -6.409408e-14, 5.845605e-13
130.200000, -2.219683e-13, -3.625743e-13, -3.625940e-13, -3.084952e-15
130.300000, 4.832078e-13, -5.673454e-14, -5.675435e-14, 5.670511e-13
130.400000, -2.207597e-13, -3.529379e-13, -3.529579e-13, -1.658739e-14
130.500000, 4.797328e-13, -4.908639e-14, -4.910651e-14, 5.494897e-13
130.600000, -2.192107e-13, -3.431805e-13, -3.432008e-13, -3.007653e-14
130.700000, 4.763686e-13, -4.132790e-14, -4.134831e-14, 5.320074e-13
130.800000, -2.180235e-13, -3.333457e-13, -3.333663e-13, -4.355200e-14
130.900000, 4.723529e-13, -3.351108e-14, -3.353178e-14, 5.146416e-13
131.000000, -2.173575e-13, -3.235151e-13, -3.235358e-13, -5.679284e-14
131.100000, 4.683388e-13, -2.572663e-14, -2.574753e-14, 4.976373e-13
131.200000, -2.165567e-13, -3.137260e-13, -3.137470e-13, -6.962401e-14
131.300000, 4.645517e-13, -1.800849e-14, -1.802958e-14, 4.810750e-13
131.400000, -2.157160e-13, -3.041037e-13, -3.041248e-13, -8.198966e-14
131.500000, 4.604546e-13, -1.048392e-14, -1.050516e-14, 4.650561e-13
131.600000, -2.152352e-13, -2.947555e-13, -2.947767e-13, -9.400110e-14
131.700000, 4.561501e-13, -3.267611e-15, -3.288910e-15, 4.493330e-13
131.800000, -2.148894e-13, -2.857036e-13, -2.857249e-13, -1.056989e-13
131.900000, 4.519316e-13, 3.677466e-15, 3.656100e-15, 4.340615e-13
132.000000, -2.145505e-13, -2.769109e-13, -2.769324e-13, -1.167778e-13
132.100000, 4.475777e-13, 1.045737e-14, 1.043597e-14, 4.195596e-13
132.200000, -2.144303e-13, -2.682415e-13, -2.682629e-13, -1.270735e-13
132.300000, 4.429551e-13, 1.709781e-14, 1.707641e-14, 4.058149e-13
132.400000, -2.147805e-13, -2.597780e-13, -2.597993e-13, -1.367873e-13
132.500000, 4.376644e-13, 2.357217e-14, 2.355083e-14, 3.926252e-13
132.600000, -2.160750e-13, -2.514347e-13, -2.514560e-13, -1.459091e-13
132.700000, 4.314834e-13, 2.998866e-14, 2.996737e-14, 3.801545e-13
132.800000, -2.181722e-13, -2.431399e-13, -2.431611e-13, -1.543845e-13
132.900000, 4.246085e-13, 3.634169e-14, 3.632051e-14, 3.682452e-13
133.000000, -2.208004e-13, -2.349590e-13, -2.349801e-13, -1.622168e-13
133.100000, 4.170691e-13, 4.259617e-14, 4.257510e-14, 3.571106e-13
133.200000, -2.245230e-13, -2.269030e-13, -2.269240e-13, -1.694432e-13
133.300000, 4.085922e-13, 4.868346e-14, 4.866252e-14, 3.463710e-13
133.400000, -2.287654e-13, -2.190381e-13, -2.190590e-13, -1.763948e-13
133.500000, 3.999120e-13, 5.464211e-14, 5.462131e-14, 3.361533e-13
133.600000, -2.331629e-13, -2.112971e-13, -2.113178e-13, -1.826576e-13
133.700000, 3.912639e-13, 6.047136e-14, 6.045071e-14, 3.266552e-13
133.800000, -2.374527e-13, -2.037403e-13, -2.037608e-13, -1.882917e-13
133.900000, 3.825403e-13, 6.609830e-14, 6.607784e-14, 3.176357e-13
134.000000, -2.420871e-13, -1.963705e-13, -1.963909e-13, -1.934990e-13
134.100000, 3.735449e-13, 7.154331e-14, 7.152303e-14, 3.091860e-13
134.200000, -2.467351e-13, -1.892745e-13, -1.892947e-13, -1.982872e-13
134.300000, 3.647438e-13, 7.670639e-14, 7.668633e-14, 3.010789e-13
134.400000, -2.511980e-13, -1.824571e-13, -1.824771e-13, -2.026322e-13
134.500000, 3.562148e-13, 8.159494e-14, 8.157511e-14, 2.935316e-13
134.600000, -2.554513e-13, -1.759410e-13, -1.759608e-13, -2.063967e-13
134.700000, 3.479963e-13, 8.616529e-14, 8.614569e-14, 2.866520e-13
134.800000, -2.592964e-13, -1.697593e-13, -1.697787e-13, -2.094611e-13
134.900000, 3.402097e-13, 9.043858e-14, 9.041924e-14, 2.805048e-13
135.000000, -2.627400e-13, -1.638960e-13, -1.639152e-13, -2.119289e-13
135.100000, 3.328471e-13, 9.438332e-14, 9.436425e-14, 2.749222e-13
135.200000, -2.657959e-13, -1.583802e-13, -1.583991e-13, -2.138931e-13
135.300000, 3.258980e-13, 9.800701e-14, 9.798826e-14, 2.697342e-13
135.400000, -2.684988e-13, -1.531896e-13, -1.532082e-13, -2.156553e-13
135.500000, 3.192562e-13, 1.013204e-13, 1.013020e-13, 2.646894e-13
135.600000, -2.710132e-13, -1.483124e-13, -1.483306e-13, -2.172377e-13
135.700000, 3.128395e-13, 1.043411e-13, 1.043230e-13, 2.598858e-13
135.800000, -2.732981e-13, -1.437328e-13, -1.437507e-13, -2.186205e-13
135.900000, 3.066889e-13, 1.070670e-13, 1.070492e-13, 2.552340e-13
136.000000, -2.752795e-13, -1.394540e-13, -1.394716e-13, -2.199167e-13
136.100000, 3.009164e-13, 1.095279e-13, 1.095105e-13, 2.507423e-13
136.200000, -2.770406e-13, -1.354264e-13, -1.354436e-13, -2.210439e-13
136.300000, 2.953078e-13, 1.117972e-13, 1.117801e-13, 2.464861e-13
136.400000, -2.786841e-13, -1.315713e-13, -1.315882e-13, -2.219632e-13
136.500000, 2.897248e-13, 1.139158e-13, 1.138991e-13, 2.424801e-13
136.600000, -2.803826e-13, -1.278688e-13, -1.278854e-13, -2.225686e-13
136.700000, 2.842876e-13, 1.158713e-13, 1.158549e-13, 2.387866e-13
136.800000, -2.816828e-13, -1.243937e-13, -1.244099e-13, -2.229591e-13
136.900000, 2.792470e-13, 1.176095e-13, 1.175935e-13, 2.353457e-13
137.000000, -2.828731e-13, -1.211039e-13, -1.211198e-13, -2.231157e-13
137.100000, 2.742564e-13, 1.191921e-13, 1.191764e-13, 2.321223e-13
137.200000, -2.839721e-13, -1.179713e-13, -1.179868e-13, -2.230691e-13
137.300000, 2.694013e-13, 1.206527e-13, 1.206373e-13, 2.291304e-13
137.400000, -2.849796e-13, -1.149770e-13, -1.149922e-13, -2.228623e-13
137.500000, 2.646822e-13, 1.219555e-13, 1.219404e-13, 2.263008e-13
137.600000, -2.859083e-13, -1.121557e-13, -1.121707e-13, -2.225134e-13
137.700000, 2.601409e-13, 1.230850e-13, 1.230703e-13, 2.236353e-13
137.800000, -2.865887e-13, -1.095459e-13, -1.095605e-13, -2.220497e-13
137.900000, 2.557833e-13, 1.240247e-13, 1.240102e-13, 2.211617e-13
138.000000, -2.872103e-13, -1.071195e-13, -1.071338e-13, -2.212765e-13
138.100000, 2.515486e-13, 1.247711e-13, 1.247569e-13, 2.190464e-13
138.200000, -2.876451e-13, -1.049199e-13, -1.049339e-13, -2.202338e-13
138.300000, 2.475812e-13, 1.253142e-13, 1.253003e-13, 2.171309e-13
138.400000, -2.878546e-13, -1.029173e-13, -1.029311e-13, -2.190519e-13
138.500000, 2.437563e-13, 1.256804e-13, 1.256668e-13, 2.154054e-13
138.600000, -2.879463e-13, -1.011087e-13, -1.011221e-13, -2.177031e-13
138.700000, 2.402014e-13, 1.258450e-13, 1.258316e-13, 2.138405e-13
138.800000, -2.877142e-13, -9.952532e-14, -9.953857e-14, -2.162414e-13
138.900000, 2.371057e-13, 1.257839e-13, 1.257708e-13, 2.123639e-13
139.000000, -2.870612e-13, -9.816350e-14, -9.817647e-14, -2.147111e-13
139.100000, 2.342747e-13, 1.255436e-13, 1.255307e-13, 2.110526e-13
139.200000, -2.862391e-13, -9.696997e-14, -9.698273e-14, -2.130336e-13
139.300000, 2.316069e-13, 1.251667e-13, 1.251541e-13, 2.098695e-13
139.400000, -2.853611e-13, -9.591495e-14, -9.592749e-14, -2.112548e-13
139.500000, 2.290929e-13, 1.246345e-13, 1.246221e-13, 2.087212e-13
139.600000, -2.842134e-13, -9.504279e-14, -9.505512e-14, -2.095502e-13
139.700000, 2.269032e-13, 1.239584e-13, 1.239462e-13, 2.075538e-13
139.800000, -2.827976e-13, -9.429491e-14, -9.430702e-14, -2.078528e-13
139.900000, 2.249462e-13, 1.231814e-13, 1.231694e-13, 2.064053e-13
140.000000, -2.812042e-13, -9.364515e-14, -9.365708e-14, -2.061318e-13
140.100000, 2.231656e-13, 1.223295e-13, 1.223176e-13, 2.053150e-13
140.200000, -2.794607e-13, -9.306799e-14, -9.307977e-14, -2.043765e-13
140.300000, 2.215522e-13, 1.214291e-13, 1.214175e-13, 2.042321e-13
140.400000, -2.777030e-13, -9.252422e-14, -9.253578e-14, -2.026797e-13
140.500000, 2.198869e-13, 1.205300e-13, 1.205185e-13, 2.031543e-13
140.600000, -2.760415e-13, -9.197897e-14, -9.199034e-14, -2.009499e-13
140.700000, 2.181404e-13, 1.196371e-13, 1.196258e-13, 2.020968e-13
140.800000, -2.744060e-13, -9.145127e-14, -9.146249e-14, -1.992665e-13
140.900000, 2.164226e-13, 1.187368e-13, 1.187257e-13, 2.010160e-13
141.000000, -2.727858e-13, -9.093282e-14, -9.094383e-14, -1.975759e-13
141.100000, 2.147370e-13, 1.178383e-13, 1.178273e-13, 1.999652e-13
141.200000, -2.711730e-13, -9.041893e-14, -9.042974e-14, -1.959286e-13
141.300000, 2.130488e-13, 1.169517e-13, 1.169410e-13, 1.988676e-13
141.400000, -2.695155e-13, -8.990368e-14, -8.991431e-14, -1.943313e-13
141.500000, 2.114617e-13, 1.160654e-13, 1.160548e-13, 1.977520e-13
141.600000, -2.678367e-13, -8.939874e-14, -8.940921e-14, -1.927705e-13
141.700000, 2.098903e-13, 1.151866e-13, 1.151763e-13, 1.966367e-13
141.800000, -2.661472e-13, -8.889455e-14, -8.890483e-14, -1.911908e-13
141.900000, 2.083430e-13, 1.143130e-13, 1.143028e-13, 1.955788e-13
142.000000, -2.644583e-13, -8.840289e-14, -8.841296e-14, -1.895942e-13
142.100000, 2.068618e-13, 1.134202e-13, 1.134103e-13, 1.945073e-13
142.200000, -2.626997e-13, -8.795251e-14, -8.796236e-14, -1.880455e-13
142.300000, 2.054903e-13, 1.124910e-13, 1.124813e-13, 1.934097e-13
142.400000, -2.608048e-13, -8.754878e-14, -8.755842e-14, -1.865632e-13
142.500000, 2.043152e-13, 1.115191e-13, 1.115095e-13, 1.922578e-13
142.600000, -2.587405e-13, -8.719706e-14, -8.720652e-14, -1.851206e-13
142.700000, 2.032651e-13, 1.105147e-13, 1.105054e-13, 1.911152e-13
142.800000, -2.565960e-13, -8.688703e-14, -8.689633e-14, -1.837014e-13
142.900000, 2.023827e-13, 1.094660e-13, 1.094568e-13, 1.899188e-13
143.000000, -2.542928e-13, -8.663021e-14, -8.663934e-14, -1.823632e-13
143.100000, 2.016379e-13, 1.083824e-13, 1.083734e-13, 1.886844e-13
143.200000, -2.518840e-13, -8.641125e-14, -8.642025e-14, -1.810632e-13
143.300000, 2.010130e-13, 1.072737e-13, 1.072648e-13, 1.874416e-13
143.400000, -2.493899e-13, -8.622015e-14, -8.622905e-14, -1.798013e-13
143.500000, 2.004962e-13, 1.061496e-13, 1.061407e-13, 1.861584e-13
143.600000, -2.468029e-13, -8.605136e-14, -8.606016e-14, -1.785689e-13
143.700000, 2.000609e-13, 1.050203e-13, 1.050115e-13, 1.849103e-13
143.800000, -2.442203e-13, -8.588521e-14, -8.589393e-14, -1.773209e-13
143.900000, 1.996203e-13, 1.039017e-13, 1.038930e-13, 1.836638e-13
144.000000, -2.416445e-13, -8.571899e-14, -8.572764e-14, -1.761233e-13
144.100000, 1.991804e-13, 1.027938e-13, 1.027851e-13, 1.823647e-13
144.200000, -2.391155e-13, -8.554109e-14, -8.554972e-14, -1.749799e-13
144.300000, 1.987178e-13, 1.017102e-13, 1.017016e-13, 1.810429e-13
144.400000, -2.366223e-13, -8.534642e-14, -8.535501e-14, -1.738688e-13
144.500000, 1.982191e-13, 1.006581e-13, 1.006495e-13, 1.797051e-13
144.600000, -2.341769e-13, -8.512379e-14, -8.513235e-14, -1.727890e-13
144.700000, 1.976995e-13, 9.964447e-14, 9.963590e-14, 1.783700e-13
144.800000, -2.318161e-13, -8.486489e-14, -8.487346e-14, -1.717178e-13
144.900000, 1.970855e-13, 9.867799e-14, 9.866942e-14, 1.770165e-13
145.000000, -2.295698e-13, -8.457011e-14, -8.457868e-14, -1.706965e-13
145.100000, 1.963938e-13, 9.775604e-14, 9.774748e-14, 1.756430e-13
145.200000, -2.273867e-13, -8.423636e-14, -8.424493e-14, -1.697088e-13
145.300000, 1.956689e-13, 9.688049e-14, 9.687191e-14, 1.742516e-13
145.400000, -2.252655e-13, -8.386465e-14, -8.387321e-14, -1.687426e-13
145.500000, 1.948941e-13, 9.605668e-14, 9.604810e-14, 1.728688e-13
145.600000, -2.232138e-13, -8.344568e-14, -8.345425e-14, -1.677868e-13
145.700000, 1.940696e-13, 9.528369e-14, 9.527511e-14, 1.714660e-13
145.800000, -2.212393e-13, -8.298702e-14, -8.299560e-14, -1.668721e-13
145.900000, 1.931801e-13, 9.455729e-14, 9.454872e-14, 1.700555e-13
146.000000, -2.193513e-13, -8.249010e-14, -8.249867e-14, -1.659699e-13
146.100000, 1.922302e-13, 9.387446e-14, 9.386589e-14, 1.686400e-13
146.200000, -2.175179e-13, -8.196224e-14, -8.197079e-14, -1.651105e-13
146.300000, 1.912494e-13, 9.322848e-14, 9.321991e-14, 1.671886e-13
146.400000, -2.157557e-13, -8.140594e-14, -8.141448e-14, -1.642843e-13
146.500000, 1.902046e-13, 9.261716e-14, 9.260864e-14, 1.657358e-13
146.600000, -2.140535e-13, -8.082417e-14, -8.083270e-14, -1.634727e-13
146.700000, 1.891438e-13, 9.203880e-14, 9.203031e-14, 1.642852e-13
146.800000, -2.123854e-13, -8.021526e-14, -8.022374e-14, -1.626753e-13
146.900000, 1.880451e-13, 9.149828e-14, 9.148981e-14, 1.628266e-13
147.000000, -2.107962e-13, -7.957421e-14, -7.958265e-14, -1.619077e-13
147.100000, 1.868859e-13, 9.099532e-14, 9.098689e-14, 1.613526e-13
147.200000, -2.092651e-13, -7.890771e-14, -7.891610e-14, -1.611657e-13
147.300000, 1.856972e-13, 9.052215e-14, 9.051378e-14, 1.598762e-13
147.400000, -2.077848e-13, -7.822009e-14, -7.822841e-14, -1.604369e-13
147.500000, 1.844786e-13, 9.007523e-14, 9.006695e-14, 1.584033e-13
147.600000, -2.063422e-13, -7.751555e-14, -7.752381e-14, -1.597134e-13
147.700000, 1.832419e-13, 8.965212e-14, 8.964391e-14, 1.569333e-13
147.800000, -2.049307e-13, -7.679535e-14, -7.680353e-14, -1.590127e-13
147.900000, 1.819920e-13, 8.925060e-14, 8.924245e-14, 1.554532e-13
148.000000, -2.035538e-13, -7.606224e-14, -7.607037e-14, -1.583369e-13
148.100000, 1.807280e-13, 8.886759e-14, 8.885949e-14, 1.539603e-13
148.200000, -2.022005e-13, -7.531851e-14, -7.532655e-14, -1.576901e-13
148.300000, 1.794562e-13, 8.850270e-14, 8.849468e-14, 1.524514e-13
148.400000, -2.008805e-13, -7.456334e-14, -7.457132e-14, -1.570706e-13
148.500000, 1.781745e-13, 8.815483e-14, 8.814688e-14, 1.509333e-13
148.600000, -1.995648e-13, -7.380194e-14, -7.380985e-14, -1.564686e-13
148.700000, 1.769104e-13, 8.781798e-14, 8.781008e-14, 1.494205e-13
148.800000, -1.982596e-13, -7.303715e-14, -7.304501e-14, -1.558742e-13
148.900000, 1.756489e-13, 8.749008e-14, 8.748226e-14, 1.479069e-13
149.000000, -1.969728e-13, -7.227118e-14, -7.227899e-14, -1.552906e-13
149.100000, 1.743783e-13, 8.717047e-14, 8.716269e-14, 1.464066e-13
149.200000, -1.957077e-13, -7.150418e-14, -7.151193e-14, -1.547085e-13
149.300000, 1.731088e-13, 8.685799e-14, 8.685026e-14, 1.449143e-13
149.400000, -1.944565e-13, -7.073693e-14, -7.074464e-14, -1.541275e-13
149.500000, 1.718400e-13, 8.655260e-14, 8.654490e-14, 1.434378e-13
149.600000, -1.932246e-13, -6.996991e-14, -6.997760e-14, -1.535462e-13
149.700000, 1.705641e-13, 8.625285e-14, 8.624516e-14, 1.419750e-13
149.800000, -1.920145e-13, -6.920526e-14, -6.921293e-14, -1.529591e-13
149.900000, 1.692826e-13, 8.595566e-14, 8.594801e-14, 1.405342e-13
150.000000, -1.908237e-13, -6.844680e-14, -6.845446e-14, -1.523640e-13
150.100000, 1.680036e-13, 8.565719e-14, 8.564955e-14, 1.391117e-13
150.200000, -1.896424e-13, -6.769689e-14, -6.770453e-14, -1.517661e-13
150.300000, 1.667264e-13, 8.535740e-14, 8.534976e-14, 1.377063e-13
150.400000, -1.884808e-13, -6.695419e-14, -6.696183e-14, -1.511583e-13
150.500000, 1.654478e-13, 8.505639e-14, 8.504876e-14, 1.363308e-13
150.600000, -1.873325e-13, -6.621974e-14, -6.622739e-14, -1.505314e-13
150.700000, 1.641712e-13, 8.475332e-14, 8.474568e-14, 1.349814e-13
150.800000, -1.861952e-13, -6.549436e-14, -6.550201e-14, -1.498976e-13
150.900000, 1.628990e-13, 8.444744e-14, 8.443980e-14, 1.336510e-13
151.000000, -1.850704e-13, -6.477812e-14, -6.478577e-14, -1.492538e-13
151.100000, 1.616314e-13, 8.413795e-14, 8.413032e-14, 1.323457e-13
151.200000, -1.839524e-13, -6.407310e-14, -6.408074e-14, -1.485962e-13
151.300000, 1.603741e-13, 8.382280e-14, 8.381515e-14, 1.310678e-13
151.400000, -1.828408e-13, -6.338053e-14, -6.338818e-14, -1.479243e-13
151.500000, 1.591218e-13, 8.350133e-14, 8.349367e-14, 1.298167e-13
151.600000, -1.817394e-13, -6.270035e-14, -6.270800e-14, -1.472363e-13
151.700000, 1.578744e-13, 8.317362e-14, 8.316597e-14, 1.285922e-13
151.800000, -1.806479e-13, -6.203274e-14, -6.204039e-14, -1.465363e-13
151.900000, 1.566316e-13, 8.283930e-14, 8.283165e-14, 1.273912e-13
152.000000, -1.795651e-13, -6.137815e-14, -6.138580e-14, -1.458245e-13
152.100000, 1.553958e-13, 8.249829e-14, 8.249065e-14, 1.262157e-13
152.200000, -1.784897e-13, -6.073593e-14, -6.074358e-14, -1.450981e-13
152.300000, 1.541686e-13, 8.215055e-14, 8.214293e-14, 1.250647e-13
152.400000, -1.774183e-13, -6.010697e-14, -6.011460e-14, -1.443602e-13
152.500000, 1.529512e-13, 8.179545e-14, 8.178784e-14, 1.239389e-13
152.600000, -1.763506e-13, -5.949171e-14, -5.949931e-14, -1.436088e-13
152.700000, 1.517431e-13, 8.143269e-14, 8.142512e-14, 1.228370e-13
152.800000, -1.752890e-13, -5.888961e-14, -5.889716e-14, -1.428450e-13
152.900000, 1.505445e-13, 8.106285e-14, 8.105532e-14, 1.217581e-13
153.000000, -1.742309e-13, -5.830046e-14, -5.830797e-14, -1.420714e-13
153.100000, 1.493567e-13, 8.068600e-14, 8.067851e-14, 1.207009e-13
153.200000, -1.731756e-13, -5.772402e-14, -5.773146e-14, -1.412879e-13
153.300000, 1.481795e-13, 8.030233e-14, 8.029491e-14, 1.196630e-13
153.400000, -1.721212e-13, -5.716033e-14, -5.716772e-14, -1.404975e-13
153.500000, 1.470175e-13, 7.991147e-14, 7.990410e-14, 1.186428e-13
153.600000, -1.710653e-13, -5.660955e-14, -5.661688e-14, -1.397018e-13
153.700000, 1.458708e-13, 7.951343e-14, 7.950615e-14, 1.176389e-13
153.800000, -1.700070e-13, -5.607168e-14, -5.607892e-14, -1.388997e-13
153.900000, 1.447387e-13, 7.910850e-14, 7.910129e-14, 1.166535e-13
154.000000, -1.689485e-13, -5.554602e-14, -5.555318e-14, -1.380909e-13
154.100000, 1.436208e-13, 7.869717e-14, 7.869003e-14, 1.156856e-13
154.200000, -1.678885e-13, -5.503222e-14, -5.503932e-14, -1.372758e-13
154.300000, 1.425169e-13, 7.827968e-14, 7.827264e-14, 1.147334e-13
154.400000, -1.668287e-13, -5.452991e-14, -5.453694e-14, -1.364564e-13
154.500000, 1.414251e-13, 7.785651e-14, 7.784951e-14, 1.137968e-13
154.600000, -1.657695e-13, -5.403870e-14, -5.404566e-14, -1.356328e-13
154.700000, 1.403461e-13, 7.742790e-14, 7.742098e-14, 1.128747e-13
154.800000, -1.647108e-13, -5.355823e-14, -5.356512e-14, -1.348052e-13
154.900000, 1.392799e-13, 7.699407e-14, 7.698719e-14, 1.119674e-13
155.000000, -1.636514e-13, -5.308835e-14, -5.309521e-14, -1.339736e-13
155.100000, 1.382268e-13, 7.655510e-14, 7.654825e-14, 1.110742e-13
155.200000, -1.625921e-13, -5.262892e-14, -5.263575e-14, -1.331384e-13
155.300000, 1.371859e-13, 7.611129e-14, 7.610447e-14, 1.101958e-13
155.400000, -1.615339e-13, -5.217945e-14, -5.218627e-14, -1.322993e-13
155.500000, 1.361565e-13, 7.566291e-14, 7.565610e-14, 1.093308e-13
155.600000, -1.604763e-13, -5.173975e-14, -5.174657e-14, -1.314574e-13
155.700000, 1.351389e-13, 7.521021e-14, 7.520340e-14, 1.084790e-13
155.800000, -1.594191e-13, -5.130955e-14, -5.131638e-14, -1.306124e-13
155.900000, 1.341337e-13, 7.475330e-14, 7.474647e-14, 1.076403e-13
156.000000, -1.583617e-13, -5.088877e-14, -5.089562e-14, -1.297651e-13
156.100000, 1.331408e-13, 7.429219e-14, 7.428533e-14, 1.068139e-13
156.200000, -1.573045e-13, -5.047728e-14, -5.048414e-14, -1.289156e-13
156.300000, 1.321599e-13, 7.382697e-14, 7.382010e-14, 1.059996e-13
156.400000, -1.562472e-13, -5.007498e-14, -5.008186e-14, -1.280641e-13
156.500000, 1.311914e-13, 7.335783e-14, 7.335093e-14, 1.051978e-13
156.600000, -1.551893e-13, -4.968156e-14, -4.968846e-14, -1.272098e-13
156.700000, 1.302352e-13, 7.288501e-14, 7.287810e-14, 1.044086e-13
156.800000, -1.541315e-13, -4.929677e-14, -4.930368e-14, -1.263532e-13
156.900000, 1.292907e-13, 7.240869e-14, 7.240179e-14, 1.036310e-13
157.000000, -1.530738e-13, -4.892035e-14, -4.892724e-14, -1.254949e-13
157.100000, 1.283576e-13, 7.192913e-14, 7.192225e-14, 1.028648e-13
157.200000, -1.520168e-13, -4.855201e-14, -4.855890e-14, -1.246352e-13
157.300000, 1.274351e-13, 7.144661e-14, 7.143974e-14, 1.021095e-13
157.400000, -1.509610e-13, -4.819140e-14, -4.819824e-14, -1.237743e-13
157.500000, 1.265228e-13, 7.096142e-14, 7.095460e-14, 1.013650e-13
157.600000, -1.499067e-13, -4.783824e-14, -4.784500e-14, -1.229124e-13
157.700000, 1.256206e-13, 7.047382e-14, 7.046709e-14, 1.006305e-13
157.800000, -1.488538e-13, -4.749215e-14, -4.749885e-14, -1.220503e-13
157.900000, 1.247282e-13, 6.998412e-14, 6.997750e-14, 9.990540e-14
158.000000, -1.478028e-13, -4.715279e-14, -4.715937e-14, -1.211885e-13
158.100000, 1.238449e-13, 6.949275e-14, 6.948624e-14, 9.918920e-14
158.200000, -1.467540e-13, -4.681968e-14, -4.682614e-14, -1.203273e-13
158.300000, 1.229705e-13, 6.900007e-14, 6.899367e-14, 9.848163e-14
158.400000, -1.457078e-13, -4.649242e-14, -4.649874e-14, -1.194669e-13
158.500000, 1.221045e-13, 6.850643e-14, 6.850018e-14, 9.778211e-14
158.600000, -1.446643e-13, -4.617069e-14, -4.617685e-14, -1.186079e-13
158.700000, 1.212468e-13, 6.801210e-14, 6.800603e-14, 9.709020e-14
158.800000, -1.436236e-13, -4.585414e-14, -4.586010e-14, -1.177506e-13
158.900000, 1.203971e-13, 6.751738e-14, 6.751153e-14, 9.640542e-14
159.000000, -1.425857e-13, -4.554247e-14, -4.554824e-14, -1.168954e-13
159.100000, 1.195555e-13, 6.702253e-14, 6.701690e-14, 9.572733e-14
159.200000, -1.415508e-13, -4.523539e-14, -4.524092e-14, -1.160426e-13
159.300000, 1.187215e-13, 6.652781e-14, 6.652242e-14, 9.505566e-14
159.400000, -1.405191e-13, -4.493263e-14, -4.493788e-14, -1.151924e-13
159.500000, 1.178950e-13, 6.603342e-14, 6.602831e-14, 9.439008e-14
159.600000, -1.394905e-13, -4.463395e-14, -4.463891e-14, -1.143451e-13
159.700000, 1.170758e-13, 6.553955e-14, 6.553474e-14, 9.373026e-14
159.800000, -1.384653e-13, -4.433911e-14, -4.434376e-14, -1.135009e-13
159.900000, 1.162637e-13, 6.504641e-14, 6.504192e-14, 9.307595e-14
160.000000, -1.374436e-13, -4.404792e-14, -4.405224e-14, -1.126599e-13
160.100000, 1.154584e-13, 6.455414e-14, 6.455001e-14, 9.242695e-14
160.200000, -1.364257e-13, -4.376018e-14, -4.376414e-14, -1.118223e-13
160.300000, 1.146596e-13, 6.406291e-14, 6.405912e-14, 9.178302e-14
160.400000, -1.354116e-13, -4.347569e-14, -4.347927e-14, -1.109883e-13
160.500000, 1.138672e-13, 6.357288e-14, 6.356949e-14, 9.114395e-14
160.600000, -1.344016e-13, -4.319427e-14, -4.319744e-14, -1.101580e-13
160.700000, 1.130808e-13, 6.308418e-14, 6.308119e-14, 9.050955e-14
160.800000, -1.333955e-13, -4.291573e-14, -4.291851e-14, -1.093314e-13
160.900000, 1.123005e-13, 6.259698e-14, 6.259439e-14, 8.987963e-14
161.000000, -1.323936e-13, -4.263990e-14, -4.264226e-14, -1.085088e-13
161.100000, 1.115260e-13, 6.211138e-14, 6.210924e-14, 8.925407e-14
161.200000, -1.313960e-13, -4.236664e-14, -4.236858e-14, -1.076901e-13
161.300000, 1.107571e-13, 6.162756e-14, 6.162583e-14, 8.863275e-14
161.400000, -1.304027e-13, -4.209575e-14, -4.209725e-14, -1.068754e-13
161.500000, 1.099937e-13, 6.114558e-14, 6.114428e-14, 8.801553e-14
161.600000, -1.294139e-13, -4.182711e-14, -4.182820e-14, -1.060649e-13
161.700000, 1.092355e-13, 6.066560e-14, 6.066472e-14, 8.740227e-14
161.800000, -1.284297e-13, -4.156060e-14, -4.156124e-14, -1.052584e-13
161.900000, 1.084824e-13, 6.018764e-14, 6.018721e-14, 8.679292e-14
162.000000, -1.274500e-13, -4.129610e-14, -4.129632e-14, -1.044561e-13
162.100000, 1.077343e-13, 5.971183e-14, 5.971184e-14, 8.618734e-14
162.200000, -1.264752e-13, -4.103348e-14, -4.103327e-14, -1.036579e-13
162.300000, 1.069909e-13, 5.923826e-14, 5.923869e-14, 8.558543e-14
162.400000, -1.255051e-13, -4.077267e-14, -4.077200e-14, -1.028640e-13
162.500000, 1.062521e-13, 5.876695e-14, 5.876784e-14, 8.498707e-14
162.600000, -1.245401e-13, -4.051351e-14, -4.051240e-14, -1.020744e-13
162.700000, 1.055177e-13, 5.829801e-14, 5.829937e-14, 8.439215e-14
162.800000, -1.235800e-13, -4.025594e-14, -4.025436e-14, -1.012891e-13
162.900000, 1.047875e-13, 5.783154e-14, 5.783335e-14, 8.380061e-14
163.000000, -1.226251e-13, -3.999982e-14, -3.999776e-14, -1.005082e-13
163.100000, 1.040614e-13, 5.736758e-14, 5.736989e-14, 8.321238e-14
163.200000, -1.216754e-13, -3.974506e-14, -3.974249e-14, -9.973165e-14
163.300000, 1.033392e-13, 5.690621e-14, 5.690903e-14, 8.262729e-14
163.400000, -1.207310e-13, -3.949156e-14, -3.948846e-14, -9.895953e-14
163.500000, 1.026207e-13, 5.644750e-14, 5.645087e-14, 8.204526e-14
163.600000, -1.197920e-13, -3.923920e-14, -3.923556e-14, -9.819186e-14
163.700000, 1.019058e-13, 5.599155e-14, 5.599547e-14, 8.146622e-14
163.800000, -1.188586e-13, -3.898789e-14, -3.898368e-14, -9.742870e-14
163.900000, 1.011944e-13, 5.553839e-14, 5.554288e-14, 8.089007e-14
164.000000, -1.179306e-13, -3.873757e-14, -3.873276e-14, -9.667007e-14
164.100000, 1.004862e-13, 5.508806e-14, 5.509316e-14, 8.031669e-14
164.200000, -1.170083e-13, -3.848812e-14, -3.848271e-14, -9.591599e-14
164.300000, 9.978133e-14, 5.464064e-14, 5.464636e-14, 7.974604e-14
164.400000, -1.160915e-13, -3.823950e-14, -3.823348e-14, -9.516648e-14
164.500000, 9.907958e-14, 5.419617e-14, 5.420249e-14, 7.917803e-14
164.600000, -1.151804e-13, -3.799163e-14, -3.798499e-14, -9.442155e-14
164.700000, 9.838083e-14, 5.375463e-14, 5.376157e-14, 7.861259e-14
164.800000, -1.142749e-13, -3.774447e-14, -3.773721e-14, -9.368122e-14
164.900000, 9.768508e-14, 5.331608e-14, 5.332365e-14, 7.804969e-14
165.000000, -1.133751e-13, -3.749798e-14, -3.749010e-14, -9.294545e-14
165.100000, 9.699224e-14, 5.288052e-14, 5.288870e-14, 7.748926e-14
165.200000, -1.124808e-13, -3.725209e-14, -3.724361e-14, -9.221425e-14
165.300000, 9.630234e-14, 5.244798e-14, 5.245676e-14, 7.693128e-14
165.400000, -1.115921e-13, -3.700681e-14, -3.699773e-14, -9.148758e-14
165.500000, 9.561527e-14, 5.201841e-14, 5.202779e-14, 7.637571e-14
165.600000, -1.107089e-13, -3.676209e-14, -3.675243e-14, -9.076543e-14
165.700000, 9.493108e-14, 5.159184e-14, 5.160179e-14, 7.582252e-14
165.800000, -1.098312e-13, -3.651795e-14, -3.650772e-14, -9.004777e-14
165.900000, 9.424972e-14, 5.116824e-14, 5.117874e-14, 7.527171e-14
166.000000, -1.089589e-13, -3.627434e-14, -3.626356e-14, -8.933454e-14
166.100000, 9.357114e-14, 5.074757e-14, 5.075862e-14, 7.472324e-14
166.200000, -1.080920e-13, -3.603129e-14, -3.601998e-14, -8.862570e-14
166.300000, 9.289538e-14, 5.032983e-14, 5.034139e-14, 7.417712e-14
166.400000, -1.072305e-13, -3.578878e-14, -3.577696e-14, -8.792122e-14
166.500000, 9.222237e-14, 4.991496e-14, 4.992704e-14, 7.363333e-14
166.600000, -1.063742e-13, -3.554684e-14, -3.553453e-14, -8.722107e-14
166.700000, 9.155211e-14, 4.950295e-14, 4.951549e-14, 7.309185e-14
166.800000, -1.055232e-13, -3.530548e-14, -3.529268e-14, -8.652519e-14
166.900000, 9.088459e-14, 4.909375e-14, 4.910676e-14, 7.255268e-14
167.000000, -1.046774e-13, -3.506469e-14, -3.505144e-14, -8.583353e-14
167.100000, 9.021976e-14, 4.868732e-14, 4.870079e-14, 7.201581e-14
167.200000, -1.038367e-13, -3.482449e-14, -3.481080e-14, -8.514607e-14
167.300000, 8.955762e-14, 4.828363e-14, 4.829754e-14, 7.148126e-14
167.400000, -1.030013e-13, -3.458491e-14, -3.457078e-14, -8.446274e-14
167.500000, 8.889815e-14, 4.788265e-14, 4.789698e-14, 7.094899e-14
167.600000, -1.021708e-13, -3.434590e-14, -3.433135e-14, -8.378347e-14
167.700000, 8.824134e-14, 4.748436e-14, 4.749909e-14, 7.041904e-14
167.800000, -1.013455e-13, -3.410750e-14, -3.409256e-14, -8.310822e-14
167.900000, 8.758714e-14, 4.708870e-14, 4.710382e-14, 6.989139e-14
168.000000, -1.005251e-13, -3.386972e-14, -3.385440e-14, -8.243694e-14
168.100000, 8.693560e-14, 4.669567e-14, 4.671117e-14, 6.936608e-14
168.200000, -9.970963e-14, -3.363255e-14, -3.361687e-14, -8.176957e-14
168.300000, 8.628665e-14, 4.630524e-14, 4.632108e-14, 6.884309e-14
168.400000, -9.889907e-14, -3.339600e-14, -3.337998e-14, -8.110603e-14
168.500000, 8.564034e-14, 4.591736e-14, 4.593355e-14, 6.832245e-14
168.600000, -9.809334e-14, -3.316009e-14, -3.314374e-14, -8.044630e-14
168.700000, 8.499661e-14, 4.553199e-14, 4.554849e-14, 6.780414e-14
168.800000, -9.729243e-14, -3.292484e-14, -3.290817e-14, -7.979031e-14
168.900000, 8.435547e-14, 4.514908e-14, 4.516589e-14, 6.728816e-14
169.000000, -9.649626e-14, -3.269026e-14, -3.267330e-14, -7.913803e-14
169.100000, 8.371691e-14, 4.476860e-14, 4.478570e-14, 6.677452e-14
169.200000, -9.570476e-14, -3.245636e-14, -3.243912e-14, -7.848938e-14
169.300000, 8.308093e-14, 4.439052e-14, 4.440788e-14, 6.626321e-14
169.400000, -9.491794e-14, -3.222317e-14, -3.220568e-14, -7.784438e-14
169.500000, 8.244751e-14, 4.401478e-14, 4.403240e-14, 6.575423e-14
169.600000, -9.413567e-14, -3.199070e-14, -3.197296e-14, -7.720292e-14
169.700000, 8.181669e-14, 4.364133e-14, 4.365921e-14, 6.524755e-14
169.800000, -9.335795e-14, -3.175898e-14, -3.174100e-14, -7.656498e-14
169.900000, 8.118842e-14, 4.327017e-14, 4.328827e-14, 6.474323e-14
170.000000, -9.258469e-14, -3.152799e-14, -3.150979e-14, -7.593052e-14
170.100000, 8.056273e-14, 4.290124e-14, 4.291955e-14, 6.424123e-14
170.200000, -9.181586e-14, -3.129779e-14, -3.127937e-14, -7.529950e-14
170.300000, 7.993964e-14, 4.253449e-14, 4.255301e-14, 6.374153e-14
170.400000, -9.105138e-14, -3.106837e-14, -3.104975e-14, -7.467187e-14
170.500000, 7.931911e-14, 4.216993e-14, 4.218863e-14, 6.324417e-14
170.600000, -9.029119e-14, -3.083970e-14, -3.082091e-14, -7.404758e-14
170.700000, 7.870120e-14, 4.180750e-14, 4.182636e-14, 6.274910e-14
170.800000, -8.953525e-14, -3.061183e-14, -3.059287e-14, -7.342660e-14
170.900000, 7.808585e-14, 4.144717e-14, 4.146620e-14, 6.225636e-14
171.000000, -8.878347e-14, -3.038473e-14, -3.036564e-14, -7.280890e-14
171.100000, 7.747311e-14, 4.108894e-14, 4.110810e-14, 6.176592e-14
171.200000, -8.803585e-14, -3.015844e-14, -3.013922e-14, -7.219441e-14
171.300000, 7.686295e-14, 4.073277e-14, 4.075203e-14, 6.127777e-14
171.400000, -8.729230e-14, -2.993295e-14, -2.991362e-14, -7.158313e-14
171.500000, 7.625539e-14, 4.037864e-14, 4.039798e-14, 6.079192e-14
171.600000, -8.655278e-14, -2.970823e-14, -2.968884e-14, -7.097499e-14
171.700000, 7.565043e-14, 4.002653e-14, 4.004594e-14, 6.030835e-14
171.800000, -8.581722e-14, -2.948433e-14, -2.946489e-14, -7.036998e-14
171.900000, 7.504803e-14, 3.967640e-14, 3.969585e-14, 5.982706e-14
172.000000, -8.508565e-14, -2.926120e-14, -2.924176e-14, -6.976809e-14
172.100000, 7.444819e-14, 3.932823e-14, 3.934769e-14, 5.934801e-14
172.200000, -8.435795e-14, -2.903890e-14, -2.901946e-14, -6.916924e-14
172.300000, 7.385090e-14, 3.898197e-14, 3.900141e-14, 5.887119e-14
172.400000, -8.363414e-14, -2.881744e-14, -2.879802e-14, -6.857346e-14
172.500000, 7.325617e-14, 3.863762e-14, 3.865703e-14, 5.839659e-14
172.600000, -8.291417e-14, -2.859681e-14, -2.857743e-14, -6.798070e-14
172.700000, 7.266392e-14, 3.829514e-14, 3.831448e-14, 5.792417e-14
172.800000, -8.219801e-14, -2.837701e-14, -2.835771e-14, -6.739097e-14
172.900000, 7.207420e-14, 3.795449e-14, 3.797375e-14, 5.745392e-14
173.000000, -8.148561e-14, -2.815806e-14, -2.813886e-14, -6.680422e-14
173.100000, 7.148697e-14, 3.761567e-14, 3.763482e-14, 5.698582e-14
173.200000, -8.077694e-14, -2.793995e-14, -2.792084e-14, -6.622044e-14
173.300000, 7.090224e-14, 3.727864e-14, 3.729767e-14, 5.651986e-14
173.400000, -8.007194e-14, -2.772268e-14, -2.770371e-14, -6.563960e-14
173.500000, 7.031998e-14, 3.694338e-14, 3.696229e-14, 5.605602e-14
173.600000, -7.937058e-14, -2.750623e-14, -2.748739e-14, -6.506167e-14
173.700000, 6.974022e-14, 3.660990e-14, 3.662868e-14, 5.559430e-14
173.800000, -7.867280e-14, -2.729063e-14, -2.727193e-14, -6.448660e-14
173.900000, 6.916294e-14, 3.627820e-14, 3.629681e-14, 5.513470e-14
174.000000, -7.797857e-14, -2.707581e-14, -2.705726e-14, -6.391439e-14
174.100000, 6.858814e-14, 3.594826e-14, 3.596670e-14, 5.467719e-14
174.200000, -7.728783e-14, -2.686177e-14, -2.684342e-14, -6.334499e-14
174.300000, 6.801582e-14, 3.562007e-14, 3.563834e-14, 5.422177e-14
174.400000, -7.660056e-14, -2.664852e-14, -2.663036e-14, -6.277838e-14
174.500000, 6.744594e-14, 3.529363e-14, 3.531170e-14, 5.376842e-14
174.600000, -7.591674e-14, -2.643604e-14, -2.641807e-14, -6.221455e-14
174.700000, 6.687850e-14, 3.496893e-14, 3.498678e-14, 5.331711e-14
174.800000, -7.523632e-14, -2.622433e-14, -2.620659e-14, -6.165349e-14
174.900000, 6.631346e-14, 3.464594e-14, 3.466356e-14, 5.286780e-14
175.000000, -7.455930e-14, -2.601339e-14, -2.599588e-14, -6.109518e-14
175.100000, 6.575080e-14, 3.432464e-14, 3.434201e-14, 5.242049e-14
175.200000, -7.388569e-14, -2.580320e-14, -2.578596e-14, -6.053964e-14
175.300000, 6.519052e-14, 3.400501e-14, 3.402212e-14, 5.197513e-14
175.400000, -7.321541e-14, -2.559378e-14, -2.557681e-14, -5.998683e-14
175.500000, 6.463254e-14, 3.368706e-14, 3.370389e-14, 5.153168e-14
175.600000, -7.254851e-14, -2.538511e-14, -2.536843e-14, -5.943676e-14
175.700000, 6.407686e-14, 3.337076e-14, 3.338728e-14, 5.109015e-14
175.800000, -7.188490e-14, -2.517719e-14, -2.516082e-14, -5.888940e-14
175.900000, 6.352348e-14, 3.305609e-14, 3.307230e-14, 5.065048e-14
176.000000, -7.122459e-14, -2.497002e-14, -2.495396e-14, -5.834475e-14
176.100000, 6.297236e-14, 3.274307e-14, 3.275894e-14, 5.021266e-14
176.200000, -7.056756e-14, -2.476356e-14, -2.474785e-14, -5.780280e-14
176.300000, 6.242347e-14, 3.243166e-14, 3.244720e-14, 4.977668e-14
176.400000, -6.991376e-14, -2.455781e-14, -2.454245e-14, -5.726352e-14
176.500000, 6.187685e-14, 3.212188e-14, 3.213708e-14, 4.934251e-14
176.600000, -6.926320e-14, -2.435280e-14, -2.433778e-14, -5.672692e-14
176.700000, 6.133240e-14, 3.181371e-14, 3.182855e-14, 4.891012e-14
176.800000, -6.861581e-14, -2.414845e-14, -2.413379e-14, -5.619295e-14
176.900000, 6.079018e-14, 3.150715e-14, 3.152164e-14, 4.847951e-14
177.000000, -6.797158e-14, -2.394480e-14, -2.393049e-14, -5.566162e-14
177.100000, 6.025014e-14, 3.120219e-14, 3.121632e-14, 4.805065e-14
177.200000, -6.733048e-14, -2.374179e-14, -2.372785e-14, -5.513289e-14
177.300000, 5.971226e-14, 3.089885e-14, 3.091261e-14, 4.762353e-14
177.400000, -6.669249e-14, -2.353943e-14, -2.352585e-14, -5.460677e-14
177.500000, 5.917654e-14, 3.059709e-14, 3.061050e-14, 4.719812e-14
177.600000, -6.605758e-14, -2.333773e-14, -2.332450e-14, -5.408323e-14
177.700000, 5.864296e-14, 3.029693e-14, 3.030997e-14, 4.677442e-14
177.800000, -6.542575e-14, -2.313664e-14, -2.312378e-14, -5.356226e-14
177.900000, 5.811150e-14, 2.999836e-14, 3.001103e-14, 4.635238e-14
178.000000, -6.479695e-14, -2.293617e-14, -2.292368e-14, -5.304383e-14
178.100000, 5.758212e-14, 2.970134e-14, 2.971365e-14, 4.593200e-14
178.200000, -6.417118e-14, -2.273633e-14, -2.272420e-14, -5.252797e-14
178.300000, 5.705479e-14, 2.940588e-14, 2.941782e-14, 4.551324e-14
178.400000, -6.354845e-14, -2.253710e-14, -2.252534e-14, -5.201466e-14
178.500000, 5.652951e-14, 2.911197e-14, 2.912354e-14, 4.509607e-14
178.600000, -6.292870e-14, -2.233848e-14, -2.232708e-14, -5.150386e-14
178.700000, 5.600624e-14, 2.881957e-14, 2.883079e-14, 4.468049e-14
178.800000, -6.231195e-14, -2.214048e-14, -2.212943e-14, -5.099559e-14
178.900000, 5.548494e-14, 2.852869e-14, 2.853956e-14, 4.426646e-14
179.000000, -6.169815e-14, -2.194307e-14, -2.193237e-14, -5.048982e-14
179.100000, 5.496565e-14, 2.823932e-14, 2.824983e-14, 4.385398e-14
179.200000, -6.108729e-14, -2.174626e-14, -2.173589e-14, -4.998654e-14
179.300000, 5.444829e-14, 2.795144e-14, 2.796165e-14, 4.344303e-14
179.400000, -6.047934e-14, -2.155001e-14, -2.153998e-14, -4.948571e-14
179.500000, 5.393292e-14, 2.766507e-14, 2.767497e-14, 4.303360e-14
179.600000, -5.987429e-14, -2.135432e-14, -2.134459e-14, -4.898733e-14
179.700000, 5.341945e-14, 2.738022e-14, 2.738979e-14, 4.262569e-14
179.800000, -5.927208e-14, -2.115920e-14, -2.114979e-14, -4.849138e-14
179.900000, 5.290794e-14, 2.709685e-14, 2.710613e-14, 4.221927e-14
180.000000, -5.867271e-14, -2.096460e-14, -2.095545e-14, -4.799781e-14
180.100000, 5.239833e-14, 2.681497e-14, 2.682397e-14, 4.181434e-14
180.200000, -5.807614e-14, -2.077053e-14, -2.076166e-14, -4.750664e-14
180.300000, 5.189061e-14, 2.653458e-14, 2.654330e-14, 4.141086e-14
180.400000, -5.748237e-14, -2.057698e-14, -2.056838e-14, -4.701786e-14
180.500000, 5.138477e-14, 2.625565e-14, 2.626412e-14, 4.100884e-14
180.600000, -5.689135e-14, -2.038395e-14, -2.037560e-14, -4.653142e-14
180.700000, 5.088080e-14, 2.597820e-14, 2.598641e-14, 4.060824e-14
180.800000, -5.630311e-14, -2.019142e-14, -2.018333e-14, -4.604734e-14
180.900000, 5.037866e-14, 2.570219e-14, 2.571014e-14, 4.020907e-14
181.000000, -5.571762e-14, -1.999941e-14, -1.999157e-14, -4.556560e-14
181.100000, 4.987833e-14, 2.542758e-14, 2.543531e-14, 3.981129e-14
181.200000, -5.513484e-14, -1.980791e-14, -1.980030e-14, -4.508617e-14
181.300000, 4.937981e-14, 2.515441e-14, 2.516191e-14, 3.941488e-14
181.400000, -5.455479e-14, -1.961694e-14, -1.960955e-14, -4.460907e-14
181.500000, 4.888304e-14, 2.488265e-14, 2.488992e-14, 3.901984e-14
181.600000, -5.397741e-14, -1.942646e-14, -1.941928e-14, -4.413426e-14
181.700000, 4.838802e-14, 2.461227e-14, 2.461933e-14, 3.862613e-14
181.800000, -5.340273e-14, -1.923647e-14, -1.922951e-14, -4.366172e-14
181.900000, 4.789475e-14, 2.434328e-14, 2.435014e-14, 3.823377e-14
182.000000, -5.283069e-14, -1.904700e-14, -1.904024e-14, -4.319145e-14
182.100000, 4.740320e-14, 2.407567e-14, 2.408233e-14, 3.784273e-14
182.200000, -5.226129e-14, -1.885799e-14, -1.885143e-14, -4.272342e-14
182.300000, 4.691334e-14, 2.380942e-14, 2.381589e-14, 3.745302e-14
182.400000, -5.169453e-14, -1.866950e-14, -1.866312e-14, -4.225759e-14
182.500000, 4.642518e-14, 2.354451e-14, 2.355080e-14, 3.706460e-14
182.600000, -5.113036e-14, -1.848149e-14, -1.847527e-14, -4.179399e-14
182.700000, 4.593870e-14, 2.328096e-14, 2.328707e-14, 3.667748e-14
182.800000, -5.056879e-14, -1.829395e-14, -1.828790e-14, -4.133258e-14
182.900000, 4.545386e-14, 2.301871e-14, 2.302468e-14, 3.629164e-14
183.000000, -5.000975e-14, -1.810689e-14, -1.810099e-14, -4.087332e-14
183.100000, 4.497067e-14, 2.275780e-14, 2.276362e-14, 3.590707e-14
183.200000, -4.945326e-14, -1.792030e-14, -1.791453e-14, -4.041622e-14
183.300000, 4.448914e-14, 2.249819e-14, 2.250391e-14, 3.552379e-14
183.400000, -4.889928e-14, -1.773417e-14, -1.772852e-14, -3.996126e-14
183.500000, 4.400923e-14, 2.223990e-14, 2.224550e-14, 3.514174e-14
183.600000, -4.834777e-14, -1.754850e-14, -1.754295e-14, -3.950839e-14
183.700000, 4.353094e-14, 2.198290e-14, 2.198841e-14, 3.476097e-14
183.800000, -4.779874e-14, -1.736327e-14, -1.735781e-14, -3.905761e-14
183.900000, 4.305427e-14, 2.172720e-14, 2.173263e-14, 3.438143e-14
184.000000, -4.725213e-14, -1.717849e-14, -1.717309e-14, -3.860888e-14
184.100000, 4.257921e-14, 2.147279e-14, 2.147814e-14, 3.400315e-14
184.200000, -4.670794e-14, -1.699413e-14, -1.698880e-14, -3.816220e-14
184.300000, 4.210573e-14, 2.121965e-14, 2.122496e-14, 3.362610e-14
184.400000, -4.616614e-14, -1.681021e-14, -1.680493e-14, -3.771754e-14
184.500000, 4.163383e-14, 2.096777e-14, 2.097302e-14, 3.325025e-14
184.600000, -4.562674e-14, -1.662673e-14, -1.662149e-14, -3.727492e-14
184.700000, 4.116348e-14, 2.071713e-14, 2.072235e-14, 3.287561e-14
184.800000, -4.508971e-14, -1.644369e-14, -1.643848e-14, -3.683431e-14
184.900000, 4.069466e-14, 2.046771e-14, 2.047292e-14, 3.250217e-14
185.000000, -4.455501e-14, -1.626108e-14, -1.625590e-14, -3.639566e-14
185.100000, 4.022737e-14, 2.021952e-14, 2.022470e-14, 3.212991e-14
185.200000, -4.402265e-14, -1.607890e-14, -1.607374e-14, -3.595899e-14
185.300000, 3.976161e-14, 1.997253e-14, 1.997771e-14, 3.175883e-14
185.400000, -4.349259e-14, -1.589716e-14, -1.589200e-14, -3.552425e-14
185.500000, 3.929736e-14, 1.972675e-14, 1.973192e-14, 3.138892e-14
185.600000, -4.296482e-14, -1.571583e-14, -1.571067e-14, -3.509146e-14
185.700000, 3.883460e-14, 1.948216e-14, 1.948732e-14, 3.102017e-14
185.800000, -4.243931e-14, -1.553494e-14, -1.552977e-14, -3.466057e-14
185.900000, 3.837334e-14, 1.923875e-14, 1.924392e-14, 3.065258e-14
186.000000, -4.191604e-14, -1.535446e-14, -1.534928e-14, -3.423157e-14
186.100000, 3.791354e-14, 1.899652e-14, 1.900171e-14, 3.028616e-14
186.200000, -4.139498e-14, -1.517439e-14, -1.516919e-14, -3.380445e-14
186.300000, 3.745524e-14, 1.875544e-14, 1.876065e-14, 2.992085e-14
186.400000, -4.087614e-14, -1.499474e-14, -1.498951e-14, -3.337918e-14
186.500000, 3.699837e-14, 1.851551e-14, 1.852074e-14, 2.955667e-14
186.600000, -4.035947e-14, -1.481549e-14, -1.481024e-14, -3.295576e-14
186.700000, 3.654296e-14, 1.827670e-14, 1.828198e-14, 2.919362e-14
186.800000, -3.984496e-14, -1.463668e-14, -1.463139e-14, -3.253419e-14
186.900000, 3.608898e-14, 1.803902e-14, 1.804433e-14, 2.883166e-14
187.000000, -3.933259e-14, -1.445829e-14, -1.445294e-14, -3.211443e-14
187.100000, 3.563641e-14, 1.780243e-14, 1.780779e-14, 2.847082e-14
187.200000, -3.882239e-14, -1.428029e-14, -1.427490e-14, -3.169646e-14
187.300000, 3.518526e-14, 1.756695e-14, 1.757238e-14, 2.811105e-14
187.400000, -3.831427e-14, -1.410273e-14, -1.409727e-14, -3.128029e-14
187.500000, 3.473550e-14, 1.733254e-14, 1.733803e-14, 2.775236e-14
187.600000, -3.780824e-14, -1.392557e-14, -1.392006e-14, -3.086587e-14
187.700000, 3.428712e-14, 1.709920e-14, 1.710476e-14, 2.739475e-14
187.800000, -3.730431e-14, -1.374884e-14, -1.374325e-14, -3.045323e-14
187.900000, 3.384013e-14, 1.686690e-14, 1.687254e-14, 2.703820e-14
188.000000, -3.680242e-14, -1.357252e-14, -1.356684e-14, -3.004230e-14
188.100000, 3.339450e-14, 1.663568e-14, 1.664140e-14, 2.668273e-14
188.200000, -3.630256e-14, -1.339661e-14, -1.339085e-14, -2.963309e-14
188.300000, 3.295022e-14, 1.640549e-14, 1.641130e-14, 2.632831e-14
188.400000, -3.580472e-14, -1.322109e-14, -1.321525e-14, -2.922556e-14
188.500000, 3.250731e-14, 1.617633e-14, 1.618223e-14, 2.597495e-14
188.600000, -3.530886e-14, -1.304599e-14, -1.304004e-14, -2.881970e-14
188.700000, 3.206573e-14, 1.594821e-14, 1.595419e-14, 2.562264e-14
188.800000, -3.481497e-14, -1.287128e-14, -1.286524e-14, -2.841551e-14
188.900000, 3.162550e-14, 1.572109e-14, 1.572717e-14, 2.527138e-14
189.000000, -3.432303e-14, -1.269695e-14, -1.269084e-14, -2.801296e-14
189.100000, 3.118662e-14, 1.549498e-14, 1.550115e-14, 2.492115e-14
189.200000, -3.383302e-14, -1.252304e-14, -1.251682e-14, -2.761202e-14
189.300000, 3.074903e-14, 1.526985e-14, 1.527611e-14, 2.457195e-14
189.400000, -3.334492e-14, -1.234953e-14, -1.234322e-14, -2.721270e-14
189.500000, 3.031277e-14, 1.504569e-14, 1.505206e-14, 2.422377e-14
189.600000, -3.285871e-14, -1.217639e-14, -1.217000e-14, -2.681497e-14
189.700000, 2.987782e-14, 1.482251e-14, 1.482896e-14, 2.387659e-14
189.800000, -3.237438e-14, -1.200368e-14, -1.199719e-14, -2.641883e-14
189.900000, 2.944415e-14, 1.460029e-14, 1.460684e-14, 2.353043e-14
190.000000, -3.189189e-14, -1.183136e-14, -1.182477e-14, -2.602425e-14
190.100000, 2.901178e-14, 1.437902e-14, 1.438564e-14, 2.318527e-14
190.200000, -3.141124e-14, -1.165943e-14, -1.165275e-14, -2.563119e-14
190.300000, 2.858069e-14, 1.415866e-14, 1.416538e-14, 2.284109e-14
190.400000, -3.093240e-14, -1.148789e-14, -1.148111e-14, -2.523969e-14
190.500000, 2.815087e-14, 1.393924e-14, 1.394607e-14, 2.249793e-14
190.600000, -3.045534e-14, -1.131673e-14, -1.130987e-14, -2.484968e-14
190.700000, 2.772233e-14, 1.372074e-14, 1.372766e-14, 2.215573e-14
190.800000, -2.998009e-14, -1.114599e-14, -1.113902e-14, -2.446117e-14
190.900000, 2.729504e-14, 1.350313e-14, 1.351016e-14, 2.181454e-14
191.000000, -2.950656e-14, -1.097562e-14, -1.096854e-14, -2.407413e-14
191.100000, 2.686899e-14, 1.328643e-14, 1.329356e-14, 2.147431e-14
191.200000, -2.903479e-14, -1.080564e-14, -1.079847e-14, -2.368855e-14
191.300000, 2.644420e-14, 1.307061e-14, 1.307785e-14, 2.113507e-14
191.400000, -2.856472e-14, -1.063605e-14, -1.062875e-14, -2.330439e-14
191.500000, 2.602066e-14, 1.285567e-14, 1.286303e-14, 2.079680e-14
191.600000, -2.809635e-14, -1.046682e-14, -1.045941e-14, -2.292166e-14
191.700000, 2.559831e-14, 1.264163e-14, 1.264909e-14, 2.045949e-14
191.800000, -2.762968e-14, -1.029798e-14, -1.029046e-14, -2.254034e-14
191.900000, 2.517720e-14, 1.242843e-14, 1.243600e-14, 2.012315e-14
192.000000, -2.716466e-14, -1.012951e-14, -1.012187e-14, -2.216041e-14
192.100000, 2.475730e-14, 1.221609e-14, 1.222375e-14, 1.978774e-14
192.200000, -2.670131e-14, -9.961415e-15, -9.953703e-15, -2.178188e-14
192.300000, 2.433857e-14, 1.200458e-14, 1.201233e-14, 1.945329e-14
192.400000, -2.623960e-14, -9.793710e-15, -9.785913e-15, -2.140471e-14
192.500000, 2.392105e-14, 1.179390e-14, 1.180174e-14, 1.911975e-14
192.600000, -2.577953e-14, -9.626372e-15, -9.618498e-15, -2.102890e-14
192.700000, 2.350467e-14, 1.158403e-14, 1.159194e-14, 1.878714e-14
192.800000, -2.532107e-14, -9.459432e-15, -9.451499e-15, -2.065444e-14
192.900000, 2.308944e-14, 1.137497e-14, 1.138293e-14, 1.845543e-14
193.000000, -2.486423e-14, -9.292877e-15, -9.284884e-15, -2.028133e-14
193.100000, 2.267537e-14, 1.116670e-14, 1.117471e-14, 1.812463e-14
193.200000, -2.440898e-14, -9.126700e-15, -9.118668e-15, -1.990952e-14
193.300000, 2.226243e-14, 1.095920e-14, 1.096724e-14, 1.779471e-14
193.400000, -2.395528e-14, -8.960895e-15, -8.952847e-15, -1.953904e-14
193.500000, 2.185062e-14, 1.075251e-14, 1.076056e-14, 1.746570e-14
193.600000, -2.350314e-14, -8.795467e-15, -8.787403e-15, -1.916984e-14
193.700000, 2.143995e-14, 1.054657e-14, 1.055463e-14, 1.713758e-14
193.800000, -2.305253e-14, -8.630386e-15, -8.622317e-15, -1.880191e-14
193.900000, 2.103040e-14, 1.034142e-14, 1.034947e-14, 1.681036e-14
194.000000, -2.260342e-14, -8.465670e-15, -8.457628e-15, -1.843523e-14
194.100000, 2.062197e-14, 1.013703e-14, 1.014507e-14, 1.648401e-14
194.200000, -2.215581e-14, -8.301315e-15, -8.293297e-15, -1.806978e-14
194.300000, 2.021464e-14, 9.933398e-15, 9.941398e-15, 1.615856e-14
194.400000, -2.170968e-14, -8.137299e-15, -8.129326e-15, -1.770556e-14
194.500000, 1.980843e-14, 9.730513e-15, 9.738479e-15, 1.583399e-14
194.600000, -2.126500e-14, -7.973674e-15, -7.965728e-15, -1.734255e-14
194.700000, 1.940330e-14, 9.528362e-15, 9.536279e-15, 1.551027e-14
194.800000, -2.082178e-14, -7.810381e-15, -7.802500e-15, -1.698074e-14
194.900000, 1.899924e-14, 9.326922e-15, 9.334784e-15, 1.518742e-14
195.000000, -2.037999e-14, -7.647455e-15, -7.639632e-15, -1.662013e-14
195.100000, 1.859625e-14, 9.126206e-15, 9.134006e-15, 1.486541e-14
195.200000, -1.993964e-14, -7.484893e-15, -7.477147e-15, -1.626071e-14
195.300000, 1.819433e-14, 8.926194e-15, 8.933900e-15, 1.454423e-14
195.400000, -1.950069e-14, -7.322683e-15, -7.315022e-15, -1.590244e-14
195.500000, 1.779345e-14, 8.726873e-15, 8.734492e-15, 1.422388e-14
195.600000, -1.906314e-14, -7.160842e-15, -7.153274e-15, -1.554535e-14
195.700000, 1.739362e-14, 8.528242e-15, 8.535753e-15, 1.390438e-14
195.800000, -1.862697e-14, -6.999334e-15, -6.991876e-15, -1.518938e-14
195.900000, 1.699482e-14, 8.330285e-15, 8.337695e-15, 1.358568e-14
196.000000, -1.819216e-14, -6.838188e-15, -6.830846e-15, -1.483456e-14
196.100000, 1.659705e-14, 8.133008e-15, 8.140294e-15, 1.326780e-14
196.200000, -1.775871e-14, -6.677408e-15, -6.670187e-15, -1.448084e-14
196.300000, 1.620029e-14, 7.936385e-15, 7.943533e-15, 1.295074e-14
196.400000, -1.732658e-14, -6.516946e-15, -6.509873e-15, -1.412824e-14
196.500000, 1.580456e-14, 7.740420e-15, 7.747427e-15, 1.263446e-14
196.600000, -1.689578e-14, -6.356849e-15, -6.349921e-15, -1.377671e-14
196.700000, 1.540981e-14, 7.545099e-15, 7.551977e-15, 1.231901e-14
196.800000, -1.646628e-14, -6.197096e-15, -6.190317e-15, -1.342626e-14
196.900000, 1.501607e-14, 7.350429e-15, 7.357137e-15, 1.200434e-14
197.000000, -1.603807e-14, -6.037679e-15, -6.031043e-15, -1.307688e-14
197.100000, 1.462332e-14, 7.156387e-15, 7.162951e-15, 1.169047e-14
197.200000, -1.561112e-14, -5.878611e-15, -5.872136e-15, -1.272855e-14
197.300000, 1.423157e-14, 6.962975e-15, 6.969374e-15, 1.137739e-14
197.400000, -1.518543e-14, -5.719859e-15, -5.713536e-15, -1.238123e-14
197.500000, 1.384079e-14, 6.770190e-15, 6.776430e-15, 1.106509e-14
197.600000, -1.476098e-14, -5.561455e-15, -5.555294e-15, -1.203494e-14
197.700000, 1.345099e-14, 6.578007e-15, 6.584102e-15, 1.075357e-14
197.800000, -1.433774e-14, -5.403363e-15, -5.397364e-15, -1.168964e-14
197.900000, 1.306216e-14, 6.386459e-15, 6.392389e-15, 1.044283e-14
198.000000, -1.391571e-14, -5.245618e-15, -5.239771e-15, -1.134534e-14
198.100000, 1.267428e-14, 6.195495e-15, 6.201256e-15, 1.013287e-14
198.200000, -1.349490e-14, -5.088188e-15, -5.082495e-15, -1.100203e-14
198.300000, 1.228736e-14, 6.005121e-15, 6.010739e-15, 9.823658e-15
198.400000, -1.307524e-14, -4.931089e-15, -4.925559e-15, -1.065968e-14
198.500000, 1.190136e-14, 5.815328e-15, 5.820776e-15, 9.515185e-15
198.600000, -1.265677e-14, -4.774321e-15, -4.768958e-15, -1.031833e-14
198.700000, 1.151630e-14, 5.626096e-15, 5.631369e-15, 9.207438e-15
198.800000, -1.223947e-14, -4.617910e-15, -4.612713e-15, -9.977937e-15
198.900000, 1.113216e-14, 5.437415e-15, 5.442521e-15, 8.900429e-15
199.000000, -1.182333e-14, -4.461829e-15, -4.456820e-15, -9.638501e-15
199.100000, 1.074889e-14, 5.249268e-15, 5.254192e-15, 8.594113e-15
199.200000, -1.140830e-14, -4.306068e-15, -4.301265e-15, -9.300030e-15
199.300000, 1.036657e-14, 5.061661e-15, 5.066389e-15, 8.288502e-15
199.400000, -1.099444e-14, -4.150675e-15, -4.146053e-15, -8.962488e-15
199.500000, 9.985107e-15, 4.874591e-15, 4.879110e-15, 7.983594e-15
199.600000, -1.058166e-14, -3.995596e-15, -3.991187e-15, -8.625891e-15
199.700000, 9.604523e-15, 4.688053e-15, 4.692349e-15, 7.679369e-15
199.800000, -1.016999e-14, -3.840865e-15, -3.836643e-15, -8.290185e-15
199.900000, 9.224841e-15, 4.502005e-15, 4.506111e-15, 7.375845e-15
200.000000, -9.759410e-15, -3.686422e-15, -3.682432e-15, -7.955379e-15
200.100000, 8.846042e-15, 4.316493e-15, 4.320385e-15, 7.073027e-15
200.200000, -9.349872e-15, -3.532304e-15, -3.528547e-15, -7.621444e-15
200.300000, 8.468122e-15, 4.131504e-15, 4.135171e-15, 6.770891e-15
200.400000, -8.941376e-15, -3.378511e-15, -3.374960e-15, -7.288384e-15
200.500000, 8.091066e-15, 3.947016e-15, 3.950453e-15, 6.469467e-15
200.600000, -8.533904e-15, -3.225033e-15, -3.221694e-15, -6.956172e-15
200.700000, 7.714855e-15, 3.763021e-15, 3.766238e-15, 6.168701e-15
200.800000, -8.127478e-15, -3.071879e-15, -3.068732e-15, -6.624792e-15
200.900000, 7.339541e-15, 3.579516e-15, 3.582547e-15, 5.868634e-15
201.000000, -7.722036e-15, -2.919029e-15, -2.916082e-15, -6.294261e-15
201.100000, 6.965021e-15, 3.396471e-15, 3.399319e-15, 5.569223e-15
201.200000, -7.317607e-15, -2.766488e-15, -2.763734e-15, -5.964526e-15
201.300000, 6.591365e-15, 3.213902e-15, 3.216557e-15, 5.270480e-15
201.400000, -6.914155e-15, -2.614287e-15, -2.611708e-15, -5.635609e-15
201.500000, 6.218526e-15, 3.031783e-15, 3.034280e-15, 4.972384e-15
201.600000, -6.511673e-15, -2.462383e-15, -2.459980e-15, -5.307491e-15
201.700000, 5.846495e-15, 2.850132e-15, 2.852453e-15, 4.674958e-15
201.800000, -6.110163e-15, -2.310805e-15, -2.308567e-15, -4.980185e-15
201.900000, 5.475284e-15, 2.668915e-15, 2.671083e-15, 4.378162e-15
202.000000, -5.709607e-15, -2.159538e-15, -2.157445e-15, -4.653654e-15
202.100000, 5.104895e-15, 2.488158e-15, 2.490165e-15, 4.082008e-15
202.200000, -5.309969e-15, -2.008571e-15, -2.006628e-15, -4.327863e-15
202.300000, 4.735280e-15, 2.307814e-15, 2.309684e-15, 3.786506e-15
202.400000, -4.911243e-15, -1.857926e-15, -1.856121e-15, -4.002863e-15
202.500000, 4.366466e-15, 2.127901e-15, 2.129622e-15, 3.491605e-15
202.600000, -4.513455e-15, -1.707597e-15, -1.705941e-15, -3.678602e-15
202.700000, 3.998425e-15, 1.948421e-15, 1.949995e-15, 3.197320e-15
202.800000, -4.116539e-15, -1.557534e-15, -1.556043e-15, -3.355086e-15
202.900000, 3.631199e-15, 1.769345e-15, 1.770777e-15, 2.903679e-15
203.000000, -3.720523e-15, -1.407798e-15, -1.406468e-15, -3.032295e-15
203.100000, 3.264699e-15, 1.590665e-15, 1.591957e-15, 2.610639e-15
203.200000, -3.325381e-15, -1.258374e-15, -1.257178e-15, -2.710231e-15
203.300000, 2.898978e-15, 1.412391e-15, 1.413530e-15, 2.318190e-15
203.400000, -2.931087e-15, -1.109261e-15, -1.108187e-15, -2.388880e-15
203.500000, 2.534013e-15, 1.234521e-15, 1.235491e-15, 2.026366e-15
203.600000, -2.537663e-15, -9.603975e-16, -9.595017e-16, -2.068209e-15
203.700000, 2.169810e-15, 1.057035e-15, 1.057871e-15, 1.735107e-15
203.800000, -2.145068e-15, -8.118566e-16, -8.110958e-16, -1.748233e-15
203.900000, 1.806334e-15, 8.799354e-16, 8.806193e-16, 1.444463e-15
204.000000, -1.753259e-15, -6.635971e-16, -6.629850e-16, -1.428909e-15
204.100000, 1.443616e-15, 7.032240e-16, 7.037687e-16, 1.154411e-15
204.200000, -1.362282e-15, -5.156311e-16, -5.151539e-16, -1.110260e-15
204.300000, 1.081621e-15, 5.268646e-16, 5.272822e-16, 8.649524e-16
204.400000, -9.720847e-16, -3.679499e-16, -3.676133e-16, -7.922488e-16
204.500000, 7.203709e-16, 3.508969e-16, 3.511585e-16, 5.760539e-16
204.600000, -5.826674e-16, -2.205626e-16, -2.203518e-16, -4.748752e-16
204.700000, 3.598220e-16, 1.752741e-16, 1.754087e-16, 2.877452e-16
204.800000, -1.940367e-16, -7.345384e-17, -7.338220e-17, -1.581284e-16
