x, 11, 12, 21, 22
0.100000, -7.795944e-02, -7.125889e-02, -7.125889e-02, -6.565209e-02
0.200000, -7.749889e-02, -7.086546e-02, -7.086546e-02, -6.523784e-02
0.300000, -7.680098e-02, -7.021465e-02, -7.021465e-02, -6.461122e-02
0.400000, -7.584370e-02, -6.932194e-02, -6.932194e-02, -6.375500e-02
0.500000, -7.465594e-02, -6.820522e-02, -6.820522e-02, -6.269052e-02
0.600000, -7.324698e-02, -6.688413e-02, -6.688413e-02, -6.143588e-02
0.700000, -7.164270e-02, -6.538155e-02, -6.538155e-02, -6.001290e-02
0.800000, -6.986632e-02, -6.372002e-02, -6.372002e-02, -5.844362e-02
0.900000, -6.794385e-02, -6.192481e-02, -6.192481e-02, -5.675282e-02
1.000000, -6.590157e-02, -6.002118e-02, -6.002118e-02, -5.496345e-02
1.100000, -6.376609e-02, -5.803337e-02, -5.803337e-02, -5.309845e-02
1.200000, -6.156315e-02, -5.598614e-02, -5.598614e-02, -5.117990e-02
1.300000, -5.931896e-02, -5.390191e-02, -5.390191e-02, -4.923044e-02
1.400000, -5.705603e-02, -5.180316e-02, -5.180316e-02, -4.726998e-02
1.500000, -5.479604e-02, -4.971024e-02, -4.971024e-02, -4.531762e-02
1.600000, -5.255831e-02, -4.764130e-02, -4.764130e-02, -4.339000e-02
1.700000, -5.036081e-02, -4.561196e-02, -4.561196e-02, -4.150128e-02
1.800000, -4.821814e-02, -4.363531e-02, -4.363531e-02, -3.966399e-02
1.900000, -4.614168e-02, -4.172212e-02, -4.172212e-02, -3.788833e-02
2.000000, -4.414025e-02, -3.988113e-02, -3.988113e-02, -3.618119e-02
2.100000, -4.222134e-02, -3.811817e-02, -3.811817e-02, -3.454887e-02
2.200000, -4.038954e-02, -3.643752e-02, -3.643752e-02, -3.299458e-02
2.300000, -3.864789e-02, -3.484112e-02, -3.484112e-02, -3.152041e-02
2.400000, -3.699689e-02, -3.332976e-02, -3.332976e-02, -3.012677e-02
2.500000, -3.543508e-02, -3.190237e-02, -3.190237e-02, -2.881202e-02
2.600000, -3.396077e-02, -3.055626e-02, -3.055626e-02, -2.757434e-02
2.700000, -3.257072e-02, -2.928795e-02, -2.928795e-02, -2.641027e-02
2.800000, -3.126024e-02, -2.809344e-02, -2.809344e-02, -2.531477e-02
2.900000, -3.002442e-02, -2.696746e-02, -2.696746e-02, -2.428282e-02
3.000000, -2.885750e-02, -2.590463e-02, -2.590463e-02, -2.330921e-02
3.100000, -2.775430e-02, -2.489959e-02, -2.489959e-02, -2.238878e-02
3.200000, -2.670880e-02, -2.394694e-02, -2.394694e-02, -2.151607e-02
3.300000, -2.571621e-02, -2.304170e-02, -2.304170e-02, -2.068641e-02
3.400000, -2.477126e-02, -2.217904e-02, -2.217904e-02, -1.989535e-02
3.500000, -2.386946e-02, -2.135472e-02, -2.135472e-02, -1.913884e-02
3.600000, -2.300603e-02, -2.056492e-02, -2.056492e-02, -1.841317e-02
3.700000, -2.217753e-02, -1.980630e-02, -1.980630e-02, -1.771567e-02
3.800000, -2.138094e-02, -1.907611e-02, -1.907611e-02, -1.704354e-02
3.900000, -2.061346e-02, -1.837192e-02, -1.837192e-02, -1.639484e-02
4.000000, -1.987335e-02, -1.769216e-02, -1.769216e-02, -1.576827e-02
4.100000, -1.915891e-02, -1.703541e-02, -1.703541e-02, -1.516269e-02
4.200000, -1.846872e-02, -1.640077e-02, -1.640077e-02, -1.457744e-02
4.300000, -1.780207e-02, -1.578764e-02, -1.578764e-02, -1.401195e-02
4.400000, -1.715824e-02, -1.519568e-02, -1.519568e-02, -1.346598e-02
4.500000, -1.653727e-02, -1.462473e-02, -1.462473e-02, -1.293952e-02
4.600000, -1.593885e-02, -1.407470e-02, -1.407470e-02, -1.243244e-02
4.700000, -1.536292e-02, -1.354560e-02, -1.354560e-02, -1.194501e-02
4.800000, -1.480943e-02, -1.303739e-02, -1.303739e-02, -1.147701e-02
4.900000, -1.427803e-02, -1.254998e-02, -1.254998e-02, -1.102856e-02
5.000000, -1.376867e-02, -1.208321e-02, -1.208321e-02, -1.059965e-02
5.100000, -1.328075e-02, -1.163686e-02, -1.163686e-02, -1.018968e-02
5.200000, -1.281389e-02, -1.121016e-02, -1.121016e-02, -9.798292e-03
5.300000, -1.236711e-02, -1.080220e-02, -1.080220e-02, -9.424786e-03
5.400000, -1.193873e-02, -1.041168e-02, -1.041168e-02, -9.067878e-03
5.500000, -1.152682e-02, -1.003696e-02, -1.003696e-02, -8.725995e-03
5.600000, -1.112941e-02, -9.675906e-03, -9.675906e-03, -8.397140e-03
5.700000, -1.074392e-02, -9.326100e-03, -9.326100e-03, -8.079002e-03
5.800000, -1.036757e-02, -8.984796e-03, -8.984796e-03, -7.768846e-03
5.900000, -9.997177e-03, -8.649136e-03, -8.649136e-03, -7.464048e-03
6.000000, -9.629319e-03, -8.315858e-03, -8.315858e-03, -7.161569e-03
6.100000, -9.260938e-03, -7.981905e-03, -7.981905e-03, -6.858439e-03
6.200000, -8.888550e-03, -7.644206e-03, -7.644206e-03, -6.551810e-03
6.300000, -8.509284e-03, -7.299913e-03, -7.299913e-03, -6.239053e-03
6.400000, -8.120349e-03, -6.946622e-03, -6.946622e-03, -5.917854e-03
6.500000, -7.719648e-03, -6.582287e-03, -6.582287e-03, -5.586431e-03
6.600000, -7.305486e-03, -6.205454e-03, -6.205454e-03, -5.243526e-03
6.700000, -6.876817e-03, -5.815491e-03, -5.815491e-03, -4.888553e-03
6.800000, -6.433696e-03, -5.412414e-03, -5.412414e-03, -4.521900e-03
6.900000, -5.976731e-03, -4.997119e-03, -4.997119e-03, -4.144573e-03
7.000000, -5.507420e-03, -4.571167e-03, -4.571167e-03, -3.758109e-03
7.100000, -5.027859e-03, -4.136714e-03, -4.136714e-03, -3.364898e-03
7.200000, -4.540579e-03, -3.696535e-03, -3.696535e-03, -2.967773e-03
7.300000, -4.048952e-03, -3.253901e-03, -3.253901e-03, -2.569922e-03
7.400000, -3.556477e-03, -2.812329e-03, -2.812329e-03, -2.174808e-03
7.500000, -3.067408e-03, -2.375677e-03, -2.375677e-03, -1.786020e-03
7.600000, -2.585934e-03, -1.947771e-03, -1.947771e-03, -1.407218e-03
7.700000, -2.116335e-03, -1.532720e-03, -1.532720e-03, -1.042048e-03
7.800000, -1.662738e-03, -1.134401e-03, -1.134401e-03, -6.938882e-04
7.900000, -1.229265e-03, -7.564940e-04, -7.564940e-04, -3.661298e-04
8.000000, -8.196920e-04, -4.023620e-04, -4.023620e-04, -6.181640e-05
8.100000, -4.372906e-04, -7.499351e-05, -7.499351e-05, 2.164674e-04
8.200000, -8.510310e-05, 2.231014e-04, 2.231014e-04, 4.664503e-04
8.300000, 2.347807e-04, 4.899919e-04, 4.899919e-04, 6.866000e-04
8.400000, 5.205394e-04, 7.243277e-04, 7.243277e-04, 8.758396e-04
8.500000, 7.711231e-04, 9.253730e-04, 9.253730e-04, 1.033740e-03
8.600000, 9.859877e-04, 1.092977e-03, 1.092977e-03, 1.160306e-03
8.700000, 1.165312e-03, 1.227525e-03, 1.227525e-03, 1.256226e-03
8.800000, 1.309848e-03, 1.329961e-03, 1.329961e-03, 1.322661e-03
8.900000, 1.420666e-03, 1.401707e-03, 1.401707e-03, 1.361149e-03
9.000000, 1.499463e-03, 1.444558e-03, 1.444558e-03, 1.373726e-03
9.100000, 1.548311e-03, 1.460594e-03, 1.460594e-03, 1.362596e-03
9.200000, 1.569528e-03, 1.452248e-03, 1.452248e-03, 1.330122e-03
9.300000, 1.565652e-03, 1.422142e-03, 1.422142e-03, 1.278979e-03
9.400000, 1.539329e-03, 1.373004e-03, 1.373004e-03, 1.211848e-03
9.500000, 1.493487e-03, 1.307631e-03, 1.307631e-03, 1.131415e-03
9.600000, 1.431054e-03, 1.228759e-03, 1.228759e-03, 1.040409e-03
9.700000, 1.354754e-03, 1.139058e-03, 1.139058e-03, 9.413211e-04
9.800000, 1.267390e-03, 1.041181e-03, 1.041181e-03, 8.364664e-04
9.900000, 1.171416e-03, 9.374705e-04, 9.374705e-04, 7.280977e-04
10.000000, 1.069434e-03, 8.301691e-04, 8.301691e-04, 6.183023e-04
10.100000, 9.636370e-04, 7.212993e-04, 7.212993e-04, 5.088134e-04
10.200000, 8.561000e-04, 6.126834e-04, 6.126834e-04, 4.011692e-04
10.300000, 7.485510e-04, 5.059306e-04, 5.059306e-04, 2.967148e-04
10.400000, 6.426871e-04, 4.023160e-04, 4.023160e-04, 1.965677e-04
10.500000, 5.398501e-04, 3.029875e-04, 3.029875e-04, 1.016906e-04
10.600000, 4.411662e-04, 2.089140e-04, 2.089140e-04, 1.292639e-05
10.700000, 3.476421e-04, 1.207640e-04, 1.207640e-04, -6.929134e-05
10.800000, 2.599110e-04, 3.910115e-05, 3.910115e-05, -1.446574e-04
10.900000, 1.786177e-04, -3.572098e-05, -3.572098e-05, -2.128905e-04
11.000000, 1.041420e-04, -1.034551e-04, -1.034551e-04, -2.739549e-04
11.100000, 3.673447e-05, -1.639350e-04, -1.639350e-04, -3.278346e-04
11.200000, -2.345309e-05, -2.172087e-04, -2.172087e-04, -3.745359e-04
11.300000, -7.630633e-05, -2.633003e-04, -2.633003e-04, -4.143089e-04
11.400000, -1.219124e-04, -3.024045e-04, -3.024045e-04, -4.473995e-04
11.500000, -1.604302e-04, -3.347451e-04, -3.347451e-04, -4.740393e-04
11.600000, -1.921200e-04, -3.605294e-04, -3.605294e-04, -4.945710e-04
11.700000, -2.172280e-04, -3.801159e-04, -3.801159e-04, -5.093271e-04
11.800000, -2.360045e-04, -3.938663e-04, -3.938663e-04, -5.186151e-04
11.900000, -2.489024e-04, -4.021525e-04, -4.021525e-04, -5.229383e-04
12.000000, -2.562406e-04, -4.053720e-04, -4.053720e-04, -5.226674e-04
12.100000, -2.585189e-04, -4.039822e-04, -4.039822e-04, -5.181456e-04
12.200000, -2.560914e-04, -3.983961e-04, -3.983961e-04, -5.098171e-04
12.300000, -2.495422e-04, -3.890763e-04, -3.890763e-04, -4.980883e-04
12.400000, -2.392466e-04, -3.763796e-04, -3.763796e-04, -4.833824e-04
12.500000, -2.256268e-04, -3.608011e-04, -3.608011e-04, -4.661352e-04
12.600000, -2.091664e-04, -3.427360e-04, -3.427360e-04, -4.467087e-04
12.700000, -1.903130e-04, -3.226063e-04, -3.226063e-04, -4.254455e-04
12.800000, -1.694934e-04, -3.008176e-04, -3.008176e-04, -4.027452e-04
12.900000, -1.472542e-04, -2.777104e-04, -2.777104e-04, -3.789663e-04
13.000000, -1.238871e-04, -2.536904e-04, -2.536904e-04, -3.544307e-04
13.100000, -9.981968e-05, -2.291073e-04, -2.291073e-04, -3.294551e-04
13.200000, -7.540664e-05, -2.042831e-04, -2.042831e-04, -3.043177e-04
13.300000, -5.092872e-05, -1.794927e-04, -1.794927e-04, -2.792400e-04
13.400000, -2.677730e-05, -1.550399e-04, -1.550399e-04, -2.545142e-04
13.500000, -3.183227e-06, -1.311784e-04, -1.311784e-04, -2.303964e-04
13.600000, 1.953557e-05, -1.081105e-04, -1.081105e-04, -2.070392e-04
13.700000, 4.124045e-05, -8.599078e-05, -8.599078e-05, -1.845671e-04
13.800000, 6.169219e-05, -6.501987e-05, -6.501987e-05, -1.631936e-04
13.900000, 8.080104e-05, -4.533245e-05, -4.533245e-05, -1.430055e-04
14.000000, 9.839601e-05, -2.704884e-05, -2.704884e-05, -1.241316e-04
14.100000, 1.143875e-04, -1.027701e-05, -1.027701e-05, -1.066948e-04
14.200000, 1.286250e-04, 4.942265e-06, 4.942265e-06, -9.069718e-05
14.300000, 1.410745e-04, 1.857322e-05, 1.857322e-05, -7.619102e-05
14.400000, 1.518085e-04, 3.056402e-05, 3.056402e-05, -6.315642e-05
14.500000, 1.608179e-04, 4.096433e-05, 4.096433e-05, -5.163439e-05
14.600000, 1.680735e-04, 4.979922e-05, 4.979922e-05, -4.156319e-05
14.700000, 1.736342e-04, 5.712089e-05, 5.712089e-05, -3.290730e-05
14.800000, 1.776051e-04, 6.297876e-05, 6.297876e-05, -2.557485e-05
14.900000, 1.800340e-04, 6.739709e-05, 6.739709e-05, -1.951568e-05
15.000000, 1.810152e-04, 7.053482e-05, 7.053482e-05, -1.467399e-05
15.100000, 1.806406e-04, 7.244429e-05, 7.244429e-05, -1.101868e-05
15.200000, 1.790592e-04, 7.320461e-05, 7.320461e-05, -8.438670e-06
15.300000, 1.763660e-04, 7.293452e-05, 7.293452e-05, -6.845330e-06
15.400000, 1.726852e-04, 7.169604e-05, 7.169604e-05, -6.138626e-06
15.500000, 1.680577e-04, 6.964363e-05, 6.964363e-05, -6.227165e-06
15.600000, 1.626305e-04, 6.686076e-05, 6.686076e-05, -6.990931e-06
15.700000, 1.565345e-04, 6.342714e-05, 6.342714e-05, -8.359039e-06
15.800000, 1.498579e-04, 5.944861e-05, 5.944861e-05, -1.023916e-05
15.900000, 1.427027e-04, 5.500292e-05, 5.500292e-05, -1.254359e-05
16.000000, 1.351539e-04, 5.020845e-05, 5.020845e-05, -1.521554e-05
16.100000, 1.272907e-04, 4.512881e-05, 4.512881e-05, -1.818470e-05
16.200000, 1.192830e-04, 3.982178e-05, 3.982178e-05, -2.135347e-05
16.300000, 1.111487e-04, 3.438189e-05, 3.438189e-05, -2.469334e-05
16.400000, 1.029818e-04, 2.890886e-05, 2.890886e-05, -2.810227e-05
16.500000, 9.484058e-05, 2.346086e-05, 2.346086e-05, -3.152179e-05
16.600000, 8.679271e-05, 1.809560e-05, 1.809560e-05, -3.491723e-05
16.700000, 7.896551e-05, 1.283437e-05, 1.283437e-05, -3.821159e-05
16.800000, 7.136411e-05, 7.738033e-06, 7.738033e-06, -4.137221e-05
16.900000, 6.397094e-05, 2.867797e-06, 2.867797e-06, -4.440151e-05
17.000000, 5.691786e-05, -1.745719e-06, -1.745719e-06, -4.721634e-05
17.100000, 5.022967e-05, -6.080146e-06, -6.080146e-06, -4.977481e-05
17.200000, 4.395106e-05, -1.009941e-05, -1.009941e-05, -5.206327e-05
17.300000, 3.808700e-05, -1.374140e-05, -1.374140e-05, -5.411572e-05
17.400000, 3.268587e-05, -1.698942e-05, -1.698942e-05, -5.585126e-05
17.500000, 2.776824e-05, -1.988572e-05, -1.988572e-05, -5.726011e-05
17.600000, 2.327114e-05, -2.237310e-05, -2.237310e-05, -5.833581e-05
17.700000, 1.924341e-05, -2.447633e-05, -2.447633e-05, -5.904602e-05
17.800000, 1.566959e-05, -2.619115e-05, -2.619115e-05, -5.941822e-05
17.900000, 1.251582e-05, -2.749222e-05, -2.749222e-05, -5.947115e-05
18.000000, 9.850275e-06, -2.843685e-05, -2.843685e-05, -5.920096e-05
18.100000, 7.588562e-06, -2.901434e-05, -2.901434e-05, -5.859764e-05
18.200000, 5.790314e-06, -2.924476e-05, -2.924476e-05, -5.770940e-05
18.300000, 4.378873e-06, -2.912782e-05, -2.912782e-05, -5.654616e-05
18.400000, 3.284430e-06, -2.868645e-05, -2.868645e-05, -5.511585e-05
18.500000, 2.582997e-06, -2.797829e-05, -2.797829e-05, -5.347198e-05
18.600000, 2.218085e-06, -2.701263e-05, -2.701263e-05, -5.159509e-05
18.700000, 2.148831e-06, -2.582969e-05, -2.582969e-05, -4.954684e-05
18.800000, 2.336804e-06, -2.446412e-05, -2.446412e-05, -4.737231e-05
18.900000, 2.694736e-06, -2.296720e-05, -2.296720e-05, -4.507963e-05
19.000000, 3.263509e-06, -2.134683e-05, -2.134683e-05, -4.271490e-05
19.100000, 3.967004e-06, -1.962616e-05, -1.962616e-05, -4.030934e-05
19.200000, 4.821470e-06, -1.780016e-05, -1.780016e-05, -3.785111e-05
19.300000, 5.773094e-06, -1.592377e-05, -1.592377e-05, -3.537535e-05
19.400000, 6.798011e-06, -1.404391e-05, -1.404391e-05, -3.288607e-05
19.500000, 7.887021e-06, -1.216896e-05, -1.216896e-05, -3.040736e-05
19.600000, 8.970036e-06, -1.032006e-05, -1.032006e-05, -2.801119e-05
19.700000, 1.008181e-05, -8.507835e-06, -8.507835e-06, -2.569022e-05
19.800000, 1.117244e-05, -6.763023e-06, -6.763023e-06, -2.339824e-05
19.900000, 1.221229e-05, -5.091880e-06, -5.091880e-06, -2.123722e-05
20.000000, 1.319133e-05, -3.490665e-06, -3.490665e-06, -1.918705e-05
20.100000, 1.410792e-05, -1.991273e-06, -1.991273e-06, -1.721659e-05
20.200000, 1.491043e-05, -5.869244e-07, -5.869244e-07, -1.536792e-05
20.300000, 1.565036e-05, 6.867299e-07, 6.867299e-07, -1.366563e-05
20.400000, 1.629720e-05, 1.833599e-06, 1.833599e-06, -1.208336e-05
20.500000, 1.684818e-05, 2.866491e-06, 2.866491e-06, -1.063225e-05
20.600000, 1.726962e-05, 3.782539e-06, 3.782539e-06, -9.345390e-06
20.700000, 1.755794e-05, 4.560561e-06, 4.560561e-06, -8.209668e-06
20.800000, 1.773169e-05, 5.207554e-06, 5.207554e-06, -7.207004e-06
20.900000, 1.781715e-05, 5.715320e-06, 5.715320e-06, -6.354485e-06
21.000000, 1.781179e-05, 6.117582e-06, 6.117582e-06, -5.618045e-06
21.100000, 1.770442e-05, 6.411792e-06, 6.411792e-06, -4.980847e-06
21.200000, 1.749433e-05, 6.601205e-06, 6.601205e-06, -4.445611e-06
21.300000, 1.715255e-05, 6.689643e-06, 6.689643e-06, -3.981160e-06
21.400000, 1.672267e-05, 6.707964e-06, 6.707964e-06, -3.626052e-06
21.500000, 1.620632e-05, 6.637188e-06, 6.637188e-06, -3.332833e-06
21.600000, 1.563775e-05, 6.482973e-06, 6.482973e-06, -3.090319e-06
21.700000, 1.497656e-05, 6.250693e-06, 6.250693e-06, -2.937092e-06
21.800000, 1.423014e-05, 5.978729e-06, 5.978729e-06, -2.834126e-06
21.900000, 1.342052e-05, 5.649628e-06, 5.649628e-06, -2.782552e-06
22.000000, 1.257478e-05, 5.280126e-06, 5.280126e-06, -2.780102e-06
22.100000, 1.167987e-05, 4.874357e-06, 4.874357e-06, -2.782598e-06
22.200000, 1.076646e-05, 4.440491e-06, 4.440491e-06, -2.825188e-06
22.300000, 9.841021e-06, 3.974793e-06, 3.974793e-06, -2.907047e-06
22.400000, 8.905771e-06, 3.477601e-06, 3.477601e-06, -3.031313e-06
22.500000, 7.970980e-06, 2.978169e-06, 2.978169e-06, -3.158849e-06
22.600000, 7.036270e-06, 2.487564e-06, 2.487564e-06, -3.290095e-06
22.700000, 6.149946e-06, 2.006851e-06, 2.006851e-06, -3.435433e-06
22.800000, 5.277067e-06, 1.544528e-06, 1.544528e-06, -3.558994e-06
22.900000, 4.471853e-06, 1.099514e-06, 1.099514e-06, -3.670391e-06
23.000000, 3.694776e-06, 6.854433e-07, 6.854433e-07, -3.765643e-06
23.100000, 2.953881e-06, 3.076144e-07, 3.076144e-07, -3.817472e-06
23.200000, 2.280726e-06, -2.273602e-08, -2.273602e-08, -3.845608e-06
23.300000, 1.676436e-06, -3.060093e-07, -3.060093e-07, -3.846402e-06
23.400000, 1.148983e-06, -5.271523e-07, -5.271523e-07, -3.802143e-06
23.500000, 6.887128e-07, -7.028848e-07, -7.028848e-07, -3.716836e-06
23.600000, 3.039839e-07, -8.216176e-07, -8.216176e-07, -3.566105e-06
23.700000, -3.988415e-08, -8.902761e-07, -8.902761e-07, -3.379732e-06
23.800000, -2.877641e-07, -9.110119e-07, -9.110119e-07, -3.164372e-06
23.900000, -4.778469e-07, -8.768227e-07, -8.768227e-07, -2.934424e-06
24.000000, -6.226355e-07, -8.106268e-07, -8.106268e-07, -2.683063e-06
24.100000, -7.346867e-07, -7.016099e-07, -7.016099e-07, -2.410689e-06
24.200000, -8.177257e-07, -5.687134e-07, -5.687134e-07, -2.121154e-06
24.300000, -8.401438e-07, -4.252045e-07, -4.252045e-07, -1.827394e-06
24.400000, -8.169488e-07, -2.562648e-07, -2.562648e-07, -1.522455e-06
24.500000, -7.606199e-07, -5.555523e-08, -5.555523e-08, -1.211689e-06
24.600000, -6.660448e-07, 1.605942e-07, 1.605942e-07, -9.027470e-07
24.700000, -5.518806e-07, 3.913713e-07, 3.913713e-07, -5.821509e-07
24.800000, -4.245555e-07, 6.279317e-07, 6.279317e-07, -2.640028e-07
24.900000, -3.006507e-07, 8.824596e-07, 8.824596e-07, 4.435608e-08
25.000000, -1.431483e-07, 1.126328e-06, 1.126328e-06, 3.414816e-07
25.100000, 4.214629e-08, 1.368953e-06, 1.368953e-06, 6.315691e-07
25.200000, 2.474855e-07, 1.613871e-06, 1.613871e-06, 9.053892e-07
25.300000, 4.760351e-07, 1.864799e-06, 1.864799e-06, 1.155040e-06
25.400000, 6.998118e-07, 2.106520e-06, 2.106520e-06, 1.399587e-06
25.500000, 9.263420e-07, 2.356963e-06, 2.356963e-06, 1.624997e-06
25.600000, 1.187904e-06, 2.595385e-06, 2.595385e-06, 1.831716e-06
25.700000, 1.468962e-06, 2.818100e-06, 2.818100e-06, 2.016797e-06
25.800000, 1.750396e-06, 3.030638e-06, 3.030638e-06, 2.182859e-06
25.900000, 2.022207e-06, 3.228628e-06, 3.228628e-06, 2.316996e-06
26.000000, 2.303798e-06, 3.414579e-06, 3.414579e-06, 2.427801e-06
26.100000, 2.588969e-06, 3.578466e-06, 3.578466e-06, 2.497523e-06
26.200000, 2.874822e-06, 3.731753e-06, 3.731753e-06, 2.545771e-06
26.300000, 3.144997e-06, 3.853570e-06, 3.853570e-06, 2.576424e-06
26.400000, 3.413278e-06, 3.953630e-06, 3.953630e-06, 2.575781e-06
26.500000, 3.650465e-06, 4.025167e-06, 4.025167e-06, 2.555722e-06
26.600000, 3.860478e-06, 4.058164e-06, 4.058164e-06, 2.499244e-06
26.700000, 4.047564e-06, 4.067195e-06, 4.067195e-06, 2.412571e-06
26.800000, 4.208154e-06, 4.054511e-06, 4.054511e-06, 2.292258e-06
26.900000, 4.354023e-06, 4.009378e-06, 4.009378e-06, 2.154752e-06
27.000000, 4.464413e-06, 3.932949e-06, 3.932949e-06, 2.001813e-06
27.100000, 4.538569e-06, 3.836022e-06, 3.836022e-06, 1.825689e-06
27.200000, 4.584819e-06, 3.715523e-06, 3.715523e-06, 1.625418e-06
27.300000, 4.600729e-06, 3.578776e-06, 3.578776e-06, 1.414119e-06
27.400000, 4.607553e-06, 3.436266e-06, 3.436266e-06, 1.206927e-06
27.500000, 4.578657e-06, 3.278888e-06, 3.278888e-06, 1.009404e-06
27.600000, 4.546185e-06, 3.109698e-06, 3.109698e-06, 8.010288e-07
27.700000, 4.464668e-06, 2.931779e-06, 2.931779e-06, 5.936621e-07
27.800000, 4.358386e-06, 2.741665e-06, 2.741665e-06, 4.041612e-07
27.900000, 4.243372e-06, 2.558580e-06, 2.558580e-06, 2.035141e-07
28.000000, 4.109565e-06, 2.369288e-06, 2.369288e-06, 1.293964e-08
28.100000, 3.982305e-06, 2.182706e-06, 2.182706e-06, -1.716113e-07
28.200000, 3.829321e-06, 1.994868e-06, 1.994868e-06, -3.644830e-07
28.300000, 3.666936e-06, 1.808200e-06, 1.808200e-06, -5.409985e-07
28.400000, 3.499364e-06, 1.622517e-06, 1.622517e-06, -7.166493e-07
28.500000, 3.324869e-06, 1.433996e-06, 1.433996e-06, -8.850028e-07
28.600000, 3.152527e-06, 1.256498e-06, 1.256498e-06, -1.049198e-06
28.700000, 2.979639e-06, 1.086155e-06, 1.086155e-06, -1.220022e-06
28.800000, 2.808042e-06, 9.191375e-07, 9.191375e-07, -1.386901e-06
28.900000, 2.646814e-06, 7.633658e-07, 7.633658e-07, -1.546118e-06
29.000000, 2.492867e-06, 6.107951e-07, 6.107951e-07, -1.690622e-06
29.100000, 2.355170e-06, 4.748103e-07, 4.748103e-07, -1.820036e-06
29.200000, 2.230777e-06, 3.470034e-07, 3.470034e-07, -1.933643e-06
29.300000, 2.110704e-06, 2.247776e-07, 2.247776e-07, -2.049436e-06
29.400000, 2.009440e-06, 1.155432e-07, 1.155432e-07, -2.151708e-06
29.500000, 1.911869e-06, 2.271324e-08, 2.271324e-08, -2.249203e-06
29.600000, 1.823890e-06, -5.530393e-08, -5.530393e-08, -2.331742e-06
29.700000, 1.761266e-06, -1.257426e-07, -1.257426e-07, -2.393528e-06
29.800000, 1.711339e-06, -1.939135e-07, -1.939135e-07, -2.455295e-06
29.900000, 1.680022e-06, -2.496436e-07, -2.496436e-07, -2.499730e-06
30.000000, 1.643691e-06, -2.971329e-07, -2.971329e-07, -2.540206e-06
30.100000, 1.621956e-06, -3.372168e-07, -3.372168e-07, -2.567133e-06
30.200000, 1.601983e-06, -3.666689e-07, -3.666689e-07, -2.593283e-06
30.300000, 1.583139e-06, -3.963306e-07, -3.963306e-07, -2.615365e-06
30.400000, 1.572721e-06, -4.241537e-07, -4.241537e-07, -2.626376e-06
30.500000, 1.567415e-06, -4.486162e-07, -4.486162e-07, -2.632503e-06
30.600000, 1.571389e-06, -4.690290e-07, -4.690290e-07, -2.634246e-06
30.700000, 1.561506e-06, -4.841819e-07, -4.841819e-07, -2.636357e-06
30.800000, 1.569513e-06, -4.934776e-07, -4.934776e-07, -2.627263e-06
30.900000, 1.585970e-06, -4.955754e-07, -4.955754e-07, -2.618020e-06
31.000000, 1.602258e-06, -4.941118e-07, -4.941118e-07, -2.601127e-06
31.100000, 1.628509e-06, -4.908399e-07, -4.908399e-07, -2.572999e-06
31.200000, 1.640680e-06, -4.835288e-07, -4.835288e-07, -2.543734e-06
31.300000, 1.655480e-06, -4.744609e-07, -4.744609e-07, -2.508012e-06
31.400000, 1.668686e-06, -4.632331e-07, -4.632331e-07, -2.472770e-06
31.500000, 1.694885e-06, -4.431024e-07, -4.431024e-07, -2.434079e-06
31.600000, 1.716286e-06, -4.193637e-07, -4.193637e-07, -2.400535e-06
31.700000, 1.740726e-06, -3.947882e-07, -3.947882e-07, -2.357935e-06
31.800000, 1.766325e-06, -3.699470e-07, -3.699470e-07, -2.318670e-06
31.900000, 1.788494e-06, -3.491178e-07, -3.491178e-07, -2.274635e-06
32.000000, 1.805301e-06, -3.224204e-07, -3.224204e-07, -2.233921e-06
32.100000, 1.826883e-06, -2.938884e-07, -2.938884e-07, -2.200712e-06
32.200000, 1.845285e-06, -2.693444e-07, -2.693444e-07, -2.171158e-06
32.300000, 1.863260e-06, -2.469283e-07, -2.469283e-07, -2.140802e-06
32.400000, 1.878198e-06, -2.243904e-07, -2.243904e-07, -2.109325e-06
32.500000, 1.891456e-06, -2.039818e-07, -2.039818e-07, -2.084602e-06
32.600000, 1.900089e-06, -1.830426e-07, -1.830426e-07, -2.065987e-06
32.700000, 1.908695e-06, -1.689498e-07, -1.689498e-07, -2.051365e-06
32.800000, 1.915444e-06, -1.586481e-07, -1.586481e-07, -2.046344e-06
32.900000, 1.924643e-06, -1.512533e-07, -1.512533e-07, -2.044084e-06
33.000000, 1.919484e-06, -1.450924e-07, -1.450924e-07, -2.043308e-06
33.100000, 1.906028e-06, -1.423136e-07, -1.423136e-07, -2.043656e-06
33.200000, 1.903074e-06, -1.461332e-07, -1.461332e-07, -2.040976e-06
33.300000, 1.897010e-06, -1.492428e-07, -1.492428e-07, -2.041387e-06
33.400000, 1.893813e-06, -1.534966e-07, -1.534966e-07, -2.044753e-06
33.500000, 1.882842e-06, -1.585696e-07, -1.585696e-07, -2.049597e-06
33.600000, 1.870982e-06, -1.644295e-07, -1.644295e-07, -2.054865e-06
33.700000, 1.868750e-06, -1.714168e-07, -1.714168e-07, -2.060903e-06
33.800000, 1.855686e-06, -1.781141e-07, -1.781141e-07, -2.064438e-06
33.900000, 1.851677e-06, -1.806916e-07, -1.806916e-07, -2.066225e-06
34.000000, 1.846230e-06, -1.882077e-07, -1.882077e-07, -2.062067e-06
34.100000, 1.840677e-06, -1.918454e-07, -1.918454e-07, -2.052555e-06
34.200000, 1.835311e-06, -1.962530e-07, -1.962530e-07, -2.039625e-06
34.300000, 1.834053e-06, -1.949547e-07, -1.949547e-07, -2.026421e-06
34.400000, 1.830616e-06, -1.897677e-07, -1.897677e-07, -2.010815e-06
34.500000, 1.826679e-06, -1.868510e-07, -1.868510e-07, -1.988781e-06
34.600000, 1.827110e-06, -1.867742e-07, -1.867742e-07, -1.963881e-06
34.700000, 1.822127e-06, -1.823032e-07, -1.823032e-07, -1.933801e-06
34.800000, 1.819053e-06, -1.780751e-07, -1.780751e-07, -1.903944e-06
34.900000, 1.808368e-06, -1.670573e-07, -1.670573e-07, -1.873268e-06
35.000000, 1.795374e-06, -1.594557e-07, -1.594557e-07, -1.838180e-06
35.100000, 1.782021e-06, -1.535757e-07, -1.535757e-07, -1.800766e-06
35.200000, 1.761427e-06, -1.488360e-07, -1.488360e-07, -1.766281e-06
35.300000, 1.742010e-06, -1.438831e-07, -1.438831e-07, -1.728590e-06
35.400000, 1.720033e-06, -1.408244e-07, -1.408244e-07, -1.691499e-06
35.500000, 1.696798e-06, -1.394854e-07, -1.394854e-07, -1.658046e-06
35.600000, 1.667370e-06, -1.386880e-07, -1.386880e-07, -1.624659e-06
35.700000, 1.628700e-06, -1.386604e-07, -1.386604e-07, -1.590654e-06
35.800000, 1.590999e-06, -1.361904e-07, -1.361904e-07, -1.562235e-06
35.900000, 1.546672e-06, -1.335117e-07, -1.335117e-07, -1.531436e-06
36.000000, 1.501068e-06, -1.349066e-07, -1.349066e-07, -1.496314e-06
36.100000, 1.457646e-06, -1.323459e-07, -1.323459e-07, -1.462517e-06
36.200000, 1.415197e-06, -1.321414e-07, -1.321414e-07, -1.430238e-06
36.300000, 1.373013e-06, -1.302549e-07, -1.302549e-07, -1.400614e-06
36.400000, 1.327336e-06, -1.299359e-07, -1.299359e-07, -1.369038e-06
36.500000, 1.278976e-06, -1.278332e-07, -1.278332e-07, -1.336113e-06
36.600000, 1.231000e-06, -1.254768e-07, -1.254768e-07, -1.300416e-06
36.700000, 1.184554e-06, -1.212254e-07, -1.212254e-07, -1.262763e-06
36.800000, 1.140608e-06, -1.149816e-07, -1.149816e-07, -1.224133e-06
36.900000, 1.101608e-06, -1.062388e-07, -1.062388e-07, -1.185161e-06
37.000000, 1.059933e-06, -9.918203e-08, -9.918203e-08, -1.145183e-06
37.100000, 1.025574e-06, -9.130090e-08, -9.130090e-08, -1.106048e-06
37.200000, 9.886604e-07, -8.137232e-08, -8.137232e-08, -1.069258e-06
37.300000, 9.533184e-07, -7.311924e-08, -7.311924e-08, -1.027938e-06
37.400000, 9.235962e-07, -6.489758e-08, -6.489758e-08, -9.873119e-07
37.500000, 8.921779e-07, -5.520356e-08, -5.520357e-08, -9.468930e-07
37.600000, 8.644469e-07, -4.535279e-08, -4.535279e-08, -9.088918e-07
37.700000, 8.377893e-07, -3.542892e-08, -3.542892e-08, -8.706987e-07
37.800000, 8.116967e-07, -2.397067e-08, -2.397067e-08, -8.312884e-07
37.900000, 7.872725e-07, -1.527670e-08, -1.527670e-08, -7.944757e-07
38.000000, 7.647721e-07, -8.551441e-09, -8.551441e-09, -7.553870e-07
38.100000, 7.433550e-07, -1.045064e-09, -1.045064e-09, -7.199816e-07
38.200000, 7.203471e-07, 5.634705e-09, 5.634705e-09, -6.880401e-07
38.300000, 7.008948e-07, 1.088569e-08, 1.088569e-08, -6.545063e-07
38.400000, 6.773743e-07, 1.676951e-08, 1.676951e-08, -6.263828e-07
38.500000, 6.568990e-07, 2.242385e-08, 2.242385e-08, -5.975046e-07
38.600000, 6.333947e-07, 2.669750e-08, 2.669750e-08, -5.718549e-07
38.700000, 6.156485e-07, 3.006037e-08, 3.006037e-08, -5.424682e-07
38.800000, 5.952167e-07, 3.262143e-08, 3.262143e-08, -5.122122e-07
38.900000, 5.735883e-07, 3.523799e-08, 3.523799e-08, -4.844026e-07
39.000000, 5.542920e-07, 3.888294e-08, 3.888294e-08, -4.568801e-07
39.100000, 5.323280e-07, 4.063830e-08, 4.063830e-08, -4.338578e-07
39.200000, 5.104599e-07, 4.436052e-08, 4.436052e-08, -4.125161e-07
39.300000, 4.917338e-07, 4.629419e-08, 4.629419e-08, -3.908061e-07
39.400000, 4.698612e-07, 4.833504e-08, 4.833504e-08, -3.692395e-07
39.500000, 4.528146e-07, 5.103979e-08, 5.103979e-08, -3.474657e-07
39.600000, 4.332301e-07, 5.445053e-08, 5.445053e-08, -3.272908e-07
39.700000, 4.160184e-07, 5.751063e-08, 5.751063e-08, -3.075519e-07
39.800000, 3.971770e-07, 5.915420e-08, 5.915420e-08, -2.892658e-07
39.900000, 3.789806e-07, 6.154679e-08, 6.154679e-08, -2.731149e-07
40.000000, 3.599281e-07, 6.193607e-08, 6.193607e-08, -2.588269e-07
40.100000, 3.428163e-07, 6.299975e-08, 6.299975e-08, -2.450814e-07
40.200000, 3.247933e-07, 6.346335e-08, 6.346335e-08, -2.344364e-07
40.300000, 3.065801e-07, 6.409521e-08, 6.409521e-08, -2.212363e-07
40.400000, 2.899144e-07, 6.402908e-08, 6.402908e-08, -2.105776e-07
40.500000, 2.757941e-07, 6.554625e-08, 6.554625e-08, -2.008255e-07
40.600000, 2.588372e-07, 6.656153e-08, 6.656153e-08, -1.920106e-07
40.700000, 2.442276e-07, 6.670671e-08, 6.670671e-08, -1.828775e-07
40.800000, 2.306727e-07, 6.626265e-08, 6.626265e-08, -1.752666e-07
40.900000, 2.170797e-07, 6.433047e-08, 6.433047e-08, -1.694269e-07
41.000000, 2.019997e-07, 6.341667e-08, 6.341667e-08, -1.644910e-07
41.100000, 1.913599e-07, 6.237962e-08, 6.237962e-08, -1.584557e-07
41.200000, 1.776087e-07, 6.048877e-08, 6.048877e-08, -1.546834e-07
41.300000, 1.661560e-07, 5.816134e-08, 5.816134e-08, -1.516211e-07
41.400000, 1.554292e-07, 5.688423e-08, 5.688423e-08, -1.490898e-07
41.500000, 1.436030e-07, 5.486607e-08, 5.486607e-08, -1.478155e-07
41.600000, 1.345411e-07, 5.196425e-08, 5.196425e-08, -1.451917e-07
41.700000, 1.252789e-07, 4.840493e-08, 4.840493e-08, -1.446623e-07
41.800000, 1.173404e-07, 4.491279e-08, 4.491279e-08, -1.435966e-07
41.900000, 1.086283e-07, 4.221532e-08, 4.221532e-08, -1.448014e-07
42.000000, 9.931109e-08, 3.950613e-08, 3.950613e-08, -1.460425e-07
42.100000, 9.222136e-08, 3.560259e-08, 3.560259e-08, -1.457238e-07
42.200000, 8.498232e-08, 3.195848e-08, 3.195848e-08, -1.444068e-07
42.300000, 7.969326e-08, 2.890673e-08, 2.890673e-08, -1.440299e-07
42.400000, 7.337012e-08, 2.627998e-08, 2.627998e-08, -1.429802e-07
42.500000, 6.668323e-08, 2.264616e-08, 2.264616e-08, -1.420759e-07
42.600000, 5.855486e-08, 2.002249e-08, 2.002249e-08, -1.407043e-07
42.700000, 5.215333e-08, 1.696625e-08, 1.696625e-08, -1.390081e-07
42.800000, 4.693245e-08, 1.583951e-08, 1.583951e-08, -1.389279e-07
42.900000, 4.362957e-08, 1.494163e-08, 1.494163e-08, -1.361112e-07
43.000000, 4.087507e-08, 1.280656e-08, 1.280656e-08, -1.318894e-07
43.100000, 3.785502e-08, 1.164630e-08, 1.164630e-08, -1.283665e-07
43.200000, 3.593915e-08, 9.860016e-09, 9.860016e-09, -1.244041e-07
43.300000, 3.317263e-08, 9.982029e-09, 9.982029e-09, -1.215436e-07
43.400000, 3.092653e-08, 9.760416e-09, 9.760416e-09, -1.179247e-07
43.500000, 3.017877e-08, 1.030771e-08, 1.030771e-08, -1.131702e-07
43.600000, 2.597115e-08, 9.602250e-09, 9.602250e-09, -1.097477e-07
43.700000, 2.319073e-08, 9.888662e-09, 9.888662e-09, -1.067215e-07
43.800000, 2.093152e-08, 1.102680e-08, 1.102680e-08, -1.051346e-07
43.900000, 1.895455e-08, 1.090757e-08, 1.090757e-08, -1.015596e-07
44.000000, 1.730539e-08, 1.171157e-08, 1.171157e-08, -9.911525e-08
44.100000, 1.553020e-08, 1.177827e-08, 1.177827e-08, -9.760266e-08
44.200000, 1.442946e-08, 1.111317e-08, 1.111317e-08, -9.539991e-08
44.300000, 1.133407e-08, 1.025101e-08, 1.025101e-08, -9.344906e-08
44.400000, 9.368363e-09, 9.826944e-09, 9.826944e-09, -9.085176e-08
44.500000, 8.322791e-09, 9.281733e-09, 9.281733e-09, -8.879659e-08
44.600000, 5.780668e-09, 8.874754e-09, 8.874754e-09, -8.817759e-08
44.700000, 4.482503e-09, 9.265815e-09, 9.265815e-09, -8.760696e-08
44.800000, 3.688787e-09, 9.869086e-09, 9.869086e-09, -8.659745e-08
44.900000, 2.038615e-09, 9.401210e-09, 9.401210e-09, -8.577465e-08
45.000000, 1.707133e-09, 9.117469e-09, 9.117469e-09, -8.390758e-08
45.100000, 1.114981e-09, 8.761939e-09, 8.761939e-09, -8.291382e-08
45.200000, 9.404003e-10, 7.487393e-09, 7.487393e-09, -8.164162e-08
45.300000, 1.462068e-09, 7.477930e-09, 7.477930e-09, -8.124394e-08
45.400000, 1.080018e-09, 7.716972e-09, 7.716972e-09, -8.067278e-08
45.500000, 1.655031e-09, 7.790941e-09, 7.790941e-09, -8.027381e-08
45.600000, 2.931152e-09, 7.203126e-09, 7.203126e-09, -8.015662e-08
45.700000, 3.846742e-09, 7.189841e-09, 7.189841e-09, -7.875820e-08
45.800000, 6.523008e-09, 6.320609e-09, 6.320609e-09, -7.815576e-08
45.900000, 7.289920e-09, 5.588229e-09, 5.588229e-09, -7.755237e-08
46.000000, 9.372702e-09, 5.153978e-09, 5.153978e-09, -7.653250e-08
46.100000, 9.354765e-09, 4.835675e-09, 4.835675e-09, -7.706801e-08
46.200000, 9.662838e-09, 3.804779e-09, 3.804779e-09, -7.774666e-08
46.300000, 1.083867e-08, 3.678800e-09, 3.678800e-09, -7.697261e-08
46.400000, 1.215119e-08, 3.103046e-09, 3.103046e-09, -7.659898e-08
46.500000, 1.344928e-08, 2.278241e-09, 2.278241e-09, -7.573611e-08
46.600000, 1.544730e-08, 1.448282e-09, 1.448282e-09, -7.526748e-08
46.700000, 1.647944e-08, 8.607012e-10, 8.607012e-10, -7.509413e-08
46.800000, 1.627225e-08, 8.683109e-11, 8.683110e-11, -7.410782e-08
46.900000, 1.659679e-08, -1.051381e-10, -1.051381e-10, -7.337170e-08
47.000000, 1.748867e-08, -9.089113e-10, -9.089113e-10, -7.301361e-08
47.100000, 1.766776e-08, -1.334077e-09, -1.334077e-09, -7.294721e-08
47.200000, 1.864472e-08, -1.336084e-09, -1.336084e-09, -7.312104e-08
47.300000, 1.906771e-08, -1.480394e-09, -1.480394e-09, -7.351106e-08
47.400000, 1.972045e-08, -1.169170e-09, -1.169170e-09, -7.406970e-08
47.500000, 1.971549e-08, -1.357861e-09, -1.357861e-09, -7.472529e-08
47.600000, 2.045110e-08, -1.377578e-09, -1.377578e-09, -7.423774e-08
47.700000, 2.161943e-08, -1.682207e-09, -1.682207e-09, -7.365738e-08
47.800000, 2.189317e-08, -1.999305e-09, -1.999305e-09, -7.307053e-08
47.900000, 2.244423e-08, -2.087948e-09, -2.087948e-09, -7.252656e-08
48.000000, 2.313801e-08, -2.121187e-09, -2.121187e-09, -7.208245e-08
48.100000, 2.372514e-08, -1.994077e-09, -1.994077e-09, -7.226551e-08
48.200000, 2.415705e-08, -1.216734e-09, -1.216734e-09, -7.275548e-08
48.300000, 2.489118e-08, -7.082574e-10, -7.082574e-10, -7.291851e-08
48.400000, 2.562642e-08, -4.685220e-10, -4.685220e-10, -7.240596e-08
48.500000, 2.648219e-08, -7.203985e-11, -7.203982e-11, -7.139596e-08
48.600000, 2.742151e-08, 7.707693e-11, 7.707696e-11, -7.023110e-08
48.700000, 2.866970e-08, 2.859536e-10, 2.859537e-10, -6.938335e-08
48.800000, 3.020161e-08, 9.496638e-10, 9.496638e-10, -6.866906e-08
48.900000, 3.099503e-08, 1.461173e-09, 1.461173e-09, -6.794020e-08
49.000000, 3.202819e-08, 1.776727e-09, 1.776727e-09, -6.706383e-08
49.100000, 3.272823e-08, 2.354038e-09, 2.354038e-09, -6.579344e-08
49.200000, 3.333407e-08, 2.931715e-09, 2.931715e-09, -6.517660e-08
49.300000, 3.452173e-08, 3.288228e-09, 3.288228e-09, -6.367654e-08
49.400000, 3.551368e-08, 3.809837e-09, 3.809837e-09, -6.256055e-08
49.500000, 3.700195e-08, 4.346112e-09, 4.346112e-09, -6.129796e-08
49.600000, 3.744077e-08, 4.640438e-09, 4.640438e-09, -6.010963e-08
49.700000, 3.805641e-08, 5.086740e-09, 5.086740e-09, -5.864696e-08
49.800000, 3.907352e-08, 5.364887e-09, 5.364887e-09, -5.769284e-08
49.900000, 3.941891e-08, 5.195026e-09, 5.195026e-09, -5.624551e-08
50.000000, 4.003892e-08, 5.555545e-09, 5.555545e-09, -5.503923e-08
50.100000, 4.022845e-08, 5.903093e-09, 5.903093e-09, -5.386465e-08
50.200000, 4.024644e-08, 6.368879e-09, 6.368879e-09, -5.253172e-08
50.300000, 4.087188e-08, 6.873783e-09, 6.873783e-09, -5.099724e-08
50.400000, 4.067357e-08, 7.320589e-09, 7.320589e-09, -4.970543e-08
50.500000, 4.055740e-08, 7.527880e-09, 7.527880e-09, -4.835308e-08
50.600000, 4.074052e-08, 7.856517e-09, 7.856517e-09, -4.696228e-08
50.700000, 4.072219e-08, 8.005827e-09, 8.005827e-09, -4.558688e-08
50.800000, 4.074906e-08, 8.440190e-09, 8.440190e-09, -4.438066e-08
50.900000, 4.124848e-08, 8.889423e-09, 8.889423e-09, -4.321204e-08
51.000000, 4.119435e-08, 9.448243e-09, 9.448244e-09, -4.223200e-08
51.100000, 4.119589e-08, 9.580035e-09, 9.580035e-09, -4.126593e-08
51.200000, 4.115333e-08, 9.734511e-09, 9.734511e-09, -4.038016e-08
51.300000, 4.096955e-08, 9.848084e-09, 9.848085e-09, -3.916276e-08
51.400000, 4.077235e-08, 9.940968e-09, 9.940969e-09, -3.828036e-08
51.500000, 4.007031e-08, 1.005976e-08, 1.005976e-08, -3.774221e-08
51.600000, 3.973837e-08, 1.010291e-08, 1.010291e-08, -3.720890e-08
51.700000, 3.958967e-08, 1.016982e-08, 1.016982e-08, -3.692059e-08
51.800000, 3.943523e-08, 1.019049e-08, 1.019049e-08, -3.636924e-08
51.900000, 3.952786e-08, 1.030216e-08, 1.030216e-08, -3.579597e-08
52.000000, 3.933195e-08, 1.013088e-08, 1.013088e-08, -3.518271e-08
52.100000, 3.894118e-08, 9.713412e-09, 9.713412e-09, -3.459662e-08
52.200000, 3.844914e-08, 9.399630e-09, 9.399630e-09, -3.417370e-08
52.300000, 3.823479e-08, 9.160150e-09, 9.160150e-09, -3.367407e-08
52.400000, 3.802530e-08, 8.932203e-09, 8.932203e-09, -3.319090e-08
52.500000, 3.750929e-08, 8.924155e-09, 8.924155e-09, -3.281389e-08
52.600000, 3.726737e-08, 8.636568e-09, 8.636568e-09, -3.283439e-08
52.700000, 3.688935e-08, 8.376657e-09, 8.376657e-09, -3.275573e-08
52.800000, 3.683094e-08, 8.040505e-09, 8.040505e-09, -3.266348e-08
52.900000, 3.673106e-08, 7.809317e-09, 7.809317e-09, -3.238530e-08
53.000000, 3.660796e-08, 7.610389e-09, 7.610389e-09, -3.196875e-08
53.100000, 3.619084e-08, 7.271637e-09, 7.271637e-09, -3.186588e-08
53.200000, 3.592261e-08, 6.933842e-09, 6.933842e-09, -3.139928e-08
53.300000, 3.546064e-08, 6.594728e-09, 6.594728e-09, -3.101627e-08
53.400000, 3.509712e-08, 6.389229e-09, 6.389230e-09, -3.054922e-08
53.500000, 3.460204e-08, 6.113723e-09, 6.113723e-09, -3.030277e-08
53.600000, 3.404443e-08, 5.907780e-09, 5.907780e-09, -3.021241e-08
53.700000, 3.354617e-08, 5.577642e-09, 5.577642e-09, -3.017913e-08
53.800000, 3.308851e-08, 5.238940e-09, 5.238940e-09, -2.971963e-08
53.900000, 3.254967e-08, 5.081817e-09, 5.081817e-09, -2.929354e-08
54.000000, 3.216832e-08, 4.868363e-09, 4.868363e-09, -2.891313e-08
54.100000, 3.157885e-08, 4.538498e-09, 4.538498e-09, -2.839921e-08
54.200000, 3.132498e-08, 4.125953e-09, 4.125953e-09, -2.794994e-08
54.300000, 3.082774e-08, 4.080094e-09, 4.080094e-09, -2.756419e-08
54.400000, 3.034068e-08, 3.926699e-09, 3.926699e-09, -2.719815e-08
54.500000, 2.973704e-08, 3.836976e-09, 3.836976e-09, -2.671956e-08
54.600000, 2.903912e-08, 3.635310e-09, 3.635310e-09, -2.621716e-08
54.700000, 2.837023e-08, 3.351992e-09, 3.351992e-09, -2.561276e-08
54.800000, 2.774901e-08, 3.213370e-09, 3.213370e-09, -2.529724e-08
54.900000, 2.731209e-08, 3.129079e-09, 3.129079e-09, -2.467737e-08
55.000000, 2.672306e-08, 3.004325e-09, 3.004325e-09, -2.414571e-08
55.100000, 2.627834e-08, 2.968491e-09, 2.968491e-09, -2.354921e-08
55.200000, 2.579832e-08, 2.786435e-09, 2.786435e-09, -2.303628e-08
55.300000, 2.522512e-08, 2.786416e-09, 2.786416e-09, -2.253053e-08
55.400000, 2.457015e-08, 2.723814e-09, 2.723814e-09, -2.217252e-08
55.500000, 2.395343e-08, 2.619745e-09, 2.619745e-09, -2.155239e-08
55.600000, 2.354145e-08, 2.491374e-09, 2.491374e-09, -2.102687e-08
55.700000, 2.290950e-08, 2.375955e-09, 2.375955e-09, -2.061412e-08
55.800000, 2.238054e-08, 2.424744e-09, 2.424744e-09, -2.016459e-08
55.900000, 2.189565e-08, 2.309978e-09, 2.309978e-09, -1.962112e-08
56.000000, 2.130825e-08, 2.227913e-09, 2.227913e-09, -1.916656e-08
56.100000, 2.073912e-08, 2.243370e-09, 2.243370e-09, -1.875439e-08
56.200000, 2.023365e-08, 2.182257e-09, 2.182257e-09, -1.848251e-08
56.300000, 1.989867e-08, 2.116507e-09, 2.116507e-09, -1.814254e-08
56.400000, 1.933761e-08, 2.140089e-09, 2.140089e-09, -1.780636e-08
56.500000, 1.888090e-08, 2.081597e-09, 2.081597e-09, -1.739517e-08
56.600000, 1.852086e-08, 2.139672e-09, 2.139672e-09, -1.697411e-08
56.700000, 1.803521e-08, 2.173549e-09, 2.173549e-09, -1.663676e-08
56.800000, 1.756865e-08, 2.160052e-09, 2.160052e-09, -1.643394e-08
56.900000, 1.717430e-08, 2.079724e-09, 2.079724e-09, -1.609872e-08
57.000000, 1.677422e-08, 1.996318e-09, 1.996318e-09, -1.576232e-08
57.100000, 1.636669e-08, 1.991327e-09, 1.991327e-09, -1.544325e-08
57.200000, 1.602200e-08, 1.974967e-09, 1.974967e-09, -1.509566e-08
57.300000, 1.557895e-08, 1.974261e-09, 1.974261e-09, -1.479570e-08
57.400000, 1.522970e-08, 1.974715e-09, 1.974715e-09, -1.447907e-08
57.500000, 1.481698e-08, 1.839805e-09, 1.839805e-09, -1.406056e-08
57.600000, 1.439372e-08, 1.777739e-09, 1.777739e-09, -1.375148e-08
57.700000, 1.401639e-08, 1.735282e-09, 1.735282e-09, -1.341602e-08
57.800000, 1.358905e-08, 1.673272e-09, 1.673272e-09, -1.313444e-08
57.900000, 1.326170e-08, 1.650608e-09, 1.650608e-09, -1.288656e-08
58.000000, 1.274803e-08, 1.601098e-09, 1.601098e-09, -1.266986e-08
58.100000, 1.238086e-08, 1.555677e-09, 1.555677e-09, -1.248665e-08
58.200000, 1.205806e-08, 1.517412e-09, 1.517412e-09, -1.227962e-08
58.300000, 1.165847e-08, 1.482069e-09, 1.482069e-09, -1.196384e-08
58.400000, 1.134365e-08, 1.418724e-09, 1.418724e-09, -1.176298e-08
58.500000, 1.093377e-08, 1.350890e-09, 1.350890e-09, -1.159055e-08
58.600000, 1.049193e-08, 1.275894e-09, 1.275894e-09, -1.145743e-08
58.700000, 1.011776e-08, 1.256297e-09, 1.256297e-09, -1.125712e-08
58.800000, 9.694714e-09, 1.213372e-09, 1.213372e-09, -1.106016e-08
58.900000, 9.461300e-09, 1.178063e-09, 1.178064e-09, -1.077808e-08
59.000000, 9.214809e-09, 1.126471e-09, 1.126471e-09, -1.060349e-08
59.100000, 8.882516e-09, 1.090980e-09, 1.090980e-09, -1.038419e-08
59.200000, 8.510700e-09, 1.071005e-09, 1.071005e-09, -1.014744e-08
59.300000, 8.277478e-09, 1.065924e-09, 1.065924e-09, -1.001609e-08
59.400000, 7.865088e-09, 1.088845e-09, 1.088845e-09, -9.848070e-09
59.500000, 7.589565e-09, 1.082356e-09, 1.082356e-09, -9.679283e-09
59.600000, 7.321141e-09, 1.040623e-09, 1.040623e-09, -9.468728e-09
59.700000, 7.060230e-09, 1.012972e-09, 1.012972e-09, -9.263694e-09
59.800000, 6.760355e-09, 1.006524e-09, 1.006524e-09, -9.100657e-09
59.900000, 6.547964e-09, 1.014868e-09, 1.014868e-09, -8.885640e-09
60.000000, 6.260894e-09, 9.905126e-10, 9.905126e-10, -8.723340e-09
60.100000, 5.977026e-09, 9.422686e-10, 9.422686e-10, -8.538191e-09
60.200000, 5.687813e-09, 8.985462e-10, 8.985462e-10, -8.391840e-09
60.300000, 5.514276e-09, 8.338985e-10, 8.338985e-10, -8.184724e-09
60.400000, 5.268403e-09, 8.210308e-10, 8.210308e-10, -7.989466e-09
60.500000, 5.119263e-09, 8.245492e-10, 8.245492e-10, -7.809065e-09
60.600000, 4.913156e-09, 8.135407e-10, 8.135408e-10, -7.678431e-09
60.700000, 4.727513e-09, 8.011192e-10, 8.011192e-10, -7.571997e-09
60.800000, 4.486247e-09, 7.791563e-10, 7.791563e-10, -7.429225e-09
60.900000, 4.304346e-09, 7.931301e-10, 7.931302e-10, -7.203279e-09
61.000000, 4.046101e-09, 7.322490e-10, 7.322490e-10, -7.019730e-09
61.100000, 3.902556e-09, 6.881242e-10, 6.881242e-10, -6.791231e-09
61.200000, 3.682599e-09, 6.619471e-10, 6.619472e-10, -6.644248e-09
61.300000, 3.561742e-09, 6.249984e-10, 6.249984e-10, -6.448569e-09
61.400000, 3.405621e-09, 5.936282e-10, 5.936282e-10, -6.289491e-09
61.500000, 3.293627e-09, 6.082444e-10, 6.082444e-10, -6.134587e-09
61.600000, 3.141888e-09, 6.158886e-10, 6.158886e-10, -5.992797e-09
61.700000, 3.018167e-09, 5.968015e-10, 5.968015e-10, -5.799888e-09
61.800000, 2.864910e-09, 6.080549e-10, 6.080549e-10, -5.682954e-09
61.900000, 2.735853e-09, 6.301343e-10, 6.301343e-10, -5.560403e-09
62.000000, 2.556636e-09, 6.335735e-10, 6.335735e-10, -5.403790e-09
62.100000, 2.473168e-09, 6.397143e-10, 6.397143e-10, -5.271940e-09
62.200000, 2.343468e-09, 6.612569e-10, 6.612569e-10, -5.162075e-09
62.300000, 2.241124e-09, 6.419849e-10, 6.419849e-10, -5.029439e-09
62.400000, 2.125703e-09, 6.314356e-10, 6.314356e-10, -4.916552e-09
62.500000, 2.027408e-09, 6.393863e-10, 6.393863e-10, -4.789056e-09
62.600000, 1.883197e-09, 6.049628e-10, 6.049628e-10, -4.703924e-09
62.700000, 1.816918e-09, 6.254875e-10, 6.254876e-10, -4.596719e-09
62.800000, 1.718647e-09, 6.279333e-10, 6.279333e-10, -4.487028e-09
62.900000, 1.631490e-09, 6.421873e-10, 6.421873e-10, -4.377587e-09
63.000000, 1.488119e-09, 6.649492e-10, 6.649492e-10, -4.286338e-09
63.100000, 1.401427e-09, 6.730813e-10, 6.730813e-10, -4.172326e-09
63.200000, 1.297630e-09, 6.552385e-10, 6.552385e-10, -4.092271e-09
63.300000, 1.226136e-09, 6.447659e-10, 6.447659e-10, -3.979429e-09
63.400000, 1.117240e-09, 6.337948e-10, 6.337948e-10, -3.886167e-09
63.500000, 1.066361e-09, 6.170557e-10, 6.170557e-10, -3.784852e-09
63.600000, 1.005749e-09, 5.949969e-10, 5.949969e-10, -3.714064e-09
63.700000, 9.590943e-10, 6.057694e-10, 6.057694e-10, -3.626567e-09
63.800000, 9.039372e-10, 5.976610e-10, 5.976610e-10, -3.547180e-09
63.900000, 8.584212e-10, 6.036579e-10, 6.036579e-10, -3.461718e-09
64.000000, 7.899084e-10, 5.776988e-10, 5.776988e-10, -3.396926e-09
64.100000, 7.409100e-10, 5.708585e-10, 5.708585e-10, -3.326204e-09
64.200000, 7.118532e-10, 5.503770e-10, 5.503770e-10, -3.272904e-09
64.300000, 6.768725e-10, 5.468183e-10, 5.468183e-10, -3.213499e-09
64.400000, 6.237551e-10, 5.274630e-10, 5.274630e-10, -3.160796e-09
64.500000, 5.842102e-10, 5.341964e-10, 5.341964e-10, -3.066543e-09
64.600000, 5.579045e-10, 5.130118e-10, 5.130118e-10, -3.009546e-09
64.700000, 5.683076e-10, 5.063750e-10, 5.063750e-10, -2.961626e-09
64.800000, 5.388956e-10, 4.995003e-10, 4.995003e-10, -2.915247e-09
64.900000, 5.171010e-10, 4.969556e-10, 4.969556e-10, -2.850387e-09
65.000000, 4.966083e-10, 4.904406e-10, 4.904406e-10, -2.799840e-09
65.100000, 4.823282e-10, 4.944074e-10, 4.944074e-10, -2.732900e-09
65.200000, 4.643593e-10, 4.847451e-10, 4.847451e-10, -2.690911e-09
65.300000, 4.641146e-10, 4.856035e-10, 4.856035e-10, -2.622570e-09
65.400000, 4.485974e-10, 4.557305e-10, 4.557305e-10, -2.573290e-09
65.500000, 4.284646e-10, 4.592077e-10, 4.592077e-10, -2.529369e-09
65.600000, 4.120598e-10, 4.501300e-10, 4.501299e-10, -2.494280e-09
65.700000, 4.125155e-10, 4.462763e-10, 4.462763e-10, -2.443902e-09
65.800000, 4.003105e-10, 4.423640e-10, 4.423640e-10, -2.404725e-09
65.900000, 3.836748e-10, 4.454533e-10, 4.454533e-10, -2.353015e-09
66.000000, 3.640956e-10, 4.292652e-10, 4.292652e-10, -2.334573e-09
66.100000, 3.692086e-10, 4.340523e-10, 4.340523e-10, -2.292472e-09
66.200000, 3.722436e-10, 4.367132e-10, 4.367132e-10, -2.243987e-09
66.300000, 3.758257e-10, 4.403120e-10, 4.403120e-10, -2.187662e-09
66.400000, 3.661444e-10, 4.342922e-10, 4.342922e-10, -2.155097e-09
66.500000, 3.668408e-10, 4.252267e-10, 4.252267e-10, -2.102330e-09
66.600000, 3.482411e-10, 4.095743e-10, 4.095743e-10, -2.063029e-09
66.700000, 3.538884e-10, 4.090178e-10, 4.090178e-10, -2.008923e-09
66.800000, 3.627695e-10, 4.007461e-10, 4.007461e-10, -1.975430e-09
66.900000, 3.676219e-10, 3.957032e-10, 3.957032e-10, -1.936530e-09
67.000000, 3.585151e-10, 3.885574e-10, 3.885574e-10, -1.905111e-09
67.100000, 3.591317e-10, 3.873554e-10, 3.873554e-10, -1.856323e-09
67.200000, 3.525115e-10, 3.767709e-10, 3.767709e-10, -1.828820e-09
67.300000, 3.611751e-10, 3.880204e-10, 3.880204e-10, -1.788635e-09
67.400000, 3.608199e-10, 3.865843e-10, 3.865843e-10, -1.759881e-09
67.500000, 3.706939e-10, 3.822390e-10, 3.822390e-10, -1.725747e-09
67.600000, 3.726034e-10, 3.783130e-10, 3.783130e-10, -1.700096e-09
67.700000, 3.789358e-10, 3.811046e-10, 3.811046e-10, -1.656382e-09
67.800000, 3.828062e-10, 3.843222e-10, 3.843222e-10, -1.620662e-09
67.900000, 3.967085e-10, 3.889078e-10, 3.889078e-10, -1.580396e-09
68.000000, 3.936655e-10, 3.774876e-10, 3.774876e-10, -1.554921e-09
68.100000, 4.004350e-10, 3.708344e-10, 3.708344e-10, -1.529551e-09
68.200000, 4.018008e-10, 3.624639e-10, 3.624638e-10, -1.508879e-09
68.300000, 4.138260e-10, 3.644787e-10, 3.644787e-10, -1.469637e-09
68.400000, 4.168695e-10, 3.673235e-10, 3.673235e-10, -1.441661e-09
68.500000, 4.244062e-10, 3.712336e-10, 3.712336e-10, -1.397837e-09
68.600000, 4.188851e-10, 3.632070e-10, 3.632070e-10, -1.380333e-09
68.700000, 4.252772e-10, 3.599274e-10, 3.599273e-10, -1.346314e-09
68.800000, 4.225878e-10, 3.558311e-10, 3.558311e-10, -1.327687e-09
68.900000, 4.360430e-10, 3.541584e-10, 3.541583e-10, -1.287386e-09
69.000000, 4.409644e-10, 3.473036e-10, 3.473036e-10, -1.261921e-09
69.100000, 4.463848e-10, 3.441121e-10, 3.441121e-10, -1.235681e-09
69.200000, 4.404168e-10, 3.359541e-10, 3.359541e-10, -1.224402e-09
69.300000, 4.536729e-10, 3.328562e-10, 3.328562e-10, -1.196755e-09
69.400000, 4.492987e-10, 3.261583e-10, 3.261583e-10, -1.178705e-09
69.500000, 4.611095e-10, 3.252040e-10, 3.252040e-10, -1.148555e-09
69.600000, 4.575021e-10, 3.172186e-10, 3.172186e-10, -1.129801e-09
69.700000, 4.587378e-10, 3.112822e-10, 3.112822e-10, -1.103751e-09
69.800000, 4.495340e-10, 3.047556e-10, 3.047556e-10, -1.090025e-09
69.900000, 4.567382e-10, 3.054103e-10, 3.054103e-10, -1.059615e-09
70.000000, 4.555675e-10, 2.994478e-10, 2.994478e-10, -1.045227e-09
70.100000, 4.646074e-10, 2.994097e-10, 2.994097e-10, -1.019347e-09
70.200000, 4.634184e-10, 2.937093e-10, 2.937093e-10, -1.004309e-09
70.300000, 4.706163e-10, 2.913488e-10, 2.913488e-10, -9.771006e-10
70.400000, 4.668045e-10, 2.854247e-10, 2.854247e-10, -9.620913e-10
70.500000, 4.765584e-10, 2.857911e-10, 2.857911e-10, -9.333765e-10
70.600000, 4.702739e-10, 2.808105e-10, 2.808105e-10, -9.192979e-10
70.700000, 4.774056e-10, 2.789604e-10, 2.789604e-10, -8.942460e-10
70.800000, 4.725964e-10, 2.703720e-10, 2.703720e-10, -8.808107e-10
70.900000, 4.734646e-10, 2.684667e-10, 2.684667e-10, -8.610484e-10
71.000000, 4.651039e-10, 2.627132e-10, 2.627132e-10, -8.495555e-10
71.100000, 4.735799e-10, 2.609581e-10, 2.609581e-10, -8.267368e-10
71.200000, 4.649821e-10, 2.556459e-10, 2.556459e-10, -8.165572e-10
71.300000, 4.684704e-10, 2.544339e-10, 2.544339e-10, -7.972281e-10
71.400000, 4.620911e-10, 2.471524e-10, 2.471524e-10, -7.859390e-10
71.500000, 4.655199e-10, 2.442171e-10, 2.442171e-10, -7.645355e-10
71.600000, 4.597723e-10, 2.393873e-10, 2.393873e-10, -7.501102e-10
71.700000, 4.633061e-10, 2.387706e-10, 2.387706e-10, -7.276953e-10
71.800000, 4.551384e-10, 2.332651e-10, 2.332650e-10, -7.183517e-10
71.900000, 4.577159e-10, 2.300096e-10, 2.300096e-10, -6.984867e-10
72.000000, 4.454906e-10, 2.224892e-10, 2.224892e-10, -6.899619e-10
72.100000, 4.474413e-10, 2.193610e-10, 2.193610e-10, -6.713351e-10
72.200000, 4.371891e-10, 2.133072e-10, 2.133072e-10, -6.617627e-10
72.300000, 4.376779e-10, 2.108274e-10, 2.108274e-10, -6.418792e-10
72.400000, 4.264297e-10, 2.060708e-10, 2.060708e-10, -6.311003e-10
72.500000, 4.262013e-10, 2.034348e-10, 2.034348e-10, -6.117227e-10
72.600000, 4.168550e-10, 1.973004e-10, 1.973004e-10, -6.030519e-10
72.700000, 4.185917e-10, 1.967949e-10, 1.967949e-10, -5.850882e-10
72.800000, 4.072043e-10, 1.922652e-10, 1.922652e-10, -5.763758e-10
72.900000, 4.061723e-10, 1.901465e-10, 1.901465e-10, -5.598937e-10
73.000000, 3.970329e-10, 1.852549e-10, 1.852549e-10, -5.514793e-10
73.100000, 3.968151e-10, 1.839263e-10, 1.839263e-10, -5.350809e-10
73.200000, 3.872390e-10, 1.788775e-10, 1.788775e-10, -5.285020e-10
73.300000, 3.860215e-10, 1.779828e-10, 1.779828e-10, -5.117308e-10
73.400000, 3.757480e-10, 1.739031e-10, 1.739031e-10, -5.031098e-10
73.500000, 3.719179e-10, 1.724298e-10, 1.724298e-10, -4.866636e-10
73.600000, 3.598685e-10, 1.675234e-10, 1.675234e-10, -4.803108e-10
73.700000, 3.581816e-10, 1.657998e-10, 1.657998e-10, -4.662700e-10
73.800000, 3.459558e-10, 1.605473e-10, 1.605473e-10, -4.601984e-10
73.900000, 3.426478e-10, 1.596153e-10, 1.596153e-10, -4.450926e-10
74.000000, 3.312221e-10, 1.552296e-10, 1.552296e-10, -4.395816e-10
74.100000, 3.301622e-10, 1.541954e-10, 1.541954e-10, -4.256424e-10
74.200000, 3.183912e-10, 1.496069e-10, 1.496069e-10, -4.201327e-10
74.300000, 3.140688e-10, 1.492024e-10, 1.492024e-10, -4.060250e-10
74.400000, 3.024873e-10, 1.439978e-10, 1.439979e-10, -3.996128e-10
74.500000, 2.997630e-10, 1.426532e-10, 1.426532e-10, -3.854107e-10
74.600000, 2.884414e-10, 1.374835e-10, 1.374835e-10, -3.805167e-10
74.700000, 2.866205e-10, 1.359369e-10, 1.359369e-10, -3.672889e-10
74.800000, 2.747965e-10, 1.313695e-10, 1.313696e-10, -3.635558e-10
74.900000, 2.708800e-10, 1.303909e-10, 1.303909e-10, -3.518236e-10
75.000000, 2.590026e-10, 1.262059e-10, 1.262059e-10, -3.473956e-10
75.100000, 2.556621e-10, 1.251981e-10, 1.251982e-10, -3.342353e-10
75.200000, 2.440419e-10, 1.208091e-10, 1.208091e-10, -3.305305e-10
75.300000, 2.406365e-10, 1.196823e-10, 1.196823e-10, -3.192026e-10
75.400000, 2.288695e-10, 1.151696e-10, 1.151696e-10, -3.159288e-10
75.500000, 2.256500e-10, 1.143991e-10, 1.143992e-10, -3.047743e-10
75.600000, 2.154444e-10, 1.101333e-10, 1.101333e-10, -3.000656e-10
75.700000, 2.129359e-10, 1.098343e-10, 1.098343e-10, -2.881295e-10
75.800000, 2.020330e-10, 1.053247e-10, 1.053247e-10, -2.840651e-10
75.900000, 1.993697e-10, 1.041690e-10, 1.041691e-10, -2.724036e-10
76.000000, 1.891059e-10, 9.931955e-11, 9.931957e-11, -2.695220e-10
76.100000, 1.861264e-10, 9.868421e-11, 9.868423e-11, -2.594392e-10
76.200000, 1.756791e-10, 9.526588e-11, 9.526590e-11, -2.570514e-10
76.300000, 1.724026e-10, 9.506278e-11, 9.506280e-11, -2.467163e-10
76.400000, 1.613757e-10, 9.143033e-11, 9.143035e-11, -2.440051e-10
76.500000, 1.581370e-10, 9.074983e-11, 9.074985e-11, -2.342255e-10
76.600000, 1.474139e-10, 8.708812e-11, 8.708814e-11, -2.322861e-10
76.700000, 1.448240e-10, 8.709122e-11, 8.709125e-11, -2.231705e-10
76.800000, 1.345076e-10, 8.369521e-11, 8.369523e-11, -2.207615e-10
76.900000, 1.312066e-10, 8.319393e-11, 8.319396e-11, -2.116973e-10
77.000000, 1.214366e-10, 7.952323e-11, 7.952325e-11, -2.094263e-10
77.100000, 1.191067e-10, 7.951896e-11, 7.951898e-11, -2.004975e-10
77.200000, 1.095592e-10, 7.621789e-11, 7.621792e-11, -1.984083e-10
77.300000, 1.075917e-10, 7.644147e-11, 7.644150e-11, -1.893161e-10
77.400000, 9.772503e-11, 7.356497e-11, 7.356499e-11, -1.875157e-10
77.500000, 9.504316e-11, 7.346244e-11, 7.346247e-11, -1.792305e-10
77.600000, 8.512480e-11, 7.017587e-11, 7.017589e-11, -1.782268e-10
77.700000, 8.284816e-11, 7.020625e-11, 7.020628e-11, -1.697882e-10
77.800000, 7.330716e-11, 6.730602e-11, 6.730605e-11, -1.678767e-10
77.900000, 7.152379e-11, 6.730322e-11, 6.730324e-11, -1.597896e-10
78.000000, 6.277582e-11, 6.423003e-11, 6.423006e-11, -1.587538e-10
78.100000, 6.140190e-11, 6.415806e-11, 6.415808e-11, -1.505736e-10
78.200000, 5.281922e-11, 6.115302e-11, 6.115304e-11, -1.491936e-10
78.300000, 5.174570e-11, 6.133103e-11, 6.133105e-11, -1.415159e-10
78.400000, 4.354373e-11, 5.846437e-11, 5.846440e-11, -1.400451e-10
78.500000, 4.259302e-11, 5.890153e-11, 5.890155e-11, -1.322684e-10
78.600000, 3.457455e-11, 5.605557e-11, 5.605559e-11, -1.314908e-10
78.700000, 3.356910e-11, 5.633983e-11, 5.633986e-11, -1.243122e-10
78.800000, 2.572963e-11, 5.385564e-11, 5.385566e-11, -1.235284e-10
78.900000, 2.484867e-11, 5.431325e-11, 5.431328e-11, -1.163588e-10
79.000000, 1.725811e-11, 5.178339e-11, 5.178342e-11, -1.156643e-10
79.100000, 1.664718e-11, 5.215175e-11, 5.215178e-11, -1.088201e-10
79.200000, 9.274019e-12, 4.955712e-11, 4.955715e-11, -1.083005e-10
79.300000, 8.721238e-12, 4.982980e-11, 4.982983e-11, -1.014185e-10
79.400000, 1.839423e-12, 4.740260e-11, 4.740262e-11, -1.009055e-10
79.500000, 1.768379e-12, 4.795995e-11, 4.795997e-11, -9.416039e-11
79.600000, -4.890880e-12, 4.571212e-11, 4.571214e-11, -9.349026e-11
79.700000, -4.949942e-12, 4.632310e-11, 4.632313e-11, -8.692717e-11
79.800000, -1.164805e-11, 4.412290e-11, 4.412293e-11, -8.662579e-11
79.900000, -1.156127e-11, 4.470866e-11, 4.470869e-11, -8.030519e-11
80.000000, -1.812986e-11, 4.250089e-11, 4.250091e-11, -8.021576e-11
80.100000, -1.799555e-11, 4.308579e-11, 4.308582e-11, -7.410667e-11
80.200000, -2.421909e-11, 4.091737e-11, 4.091740e-11, -7.403559e-11
80.300000, -2.387916e-11, 4.159299e-11, 4.159302e-11, -6.801649e-11
80.400000, -2.986586e-11, 3.941668e-11, 3.941671e-11, -6.797986e-11
80.500000, -2.923720e-11, 4.000844e-11, 4.000846e-11, -6.204077e-11
80.600000, -3.498784e-11, 3.789616e-11, 3.789618e-11, -6.210906e-11
80.700000, -3.432472e-11, 3.854218e-11, 3.854221e-11, -5.643753e-11
80.800000, -3.984013e-11, 3.655182e-11, 3.655185e-11, -5.653577e-11
80.900000, -3.900303e-11, 3.723114e-11, 3.723117e-11, -5.091133e-11
81.000000, -4.419873e-11, 3.533492e-11, 3.533495e-11, -5.106554e-11
81.100000, -4.324808e-11, 3.617691e-11, 3.617694e-11, -4.562111e-11
81.200000, -4.835833e-11, 3.429987e-11, 3.429990e-11, -4.585312e-11
81.300000, -4.728780e-11, 3.510584e-11, 3.510587e-11, -4.053159e-11
81.400000, -5.218490e-11, 3.325840e-11, 3.325843e-11, -4.083809e-11
81.500000, -5.100761e-11, 3.397380e-11, 3.397383e-11, -3.575837e-11
81.600000, -5.560995e-11, 3.209875e-11, 3.209878e-11, -3.632853e-11
81.700000, -5.428929e-11, 3.287619e-11, 3.287622e-11, -3.132580e-11
81.800000, -5.879287e-11, 3.108620e-11, 3.108623e-11, -3.169885e-11
81.900000, -5.735713e-11, 3.187375e-11, 3.187379e-11, -2.682376e-11
82.000000, -6.166608e-11, 3.010677e-11, 3.010680e-11, -2.743923e-11
82.100000, -6.008303e-11, 3.093649e-11, 3.093652e-11, -2.264680e-11
82.200000, -6.429771e-11, 2.927730e-11, 2.927733e-11, -2.329117e-11
82.300000, -6.265776e-11, 3.011630e-11, 3.011633e-11, -1.868547e-11
82.400000, -6.667522e-11, 2.846433e-11, 2.846436e-11, -1.932991e-11
82.500000, -6.490711e-11, 2.934669e-11, 2.934672e-11, -1.480333e-11
82.600000, -6.882046e-11, 2.772004e-11, 2.772007e-11, -1.561640e-11
82.700000, -6.696712e-11, 2.852140e-11, 2.852143e-11, -1.119373e-11
82.800000, -7.070074e-11, 2.690647e-11, 2.690651e-11, -1.202836e-11
82.900000, -6.873186e-11, 2.775567e-11, 2.775570e-11, -7.749843e-12
83.000000, -7.237374e-11, 2.611186e-11, 2.611189e-11, -8.640752e-12
83.100000, -7.033981e-11, 2.693560e-11, 2.693563e-11, -4.449651e-12
83.200000, -7.380766e-11, 2.533383e-11, 2.533386e-11, -5.347675e-12
83.300000, -7.177283e-11, 2.618203e-11, 2.618206e-11, -1.231723e-12
83.400000, -7.508709e-11, 2.464657e-11, 2.464660e-11, -2.207861e-12
83.500000, -7.289641e-11, 2.549685e-11, 2.549688e-11, 1.809318e-12
83.600000, -7.605174e-11, 2.397401e-11, 2.397404e-11, 8.819235e-13
83.700000, -7.379819e-11, 2.483572e-11, 2.483575e-11, 4.771521e-12
83.800000, -7.687072e-11, 2.333214e-11, 2.333217e-11, 3.703328e-12
83.900000, -7.454169e-11, 2.419330e-11, 2.419333e-11, 7.522162e-12
84.000000, -7.750441e-11, 2.274998e-11, 2.275001e-11, 6.413085e-12
84.100000, -7.514707e-11, 2.358490e-11, 2.358493e-11, 1.008914e-11
84.200000, -7.801270e-11, 2.212535e-11, 2.212538e-11, 8.962119e-12
84.300000, -7.563145e-11, 2.299422e-11, 2.299425e-11, 1.257390e-11
84.400000, -7.840140e-11, 2.154127e-11, 2.154130e-11, 1.140239e-11
84.500000, -7.597043e-11, 2.240118e-11, 2.240121e-11, 1.493530e-11
84.600000, -7.865628e-11, 2.098727e-11, 2.098730e-11, 1.373893e-11
84.700000, -7.616332e-11, 2.183830e-11, 2.183833e-11, 1.716567e-11
84.800000, -7.880206e-11, 2.045974e-11, 2.045977e-11, 1.591503e-11
84.900000, -7.631075e-11, 2.130519e-11, 2.130522e-11, 1.930360e-11
85.000000, -7.883535e-11, 1.993155e-11, 1.993158e-11, 1.803617e-11
85.100000, -7.629862e-11, 2.079203e-11, 2.079206e-11, 2.131845e-11
85.200000, -7.877442e-11, 1.944571e-11, 1.944574e-11, 2.001098e-11
85.300000, -7.621398e-11, 2.026327e-11, 2.026330e-11, 2.321869e-11
85.400000, -7.864067e-11, 1.891545e-11, 1.891547e-11, 2.188240e-11
85.500000, -7.607589e-11, 1.973564e-11, 1.973566e-11, 2.502671e-11
85.600000, -7.840094e-11, 1.841088e-11, 1.841091e-11, 2.369026e-11
85.700000, -7.583291e-11, 1.923630e-11, 1.923632e-11, 2.674994e-11
85.800000, -7.809012e-11, 1.792161e-11, 1.792163e-11, 2.540547e-11
85.900000, -7.551517e-11, 1.874930e-11, 1.874933e-11, 2.840524e-11
86.000000, -7.773601e-11, 1.746044e-11, 1.746046e-11, 2.698719e-11
86.100000, -7.514372e-11, 1.826648e-11, 1.826650e-11, 2.993492e-11
86.200000, -7.730604e-11, 1.699001e-11, 1.699003e-11, 2.853320e-11
86.300000, -7.472489e-11, 1.780477e-11, 1.780479e-11, 3.140669e-11
86.400000, -7.682415e-11, 1.653411e-11, 1.653414e-11, 2.997027e-11
86.500000, -7.422199e-11, 1.733863e-11, 1.733865e-11, 3.277914e-11
86.600000, -7.629026e-11, 1.608892e-11, 1.608894e-11, 3.131059e-11
86.700000, -7.368910e-11, 1.688029e-11, 1.688031e-11, 3.405129e-11
86.800000, -7.571709e-11, 1.564335e-11, 1.564336e-11, 3.256166e-11
86.900000, -7.312674e-11, 1.643530e-11, 1.643532e-11, 3.522124e-11
87.000000, -7.512676e-11, 1.520216e-11, 1.520218e-11, 3.373068e-11
87.100000, -7.253829e-11, 1.598623e-11, 1.598625e-11, 3.635377e-11
87.200000, -7.449695e-11, 1.477681e-11, 1.477683e-11, 3.484569e-11
87.300000, -7.191937e-11, 1.555517e-11, 1.555519e-11, 3.741746e-11
87.400000, -7.384631e-11, 1.436193e-11, 1.436195e-11, 3.588777e-11
87.500000, -7.128519e-11, 1.513312e-11, 1.513313e-11, 3.838628e-11
87.600000, -7.317022e-11, 1.393341e-11, 1.393342e-11, 3.683652e-11
87.700000, -7.061558e-11, 1.470292e-11, 1.470294e-11, 3.927049e-11
87.800000, -7.248657e-11, 1.352674e-11, 1.352675e-11, 3.770189e-11
87.900000, -6.994411e-11, 1.428303e-11, 1.428304e-11, 4.010382e-11
88.000000, -7.177817e-11, 1.312239e-11, 1.312240e-11, 3.853008e-11
88.100000, -6.925169e-11, 1.387548e-11, 1.387549e-11, 4.087319e-11
88.200000, -7.105385e-11, 1.272365e-11, 1.272366e-11, 3.928305e-11
88.300000, -6.854526e-11, 1.347589e-11, 1.347590e-11, 4.157792e-11
88.400000, -7.032718e-11, 1.233260e-11, 1.233260e-11, 3.998353e-11
88.500000, -6.783231e-11, 1.307487e-11, 1.307488e-11, 4.222807e-11
88.600000, -6.958879e-11, 1.194337e-11, 1.194338e-11, 4.062783e-11
88.700000, -6.710736e-11, 1.267977e-11, 1.267978e-11, 4.282776e-11
88.800000, -6.883764e-11, 1.156212e-11, 1.156212e-11, 4.121674e-11
88.900000, -6.637894e-11, 1.229426e-11, 1.229427e-11, 4.337574e-11
89.000000, -6.808982e-11, 1.118621e-11, 1.118622e-11, 4.176381e-11
89.100000, -6.564735e-11, 1.191253e-11, 1.191253e-11, 4.387690e-11
89.200000, -6.734103e-11, 1.081569e-11, 1.081570e-11, 4.225323e-11
89.300000, -6.491833e-11, 1.153491e-11, 1.153491e-11, 4.432299e-11
89.400000, -6.659417e-11, 1.044636e-11, 1.044636e-11, 4.268965e-11
89.500000, -6.418993e-11, 1.115960e-11, 1.115960e-11, 4.471823e-11
89.600000, -6.585233e-11, 1.008874e-11, 1.008875e-11, 4.308828e-11
89.700000, -6.347399e-11, 1.079975e-11, 1.079975e-11, 4.508180e-11
89.800000, -6.512235e-11, 9.736816e-12, 9.736816e-12, 4.344984e-11
89.900000, -6.276665e-11, 1.044353e-11, 1.044353e-11, 4.540825e-11
90.000000, -6.439957e-11, 9.395552e-12, 9.395551e-12, 4.377158e-11
90.100000, -6.206823e-11, 1.009798e-11, 1.009798e-11, 4.568637e-11
90.200000, -6.369212e-11, 9.060923e-12, 9.060921e-12, 4.404827e-11
90.300000, -6.138649e-11, 9.759448e-12, 9.759445e-12, 4.593104e-11
90.400000, -6.299672e-11, 8.733820e-12, 8.733817e-12, 4.429261e-11
90.500000, -6.071594e-11, 9.428829e-12, 9.428825e-12, 4.614232e-11
90.600000, -6.231187e-11, 8.415136e-12, 8.415131e-12, 4.450477e-11
90.700000, -6.005471e-11, 9.106748e-12, 9.106743e-12, 4.632337e-11
90.800000, -6.164108e-11, 8.104366e-12, 8.104360e-12, 4.468894e-11
90.900000, -5.940769e-11, 8.790837e-12, 8.790831e-12, 4.647355e-11
91.000000, -6.098413e-11, 7.799667e-12, 7.799660e-12, 4.484226e-11
91.100000, -5.877649e-11, 8.481963e-12, 8.481956e-12, 4.660180e-11
91.200000, -6.034048e-11, 7.501335e-12, 7.501327e-12, 4.497354e-11
91.300000, -5.815496e-11, 8.180486e-12, 8.180478e-12, 4.670049e-11
91.400000, -5.970980e-11, 7.211293e-12, 7.211285e-12, 4.507692e-11
91.500000, -5.754822e-11, 7.885985e-12, 7.885976e-12, 4.677838e-11
91.600000, -5.909320e-11, 6.926351e-12, 6.926341e-12, 4.515926e-11
91.700000, -5.695501e-11, 7.597516e-12, 7.597506e-12, 4.683419e-11
91.800000, -5.848995e-11, 6.649783e-12, 6.649772e-12, 4.521843e-11
91.900000, -5.637633e-11, 7.317143e-12, 7.317132e-12, 4.686513e-11
92.000000, -5.790007e-11, 6.378473e-12, 6.378461e-12, 4.525526e-11
92.100000, -5.580871e-11, 7.041261e-12, 7.041249e-12, 4.687694e-11
92.200000, -5.732436e-11, 6.114727e-12, 6.114715e-12, 4.526965e-11
92.300000, -5.525764e-11, 6.774096e-12, 6.774083e-12, 4.686657e-11
92.400000, -5.676274e-11, 5.856905e-12, 5.856892e-12, 4.526684e-11
92.500000, -5.471783e-11, 6.512850e-12, 6.512837e-12, 4.683866e-11
92.600000, -5.621444e-11, 5.606244e-12, 5.606230e-12, 4.524397e-11
92.700000, -5.419219e-11, 6.258648e-12, 6.258633e-12, 4.679172e-11
92.800000, -5.567815e-11, 5.363789e-12, 5.363774e-12, 4.520376e-11
92.900000, -5.367618e-11, 6.013256e-12, 6.013240e-12, 4.672856e-11
93.000000, -5.515149e-11, 5.128798e-12, 5.128782e-12, 4.514480e-11
93.100000, -5.317128e-11, 5.776441e-12, 5.776425e-12, 4.664389e-11
93.200000, -5.463720e-11, 4.902481e-12, 4.902465e-12, 4.506563e-11
93.300000, -5.267772e-11, 5.547499e-12, 5.547482e-12, 4.654368e-11
93.400000, -5.413214e-11, 4.683904e-12, 4.683887e-12, 4.497094e-11
93.500000, -5.219109e-11, 5.325532e-12, 5.325515e-12, 4.642367e-11
93.600000, -5.363354e-11, 4.472806e-12, 4.472788e-12, 4.485502e-11
93.700000, -5.171151e-11, 5.111419e-12, 5.111401e-12, 4.628436e-11
93.800000, -5.314220e-11, 4.267970e-12, 4.267952e-12, 4.471949e-11
93.900000, -5.123743e-11, 4.904086e-12, 4.904068e-12, 4.612584e-11
94.000000, -5.265501e-11, 4.071717e-12, 4.071698e-12, 4.456632e-11
94.100000, -5.076610e-11, 4.704589e-12, 4.704569e-12, 4.594924e-11
94.200000, -5.217066e-11, 3.881113e-12, 3.881093e-12, 4.439376e-11
94.300000, -5.029693e-11, 4.511140e-12, 4.511120e-12, 4.575443e-11
94.400000, -5.168662e-11, 3.697608e-12, 3.697587e-12, 4.420428e-11
94.500000, -4.982750e-11, 4.324288e-12, 4.324267e-12, 4.554302e-11
94.600000, -5.120253e-11, 3.519966e-12, 3.519945e-12, 4.399755e-11
94.700000, -4.935710e-11, 4.143312e-12, 4.143291e-12, 4.531477e-11
94.800000, -5.071762e-11, 3.347779e-12, 3.347757e-12, 4.377387e-11
94.900000, -4.888553e-11, 3.967818e-12, 3.967796e-12, 4.507001e-11
95.000000, -5.023095e-11, 3.181357e-12, 3.181334e-12, 4.353480e-11
95.100000, -4.841171e-11, 3.798322e-12, 3.798299e-12, 4.481099e-11
95.200000, -4.974197e-11, 3.020955e-12, 3.020932e-12, 4.328145e-11
95.300000, -4.793606e-11, 3.634628e-12, 3.634604e-12, 4.453717e-11
95.400000, -4.925194e-11, 2.866166e-12, 2.866142e-12, 4.301376e-11
95.500000, -4.745941e-11, 3.476837e-12, 3.476812e-12, 4.425120e-11
95.600000, -4.876185e-11, 2.717072e-12, 2.717047e-12, 4.273444e-11
95.700000, -4.698312e-11, 3.324847e-12, 3.324821e-12, 4.395389e-11
95.800000, -4.827335e-11, 2.573850e-12, 2.573824e-12, 4.244505e-11
95.900000, -4.650989e-11, 3.178438e-12, 3.178412e-12, 4.364798e-11
96.000000, -4.778872e-11, 2.436226e-12, 2.436200e-12, 4.214767e-11
96.100000, -4.604085e-11, 3.038550e-12, 3.038523e-12, 4.333530e-11
96.200000, -4.730867e-11, 2.305365e-12, 2.305338e-12, 4.184504e-11
96.300000, -4.557671e-11, 2.904840e-12, 2.904812e-12, 4.301914e-11
96.400000, -4.683571e-11, 2.180311e-12, 2.180283e-12, 4.154007e-11
96.500000, -4.512133e-11, 2.777508e-12, 2.777480e-12, 4.270255e-11
96.600000, -4.637283e-11, 2.062232e-12, 2.062203e-12, 4.123579e-11
96.700000, -4.467821e-11, 2.657179e-12, 2.657150e-12, 4.238757e-11
96.800000, -4.592433e-11, 1.950776e-12, 1.950747e-12, 4.093478e-11
96.900000, -4.424948e-11, 2.543533e-12, 2.543503e-12, 4.207695e-11
97.000000, -4.549006e-11, 1.845842e-12, 1.845812e-12, 4.063799e-11
97.100000, -4.383586e-11, 2.436284e-12, 2.436253e-12, 4.177174e-11
97.200000, -4.507307e-11, 1.747200e-12, 1.747168e-12, 4.034817e-11
97.300000, -4.344149e-11, 2.335474e-12, 2.335443e-12, 4.147492e-11
97.400000, -4.467692e-11, 1.655098e-12, 1.655067e-12, 4.006716e-11
97.500000, -4.306776e-11, 2.241127e-12, 2.241095e-12, 4.118737e-11
97.600000, -4.430152e-11, 1.569180e-12, 1.569148e-12, 3.979655e-11
97.700000, -4.271523e-11, 2.153027e-12, 2.152995e-12, 4.091197e-11
97.800000, -4.394735e-11, 1.489539e-12, 1.489506e-12, 3.953893e-11
97.900000, -4.238469e-11, 2.071315e-12, 2.071281e-12, 4.064982e-11
98.000000, -4.361628e-11, 1.416163e-12, 1.416130e-12, 3.929405e-11
98.100000, -4.207599e-11, 1.995743e-12, 1.995709e-12, 4.040035e-11
98.200000, -4.330594e-11, 1.348724e-12, 1.348689e-12, 3.906175e-11
98.300000, -4.178751e-11, 1.925972e-12, 1.925938e-12, 4.016323e-11
98.400000, -4.301526e-11, 1.286798e-12, 1.286763e-12, 3.884086e-11
98.500000, -4.151683e-11, 1.861493e-12, 1.861458e-12, 3.993681e-11
98.600000, -4.274050e-11, 1.230073e-12, 1.230038e-12, 3.863014e-11
98.700000, -4.126107e-11, 1.802365e-12, 1.802330e-12, 3.971926e-11
98.800000, -4.247954e-11, 1.178423e-12, 1.178388e-12, 3.842549e-11
98.900000, -4.101648e-11, 1.748025e-12, 1.747989e-12, 3.950602e-11
99.000000, -4.222750e-11, 1.131223e-12, 1.131186e-12, 3.822322e-11
99.100000, -4.077863e-11, 1.698062e-12, 1.698025e-12, 3.929259e-11
99.200000, -4.197934e-11, 1.088293e-12, 1.088256e-12, 3.801875e-11
99.300000, -4.054037e-11, 1.652104e-12, 1.652067e-12, 3.907566e-11
99.400000, -4.172741e-11, 1.049048e-12, 1.049012e-12, 3.780812e-11
99.500000, -4.029581e-11, 1.609790e-12, 1.609753e-12, 3.884934e-11
99.600000, -4.146653e-11, 1.013230e-12, 1.013192e-12, 3.758480e-11
99.700000, -4.003884e-11, 1.570811e-12, 1.570774e-12, 3.860693e-11
99.800000, -4.118851e-11, 9.804705e-13, 9.804330e-13, 3.734169e-11
99.900000, -3.975878e-11, 1.534504e-12, 1.534467e-12, 3.834182e-11
100.000000, -4.088338e-11, 9.501139e-13, 9.500762e-13, 3.707290e-11
100.100000, -3.944953e-11, 1.500666e-12, 1.500628e-12, 3.804832e-11
100.200000, -4.054688e-11, 9.221108e-13, 9.220728e-13, 3.677229e-11
100.300000, -3.910455e-11, 1.468863e-12, 1.468825e-12, 3.771944e-11
100.400000, -4.017059e-11, 8.956778e-13, 8.956396e-13, 3.643390e-11
100.500000, -3.871777e-11, 1.438610e-12, 1.438571e-12, 3.735189e-11
100.600000, -3.975178e-11, 8.708132e-13, 8.707748e-13, 3.605537e-11
100.700000, -3.828675e-11, 1.409823e-12, 1.409784e-12, 3.694229e-11
100.800000, -3.928719e-11, 8.471754e-13, 8.471367e-13, 3.563357e-11
100.900000, -3.780910e-11, 1.382209e-12, 1.382170e-12, 3.648969e-11
101.000000, -3.877591e-11, 8.245364e-13, 8.244976e-13, 3.516888e-11
101.100000, -3.728483e-11, 1.355625e-12, 1.355586e-12, 3.599462e-11
101.200000, -3.822004e-11, 8.031355e-13, 8.030965e-13, 3.466293e-11
101.300000, -3.672010e-11, 1.330546e-12, 1.330507e-12, 3.546114e-11
101.400000, -3.762817e-11, 7.832172e-13, 7.831781e-13, 3.412245e-11
101.500000, -3.612314e-11, 1.307032e-12, 1.306993e-12, 3.489677e-11
101.600000, -3.700838e-11, 7.648661e-13, 7.648269e-13, 3.355442e-11
101.700000, -3.550285e-11, 1.285178e-12, 1.285139e-12, 3.431023e-11
101.800000, -3.637082e-11, 7.483720e-13, 7.483327e-13, 3.297050e-11
101.900000, -3.487198e-11, 1.265522e-12, 1.265483e-12, 3.371404e-11
102.000000, -3.573177e-11, 7.343220e-13, 7.342827e-13, 3.238353e-11
102.100000, -3.424887e-11, 1.248680e-12, 1.248641e-12, 3.312318e-11
102.200000, -3.510996e-11, 7.234196e-13, 7.233802e-13, 3.181084e-11
102.300000, -3.365274e-11, 1.235522e-12, 1.235482e-12, 3.255526e-11
102.400000, -3.452666e-11, 7.167013e-13, 7.166619e-13, 3.126973e-11
102.500000, -3.310793e-11, 1.227222e-12, 1.227182e-12, 3.202872e-11
102.600000, -3.400723e-11, 7.154039e-13, 7.153646e-13, 3.078044e-11
102.700000, -3.263914e-11, 1.224812e-12, 1.224773e-12, 3.156621e-11
102.800000, -3.357688e-11, 7.204429e-13, 7.204037e-13, 3.036855e-11
102.900000, -3.227236e-11, 1.229262e-12, 1.229222e-12, 3.119348e-11
103.000000, -3.326137e-11, 7.326614e-13, 7.326223e-13, 3.005788e-11
103.100000, -3.203438e-11, 1.241247e-12, 1.241208e-12, 3.093463e-11
103.200000, -3.309012e-11, 7.526175e-13, 7.525786e-13, 2.987428e-11
103.300000, -3.195461e-11, 1.261102e-12, 1.261063e-12, 3.081609e-11
103.400000, -3.309044e-11, 7.803672e-13, 7.803285e-13, 2.984323e-11
103.500000, -3.205999e-11, 1.288675e-12, 1.288636e-12, 3.086272e-11
103.600000, -3.328844e-11, 8.155708e-13, 8.155324e-13, 2.999003e-11
103.700000, -3.237332e-11, 1.323310e-12, 1.323272e-12, 3.109833e-11
103.800000, -3.370333e-11, 8.572688e-13, 8.572306e-13, 3.033460e-11
103.900000, -3.291173e-11, 1.364065e-12, 1.364027e-12, 3.153798e-11
104.000000, -3.434947e-11, 9.045043e-13, 9.044664e-13, 3.088708e-11
104.100000, -3.368269e-11, 1.409501e-12, 1.409463e-12, 3.218922e-11
104.200000, -3.522572e-11, 9.552312e-13, 9.551935e-13, 3.165392e-11
104.300000, -3.467857e-11, 1.457110e-12, 1.457073e-12, 3.305474e-11
104.400000, -3.631946e-11, 1.006796e-12, 1.006759e-12, 3.263048e-11
104.500000, -3.588005e-11, 1.504355e-12, 1.504318e-12, 3.412224e-11
104.600000, -3.760212e-11, 1.056526e-12, 1.056489e-12, 3.379774e-11
104.700000, -3.724932e-11, 1.548124e-12, 1.548087e-12, 3.536464e-11
104.800000, -3.902736e-11, 1.100880e-12, 1.100843e-12, 3.511931e-11
104.900000, -3.873310e-11, 1.584628e-12, 1.584591e-12, 3.673598e-11
105.000000, -4.053470e-11, 1.135965e-12, 1.135928e-12, 3.654022e-11
105.100000, -4.026118e-11, 1.610161e-12, 1.610125e-12, 3.817438e-11
105.200000, -4.204753e-11, 1.158823e-12, 1.158787e-12, 3.799230e-11
105.300000, -4.175456e-11, 1.622605e-12, 1.622569e-12, 3.960538e-11
105.400000, -4.348213e-11, 1.167809e-12, 1.167773e-12, 3.939695e-11
105.500000, -4.312347e-11, 1.620296e-12, 1.620261e-12, 4.094681e-11
105.600000, -4.474515e-11, 1.160884e-12, 1.160848e-12, 4.066799e-11
105.700000, -4.427449e-11, 1.601388e-12, 1.601353e-12, 4.211198e-11
105.800000, -4.574625e-11, 1.137124e-12, 1.137089e-12, 4.172172e-11
105.900000, -4.512174e-11, 1.565588e-12, 1.565553e-12, 4.302047e-11
106.000000, -4.640573e-11, 1.096420e-12, 1.096386e-12, 4.248231e-11
106.100000, -4.559382e-11, 1.513055e-12, 1.513021e-12, 4.360396e-11
106.200000, -4.666109e-11, 1.039382e-12, 1.039347e-12, 4.289060e-11
106.300000, -4.563727e-11, 1.444897e-12, 1.444863e-12, 4.381278e-11
106.400000, -4.646946e-11, 9.674521e-13, 9.674183e-13, 4.290706e-11
106.500000, -4.522382e-11, 1.362798e-12, 1.362765e-12, 4.361624e-11
106.600000, -4.582148e-11, 8.826902e-13, 8.826569e-13, 4.250517e-11
106.700000, -4.436062e-11, 1.269147e-12, 1.269114e-12, 4.299360e-11
106.800000, -4.473283e-11, 7.876201e-13, 7.875873e-13, 4.167930e-11
106.900000, -4.307128e-11, 1.166501e-12, 1.166469e-12, 4.195813e-11
107.000000, -4.324096e-11, 6.848829e-13, 6.848506e-13, 4.045981e-11
107.100000, -4.140994e-11, 1.057685e-12, 1.057653e-12, 4.055662e-11
107.200000, -4.141568e-11, 5.774738e-13, 5.774419e-13, 3.890890e-11
107.300000, -3.945809e-11, 9.457748e-13, 9.457432e-13, 3.886324e-11
107.400000, -3.934451e-11, 4.684604e-13, 4.684291e-13, 3.710737e-11
107.500000, -3.730434e-11, 8.337541e-13, 8.337231e-13, 3.696030e-11
107.600000, -3.711399e-11, 3.607012e-13, 3.606704e-13, 3.513573e-11
107.700000, -3.503138e-11, 7.243806e-13, 7.243502e-13, 3.492480e-11
107.800000, -3.480188e-11, 2.569155e-13, 2.568854e-13, 3.306654e-11
107.900000, -3.271133e-11, 6.203770e-13, 6.203471e-13, 3.282418e-11
108.000000, -3.247402e-11, 1.597899e-13, 1.597604e-13, 3.096152e-11
108.100000, -3.040311e-11, 5.240881e-13, 5.240589e-13, 3.071386e-11
108.200000, -3.018181e-11, 7.088804e-14, 7.085926e-14, 2.886929e-11
108.300000, -2.815026e-11, 4.362667e-13, 4.362382e-13, 2.863539e-11
108.400000, -2.796096e-11, -9.481700e-15, -9.509717e-15, 2.682440e-11
108.500000, -2.598094e-11, 3.570197e-13, 3.569920e-13, 2.661661e-11
108.600000, -2.583259e-11, -8.138009e-14, -8.140730e-14, 2.484844e-11
108.700000, -2.390998e-11, 2.861006e-13, 2.860739e-13, 2.467358e-11
108.800000, -2.380601e-11, -1.452370e-13, -1.452633e-13, 2.295279e-11
108.900000, -2.194173e-11, 2.229274e-13, 2.229016e-13, 2.281367e-11
109.000000, -2.188104e-11, -2.017532e-13, -2.017786e-13, 2.114122e-11
109.100000, -2.007204e-11, 1.667110e-13, 1.666862e-13, 2.103717e-11
109.200000, -2.005026e-11, -2.517867e-13, -2.518110e-13, 1.941041e-11
109.300000, -1.829087e-11, 1.165234e-13, 1.164997e-13, 1.933705e-11
109.400000, -1.830134e-11, -2.963207e-13, -2.963439e-13, 1.775000e-11
109.500000, -1.658385e-11, 7.135256e-14, 7.132993e-14, 1.770055e-11
109.600000, -1.661850e-11, -3.363868e-13, -3.364088e-13, 1.614591e-11
109.700000, -1.493470e-11, 3.014988e-14, 3.012845e-14, 1.611328e-11
109.800000, -1.498592e-11, -3.730402e-13, -3.730611e-13, 1.458437e-11
109.900000, -1.332892e-11, -8.138499e-15, -8.158707e-15, 1.456282e-11
110.000000, -1.339090e-11, -4.073095e-13, -4.073291e-13, 1.305472e-11
110.100000, -1.175563e-11, -4.448228e-14, -4.450119e-14, 1.304031e-11
110.200000, -1.182416e-11, -4.400856e-13, -4.401038e-13, 1.154963e-11
110.300000, -1.020683e-11, -7.968088e-14, -7.969844e-14, 1.153957e-11
110.400000, -1.027857e-11, -4.720591e-13, -4.720760e-13, 1.006372e-11
110.500000, -8.675867e-12, -1.143345e-13, -1.143507e-13, 1.005562e-11
110.600000, -8.747532e-12, -5.038194e-13, -5.038348e-13, 8.592039e-12
110.700000, -7.155768e-12, -1.491102e-13, -1.491250e-13, 8.583215e-12
110.800000, -7.223325e-12, -5.361416e-13, -5.361557e-13, 7.128664e-12
110.900000, -5.637694e-12, -1.848743e-13, -1.848877e-13, 7.115352e-12
111.000000, -5.695664e-12, -5.699521e-13, -5.699648e-13, 5.665180e-12
111.100000, -4.109728e-12, -2.225836e-13, -2.225956e-13, 5.642014e-12
111.200000, -4.151082e-12, -6.062105e-13, -6.062217e-13, 4.190027e-12
111.300000, -2.557338e-12, -2.631857e-13, -2.631962e-13, 4.150490e-12
111.400000, -2.574806e-12, -6.458489e-13, -6.458587e-13, 2.690076e-12
111.500000, -9.664962e-13, -3.075902e-13, -3.075993e-13, 2.628172e-12
111.600000, -9.544551e-13, -6.897369e-13, -6.897453e-13, 1.154246e-12
111.700000, 6.730004e-13, -3.566086e-13, -3.566163e-13, 1.066512e-12
111.800000, 7.178082e-13, -7.386118e-13, -7.386188e-13, -4.226388e-13
111.900000, 2.366316e-12, -4.109017e-13, -4.109080e-13, -5.359754e-13
112.000000, 2.443868e-12, -7.930601e-13, -7.930657e-13, -2.038541e-12
112.100000, 4.111438e-12, -4.709666e-13, -4.709714e-13, -2.173920e-12
112.200000, 4.217393e-12, -8.534571e-13, -8.534613e-13, -3.684696e-12
112.300000, 5.897358e-12, -5.370251e-13, -5.370286e-13, -3.834834e-12
112.400000, 6.022213e-12, -9.198486e-13, -9.198514e-13, -5.344311e-12
112.500000, 7.702124e-12, -6.089517e-13, -6.089538e-13, -5.496909e-12
112.600000, 7.830015e-12, -9.919513e-13, -9.919526e-13, -6.989945e-12
112.700000, 9.490672e-12, -6.862580e-13, -6.862587e-13, -7.126701e-12
112.800000, 9.598833e-12, -1.068831e-12, -1.068831e-12, -8.582002e-12
112.900000, 1.121425e-11, -7.672508e-13, -7.672501e-13, -8.678555e-12
113.000000, 1.127355e-11, -1.148102e-12, -1.148100e-12, -1.006916e-11
113.100000, 1.281208e-11, -8.492705e-13, -8.492684e-13, -1.009606e-11
113.200000, 1.278850e-11, -1.227112e-12, -1.227110e-12, -1.139051e-11
113.300000, 1.421426e-11, -9.297084e-13, -9.297049e-13, -1.131443e-11
113.400000, 1.407030e-11, -1.303246e-12, -1.303242e-12, -1.247817e-11
113.500000, 1.534500e-11, -1.005894e-12, -1.005889e-12, -1.226367e-11
113.600000, 1.504246e-11, -1.373774e-12, -1.373768e-12, -1.326162e-11
113.700000, 1.613018e-11, -1.075081e-12, -1.075075e-12, -1.287587e-11
113.800000, 1.563779e-11, -1.435990e-12, -1.435983e-12, -1.368039e-11
113.900000, 1.651464e-11, -1.134672e-12, -1.134665e-12, -1.310281e-11
114.000000, 1.581673e-11, -1.487489e-12, -1.487481e-12, -1.370141e-11
114.100000, 1.647509e-11, -1.182470e-12, -1.182461e-12, -1.292730e-11
114.200000, 1.556933e-11, -1.526178e-12, -1.526168e-12, -1.332379e-11
114.300000, 1.600925e-11, -1.216449e-12, -1.216439e-12, -1.236615e-11
114.400000, 1.490136e-11, -1.550205e-12, -1.550194e-12, -1.257814e-11
114.500000, 1.513811e-11, -1.235101e-12, -1.235089e-12, -1.145487e-11
114.600000, 1.385101e-11, -1.558431e-12, -1.558418e-12, -1.150333e-11
114.700000, 1.391281e-11, -1.237540e-12, -1.237526e-12, -1.023991e-11
114.800000, 1.247840e-11, -1.550315e-12, -1.550301e-12, -1.015443e-11
114.900000, 1.240083e-11, -1.223690e-12, -1.223676e-12, -8.784253e-12
115.000000, 1.085814e-11, -1.526165e-12, -1.526150e-12, -8.601871e-12
115.100000, 1.068326e-11, -1.194080e-12, -1.194065e-12, -7.164122e-12
115.200000, 9.075761e-12, -1.486678e-12, -1.486662e-12, -6.924904e-12
115.300000, 8.848343e-12, -1.149993e-12, -1.149976e-12, -5.460500e-12
115.400000, 7.220854e-12, -1.433983e-12, -1.433965e-12, -5.205913e-12
115.500000, 6.984183e-12, -1.093711e-12, -1.093693e-12, -3.754021e-12
115.600000, 5.376901e-12, -1.369931e-12, -1.369912e-12, -3.520644e-12
115.700000, 5.167469e-12, -1.026987e-12, -1.026967e-12, -2.115949e-12
115.800000, 3.615132e-12, -1.296712e-12, -1.296692e-12, -1.935410e-12
115.900000, 3.466111e-12, -9.527920e-13, -9.527715e-13, -6.058651e-13
116.000000, 1.996519e-12, -1.217940e-12, -1.217919e-12, -5.032021e-13
116.100000, 1.931326e-12, -8.748370e-13, -8.748155e-13, 7.303709e-13
116.200000, 5.650265e-13, -1.137115e-12, -1.137093e-12, 7.390353e-13
116.300000, 6.000879e-13, -7.963212e-13, -7.962987e-13, 1.864942e-12
116.400000, -6.506887e-13, -1.057060e-12, -1.057037e-12, 1.772177e-12
116.500000, -5.076362e-13, -7.196836e-13, -7.196603e-13, 2.786257e-12
116.600000, -1.639210e-12, -9.800630e-13, -9.800393e-13, 2.590956e-12
116.700000, -1.386624e-12, -6.472176e-13, -6.471935e-13, 3.496095e-12
116.800000, -2.399843e-12, -9.081408e-13, -9.081162e-13, 3.203682e-12
116.900000, -2.041979e-12, -5.805184e-13, -5.804935e-13, 4.005906e-12
117.000000, -2.945341e-12, -8.424546e-13, -8.424294e-13, 3.622528e-12
117.100000, -2.492464e-12, -5.203323e-13, -5.203068e-13, 4.329966e-12
117.200000, -3.296582e-12, -7.836605e-13, -7.836347e-13, 3.865982e-12
117.300000, -2.760305e-12, -4.672610e-13, -4.672349e-13, 4.490864e-12
117.400000, -3.478627e-12, -7.320473e-13, -7.320210e-13, 3.959714e-12
117.500000, -2.873260e-12, -4.213547e-13, -4.213281e-13, 4.515134e-12
117.600000, -3.519584e-12, -6.875897e-13, -6.875630e-13, 3.929431e-12
117.700000, -2.859286e-12, -3.823919e-13, -3.823650e-13, 4.428571e-12
117.800000, -3.448754e-12, -6.497195e-13, -6.496925e-13, 3.801433e-12
117.900000, -2.747202e-12, -3.495990e-13, -3.495718e-13, 4.256721e-12
118.000000, -3.292276e-12, -6.176658e-13, -6.176384e-13, 3.599308e-12
118.100000, -2.561974e-12, -3.221316e-13, -3.221042e-13, 4.022425e-12
118.200000, -3.074989e-12, -5.903954e-13, -5.903678e-13, 3.347189e-12
118.300000, -2.327273e-12, -2.988881e-13, -2.988604e-13, 3.749319e-12
118.400000, -2.819557e-12, -5.667211e-13, -5.666934e-13, 3.065894e-12
118.500000, -2.065972e-12, -2.785855e-13, -2.785578e-13, 3.455891e-12
118.600000, -2.547833e-12, -5.455051e-13, -5.454773e-13, 2.771992e-12
118.700000, -1.797059e-12, -2.602994e-13, -2.602715e-13, 3.157360e-12
118.800000, -2.276595e-12, -5.259446e-13, -5.259168e-13, 2.480758e-12
118.900000, -1.536466e-12, -2.432473e-13, -2.432195e-13, 2.868648e-12
119.000000, -2.021209e-12, -5.072790e-13, -5.072512e-13, 2.204939e-12
119.100000, -1.297674e-12, -2.268251e-13, -2.267974e-13, 2.600306e-12
119.200000, -1.792113e-12, -4.891028e-13, -4.890751e-13, 1.954425e-12
119.300000, -1.088746e-12, -2.107700e-13, -2.107424e-13, 2.361388e-12
119.400000, -1.595909e-12, -4.711838e-13, -4.711562e-13, 1.735806e-12
119.500000, -9.154434e-13, -1.948657e-13, -1.948383e-13, 2.156861e-12
119.600000, -1.438605e-12, -4.533253e-13, -4.532981e-13, 1.554390e-12
119.700000, -7.840941e-13, -1.788186e-13, -1.787914e-13, 1.991396e-12
119.800000, -1.324300e-12, -4.351800e-13, -4.351531e-13, 1.412451e-12
119.900000, -6.950296e-13, -1.624112e-13, -1.623844e-13, 1.864995e-12
120.000000, -1.251445e-12, -4.166912e-13, -4.166647e-13, 1.309119e-12
120.100000, -6.462547e-13, -1.457038e-13, -1.456775e-13, 1.776921e-12
120.200000, -1.217025e-12, -3.981127e-13, -3.980867e-13, 1.242686e-12
120.300000, -6.340231e-13, -1.290580e-13, -1.290322e-13, 1.723489e-12
120.400000, -1.217981e-12, -3.795575e-13, -3.795320e-13, 1.209073e-12
120.500000, -6.548721e-13, -1.123850e-13, -1.123598e-13, 1.701556e-12
120.600000, -1.248047e-12, -3.612378e-13, -3.612130e-13, 1.204612e-12
120.700000, -7.010024e-13, -9.615356e-14, -9.612905e-14, 1.705314e-12
120.800000, -1.301188e-12, -3.433355e-13, -3.433114e-13, 1.222472e-12
120.900000, -7.681263e-13, -8.031129e-14, -8.028754e-14, 1.728625e-12
121.000000, -1.371638e-12, -3.260298e-13, -3.260065e-13, 1.257232e-12
121.100000, -8.474758e-13, -6.526353e-14, -6.524059e-14, 1.766119e-12
121.200000, -1.450140e-12, -3.095895e-13, -3.095670e-13, 1.302852e-12
121.300000, -9.319828e-13, -5.111758e-14, -5.109551e-14, 1.811321e-12
121.400000, -1.531528e-12, -2.941660e-13, -2.941444e-13, 1.353370e-12
121.500000, -1.017203e-12, -3.799262e-14, -3.797147e-14, 1.858705e-12
121.600000, -1.610680e-12, -2.798640e-13, -2.798434e-13, 1.403883e-12
121.700000, -1.096847e-12, -2.615822e-14, -2.613808e-14, 1.904746e-12
121.800000, -1.682097e-12, -2.669099e-13, -2.668903e-13, 1.451353e-12
121.900000, -1.167227e-12, -1.569845e-14, -1.567933e-14, 1.945680e-12
122.000000, -1.742577e-12, -2.554995e-13, -2.554809e-13, 1.492176e-12
122.100000, -1.224878e-12, -6.864203e-15, -6.846154e-15, 1.978331e-12
122.200000, -1.789547e-12, -2.457354e-13, -2.457179e-13, 1.522698e-12
122.300000, -1.268365e-12, 3.474270e-16, 3.643432e-16, 1.999789e-12
122.400000, -1.820938e-12, -2.376555e-13, -2.376391e-13, 1.541629e-12
122.500000, -1.295173e-12, 5.795806e-15, 5.811577e-15, 2.008866e-12
122.600000, -1.835402e-12, -2.314569e-13, -2.314417e-13, 1.547442e-12
122.700000, -1.304939e-12, 9.374528e-15, 9.389051e-15, 2.004825e-12
122.800000, -1.832236e-12, -2.271088e-13, -2.270949e-13, 1.540474e-12
122.900000, -1.296648e-12, 1.105274e-14, 1.106602e-14, 1.987943e-12
123.000000, -1.811971e-12, -2.246698e-13, -2.246572e-13, 1.520217e-12
123.100000, -1.271855e-12, 1.091638e-14, 1.092839e-14, 1.958149e-12
123.200000, -1.775660e-12, -2.239259e-13, -2.239145e-13, 1.487972e-12
123.300000, -1.232184e-12, 9.287009e-15, 9.297658e-15, 1.917321e-12
123.400000, -1.724954e-12, -2.246418e-13, -2.246318e-13, 1.445487e-12
123.500000, -1.178338e-12, 6.180744e-15, 6.190045e-15, 1.866828e-12
123.600000, -1.661472e-12, -2.267870e-13, -2.267784e-13, 1.393880e-12
123.700000, -1.113342e-12, 1.747099e-15, 1.755020e-15, 1.808159e-12
123.800000, -1.588424e-12, -2.301630e-13, -2.301558e-13, 1.335211e-12
123.900000, -1.039795e-12, -3.814249e-15, -3.807691e-15, 1.743391e-12
124.000000, -1.507061e-12, -2.346470e-13, -2.346411e-13, 1.270959e-12
124.100000, -9.582814e-13, -1.040941e-14, -1.040430e-14, 1.673760e-12
124.200000, -1.419201e-12, -2.400951e-13, -2.400907e-13, 1.202667e-12
124.300000, -8.722163e-13, -1.784476e-14, -1.784112e-14, 1.600716e-12
124.400000, -1.328398e-12, -2.462102e-13, -2.462072e-13, 1.131744e-12
124.500000, -7.848835e-13, -2.571910e-14, -2.571686e-14, 1.526147e-12
124.600000, -1.238055e-12, -2.525562e-13, -2.525547e-13, 1.060332e-12
124.700000, -6.986010e-13, -3.364765e-14, -3.364679e-14, 1.452229e-12
124.800000, -1.148819e-12, -2.589699e-13, -2.589697e-13, 9.902102e-13
124.900000, -6.137959e-13, -4.161381e-14, -4.161437e-14, 1.380055e-12
125.000000, -1.062223e-12, -2.652196e-13, -2.652209e-13, 9.224079e-13
125.100000, -5.327390e-13, -4.924632e-14, -4.924836e-14, 1.310633e-12
125.200000, -9.798775e-13, -2.711149e-13, -2.711177e-13, 8.578584e-13
125.300000, -4.564791e-13, -5.641070e-14, -5.641413e-14, 1.245136e-12
125.400000, -9.034838e-13, -2.764326e-13, -2.764368e-13, 7.977610e-13
125.500000, -3.869851e-13, -6.291985e-14, -6.292467e-14, 1.184621e-12
125.600000, -8.340916e-13, -2.810826e-13, -2.810882e-13, 7.426615e-13
125.700000, -3.243885e-13, -6.873663e-14, -6.874284e-14, 1.129103e-12
125.800000, -7.714774e-13, -2.850070e-13, -2.850139e-13, 6.926079e-13
125.900000, -2.688764e-13, -7.373636e-14, -7.374396e-14, 1.078557e-12
126.000000, -7.162911e-13, -2.880811e-13, -2.880894e-13, 6.475960e-13
126.100000, -2.207453e-13, -7.791802e-14, -7.792700e-14, 1.033265e-12
126.200000, -6.682428e-13, -2.904610e-13, -2.904706e-13, 6.077872e-13
126.300000, -1.791498e-13, -8.149293e-14, -8.150330e-14, 9.929513e-13
126.400000, -6.264877e-13, -2.922922e-13, -2.923032e-13, 5.726103e-13
126.500000, -1.434814e-13, -8.449644e-14, -8.450813e-14, 9.571274e-13
126.600000, -5.902157e-13, -2.935339e-13, -2.935463e-13, 5.420122e-13
126.700000, -1.131480e-13, -8.692023e-14, -8.693327e-14, 9.259072e-13
126.800000, -5.589026e-13, -2.942578e-13, -2.942715e-13, 5.154671e-13
126.900000, -8.680273e-14, -8.890764e-14, -8.892197e-14, 8.979327e-13
127.000000, -5.306717e-13, -2.946622e-13, -2.946773e-13, 4.917561e-13
127.100000, -6.307719e-14, -9.063970e-14, -9.065532e-14, 8.729924e-13
127.200000, -5.052126e-13, -2.948734e-13, -2.948897e-13, 4.709521e-13
127.300000, -4.223537e-14, -9.217289e-14, -9.218980e-14, 8.505626e-13
127.400000, -4.823771e-13, -2.948987e-13, -2.949162e-13, 4.523392e-13
127.500000, -2.342698e-14, -9.355328e-14, -9.357138e-14, 8.298032e-13
127.600000, -4.610128e-13, -2.948409e-13, -2.948596e-13, 4.347037e-13
127.700000, -5.571940e-15, -9.488273e-14, -9.490203e-14, 8.097248e-13
127.800000, -4.403622e-13, -2.947729e-13, -2.947928e-13, 4.174520e-13
127.900000, 1.162290e-14, -9.618072e-14, -9.620120e-14, 7.896936e-13
128.000000, -4.204361e-13, -2.946376e-13, -2.946586e-13, 4.000494e-13
128.100000, 2.845453e-14, -9.738439e-14, -9.740593e-14, 7.694938e-13
128.200000, -4.003959e-13, -2.944039e-13, -2.944260e-13, 3.824561e-13
128.300000, 4.536818e-14, -9.842089e-14, -9.844349e-14, 7.490013e-13
128.400000, -3.800706e-13, -2.939392e-13, -2.939624e-13, 3.643074e-13
128.500000, 6.304668e-14, -9.914610e-14, -9.916967e-14, 7.277283e-13
128.600000, -3.593385e-13, -2.931173e-13, -2.931414e-13, 3.452644e-13
128.700000, 8.078102e-14, -9.945199e-14, -9.947656e-14, 7.056274e-13
128.800000, -3.384455e-13, -2.918333e-13, -2.918583e-13, 3.253911e-13
128.900000, 9.868950e-14, -9.923816e-14, -9.926364e-14, 6.827906e-13
129.000000, -3.175535e-13, -2.900274e-13, -2.900532e-13, 3.048132e-13
129.100000, 1.167421e-13, -9.850899e-14, -9.853530e-14, 6.592433e-13
129.200000, -2.964586e-13, -2.876944e-13, -2.877211e-13, 2.833947e-13
129.300000, 1.348008e-13, -9.716066e-14, -9.718780e-14, 6.349509e-13
129.400000, -2.757059e-13, -2.847139e-13, -2.847415e-13, 2.613523e-13
129.500000, 1.524874e-13, -9.523513e-14, -9.526302e-14, 6.100170e-13
129.600000, -2.552589e-13, -2.812523e-13, -2.812806e-13, 2.387319e-13
129.700000, 1.698063e-13, -9.281323e-14, -9.284184e-14, 5.845485e-13
129.800000, -2.353697e-13, -2.772926e-13, -2.773216e-13, 2.154477e-13
129.900000, 1.863522e-13, -8.991666e-14, -8.994596e-14, 5.585877e-13
130.000000, -2.163251e-13, -2.728925e-13, -2.729222e-13, 1.919817e-13
130.100000, 2.021131e-13, -8.657247e-14, -8.660235e-14, 5.325814e-13
130.200000, -1.981372e-13, -2.680504e-13, -2.680807e-13, 1.685095e-13
130.300000, 2.170044e-13, -8.278779e-14, -8.281830e-14, 5.068062e-13
130.400000, -1.808867e-13, -2.628366e-13, -2.628674e-13, 1.454530e-13
130.500000, 2.310464e-13, -7.874375e-14, -7.877478e-14, 4.816355e-13
130.600000, -1.644507e-13, -2.574607e-13, -2.574919e-13, 1.232242e-13
130.700000, 2.441370e-13, -7.453167e-14, -7.456319e-14, 4.574362e-13
130.800000, -1.493518e-13, -2.519349e-13, -2.519666e-13, 1.018455e-13
130.900000, 2.556017e-13, -7.018770e-14, -7.021968e-14, 4.340977e-13
131.000000, -1.358149e-13, -2.463198e-13, -2.463519e-13, 8.142133e-14
131.100000, 2.657773e-13, -6.577484e-14, -6.580719e-14, 4.118853e-13
131.200000, -1.235200e-13, -2.406418e-13, -2.406742e-13, 6.225474e-14
131.300000, 2.747850e-13, -6.130686e-14, -6.133947e-14, 3.909693e-13
131.400000, -1.125533e-13, -2.349663e-13, -2.349990e-13, 4.445728e-14
131.500000, 2.821525e-13, -5.685966e-14, -5.689251e-14, 3.715363e-13
131.600000, -1.032250e-13, -2.293572e-13, -2.293902e-13, 2.806592e-14
131.700000, 2.880413e-13, -5.249829e-14, -5.253129e-14, 3.535110e-13
131.800000, -9.533076e-14, -2.238290e-13, -2.238621e-13, 1.305820e-14
131.900000, 2.927033e-13, -4.819947e-14, -4.823259e-14, 3.368970e-13
132.000000, -8.863203e-14, -2.183583e-13, -2.183915e-13, -4.530251e-16
132.100000, 2.960343e-13, -4.391202e-14, -4.394522e-14, 3.218311e-13
132.200000, -8.337230e-14, -2.128798e-13, -2.129130e-13, -1.244394e-14
132.300000, 2.979365e-13, -3.962680e-14, -3.966002e-14, 3.082864e-13
132.400000, -7.960593e-14, -2.074451e-13, -2.074783e-13, -2.300587e-14
132.500000, 2.982613e-13, -3.536460e-14, -3.539777e-14, 2.961455e-13
132.600000, -7.755608e-14, -2.020097e-13, -2.020428e-13, -3.219496e-14
132.700000, 2.969274e-13, -3.106818e-14, -3.110126e-14, 2.853689e-13
132.800000, -7.703325e-14, -1.965354e-13, -1.965684e-13, -4.018387e-14
132.900000, 2.942346e-13, -2.673664e-14, -2.676954e-14, 2.755905e-13
133.000000, -7.772002e-14, -1.910556e-13, -1.910884e-13, -4.715056e-14
133.100000, 2.903192e-13, -2.239424e-14, -2.242702e-14, 2.669995e-13
133.200000, -7.980439e-14, -1.855784e-13, -1.856111e-13, -5.306666e-14
133.300000, 2.851708e-13, -1.807380e-14, -1.810635e-14, 2.591811e-13
133.400000, -8.275528e-14, -1.801386e-13, -1.801711e-13, -5.838191e-14
133.500000, 2.794088e-13, -1.375685e-14, -1.378920e-14, 2.520931e-13
133.600000, -8.630262e-14, -1.747013e-13, -1.747336e-13, -6.286491e-14
133.700000, 2.731936e-13, -9.448636e-15, -9.480821e-15, 2.457884e-13
133.800000, -9.018029e-14, -1.693064e-13, -1.693384e-13, -6.675336e-14
133.900000, 2.665756e-13, -5.191577e-15, -5.223452e-15, 2.398822e-13
134.000000, -9.462284e-14, -1.639559e-13, -1.639876e-13, -7.030728e-14
134.100000, 2.594453e-13, -9.784303e-16, -1.010073e-15, 2.344314e-13
134.200000, -9.937043e-14, -1.587029e-13, -1.587344e-13, -7.348580e-14
134.300000, 2.522350e-13, 3.134099e-15, 3.102763e-15, 2.292585e-13
134.400000, -1.041342e-13, -1.535530e-13, -1.535842e-13, -7.636728e-14
134.500000, 2.450852e-13, 7.137566e-15, 7.106519e-15, 2.244297e-13
134.600000, -1.088398e-13, -1.485308e-13, -1.485617e-13, -7.892355e-14
134.700000, 2.380683e-13, 1.100793e-14, 1.097720e-14, 2.199563e-13
134.800000, -1.133271e-13, -1.436524e-13, -1.436830e-13, -8.109786e-14
134.900000, 2.313424e-13, 1.475148e-14, 1.472112e-14, 2.158967e-13
135.000000, -1.175414e-13, -1.389151e-13, -1.389453e-13, -8.296436e-14
135.100000, 2.248551e-13, 1.834777e-14, 1.831776e-14, 2.121507e-13
135.200000, -1.215259e-13, -1.343359e-13, -1.343657e-13, -8.453346e-14
135.300000, 2.186517e-13, 2.180201e-14, 2.177243e-14, 2.085412e-13
135.400000, -1.252388e-13, -1.299076e-13, -1.299369e-13, -8.614043e-14
135.500000, 2.127010e-13, 2.510479e-14, 2.507561e-14, 2.048863e-13
135.600000, -1.287882e-13, -1.256413e-13, -1.256702e-13, -8.773620e-14
135.700000, 2.069168e-13, 2.825260e-14, 2.822389e-14, 2.012901e-13
135.800000, -1.321522e-13, -1.215349e-13, -1.215634e-13, -8.930105e-14
135.900000, 2.013733e-13, 3.124359e-14, 3.121531e-14, 1.977058e-13
136.000000, -1.352577e-13, -1.175905e-13, -1.176185e-13, -9.085783e-14
136.100000, 1.960770e-13, 3.408820e-14, 3.406041e-14, 1.942004e-13
136.200000, -1.382344e-13, -1.137918e-13, -1.138193e-13, -9.233144e-14
136.300000, 1.908881e-13, 3.681499e-14, 3.678767e-14, 1.908410e-13
136.400000, -1.411750e-13, -1.101046e-13, -1.101317e-13, -9.366850e-14
136.500000, 1.856357e-13, 3.944004e-14, 3.941320e-14, 1.876593e-13
136.600000, -1.442196e-13, -1.065247e-13, -1.065513e-13, -9.473777e-14
136.700000, 1.804088e-13, 4.195093e-14, 4.192449e-14, 1.847649e-13
136.800000, -1.470687e-13, -1.030979e-13, -1.031241e-13, -9.556157e-14
136.900000, 1.753675e-13, 4.430805e-14, 4.428208e-14, 1.821696e-13
137.000000, -1.499340e-13, -9.981534e-14, -9.984110e-14, -9.606592e-14
137.100000, 1.702699e-13, 4.653317e-14, 4.650764e-14, 1.798806e-13
137.200000, -1.528214e-13, -9.666864e-14, -9.669400e-14, -9.632022e-14
137.300000, 1.651830e-13, 4.863865e-14, 4.861351e-14, 1.778418e-13
137.400000, -1.557061e-13, -9.365595e-14, -9.368093e-14, -9.637652e-14
137.500000, 1.601636e-13, 5.059974e-14, 5.057496e-14, 1.759835e-13
137.600000, -1.585196e-13, -9.079554e-14, -9.082018e-14, -9.624360e-14
137.700000, 1.552847e-13, 5.240615e-14, 5.238172e-14, 1.743593e-13
137.800000, -1.611583e-13, -8.811496e-14, -8.813920e-14, -9.590927e-14
137.900000, 1.505177e-13, 5.404353e-14, 5.401942e-14, 1.729778e-13
138.000000, -1.637932e-13, -8.560369e-14, -8.562764e-14, -9.524688e-14
138.100000, 1.457765e-13, 5.550569e-14, 5.548191e-14, 1.719519e-13
138.200000, -1.663557e-13, -8.328586e-14, -8.330947e-14, -9.428979e-14
138.300000, 1.411748e-13, 5.679007e-14, 5.676659e-14, 1.711641e-13
138.400000, -1.687617e-13, -8.113695e-14, -8.116030e-14, -9.317125e-14
138.500000, 1.367291e-13, 5.792312e-14, 5.789993e-14, 1.705534e-13
138.600000, -1.710159e-13, -7.914658e-14, -7.916964e-14, -9.190060e-14
138.700000, 1.325112e-13, 5.889487e-14, 5.887196e-14, 1.700415e-13
138.800000, -1.729938e-13, -7.733106e-14, -7.735385e-14, -9.059663e-14
138.900000, 1.286754e-13, 5.969397e-14, 5.967130e-14, 1.695434e-13
139.000000, -1.746235e-13, -7.568429e-14, -7.570681e-14, -8.930285e-14
139.100000, 1.250848e-13, 6.035038e-14, 6.032797e-14, 1.690844e-13
139.200000, -1.760312e-13, -7.416981e-14, -7.419210e-14, -8.797811e-14
139.300000, 1.217368e-13, 6.089967e-14, 6.087749e-14, 1.686259e-13
139.400000, -1.772686e-13, -7.275990e-14, -7.278198e-14, -8.670071e-14
139.500000, 1.186143e-13, 6.133745e-14, 6.131552e-14, 1.680554e-13
139.600000, -1.782104e-13, -7.147523e-14, -7.149710e-14, -8.561488e-14
139.700000, 1.158223e-13, 6.167432e-14, 6.165256e-14, 1.673232e-13
139.800000, -1.788460e-13, -7.028000e-14, -7.030167e-14, -8.468884e-14
139.900000, 1.133114e-13, 6.193454e-14, 6.191297e-14, 1.664507e-13
140.000000, -1.792168e-13, -6.916013e-14, -6.918163e-14, -8.388504e-14
140.100000, 1.110971e-13, 6.213563e-14, 6.211424e-14, 1.654872e-13
140.200000, -1.792840e-13, -6.809641e-14, -6.811774e-14, -8.320234e-14
140.300000, 1.091923e-13, 6.229420e-14, 6.227300e-14, 1.643594e-13
140.400000, -1.791642e-13, -6.706934e-14, -6.709048e-14, -8.272833e-14
140.500000, 1.074243e-13, 6.243417e-14, 6.241310e-14, 1.630741e-13
140.600000, -1.789326e-13, -6.606353e-14, -6.608449e-14, -8.238022e-14
140.700000, 1.057614e-13, 6.255498e-14, 6.253415e-14, 1.616649e-13
140.800000, -1.785705e-13, -6.508990e-14, -6.511066e-14, -8.218720e-14
140.900000, 1.042707e-13, 6.264996e-14, 6.262929e-14, 1.601346e-13
141.000000, -1.780490e-13, -6.414411e-14, -6.416468e-14, -8.207699e-14
141.100000, 1.029651e-13, 6.272229e-14, 6.270183e-14, 1.585361e-13
141.200000, -1.773759e-13, -6.322748e-14, -6.324778e-14, -8.208001e-14
141.300000, 1.018135e-13, 6.277288e-14, 6.275265e-14, 1.568340e-13
141.400000, -1.765106e-13, -6.234074e-14, -6.236080e-14, -8.218592e-14
141.500000, 1.008827e-13, 6.279233e-14, 6.277233e-14, 1.550426e-13
141.600000, -1.754922e-13, -6.149121e-14, -6.151108e-14, -8.238743e-14
141.700000, 1.000895e-13, 6.278648e-14, 6.276676e-14, 1.531942e-13
141.800000, -1.743393e-13, -6.067196e-14, -6.069156e-14, -8.261106e-14
141.900000, 9.943146e-14, 6.275287e-14, 6.273348e-14, 1.513608e-13
142.000000, -1.730772e-13, -5.989147e-14, -5.991075e-14, -8.284364e-14
142.100000, 9.891092e-14, 6.267728e-14, 6.265820e-14, 1.494992e-13
142.200000, -1.716987e-13, -5.916673e-14, -5.918568e-14, -8.312162e-14
142.300000, 9.851527e-14, 6.254773e-14, 6.252894e-14, 1.476160e-13
142.400000, -1.701807e-13, -5.850205e-14, -5.852067e-14, -8.344819e-14
142.500000, 9.828868e-14, 6.236259e-14, 6.234415e-14, 1.456920e-13
142.600000, -1.685121e-13, -5.789694e-14, -5.791526e-14, -8.379126e-14
142.700000, 9.818278e-14, 6.212964e-14, 6.211149e-14, 1.437882e-13
142.800000, -1.667533e-13, -5.734406e-14, -5.736204e-14, -8.414089e-14
142.900000, 9.821517e-14, 6.184590e-14, 6.182802e-14, 1.418489e-13
143.000000, -1.648685e-13, -5.684596e-14, -5.686366e-14, -8.453285e-14
143.100000, 9.835328e-14, 6.151865e-14, 6.150108e-14, 1.399112e-13
143.200000, -1.629022e-13, -5.639296e-14, -5.641041e-14, -8.491516e-14
143.300000, 9.857695e-14, 6.115467e-14, 6.113736e-14, 1.380069e-13
143.400000, -1.608718e-13, -5.597721e-14, -5.599440e-14, -8.528621e-14
143.500000, 9.887264e-14, 6.076254e-14, 6.074548e-14, 1.361028e-13
143.600000, -1.587910e-13, -5.559316e-14, -5.561012e-14, -8.563816e-14
143.700000, 9.920249e-14, 6.034817e-14, 6.033133e-14, 1.342807e-13
143.800000, -1.567289e-13, -5.523051e-14, -5.524726e-14, -8.592174e-14
143.900000, 9.950767e-14, 5.992075e-14, 5.990410e-14, 1.325093e-13
144.000000, -1.546961e-13, -5.488738e-14, -5.490393e-14, -8.617913e-14
144.100000, 9.979507e-14, 5.948060e-14, 5.946415e-14, 1.307665e-13
144.200000, -1.527024e-13, -5.455555e-14, -5.457192e-14, -8.642626e-14
144.300000, 1.000556e-13, 5.903733e-14, 5.902105e-14, 1.290358e-13
144.400000, -1.507425e-13, -5.423182e-14, -5.424801e-14, -8.666033e-14
144.500000, 1.002796e-13, 5.859429e-14, 5.857817e-14, 1.273407e-13
144.600000, -1.488257e-13, -5.391012e-14, -5.392614e-14, -8.685914e-14
144.700000, 1.004819e-13, 5.815578e-14, 5.813979e-14, 1.257091e-13
144.800000, -1.469698e-13, -5.358513e-14, -5.360105e-14, -8.700576e-14
144.900000, 1.006135e-13, 5.772748e-14, 5.771163e-14, 1.241124e-13
145.000000, -1.451973e-13, -5.325623e-14, -5.327200e-14, -8.714044e-14
145.100000, 1.006892e-13, 5.730908e-14, 5.729337e-14, 1.225429e-13
145.200000, -1.434613e-13, -5.292009e-14, -5.293573e-14, -8.726509e-14
145.300000, 1.007406e-13, 5.690259e-14, 5.688705e-14, 1.209901e-13
145.400000, -1.417746e-13, -5.257756e-14, -5.259303e-14, -8.736922e-14
145.500000, 1.007570e-13, 5.651076e-14, 5.649537e-14, 1.194806e-13
145.600000, -1.401241e-13, -5.222255e-14, -5.223788e-14, -8.744512e-14
145.700000, 1.007507e-13, 5.613460e-14, 5.611936e-14, 1.179902e-13
145.800000, -1.385187e-13, -5.185828e-14, -5.187347e-14, -8.751402e-14
145.900000, 1.007001e-13, 5.577209e-14, 5.575701e-14, 1.165224e-13
146.000000, -1.369722e-13, -5.148507e-14, -5.150009e-14, -8.756417e-14
146.100000, 1.006070e-13, 5.542219e-14, 5.540725e-14, 1.150826e-13
146.200000, -1.354566e-13, -5.110566e-14, -5.112050e-14, -8.761591e-14
146.300000, 1.005019e-13, 5.508355e-14, 5.506880e-14, 1.136365e-13
146.400000, -1.339821e-13, -5.071934e-14, -5.073399e-14, -8.767118e-14
146.500000, 1.003551e-13, 5.475637e-14, 5.474182e-14, 1.122067e-13
146.600000, -1.325421e-13, -5.032638e-14, -5.034082e-14, -8.771626e-14
146.700000, 1.002039e-13, 5.444076e-14, 5.442640e-14, 1.108046e-13
146.800000, -1.311180e-13, -4.992531e-14, -4.993956e-14, -8.774082e-14
146.900000, 1.000319e-13, 5.413988e-14, 5.412573e-14, 1.094206e-13
147.000000, -1.297398e-13, -4.951222e-14, -4.952628e-14, -8.776868e-14
147.100000, 9.982103e-14, 5.385561e-14, 5.384167e-14, 1.080387e-13
147.200000, -1.284050e-13, -4.908900e-14, -4.910283e-14, -8.779815e-14
147.300000, 9.958239e-14, 5.358468e-14, 5.357099e-14, 1.066742e-13
147.400000, -1.271081e-13, -4.865702e-14, -4.867063e-14, -8.781701e-14
147.500000, 9.931872e-14, 5.332627e-14, 5.331277e-14, 1.053296e-13
147.600000, -1.258420e-13, -4.821790e-14, -4.823126e-14, -8.781828e-14
147.700000, 9.903312e-14, 5.307974e-14, 5.306650e-14, 1.040050e-13
147.800000, -1.246060e-13, -4.777119e-14, -4.778431e-14, -8.782106e-14
147.900000, 9.872498e-14, 5.284450e-14, 5.283150e-14, 1.026856e-13
148.000000, -1.234072e-13, -4.731852e-14, -4.733142e-14, -8.782742e-14
148.100000, 9.839291e-14, 5.261894e-14, 5.260615e-14, 1.013695e-13
148.200000, -1.222371e-13, -4.686047e-14, -4.687316e-14, -8.783881e-14
148.300000, 9.803897e-14, 5.240383e-14, 5.239127e-14, 1.000581e-13
148.400000, -1.211073e-13, -4.639566e-14, -4.640811e-14, -8.785229e-14
148.500000, 9.766015e-14, 5.219934e-14, 5.218700e-14, 9.875339e-14
148.600000, -1.199923e-13, -4.592632e-14, -4.593855e-14, -8.786508e-14
148.700000, 9.727884e-14, 5.200247e-14, 5.199031e-14, 9.746790e-14
148.800000, -1.189021e-13, -4.545397e-14, -4.546603e-14, -8.786285e-14
148.900000, 9.687918e-14, 5.181221e-14, 5.180022e-14, 9.619987e-14
149.000000, -1.178436e-13, -4.497978e-14, -4.499171e-14, -8.784817e-14
149.100000, 9.644947e-14, 5.162787e-14, 5.161605e-14, 9.496103e-14
149.200000, -1.168209e-13, -4.450406e-14, -4.451582e-14, -8.781510e-14
149.300000, 9.600167e-14, 5.144884e-14, 5.143717e-14, 9.374599e-14
149.400000, -1.158239e-13, -4.402739e-14, -4.403903e-14, -8.776205e-14
149.500000, 9.553551e-14, 5.127465e-14, 5.126307e-14, 9.256156e-14
149.600000, -1.148571e-13, -4.355064e-14, -4.356218e-14, -8.768854e-14
149.700000, 9.504716e-14, 5.110396e-14, 5.109247e-14, 9.140427e-14
149.800000, -1.139213e-13, -4.307533e-14, -4.308678e-14, -8.759300e-14
149.900000, 9.453365e-14, 5.093466e-14, 5.092327e-14, 9.028039e-14
150.000000, -1.130189e-13, -4.260405e-14, -4.261543e-14, -8.747206e-14
150.100000, 9.400337e-14, 5.076456e-14, 5.075322e-14, 8.918488e-14
150.200000, -1.121378e-13, -4.213764e-14, -4.214896e-14, -8.733611e-14
150.300000, 9.345759e-14, 5.059408e-14, 5.058276e-14, 8.811282e-14
150.400000, -1.112854e-13, -4.167524e-14, -4.168650e-14, -8.717752e-14
150.500000, 9.289503e-14, 5.042347e-14, 5.041220e-14, 8.707949e-14
150.600000, -1.104548e-13, -4.121707e-14, -4.122835e-14, -8.698732e-14
150.700000, 9.232034e-14, 5.025235e-14, 5.024107e-14, 8.607676e-14
150.800000, -1.096437e-13, -4.076352e-14, -4.077480e-14, -8.678329e-14
150.900000, 9.173480e-14, 5.008068e-14, 5.006941e-14, 8.509349e-14
151.000000, -1.088531e-13, -4.031428e-14, -4.032556e-14, -8.656349e-14
151.100000, 9.113993e-14, 4.990825e-14, 4.989699e-14, 8.413725e-14
151.200000, -1.080768e-13, -3.987017e-14, -3.988146e-14, -8.632338e-14
151.300000, 9.054051e-14, 4.973431e-14, 4.972302e-14, 8.320840e-14
151.400000, -1.073171e-13, -3.943159e-14, -3.944288e-14, -8.606610e-14
151.500000, 8.992944e-14, 4.955858e-14, 4.954726e-14, 8.230307e-14
151.600000, -1.065777e-13, -3.899844e-14, -3.900976e-14, -8.579105e-14
151.700000, 8.930712e-14, 4.938117e-14, 4.936982e-14, 8.142186e-14
151.800000, -1.058576e-13, -3.857085e-14, -3.858222e-14, -8.550255e-14
151.900000, 8.867397e-14, 4.920187e-14, 4.919050e-14, 8.055888e-14
152.000000, -1.051556e-13, -3.814890e-14, -3.816030e-14, -8.520399e-14
152.100000, 8.803372e-14, 4.902100e-14, 4.900959e-14, 7.971533e-14
152.200000, -1.044672e-13, -3.773185e-14, -3.774327e-14, -8.489140e-14
152.300000, 8.739046e-14, 4.883877e-14, 4.882734e-14, 7.888980e-14
152.400000, -1.037881e-13, -3.732025e-14, -3.733169e-14, -8.456981e-14
152.500000, 8.674560e-14, 4.865445e-14, 4.864299e-14, 7.808319e-14
152.600000, -1.031187e-13, -3.691457e-14, -3.692605e-14, -8.423708e-14
152.700000, 8.609746e-14, 4.846792e-14, 4.845645e-14, 7.729298e-14
152.800000, -1.024618e-13, -3.651446e-14, -3.652592e-14, -8.389410e-14
152.900000, 8.544772e-14, 4.827954e-14, 4.826806e-14, 7.651962e-14
153.000000, -1.018130e-13, -3.611991e-14, -3.613138e-14, -8.354255e-14
153.100000, 8.479831e-14, 4.808903e-14, 4.807757e-14, 7.576244e-14
153.200000, -1.011716e-13, -3.573110e-14, -3.574253e-14, -8.318217e-14
153.300000, 8.414916e-14, 4.789630e-14, 4.788485e-14, 7.501859e-14
153.400000, -1.005350e-13, -3.534820e-14, -3.535963e-14, -8.281628e-14
153.500000, 8.350624e-14, 4.770078e-14, 4.768933e-14, 7.428667e-14
153.600000, -9.990021e-14, -3.497184e-14, -3.498327e-14, -8.244689e-14
153.700000, 8.286939e-14, 4.750216e-14, 4.749076e-14, 7.356492e-14
153.800000, -9.926678e-14, -3.460213e-14, -3.461353e-14, -8.207183e-14
153.900000, 8.223735e-14, 4.730031e-14, 4.728895e-14, 7.285781e-14
154.000000, -9.863730e-14, -3.423900e-14, -3.425034e-14, -8.168911e-14
154.100000, 8.160997e-14, 4.709547e-14, 4.708411e-14, 7.216521e-14
154.200000, -9.801039e-14, -3.388230e-14, -3.389363e-14, -8.129872e-14
154.300000, 8.098668e-14, 4.688745e-14, 4.687615e-14, 7.148463e-14
154.400000, -9.738796e-14, -3.353216e-14, -3.354348e-14, -8.090305e-14
154.500000, 8.036572e-14, 4.667631e-14, 4.666501e-14, 7.081692e-14
154.600000, -9.677039e-14, -3.318851e-14, -3.319981e-14, -8.050192e-14
154.700000, 7.974789e-14, 4.646212e-14, 4.645082e-14, 7.016076e-14
154.800000, -9.615726e-14, -3.285121e-14, -3.286252e-14, -8.009507e-14
154.900000, 7.913367e-14, 4.624477e-14, 4.623344e-14, 6.951747e-14
155.000000, -9.554708e-14, -3.252043e-14, -3.253178e-14, -7.968173e-14
155.100000, 7.852381e-14, 4.602416e-14, 4.601281e-14, 6.888640e-14
155.200000, -9.494037e-14, -3.219628e-14, -3.220766e-14, -7.926225e-14
155.300000, 7.791722e-14, 4.580022e-14, 4.578879e-14, 6.826929e-14
155.400000, -9.433841e-14, -3.187864e-14, -3.189011e-14, -7.883555e-14
155.500000, 7.731340e-14, 4.557300e-14, 4.556150e-14, 6.766419e-14
155.600000, -9.374006e-14, -3.156751e-14, -3.157908e-14, -7.840337e-14
155.700000, 7.671342e-14, 4.534254e-14, 4.533093e-14, 6.707130e-14
155.800000, -9.314452e-14, -3.126282e-14, -3.127450e-14, -7.796508e-14
155.900000, 7.611838e-14, 4.510871e-14, 4.509698e-14, 6.649055e-14
156.000000, -9.255073e-14, -3.096477e-14, -3.097657e-14, -7.752133e-14
156.100000, 7.552895e-14, 4.487137e-14, 4.485950e-14, 6.592108e-14
156.200000, -9.195864e-14, -3.067346e-14, -3.068540e-14, -7.707242e-14
156.300000, 7.494492e-14, 4.463032e-14, 4.461833e-14, 6.536266e-14
156.400000, -9.136753e-14, -3.038900e-14, -3.040108e-14, -7.661870e-14
156.500000, 7.436746e-14, 4.438561e-14, 4.437347e-14, 6.481600e-14
156.600000, -9.077626e-14, -3.011125e-14, -3.012344e-14, -7.615837e-14
156.700000, 7.379701e-14, 4.413731e-14, 4.412504e-14, 6.428157e-14
156.800000, -9.018508e-14, -2.984015e-14, -2.985247e-14, -7.569275e-14
156.900000, 7.323348e-14, 4.388548e-14, 4.387311e-14, 6.375776e-14
157.000000, -8.959379e-14, -2.957555e-14, -2.958796e-14, -7.522278e-14
157.100000, 7.267669e-14, 4.363021e-14, 4.361775e-14, 6.324401e-14
157.200000, -8.900263e-14, -2.931736e-14, -2.932986e-14, -7.474906e-14
157.300000, 7.212641e-14, 4.337164e-14, 4.335912e-14, 6.273964e-14
157.400000, -8.841180e-14, -2.906538e-14, -2.907792e-14, -7.427170e-14
157.500000, 7.158220e-14, 4.310992e-14, 4.309739e-14, 6.224466e-14
157.600000, -8.782137e-14, -2.881944e-14, -2.883197e-14, -7.379132e-14
157.700000, 7.104486e-14, 4.284526e-14, 4.283276e-14, 6.175766e-14
157.800000, -8.723045e-14, -2.857928e-14, -2.859178e-14, -7.330923e-14
157.900000, 7.051445e-14, 4.257785e-14, 4.256541e-14, 6.127790e-14
158.000000, -8.663951e-14, -2.834468e-14, -2.835708e-14, -7.282585e-14
158.100000, 6.999045e-14, 4.230804e-14, 4.229568e-14, 6.080482e-14
158.200000, -8.604852e-14, -2.811518e-14, -2.812749e-14, -7.234166e-14
158.300000, 6.947286e-14, 4.203616e-14, 4.202392e-14, 6.033816e-14
158.400000, -8.545792e-14, -2.789046e-14, -2.790262e-14, -7.185687e-14
158.500000, 6.896126e-14, 4.176251e-14, 4.175044e-14, 5.987718e-14
158.600000, -8.486739e-14, -2.767024e-14, -2.768222e-14, -7.137229e-14
158.700000, 6.845619e-14, 4.148735e-14, 4.147549e-14, 5.942153e-14
158.800000, -8.427677e-14, -2.745429e-14, -2.746605e-14, -7.088799e-14
158.900000, 6.795730e-14, 4.121085e-14, 4.119922e-14, 5.897071e-14
159.000000, -8.368621e-14, -2.724237e-14, -2.725385e-14, -7.040469e-14
159.100000, 6.746480e-14, 4.093325e-14, 4.092191e-14, 5.852421e-14
159.200000, -8.309555e-14, -2.703425e-14, -2.704542e-14, -6.992255e-14
159.300000, 6.697850e-14, 4.065471e-14, 4.064370e-14, 5.808193e-14
159.400000, -8.250491e-14, -2.682973e-14, -2.684056e-14, -6.944163e-14
159.500000, 6.649834e-14, 4.037543e-14, 4.036476e-14, 5.764371e-14
159.600000, -8.191437e-14, -2.662869e-14, -2.663914e-14, -6.896214e-14
159.700000, 6.602414e-14, 4.009540e-14, 4.008516e-14, 5.720930e-14
159.800000, -8.132402e-14, -2.643102e-14, -2.644104e-14, -6.848418e-14
159.900000, 6.555566e-14, 3.981482e-14, 3.980502e-14, 5.677865e-14
160.000000, -8.073416e-14, -2.623660e-14, -2.624618e-14, -6.800774e-14
160.100000, 6.509265e-14, 3.953371e-14, 3.952439e-14, 5.635172e-14
160.200000, -8.014495e-14, -2.604535e-14, -2.605442e-14, -6.753273e-14
160.300000, 6.463481e-14, 3.925215e-14, 3.924334e-14, 5.592850e-14
160.400000, -7.955659e-14, -2.585713e-14, -2.586566e-14, -6.705928e-14
160.500000, 6.418190e-14, 3.897029e-14, 3.896205e-14, 5.550893e-14
160.600000, -7.896930e-14, -2.567185e-14, -2.567982e-14, -6.658721e-14
160.700000, 6.373386e-14, 3.868816e-14, 3.868045e-14, 5.509303e-14
160.800000, -7.838306e-14, -2.548938e-14, -2.549677e-14, -6.611669e-14
160.900000, 6.329046e-14, 3.840589e-14, 3.839877e-14, 5.468067e-14
161.000000, -7.779802e-14, -2.530957e-14, -2.531637e-14, -6.564763e-14
161.100000, 6.285159e-14, 3.812362e-14, 3.811712e-14, 5.427189e-14
161.200000, -7.721441e-14, -2.513234e-14, -2.513852e-14, -6.517998e-14
161.300000, 6.241693e-14, 3.784138e-14, 3.783550e-14, 5.386678e-14
161.400000, -7.663230e-14, -2.495751e-14, -2.496309e-14, -6.471363e-14
161.500000, 6.198639e-14, 3.755934e-14, 3.755409e-14, 5.346521e-14
161.600000, -7.605184e-14, -2.478498e-14, -2.478994e-14, -6.424870e-14
161.700000, 6.155979e-14, 3.727759e-14, 3.727296e-14, 5.306715e-14
161.800000, -7.547319e-14, -2.461469e-14, -2.461899e-14, -6.378514e-14
161.900000, 6.113689e-14, 3.699615e-14, 3.699218e-14, 5.267256e-14
162.000000, -7.489643e-14, -2.444651e-14, -2.445016e-14, -6.332299e-14
162.100000, 6.071761e-14, 3.671517e-14, 3.671186e-14, 5.228142e-14
162.200000, -7.432172e-14, -2.428030e-14, -2.428328e-14, -6.286226e-14
162.300000, 6.030172e-14, 3.643470e-14, 3.643206e-14, 5.189357e-14
162.400000, -7.374917e-14, -2.411602e-14, -2.411831e-14, -6.240306e-14
162.500000, 5.988904e-14, 3.615478e-14, 3.615286e-14, 5.150889e-14
162.600000, -7.317891e-14, -2.395355e-14, -2.395514e-14, -6.194545e-14
162.700000, 5.947949e-14, 3.587556e-14, 3.587433e-14, 5.112728e-14
162.800000, -7.261101e-14, -2.379280e-14, -2.379368e-14, -6.148952e-14
162.900000, 5.907288e-14, 3.559707e-14, 3.559656e-14, 5.074864e-14
163.000000, -7.204556e-14, -2.363365e-14, -2.363377e-14, -6.103532e-14
163.100000, 5.866912e-14, 3.531943e-14, 3.531971e-14, 5.037297e-14
163.200000, -7.148269e-14, -2.347602e-14, -2.347533e-14, -6.058283e-14
163.300000, 5.826801e-14, 3.504270e-14, 3.504379e-14, 5.000004e-14
163.400000, -7.092251e-14, -2.331981e-14, -2.331828e-14, -6.013225e-14
163.500000, 5.786941e-14, 3.476691e-14, 3.476887e-14, 4.962973e-14
163.600000, -7.036510e-14, -2.316487e-14, -2.316247e-14, -5.968359e-14
163.700000, 5.747324e-14, 3.449227e-14, 3.449514e-14, 4.926200e-14
163.800000, -6.981052e-14, -2.301118e-14, -2.300785e-14, -5.923696e-14
163.900000, 5.707933e-14, 3.421874e-14, 3.422254e-14, 4.889671e-14
164.000000, -6.925886e-14, -2.285859e-14, -2.285429e-14, -5.879238e-14
164.100000, 5.668763e-14, 3.394642e-14, 3.395120e-14, 4.853374e-14
164.200000, -6.871012e-14, -2.270704e-14, -2.270176e-14, -5.834994e-14
164.300000, 5.629801e-14, 3.367538e-14, 3.368117e-14, 4.817307e-14
164.400000, -6.816444e-14, -2.255646e-14, -2.255016e-14, -5.790966e-14
164.500000, 5.591045e-14, 3.340570e-14, 3.341251e-14, 4.781459e-14
164.600000, -6.762184e-14, -2.240678e-14, -2.239946e-14, -5.747161e-14
164.700000, 5.552471e-14, 3.313736e-14, 3.314518e-14, 4.745820e-14
164.800000, -6.708236e-14, -2.225794e-14, -2.224959e-14, -5.703578e-14
164.900000, 5.514087e-14, 3.287045e-14, 3.287934e-14, 4.710395e-14
165.000000, -6.654604e-14, -2.210985e-14, -2.210048e-14, -5.660214e-14
165.100000, 5.475875e-14, 3.260504e-14, 3.261491e-14, 4.675172e-14
165.200000, -6.601286e-14, -2.196247e-14, -2.195207e-14, -5.617074e-14
165.300000, 5.437840e-14, 3.234116e-14, 3.235204e-14, 4.640155e-14
165.400000, -6.548286e-14, -2.181576e-14, -2.180437e-14, -5.574156e-14
165.500000, 5.399969e-14, 3.207876e-14, 3.209062e-14, 4.605336e-14
165.600000, -6.495603e-14, -2.166966e-14, -2.165730e-14, -5.531455e-14
165.700000, 5.362264e-14, 3.181795e-14, 3.183076e-14, 4.570716e-14
165.800000, -6.443238e-14, -2.152416e-14, -2.151086e-14, -5.488972e-14
165.900000, 5.324720e-14, 3.155869e-14, 3.157245e-14, 4.536299e-14
166.000000, -6.391191e-14, -2.137920e-14, -2.136500e-14, -5.446699e-14
166.100000, 5.287328e-14, 3.130100e-14, 3.131563e-14, 4.502080e-14
166.200000, -6.339465e-14, -2.123484e-14, -2.121974e-14, -5.404638e-14
166.300000, 5.250089e-14, 3.104484e-14, 3.106037e-14, 4.468061e-14
166.400000, -6.288060e-14, -2.109100e-14, -2.107505e-14, -5.362783e-14
166.500000, 5.212991e-14, 3.079022e-14, 3.080662e-14, 4.434238e-14
166.600000, -6.236976e-14, -2.094774e-14, -2.093095e-14, -5.321134e-14
166.700000, 5.176035e-14, 3.053715e-14, 3.055434e-14, 4.400613e-14
166.800000, -6.186212e-14, -2.080502e-14, -2.078741e-14, -5.279690e-14
166.900000, 5.139217e-14, 3.028556e-14, 3.030354e-14, 4.367181e-14
167.000000, -6.135773e-14, -2.066286e-14, -2.064446e-14, -5.238446e-14
167.100000, 5.102531e-14, 3.003546e-14, 3.005423e-14, 4.333944e-14
167.200000, -6.085656e-14, -2.052124e-14, -2.050209e-14, -5.197403e-14
167.300000, 5.065977e-14, 2.978684e-14, 2.980638e-14, 4.300901e-14
167.400000, -6.035861e-14, -2.038021e-14, -2.036027e-14, -5.156558e-14
167.500000, 5.029549e-14, 2.953969e-14, 2.955998e-14, 4.268050e-14
167.600000, -5.986385e-14, -2.023965e-14, -2.021900e-14, -5.115909e-14
167.700000, 4.993248e-14, 2.929403e-14, 2.931505e-14, 4.235391e-14
167.800000, -5.937228e-14, -2.009962e-14, -2.007823e-14, -5.075450e-14
167.900000, 4.957072e-14, 2.904984e-14, 2.907154e-14, 4.202921e-14
168.000000, -5.888382e-14, -1.996007e-14, -1.993800e-14, -5.035183e-14
168.100000, 4.921023e-14, 2.880715e-14, 2.882955e-14, 4.170643e-14
168.200000, -5.839851e-14, -1.982099e-14, -1.979826e-14, -4.995104e-14
168.300000, 4.885094e-14, 2.856593e-14, 2.858901e-14, 4.138553e-14
168.400000, -5.791627e-14, -1.968238e-14, -1.965898e-14, -4.955212e-14
168.500000, 4.849295e-14, 2.832621e-14, 2.834993e-14, 4.106652e-14
168.600000, -5.743711e-14, -1.954421e-14, -1.952018e-14, -4.915504e-14
168.700000, 4.813612e-14, 2.808793e-14, 2.811228e-14, 4.074934e-14
168.800000, -5.696100e-14, -1.940651e-14, -1.938186e-14, -4.875984e-14
168.900000, 4.778051e-14, 2.785111e-14, 2.787608e-14, 4.043399e-14
169.000000, -5.648795e-14, -1.926927e-14, -1.924403e-14, -4.836649e-14
169.100000, 4.742609e-14, 2.761573e-14, 2.764126e-14, 4.012040e-14
169.200000, -5.601785e-14, -1.913247e-14, -1.910665e-14, -4.797500e-14
169.300000, 4.707285e-14, 2.738176e-14, 2.740783e-14, 3.980860e-14
169.400000, -5.555078e-14, -1.899615e-14, -1.896979e-14, -4.758538e-14
169.500000, 4.672082e-14, 2.714917e-14, 2.717579e-14, 3.949851e-14
169.600000, -5.508665e-14, -1.886027e-14, -1.883340e-14, -4.719763e-14
169.700000, 4.636995e-14, 2.691795e-14, 2.694510e-14, 3.919011e-14
169.800000, -5.462542e-14, -1.872489e-14, -1.869749e-14, -4.681173e-14
169.900000, 4.602026e-14, 2.668813e-14, 2.671576e-14, 3.888340e-14
170.000000, -5.416707e-14, -1.858996e-14, -1.856209e-14, -4.642766e-14
170.100000, 4.567174e-14, 2.645961e-14, 2.648773e-14, 3.857832e-14
170.200000, -5.371158e-14, -1.845551e-14, -1.842716e-14, -4.604549e-14
170.300000, 4.532445e-14, 2.623243e-14, 2.626101e-14, 3.827488e-14
170.400000, -5.325889e-14, -1.832154e-14, -1.829275e-14, -4.566515e-14
170.500000, 4.497833e-14, 2.600661e-14, 2.603561e-14, 3.797304e-14
170.600000, -5.280893e-14, -1.818801e-14, -1.815879e-14, -4.528664e-14
170.700000, 4.463347e-14, 2.578208e-14, 2.581149e-14, 3.767281e-14
170.800000, -5.236172e-14, -1.805493e-14, -1.802534e-14, -4.490994e-14
170.900000, 4.428981e-14, 2.555887e-14, 2.558866e-14, 3.737414e-14
171.000000, -5.191716e-14, -1.792228e-14, -1.789234e-14, -4.453504e-14
171.100000, 4.394743e-14, 2.533701e-14, 2.536713e-14, 3.707708e-14
171.200000, -5.147522e-14, -1.779008e-14, -1.775981e-14, -4.416194e-14
171.300000, 4.360629e-14, 2.511643e-14, 2.514683e-14, 3.678155e-14
171.400000, -5.103587e-14, -1.765826e-14, -1.762773e-14, -4.379059e-14
171.500000, 4.326643e-14, 2.489718e-14, 2.492782e-14, 3.648763e-14
171.600000, -5.059906e-14, -1.752687e-14, -1.749610e-14, -4.342097e-14
171.700000, 4.292787e-14, 2.467924e-14, 2.471009e-14, 3.619527e-14
171.800000, -5.016473e-14, -1.739586e-14, -1.736493e-14, -4.305308e-14
171.900000, 4.259056e-14, 2.446257e-14, 2.449358e-14, 3.590443e-14
172.000000, -4.973296e-14, -1.726529e-14, -1.723423e-14, -4.268693e-14
172.100000, 4.225449e-14, 2.424715e-14, 2.427828e-14, 3.561508e-14
172.200000, -4.930363e-14, -1.713515e-14, -1.710399e-14, -4.232248e-14
172.300000, 4.191966e-14, 2.403294e-14, 2.406414e-14, 3.532722e-14
172.400000, -4.887677e-14, -1.700548e-14, -1.697426e-14, -4.195981e-14
172.500000, 4.158612e-14, 2.381992e-14, 2.385117e-14, 3.504081e-14
172.600000, -4.845235e-14, -1.687629e-14, -1.684504e-14, -4.159887e-14
172.700000, 4.125371e-14, 2.360807e-14, 2.363931e-14, 3.475581e-14
172.800000, -4.803041e-14, -1.674756e-14, -1.671635e-14, -4.123967e-14
172.900000, 4.092254e-14, 2.339735e-14, 2.342855e-14, 3.447221e-14
173.000000, -4.761086e-14, -1.661938e-14, -1.658820e-14, -4.088223e-14
173.100000, 4.059258e-14, 2.318774e-14, 2.321887e-14, 3.418997e-14
173.200000, -4.719368e-14, -1.649165e-14, -1.646055e-14, -4.052649e-14
173.300000, 4.026383e-14, 2.297923e-14, 2.301028e-14, 3.390911e-14
173.400000, -4.677884e-14, -1.636444e-14, -1.633345e-14, -4.017250e-14
173.500000, 3.993631e-14, 2.277183e-14, 2.280276e-14, 3.362959e-14
173.600000, -4.636627e-14, -1.623769e-14, -1.620682e-14, -3.982015e-14
173.700000, 3.961003e-14, 2.256554e-14, 2.259633e-14, 3.335142e-14
173.800000, -4.595600e-14, -1.611141e-14, -1.608068e-14, -3.946951e-14
173.900000, 3.928507e-14, 2.236040e-14, 2.239103e-14, 3.307466e-14
174.000000, -4.554784e-14, -1.598553e-14, -1.595498e-14, -3.912045e-14
174.100000, 3.896137e-14, 2.215638e-14, 2.218684e-14, 3.279928e-14
174.200000, -4.514185e-14, -1.586008e-14, -1.582972e-14, -3.877302e-14
174.300000, 3.863901e-14, 2.195351e-14, 2.198377e-14, 3.252526e-14
174.400000, -4.473798e-14, -1.573500e-14, -1.570485e-14, -3.842714e-14
174.500000, 3.831794e-14, 2.175179e-14, 2.178181e-14, 3.225264e-14
174.600000, -4.433617e-14, -1.561030e-14, -1.558040e-14, -3.808284e-14
174.700000, 3.799817e-14, 2.155118e-14, 2.158095e-14, 3.198133e-14
174.800000, -4.393647e-14, -1.548603e-14, -1.545640e-14, -3.774014e-14
174.900000, 3.767967e-14, 2.135170e-14, 2.138118e-14, 3.171133e-14
175.000000, -4.353881e-14, -1.536216e-14, -1.533282e-14, -3.739903e-14
175.100000, 3.736243e-14, 2.115327e-14, 2.118243e-14, 3.144261e-14
175.200000, -4.314327e-14, -1.523870e-14, -1.520973e-14, -3.705955e-14
175.300000, 3.704643e-14, 2.095591e-14, 2.098472e-14, 3.117511e-14
175.400000, -4.274977e-14, -1.511568e-14, -1.508706e-14, -3.672165e-14
175.500000, 3.673162e-14, 2.075956e-14, 2.078800e-14, 3.090883e-14
175.600000, -4.235837e-14, -1.499312e-14, -1.496488e-14, -3.638542e-14
175.700000, 3.641803e-14, 2.056425e-14, 2.059227e-14, 3.064373e-14
175.800000, -4.196898e-14, -1.487100e-14, -1.484318e-14, -3.605079e-14
175.900000, 3.610561e-14, 2.036993e-14, 2.039752e-14, 3.037978e-14
176.000000, -4.158162e-14, -1.474930e-14, -1.472191e-14, -3.571777e-14
176.100000, 3.579436e-14, 2.017663e-14, 2.020375e-14, 3.011699e-14
176.200000, -4.119630e-14, -1.462805e-14, -1.460114e-14, -3.538638e-14
176.300000, 3.548430e-14, 1.998430e-14, 2.001095e-14, 2.985530e-14
176.400000, -4.081292e-14, -1.450719e-14, -1.448080e-14, -3.505658e-14
176.500000, 3.517546e-14, 1.979298e-14, 1.981915e-14, 2.959476e-14
176.600000, -4.043153e-14, -1.438681e-14, -1.436088e-14, -3.472841e-14
176.700000, 3.486777e-14, 1.960265e-14, 1.962830e-14, 2.933530e-14
176.800000, -4.005201e-14, -1.426679e-14, -1.424137e-14, -3.440178e-14
176.900000, 3.456129e-14, 1.941333e-14, 1.943845e-14, 2.907696e-14
177.000000, -3.967442e-14, -1.414716e-14, -1.412227e-14, -3.407677e-14
177.100000, 3.425602e-14, 1.922500e-14, 1.924962e-14, 2.881969e-14
177.200000, -3.929866e-14, -1.402789e-14, -1.400353e-14, -3.375327e-14
177.300000, 3.395194e-14, 1.903768e-14, 1.906177e-14, 2.856352e-14
177.400000, -3.892475e-14, -1.390899e-14, -1.388516e-14, -3.343132e-14
177.500000, 3.364909e-14, 1.885136e-14, 1.887493e-14, 2.830843e-14
177.600000, -3.855266e-14, -1.379045e-14, -1.376714e-14, -3.311091e-14
177.700000, 3.334740e-14, 1.866607e-14, 1.868909e-14, 2.805441e-14
177.800000, -3.818237e-14, -1.367224e-14, -1.364948e-14, -3.279203e-14
177.900000, 3.304691e-14, 1.848175e-14, 1.850425e-14, 2.780141e-14
178.000000, -3.781386e-14, -1.355437e-14, -1.353215e-14, -3.247463e-14
178.100000, 3.274757e-14, 1.829842e-14, 1.832035e-14, 2.754945e-14
178.200000, -3.744718e-14, -1.343688e-14, -1.341522e-14, -3.215882e-14
178.300000, 3.244936e-14, 1.811602e-14, 1.813741e-14, 2.729849e-14
178.400000, -3.708231e-14, -1.331975e-14, -1.329863e-14, -3.184453e-14
178.500000, 3.215224e-14, 1.793457e-14, 1.795540e-14, 2.704850e-14
178.600000, -3.671922e-14, -1.320299e-14, -1.318241e-14, -3.153175e-14
178.700000, 3.185624e-14, 1.775404e-14, 1.777434e-14, 2.679945e-14
178.800000, -3.635792e-14, -1.308662e-14, -1.306659e-14, -3.122054e-14
178.900000, 3.156130e-14, 1.757440e-14, 1.759416e-14, 2.655132e-14
179.000000, -3.599841e-14, -1.297062e-14, -1.295113e-14, -3.091086e-14
179.100000, 3.126743e-14, 1.739569e-14, 1.741491e-14, 2.630415e-14
179.200000, -3.564067e-14, -1.285499e-14, -1.283603e-14, -3.060267e-14
179.300000, 3.097464e-14, 1.721787e-14, 1.723658e-14, 2.605788e-14
179.400000, -3.528465e-14, -1.273970e-14, -1.272125e-14, -3.029598e-14
179.500000, 3.068295e-14, 1.704099e-14, 1.705919e-14, 2.581256e-14
179.600000, -3.493033e-14, -1.262472e-14, -1.260678e-14, -2.999077e-14
179.700000, 3.039230e-14, 1.686504e-14, 1.688272e-14, 2.556816e-14
179.800000, -3.457769e-14, -1.251008e-14, -1.249265e-14, -2.968701e-14
179.900000, 3.010278e-14, 1.669002e-14, 1.670723e-14, 2.532470e-14
180.000000, -3.422667e-14, -1.239571e-14, -1.237873e-14, -2.938464e-14
180.100000, 2.981436e-14, 1.651595e-14, 1.653267e-14, 2.508215e-14
180.200000, -3.387731e-14, -1.228163e-14, -1.226514e-14, -2.908374e-14
180.300000, 2.952699e-14, 1.634281e-14, 1.635908e-14, 2.484052e-14
180.400000, -3.352958e-14, -1.216784e-14, -1.215182e-14, -2.878428e-14
180.500000, 2.924071e-14, 1.617059e-14, 1.618639e-14, 2.459978e-14
180.600000, -3.318344e-14, -1.205432e-14, -1.203872e-14, -2.848617e-14
180.700000, 2.895549e-14, 1.599929e-14, 1.601464e-14, 2.435993e-14
180.800000, -3.283892e-14, -1.194109e-14, -1.192593e-14, -2.818952e-14
180.900000, 2.867128e-14, 1.582888e-14, 1.584381e-14, 2.412094e-14
181.000000, -3.249602e-14, -1.182816e-14, -1.181344e-14, -2.789429e-14
181.100000, 2.838810e-14, 1.565934e-14, 1.567386e-14, 2.388278e-14
181.200000, -3.215472e-14, -1.171552e-14, -1.170123e-14, -2.760047e-14
181.300000, 2.810590e-14, 1.549067e-14, 1.550478e-14, 2.364544e-14
181.400000, -3.181505e-14, -1.160320e-14, -1.158933e-14, -2.730810e-14
181.500000, 2.782467e-14, 1.532287e-14, 1.533656e-14, 2.340890e-14
181.600000, -3.147697e-14, -1.149121e-14, -1.147771e-14, -2.701711e-14
181.700000, 2.754438e-14, 1.515590e-14, 1.516920e-14, 2.317316e-14
181.800000, -3.114048e-14, -1.137948e-14, -1.136639e-14, -2.672754e-14
181.900000, 2.726506e-14, 1.498978e-14, 1.500269e-14, 2.293821e-14
182.000000, -3.080560e-14, -1.126807e-14, -1.125536e-14, -2.643936e-14
182.100000, 2.698668e-14, 1.482449e-14, 1.483702e-14, 2.270404e-14
182.200000, -3.047229e-14, -1.115696e-14, -1.114461e-14, -2.615255e-14
182.300000, 2.670923e-14, 1.466005e-14, 1.467220e-14, 2.247068e-14
182.400000, -3.014056e-14, -1.104614e-14, -1.103417e-14, -2.586711e-14
182.500000, 2.643269e-14, 1.449639e-14, 1.450818e-14, 2.223805e-14
182.600000, -2.981038e-14, -1.093562e-14, -1.092398e-14, -2.558303e-14
182.700000, 2.615705e-14, 1.433356e-14, 1.434502e-14, 2.200621e-14
182.800000, -2.948177e-14, -1.082538e-14, -1.081410e-14, -2.530032e-14
182.900000, 2.588231e-14, 1.417154e-14, 1.418266e-14, 2.177510e-14
183.000000, -2.915464e-14, -1.071543e-14, -1.070447e-14, -2.501893e-14
183.100000, 2.560846e-14, 1.401033e-14, 1.402112e-14, 2.154475e-14
183.200000, -2.882906e-14, -1.060576e-14, -1.059511e-14, -2.473884e-14
183.300000, 2.533553e-14, 1.384994e-14, 1.386045e-14, 2.131518e-14
183.400000, -2.850497e-14, -1.049636e-14, -1.048599e-14, -2.446007e-14
183.500000, 2.506350e-14, 1.369034e-14, 1.370058e-14, 2.108634e-14
183.600000, -2.818234e-14, -1.038721e-14, -1.037711e-14, -2.418258e-14
183.700000, 2.479235e-14, 1.353158e-14, 1.354155e-14, 2.085828e-14
183.800000, -2.786118e-14, -1.027829e-14, -1.026843e-14, -2.390635e-14
183.900000, 2.452211e-14, 1.337360e-14, 1.338335e-14, 2.063097e-14
184.000000, -2.754141e-14, -1.016961e-14, -1.015998e-14, -2.363134e-14
184.100000, 2.425278e-14, 1.321645e-14, 1.322596e-14, 2.040444e-14
184.200000, -2.722311e-14, -1.006115e-14, -1.005175e-14, -2.335760e-14
184.300000, 2.398431e-14, 1.306011e-14, 1.306943e-14, 2.017866e-14
184.400000, -2.690619e-14, -9.952951e-15, -9.943722e-15, -2.308507e-14
184.500000, 2.371671e-14, 1.290454e-14, 1.291368e-14, 1.995359e-14
184.600000, -2.659073e-14, -9.845002e-15, -9.835955e-15, -2.281379e-14
184.700000, 2.344997e-14, 1.274975e-14, 1.275870e-14, 1.972922e-14
184.800000, -2.627667e-14, -9.737291e-15, -9.728433e-15, -2.254375e-14
184.900000, 2.318406e-14, 1.259572e-14, 1.260451e-14, 1.950560e-14
185.000000, -2.596402e-14, -9.629830e-15, -9.621105e-15, -2.227491e-14
185.100000, 2.291896e-14, 1.244244e-14, 1.245108e-14, 1.928266e-14
185.200000, -2.565278e-14, -9.522631e-15, -9.514062e-15, -2.200727e-14
185.300000, 2.265469e-14, 1.228989e-14, 1.229840e-14, 1.906040e-14
185.400000, -2.534289e-14, -9.415668e-15, -9.407217e-15, -2.174084e-14
185.500000, 2.239128e-14, 1.213812e-14, 1.214649e-14, 1.883887e-14
185.600000, -2.503437e-14, -9.308921e-15, -9.300604e-15, -2.147559e-14
185.700000, 2.212867e-14, 1.198708e-14, 1.199535e-14, 1.861804e-14
185.800000, -2.472717e-14, -9.202424e-15, -9.194226e-15, -2.121150e-14
185.900000, 2.186689e-14, 1.183679e-14, 1.184494e-14, 1.839788e-14
186.000000, -2.442134e-14, -9.096142e-15, -9.088059e-15, -2.094857e-14
186.100000, 2.160593e-14, 1.168726e-14, 1.169531e-14, 1.817844e-14
186.200000, -2.411679e-14, -8.990079e-15, -8.982073e-15, -2.068678e-14
186.300000, 2.134579e-14, 1.153845e-14, 1.154641e-14, 1.795967e-14
186.400000, -2.381355e-14, -8.884241e-15, -8.876314e-15, -2.042614e-14
186.500000, 2.108647e-14, 1.139036e-14, 1.139823e-14, 1.774157e-14
186.600000, -2.351160e-14, -8.778621e-15, -8.770779e-15, -2.016661e-14
186.700000, 2.082791e-14, 1.124296e-14, 1.125077e-14, 1.752412e-14
186.800000, -2.321095e-14, -8.673247e-15, -8.665461e-15, -1.990825e-14
186.900000, 2.057015e-14, 1.109628e-14, 1.110402e-14, 1.730731e-14
187.000000, -2.291158e-14, -8.568125e-15, -8.560363e-15, -1.965100e-14
187.100000, 2.031314e-14, 1.095026e-14, 1.095799e-14, 1.709115e-14
187.200000, -2.261352e-14, -8.463242e-15, -8.455507e-15, -1.939488e-14
187.300000, 2.005691e-14, 1.080492e-14, 1.081264e-14, 1.687560e-14
187.400000, -2.231670e-14, -8.358613e-15, -8.350864e-15, -1.913989e-14
187.500000, 1.980143e-14, 1.066023e-14, 1.066795e-14, 1.666067e-14
187.600000, -2.202114e-14, -8.254180e-15, -8.246465e-15, -1.888598e-14
187.700000, 1.954666e-14, 1.051619e-14, 1.052394e-14, 1.644637e-14
187.800000, -2.172685e-14, -8.150040e-15, -8.142286e-15, -1.863321e-14
187.900000, 1.929268e-14, 1.037282e-14, 1.038060e-14, 1.623266e-14
188.000000, -2.143379e-14, -8.046132e-15, -8.038345e-15, -1.838147e-14
188.100000, 1.903940e-14, 1.023011e-14, 1.023792e-14, 1.601960e-14
188.200000, -2.114195e-14, -7.942458e-15, -7.934596e-15, -1.813082e-14
188.300000, 1.878689e-14, 1.008803e-14, 1.009592e-14, 1.580717e-14
188.400000, -2.085132e-14, -7.838971e-15, -7.831083e-15, -1.788120e-14
188.500000, 1.853510e-14, 9.946641e-15, 9.954557e-15, 1.559534e-14
188.600000, -2.056186e-14, -7.735720e-15, -7.727758e-15, -1.763263e-14
188.700000, 1.828407e-14, 9.805871e-15, 9.813869e-15, 1.538414e-14
188.800000, -2.027356e-14, -7.632681e-15, -7.624658e-15, -1.738507e-14
188.900000, 1.803376e-14, 9.665745e-15, 9.673835e-15, 1.517354e-14
189.000000, -1.998642e-14, -7.529861e-15, -7.521761e-15, -1.713853e-14
189.100000, 1.778420e-14, 9.526268e-15, 9.534408e-15, 1.496354e-14
189.200000, -1.970045e-14, -7.427257e-15, -7.419084e-15, -1.689301e-14
189.300000, 1.753535e-14, 9.387389e-15, 9.395591e-15, 1.475416e-14
189.400000, -1.941559e-14, -7.324881e-15, -7.316629e-15, -1.664848e-14
189.500000, 1.728725e-14, 9.249124e-15, 9.257421e-15, 1.454536e-14
189.600000, -1.913186e-14, -7.222703e-15, -7.214386e-15, -1.640494e-14
189.700000, 1.703985e-14, 9.111473e-15, 9.119847e-15, 1.433714e-14
189.800000, -1.884926e-14, -7.120783e-15, -7.112358e-15, -1.616239e-14
189.900000, 1.679317e-14, 8.974439e-15, 8.982905e-15, 1.412952e-14
190.000000, -1.856773e-14, -7.019061e-15, -7.010539e-15, -1.592080e-14
190.100000, 1.654722e-14, 8.837977e-15, 8.846539e-15, 1.392248e-14
190.200000, -1.828731e-14, -6.917548e-15, -6.908937e-15, -1.568018e-14
190.300000, 1.630197e-14, 8.702106e-15, 8.710752e-15, 1.371603e-14
190.400000, -1.800796e-14, -6.816265e-15, -6.807565e-15, -1.544051e-14
190.500000, 1.605742e-14, 8.566810e-15, 8.575592e-15, 1.351015e-14
190.600000, -1.772966e-14, -6.715198e-15, -6.706370e-15, -1.520176e-14
190.700000, 1.581358e-14, 8.432098e-15, 8.440989e-15, 1.330485e-14
190.800000, -1.745243e-14, -6.614369e-15, -6.605409e-15, -1.496394e-14
190.900000, 1.557043e-14, 8.297946e-15, 8.306972e-15, 1.310014e-14
191.000000, -1.717619e-14, -6.513744e-15, -6.504643e-15, -1.472703e-14
191.100000, 1.532799e-14, 8.164353e-15, 8.173536e-15, 1.289600e-14
191.200000, -1.690102e-14, -6.413321e-15, -6.404078e-15, -1.449103e-14
191.300000, 1.508625e-14, 8.031333e-15, 8.040660e-15, 1.269246e-14
191.400000, -1.662684e-14, -6.313109e-15, -6.303702e-15, -1.425588e-14
191.500000, 1.484522e-14, 7.898877e-15, 7.908384e-15, 1.248949e-14
191.600000, -1.635365e-14, -6.213092e-15, -6.203516e-15, -1.402161e-14
191.700000, 1.460486e-14, 7.766993e-15, 7.776648e-15, 1.228712e-14
191.800000, -1.608145e-14, -6.113275e-15, -6.103526e-15, -1.378820e-14
191.900000, 1.436520e-14, 7.635636e-15, 7.645478e-15, 1.208530e-14
192.000000, -1.581023e-14, -6.013666e-15, -6.003744e-15, -1.355564e-14
192.100000, 1.412621e-14, 7.504834e-15, 7.514833e-15, 1.188407e-14
192.200000, -1.553999e-14, -5.914240e-15, -5.904175e-15, -1.332392e-14
192.300000, 1.388788e-14, 7.374553e-15, 7.384724e-15, 1.168337e-14
192.400000, -1.527074e-14, -5.815070e-15, -5.804817e-15, -1.309308e-14
192.500000, 1.365019e-14, 7.244788e-15, 7.255108e-15, 1.148321e-14
192.600000, -1.500248e-14, -5.716102e-15, -5.705689e-15, -1.286308e-14
192.700000, 1.341312e-14, 7.115502e-15, 7.125978e-15, 1.128358e-14
192.800000, -1.473519e-14, -5.617374e-15, -5.606836e-15, -1.263395e-14
192.900000, 1.317665e-14, 6.986728e-15, 6.997324e-15, 1.108446e-14
193.000000, -1.446889e-14, -5.518856e-15, -5.508198e-15, -1.240564e-14
193.100000, 1.294081e-14, 6.858433e-15, 6.869173e-15, 1.088586e-14
193.200000, -1.420357e-14, -5.420588e-15, -5.409809e-15, -1.217817e-14
193.300000, 1.270556e-14, 6.730609e-15, 6.741450e-15, 1.068778e-14
193.400000, -1.393916e-14, -5.322518e-15, -5.311639e-15, -1.195154e-14
193.500000, 1.247095e-14, 6.603302e-15, 6.614224e-15, 1.049021e-14
193.600000, -1.367570e-14, -5.224667e-15, -5.213685e-15, -1.172568e-14
193.700000, 1.223694e-14, 6.476451e-15, 6.487483e-15, 1.029318e-14
193.800000, -1.341315e-14, -5.126990e-15, -5.115936e-15, -1.150060e-14
193.900000, 1.200358e-14, 6.350140e-15, 6.361213e-15, 1.009671e-14
194.000000, -1.315145e-14, -5.029506e-15, -5.018395e-15, -1.127628e-14
194.100000, 1.177086e-14, 6.224294e-15, 6.235442e-15, 9.900741e-15
194.200000, -1.289065e-14, -4.932192e-15, -4.921036e-15, -1.105272e-14
194.300000, 1.153874e-14, 6.098966e-15, 6.110149e-15, 9.705326e-15
194.400000, -1.263071e-14, -4.835080e-15, -4.823872e-15, -1.082989e-14
194.500000, 1.130725e-14, 5.974110e-15, 5.985329e-15, 9.510436e-15
194.600000, -1.237161e-14, -4.738140e-15, -4.726898e-15, -1.060779e-14
194.700000, 1.107638e-14, 5.849734e-15, 5.860979e-15, 9.316092e-15
194.800000, -1.211342e-14, -4.641399e-15, -4.630147e-15, -1.038644e-14
194.900000, 1.084610e-14, 5.725811e-15, 5.737067e-15, 9.122245e-15
195.000000, -1.185604e-14, -4.544861e-15, -4.533608e-15, -1.016581e-14
195.100000, 1.061638e-14, 5.602352e-15, 5.613591e-15, 8.928879e-15
195.200000, -1.159955e-14, -4.448515e-15, -4.437277e-15, -9.945939e-15
195.300000, 1.038729e-14, 5.479312e-15, 5.490539e-15, 8.736019e-15
195.400000, -1.134388e-14, -4.352381e-15, -4.341170e-15, -9.726776e-15
195.500000, 1.015873e-14, 5.356718e-15, 5.367897e-15, 8.543640e-15
195.600000, -1.108907e-14, -4.256444e-15, -4.245290e-15, -9.508339e-15
195.700000, 9.930760e-15, 5.234548e-15, 5.245683e-15, 8.351748e-15
195.800000, -1.083505e-14, -4.160709e-15, -4.149618e-15, -9.290616e-15
195.900000, 9.703349e-15, 5.112799e-15, 5.123875e-15, 8.160345e-15
196.000000, -1.058189e-14, -4.065175e-15, -4.054144e-15, -9.073585e-15
196.100000, 9.476491e-15, 4.991499e-15, 5.002489e-15, 7.969414e-15
196.200000, -1.032951e-14, -3.969825e-15, -3.958907e-15, -8.857257e-15
196.300000, 9.250204e-15, 4.870597e-15, 4.881476e-15, 7.778959e-15
196.400000, -1.007793e-14, -3.874676e-15, -3.863857e-15, -8.641595e-15
196.500000, 9.024475e-15, 4.750103e-15, 4.760856e-15, 7.588985e-15
196.600000, -9.827149e-15, -3.779730e-15, -3.769031e-15, -8.426603e-15
196.700000, 8.799289e-15, 4.630022e-15, 4.640675e-15, 7.399487e-15
196.800000, -9.577122e-15, -3.684966e-15, -3.674387e-15, -8.212275e-15
196.900000, 8.574664e-15, 4.510353e-15, 4.520856e-15, 7.210476e-15
197.000000, -9.327883e-15, -3.590384e-15, -3.579950e-15, -7.998574e-15
197.100000, 8.350571e-15, 4.391092e-15, 4.401460e-15, 7.021954e-15
197.200000, -9.079394e-15, -3.496000e-15, -3.485702e-15, -7.785530e-15
197.300000, 8.127054e-15, 4.272233e-15, 4.282450e-15, 6.833895e-15
197.400000, -8.831624e-15, -3.401771e-15, -3.391623e-15, -7.573087e-15
197.500000, 7.904077e-15, 4.153779e-15, 4.163852e-15, 6.646338e-15
197.600000, -8.584618e-15, -3.307734e-15, -3.297735e-15, -7.361256e-15
197.700000, 7.681672e-15, 4.035712e-15, 4.045661e-15, 6.459268e-15
197.800000, -8.338285e-15, -3.213862e-15, -3.203988e-15, -7.150000e-15
197.900000, 7.459800e-15, 3.918101e-15, 3.927859e-15, 6.272690e-15
198.000000, -8.092641e-15, -3.120143e-15, -3.110441e-15, -6.939358e-15
198.100000, 7.238509e-15, 3.800832e-15, 3.810466e-15, 6.086574e-15
198.200000, -7.847733e-15, -3.026593e-15, -3.017044e-15, -6.729291e-15
198.300000, 7.017740e-15, 3.683969e-15, 3.693433e-15, 5.900962e-15
198.400000, -7.603470e-15, -2.933208e-15, -2.923860e-15, -6.519797e-15
198.500000, 6.797472e-15, 3.567488e-15, 3.576760e-15, 5.715756e-15
198.600000, -7.359950e-15, -2.840019e-15, -2.830841e-15, -6.310912e-15
198.700000, 6.577733e-15, 3.451345e-15, 3.460411e-15, 5.530986e-15
198.800000, -7.117126e-15, -2.747047e-15, -2.738074e-15, -6.102649e-15
198.900000, 6.358478e-15, 3.335524e-15, 3.344394e-15, 5.346639e-15
199.000000, -6.874995e-15, -2.654282e-15, -2.645549e-15, -5.894983e-15
199.100000, 6.139695e-15, 3.220038e-15, 3.228667e-15, 5.162669e-15
199.200000, -6.633558e-15, -2.561701e-15, -2.553214e-15, -5.687958e-15
199.300000, 5.921406e-15, 3.104859e-15, 3.113221e-15, 4.979115e-15
199.400000, -6.392823e-15, -2.469356e-15, -2.461141e-15, -5.481501e-15
199.500000, 5.703618e-15, 2.990015e-15, 2.998102e-15, 4.795940e-15
199.600000, -6.152759e-15, -2.377231e-15, -2.369286e-15, -5.275665e-15
199.700000, 5.486272e-15, 2.875491e-15, 2.883270e-15, 4.613164e-15
199.800000, -5.913354e-15, -2.285274e-15, -2.277632e-15, -5.070389e-15
199.900000, 5.269433e-15, 2.761283e-15, 2.768747e-15, 4.430785e-15
200.000000, -5.674579e-15, -2.193474e-15, -2.186175e-15, -4.865651e-15
200.100000, 5.053076e-15, 2.647397e-15, 2.654567e-15, 4.248851e-15
200.200000, -5.436415e-15, -2.101850e-15, -2.094884e-15, -4.661448e-15
200.300000, 4.837242e-15, 2.533868e-15, 2.540678e-15, 4.067329e-15
200.400000, -5.198863e-15, -2.010418e-15, -2.003752e-15, -4.457770e-15
200.500000, 4.621884e-15, 2.420659e-15, 2.427147e-15, 3.886242e-15
200.600000, -4.961891e-15, -1.919132e-15, -1.912812e-15, -4.254603e-15
200.700000, 4.407042e-15, 2.307765e-15, 2.313933e-15, 3.705542e-15
200.800000, -4.725524e-15, -1.828067e-15, -1.822030e-15, -4.051906e-15
200.900000, 4.192731e-15, 2.195215e-15, 2.201051e-15, 3.525321e-15
201.000000, -4.489722e-15, -1.737115e-15, -1.731416e-15, -3.849741e-15
201.100000, 3.978840e-15, 2.082941e-15, 2.088475e-15, 3.345484e-15
201.200000, -4.254533e-15, -1.646351e-15, -1.640964e-15, -3.648046e-15
201.300000, 3.765440e-15, 1.970936e-15, 1.976179e-15, 3.166050e-15
201.400000, -4.019935e-15, -1.555802e-15, -1.550708e-15, -3.446828e-15
201.500000, 3.552491e-15, 1.859240e-15, 1.864230e-15, 2.987024e-15
201.600000, -3.785860e-15, -1.465419e-15, -1.460596e-15, -3.246120e-15
201.700000, 3.339998e-15, 1.747812e-15, 1.752496e-15, 2.808365e-15
201.800000, -3.552419e-15, -1.375223e-15, -1.370700e-15, -3.045944e-15
201.900000, 3.127954e-15, 1.636660e-15, 1.641098e-15, 2.630110e-15
202.000000, -3.319479e-15, -1.285256e-15, -1.280946e-15, -2.846193e-15
202.100000, 2.916390e-15, 1.525811e-15, 1.529934e-15, 2.452218e-15
202.200000, -3.087120e-15, -1.195407e-15, -1.191397e-15, -2.646892e-15
202.300000, 2.705259e-15, 1.415188e-15, 1.419064e-15, 2.274735e-15
202.400000, -2.855292e-15, -1.105776e-15, -1.102002e-15, -2.448109e-15
202.500000, 2.494543e-15, 1.304826e-15, 1.308463e-15, 2.097601e-15
202.600000, -2.624013e-15, -1.016334e-15, -1.012833e-15, -2.249763e-15
202.700000, 2.284302e-15, 1.194773e-15, 1.198119e-15, 1.920832e-15
202.800000, -2.393240e-15, -9.270287e-16, -9.238403e-16, -2.051881e-15
202.900000, 2.074504e-15, 1.084939e-15, 1.088010e-15, 1.744437e-15
203.000000, -2.163021e-15, -8.379320e-16, -8.350108e-16, -1.854475e-15
203.100000, 1.865116e-15, 9.753580e-16, 9.781360e-16, 1.568401e-15
203.200000, -1.933314e-15, -7.490099e-16, -7.464032e-16, -1.657504e-15
203.300000, 1.656182e-15, 8.660123e-16, 8.684792e-16, 1.392693e-15
203.400000, -1.704086e-15, -6.602947e-16, -6.579520e-16, -1.460977e-15
203.500000, 1.447632e-15, 7.569247e-16, 7.590834e-16, 1.217368e-15
203.600000, -1.475399e-15, -5.717141e-16, -5.697083e-16, -1.264881e-15
203.700000, 1.239547e-15, 6.480876e-16, 6.499333e-16, 1.042375e-15
203.800000, -1.247139e-15, -4.832941e-16, -4.815985e-16, -1.069200e-15
203.900000, 1.031898e-15, 5.394832e-16, 5.410175e-16, 8.677761e-16
204.000000, -1.019367e-15, -3.950556e-16, -3.936874e-16, -8.739110e-16
204.100000, 8.246682e-16, 4.311117e-16, 4.323501e-16, 6.934939e-16
204.200000, -7.920748e-16, -3.070071e-16, -3.059190e-16, -6.790432e-16
204.300000, 6.178644e-16, 3.230079e-16, 3.239322e-16, 5.196160e-16
204.400000, -5.652106e-16, -2.190765e-16, -2.182977e-16, -4.845609e-16
204.500000, 4.115003e-16, 2.151095e-16, 2.157244e-16, 3.460494e-16
204.600000, -3.387893e-16, -1.313305e-16, -1.308594e-16, -2.904421e-16
204.700000, 2.055500e-16, 1.074543e-16, 1.077497e-16, 1.728574e-16
204.800000, -1.128177e-16, -4.374454e-17, -4.358740e-17, -9.672015e-17
