x, 11, 12, 21, 22
0.100000, -5.879029e-02, -5.273926e-02, -5.273926e-02, -4.787681e-02
0.200000, -5.842217e-02, -5.245048e-02, -5.245048e-02, -4.755476e-02
0.300000, -5.789346e-02, -5.197007e-02, -5.197007e-02, -4.709511e-02
0.400000, -5.716783e-02, -5.131083e-02, -5.131083e-02, -4.646785e-02
0.500000, -5.627331e-02, -5.048623e-02, -5.048623e-02, -4.569098e-02
0.600000, -5.521065e-02, -4.951043e-02, -4.951043e-02, -4.477676e-02
0.700000, -5.400064e-02, -4.840050e-02, -4.840050e-02, -4.374085e-02
0.800000, -5.265972e-02, -4.717224e-02, -4.717224e-02, -4.259858e-02
0.900000, -5.120731e-02, -4.584449e-02, -4.584449e-02, -4.136872e-02
1.000000, -4.966281e-02, -4.443591e-02, -4.443591e-02, -4.006740e-02
1.100000, -4.804612e-02, -4.296384e-02, -4.296384e-02, -3.871086e-02
1.200000, -4.637622e-02, -4.144662e-02, -4.144662e-02, -3.731453e-02
1.300000, -4.467341e-02, -3.990018e-02, -3.990018e-02, -3.589516e-02
1.400000, -4.295396e-02, -3.834130e-02, -3.834130e-02, -3.446665e-02
1.500000, -4.123420e-02, -3.678502e-02, -3.678502e-02, -3.304291e-02
1.600000, -3.952859e-02, -3.524475e-02, -3.524475e-02, -3.163585e-02
1.700000, -3.785130e-02, -3.373200e-02, -3.373200e-02, -3.025549e-02
1.800000, -3.621364e-02, -3.225652e-02, -3.225652e-02, -2.891113e-02
1.900000, -3.462419e-02, -3.082637e-02, -3.082637e-02, -2.761047e-02
2.000000, -3.308969e-02, -2.944846e-02, -2.944846e-02, -2.635823e-02
2.100000, -3.161650e-02, -2.812719e-02, -2.812719e-02, -2.515965e-02
2.200000, -3.020848e-02, -2.686619e-02, -2.686619e-02, -2.401700e-02
2.300000, -2.886866e-02, -2.566712e-02, -2.566712e-02, -2.293222e-02
2.400000, -2.759781e-02, -2.453112e-02, -2.453112e-02, -2.190602e-02
2.500000, -2.639499e-02, -2.345782e-02, -2.345782e-02, -2.093726e-02
2.600000, -2.525976e-02, -2.244545e-02, -2.244545e-02, -2.002526e-02
2.700000, -2.419026e-02, -2.149181e-02, -2.149181e-02, -1.916786e-02
2.800000, -2.318321e-02, -2.059449e-02, -2.059449e-02, -1.836124e-02
2.900000, -2.223542e-02, -1.974977e-02, -1.974977e-02, -1.760203e-02
3.000000, -2.134270e-02, -1.895393e-02, -1.895393e-02, -1.688666e-02
3.100000, -2.050173e-02, -1.820333e-02, -1.820333e-02, -1.621169e-02
3.200000, -1.970797e-02, -1.749416e-02, -1.749416e-02, -1.557314e-02
3.300000, -1.895829e-02, -1.682296e-02, -1.682296e-02, -1.496787e-02
3.400000, -1.824874e-02, -1.618620e-02, -1.618620e-02, -1.439275e-02
3.500000, -1.757602e-02, -1.558083e-02, -1.558083e-02, -1.384485e-02
3.600000, -1.693615e-02, -1.500402e-02, -1.500402e-02, -1.332141e-02
3.700000, -1.632654e-02, -1.445322e-02, -1.445322e-02, -1.282065e-02
3.800000, -1.574482e-02, -1.392632e-02, -1.392632e-02, -1.234036e-02
3.900000, -1.518853e-02, -1.342131e-02, -1.342131e-02, -1.187909e-02
4.000000, -1.465631e-02, -1.293698e-02, -1.293698e-02, -1.143592e-02
4.100000, -1.414659e-02, -1.247203e-02, -1.247203e-02, -1.100987e-02
4.200000, -1.365785e-02, -1.202560e-02, -1.202560e-02, -1.060034e-02
4.300000, -1.318930e-02, -1.159704e-02, -1.159704e-02, -1.020670e-02
4.400000, -1.273994e-02, -1.118583e-02, -1.118583e-02, -9.828562e-03
4.500000, -1.230968e-02, -1.079162e-02, -1.079162e-02, -9.465779e-03
4.600000, -1.189787e-02, -1.041405e-02, -1.041405e-02, -9.117953e-03
4.700000, -1.150416e-02, -1.005291e-02, -1.005291e-02, -8.785227e-03
4.800000, -1.112821e-02, -9.707880e-03, -9.707880e-03, -8.467105e-03
4.900000, -1.076936e-02, -9.378685e-03, -9.378685e-03, -8.163562e-03
5.000000, -1.042738e-02, -9.064955e-03, -9.064955e-03, -7.874480e-03
5.100000, -1.010146e-02, -8.766438e-03, -8.766438e-03, -7.599120e-03
5.200000, -9.791278e-03, -8.482270e-03, -8.482270e-03, -7.337178e-03
5.300000, -9.495897e-03, -8.211627e-03, -8.211627e-03, -7.088101e-03
5.400000, -9.213695e-03, -7.953385e-03, -7.953385e-03, -6.850774e-03
5.500000, -8.942960e-03, -7.706201e-03, -7.706201e-03, -6.623939e-03
5.600000, -8.682185e-03, -7.468349e-03, -7.468349e-03, -6.406014e-03
5.700000, -8.429266e-03, -7.237912e-03, -7.237912e-03, -6.195228e-03
5.800000, -8.182042e-03, -7.012744e-03, -7.012744e-03, -5.989423e-03
5.900000, -7.937933e-03, -6.790679e-03, -6.790679e-03, -5.786712e-03
6.000000, -7.694142e-03, -6.569090e-03, -6.569090e-03, -5.584730e-03
6.100000, -7.448367e-03, -6.345641e-03, -6.345641e-03, -5.381212e-03
6.200000, -7.197705e-03, -6.117914e-03, -6.117914e-03, -5.173981e-03
6.300000, -6.939926e-03, -5.883650e-03, -5.883650e-03, -4.961010e-03
6.400000, -6.672703e-03, -5.640975e-03, -5.640975e-03, -4.740474e-03
6.500000, -6.394348e-03, -5.388200e-03, -5.388200e-03, -4.510975e-03
6.600000, -6.103354e-03, -5.124069e-03, -5.124069e-03, -4.271469e-03
6.700000, -5.798651e-03, -4.848006e-03, -4.848006e-03, -4.021381e-03
6.800000, -5.480185e-03, -4.559845e-03, -4.559845e-03, -3.760986e-03
6.900000, -5.148171e-03, -4.260143e-03, -4.260143e-03, -3.490936e-03
7.000000, -4.803588e-03, -3.949915e-03, -3.949915e-03, -3.212177e-03
7.100000, -4.447826e-03, -3.630602e-03, -3.630602e-03, -2.926423e-03
7.200000, -4.082533e-03, -3.304156e-03, -3.304156e-03, -2.635689e-03
7.300000, -3.710204e-03, -2.972957e-03, -2.972957e-03, -2.342260e-03
7.400000, -3.333290e-03, -2.639535e-03, -2.639535e-03, -2.048651e-03
7.500000, -2.955104e-03, -2.306767e-03, -2.306767e-03, -1.757464e-03
7.600000, -2.578805e-03, -1.977440e-03, -1.977440e-03, -1.471377e-03
7.700000, -2.207677e-03, -1.654745e-03, -1.654745e-03, -1.193089e-03
7.800000, -1.844902e-03, -1.341652e-03, -1.341652e-03, -9.250443e-04
7.900000, -1.493802e-03, -1.041015e-03, -1.041015e-03, -6.698446e-04
8.000000, -1.157446e-03, -7.554865e-04, -7.554865e-04, -4.298423e-04
8.100000, -8.385098e-04, -4.874959e-04, -4.874959e-04, -2.070514e-04
8.200000, -5.396885e-04, -2.391677e-04, -2.391677e-04, -3.388842e-06
8.300000, -2.627886e-04, -1.221475e-05, -1.221475e-05, 1.798536e-04
8.400000, -9.651013e-06, 1.920488e-04, 1.920488e-04, 3.416207e-04
8.500000, 2.185239e-04, 3.727466e-04, 3.727466e-04, 4.813570e-04
8.600000, 4.208405e-04, 5.294182e-04, 5.294182e-04, 5.987357e-04
8.700000, 5.970045e-04, 6.619857e-04, 6.619857e-04, 6.940238e-04
8.800000, 7.471701e-04, 7.708145e-04, 7.708145e-04, 7.678335e-04
8.900000, 8.716292e-04, 8.566385e-04, 8.566385e-04, 8.210318e-04
9.000000, 9.712722e-04, 9.204593e-04, 9.204593e-04, 8.549404e-04
9.100000, 1.047292e-03, 9.634863e-04, 9.634863e-04, 8.709374e-04
9.200000, 1.101046e-03, 9.872584e-04, 9.872584e-04, 8.704959e-04
9.300000, 1.134088e-03, 9.934724e-04, 9.934724e-04, 8.554174e-04
9.400000, 1.148051e-03, 9.839158e-04, 9.839158e-04, 8.274686e-04
9.500000, 1.144930e-03, 9.604755e-04, 9.604755e-04, 7.884495e-04
9.600000, 1.126759e-03, 9.249973e-04, 9.249973e-04, 7.402722e-04
9.700000, 1.095363e-03, 8.793258e-04, 8.793258e-04, 6.846215e-04
9.800000, 1.052781e-03, 8.253872e-04, 8.253872e-04, 6.230650e-04
9.900000, 1.000728e-03, 7.648348e-04, 7.648348e-04, 5.572334e-04
10.000000, 9.412434e-04, 6.993316e-04, 6.993316e-04, 4.886783e-04
10.100000, 8.759756e-04, 6.303928e-04, 6.303928e-04, 4.186253e-04
10.200000, 8.065642e-04, 5.594242e-04, 5.594242e-04, 3.481859e-04
10.300000, 7.343631e-04, 4.877042e-04, 4.877042e-04, 2.783750e-04
10.400000, 6.608458e-04, 4.162209e-04, 4.162209e-04, 2.100499e-04
10.500000, 5.871521e-04, 3.459447e-04, 3.459447e-04, 1.440041e-04
10.600000, 5.142827e-04, 2.777455e-04, 2.777455e-04, 8.101458e-05
10.700000, 4.432179e-04, 2.122313e-04, 2.122313e-04, 2.144234e-05
10.800000, 3.745807e-04, 1.499858e-04, 1.499858e-04, -3.441400e-05
10.900000, 3.091093e-04, 9.141565e-05, 9.141565e-05, -8.619045e-05
11.000000, 2.472896e-04, 3.687744e-05, 3.687744e-05, -1.337731e-04
11.100000, 1.895159e-04, -1.331023e-05, -1.331023e-05, -1.770086e-04
11.200000, 1.361110e-04, -5.905600e-05, -5.905600e-05, -2.157268e-04
11.300000, 8.740993e-05, -1.001904e-04, -1.001904e-04, -2.500372e-04
11.400000, 4.352163e-05, -1.367290e-04, -1.367290e-04, -2.800107e-04
11.500000, 4.502243e-06, -1.686907e-04, -1.686907e-04, -3.056725e-04
11.600000, -2.970007e-05, -1.960562e-04, -1.960562e-04, -3.271752e-04
11.700000, -5.910337e-05, -2.189907e-04, -2.189907e-04, -3.446481e-04
11.800000, -8.372279e-05, -2.376521e-04, -2.376521e-04, -3.581797e-04
11.900000, -1.038322e-04, -2.522105e-04, -2.522105e-04, -3.681200e-04
12.000000, -1.195209e-04, -2.628663e-04, -2.628663e-04, -3.746465e-04
12.100000, -1.311142e-04, -2.699070e-04, -2.699070e-04, -3.779061e-04
12.200000, -1.387522e-04, -2.735638e-04, -2.735638e-04, -3.781832e-04
12.300000, -1.428967e-04, -2.741443e-04, -2.741443e-04, -3.757264e-04
12.400000, -1.437359e-04, -2.718277e-04, -2.718277e-04, -3.708149e-04
12.500000, -1.415324e-04, -2.669842e-04, -2.669842e-04, -3.637554e-04
12.600000, -1.366393e-04, -2.598634e-04, -2.598634e-04, -3.547628e-04
12.700000, -1.293687e-04, -2.507565e-04, -2.507565e-04, -3.440340e-04
12.800000, -1.200249e-04, -2.399492e-04, -2.399492e-04, -3.318581e-04
12.900000, -1.090834e-04, -2.276493e-04, -2.276493e-04, -3.184774e-04
13.000000, -9.669655e-05, -2.141717e-04, -2.141717e-04, -3.041024e-04
13.100000, -8.321430e-05, -1.997736e-04, -1.997736e-04, -2.889508e-04
13.200000, -6.890416e-05, -1.846875e-04, -1.846875e-04, -2.732084e-04
13.300000, -5.395762e-05, -1.691048e-04, -1.691048e-04, -2.570077e-04
13.400000, -3.872523e-05, -1.532721e-04, -1.532721e-04, -2.405894e-04
13.500000, -2.337021e-05, -1.373903e-04, -1.373903e-04, -2.241631e-04
13.600000, -8.192553e-06, -1.216060e-04, -1.216060e-04, -2.078157e-04
13.700000, 6.727442e-06, -1.060261e-04, -1.060261e-04, -1.916188e-04
13.800000, 2.115811e-05, -9.083970e-05, -9.083970e-05, -1.757841e-04
13.900000, 3.504933e-05, -7.616578e-05, -7.616578e-05, -1.603705e-04
14.000000, 4.821510e-05, -6.212428e-05, -6.212428e-05, -1.455170e-04
14.100000, 6.056853e-05, -4.883686e-05, -4.883686e-05, -1.313704e-04
14.200000, 7.191891e-05, -3.635554e-05, -3.635554e-05, -1.179386e-04
14.300000, 8.221635e-05, -2.473777e-05, -2.473777e-05, -1.053108e-04
14.400000, 9.153620e-05, -1.407916e-05, -1.407916e-05, -9.349299e-05
14.500000, 9.982813e-05, -4.352431e-06, -4.352431e-06, -8.258182e-05
14.600000, 1.070079e-04, 4.424925e-06, 4.424925e-06, -7.254716e-05
14.700000, 1.130937e-04, 1.225813e-05, 1.225813e-05, -6.340721e-05
14.800000, 1.181595e-04, 1.914542e-05, 1.914542e-05, -5.510935e-05
14.900000, 1.221866e-04, 2.504127e-05, 2.504127e-05, -4.766028e-05
15.000000, 1.252160e-04, 3.007828e-05, 3.007828e-05, -4.106373e-05
15.100000, 1.272843e-04, 3.424417e-05, 3.424417e-05, -3.535709e-05
15.200000, 1.284991e-04, 3.755986e-05, 3.755986e-05, -3.046735e-05
15.300000, 1.288982e-04, 4.010078e-05, 4.010078e-05, -2.635515e-05
15.400000, 1.285575e-04, 4.186544e-05, 4.186544e-05, -2.296266e-05
15.500000, 1.274445e-04, 4.298165e-05, 4.298165e-05, -2.023937e-05
15.600000, 1.256651e-04, 4.348068e-05, 4.348068e-05, -1.809599e-05
15.700000, 1.233099e-04, 4.339460e-05, 4.339460e-05, -1.650379e-05
15.800000, 1.204119e-04, 4.279060e-05, 4.279060e-05, -1.540497e-05
15.900000, 1.170275e-04, 4.170235e-05, 4.170235e-05, -1.474426e-05
16.000000, 1.131988e-04, 4.022140e-05, 4.022140e-05, -1.450514e-05
16.100000, 1.089631e-04, 3.836809e-05, 3.836809e-05, -1.465351e-05
16.200000, 1.044788e-04, 3.616164e-05, 3.616164e-05, -1.511364e-05
16.300000, 9.970688e-05, 3.367452e-05, 3.367452e-05, -1.589369e-05
16.400000, 9.471789e-05, 3.099133e-05, 3.099133e-05, -1.689887e-05
16.500000, 8.954260e-05, 2.814479e-05, 2.814479e-05, -1.808873e-05
16.600000, 8.422332e-05, 2.517227e-05, 2.517227e-05, -1.945442e-05
16.700000, 7.889204e-05, 2.206893e-05, 2.206893e-05, -2.092085e-05
16.800000, 7.352260e-05, 1.888617e-05, 1.888617e-05, -2.246975e-05
16.900000, 6.806701e-05, 1.568151e-05, 1.568151e-05, -2.412600e-05
17.000000, 6.267785e-05, 1.247574e-05, 1.247574e-05, -2.579963e-05
17.100000, 5.737202e-05, 9.285852e-06, 9.285852e-06, -2.744528e-05
17.200000, 5.219931e-05, 6.153328e-06, 6.153328e-06, -2.904987e-05
17.300000, 4.716172e-05, 3.158990e-06, 3.158990e-06, -3.065897e-05
17.400000, 4.232604e-05, 3.265524e-07, 3.265524e-07, -3.215956e-05
17.500000, 3.772921e-05, -2.393554e-06, -2.393554e-06, -3.353446e-05
17.600000, 3.330148e-05, -4.912629e-06, -4.912629e-06, -3.476793e-05
17.700000, 2.912339e-05, -7.250425e-06, -7.250425e-06, -3.580706e-05
17.800000, 2.519475e-05, -9.386141e-06, -9.386141e-06, -3.667379e-05
17.900000, 2.149142e-05, -1.126598e-05, -1.126598e-05, -3.737555e-05
18.000000, 1.812884e-05, -1.294195e-05, -1.294195e-05, -3.788910e-05
18.100000, 1.502178e-05, -1.437562e-05, -1.437562e-05, -3.817837e-05
18.200000, 1.227884e-05, -1.557028e-05, -1.557028e-05, -3.828181e-05
18.300000, 9.828439e-06, -1.649787e-05, -1.649787e-05, -3.819090e-05
18.400000, 7.608181e-06, -1.716217e-05, -1.716217e-05, -3.789297e-05
18.500000, 5.749565e-06, -1.761276e-05, -1.761276e-05, -3.743657e-05
18.600000, 4.208411e-06, -1.783406e-05, -1.783406e-05, -3.677048e-05
18.700000, 2.961621e-06, -1.785251e-05, -1.785251e-05, -3.595277e-05
18.800000, 1.984962e-06, -1.768950e-05, -1.768950e-05, -3.501926e-05
18.900000, 1.187101e-06, -1.738874e-05, -1.738874e-05, -3.395868e-05
19.000000, 6.459594e-07, -1.693794e-05, -1.693794e-05, -3.281170e-05
19.100000, 2.829021e-07, -1.634666e-05, -1.634666e-05, -3.159810e-05
19.200000, 1.404401e-07, -1.558946e-05, -1.558946e-05, -3.028449e-05
19.300000, 1.671159e-07, -1.472106e-05, -1.472106e-05, -2.890036e-05
19.400000, 3.470552e-07, -1.378869e-05, -1.378869e-05, -2.743880e-05
19.500000, 6.828459e-07, -1.278948e-05, -1.278948e-05, -2.591666e-05
19.600000, 1.093054e-06, -1.173889e-05, -1.173889e-05, -2.441720e-05
19.700000, 1.635362e-06, -1.064157e-05, -1.064157e-05, -2.292228e-05
19.800000, 2.253516e-06, -9.529394e-06, -9.529394e-06, -2.136419e-05
19.900000, 2.914665e-06, -8.405302e-06, -8.405302e-06, -1.987153e-05
20.000000, 3.607652e-06, -7.260105e-06, -7.260105e-06, -1.841420e-05
20.100000, 4.333527e-06, -6.133152e-06, -6.133152e-06, -1.694711e-05
20.200000, 5.025262e-06, -5.014805e-06, -5.014805e-06, -1.552367e-05
20.300000, 5.748656e-06, -3.951368e-06, -3.951368e-06, -1.417641e-05
20.400000, 6.462978e-06, -2.940384e-06, -2.940384e-06, -1.287125e-05
20.500000, 7.161046e-06, -1.967534e-06, -1.967534e-06, -1.162706e-05
20.600000, 7.795035e-06, -1.040594e-06, -1.040594e-06, -1.049176e-05
20.700000, 8.353940e-06, -1.935560e-07, -1.935560e-07, -9.453552e-06
20.800000, 8.856062e-06, 5.767523e-07, 5.767523e-07, -8.495847e-06
20.900000, 9.329093e-06, 1.251551e-06, 1.251551e-06, -7.648425e-06
21.000000, 9.762205e-06, 1.867789e-06, 1.867789e-06, -6.873163e-06
21.100000, 1.013129e-05, 2.413642e-06, 2.413642e-06, -6.157271e-06
21.200000, 1.042701e-05, 2.884825e-06, 2.884825e-06, -5.512275e-06
21.300000, 1.060043e-05, 3.277646e-06, 3.277646e-06, -4.906077e-06
21.400000, 1.070034e-05, 3.625129e-06, 3.625129e-06, -4.394819e-06
21.500000, 1.072191e-05, 3.894899e-06, 3.894899e-06, -3.921656e-06
21.600000, 1.070015e-05, 4.086015e-06, 4.086015e-06, -3.480379e-06
21.700000, 1.057461e-05, 4.198835e-06, 4.198835e-06, -3.126353e-06
21.800000, 1.034542e-05, 4.276979e-06, 4.276979e-06, -2.814415e-06
21.900000, 1.003398e-05, 4.290841e-06, 4.290841e-06, -2.550393e-06
22.000000, 9.668937e-06, 4.257179e-06, 4.257179e-06, -2.337436e-06
22.100000, 9.225654e-06, 4.174745e-06, 4.174745e-06, -2.122025e-06
22.200000, 8.737396e-06, 4.048841e-06, 4.048841e-06, -1.952790e-06
22.300000, 8.205849e-06, 3.869643e-06, 3.869643e-06, -1.833326e-06
22.400000, 7.629173e-06, 3.632878e-06, 3.632878e-06, -1.770628e-06
22.500000, 7.017434e-06, 3.373879e-06, 3.373879e-06, -1.715738e-06
22.600000, 6.365870e-06, 3.103811e-06, 3.103811e-06, -1.674522e-06
22.700000, 5.735147e-06, 2.820546e-06, 2.820546e-06, -1.664179e-06
22.800000, 5.074726e-06, 2.531888e-06, 2.531888e-06, -1.640921e-06
22.900000, 4.454388e-06, 2.233051e-06, 2.233051e-06, -1.619994e-06
23.000000, 3.818848e-06, 1.939970e-06, 1.939970e-06, -1.598830e-06
23.100000, 3.177504e-06, 1.658743e-06, 1.658743e-06, -1.543191e-06
23.200000, 2.572725e-06, 1.402126e-06, 1.402126e-06, -1.480214e-06
23.300000, 2.005669e-06, 1.169513e-06, 1.169513e-06, -1.406736e-06
23.400000, 1.487649e-06, 9.802538e-07, 9.802538e-07, -1.300738e-06
23.500000, 1.005921e-06, 8.122980e-07, 8.122980e-07, -1.167327e-06
23.600000, 5.740140e-07, 6.830583e-07, 6.830583e-07, -9.740787e-07
23.700000, 1.497615e-07, 5.851216e-07, 5.851216e-07, -7.601239e-07
23.800000, -1.898975e-07, 5.177518e-07, 5.177518e-07, -5.323591e-07
23.900000, -4.915213e-07, 4.931831e-07, 4.931831e-07, -3.069540e-07
24.000000, -7.674329e-07, 4.837997e-07, 4.837997e-07, -7.388024e-08
24.100000, -1.029992e-06, 5.080390e-07, 5.080390e-07, 1.677778e-07
24.200000, -1.279708e-06, 5.429802e-07, 5.429802e-07, 4.141982e-07
24.300000, -1.468841e-06, 5.736985e-07, 5.736985e-07, 6.496561e-07
24.400000, -1.614455e-06, 6.234456e-07, 6.234456e-07, 8.847132e-07
24.500000, -1.728956e-06, 7.035266e-07, 7.035266e-07, 1.114321e-06
24.600000, -1.800887e-06, 7.951781e-07, 7.951781e-07, 1.330184e-06
24.700000, -1.851051e-06, 9.001160e-07, 9.001160e-07, 1.554260e-06
24.800000, -1.884965e-06, 1.009614e-06, 1.009614e-06, 1.769502e-06
24.900000, -1.921571e-06, 1.142750e-06, 1.142750e-06, 1.968458e-06
25.000000, -1.909596e-06, 1.263429e-06, 1.263429e-06, 2.151308e-06
25.100000, -1.854316e-06, 1.386279e-06, 1.386279e-06, 2.325638e-06
25.200000, -1.763225e-06, 1.517687e-06, 1.517687e-06, 2.481656e-06
25.300000, -1.630887e-06, 1.664857e-06, 1.664857e-06, 2.610276e-06
25.400000, -1.492958e-06, 1.809252e-06, 1.809252e-06, 2.738291e-06
25.500000, -1.338182e-06, 1.975811e-06, 1.975811e-06, 2.848859e-06
25.600000, -1.123606e-06, 2.138354e-06, 2.138354e-06, 2.944383e-06
25.700000, -8.693841e-07, 2.292958e-06, 2.292958e-06, 3.023491e-06
25.800000, -6.001133e-07, 2.448309e-06, 2.448309e-06, 3.091662e-06
25.900000, -3.288256e-07, 2.599328e-06, 2.599328e-06, 3.132154e-06
26.000000, -2.947069e-08, 2.750065e-06, 2.750065e-06, 3.157581e-06
26.100000, 2.895967e-07, 2.887514e-06, 2.887514e-06, 3.145220e-06
26.200000, 6.242910e-07, 3.027037e-06, 3.027037e-06, 3.122207e-06
26.300000, 9.516027e-07, 3.141494e-06, 3.141494e-06, 3.093706e-06
26.400000, 1.291041e-06, 3.243286e-06, 3.243286e-06, 3.041930e-06
26.500000, 1.603270e-06, 3.323376e-06, 3.323376e-06, 2.983185e-06
26.600000, 1.893053e-06, 3.368381e-06, 3.368381e-06, 2.894508e-06
26.700000, 2.164514e-06, 3.397474e-06, 3.397474e-06, 2.784127e-06
26.800000, 2.412799e-06, 3.412856e-06, 3.412856e-06, 2.646823e-06
26.900000, 2.653373e-06, 3.399323e-06, 3.399323e-06, 2.503224e-06
27.000000, 2.857416e-06, 3.357164e-06, 3.357164e-06, 2.353843e-06
27.100000, 3.023097e-06, 3.299377e-06, 3.299377e-06, 2.186852e-06
27.200000, 3.160907e-06, 3.220840e-06, 3.220840e-06, 1.999443e-06
27.300000, 3.266235e-06, 3.129160e-06, 3.129160e-06, 1.806648e-06
27.400000, 3.365510e-06, 3.037059e-06, 3.037059e-06, 1.626806e-06
27.500000, 3.422717e-06, 2.931207e-06, 2.931207e-06, 1.465989e-06
27.600000, 3.479645e-06, 2.814125e-06, 2.814125e-06, 1.295218e-06
27.700000, 3.474211e-06, 2.688549e-06, 2.688549e-06, 1.128481e-06
27.800000, 3.437680e-06, 2.548273e-06, 2.548273e-06, 9.865420e-07
27.900000, 3.390336e-06, 2.417734e-06, 2.417734e-06, 8.295712e-07
28.000000, 3.317537e-06, 2.278301e-06, 2.278301e-06, 6.850326e-07
28.100000, 3.252165e-06, 2.140691e-06, 2.140691e-06, 5.463856e-07
28.200000, 3.150431e-06, 1.998908e-06, 1.998908e-06, 3.941002e-07
28.300000, 3.033977e-06, 1.855363e-06, 1.855363e-06, 2.597554e-07
28.400000, 2.907446e-06, 1.709422e-06, 1.709422e-06, 1.224203e-07
28.500000, 2.766995e-06, 1.554997e-06, 1.554997e-06, -1.028362e-08
28.600000, 2.624214e-06, 1.410423e-06, 1.410423e-06, -1.427777e-07
28.700000, 2.475604e-06, 1.269733e-06, 1.269733e-06, -2.899010e-07
28.800000, 2.323039e-06, 1.127353e-06, 1.127353e-06, -4.382060e-07
28.900000, 2.178029e-06, 9.936459e-07, 9.936459e-07, -5.831006e-07
29.000000, 2.036025e-06, 8.575655e-07, 8.575655e-07, -7.146147e-07
29.100000, 1.909013e-06, 7.369930e-07, 7.369930e-07, -8.322569e-07
29.200000, 1.792851e-06, 6.205583e-07, 6.205583e-07, -9.353049e-07
29.300000, 1.675364e-06, 5.048840e-07, 5.048840e-07, -1.047799e-06
29.400000, 1.576355e-06, 3.999020e-07, 3.999020e-07, -1.148761e-06
29.500000, 1.475832e-06, 3.100117e-07, 3.100117e-07, -1.249246e-06
29.600000, 1.381630e-06, 2.333089e-07, 2.333089e-07, -1.336448e-06
29.700000, 1.315175e-06, 1.605438e-07, 1.605438e-07, -1.402937e-06
29.800000, 1.260466e-06, 8.478712e-08, 8.478712e-08, -1.475501e-06
29.900000, 1.225587e-06, 2.005251e-08, 2.005251e-08, -1.530949e-06
30.000000, 1.179489e-06, -3.888374e-08, -3.888374e-08, -1.587065e-06
30.100000, 1.148881e-06, -9.289135e-08, -9.289135e-08, -1.630067e-06
30.200000, 1.117402e-06, -1.366893e-07, -1.366893e-07, -1.677117e-06
30.300000, 1.085331e-06, -1.839187e-07, -1.839187e-07, -1.722788e-06
30.400000, 1.062720e-06, -2.317075e-07, -2.317075e-07, -1.757234e-06
30.500000, 1.045633e-06, -2.776884e-07, -2.776884e-07, -1.788812e-06
30.600000, 1.040204e-06, -3.205878e-07, -3.205878e-07, -1.817446e-06
30.700000, 1.015536e-06, -3.583597e-07, -3.583597e-07, -1.849604e-06
30.800000, 1.014032e-06, -3.901092e-07, -3.901092e-07, -1.869467e-06
30.900000, 1.023364e-06, -4.138775e-07, -4.138775e-07, -1.891508e-06
31.000000, 1.032105e-06, -4.344174e-07, -4.344174e-07, -1.905793e-06
31.100000, 1.053857e-06, -4.533095e-07, -4.533095e-07, -1.906702e-06
31.200000, 1.057322e-06, -4.674523e-07, -4.674523e-07, -1.907139e-06
31.300000, 1.064745e-06, -4.793745e-07, -4.793745e-07, -1.899372e-06
31.400000, 1.070710e-06, -4.880579e-07, -4.880579e-07, -1.891775e-06
31.500000, 1.094492e-06, -4.842648e-07, -4.842648e-07, -1.878833e-06
31.600000, 1.112667e-06, -4.748140e-07, -4.748140e-07, -1.871326e-06
31.700000, 1.135265e-06, -4.630863e-07, -4.630863e-07, -1.850119e-06
31.800000, 1.160190e-06, -4.496302e-07, -4.496302e-07, -1.830867e-06
31.900000, 1.181569e-06, -4.398360e-07, -4.398360e-07, -1.802656e-06
32.000000, 1.197115e-06, -4.204800e-07, -4.204800e-07, -1.776205e-06
32.100000, 1.220071e-06, -3.965199e-07, -3.965199e-07, -1.756762e-06
32.200000, 1.240101e-06, -3.757990e-07, -3.757990e-07, -1.738901e-06
32.300000, 1.260903e-06, -3.556998e-07, -3.556998e-07, -1.716645e-06
32.400000, 1.278768e-06, -3.329337e-07, -3.329337e-07, -1.689682e-06
32.500000, 1.295800e-06, -3.107823e-07, -3.107823e-07, -1.668475e-06
32.600000, 1.308174e-06, -2.858167e-07, -2.858167e-07, -1.652344e-06
32.700000, 1.321875e-06, -2.677775e-07, -2.677775e-07, -1.638816e-06
32.800000, 1.334608e-06, -2.529591e-07, -2.529591e-07, -1.635637e-06
32.900000, 1.352198e-06, -2.402733e-07, -2.402733e-07, -1.634037e-06
33.000000, 1.352301e-06, -2.273817e-07, -2.273817e-07, -1.632570e-06
33.100000, 1.343009e-06, -2.175088e-07, -2.175088e-07, -1.630880e-06
33.200000, 1.349323e-06, -2.149511e-07, -2.149511e-07, -1.623755e-06
33.300000, 1.352816e-06, -2.102317e-07, -2.102317e-07, -1.619886e-06
33.400000, 1.361544e-06, -2.061469e-07, -2.061469e-07, -1.619437e-06
33.500000, 1.361037e-06, -2.025707e-07, -2.025707e-07, -1.620523e-06
33.600000, 1.360195e-06, -1.997091e-07, -1.997091e-07, -1.622323e-06
33.700000, 1.373103e-06, -1.981738e-07, -1.981738e-07, -1.625820e-06
33.800000, 1.372511e-06, -1.964032e-07, -1.964032e-07, -1.626928e-06
33.900000, 1.384449e-06, -1.894557e-07, -1.894557e-07, -1.626972e-06
34.000000, 1.394950e-06, -1.894663e-07, -1.894663e-07, -1.620412e-06
34.100000, 1.405875e-06, -1.848112e-07, -1.848112e-07, -1.607972e-06
34.200000, 1.417550e-06, -1.817144e-07, -1.817144e-07, -1.592211e-06
34.300000, 1.435149e-06, -1.714327e-07, -1.714327e-07, -1.577417e-06
34.400000, 1.450317e-06, -1.564068e-07, -1.564068e-07, -1.560662e-06
34.500000, 1.464870e-06, -1.451264e-07, -1.451264e-07, -1.536643e-06
34.600000, 1.485269e-06, -1.383224e-07, -1.383224e-07, -1.510143e-06
34.700000, 1.498438e-06, -1.263897e-07, -1.263897e-07, -1.478268e-06
34.800000, 1.514256e-06, -1.155368e-07, -1.155368e-07, -1.447670e-06
34.900000, 1.519807e-06, -9.631970e-08, -9.631970e-08, -1.417128e-06
35.000000, 1.522149e-06, -8.245603e-08, -8.245603e-08, -1.382021e-06
35.100000, 1.523708e-06, -7.159330e-08, -7.159330e-08, -1.344878e-06
35.200000, 1.515179e-06, -6.289686e-08, -6.289686e-08, -1.312651e-06
35.300000, 1.507894e-06, -5.470640e-08, -5.470640e-08, -1.277098e-06
35.400000, 1.496723e-06, -4.964811e-08, -4.964811e-08, -1.243206e-06
35.500000, 1.483596e-06, -4.771287e-08, -4.771287e-08, -1.215007e-06
35.600000, 1.461772e-06, -4.728303e-08, -4.728303e-08, -1.187679e-06
35.700000, 1.426816e-06, -4.858266e-08, -4.858266e-08, -1.160425e-06
35.800000, 1.392508e-06, -4.741069e-08, -4.741069e-08, -1.141360e-06
35.900000, 1.348818e-06, -4.672903e-08, -4.672903e-08, -1.119808e-06
36.000000, 1.302858e-06, -5.218380e-08, -5.218380e-08, -1.093304e-06
36.100000, 1.259146e-06, -5.314681e-08, -5.314681e-08, -1.069426e-06
36.200000, 1.216112e-06, -5.801562e-08, -5.801562e-08, -1.048407e-06
36.300000, 1.172746e-06, -6.137503e-08, -6.137503e-08, -1.031534e-06
36.400000, 1.124313e-06, -6.749332e-08, -6.749332e-08, -1.012647e-06
36.500000, 1.071633e-06, -7.178806e-08, -7.178806e-08, -9.926539e-07
36.600000, 1.018895e-06, -7.620942e-08, -7.620942e-08, -9.693917e-07
36.700000, 9.677206e-07, -7.856914e-08, -7.856914e-08, -9.439498e-07
36.800000, 9.193897e-07, -7.870921e-08, -7.870921e-08, -9.174642e-07
36.900000, 8.773864e-07, -7.585316e-08, -7.585316e-08, -8.906944e-07
37.000000, 8.314711e-07, -7.546174e-08, -7.546174e-08, -8.628156e-07
37.100000, 7.951637e-07, -7.401733e-08, -7.401733e-08, -8.358943e-07
37.200000, 7.552754e-07, -6.983443e-08, -6.983443e-08, -8.118970e-07
37.300000, 7.175085e-07, -6.774554e-08, -6.774554e-08, -7.813646e-07
37.400000, 6.871970e-07, -6.553518e-08, -6.553518e-08, -7.512996e-07
37.500000, 6.547439e-07, -6.091183e-08, -6.091183e-08, -7.210273e-07
37.600000, 6.273232e-07, -5.554872e-08, -5.554872e-08, -6.933475e-07
37.700000, 6.017187e-07, -4.970349e-08, -4.970349e-08, -6.645623e-07
37.800000, 5.771135e-07, -4.125343e-08, -4.125343e-08, -6.332659e-07
37.900000, 5.549473e-07, -3.577821e-08, -3.577821e-08, -6.044809e-07
38.000000, 5.356668e-07, -3.215020e-08, -3.215020e-08, -5.716197e-07
38.100000, 5.180304e-07, -2.691444e-08, -2.691444e-08, -5.425997e-07
38.200000, 4.985219e-07, -2.208808e-08, -2.208808e-08, -5.171910e-07
38.300000, 4.841152e-07, -1.856106e-08, -1.856106e-08, -4.885416e-07
38.400000, 4.643849e-07, -1.360581e-08, -1.360581e-08, -4.661060e-07
38.500000, 4.488841e-07, -8.390390e-09, -8.390390e-09, -4.417792e-07
38.600000, 4.294412e-07, -4.562858e-09, -4.562858e-09, -4.210509e-07
38.700000, 4.177184e-07, -1.514318e-09, -1.514318e-09, -3.945211e-07
38.800000, 4.024942e-07, 9.113663e-10, 9.113663e-10, -3.661131e-07
38.900000, 3.856075e-07, 3.735819e-09, 3.735819e-09, -3.404232e-07
39.000000, 3.717921e-07, 8.262579e-09, 8.262579e-09, -3.145218e-07
39.100000, 3.544259e-07, 1.046545e-08, 1.046545e-08, -2.940459e-07
39.200000, 3.371733e-07, 1.551260e-08, 1.551260e-08, -2.753289e-07
39.300000, 3.238731e-07, 1.838126e-08, 1.838126e-08, -2.557343e-07
39.400000, 3.063344e-07, 2.160645e-08, 2.160645e-08, -2.359791e-07
39.500000, 2.950885e-07, 2.587557e-08, 2.587557e-08, -2.157033e-07
39.600000, 2.804290e-07, 3.117476e-08, 3.117476e-08, -1.972515e-07
39.700000, 2.688859e-07, 3.614208e-08, 3.614208e-08, -1.790905e-07
39.800000, 2.550736e-07, 3.934594e-08, 3.934594e-08, -1.626527e-07
39.900000, 2.420525e-07, 4.360163e-08, 4.360163e-08, -1.487569e-07
40.000000, 2.276281e-07, 4.526817e-08, 4.526817e-08, -1.370032e-07
40.100000, 2.155630e-07, 4.790137e-08, 4.790137e-08, -1.257364e-07
40.200000, 2.019920e-07, 4.974209e-08, 4.974209e-08, -1.183283e-07
40.300000, 1.879071e-07, 5.178597e-08, 5.178597e-08, -1.072501e-07
40.400000, 1.755923e-07, 5.295672e-08, 5.295672e-08, -9.936054e-08
40.500000, 1.663467e-07, 5.615700e-08, 5.615700e-08, -9.246064e-08
40.600000, 1.529755e-07, 5.864390e-08, 5.864390e-08, -8.659226e-08
40.700000, 1.423366e-07, 5.991063e-08, 5.991063e-08, -8.012076e-08
40.800000, 1.327525e-07, 6.036684e-08, 6.036684e-08, -7.534201e-08
40.900000, 1.227078e-07, 5.879848e-08, 5.879848e-08, -7.260001e-08
41.000000, 1.102989e-07, 5.854762e-08, 5.854762e-08, -7.087562e-08
41.100000, 1.033631e-07, 5.804161e-08, 5.804161e-08, -6.743700e-08
41.200000, 9.182921e-08, 5.629135e-08, 5.629135e-08, -6.683727e-08
41.300000, 8.294509e-08, 5.384947e-08, 5.384947e-08, -6.707772e-08
41.400000, 7.467053e-08, 5.268151e-08, 5.268151e-08, -6.778379e-08
41.500000, 6.458899e-08, 5.044735e-08, 5.044735e-08, -7.012217e-08
41.600000, 5.779421e-08, 4.695458e-08, 4.695458e-08, -7.054808e-08
41.700000, 5.040453e-08, 4.242159e-08, 4.242159e-08, -7.367069e-08
41.800000, 4.443792e-08, 3.787290e-08, 3.787290e-08, -7.598140e-08
41.900000, 3.710744e-08, 3.428403e-08, 3.428403e-08, -8.132344e-08
42.000000, 2.872695e-08, 3.063026e-08, 3.063026e-08, -8.668501e-08
42.100000, 2.302759e-08, 2.530860e-08, 2.530860e-08, -8.996302e-08
42.200000, 1.695155e-08, 2.019292e-08, 2.019292e-08, -9.186043e-08
42.300000, 1.328193e-08, 1.582959e-08, 1.582959e-08, -9.506083e-08
42.400000, 8.023629e-09, 1.197457e-08, 1.197457e-08, -9.728428e-08
42.500000, 2.143380e-09, 6.746930e-09, 6.746930e-09, -9.963779e-08
42.600000, -5.767684e-09, 2.838988e-09, 2.838988e-09, -1.012955e-07
42.700000, -1.149884e-08, -1.677157e-09, -1.677157e-09, -1.024817e-07
42.800000, -1.582609e-08, -3.645237e-09, -3.645237e-09, -1.057890e-07
42.900000, -1.768195e-08, -5.287715e-09, -5.287715e-09, -1.054172e-07
43.000000, -1.891361e-08, -8.541068e-09, -8.541068e-09, -1.031540e-07
43.100000, -2.053559e-08, -1.047575e-08, -1.047575e-08, -1.016897e-07
43.200000, -2.070390e-08, -1.325202e-08, -1.325202e-08, -9.954325e-08
43.300000, -2.205084e-08, -1.345656e-08, -1.345656e-08, -9.878016e-08
43.400000, -2.276721e-08, -1.401701e-08, -1.401701e-08, -9.686152e-08
43.500000, -2.152197e-08, -1.351662e-08, -1.351662e-08, -9.329644e-08
43.600000, -2.490604e-08, -1.459175e-08, -1.459175e-08, -9.129080e-08
43.700000, -2.641541e-08, -1.418084e-08, -1.418084e-08, -8.965740e-08
43.800000, -2.716783e-08, -1.254765e-08, -1.254765e-08, -8.972111e-08
43.900000, -2.757195e-08, -1.248040e-08, -1.248040e-08, -8.694275e-08
44.000000, -2.755587e-08, -1.106600e-08, -1.106600e-08, -8.545140e-08
44.100000, -2.770717e-08, -1.055068e-08, -1.055068e-08, -8.497568e-08
44.200000, -2.702388e-08, -1.091752e-08, -1.091752e-08, -8.335599e-08
44.300000, -2.907038e-08, -1.144330e-08, -1.144330e-08, -8.190948e-08
44.400000, -2.965587e-08, -1.129451e-08, -1.129451e-08, -7.941717e-08
44.500000, -2.908046e-08, -1.119573e-08, -1.119573e-08, -7.737265e-08
44.600000, -3.057164e-08, -1.084352e-08, -1.084352e-08, -7.705624e-08
44.700000, -3.046658e-08, -9.359440e-09, -9.359440e-09, -7.660823e-08
44.800000, -2.975008e-08, -7.538571e-09, -7.538571e-09, -7.537012e-08
44.900000, -3.025806e-08, -7.071191e-09, -7.071191e-09, -7.425495e-08
45.000000, -2.911206e-08, -6.316660e-09, -6.316660e-09, -7.156375e-08
45.100000, -2.839409e-08, -5.640894e-09, -5.640894e-09, -6.993218e-08
45.200000, -2.720824e-08, -6.144952e-09, -6.144952e-09, -6.779832e-08
45.300000, -2.519360e-08, -4.963963e-09, -4.963963e-09, -6.678104e-08
45.400000, -2.450306e-08, -3.444123e-09, -3.444123e-09, -6.545993e-08
45.500000, -2.256673e-08, -2.155902e-09, -2.155902e-09, -6.430409e-08
45.600000, -1.978091e-08, -1.761140e-09, -1.761140e-09, -6.350095e-08
45.700000, -1.754492e-08, -6.381626e-10, -6.381626e-10, -6.097154e-08
45.800000, -1.306571e-08, -6.646344e-10, -6.646344e-10, -5.950704e-08
45.900000, -1.117239e-08, -5.310528e-10, -5.310528e-10, -5.804776e-08
46.000000, -7.556589e-09, -2.489661e-11, -2.489662e-11, -5.603395e-08
46.100000, -6.780436e-09, 6.051910e-10, 6.051910e-10, -5.608960e-08
46.200000, -5.604780e-09, 2.687709e-10, 2.687709e-10, -5.636330e-08
46.300000, -3.260050e-09, 1.100086e-09, 1.100086e-09, -5.473737e-08
46.400000, -7.839730e-10, 1.305677e-09, 1.305677e-09, -5.369788e-08
46.500000, 1.626993e-09, 1.138895e-09, 1.138895e-09, -5.206729e-08
46.600000, 4.967693e-09, 9.302964e-10, 9.302964e-10, -5.097736e-08
46.700000, 6.967221e-09, 9.877086e-10, 9.877086e-10, -5.032603e-08
46.800000, 7.288115e-09, 7.350302e-10, 7.350302e-10, -4.863615e-08
46.900000, 8.258210e-09, 1.204805e-09, 1.204805e-09, -4.734678e-08
47.000000, 9.924389e-09, 8.090412e-10, 8.090412e-10, -4.663128e-08
47.100000, 1.058314e-08, 8.549215e-10, 8.549215e-10, -4.638959e-08
47.200000, 1.225725e-08, 1.388264e-09, 1.388264e-09, -4.653861e-08
47.300000, 1.312220e-08, 1.676009e-09, 1.676009e-09, -4.702746e-08
47.400000, 1.423458e-08, 2.517984e-09, 2.517984e-09, -4.778158e-08
47.500000, 1.441564e-08, 2.632324e-09, 2.632324e-09, -4.871395e-08
47.600000, 1.552920e-08, 2.887924e-09, 2.887924e-09, -4.813604e-08
47.700000, 1.714406e-08, 2.710784e-09, 2.710784e-09, -4.751190e-08
47.800000, 1.749429e-08, 2.459910e-09, 2.459910e-09, -4.694538e-08
47.900000, 1.812739e-08, 2.444738e-09, 2.444738e-09, -4.647947e-08
48.000000, 1.889793e-08, 2.452601e-09, 2.452601e-09, -4.620525e-08
48.100000, 1.946242e-08, 2.609920e-09, 2.609920e-09, -4.683100e-08
48.200000, 1.977671e-08, 3.576089e-09, 3.576089e-09, -4.790387e-08
48.300000, 2.042597e-08, 4.135073e-09, 4.135073e-09, -4.857183e-08
48.400000, 2.102748e-08, 4.300808e-09, 4.300808e-09, -4.839454e-08
48.500000, 2.174911e-08, 4.622573e-09, 4.622573e-09, -4.758774e-08
48.600000, 2.256598e-08, 4.582349e-09, 4.582349e-09, -4.661455e-08
48.700000, 2.376799e-08, 4.585773e-09, 4.585773e-09, -4.610340e-08
48.800000, 2.532888e-08, 5.178819e-09, 5.178819e-09, -4.581266e-08
48.900000, 2.589657e-08, 5.539443e-09, 5.539443e-09, -4.554095e-08
49.000000, 2.678713e-08, 5.620880e-09, 5.620880e-09, -4.506355e-08
49.100000, 2.722808e-08, 6.030494e-09, 6.030494e-09, -4.409024e-08
49.200000, 2.757202e-08, 6.441441e-09, 6.441441e-09, -4.402786e-08
49.300000, 2.870551e-08, 6.535878e-09, 6.535878e-09, -4.281823e-08
49.400000, 2.957206e-08, 6.859248e-09, 6.859248e-09, -4.213808e-08
49.500000, 3.113696e-08, 7.194946e-09, 7.194947e-09, -4.128557e-08
49.600000, 3.132112e-08, 7.206462e-09, 7.206462e-09, -4.054743e-08
49.700000, 3.176374e-08, 7.428468e-09, 7.428468e-09, -3.945705e-08
49.800000, 3.277598e-08, 7.444989e-09, 7.444989e-09, -3.904779e-08
49.900000, 3.292927e-08, 6.867360e-09, 6.867360e-09, -3.798662e-08
50.000000, 3.346887e-08, 7.009634e-09, 7.009634e-09, -3.724690e-08
50.100000, 3.347495e-08, 7.140436e-09, 7.140436e-09, -3.652857e-08
50.200000, 3.326787e-08, 7.450043e-09, 7.450043e-09, -3.558615e-08
50.300000, 3.390158e-08, 7.827388e-09, 7.827388e-09, -3.434938e-08
50.400000, 3.346209e-08, 8.140869e-09, 8.140869e-09, -3.342254e-08
50.500000, 3.316882e-08, 8.142546e-09, 8.142546e-09, -3.238776e-08
50.600000, 3.328809e-08, 8.342846e-09, 8.342846e-09, -3.128327e-08
50.700000, 3.315633e-08, 8.324410e-09, 8.324410e-09, -3.017713e-08
50.800000, 3.310460e-08, 8.711275e-09, 8.711275e-09, -2.926137e-08
50.900000, 3.371519e-08, 9.134440e-09, 9.134440e-09, -2.836671e-08
51.000000, 3.359451e-08, 9.737894e-09, 9.737894e-09, -2.766635e-08
51.100000, 3.357805e-08, 9.791467e-09, 9.791467e-09, -2.695274e-08
51.200000, 3.352239e-08, 9.893449e-09, 9.893449e-09, -2.629642e-08
51.300000, 3.328230e-08, 9.960009e-09, 9.960009e-09, -2.516517e-08
51.400000, 3.304021e-08, 1.002433e-08, 1.002433e-08, -2.445723e-08
51.500000, 3.215140e-08, 1.013524e-08, 1.013524e-08, -2.417567e-08
51.600000, 3.176793e-08, 1.016767e-08, 1.016767e-08, -2.386901e-08
51.700000, 3.164489e-08, 1.024750e-08, 1.024750e-08, -2.385784e-08
51.800000, 3.152748e-08, 1.027664e-08, 1.027664e-08, -2.346469e-08
51.900000, 3.174883e-08, 1.045011e-08, 1.045011e-08, -2.302402e-08
52.000000, 3.159492e-08, 1.025858e-08, 1.025858e-08, -2.251545e-08
52.100000, 3.119522e-08, 9.744035e-09, 9.744035e-09, -2.201943e-08
52.200000, 3.067045e-08, 9.376603e-09, 9.376603e-09, -2.172574e-08
52.300000, 3.052141e-08, 9.120448e-09, 9.120448e-09, -2.131991e-08
52.400000, 3.038642e-08, 8.882549e-09, 8.882549e-09, -2.091497e-08
52.500000, 2.985267e-08, 8.939396e-09, 8.939396e-09, -2.065042e-08
52.600000, 2.969667e-08, 8.633510e-09, 8.633510e-09, -2.090397e-08
52.700000, 2.937103e-08, 8.363322e-09, 8.363323e-09, -2.102650e-08
52.800000, 2.946894e-08, 7.995469e-09, 7.995469e-09, -2.113056e-08
52.900000, 2.951086e-08, 7.763411e-09, 7.763411e-09, -2.100319e-08
53.000000, 2.953401e-08, 7.571242e-09, 7.571242e-09, -2.068091e-08
53.100000, 2.916642e-08, 7.186333e-09, 7.186333e-09, -2.077880e-08
53.200000, 2.900001e-08, 6.801798e-09, 6.801798e-09, -2.040698e-08
53.300000, 2.857644e-08, 6.408921e-09, 6.408921e-09, -2.015583e-08
53.400000, 2.829178e-08, 6.192576e-09, 6.192576e-09, -1.979109e-08
53.500000, 2.783481e-08, 5.872936e-09, 5.872936e-09, -1.972660e-08
53.600000, 2.729879e-08, 5.645508e-09, 5.645508e-09, -1.988052e-08
53.700000, 2.683444e-08, 5.241950e-09, 5.241950e-09, -2.012456e-08
53.800000, 2.642763e-08, 4.828334e-09, 4.828334e-09, -1.981087e-08
53.900000, 2.591437e-08, 4.644518e-09, 4.644518e-09, -1.954577e-08
54.000000, 2.561233e-08, 4.382440e-09, 4.382440e-09, -1.934925e-08
54.100000, 2.504366e-08, 3.959568e-09, 3.959568e-09, -1.898350e-08
54.200000, 2.492495e-08, 3.426550e-09, 3.426551e-09, -1.870633e-08
54.300000, 2.448179e-08, 3.375366e-09, 3.375366e-09, -1.852793e-08
54.400000, 2.405125e-08, 3.175875e-09, 3.175875e-09, -1.837186e-08
54.500000, 2.346346e-08, 3.048916e-09, 3.048916e-09, -1.807323e-08
54.600000, 2.275353e-08, 2.776441e-09, 2.776441e-09, -1.774305e-08
54.700000, 2.208300e-08, 2.394787e-09, 2.394787e-09, -1.728124e-08
54.800000, 2.148120e-08, 2.203364e-09, 2.203364e-09, -1.719900e-08
54.900000, 2.112581e-08, 2.083953e-09, 2.083953e-09, -1.671939e-08
55.000000, 2.056685e-08, 1.908063e-09, 1.908063e-09, -1.635805e-08
55.100000, 2.020346e-08, 1.848036e-09, 1.848036e-09, -1.590481e-08
55.200000, 1.979666e-08, 1.597150e-09, 1.597150e-09, -1.555673e-08
55.300000, 1.926288e-08, 1.586509e-09, 1.586509e-09, -1.521885e-08
55.400000, 1.862633e-08, 1.492944e-09, 1.492944e-09, -1.507609e-08
55.500000, 1.804074e-08, 1.346084e-09, 1.346084e-09, -1.457809e-08
55.600000, 1.772521e-08, 1.168435e-09, 1.168435e-09, -1.419985e-08
55.700000, 1.711964e-08, 1.008345e-09, 1.008345e-09, -1.396799e-08
55.800000, 1.665166e-08, 1.067942e-09, 1.067942e-09, -1.367370e-08
55.900000, 1.624783e-08, 9.095282e-10, 9.095282e-10, -1.325363e-08
56.000000, 1.570752e-08, 7.997485e-10, 7.997485e-10, -1.294368e-08
56.100000, 1.518473e-08, 8.193215e-10, 8.193216e-10, -1.268717e-08
56.200000, 1.475233e-08, 7.423199e-10, 7.423199e-10, -1.260877e-08
56.300000, 1.454345e-08, 6.633886e-10, 6.633887e-10, -1.243031e-08
56.400000, 1.403994e-08, 7.065393e-10, 7.065394e-10, -1.225123e-08
56.500000, 1.366762e-08, 6.427548e-10, 6.427548e-10, -1.196688e-08
56.600000, 1.343422e-08, 7.363754e-10, 7.363755e-10, -1.165443e-08
56.700000, 1.302835e-08, 8.020566e-10, 8.020567e-10, -1.144526e-08
56.800000, 1.264968e-08, 8.081214e-10, 8.081214e-10, -1.140397e-08
56.900000, 1.236201e-08, 7.261723e-10, 7.261724e-10, -1.118510e-08
57.000000, 1.206839e-08, 6.424287e-10, 6.424288e-10, -1.095465e-08
57.100000, 1.176315e-08, 6.675517e-10, 6.675517e-10, -1.074290e-08
57.200000, 1.154214e-08, 6.777517e-10, 6.777518e-10, -1.048109e-08
57.300000, 1.118628e-08, 7.116762e-10, 7.116763e-10, -1.028013e-08
57.400000, 1.095491e-08, 7.496650e-10, 7.496651e-10, -1.005366e-08
57.500000, 1.063611e-08, 6.080334e-10, 6.080334e-10, -9.682082e-09
57.600000, 1.030557e-08, 5.665317e-10, 5.665318e-10, -9.448627e-09
57.700000, 1.002883e-08, 5.537795e-10, 5.537796e-10, -9.175517e-09
57.800000, 9.684544e-09, 5.153124e-10, 5.153124e-10, -8.969346e-09
57.900000, 9.466028e-09, 5.276725e-10, 5.276726e-10, -8.800502e-09
58.000000, 8.999370e-09, 5.055877e-10, 5.055877e-10, -8.670941e-09
58.100000, 8.725288e-09, 4.882816e-10, 4.882817e-10, -8.585004e-09
58.200000, 8.506495e-09, 4.804449e-10, 4.804449e-10, -8.458528e-09
58.300000, 8.181164e-09, 4.758576e-10, 4.758576e-10, -8.190442e-09
58.400000, 7.966404e-09, 4.347761e-10, 4.347762e-10, -8.068368e-09
58.500000, 7.621051e-09, 3.839445e-10, 3.839445e-10, -7.983902e-09
58.600000, 7.227992e-09, 3.247483e-10, 3.247483e-10, -7.947993e-09
58.700000, 6.922093e-09, 3.383822e-10, 3.383822e-10, -7.821355e-09
58.800000, 6.545819e-09, 3.221099e-10, 3.221099e-10, -7.696158e-09
58.900000, 6.421378e-09, 3.108940e-10, 3.108940e-10, -7.454261e-09
59.000000, 6.275257e-09, 2.779060e-10, 2.779060e-10, -7.355508e-09
59.100000, 6.012232e-09, 2.638022e-10, 2.638022e-10, -7.196015e-09
59.200000, 5.693863e-09, 2.720749e-10, 2.720749e-10, -7.010557e-09
59.300000, 5.553476e-09, 2.977250e-10, 2.977250e-10, -6.965906e-09
59.400000, 5.173756e-09, 3.567662e-10, 3.567663e-10, -6.870574e-09
59.500000, 4.970913e-09, 3.754710e-10, 3.754710e-10, -6.774454e-09
59.600000, 4.774864e-09, 3.475147e-10, 3.475147e-10, -6.619858e-09
59.700000, 4.583870e-09, 3.356318e-10, 3.356318e-10, -6.474374e-09
59.800000, 4.338533e-09, 3.511465e-10, 3.511465e-10, -6.382440e-09
59.900000, 4.205126e-09, 3.839152e-10, 3.839152e-10, -6.223511e-09
60.000000, 3.970805e-09, 3.732239e-10, 3.732239e-10, -6.130205e-09
60.100000, 3.735406e-09, 3.273816e-10, 3.273816e-10, -6.007346e-09
60.200000, 3.488872e-09, 2.881553e-10, 2.881554e-10, -5.934369e-09
60.300000, 3.393794e-09, 2.196871e-10, 2.196872e-10, -5.779068e-09
60.400000, 3.198159e-09, 2.191474e-10, 2.191474e-10, -5.639619e-09
60.500000, 3.129071e-09, 2.393545e-10, 2.393545e-10, -5.519259e-09
60.600000, 2.981229e-09, 2.396993e-10, 2.396993e-10, -5.461364e-09
60.700000, 2.855890e-09, 2.380291e-10, 2.380291e-10, -5.435828e-09
60.800000, 2.657181e-09, 2.223865e-10, 2.223865e-10, -5.358251e-09
60.900000, 2.532898e-09, 2.530824e-10, 2.530824e-10, -5.169666e-09
61.000000, 2.304404e-09, 1.856520e-10, 1.856520e-10, -5.036401e-09
61.100000, 2.222500e-09, 1.390254e-10, 1.390254e-10, -4.842183e-09
61.200000, 2.037853e-09, 1.159191e-10, 1.159191e-10, -4.752222e-09
61.300000, 1.981191e-09, 7.810945e-11, 7.810946e-11, -4.595310e-09
61.400000, 1.876292e-09, 4.869485e-11, 4.869486e-11, -4.484748e-09
61.500000, 1.826512e-09, 7.840634e-11, 7.840635e-11, -4.377778e-09
61.600000, 1.722558e-09, 1.001143e-10, 1.001143e-10, -4.285077e-09
61.700000, 1.652191e-09, 8.491159e-11, 8.491160e-11, -4.122442e-09
61.800000, 1.539970e-09, 1.107744e-10, 1.107744e-10, -4.056320e-09
61.900000, 1.456031e-09, 1.503787e-10, 1.503787e-10, -3.982776e-09
62.000000, 1.304084e-09, 1.667266e-10, 1.667266e-10, -3.859498e-09
62.100000, 1.276294e-09, 1.853392e-10, 1.853392e-10, -3.766835e-09
62.200000, 1.184120e-09, 2.249725e-10, 2.249725e-10, -3.699894e-09
62.300000, 1.125021e-09, 2.102161e-10, 2.102161e-10, -3.601973e-09
62.400000, 1.048084e-09, 2.073468e-10, 2.073468e-10, -3.526032e-09
62.500000, 9.904424e-10, 2.291726e-10, 2.291726e-10, -3.427906e-09
62.600000, 8.702882e-10, 1.955176e-10, 1.955176e-10, -3.382968e-09
62.700000, 8.499074e-10, 2.337356e-10, 2.337356e-10, -3.307168e-09
62.800000, 7.855503e-10, 2.496829e-10, 2.496829e-10, -3.225916e-09
62.900000, 7.335137e-10, 2.805494e-10, 2.805494e-10, -3.142717e-09
63.000000, 6.051114e-10, 3.237734e-10, 3.237734e-10, -3.080404e-09
63.100000, 5.496837e-10, 3.467708e-10, 3.467708e-10, -2.986541e-09
63.200000, 4.698225e-10, 3.364549e-10, 3.364549e-10, -2.933846e-09
63.300000, 4.294806e-10, 3.349932e-10, 3.349932e-10, -2.837588e-09
63.400000, 3.374819e-10, 3.334757e-10, 3.334756e-10, -2.764476e-09
63.500000, 3.210789e-10, 3.226395e-10, 3.226395e-10, -2.679273e-09
63.600000, 2.887221e-10, 3.063185e-10, 3.063185e-10, -2.631759e-09
63.700000, 2.724100e-10, 3.327224e-10, 3.327224e-10, -2.561392e-09
63.800000, 2.440093e-10, 3.347983e-10, 3.347983e-10, -2.500428e-09
63.900000, 2.254560e-10, 3.538461e-10, 3.538461e-10, -2.431299e-09
64.000000, 1.749631e-10, 3.312925e-10, 3.312925e-10, -2.386708e-09
64.100000, 1.479476e-10, 3.337515e-10, 3.337515e-10, -2.333654e-09
64.200000, 1.467321e-10, 3.192019e-10, 3.192019e-10, -2.301404e-09
64.300000, 1.356805e-10, 3.256192e-10, 3.256192e-10, -2.260953e-09
64.400000, 9.840325e-11, 3.107062e-10, 3.107062e-10, -2.226988e-09
64.500000, 7.742370e-11, 3.302442e-10, 3.302442e-10, -2.138859e-09
64.600000, 7.294753e-11, 3.127118e-10, 3.127118e-10, -2.097479e-09
64.700000, 1.145940e-10, 3.139367e-10, 3.139367e-10, -2.068307e-09
64.800000, 1.029176e-10, 3.146006e-10, 3.146006e-10, -2.040537e-09
64.900000, 9.977684e-11, 3.200310e-10, 3.200310e-10, -1.987983e-09
65.000000, 9.687201e-11, 3.202624e-10, 3.202624e-10, -1.953337e-09
65.100000, 1.003208e-10, 3.340232e-10, 3.340232e-10, -1.897028e-09
65.200000, 9.807991e-11, 3.294659e-10, 3.294659e-10, -1.871965e-09
65.300000, 1.177155e-10, 3.383760e-10, 3.383760e-10, -1.811519e-09
65.400000, 1.161459e-10, 3.064878e-10, 3.064878e-10, -1.775786e-09
65.500000, 1.067880e-10, 3.173795e-10, 3.173795e-10, -1.747591e-09
65.600000, 1.018663e-10, 3.119823e-10, 3.119823e-10, -1.729617e-09
65.700000, 1.177765e-10, 3.125674e-10, 3.125674e-10, -1.691833e-09
65.800000, 1.167294e-10, 3.133932e-10, 3.133932e-10, -1.666946e-09
65.900000, 1.082894e-10, 3.230650e-10, 3.230650e-10, -1.626489e-09
66.000000, 9.488277e-11, 3.069405e-10, 3.069405e-10, -1.628851e-09
66.100000, 1.133983e-10, 3.177934e-10, 3.177934e-10, -1.599763e-09
66.200000, 1.278466e-10, 3.260042e-10, 3.260042e-10, -1.561615e-09
66.300000, 1.419429e-10, 3.343894e-10, 3.343894e-10, -1.513168e-09
66.400000, 1.382943e-10, 3.300797e-10, 3.300797e-10, -1.495421e-09
66.500000, 1.476701e-10, 3.212489e-10, 3.212489e-10, -1.451530e-09
66.600000, 1.308151e-10, 3.039468e-10, 3.039468e-10, -1.424411e-09
66.700000, 1.455224e-10, 3.059306e-10, 3.059306e-10, -1.376884e-09
66.800000, 1.638383e-10, 2.983394e-10, 2.983394e-10, -1.356371e-09
66.900000, 1.767565e-10, 2.941907e-10, 2.941907e-10, -1.328911e-09
67.000000, 1.698869e-10, 2.875775e-10, 2.875775e-10, -1.310151e-09
67.100000, 1.756315e-10, 2.883300e-10, 2.883300e-10, -1.268463e-09
67.200000, 1.713122e-10, 2.771511e-10, 2.771511e-10, -1.253989e-09
67.300000, 1.864138e-10, 2.942003e-10, 2.942003e-10, -1.223241e-09
67.400000, 1.896370e-10, 2.950118e-10, 2.950118e-10, -1.205897e-09
67.500000, 2.060590e-10, 2.914179e-10, 2.914179e-10, -1.181835e-09
67.600000, 2.111074e-10, 2.887647e-10, 2.887647e-10, -1.168087e-09
67.700000, 2.216907e-10, 2.944063e-10, 2.944063e-10, -1.130575e-09
67.800000, 2.290885e-10, 3.009620e-10, 3.009620e-10, -1.102742e-09
67.900000, 2.490243e-10, 3.088887e-10, 3.088887e-10, -1.069091e-09
68.000000, 2.467289e-10, 2.961167e-10, 2.961167e-10, -1.054069e-09
68.100000, 2.569443e-10, 2.891177e-10, 2.891176e-10, -1.039216e-09
68.200000, 2.599496e-10, 2.806609e-10, 2.806609e-10, -1.029641e-09
68.300000, 2.770056e-10, 2.853640e-10, 2.853640e-10, -9.955623e-10
68.400000, 2.824344e-10, 2.915533e-10, 2.915532e-10, -9.752867e-10
68.500000, 2.937410e-10, 2.986349e-10, 2.986349e-10, -9.341934e-10
68.600000, 2.874805e-10, 2.904223e-10, 2.904223e-10, -9.271513e-10
68.700000, 2.967386e-10, 2.882248e-10, 2.882247e-10, -8.984661e-10
68.800000, 2.939607e-10, 2.853593e-10, 2.853593e-10, -8.890862e-10
68.900000, 3.123711e-10, 2.849326e-10, 2.849326e-10, -8.513555e-10
69.000000, 3.195997e-10, 2.782343e-10, 2.782343e-10, -8.325479e-10
69.100000, 3.271180e-10, 2.760983e-10, 2.760983e-10, -8.129132e-10
69.200000, 3.198772e-10, 2.676793e-10, 2.676793e-10, -8.120716e-10
69.300000, 3.378893e-10, 2.653272e-10, 2.653272e-10, -7.899720e-10
69.400000, 3.330311e-10, 2.587978e-10, 2.587978e-10, -7.798200e-10
69.500000, 3.492470e-10, 2.595088e-10, 2.595088e-10, -7.535209e-10
69.600000, 3.451069e-10, 2.512717e-10, 2.512717e-10, -7.414721e-10
69.700000, 3.473420e-10, 2.453430e-10, 2.453430e-10, -7.203149e-10
69.800000, 3.362431e-10, 2.389257e-10, 2.389257e-10, -7.145930e-10
69.900000, 3.463807e-10, 2.417885e-10, 2.417885e-10, -6.872836e-10
70.000000, 3.458416e-10, 2.361115e-10, 2.361114e-10, -6.805031e-10
70.100000, 3.585200e-10, 2.378704e-10, 2.378703e-10, -6.586717e-10
70.200000, 3.578143e-10, 2.325158e-10, 2.325158e-10, -6.506197e-10
70.300000, 3.680085e-10, 2.311503e-10, 2.311502e-10, -6.266341e-10
70.400000, 3.639798e-10, 2.253153e-10, 2.253153e-10, -6.182700e-10
70.500000, 3.775588e-10, 2.274097e-10, 2.274097e-10, -5.921967e-10
70.600000, 3.702222e-10, 2.228319e-10, 2.228318e-10, -5.849698e-10
70.700000, 3.805002e-10, 2.219177e-10, 2.219177e-10, -5.633855e-10
70.800000, 3.754226e-10, 2.124807e-10, 2.124807e-10, -5.565794e-10
70.900000, 3.776907e-10, 2.115711e-10, 2.115711e-10, -5.418188e-10
71.000000, 3.680887e-10, 2.059400e-10, 2.059400e-10, -5.372637e-10
71.100000, 3.803636e-10, 2.052817e-10, 2.052817e-10, -5.180645e-10
71.200000, 3.704112e-10, 2.000904e-10, 2.000904e-10, -5.149217e-10
71.300000, 3.762957e-10, 1.999019e-10, 1.999019e-10, -5.002025e-10
71.400000, 3.692887e-10, 1.920590e-10, 1.920590e-10, -4.956609e-10
71.500000, 3.751988e-10, 1.895665e-10, 1.895665e-10, -4.780629e-10
71.600000, 3.690526e-10, 1.848272e-10, 1.848272e-10, -4.692314e-10
71.700000, 3.751973e-10, 1.852573e-10, 1.852573e-10, -4.500761e-10
71.800000, 3.661208e-10, 1.795640e-10, 1.795640e-10, -4.475620e-10
71.900000, 3.710701e-10, 1.764315e-10, 1.764315e-10, -4.314252e-10
72.000000, 3.568467e-10, 1.680745e-10, 1.680745e-10, -4.298079e-10
72.100000, 3.613181e-10, 1.651195e-10, 1.651195e-10, -4.150091e-10
72.200000, 3.498937e-10, 1.585876e-10, 1.585876e-10, -4.117776e-10
72.300000, 3.524087e-10, 1.564738e-10, 1.564738e-10, -3.954170e-10
72.400000, 3.399002e-10, 1.515729e-10, 1.515729e-10, -3.903367e-10
72.500000, 3.417427e-10, 1.492503e-10, 1.492503e-10, -3.741093e-10
72.600000, 3.318932e-10, 1.425953e-10, 1.425953e-10, -3.715596e-10
72.700000, 3.364784e-10, 1.430172e-10, 1.430172e-10, -3.570426e-10
72.800000, 3.239310e-10, 1.383708e-10, 1.383708e-10, -3.542550e-10
72.900000, 3.249162e-10, 1.365870e-10, 1.365870e-10, -3.415486e-10
73.000000, 3.154325e-10, 1.314297e-10, 1.314297e-10, -3.389893e-10
73.100000, 3.177099e-10, 1.306826e-10, 1.306826e-10, -3.260348e-10
73.200000, 3.078464e-10, 1.254476e-10, 1.254477e-10, -3.255014e-10
73.300000, 3.090105e-10, 1.253439e-10, 1.253439e-10, -3.117150e-10
73.400000, 2.983316e-10, 1.212819e-10, 1.212819e-10, -3.081278e-10
73.500000, 2.961852e-10, 1.204186e-10, 1.204187e-10, -2.944957e-10
73.600000, 2.832606e-10, 1.154044e-10, 1.154044e-10, -2.936666e-10
73.700000, 2.839851e-10, 1.142894e-10, 1.142894e-10, -2.829858e-10
73.800000, 2.710406e-10, 1.087724e-10, 1.087724e-10, -2.822564e-10
73.900000, 2.697816e-10, 1.086650e-10, 1.086650e-10, -2.698490e-10
74.000000, 2.579872e-10, 1.043275e-10, 1.043275e-10, -2.696125e-10
74.100000, 2.596997e-10, 1.041413e-10, 1.041413e-10, -2.584622e-10
74.200000, 2.475311e-10, 9.954823e-11, 9.954824e-11, -2.578737e-10
74.300000, 2.451344e-10, 1.001608e-10, 1.001608e-10, -2.462827e-10
74.400000, 2.332647e-10, 9.476468e-11, 9.476469e-11, -2.443448e-10
74.500000, 2.329044e-10, 9.416626e-11, 9.416627e-11, -2.322492e-10
74.600000, 2.213903e-10, 8.886201e-11, 8.886202e-11, -2.319887e-10
74.700000, 2.223636e-10, 8.804377e-11, 8.804378e-11, -2.209644e-10
74.800000, 2.102535e-10, 8.350907e-11, 8.350908e-11, -2.218845e-10
74.900000, 2.085030e-10, 8.348900e-11, 8.348902e-11, -2.125574e-10
75.000000, 1.963804e-10, 7.950281e-11, 7.950282e-11, -2.123950e-10
75.100000, 1.954129e-10, 7.940243e-11, 7.940244e-11, -2.008945e-10
75.200000, 1.836528e-10, 7.511615e-11, 7.511616e-11, -2.014467e-10
75.300000, 1.826477e-10, 7.491706e-11, 7.491707e-11, -1.921006e-10
75.400000, 1.707050e-10, 7.045720e-11, 7.045721e-11, -1.930391e-10
75.500000, 1.698812e-10, 7.068318e-11, 7.068319e-11, -1.837863e-10
75.600000, 1.599018e-10, 6.651198e-11, 6.651199e-11, -1.826044e-10
75.700000, 1.600367e-10, 6.731583e-11, 6.731585e-11, -1.720512e-10
75.800000, 1.492387e-10, 6.284873e-11, 6.284875e-11, -1.715133e-10
75.900000, 1.491597e-10, 6.254480e-11, 6.254481e-11, -1.611861e-10
76.000000, 1.390851e-10, 5.764970e-11, 5.764972e-11, -1.619658e-10
76.100000, 1.385664e-10, 5.803620e-11, 5.803622e-11, -1.534524e-10
76.200000, 1.282267e-10, 5.495504e-11, 5.495506e-11, -1.546762e-10
76.300000, 1.272636e-10, 5.585510e-11, 5.585512e-11, -1.457006e-10
76.400000, 1.161590e-10, 5.246838e-11, 5.246839e-11, -1.464311e-10
76.500000, 1.151960e-10, 5.269868e-11, 5.269869e-11, -1.380079e-10
76.600000, 1.044454e-10, 4.922412e-11, 4.922414e-11, -1.395241e-10
76.700000, 1.042761e-10, 5.033033e-11, 5.033035e-11, -1.318179e-10
76.800000, 9.396875e-11, 4.717815e-11, 4.717816e-11, -1.325848e-10
76.900000, 9.283166e-11, 4.757825e-11, 4.757827e-11, -1.247597e-10
77.000000, 8.320762e-11, 4.399855e-11, 4.399857e-11, -1.255778e-10
77.100000, 8.320014e-11, 4.501729e-11, 4.501731e-11, -1.178534e-10
77.200000, 7.375941e-11, 4.189381e-11, 4.189383e-11, -1.187825e-10
77.300000, 7.419202e-11, 4.315189e-11, 4.315191e-11, -1.106858e-10
77.400000, 6.430016e-11, 4.051953e-11, 4.051955e-11, -1.118101e-10
77.500000, 6.371739e-11, 4.131869e-11, 4.131871e-11, -1.046501e-10
77.600000, 5.367074e-11, 3.813898e-11, 3.813900e-11, -1.066922e-10
77.700000, 5.357850e-11, 3.908190e-11, 3.908192e-11, -9.918990e-11
77.800000, 4.393680e-11, 3.635311e-11, 3.635313e-11, -1.000119e-10
77.900000, 4.438380e-11, 3.720418e-11, 3.720421e-11, -9.285761e-11
78.000000, 3.568799e-11, 3.419204e-11, 3.419206e-11, -9.468742e-11
78.100000, 3.657532e-11, 3.492579e-11, 3.492581e-11, -8.734364e-11
78.200000, 2.801709e-11, 3.199356e-11, 3.199358e-11, -8.858822e-11
78.300000, 2.919685e-11, 3.302266e-11, 3.302268e-11, -8.169853e-11
78.400000, 2.101703e-11, 3.022538e-11, 3.022540e-11, -8.271004e-11
78.500000, 2.224503e-11, 3.154223e-11, 3.154225e-11, -7.562859e-11
78.600000, 1.421445e-11, 2.875189e-11, 2.875191e-11, -7.744593e-11
78.700000, 1.531484e-11, 2.985773e-11, 2.985775e-11, -7.101126e-11
78.800000, 7.451841e-12, 2.749180e-11, 2.749183e-11, -7.270976e-11
78.900000, 8.602269e-12, 2.880565e-11, 2.880567e-11, -6.618141e-11
79.000000, 9.433042e-13, 2.636990e-11, 2.636992e-11, -6.789655e-11
79.100000, 2.343235e-12, 2.752135e-11, 2.752137e-11, -6.171523e-11
79.200000, -5.121508e-12, 2.496191e-11, 2.496194e-11, -6.355517e-11
79.300000, -3.710735e-12, 2.598108e-11, 2.598110e-11, -5.718970e-11
79.400000, -1.062940e-11, 2.361449e-11, 2.361452e-11, -5.891003e-11
79.500000, -8.691184e-12, 2.496484e-11, 2.496486e-11, -5.263212e-11
79.600000, -1.542293e-11, 2.278848e-11, 2.278851e-11, -5.404841e-11
79.700000, -1.356787e-11, 2.418241e-11, 2.418244e-11, -4.790177e-11
79.800000, -2.041726e-11, 2.205490e-11, 2.205492e-11, -4.972828e-11
79.900000, -1.846215e-11, 2.339924e-11, 2.339926e-11, -4.379265e-11
80.000000, -2.524461e-11, 2.123909e-11, 2.123912e-11, -4.577495e-11
80.100000, -2.330772e-11, 2.257167e-11, 2.257169e-11, -4.000549e-11
80.200000, -2.972328e-11, 2.043610e-11, 2.043613e-11, -4.191708e-11
80.300000, -2.760540e-11, 2.185892e-11, 2.185894e-11, -3.617483e-11
80.400000, -3.379742e-11, 1.971344e-11, 1.971347e-11, -3.804323e-11
80.500000, -3.139243e-11, 2.101231e-11, 2.101234e-11, -3.230230e-11
80.600000, -3.735237e-11, 1.890912e-11, 1.890914e-11, -3.420038e-11
80.700000, -3.499570e-11, 2.025119e-11, 2.025122e-11, -2.873332e-11
80.800000, -4.074987e-11, 1.828219e-11, 1.828222e-11, -3.059651e-11
80.900000, -3.824825e-11, 1.964464e-11, 1.964466e-11, -2.510045e-11
81.000000, -4.368277e-11, 1.778346e-11, 1.778349e-11, -2.695280e-11
81.100000, -4.111819e-11, 1.933521e-11, 1.933524e-11, -2.158542e-11
81.200000, -4.651340e-11, 1.748274e-11, 1.748276e-11, -2.345610e-11
81.300000, -4.387885e-11, 1.897648e-11, 1.897651e-11, -1.819287e-11
81.400000, -4.907283e-11, 1.713362e-11, 1.713364e-11, -2.008959e-11
81.500000, -4.637821e-11, 1.849853e-11, 1.849856e-11, -1.506424e-11
81.600000, -5.128618e-11, 1.661638e-11, 1.661641e-11, -1.722705e-11
81.700000, -4.847872e-11, 1.804111e-11, 1.804114e-11, -1.222306e-11
81.800000, -5.332901e-11, 1.624250e-11, 1.624252e-11, -1.406125e-11
81.900000, -5.045648e-11, 1.766565e-11, 1.766567e-11, -9.155549e-12
82.000000, -5.513652e-11, 1.587904e-11, 1.587907e-11, -1.124626e-11
82.100000, -5.215348e-11, 1.733784e-11, 1.733786e-11, -6.402143e-12
82.200000, -5.678464e-11, 1.566815e-11, 1.566818e-11, -8.472517e-12
82.300000, -5.380026e-11, 1.711327e-11, 1.711330e-11, -3.792086e-12
82.400000, -5.825062e-11, 1.543685e-11, 1.543688e-11, -5.814981e-12
82.500000, -5.517409e-11, 1.692384e-11, 1.692387e-11, -1.191840e-12
82.600000, -5.955547e-11, 1.526115e-11, 1.526118e-11, -3.368013e-12
82.700000, -5.644031e-11, 1.663728e-11, 1.663731e-11, 1.175939e-12
82.800000, -6.065625e-11, 1.497434e-11, 1.497436e-11, -9.741343e-13
82.900000, -5.745136e-11, 1.638617e-11, 1.638619e-11, 3.440413e-12
83.000000, -6.159891e-11, 1.467020e-11, 1.467023e-11, 1.269882e-12
83.100000, -5.836685e-11, 1.603588e-11, 1.603590e-11, 5.620245e-12
83.200000, -6.234746e-11, 1.435229e-11, 1.435231e-11, 3.487301e-12
83.300000, -5.916536e-11, 1.572891e-11, 1.572894e-11, 7.782088e-12
83.400000, -6.301242e-11, 1.411171e-11, 1.411174e-11, 5.587814e-12
83.500000, -5.968742e-11, 1.547391e-11, 1.547394e-11, 9.801778e-12
83.600000, -6.337912e-11, 1.385762e-11, 1.385765e-11, 7.712140e-12
83.700000, -6.002480e-11, 1.522017e-11, 1.522020e-11, 1.181128e-11
83.800000, -6.365885e-11, 1.361210e-11, 1.361212e-11, 9.585310e-12
83.900000, -6.026179e-11, 1.496190e-11, 1.496193e-11, 1.362747e-11
84.000000, -6.380421e-11, 1.341279e-11, 1.341282e-11, 1.139496e-11
84.100000, -6.040848e-11, 1.471806e-11, 1.471809e-11, 1.529917e-11
84.200000, -6.386296e-11, 1.314273e-11, 1.314275e-11, 1.307690e-11
84.300000, -6.047567e-11, 1.447702e-11, 1.447704e-11, 1.693825e-11
84.400000, -6.384519e-11, 1.289658e-11, 1.289660e-11, 1.469851e-11
84.500000, -6.044088e-11, 1.420816e-11, 1.420818e-11, 1.849176e-11
84.600000, -6.374423e-11, 1.266698e-11, 1.266701e-11, 1.625120e-11
84.700000, -6.029692e-11, 1.395697e-11, 1.395699e-11, 1.994483e-11
84.800000, -6.357509e-11, 1.244826e-11, 1.244829e-11, 1.767135e-11
84.900000, -6.016803e-11, 1.372243e-11, 1.372245e-11, 2.134682e-11
85.000000, -6.333747e-11, 1.221118e-11, 1.221120e-11, 1.908497e-11
85.100000, -5.990713e-11, 1.349541e-11, 1.349543e-11, 2.265857e-11
85.200000, -6.304243e-11, 1.201042e-11, 1.201045e-11, 2.038131e-11
85.300000, -5.961245e-11, 1.323759e-11, 1.323762e-11, 2.389503e-11
85.400000, -6.271354e-11, 1.174565e-11, 1.174567e-11, 2.161267e-11
85.500000, -5.930805e-11, 1.296813e-11, 1.296815e-11, 2.507433e-11
85.600000, -6.230794e-11, 1.149764e-11, 1.149766e-11, 2.281816e-11
85.700000, -5.892285e-11, 1.271975e-11, 1.271977e-11, 2.620449e-11
85.800000, -6.186051e-11, 1.125506e-11, 1.125508e-11, 2.396705e-11
85.900000, -5.848851e-11, 1.247382e-11, 1.247384e-11, 2.730474e-11
86.000000, -6.140099e-11, 1.103470e-11, 1.103472e-11, 2.500796e-11
86.100000, -5.803118e-11, 1.222115e-11, 1.222117e-11, 2.830670e-11
86.200000, -6.088836e-11, 1.079175e-11, 1.079177e-11, 2.605336e-11
86.300000, -5.755154e-11, 1.198297e-11, 1.198299e-11, 2.928236e-11
86.400000, -6.034965e-11, 1.055636e-11, 1.055638e-11, 2.701299e-11
86.500000, -5.700542e-11, 1.172910e-11, 1.172912e-11, 3.018902e-11
86.600000, -5.977732e-11, 1.032268e-11, 1.032270e-11, 2.790724e-11
86.700000, -5.645041e-11, 1.147469e-11, 1.147471e-11, 3.102086e-11
86.800000, -5.918431e-11, 1.007926e-11, 1.007928e-11, 2.873527e-11
86.900000, -5.588529e-11, 1.122615e-11, 1.122617e-11, 3.176994e-11
87.000000, -5.859386e-11, 9.830543e-12, 9.830560e-12, 2.950480e-11
87.100000, -5.531146e-11, 1.096296e-11, 1.096297e-11, 3.251306e-11
87.200000, -5.797946e-11, 9.591214e-12, 9.591230e-12, 3.024741e-11
87.300000, -5.472239e-11, 1.071133e-11, 1.071135e-11, 3.321132e-11
87.400000, -5.736007e-11, 9.354670e-12, 9.354685e-12, 3.094062e-11
87.500000, -5.413452e-11, 1.046129e-11, 1.046130e-11, 3.383273e-11
87.600000, -5.672933e-11, 9.093544e-12, 9.093557e-12, 3.155613e-11
87.700000, -5.352228e-11, 1.019353e-11, 1.019354e-11, 3.438838e-11
87.800000, -5.610470e-11, 8.850305e-12, 8.850317e-12, 3.210771e-11
87.900000, -5.292190e-11, 9.929767e-12, 9.929779e-12, 3.491473e-11
88.000000, -5.546619e-11, 8.600944e-12, 8.600955e-12, 3.264418e-11
88.100000, -5.231172e-11, 9.672805e-12, 9.672816e-12, 3.539360e-11
88.200000, -5.482236e-11, 8.351471e-12, 8.351481e-12, 3.312044e-11
88.300000, -5.169705e-11, 9.417514e-12, 9.417523e-12, 3.582544e-11
88.400000, -5.418674e-11, 8.103210e-12, 8.103219e-12, 3.356155e-11
88.500000, -5.108592e-11, 9.153039e-12, 9.153048e-12, 3.621725e-11
88.600000, -5.354831e-11, 7.848938e-12, 7.848946e-12, 3.396069e-11
88.700000, -5.047016e-11, 8.887564e-12, 8.887571e-12, 3.657372e-11
88.800000, -5.290272e-11, 7.596656e-12, 7.596662e-12, 3.431856e-11
88.900000, -4.985767e-11, 8.626247e-12, 8.626253e-12, 3.689323e-11
89.000000, -5.226860e-11, 7.344375e-12, 7.344381e-12, 3.464971e-11
89.100000, -4.924844e-11, 8.363121e-12, 8.363126e-12, 3.717968e-11
89.200000, -5.164024e-11, 7.091552e-12, 7.091556e-12, 3.493453e-11
89.300000, -4.864921e-11, 8.098414e-12, 8.098418e-12, 3.742135e-11
89.400000, -5.101963e-11, 6.834104e-12, 6.834107e-12, 3.517716e-11
89.500000, -4.805526e-11, 7.830145e-12, 7.830148e-12, 3.762350e-11
89.600000, -5.040928e-11, 6.584282e-12, 6.584285e-12, 3.539435e-11
89.700000, -4.747924e-11, 7.574084e-12, 7.574086e-12, 3.780646e-11
89.800000, -4.981539e-11, 6.335455e-12, 6.335456e-12, 3.558468e-11
89.900000, -4.691477e-11, 7.317124e-12, 7.317125e-12, 3.796227e-11
90.000000, -4.923129e-11, 6.093756e-12, 6.093757e-12, 3.574609e-11
90.100000, -4.636248e-11, 7.067156e-12, 7.067156e-12, 3.807970e-11
90.200000, -4.866626e-11, 5.854825e-12, 5.854824e-12, 3.587125e-11
90.300000, -4.583035e-11, 6.820640e-12, 6.820638e-12, 3.817323e-11
90.400000, -4.811580e-11, 5.619725e-12, 5.619723e-12, 3.597438e-11
90.500000, -4.531095e-11, 6.578670e-12, 6.578667e-12, 3.824303e-11
90.600000, -4.757682e-11, 5.390406e-12, 5.390404e-12, 3.605419e-11
90.700000, -4.480121e-11, 6.342585e-12, 6.342581e-12, 3.829181e-11
90.800000, -4.705259e-11, 5.165964e-12, 5.165960e-12, 3.611573e-11
90.900000, -4.430608e-11, 6.109285e-12, 6.109281e-12, 3.831886e-11
91.000000, -4.654219e-11, 4.944381e-12, 4.944376e-12, 3.615441e-11
91.100000, -4.382691e-11, 5.880618e-12, 5.880613e-12, 3.833253e-11
91.200000, -4.604435e-11, 4.726891e-12, 4.726886e-12, 3.618003e-11
91.300000, -4.335536e-11, 5.656762e-12, 5.656756e-12, 3.832505e-11
91.400000, -4.555769e-11, 4.515023e-12, 4.515016e-12, 3.618597e-11
91.500000, -4.289696e-11, 5.437283e-12, 5.437276e-12, 3.830509e-11
91.600000, -4.508334e-11, 4.305656e-12, 4.305649e-12, 3.617829e-11
91.700000, -4.245015e-11, 5.221500e-12, 5.221492e-12, 3.827015e-11
91.800000, -4.462002e-11, 4.102617e-12, 4.102609e-12, 3.615470e-11
91.900000, -4.201523e-11, 5.011954e-12, 5.011945e-12, 3.821709e-11
92.000000, -4.416736e-11, 3.902789e-12, 3.902780e-12, 3.611489e-11
92.100000, -4.158841e-11, 4.804677e-12, 4.804667e-12, 3.815151e-11
92.200000, -4.372618e-11, 3.708579e-12, 3.708569e-12, 3.605947e-11
92.300000, -4.117545e-11, 4.604342e-12, 4.604332e-12, 3.807001e-11
92.400000, -4.329610e-11, 3.518326e-12, 3.518315e-12, 3.599279e-11
92.500000, -4.077056e-11, 4.407993e-12, 4.407982e-12, 3.797695e-11
92.600000, -4.287655e-11, 3.333386e-12, 3.333374e-12, 3.591191e-11
92.700000, -4.037717e-11, 4.217017e-12, 4.217005e-12, 3.787095e-11
92.800000, -4.246605e-11, 3.155316e-12, 3.155303e-12, 3.581960e-11
92.900000, -3.999024e-11, 4.033705e-12, 4.033692e-12, 3.775441e-11
93.000000, -4.206222e-11, 2.983484e-12, 2.983471e-12, 3.571404e-11
93.100000, -3.961177e-11, 3.857783e-12, 3.857769e-12, 3.762153e-11
93.200000, -4.166863e-11, 2.819116e-12, 2.819103e-12, 3.559326e-11
93.300000, -3.924267e-11, 3.688498e-12, 3.688484e-12, 3.747842e-11
93.400000, -4.128224e-11, 2.661185e-12, 2.661171e-12, 3.546224e-11
93.500000, -3.887842e-11, 3.524739e-12, 3.524724e-12, 3.732066e-11
93.600000, -4.090053e-11, 2.509235e-12, 2.509220e-12, 3.531513e-11
93.700000, -3.851968e-11, 3.367475e-12, 3.367459e-12, 3.714889e-11
93.800000, -4.052489e-11, 2.362133e-12, 2.362117e-12, 3.515357e-11
93.900000, -3.816541e-11, 3.215590e-12, 3.215573e-12, 3.696337e-11
94.000000, -4.015263e-11, 2.222339e-12, 2.222322e-12, 3.498010e-11
94.100000, -3.781324e-11, 3.070202e-12, 3.070185e-12, 3.676535e-11
94.200000, -3.978277e-11, 2.086600e-12, 2.086582e-12, 3.479276e-11
94.300000, -3.746304e-11, 2.929310e-12, 2.929293e-12, 3.655497e-11
94.400000, -3.941324e-11, 1.956578e-12, 1.956560e-12, 3.459471e-11
94.500000, -3.711264e-11, 2.793695e-12, 2.793677e-12, 3.633449e-11
94.600000, -3.904408e-11, 1.831067e-12, 1.831048e-12, 3.438567e-11
94.700000, -3.676204e-11, 2.662509e-12, 2.662491e-12, 3.610341e-11
94.800000, -3.867514e-11, 1.709339e-12, 1.709320e-12, 3.416618e-11
94.900000, -3.641129e-11, 2.535127e-12, 2.535108e-12, 3.586261e-11
95.000000, -3.830565e-11, 1.591853e-12, 1.591834e-12, 3.393805e-11
95.100000, -3.605966e-11, 2.412364e-12, 2.412344e-12, 3.561426e-11
95.200000, -3.793534e-11, 1.479052e-12, 1.479032e-12, 3.370231e-11
95.300000, -3.570770e-11, 2.294100e-12, 2.294079e-12, 3.535770e-11
95.400000, -3.756565e-11, 1.370592e-12, 1.370571e-12, 3.345857e-11
95.500000, -3.535658e-11, 2.180541e-12, 2.180519e-12, 3.509534e-11
95.600000, -3.719780e-11, 1.266537e-12, 1.266515e-12, 3.320947e-11
95.700000, -3.500759e-11, 2.071435e-12, 2.071412e-12, 3.482772e-11
95.800000, -3.683342e-11, 1.167025e-12, 1.167003e-12, 3.295596e-11
95.900000, -3.466349e-11, 1.966657e-12, 1.966634e-12, 3.455700e-11
96.000000, -3.647456e-11, 1.071972e-12, 1.071949e-12, 3.270001e-11
96.100000, -3.432474e-11, 1.867417e-12, 1.867393e-12, 3.428491e-11
96.200000, -3.612090e-11, 9.826540e-13, 9.826300e-13, 3.244361e-11
96.300000, -3.399108e-11, 1.773229e-12, 1.773204e-12, 3.401345e-11
96.400000, -3.577449e-11, 8.980416e-13, 8.980169e-13, 3.218828e-11
96.500000, -3.366600e-11, 1.684435e-12, 1.684410e-12, 3.374477e-11
96.600000, -3.543747e-11, 8.194522e-13, 8.194269e-13, 3.193667e-11
96.700000, -3.335211e-11, 1.601751e-12, 1.601726e-12, 3.348035e-11
96.800000, -3.511339e-11, 7.465924e-13, 7.465663e-13, 3.169036e-11
96.900000, -3.305034e-11, 1.524795e-12, 1.524769e-12, 3.322161e-11
97.000000, -3.480043e-11, 6.791745e-13, 6.791479e-13, 3.144862e-11
97.100000, -3.275985e-11, 1.453140e-12, 1.453113e-12, 3.296770e-11
97.200000, -3.450039e-11, 6.169851e-13, 6.169579e-13, 3.121254e-11
97.300000, -3.248366e-11, 1.386878e-12, 1.386850e-12, 3.272045e-11
97.400000, -3.421568e-11, 5.602355e-13, 5.602077e-13, 3.098300e-11
97.500000, -3.222171e-11, 1.325953e-12, 1.325925e-12, 3.247955e-11
97.600000, -3.394464e-11, 5.085189e-13, 5.084905e-13, 3.076011e-11
97.700000, -3.197340e-11, 1.270147e-12, 1.270118e-12, 3.224650e-11
97.800000, -3.368686e-11, 4.619101e-13, 4.618812e-13, 3.054551e-11
97.900000, -3.173891e-11, 1.219556e-12, 1.219527e-12, 3.202165e-11
98.000000, -3.344385e-11, 4.203927e-13, 4.203632e-13, 3.033807e-11
98.100000, -3.151727e-11, 1.173924e-12, 1.173894e-12, 3.180335e-11
98.200000, -3.321226e-11, 3.836315e-13, 3.836016e-13, 3.013668e-11
98.300000, -3.130640e-11, 1.132952e-12, 1.132922e-12, 3.159094e-11
98.400000, -3.299074e-11, 3.511940e-13, 3.511636e-13, 2.994046e-11
98.500000, -3.110367e-11, 1.096103e-12, 1.096073e-12, 3.138311e-11
98.600000, -3.277573e-11, 3.228854e-13, 3.228546e-13, 2.974828e-11
98.700000, -3.090687e-11, 1.063601e-12, 1.063570e-12, 3.117826e-11
98.800000, -3.256601e-11, 2.985921e-13, 2.985609e-13, 2.955634e-11
98.900000, -3.071297e-11, 1.034839e-12, 1.034807e-12, 3.097216e-11
99.000000, -3.235756e-11, 2.777252e-13, 2.776936e-13, 2.936183e-11
99.100000, -3.051918e-11, 1.009511e-12, 1.009479e-12, 3.076155e-11
99.200000, -3.214730e-11, 2.602494e-13, 2.602175e-13, 2.916137e-11
99.300000, -3.032006e-11, 9.873207e-13, 9.872886e-13, 3.054460e-11
99.400000, -3.192983e-11, 2.456014e-13, 2.455692e-13, 2.895295e-11
99.500000, -3.011280e-11, 9.679970e-13, 9.679646e-13, 3.031766e-11
99.600000, -3.170298e-11, 2.336035e-13, 2.335710e-13, 2.873245e-11
99.700000, -2.989427e-11, 9.512463e-13, 9.512137e-13, 3.007657e-11
99.800000, -3.146150e-11, 2.238914e-13, 2.238586e-13, 2.849549e-11
99.900000, -2.965598e-11, 9.363761e-13, 9.363432e-13, 2.981738e-11
100.000000, -3.119769e-11, 2.158151e-13, 2.157821e-13, 2.823863e-11
100.100000, -2.939530e-11, 9.233116e-13, 9.232785e-13, 2.953746e-11
100.200000, -3.091106e-11, 2.094550e-13, 2.094218e-13, 2.795950e-11
100.300000, -2.910847e-11, 9.115871e-13, 9.115539e-13, 2.923312e-11
100.400000, -3.059527e-11, 2.038879e-13, 2.038546e-13, 2.765485e-11
100.500000, -2.879190e-11, 9.007075e-13, 9.006741e-13, 2.890372e-11
100.600000, -3.025080e-11, 1.992545e-13, 1.992210e-13, 2.732478e-11
100.700000, -2.844630e-11, 8.906388e-13, 8.906052e-13, 2.854820e-11
100.800000, -2.987665e-11, 1.951204e-13, 1.950867e-13, 2.696838e-11
100.900000, -2.807073e-11, 8.809961e-13, 8.809623e-13, 2.816740e-11
101.000000, -2.947293e-11, 1.911536e-13, 1.911197e-13, 2.658763e-11
101.100000, -2.766596e-11, 8.714934e-13, 8.714595e-13, 2.776357e-11
101.200000, -2.904251e-11, 1.875471e-13, 1.875131e-13, 2.618545e-11
101.300000, -2.723907e-11, 8.626618e-13, 8.626277e-13, 2.734103e-11
101.400000, -2.859454e-11, 1.845380e-13, 1.845038e-13, 2.576782e-11
101.500000, -2.679779e-11, 8.544578e-13, 8.544236e-13, 2.690603e-11
101.600000, -2.813537e-11, 1.820846e-13, 1.820503e-13, 2.534045e-11
101.700000, -2.634857e-11, 8.468425e-13, 8.468082e-13, 2.646600e-11
101.800000, -2.767260e-11, 1.803824e-13, 1.803481e-13, 2.491321e-11
101.900000, -2.590151e-11, 8.403225e-13, 8.402882e-13, 2.603060e-11
102.000000, -2.721944e-11, 1.799828e-13, 1.799483e-13, 2.449528e-11
102.100000, -2.547105e-11, 8.354585e-13, 8.354240e-13, 2.561119e-11
102.200000, -2.678987e-11, 1.815609e-13, 1.815264e-13, 2.409997e-11
102.300000, -2.507145e-11, 8.331534e-13, 8.331189e-13, 2.522027e-11
102.400000, -2.640020e-11, 1.862041e-13, 1.861696e-13, 2.373888e-11
102.500000, -2.472187e-11, 8.346062e-13, 8.345718e-13, 2.487027e-11
102.600000, -2.606972e-11, 1.951646e-13, 1.951303e-13, 2.342560e-11
102.700000, -2.443932e-11, 8.408471e-13, 8.408127e-13, 2.457652e-11
102.800000, -2.581492e-11, 2.093679e-13, 2.093336e-13, 2.317809e-11
102.900000, -2.424122e-11, 8.528563e-13, 8.528220e-13, 2.435685e-11
103.000000, -2.565318e-11, 2.296038e-13, 2.295696e-13, 2.301150e-11
103.100000, -2.414541e-11, 8.712696e-13, 8.712355e-13, 2.422604e-11
103.200000, -2.560438e-11, 2.564929e-13, 2.564589e-13, 2.294219e-11
103.300000, -2.417119e-11, 8.964920e-13, 8.964581e-13, 2.420102e-11
103.400000, -2.568530e-11, 2.900689e-13, 2.900351e-13, 2.298599e-11
103.500000, -2.433536e-11, 9.283313e-13, 9.282976e-13, 2.429658e-11
103.600000, -2.591239e-11, 3.300037e-13, 3.299700e-13, 2.315790e-11
103.700000, -2.465147e-11, 9.660896e-13, 9.660561e-13, 2.452665e-11
103.800000, -2.629605e-11, 3.752157e-13, 3.751823e-13, 2.346870e-11
103.900000, -2.512827e-11, 1.008827e-12, 1.008794e-12, 2.489795e-11
104.000000, -2.684319e-11, 4.248956e-13, 4.248624e-13, 2.392126e-11
104.100000, -2.576711e-11, 1.055184e-12, 1.055151e-12, 2.541210e-11
104.200000, -2.754764e-11, 4.769760e-13, 4.769431e-13, 2.451755e-11
104.300000, -2.655624e-11, 1.102607e-12, 1.102574e-12, 2.606873e-11
104.400000, -2.839455e-11, 5.288290e-13, 5.287962e-13, 2.525108e-11
104.500000, -2.747699e-11, 1.148720e-12, 1.148687e-12, 2.685539e-11
104.600000, -2.935891e-11, 5.779858e-13, 5.779533e-13, 2.610550e-11
104.700000, -2.849766e-11, 1.190588e-12, 1.190556e-12, 2.775082e-11
104.800000, -3.040269e-11, 6.210700e-13, 6.210379e-13, 2.705315e-11
104.900000, -2.957603e-11, 1.224634e-12, 1.224602e-12, 2.872019e-11
105.000000, -3.147959e-11, 6.544632e-13, 6.544314e-13, 2.805253e-11
105.100000, -3.065861e-11, 1.247423e-12, 1.247391e-12, 2.971843e-11
105.200000, -3.253228e-11, 6.754823e-13, 6.754508e-13, 2.905505e-11
105.300000, -3.168833e-11, 1.257150e-12, 1.257119e-12, 3.069188e-11
105.400000, -3.350117e-11, 6.828383e-13, 6.828071e-13, 3.000469e-11
105.500000, -3.260141e-11, 1.252472e-12, 1.252441e-12, 3.158298e-11
105.600000, -3.431972e-11, 6.746672e-13, 6.746364e-13, 3.084071e-11
105.700000, -3.333121e-11, 1.231724e-12, 1.231693e-12, 3.233116e-11
105.800000, -3.492481e-11, 6.504252e-13, 6.503947e-13, 3.150639e-11
105.900000, -3.381929e-11, 1.195065e-12, 1.195034e-12, 3.288266e-11
106.000000, -3.526304e-11, 6.103727e-13, 6.103426e-13, 3.195073e-11
106.100000, -3.401824e-11, 1.142946e-12, 1.142916e-12, 3.319186e-11
106.200000, -3.529334e-11, 5.553811e-13, 5.553514e-13, 3.213531e-11
106.300000, -3.389379e-11, 1.076754e-12, 1.076724e-12, 3.322746e-11
106.400000, -3.498945e-11, 4.871685e-13, 4.871392e-13, 3.203614e-11
106.500000, -3.343109e-11, 9.984238e-13, 9.983948e-13, 3.297148e-11
106.600000, -3.435217e-11, 4.080573e-13, 4.080285e-13, 3.163680e-11
106.700000, -3.264417e-11, 9.106130e-13, 9.105844e-13, 3.241026e-11
106.800000, -3.340038e-11, 3.207982e-13, 3.207699e-13, 3.093490e-11
106.900000, -3.155563e-11, 8.160227e-13, 8.159945e-13, 3.155606e-11
107.000000, -3.216585e-11, 2.281013e-13, 2.280735e-13, 2.995515e-11
107.100000, -3.020896e-11, 7.175155e-13, 7.174879e-13, 3.044498e-11
107.200000, -3.070302e-11, 1.329945e-13, 1.329671e-13, 2.874429e-11
107.300000, -2.866660e-11, 6.181957e-13, 6.181685e-13, 2.913210e-11
107.400000, -2.907817e-11, 3.855225e-14, 3.852531e-14, 2.736196e-11
107.500000, -2.699511e-11, 5.210119e-13, 5.209852e-13, 2.767784e-11
107.600000, -2.735594e-11, -5.244774e-14, -5.247417e-14, 2.586695e-11
107.700000, -2.525598e-11, 4.286158e-13, 4.285897e-13, 2.613822e-11
107.800000, -2.559384e-11, -1.374054e-13, -1.374312e-13, 2.431193e-11
107.900000, -2.350227e-11, 3.435899e-13, 3.435644e-13, 2.456204e-11
108.000000, -2.384015e-11, -2.137912e-13, -2.138165e-13, 2.274140e-11
108.100000, -2.177698e-11, 2.681132e-13, 2.680882e-13, 2.298911e-11
108.200000, -2.213207e-11, -2.802128e-13, -2.802375e-13, 2.119006e-11
108.300000, -2.011128e-11, 2.027694e-13, 2.027451e-13, 2.144889e-11
108.400000, -2.049481e-11, -3.365179e-13, -3.365419e-13, 1.968232e-11
108.500000, -1.852471e-11, 1.475225e-13, 1.474989e-13, 1.996094e-11
108.600000, -1.894265e-11, -3.829084e-13, -3.829316e-13, 1.823321e-11
108.700000, -1.702679e-11, 1.019744e-13, 1.019516e-13, 1.853630e-11
108.800000, -1.748089e-11, -4.199799e-13, -4.200023e-13, 1.685039e-11
108.900000, -1.561903e-11, 6.536720e-14, 6.534523e-14, 1.717975e-11
109.000000, -1.610757e-11, -4.486137e-13, -4.486353e-13, 1.553606e-11
109.100000, -1.429648e-11, 3.673232e-14, 3.671121e-14, 1.589099e-11
109.200000, -1.481537e-11, -4.698447e-13, -4.698654e-13, 1.428725e-11
109.300000, -1.304997e-11, 1.495993e-14, 1.493976e-14, 1.466419e-11
109.400000, -1.359353e-11, -4.848462e-13, -4.848659e-13, 1.309555e-11
109.500000, -1.186726e-11, -1.157686e-15, -1.176909e-15, 1.348911e-11
109.600000, -1.242865e-11, -4.948510e-13, -4.948698e-13, 1.194974e-11
109.700000, -1.073447e-11, -1.287596e-14, -1.289414e-14, 1.235428e-11
109.800000, -1.130714e-11, -5.011254e-13, -5.011431e-13, 1.083874e-11
109.900000, -9.638887e-12, -2.146536e-14, -2.148251e-14, 1.124953e-11
110.000000, -1.021748e-11, -5.049194e-13, -5.049360e-13, 9.753597e-12
110.100000, -8.570247e-12, -2.812036e-14, -2.813643e-14, 1.016716e-11
110.200000, -9.150536e-12, -5.073537e-13, -5.073692e-13, 8.687666e-12
110.300000, -7.520326e-12, -3.387783e-14, -3.389279e-14, 9.101316e-12
110.400000, -8.098718e-12, -5.093631e-13, -5.093774e-13, 7.635651e-12
110.500000, -6.481890e-12, -3.958397e-14, -3.959775e-14, 8.047005e-12
110.600000, -7.054851e-12, -5.117784e-13, -5.117916e-13, 6.592609e-12
110.700000, -5.447523e-12, -4.614099e-14, -4.615361e-14, 6.999082e-12
110.800000, -6.011008e-12, -5.156044e-13, -5.156164e-13, 5.552926e-12
110.900000, -4.408548e-12, -5.463775e-14, -5.464917e-14, 5.951203e-12
111.000000, -4.957548e-12, -5.219804e-13, -5.219913e-13, 4.509312e-12
111.100000, -3.354231e-12, -6.623419e-14, -6.624442e-14, 4.895002e-12
111.200000, -3.882714e-12, -5.320590e-13, -5.320686e-13, 3.452368e-12
111.300000, -2.272159e-12, -8.206280e-14, -8.207183e-14, 3.820319e-12
111.400000, -2.774046e-12, -5.469528e-13, -5.469612e-13, 2.371685e-12
111.500000, -1.150551e-12, -1.032086e-13, -1.032164e-13, 2.717172e-12
111.600000, -1.621088e-12, -5.676969e-13, -5.677041e-13, 1.258451e-12
111.700000, 1.940926e-14, -1.306353e-13, -1.306420e-13, 1.578685e-12
111.800000, -4.166906e-13, -5.951679e-13, -5.951739e-13, 1.083952e-13
111.900000, 1.243000e-12, -1.651377e-13, -1.651432e-13, 4.034203e-13
112.000000, 8.420118e-13, -6.300885e-13, -6.300934e-13, -1.077296e-12
112.100000, 2.520111e-12, -2.073497e-13, -2.073540e-13, -8.050221e-13
112.200000, 2.151567e-12, -6.729644e-13, -6.729680e-13, -2.292589e-12
112.300000, 3.843668e-12, -2.576116e-13, -2.576147e-13, -2.037939e-12
112.400000, 3.500943e-12, -7.239460e-13, -7.239485e-13, -3.525662e-12
112.500000, 5.198265e-12, -3.158938e-13, -3.158958e-13, -3.279863e-12
112.600000, 4.869956e-12, -7.828469e-13, -7.828483e-13, -4.756979e-12
112.700000, 6.558618e-12, -3.818104e-13, -3.818112e-13, -4.506928e-12
112.800000, 6.228037e-12, -8.488370e-13, -8.488372e-13, -5.958175e-12
112.900000, 7.888917e-12, -4.537711e-13, -4.537707e-13, -5.686256e-12
113.000000, 7.534466e-12, -9.196320e-13, -9.196310e-13, -7.092134e-12
113.100000, 9.144087e-12, -5.292138e-13, -5.292123e-13, -6.776920e-12
113.200000, 8.740381e-12, -9.926625e-13, -9.926604e-13, -8.114518e-12
113.300000, 1.027191e-11, -6.055876e-13, -6.055849e-13, -7.731641e-12
113.400000, 9.790698e-12, -1.065350e-12, -1.065347e-12, -8.975641e-12
113.500000, 1.121521e-11, -6.802352e-13, -6.802314e-13, -8.498930e-12
113.600000, 1.062738e-11, -1.134942e-12, -1.134937e-12, -9.623376e-12
113.700000, 1.191723e-11, -7.503527e-13, -7.503477e-13, -9.028361e-12
113.800000, 1.119822e-11, -1.198653e-12, -1.198648e-12, -1.001246e-11
113.900000, 1.233410e-11, -8.132561e-13, -8.132500e-13, -9.283211e-12
114.000000, 1.147036e-11, -1.253986e-12, -1.253979e-12, -1.011669e-11
114.100000, 1.244447e-11, -8.666281e-13, -8.666208e-13, -9.248343e-12
114.200000, 1.143138e-11, -1.298656e-12, -1.298648e-12, -9.932816e-12
114.300000, 1.223968e-11, -9.081771e-13, -9.081687e-13, -8.934256e-12
114.400000, 1.107734e-11, -1.330516e-12, -1.330507e-12, -9.481727e-12
114.500000, 1.172816e-11, -9.361060e-13, -9.360964e-13, -8.364097e-12
114.600000, 1.043103e-11, -1.348151e-12, -1.348141e-12, -8.787600e-12
114.700000, 1.094287e-11, -9.492436e-13, -9.492330e-13, -7.567213e-12
114.800000, 9.532310e-12, -1.350743e-12, -1.350732e-12, -7.886125e-12
114.900000, 9.929310e-12, -9.472547e-13, -9.472429e-13, -6.585352e-12
115.000000, 8.431800e-12, -1.338302e-12, -1.338290e-12, -6.825015e-12
115.100000, 8.742865e-12, -9.302975e-13, -9.302846e-13, -5.470409e-12
115.200000, 7.188682e-12, -1.311090e-12, -1.311077e-12, -5.657890e-12
115.300000, 7.446012e-12, -8.992938e-13, -8.992798e-13, -4.277855e-12
115.400000, 5.867602e-12, -1.271071e-12, -1.271056e-12, -4.442858e-12
115.500000, 6.102296e-12, -8.563785e-13, -8.563635e-13, -3.065068e-12
115.600000, 4.528605e-12, -1.219801e-12, -1.219786e-12, -3.233472e-12
115.700000, 4.767046e-12, -8.029593e-13, -8.029432e-13, -1.883316e-12
115.800000, 3.223942e-12, -1.159179e-12, -1.159163e-12, -2.078030e-12
115.900000, 3.491896e-12, -7.417809e-13, -7.417640e-13, -7.755490e-13
116.000000, 2.000852e-12, -1.092607e-12, -1.092590e-12, -1.015669e-12
116.100000, 2.316813e-12, -6.763332e-13, -6.763153e-13, 2.229775e-13
116.200000, 8.950557e-13, -1.023403e-12, -1.023385e-12, -7.495812e-14
116.300000, 1.273192e-12, -6.096748e-13, -6.096561e-13, 1.090534e-12
116.400000, -6.831490e-14, -9.542658e-13, -9.542467e-13, 7.282808e-13
116.500000, 3.797649e-13, -5.441140e-13, -5.440946e-13, 1.815918e-12
116.600000, -8.764353e-13, -8.873922e-13, -8.873724e-13, 1.386697e-12
116.700000, -3.542621e-13, -4.819565e-13, -4.819364e-13, 2.397408e-12
116.800000, -1.522985e-12, -8.248405e-13, -8.248200e-13, 1.904051e-12
116.900000, -9.276328e-13, -4.248273e-13, -4.248065e-13, 2.840648e-12
117.000000, -2.013530e-12, -7.677575e-13, -7.677365e-13, 2.285485e-12
117.100000, -1.350862e-12, -3.734073e-13, -3.733860e-13, 3.151802e-12
117.200000, -2.359960e-12, -7.168404e-13, -7.168189e-13, 2.540588e-12
117.300000, -1.636925e-12, -3.284301e-13, -3.284084e-13, 3.344015e-12
117.400000, -2.577839e-12, -6.724280e-13, -6.724060e-13, 2.685068e-12
117.500000, -1.803896e-12, -2.899617e-13, -2.899395e-13, 3.433622e-12
117.600000, -2.685335e-12, -6.345855e-13, -6.345631e-13, 2.734764e-12
117.700000, -1.869578e-12, -2.578515e-13, -2.578290e-13, 3.437077e-12
117.800000, -2.702124e-12, -6.027000e-13, -6.026773e-13, 2.706943e-12
117.900000, -1.853812e-12, -2.312833e-13, -2.312605e-13, 3.371063e-12
118.000000, -2.645994e-12, -5.760823e-13, -5.760594e-13, 2.616618e-12
118.100000, -1.773896e-12, -2.095280e-13, -2.095050e-13, 3.250497e-12
118.200000, -2.534117e-12, -5.537301e-13, -5.537070e-13, 2.480733e-12
118.300000, -1.645752e-12, -1.914746e-13, -1.914513e-13, 3.092226e-12
118.400000, -2.382345e-12, -5.344506e-13, -5.344273e-13, 2.313740e-12
118.500000, -1.486969e-12, -1.758363e-13, -1.758129e-13, 2.909071e-12
118.600000, -2.208176e-12, -5.171258e-13, -5.171024e-13, 2.127143e-12
118.700000, -1.312454e-12, -1.617158e-13, -1.616924e-13, 2.711504e-12
118.800000, -2.024307e-12, -5.009762e-13, -5.009528e-13, 1.932081e-12
118.900000, -1.134281e-12, -1.483562e-13, -1.483328e-13, 2.511337e-12
119.000000, -1.843061e-12, -4.852749e-13, -4.852516e-13, 1.738605e-12
119.100000, -9.636664e-13, -1.352150e-13, -1.351917e-13, 2.316403e-12
119.200000, -1.673042e-12, -4.697124e-13, -4.696891e-13, 1.554534e-12
119.300000, -8.069414e-13, -1.221540e-13, -1.221307e-13, 2.134654e-12
119.400000, -1.519174e-12, -4.541846e-13, -4.541615e-13, 1.385867e-12
119.500000, -6.688577e-13, -1.090789e-13, -1.090559e-13, 1.970504e-12
119.600000, -1.387569e-12, -4.385858e-13, -4.385629e-13, 1.237367e-12
119.700000, -5.567438e-13, -9.572014e-14, -9.569734e-14, 1.828505e-12
119.800000, -1.283588e-12, -4.225824e-13, -4.225597e-13, 1.112010e-12
119.900000, -4.719708e-13, -8.193265e-14, -8.191014e-14, 1.710220e-12
120.000000, -1.206651e-12, -4.062152e-13, -4.061929e-13, 1.010866e-12
120.100000, -4.137987e-13, -6.785533e-14, -6.783322e-14, 1.616782e-12
120.200000, -1.155427e-12, -3.898541e-13, -3.898322e-13, 9.342586e-13
120.300000, -3.808077e-13, -5.399817e-14, -5.397645e-14, 1.546812e-12
120.400000, -1.129823e-12, -3.736315e-13, -3.736100e-13, 8.804031e-13
120.500000, -3.724413e-13, -4.015906e-14, -4.013783e-14, 1.499541e-12
120.600000, -1.125843e-12, -3.577274e-13, -3.577065e-13, 8.481825e-13
120.700000, -3.828845e-13, -2.688570e-14, -2.686505e-14, 1.471796e-12
120.800000, -1.140013e-12, -3.423417e-13, -3.423213e-13, 8.337895e-13
120.900000, -4.111146e-13, -1.405234e-14, -1.403226e-14, 1.460678e-12
121.000000, -1.169502e-12, -3.275898e-13, -3.275700e-13, 8.344269e-13
121.100000, -4.503310e-13, -2.055427e-15, -2.036021e-15, 1.462988e-12
121.200000, -1.206908e-12, -3.137500e-13, -3.137309e-13, 8.463888e-13
121.300000, -4.958596e-13, 8.998656e-15, 9.017365e-15, 1.474558e-12
121.400000, -1.249457e-12, -3.009555e-13, -3.009372e-13, 8.657939e-13
121.500000, -5.455910e-13, 1.905625e-14, 1.907418e-14, 1.491863e-12
121.600000, -1.294350e-12, -2.892431e-13, -2.892256e-13, 8.896714e-13
121.700000, -5.949092e-13, 2.786817e-14, 2.788528e-14, 1.512999e-12
121.800000, -1.337357e-12, -2.787825e-13, -2.787659e-13, 9.160796e-13
121.900000, -6.415860e-13, 3.544546e-14, 3.546173e-14, 1.535007e-12
122.000000, -1.376470e-12, -2.697321e-13, -2.697163e-13, 9.422700e-13
122.100000, -6.827128e-13, 4.153706e-14, 4.155242e-14, 1.555356e-12
122.200000, -1.409485e-12, -2.621748e-13, -2.621599e-13, 9.648451e-13
122.300000, -7.172724e-13, 4.619344e-14, 4.620787e-14, 1.571312e-12
122.400000, -1.434548e-12, -2.561011e-13, -2.560872e-13, 9.825574e-13
122.500000, -7.426437e-13, 4.927892e-14, 4.929239e-14, 1.581612e-12
122.600000, -1.449956e-12, -2.517439e-13, -2.517309e-13, 9.939840e-13
122.700000, -7.580150e-13, 5.067384e-14, 5.068627e-14, 1.585606e-12
122.800000, -1.454361e-12, -2.490463e-13, -2.490344e-13, 9.991218e-13
122.900000, -7.613793e-13, 5.033176e-14, 5.034314e-14, 1.582764e-12
123.000000, -1.447433e-12, -2.481233e-13, -2.481125e-13, 9.965409e-13
123.100000, -7.536905e-13, 4.830468e-14, 4.831498e-14, 1.572251e-12
123.200000, -1.429511e-12, -2.487552e-13, -2.487455e-13, 9.868225e-13
123.300000, -7.357909e-13, 4.495409e-14, 4.496326e-14, 1.555018e-12
123.400000, -1.401233e-12, -2.507132e-13, -2.507046e-13, 9.705252e-13
123.500000, -7.070468e-13, 4.020106e-14, 4.020907e-14, 1.531232e-12
123.600000, -1.362976e-12, -2.540694e-13, -2.540619e-13, 9.477555e-13
123.700000, -6.693535e-13, 3.413084e-14, 3.413768e-14, 1.501537e-12
123.800000, -1.316774e-12, -2.586494e-13, -2.586431e-13, 9.196806e-13
123.900000, -6.241643e-13, 2.692432e-14, 2.692999e-14, 1.466835e-12
124.000000, -1.262682e-12, -2.644093e-13, -2.644042e-13, 8.864701e-13
124.100000, -5.707516e-13, 1.857647e-14, 1.858091e-14, 1.427211e-12
124.200000, -1.201411e-12, -2.712546e-13, -2.712508e-13, 8.487462e-13
124.300000, -5.118744e-13, 9.277259e-15, 9.280452e-15, 1.383372e-12
124.400000, -1.135931e-12, -2.788531e-13, -2.788505e-13, 8.073621e-13
124.500000, -4.501534e-13, -5.026495e-16, -5.006607e-16, 1.336751e-12
124.600000, -1.069282e-12, -2.866764e-13, -2.866750e-13, 7.638383e-13
124.700000, -3.876263e-13, -1.030100e-14, -1.030022e-14, 1.288743e-12
124.800000, -1.001411e-12, -2.945667e-13, -2.945666e-13, 7.192004e-13
124.900000, -3.238831e-13, -2.016230e-14, -2.016273e-14, 1.239883e-12
125.000000, -9.334316e-13, -3.022926e-13, -3.022937e-13, 6.742884e-13
125.100000, -2.611267e-13, -2.966848e-14, -2.967016e-14, 1.191138e-12
125.200000, -8.668816e-13, -3.096527e-13, -3.096550e-13, 6.298881e-13
125.300000, -2.002942e-13, -3.866524e-14, -3.866815e-14, 1.143535e-12
125.400000, -8.035422e-13, -3.163635e-13, -3.163670e-13, 5.871588e-13
125.500000, -1.436375e-13, -4.692062e-14, -4.692475e-14, 1.098218e-12
125.600000, -7.446617e-13, -3.223218e-13, -3.223265e-13, 5.467397e-13
125.700000, -9.136379e-14, -5.439211e-14, -5.439744e-14, 1.055155e-12
125.800000, -6.901717e-13, -3.274486e-13, -3.274545e-13, 5.085875e-13
125.900000, -4.402244e-14, -6.090810e-14, -6.091461e-14, 1.014438e-12
126.000000, -6.411622e-13, -3.315656e-13, -3.315727e-13, 4.731225e-13
126.100000, -2.213114e-15, -6.643981e-14, -6.644753e-14, 9.768596e-13
126.200000, -5.975557e-13, -3.348506e-13, -3.348589e-13, 4.408853e-13
126.300000, 3.468152e-14, -7.125718e-14, -7.126608e-14, 9.423472e-13
126.400000, -5.587809e-13, -3.374984e-13, -3.375079e-13, 4.114837e-13
126.500000, 6.702510e-14, -7.540026e-14, -7.541033e-14, 9.108693e-13
126.600000, -5.243454e-13, -3.394294e-13, -3.394400e-13, 3.855372e-13
126.700000, 9.491235e-14, -7.881984e-14, -7.883107e-14, 8.830477e-13
126.800000, -4.940960e-13, -3.407037e-13, -3.407155e-13, 3.627331e-13
126.900000, 1.194635e-13, -8.168112e-14, -8.169347e-14, 8.575864e-13
127.000000, -4.664147e-13, -3.415584e-13, -3.415713e-13, 3.420262e-13
127.100000, 1.418210e-13, -8.418796e-14, -8.420143e-14, 8.346846e-13
127.200000, -4.413368e-13, -3.421240e-13, -3.421381e-13, 3.239272e-13
127.300000, 1.611968e-13, -8.639096e-14, -8.640556e-14, 8.141572e-13
127.400000, -4.191275e-13, -3.423963e-13, -3.424114e-13, 3.080856e-13
127.500000, 1.782300e-13, -8.833432e-14, -8.834996e-14, 7.954686e-13
127.600000, -3.987942e-13, -3.424845e-13, -3.425007e-13, 2.933869e-13
127.700000, 1.937991e-13, -9.012338e-14, -9.014004e-14, 7.777152e-13
127.800000, -3.797721e-13, -3.424640e-13, -3.424812e-13, 2.793504e-13
127.900000, 2.080058e-13, -9.177589e-14, -9.179357e-14, 7.602409e-13
128.000000, -3.623414e-13, -3.422617e-13, -3.422798e-13, 2.654596e-13
128.100000, 2.210327e-13, -9.321003e-14, -9.322863e-14, 7.430087e-13
128.200000, -3.455101e-13, -3.418327e-13, -3.418518e-13, 2.518139e-13
128.300000, 2.333005e-13, -9.432784e-14, -9.434734e-14, 7.259297e-13
128.400000, -3.293170e-13, -3.410089e-13, -3.410289e-13, 2.380519e-13
128.500000, 2.454834e-13, -9.495845e-14, -9.497880e-14, 7.085670e-13
128.600000, -3.136044e-13, -3.396406e-13, -3.396614e-13, 2.238777e-13
128.700000, 2.568543e-13, -9.496148e-14, -9.498268e-14, 6.907619e-13
128.800000, -2.985111e-13, -3.375947e-13, -3.376162e-13, 2.091730e-13
128.900000, 2.676117e-13, -9.422198e-14, -9.424397e-14, 6.724484e-13
129.000000, -2.842921e-13, -3.348130e-13, -3.348353e-13, 1.939268e-13
129.100000, 2.777395e-13, -9.276664e-14, -9.278934e-14, 6.536044e-13
129.200000, -2.704320e-13, -3.313091e-13, -3.313321e-13, 1.781001e-13
129.300000, 2.874432e-13, -9.047802e-14, -9.050144e-14, 6.343566e-13
129.400000, -2.573278e-13, -3.269468e-13, -3.269706e-13, 1.619102e-13
129.500000, 2.964391e-13, -8.744122e-14, -8.746526e-14, 6.146010e-13
129.600000, -2.447898e-13, -3.219757e-13, -3.220001e-13, 1.451603e-13
129.700000, 3.048522e-13, -8.378675e-14, -8.381142e-14, 5.942206e-13
129.800000, -2.329770e-13, -3.164007e-13, -3.164257e-13, 1.276334e-13
129.900000, 3.124135e-13, -7.957639e-14, -7.960166e-14, 5.732341e-13
130.000000, -2.219497e-13, -3.103232e-13, -3.103487e-13, 1.096899e-13
130.100000, 3.193357e-13, -7.486148e-14, -7.488725e-14, 5.519172e-13
130.200000, -2.116061e-13, -3.037552e-13, -3.037813e-13, 9.149198e-14
130.300000, 3.256772e-13, -6.966243e-14, -6.968872e-14, 5.305397e-13
130.400000, -2.018069e-13, -2.967987e-13, -2.968252e-13, 7.332706e-14
130.500000, 3.317225e-13, -6.423443e-14, -6.426115e-14, 5.093909e-13
130.600000, -1.921794e-13, -2.897522e-13, -2.897791e-13, 5.561967e-14
130.700000, 3.374421e-13, -5.871591e-14, -5.874305e-14, 4.888349e-13
130.800000, -1.832696e-13, -2.826334e-13, -2.826607e-13, 3.836478e-14
130.900000, 3.421494e-13, -5.313779e-14, -5.316534e-14, 4.687321e-13
131.000000, -1.752829e-13, -2.755024e-13, -2.755300e-13, 2.165126e-14
131.100000, 3.463378e-13, -4.756570e-14, -4.759352e-14, 4.493445e-13
131.200000, -1.677473e-13, -2.683780e-13, -2.684059e-13, 5.743524e-15
131.300000, 3.501271e-13, -4.201111e-14, -4.203916e-14, 4.307736e-13
131.400000, -1.607859e-13, -2.613406e-13, -2.613687e-13, -9.310986e-15
131.500000, 3.530027e-13, -3.655671e-14, -3.658499e-14, 4.131374e-13
131.600000, -1.547569e-13, -2.544562e-13, -2.544845e-13, -2.354446e-14
131.700000, 3.550868e-13, -3.127596e-14, -3.130434e-14, 3.963187e-13
131.800000, -1.495117e-13, -2.477341e-13, -2.477625e-13, -3.696429e-14
131.900000, 3.566000e-13, -2.613281e-14, -2.616128e-14, 3.804010e-13
132.000000, -1.448420e-13, -2.411382e-13, -2.411667e-13, -4.934942e-14
132.100000, 3.573702e-13, -2.104648e-14, -2.107501e-14, 3.655866e-13
132.200000, -1.410487e-13, -2.345652e-13, -2.345937e-13, -6.065062e-14
132.300000, 3.572055e-13, -1.599154e-14, -1.602007e-14, 3.518729e-13
132.400000, -1.383666e-13, -2.280730e-13, -2.281015e-13, -7.096587e-14
132.500000, 3.557666e-13, -1.098571e-14, -1.101420e-14, 3.391299e-13
132.600000, -1.371805e-13, -2.215924e-13, -2.216208e-13, -8.029550e-14
132.700000, 3.528905e-13, -5.941538e-15, -5.969933e-15, 3.274404e-13
132.800000, -1.373034e-13, -2.150644e-13, -2.150928e-13, -8.869882e-14
132.900000, 3.488430e-13, -8.574968e-16, -8.857337e-16, 3.165008e-13
133.000000, -1.384556e-13, -2.085342e-13, -2.085624e-13, -9.630313e-14
133.100000, 3.436911e-13, 4.238941e-15, 4.210825e-15, 3.065431e-13
133.200000, -1.409905e-13, -2.020104e-13, -2.020384e-13, -1.030361e-13
133.300000, 3.373354e-13, 9.298846e-15, 9.270923e-15, 2.972120e-13
133.400000, -1.443226e-13, -1.955434e-13, -1.955713e-13, -1.093109e-13
133.500000, 3.304650e-13, 1.434609e-14, 1.431831e-14, 2.885372e-13
133.600000, -1.481493e-13, -1.890884e-13, -1.891161e-13, -1.147817e-13
133.700000, 3.232756e-13, 1.937261e-14, 1.934502e-14, 2.806482e-13
133.800000, -1.521727e-13, -1.827000e-13, -1.827275e-13, -1.196014e-13
133.900000, 3.157524e-13, 2.431570e-14, 2.428838e-14, 2.732311e-13
134.000000, -1.567684e-13, -1.763896e-13, -1.764168e-13, -1.240365e-13
134.100000, 3.077087e-13, 2.917720e-14, 2.915008e-14, 2.663304e-13
134.200000, -1.616411e-13, -1.702359e-13, -1.702629e-13, -1.280395e-13
134.300000, 2.996223e-13, 3.387187e-14, 3.384503e-14, 2.597940e-13
134.400000, -1.665193e-13, -1.642533e-13, -1.642800e-13, -1.316304e-13
134.500000, 2.916122e-13, 3.838994e-14, 3.836336e-14, 2.537227e-13
134.600000, -1.713400e-13, -1.584739e-13, -1.585003e-13, -1.347541e-13
134.700000, 2.837628e-13, 4.269111e-14, 4.266482e-14, 2.481830e-13
134.800000, -1.758848e-13, -1.529254e-13, -1.529516e-13, -1.373260e-13
134.900000, 2.762750e-13, 4.678512e-14, 4.675917e-14, 2.432247e-13
135.000000, -1.800711e-13, -1.476027e-13, -1.476285e-13, -1.394336e-13
135.100000, 2.691332e-13, 5.064454e-14, 5.061893e-14, 2.387241e-13
135.200000, -1.839425e-13, -1.425306e-13, -1.425560e-13, -1.411108e-13
135.300000, 2.623432e-13, 5.427304e-14, 5.424781e-14, 2.345015e-13
135.400000, -1.874837e-13, -1.376958e-13, -1.377208e-13, -1.427210e-13
135.500000, 2.558655e-13, 5.766852e-14, 5.764368e-14, 2.303067e-13
135.600000, -1.908055e-13, -1.331046e-13, -1.331292e-13, -1.442463e-13
135.700000, 2.496355e-13, 6.083140e-14, 6.080695e-14, 2.262477e-13
135.800000, -1.938600e-13, -1.287494e-13, -1.287737e-13, -1.456922e-13
135.900000, 2.437285e-13, 6.376333e-14, 6.373926e-14, 2.222150e-13
136.000000, -1.965639e-13, -1.246307e-13, -1.246546e-13, -1.471290e-13
136.100000, 2.381744e-13, 6.648117e-14, 6.645755e-14, 2.182953e-13
136.200000, -1.990671e-13, -1.207207e-13, -1.207441e-13, -1.484374e-13
136.300000, 2.327964e-13, 6.903236e-14, 6.900917e-14, 2.145603e-13
136.400000, -2.014499e-13, -1.169637e-13, -1.169867e-13, -1.495903e-13
136.500000, 2.274363e-13, 7.144691e-14, 7.142412e-14, 2.110247e-13
136.600000, -2.038735e-13, -1.133453e-13, -1.133679e-13, -1.504550e-13
136.700000, 2.221959e-13, 7.371735e-14, 7.369495e-14, 2.077761e-13
136.800000, -2.059651e-13, -1.099188e-13, -1.099410e-13, -1.511111e-13
136.900000, 2.172839e-13, 7.579978e-14, 7.577780e-14, 2.047959e-13
137.000000, -2.079745e-13, -1.066609e-13, -1.066827e-13, -1.514766e-13
137.100000, 2.123969e-13, 7.773407e-14, 7.771247e-14, 2.020871e-13
137.200000, -2.099323e-13, -1.035524e-13, -1.035738e-13, -1.516386e-13
137.300000, 2.075851e-13, 7.954397e-14, 7.952273e-14, 1.995785e-13
137.400000, -2.118402e-13, -1.005837e-13, -1.006048e-13, -1.516557e-13
137.500000, 2.028822e-13, 8.119987e-14, 8.117899e-14, 1.972125e-13
137.600000, -2.136597e-13, -9.777903e-14, -9.779976e-14, -1.515206e-13
137.700000, 1.983509e-13, 8.269125e-14, 8.267070e-14, 1.950450e-13
137.800000, -2.152670e-13, -9.516859e-14, -9.518895e-14, -1.512289e-13
137.900000, 1.939536e-13, 8.400395e-14, 8.398370e-14, 1.930884e-13
138.000000, -2.168669e-13, -9.273457e-14, -9.275465e-14, -1.506243e-13
138.100000, 1.895969e-13, 8.513264e-14, 8.511270e-14, 1.914842e-13
138.200000, -2.183774e-13, -9.050895e-14, -9.052871e-14, -1.497292e-13
138.300000, 1.854052e-13, 8.607210e-14, 8.605246e-14, 1.901143e-13
138.400000, -2.197215e-13, -8.846333e-14, -8.848280e-14, -1.486769e-13
138.500000, 1.813477e-13, 8.685177e-14, 8.683243e-14, 1.889338e-13
138.600000, -2.209455e-13, -8.658805e-14, -8.660722e-14, -1.474539e-13
138.700000, 1.775197e-13, 8.745576e-14, 8.743668e-14, 1.878908e-13
138.800000, -2.218813e-13, -8.490737e-14, -8.492632e-14, -1.461501e-13
138.900000, 1.741054e-13, 8.786555e-14, 8.784672e-14, 1.869035e-13
139.000000, -2.224434e-13, -8.341700e-14, -8.343570e-14, -1.448136e-13
139.100000, 1.709289e-13, 8.811748e-14, 8.809890e-14, 1.860285e-13
139.200000, -2.228240e-13, -8.207374e-14, -8.209221e-14, -1.433709e-13
139.300000, 1.679440e-13, 8.825075e-14, 8.823238e-14, 1.852341e-13
139.400000, -2.231023e-13, -8.084840e-14, -8.086662e-14, -1.418849e-13
139.500000, 1.651346e-13, 8.825433e-14, 8.823622e-14, 1.844175e-13
139.600000, -2.231152e-13, -7.977276e-14, -7.979078e-14, -1.405212e-13
139.700000, 1.626359e-13, 8.813810e-14, 8.812018e-14, 1.835121e-13
139.800000, -2.228551e-13, -7.880242e-14, -7.882026e-14, -1.392405e-13
139.900000, 1.603817e-13, 8.793354e-14, 8.791580e-14, 1.825458e-13
140.000000, -2.223756e-13, -7.791870e-14, -7.793635e-14, -1.380052e-13
140.100000, 1.583710e-13, 8.766111e-14, 8.764356e-14, 1.815709e-13
140.200000, -2.216593e-13, -7.710030e-14, -7.711777e-14, -1.368118e-13
140.300000, 1.566025e-13, 8.734146e-14, 8.732410e-14, 1.805124e-13
140.400000, -2.208434e-13, -7.631906e-14, -7.633634e-14, -1.357565e-13
140.500000, 1.548799e-13, 8.700994e-14, 8.699275e-14, 1.793700e-13
140.600000, -2.200084e-13, -7.555097e-14, -7.556805e-14, -1.347544e-13
140.700000, 1.531719e-13, 8.666820e-14, 8.665122e-14, 1.781761e-13
140.800000, -2.191291e-13, -7.481056e-14, -7.482746e-14, -1.338463e-13
140.900000, 1.515617e-13, 8.630724e-14, 8.629044e-14, 1.769143e-13
141.000000, -2.181660e-13, -7.409031e-14, -7.410703e-14, -1.329756e-13
141.100000, 1.500704e-13, 8.593416e-14, 8.591756e-14, 1.756323e-13
141.200000, -2.171234e-13, -7.338873e-14, -7.340519e-14, -1.321854e-13
141.300000, 1.486654e-13, 8.555332e-14, 8.553694e-14, 1.742717e-13
141.400000, -2.159458e-13, -7.270450e-14, -7.272073e-14, -1.314709e-13
141.500000, 1.474404e-13, 8.515367e-14, 8.513752e-14, 1.728574e-13
141.600000, -2.146629e-13, -7.204663e-14, -7.206269e-14, -1.308230e-13
141.700000, 1.463063e-13, 8.474243e-14, 8.472656e-14, 1.714158e-13
141.800000, -2.132938e-13, -7.140627e-14, -7.142207e-14, -1.301750e-13
141.900000, 1.452626e-13, 8.431781e-14, 8.430218e-14, 1.700108e-13
142.000000, -2.118585e-13, -7.079295e-14, -7.080847e-14, -1.295244e-13
142.100000, 1.443354e-13, 8.386171e-14, 8.384634e-14, 1.685784e-13
142.200000, -2.103169e-13, -7.022828e-14, -7.024351e-14, -1.289289e-13
142.300000, 1.435320e-13, 8.335969e-14, 8.334461e-14, 1.671158e-13
142.400000, -2.086343e-13, -6.971738e-14, -6.973232e-14, -1.283984e-13
142.500000, 1.429131e-13, 8.280845e-14, 8.279365e-14, 1.655906e-13
142.600000, -2.067862e-13, -6.926136e-14, -6.927606e-14, -1.279106e-13
142.700000, 1.424243e-13, 8.221767e-14, 8.220311e-14, 1.640709e-13
142.800000, -2.048448e-13, -6.885106e-14, -6.886548e-14, -1.274450e-13
142.900000, 1.420940e-13, 8.158122e-14, 8.156689e-14, 1.624948e-13
143.000000, -2.027543e-13, -6.849173e-14, -6.850592e-14, -1.270540e-13
143.100000, 1.418955e-13, 8.090860e-14, 8.089451e-14, 1.608878e-13
143.200000, -2.005619e-13, -6.817040e-14, -6.818436e-14, -1.266911e-13
143.300000, 1.418001e-13, 8.020827e-14, 8.019441e-14, 1.592790e-13
143.400000, -1.982953e-13, -6.787797e-14, -6.789175e-14, -1.263549e-13
143.500000, 1.417928e-13, 7.948969e-14, 7.947602e-14, 1.576360e-13
143.600000, -1.959619e-13, -6.760881e-14, -6.762239e-14, -1.260305e-13
143.700000, 1.418362e-13, 7.876011e-14, 7.874660e-14, 1.560538e-13
143.800000, -1.936459e-13, -6.734930e-14, -6.736275e-14, -1.256617e-13
143.900000, 1.418586e-13, 7.803106e-14, 7.801769e-14, 1.544954e-13
144.000000, -1.913536e-13, -6.709788e-14, -6.711116e-14, -1.253067e-13
144.100000, 1.418657e-13, 7.730179e-14, 7.728856e-14, 1.529240e-13
144.200000, -1.891098e-13, -6.684556e-14, -6.685871e-14, -1.249771e-13
144.300000, 1.418447e-13, 7.658346e-14, 7.657037e-14, 1.513426e-13
144.400000, -1.869020e-13, -6.658842e-14, -6.660146e-14, -1.246575e-13
144.500000, 1.417842e-13, 7.588055e-14, 7.586754e-14, 1.497737e-13
144.600000, -1.847420e-13, -6.631898e-14, -6.633191e-14, -1.243298e-13
144.700000, 1.417002e-13, 7.519776e-14, 7.518486e-14, 1.482474e-13
144.800000, -1.826574e-13, -6.603144e-14, -6.604430e-14, -1.239690e-13
144.900000, 1.415294e-13, 7.454114e-14, 7.452834e-14, 1.467384e-13
145.000000, -1.806745e-13, -6.572653e-14, -6.573929e-14, -1.236177e-13
145.100000, 1.412904e-13, 7.390857e-14, 7.389586e-14, 1.452435e-13
145.200000, -1.787397e-13, -6.540158e-14, -6.541426e-14, -1.232680e-13
145.300000, 1.410228e-13, 7.330168e-14, 7.328907e-14, 1.437573e-13
145.400000, -1.768629e-13, -6.505789e-14, -6.507046e-14, -1.229075e-13
145.500000, 1.407097e-13, 7.272389e-14, 7.271135e-14, 1.423087e-13
145.600000, -1.750395e-13, -6.468830e-14, -6.470077e-14, -1.225273e-13
145.700000, 1.403605e-13, 7.217519e-14, 7.216276e-14, 1.408681e-13
145.800000, -1.732769e-13, -6.429811e-14, -6.431050e-14, -1.221556e-13
145.900000, 1.399551e-13, 7.165232e-14, 7.164000e-14, 1.394440e-13
146.000000, -1.715892e-13, -6.388837e-14, -6.390064e-14, -1.217700e-13
146.100000, 1.394952e-13, 7.115334e-14, 7.114113e-14, 1.380422e-13
146.200000, -1.699451e-13, -6.346357e-14, -6.347573e-14, -1.213971e-13
146.300000, 1.390140e-13, 7.067500e-14, 7.066289e-14, 1.366266e-13
146.400000, -1.683564e-13, -6.302401e-14, -6.303605e-14, -1.210358e-13
146.500000, 1.384798e-13, 7.021665e-14, 7.020469e-14, 1.352238e-13
146.600000, -1.668146e-13, -6.257098e-14, -6.258289e-14, -1.206713e-13
146.700000, 1.379342e-13, 6.977794e-14, 6.976611e-14, 1.338417e-13
146.800000, -1.652990e-13, -6.210250e-14, -6.211426e-14, -1.202971e-13
146.900000, 1.373580e-13, 6.936320e-14, 6.935151e-14, 1.324694e-13
147.000000, -1.638457e-13, -6.161367e-14, -6.162528e-14, -1.199374e-13
147.100000, 1.367319e-13, 6.897400e-14, 6.896247e-14, 1.310899e-13
147.200000, -1.624429e-13, -6.110798e-14, -6.111942e-14, -1.195909e-13
147.300000, 1.360773e-13, 6.860529e-14, 6.859393e-14, 1.297196e-13
147.400000, -1.610823e-13, -6.058800e-14, -6.059928e-14, -1.192437e-13
147.500000, 1.353981e-13, 6.825536e-14, 6.824417e-14, 1.283607e-13
147.600000, -1.597529e-13, -6.005604e-14, -6.006713e-14, -1.188910e-13
147.700000, 1.347005e-13, 6.792312e-14, 6.791212e-14, 1.270121e-13
147.800000, -1.584516e-13, -5.951214e-14, -5.952303e-14, -1.185526e-13
147.900000, 1.339870e-13, 6.760752e-14, 6.759671e-14, 1.256576e-13
148.000000, -1.571836e-13, -5.895824e-14, -5.896898e-14, -1.182318e-13
148.100000, 1.332572e-13, 6.730639e-14, 6.729574e-14, 1.242939e-13
148.200000, -1.559384e-13, -5.839562e-14, -5.840617e-14, -1.179320e-13
148.300000, 1.325148e-13, 6.702006e-14, 6.700959e-14, 1.229208e-13
148.400000, -1.547281e-13, -5.782311e-14, -5.783351e-14, -1.176507e-13
148.500000, 1.317559e-13, 6.674809e-14, 6.673778e-14, 1.215417e-13
148.600000, -1.535257e-13, -5.724437e-14, -5.725459e-14, -1.173816e-13
148.700000, 1.310061e-13, 6.648610e-14, 6.647592e-14, 1.201716e-13
148.800000, -1.523390e-13, -5.666146e-14, -5.667155e-14, -1.171115e-13
148.900000, 1.302492e-13, 6.623264e-14, 6.622261e-14, 1.188063e-13
149.000000, -1.511767e-13, -5.607600e-14, -5.608599e-14, -1.168437e-13
149.100000, 1.294720e-13, 6.598704e-14, 6.597714e-14, 1.174595e-13
149.200000, -1.500432e-13, -5.548831e-14, -5.549815e-14, -1.165694e-13
149.300000, 1.286865e-13, 6.574839e-14, 6.573860e-14, 1.161267e-13
149.400000, -1.489290e-13, -5.489903e-14, -5.490878e-14, -1.162868e-13
149.500000, 1.278913e-13, 6.551633e-14, 6.550662e-14, 1.148159e-13
149.600000, -1.478402e-13, -5.430900e-14, -5.431869e-14, -1.159943e-13
149.700000, 1.270804e-13, 6.528941e-14, 6.527977e-14, 1.135247e-13
149.800000, -1.467786e-13, -5.372008e-14, -5.372969e-14, -1.156882e-13
149.900000, 1.262522e-13, 6.506497e-14, 6.505542e-14, 1.122611e-13
150.000000, -1.457449e-13, -5.313553e-14, -5.314509e-14, -1.153648e-13
150.100000, 1.254152e-13, 6.484002e-14, 6.483050e-14, 1.110207e-13
150.200000, -1.447275e-13, -5.255687e-14, -5.256638e-14, -1.150330e-13
150.300000, 1.245698e-13, 6.461477e-14, 6.460529e-14, 1.098000e-13
150.400000, -1.437353e-13, -5.198309e-14, -5.199254e-14, -1.146838e-13
150.500000, 1.237138e-13, 6.438934e-14, 6.437990e-14, 1.086153e-13
150.600000, -1.427619e-13, -5.141486e-14, -5.142431e-14, -1.143075e-13
150.700000, 1.228509e-13, 6.416302e-14, 6.415359e-14, 1.074598e-13
150.800000, -1.418051e-13, -5.085280e-14, -5.086224e-14, -1.139201e-13
150.900000, 1.219829e-13, 6.393548e-14, 6.392607e-14, 1.063236e-13
151.000000, -1.408661e-13, -5.029677e-14, -5.030620e-14, -1.135191e-13
151.100000, 1.211107e-13, 6.370623e-14, 6.369683e-14, 1.052142e-13
151.200000, -1.399391e-13, -4.974820e-14, -4.975761e-14, -1.131000e-13
151.300000, 1.202394e-13, 6.347390e-14, 6.346447e-14, 1.041330e-13
151.400000, -1.390254e-13, -4.920783e-14, -4.921724e-14, -1.126642e-13
151.500000, 1.193622e-13, 6.323808e-14, 6.322866e-14, 1.030774e-13
151.600000, -1.381290e-13, -4.867559e-14, -4.868500e-14, -1.122104e-13
151.700000, 1.184793e-13, 6.299885e-14, 6.298943e-14, 1.020480e-13
151.800000, -1.372493e-13, -4.815166e-14, -4.816107e-14, -1.117430e-13
151.900000, 1.175907e-13, 6.275591e-14, 6.274649e-14, 1.010397e-13
152.000000, -1.363850e-13, -4.763623e-14, -4.764566e-14, -1.112642e-13
152.100000, 1.166997e-13, 6.250946e-14, 6.250004e-14, 1.000544e-13
152.200000, -1.355332e-13, -4.712858e-14, -4.713801e-14, -1.107701e-13
152.300000, 1.158092e-13, 6.225962e-14, 6.225020e-14, 9.909045e-14
152.400000, -1.346893e-13, -4.662941e-14, -4.663883e-14, -1.102655e-13
152.500000, 1.149212e-13, 6.200567e-14, 6.199625e-14, 9.814877e-14
152.600000, -1.338536e-13, -4.613922e-14, -4.614862e-14, -1.097484e-13
152.700000, 1.140340e-13, 6.174742e-14, 6.173801e-14, 9.722687e-14
152.800000, -1.330286e-13, -4.565754e-14, -4.566692e-14, -1.092199e-13
152.900000, 1.131494e-13, 6.148528e-14, 6.147593e-14, 9.632462e-14
153.000000, -1.322102e-13, -4.518433e-14, -4.519368e-14, -1.086823e-13
153.100000, 1.122690e-13, 6.121916e-14, 6.120983e-14, 9.544087e-14
153.200000, -1.313979e-13, -4.471958e-14, -4.472887e-14, -1.081355e-13
153.300000, 1.113928e-13, 6.094903e-14, 6.093976e-14, 9.457285e-14
153.400000, -1.305888e-13, -4.426346e-14, -4.427270e-14, -1.075828e-13
153.500000, 1.105268e-13, 6.067439e-14, 6.066516e-14, 9.371890e-14
153.600000, -1.297799e-13, -4.381638e-14, -4.382559e-14, -1.070264e-13
153.700000, 1.096709e-13, 6.039504e-14, 6.038589e-14, 9.287704e-14
153.800000, -1.289705e-13, -4.337846e-14, -4.338759e-14, -1.064648e-13
153.900000, 1.088243e-13, 6.011102e-14, 6.010194e-14, 9.205093e-14
154.000000, -1.281630e-13, -4.294937e-14, -4.295842e-14, -1.058963e-13
154.100000, 1.079868e-13, 5.982266e-14, 5.981362e-14, 9.124011e-14
154.200000, -1.273559e-13, -4.252888e-14, -4.253788e-14, -1.053214e-13
154.300000, 1.071580e-13, 5.952991e-14, 5.952097e-14, 9.044224e-14
154.400000, -1.265510e-13, -4.211694e-14, -4.212590e-14, -1.047423e-13
154.500000, 1.063360e-13, 5.923301e-14, 5.922410e-14, 8.965789e-14
154.600000, -1.257487e-13, -4.171338e-14, -4.172228e-14, -1.041588e-13
154.700000, 1.055217e-13, 5.893208e-14, 5.892320e-14, 8.888581e-14
154.800000, -1.249489e-13, -4.131796e-14, -4.132683e-14, -1.035708e-13
154.900000, 1.047153e-13, 5.862711e-14, 5.861826e-14, 8.812699e-14
155.000000, -1.241501e-13, -4.093075e-14, -4.093960e-14, -1.029778e-13
155.100000, 1.039173e-13, 5.831810e-14, 5.830925e-14, 8.738085e-14
155.200000, -1.233530e-13, -4.055174e-14, -4.056060e-14, -1.023801e-13
155.300000, 1.031266e-13, 5.800510e-14, 5.799623e-14, 8.664876e-14
155.400000, -1.225588e-13, -4.018070e-14, -4.018960e-14, -1.017768e-13
155.500000, 1.023426e-13, 5.768825e-14, 5.767934e-14, 8.592904e-14
155.600000, -1.217668e-13, -3.981755e-14, -3.982648e-14, -1.011694e-13
155.700000, 1.015661e-13, 5.736765e-14, 5.735868e-14, 8.522185e-14
155.800000, -1.209762e-13, -3.946212e-14, -3.947113e-14, -1.005573e-13
155.900000, 1.007978e-13, 5.704329e-14, 5.703425e-14, 8.452712e-14
156.000000, -1.201865e-13, -3.911454e-14, -3.912362e-14, -9.994112e-14
156.100000, 1.000381e-13, 5.671508e-14, 5.670596e-14, 8.384407e-14
156.200000, -1.193978e-13, -3.877479e-14, -3.878396e-14, -9.932112e-14
156.300000, 9.928667e-14, 5.638291e-14, 5.637373e-14, 8.317257e-14
156.400000, -1.186095e-13, -3.844292e-14, -3.845216e-14, -9.869744e-14
156.500000, 9.854429e-14, 5.604692e-14, 5.603763e-14, 8.251324e-14
156.600000, -1.178209e-13, -3.811869e-14, -3.812801e-14, -9.806860e-14
156.700000, 9.781108e-14, 5.570723e-14, 5.569788e-14, 8.186648e-14
156.800000, -1.170324e-13, -3.780199e-14, -3.781138e-14, -9.743560e-14
156.900000, 9.708679e-14, 5.536397e-14, 5.535456e-14, 8.123100e-14
157.000000, -1.162440e-13, -3.749260e-14, -3.750202e-14, -9.679920e-14
157.100000, 9.637111e-14, 5.501728e-14, 5.500782e-14, 8.060637e-14
157.200000, -1.154561e-13, -3.719036e-14, -3.719984e-14, -9.615986e-14
157.300000, 9.566360e-14, 5.466736e-14, 5.465789e-14, 7.999197e-14
157.400000, -1.146690e-13, -3.689500e-14, -3.690447e-14, -9.551766e-14
157.500000, 9.496369e-14, 5.431447e-14, 5.430499e-14, 7.938781e-14
157.600000, -1.138828e-13, -3.660628e-14, -3.661573e-14, -9.487314e-14
157.700000, 9.427192e-14, 5.395881e-14, 5.394938e-14, 7.879269e-14
157.800000, -1.130971e-13, -3.632390e-14, -3.633331e-14, -9.422741e-14
157.900000, 9.358814e-14, 5.360063e-14, 5.359128e-14, 7.820593e-14
158.000000, -1.123124e-13, -3.604757e-14, -3.605688e-14, -9.358086e-14
158.100000, 9.291179e-14, 5.324031e-14, 5.323105e-14, 7.762698e-14
158.200000, -1.115287e-13, -3.577684e-14, -3.578605e-14, -9.293394e-14
158.300000, 9.224276e-14, 5.287823e-14, 5.286909e-14, 7.705554e-14
158.400000, -1.107464e-13, -3.551131e-14, -3.552040e-14, -9.228694e-14
158.500000, 9.158061e-14, 5.251471e-14, 5.250569e-14, 7.649089e-14
158.600000, -1.099654e-13, -3.525072e-14, -3.525964e-14, -9.164059e-14
158.700000, 9.092569e-14, 5.215000e-14, 5.214119e-14, 7.593260e-14
158.800000, -1.091856e-13, -3.499476e-14, -3.500348e-14, -9.099508e-14
158.900000, 9.027767e-14, 5.178434e-14, 5.177574e-14, 7.538017e-14
159.000000, -1.084070e-13, -3.474317e-14, -3.475165e-14, -9.035108e-14
159.100000, 8.963669e-14, 5.141799e-14, 5.140964e-14, 7.483306e-14
159.200000, -1.076297e-13, -3.449566e-14, -3.450389e-14, -8.970881e-14
159.300000, 8.900253e-14, 5.105116e-14, 5.104308e-14, 7.429107e-14
159.400000, -1.068537e-13, -3.425205e-14, -3.425997e-14, -8.906838e-14
159.500000, 8.837509e-14, 5.068403e-14, 5.067626e-14, 7.375397e-14
159.600000, -1.060791e-13, -3.401212e-14, -3.401972e-14, -8.843010e-14
159.700000, 8.775422e-14, 5.031671e-14, 5.030929e-14, 7.322144e-14
159.800000, -1.053060e-13, -3.377573e-14, -3.378296e-14, -8.779410e-14
159.900000, 8.713968e-14, 4.994939e-14, 4.994235e-14, 7.269332e-14
160.000000, -1.045346e-13, -3.354272e-14, -3.354956e-14, -8.716048e-14
160.100000, 8.653122e-14, 4.958213e-14, 4.957550e-14, 7.216954e-14
160.200000, -1.037651e-13, -3.331295e-14, -3.331935e-14, -8.652922e-14
160.300000, 8.592859e-14, 4.921505e-14, 4.920886e-14, 7.164994e-14
160.400000, -1.029977e-13, -3.308626e-14, -3.309222e-14, -8.590050e-14
160.500000, 8.533149e-14, 4.884834e-14, 4.884261e-14, 7.113441e-14
160.600000, -1.022325e-13, -3.286252e-14, -3.286800e-14, -8.527424e-14
160.700000, 8.473988e-14, 4.848203e-14, 4.847678e-14, 7.062289e-14
160.800000, -1.014696e-13, -3.264158e-14, -3.264657e-14, -8.465063e-14
160.900000, 8.415355e-14, 4.811630e-14, 4.811156e-14, 7.011521e-14
161.000000, -1.007091e-13, -3.242329e-14, -3.242777e-14, -8.402960e-14
161.100000, 8.357232e-14, 4.775126e-14, 4.774703e-14, 6.961138e-14
161.200000, -9.995112e-14, -3.220751e-14, -3.221148e-14, -8.341117e-14
161.300000, 8.299591e-14, 4.738701e-14, 4.738330e-14, 6.911139e-14
161.400000, -9.919587e-14, -3.199409e-14, -3.199753e-14, -8.279526e-14
161.500000, 8.242419e-14, 4.702366e-14, 4.702048e-14, 6.861512e-14
161.600000, -9.844346e-14, -3.178291e-14, -3.178583e-14, -8.218199e-14
161.700000, 8.185699e-14, 4.666132e-14, 4.665868e-14, 6.812252e-14
161.800000, -9.769402e-14, -3.157387e-14, -3.157624e-14, -8.157132e-14
161.900000, 8.129403e-14, 4.630006e-14, 4.629795e-14, 6.763353e-14
162.000000, -9.694765e-14, -3.136685e-14, -3.136869e-14, -8.096327e-14
162.100000, 8.073524e-14, 4.593995e-14, 4.593842e-14, 6.714811e-14
162.200000, -9.620451e-14, -3.116174e-14, -3.116301e-14, -8.035783e-14
162.300000, 8.018038e-14, 4.558112e-14, 4.558012e-14, 6.666615e-14
162.400000, -9.546470e-14, -3.095846e-14, -3.095916e-14, -7.975511e-14
162.500000, 7.962925e-14, 4.522357e-14, 4.522317e-14, 6.618752e-14
162.600000, -9.472834e-14, -3.075687e-14, -3.075699e-14, -7.915514e-14
162.700000, 7.908174e-14, 4.486744e-14, 4.486762e-14, 6.571214e-14
162.800000, -9.399555e-14, -3.055692e-14, -3.055644e-14, -7.855800e-14
162.900000, 7.853766e-14, 4.451280e-14, 4.451357e-14, 6.523991e-14
163.000000, -9.326638e-14, -3.035846e-14, -3.035735e-14, -7.796367e-14
163.100000, 7.799688e-14, 4.415970e-14, 4.416114e-14, 6.477083e-14
163.200000, -9.254098e-14, -3.016141e-14, -3.015963e-14, -7.737219e-14
163.300000, 7.745921e-14, 4.380825e-14, 4.381036e-14, 6.430469e-14
163.400000, -9.181945e-14, -2.996567e-14, -2.996319e-14, -7.678370e-14
163.500000, 7.692450e-14, 4.345848e-14, 4.346131e-14, 6.384137e-14
163.600000, -9.110185e-14, -2.977111e-14, -2.976791e-14, -7.619819e-14
163.700000, 7.639266e-14, 4.311054e-14, 4.311412e-14, 6.338084e-14
163.800000, -9.038828e-14, -2.957768e-14, -2.957371e-14, -7.561577e-14
163.900000, 7.586352e-14, 4.276443e-14, 4.276879e-14, 6.292295e-14
164.000000, -8.967878e-14, -2.938527e-14, -2.938050e-14, -7.503645e-14
164.100000, 7.533700e-14, 4.242023e-14, 4.242540e-14, 6.246761e-14
164.200000, -8.897336e-14, -2.919380e-14, -2.918822e-14, -7.446030e-14
164.300000, 7.481301e-14, 4.207802e-14, 4.208401e-14, 6.201476e-14
164.400000, -8.827212e-14, -2.900321e-14, -2.899678e-14, -7.388734e-14
164.500000, 7.429150e-14, 4.173782e-14, 4.174465e-14, 6.156429e-14
164.600000, -8.757508e-14, -2.881341e-14, -2.880615e-14, -7.331763e-14
164.700000, 7.377228e-14, 4.139966e-14, 4.140733e-14, 6.111613e-14
164.800000, -8.688225e-14, -2.862436e-14, -2.861624e-14, -7.275116e-14
164.900000, 7.325539e-14, 4.106360e-14, 4.107213e-14, 6.067029e-14
165.000000, -8.619364e-14, -2.843601e-14, -2.842705e-14, -7.218791e-14
165.100000, 7.274073e-14, 4.072966e-14, 4.073903e-14, 6.022663e-14
165.200000, -8.550921e-14, -2.824828e-14, -2.823849e-14, -7.162793e-14
165.300000, 7.222830e-14, 4.039788e-14, 4.040808e-14, 5.978521e-14
165.400000, -8.482899e-14, -2.806118e-14, -2.805056e-14, -7.107119e-14
165.500000, 7.171801e-14, 4.006821e-14, 4.007924e-14, 5.934593e-14
165.600000, -8.415292e-14, -2.787464e-14, -2.786322e-14, -7.051764e-14
165.700000, 7.120991e-14, 3.974073e-14, 3.975255e-14, 5.890879e-14
165.800000, -8.348101e-14, -2.768867e-14, -2.767647e-14, -6.996729e-14
165.900000, 7.070392e-14, 3.941540e-14, 3.942799e-14, 5.847380e-14
166.000000, -8.281321e-14, -2.750322e-14, -2.749026e-14, -6.942008e-14
166.100000, 7.019998e-14, 3.909221e-14, 3.910555e-14, 5.804094e-14
166.200000, -8.214956e-14, -2.731832e-14, -2.730461e-14, -6.887600e-14
166.300000, 6.969812e-14, 3.877115e-14, 3.878521e-14, 5.761020e-14
166.400000, -8.148998e-14, -2.713394e-14, -2.711951e-14, -6.833499e-14
166.500000, 6.919827e-14, 3.845218e-14, 3.846698e-14, 5.718155e-14
166.600000, -8.083448e-14, -2.695010e-14, -2.693498e-14, -6.779704e-14
166.700000, 6.870041e-14, 3.813531e-14, 3.815077e-14, 5.675501e-14
166.800000, -8.018306e-14, -2.676680e-14, -2.675099e-14, -6.726213e-14
166.900000, 6.820451e-14, 3.782049e-14, 3.783660e-14, 5.633056e-14
167.000000, -7.953569e-14, -2.658404e-14, -2.656759e-14, -6.673019e-14
167.100000, 6.771052e-14, 3.750769e-14, 3.752446e-14, 5.590817e-14
167.200000, -7.889234e-14, -2.640182e-14, -2.638476e-14, -6.620122e-14
167.300000, 6.721844e-14, 3.719692e-14, 3.721430e-14, 5.548789e-14
167.400000, -7.825304e-14, -2.622019e-14, -2.620248e-14, -6.567517e-14
167.500000, 6.672823e-14, 3.688812e-14, 3.690612e-14, 5.506967e-14
167.600000, -7.761770e-14, -2.603904e-14, -2.602075e-14, -6.515200e-14
167.700000, 6.623987e-14, 3.658132e-14, 3.659990e-14, 5.465354e-14
167.800000, -7.698632e-14, -2.585844e-14, -2.583956e-14, -6.463165e-14
167.900000, 6.575334e-14, 3.627646e-14, 3.629562e-14, 5.423947e-14
168.000000, -7.635886e-14, -2.567838e-14, -2.565894e-14, -6.411411e-14
168.100000, 6.526868e-14, 3.597359e-14, 3.599329e-14, 5.382752e-14
168.200000, -7.573530e-14, -2.549882e-14, -2.547884e-14, -6.359932e-14
168.300000, 6.478579e-14, 3.567265e-14, 3.569289e-14, 5.341763e-14
168.400000, -7.511558e-14, -2.531978e-14, -2.529929e-14, -6.308725e-14
168.500000, 6.430476e-14, 3.537365e-14, 3.539440e-14, 5.300981e-14
168.600000, -7.449968e-14, -2.514126e-14, -2.512028e-14, -6.257787e-14
168.700000, 6.382550e-14, 3.507654e-14, 3.509776e-14, 5.260408e-14
168.800000, -7.388759e-14, -2.496328e-14, -2.494180e-14, -6.207116e-14
168.900000, 6.334803e-14, 3.478129e-14, 3.480299e-14, 5.220038e-14
169.000000, -7.327926e-14, -2.478584e-14, -2.476391e-14, -6.156710e-14
169.100000, 6.287233e-14, 3.448787e-14, 3.451003e-14, 5.179872e-14
169.200000, -7.267462e-14, -2.460893e-14, -2.458656e-14, -6.106566e-14
169.300000, 6.239840e-14, 3.419628e-14, 3.421886e-14, 5.139908e-14
169.400000, -7.207370e-14, -2.443258e-14, -2.440980e-14, -6.056684e-14
169.500000, 6.192624e-14, 3.390646e-14, 3.392946e-14, 5.100143e-14
169.600000, -7.147642e-14, -2.425680e-14, -2.423360e-14, -6.007060e-14
169.700000, 6.145586e-14, 3.361840e-14, 3.364181e-14, 5.060575e-14
169.800000, -7.088272e-14, -2.408160e-14, -2.405801e-14, -5.957693e-14
169.900000, 6.098724e-14, 3.333208e-14, 3.335587e-14, 5.021206e-14
170.000000, -7.029256e-14, -2.390696e-14, -2.388300e-14, -5.908580e-14
170.100000, 6.052038e-14, 3.304746e-14, 3.307161e-14, 4.982031e-14
170.200000, -6.970593e-14, -2.373293e-14, -2.370862e-14, -5.859720e-14
170.300000, 6.005534e-14, 3.276453e-14, 3.278902e-14, 4.943050e-14
170.400000, -6.912275e-14, -2.355948e-14, -2.353486e-14, -5.811111e-14
170.500000, 5.959206e-14, 3.248329e-14, 3.250808e-14, 4.904261e-14
170.600000, -6.854296e-14, -2.338662e-14, -2.336167e-14, -5.762751e-14
170.700000, 5.913061e-14, 3.220368e-14, 3.222877e-14, 4.865664e-14
170.800000, -6.796654e-14, -2.321434e-14, -2.318911e-14, -5.714634e-14
170.900000, 5.867094e-14, 3.192570e-14, 3.195108e-14, 4.827258e-14
171.000000, -6.739341e-14, -2.304264e-14, -2.301714e-14, -5.666761e-14
171.100000, 5.821312e-14, 3.164937e-14, 3.167500e-14, 4.789041e-14
171.200000, -6.682354e-14, -2.287151e-14, -2.284579e-14, -5.619129e-14
171.300000, 5.775711e-14, 3.137466e-14, 3.140047e-14, 4.751012e-14
171.400000, -6.625688e-14, -2.270095e-14, -2.267505e-14, -5.571734e-14
171.500000, 5.730295e-14, 3.110154e-14, 3.112752e-14, 4.713173e-14
171.600000, -6.569338e-14, -2.253095e-14, -2.250490e-14, -5.524573e-14
171.700000, 5.685064e-14, 3.083002e-14, 3.085614e-14, 4.675522e-14
171.800000, -6.513299e-14, -2.236153e-14, -2.233537e-14, -5.477646e-14
171.900000, 5.640014e-14, 3.056005e-14, 3.058626e-14, 4.638056e-14
172.000000, -6.457574e-14, -2.219269e-14, -2.216646e-14, -5.430952e-14
172.100000, 5.595146e-14, 3.029161e-14, 3.031788e-14, 4.600773e-14
172.200000, -6.402154e-14, -2.202444e-14, -2.199817e-14, -5.384486e-14
172.300000, 5.550457e-14, 3.002467e-14, 3.005097e-14, 4.563670e-14
172.400000, -6.347038e-14, -2.185680e-14, -2.183051e-14, -5.338254e-14
172.500000, 5.505951e-14, 2.975921e-14, 2.978549e-14, 4.526745e-14
172.600000, -6.292225e-14, -2.168979e-14, -2.166352e-14, -5.292249e-14
172.700000, 5.461618e-14, 2.949520e-14, 2.952143e-14, 4.489996e-14
172.800000, -6.237714e-14, -2.152340e-14, -2.149719e-14, -5.246473e-14
172.900000, 5.417464e-14, 2.923260e-14, 2.925877e-14, 4.453422e-14
173.000000, -6.183500e-14, -2.135767e-14, -2.133154e-14, -5.200925e-14
173.100000, 5.373486e-14, 2.897141e-14, 2.899747e-14, 4.417019e-14
173.200000, -6.129577e-14, -2.119255e-14, -2.116653e-14, -5.155603e-14
173.300000, 5.329686e-14, 2.871159e-14, 2.873753e-14, 4.380785e-14
173.400000, -6.075945e-14, -2.102808e-14, -2.100220e-14, -5.110504e-14
173.500000, 5.286062e-14, 2.845316e-14, 2.847896e-14, 4.344722e-14
173.600000, -6.022596e-14, -2.086422e-14, -2.083849e-14, -5.065624e-14
173.700000, 5.242618e-14, 2.819609e-14, 2.822174e-14, 4.308829e-14
173.800000, -5.969528e-14, -2.070100e-14, -2.067544e-14, -5.020964e-14
173.900000, 5.199354e-14, 2.794042e-14, 2.796588e-14, 4.273109e-14
174.000000, -5.916733e-14, -2.053832e-14, -2.051295e-14, -4.976517e-14
174.100000, 5.156270e-14, 2.768612e-14, 2.771139e-14, 4.237557e-14
174.200000, -5.864208e-14, -2.037624e-14, -2.035108e-14, -4.932282e-14
174.300000, 5.113368e-14, 2.743322e-14, 2.745826e-14, 4.202173e-14
174.400000, -5.811955e-14, -2.021471e-14, -2.018978e-14, -4.888254e-14
174.500000, 5.070643e-14, 2.718168e-14, 2.720648e-14, 4.166960e-14
174.600000, -5.759963e-14, -2.005372e-14, -2.002904e-14, -4.844437e-14
174.700000, 5.028097e-14, 2.693151e-14, 2.695605e-14, 4.131911e-14
174.800000, -5.708237e-14, -1.989332e-14, -1.986891e-14, -4.800829e-14
174.900000, 4.985726e-14, 2.668268e-14, 2.670694e-14, 4.097022e-14
175.000000, -5.656773e-14, -1.973347e-14, -1.970935e-14, -4.757430e-14
175.100000, 4.943531e-14, 2.643515e-14, 2.645912e-14, 4.062294e-14
175.200000, -5.605573e-14, -1.957419e-14, -1.955039e-14, -4.714241e-14
175.300000, 4.901508e-14, 2.618893e-14, 2.621256e-14, 4.027722e-14
175.400000, -5.554630e-14, -1.941548e-14, -1.939203e-14, -4.671257e-14
175.500000, 4.859652e-14, 2.594399e-14, 2.596728e-14, 3.993303e-14
175.600000, -5.503951e-14, -1.925735e-14, -1.923427e-14, -4.628487e-14
175.700000, 4.817965e-14, 2.570033e-14, 2.572322e-14, 3.959034e-14
175.800000, -5.453525e-14, -1.909980e-14, -1.907709e-14, -4.585923e-14
175.900000, 4.776443e-14, 2.545792e-14, 2.548041e-14, 3.924915e-14
176.000000, -5.403356e-14, -1.894281e-14, -1.892049e-14, -4.543566e-14
176.100000, 4.735086e-14, 2.521676e-14, 2.523884e-14, 3.890941e-14
176.200000, -5.353441e-14, -1.878636e-14, -1.876449e-14, -4.501419e-14
176.300000, 4.693893e-14, 2.497684e-14, 2.499849e-14, 3.857111e-14
176.400000, -5.303774e-14, -1.863046e-14, -1.860904e-14, -4.459473e-14
176.500000, 4.652867e-14, 2.473818e-14, 2.475939e-14, 3.823426e-14
176.600000, -5.254356e-14, -1.847513e-14, -1.845414e-14, -4.417736e-14
176.700000, 4.612001e-14, 2.450075e-14, 2.452150e-14, 3.789880e-14
176.800000, -5.205182e-14, -1.832030e-14, -1.829977e-14, -4.376199e-14
176.900000, 4.571300e-14, 2.426456e-14, 2.428484e-14, 3.756476e-14
177.000000, -5.156250e-14, -1.816600e-14, -1.814593e-14, -4.334866e-14
177.100000, 4.530761e-14, 2.402961e-14, 2.404944e-14, 3.723210e-14
177.200000, -5.107555e-14, -1.801217e-14, -1.799257e-14, -4.293732e-14
177.300000, 4.490384e-14, 2.379590e-14, 2.381526e-14, 3.690082e-14
177.400000, -5.059097e-14, -1.785884e-14, -1.783970e-14, -4.252796e-14
177.500000, 4.450169e-14, 2.356342e-14, 2.358231e-14, 3.657090e-14
177.600000, -5.010874e-14, -1.770598e-14, -1.768733e-14, -4.212060e-14
177.700000, 4.410113e-14, 2.333219e-14, 2.335059e-14, 3.624233e-14
177.800000, -4.962885e-14, -1.755360e-14, -1.753541e-14, -4.171521e-14
177.900000, 4.370216e-14, 2.310216e-14, 2.312012e-14, 3.591509e-14
178.000000, -4.915124e-14, -1.740167e-14, -1.738396e-14, -4.131175e-14
178.100000, 4.330475e-14, 2.287336e-14, 2.289082e-14, 3.558914e-14
178.200000, -4.867597e-14, -1.725022e-14, -1.723300e-14, -4.091028e-14
178.300000, 4.290887e-14, 2.264573e-14, 2.266272e-14, 3.526448e-14
178.400000, -4.820301e-14, -1.709924e-14, -1.708250e-14, -4.051077e-14
178.500000, 4.251449e-14, 2.241929e-14, 2.243580e-14, 3.494106e-14
178.600000, -4.773234e-14, -1.694874e-14, -1.693246e-14, -4.011320e-14
178.700000, 4.212162e-14, 2.219401e-14, 2.221005e-14, 3.461888e-14
178.800000, -4.726395e-14, -1.679873e-14, -1.678291e-14, -3.971761e-14
178.900000, 4.173021e-14, 2.196986e-14, 2.198545e-14, 3.429790e-14
179.000000, -4.679782e-14, -1.664917e-14, -1.663382e-14, -3.932395e-14
179.100000, 4.134029e-14, 2.174688e-14, 2.176200e-14, 3.397814e-14
179.200000, -4.633395e-14, -1.650009e-14, -1.648518e-14, -3.893221e-14
179.300000, 4.095179e-14, 2.152502e-14, 2.153973e-14, 3.365957e-14
179.400000, -4.587229e-14, -1.635145e-14, -1.633696e-14, -3.854236e-14
179.500000, 4.056479e-14, 2.130432e-14, 2.131862e-14, 3.334220e-14
179.600000, -4.541282e-14, -1.620322e-14, -1.618912e-14, -3.815442e-14
179.700000, 4.017922e-14, 2.108480e-14, 2.109866e-14, 3.302602e-14
179.800000, -4.495553e-14, -1.605541e-14, -1.604176e-14, -3.776832e-14
179.900000, 3.979512e-14, 2.086642e-14, 2.087990e-14, 3.271103e-14
180.000000, -4.450035e-14, -1.590800e-14, -1.589471e-14, -3.738405e-14
180.100000, 3.941247e-14, 2.064920e-14, 2.066228e-14, 3.239722e-14
180.200000, -4.404731e-14, -1.576098e-14, -1.574808e-14, -3.700165e-14
180.300000, 3.903123e-14, 2.043312e-14, 2.044584e-14, 3.208456e-14
180.400000, -4.359638e-14, -1.561435e-14, -1.560182e-14, -3.662109e-14
180.500000, 3.865143e-14, 2.021819e-14, 2.023054e-14, 3.177303e-14
180.600000, -4.314753e-14, -1.546810e-14, -1.545590e-14, -3.624229e-14
180.700000, 3.827303e-14, 2.000438e-14, 2.001639e-14, 3.146264e-14
180.800000, -4.270078e-14, -1.532224e-14, -1.531038e-14, -3.586534e-14
180.900000, 3.789598e-14, 1.979168e-14, 1.980336e-14, 3.115336e-14
181.000000, -4.225612e-14, -1.517676e-14, -1.516525e-14, -3.549020e-14
181.100000, 3.752033e-14, 1.958008e-14, 1.959142e-14, 3.084516e-14
181.200000, -4.181354e-14, -1.503167e-14, -1.502049e-14, -3.511683e-14
181.300000, 3.714600e-14, 1.936955e-14, 1.938059e-14, 3.053803e-14
181.400000, -4.137302e-14, -1.488700e-14, -1.487612e-14, -3.474531e-14
181.500000, 3.677297e-14, 1.916011e-14, 1.917085e-14, 3.023196e-14
181.600000, -4.093456e-14, -1.474272e-14, -1.473214e-14, -3.437554e-14
181.700000, 3.640125e-14, 1.895174e-14, 1.896216e-14, 2.992691e-14
181.800000, -4.049813e-14, -1.459878e-14, -1.458851e-14, -3.400754e-14
181.900000, 3.603082e-14, 1.874443e-14, 1.875455e-14, 2.962293e-14
182.000000, -4.006374e-14, -1.445526e-14, -1.444528e-14, -3.364131e-14
182.100000, 3.566167e-14, 1.853815e-14, 1.854800e-14, 2.931996e-14
182.200000, -3.963137e-14, -1.431211e-14, -1.430239e-14, -3.327682e-14
182.300000, 3.529379e-14, 1.833293e-14, 1.834250e-14, 2.901804e-14
182.400000, -3.920102e-14, -1.416935e-14, -1.415991e-14, -3.291404e-14
182.500000, 3.492714e-14, 1.812872e-14, 1.813802e-14, 2.871710e-14
182.600000, -3.877267e-14, -1.402696e-14, -1.401776e-14, -3.255300e-14
182.700000, 3.456174e-14, 1.792554e-14, 1.793459e-14, 2.841718e-14
182.800000, -3.834629e-14, -1.388493e-14, -1.387599e-14, -3.219367e-14
182.900000, 3.419756e-14, 1.772338e-14, 1.773220e-14, 2.811824e-14
183.000000, -3.792185e-14, -1.374327e-14, -1.373456e-14, -3.183600e-14
183.100000, 3.383460e-14, 1.752223e-14, 1.753081e-14, 2.782028e-14
183.200000, -3.749936e-14, -1.360197e-14, -1.359349e-14, -3.148002e-14
183.300000, 3.347287e-14, 1.732210e-14, 1.733050e-14, 2.752333e-14
183.400000, -3.707879e-14, -1.346102e-14, -1.345274e-14, -3.112569e-14
183.500000, 3.311236e-14, 1.712297e-14, 1.713115e-14, 2.722735e-14
183.600000, -3.666010e-14, -1.332042e-14, -1.331231e-14, -3.077298e-14
183.700000, 3.275304e-14, 1.692485e-14, 1.693286e-14, 2.693236e-14
183.800000, -3.624331e-14, -1.318012e-14, -1.317219e-14, -3.042189e-14
183.900000, 3.239494e-14, 1.672772e-14, 1.673559e-14, 2.663833e-14
184.000000, -3.582832e-14, -1.304016e-14, -1.303237e-14, -3.007236e-14
184.100000, 3.203805e-14, 1.653160e-14, 1.653931e-14, 2.634531e-14
184.200000, -3.541519e-14, -1.290051e-14, -1.289286e-14, -2.972444e-14
184.300000, 3.168233e-14, 1.633649e-14, 1.634406e-14, 2.605325e-14
184.400000, -3.500389e-14, -1.276119e-14, -1.275367e-14, -2.937807e-14
184.500000, 3.132780e-14, 1.614232e-14, 1.614978e-14, 2.576212e-14
184.600000, -3.459443e-14, -1.262221e-14, -1.261480e-14, -2.903328e-14
184.700000, 3.097442e-14, 1.594912e-14, 1.595647e-14, 2.547192e-14
184.800000, -3.418675e-14, -1.248354e-14, -1.247625e-14, -2.869007e-14
184.900000, 3.062216e-14, 1.575687e-14, 1.576413e-14, 2.518266e-14
185.000000, -3.378088e-14, -1.234520e-14, -1.233799e-14, -2.834836e-14
185.100000, 3.027105e-14, 1.556556e-14, 1.557272e-14, 2.489432e-14
185.200000, -3.337680e-14, -1.220719e-14, -1.220007e-14, -2.800820e-14
185.300000, 2.992104e-14, 1.537517e-14, 1.538226e-14, 2.460689e-14
185.400000, -3.297447e-14, -1.206950e-14, -1.206246e-14, -2.766954e-14
185.500000, 2.957219e-14, 1.518573e-14, 1.519274e-14, 2.432038e-14
185.600000, -3.257390e-14, -1.193212e-14, -1.192514e-14, -2.733239e-14
185.700000, 2.922443e-14, 1.499720e-14, 1.500416e-14, 2.403477e-14
185.800000, -3.217503e-14, -1.179507e-14, -1.178815e-14, -2.699671e-14
185.900000, 2.887779e-14, 1.480959e-14, 1.481648e-14, 2.375005e-14
186.000000, -3.177790e-14, -1.165831e-14, -1.165144e-14, -2.666249e-14
186.100000, 2.853225e-14, 1.462291e-14, 1.462975e-14, 2.346626e-14
186.200000, -3.138243e-14, -1.152186e-14, -1.151503e-14, -2.632974e-14
186.300000, 2.818782e-14, 1.443711e-14, 1.444391e-14, 2.318333e-14
186.400000, -3.098865e-14, -1.138571e-14, -1.137891e-14, -2.599842e-14
186.500000, 2.784444e-14, 1.425219e-14, 1.425897e-14, 2.290128e-14
186.600000, -3.059653e-14, -1.124987e-14, -1.124310e-14, -2.566855e-14
186.700000, 2.750217e-14, 1.406815e-14, 1.407492e-14, 2.262010e-14
186.800000, -3.020607e-14, -1.111434e-14, -1.110758e-14, -2.534012e-14
186.900000, 2.716094e-14, 1.388498e-14, 1.389173e-14, 2.233975e-14
187.000000, -2.981724e-14, -1.097914e-14, -1.097238e-14, -2.501310e-14
187.100000, 2.682076e-14, 1.370266e-14, 1.370942e-14, 2.206027e-14
187.200000, -2.943010e-14, -1.084425e-14, -1.083747e-14, -2.468749e-14
187.300000, 2.648163e-14, 1.352117e-14, 1.352796e-14, 2.178160e-14
187.400000, -2.904452e-14, -1.070969e-14, -1.070286e-14, -2.436328e-14
187.500000, 2.614353e-14, 1.334051e-14, 1.334733e-14, 2.150378e-14
187.600000, -2.866056e-14, -1.057540e-14, -1.056858e-14, -2.404043e-14
187.700000, 2.580643e-14, 1.316067e-14, 1.316754e-14, 2.122677e-14
187.800000, -2.827822e-14, -1.044146e-14, -1.043460e-14, -2.371900e-14
187.900000, 2.547037e-14, 1.298165e-14, 1.298855e-14, 2.095057e-14
188.000000, -2.789744e-14, -1.030784e-14, -1.030091e-14, -2.339889e-14
188.100000, 2.513531e-14, 1.280344e-14, 1.281040e-14, 2.067521e-14
188.200000, -2.751820e-14, -1.017452e-14, -1.016752e-14, -2.308013e-14
188.300000, 2.480126e-14, 1.262604e-14, 1.263308e-14, 2.040066e-14
188.400000, -2.714053e-14, -1.004148e-14, -1.003443e-14, -2.276268e-14
188.500000, 2.446821e-14, 1.244945e-14, 1.245654e-14, 2.012692e-14
188.600000, -2.676436e-14, -9.908751e-15, -9.901620e-15, -2.244655e-14
188.700000, 2.413617e-14, 1.227365e-14, 1.228082e-14, 1.985400e-14
188.800000, -2.638968e-14, -9.776309e-15, -9.769099e-15, -2.213170e-14
188.900000, 2.380512e-14, 1.209863e-14, 1.210589e-14, 1.958188e-14
189.000000, -2.601650e-14, -9.644160e-15, -9.636877e-15, -2.181813e-14
189.100000, 2.347507e-14, 1.192441e-14, 1.193174e-14, 1.931055e-14
189.200000, -2.564479e-14, -9.512307e-15, -9.504941e-15, -2.150583e-14
189.300000, 2.314599e-14, 1.175093e-14, 1.175833e-14, 1.904002e-14
189.400000, -2.527454e-14, -9.380758e-15, -9.373297e-15, -2.119480e-14
189.500000, 2.281791e-14, 1.157821e-14, 1.158570e-14, 1.877026e-14
189.600000, -2.490574e-14, -9.249484e-15, -9.241942e-15, -2.088500e-14
189.700000, 2.249078e-14, 1.140625e-14, 1.141383e-14, 1.850130e-14
189.800000, -2.453836e-14, -9.118536e-15, -9.110904e-15, -2.057645e-14
189.900000, 2.216462e-14, 1.123504e-14, 1.124271e-14, 1.823310e-14
190.000000, -2.417239e-14, -8.987867e-15, -8.980138e-15, -2.026912e-14
190.100000, 2.183944e-14, 1.106454e-14, 1.107231e-14, 1.796567e-14
190.200000, -2.380781e-14, -8.857487e-15, -8.849670e-15, -1.996298e-14
190.300000, 2.151521e-14, 1.089477e-14, 1.090263e-14, 1.769901e-14
190.400000, -2.344462e-14, -8.727397e-15, -8.719494e-15, -1.965806e-14
190.500000, 2.119193e-14, 1.072572e-14, 1.073370e-14, 1.743311e-14
190.600000, -2.308278e-14, -8.597605e-15, -8.589590e-15, -1.935429e-14
190.700000, 2.086959e-14, 1.055738e-14, 1.056546e-14, 1.716798e-14
190.800000, -2.272233e-14, -8.468120e-15, -8.459975e-15, -1.905170e-14
190.900000, 2.054819e-14, 1.038974e-14, 1.039794e-14, 1.690360e-14
191.000000, -2.236318e-14, -8.338914e-15, -8.330640e-15, -1.875026e-14
191.100000, 2.022773e-14, 1.022280e-14, 1.023114e-14, 1.663999e-14
191.200000, -2.200537e-14, -8.209984e-15, -8.201587e-15, -1.844995e-14
191.300000, 1.990821e-14, 1.005655e-14, 1.006500e-14, 1.637714e-14
191.400000, -2.164883e-14, -8.081343e-15, -8.072805e-15, -1.815074e-14
191.500000, 1.958964e-14, 9.890987e-15, 9.899598e-15, 1.611504e-14
191.600000, -2.129361e-14, -7.952973e-15, -7.944280e-15, -1.785265e-14
191.700000, 1.927195e-14, 9.726111e-15, 9.734860e-15, 1.585370e-14
191.800000, -2.093966e-14, -7.824863e-15, -7.816045e-15, -1.755563e-14
191.900000, 1.895520e-14, 9.561912e-15, 9.570802e-15, 1.559310e-14
192.000000, -2.058697e-14, -7.697043e-15, -7.688081e-15, -1.725972e-14
192.100000, 1.863933e-14, 9.398371e-15, 9.407400e-15, 1.533324e-14
192.200000, -2.023555e-14, -7.569493e-15, -7.560407e-15, -1.696487e-14
192.300000, 1.832437e-14, 9.235483e-15, 9.244639e-15, 1.507410e-14
192.400000, -1.988540e-14, -7.442249e-15, -7.433024e-15, -1.667111e-14
192.500000, 1.801028e-14, 9.073235e-15, 9.082510e-15, 1.481566e-14
192.600000, -1.953650e-14, -7.315268e-15, -7.305934e-15, -1.637840e-14
192.700000, 1.769704e-14, 8.911600e-15, 8.920995e-15, 1.455794e-14
192.800000, -1.918883e-14, -7.188609e-15, -7.179173e-15, -1.608677e-14
192.900000, 1.738463e-14, 8.750589e-15, 8.760069e-15, 1.430090e-14
193.000000, -1.884242e-14, -7.062216e-15, -7.052688e-15, -1.579618e-14
193.100000, 1.707308e-14, 8.590185e-15, 8.599764e-15, 1.404456e-14
193.200000, -1.849724e-14, -6.936137e-15, -6.926524e-15, -1.550663e-14
193.300000, 1.676234e-14, 8.430376e-15, 8.440020e-15, 1.378889e-14
193.400000, -1.815324e-14, -6.810324e-15, -6.800655e-15, -1.521811e-14
193.500000, 1.645246e-14, 8.271203e-15, 8.280897e-15, 1.353393e-14
193.600000, -1.781045e-14, -6.684798e-15, -6.675069e-15, -1.493059e-14
193.700000, 1.614343e-14, 8.112594e-15, 8.122339e-15, 1.327965e-14
193.800000, -1.746881e-14, -6.559505e-15, -6.549763e-15, -1.464405e-14
193.900000, 1.583523e-14, 7.954631e-15, 7.964393e-15, 1.302607e-14
194.000000, -1.712832e-14, -6.434497e-15, -6.424730e-15, -1.435848e-14
194.100000, 1.552788e-14, 7.797254e-15, 7.807040e-15, 1.277318e-14
194.200000, -1.678896e-14, -6.309736e-15, -6.299967e-15, -1.407388e-14
194.300000, 1.522135e-14, 7.640478e-15, 7.650252e-15, 1.252098e-14
194.400000, -1.645071e-14, -6.185219e-15, -6.175448e-15, -1.379023e-14
194.500000, 1.491566e-14, 7.484294e-15, 7.494053e-15, 1.226947e-14
194.600000, -1.611358e-14, -6.060978e-15, -6.051231e-15, -1.350750e-14
194.700000, 1.461078e-14, 7.328674e-15, 7.338416e-15, 1.201864e-14
194.800000, -1.577757e-14, -5.937001e-15, -5.927267e-15, -1.322570e-14
194.900000, 1.430668e-14, 7.173620e-15, 7.183336e-15, 1.176846e-14
195.000000, -1.544264e-14, -5.813272e-15, -5.803597e-15, -1.294484e-14
195.100000, 1.400338e-14, 7.019136e-15, 7.028783e-15, 1.151893e-14
195.200000, -1.510883e-14, -5.689823e-15, -5.680201e-15, -1.266493e-14
195.300000, 1.370090e-14, 6.865184e-15, 6.874778e-15, 1.127005e-14
195.400000, -1.477608e-14, -5.566643e-15, -5.557083e-15, -1.238590e-14
195.500000, 1.339917e-14, 6.711775e-15, 6.721279e-15, 1.102181e-14
195.600000, -1.444440e-14, -5.443721e-15, -5.434260e-15, -1.210778e-14
195.700000, 1.309821e-14, 6.558899e-15, 6.568310e-15, 1.077421e-14
195.800000, -1.411379e-14, -5.321071e-15, -5.311701e-15, -1.183057e-14
195.900000, 1.279803e-14, 6.406528e-15, 6.415865e-15, 1.052724e-14
196.000000, -1.378422e-14, -5.198675e-15, -5.189407e-15, -1.155423e-14
196.100000, 1.249860e-14, 6.254713e-15, 6.263920e-15, 1.028091e-14
196.200000, -1.345568e-14, -5.076564e-15, -5.067410e-15, -1.127876e-14
196.300000, 1.219994e-14, 6.103383e-15, 6.112472e-15, 1.003520e-14
196.400000, -1.312816e-14, -4.954674e-15, -4.945664e-15, -1.100416e-14
196.500000, 1.190202e-14, 5.952567e-15, 5.961512e-15, 9.790105e-15
196.600000, -1.280165e-14, -4.833076e-15, -4.824203e-15, -1.073039e-14
196.700000, 1.160484e-14, 5.802274e-15, 5.811085e-15, 9.545632e-15
196.800000, -1.247613e-14, -4.711711e-15, -4.702994e-15, -1.045748e-14
196.900000, 1.130841e-14, 5.652472e-15, 5.661110e-15, 9.301783e-15
197.000000, -1.215161e-14, -4.590602e-15, -4.582040e-15, -1.018537e-14
197.100000, 1.101272e-14, 5.503160e-15, 5.511658e-15, 9.058566e-15
197.200000, -1.182804e-14, -4.469754e-15, -4.461353e-15, -9.914072e-15
197.300000, 1.071778e-14, 5.354345e-15, 5.362679e-15, 8.815947e-15
197.400000, -1.150543e-14, -4.349135e-15, -4.340868e-15, -9.643571e-15
197.500000, 1.042356e-14, 5.206022e-15, 5.214197e-15, 8.573959e-15
197.600000, -1.118376e-14, -4.228753e-15, -4.220667e-15, -9.373856e-15
197.700000, 1.013009e-14, 5.058176e-15, 5.066198e-15, 8.332585e-15
197.800000, -1.086302e-14, -4.108625e-15, -4.100679e-15, -9.104894e-15
197.900000, 9.837345e-15, 4.910841e-15, 4.918684e-15, 8.091818e-15
198.000000, -1.054317e-14, -3.988725e-15, -3.980948e-15, -8.836707e-15
198.100000, 9.545325e-15, 4.763963e-15, 4.771643e-15, 7.851666e-15
198.200000, -1.022425e-14, -3.869051e-15, -3.861441e-15, -8.569281e-15
198.300000, 9.254022e-15, 4.617537e-15, 4.625065e-15, 7.612115e-15
198.400000, -9.906217e-15, -3.749613e-15, -3.742192e-15, -8.302597e-15
198.500000, 8.963405e-15, 4.471581e-15, 4.478920e-15, 7.373121e-15
198.600000, -9.589089e-15, -3.630436e-15, -3.623184e-15, -8.036672e-15
198.700000, 8.673488e-15, 4.326060e-15, 4.333200e-15, 7.134698e-15
198.800000, -9.272855e-15, -3.511514e-15, -3.504473e-15, -7.771528e-15
198.900000, 8.384233e-15, 4.180938e-15, 4.187899e-15, 6.896833e-15
199.000000, -8.957521e-15, -3.392865e-15, -3.386033e-15, -7.507130e-15
199.100000, 8.095633e-15, 4.036242e-15, 4.042984e-15, 6.659481e-15
199.200000, -8.643024e-15, -3.274456e-15, -3.267855e-15, -7.243498e-15
199.300000, 7.807718e-15, 3.891951e-15, 3.898457e-15, 6.422680e-15
199.400000, -8.329447e-15, -3.156333e-15, -3.149961e-15, -6.980603e-15
199.500000, 7.520461e-15, 3.748070e-15, 3.754319e-15, 6.186387e-15
199.600000, -8.016708e-15, -3.038457e-15, -3.032329e-15, -6.718466e-15
199.700000, 7.233842e-15, 3.604606e-15, 3.610588e-15, 5.950647e-15
199.800000, -7.704815e-15, -2.920841e-15, -2.914970e-15, -6.457014e-15
199.900000, 6.947882e-15, 3.461499e-15, 3.467240e-15, 5.715410e-15
200.000000, -7.393748e-15, -2.803437e-15, -2.797839e-15, -6.196264e-15
200.100000, 6.662596e-15, 3.318835e-15, 3.324285e-15, 5.480755e-15
200.200000, -7.083453e-15, -2.686258e-15, -2.680950e-15, -5.936189e-15
200.300000, 6.377974e-15, 3.176565e-15, 3.181736e-15, 5.246621e-15
200.400000, -6.773964e-15, -2.569348e-15, -2.564303e-15, -5.676790e-15
200.500000, 6.093989e-15, 3.034697e-15, 3.039587e-15, 5.013032e-15
200.600000, -6.465248e-15, -2.452633e-15, -2.447866e-15, -5.418043e-15
200.700000, 5.810667e-15, 2.893197e-15, 2.897827e-15, 4.779972e-15
200.800000, -6.157321e-15, -2.336198e-15, -2.331667e-15, -5.159945e-15
200.900000, 5.528024e-15, 2.752108e-15, 2.756483e-15, 4.547465e-15
201.000000, -5.850112e-15, -2.219953e-15, -2.215704e-15, -4.902500e-15
201.100000, 5.245972e-15, 2.611371e-15, 2.615510e-15, 4.315454e-15
201.200000, -5.543722e-15, -2.103949e-15, -2.099940e-15, -4.645671e-15
201.300000, 4.964574e-15, 2.470988e-15, 2.474871e-15, 4.083966e-15
201.400000, -5.238050e-15, -1.988204e-15, -1.984441e-15, -4.389471e-15
201.500000, 4.683755e-15, 2.330966e-15, 2.334643e-15, 3.853002e-15
201.600000, -4.933097e-15, -1.872675e-15, -1.869142e-15, -4.133896e-15
201.700000, 4.403567e-15, 2.191299e-15, 2.194725e-15, 3.622535e-15
201.800000, -4.628921e-15, -1.757418e-15, -1.754094e-15, -3.878966e-15
201.900000, 4.123989e-15, 2.051950e-15, 2.055192e-15, 3.392568e-15
202.000000, -4.325453e-15, -1.642400e-15, -1.639262e-15, -3.624625e-15
202.100000, 3.845026e-15, 1.912977e-15, 1.915984e-15, 3.163088e-15
202.200000, -4.022683e-15, -1.527575e-15, -1.524668e-15, -3.370855e-15
202.300000, 3.566653e-15, 1.774307e-15, 1.777124e-15, 2.934125e-15
202.400000, -3.720616e-15, -1.413033e-15, -1.410296e-15, -3.117710e-15
202.500000, 3.288855e-15, 1.635963e-15, 1.638596e-15, 2.705620e-15
202.600000, -3.419248e-15, -1.298704e-15, -1.296179e-15, -2.865152e-15
202.700000, 3.011646e-15, 1.497978e-15, 1.500384e-15, 2.477588e-15
202.800000, -3.118568e-15, -1.184585e-15, -1.182293e-15, -2.613154e-15
202.900000, 2.735042e-15, 1.360286e-15, 1.362499e-15, 2.250053e-15
203.000000, -2.818541e-15, -1.070720e-15, -1.068628e-15, -2.361762e-15
203.100000, 2.458986e-15, 1.222904e-15, 1.224909e-15, 2.022980e-15
203.200000, -2.519221e-15, -9.570829e-16, -9.552143e-16, -2.110913e-15
203.300000, 2.183538e-15, 1.085837e-15, 1.087597e-15, 1.796348e-15
203.400000, -2.220515e-15, -8.436984e-16, -8.420175e-16, -1.860629e-15
203.500000, 1.908606e-15, 9.490652e-16, 9.506100e-16, 1.570213e-15
203.600000, -1.922490e-15, -7.304974e-16, -7.290563e-16, -1.610878e-15
203.700000, 1.634273e-15, 8.126061e-16, 8.139336e-16, 1.344519e-15
203.800000, -1.625070e-15, -6.175143e-16, -6.163005e-16, -1.361657e-15
203.900000, 1.360503e-15, 6.764493e-16, 6.775476e-16, 1.119293e-15
204.000000, -1.328265e-15, -5.047590e-16, -5.037826e-16, -1.112950e-15
204.100000, 1.087299e-15, 5.405905e-16, 5.414620e-16, 8.945212e-16
204.200000, -1.032076e-15, -3.922252e-16, -3.914500e-16, -8.647634e-16
204.300000, 8.146432e-16, 4.050155e-16, 4.056851e-16, 6.702349e-16
204.400000, -7.364569e-16, -2.798861e-16, -2.793450e-16, -6.170771e-16
204.500000, 5.425520e-16, 2.697359e-16, 2.701733e-16, 4.463712e-16
204.600000, -4.414304e-16, -1.677814e-16, -1.674387e-16, -3.698775e-16
204.700000, 2.710065e-16, 1.347390e-16, 1.349520e-16, 2.229665e-16
204.800000, -1.470034e-16, -5.587147e-17, -5.575964e-17, -1.231696e-16
