x, 11, 12, 21, 22
0.100000, -9.999587e-01, -9.999586e-01, -9.999591e-01, -9.999591e-01
0.200000, -9.999577e-01, -9.999576e-01, -9.999581e-01, -9.999581e-01
0.300000, -9.999567e-01, -9.999567e-01, -9.999571e-01, -9.999571e-01
0.400000, -9.999558e-01, -9.999557e-01, -9.999562e-01, -9.999562e-01
0.500000, -9.999548e-01, -9.999548e-01, -9.999553e-01, -9.999553e-01
0.600000, -9.999540e-01, -9.999539e-01, -9.999544e-01, -9.999544e-01
0.700000, -9.999531e-01, -9.999531e-01, -9.999536e-01, -9.999536e-01
0.800000, -9.999523e-01, -9.999523e-01, -9.999528e-01, -9.999527e-01
0.900000, -9.999515e-01, -9.999515e-01, -9.999520e-01, -9.999520e-01
1.000000, -9.999508e-01, -9.999507e-01, -9.999512e-01, -9.999512e-01
1.100000, -9.999501e-01, -9.999500e-01, -9.999505e-01, -9.999505e-01
1.200000, -9.999494e-01, -9.999494e-01, -9.999499e-01, -9.999498e-01
1.300000, -9.999488e-01, -9.999487e-01, -9.999492e-01, -9.999492e-01
1.400000, -9.999482e-01, -9.999481e-01, -9.999487e-01, -9.999486e-01
1.500000, -9.999476e-01, -9.999476e-01, -9.999481e-01, -9.999481e-01
1.600000, -9.999471e-01, -9.999471e-01, -9.999476e-01, -9.999476e-01
1.700000, -9.999467e-01, -9.999466e-01, -9.999471e-01, -9.999471e-01
1.800000, -9.999462e-01, -9.999462e-01, -9.999467e-01, -9.999467e-01
1.900000, -9.999459e-01, -9.999458e-01, -9.999463e-01, -9.999463e-01
2.000000, -9.999455e-01, -9.999455e-01, -9.999460e-01, -9.999459e-01
2.100000, -9.999452e-01, -9.999452e-01, -9.999456e-01, -9.999456e-01
2.200000, -9.999449e-01, -9.999449e-01, -9.999454e-01, -9.999453e-01
2.300000, -9.999447e-01, -9.999447e-01, -9.999451e-01, -9.999451e-01
2.400000, -9.999445e-01, -9.999445e-01, -9.999450e-01, -9.999449e-01
2.500000, -9.999444e-01, -9.999443e-01, -9.999448e-01, -9.999448e-01
2.600000, -9.999443e-01, -9.999442e-01, -9.999447e-01, -9.999446e-01
2.700000, -9.999442e-01, -9.999442e-01, -9.999446e-01, -9.999446e-01
2.800000, -9.999442e-01, -9.999442e-01, -9.999446e-01, -9.999445e-01
2.900000, -9.999441e-01, -9.999440e-01, -9.999445e-01, -9.999444e-01
3.000000, -9.999346e-01, -9.999337e-01, -9.999352e-01, -9.999338e-01
3.100000, -9.997810e-01, -9.997546e-01, -9.997747e-01, -9.997691e-01
3.200000, -9.987389e-01, -9.987509e-01, -9.986531e-01, -9.988054e-01
3.300000, -9.951749e-01, -9.951313e-01, -9.950951e-01, -9.950828e-01
3.400000, -9.872482e-01, -9.873138e-01, -9.875921e-01, -9.881021e-01
3.500000, -9.747882e-01, -9.746233e-01, -9.744395e-01, -9.731155e-01
3.600000, -9.594439e-01, -9.581328e-01, -9.577350e-01, -9.553656e-01
3.700000, -9.391690e-01, -9.368967e-01, -9.346753e-01, -9.349344e-01
3.800000, -9.172942e-01, -9.142159e-01, -9.150739e-01, -9.151372e-01
3.900000, -8.975840e-01, -8.965553e-01, -8.883877e-01, -8.870200e-01
4.000000, -8.660406e-01, -8.638634e-01, -8.634625e-01, -8.636763e-01
4.100000, -8.410101e-01, -8.411911e-01, -8.392531e-01, -8.325657e-01
4.200000, -8.115068e-01, -8.073702e-01, -8.046184e-01, -8.050262e-01
4.300000, -7.823024e-01, -7.790393e-01, -7.794304e-01, -7.781284e-01
4.400000, -7.447574e-01, -7.493082e-01, -7.438115e-01, -7.467383e-01
4.500000, -7.172625e-01, -7.180079e-01, -7.192820e-01, -7.194629e-01
4.600000, -6.885707e-01, -6.853920e-01, -6.845123e-01, -6.846522e-01
4.700000, -6.535060e-01, -6.519909e-01, -6.537072e-01, -6.521945e-01
4.800000, -6.225651e-01, -6.181485e-01, -6.199572e-01, -6.218403e-01
4.900000, -5.872532e-01, -5.956043e-01, -5.911770e-01, -5.877123e-01
5.000000, -5.561178e-01, -5.579884e-01, -5.535726e-01, -5.550213e-01
5.100000, -5.210378e-01, -5.198019e-01, -5.227220e-01, -5.277072e-01
5.200000, -4.932136e-01, -4.931605e-01, -4.933339e-01, -5.000350e-01
5.300000, -4.665504e-01, -4.678847e-01, -4.654961e-01, -4.625894e-01
5.400000, -4.401533e-01, -4.438200e-01, -4.381697e-01, -4.356496e-01
5.500000, -4.145554e-01, -4.141509e-01, -4.126709e-01, -4.136345e-01
5.600000, -3.898145e-01, -3.940724e-01, -3.853697e-01, -3.884245e-01
5.700000, -3.631467e-01, -3.657286e-01, -3.684641e-01, -3.663389e-01
5.800000, -3.453982e-01, -3.462867e-01, -3.432905e-01, -3.395610e-01
5.900000, -3.235145e-01, -3.205257e-01, -3.247522e-01, -3.201947e-01
6.000000, -3.059186e-01, -3.024207e-01, -3.048056e-01, -2.972715e-01
6.100000, -2.906379e-01, -2.826970e-01, -2.871176e-01, -2.853374e-01
6.200000, -2.648999e-01, -2.695748e-01, -2.679499e-01, -2.647957e-01
6.300000, -2.523081e-01, -2.497244e-01, -2.490699e-01, -2.537965e-01
6.400000, -2.373602e-01, -2.425555e-01, -2.404533e-01, -2.402587e-01
6.500000, -2.252920e-01, -2.198995e-01, -2.257791e-01, -2.259152e-01
6.600000, -2.118829e-01, -2.112446e-01, -2.100400e-01, -2.134864e-01
6.700000, -2.019453e-01, -2.023928e-01, -2.025181e-01, -2.014132e-01
6.800000, -1.896353e-01, -1.873755e-01, -1.931450e-01, -1.936645e-01
6.900000, -1.803675e-01, -1.798164e-01, -1.805320e-01, -1.784531e-01
7.000000, -1.732468e-01, -1.715696e-01, -1.743229e-01, -1.755222e-01
7.100000, -1.656874e-01, -1.638069e-01, -1.658439e-01, -1.680328e-01
7.200000, -1.563770e-01, -1.545365e-01, -1.597383e-01, -1.599561e-01
7.300000, -1.490275e-01, -1.502091e-01, -1.513356e-01, -1.524845e-01
7.400000, -1.453424e-01, -1.431761e-01, -1.446011e-01, -1.437648e-01
7.500000, -1.403530e-01, -1.413609e-01, -1.414924e-01, -1.427196e-01
7.600000, -1.368700e-01, -1.382396e-01, -1.367324e-01, -1.371844e-01
7.700000, -1.320061e-01, -1.324680e-01, -1.293332e-01, -1.364360e-01
7.800000, -1.299655e-01, -1.321631e-01, -1.298985e-01, -1.294929e-01
7.900000, -1.251180e-01, -1.263320e-01, -1.289817e-01, -1.273961e-01
8.000000, -1.235675e-01, -1.225336e-01, -1.229686e-01, -1.226209e-01
8.100000, -1.190936e-01, -1.172573e-01, -1.197111e-01, -1.186341e-01
8.200000, -1.143117e-01, -1.163601e-01, -1.140006e-01, -1.177115e-01
8.300000, -1.128682e-01, -1.158075e-01, -1.165192e-01, -1.151340e-01
8.400000, -1.156008e-01, -1.169448e-01, -1.165569e-01, -1.115962e-01
8.500000, -1.113310e-01, -1.131303e-01, -1.160123e-01, -1.110745e-01
8.600000, -1.125201e-01, -1.115014e-01, -1.097877e-01, -1.135495e-01
8.700000, -1.093579e-01, -1.086926e-01, -1.082767e-01, -1.075164e-01
8.800000, -1.078664e-01, -1.082601e-01, -1.094611e-01, -1.079791e-01
8.900000, -1.037270e-01, -1.099896e-01, -1.059253e-01, -1.063604e-01
9.000000, -1.040882e-01, -1.039572e-01, -1.065321e-01, -1.060944e-01
9.100000, -1.074899e-01, -1.031320e-01, -1.045830e-01, -1.051773e-01
9.200000, -1.036071e-01, -1.020258e-01, -1.022245e-01, -1.043060e-01
9.300000, -1.042620e-01, -9.962941e-02, -1.026740e-01, -9.947116e-02
9.400000, -1.013742e-01, -9.908657e-02, -9.984720e-02, -1.003674e-01
9.500000, -1.010173e-01, -1.002505e-01, -1.009014e-01, -9.837102e-02
9.600000, -9.967005e-02, -9.890022e-02, -9.972102e-02, -9.955751e-02
9.700000, -9.777364e-02, -9.324730e-02, -9.734817e-02, -9.664249e-02
9.800000, -9.534045e-02, -1.004230e-01, -9.583880e-02, -9.642973e-02
9.900000, -9.561603e-02, -9.537257e-02, -9.417055e-02, -9.530511e-02
10.000000, -9.445363e-02, -9.483425e-02, -9.415837e-02, -9.195821e-02
10.100000, -9.430998e-02, -9.237792e-02, -9.261072e-02, -9.432606e-02
10.200000, -9.151365e-02, -9.267052e-02, -9.029541e-02, -9.119538e-02
10.300000, -8.912180e-02, -9.015227e-02, -8.960639e-02, -8.965929e-02
10.400000, -8.748194e-02, -8.792207e-02, -8.753005e-02, -8.864234e-02
10.500000, -8.682515e-02, -8.469709e-02, -8.649638e-02, -8.581887e-02
10.600000, -8.517816e-02, -8.793749e-02, -8.474480e-02, -8.481717e-02
10.700000, -8.359859e-02, -8.137446e-02, -8.671843e-02, -8.307727e-02
10.800000, -8.023276e-02, -8.116450e-02, -8.109430e-02, -7.968353e-02
10.900000, -8.021513e-02, -8.043014e-02, -7.851357e-02, -8.020588e-02
11.000000, -7.910878e-02, -7.809371e-02, -7.726818e-02, -7.821306e-02
11.100000, -7.680539e-02, -7.493217e-02, -7.681066e-02, -7.598956e-02
11.200000, -7.341832e-02, -7.555250e-02, -7.510512e-02, -7.626773e-02
11.300000, -7.293662e-02, -7.312044e-02, -7.264396e-02, -7.327102e-02
11.400000, -7.086802e-02, -7.177157e-02, -7.185268e-02, -7.105601e-02
11.500000, -6.812422e-02, -6.957945e-02, -7.073248e-02, -7.039385e-02
11.600000, -6.739071e-02, -6.786188e-02, -6.801284e-02, -6.659830e-02
11.700000, -6.606779e-02, -6.671364e-02, -6.631366e-02, -6.729266e-02
11.800000, -6.542715e-02, -6.381526e-02, -6.356856e-02, -6.420014e-02
11.900000, -6.079682e-02, -6.166053e-02, -6.124952e-02, -6.168801e-02
12.000000, -6.062868e-02, -5.998772e-02, -6.114965e-02, -5.993847e-02
12.100000, -6.002129e-02, -5.831906e-02, -5.844453e-02, -5.931369e-02
12.200000, -5.756250e-02, -5.705722e-02, -5.678314e-02, -5.741569e-02
12.300000, -5.603636e-02, -5.617642e-02, -5.686324e-02, -5.395379e-02
12.400000, -5.405896e-02, -5.510681e-02, -5.341045e-02, -5.578937e-02
12.500000, -5.220958e-02, -5.295516e-02, -5.259380e-02, -5.262996e-02
12.600000, -5.174403e-02, -5.210285e-02, -5.030429e-02, -5.147428e-02
12.700000, -4.830066e-02, -4.822612e-02, -4.871765e-02, -4.933518e-02
12.800000, -4.843522e-02, -4.716878e-02, -4.833100e-02, -4.850888e-02
12.900000, -4.626967e-02, -4.650076e-02, -4.565136e-02, -4.583976e-02
13.000000, -4.622609e-02, -4.581689e-02, -4.528550e-02, -4.464913e-02
13.100000, -4.394119e-02, -4.247385e-02, -4.325947e-02, -4.457146e-02
13.200000, -4.233579e-02, -4.248231e-02, -4.203333e-02, -4.115685e-02
13.300000, -4.087704e-02, -4.162961e-02, -4.178725e-02, -4.066752e-02
13.400000, -3.890425e-02, -3.978110e-02, -3.927808e-02, -4.115975e-02
13.500000, -3.746702e-02, -3.853501e-02, -3.886584e-02, -3.780298e-02
13.600000, -3.805716e-02, -3.753590e-02, -3.774620e-02, -3.741805e-02
13.700000, -3.612412e-02, -3.605692e-02, -3.623326e-02, -3.604189e-02
13.800000, -3.508565e-02, -3.490616e-02, -3.530650e-02, -3.464457e-02
13.900000, -3.382277e-02, -3.495794e-02, -3.487130e-02, -3.346086e-02
14.000000, -3.299593e-02, -3.229923e-02, -3.310560e-02, -3.282472e-02
14.100000, -3.202929e-02, -3.170117e-02, -3.195604e-02, -3.133385e-02
14.200000, -3.167913e-02, -3.086881e-02, -3.020268e-02, -3.124387e-02
14.300000, -3.072582e-02, -3.016201e-02, -3.080894e-02, -3.057441e-02
14.400000, -2.946809e-02, -2.938478e-02, -2.864861e-02, -2.972666e-02
14.500000, -2.764520e-02, -2.830772e-02, -2.794956e-02, -2.905078e-02
14.600000, -2.751126e-02, -2.770700e-02, -2.807106e-02, -2.700479e-02
14.700000, -2.749713e-02, -2.650693e-02, -2.760429e-02, -2.758347e-02
14.800000, -2.455276e-02, -2.674721e-02, -2.580279e-02, -2.603837e-02
14.900000, -2.618222e-02, -2.544345e-02, -2.491706e-02, -2.497834e-02
15.000000, -2.394204e-02, -2.465828e-02, -2.467976e-02, -2.565026e-02
15.100000, -2.426377e-02, -2.416789e-02, -2.363917e-02, -2.347299e-02
15.200000, -2.397285e-02, -2.345512e-02, -2.325480e-02, -2.329720e-02
15.300000, -2.285054e-02, -2.197751e-02, -2.264456e-02, -2.225922e-02
15.400000, -2.214123e-02, -2.246915e-02, -2.213958e-02, -2.170370e-02
15.500000, -2.102696e-02, -2.156458e-02, -2.084125e-02, -2.108986e-02
15.600000, -2.078702e-02, -2.091416e-02, -2.178658e-02, -2.106060e-02
15.700000, -2.037913e-02, -1.974142e-02, -2.019214e-02, -2.004391e-02
15.800000, -1.925544e-02, -1.983403e-02, -1.944310e-02, -1.982788e-02
15.900000, -1.961246e-02, -1.995083e-02, -1.960772e-02, -1.923757e-02
16.000000, -1.962072e-02, -1.828705e-02, -1.814945e-02, -1.853371e-02
16.100000, -1.866424e-02, -1.874539e-02, -1.876368e-02, -1.807921e-02
16.200000, -1.757316e-02, -1.790314e-02, -1.772063e-02, -1.842742e-02
16.300000, -1.767339e-02, -1.750439e-02, -1.771133e-02, -1.726006e-02
16.400000, -1.683530e-02, -1.717997e-02, -1.675575e-02, -1.729145e-02
16.500000, -1.654768e-02, -1.690789e-02, -1.586462e-02, -1.647232e-02
16.600000, -1.624451e-02, -1.572643e-02, -1.625617e-02, -1.510054e-02
16.700000, -1.544351e-02, -1.584993e-02, -1.581295e-02, -1.597017e-02
16.800000, -1.531265e-02, -1.541115e-02, -1.586112e-02, -1.591345e-02
16.900000, -1.524289e-02, -1.516323e-02, -1.499033e-02, -1.536582e-02
17.000000, -1.461990e-02, -1.430236e-02, -1.454146e-02, -1.421661e-02
17.100000, -1.424333e-02, -1.395748e-02, -1.446660e-02, -1.361502e-02
17.200000, -1.342836e-02, -1.362955e-02, -1.412604e-02, -1.436719e-02
17.300000, -1.404235e-02, -1.368971e-02, -1.241953e-02, -1.341449e-02
17.400000, -1.302776e-02, -1.308680e-02, -1.359055e-02, -1.334746e-02
17.500000, -1.282166e-02, -1.291032e-02, -1.285404e-02, -1.269541e-02
17.600000, -1.255263e-02, -1.227539e-02, -1.276449e-02, -1.254938e-02
17.700000, -1.162633e-02, -1.201689e-02, -1.180897e-02, -1.223098e-02
17.800000, -1.193186e-02, -1.191304e-02, -1.164279e-02, -1.241849e-02
17.900000, -1.134887e-02, -1.126870e-02, -1.156831e-02, -1.147806e-02
18.000000, -1.117487e-02, -1.142304e-02, -1.087230e-02, -1.044455e-02
18.100000, -1.056350e-02, -1.069391e-02, -1.036946e-02, -1.076846e-02
18.200000, -1.022728e-02, -1.087452e-02, -1.008475e-02, -1.069279e-02
18.300000, -1.076127e-02, -1.026568e-02, -1.084392e-02, -9.966905e-03
18.400000, -9.569175e-03, -1.019919e-02, -9.874943e-03, -1.000564e-02
18.500000, -9.851450e-03, -9.712848e-03, -9.757638e-03, -9.395211e-03
18.600000, -9.335729e-03, -9.157556e-03, -9.031937e-03, -9.112932e-03
18.700000, -9.169021e-03, -9.228768e-03, -9.200122e-03, -9.113777e-03
18.800000, -9.298633e-03, -9.157623e-03, -9.093686e-03, -8.870278e-03
18.900000, -8.913050e-03, -8.563868e-03, -8.852856e-03, -8.704143e-03
19.000000, -8.108393e-03, -8.152949e-03, -8.220666e-03, -8.463995e-03
19.100000, -8.293956e-03, -8.261820e-03, -7.950867e-03, -8.488418e-03
19.200000, -7.816134e-03, -7.803325e-03, -7.877541e-03, -7.803189e-03
19.300000, -7.670011e-03, -7.604979e-03, -7.827046e-03, -7.452964e-03
19.400000, -7.303273e-03, -7.346614e-03, -7.043042e-03, -7.728684e-03
19.500000, -7.141545e-03, -7.030122e-03, -6.888367e-03, -7.279721e-03
19.600000, -7.048078e-03, -6.857095e-03, -7.033560e-03, -7.052514e-03
19.700000, -6.497201e-03, -6.501615e-03, -6.921514e-03, -6.937230e-03
19.800000, -6.313203e-03, -6.559946e-03, -6.778252e-03, -6.742194e-03
19.900000, -5.945218e-03, -6.639176e-03, -6.337133e-03, -6.353488e-03
20.000000, -6.334660e-03, -6.549738e-03, -6.298045e-03, -5.940326e-03
20.100000, -5.959439e-03, -5.925627e-03, -5.921203e-03, -6.129694e-03
20.200000, -5.843179e-03, -5.895710e-03, -5.569004e-03, -5.603673e-03
20.300000, -5.472037e-03, -6.061396e-03, -6.022735e-03, -5.988539e-03
20.400000, -5.280673e-03, -5.505228e-03, -5.267904e-03, -5.294886e-03
20.500000, -5.453945e-03, -5.220210e-03, -5.467611e-03, -5.433761e-03
20.600000, -5.516348e-03, -5.135337e-03, -5.200326e-03, -5.103638e-03
20.700000, -5.217353e-03, -4.927055e-03, -4.941292e-03, -5.180612e-03
20.800000, -4.847159e-03, -4.676516e-03, -5.159109e-03, -4.825575e-03
20.900000, -4.815376e-03, -4.777697e-03, -4.717881e-03, -4.635855e-03
21.000000, -4.544809e-03, -4.603171e-03, -4.403836e-03, -4.181323e-03
21.100000, -4.258745e-03, -4.289080e-03, -4.533282e-03, -4.448658e-03
21.200000, -4.258399e-03, -4.378886e-03, -4.175318e-03, -4.570646e-03
21.300000, -4.152512e-03, -4.209204e-03, -4.128401e-03, -4.118523e-03
21.400000, -4.029313e-03, -4.329332e-03, -4.152299e-03, -4.217696e-03
21.500000, -4.230982e-03, -4.011880e-03, -3.756230e-03, -4.036974e-03
21.600000, -3.559896e-03, -3.831012e-03, -3.909771e-03, -3.815421e-03
21.700000, -3.752336e-03, -3.688997e-03, -3.609529e-03, -3.894894e-03
21.800000, -3.676667e-03, -3.736574e-03, -3.574494e-03, -3.841803e-03
21.900000, -3.617596e-03, -3.453909e-03, -3.429071e-03, -3.497056e-03
22.000000, -3.284952e-03, -3.263621e-03, -3.310002e-03, -3.296609e-03
22.100000, -3.260403e-03, -3.110895e-03, -3.180159e-03, -3.255432e-03
22.200000, -2.757394e-03, -3.232247e-03, -3.287408e-03, -3.196914e-03
22.300000, -3.101473e-03, -3.141266e-03, -3.296747e-03, -3.236561e-03
22.400000, -3.358362e-03, -2.884265e-03, -3.331378e-03, -3.269598e-03
22.500000, -3.108024e-03, -2.928653e-03, -2.949318e-03, -3.099559e-03
22.600000, -2.895863e-03, -3.009517e-03, -2.860713e-03, -3.005324e-03
22.700000, -2.760198e-03, -2.901020e-03, -2.711232e-03, -2.656610e-03
22.800000, -2.568122e-03, -2.687305e-03, -2.775848e-03, -2.579624e-03
22.900000, -2.833717e-03, -2.606610e-03, -2.743137e-03, -2.351092e-03
23.000000, -2.714406e-03, -2.722415e-03, -2.502230e-03, -2.629097e-03
23.100000, -2.536247e-03, -2.538526e-03, -2.703291e-03, -2.479809e-03
23.200000, -2.474653e-03, -2.658133e-03, -2.724327e-03, -2.454461e-03
23.300000, -2.422144e-03, -2.569259e-03, -2.167080e-03, -2.416419e-03
23.400000, -2.350963e-03, -2.337881e-03, -2.392483e-03, -2.308558e-03
23.500000, -2.365093e-03, -2.323174e-03, -2.326614e-03, -2.361605e-03
23.600000, -2.197746e-03, -2.456483e-03, -2.290864e-03, -2.373457e-03
23.700000, -2.255403e-03, -2.102373e-03, -2.112569e-03, -2.296468e-03
23.800000, -2.058086e-03, -2.130637e-03, -2.077636e-03, -2.262918e-03
23.900000, -2.037287e-03, -2.218593e-03, -2.050490e-03, -2.159231e-03
24.000000, -2.038628e-03, -1.967388e-03, -1.982147e-03, -2.079579e-03
24.100000, -2.151776e-03, -1.787428e-03, -2.004931e-03, -1.864114e-03
24.200000, -1.944394e-03, -1.903957e-03, -1.981829e-03, -1.862945e-03
24.300000, -1.789898e-03, -1.880463e-03, -1.911509e-03, -2.126729e-03
24.400000, -1.845329e-03, -1.924850e-03, -1.810963e-03, -1.737449e-03
24.500000, -1.841166e-03, -1.797603e-03, -1.848891e-03, -1.942014e-03
24.600000, -1.778493e-03, -1.872139e-03, -1.821008e-03, -1.792889e-03
24.700000, -1.867909e-03, -1.729345e-03, -1.737293e-03, -1.829446e-03
24.800000, -1.659307e-03, -1.922538e-03, -1.917007e-03, -1.816285e-03
24.900000, -1.733797e-03, -1.618539e-03, -1.638034e-03, -1.694334e-03
25.000000, -1.675255e-03, -1.745899e-03, -1.724605e-03, -1.643021e-03
25.100000, -1.711113e-03, -1.510953e-03, -1.662160e-03, -1.653796e-03
25.200000, -1.659460e-03, -1.739427e-03, -1.581038e-03, -1.537355e-03
25.300000, -1.580529e-03, -1.626732e-03, -1.519551e-03, -1.453980e-03
25.400000, -1.559738e-03, -1.597543e-03, -1.523007e-03, -1.574804e-03
25.500000, -1.437297e-03, -1.512029e-03, -1.634785e-03, -1.473133e-03
25.600000, -1.464263e-03, -1.479455e-03, -1.474019e-03, -1.481454e-03
25.700000, -1.482752e-03, -1.531190e-03, -1.537347e-03, -1.472092e-03
25.800000, -1.397658e-03, -1.475519e-03, -1.487543e-03, -1.540216e-03
25.900000, -1.363282e-03, -1.420305e-03, -1.384521e-03, -1.475163e-03
26.000000, -1.443930e-03, -1.397442e-03, -1.277706e-03, -1.363916e-03
26.100000, -1.375936e-03, -1.284105e-03, -1.398545e-03, -1.308085e-03
26.200000, -1.299068e-03, -1.372431e-03, -1.323840e-03, -1.424935e-03
26.300000, -1.366507e-03, -1.310187e-03, -1.341220e-03, -1.429855e-03
26.400000, -1.257171e-03, -1.285441e-03, -1.412388e-03, -1.410370e-03
26.500000, -1.267428e-03, -1.241087e-03, -1.338848e-03, -1.411475e-03
26.600000, -1.242467e-03, -1.213562e-03, -1.159795e-03, -1.314876e-03
26.700000, -1.264890e-03, -1.311132e-03, -1.182621e-03, -1.229102e-03
26.800000, -1.302990e-03, -1.190014e-03, -1.285066e-03, -1.154988e-03
26.900000, -1.195875e-03, -1.223060e-03, -1.237789e-03, -1.159221e-03
27.000000, -1.216802e-03, -1.235099e-03, -1.202949e-03, -1.158369e-03
27.100000, -1.155094e-03, -1.217398e-03, -1.223891e-03, -1.245877e-03
27.200000, -1.169859e-03, -1.175773e-03, -1.177829e-03, -1.158565e-03
27.300000, -1.053932e-03, -1.120458e-03, -1.192109e-03, -1.060142e-03
27.400000, -1.145280e-03, -1.089036e-03, -1.188258e-03, -1.077459e-03
27.500000, -1.061506e-03, -9.941310e-04, -1.078471e-03, -1.056426e-03
27.600000, -1.026397e-03, -1.057127e-03, -1.038918e-03, -1.073297e-03
27.700000, -1.017306e-03, -1.046094e-03, -1.008002e-03, -1.068838e-03
27.800000, -1.024235e-03, -1.014175e-03, -1.004887e-03, -1.081834e-03
27.900000, -9.844535e-04, -1.015251e-03, -9.091768e-04, -9.980402e-04
28.000000, -1.004890e-03, -1.008478e-03, -9.864437e-04, -1.006899e-03
28.100000, -9.500657e-04, -9.076736e-04, -9.951914e-04, -9.921604e-04
28.200000, -9.158977e-04, -9.413167e-04, -9.665587e-04, -9.777612e-04
28.300000, -9.913555e-04, -1.023960e-03, -9.731580e-04, -9.753968e-04
28.400000, -9.567296e-04, -8.771072e-04, -9.012858e-04, -8.813869e-04
28.500000, -9.103937e-04, -8.580124e-04, -8.494016e-04, -9.427416e-04
28.600000, -8.977146e-04, -8.228683e-04, -8.634615e-04, -8.803919e-04
28.700000, -8.372864e-04, -8.475549e-04, -8.102356e-04, -8.543215e-04
28.800000, -8.363455e-04, -8.746783e-04, -8.617772e-04, -8.878227e-04
28.900000, -7.970861e-04, -8.428682e-04, -8.456747e-04, -8.014633e-04
29.000000, -8.193233e-04, -8.272953e-04, -8.222194e-04, -7.886933e-04
29.100000, -7.805263e-04, -8.355368e-04, -8.296568e-04, -7.756481e-04
29.200000, -7.903107e-04, -8.180421e-04, -8.027930e-04, -7.447740e-04
29.300000, -8.015286e-04, -7.527373e-04, -7.664096e-04, -6.876776e-04
29.400000, -7.353930e-04, -7.125813e-04, -7.424600e-04, -7.206111e-04
29.500000, -7.171679e-04, -7.541220e-04, -7.828093e-04, -7.151131e-04
29.600000, -7.552377e-04, -6.865199e-04, -7.530410e-04, -7.207440e-04
29.700000, -7.082133e-04, -6.946530e-04, -7.707129e-04, -7.526901e-04
29.800000, -7.204036e-04, -6.911965e-04, -7.060927e-04, -6.722678e-04
29.900000, -6.274971e-04, -6.231339e-04, -6.604214e-04, -7.073942e-04
30.000000, -6.764918e-04, -6.700284e-04, -6.674405e-04, -6.765425e-04
30.100000, -6.420179e-04, -6.152103e-04, -6.520030e-04, -6.600470e-04
30.200000, -6.300965e-04, -6.257270e-04, -5.669431e-04, -6.513197e-04
30.300000, -6.289470e-04, -6.208608e-04, -6.028626e-04, -6.377861e-04
30.400000, -5.975886e-04, -6.048004e-04, -5.769138e-04, -6.019465e-04
30.500000, -5.704031e-04, -5.738390e-04, -5.740781e-04, -6.076490e-04
30.600000, -6.088854e-04, -6.045252e-04, -5.725893e-04, -5.830087e-04
30.700000, -5.618457e-04, -5.677936e-04, -5.688057e-04, -5.507406e-04
30.800000, -5.554034e-04, -5.555757e-04, -5.643145e-04, -5.484125e-04
30.900000, -5.304905e-04, -5.584423e-04, -5.138535e-04, -5.323119e-04
31.000000, -5.264187e-04, -5.119027e-04, -5.400006e-04, -5.506168e-04
31.100000, -5.315170e-04, -5.150502e-04, -5.462106e-04, -5.115250e-04
31.200000, -5.116041e-04, -5.003421e-04, -5.309977e-04, -4.680144e-04
31.300000, -4.571537e-04, -4.775877e-04, -4.898847e-04, -5.044266e-04
31.400000, -4.779083e-04, -5.270310e-04, -4.736574e-04, -4.616543e-04
31.500000, -4.957295e-04, -4.505030e-04, -5.110979e-04, -4.592429e-04
31.600000, -4.322861e-04, -4.819150e-04, -4.673037e-04, -4.849110e-04
31.700000, -4.188792e-04, -4.564745e-04, -4.636885e-04, -4.511833e-04
31.800000, -4.230133e-04, -4.448824e-04, -4.259024e-04, -4.440872e-04
31.900000, -4.345160e-04, -4.292380e-04, -4.285406e-04, -4.219513e-04
32.000000, -3.987253e-04, -4.268432e-04, -4.236176e-04, -4.280550e-04
32.100000, -3.957944e-04, -4.144639e-04, -4.004516e-04, -4.259131e-04
32.200000, -4.157720e-04, -3.868080e-04, -3.850180e-04, -4.051638e-04
32.300000, -3.899252e-04, -3.893681e-04, -3.838999e-04, -4.102366e-04
32.400000, -3.910168e-04, -3.774016e-04, -3.906917e-04, -3.862368e-04
32.500000, -3.680505e-04, -3.839055e-04, -3.592939e-04, -4.062519e-04
32.600000, -3.809678e-04, -3.644283e-04, -3.757041e-04, -3.685423e-04
32.700000, -3.466963e-04, -3.526690e-04, -3.392857e-04, -3.649674e-04
32.800000, -3.793823e-04, -3.309159e-04, -3.550265e-04, -3.775077e-04
32.900000, -3.434208e-04, -3.392198e-04, -3.296710e-04, -3.366949e-04
33.000000, -3.447557e-04, -3.334892e-04, -3.177913e-04, -3.226616e-04
33.100000, -3.255948e-04, -3.299025e-04, -3.055752e-04, -3.166049e-04
33.200000, -3.090976e-04, -3.047026e-04, -3.241050e-04, -3.192789e-04
33.300000, -3.010698e-04, -3.148286e-04, -3.400039e-04, -3.070341e-04
33.400000, -2.929684e-04, -2.992456e-04, -3.134321e-04, -3.076146e-04
33.500000, -2.807303e-04, -2.754867e-04, -2.953089e-04, -2.947954e-04
33.600000, -2.836218e-04, -3.005213e-04, -2.920024e-04, -2.714770e-04
33.700000, -2.864907e-04, -2.878019e-04, -2.891732e-04, -2.758348e-04
33.800000, -2.680485e-04, -2.789575e-04, -2.737767e-04, -2.909593e-04
33.900000, -2.576131e-04, -2.735775e-04, -2.754101e-04, -2.692790e-04
34.000000, -2.514143e-04, -2.700431e-04, -2.812014e-04, -2.625335e-04
34.100000, -2.469695e-04, -2.511268e-04, -2.627138e-04, -2.536101e-04
34.200000, -2.371639e-04, -2.444661e-04, -2.439633e-04, -2.444660e-04
34.300000, -2.418807e-04, -2.515727e-04, -2.435529e-04, -2.403671e-04
34.400000, -2.328191e-04, -2.298431e-04, -2.323601e-04, -2.400070e-04
34.500000, -2.296048e-04, -2.311609e-04, -2.255136e-04, -2.399084e-04
34.600000, -2.300732e-04, -2.238011e-04, -2.268431e-04, -2.147343e-04
34.700000, -2.192970e-04, -1.998453e-04, -2.108779e-04, -2.104792e-04
34.800000, -2.150504e-04, -2.134909e-04, -2.004888e-04, -2.111467e-04
34.900000, -2.029774e-04, -2.012396e-04, -1.922639e-04, -2.135804e-04
35.000000, -1.907225e-04, -1.951898e-04, -1.942522e-04, -1.962537e-04
35.100000, -1.922194e-04, -1.887246e-04, -1.864272e-04, -1.870720e-04
35.200000, -1.946918e-04, -1.836169e-04, -1.769483e-04, -1.851394e-04
35.300000, -1.847130e-04, -1.755741e-04, -1.903299e-04, -1.877710e-04
35.400000, -1.747008e-04, -1.724036e-04, -1.765646e-04, -1.781348e-04
35.500000, -1.655445e-04, -1.527291e-04, -1.705740e-04, -1.672591e-04
35.600000, -1.520831e-04, -1.514649e-04, -1.627673e-04, -1.559482e-04
35.700000, -1.585767e-04, -1.544837e-04, -1.514779e-04, -1.494030e-04
35.800000, -1.457402e-04, -1.524738e-04, -1.559812e-04, -1.457648e-04
35.900000, -1.476447e-04, -1.364213e-04, -1.431363e-04, -1.430784e-04
36.000000, -1.240483e-04, -1.324083e-04, -1.436771e-04, -1.347683e-04
36.100000, -1.292081e-04, -1.348567e-04, -1.293106e-04, -1.340656e-04
36.200000, -1.248806e-04, -1.228970e-04, -1.271918e-04, -1.192466e-04
36.300000, -1.181028e-04, -1.267181e-04, -1.177256e-04, -1.171899e-04
36.400000, -1.160659e-04, -1.203219e-04, -1.211833e-04, -1.231897e-04
36.500000, -1.106908e-04, -1.076804e-04, -1.152321e-04, -1.105373e-04
36.600000, -1.052367e-04, -1.118849e-04, -1.073105e-04, -1.053199e-04
36.700000, -1.001711e-04, -1.058062e-04, -1.060346e-04, -9.974456e-05
36.800000, -9.714157e-05, -9.459313e-05, -9.738112e-05, -9.416188e-05
36.900000, -9.553398e-05, -8.686828e-05, -8.661597e-05, -9.606837e-05
37.000000, -8.721945e-05, -9.072191e-05, -8.743055e-05, -8.186288e-05
37.100000, -8.566421e-05, -7.880681e-05, -8.448400e-05, -8.730234e-05
37.200000, -7.601605e-05, -7.776354e-05, -7.661297e-05, -8.289264e-05
37.300000, -8.205545e-05, -7.658799e-05, -7.873862e-05, -7.686082e-05
37.400000, -7.653998e-05, -6.824540e-05, -7.272064e-05, -7.146488e-05
37.500000, -6.639594e-05, -6.688357e-05, -6.199655e-05, -6.605969e-05
37.600000, -6.856840e-05, -6.484655e-05, -6.717764e-05, -6.085586e-05
37.700000, -6.039373e-05, -7.218427e-05, -6.877189e-05, -6.929249e-05
37.800000, -6.203875e-05, -5.997862e-05, -5.920218e-05, -5.850351e-05
37.900000, -5.415178e-05, -5.114759e-05, -5.430706e-05, -6.051774e-05
38.000000, -5.444596e-05, -5.211445e-05, -5.548725e-05, -5.545084e-05
38.100000, -4.916524e-05, -5.162393e-05, -5.783792e-05, -5.209200e-05
38.200000, -4.196974e-05, -5.183500e-05, -4.282555e-05, -5.301568e-05
38.300000, -4.753132e-05, -4.939637e-05, -4.530682e-05, -4.493091e-05
38.400000, -3.890757e-05, -4.019671e-05, -4.496062e-05, -4.373191e-05
38.500000, -4.417339e-05, -4.297766e-05, -4.115960e-05, -4.043113e-05
38.600000, -3.967967e-05, -3.653411e-05, -3.659671e-05, -3.911384e-05
38.700000, -3.578641e-05, -3.196409e-05, -3.593586e-05, -3.789149e-05
38.800000, -3.599404e-05, -3.628990e-05, -3.597915e-05, -3.262394e-05
38.900000, -3.248884e-05, -3.549259e-05, -3.272164e-05, -3.640708e-05
39.000000, -3.011123e-05, -2.997995e-05, -3.507004e-05, -3.097149e-05
39.100000, -2.864241e-05, -2.989991e-05, -3.184243e-05, -2.933938e-05
39.200000, -3.121065e-05, -2.633093e-05, -2.951668e-05, -2.818822e-05
39.300000, -2.529477e-05, -2.821786e-05, -2.416755e-05, -2.742291e-05
39.400000, -2.402307e-05, -2.457581e-05, -2.449146e-05, -2.711081e-05
39.500000, -2.276289e-05, -2.325093e-05, -2.443772e-05, -2.440446e-05
39.600000, -2.090656e-05, -2.315350e-05, -2.177801e-05, -2.398293e-05
39.700000, -2.247568e-05, -2.098600e-05, -2.246596e-05, -2.156464e-05
39.800000, -1.851059e-05, -1.885038e-05, -2.242548e-05, -1.969231e-05
39.900000, -1.836349e-05, -1.751969e-05, -1.822764e-05, -1.874028e-05
40.000000, -1.763720e-05, -1.823284e-05, -1.731359e-05, -1.657503e-05
40.100000, -1.742058e-05, -2.038608e-05, -1.854963e-05, -1.843371e-05
40.200000, -1.523443e-05, -1.537059e-05, -1.478204e-05, -1.689968e-05
40.300000, -1.539767e-05, -1.362158e-05, -1.561267e-05, -1.565343e-05
40.400000, -1.531890e-05, -1.285643e-05, -1.355169e-05, -1.390130e-05
40.500000, -1.141040e-05, -1.260894e-05, -1.164584e-05, -1.237617e-05
40.600000, -1.066815e-05, -1.132339e-05, -1.177547e-05, -1.255871e-05
40.700000, -1.157166e-05, -1.159939e-05, -1.091704e-05, -1.149985e-05
40.800000, -9.391597e-06, -9.139710e-06, -1.097932e-05, -1.083418e-05
40.900000, -8.623448e-06, -7.280277e-06, -8.783341e-06, -9.666962e-06
41.000000, -8.844740e-06, -8.456535e-06, -1.022487e-05, -7.726748e-06
41.100000, -7.651116e-06, -7.956780e-06, -8.172906e-06, -7.648331e-06
41.200000, -7.539097e-06, -7.451014e-06, -7.993204e-06, -7.163551e-06
41.300000, -6.412130e-06, -6.124590e-06, -8.557145e-06, -7.746381e-06
41.400000, -5.352068e-06, -6.171160e-06, -6.506796e-06, -7.145930e-06
41.500000, -6.179406e-06, -5.519822e-06, -7.908207e-06, -6.350049e-06
41.600000, -5.980107e-06, -7.170058e-06, -6.405231e-06, -5.113268e-06
41.700000, -4.307012e-06, -5.142707e-06, -4.625202e-06, -4.201864e-06
41.800000, -3.432371e-06, -3.805928e-06, -3.300533e-06, -3.900091e-06
41.900000, -4.044842e-06, -3.627116e-06, -3.458458e-06, -4.358716e-06
42.000000, -2.741002e-06, -2.883698e-06, -3.462266e-06, -3.272895e-06
42.100000, -2.682424e-06, -2.011190e-06, -3.384150e-06, -2.662975e-06
42.200000, -2.027497e-06, -1.141699e-06, -2.154996e-06, -1.730162e-06
42.300000, -1.516815e-06, -1.681369e-06, -2.806260e-06, -2.556086e-06
42.400000, -1.415862e-06, -1.583852e-06, -1.369234e-06, -1.693544e-06
42.500000, -2.494964e-06, -1.237124e-06, -2.354992e-06, -1.445032e-06
42.600000, -1.152202e-06, -4.263710e-07, -1.200849e-06, -1.848107e-06
42.700000, -1.308491e-06, -9.727639e-07, -6.618296e-07, -5.273001e-07
42.800000, -1.828524e-06, 9.214147e-08, -1.171873e-07, -1.448670e-07
42.900000, -1.742241e-06, -2.140118e-07, 1.570963e-07, -8.597186e-08
43.000000, -2.962369e-07, 4.478672e-07, 1.745948e-07, -1.649044e-08
43.100000, 6.339417e-07, 8.818491e-07, 4.266599e-07, -9.308381e-07
43.200000, 3.569987e-07, 7.571527e-07, 8.526304e-08, 3.719041e-07
43.300000, 9.341842e-07, 1.055476e-06, 3.340343e-07, 9.663057e-07
43.400000, 1.069612e-06, 1.323368e-06, 2.237682e-07, 9.278194e-07
43.500000, 1.428799e-06, 8.683644e-07, -1.942168e-07, 1.281450e-06
43.600000, 1.283757e-06, 1.217115e-06, 9.604541e-07, 1.270111e-06
43.700000, 1.347690e-06, 1.405992e-06, 9.712982e-07, 1.375055e-06
43.800000, 1.484723e-06, 5.103729e-07, 1.148871e-06, 9.435296e-07
43.900000, 1.656061e-06, 1.530552e-06, 6.127356e-07, 1.339017e-06
44.000000, 1.687471e-06, 1.161764e-06, 1.754815e-06, 1.898173e-06
44.100000, 1.673009e-06, 1.276114e-06, 1.249343e-06, 1.767934e-06
44.200000, 1.510294e-06, 1.741468e-06, 1.596802e-06, 1.668860e-06
44.300000, 1.955130e-06, 1.910414e-06, 1.709028e-06, 1.997272e-06
44.400000, 1.959618e-06, 1.845158e-06, 1.835697e-06, 1.828183e-06
44.500000, 1.651283e-06, 1.840474e-06, 1.703124e-06, 1.283442e-06
44.600000, 1.629085e-06, 1.788433e-06, 1.939004e-06, 1.757909e-06
44.700000, 1.605388e-06, 2.024938e-06, 1.830093e-06, 1.855017e-06
44.800000, 1.884955e-06, 1.913670e-06, 1.944151e-06, 1.915735e-06
44.900000, 1.669439e-06, 2.029870e-06, 1.959192e-06, 1.744931e-06
45.000000, 1.710266e-06, 1.883466e-06, 1.781379e-06, 1.865964e-06
45.100000, 1.699369e-06, 1.843607e-06, 1.807575e-06, 1.429162e-06
45.200000, 1.485981e-06, 1.787411e-06, 1.917775e-06, 1.736769e-06
45.300000, 1.447212e-06, 1.634976e-06, 1.719852e-06, 1.396518e-06
45.400000, 1.492975e-06, 1.739742e-06, 1.622588e-06, 1.818209e-06
45.500000, 1.803076e-06, 1.788388e-06, 1.549421e-06, 1.643013e-06
45.600000, 1.755698e-06, 1.573630e-06, 1.650322e-06, 1.644985e-06
45.700000, 1.603198e-06, 1.612688e-06, 1.420287e-06, 1.610664e-06
45.800000, 1.394484e-06, 1.271955e-06, 1.486185e-06, 1.567156e-06
45.900000, 1.598314e-06, 1.453548e-06, 1.295553e-06, 1.559790e-06
46.000000, 1.436911e-06, 1.471461e-06, 1.337327e-06, 1.458578e-06
46.100000, 1.467872e-06, 1.447465e-06, 1.383513e-06, 1.385553e-06
46.200000, 1.338453e-06, 1.401010e-06, 1.319623e-06, 1.349798e-06
46.300000, 1.171742e-06, 1.370151e-06, 9.683499e-07, 1.093024e-06
46.400000, 1.250801e-06, 1.280772e-06, 1.074680e-06, 1.230046e-06
46.500000, 1.218674e-06, 1.173828e-06, 1.204569e-06, 1.088375e-06
46.600000, 1.113538e-06, 9.886778e-07, 1.089887e-06, 1.114366e-06
46.700000, 1.094073e-06, 9.268435e-07, 1.084947e-06, 1.114121e-06
46.800000, 1.068394e-06, 1.077492e-06, 1.028892e-06, 9.275081e-07
46.900000, 1.021533e-06, 8.825417e-07, 9.862744e-07, 8.562967e-07
47.000000, 9.420247e-07, 9.297618e-07, 8.198682e-07, 9.218815e-07
47.100000, 8.869441e-07, 9.377729e-07, 8.714200e-07, 8.670820e-07
47.200000, 8.577588e-07, 8.538946e-07, 7.967406e-07, 8.352349e-07
47.300000, 7.932840e-07, 8.235298e-07, 7.821724e-07, 7.462472e-07
47.400000, 6.217555e-07, 7.511674e-07, 7.350377e-07, 7.787235e-07
47.500000, 7.246331e-07, 7.099405e-07, 6.991285e-07, 7.398585e-07
47.600000, 6.812328e-07, 6.824607e-07, 6.548894e-07, 6.732370e-07
47.700000, 5.834464e-07, 6.318741e-07, 6.357370e-07, 4.985647e-07
47.800000, 3.487357e-07, 4.319123e-07, 5.554571e-07, 5.964745e-07
47.900000, 5.365207e-07, 5.824939e-07, 5.529532e-07, 5.506891e-07
48.000000, 5.469404e-07, 5.304674e-07, 5.382823e-07, 5.019947e-07
48.100000, 4.983647e-07, 5.051251e-07, 4.932815e-07, 4.904856e-07
48.200000, 4.667739e-07, 4.104064e-07, 4.653838e-07, 4.444959e-07
48.300000, 4.466253e-07, 4.274010e-07, 4.160224e-07, 4.269975e-07
48.400000, 3.444034e-07, 4.291452e-07, 3.860296e-07, 3.881662e-07
48.500000, 3.837844e-07, 3.934654e-07, 2.547091e-07, 3.527061e-07
48.600000, 3.682024e-07, 3.795489e-07, 3.457499e-07, 3.336051e-07
48.700000, 3.424575e-07, 3.632277e-07, 3.317697e-07, 3.038078e-07
48.800000, 3.328481e-07, 3.322510e-07, 3.139118e-07, 2.974485e-07
48.900000, 2.957767e-07, 3.170718e-07, 2.878285e-07, 1.677263e-07
49.000000, 2.800634e-07, 3.029125e-07, 1.745498e-07, 2.771993e-07
49.100000, 2.610837e-07, 1.843683e-07, 2.474739e-07, 2.696138e-07
49.200000, 2.418671e-07, 2.560726e-07, 2.269404e-07, 2.542634e-07
49.300000, 2.399249e-07, 2.462227e-07, 2.176819e-07, 2.518023e-07
49.400000, 2.240506e-07, 2.154276e-07, 2.041790e-07, 2.266133e-07
49.500000, 2.202160e-07, 2.167876e-07, 1.896344e-07, 2.107237e-07
49.600000, 2.120126e-07, 1.950280e-07, 1.797101e-07, 2.027996e-07
49.700000, 2.041982e-07, 1.833616e-07, 1.703434e-07, 1.833678e-07
49.800000, 1.874974e-07, 1.750549e-07, 1.589404e-07, 1.731418e-07
49.900000, 9.048315e-08, 1.632906e-07, 1.532761e-07, 1.659597e-07
50.000000, 1.648472e-07, 1.551946e-07, 1.442115e-07, 1.578150e-07
50.100000, 1.571559e-07, 1.438952e-07, 1.426894e-07, 1.503787e-07
50.200000, 1.450869e-07, 1.348476e-07, 1.294888e-07, 1.328298e-07
50.300000, 1.347385e-07, 1.328296e-07, 1.269059e-07, 1.217812e-07
50.400000, 4.997518e-08, 5.173580e-08, 1.201520e-07, 1.142596e-07
50.500000, 1.062246e-07, 1.157353e-07, 1.163395e-07, 1.064480e-07
50.600000, 9.523013e-08, 1.093702e-07, 1.082334e-07, 9.835203e-08
50.700000, 9.428873e-08, 1.022007e-07, 1.011187e-07, 9.147408e-08
50.800000, 8.811747e-08, 9.181380e-08, 9.593049e-08, 9.039981e-08
50.900000, 8.325108e-08, 8.621136e-08, 9.265075e-08, 7.515013e-08
51.000000, 7.722824e-08, 8.270996e-08, 9.036229e-08, 7.442298e-08
51.100000, 6.913586e-08, 7.808461e-08, 7.787295e-08, 6.863465e-08
51.200000, 6.121092e-08, 7.268651e-08, 6.689266e-08, 6.303423e-08
51.300000, 5.402792e-08, 6.919080e-08, 6.140832e-08, 5.578102e-08
51.400000, 4.918806e-08, 6.295702e-08, 5.705784e-08, 5.450853e-08
51.500000, 4.312989e-08, 5.440026e-08, 5.092361e-08, 5.639883e-08
51.600000, 4.117643e-08, 5.036599e-08, 3.973239e-08, 4.888807e-08
51.700000, 3.279273e-08, 4.609491e-08, 2.685402e-08, 4.704454e-08
51.800000, 3.304173e-08, 3.744075e-08, 2.332142e-08, 4.667878e-08
51.900000, 2.593502e-08, 3.259331e-08, 2.056920e-08, 4.094723e-08
52.000000, 2.364739e-08, 3.433869e-08, 1.661720e-08, 3.515532e-08
52.100000, 2.308998e-08, 2.831476e-08, 1.621661e-08, 3.451925e-08
52.200000, 2.012110e-08, 2.477438e-08, 1.277086e-08, 2.708143e-08
52.300000, 2.019986e-08, 1.933421e-08, 1.104352e-08, 2.610676e-08
52.400000, 1.728169e-08, 1.168958e-08, 5.920456e-09, 2.190026e-08
52.500000, 1.318373e-08, 1.150463e-08, 4.451398e-09, 1.714302e-08
52.600000, 7.433787e-09, 6.498882e-09, 3.835476e-09, 1.345659e-08
52.700000, 3.378779e-09, 7.080982e-09, 1.005429e-09, 9.440484e-09
52.800000, 7.587331e-10, 5.457855e-09, 2.491470e-09, 7.519472e-09
52.900000, -8.630602e-10, 1.369709e-10, -1.152114e-09, 3.914046e-09
53.000000, -4.519532e-09, -3.495885e-09, -1.716970e-09, -1.665134e-09
53.100000, -8.042124e-09, -4.289776e-09, -1.174190e-09, -6.450767e-09
53.200000, -1.146847e-08, -5.826159e-09, -3.094034e-09, -7.827904e-09
53.300000, -1.155462e-08, -8.233337e-09, -3.468276e-09, -7.806344e-09
53.400000, -1.450918e-08, -8.445230e-09, -7.514128e-09, -1.031016e-08
53.500000, -1.384197e-08, -9.412546e-09, -8.008250e-09, -1.069720e-08
53.600000, -1.503195e-08, -1.066574e-08, -9.303156e-09, -1.228278e-08
53.700000, -1.714668e-08, -1.524133e-08, -1.092805e-08, -1.746742e-08
53.800000, -1.844083e-08, -1.551746e-08, -1.201789e-08, -2.037442e-08
53.900000, -1.978893e-08, -1.638749e-08, -1.446905e-08, -1.944645e-08
54.000000, -2.079423e-08, -1.857326e-08, -1.594856e-08, -1.931155e-08
54.100000, -2.187462e-08, -1.881211e-08, -1.888426e-08, -1.842186e-08
54.200000, -2.262155e-08, -2.125932e-08, -2.153573e-08, -1.964463e-08
54.300000, -2.561346e-08, -2.139674e-08, -2.321925e-08, -2.085004e-08
54.400000, -2.473996e-08, -1.981315e-08, -2.300838e-08, -2.073623e-08
54.500000, -2.352184e-08, -2.130662e-08, -2.444591e-08, -1.947686e-08
54.600000, -2.498054e-08, -2.208489e-08, -2.542665e-08, -2.232366e-08
54.700000, -2.389025e-08, -2.123477e-08, -2.608501e-08, -2.261631e-08
54.800000, -2.358188e-08, -2.184973e-08, -2.581406e-08, -2.317046e-08
54.900000, -2.293047e-08, -2.241703e-08, -2.640007e-08, -2.356339e-08
55.000000, -2.417276e-08, -2.221933e-08, -2.739750e-08, -2.322858e-08
55.100000, -2.239820e-08, -2.264495e-08, -2.848694e-08, -2.310761e-08
55.200000, -2.185496e-08, -2.296178e-08, -2.771482e-08, -2.383761e-08
55.300000, -2.089502e-08, -2.362008e-08, -2.490469e-08, -2.598909e-08
55.400000, -2.061009e-08, -2.253925e-08, -2.357727e-08, -2.553696e-08
55.500000, -2.073425e-08, -2.246907e-08, -2.342527e-08, -2.518353e-08
55.600000, -2.150047e-08, -2.259358e-08, -2.262888e-08, -2.618806e-08
55.700000, -2.097106e-08, -2.200311e-08, -2.207527e-08, -2.526016e-08
55.800000, -2.097393e-08, -2.250003e-08, -2.078641e-08, -2.426540e-08
55.900000, -2.118919e-08, -2.337658e-08, -1.985030e-08, -2.315060e-08
56.000000, -2.051825e-08, -2.267116e-08, -2.076118e-08, -2.358049e-08
56.100000, -1.932733e-08, -2.353585e-08, -2.040646e-08, -2.434174e-08
56.200000, -2.204372e-08, -2.318938e-08, -2.091865e-08, -2.445583e-08
56.300000, -2.239104e-08, -2.332329e-08, -2.200295e-08, -2.421188e-08
56.400000, -2.212910e-08, -2.327936e-08, -2.235626e-08, -2.384068e-08
56.500000, -2.222777e-08, -2.208574e-08, -2.189917e-08, -2.384854e-08
56.600000, -2.066857e-08, -2.125990e-08, -2.164932e-08, -2.245483e-08
56.700000, -1.967389e-08, -2.147733e-08, -2.149927e-08, -2.143327e-08
56.800000, -1.872978e-08, -2.080188e-08, -2.066536e-08, -2.069764e-08
56.900000, -1.759903e-08, -2.047881e-08, -2.006142e-08, -2.185288e-08
57.000000, -1.724462e-08, -2.015702e-08, -2.020433e-08, -2.307666e-08
57.100000, -1.883878e-08, -2.019082e-08, -2.011387e-08, -2.198604e-08
57.200000, -1.896016e-08, -1.974182e-08, -1.869894e-08, -2.180384e-08
57.300000, -1.921318e-08, -1.930873e-08, -1.917527e-08, -2.056586e-08
57.400000, -1.794252e-08, -1.904887e-08, -1.898561e-08, -2.005178e-08
57.500000, -1.809320e-08, -1.778715e-08, -1.838436e-08, -1.991179e-08
57.600000, -1.761469e-08, -1.778741e-08, -1.804646e-08, -1.908896e-08
57.700000, -1.731135e-08, -1.771845e-08, -1.846872e-08, -1.853293e-08
57.800000, -1.745882e-08, -1.715570e-08, -1.835290e-08, -1.729793e-08
57.900000, -1.726479e-08, -1.537958e-08, -1.784223e-08, -1.860240e-08
58.000000, -1.611034e-08, -1.469345e-08, -1.790064e-08, -1.698115e-08
58.100000, -1.505083e-08, -1.425590e-08, -1.798019e-08, -1.671187e-08
58.200000, -1.410358e-08, -1.443609e-08, -1.697519e-08, -1.531911e-08
58.300000, -1.403248e-08, -1.390715e-08, -1.639828e-08, -1.439857e-08
58.400000, -1.252102e-08, -1.357407e-08, -1.604932e-08, -1.367521e-08
58.500000, -1.269214e-08, -1.352774e-08, -1.504295e-08, -1.270304e-08
58.600000, -1.195336e-08, -1.372317e-08, -1.502962e-08, -1.319724e-08
58.700000, -1.271464e-08, -1.394379e-08, -1.444548e-08, -1.274707e-08
58.800000, -1.330788e-08, -1.276430e-08, -1.371956e-08, -1.185002e-08
58.900000, -1.300722e-08, -1.305689e-08, -1.218897e-08, -1.184386e-08
59.000000, -1.278638e-08, -1.242636e-08, -1.208252e-08, -1.141630e-08
59.100000, -1.253327e-08, -1.245478e-08, -1.114904e-08, -1.088656e-08
59.200000, -1.296091e-08, -1.185260e-08, -1.071430e-08, -1.035247e-08
59.300000, -1.197290e-08, -1.153836e-08, -1.043665e-08, -1.021963e-08
59.400000, -1.200587e-08, -1.104135e-08, -9.848568e-09, -1.053829e-08
59.500000, -1.114759e-08, -1.075048e-08, -9.956942e-09, -9.925343e-09
59.600000, -1.073307e-08, -1.012809e-08, -9.783207e-09, -9.655080e-09
59.700000, -9.996956e-09, -9.526214e-09, -9.254641e-09, -9.399057e-09
59.800000, -9.665634e-09, -9.575246e-09, -8.970783e-09, -9.261989e-09
59.900000, -9.115716e-09, -9.440009e-09, -8.511337e-09, -8.420927e-09
60.000000, -9.201893e-09, -8.943407e-09, -8.246157e-09, -8.769682e-09
60.100000, -9.310384e-09, -7.932505e-09, -8.120982e-09, -7.986612e-09
60.200000, -8.468486e-09, -7.628052e-09, -7.694503e-09, -7.024266e-09
60.300000, -8.154635e-09, -7.497218e-09, -7.560145e-09, -7.397571e-09
60.400000, -8.016499e-09, -6.983408e-09, -7.501922e-09, -7.129351e-09
60.500000, -7.704839e-09, -6.684202e-09, -7.114852e-09, -6.566741e-09
60.600000, -7.693875e-09, -6.368206e-09, -6.882991e-09, -6.118372e-09
60.700000, -7.960317e-09, -5.880508e-09, -6.537649e-09, -5.996191e-09
60.800000, -7.756075e-09, -5.670478e-09, -5.929377e-09, -5.731869e-09
60.900000, -6.698422e-09, -5.584909e-09, -5.937096e-09, -5.401417e-09
61.000000, -5.761402e-09, -5.580884e-09, -5.573934e-09, -4.804614e-09
61.100000, -5.170902e-09, -5.764303e-09, -5.156339e-09, -4.793899e-09
61.200000, -4.610883e-09, -5.799197e-09, -4.893113e-09, -4.410307e-09
61.300000, -4.541623e-09, -5.608255e-09, -4.338060e-09, -4.230416e-09
61.400000, -4.258857e-09, -5.100518e-09, -3.868776e-09, -4.393494e-09
61.500000, -3.784992e-09, -5.012874e-09, -3.493049e-09, -4.115248e-09
61.600000, -3.614869e-09, -4.888499e-09, -3.267952e-09, -3.872529e-09
61.700000, -4.056199e-09, -4.778077e-09, -2.629944e-09, -3.861854e-09
61.800000, -3.583081e-09, -4.410703e-09, -2.368682e-09, -3.585395e-09
61.900000, -3.016683e-09, -4.561214e-09, -2.118523e-09, -3.726060e-09
62.000000, -2.803403e-09, -3.970431e-09, -2.266921e-09, -3.709204e-09
62.100000, -2.952568e-09, -3.813542e-09, -2.333861e-09, -3.784604e-09
62.200000, -2.612785e-09, -3.487985e-09, -2.347366e-09, -3.758815e-09
62.300000, -2.753100e-09, -3.407075e-09, -2.380697e-09, -3.573605e-09
62.400000, -2.456197e-09, -3.291537e-09, -1.898984e-09, -3.342595e-09
62.500000, -2.109240e-09, -3.201490e-09, -1.777276e-09, -3.113126e-09
62.600000, -1.451877e-09, -2.771258e-09, -1.813810e-09, -2.613377e-09
62.700000, -1.689064e-09, -2.776819e-09, -1.766444e-09, -2.647043e-09
62.800000, -1.475463e-09, -2.649991e-09, -1.580108e-09, -2.711456e-09
62.900000, -1.270394e-09, -2.575112e-09, -1.571436e-09, -2.505770e-09
63.000000, -1.408989e-09, -2.093812e-09, -1.558590e-09, -2.303563e-09
63.100000, -1.590818e-09, -2.073694e-09, -1.501816e-09, -2.591719e-09
63.200000, -1.501541e-09, -1.907860e-09, -1.500549e-09, -2.223470e-09
63.300000, -1.341874e-09, -1.835149e-09, -1.322508e-09, -1.992857e-09
63.400000, -1.525634e-09, -1.615010e-09, -9.661944e-10, -1.903493e-09
63.500000, -1.275881e-09, -1.572997e-09, -9.470465e-10, -1.596005e-09
63.600000, -1.001879e-09, -1.537348e-09, -1.029723e-09, -1.389614e-09
63.700000, -9.637367e-10, -1.367832e-09, -9.098108e-10, -1.463911e-09
63.800000, -1.020787e-09, -1.239922e-09, -7.336695e-10, -1.544314e-09
63.900000, -8.853721e-10, -1.171187e-09, -1.077889e-09, -1.412387e-09
64.000000, -8.650551e-10, -1.160334e-09, -9.632147e-10, -1.363890e-09
64.100000, -8.149157e-10, -1.017453e-09, -9.450922e-10, -1.343686e-09
64.200000, -6.806195e-10, -9.703293e-10, -9.422493e-10, -1.289651e-09
64.300000, -6.664123e-10, -8.168875e-10, -8.778633e-10, -1.062947e-09
64.400000, -6.735230e-10, -7.282568e-10, -9.816656e-10, -9.269516e-10
64.500000, -4.768050e-10, -6.873440e-10, -9.624696e-10, -7.242623e-10
64.600000, -5.674969e-10, -5.273649e-10, -9.009167e-10, -7.012787e-10
64.700000, -4.840462e-10, -5.160318e-10, -7.561208e-10, -5.188899e-10
64.800000, -5.003592e-10, -4.865061e-10, -7.004096e-10, -4.846373e-10
64.900000, -3.294018e-10, -4.616615e-10, -5.758504e-10, -1.773814e-10
65.000000, -2.511217e-10, -4.080582e-10, -4.543106e-10, -5.452848e-11
65.100000, -4.440516e-10, -3.928381e-10, -2.977134e-10, 1.881071e-13
65.200000, -3.700792e-10, -3.058717e-10, -3.065188e-10, 1.740065e-10
65.300000, -2.153653e-10, -2.676429e-10, -1.685045e-10, 2.059320e-10
65.400000, -9.135002e-11, -4.760692e-11, -1.501214e-10, 1.923775e-10
65.500000, -7.166989e-11, 4.382065e-11, -1.504624e-11, 9.433836e-11
65.600000, -1.066138e-10, 1.284057e-10, 9.504514e-12, 1.734839e-10
65.700000, -1.085967e-10, 1.105812e-10, 1.705004e-10, 2.833448e-10
65.800000, -7.096831e-12, 3.423860e-10, 3.740167e-10, 4.423333e-10
65.900000, 1.973528e-10, 4.890198e-10, 4.892533e-10, 6.140742e-10
66.000000, 9.610855e-11, 6.893711e-10, 5.092328e-10, 5.835756e-10
66.100000, 1.356309e-10, 5.956497e-10, 6.029973e-10, 6.441845e-10
66.200000, 2.373829e-10, 7.554915e-10, 6.952230e-10, 7.220098e-10
66.300000, 3.967686e-10, 8.272182e-10, 7.995072e-10, 8.225790e-10
66.400000, 4.768343e-10, 9.432364e-10, 9.130136e-10, 9.052103e-10
66.500000, 5.858886e-10, 9.689772e-10, 9.701158e-10, 1.088783e-09
66.600000, 7.841097e-10, 1.079029e-09, 1.113171e-09, 1.290014e-09
66.700000, 8.414745e-10, 1.077923e-09, 1.242098e-09, 1.339727e-09
66.800000, 8.668809e-10, 1.171224e-09, 1.305920e-09, 1.403803e-09
66.900000, 9.818892e-10, 1.160161e-09, 1.369327e-09, 1.507975e-09
67.000000, 1.069890e-09, 1.221813e-09, 1.453972e-09, 1.504657e-09
67.100000, 1.191732e-09, 1.291588e-09, 1.482710e-09, 1.563364e-09
67.200000, 1.307090e-09, 1.384411e-09, 1.526302e-09, 1.731806e-09
67.300000, 1.387604e-09, 1.397696e-09, 1.511804e-09, 1.792427e-09
67.400000, 1.415898e-09, 1.491320e-09, 1.523782e-09, 1.870264e-09
67.500000, 1.486204e-09, 1.439800e-09, 1.601582e-09, 1.898400e-09
67.600000, 1.470276e-09, 1.446801e-09, 1.628506e-09, 1.918181e-09
67.700000, 1.437569e-09, 1.423996e-09, 1.678001e-09, 1.981490e-09
67.800000, 1.465228e-09, 1.506746e-09, 1.734073e-09, 1.880215e-09
67.900000, 1.475457e-09, 1.513902e-09, 1.752950e-09, 1.817557e-09
68.000000, 1.543230e-09, 1.570309e-09, 1.811159e-09, 1.859633e-09
68.100000, 1.588016e-09, 1.535821e-09, 1.856444e-09, 1.859279e-09
68.200000, 1.645754e-09, 1.583327e-09, 1.893133e-09, 1.898775e-09
68.300000, 1.590525e-09, 1.589248e-09, 1.934193e-09, 1.875176e-09
68.400000, 1.597777e-09, 1.631395e-09, 1.892116e-09, 1.806665e-09
68.500000, 1.536666e-09, 1.603153e-09, 1.895262e-09, 1.743697e-09
68.600000, 1.521395e-09, 1.672787e-09, 1.911158e-09, 1.738319e-09
68.700000, 1.491602e-09, 1.606578e-09, 1.910175e-09, 1.714638e-09
68.800000, 1.500352e-09, 1.590779e-09, 1.848613e-09, 1.638534e-09
68.900000, 1.522072e-09, 1.489544e-09, 1.849193e-09, 1.619201e-09
69.000000, 1.513384e-09, 1.493132e-09, 1.784793e-09, 1.580164e-09
69.100000, 1.450861e-09, 1.389332e-09, 1.734058e-09, 1.576273e-09
69.200000, 1.350364e-09, 1.358916e-09, 1.666256e-09, 1.515584e-09
69.300000, 1.298882e-09, 1.304486e-09, 1.599094e-09, 1.470288e-09
69.400000, 1.303382e-09, 1.308896e-09, 1.567264e-09, 1.452336e-09
69.500000, 1.290948e-09, 1.233516e-09, 1.500661e-09, 1.396494e-09
69.600000, 1.281584e-09, 1.234292e-09, 1.422520e-09, 1.419837e-09
69.700000, 1.299540e-09, 1.101778e-09, 1.387456e-09, 1.355687e-09
69.800000, 1.252343e-09, 1.072434e-09, 1.331376e-09, 1.328246e-09
69.900000, 1.236433e-09, 9.939833e-10, 1.282834e-09, 1.289746e-09
70.000000, 1.140023e-09, 9.541643e-10, 1.216038e-09, 1.213534e-09
70.100000, 1.041542e-09, 8.858916e-10, 1.165308e-09, 1.138439e-09
70.200000, 1.013715e-09, 8.998896e-10, 1.103600e-09, 1.110197e-09
70.300000, 9.593587e-10, 7.900859e-10, 1.089609e-09, 1.018736e-09
70.400000, 8.808811e-10, 7.900333e-10, 1.049913e-09, 9.739301e-10
70.500000, 8.441674e-10, 7.251188e-10, 1.013657e-09, 9.693817e-10
70.600000, 8.483092e-10, 7.198074e-10, 1.009997e-09, 9.469258e-10
70.700000, 7.392802e-10, 6.916635e-10, 9.707552e-10, 8.461456e-10
70.800000, 6.972712e-10, 6.996981e-10, 9.380030e-10, 8.225869e-10
70.900000, 6.202069e-10, 6.155337e-10, 8.852855e-10, 7.780658e-10
71.000000, 5.817482e-10, 6.309250e-10, 8.342541e-10, 7.482103e-10
71.100000, 5.317709e-10, 5.811408e-10, 8.104678e-10, 7.040215e-10
71.200000, 5.048961e-10, 5.978186e-10, 7.678754e-10, 6.817931e-10
71.300000, 4.957882e-10, 5.092467e-10, 7.511228e-10, 6.621358e-10
71.400000, 4.805815e-10, 4.817520e-10, 7.154324e-10, 6.387781e-10
71.500000, 4.513236e-10, 4.062065e-10, 6.913971e-10, 6.203824e-10
71.600000, 4.215556e-10, 4.008418e-10, 6.466799e-10, 6.132262e-10
71.700000, 3.480373e-10, 3.374984e-10, 5.959963e-10, 5.672885e-10
71.800000, 3.415782e-10, 3.522872e-10, 5.648932e-10, 5.544183e-10
71.900000, 3.230669e-10, 2.931725e-10, 5.377576e-10, 5.481471e-10
72.000000, 3.355855e-10, 3.098054e-10, 5.084383e-10, 5.528227e-10
72.100000, 2.896975e-10, 2.719868e-10, 4.762697e-10, 5.184573e-10
72.200000, 2.921562e-10, 2.622225e-10, 4.507074e-10, 5.053037e-10
72.300000, 2.536072e-10, 2.272640e-10, 4.225925e-10, 4.596719e-10
72.400000, 2.567596e-10, 2.431962e-10, 3.966207e-10, 4.643595e-10
72.500000, 2.059576e-10, 1.962935e-10, 3.809094e-10, 4.239156e-10
72.600000, 2.031641e-10, 2.146404e-10, 3.618725e-10, 4.137641e-10
72.700000, 1.905232e-10, 1.773651e-10, 3.634041e-10, 3.886832e-10
72.800000, 1.786580e-10, 1.829916e-10, 3.742801e-10, 3.797300e-10
72.900000, 1.362260e-10, 1.374760e-10, 3.738706e-10, 3.593236e-10
73.000000, 1.352803e-10, 1.484572e-10, 3.647824e-10, 3.695453e-10
73.100000, 9.949465e-11, 1.061221e-10, 3.549067e-10, 3.374975e-10
73.200000, 8.845138e-11, 1.381510e-10, 3.411471e-10, 3.311170e-10
73.300000, 5.114218e-11, 1.151711e-10, 3.345024e-10, 3.107421e-10
73.400000, 4.857110e-11, 1.392721e-10, 3.137307e-10, 3.072507e-10
73.500000, 4.058062e-11, 1.156749e-10, 2.981029e-10, 2.823130e-10
73.600000, 5.103053e-11, 1.317720e-10, 2.802221e-10, 2.698528e-10
73.700000, 3.514729e-11, 8.902481e-11, 2.719029e-10, 2.405695e-10
73.800000, 4.803174e-11, 9.297497e-11, 2.573071e-10, 2.427263e-10
73.900000, 5.095197e-11, 5.531365e-11, 2.466406e-10, 2.281208e-10
74.000000, 5.398422e-11, 6.571197e-11, 2.308607e-10, 2.188489e-10
74.100000, 3.771353e-11, 3.427653e-11, 2.182654e-10, 1.944242e-10
74.200000, 4.465021e-11, 3.892675e-11, 2.063311e-10, 2.027858e-10
74.300000, 3.859229e-11, 7.759321e-12, 1.948457e-10, 1.895708e-10
74.400000, 3.882911e-11, 1.630210e-11, 1.878571e-10, 1.863704e-10
74.500000, 2.199345e-11, -1.864086e-11, 1.835206e-10, 1.680187e-10
74.600000, 2.889005e-11, -5.797941e-12, 1.735624e-10, 1.650733e-10
74.700000, 5.936421e-13, -3.819946e-11, 1.653577e-10, 1.397926e-10
74.800000, -3.837826e-12, -2.065226e-11, 1.567768e-10, 1.307311e-10
74.900000, -2.646236e-11, -4.578177e-11, 1.499137e-10, 1.097276e-10
75.000000, -2.194451e-11, -3.376438e-11, 1.405668e-10, 1.057303e-10
75.100000, -4.470354e-11, -6.374961e-11, 1.384799e-10, 8.305129e-11
75.200000, -3.725532e-11, -5.340048e-11, 1.265634e-10, 7.887915e-11
75.300000, -5.289932e-11, -8.649176e-11, 1.202113e-10, 6.018719e-11
75.400000, -5.385713e-11, -6.799777e-11, 1.030004e-10, 5.376451e-11
75.500000, -6.486124e-11, -9.546050e-11, 9.641793e-11, 4.023439e-11
75.600000, -6.510559e-11, -8.435602e-11, 8.189305e-11, 4.066941e-11
75.700000, -8.938877e-11, -1.063126e-10, 7.400416e-11, 1.727210e-11
75.800000, -8.642490e-11, -9.059345e-11, 6.351522e-11, 1.933887e-11
75.900000, -9.846412e-11, -1.166439e-10, 5.611199e-11, -1.859793e-12
76.000000, -8.877424e-11, -1.016530e-10, 4.006801e-11, -3.114329e-12
76.100000, -1.057698e-10, -1.296486e-10, 3.297000e-11, -1.648539e-11
76.200000, -1.088176e-10, -1.178913e-10, 2.005557e-11, -2.298414e-11
76.300000, -1.242681e-10, -1.441551e-10, 1.203832e-11, -3.314882e-11
76.400000, -1.189122e-10, -1.309875e-10, 5.431729e-12, -3.355485e-11
76.500000, -1.348763e-10, -1.553265e-10, -2.064114e-12, -5.245102e-11
76.600000, -1.314782e-10, -1.440046e-10, -1.284731e-11, -5.160470e-11
76.700000, -1.422738e-10, -1.705445e-10, -1.829578e-11, -6.016529e-11
76.800000, -1.362453e-10, -1.571348e-10, -2.917800e-11, -5.867048e-11
76.900000, -1.520265e-10, -1.802387e-10, -3.586767e-11, -7.662739e-11
77.000000, -1.443799e-10, -1.648681e-10, -4.524761e-11, -7.451955e-11
77.100000, -1.552632e-10, -1.854561e-10, -5.139855e-11, -8.466731e-11
77.200000, -1.516051e-10, -1.703360e-10, -5.808381e-11, -8.374646e-11
77.300000, -1.674466e-10, -1.883907e-10, -6.013612e-11, -9.563371e-11
77.400000, -1.594288e-10, -1.719876e-10, -6.482876e-11, -9.153180e-11
77.500000, -1.701686e-10, -1.932456e-10, -6.532804e-11, -1.012074e-10
77.600000, -1.639110e-10, -1.757364e-10, -7.031381e-11, -1.010559e-10
77.700000, -1.735293e-10, -1.958576e-10, -7.056236e-11, -1.090542e-10
77.800000, -1.702517e-10, -1.825127e-10, -7.540219e-11, -1.028359e-10
77.900000, -1.784116e-10, -2.010855e-10, -7.896923e-11, -1.085277e-10
78.000000, -1.729894e-10, -1.837679e-10, -8.184306e-11, -1.025935e-10
78.100000, -1.835030e-10, -2.011213e-10, -8.046409e-11, -1.096766e-10
78.200000, -1.762377e-10, -1.830691e-10, -8.366606e-11, -1.016021e-10
78.300000, -1.854419e-10, -1.994974e-10, -8.159721e-11, -1.088232e-10
78.400000, -1.776918e-10, -1.827024e-10, -8.379253e-11, -1.052186e-10
78.500000, -1.838198e-10, -1.973455e-10, -8.154862e-11, -1.113123e-10
78.600000, -1.749337e-10, -1.775430e-10, -8.181144e-11, -1.047179e-10
78.700000, -1.824906e-10, -1.909587e-10, -8.073054e-11, -1.105735e-10
78.800000, -1.707390e-10, -1.705926e-10, -8.263245e-11, -1.042430e-10
78.900000, -1.775038e-10, -1.846503e-10, -7.960084e-11, -1.088393e-10
79.000000, -1.684467e-10, -1.672345e-10, -8.005917e-11, -1.026925e-10
79.100000, -1.742633e-10, -1.804433e-10, -7.672558e-11, -1.056710e-10
79.200000, -1.632682e-10, -1.615208e-10, -7.623031e-11, -9.643247e-11
79.300000, -1.690055e-10, -1.746152e-10, -7.415191e-11, -9.804863e-11
79.400000, -1.584361e-10, -1.563163e-10, -7.332799e-11, -8.923787e-11
79.500000, -1.617372e-10, -1.694301e-10, -6.944314e-11, -9.164886e-11
79.600000, -1.510125e-10, -1.504567e-10, -6.860791e-11, -8.283504e-11
79.700000, -1.536295e-10, -1.629964e-10, -6.366747e-11, -8.583956e-11
79.800000, -1.413148e-10, -1.441398e-10, -6.246846e-11, -7.676914e-11
79.900000, -1.447257e-10, -1.567249e-10, -5.829042e-11, -7.860321e-11
80.000000, -1.332271e-10, -1.389545e-10, -5.673527e-11, -6.939281e-11
80.100000, -1.361750e-10, -1.508187e-10, -5.195398e-11, -7.176567e-11
80.200000, -1.254568e-10, -1.329797e-10, -5.097831e-11, -6.350797e-11
80.300000, -1.298627e-10, -1.456321e-10, -4.720469e-11, -6.604365e-11
80.400000, -1.196535e-10, -1.276351e-10, -4.516362e-11, -5.726218e-11
80.500000, -1.242972e-10, -1.396200e-10, -4.176167e-11, -5.995529e-11
80.600000, -1.145857e-10, -1.221183e-10, -3.939740e-11, -5.243314e-11
80.700000, -1.196374e-10, -1.326857e-10, -3.468459e-11, -5.455596e-11
80.800000, -1.103112e-10, -1.148162e-10, -3.242732e-11, -4.712553e-11
80.900000, -1.154765e-10, -1.264420e-10, -2.848482e-11, -5.208657e-11
81.000000, -1.049301e-10, -1.086548e-10, -2.626460e-11, -4.440040e-11
81.100000, -1.093259e-10, -1.198337e-10, -2.198841e-11, -4.658725e-11
81.200000, -9.914847e-11, -1.019804e-10, -2.028124e-11, -3.920730e-11
81.300000, -1.033007e-10, -1.128178e-10, -1.701576e-11, -4.270817e-11
81.400000, -9.350589e-11, -9.646591e-11, -1.571259e-11, -3.589872e-11
81.500000, -9.842382e-11, -1.085006e-10, -1.292056e-11, -3.976388e-11
81.600000, -8.901691e-11, -9.245878e-11, -1.247208e-11, -3.328360e-11
81.700000, -9.405132e-11, -1.040703e-10, -1.041557e-11, -3.601402e-11
81.800000, -8.471961e-11, -8.782057e-11, -1.007088e-11, -2.905009e-11
81.900000, -8.934207e-11, -9.949254e-11, -8.144051e-12, -3.184936e-11
82.000000, -8.002284e-11, -8.416922e-11, -7.378970e-12, -2.468849e-11
82.100000, -8.428315e-11, -9.563962e-11, -4.843354e-12, -2.837239e-11
82.200000, -7.504660e-11, -8.093285e-11, -4.742311e-12, -2.186181e-11
82.300000, -7.961524e-11, -9.248081e-11, -2.705387e-12, -2.543489e-11
82.400000, -7.030437e-11, -7.744968e-11, -2.292899e-12, -1.870784e-11
82.500000, -7.522651e-11, -8.873011e-11, -1.918363e-13, -2.194724e-11
82.600000, -6.685207e-11, -7.405270e-11, 5.374531e-14, -1.560224e-11
82.700000, -7.166478e-11, -8.546773e-11, 1.814020e-12, -1.915284e-11
82.800000, -6.340659e-11, -7.125681e-11, 2.419156e-12, -1.339390e-11
82.900000, -6.850053e-11, -8.253105e-11, 4.050966e-12, -1.712098e-11
83.000000, -6.070516e-11, -6.882370e-11, 4.368444e-12, -1.115190e-11
83.100000, -6.665418e-11, -8.030402e-11, 6.079687e-12, -1.491877e-11
83.200000, -5.933470e-11, -6.616235e-11, 6.627798e-12, -9.104922e-12
83.300000, -6.498233e-11, -7.714463e-11, 8.443257e-12, -1.322749e-11
83.400000, -5.730074e-11, -6.304701e-11, 8.873160e-12, -8.089245e-12
83.500000, -6.236146e-11, -7.397828e-11, 1.087052e-11, -1.189885e-11
83.600000, -5.468800e-11, -6.042406e-11, 1.123461e-11, -6.282147e-12
83.700000, -5.992972e-11, -7.131920e-11, 1.281622e-11, -9.913911e-12
83.800000, -5.230646e-11, -5.761458e-11, 1.294769e-11, -4.558588e-12
83.900000, -5.730401e-11, -6.807489e-11, 1.434000e-11, -8.380373e-12
84.000000, -4.991466e-11, -5.478540e-11, 1.431704e-11, -3.093551e-12
84.100000, -5.510384e-11, -6.542045e-11, 1.544342e-11, -6.854025e-12
84.200000, -4.779635e-11, -5.239827e-11, 1.540118e-11, -1.357371e-12
84.300000, -5.277405e-11, -6.302348e-11, 1.662107e-11, -4.887783e-12
84.400000, -4.543055e-11, -5.016992e-11, 1.688153e-11, 7.830569e-13
84.500000, -5.034551e-11, -6.061064e-11, 1.826702e-11, -2.810862e-12
84.600000, -4.324659e-11, -4.781334e-11, 1.838383e-11, 2.479733e-12
84.700000, -4.813759e-11, -5.804075e-11, 1.958083e-11, -1.000279e-12
84.800000, -4.070377e-11, -4.539543e-11, 1.971554e-11, 4.486155e-12
84.900000, -4.544477e-11, -5.544457e-11, 2.081804e-11, 1.181317e-12
85.000000, -3.815290e-11, -4.279974e-11, 2.098831e-11, 6.560155e-12
85.100000, -4.296377e-11, -5.273747e-11, 2.216075e-11, 3.153893e-12
85.200000, -3.593337e-11, -4.032150e-11, 2.225105e-11, 8.296043e-12
85.300000, -4.074007e-11, -5.024359e-11, 2.338235e-11, 4.958789e-12
85.400000, -3.366964e-11, -3.795654e-11, 2.354722e-11, 1.014104e-11
85.500000, -3.860375e-11, -4.782893e-11, 2.470581e-11, 6.747842e-12
85.600000, -3.166594e-11, -3.572389e-11, 2.499422e-11, 1.189812e-11
85.700000, -3.643151e-11, -4.542113e-11, 2.632513e-11, 8.618604e-12
85.800000, -2.972762e-11, -3.351903e-11, 2.663639e-11, 1.363116e-11
85.900000, -3.444935e-11, -4.317695e-11, 2.797540e-11, 1.023588e-11
86.000000, -2.759005e-11, -3.127969e-11, 2.829715e-11, 1.522556e-11
86.100000, -3.228437e-11, -4.073472e-11, 2.957704e-11, 1.204301e-11
86.200000, -2.579097e-11, -2.909716e-11, 2.982618e-11, 1.688913e-11
86.300000, -3.056299e-11, -3.852308e-11, 3.093466e-11, 1.365183e-11
86.400000, -2.398300e-11, -2.700912e-11, 3.114338e-11, 1.837883e-11
86.500000, -2.859983e-11, -3.630721e-11, 3.215913e-11, 1.501077e-11
86.600000, -2.211872e-11, -2.501263e-11, 3.228092e-11, 1.970837e-11
86.700000, -2.690003e-11, -3.434655e-11, 3.314829e-11, 1.631328e-11
86.800000, -2.055696e-11, -2.327881e-11, 3.321673e-11, 2.093429e-11
86.900000, -2.518377e-11, -3.255854e-11, 3.409334e-11, 1.760318e-11
87.000000, -1.895577e-11, -2.166295e-11, 3.413382e-11, 2.213209e-11
87.100000, -2.368317e-11, -3.086437e-11, 3.498983e-11, 1.866768e-11
87.200000, -1.740967e-11, -2.005899e-11, 3.503786e-11, 2.309510e-11
87.300000, -2.201604e-11, -2.919193e-11, 3.576745e-11, 1.977404e-11
87.400000, -1.593270e-11, -1.858554e-11, 3.572840e-11, 2.415890e-11
87.500000, -2.063355e-11, -2.765414e-11, 3.638906e-11, 2.076974e-11
87.600000, -1.467214e-11, -1.713463e-11, 3.628565e-11, 2.496565e-11
87.700000, -1.939086e-11, -2.618732e-11, 3.686527e-11, 2.155823e-11
87.800000, -1.358271e-11, -1.587068e-11, 3.671759e-11, 2.570824e-11
87.900000, -1.830529e-11, -2.486762e-11, 3.725761e-11, 2.228750e-11
88.000000, -1.259107e-11, -1.474220e-11, 3.706601e-11, 2.635867e-11
88.100000, -1.729484e-11, -2.371283e-11, 3.759474e-11, 2.294164e-11
88.200000, -1.173398e-11, -1.375347e-11, 3.739598e-11, 2.689382e-11
88.300000, -1.647901e-11, -2.268949e-11, 3.787937e-11, 2.342068e-11
88.400000, -1.092390e-11, -1.291349e-11, 3.765829e-11, 2.728949e-11
88.500000, -1.559973e-11, -2.179009e-11, 3.808616e-11, 2.385921e-11
88.600000, -1.008781e-11, -1.211429e-11, 3.785327e-11, 2.768167e-11
88.700000, -1.478395e-11, -2.089409e-11, 3.821076e-11, 2.421232e-11
88.800000, -9.446165e-12, -1.139848e-11, 3.792143e-11, 2.793082e-11
88.900000, -1.417575e-11, -2.014482e-11, 3.821523e-11, 2.440337e-11
89.000000, -8.894820e-12, -1.079182e-11, 3.789642e-11, 2.798127e-11
89.100000, -1.363841e-11, -1.949429e-11, 3.815199e-11, 2.444835e-11
89.200000, -8.488325e-12, -1.027158e-11, 3.781793e-11, 2.795835e-11
89.300000, -1.324111e-11, -1.892778e-11, 3.804029e-11, 2.441247e-11
89.400000, -8.172692e-12, -9.861978e-12, 3.767592e-11, 2.788443e-11
89.500000, -1.289607e-11, -1.846798e-11, 3.784258e-11, 2.434243e-11
89.600000, -7.895548e-12, -9.511759e-12, 3.745155e-11, 2.771668e-11
89.700000, -1.259406e-11, -1.805442e-11, 3.757641e-11, 2.417049e-11
89.800000, -7.612279e-12, -9.224662e-12, 3.714222e-11, 2.751498e-11
89.900000, -1.228198e-11, -1.769426e-11, 3.722704e-11, 2.401839e-11
90.000000, -7.387665e-12, -8.970305e-12, 3.676202e-11, 2.730548e-11
90.100000, -1.204191e-11, -1.739182e-11, 3.680452e-11, 2.379571e-11
90.200000, -7.240885e-12, -8.801863e-12, 3.631901e-11, 2.699585e-11
90.300000, -1.190669e-11, -1.714683e-11, 3.633307e-11, 2.349930e-11
90.400000, -7.166277e-12, -8.679016e-12, 3.585149e-11, 2.666266e-11
90.500000, -1.179435e-11, -1.696631e-11, 3.583548e-11, 2.318195e-11
90.600000, -7.119460e-12, -8.611227e-12, 3.534720e-11, 2.630680e-11
90.700000, -1.173752e-11, -1.682734e-11, 3.533652e-11, 2.284643e-11
90.800000, -7.120382e-12, -8.570560e-12, 3.484833e-11, 2.591408e-11
90.900000, -1.170862e-11, -1.671175e-11, 3.480768e-11, 2.245510e-11
91.000000, -7.138284e-12, -8.554542e-12, 3.431060e-11, 2.548928e-11
91.100000, -1.169705e-11, -1.662653e-11, 3.425932e-11, 2.205488e-11
91.200000, -7.169565e-12, -8.561120e-12, 3.376980e-11, 2.505099e-11
91.300000, -1.168061e-11, -1.654305e-11, 3.369809e-11, 2.164129e-11
91.400000, -7.196931e-12, -8.566139e-12, 3.320545e-11, 2.458265e-11
91.500000, -1.169074e-11, -1.649587e-11, 3.311551e-11, 2.116537e-11
91.600000, -7.259492e-12, -8.630169e-12, 3.261610e-11, 2.405920e-11
91.700000, -1.172955e-11, -1.649425e-11, 3.252031e-11, 2.067247e-11
91.800000, -7.342452e-12, -8.705694e-12, 3.203142e-11, 2.353860e-11
91.900000, -1.177783e-11, -1.649358e-11, 3.192875e-11, 2.018941e-11
92.000000, -7.465650e-12, -8.803568e-12, 3.144210e-11, 2.301483e-11
92.100000, -1.187772e-11, -1.652362e-11, 3.133133e-11, 1.968079e-11
92.200000, -7.581174e-12, -8.911381e-12, 3.084087e-11, 2.248441e-11
92.300000, -1.194491e-11, -1.655739e-11, 3.072063e-11, 1.918569e-11
92.400000, -7.701046e-12, -9.032228e-12, 3.023291e-11, 2.195989e-11
92.500000, -1.203078e-11, -1.660241e-11, 3.010280e-11, 1.869295e-11
92.600000, -7.821638e-12, -9.149800e-12, 2.962260e-11, 2.143406e-11
92.700000, -1.212713e-11, -1.664542e-11, 2.947861e-11, 1.819435e-11
92.800000, -7.962202e-12, -9.279003e-12, 2.899678e-11, 2.090606e-11
92.900000, -1.223297e-11, -1.670052e-11, 2.884739e-11, 1.768674e-11
93.000000, -8.105823e-12, -9.417925e-12, 2.837427e-11, 2.037832e-11
93.100000, -1.233870e-11, -1.677034e-11, 2.822444e-11, 1.719272e-11
93.200000, -8.256804e-12, -9.557139e-12, 2.775755e-11, 1.985747e-11
93.300000, -1.246531e-11, -1.682919e-11, 2.760094e-11, 1.669474e-11
93.400000, -8.414556e-12, -9.686804e-12, 2.714398e-11, 1.933612e-11
93.500000, -1.258550e-11, -1.688692e-11, 2.698733e-11, 1.620829e-11
93.600000, -8.579526e-12, -9.816383e-12, 2.653881e-11, 1.882885e-11
93.700000, -1.272332e-11, -1.694350e-11, 2.638392e-11, 1.572982e-11
93.800000, -8.748348e-12, -9.939714e-12, 2.594412e-11, 1.832353e-11
93.900000, -1.284975e-11, -1.699325e-11, 2.578739e-11, 1.524930e-11
94.000000, -8.905266e-12, -1.006118e-11, 2.535650e-11, 1.781189e-11
94.100000, -1.297491e-11, -1.704679e-11, 2.519511e-11, 1.476429e-11
94.200000, -9.066984e-12, -1.018341e-11, 2.477167e-11, 1.730828e-11
94.300000, -1.309742e-11, -1.710229e-11, 2.461082e-11, 1.429128e-11
94.400000, -9.220471e-12, -1.031041e-11, 2.419713e-11, 1.681567e-11
94.500000, -1.321677e-11, -1.716285e-11, 2.403848e-11, 1.383049e-11
94.600000, -9.372764e-12, -1.043689e-11, 2.363431e-11, 1.633382e-11
94.700000, -1.333269e-11, -1.721596e-11, 2.347312e-11, 1.337901e-11
94.800000, -9.513750e-12, -1.055310e-11, 2.307141e-11, 1.586316e-11
94.900000, -1.343193e-11, -1.726181e-11, 2.290650e-11, 1.294079e-11
95.000000, -9.640209e-12, -1.066045e-11, 2.251367e-11, 1.540642e-11
95.100000, -1.352138e-11, -1.729800e-11, 2.234809e-11, 1.251003e-11
95.200000, -9.759896e-12, -1.075723e-11, 2.196573e-11, 1.495359e-11
95.300000, -1.360565e-11, -1.732568e-11, 2.180379e-11, 1.208483e-11
95.400000, -9.872564e-12, -1.084523e-11, 2.143064e-11, 1.450577e-11
95.500000, -1.368266e-11, -1.734739e-11, 2.127142e-11, 1.166367e-11
95.600000, -9.978406e-12, -1.092742e-11, 2.091080e-11, 1.406654e-11
95.700000, -1.375273e-11, -1.735962e-11, 2.075561e-11, 1.125101e-11
95.800000, -1.007411e-11, -1.099421e-11, 2.040768e-11, 1.363290e-11
95.900000, -1.381260e-11, -1.735548e-11, 2.025737e-11, 1.084351e-11
96.000000, -1.016208e-11, -1.104469e-11, 1.992002e-11, 1.320841e-11
96.100000, -1.386438e-11, -1.733873e-11, 1.977353e-11, 1.044976e-11
96.200000, -1.024184e-11, -1.108329e-11, 1.944760e-11, 1.279569e-11
96.300000, -1.390925e-11, -1.730966e-11, 1.930299e-11, 1.006660e-11
96.400000, -1.030811e-11, -1.110983e-11, 1.898612e-11, 1.239939e-11
96.500000, -1.393422e-11, -1.727307e-11, 1.884551e-11, 9.703680e-12
96.600000, -1.035462e-11, -1.112692e-11, 1.854001e-11, 1.202178e-11
96.700000, -1.394455e-11, -1.722537e-11, 1.840276e-11, 9.352604e-12
96.800000, -1.039180e-11, -1.113845e-11, 1.810706e-11, 1.165638e-11
96.900000, -1.394564e-11, -1.717613e-11, 1.797464e-11, 9.020988e-12
97.000000, -1.041149e-11, -1.114138e-11, 1.769115e-11, 1.131551e-11
97.100000, -1.392654e-11, -1.711465e-11, 1.756244e-11, 8.713497e-12
97.200000, -1.041288e-11, -1.113044e-11, 1.728968e-11, 1.099622e-11
97.300000, -1.389131e-11, -1.703927e-11, 1.716693e-11, 8.421115e-12
97.400000, -1.040070e-11, -1.110727e-11, 1.690732e-11, 1.068803e-11
97.500000, -1.384527e-11, -1.695518e-11, 1.679066e-11, 8.143418e-12
97.600000, -1.038233e-11, -1.107390e-11, 1.654296e-11, 1.039333e-11
97.700000, -1.379433e-11, -1.685975e-11, 1.643141e-11, 7.875763e-12
97.800000, -1.035336e-11, -1.102987e-11, 1.619575e-11, 1.011725e-11
97.900000, -1.373253e-11, -1.675803e-11, 1.609326e-11, 7.634206e-12
98.000000, -1.031686e-11, -1.097726e-11, 1.587182e-11, 9.865550e-12
98.100000, -1.366429e-11, -1.664529e-11, 1.577668e-11, 7.410511e-12
98.200000, -1.027302e-11, -1.091587e-11, 1.557030e-11, 9.629237e-12
98.300000, -1.359055e-11, -1.652657e-11, 1.548524e-11, 7.202754e-12
98.400000, -1.022529e-11, -1.084622e-11, 1.529203e-11, 9.407284e-12
98.500000, -1.350926e-11, -1.639884e-11, 1.521080e-11, 7.011253e-12
98.600000, -1.016429e-11, -1.076797e-11, 1.502918e-11, 9.209840e-12
98.700000, -1.341896e-11, -1.626681e-11, 1.495682e-11, 6.844582e-12
98.800000, -1.010268e-11, -1.069010e-11, 1.478938e-11, 9.033299e-12
98.900000, -1.333221e-11, -1.613910e-11, 1.472554e-11, 6.698456e-12
99.000000, -1.004195e-11, -1.061649e-11, 1.457238e-11, 8.879510e-12
99.100000, -1.324315e-11, -1.601579e-11, 1.451653e-11, 6.574310e-12
99.200000, -9.980015e-12, -1.054674e-11, 1.437650e-11, 8.746080e-12
99.300000, -1.315598e-11, -1.589899e-11, 1.432950e-11, 6.472891e-12
99.400000, -9.922671e-12, -1.048452e-11, 1.420242e-11, 8.635054e-12
99.500000, -1.307370e-11, -1.578902e-11, 1.416124e-11, 6.388519e-12
99.600000, -9.866853e-12, -1.042703e-11, 1.404655e-11, 8.541429e-12
99.700000, -1.299427e-11, -1.568511e-11, 1.401421e-11, 6.323275e-12
99.800000, -9.818479e-12, -1.037689e-11, 1.391209e-11, 8.461952e-12
99.900000, -1.292360e-11, -1.558924e-11, 1.388645e-11, 6.266655e-12
100.000000, -9.773003e-12, -1.033067e-11, 1.379457e-11, 8.392616e-12
100.100000, -1.285245e-11, -1.549623e-11, 1.377302e-11, 6.221956e-12
100.200000, -9.731144e-12, -1.029049e-11, 1.369032e-11, 8.334177e-12
100.300000, -1.279283e-11, -1.541476e-11, 1.367653e-11, 6.187148e-12
100.400000, -9.704936e-12, -1.026266e-11, 1.360573e-11, 8.284586e-12
100.500000, -1.274451e-11, -1.534226e-11, 1.359537e-11, 6.159822e-12
100.600000, -9.680085e-12, -1.023705e-11, 1.352905e-11, 8.242112e-12
100.700000, -1.269302e-11, -1.526990e-11, 1.351888e-11, 6.137925e-12
100.800000, -9.650702e-12, -1.021281e-11, 1.345658e-11, 8.208298e-12
100.900000, -1.263894e-11, -1.520048e-11, 1.344514e-11, 6.123602e-12
101.000000, -9.622607e-12, -1.018884e-11, 1.338513e-11, 8.173017e-12
101.100000, -1.258550e-11, -1.512955e-11, 1.337107e-11, 6.104624e-12
101.200000, -9.591768e-12, -1.016251e-11, 1.331190e-11, 8.134387e-12
101.300000, -1.253009e-11, -1.505725e-11, 1.329486e-11, 6.080094e-12
101.400000, -9.557562e-12, -1.013407e-11, 1.323698e-11, 8.091822e-12
101.500000, -1.246871e-11, -1.498371e-11, 1.321704e-11, 6.055261e-12
101.600000, -9.514706e-12, -1.010283e-11, 1.315722e-11, 8.049909e-12
101.700000, -1.239492e-11, -1.490103e-11, 1.312862e-11, 6.027070e-12
101.800000, -9.460883e-12, -1.005603e-11, 1.306422e-11, 7.995716e-12
101.900000, -1.231314e-11, -1.480153e-11, 1.302633e-11, 5.980775e-12
102.000000, -9.395961e-12, -9.988101e-12, 1.295387e-11, 7.921463e-12
102.100000, -1.221944e-11, -1.467814e-11, 1.290407e-11, 5.909735e-12
102.200000, -9.316462e-12, -9.896117e-12, 1.282315e-11, 7.825018e-12
102.300000, -1.210463e-11, -1.453027e-11, 1.275864e-11, 5.821742e-12
102.400000, -9.213484e-12, -9.776544e-12, 1.266437e-11, 7.707451e-12
102.500000, -1.196541e-11, -1.435237e-11, 1.258155e-11, 5.708353e-12
102.600000, -9.080448e-12, -9.622111e-12, 1.247103e-11, 7.565466e-12
102.700000, -1.179458e-11, -1.413608e-11, 1.236759e-11, 5.566603e-12
102.800000, -8.916833e-12, -9.428667e-12, 1.224053e-11, 7.392720e-12
102.900000, -1.159230e-11, -1.388144e-11, 1.211674e-11, 5.395227e-12
103.000000, -8.719185e-12, -9.192449e-12, 1.197141e-11, 7.189356e-12
103.100000, -1.135346e-11, -1.358397e-11, 1.182724e-11, 5.196683e-12
103.200000, -8.482495e-12, -8.915416e-12, 1.166418e-11, 6.965234e-12
103.300000, -1.107523e-11, -1.324569e-11, 1.149962e-11, 4.978506e-12
103.400000, -8.208076e-12, -8.598192e-12, 1.132100e-11, 6.721872e-12
103.500000, -1.076153e-11, -1.286726e-11, 1.113639e-11, 4.737094e-12
103.600000, -7.900784e-12, -8.237879e-12, 1.094182e-11, 6.449414e-12
103.700000, -1.042253e-11, -1.244942e-11, 1.074220e-11, 4.465056e-12
103.800000, -7.577357e-12, -7.845447e-12, 1.053852e-11, 6.147106e-12
103.900000, -1.007196e-11, -1.200437e-11, 1.032752e-11, 4.164305e-12
104.000000, -7.238269e-12, -7.425085e-12, 1.011462e-11, 5.820969e-12
104.100000, -9.702651e-12, -1.153350e-11, 9.893101e-12, 3.846640e-12
104.200000, -6.882807e-12, -6.984231e-12, 9.676116e-12, 5.485139e-12
104.300000, -9.318510e-12, -1.104898e-11, 9.451874e-12, 3.529206e-12
104.400000, -6.513996e-12, -6.534857e-12, 9.238160e-12, 5.158862e-12
104.500000, -8.930243e-12, -1.056378e-11, 9.018473e-12, 3.223137e-12
104.600000, -6.152776e-12, -6.093893e-12, 8.816175e-12, 4.844844e-12
104.700000, -8.557263e-12, -1.009510e-11, 8.608816e-12, 2.934259e-12
104.800000, -5.811117e-12, -5.676997e-12, 8.426125e-12, 4.557785e-12
104.900000, -8.209977e-12, -9.659111e-12, 8.239541e-12, 2.679858e-12
105.000000, -5.500897e-12, -5.300025e-12, 8.084652e-12, 4.311954e-12
105.100000, -7.899957e-12, -9.274159e-12, 7.929281e-12, 2.477673e-12
105.200000, -5.237983e-12, -4.985503e-12, 7.813191e-12, 4.125519e-12
105.300000, -7.648895e-12, -8.961943e-12, 7.699360e-12, 2.338293e-12
105.400000, -5.042058e-12, -4.752635e-12, 7.632487e-12, 4.009440e-12
105.500000, -7.473662e-12, -8.744882e-12, 7.572557e-12, 2.281430e-12
105.600000, -4.933752e-12, -4.631696e-12, 7.570257e-12, 3.990613e-12
105.700000, -7.397177e-12, -8.653591e-12, 7.578213e-12, 2.332625e-12
105.800000, -4.930964e-12, -4.646699e-12, 7.651363e-12, 4.090448e-12
105.900000, -7.434598e-12, -8.711408e-12, 7.738147e-12, 2.512901e-12
106.000000, -5.052290e-12, -4.821513e-12, 7.896201e-12, 4.324601e-12
106.100000, -7.603964e-12, -8.935337e-12, 8.067998e-12, 2.828725e-12
106.200000, -5.310121e-12, -5.166038e-12, 8.315522e-12, 4.696228e-12
106.300000, -7.911773e-12, -9.333677e-12, 8.576193e-12, 3.287414e-12
106.400000, -5.705270e-12, -5.688009e-12, 8.915231e-12, 5.217609e-12
106.500000, -8.359641e-12, -9.912210e-12, 9.265600e-12, 3.895488e-12
106.600000, -6.246027e-12, -6.390674e-12, 9.695817e-12, 5.882098e-12
106.700000, -8.954457e-12, -1.067061e-11, 1.013367e-11, 4.642340e-12
106.800000, -6.929879e-12, -7.269606e-12, 1.065054e-11, 6.682617e-12
106.900000, -9.686905e-12, -1.159898e-11, 1.116840e-11, 5.519138e-12
107.000000, -7.742196e-12, -8.306533e-12, 1.175983e-11, 7.603595e-12
107.100000, -1.053457e-11, -1.266905e-11, 1.234038e-11, 6.502747e-12
107.200000, -8.653478e-12, -9.464811e-12, 1.298542e-11, 8.615106e-12
107.300000, -1.146429e-11, -1.383947e-11, 1.360638e-11, 7.559033e-12
107.400000, -9.629452e-12, -1.070200e-11, 1.428271e-11, 9.681705e-12
107.500000, -1.244269e-11, -1.506927e-11, 1.492318e-11, 8.653662e-12
107.600000, -1.063956e-11, -1.198014e-11, 1.561214e-11, 1.077183e-11
107.700000, -1.344274e-11, -1.632438e-11, 1.625584e-11, 9.758595e-12
107.800000, -1.166000e-11, -1.326937e-11, 1.694310e-11, 1.186111e-11
107.900000, -1.444365e-11, -1.757903e-11, 1.757757e-11, 1.085294e-11
108.000000, -1.267294e-11, -1.454769e-11, 1.825242e-11, 1.293153e-11
108.100000, -1.543031e-11, -1.881459e-11, 1.886877e-11, 1.192122e-11
108.200000, -1.366583e-11, -1.579964e-11, 1.952420e-11, 1.397047e-11
108.300000, -1.639265e-11, -2.001863e-11, 2.011740e-11, 1.295372e-11
108.400000, -1.463101e-11, -1.701580e-11, 2.074976e-11, 1.497081e-11
108.500000, -1.732532e-11, -2.118449e-11, 2.131721e-11, 1.394552e-11
108.600000, -1.556498e-11, -1.819154e-11, 2.192485e-11, 1.592923e-11
108.700000, -1.822595e-11, -2.230892e-11, 2.246576e-11, 1.489452e-11
108.800000, -1.646607e-11, -1.932463e-11, 2.304818e-11, 1.684468e-11
108.900000, -1.909342e-11, -2.339048e-11, 2.356233e-11, 1.580050e-11
109.000000, -1.733362e-11, -2.041445e-11, 2.411979e-11, 1.771752e-11
109.100000, -1.992754e-11, -2.442935e-11, 2.460795e-11, 1.666437e-11
109.200000, -1.816810e-11, -2.146198e-11, 2.514153e-11, 1.854939e-11
109.300000, -2.072971e-11, -2.542753e-11, 2.560536e-11, 1.748842e-11
109.400000, -1.897184e-11, -2.247015e-11, 2.611716e-11, 1.934315e-11
109.500000, -2.150282e-11, -2.638854e-11, 2.655917e-11, 1.827639e-11
109.600000, -1.974820e-11, -2.344321e-11, 2.705211e-11, 2.010343e-11
109.700000, -2.225071e-11, -2.731741e-11, 2.747553e-11, 1.903346e-11
109.800000, -2.050128e-11, -2.438664e-11, 2.795292e-11, 2.083570e-11
109.900000, -2.297769e-11, -2.821989e-11, 2.836118e-11, 1.976515e-11
110.000000, -2.123559e-11, -2.530633e-11, 2.882646e-11, 2.154551e-11
110.100000, -2.368836e-11, -2.910181e-11, 2.922311e-11, 2.047712e-11
110.200000, -2.195578e-11, -2.620808e-11, 2.967976e-11, 2.223852e-11
110.300000, 1.876030e-11, 2.305465e-11, -2.457676e-11, -2.035111e-11
110.400000, 2.024857e-11, 2.563709e-11, -2.383023e-11, -1.837915e-11
110.500000, 1.760459e-11, 2.162057e-11, -2.315321e-11, -1.920984e-11
110.600000, 1.908203e-11, 2.418153e-11, -2.241216e-11, -1.725373e-11
110.700000, 1.645739e-11, 2.019682e-11, -2.174006e-11, -1.807684e-11
110.800000, 1.792195e-11, 2.273377e-11, -2.100107e-11, -1.613373e-11
110.900000, 1.531434e-11, 1.877786e-11, -2.033053e-11, -1.694670e-11
111.000000, 1.676399e-11, 2.128838e-11, -1.959037e-11, -1.501378e-11
111.100000, 1.417120e-11, 1.735837e-11, -1.891822e-11, -1.581407e-11
111.200000, 1.560413e-11, 1.984018e-11, -1.817387e-11, -1.388877e-11
111.300000, 1.302424e-11, 1.593350e-11, -1.749728e-11, -1.467415e-11
111.400000, 1.443903e-11, 1.838486e-11, -1.674630e-11, -1.275431e-11
111.500000, 1.187062e-11, 1.449956e-11, -1.606317e-11, -1.352323e-11
111.600000, 1.326645e-11, 1.691955e-11, -1.530392e-11, -1.160747e-11
111.700000, 1.070885e-11, 1.305469e-11, -1.461310e-11, -1.235908e-11
111.800000, 1.208571e-11, 1.544328e-11, -1.384500e-11, -1.044670e-11
111.900000, 9.539012e-12, 1.159873e-11, -1.314633e-11, -1.118082e-11
112.000000, 1.089758e-11, 1.395674e-11, -1.236959e-11, -9.271746e-12
112.100000, 8.362374e-12, 1.013312e-11, -1.166362e-11, -9.988887e-12
112.200000, 9.703676e-12, 1.246199e-11, -1.087920e-11, -8.083812e-12
112.300000, 7.181090e-12, 8.660657e-12, -1.016723e-11, -8.785170e-12
112.400000, 8.506979e-12, 1.096279e-11, -9.377042e-12, -6.885538e-12
112.500000, 5.999263e-12, 7.186470e-12, -8.661901e-12, -7.573388e-12
112.600000, 7.313111e-12, 9.466184e-12, -7.869957e-12, -5.682217e-12
112.700000, 4.824410e-12, 5.720020e-12, -7.156892e-12, -6.360892e-12
112.800000, 6.131783e-12, 7.984451e-12, -6.370017e-12, -4.483585e-12
112.900000, 3.668569e-12, 4.276399e-12, -5.667596e-12, -5.159984e-12
113.000000, 4.977248e-12, 6.535156e-12, -4.895984e-12, -3.304445e-12
113.100000, 2.548246e-12, 2.875919e-12, -4.215787e-12, -3.987821e-12
113.200000, 3.868605e-12, 5.142049e-12, -3.472602e-12, -2.164400e-12
113.300000, 1.485370e-12, 1.546001e-12, -2.829592e-12, -2.866733e-12
113.400000, 2.830573e-12, 3.836038e-12, -2.131734e-12, -1.088775e-12
113.500000, 5.072509e-13, 3.206375e-13, -1.544571e-12, -1.824987e-12
113.600000, 1.892363e-12, 2.653358e-12, -9.118203e-13, -1.081386e-13
113.700000, -3.564606e-13, -7.632431e-13, -3.998906e-13, -8.938589e-13
113.800000, 1.082259e-12, 1.629223e-12, 1.501783e-13, 7.480715e-13
113.900000, -1.081262e-12, -1.675395e-12, 5.728595e-13, -9.819341e-14
114.000000, 4.179089e-13, 7.854597e-13, 1.031184e-12, 1.461705e-12
114.100000, -1.657161e-12, -2.403503e-12, 1.360098e-12, 5.513719e-13
114.200000, -9.625402e-14, 1.267696e-13, 1.725046e-12, 2.028794e-12
114.300000, -2.086103e-12, -2.948118e-12, 1.960554e-12, 1.052486e-12
114.400000, -4.705462e-13, -3.515448e-13, 2.234270e-12, 2.443774e-12
114.500000, -2.379823e-12, -3.317453e-12, 2.379787e-12, 1.403160e-12
114.600000, -7.107465e-13, -6.601705e-13, 2.566978e-12, 2.716392e-12
114.700000, -2.542908e-12, -3.523624e-12, 2.628643e-12, 1.618437e-12
114.800000, -8.262370e-13, -8.113274e-13, 2.735893e-12, 2.857476e-12
114.900000, -2.590027e-12, -3.580203e-12, 2.721630e-12, 1.705442e-12
115.000000, -8.367512e-13, -8.247525e-13, 2.759680e-12, 2.876943e-12
115.100000, -2.541512e-12, -3.512885e-12, 2.681458e-12, 1.682030e-12
115.200000, -7.594068e-13, -7.256859e-13, 2.662128e-12, 2.797212e-12
115.300000, -2.416552e-12, -3.347284e-12, 2.534470e-12, 1.570870e-12
115.400000, -6.175808e-13, -5.452835e-13, 2.473628e-12, 2.644246e-12
115.500000, -2.235866e-12, -3.113653e-12, 2.309306e-12, 1.398502e-12
115.600000, -4.277099e-13, -3.058447e-13, 2.217478e-12, 2.437977e-12
115.700000, -2.018107e-12, -2.830827e-12, 2.026949e-12, 1.177131e-12
115.800000, -2.108214e-13, -2.835508e-14, 1.915076e-12, 2.190061e-12
115.900000, -1.779384e-12, -2.520482e-12, 1.708216e-12, 9.246225e-13
116.000000, 2.143597e-14, 2.693929e-13, 1.584274e-12, 1.917361e-12
116.100000, -1.530866e-12, -2.197770e-12, 1.369399e-12, 6.542508e-13
116.200000, 2.593950e-13, 5.722598e-13, 1.241258e-12, 1.635562e-12
116.300000, -1.283291e-12, -1.877338e-12, 1.025599e-12, 3.797608e-13
116.400000, 4.864258e-13, 8.646412e-13, 9.008533e-13, 1.350916e-12
116.500000, -1.054122e-12, -1.573766e-12, 6.910224e-13, 1.042063e-13
116.600000, 6.940035e-13, 1.135843e-12, 5.758848e-13, 1.073705e-12
116.700000, -8.459480e-13, -1.297052e-12, 3.784752e-13, -1.548393e-13
116.800000, 8.786105e-13, 1.375562e-12, 2.777729e-13, 8.191729e-13
116.900000, -6.573957e-13, -1.052877e-12, 9.348715e-14, -3.854859e-13
117.000000, 1.047162e-12, 1.583624e-12, 6.868125e-15, 5.964013e-13
117.100000, -4.888179e-13, -8.441286e-13, -1.609925e-13, -5.835397e-13
117.200000, 1.188201e-12, 1.750512e-12, -2.277061e-13, 4.071716e-13
117.300000, -3.534844e-13, -6.788362e-13, -3.754249e-13, -7.496279e-13
117.400000, 1.294074e-12, 1.877031e-12, -4.229999e-13, 2.442960e-13
117.500000, -2.552519e-13, -5.528928e-13, -5.507054e-13, -8.930642e-13
117.600000, 1.361663e-12, 1.963750e-12, -5.777062e-13, 1.040882e-13
117.700000, -1.937989e-13, -4.662183e-13, -6.854995e-13, -1.012741e-12
117.800000, 1.395402e-12, 2.010035e-12, -6.915765e-13, -6.915290e-15
117.900000, -1.630931e-13, -4.190589e-13, -7.803093e-13, -1.100591e-12
118.000000, 1.401981e-12, 2.021338e-12, -7.677772e-13, -8.715575e-14
118.100000, -1.577187e-13, -4.059598e-13, -8.377055e-13, -1.156255e-12
118.200000, 1.382445e-12, 1.999484e-12, -8.070963e-13, -1.374448e-13
118.300000, -1.773317e-13, -4.225454e-13, -8.608607e-13, -1.186318e-12
118.400000, 1.342612e-12, 1.952174e-12, -8.149431e-13, -1.624118e-13
118.500000, -2.158484e-13, -4.617843e-13, -8.554312e-13, -1.194572e-12
118.600000, 1.286021e-12, 1.885215e-12, -7.981900e-13, -1.690399e-13
118.700000, -2.655033e-13, -5.197150e-13, -8.277577e-13, -1.180501e-12
118.800000, 1.220802e-12, 1.799758e-12, -7.600211e-13, -1.510719e-13
118.900000, -3.218573e-13, -5.930210e-13, -7.816931e-13, -1.145060e-12
119.000000, 1.152204e-12, 1.703060e-12, -7.062227e-13, -1.134463e-13
119.100000, -3.844081e-13, -6.759210e-13, -7.200950e-13, -1.094801e-12
119.200000, 1.075931e-12, 1.601333e-12, -6.392638e-13, -6.874696e-14
119.300000, -4.505558e-13, -7.586534e-13, -6.497750e-13, -1.041111e-12
119.400000, 9.988348e-13, 1.501582e-12, -5.652969e-13, -2.006047e-14
119.500000, -5.149043e-13, -8.390571e-13, -5.725877e-13, -9.804236e-13
119.600000, 9.252637e-13, 1.404829e-12, -4.848183e-13, 3.721805e-14
119.700000, -5.761733e-13, -9.163058e-13, -4.895804e-13, -9.122050e-13
119.800000, 8.567993e-13, 1.312316e-12, -3.997703e-13, 1.027689e-13
119.900000, -6.324271e-13, -9.879405e-13, -4.036055e-13, -8.389151e-13
120.000000, 7.897279e-13, 1.226842e-12, -3.131818e-13, 1.660584e-13
120.100000, -6.886246e-13, -1.053642e-12, -3.159266e-13, -7.685969e-13
120.200000, 7.235560e-13, 1.146110e-12, -2.244610e-13, 2.287059e-13
120.300000, -7.407122e-13, -1.112174e-12, -2.292887e-13, -7.000163e-13
120.400000, 6.693733e-13, 1.078074e-12, -1.425829e-13, 2.900051e-13
120.500000, -7.761416e-13, -1.155052e-12, -1.529887e-13, -6.326848e-13
120.600000, 6.293174e-13, 1.023901e-12, -6.994832e-14, 3.493595e-13
120.700000, -8.036440e-13, -1.189007e-12, -8.283722e-14, -5.683219e-13
120.800000, 5.945070e-13, 9.762179e-13, -2.707676e-15, 4.048273e-13
120.900000, -8.222132e-13, -1.214832e-12, -1.999611e-14, -5.064327e-13
121.000000, 5.727520e-13, 9.393413e-13, 5.536863e-14, 4.594884e-13
121.100000, -8.299562e-13, -1.229691e-12, 3.287102e-14, -4.491117e-13
121.200000, 5.574734e-13, 9.126851e-13, 1.036151e-13, 5.048614e-13
121.300000, -8.310169e-13, -1.235396e-12, 7.629225e-14, -3.993185e-13
121.400000, 5.518004e-13, 8.962599e-13, 1.409383e-13, 5.443292e-13
121.500000, -8.238730e-13, -1.230329e-12, 1.079722e-13, -3.586969e-13
121.600000, 5.517298e-13, 8.887244e-13, 1.681610e-13, 5.744866e-13
121.700000, -8.123491e-13, -1.218559e-12, 1.311282e-13, -3.258964e-13
121.800000, 5.548397e-13, 8.885563e-13, 1.867786e-13, 5.946191e-13
121.900000, -7.963380e-13, -1.198398e-12, 1.449314e-13, -3.028782e-13
122.000000, 5.645241e-13, 8.970506e-13, 1.956887e-13, 6.073414e-13
122.100000, -7.761052e-13, -1.171731e-12, 1.500304e-13, -2.877544e-13
122.200000, 5.720819e-13, 9.082248e-13, 1.985811e-13, 6.095041e-13
122.300000, -7.608987e-13, -1.145141e-12, 1.510864e-13, -2.826973e-13
122.400000, 5.796674e-13, 9.195979e-13, 1.964758e-13, 6.072620e-13
122.500000, -7.424157e-13, -1.117524e-12, 1.456506e-13, -2.802819e-13
122.600000, 5.888127e-13, 9.317065e-13, 1.885838e-13, 6.012157e-13
122.700000, -7.241778e-13, -1.090746e-12, 1.359984e-13, -2.809925e-13
122.800000, 5.980855e-13, 9.434497e-13, 1.761689e-13, 5.916908e-13
122.900000, -7.049520e-13, -1.061731e-12, 1.198604e-13, -2.885362e-13
123.000000, 6.062184e-13, 9.569707e-13, 1.583597e-13, 5.741119e-13
123.100000, -6.879833e-13, -1.034983e-12, 1.011709e-13, -2.994671e-13
123.200000, 6.149847e-13, 9.671324e-13, 1.383205e-13, 5.579907e-13
123.300000, -6.697498e-13, -1.009995e-12, 7.955766e-14, -3.103332e-13
123.400000, 6.253717e-13, 9.762501e-13, 1.159368e-13, 5.424958e-13
123.500000, -6.509892e-13, -9.878809e-13, 5.756252e-14, -3.187088e-13
123.600000, 6.322863e-13, 9.820870e-13, 9.436593e-14, 5.258244e-13
123.700000, -6.372061e-13, -9.683512e-13, 3.631826e-14, -3.307554e-13
123.800000, 6.349075e-13, 9.856266e-13, 7.348821e-14, 5.062031e-13
123.900000, -6.258036e-13, -9.491137e-13, 1.451327e-14, -3.463976e-13
124.000000, 6.387277e-13, 9.914950e-13, 5.106853e-14, 4.844216e-13
124.100000, -6.133067e-13, -9.299122e-13, -6.507857e-15, -3.599657e-13
124.200000, 6.410776e-13, 9.956690e-13, 3.113723e-14, 4.647460e-13
124.300000, -6.033077e-13, -9.109365e-13, -2.588938e-14, -3.750507e-13
124.400000, 6.399176e-13, 9.997236e-13, 1.272534e-14, 4.418790e-13
124.500000, -5.978505e-13, -8.934549e-13, -4.329220e-14, -3.931933e-13
124.600000, 6.365414e-13, 1.002365e-12, -3.950593e-15, 4.187816e-13
124.700000, -5.930413e-13, -8.780754e-13, -5.841366e-14, -4.084522e-13
124.800000, 6.329726e-13, 1.003109e-12, -1.822260e-14, 3.989794e-13
124.900000, -5.863880e-13, -8.630817e-13, -7.252405e-14, -4.206918e-13
125.000000, 6.316060e-13, 1.003033e-12, -3.148311e-14, 3.829613e-13
125.100000, -5.800522e-13, -8.511819e-13, -8.415394e-14, -4.291045e-13
125.200000, 6.285229e-13, 1.000072e-12, -4.176558e-14, 3.695595e-13
125.300000, -5.735795e-13, -8.398702e-13, -9.383243e-14, -4.353619e-13
125.400000, 6.274572e-13, 9.968976e-13, -5.003734e-14, 3.605716e-13
125.500000, -5.663278e-13, -8.301765e-13, -1.005996e-13, -4.368086e-13
125.600000, 6.253120e-13, 9.914500e-13, -5.499869e-14, 3.549500e-13
125.700000, -5.619260e-13, -8.254452e-13, -1.023247e-13, -4.333670e-13
125.800000, 6.195550e-13, 9.806503e-13, -5.451186e-14, 3.539817e-13
125.900000, -5.620029e-13, -8.232294e-13, -1.004578e-13, -4.306111e-13
126.000000, 6.100214e-13, 9.695054e-13, -5.155400e-14, 3.505209e-13
126.100000, -5.631153e-13, -8.210118e-13, -9.635283e-14, -4.272790e-13
126.200000, 6.005026e-13, 9.580589e-13, -4.629037e-14, 3.493658e-13
126.300000, -5.637849e-13, -8.185799e-13, -9.086327e-14, -4.225278e-13
126.400000, 5.932308e-13, 9.491653e-13, -4.182836e-14, 3.479263e-13
126.500000, -5.619421e-13, -8.130214e-13, -8.704108e-14, -4.189622e-13
126.600000, 5.876101e-13, 9.418951e-13, -3.813842e-14, 3.464229e-13
126.700000, -5.597548e-13, -8.078941e-13, -8.268259e-14, -4.143235e-13
126.800000, 5.816117e-13, 9.329341e-13, -3.274262e-14, 3.472519e-13
126.900000, -5.575385e-13, -8.050845e-13, -7.627897e-14, -4.059858e-13
127.000000, 5.769544e-13, 9.229044e-13, -2.637661e-14, 3.514649e-13
127.100000, -5.539641e-13, -8.022656e-13, -7.003825e-14, -3.963997e-13
127.200000, 5.714955e-13, 9.117373e-13, -1.955277e-14, 3.557137e-13
127.300000, -5.523335e-13, -8.012833e-13, -6.313884e-14, -3.875557e-13
127.400000, 5.663752e-13, 9.009440e-13, -1.372462e-14, 3.588254e-13
127.500000, -5.486105e-13, -7.994701e-13, -5.750788e-14, -3.781299e-13
127.600000, 5.619623e-13, 8.897154e-13, -8.138251e-15, 3.629143e-13
127.700000, -5.458098e-13, -7.985745e-13, -5.164570e-14, -3.690101e-13
127.800000, 5.561589e-13, 8.787410e-13, -2.313332e-15, 3.651927e-13
127.900000, -5.441953e-13, -7.963852e-13, -4.612646e-14, -3.628936e-13
128.000000, 5.509320e-13, 8.689268e-13, 2.964248e-15, 3.667589e-13
128.100000, -5.410134e-13, -7.938110e-13, -4.087048e-14, -3.552880e-13
128.200000, 5.472489e-13, 8.600443e-13, 7.355100e-15, 3.687081e-13
128.300000, -5.365562e-13, -7.898341e-13, -3.707974e-14, -3.487586e-13
128.400000, 5.438042e-13, 8.517005e-13, 1.114495e-14, 3.697733e-13
128.500000, -5.336809e-13, -7.860092e-13, -3.328667e-14, -3.443762e-13
128.600000, 5.388642e-13, 8.443038e-13, 1.421586e-14, 3.673319e-13
128.700000, -5.311227e-13, -7.811906e-13, -3.044782e-14, -3.421930e-13
128.800000, 5.342831e-13, 8.373827e-13, 1.650278e-14, 3.642379e-13
128.900000, -5.278517e-13, -7.755751e-13, -2.905466e-14, -3.412744e-13
129.000000, 5.308138e-13, 8.317532e-13, 1.686495e-14, 3.595793e-13
129.100000, -5.231162e-13, -7.692573e-13, -2.919520e-14, -3.405146e-13
129.200000, 5.288246e-13, 8.260328e-13, 1.653057e-14, 3.563407e-13
129.300000, -5.184428e-13, -7.645547e-13, -2.891910e-14, -3.380729e-13
129.400000, 5.257464e-13, 8.178605e-13, 1.726870e-14, 3.548240e-13
129.500000, -5.146001e-13, -7.615325e-13, -2.814497e-14, -3.348098e-13
129.600000, 5.220276e-13, 8.095741e-13, 1.724990e-14, 3.518590e-13
129.700000, -5.108015e-13, -7.585181e-13, -2.872753e-14, -3.330191e-13
129.800000, 5.187612e-13, 8.001423e-13, 1.655374e-14, 3.497091e-13
129.900000, -5.067666e-13, -7.573666e-13, -2.956673e-14, -3.297094e-13
130.000000, 5.158679e-13, 7.899032e-13, 1.498184e-14, 3.478350e-13
130.100000, -5.033173e-13, -7.568848e-13, -3.093948e-14, -3.270871e-13
130.200000, 5.114908e-13, 7.782576e-13, 1.399864e-14, 3.459875e-13
130.300000, -5.013646e-13, -7.572387e-13, -3.181108e-14, -3.250622e-13
130.400000, 5.060003e-13, 7.668944e-13, 1.310151e-14, 3.427256e-13
130.500000, -4.994289e-13, -7.567523e-13, -3.303057e-14, -3.240081e-13
130.600000, 5.007226e-13, 7.570635e-13, 1.140216e-14, 3.377314e-13
130.700000, -4.989198e-13, -7.554363e-13, -3.466711e-14, -3.258533e-13
130.800000, 4.932909e-13, 7.474303e-13, 9.825519e-15, 3.301314e-13
130.900000, -4.999883e-13, -7.544835e-13, -3.567692e-14, -3.286072e-13
131.000000, 4.856328e-13, 7.378379e-13, 8.611587e-15, 3.227824e-13
131.100000, -5.006003e-13, -7.521367e-13, -3.725587e-14, -3.323889e-13
131.200000, 4.786799e-13, 7.308378e-13, 6.095993e-15, 3.129946e-13
131.300000, -5.002727e-13, -7.468246e-13, -4.069201e-14, -3.391480e-13
131.400000, 4.727378e-13, 7.260764e-13, 2.200178e-15, 3.014622e-13
131.500000, -4.987707e-13, -7.408866e-13, -4.435330e-14, -3.450929e-13
131.600000, 4.685728e-13, 7.216485e-13, -1.555871e-15, 2.922002e-13
131.700000, -4.954136e-13, -7.344514e-13, -4.800236e-14, -3.488909e-13
131.800000, 4.663316e-13, 7.180446e-13, -5.507122e-15, 2.847124e-13
131.900000, -4.903952e-13, -7.274577e-13, -5.173770e-14, -3.509856e-13
132.000000, 4.653868e-13, 7.149802e-13, -9.513501e-15, 2.785471e-13
132.100000, -4.840535e-13, -7.199741e-13, -5.563233e-14, -3.518495e-13
132.200000, 4.661199e-13, 7.116852e-13, -1.311491e-14, 2.752397e-13
132.300000, -4.762107e-13, -7.133394e-13, -5.861592e-14, -3.491012e-13
132.400000, 4.667897e-13, 7.073020e-13, -1.517744e-14, 2.744128e-13
132.500000, -4.695625e-13, -7.079226e-13, -5.979095e-14, -3.450170e-13
132.600000, 4.668884e-13, 7.023330e-13, -1.605163e-14, 2.746350e-13
132.700000, -4.633874e-13, -7.025918e-13, -6.016444e-14, -3.405539e-13
132.800000, 4.666764e-13, 6.982358e-13, -1.642020e-14, 2.744051e-13
132.900000, -4.569765e-13, -6.958631e-13, -6.034377e-14, -3.366530e-13
133.000000, 4.669033e-13, 6.954640e-13, -1.650366e-14, 2.740703e-13
133.100000, -4.511164e-13, -6.884456e-13, -5.984354e-14, -3.332235e-13
133.200000, 4.658724e-13, 6.932090e-13, -1.581116e-14, 2.726661e-13
133.300000, -4.461713e-13, -6.803356e-13, -5.881785e-14, -3.308371e-13
133.400000, 4.645331e-13, 6.918818e-13, -1.480498e-14, 2.706165e-13
133.500000, -4.411659e-13, -6.718448e-13, -5.741044e-14, -3.281828e-13
133.600000, 4.630559e-13, 6.903089e-13, -1.311516e-14, 2.694128e-13
133.700000, -4.369573e-13, -6.635076e-13, -5.547144e-14, -3.257929e-13
133.800000, 4.610193e-13, 6.890216e-13, -1.125607e-14, 2.675375e-13
133.900000, -4.331601e-13, -6.553283e-13, -5.339963e-14, -3.236390e-13
134.000000, 4.584825e-13, 6.872972e-13, -9.314203e-15, 2.654403e-13
134.100000, -4.293912e-13, -6.478383e-13, -5.117312e-14, -3.208553e-13
134.200000, 4.568016e-13, 6.847956e-13, -6.973658e-15, 2.656102e-13
134.300000, -4.243169e-13, -6.409193e-13, -4.865591e-14, -3.154880e-13
134.400000, 4.560728e-13, 6.825055e-13, -4.834712e-15, 2.667805e-13
134.500000, -4.189185e-13, -6.336396e-13, -4.656184e-14, -3.103429e-13
134.600000, 4.559428e-13, 6.802290e-13, -2.907101e-15, 2.685739e-13
134.700000, -4.127656e-13, -6.266616e-13, -4.441787e-14, -3.038895e-13
134.800000, 4.563158e-13, 6.780138e-13, -9.147943e-16, 2.711435e-13
134.900000, -4.066687e-13, -6.194392e-13, -4.228582e-14, -2.976145e-13
135.000000, 4.562193e-13, 6.758996e-13, 1.121962e-15, 2.732160e-13
135.100000, -4.013050e-13, -6.125888e-13, -3.989656e-14, -2.916447e-13
135.200000, 4.551921e-13, 6.730608e-13, 3.834959e-15, 2.754315e-13
135.300000, -3.969882e-13, -6.064727e-13, -3.685318e-14, -2.857425e-13
135.400000, 4.529807e-13, 6.700105e-13, 6.801286e-15, 2.766216e-13
135.500000, -3.937164e-13, -6.003882e-13, -3.374951e-14, -2.810527e-13
135.600000, 4.506163e-13, 6.669626e-13, 9.695596e-15, 2.775939e-13
135.700000, -3.903070e-13, -5.946013e-13, -3.084924e-14, -2.761350e-13
135.800000, 4.480666e-13, 6.634576e-13, 1.236319e-14, 2.785020e-13
135.900000, -3.875327e-13, -5.897554e-13, -2.791648e-14, -2.712741e-13
136.000000, 4.448031e-13, 6.586112e-13, 1.529555e-14, 2.798399e-13
136.100000, -3.854103e-13, -5.861845e-13, -2.504276e-14, -2.663318e-13
136.200000, 4.415184e-13, 6.534126e-13, 1.732170e-14, 2.804852e-13
136.300000, -3.829525e-13, -5.826196e-13, -2.352254e-14, -2.623341e-13
136.400000, 4.379651e-13, 6.477212e-13, 1.847673e-14, 2.803474e-13
136.500000, -3.813235e-13, -5.800386e-13, -2.231454e-14, -2.589765e-13
136.600000, 4.337154e-13, 6.411173e-13, 1.946047e-14, 2.798204e-13
136.700000, -3.803430e-13, -5.781924e-13, -2.144544e-14, -2.562690e-13
136.800000, 4.287773e-13, 6.340247e-13, 1.999393e-14, 2.783155e-13
136.900000, -3.803745e-13, -5.771797e-13, -2.072674e-14, -2.544167e-13
137.000000, 4.227728e-13, 6.260923e-13, 2.057178e-14, 2.761279e-13
137.100000, -3.809964e-13, -5.766526e-13, -2.014837e-14, -2.531623e-13
137.200000, 4.167320e-13, 6.183044e-13, 2.064804e-14, 2.731973e-13
137.300000, -3.817008e-13, -5.758652e-13, -2.020512e-14, -2.529243e-13
137.400000, 4.105768e-13, 6.106698e-13, 2.020039e-14, 2.694202e-13
137.500000, -3.826254e-13, -5.750631e-13, -2.074751e-14, -2.535758e-13
137.600000, 4.042675e-13, 6.032026e-13, 1.922016e-14, 2.647205e-13
137.700000, -3.835924e-13, -5.742015e-13, -2.168231e-14, -2.548153e-13
137.800000, 3.981224e-13, 5.957032e-13, 1.802334e-14, 2.599783e-13
137.900000, -3.836965e-13, -5.729110e-13, -2.321730e-14, -2.559835e-13
138.000000, 3.934042e-13, 5.891286e-13, 1.603131e-14, 2.554563e-13
138.100000, -3.830690e-13, -5.713694e-13, -2.497994e-14, -2.567310e-13
138.200000, 3.886163e-13, 5.822400e-13, 1.428847e-14, 2.513069e-13
138.300000, -3.824649e-13, -5.700305e-13, -2.651652e-14, -2.571740e-13
138.400000, 3.841902e-13, 5.755471e-13, 1.268790e-14, 2.475742e-13
138.500000, -3.816554e-13, -5.686740e-13, -2.768896e-14, -2.570514e-13
138.600000, 3.798666e-13, 5.688199e-13, 1.159814e-14, 2.444972e-13
138.700000, -3.807913e-13, -5.672129e-13, -2.858265e-14, -2.567015e-13
138.800000, 3.755742e-13, 5.624155e-13, 1.063716e-14, 2.413240e-13
138.900000, -3.798218e-13, -5.653022e-13, -2.938089e-14, -2.565347e-13
139.000000, 3.717498e-13, 5.566806e-13, 9.683745e-15, 2.382121e-13
139.100000, -3.783594e-13, -5.628900e-13, -3.007024e-14, -2.560606e-13
139.200000, 3.683617e-13, 5.515575e-13, 8.941639e-15, 2.353892e-13
139.300000, -3.764681e-13, -5.598948e-13, -3.046334e-14, -2.551823e-13
139.400000, 3.652742e-13, 5.467260e-13, 8.720270e-15, 2.332692e-13
139.500000, -3.743345e-13, -5.568118e-13, -3.033224e-14, -2.535884e-13
139.600000, 3.625655e-13, 5.422315e-13, 8.796222e-15, 2.316808e-13
139.700000, -3.720115e-13, -5.533909e-13, -2.996754e-14, -2.517735e-13
139.800000, 3.601042e-13, 5.380882e-13, 9.140497e-15, 2.303843e-13
139.900000, -3.693593e-13, -5.496543e-13, -2.935062e-14, -2.495537e-13
140.000000, 3.579209e-13, 5.343871e-13, 9.674819e-15, 2.293454e-13
140.100000, -3.664463e-13, -5.454981e-13, -2.863604e-14, -2.472269e-13
140.200000, 3.561263e-13, 5.311950e-13, 1.019565e-14, 2.283704e-13
140.300000, -3.633004e-13, -5.409152e-13, -2.795782e-14, -2.449678e-13
140.400000, 3.544978e-13, 5.283460e-13, 1.077919e-14, 2.274694e-13
140.500000, -3.598826e-13, -5.360395e-13, -2.722028e-14, -2.425360e-13
140.600000, 3.533413e-13, 5.259934e-13, 1.130062e-14, 2.267512e-13
140.700000, -3.559581e-13, -5.306253e-13, -2.662384e-14, -2.399853e-13
140.800000, 3.525851e-13, 5.241146e-13, 1.173554e-14, 2.261299e-13
140.900000, -3.519437e-13, -5.250451e-13, -2.601707e-14, -2.374283e-13
141.000000, 3.518044e-13, 5.222726e-13, 1.225633e-14, 2.255539e-13
141.100000, -3.479939e-13, -5.196343e-13, -2.527799e-14, -2.346702e-13
141.200000, 3.510262e-13, 5.202568e-13, 1.285506e-14, 2.252635e-13
141.300000, -3.440380e-13, -5.144613e-13, -2.446770e-14, -2.316387e-13
141.400000, 3.501713e-13, 5.180585e-13, 1.352211e-14, 2.251067e-13
141.500000, -3.404075e-13, -5.094436e-13, -2.367667e-14, -2.288968e-13
141.600000, 3.489432e-13, 5.157606e-13, 1.416714e-14, 2.245880e-13
141.700000, -3.372892e-13, -5.047446e-13, -2.279902e-14, -2.264250e-13
141.800000, 3.472021e-13, 5.131365e-13, 1.491972e-14, 2.238416e-13
141.900000, -3.344190e-13, -5.003535e-13, -2.187802e-14, -2.239546e-13
142.000000, 3.453162e-13, 5.101873e-13, 1.574521e-14, 2.232823e-13
142.100000, -3.318213e-13, -4.962867e-13, -2.094209e-14, -2.215583e-13
142.200000, 3.433037e-13, 5.070854e-13, 1.648071e-14, 2.226237e-13
142.300000, -3.292953e-13, -4.923960e-13, -2.013142e-14, -2.192154e-13
142.400000, 3.411549e-13, 5.038903e-13, 1.703092e-14, 2.217227e-13
142.500000, -3.270640e-13, -4.887505e-13, -1.945286e-14, -2.171948e-13
142.600000, 3.386774e-13, 5.003972e-13, 1.753435e-14, 2.206219e-13
142.700000, -3.251832e-13, -4.854262e-13, -1.885997e-14, -2.154276e-13
142.800000, 3.360402e-13, 4.967284e-13, 1.787068e-14, 2.192981e-13
142.900000, -3.234323e-13, -4.822816e-13, -1.844783e-14, -2.138862e-13
143.000000, 3.332893e-13, 4.929185e-13, 1.806433e-14, 2.178022e-13
143.100000, -3.217530e-13, -4.792920e-13, -1.816708e-14, -2.124364e-13
143.200000, 3.305677e-13, 4.891218e-13, 1.808703e-14, 2.162093e-13
143.300000, -3.200981e-13, -4.763233e-13, -1.803516e-14, -2.111580e-13
143.400000, 3.277623e-13, 4.852383e-13, 1.805232e-14, 2.145332e-13
143.500000, -3.184994e-13, -4.734708e-13, -1.795061e-14, -2.099138e-13
143.600000, 3.250206e-13, 4.813378e-13, 1.792768e-14, 2.128684e-13
143.700000, -3.168585e-13, -4.706897e-13, -1.796287e-14, -2.086583e-13
143.800000, 3.223233e-13, 4.774067e-13, 1.774400e-14, 2.112342e-13
143.900000, -3.153499e-13, -4.680389e-13, -1.798410e-14, -2.075087e-13
144.000000, 3.194742e-13, 4.734019e-13, 1.754576e-14, 2.094338e-13
144.100000, -3.138693e-13, -4.654592e-13, -1.804073e-14, -2.063826e-13
144.200000, 3.166563e-13, 4.693764e-13, 1.733406e-14, 2.076911e-13
144.300000, -3.124255e-13, -4.629270e-13, -1.809206e-14, -2.053065e-13
144.400000, 3.139025e-13, 4.653752e-13, 1.713366e-14, 2.060026e-13
144.500000, -3.109074e-13, -4.604241e-13, -1.810896e-14, -2.040998e-13
144.600000, 3.111943e-13, 4.613884e-13, 1.698975e-14, 2.044123e-13
144.700000, -3.094043e-13, -4.578892e-13, -1.810700e-14, -2.029385e-13
144.800000, 3.085096e-13, 4.575683e-13, 1.677790e-14, 2.026490e-13
144.900000, -3.078631e-13, -4.551980e-13, -1.821995e-14, -2.020031e-13
145.000000, 3.059625e-13, 4.539151e-13, 1.648633e-14, 2.008299e-13
145.100000, -3.061386e-13, -4.524345e-13, -1.837439e-14, -2.009664e-13
145.200000, 3.036203e-13, 4.503538e-13, 1.616972e-14, 1.991664e-13
145.300000, -3.043475e-13, -4.496500e-13, -1.852783e-14, -1.998913e-13
145.400000, 3.012953e-13, 4.468403e-13, 1.586892e-14, 1.974859e-13
145.500000, -3.025886e-13, -4.468545e-13, -1.864619e-14, -1.988471e-13
145.600000, 2.989717e-13, 4.434164e-13, 1.559775e-14, 1.957698e-13
145.700000, -3.007578e-13, -4.439386e-13, -1.879856e-14, -1.978792e-13
145.800000, 2.968137e-13, 4.401872e-13, 1.527406e-14, 1.940537e-13
145.900000, -2.988037e-13, -4.409153e-13, -1.895452e-14, -1.968636e-13
146.000000, 2.948039e-13, 4.370825e-13, 1.496882e-14, 1.924267e-13
146.100000, -2.967614e-13, -4.378275e-13, -1.907844e-14, -1.957694e-13
146.200000, 2.928526e-13, 4.340711e-13, 1.471931e-14, 1.908599e-13
146.300000, -2.947303e-13, -4.347277e-13, -1.912517e-14, -1.946440e-13
146.400000, 2.908769e-13, 4.310715e-13, 1.456026e-14, 1.893696e-13
146.500000, -2.927129e-13, -4.316196e-13, -1.908856e-14, -1.934683e-13
146.600000, 2.889723e-13, 4.281707e-13, 1.446626e-14, 1.879414e-13
146.700000, -2.906330e-13, -4.284531e-13, -1.903267e-14, -1.922394e-13
146.800000, 2.871629e-13, 4.253447e-13, 1.436573e-14, 1.865983e-13
146.900000, -2.884961e-13, -4.252869e-13, -1.894249e-14, -1.909157e-13
147.000000, 2.854115e-13, 4.225654e-13, 1.435095e-14, 1.853834e-13
147.100000, -2.863266e-13, -4.220918e-13, -1.879684e-14, -1.895241e-13
147.200000, 2.837129e-13, 4.198513e-13, 1.434037e-14, 1.842085e-13
147.300000, -2.841631e-13, -4.188792e-13, -1.861957e-14, -1.881073e-13
147.400000, 2.820390e-13, 4.171775e-13, 1.438113e-14, 1.830835e-13
147.500000, -2.819744e-13, -4.157014e-13, -1.840421e-14, -1.866290e-13
147.600000, 2.803966e-13, 4.144968e-13, 1.445798e-14, 1.820655e-13
147.700000, -2.797960e-13, -4.125674e-13, -1.815898e-14, -1.850730e-13
147.800000, 2.787518e-13, 4.118143e-13, 1.456120e-14, 1.810992e-13
147.900000, -2.776695e-13, -4.094768e-13, -1.787469e-14, -1.835100e-13
148.000000, 2.770862e-13, 4.091277e-13, 1.470594e-14, 1.801546e-13
148.100000, -2.755741e-13, -4.064161e-13, -1.757850e-14, -1.819599e-13
148.200000, 2.754218e-13, 4.064745e-13, 1.484032e-14, 1.792071e-13
148.300000, -2.734912e-13, -4.033646e-13, -1.728686e-14, -1.804084e-13
148.400000, 2.737722e-13, 4.038143e-13, 1.497803e-14, 1.782899e-13
148.500000, -2.714473e-13, -4.003663e-13, -1.699026e-14, -1.788603e-13
148.600000, 2.720606e-13, 4.011539e-13, 1.511338e-14, 1.773178e-13
148.700000, -2.694857e-13, -3.974042e-13, -1.671432e-14, -1.774197e-13
148.800000, 2.703284e-13, 3.984930e-13, 1.522292e-14, 1.763057e-13
148.900000, -2.675574e-13, -3.944895e-13, -1.645022e-14, -1.759932e-13
149.000000, 2.685747e-13, 3.958175e-13, 1.532242e-14, 1.752886e-13
149.100000, -2.656659e-13, -3.916287e-13, -1.620879e-14, -1.745905e-13
149.200000, 2.668274e-13, 3.931184e-13, 1.539971e-14, 1.742778e-13
149.300000, -2.637897e-13, -3.888241e-13, -1.599997e-14, -1.732138e-13
149.400000, 2.650593e-13, 3.904097e-13, 1.544106e-14, 1.732354e-13
149.500000, -2.619728e-13, -3.860793e-13, -1.581957e-14, -1.718880e-13
149.600000, 2.632731e-13, 3.876786e-13, 1.545614e-14, 1.721536e-13
149.700000, -2.601976e-13, -3.833729e-13, -1.565247e-14, -1.705931e-13
149.800000, 2.614567e-13, 3.849297e-13, 1.545798e-14, 1.710627e-13
149.900000, -2.584662e-13, -3.807427e-13, -1.550779e-14, -1.693406e-13
150.000000, 2.596135e-13, 3.821534e-13, 1.544021e-14, 1.699487e-13
150.100000, -2.567678e-13, -3.781574e-13, -1.537966e-14, -1.681190e-13
150.200000, 2.577833e-13, 3.793764e-13, 1.540008e-14, 1.688167e-13
150.300000, -2.551135e-13, -3.756071e-13, -1.527324e-14, -1.669256e-13
150.400000, 2.559262e-13, 3.765970e-13, 1.534136e-14, 1.676611e-13
150.500000, -2.534645e-13, -3.730917e-13, -1.519324e-14, -1.657900e-13
150.600000, 2.540807e-13, 3.738382e-13, 1.525777e-14, 1.664808e-13
150.700000, -2.518369e-13, -3.705861e-13, -1.514066e-14, -1.646747e-13
150.800000, 2.522572e-13, 3.710924e-13, 1.514574e-14, 1.652943e-13
150.900000, -2.502167e-13, -3.680955e-13, -1.510210e-14, -1.635766e-13
151.000000, 2.504396e-13, 3.683653e-13, 1.501794e-14, 1.640907e-13
151.100000, -2.486099e-13, -3.656325e-13, -1.508230e-14, -1.625246e-13
151.200000, 2.486162e-13, 3.656515e-13, 1.488789e-14, 1.628814e-13
151.300000, -2.470116e-13, -3.631842e-13, -1.506189e-14, -1.614825e-13
151.400000, 2.468220e-13, 3.629561e-13, 1.475379e-14, 1.616708e-13
151.500000, -2.454217e-13, -3.607484e-13, -1.503648e-14, -1.604304e-13
151.600000, 2.450348e-13, 3.602758e-13, 1.462400e-14, 1.604778e-13
151.700000, -2.438408e-13, -3.583320e-13, -1.502055e-14, -1.594100e-13
151.800000, 2.432650e-13, 3.576198e-13, 1.448818e-14, 1.592818e-13
151.900000, -2.422524e-13, -3.559170e-13, -1.500581e-14, -1.583862e-13
152.000000, 2.415296e-13, 3.550051e-13, 1.434907e-14, 1.580886e-13
152.100000, -2.406580e-13, -3.534895e-13, -1.499393e-14, -1.573647e-13
152.200000, 2.398133e-13, 3.524204e-13, 1.421461e-14, 1.569111e-13
152.300000, -2.390653e-13, -3.510723e-13, -1.497767e-14, -1.563647e-13
152.400000, 2.381135e-13, 3.498744e-13, 1.408512e-14, 1.557450e-13
152.500000, -2.374634e-13, -3.486499e-13, -1.494331e-14, -1.553433e-13
152.600000, 2.364531e-13, 3.473505e-13, 1.397005e-14, 1.546012e-13
152.700000, -2.358718e-13, -3.462397e-13, -1.490738e-14, -1.543234e-13
152.800000, 2.347998e-13, 3.448519e-13, 1.386317e-14, 1.534720e-13
152.900000, -2.342676e-13, -3.438331e-13, -1.486386e-14, -1.532953e-13
153.000000, 2.331698e-13, 3.423867e-13, 1.375163e-14, 1.523686e-13
153.100000, -2.326593e-13, -3.414264e-13, -1.482116e-14, -1.522758e-13
153.200000, 2.315679e-13, 3.399511e-13, 1.365040e-14, 1.512656e-13
153.300000, -2.310525e-13, -3.390112e-13, -1.476445e-14, -1.512388e-13
153.400000, 2.299936e-13, 3.375511e-13, 1.355743e-14, 1.501877e-13
153.500000, -2.294389e-13, -3.366049e-13, -1.470628e-14, -1.502131e-13
153.600000, 2.284237e-13, 3.351757e-13, 1.346736e-14, 1.491191e-13
153.700000, -2.278246e-13, -3.341957e-13, -1.464336e-14, -1.491771e-13
153.800000, 2.268856e-13, 3.328348e-13, 1.338759e-14, 1.480710e-13
153.900000, -2.262182e-13, -3.317946e-13, -1.456641e-14, -1.481368e-13
154.000000, 2.253674e-13, 3.305035e-13, 1.331685e-14, 1.470354e-13
154.100000, -2.246150e-13, -3.294084e-13, -1.449082e-14, -1.471055e-13
154.200000, 2.238521e-13, 3.281984e-13, 1.325836e-14, 1.460170e-13
154.300000, -2.230118e-13, -3.270282e-13, -1.439473e-14, -1.460577e-13
154.400000, 2.223477e-13, 3.259097e-13, 1.319928e-14, 1.450105e-13
154.500000, -2.214302e-13, -3.246648e-13, -1.430486e-14, -1.450288e-13
154.600000, 2.208483e-13, 3.236303e-13, 1.314237e-14, 1.440081e-13
154.700000, -2.198557e-13, -3.223195e-13, -1.420642e-14, -1.439919e-13
154.800000, 2.193534e-13, 3.213673e-13, 1.309702e-14, 1.430170e-13
154.900000, -2.182972e-13, -3.199918e-13, -1.410960e-14, -1.429657e-13
155.000000, 2.178658e-13, 3.191098e-13, 1.304487e-14, 1.420328e-13
155.100000, -2.167478e-13, -3.176798e-13, -1.401136e-14, -1.419459e-13
155.200000, 2.163836e-13, 3.168671e-13, 1.299571e-14, 1.410565e-13
155.300000, -2.152138e-13, -3.153948e-13, -1.390859e-14, -1.409280e-13
155.400000, 2.148962e-13, 3.146231e-13, 1.293463e-14, 1.400754e-13
155.500000, -2.137038e-13, -3.131256e-13, -1.382259e-14, -1.399278e-13
155.600000, 2.134232e-13, 3.124038e-13, 1.289320e-14, 1.391125e-13
155.700000, -2.121993e-13, -3.108740e-13, -1.372410e-14, -1.389204e-13
155.800000, 2.119547e-13, 3.101866e-13, 1.283688e-14, 1.381506e-13
155.900000, -2.106988e-13, -3.086396e-13, -1.362630e-14, -1.379250e-13
156.000000, 2.104919e-13, 3.079820e-13, 1.279538e-14, 1.371942e-13
156.100000, -2.092093e-13, -3.064166e-13, -1.352554e-14, -1.369283e-13
156.200000, 2.090429e-13, 3.057980e-13, 1.274584e-14, 1.362493e-13
156.300000, -2.077454e-13, -3.042079e-13, -1.343197e-14, -1.359473e-13
156.400000, 2.075882e-13, 3.036136e-13, 1.268966e-14, 1.353004e-13
156.500000, -2.062851e-13, -3.020281e-13, -1.334360e-14, -1.349748e-13
156.600000, 2.061465e-13, 3.014495e-13, 1.264410e-14, 1.343596e-13
156.700000, -2.048255e-13, -2.998526e-13, -1.324799e-14, -1.340010e-13
156.800000, 2.047077e-13, 2.992832e-13, 1.258441e-14, 1.334263e-13
156.900000, -2.033963e-13, -2.976990e-13, -1.315598e-14, -1.330400e-13
157.000000, 2.032692e-13, 2.971332e-13, 1.252410e-14, 1.324835e-13
157.100000, -2.019664e-13, -2.955636e-13, -1.307217e-14, -1.320910e-13
157.200000, 2.018409e-13, 2.949927e-13, 1.246935e-14, 1.315549e-13
157.300000, -2.005610e-13, -2.934494e-13, -1.298750e-14, -1.311514e-13
157.400000, 2.004109e-13, 2.928562e-13, 1.240446e-14, 1.306219e-13
157.500000, -1.991511e-13, -2.913442e-13, -1.290933e-14, -1.302131e-13
157.600000, 1.989933e-13, 2.907409e-13, 1.234391e-14, 1.296986e-13
157.700000, -1.977550e-13, -2.892506e-13, -1.282463e-14, -1.292840e-13
157.800000, 1.975761e-13, 2.886215e-13, 1.228236e-14, 1.287718e-13
157.900000, -1.963770e-13, -2.871825e-13, -1.274627e-14, -1.283617e-13
158.000000, 1.961714e-13, 2.865258e-13, 1.221318e-14, 1.278591e-13
158.100000, -1.950054e-13, -2.851200e-13, -1.266598e-14, -1.274492e-13
158.200000, 1.947781e-13, 2.844441e-13, 1.215112e-14, 1.269485e-13
158.300000, -1.936371e-13, -2.830767e-13, -1.259039e-14, -1.265354e-13
158.400000, 1.933929e-13, 2.823725e-13, 1.209228e-14, 1.260436e-13
158.500000, -1.922777e-13, -2.810314e-13, -1.250909e-14, -1.256322e-13
158.600000, 1.920094e-13, 2.803149e-13, 1.202624e-14, 1.251412e-13
158.700000, -1.909240e-13, -2.790044e-13, -1.243177e-14, -1.247341e-13
158.800000, 1.906350e-13, 2.782694e-13, 1.195821e-14, 1.242445e-13
158.900000, -1.895749e-13, -2.769962e-13, -1.235391e-14, -1.238367e-13
159.000000, 1.892712e-13, 2.762311e-13, 1.189572e-14, 1.233460e-13
159.100000, -1.882334e-13, -2.749931e-13, -1.227854e-14, -1.229472e-13
159.200000, 1.879157e-13, 2.742180e-13, 1.183017e-14, 1.224613e-13
159.300000, -1.869065e-13, -2.730014e-13, -1.220290e-14, -1.220679e-13
159.400000, 1.865732e-13, 2.722068e-13, 1.176332e-14, 1.215793e-13
159.500000, -1.855842e-13, -2.710207e-13, -1.212779e-14, -1.211961e-13
159.600000, 1.852373e-13, 2.702180e-13, 1.170180e-14, 1.207022e-13
159.700000, -1.842697e-13, -2.690572e-13, -1.206273e-14, -1.203220e-13
159.800000, 1.838978e-13, 2.682288e-13, 1.162813e-14, 1.198289e-13
159.900000, -1.829609e-13, -2.670981e-13, -1.198496e-14, -1.194588e-13
160.000000, 1.825713e-13, 2.662565e-13, 1.156211e-14, 1.189562e-13
160.100000, -1.816559e-13, -2.651571e-13, -1.191289e-14, -1.185958e-13
160.200000, 1.812511e-13, 2.642960e-13, 1.149136e-14, 1.180909e-13
160.300000, -1.803611e-13, -2.632235e-13, -1.183934e-14, -1.177373e-13
160.400000, 1.799503e-13, 2.623526e-13, 1.142836e-14, 1.172394e-13
160.500000, -1.790719e-13, -2.612986e-13, -1.176999e-14, -1.168900e-13
160.600000, 1.786512e-13, 2.604219e-13, 1.136478e-14, 1.163913e-13
160.700000, -1.777857e-13, -2.593820e-13, -1.169237e-14, -1.160387e-13
160.800000, 1.773679e-13, 2.585076e-13, 1.130952e-14, 1.155520e-13
160.900000, -1.765003e-13, -2.574758e-13, -1.161459e-14, -1.151899e-13
161.000000, 1.760837e-13, 2.565935e-13, 1.123925e-14, 1.147124e-13
161.100000, -1.752345e-13, -2.555856e-13, -1.154113e-14, -1.143474e-13
161.200000, 1.748020e-13, 2.546981e-13, 1.117466e-14, 1.138781e-13
161.300000, -1.739720e-13, -2.537078e-13, -1.146432e-14, -1.135152e-13
161.400000, 1.735337e-13, 2.528084e-13, 1.111178e-14, 1.130438e-13
161.500000, -1.727174e-13, -2.518379e-13, -1.139224e-14, -1.126825e-13
161.600000, 1.722767e-13, 2.509315e-13, 1.104726e-14, 1.122187e-13
161.700000, -1.714711e-13, -2.499778e-13, -1.132023e-14, -1.118595e-13
161.800000, 1.710178e-13, 2.490719e-13, 1.098106e-14, 1.113945e-13
161.900000, -1.702252e-13, -2.481271e-13, -1.124759e-14, -1.110377e-13
162.000000, 1.697765e-13, 2.472191e-13, 1.092422e-14, 1.105826e-13
162.100000, -1.689949e-13, -2.462869e-13, -1.117625e-14, -1.102234e-13
162.200000, 1.685310e-13, 2.453743e-13, 1.085855e-14, 1.097709e-13
162.300000, -1.677618e-13, -2.444596e-13, -1.110435e-14, -1.094103e-13
162.400000, 1.672956e-13, 2.435481e-13, 1.079166e-14, 1.089633e-13
162.500000, -1.665367e-13, -2.426416e-13, -1.102884e-14, -1.086008e-13
162.600000, 1.660649e-13, 2.417288e-13, 1.072877e-14, 1.081551e-13
162.700000, -1.653244e-13, -2.408391e-13, -1.096029e-14, -1.077943e-13
162.800000, 1.648503e-13, 2.399186e-13, 1.066504e-14, 1.073622e-13
162.900000, -1.641137e-13, -2.390347e-13, -1.089111e-14, -1.070006e-13
163.000000, 1.636417e-13, 2.381214e-13, 1.060407e-14, 1.065728e-13
163.100000, -1.629055e-13, -2.372511e-13, -1.081208e-14, -1.062035e-13
163.200000, 1.624382e-13, 2.363379e-13, 1.054395e-14, 1.057878e-13
163.300000, -1.617061e-13, -2.354716e-13, -1.073729e-14, -1.054084e-13
163.400000, 1.612353e-13, 2.345552e-13, 1.048117e-14, 1.050049e-13
163.500000, -1.605146e-13, -2.337027e-13, -1.066761e-14, -1.046222e-13
163.600000, 1.600425e-13, 2.327916e-13, 1.042294e-14, 1.042267e-13
163.700000, -1.593271e-13, -2.319425e-13, -1.059557e-14, -1.038366e-13
163.800000, 1.588632e-13, 2.310393e-13, 1.036194e-14, 1.034513e-13
163.900000, -1.581444e-13, -2.301931e-13, -1.052519e-14, -1.030570e-13
164.000000, 1.576791e-13, 2.292886e-13, 1.030194e-14, 1.026832e-13
164.100000, -1.569769e-13, -2.284560e-13, -1.045244e-14, -1.022868e-13
164.200000, 1.565118e-13, 2.275567e-13, 1.023709e-14, 1.019220e-13
164.300000, -1.558112e-13, -2.267266e-13, -1.038045e-14, -1.015113e-13
164.400000, 1.553467e-13, 2.258330e-13, 1.018782e-14, 1.011589e-13
164.500000, -1.546493e-13, -2.250027e-13, -1.031219e-14, -1.007489e-13
164.600000, 1.541848e-13, 2.241194e-13, 1.011883e-14, 1.004013e-13
164.700000, -1.534942e-13, -2.232966e-13, -1.024097e-14, -9.998862e-14
164.800000, 1.530287e-13, 2.224098e-13, 1.005586e-14, 9.964520e-14
164.900000, -1.523470e-13, -2.215962e-13, -1.016976e-14, -9.922752e-14
165.000000, 1.518797e-13, 2.207109e-13, 9.995203e-15, 9.889511e-14
165.100000, -1.512089e-13, -2.199072e-13, -1.010735e-14, -9.847878e-14
165.200000, 1.507365e-13, 2.190233e-13, 9.935359e-15, 9.815012e-14
165.300000, -1.500712e-13, -2.182255e-13, -1.003300e-14, -9.773269e-14
165.400000, 1.496027e-13, 2.173463e-13, 9.868102e-15, 9.740593e-14
165.500000, -1.489397e-13, -2.165538e-13, -9.964852e-15, -9.698631e-14
165.600000, 1.484779e-13, 2.156732e-13, 9.807574e-15, 9.667110e-14
165.700000, -1.478098e-13, -2.148842e-13, -9.893463e-15, -9.624177e-14
165.800000, 1.473559e-13, 2.140237e-13, 9.749546e-15, 9.593794e-14
165.900000, -1.466956e-13, -2.132331e-13, -9.829683e-15, -9.550766e-14
166.000000, 1.462372e-13, 2.123730e-13, 9.687971e-15, 9.520441e-14
166.100000, -1.455805e-13, -2.115873e-13, -9.757006e-15, -9.477758e-14
166.200000, 1.451300e-13, 2.107315e-13, 9.625276e-15, 9.448497e-14
166.300000, -1.444766e-13, -2.099550e-13, -9.694685e-15, -9.405236e-14
166.400000, 1.440211e-13, 2.090969e-13, 9.559344e-15, 9.375347e-14
166.500000, -1.433777e-13, -2.083304e-13, -9.630502e-15, -9.332879e-14
166.600000, 1.429199e-13, 2.074788e-13, 9.502305e-15, 9.303489e-14
166.700000, -1.422833e-13, -2.067114e-13, -9.562316e-15, -9.260913e-14
166.800000, 1.418235e-13, 2.058602e-13, 9.436844e-15, 9.231894e-14
166.900000, -1.411978e-13, -2.051050e-13, -9.501222e-15, -9.189721e-14
167.000000, 1.407309e-13, 2.042516e-13, 9.376177e-15, 9.160178e-14
167.100000, -1.401171e-13, -2.035085e-13, -9.433842e-15, -9.119095e-14
167.200000, 1.396442e-13, 2.026533e-13, 9.313725e-15, 9.089552e-14
167.300000, -1.390367e-13, -2.019130e-13, -9.373529e-15, -9.048043e-14
167.400000, 1.385727e-13, 2.010673e-13, 9.250583e-15, 9.018581e-14
167.500000, -1.379667e-13, -2.003316e-13, -9.307543e-15, -8.977725e-14
167.600000, 1.374986e-13, 1.994851e-13, 9.183235e-15, 8.948337e-14
167.700000, -1.368974e-13, -1.987631e-13, -9.250180e-15, -8.907974e-14
167.800000, 1.364322e-13, 1.979163e-13, 9.120978e-15, 8.878868e-14
167.900000, -1.358382e-13, -1.971954e-13, -9.181590e-15, -8.838473e-14
168.000000, 1.353664e-13, 1.963448e-13, 9.052990e-15, 8.808811e-14
168.100000, -1.347858e-13, -1.956365e-13, -9.122899e-15, -8.769301e-14
168.200000, 1.343127e-13, 1.947899e-13, 8.994226e-15, 8.739966e-14
168.300000, -1.337357e-13, -1.940942e-13, -9.060420e-15, -8.701007e-14
168.400000, 1.332567e-13, 1.932473e-13, 8.933325e-15, 8.670724e-14
168.500000, -1.326876e-13, -1.925488e-13, -8.993573e-15, -8.632078e-14
168.600000, 1.322181e-13, 1.917151e-13, 8.872849e-15, 8.602630e-14
168.700000, -1.316450e-13, -1.910159e-13, -8.934037e-15, -8.563911e-14
168.800000, 1.311780e-13, 1.901852e-13, 8.809174e-15, 8.534780e-14
168.900000, -1.306135e-13, -1.895000e-13, -8.869960e-15, -8.495819e-14
169.000000, 1.301433e-13, 1.886643e-13, 8.748566e-15, 8.466604e-14
169.100000, -1.295831e-13, -1.879761e-13, -8.807611e-15, -8.428747e-14
169.200000, 1.291166e-13, 1.871528e-13, 8.691240e-15, 8.399855e-14
169.300000, -1.285568e-13, -1.864629e-13, -8.743854e-15, -8.361279e-14
169.400000, 1.280897e-13, 1.856468e-13, 8.630857e-15, 8.332929e-14
169.500000, -1.275391e-13, -1.849680e-13, -8.677653e-15, -8.294635e-14
169.600000, 1.270747e-13, 1.841515e-13, 8.571180e-15, 8.266284e-14
169.700000, -1.265212e-13, -1.834718e-13, -8.619664e-15, -8.227949e-14
169.800000, 1.260654e-13, 1.826677e-13, 8.511989e-15, 8.200760e-14
169.900000, -1.255057e-13, -1.819811e-13, -8.555260e-15, -8.161516e-14
170.000000, 1.250546e-13, 1.811859e-13, 8.452089e-15, 8.134734e-14
170.100000, -1.245028e-13, -1.805061e-13, -8.492378e-15, -8.095831e-14
170.200000, 1.240520e-13, 1.797163e-13, 8.394978e-15, 8.069055e-14
170.300000, -1.235025e-13, -1.790327e-13, -8.427738e-15, -8.030225e-14
170.400000, 1.230461e-13, 1.782503e-13, 8.328694e-15, 8.003346e-14
170.500000, -1.225172e-13, -1.775781e-13, -8.370961e-15, -7.965631e-14
170.600000, 1.220580e-13, 1.767847e-13, 8.270145e-15, 7.938042e-14
170.700000, -1.215241e-13, -1.761261e-13, -8.313507e-15, -7.901193e-14
170.800000, 1.210655e-13, 1.753399e-13, 8.210358e-15, 7.873410e-14
170.900000, -1.205367e-13, -1.746735e-13, -8.249234e-15, -7.836330e-14
171.000000, 1.200898e-13, 1.739007e-13, 8.147160e-15, 7.810023e-14
171.100000, -1.195552e-13, -1.732354e-13, -8.190241e-15, -7.771932e-14
171.200000, 1.191073e-13, 1.724600e-13, 8.089830e-15, 7.745676e-14
171.300000, -1.185778e-13, -1.718057e-13, -8.127220e-15, -7.708675e-14
171.400000, 1.181348e-13, 1.710310e-13, 8.030216e-15, 7.681783e-14
171.500000, -1.176048e-13, -1.703753e-13, -8.068254e-15, -7.644700e-14
171.600000, 1.171638e-13, 1.696108e-13, 7.975485e-15, 7.618690e-14
171.700000, -1.166366e-13, -1.689558e-13, -7.998899e-15, -7.581401e-14
171.800000, 1.162057e-13, 1.682042e-13, 7.917896e-15, 7.556321e-14
171.900000, -1.156758e-13, -1.675470e-13, -7.940955e-15, -7.518886e-14
172.000000, 1.152439e-13, 1.667985e-13, 7.858431e-15, 7.493218e-14
172.100000, -1.147188e-13, -1.661404e-13, -7.880228e-15, -7.455658e-14
172.200000, 1.142971e-13, 1.654003e-13, 7.803805e-15, 7.431181e-14
172.300000, -1.137663e-13, -1.647428e-13, -7.823188e-15, -7.393676e-14
172.400000, 1.133434e-13, 1.640029e-13, 7.741982e-15, 7.368530e-14
172.500000, -1.128169e-13, -1.633584e-13, -7.763393e-15, -7.331396e-14
172.600000, 1.123960e-13, 1.626154e-13, 7.683510e-15, 7.306578e-14
172.700000, -1.118805e-13, -1.619764e-13, -7.704236e-15, -7.270523e-14
172.800000, 1.114553e-13, 1.612402e-13, 7.623562e-15, 7.245346e-14
172.900000, -1.109415e-13, -1.605950e-13, -7.646883e-15, -7.208694e-14
173.000000, 1.105220e-13, 1.598732e-13, 7.572675e-15, 7.184521e-14
173.100000, -1.100036e-13, -1.592342e-13, -7.586278e-15, -7.148176e-14
173.200000, 1.095861e-13, 1.585065e-13, 7.508752e-15, 7.123185e-14
173.300000, -1.090735e-13, -1.578681e-13, -7.526388e-15, -7.087468e-14
173.400000, 1.086607e-13, 1.571507e-13, 7.456028e-15, 7.062676e-14
173.500000, -1.081494e-13, -1.565121e-13, -7.467677e-15, -7.026784e-14
173.600000, 1.077360e-13, 1.557955e-13, 7.397965e-15, 7.002252e-14
173.700000, -1.072307e-13, -1.551720e-13, -7.409102e-15, -6.966813e-14
173.800000, 1.068141e-13, 1.544523e-13, 7.336796e-15, 6.941942e-14
173.900000, -1.063148e-13, -1.538251e-13, -7.348406e-15, -6.906945e-14
174.000000, 1.059028e-13, 1.531120e-13, 7.279129e-15, 6.882570e-14
174.100000, -1.054040e-13, -1.524906e-13, -7.293950e-15, -6.847850e-14
174.200000, 1.049886e-13, 1.517767e-13, 7.224076e-15, 6.822642e-14
174.300000, -1.044901e-13, -1.511651e-13, -7.237120e-15, -6.788304e-14
174.400000, 1.040783e-13, 1.504563e-13, 7.164865e-15, 6.763314e-14
174.500000, -1.035889e-13, -1.498458e-13, -7.181765e-15, -6.729697e-14
174.600000, 1.031784e-13, 1.491377e-13, 7.110137e-15, 6.704511e-14
174.700000, -1.026932e-13, -1.485320e-13, -7.122617e-15, -6.671219e-14
174.800000, 1.022769e-13, 1.478216e-13, 7.049457e-15, 6.645493e-14
174.900000, -1.017965e-13, -1.472263e-13, -7.068715e-15, -6.612788e-14
175.000000, 1.013837e-13, 1.465178e-13, 6.993002e-15, 6.587306e-14
175.100000, -1.009065e-13, -1.459197e-13, -7.008148e-15, -6.554587e-14
175.200000, 1.004938e-13, 1.452123e-13, 6.929486e-15, 6.528841e-14
175.300000, -1.000148e-13, -1.446169e-13, -6.948669e-15, -6.496389e-14
175.400000, 9.960886e-14, 1.439283e-13, 6.880739e-15, 6.471680e-14
175.500000, -9.913467e-14, -1.433347e-13, -6.894236e-15, -6.438569e-14
175.600000, 9.872642e-14, 1.426393e-13, 6.825721e-15, 6.414010e-14
175.700000, -9.825572e-14, -1.420482e-13, -6.833096e-15, -6.381137e-14
175.800000, 9.785498e-14, 1.413612e-13, 6.765068e-15, 6.356904e-14
175.900000, -9.737912e-14, -1.407697e-13, -6.781495e-15, -6.324746e-14
176.000000, 9.697481e-14, 1.400843e-13, 6.711115e-15, 6.299425e-14
176.100000, -9.651445e-14, -1.394989e-13, -6.722446e-15, -6.267668e-14
176.200000, 9.610439e-14, 1.388198e-13, 6.652171e-15, 6.242992e-14
176.300000, -9.564434e-14, -1.382309e-13, -6.670838e-15, -6.211141e-14
176.400000, 9.524222e-14, 1.375515e-13, 6.598417e-15, 6.186152e-14
176.500000, -9.478119e-14, -1.369706e-13, -6.613671e-15, -6.154333e-14
176.600000, 9.438251e-14, 1.362997e-13, 6.544120e-15, 6.130054e-14
176.700000, -9.391871e-14, -1.357193e-13, -6.555866e-15, -6.098907e-14
176.800000, 9.352448e-14, 1.350511e-13, 6.491252e-15, 6.074268e-14
176.900000, -9.306255e-14, -1.344671e-13, -6.497255e-15, -6.043158e-14
177.000000, 9.266636e-14, 1.337958e-13, 6.428772e-15, 6.018391e-14
177.100000, -9.221883e-14, -1.332307e-13, -6.451710e-15, -5.988207e-14
177.200000, 9.181124e-14, 1.325602e-13, 6.372575e-15, 5.962753e-14
177.300000, -9.137184e-14, -1.320003e-13, -6.393538e-15, -5.932759e-14
177.400000, 9.096976e-14, 1.313251e-13, 6.321910e-15, 5.907495e-14
177.500000, -9.052569e-14, -1.307610e-13, -6.340277e-15, -5.877662e-14
177.600000, 9.012722e-14, 1.301000e-13, 6.270403e-15, 5.852713e-14
177.700000, -8.967646e-14, -1.295301e-13, -6.272898e-15, -5.822338e-14
177.800000, 8.929651e-14, 1.288848e-13, 6.220627e-15, 5.798682e-14
177.900000, -8.884125e-14, -1.283173e-13, -6.222666e-15, -5.767316e-14
178.000000, 8.846139e-14, 1.276718e-13, 6.166050e-15, 5.744013e-14
178.100000, -8.800994e-14, -1.270961e-13, -6.168977e-15, -5.713263e-14
178.200000, 8.762825e-14, 1.264588e-13, 6.109719e-15, 5.690502e-14
178.300000, -8.718015e-14, -1.258907e-13, -6.111508e-15, -5.659310e-14
178.400000, 8.679750e-14, 1.252501e-13, 6.057213e-15, 5.635848e-14
178.500000, -8.635183e-14, -1.246894e-13, -6.057454e-15, -5.605578e-14
178.600000, 8.597577e-14, 1.240554e-13, 6.005551e-15, 5.582543e-14
178.700000, -8.553000e-14, -1.234870e-13, -6.000446e-15, -5.551747e-14
178.800000, 8.515519e-14, 1.228601e-13, 5.951069e-15, 5.529006e-14
178.900000, -8.470918e-14, -1.223009e-13, -5.948934e-15, -5.498396e-14
179.000000, 8.433279e-14, 1.216721e-13, 5.897455e-15, 5.475546e-14
179.100000, -8.389438e-14, -1.211121e-13, -5.892867e-15, -5.445542e-14
179.200000, 8.352287e-14, 1.204900e-13, 5.846434e-15, 5.422268e-14
179.300000, -8.308112e-14, -1.199266e-13, -5.840765e-15, -5.392521e-14
179.400000, 8.270968e-14, 1.193072e-13, 5.790781e-15, 5.369749e-14
179.500000, -8.227477e-14, -1.187545e-13, -5.783231e-15, -5.339721e-14
179.600000, 8.190579e-14, 1.181406e-13, 5.743648e-15, 5.317489e-14
179.700000, -8.147143e-14, -1.175840e-13, -5.731378e-15, -5.287512e-14
179.800000, 8.110366e-14, 1.169741e-13, 5.688138e-15, 5.265051e-14
179.900000, -8.066637e-14, -1.164168e-13, -5.678889e-15, -5.235192e-14
180.000000, 8.030527e-14, 1.158069e-13, 5.631399e-15, 5.213127e-14
180.100000, -7.987775e-14, -1.152624e-13, -5.629938e-15, -5.184043e-14
180.200000, 7.950083e-14, 1.146466e-13, 5.574736e-15, 5.160471e-14
180.300000, -7.908415e-14, -1.141070e-13, -5.577112e-15, -5.132426e-14
180.400000, 7.870924e-14, 1.134949e-13, 5.522137e-15, 5.109140e-14
180.500000, -7.829363e-14, -1.129576e-13, -5.524983e-15, -5.080618e-14
180.600000, 7.791326e-14, 1.123420e-13, 5.466069e-15, 5.056883e-14
180.700000, -7.750054e-14, -1.118140e-13, -5.469370e-15, -5.029395e-14
180.800000, 7.713065e-14, 1.112032e-13, 5.417530e-15, 5.006393e-14
180.900000, -7.671680e-14, -1.106733e-13, -5.420025e-15, -4.978440e-14
181.000000, 7.634313e-14, 1.100691e-13, 5.366173e-15, 4.954983e-14
181.100000, -7.593726e-14, -1.095349e-13, -5.369999e-15, -4.927599e-14
181.200000, 7.556634e-14, 1.089366e-13, 5.310865e-15, 4.904595e-14
181.300000, -7.515873e-14, -1.084032e-13, -5.310217e-15, -4.876239e-14
181.400000, 7.479395e-14, 1.078078e-13, 5.263832e-15, 4.853959e-14
181.500000, -7.438462e-14, -1.072800e-13, -5.256401e-15, -4.825544e-14
181.600000, 7.401967e-14, 1.066865e-13, 5.215664e-15, 4.803965e-14
181.700000, -7.360676e-14, -1.061531e-13, -5.208201e-15, -4.775472e-14
181.800000, 7.324992e-14, 1.055729e-13, 5.163921e-15, 4.753743e-14
181.900000, -7.284399e-14, -1.050433e-13, -5.155942e-15, -4.725807e-14
182.000000, 7.247588e-14, 1.044542e-13, 5.106420e-15, 4.703812e-14
182.100000, -7.207464e-14, -1.039312e-13, -5.106042e-15, -4.675934e-14
182.200000, 7.171799e-14, 1.033503e-13, 5.057314e-15, 4.654199e-14
182.300000, -7.131365e-14, -1.028211e-13, -5.052351e-15, -4.626637e-14
182.400000, 7.094678e-14, 1.022412e-13, 5.002471e-15, 4.603935e-14
182.500000, -7.056356e-14, -1.017265e-13, -5.006071e-15, -4.577854e-14
182.600000, 7.019101e-14, 1.011384e-13, 4.949257e-15, 4.554299e-14
182.700000, -6.980526e-14, -1.006289e-13, -4.956012e-15, -4.528328e-14
182.800000, 6.943649e-14, 1.000445e-13, 4.899506e-15, 4.505598e-14
182.900000, -6.905576e-14, -9.953657e-14, -4.907350e-15, -4.479058e-14
183.000000, 6.868523e-14, 9.895496e-14, 4.847091e-15, 4.456439e-14
183.100000, -6.829654e-14, -9.844452e-14, -4.846975e-15, -4.430140e-14
183.200000, 6.794030e-14, 9.787670e-14, 4.800596e-15, 4.408407e-14
183.300000, -6.754738e-14, -9.736258e-14, -4.796170e-15, -4.381321e-14
183.400000, 6.719555e-14, 9.679463e-14, 4.752976e-15, 4.359927e-14
183.500000, -6.680471e-14, -9.628244e-14, -4.746333e-15, -4.332984e-14
183.600000, 6.645553e-14, 9.572562e-14, 4.705102e-15, 4.311904e-14
183.700000, -6.606025e-14, -9.520396e-14, -4.692836e-15, -4.284314e-14
183.800000, 6.571108e-14, 9.465008e-14, 4.656077e-15, 4.263530e-14
183.900000, -6.532410e-14, -9.413370e-14, -4.640858e-15, -4.236499e-14
184.000000, 6.497658e-14, 9.358657e-14, 4.606343e-15, 4.216204e-14
184.100000, -6.458948e-14, -9.306509e-14, -4.592546e-15, -4.188419e-14
184.200000, 6.423732e-14, 9.252024e-14, 4.552390e-15, 4.167783e-14
184.300000, -6.385575e-14, -9.200754e-14, -4.541830e-15, -4.141182e-14
184.400000, 6.350847e-14, 9.146028e-14, 4.507847e-15, 4.120637e-14
184.500000, -6.312283e-14, -9.094823e-14, -4.491552e-15, -4.093500e-14
184.600000, 6.278302e-14, 9.041108e-14, 4.458614e-15, 4.072893e-14
184.700000, -6.239785e-14, -8.989673e-14, -4.439991e-15, -4.046287e-14
184.800000, 6.205421e-14, 8.936034e-14, 4.404350e-15, 4.025961e-14
184.900000, -6.167635e-14, -8.884989e-14, -4.396805e-15, -3.999557e-14
185.000000, 6.132943e-14, 8.830775e-14, 4.355735e-15, 3.978554e-14
185.100000, -6.095299e-14, -8.780276e-14, -4.346758e-15, -3.953010e-14
185.200000, 6.061339e-14, 8.726555e-14, 4.305491e-15, 3.932167e-14
185.300000, -6.023577e-14, -8.676742e-14, -4.294694e-15, -3.905621e-14
185.400000, 5.989248e-14, 8.622281e-14, 4.254739e-15, 3.884839e-14
185.500000, -5.951938e-14, -8.573099e-14, -4.245636e-15, -3.859019e-14
185.600000, 5.917784e-14, 8.519459e-14, 4.211348e-15, 3.839459e-14
185.700000, -5.880604e-14, -8.469300e-14, -4.195316e-15, -3.813173e-14
185.800000, 5.846808e-14, 8.416640e-14, 4.158641e-15, 3.793066e-14
185.900000, -5.809623e-14, -8.366910e-14, -4.147346e-15, -3.766738e-14
186.000000, 5.776152e-14, 8.314362e-14, 4.109572e-15, 3.746471e-14
186.100000, -5.739108e-14, -8.264334e-14, -4.094841e-15, -3.720403e-14
186.200000, 5.705244e-14, 8.211848e-14, 4.062149e-15, 3.700661e-14
186.300000, -5.668232e-14, -8.162451e-14, -4.051037e-15, -3.675124e-14
186.400000, 5.634740e-14, 8.109855e-14, 4.015243e-15, 3.655271e-14
186.500000, -5.597826e-14, -8.060776e-14, -4.002732e-15, -3.628687e-14
186.600000, 5.564444e-14, 8.008389e-14, 3.960791e-15, 3.608887e-14
186.700000, -5.528259e-14, -7.959963e-14, -3.953459e-15, -3.584269e-14
186.800000, 5.494138e-14, 7.907174e-14, 3.915061e-15, 3.563754e-14
186.900000, -5.458737e-14, -7.859085e-14, -3.908109e-15, -3.539281e-14
187.000000, 5.424912e-14, 7.806497e-14, 3.863651e-15, 3.518453e-14
187.100000, -5.389247e-14, -7.758722e-14, -3.859404e-15, -3.493870e-14
187.200000, 5.355038e-14, 7.706194e-14, 3.813288e-15, 3.472922e-14
187.300000, -5.319978e-14, -7.658437e-14, -3.807252e-15, -3.448761e-14
187.400000, 5.286067e-14, 7.606498e-14, 3.768775e-15, 3.428369e-14
187.500000, -5.250921e-14, -7.559048e-14, -3.762187e-15, -3.404054e-14
187.600000, 5.217304e-14, 7.507181e-14, 3.723923e-15, 3.383672e-14
187.700000, -5.182320e-14, -7.459454e-14, -3.713147e-15, -3.358825e-14
187.800000, 5.148167e-14, 7.407624e-14, 3.665662e-15, 3.338757e-14
187.900000, -5.113954e-14, -7.360787e-14, -3.671319e-15, -3.315176e-14
188.000000, 5.079953e-14, 7.308917e-14, 3.623349e-15, 3.293985e-14
188.100000, -5.045580e-14, -7.262106e-14, -3.622728e-15, -3.270990e-14
188.200000, 5.011947e-14, 7.210107e-14, 3.575466e-15, 3.250309e-14
188.300000, -4.977835e-14, -7.163844e-14, -3.577582e-15, -3.226529e-14
188.400000, 4.943942e-14, 7.112919e-14, 3.531844e-15, 3.206200e-14
188.500000, -4.909618e-14, -7.065649e-14, -3.520909e-15, -3.181996e-14
188.600000, 4.876675e-14, 7.015274e-14, 3.489544e-15, 3.162785e-14
188.700000, -4.842112e-14, -6.968108e-14, -3.473393e-15, -3.138260e-14
188.800000, 4.809369e-14, 6.918185e-14, 3.440756e-15, 3.118804e-14
188.900000, -4.774850e-14, -6.870584e-14, -3.424969e-15, -3.094596e-14
189.000000, 4.742551e-14, 6.821605e-14, 3.397197e-15, 3.075458e-14
189.100000, -4.707519e-14, -6.774045e-14, -3.377334e-15, -3.051529e-14
189.200000, 4.675633e-14, 6.724747e-14, 3.346437e-15, 3.031403e-14
189.300000, -4.640739e-14, -6.677251e-14, -3.336564e-15, -3.008041e-14
189.400000, 4.608539e-14, 6.628658e-14, 3.300315e-15, 2.988551e-14
189.500000, -4.574336e-14, -6.581491e-14, -3.285962e-15, -2.964318e-14
189.600000, 4.542100e-14, 6.532685e-14, 3.252107e-15, 2.945039e-14
189.700000, -4.507882e-14, -6.485391e-14, -3.240486e-15, -2.920953e-14
189.800000, 4.475513e-14, 6.436936e-14, 3.209933e-15, 2.902312e-14
189.900000, -4.441451e-14, -6.389803e-14, -3.192549e-15, -2.878765e-14
190.000000, 4.409928e-14, 6.342226e-14, 3.161138e-15, 2.859320e-14
190.100000, -4.375795e-14, -6.295027e-14, -3.143957e-15, -2.835412e-14
190.200000, 4.343616e-14, 6.246186e-14, 3.112706e-15, 2.816467e-14
190.300000, -4.310111e-14, -6.200342e-14, -3.099209e-15, -2.793286e-14
190.400000, 4.278105e-14, 6.152194e-14, 3.069362e-15, 2.773999e-14
190.500000, -4.244684e-14, -6.105879e-14, -3.055627e-15, -2.750640e-14
190.600000, 4.212855e-14, 6.057660e-14, 3.021578e-15, 2.731389e-14
190.700000, -4.179650e-14, -6.011899e-14, -3.011325e-15, -2.708294e-14
190.800000, 4.147969e-14, 5.964624e-14, 2.981211e-15, 2.689917e-14
190.900000, -4.114359e-14, -5.917890e-14, -2.962795e-15, -2.665876e-14
191.000000, 4.083031e-14, 5.870495e-14, 2.932059e-15, 2.646817e-14
191.100000, -4.049779e-14, -5.824402e-14, -2.918438e-15, -2.624042e-14
191.200000, 4.018425e-14, 5.777463e-14, 2.885203e-15, 2.605264e-14
191.300000, -3.985544e-14, -5.731346e-14, -2.870683e-15, -2.582189e-14
191.400000, 3.953704e-14, 5.684049e-14, 2.838358e-15, 2.563499e-14
191.500000, -3.920628e-14, -5.638504e-14, -2.828921e-15, -2.539997e-14
191.600000, 3.889250e-14, 5.591916e-14, 2.796767e-15, 2.521846e-14
191.700000, -3.856516e-14, -5.545971e-14, -2.781201e-15, -2.498469e-14
191.800000, 3.825575e-14, 5.499249e-14, 2.751551e-15, 2.480056e-14
191.900000, -3.792764e-14, -5.453793e-14, -2.735104e-15, -2.457116e-14
192.000000, 3.760920e-14, 5.406891e-14, 2.701859e-15, 2.438589e-14
192.100000, -3.729111e-14, -5.361900e-14, -2.688874e-15, -2.416062e-14
192.200000, 3.697505e-14, 5.315305e-14, 2.660052e-15, 2.397309e-14
192.300000, -3.665409e-14, -5.270042e-14, -2.646815e-15, -2.375208e-14
192.400000, 3.634096e-14, 5.224065e-14, 2.615234e-15, 2.355870e-14
192.500000, -3.602067e-14, -5.179417e-14, -2.599740e-15, -2.333402e-14
192.600000, 3.570678e-14, 5.132807e-14, 2.565809e-15, 2.314719e-14
192.700000, -3.539382e-14, -5.088056e-14, -2.554883e-15, -2.292779e-14
192.800000, 3.507773e-14, 5.042111e-14, 2.524359e-15, 2.273979e-14
192.900000, -3.475889e-14, -4.997519e-14, -2.509203e-15, -2.252082e-14
193.000000, 3.444723e-14, 4.951812e-14, 2.478648e-15, 2.233340e-14
193.100000, -3.413028e-14, -4.907204e-14, -2.469362e-15, -2.211402e-14
193.200000, 3.381467e-14, 4.860637e-14, 2.427148e-15, 2.192015e-14
193.300000, -3.350891e-14, -4.817191e-14, -2.424864e-15, -2.170837e-14
193.400000, 3.319919e-14, 4.771494e-14, 2.386170e-15, 2.151930e-14
193.500000, -3.288055e-14, -4.727203e-14, -2.383681e-15, -2.130516e-14
193.600000, 3.256920e-14, 4.681544e-14, 2.343452e-15, 2.111153e-14
193.700000, -3.226455e-14, -4.638028e-14, -2.336714e-15, -2.090574e-14
193.800000, 3.195155e-14, 4.592092e-14, 2.298202e-15, 2.071235e-14
193.900000, -3.164264e-14, -4.548776e-14, -2.289274e-15, -2.049912e-14
194.000000, 3.133018e-14, 4.503035e-14, 2.255549e-15, 2.030944e-14
194.100000, -3.102452e-14, -4.459258e-14, -2.248074e-15, -2.009687e-14
194.200000, 3.071587e-14, 4.414565e-14, 2.209005e-15, 1.991122e-14
194.300000, -3.040857e-14, -4.371089e-14, -2.202755e-15, -1.969845e-14
194.400000, 3.009415e-14, 4.325130e-14, 2.158923e-15, 1.950497e-14
194.500000, -2.980025e-14, -4.282471e-14, -2.158607e-15, -1.929989e-14
194.600000, 2.948510e-14, 4.237093e-14, 2.122727e-15, 1.911135e-14
194.700000, -2.918661e-14, -4.194069e-14, -2.117725e-15, -1.890413e-14
194.800000, 2.887227e-14, 4.149441e-14, 2.078389e-15, 1.871485e-14
194.900000, -2.857581e-14, -4.106800e-14, -2.070413e-15, -1.851088e-14
195.000000, 2.825831e-14, 4.061481e-14, 2.034652e-15, 1.831628e-14
195.100000, -2.796988e-14, -4.018964e-14, -2.034062e-15, -1.811685e-14
195.200000, 2.765449e-14, 3.973713e-14, 1.988007e-15, 1.791808e-14
195.300000, -2.736361e-14, -3.931612e-14, -1.989137e-15, -1.772409e-14
195.400000, 2.704540e-14, 3.886944e-14, 1.945921e-15, 1.752786e-14
195.500000, -2.675604e-14, -3.844513e-14, -1.940578e-15, -1.733280e-14
195.600000, 2.644908e-14, 3.800065e-14, 1.903526e-15, 1.713771e-14
195.700000, -2.614396e-14, -3.756734e-14, -1.892344e-15, -1.693538e-14
195.800000, 2.584591e-14, 3.713825e-14, 1.867813e-15, 1.675388e-14
195.900000, -2.554304e-14, -3.670217e-14, -1.849110e-15, -1.654136e-14
196.000000, 2.524493e-14, 3.627452e-14, 1.823556e-15, 1.636476e-14
196.100000, -2.494386e-14, -3.584084e-14, -1.807147e-15, -1.615417e-14
196.200000, 2.464698e-14, 3.541311e-14, 1.781978e-15, 1.597653e-14
196.300000, -2.434230e-14, -3.498042e-14, -1.763695e-15, -1.576962e-14
196.400000, 2.404738e-14, 3.455002e-14, 1.738461e-15, 1.558410e-14
196.500000, -2.374528e-14, -3.412237e-14, -1.721117e-15, -1.538141e-14
196.600000, 2.345208e-14, 3.369153e-14, 1.696717e-15, 1.520274e-14
196.700000, -2.315183e-14, -3.326641e-14, -1.675933e-15, -1.499523e-14
196.800000, 2.285654e-14, 3.283551e-14, 1.651804e-15, 1.481234e-14
196.900000, -2.256413e-14, -3.241579e-14, -1.637623e-15, -1.461432e-14
197.000000, 2.226495e-14, 3.198389e-14, 1.607824e-15, 1.442844e-14
197.100000, -2.196244e-14, -3.156517e-14, -1.596535e-15, -1.423424e-14
197.200000, 2.167193e-14, 3.113411e-14, 1.565219e-15, 1.404611e-14
197.300000, -2.138015e-14, -3.071384e-14, -1.554076e-15, -1.384693e-14
197.400000, 2.108051e-14, 3.028538e-14, 1.518676e-15, 1.366042e-14
197.500000, -2.078575e-14, -2.986876e-14, -1.509691e-15, -1.346521e-14
197.600000, 2.049642e-14, 2.944122e-14, 1.478594e-15, 1.328383e-14
197.700000, -2.020254e-14, -2.902210e-14, -1.468131e-15, -1.308488e-14
197.800000, 1.991023e-14, 2.860133e-14, 1.440937e-15, 1.290460e-14
197.900000, -1.962017e-14, -2.818306e-14, -1.420911e-15, -1.270314e-14
198.000000, 1.932477e-14, 2.776415e-14, 1.400124e-15, 1.252864e-14
198.100000, -1.902934e-14, -2.733780e-14, -1.380472e-15, -1.232451e-14
198.200000, 1.874284e-14, 2.692659e-14, 1.361453e-15, 1.214999e-14
198.300000, -1.844855e-14, -2.650521e-14, -1.337053e-15, -1.194664e-14
198.400000, 1.815951e-14, 2.608565e-14, 1.314459e-15, 1.177304e-14
198.500000, -1.786610e-14, -2.566802e-14, -1.295001e-15, -1.157215e-14
198.600000, 1.757653e-14, 2.524981e-14, 1.268782e-15, 1.138991e-14
198.700000, -1.729370e-14, -2.484223e-14, -1.258811e-15, -1.120230e-14
198.800000, 1.699750e-14, 2.441586e-14, 1.228528e-15, 1.101299e-14
198.900000, -1.671880e-14, -2.401178e-14, -1.215923e-15, -1.082898e-14
199.000000, 1.641985e-14, 2.358858e-14, 1.184693e-15, 1.064105e-14
199.100000, -1.614028e-14, -2.318111e-14, -1.174673e-15, -1.045408e-14
199.200000, 1.584702e-14, 2.276208e-14, 1.146599e-15, 1.027096e-14
199.300000, -1.556237e-14, -2.235488e-14, -1.130959e-15, -1.007872e-14
199.400000, 1.527280e-14, 2.194034e-14, 1.106699e-15, 9.897515e-15
199.500000, -1.498894e-14, -2.153108e-14, -1.090652e-15, -9.708307e-15
199.600000, 1.470072e-14, 2.111637e-14, 1.063340e-15, 9.527805e-15
199.700000, -1.441279e-14, -2.070694e-14, -1.047330e-15, -9.334661e-15
199.800000, 1.412890e-14, 2.029637e-14, 1.020951e-15, 9.153863e-15
199.900000, -1.385016e-14, -1.989350e-14, -1.008955e-15, -8.970376e-15
200.000000, 1.355116e-14, 1.947249e-14, 9.777640e-16, 8.783319e-15
200.100000, -1.328093e-14, -1.907309e-14, -9.691112e-16, -8.602627e-15
200.200000, 1.298582e-14, 1.865467e-14, 9.348840e-16, 8.412412e-15
200.300000, -1.271195e-14, -1.825916e-14, -9.280246e-16, -8.236715e-15
200.400000, 1.241787e-14, 1.783804e-14, 8.916488e-16, 8.044448e-15
200.500000, -1.214632e-14, -1.744510e-14, -8.867999e-16, -7.867348e-15
200.600000, 1.185545e-14, 1.702723e-14, 8.586247e-16, 7.682721e-15
200.700000, -1.158093e-14, -1.663177e-14, -8.436773e-16, -7.502238e-15
200.800000, 1.129019e-14, 1.621912e-14, 8.144523e-16, 7.314239e-15
200.900000, -1.102018e-14, -1.582424e-14, -8.041570e-16, -7.136097e-15
201.000000, 1.072782e-14, 1.540955e-14, 7.749807e-16, 6.952420e-15
201.100000, -1.045352e-14, -1.500954e-14, -7.603241e-16, -6.768488e-15
201.200000, 1.016590e-14, 1.460817e-14, 7.373432e-16, 6.589346e-15
201.300000, -9.889528e-15, -1.420698e-14, -7.194298e-16, -6.405557e-15
201.400000, 9.607292e-15, 1.380181e-14, 6.969304e-16, 6.224801e-15
201.500000, -9.329719e-15, -1.340186e-14, -6.794931e-16, -6.043348e-15
201.600000, 9.053736e-15, 1.300186e-14, 6.601021e-16, 5.864264e-15
201.700000, -8.769269e-15, -1.259220e-14, -6.359143e-16, -5.677040e-15
201.800000, 8.498650e-15, 1.220219e-14, 6.218151e-16, 5.506193e-15
201.900000, -8.211679e-15, -1.179398e-14, -5.913284e-16, -5.315395e-15
202.000000, 7.941386e-15, 1.140541e-14, 5.785767e-16, 5.145333e-15
202.100000, -7.656067e-15, -1.099538e-14, -5.512001e-16, -4.954138e-15
202.200000, 7.382167e-15, 1.059930e-14, 5.377166e-16, 4.781474e-15
202.300000, -7.102535e-15, -1.020709e-14, -5.156254e-16, -4.602761e-15
202.400000, 6.828088e-15, 9.805131e-15, 4.933379e-16, 4.424771e-15
202.500000, -6.551078e-15, -9.411962e-15, -4.781586e-16, -4.241286e-15
202.600000, 6.272816e-15, 9.007631e-15, 4.560205e-16, 4.062233e-15
202.700000, -5.999511e-15, -8.616878e-15, -4.364093e-16, -3.886188e-15
202.800000, 5.725170e-15, 8.219325e-15, 4.136605e-16, 3.706071e-15
202.900000, -5.446910e-15, -7.823578e-15, -3.970271e-16, -3.525914e-15
203.000000, 5.172350e-15, 7.428439e-15, 3.766039e-16, 3.354472e-15
203.100000, -4.895125e-15, -7.033852e-15, -3.573421e-16, -3.172437e-15
203.200000, 4.620292e-15, 6.639218e-15, 3.344597e-16, 2.996231e-15
203.300000, -4.350724e-15, -6.245408e-15, -3.154005e-16, -2.814986e-15
203.400000, 4.073661e-15, 5.850356e-15, 2.938637e-16, 2.637175e-15
203.500000, -3.802702e-15, -5.460954e-15, -2.757923e-16, -2.462794e-15
203.600000, 3.529352e-15, 5.063965e-15, 2.545943e-16, 2.286876e-15
203.700000, -3.256758e-15, -4.674573e-15, -2.390527e-16, -2.107907e-15
203.800000, 2.984973e-15, 4.280743e-15, 2.146438e-16, 1.929519e-15
203.900000, -2.710098e-15, -3.892902e-15, -1.992994e-16, -1.754798e-15
204.000000, 2.439578e-15, 3.503047e-15, 1.776258e-16, 1.578111e-15
204.100000, -2.165051e-15, -3.110721e-15, -1.571768e-16, -1.398853e-15
204.200000, 1.894063e-15, 2.719914e-15, 1.384235e-16, 1.227892e-15
204.300000, -1.623016e-15, -2.329936e-15, -1.191753e-16, -1.050507e-15
204.400000, 1.348562e-15, 1.939887e-15, 9.588899e-17, 8.727957e-16
204.500000, -1.081683e-15, -1.550942e-15, -7.725393e-17, -6.980786e-16
204.600000, 8.105506e-16, 1.167967e-15, 6.160434e-17, 5.263108e-16
204.700000, -5.424364e-16, -7.783463e-16, -3.474378e-17, -3.523988e-16
204.800000, 2.716146e-16, 3.899684e-16, 1.805902e-17, 1.736172e-16
