x, 11, 12, 21, 22
0.100000, -9.996776e-01, -9.996792e-01, -9.996806e-01, -9.996817e-01
0.200000, -9.996723e-01, -9.996737e-01, -9.996751e-01, -9.996764e-01
0.300000, -9.996685e-01, -9.996699e-01, -9.996714e-01, -9.996727e-01
0.400000, -9.996667e-01, -9.996681e-01, -9.996696e-01, -9.996709e-01
0.500000, -9.996667e-01, -9.996681e-01, -9.996697e-01, -9.996710e-01
0.600000, -9.996688e-01, -9.996702e-01, -9.996717e-01, -9.996731e-01
0.700000, -9.996728e-01, -9.996742e-01, -9.996757e-01, -9.996771e-01
0.800000, -9.996788e-01, -9.996802e-01, -9.996818e-01, -9.996831e-01
0.900000, -9.996869e-01, -9.996882e-01, -9.996898e-01, -9.996911e-01
1.000000, -9.996969e-01, -9.996982e-01, -9.996997e-01, -9.997010e-01
1.100000, -9.997087e-01, -9.997100e-01, -9.997115e-01, -9.997128e-01
1.200000, -9.997224e-01, -9.997236e-01, -9.997251e-01, -9.997263e-01
1.300000, -9.997378e-01, -9.997389e-01, -9.997404e-01, -9.997415e-01
1.400000, -9.997546e-01, -9.997557e-01, -9.997571e-01, -9.997582e-01
1.500000, -9.997729e-01, -9.997739e-01, -9.997753e-01, -9.997763e-01
1.600000, -9.997924e-01, -9.997934e-01, -9.997946e-01, -9.997956e-01
1.700000, -9.998130e-01, -9.998139e-01, -9.998150e-01, -9.998159e-01
1.800000, -9.998344e-01, -9.998352e-01, -9.998363e-01, -9.998370e-01
1.900000, -9.998565e-01, -9.998572e-01, -9.998582e-01, -9.998588e-01
2.000000, -9.998790e-01, -9.998796e-01, -9.998805e-01, -9.998810e-01
2.100000, -9.999017e-01, -9.999022e-01, -9.999030e-01, -9.999035e-01
2.200000, -9.999245e-01, -9.999248e-01, -9.999255e-01, -9.999259e-01
2.300000, -9.999469e-01, -9.999472e-01, -9.999478e-01, -9.999480e-01
2.400000, -9.999690e-01, -9.999691e-01, -9.999696e-01, -9.999698e-01
2.500000, -9.999903e-01, -9.999903e-01, -9.999908e-01, -9.999908e-01
2.600000, -1.000011e+00, -1.000011e+00, -1.000011e+00, -1.000011e+00
2.700000, -1.000030e+00, -1.000030e+00, -1.000030e+00, -1.000030e+00
2.800000, -9.998063e-01, -9.991238e-01, -9.995027e-01, -9.799901e-01
2.900000, -9.653007e-01, -7.079493e-01, -9.015100e-01, 8.514455e-01
3.000000, 1.450547e+01, 5.675040e+01, 2.937851e+03, 1.336446e+02
3.100000, 3.736860e+02, 2.384418e+02, 3.084623e+04, 5.885459e+05
3.200000, 1.707806e+05, 1.076079e+04, 3.737552e+04, 1.931038e+06
3.300000, 5.726936e+05, 6.128302e+05, 1.424837e+05, 1.427314e+05
3.400000, 1.363974e+05, 3.390258e+06, 4.697561e+05, 2.621623e+06
3.500000, 2.076299e+10, 2.524191e+06, 1.018387e+06, 1.556650e+07
3.600000, 1.855557e+07, 9.321051e+05, 3.662887e+07, 7.017488e+08
3.700000, 1.050518e+08, 1.227989e+08, 1.422133e+07, 4.626788e+07
3.800000, 4.503454e+06, 1.806971e+10, 2.255872e+07, 6.338175e+08
3.900000, 1.459844e+10, -5.203631e+08, 8.915060e+08, 3.012339e+09
4.000000, -2.161017e+09, 1.461159e+10, 7.911304e+08, 2.559909e+09
4.100000, 1.356538e+10, -7.744994e+08, 7.821851e+08, 2.303904e+09
4.200000, -1.546950e+09, 6.996328e+10, 1.225454e+09, 3.124582e+10
4.300000, 5.743229e+10, 4.442342e+10, 1.495540e+11, 6.027260e+10
4.400000, 1.272810e+11, 1.901681e+07, 1.369147e+10, 1.934510e+09
4.500000, 2.374614e+10, 2.391754e+10, 1.431404e+09, 2.571189e+10
4.600000, 3.810305e+10, 3.477953e+10, 6.335957e+10, 6.362054e+10
4.700000, -2.701484e+08, 1.162153e+10, 3.819297e+10, 3.815761e+10
4.800000, 2.104764e+10, 8.850179e+10, 5.779483e+10, 1.048488e+11
4.900000, 4.505182e+10, 8.817961e+10, 7.866784e+10, 5.531499e+10
5.000000, 1.082491e+11, 6.215307e+10, 8.594962e+10, 5.332307e+10
5.100000, 4.978109e+10, 8.093765e+10, 8.179010e+10, 7.023031e+10
5.200000, 1.344347e+11, 1.588401e+11, 5.728611e+10, 1.379788e+11
5.300000, 2.874223e+10, 1.797534e+10, 3.785538e+10, 1.216746e+11
5.400000, 9.635306e+10, 9.919608e+10, 1.172190e+11, 7.223311e+10
5.500000, 7.737562e+10, 7.052510e+10, 9.583832e+10, 6.695553e+10
5.600000, 8.180337e+10, 1.349081e+11, 1.004978e+11, 9.359648e+10
5.700000, 1.002412e+11, 1.028635e+11, 1.517999e+11, 5.718767e+10
5.800000, 8.539547e+10, 1.479123e+10, 7.863202e+10, 1.098620e+11
5.900000, 5.261902e+10, 6.714218e+10, 9.856776e+10, 6.910648e+10
6.000000, 4.888655e+10, 7.286119e+10, 8.563751e+10, 7.929924e+10
6.100000, 1.186945e+11, 1.046371e+11, 8.252551e+10, 6.926474e+10
6.200000, 1.271609e+11, 6.558840e+10, 5.175916e+10, 6.626693e+10
6.300000, 9.640275e+10, 8.540950e+10, 5.133432e+10, 3.764636e+10
6.400000, 5.549523e+10, 8.060072e+10, 5.617603e+10, 1.013287e+11
6.500000, 1.215562e+11, 4.259355e+10, 7.751709e+10, 1.090474e+11
6.600000, 5.775265e+10, 5.742092e+10, 7.522758e+10, 3.656512e+10
6.700000, 2.296493e+10, 3.503646e+10, 6.110742e+09, 4.037494e+10
6.800000, 5.524861e+10, 4.896207e+10, 4.373608e+10, 2.713493e+10
6.900000, 5.352231e+10, 1.676040e+10, 5.619304e+08, 1.654998e+10
7.000000, 5.422045e+08, 2.092496e+10, 4.105244e+10, 3.655698e+10
7.100000, 5.485811e+10, 8.473928e+10, 2.459488e+10, 5.499589e+10
7.200000, 2.430362e+10, 2.967990e+10, 4.873946e+10, 3.412754e+10
7.300000, 1.875110e+10, 4.742674e+10, 3.744130e+10, 2.753232e+10
7.400000, 4.601587e+10, 4.057592e+10, 3.602245e+10, 1.685566e+10
7.500000, 1.371275e+10, 3.950801e+10, 3.142784e+10, 3.143090e+10
7.600000, 2.632824e+10, 1.761235e+10, 4.716773e+10, 4.048884e+08
7.700000, 1.164576e+10, 1.667217e+10, 1.685112e+10, 1.322985e+10
7.800000, 3.216545e+10, 3.194538e+08, 1.638107e+10, 1.246850e+10
7.900000, 2.772265e+10, 2.445571e+10, 2.420698e+10, 3.159911e+10
8.000000, 3.767335e+09, 7.033759e+09, 2.470155e+08, 2.693704e+10
8.100000, 3.558136e+09, 1.625170e+08, 2.166745e+10, 3.417503e+10
8.200000, 1.119384e+10, 3.327600e+10, 6.684024e+09, 1.813260e+10
8.300000, 1.088982e+10, 2.483925e+10, 1.091569e+10, 1.441668e+08
8.400000, 2.092829e+10, 6.308280e+09, 1.379686e+10, 6.354231e+09
8.500000, 6.009393e+10, 3.164681e+09, 3.069349e+10, 3.353381e+09
8.600000, 3.075066e+09, 3.235654e+09, 9.656395e+07, 3.588261e+10
8.700000, 1.270184e+10, 1.274283e+10, 1.262893e+10, 7.308321e+07
8.800000, 5.955407e+09, 3.131991e+10, 1.250962e+10, 1.666493e+08
8.900000, 2.131880e+10, 3.057759e+10, 3.009990e+09, 2.396647e+10
9.000000, 3.074868e+07, 3.605925e+07, 1.168699e+10, 9.028551e+09
9.100000, 1.137113e+10, 2.636226e+10, 1.767077e+10, 2.020357e+10
9.200000, 1.114328e+10, 1.532924e+08, 2.490487e+10, 7.959257e+07
9.300000, 1.123143e+10, 3.019906e+10, 1.116456e+10, 1.693606e+10
9.400000, 1.885773e+10, 1.168573e+08, 2.481016e+09, 1.880476e+10
9.500000, 8.083288e+09, 8.050842e+09, 2.506287e+09, 1.391488e+08
9.600000, 1.014460e+10, 2.580624e+10, 1.022513e+10, 8.015910e+09
9.700000, 7.804987e+09, 1.454481e+10, 7.759101e+09, 4.561639e+09
9.800000, 1.092408e+08, 7.619017e+09, 2.239778e+10, 2.116285e+08
9.900000, 9.584058e+09, 9.560413e+09, 2.390953e+09, 2.435413e+09
10.000000, 1.643181e+10, 9.357730e+09, 7.292600e+09, 7.331978e+09
10.100000, 2.099460e+10, 2.117951e+09, 2.298767e+10, 2.990593e+10
10.200000, 1.978519e+10, 7.018135e+09, 8.957601e+09, 1.309945e+10
10.300000, 1.191347e+08, 6.671638e+09, 2.869901e+07, 1.536173e+10
10.400000, 1.703357e+10, 2.004664e+09, 3.858576e+07, 1.701195e+10
10.500000, 1.932339e+09, 6.394816e+09, 8.383900e+09, 1.286964e+10
10.600000, 6.261522e+09, 1.070070e+08, 6.374544e+09, 1.048604e+08
10.700000, 3.739594e+09, 1.415031e+10, 1.871706e+09, 9.807052e+09
10.800000, 7.859478e+09, 1.391735e+10, 7.950184e+09, 6.025005e+09
10.900000, 1.757107e+09, 1.721429e+10, 1.358859e+10, 4.063172e+07
11.000000, 1.455516e+08, 5.775115e+09, 1.501243e+10, 1.820853e+09
11.100000, 5.655907e+09, 5.660234e+09, 5.713876e+09, 9.465075e+07
11.200000, 1.114472e+10, 1.719602e+09, 1.730244e+09, 5.559592e+09
11.300000, 6.947652e+07, 1.895133e+07, 1.691264e+09, 1.083691e+10
11.400000, 1.074580e+10, 6.976477e+09, 3.260299e+09, 1.667413e+09
11.500000, 5.232986e+09, 5.221773e+09, 1.051711e+10, 3.707904e+07
11.600000, 5.138799e+09, 1.689754e+10, 7.899654e+07, 1.031964e+10
11.700000, 6.580684e+09, 1.003737e+10, 6.530120e+09, 5.241555e+09
11.800000, 1.131672e+10, 1.497398e+09, 6.415238e+09, 6.412330e+09
11.900000, 9.613544e+06, 4.385637e+09, 1.457384e+09, 1.453763e+09
12.000000, 6.305205e+09, 9.513197e+09, 9.491222e+09, 9.492186e+09
12.100000, 4.712104e+09, 1.720297e+07, 4.716183e+09, 1.412036e+09
12.200000, 1.379638e+09, 6.679944e+07, 1.769544e+07, 5.519005e+09
12.300000, 8.556924e+09, 1.430984e+07, 5.888155e+09, 5.899241e+09
12.400000, 2.643453e+09, 1.593014e+08, 4.471249e+09, 1.016360e+10
12.500000, 1.307845e+09, 9.965816e+09, 1.090010e+07, 4.412230e+09
12.600000, 9.641381e+07, 4.273739e+09, 4.322951e+09, 4.310250e+09
12.700000, 4.194362e+09, 2.523804e+07, 2.306639e+07, 1.193672e+07
12.800000, 6.575642e+09, 2.551818e+09, 9.464608e+09, 5.345673e+09
12.900000, 8.081589e+09, 5.753946e+07, 9.295152e+09, 5.246573e+09
13.000000, 1.197302e+09, 5.161782e+09, 6.118011e+07, 5.044231e+06
13.100000, 8.772350e+06, 1.207936e+07, 1.171324e+09, 3.959868e+09
13.200000, 3.887217e+09, 6.132465e+09, 3.882383e+09, 3.853206e+09
13.300000, 3.820174e+09, 6.171577e+06, 4.954234e+09, 4.964040e+09
13.400000, 5.145026e+06, 5.108547e+06, 2.305703e+09, 8.382854e+06
13.500000, 9.114922e+06, 4.761246e+09, 1.201762e+07, 3.660614e+09
13.600000, 4.030280e+07, 4.676616e+09, 1.076513e+09, 7.023508e+06
13.700000, 3.537135e+09, 4.632259e+09, 1.058873e+09, 1.300743e+07
13.800000, 5.049826e+07, 1.040957e+09, 1.084906e+09, 4.276042e+07
13.900000, 4.345190e+07, 2.785757e+06, 5.480492e+09, 1.064408e+09
14.000000, 6.747201e+09, 1.050980e+09, 3.415981e+09, 3.772966e+06
14.100000, 7.296383e+06, 7.626355e+09, 1.093162e+07, 1.984801e+09
14.200000, 1.986865e+09, 6.580657e+09, 3.274361e+09, 3.341979e+09
14.300000, 1.923809e+09, 4.163401e+07, 9.712705e+08, 1.926797e+09
14.400000, 9.493654e+08, 3.821948e+07, 3.173678e+09, 4.121712e+09
14.500000, 4.018947e+07, 5.859330e+06, 7.896894e+07, 9.424880e+08
14.600000, 3.074523e+09, 3.084750e+09, 3.490013e+07, 3.075672e+09
14.700000, 9.081826e+08, 4.162247e+06, 3.029554e+09, 3.098617e+09
14.800000, 1.816782e+09, 4.380144e+07, 2.468841e+06, 3.914515e+09
14.900000, 8.812697e+08, 4.153009e+06, 9.174514e+08, 4.481493e+06
15.000000, 3.768565e+09, 8.664520e+08, 5.795933e+09, 9.004476e+08
15.100000, 3.381071e+06, 8.856430e+08, 8.564488e+08, 8.908409e+08
15.200000, 5.624978e+09, 8.427158e+08, 8.462907e+08, 6.470038e+09
15.300000, 1.208768e+06, 8.282602e+08, 3.602259e+09, 2.780101e+09
15.400000, 6.032828e+07, 5.473041e+09, 3.205465e+06, 8.266237e+06
15.500000, 8.079334e+08, 8.098854e+08, 8.395524e+08, 2.725874e+06
15.600000, 2.660871e+09, 3.420783e+06, 3.483188e+09, 2.689923e+09
15.700000, 2.886777e+07, 3.081531e+07, 3.013007e+06, 3.322015e+07
15.800000, 2.585554e+09, 4.128494e+09, 3.166288e+07, 1.508185e+06
15.900000, 2.700518e+07, 7.924112e+08, 3.023165e+07, 7.658008e+08
16.000000, 5.926205e+06, 8.052943e+06, 7.813913e+08, 7.547305e+08
16.100000, 3.207518e+06, 2.510193e+09, 2.435812e+06, 2.523913e+06
16.200000, 1.916757e+06, 2.726804e+07, 3.715064e+06, 3.084662e+07
16.300000, 7.236629e+08, 3.446477e+06, 1.448035e+09, 2.618621e+06
16.400000, 3.834821e+09, 2.387379e+09, 3.989647e+06, 2.381561e+09
16.500000, 2.355728e+09, 7.277647e+08, 7.053330e+09, 3.058514e+09
16.600000, 6.924578e+08, 4.646893e+09, 2.323211e+09, 3.710309e+09
16.700000, 6.833582e+08, 2.240509e+06, 1.206769e+06, 6.863083e+08
16.800000, 4.329198e+06, 3.345791e+06, 6.999670e+08, 2.266185e+09
16.900000, 2.283422e+09, 5.093713e+06, 2.540293e+07, 3.863894e+06
17.000000, 1.161992e+06, 7.221467e+05, 1.836460e+06, 6.842580e+08
17.100000, 6.521537e+08, 6.754871e+08, 1.625314e+06, 2.556908e+07
17.200000, 5.867657e+05, 2.369720e+07, 2.502445e+07, 2.412671e+07
17.300000, 6.583218e+08, 6.350590e+08, 1.260367e+06, 6.360291e+08
17.400000, 2.040918e+06, 6.277787e+08, 6.280513e+08, 4.539123e+05
17.500000, -2.703373e+05, 1.420449e+06, 2.073316e+09, 2.092658e+09
17.600000, 2.045922e+09, 4.451556e+05, 3.265097e+09, 2.556222e+06
17.700000, 3.090341e+05, 1.004008e+06, 2.623182e+09, 1.248665e+06
17.800000, 2.167481e+07, 1.999105e+09, 4.408544e+07, 4.582679e+09
17.900000, 3.941022e+09, 3.148121e+09, 1.179096e+09, 1.398951e+06
18.000000, 2.207216e+07, 1.948877e+09, 1.428253e+06, 2.141329e+07
18.100000, 5.741475e+08, 1.149371e+09, 2.119341e+07, 5.268919e+05
18.200000, -1.486401e+05, 8.830993e+05, 2.135849e+07, 2.139066e+07
18.300000, 2.010484e+07, 2.140778e+07, 7.701789e+05, 1.122209e+09
18.400000, -1.968622e+05, 2.120627e+07, 5.924491e+05, 7.154568e+05
18.500000, -2.212385e+05, 3.296906e+05, 5.492510e+08, 1.336134e+06
18.600000, 5.419644e+08, 2.018128e+07, 2.048268e+07, 5.426439e+08
18.700000, 1.812021e+09, 1.793591e+09, 9.008154e+05, 4.572116e+05
18.800000, 1.790712e+09, 3.789864e+05, 1.774915e+09, 5.296779e+08
18.900000, 5.228398e+08, 1.753166e+09, 1.769784e+09, 2.276337e+09
19.000000, 1.033049e+09, 3.957142e+05, 1.730847e+09, 3.466867e+09
19.100000, 5.123187e+08, 5.116736e+08, 5.114450e+08, 7.161895e+05
19.200000, -1.013610e+05, 1.852891e+07, 4.520012e+05, 5.248879e+08
19.300000, 5.002245e+08, 2.694998e+05, 1.822127e+07, 5.008325e+08
19.400000, 1.837876e+07, 1.823684e+07, 4.952979e+08, 4.765787e+05
19.500000, 3.299583e+05, 1.279872e+05, 4.654067e+05, 3.662124e+05
19.600000, -1.978777e+05, 4.837819e+08, 6.726407e+05, 3.508258e+07
19.700000, -8.310591e+04, 9.573995e+08, 3.182121e+05, 2.362793e+05
19.800000, -1.212349e+05, 2.316440e+05, 4.736327e+08, 1.584633e+09
19.900000, -1.246089e+05, 4.685435e+08, 2.504848e+09, 1.889043e+05
20.000000, 1.552102e+09, 4.321569e+05, 1.086876e+06, 1.746156e+05
20.100000, 1.548976e+09, 1.534373e+09, 1.993587e+09, 6.668269e+04
20.200000, -3.559093e+04, 1.517693e+09, 2.014517e+05, 4.534756e+08
20.300000, -1.046211e+05, 4.484194e+08, 4.299730e+05, 1.952315e+09
20.400000, 1.658498e+07, 2.843444e+05, 1.696682e+05, 1.758848e+05
20.500000, 4.390185e+08, 8.354885e+04, 4.404229e+08, 9.705382e+04
20.600000, 1.544086e+07, 1.572250e+07, 1.570581e+05, 1.806223e+05
20.700000, -9.711714e+04, 1.027208e+05, 1.571432e+07, 8.757915e+08
20.800000, -1.154803e+05, 3.410369e+05, 8.630017e+05, 4.257621e+08
20.900000, 2.712262e+05, 1.160572e+05, 1.522602e+05, 2.178743e+05
21.000000, 1.250204e+05, 1.533430e+07, 3.938704e+05, 8.082505e+05
21.100000, -8.787220e+04, 4.525789e+05, 1.498087e+07, 4.125738e+08
21.200000, -1.674458e+05, 1.046523e+05, 1.367865e+09, 6.946489e+04
21.300000, -3.265010e+04, 8.546185e+05, 1.757951e+09, 9.418834e+04
21.400000, 3.995412e+08, 6.560508e+04, 1.449142e+07, 2.683326e+09
21.500000, 3.981263e+05, 1.275465e+05, 1.703916e+05, 1.640494e+05
21.600000, -1.563703e+05, 3.920848e+08, 2.687154e+05, 6.856244e+05
21.700000, 4.289612e+05, 1.401888e+05, 2.714568e+05, 1.400978e+07
21.800000, -9.104609e+04, 1.551072e+05, 8.479804e+05, 3.967126e+04
21.900000, -8.815391e+04, 5.002996e+04, 1.377063e+07, 2.938310e+04
22.000000, -1.551793e+05, 4.743820e+04, 1.230747e+05, 1.043205e+05
22.100000, -1.165716e+05, 5.783806e+04, 3.734647e+08, 5.903201e+04
22.200000, -1.533938e+05, 3.697386e+08, 2.630296e+05, 1.336286e+07
22.300000, -1.201930e+05, 1.959391e+05, 1.114820e+05, 1.395815e+05
22.400000, -1.311323e+05, 1.111830e+05, 1.256950e+05, 3.624927e+08
22.500000, 1.272538e+07, 1.171953e+05, 6.836147e+05, 4.530215e+04
22.600000, -5.656171e+04, 5.938799e+05, 1.003692e+05, 1.144220e+05
22.700000, -7.091307e+04, 1.056909e+05, 1.003912e+05, 1.505328e+04
22.800000, 3.615179e+08, 4.957846e+04, 1.071019e+05, 5.167017e+05
22.900000, -1.320897e+05, 1.002191e+05, 5.965288e+05, 3.456095e+08
23.000000, -6.260907e+04, 4.546785e+04, 9.754742e+04, 2.931511e+03
23.100000, -1.156018e+05, 1.220225e+07, 1.550676e+05, 2.800078e+03
23.200000, -6.113862e+04, 4.580143e+04, 1.198003e+05, 7.873407e+03
23.300000, -1.213714e+05, 1.085943e+05, 9.597530e+04, 5.690312e+04
23.400000, -1.179123e+05, 4.676648e+04, 8.648753e+04, 1.247980e+03
23.500000, -1.166311e+05, 4.565912e+04, 3.269191e+08, 5.502201e+04
23.600000, -5.982868e+04, 9.303428e+04, 1.429110e+05, 4.755722e+05
23.700000, -1.116477e+05, 3.834588e+04, 1.160879e+07, 5.960970e+03
23.800000, -1.089072e+05, 5.021678e+05, 7.997554e+04, -5.223272e+02
23.900000, 3.519040e+05, 3.148867e+08, 7.671531e+04, -4.032477e+02
24.000000, -1.056117e+05, 4.194229e+04, 1.176910e+07, 3.464568e+04
24.100000, -1.035385e+05, 3.631651e+04, 9.710738e+04, 4.428100e+04
24.200000, -8.080731e+04, 4.228730e+04, 7.890386e+04, 5.343458e+04
24.300000, -9.891233e+04, 8.657875e+04, 7.263383e+04, 1.088949e+07
24.400000, -9.767009e+04, 8.961895e+04, 7.146997e+04, -5.291924e+03
24.500000, -4.553208e+04, 3.441987e+04, 7.440061e+04, -5.060382e+03
24.600000, -4.398920e+04, 3.577187e+04, 6.710567e+04, -5.882549e+03
24.700000, -8.573382e+04, 3.393093e+04, 6.954168e+04, 2.923939e+08
24.800000, -8.674077e+04, 3.330867e+04, 4.859043e+05, -6.291782e+03
24.900000, -8.241736e+04, 3.407974e+04, 6.386047e+04, 2.194604e+03
25.000000, -3.819468e+04, 3.264850e+04, 6.286012e+04, -6.916872e+03
25.100000, 3.328271e+05, 3.239952e+04, 6.150066e+04, -6.660895e+03
25.200000, -8.032902e+04, 8.245522e+04, 6.130439e+04, 3.968997e+04
25.300000, -8.183240e+04, 3.191673e+04, 6.273176e+04, -7.515920e+03
25.400000, -8.040775e+04, 3.643068e+04, 5.881313e+04, -7.714183e+03
25.500000, -7.837514e+04, 3.944364e+04, 1.034207e+05, -8.088553e+03
25.600000, -7.432335e+04, 3.025933e+04, 7.639943e+04, -3.049755e+03
25.700000, -7.610940e+04, 3.039825e+04, 5.540742e+04, -6.669766e+03
25.800000, -7.451584e+04, 2.971062e+04, 5.474250e+04, -8.769764e+03
25.900000, -7.331756e+04, 2.929053e+04, 5.366851e+04, -8.492417e+03
26.000000, -7.212575e+04, 2.890426e+04, 5.618284e+04, -2.716821e+03
26.100000, -7.083589e+04, 7.272115e+04, 5.486057e+04, -9.150401e+03
26.200000, -6.938152e+04, 3.130123e+04, 5.144343e+04, -9.321971e+03
26.300000, -6.785283e+04, 3.322703e+04, 5.027184e+04, -8.701950e+03
26.400000, -2.464263e+04, 3.052130e+04, 4.929169e+04, -9.494414e+03
26.500000, -6.559096e+04, 2.838260e+04, 4.866182e+04, -9.622533e+03
26.600000, -6.452687e+04, 2.715559e+04, 4.784121e+04, -9.381545e+03
26.700000, -6.288881e+04, 2.665595e+04, 4.713389e+04, -6.939841e+03
26.800000, -5.962010e+04, 2.657187e+04, 4.639831e+04, -9.894358e+03
26.900000, -6.135100e+04, 2.620201e+04, 4.561165e+04, -9.922548e+03
27.000000, -5.755885e+04, 2.578071e+04, 4.470703e+04, -9.685969e+03
27.100000, -5.919255e+04, 2.584465e+04, 4.433541e+04, -1.008000e+04
27.200000, -5.825144e+04, 2.534629e+04, 4.342110e+04, -1.006001e+04
27.300000, -5.681438e+04, 2.491677e+04, 4.262297e+04, -7.450745e+03
27.400000, -5.625050e+04, 2.733105e+04, 4.201035e+04, -1.011695e+04
27.500000, -5.509506e+04, 2.436099e+04, 4.130076e+04, -1.023077e+04
27.600000, -5.171728e+04, 2.406431e+04, 4.073198e+04, -1.005665e+04
27.700000, -5.338445e+04, 2.383115e+04, 4.023866e+04, -1.028627e+04
27.800000, -5.237503e+04, 2.353744e+04, 4.200440e+04, -1.000416e+04
27.900000, -5.149818e+04, 2.329892e+04, 3.881451e+04, -1.018769e+04
28.000000, -5.079915e+04, 2.315055e+04, 3.867855e+04, -1.035748e+04
28.100000, -4.993210e+04, 2.526191e+04, 4.016884e+04, -1.037427e+04
28.200000, -4.897912e+04, 2.247643e+04, 3.707407e+04, -1.002611e+04
28.300000, -4.830438e+04, 2.223316e+04, 3.650984e+04, -1.038451e+04
28.400000, -4.751558e+04, 2.197519e+04, 3.598629e+04, -7.926141e+03
28.500000, -4.671160e+04, 2.173840e+04, 3.550190e+04, -1.036664e+04
28.600000, -4.598119e+04, 2.175982e+04, 3.490631e+04, -1.037038e+04
28.700000, -4.523533e+04, 2.125350e+04, 3.677635e+04, -1.036323e+04
28.800000, -4.449034e+04, 2.113294e+04, 3.405495e+04, -1.034123e+04
28.900000, -4.372233e+04, 2.098875e+04, 3.337860e+04, -1.034495e+04
29.000000, -4.309090e+04, 2.055264e+04, 3.300240e+04, -1.032593e+04
29.100000, -4.239445e+04, 2.046275e+04, 3.240904e+04, -1.029917e+04
29.200000, -4.172013e+04, 2.010206e+04, 3.193316e+04, -7.996989e+03
29.300000, -4.106494e+04, 1.987559e+04, 3.161287e+04, -1.026141e+04
29.400000, -4.028061e+04, 1.965503e+04, 3.102645e+04, -1.023890e+04
29.500000, -3.978325e+04, 1.944995e+04, 3.057931e+04, -1.021323e+04
29.600000, -3.897286e+04, 1.922293e+04, 3.026540e+04, -1.017642e+04
29.700000, -3.854727e+04, 1.901673e+04, 2.970476e+04, -1.015578e+04
29.800000, -3.795143e+04, 1.880457e+04, 2.928021e+04, -1.012446e+04
29.900000, -3.736430e+04, 1.860831e+04, 2.886629e+04, -1.008436e+04
30.000000, -3.678754e+04, 1.839866e+04, 2.845978e+04, -9.896731e+03
30.100000, -3.622364e+04, 1.819201e+04, 2.806333e+04, -1.001851e+04
30.200000, -3.566868e+04, 1.799284e+04, 2.771942e+04, -9.823630e+03
30.300000, -3.512428e+04, 1.779646e+04, 2.728451e+04, -9.939876e+03
30.400000, -3.458809e+04, 1.760883e+04, 2.691384e+04, -9.898749e+03
30.500000, -3.394818e+04, 1.741161e+04, 2.652745e+04, -9.740688e+03
30.600000, -3.355748e+04, 1.735183e+04, 2.616059e+04, -9.821004e+03
30.700000, -3.305514e+04, 1.703801e+04, 2.580031e+04, -9.777095e+03
30.800000, -3.256131e+04, 1.685187e+04, 2.544654e+04, -9.723825e+03
30.900000, -3.206816e+04, 1.666982e+04, 2.509912e+04, -9.684398e+03
31.000000, -3.159512e+04, 1.664568e+04, 2.475758e+04, -9.643458e+03
31.100000, -3.113414e+04, 1.631795e+04, 2.442169e+04, -9.596575e+03
31.200000, -3.067635e+04, 1.613736e+04, 2.409203e+04, -9.549347e+03
31.300000, -3.022043e+04, 1.596458e+04, 2.377266e+04, -9.501149e+03
31.400000, -2.978388e+04, 1.579320e+04, 2.344807e+04, -9.453179e+03
31.500000, -2.935133e+04, 1.562489e+04, 2.313524e+04, -9.403613e+03
31.600000, -2.892652e+04, 1.545716e+04, 2.282631e+04, -9.354256e+03
31.700000, -2.850822e+04, 1.529655e+04, 2.252309e+04, -9.304080e+03
31.800000, -2.809119e+04, 1.513342e+04, 2.222472e+04, -9.253699e+03
31.900000, -2.769115e+04, 1.496851e+04, 2.203840e+04, -9.201871e+03
32.000000, -2.719412e+04, 1.480944e+04, 2.164307e+04, -9.150896e+03
32.100000, -2.691193e+04, 1.465260e+04, 2.136404e+04, -9.099001e+03
32.200000, -2.653029e+04, 1.449765e+04, 2.108063e+04, -9.046919e+03
32.300000, -2.615550e+04, 1.434466e+04, 2.081038e+04, -8.994472e+03
32.400000, -2.578749e+04, 1.419349e+04, 2.053630e+04, -8.941219e+03
32.500000, -2.542586e+04, 1.404422e+04, 2.027110e+04, -8.888646e+03
32.600000, -2.507005e+04, 1.389694e+04, 2.000971e+04, -8.835417e+03
32.700000, -2.472105e+04, 1.375131e+04, 1.975280e+04, -8.777044e+03
32.800000, -2.437797e+04, 1.360738e+04, 1.950018e+04, -8.728268e+03
32.900000, -2.404144e+04, 1.346525e+04, 1.925122e+04, -8.674563e+03
33.000000, -2.370604e+04, 1.332488e+04, 1.900644e+04, -8.620660e+03
33.100000, -2.338480e+04, 1.318624e+04, 1.876558e+04, -8.566622e+03
33.200000, -2.306495e+04, 1.304953e+04, 1.852856e+04, -8.508732e+03
33.300000, -2.275052e+04, 1.291805e+04, 1.829539e+04, -8.458375e+03
33.400000, -2.244157e+04, 1.278074e+04, 1.806597e+04, -8.404186e+03
33.500000, -2.213782e+04, 1.264839e+04, 1.783984e+04, -8.350049e+03
33.600000, -2.183917e+04, 1.251804e+04, 1.761734e+04, -8.295799e+03
33.700000, -2.154557e+04, 1.238921e+04, 1.739845e+04, -8.241620e+03
33.800000, -2.125705e+04, 1.226190e+04, 1.718314e+04, -8.187353e+03
33.900000, -2.097332e+04, 1.213615e+04, 1.697450e+04, -8.133329e+03
34.000000, -2.069429e+04, 1.201197e+04, 1.676180e+04, -8.079215e+03
34.100000, -2.041995e+04, 1.188928e+04, 1.655615e+04, -8.025222e+03
34.200000, -2.014994e+04, 1.176806e+04, 1.635366e+04, -7.971303e+03
34.300000, -1.988486e+04, 1.164831e+04, 1.615426e+04, -7.917275e+03
34.400000, -1.962391e+04, 1.153002e+04, 1.595791e+04, -7.863775e+03
34.500000, -1.936370e+04, 1.141309e+04, 1.576460e+04, -7.810177e+03
34.600000, -1.911485e+04, 1.129759e+04, 1.557416e+04, -7.756722e+03
34.700000, -1.886647e+04, 1.118352e+04, 1.538665e+04, -7.703415e+03
34.800000, -1.862219e+04, 1.107073e+04, 1.520197e+04, -7.650226e+03
34.900000, -1.838200e+04, 1.095934e+04, 1.502004e+04, -7.597230e+03
35.000000, -1.814557e+04, 1.084928e+04, 1.484087e+04, -7.544406e+03
35.100000, -1.791302e+04, 1.074054e+04, 1.466439e+04, -7.491753e+03
35.200000, -1.768416e+04, 1.063316e+04, 1.449051e+04, -7.439265e+03
35.300000, -1.745900e+04, 1.052692e+04, 1.431923e+04, -7.387016e+03
35.400000, -1.723741e+04, 1.042200e+04, 1.415049e+04, -7.334939e+03
35.500000, -1.701937e+04, 1.031832e+04, 1.398426e+04, -7.283094e+03
35.600000, -1.680478e+04, 1.021606e+04, 1.382045e+04, -7.231448e+03
35.700000, -1.659358e+04, 1.011466e+04, 1.365908e+04, -7.180034e+03
35.800000, -1.638571e+04, 1.001462e+04, 1.350004e+04, -7.128844e+03
35.900000, -1.618114e+04, 9.915768e+03, 1.334334e+04, -7.077895e+03
36.000000, -1.597975e+04, 9.818076e+03, 1.318892e+04, -7.027162e+03
36.100000, -1.578152e+04, 9.721542e+03, 1.303675e+04, -6.976708e+03
36.200000, -1.558636e+04, 9.626144e+03, 1.288677e+04, -6.926486e+03
36.300000, -1.539423e+04, 9.531845e+03, 1.273896e+04, -6.876511e+03
36.400000, -1.520509e+04, 9.438666e+03, 1.259327e+04, -6.826808e+03
36.500000, -1.501885e+04, 9.346585e+03, 1.244968e+04, -6.777361e+03
36.600000, -1.483548e+04, 9.255558e+03, 1.230814e+04, -6.728179e+03
36.700000, -1.465492e+04, 9.165596e+03, 1.216861e+04, -6.679265e+03
36.800000, -1.447712e+04, 9.076689e+03, 1.203107e+04, -6.630619e+03
36.900000, -1.430203e+04, 8.988814e+03, 1.189548e+04, -6.582255e+03
37.000000, -1.412959e+04, 8.901960e+03, 1.176181e+04, -6.534164e+03
37.100000, -1.395977e+04, 8.816115e+03, 1.163002e+04, -6.486352e+03
37.200000, -1.379252e+04, 8.731258e+03, 1.150009e+04, -6.438824e+03
37.300000, -1.362777e+04, 8.647382e+03, 1.137197e+04, -6.391581e+03
37.400000, -1.346550e+04, 8.564476e+03, 1.124564e+04, -6.344620e+03
37.500000, -1.330565e+04, 8.482527e+03, 1.112108e+04, -6.297954e+03
37.600000, -1.314819e+04, 8.401518e+03, 1.099824e+04, -6.251574e+03
37.700000, -1.299307e+04, 8.321438e+03, 1.087711e+04, -6.205485e+03
37.800000, -1.284024e+04, 8.242277e+03, 1.075765e+04, -6.159688e+03
37.900000, -1.268967e+04, 8.164021e+03, 1.063984e+04, -6.114185e+03
38.000000, -1.254132e+04, 8.086663e+03, 1.052364e+04, -6.068979e+03
38.100000, -1.239515e+04, 8.010183e+03, 1.040904e+04, -6.024067e+03
38.200000, -1.225112e+04, 7.934577e+03, 1.029600e+04, -5.979451e+03
38.300000, -1.210919e+04, 7.859830e+03, 1.018450e+04, -5.935132e+03
38.400000, -1.196932e+04, 7.785931e+03, 1.007451e+04, -5.891111e+03
38.500000, -1.183149e+04, 7.712871e+03, 9.966020e+03, -5.847385e+03
38.600000, -1.169564e+04, 7.640637e+03, 9.858987e+03, -5.803962e+03
38.700000, -1.156176e+04, 7.569219e+03, 9.753397e+03, -5.760835e+03
38.800000, -1.142980e+04, 7.498608e+03, 9.649226e+03, -5.718007e+03
38.900000, -1.129974e+04, 7.428790e+03, 9.546450e+03, -5.675477e+03
39.000000, -1.117153e+04, 7.359758e+03, 9.445046e+03, -5.633245e+03
39.100000, -1.104515e+04, 7.291500e+03, 9.344993e+03, -5.591312e+03
39.200000, -1.092057e+04, 7.224007e+03, 9.246269e+03, -5.549676e+03
39.300000, -1.079775e+04, 7.157269e+03, 9.148853e+03, -5.508337e+03
39.400000, -1.067667e+04, 7.091277e+03, 9.052723e+03, -5.467296e+03
39.500000, -1.055730e+04, 7.026020e+03, 8.957860e+03, -5.426552e+03
39.600000, -1.043960e+04, 6.961490e+03, 8.864244e+03, -5.386103e+03
39.700000, -1.032355e+04, 6.897677e+03, 8.771854e+03, -5.345949e+03
39.800000, -1.020912e+04, 6.834570e+03, 8.680671e+03, -5.306090e+03
39.900000, -1.009629e+04, 6.772164e+03, 8.590676e+03, -5.266524e+03
40.000000, -9.985018e+03, 6.710447e+03, 8.501852e+03, -5.227252e+03
40.100000, -9.875292e+03, 6.649411e+03, 8.414178e+03, -5.188271e+03
40.200000, -9.767080e+03, 6.589048e+03, 8.327639e+03, -5.149582e+03
40.300000, -9.660359e+03, 6.529349e+03, 8.242215e+03, -5.111182e+03
40.400000, -9.555103e+03, 6.470305e+03, 8.157889e+03, -5.073072e+03
40.500000, -9.451288e+03, 6.411909e+03, 8.074646e+03, -5.035249e+03
40.600000, -9.348891e+03, 6.354151e+03, 7.992467e+03, -4.997712e+03
40.700000, -9.247888e+03, 6.297025e+03, 7.911337e+03, -4.960462e+03
40.800000, -9.148256e+03, 6.240522e+03, 7.831239e+03, -4.923495e+03
40.900000, -9.049973e+03, 6.184635e+03, 7.752158e+03, -4.886812e+03
41.000000, -8.953017e+03, 6.129355e+03, 7.674078e+03, -4.850410e+03
41.100000, -8.857367e+03, 6.074675e+03, 7.596983e+03, -4.814289e+03
41.200000, -8.763001e+03, 6.020587e+03, 7.520860e+03, -4.778447e+03
41.300000, -8.669899e+03, 5.967084e+03, 7.445694e+03, -4.742882e+03
41.400000, -8.578039e+03, 5.914159e+03, 7.371468e+03, -4.707593e+03
41.500000, -8.487403e+03, 5.861805e+03, 7.298171e+03, -4.672579e+03
41.600000, -8.397971e+03, 5.810014e+03, 7.225787e+03, -4.637839e+03
41.700000, -8.309722e+03, 5.758779e+03, 7.154304e+03, -4.603370e+03
41.800000, -8.222640e+03, 5.708094e+03, 7.083706e+03, -4.569171e+03
41.900000, -8.136704e+03, 5.657952e+03, 7.013983e+03, -4.535241e+03
42.000000, -8.051897e+03, 5.608345e+03, 6.945119e+03, -4.501579e+03
42.100000, -7.968201e+03, 5.559268e+03, 6.877103e+03, -4.468182e+03
42.200000, -7.885599e+03, 5.510713e+03, 6.809922e+03, -4.435049e+03
42.300000, -7.804073e+03, 5.462675e+03, 6.743564e+03, -4.402178e+03
42.400000, -7.723606e+03, 5.415147e+03, 6.678017e+03, -4.369568e+03
42.500000, -7.644182e+03, 5.368122e+03, 6.613268e+03, -4.337218e+03
42.600000, -7.565785e+03, 5.321595e+03, 6.549306e+03, -4.305125e+03
42.700000, -7.488398e+03, 5.275559e+03, 6.486120e+03, -4.273288e+03
42.800000, -7.412007e+03, 5.230008e+03, 6.423697e+03, -4.241706e+03
42.900000, -7.336595e+03, 5.184937e+03, 6.362028e+03, -4.210376e+03
43.000000, -7.262147e+03, 5.140339e+03, 6.301101e+03, -4.179297e+03
43.100000, -7.188649e+03, 5.096209e+03, 6.240905e+03, -4.148468e+03
43.200000, -7.116086e+03, 5.052541e+03, 6.181430e+03, -4.117886e+03
43.300000, -7.044444e+03, 5.009329e+03, 6.122666e+03, -4.087550e+03
43.400000, -6.973708e+03, 4.966568e+03, 6.064601e+03, -4.057459e+03
43.500000, -6.903866e+03, 4.924253e+03, 6.007227e+03, -4.027610e+03
43.600000, -6.834903e+03, 4.882377e+03, 5.950533e+03, -3.998002e+03
43.700000, -6.766805e+03, 4.840936e+03, 5.894510e+03, -3.968633e+03
43.800000, -6.699561e+03, 4.799924e+03, 5.839148e+03, -3.939502e+03
43.900000, -6.633157e+03, 4.759336e+03, 5.784437e+03, -3.910606e+03
44.000000, -6.567580e+03, 4.719167e+03, 5.730369e+03, -3.881945e+03
44.100000, -6.502819e+03, 4.679412e+03, 5.676934e+03, -3.853516e+03
44.200000, -6.438860e+03, 4.640067e+03, 5.624123e+03, -3.825318e+03
44.300000, -6.375692e+03, 4.601125e+03, 5.571929e+03, -3.797349e+03
44.400000, -6.313304e+03, 4.562582e+03, 5.520341e+03, -3.769607e+03
44.500000, -6.251682e+03, 4.524434e+03, 5.469352e+03, -3.742091e+03
44.600000, -6.190818e+03, 4.486676e+03, 5.418952e+03, -3.714799e+03
44.700000, -6.130698e+03, 4.449303e+03, 5.369135e+03, -3.687729e+03
44.800000, -6.071312e+03, 4.412311e+03, 5.319892e+03, -3.660879e+03
44.900000, -6.012649e+03, 4.375694e+03, 5.271215e+03, -3.634249e+03
45.000000, -5.954700e+03, 4.339449e+03, 5.223096e+03, -3.607835e+03
45.100000, -5.897452e+03, 4.303571e+03, 5.175527e+03, -3.581637e+03
45.200000, -5.840896e+03, 4.268056e+03, 5.128501e+03, -3.555653e+03
45.300000, -5.785023e+03, 4.232899e+03, 5.082011e+03, -3.529881e+03
45.400000, -5.729821e+03, 4.198097e+03, 5.036048e+03, -3.504319e+03
45.500000, -5.675281e+03, 4.163645e+03, 4.990607e+03, -3.478966e+03
45.600000, -5.621395e+03, 4.129539e+03, 4.945679e+03, -3.453820e+03
45.700000, -5.568151e+03, 4.095775e+03, 4.901258e+03, -3.428880e+03
45.800000, -5.515542e+03, 4.062349e+03, 4.857337e+03, -3.404143e+03
45.900000, -5.463557e+03, 4.029256e+03, 4.813909e+03, -3.379609e+03
46.000000, -5.412189e+03, 3.996494e+03, 4.770968e+03, -3.355275e+03
46.100000, -5.361428e+03, 3.964058e+03, 4.728507e+03, -3.331141e+03
46.200000, -5.311265e+03, 3.931945e+03, 4.686519e+03, -3.307203e+03
46.300000, -5.261693e+03, 3.900150e+03, 4.644999e+03, -3.283461e+03
46.400000, -5.212702e+03, 3.868671e+03, 4.603939e+03, -3.259914e+03
46.500000, -5.164285e+03, 3.837502e+03, 4.563334e+03, -3.236558e+03
46.600000, -5.116433e+03, 3.806642e+03, 4.523178e+03, -3.213394e+03
46.700000, -5.069138e+03, 3.776085e+03, 4.483465e+03, -3.190419e+03
46.800000, -5.022393e+03, 3.745830e+03, 4.444189e+03, -3.167632e+03
46.900000, -4.976191e+03, 3.715871e+03, 4.405343e+03, -3.145032e+03
47.000000, -4.930522e+03, 3.686207e+03, 4.366924e+03, -3.122616e+03
47.100000, -4.885380e+03, 3.656832e+03, 4.328924e+03, -3.100383e+03
47.200000, -4.840759e+03, 3.627745e+03, 4.291338e+03, -3.078332e+03
47.300000, -4.796649e+03, 3.598942e+03, 4.254161e+03, -3.056461e+03
47.400000, -4.753045e+03, 3.570419e+03, 4.217388e+03, -3.034768e+03
47.500000, -4.709939e+03, 3.542173e+03, 4.181013e+03, -3.013253e+03
47.600000, -4.667325e+03, 3.514202e+03, 4.145031e+03, -2.991914e+03
47.700000, -4.625195e+03, 3.486501e+03, 4.109438e+03, -2.970748e+03
47.800000, -4.583543e+03, 3.459069e+03, 4.074227e+03, -2.949756e+03
47.900000, -4.542364e+03, 3.431902e+03, 4.039394e+03, -2.928934e+03
48.000000, -4.501649e+03, 3.404996e+03, 4.004934e+03, -2.908283e+03
48.100000, -4.461393e+03, 3.378349e+03, 3.970842e+03, -2.887799e+03
48.200000, -4.421590e+03, 3.351959e+03, 3.937115e+03, -2.867483e+03
48.300000, -4.382233e+03, 3.325821e+03, 3.903745e+03, -2.847332e+03
48.400000, -4.343317e+03, 3.299934e+03, 3.870731e+03, -2.827346e+03
48.500000, -4.304835e+03, 3.274294e+03, 3.838066e+03, -2.807522e+03
48.600000, -4.266782e+03, 3.248899e+03, 3.805746e+03, -2.787859e+03
48.700000, -4.229152e+03, 3.223746e+03, 3.773767e+03, -2.768357e+03
48.800000, -4.191939e+03, 3.198831e+03, 3.742125e+03, -2.749013e+03
48.900000, -4.155138e+03, 3.174154e+03, 3.710816e+03, -2.729826e+03
49.000000, -4.118743e+03, 3.149710e+03, 3.679834e+03, -2.710795e+03
49.100000, -4.082749e+03, 3.125498e+03, 3.649176e+03, -2.691919e+03
49.200000, -4.047151e+03, 3.101514e+03, 3.618839e+03, -2.673196e+03
49.300000, -4.011942e+03, 3.077756e+03, 3.588817e+03, -2.654625e+03
49.400000, -3.977119e+03, 3.054222e+03, 3.559107e+03, -2.636204e+03
49.500000, -3.942676e+03, 3.030910e+03, 3.529705e+03, -2.617933e+03
49.600000, -3.908608e+03, 3.007816e+03, 3.500608e+03, -2.599809e+03
49.700000, -3.874911e+03, 2.984938e+03, 3.471811e+03, -2.581832e+03
49.800000, -3.841578e+03, 2.962274e+03, 3.443310e+03, -2.564001e+03
49.900000, -3.808606e+03, 2.939822e+03, 3.415103e+03, -2.546314e+03
50.000000, -3.775990e+03, 2.917579e+03, 3.387185e+03, -2.528770e+03
50.100000, -3.743725e+03, 2.895543e+03, 3.359553e+03, -2.511367e+03
50.200000, -3.711807e+03, 2.873712e+03, 3.332203e+03, -2.494105e+03
50.300000, -3.680230e+03, 2.852083e+03, 3.305132e+03, -2.476982e+03
50.400000, -3.648992e+03, 2.830654e+03, 3.278337e+03, -2.459998e+03
50.500000, -3.618087e+03, 2.809423e+03, 3.251814e+03, -2.443149e+03
50.600000, -3.587511e+03, 2.788389e+03, 3.225559e+03, -2.426437e+03
50.700000, -3.557260e+03, 2.767548e+03, 3.199570e+03, -2.409859e+03
50.800000, -3.527330e+03, 2.746899e+03, 3.173843e+03, -2.393414e+03
50.900000, -3.497716e+03, 2.726439e+03, 3.148376e+03, -2.377101e+03
51.000000, -3.468415e+03, 2.706167e+03, 3.123164e+03, -2.360919e+03
51.100000, -3.439422e+03, 2.686081e+03, 3.098205e+03, -2.344867e+03
51.200000, -3.410734e+03, 2.666178e+03, 3.073496e+03, -2.328943e+03
51.300000, -3.382347e+03, 2.646457e+03, 3.049034e+03, -2.313147e+03
51.400000, -3.354257e+03, 2.626915e+03, 3.024816e+03, -2.297478e+03
51.500000, -3.326460e+03, 2.607551e+03, 3.000839e+03, -2.281933e+03
51.600000, -3.298953e+03, 2.588363e+03, 2.977099e+03, -2.266513e+03
51.700000, -3.271732e+03, 2.569348e+03, 2.953595e+03, -2.251216e+03
51.800000, -3.244793e+03, 2.550506e+03, 2.930324e+03, -2.236041e+03
51.900000, -3.218133e+03, 2.531834e+03, 2.907282e+03, -2.220987e+03
52.000000, -3.191749e+03, 2.513330e+03, 2.884467e+03, -2.206053e+03
52.100000, -3.165636e+03, 2.494993e+03, 2.861876e+03, -2.191237e+03
52.200000, -3.139792e+03, 2.476821e+03, 2.839507e+03, -2.176539e+03
52.300000, -3.114213e+03, 2.458812e+03, 2.817357e+03, -2.161959e+03
52.400000, -3.088896e+03, 2.440964e+03, 2.795423e+03, -2.147493e+03
52.500000, -3.063838e+03, 2.423276e+03, 2.773703e+03, -2.133143e+03
52.600000, -3.039035e+03, 2.405745e+03, 2.752194e+03, -2.118906e+03
52.700000, -3.014485e+03, 2.388371e+03, 2.730895e+03, -2.104782e+03
52.800000, -2.990184e+03, 2.371152e+03, 2.709801e+03, -2.090770e+03
52.900000, -2.966129e+03, 2.354086e+03, 2.688912e+03, -2.076869e+03
53.000000, -2.942318e+03, 2.337171e+03, 2.668225e+03, -2.063077e+03
53.100000, -2.918747e+03, 2.320406e+03, 2.647736e+03, -2.049394e+03
53.200000, -2.895413e+03, 2.303789e+03, 2.627445e+03, -2.035820e+03
53.300000, -2.872314e+03, 2.287319e+03, 2.607349e+03, -2.022352e+03
53.400000, -2.849447e+03, 2.270994e+03, 2.587445e+03, -2.008990e+03
53.500000, -2.826808e+03, 2.254812e+03, 2.567731e+03, -1.995733e+03
53.600000, -2.804396e+03, 2.238773e+03, 2.548205e+03, -1.982580e+03
53.700000, -2.782207e+03, 2.222875e+03, 2.528865e+03, -1.969531e+03
53.800000, -2.760238e+03, 2.207116e+03, 2.509709e+03, -1.956584e+03
53.900000, -2.738488e+03, 2.191494e+03, 2.490735e+03, -1.943738e+03
54.000000, -2.716953e+03, 2.176009e+03, 2.471940e+03, -1.930993e+03
54.100000, -2.695631e+03, 2.160659e+03, 2.453323e+03, -1.918348e+03
54.200000, -2.674520e+03, 2.145442e+03, 2.434882e+03, -1.905801e+03
54.300000, -2.653616e+03, 2.130358e+03, 2.416614e+03, -1.893352e+03
54.400000, -2.632918e+03, 2.115404e+03, 2.398517e+03, -1.881001e+03
54.500000, -2.612422e+03, 2.100580e+03, 2.380591e+03, -1.868746e+03
54.600000, -2.592127e+03, 2.085884e+03, 2.362832e+03, -1.856586e+03
54.700000, -2.572031e+03, 2.071315e+03, 2.345239e+03, -1.844521e+03
54.800000, -2.552130e+03, 2.056872e+03, 2.327810e+03, -1.832549e+03
54.900000, -2.532423e+03, 2.042552e+03, 2.310543e+03, -1.820670e+03
55.000000, -2.512907e+03, 2.028356e+03, 2.293436e+03, -1.808884e+03
55.100000, -2.493580e+03, 2.014282e+03, 2.276488e+03, -1.797189e+03
55.200000, -2.474440e+03, 2.000328e+03, 2.259697e+03, -1.785584e+03
55.300000, -2.455485e+03, 1.986493e+03, 2.243061e+03, -1.774069e+03
55.400000, -2.436712e+03, 1.972777e+03, 2.226579e+03, -1.762643e+03
55.500000, -2.418120e+03, 1.959177e+03, 2.210248e+03, -1.751305e+03
55.600000, -2.399706e+03, 1.945693e+03, 2.194067e+03, -1.740055e+03
55.700000, -2.381468e+03, 1.932324e+03, 2.178034e+03, -1.728891e+03
55.800000, -2.363404e+03, 1.919068e+03, 2.162148e+03, -1.717813e+03
55.900000, -2.345513e+03, 1.905925e+03, 2.146407e+03, -1.706820e+03
56.000000, -2.327792e+03, 1.892892e+03, 2.130809e+03, -1.695911e+03
56.100000, -2.310239e+03, 1.879970e+03, 2.115354e+03, -1.685087e+03
56.200000, -2.292853e+03, 1.867157e+03, 2.100038e+03, -1.674345e+03
56.300000, -2.275631e+03, 1.854451e+03, 2.084862e+03, -1.663685e+03
56.400000, -2.258571e+03, 1.841852e+03, 2.069823e+03, -1.653107e+03
56.500000, -2.241672e+03, 1.829359e+03, 2.054920e+03, -1.642609e+03
56.600000, -2.224932e+03, 1.816971e+03, 2.040151e+03, -1.632192e+03
56.700000, -2.208350e+03, 1.804686e+03, 2.025515e+03, -1.621854e+03
56.800000, -2.191922e+03, 1.792504e+03, 2.011011e+03, -1.611595e+03
56.900000, -2.175649e+03, 1.780424e+03, 1.996636e+03, -1.601414e+03
57.000000, -2.159527e+03, 1.768444e+03, 1.982390e+03, -1.591310e+03
57.100000, -2.143555e+03, 1.756564e+03, 1.968272e+03, -1.581283e+03
57.200000, -2.127731e+03, 1.744782e+03, 1.954279e+03, -1.571332e+03
57.300000, -2.112055e+03, 1.733098e+03, 1.940411e+03, -1.561456e+03
57.400000, -2.096523e+03, 1.721511e+03, 1.926666e+03, -1.551655e+03
57.500000, -2.081136e+03, 1.710020e+03, 1.913043e+03, -1.541928e+03
57.600000, -2.065890e+03, 1.698623e+03, 1.899541e+03, -1.532275e+03
57.700000, -2.050784e+03, 1.687320e+03, 1.886158e+03, -1.522694e+03
57.800000, -2.035817e+03, 1.676110e+03, 1.872893e+03, -1.513185e+03
57.900000, -2.020988e+03, 1.664992e+03, 1.859744e+03, -1.503748e+03
58.000000, -2.006294e+03, 1.653965e+03, 1.846712e+03, -1.494382e+03
58.100000, -1.991735e+03, 1.643029e+03, 1.833793e+03, -1.485087e+03
58.200000, -1.977308e+03, 1.632182e+03, 1.820988e+03, -1.475861e+03
58.300000, -1.963013e+03, 1.621424e+03, 1.808295e+03, -1.466704e+03
58.400000, -1.948847e+03, 1.610753e+03, 1.795712e+03, -1.457616e+03
58.500000, -1.934810e+03, 1.600169e+03, 1.783239e+03, -1.448596e+03
58.600000, -1.920900e+03, 1.589671e+03, 1.770875e+03, -1.439643e+03
58.700000, -1.907116e+03, 1.579258e+03, 1.758618e+03, -1.430757e+03
58.800000, -1.893456e+03, 1.568929e+03, 1.746467e+03, -1.421937e+03
58.900000, -1.879919e+03, 1.558684e+03, 1.734421e+03, -1.413183e+03
59.000000, -1.866504e+03, 1.548522e+03, 1.722479e+03, -1.404494e+03
59.100000, -1.853209e+03, 1.538441e+03, 1.710640e+03, -1.395870e+03
59.200000, -1.840033e+03, 1.528442e+03, 1.698903e+03, -1.387310e+03
59.300000, -1.826975e+03, 1.518523e+03, 1.687266e+03, -1.378813e+03
59.400000, -1.814033e+03, 1.508684e+03, 1.675730e+03, -1.370379e+03
59.500000, -1.801206e+03, 1.498924e+03, 1.664292e+03, -1.362007e+03
59.600000, -1.788494e+03, 1.489241e+03, 1.652952e+03, -1.353698e+03
59.700000, -1.775894e+03, 1.479636e+03, 1.641708e+03, -1.345449e+03
59.800000, -1.763406e+03, 1.470108e+03, 1.630561e+03, -1.337262e+03
59.900000, -1.751028e+03, 1.460656e+03, 1.619508e+03, -1.329135e+03
60.000000, -1.738759e+03, 1.451278e+03, 1.608548e+03, -1.321067e+03
60.100000, -1.726598e+03, 1.441976e+03, 1.597682e+03, -1.313059e+03
60.200000, -1.714544e+03, 1.432747e+03, 1.586908e+03, -1.305110e+03
60.300000, -1.702596e+03, 1.423591e+03, 1.576224e+03, -1.297219e+03
60.400000, -1.690752e+03, 1.414507e+03, 1.565631e+03, -1.289386e+03
60.500000, -1.679012e+03, 1.405495e+03, 1.555126e+03, -1.281610e+03
60.600000, -1.667375e+03, 1.396555e+03, 1.544710e+03, -1.273891e+03
60.700000, -1.655839e+03, 1.387684e+03, 1.534381e+03, -1.266228e+03
60.800000, -1.644403e+03, 1.378884e+03, 1.524139e+03, -1.258621e+03
60.900000, -1.633066e+03, 1.370152e+03, 1.513982e+03, -1.251070e+03
61.000000, -1.621827e+03, 1.361489e+03, 1.503910e+03, -1.243573e+03
61.100000, -1.610686e+03, 1.352894e+03, 1.493922e+03, -1.236131e+03
61.200000, -1.599641e+03, 1.344366e+03, 1.484017e+03, -1.228743e+03
61.300000, -1.588691e+03, 1.335904e+03, 1.474194e+03, -1.221408e+03
61.400000, -1.577835e+03, 1.327508e+03, 1.464452e+03, -1.214127e+03
61.500000, -1.567072e+03, 1.319178e+03, 1.454791e+03, -1.206898e+03
61.600000, -1.556402e+03, 1.310912e+03, 1.445210e+03, -1.199722e+03
61.700000, -1.545823e+03, 1.302711e+03, 1.435708e+03, -1.192597e+03
61.800000, -1.535334e+03, 1.294573e+03, 1.426284e+03, -1.185524e+03
61.900000, -1.524935e+03, 1.286498e+03, 1.416937e+03, -1.178502e+03
62.000000, -1.514624e+03, 1.278485e+03, 1.407668e+03, -1.171530e+03
62.100000, -1.504400e+03, 1.270534e+03, 1.398474e+03, -1.164608e+03
62.200000, -1.494264e+03, 1.262645e+03, 1.389355e+03, -1.157736e+03
62.300000, -1.484213e+03, 1.254816e+03, 1.380310e+03, -1.150913e+03
62.400000, -1.474247e+03, 1.247047e+03, 1.371340e+03, -1.144140e+03
62.500000, -1.464365e+03, 1.239337e+03, 1.362442e+03, -1.137414e+03
62.600000, -1.454567e+03, 1.231687e+03, 1.353616e+03, -1.130737e+03
62.700000, -1.444851e+03, 1.224095e+03, 1.344862e+03, -1.124107e+03
62.800000, -1.435216e+03, 1.216561e+03, 1.336179e+03, -1.117525e+03
62.900000, -1.425662e+03, 1.209085e+03, 1.327566e+03, -1.110989e+03
63.000000, -1.416188e+03, 1.201665e+03, 1.319023e+03, -1.104500e+03
63.100000, -1.406793e+03, 1.194302e+03, 1.310548e+03, -1.098057e+03
63.200000, -1.397476e+03, 1.186995e+03, 1.302142e+03, -1.091660e+03
63.300000, -1.388237e+03, 1.179743e+03, 1.293803e+03, -1.085308e+03
63.400000, -1.379075e+03, 1.172546e+03, 1.285530e+03, -1.079001e+03
63.500000, -1.369988e+03, 1.165403e+03, 1.277324e+03, -1.072739e+03
63.600000, -1.360977e+03, 1.158315e+03, 1.269184e+03, -1.066521e+03
63.700000, -1.352040e+03, 1.151279e+03, 1.261108e+03, -1.060347e+03
63.800000, -1.343177e+03, 1.144297e+03, 1.253097e+03, -1.054216e+03
63.900000, -1.334387e+03, 1.137367e+03, 1.245150e+03, -1.048129e+03
64.000000, -1.325669e+03, 1.130489e+03, 1.237265e+03, -1.042084e+03
64.100000, -1.317023e+03, 1.123663e+03, 1.229443e+03, -1.036082e+03
64.200000, -1.308447e+03, 1.116887e+03, 1.221683e+03, -1.030122e+03
64.300000, -1.299942e+03, 1.110163e+03, 1.213984e+03, -1.024204e+03
64.400000, -1.291506e+03, 1.103488e+03, 1.206346e+03, -1.018327e+03
64.500000, -1.283139e+03, 1.096863e+03, 1.198768e+03, -1.012491e+03
64.600000, -1.274840e+03, 1.090288e+03, 1.191250e+03, -1.006696e+03
64.700000, -1.266609e+03, 1.083761e+03, 1.183790e+03, -1.000942e+03
64.800000, -1.258444e+03, 1.077283e+03, 1.176389e+03, -9.952276e+02
64.900000, -1.250345e+03, 1.070852e+03, 1.169046e+03, -9.895530e+02
65.000000, -1.242312e+03, 1.064470e+03, 1.161761e+03, -9.839179e+02
65.100000, -1.234344e+03, 1.058134e+03, 1.154532e+03, -9.783219e+02
65.200000, -1.226440e+03, 1.051845e+03, 1.147359e+03, -9.727648e+02
65.300000, -1.218599e+03, 1.045602e+03, 1.140242e+03, -9.672461e+02
65.400000, -1.210821e+03, 1.039406e+03, 1.133181e+03, -9.617657e+02
65.500000, -1.203106e+03, 1.033255e+03, 1.126174e+03, -9.563231e+02
65.600000, -1.195453e+03, 1.027149e+03, 1.119221e+03, -9.509182e+02
65.700000, -1.187860e+03, 1.021088e+03, 1.112323e+03, -9.455505e+02
65.800000, -1.180328e+03, 1.015071e+03, 1.105477e+03, -9.402198e+02
65.900000, -1.172857e+03, 1.009098e+03, 1.098684e+03, -9.349258e+02
66.000000, -1.165444e+03, 1.003168e+03, 1.091943e+03, -9.296682e+02
66.100000, -1.158090e+03, 9.972821e+02, 1.085254e+03, -9.244466e+02
66.200000, -1.150795e+03, 9.914387e+02, 1.078616e+03, -9.192609e+02
66.300000, -1.143557e+03, 9.856378e+02, 1.072030e+03, -9.141107e+02
66.400000, -1.136377e+03, 9.798790e+02, 1.065493e+03, -9.089958e+02
66.500000, -1.129253e+03, 9.741618e+02, 1.059006e+03, -9.039158e+02
66.600000, -1.122185e+03, 9.684861e+02, 1.052569e+03, -8.988705e+02
66.700000, -1.115173e+03, 9.628513e+02, 1.046181e+03, -8.938596e+02
66.800000, -1.108216e+03, 9.572572e+02, 1.039841e+03, -8.888829e+02
66.900000, -1.101313e+03, 9.517034e+02, 1.033549e+03, -8.839400e+02
67.000000, -1.094465e+03, 9.461896e+02, 1.027305e+03, -8.790307e+02
67.100000, -1.087669e+03, 9.407154e+02, 1.021108e+03, -8.741547e+02
67.200000, -1.080927e+03, 9.352804e+02, 1.014958e+03, -8.693118e+02
67.300000, -1.074238e+03, 9.298844e+02, 1.008855e+03, -8.645017e+02
67.400000, -1.067600e+03, 9.245270e+02, 1.002797e+03, -8.597241e+02
67.500000, -1.061014e+03, 9.192079e+02, 9.967846e+02, -8.549789e+02
67.600000, -1.054478e+03, 9.139267e+02, 9.908174e+02, -8.502656e+02
67.700000, -1.047994e+03, 9.086832e+02, 9.848949e+02, -8.455842e+02
67.800000, -1.041559e+03, 9.034770e+02, 9.790167e+02, -8.409342e+02
67.900000, -1.035174e+03, 8.983077e+02, 9.731824e+02, -8.363156e+02
68.000000, -1.028838e+03, 8.931752e+02, 9.673916e+02, -8.317280e+02
68.100000, -1.022551e+03, 8.880790e+02, 9.616440e+02, -8.271712e+02
68.200000, -1.016312e+03, 8.830189e+02, 9.559390e+02, -8.226449e+02
68.300000, -1.010121e+03, 8.779945e+02, 9.502764e+02, -8.181490e+02
68.400000, -1.003978e+03, 8.730056e+02, 9.446558e+02, -8.136831e+02
68.500000, -9.978809e+02, 8.680519e+02, 9.390767e+02, -8.092471e+02
68.600000, -9.918306e+02, 8.631330e+02, 9.335389e+02, -8.048406e+02
68.700000, -9.858264e+02, 8.582487e+02, 9.280420e+02, -8.004636e+02
68.800000, -9.798679e+02, 8.533987e+02, 9.225855e+02, -7.961157e+02
68.900000, -9.739545e+02, 8.485827e+02, 9.171692e+02, -7.917967e+02
69.000000, -9.680860e+02, 8.438004e+02, 9.117926e+02, -7.875065e+02
69.100000, -9.622619e+02, 8.390515e+02, 9.064555e+02, -7.832447e+02
69.200000, -9.564817e+02, 8.343358e+02, 9.011575e+02, -7.790111e+02
69.300000, -9.507452e+02, 8.296530e+02, 8.958982e+02, -7.748056e+02
69.400000, -9.450519e+02, 8.250028e+02, 8.906773e+02, -7.706279e+02
69.500000, -9.394014e+02, 8.203849e+02, 8.854945e+02, -7.664778e+02
69.600000, -9.337933e+02, 8.157991e+02, 8.803494e+02, -7.623551e+02
69.700000, -9.282272e+02, 8.112451e+02, 8.752417e+02, -7.582595e+02
69.800000, -9.227028e+02, 8.067227e+02, 8.701711e+02, -7.541909e+02
69.900000, -9.172197e+02, 8.022315e+02, 8.651373e+02, -7.501491e+02
70.000000, -9.117775e+02, 7.977713e+02, 8.601399e+02, -7.461338e+02
70.100000, -9.063758e+02, 7.933420e+02, 8.551786e+02, -7.421449e+02
70.200000, -9.010143e+02, 7.889431e+02, 8.502531e+02, -7.381821e+02
70.300000, -8.956927e+02, 7.845745e+02, 8.453631e+02, -7.342452e+02
70.400000, -8.904104e+02, 7.802360e+02, 8.405083e+02, -7.303341e+02
70.500000, -8.851673e+02, 7.759272e+02, 8.356883e+02, -7.264485e+02
70.600000, -8.799630e+02, 7.716479e+02, 8.309030e+02, -7.225883e+02
70.700000, -8.747971e+02, 7.673980e+02, 8.261519e+02, -7.187533e+02
70.800000, -8.696692e+02, 7.631770e+02, 8.214349e+02, -7.149431e+02
70.900000, -8.645791e+02, 7.589849e+02, 8.167515e+02, -7.111578e+02
71.000000, -8.595264e+02, 7.548214e+02, 8.121015e+02, -7.073971e+02
71.100000, -8.545108e+02, 7.506863e+02, 8.074847e+02, -7.036607e+02
71.200000, -8.495319e+02, 7.465792e+02, 8.029007e+02, -6.999485e+02
71.300000, -8.445894e+02, 7.425001e+02, 7.983492e+02, -6.962604e+02
71.400000, -8.396830e+02, 7.384486e+02, 7.938301e+02, -6.925961e+02
71.500000, -8.348124e+02, 7.344246e+02, 7.893429e+02, -6.889555e+02
71.600000, -8.299772e+02, 7.304278e+02, 7.848875e+02, -6.853384e+02
71.700000, -8.251772e+02, 7.264579e+02, 7.804635e+02, -6.817446e+02
71.800000, -8.204121e+02, 7.225149e+02, 7.760708e+02, -6.781739e+02
71.900000, -8.156815e+02, 7.185985e+02, 7.717090e+02, -6.746261e+02
72.000000, -8.109852e+02, 7.147084e+02, 7.673778e+02, -6.711011e+02
72.100000, -8.063228e+02, 7.108444e+02, 7.630771e+02, -6.675988e+02
72.200000, -8.016940e+02, 7.070064e+02, 7.588065e+02, -6.641189e+02
72.300000, -7.970986e+02, 7.031941e+02, 7.545658e+02, -6.606612e+02
72.400000, -7.925363e+02, 6.994073e+02, 7.503547e+02, -6.572257e+02
72.500000, -7.880067e+02, 6.956458e+02, 7.461731e+02, -6.538121e+02
72.600000, -7.835097e+02, 6.919095e+02, 7.420206e+02, -6.504203e+02
72.700000, -7.790448e+02, 6.881981e+02, 7.378970e+02, -6.470501e+02
72.800000, -7.746119e+02, 6.845114e+02, 7.338021e+02, -6.437013e+02
72.900000, -7.702107e+02, 6.808492e+02, 7.297356e+02, -6.403738e+02
73.000000, -7.658408e+02, 6.772113e+02, 7.256973e+02, -6.370675e+02
73.100000, -7.615021e+02, 6.735976e+02, 7.216870e+02, -6.337821e+02
73.200000, -7.571942e+02, 6.700078e+02, 7.177044e+02, -6.305176e+02
73.300000, -7.529170e+02, 6.664418e+02, 7.137493e+02, -6.272737e+02
73.400000, -7.486700e+02, 6.628993e+02, 7.098214e+02, -6.240503e+02
73.500000, -7.444531e+02, 6.593802e+02, 7.059206e+02, -6.208473e+02
73.600000, -7.402661e+02, 6.558844e+02, 7.020466e+02, -6.176645e+02
73.700000, -7.361086e+02, 6.524115e+02, 6.981992e+02, -6.145017e+02
73.800000, -7.319804e+02, 6.489614e+02, 6.943781e+02, -6.113589e+02
73.900000, -7.278813e+02, 6.455341e+02, 6.905833e+02, -6.082358e+02
74.000000, -7.238110e+02, 6.421292e+02, 6.868143e+02, -6.051323e+02
74.100000, -7.197692e+02, 6.387466e+02, 6.830711e+02, -6.020483e+02
74.200000, -7.157558e+02, 6.353861e+02, 6.793535e+02, -5.989836e+02
74.300000, -7.117705e+02, 6.320476e+02, 6.756611e+02, -5.959380e+02
74.400000, -7.078130e+02, 6.287309e+02, 6.719938e+02, -5.929116e+02
74.500000, -7.038832e+02, 6.254358e+02, 6.683515e+02, -5.899040e+02
74.600000, -6.999807e+02, 6.221621e+02, 6.647338e+02, -5.869152e+02
74.700000, -6.961054e+02, 6.189097e+02, 6.611406e+02, -5.839450e+02
74.800000, -6.922570e+02, 6.156785e+02, 6.575717e+02, -5.809933e+02
74.900000, -6.884353e+02, 6.124682e+02, 6.540270e+02, -5.780599e+02
75.000000, -6.846401e+02, 6.092787e+02, 6.505061e+02, -5.751448e+02
75.100000, -6.808712e+02, 6.061098e+02, 6.470089e+02, -5.722477e+02
75.200000, -6.771282e+02, 6.029614e+02, 6.435353e+02, -5.693686e+02
75.300000, -6.734112e+02, 5.998333e+02, 6.400850e+02, -5.665073e+02
75.400000, -6.697197e+02, 5.967254e+02, 6.366578e+02, -5.636637e+02
75.500000, -6.660536e+02, 5.936375e+02, 6.332536e+02, -5.608377e+02
75.600000, -6.624127e+02, 5.905694e+02, 6.298721e+02, -5.580291e+02
75.700000, -6.587968e+02, 5.875210e+02, 6.265133e+02, -5.552378e+02
75.800000, -6.552056e+02, 5.844922e+02, 6.231768e+02, -5.524637e+02
75.900000, -6.516391e+02, 5.814828e+02, 6.198626e+02, -5.497066e+02
76.000000, -6.480968e+02, 5.784926e+02, 6.165704e+02, -5.469665e+02
76.100000, -6.445788e+02, 5.755215e+02, 6.133001e+02, -5.442432e+02
76.200000, -6.410847e+02, 5.725694e+02, 6.100515e+02, -5.415365e+02
76.300000, -6.376144e+02, 5.696361e+02, 6.068245e+02, -5.388465e+02
76.400000, -6.341676e+02, 5.667215e+02, 6.036187e+02, -5.361728e+02
76.500000, -6.307443e+02, 5.638254e+02, 6.004342e+02, -5.335156e+02
76.600000, -6.273441e+02, 5.609477e+02, 5.972707e+02, -5.308745e+02
76.700000, -6.239669e+02, 5.580883e+02, 5.941280e+02, -5.282495e+02
76.800000, -6.206125e+02, 5.552469e+02, 5.910060e+02, -5.256405e+02
76.900000, -6.172808e+02, 5.524236e+02, 5.879045e+02, -5.230474e+02
77.000000, -6.139715e+02, 5.496180e+02, 5.848234e+02, -5.204700e+02
77.100000, -6.106845e+02, 5.468302e+02, 5.817625e+02, -5.179082e+02
77.200000, -6.074196e+02, 5.440600e+02, 5.787217e+02, -5.153620e+02
77.300000, -6.041765e+02, 5.413071e+02, 5.757007e+02, -5.128312e+02
77.400000, -6.009552e+02, 5.385716e+02, 5.726994e+02, -5.103157e+02
77.500000, -5.977555e+02, 5.358533e+02, 5.697177e+02, -5.078155e+02
77.600000, -5.945771e+02, 5.331520e+02, 5.667554e+02, -5.053303e+02
77.700000, -5.914199e+02, 5.304677e+02, 5.638124e+02, -5.028600e+02
77.800000, -5.882838e+02, 5.278001e+02, 5.608885e+02, -5.004047e+02
77.900000, -5.851685e+02, 5.251492e+02, 5.579836e+02, -4.979641e+02
78.000000, -5.820739e+02, 5.225149e+02, 5.550975e+02, -4.955382e+02
78.100000, -5.789999e+02, 5.198969e+02, 5.522301e+02, -4.931269e+02
78.200000, -5.759463e+02, 5.172953e+02, 5.493811e+02, -4.907300e+02
78.300000, -5.729128e+02, 5.147099e+02, 5.465506e+02, -4.883475e+02
78.400000, -5.698994e+02, 5.121405e+02, 5.437383e+02, -4.859792e+02
78.500000, -5.669059e+02, 5.095870e+02, 5.409441e+02, -4.836251e+02
78.600000, -5.639321e+02, 5.070494e+02, 5.381679e+02, -4.812850e+02
78.700000, -5.609779e+02, 5.045275e+02, 5.354095e+02, -4.789589e+02
78.800000, -5.580431e+02, 5.020212e+02, 5.326688e+02, -4.766466e+02
78.900000, -5.551276e+02, 4.995303e+02, 5.299456e+02, -4.743481e+02
79.000000, -5.522312e+02, 4.970548e+02, 5.272398e+02, -4.720633e+02
79.100000, -5.493537e+02, 4.945946e+02, 5.245513e+02, -4.697920e+02
79.200000, -5.464951e+02, 4.921494e+02, 5.218800e+02, -4.675342e+02
79.300000, -5.436551e+02, 4.897194e+02, 5.192257e+02, -4.652898e+02
79.400000, -5.408337e+02, 4.873042e+02, 5.165882e+02, -4.630587e+02
79.500000, -5.380306e+02, 4.849038e+02, 5.139675e+02, -4.608407e+02
79.600000, -5.352457e+02, 4.825181e+02, 5.113635e+02, -4.586359e+02
79.700000, -5.324790e+02, 4.801471e+02, 5.087759e+02, -4.564440e+02
79.800000, -5.297302e+02, 4.777905e+02, 5.062047e+02, -4.542651e+02
79.900000, -5.269991e+02, 4.754483e+02, 5.036498e+02, -4.520990e+02
80.000000, -5.242858e+02, 4.731203e+02, 5.011110e+02, -4.499457e+02
80.100000, -5.215899e+02, 4.708065e+02, 4.985882e+02, -4.478050e+02
80.200000, -5.189115e+02, 4.685068e+02, 4.960813e+02, -4.456768e+02
80.300000, -5.162503e+02, 4.662211e+02, 4.935902e+02, -4.435611e+02
80.400000, -5.136062e+02, 4.639492e+02, 4.911147e+02, -4.414578e+02
80.500000, -5.109792e+02, 4.616911e+02, 4.886547e+02, -4.393668e+02
80.600000, -5.083689e+02, 4.594467e+02, 4.862102e+02, -4.372881e+02
80.700000, -5.057755e+02, 4.572158e+02, 4.837809e+02, -4.352214e+02
80.800000, -5.031986e+02, 4.549984e+02, 4.813669e+02, -4.331668e+02
80.900000, -5.006381e+02, 4.527943e+02, 4.789679e+02, -4.311242e+02
81.000000, -4.980941e+02, 4.506035e+02, 4.765838e+02, -4.290934e+02
81.100000, -4.955662e+02, 4.484260e+02, 4.742146e+02, -4.270745e+02
81.200000, -4.930544e+02, 4.462614e+02, 4.718601e+02, -4.250673e+02
81.300000, -4.905586e+02, 4.441099e+02, 4.695203e+02, -4.230717e+02
81.400000, -4.880787e+02, 4.419713e+02, 4.671949e+02, -4.210877e+02
81.500000, -4.856145e+02, 4.398455e+02, 4.648840e+02, -4.191151e+02
81.600000, -4.831659e+02, 4.377324e+02, 4.625873e+02, -4.171540e+02
81.700000, -4.807327e+02, 4.356319e+02, 4.603049e+02, -4.152041e+02
81.800000, -4.783150e+02, 4.335440e+02, 4.580365e+02, -4.132656e+02
81.900000, -4.759125e+02, 4.314685e+02, 4.557821e+02, -4.113382e+02
82.000000, -4.735251e+02, 4.294053e+02, 4.535416e+02, -4.094219e+02
82.100000, -4.711528e+02, 4.273545e+02, 4.513149e+02, -4.075166e+02
82.200000, -4.687953e+02, 4.253158e+02, 4.491018e+02, -4.056222e+02
82.300000, -4.664527e+02, 4.232892e+02, 4.469024e+02, -4.037388e+02
82.400000, -4.641247e+02, 4.212746e+02, 4.447163e+02, -4.018661e+02
82.500000, -4.618114e+02, 4.192719e+02, 4.425437e+02, -4.000041e+02
82.600000, -4.595125e+02, 4.172811e+02, 4.403843e+02, -3.981528e+02
82.700000, -4.572279e+02, 4.153020e+02, 4.382381e+02, -3.963121e+02
82.800000, -4.549576e+02, 4.133346e+02, 4.361050e+02, -3.944819e+02
82.900000, -4.527014e+02, 4.113788e+02, 4.339849e+02, -3.926621e+02
83.000000, -4.504593e+02, 4.094344e+02, 4.318777e+02, -3.908527e+02
83.100000, -4.482311e+02, 4.075016e+02, 4.297832e+02, -3.890536e+02
83.200000, -4.460167e+02, 4.055800e+02, 4.277015e+02, -3.872647e+02
83.300000, -4.438161e+02, 4.036698e+02, 4.256324e+02, -3.854859e+02
83.400000, -4.416290e+02, 4.017707e+02, 4.235758e+02, -3.837173e+02
83.500000, -4.394555e+02, 3.998827e+02, 4.215316e+02, -3.819587e+02
83.600000, -4.372954e+02, 3.980058e+02, 4.194997e+02, -3.802100e+02
83.700000, -4.351487e+02, 3.961398e+02, 4.174801e+02, -3.784712e+02
83.800000, -4.330151e+02, 3.942847e+02, 4.154727e+02, -3.767422e+02
83.900000, -4.308947e+02, 3.924404e+02, 4.134773e+02, -3.750230e+02
84.000000, -4.287872e+02, 3.906069e+02, 4.114940e+02, -3.733135e+02
84.100000, -4.266928e+02, 3.887840e+02, 4.095225e+02, -3.716136e+02
84.200000, -4.246111e+02, 3.869716e+02, 4.075628e+02, -3.699233e+02
84.300000, -4.225422e+02, 3.851698e+02, 4.056149e+02, -3.682425e+02
84.400000, -4.204859e+02, 3.833784e+02, 4.036786e+02, -3.665711e+02
84.500000, -4.184422e+02, 3.815974e+02, 4.017538e+02, -3.649091e+02
84.600000, -4.164109e+02, 3.798267e+02, 3.998406e+02, -3.632563e+02
84.700000, -4.143920e+02, 3.780662e+02, 3.979387e+02, -3.616129e+02
84.800000, -4.123854e+02, 3.763158e+02, 3.960482e+02, -3.599786e+02
84.900000, -4.103910e+02, 3.745755e+02, 3.941688e+02, -3.583534e+02
85.000000, -4.084087e+02, 3.728453e+02, 3.923007e+02, -3.567373e+02
85.100000, -4.064383e+02, 3.711249e+02, 3.904436e+02, -3.551303e+02
85.200000, -4.044799e+02, 3.694145e+02, 3.885975e+02, -3.535321e+02
85.300000, -4.025334e+02, 3.677138e+02, 3.867623e+02, -3.519429e+02
85.400000, -4.005985e+02, 3.660229e+02, 3.849380e+02, -3.503625e+02
85.500000, -3.986754e+02, 3.643417e+02, 3.831244e+02, -3.487908e+02
85.600000, -3.967638e+02, 3.626701e+02, 3.813215e+02, -3.472279e+02
85.700000, -3.948637e+02, 3.610080e+02, 3.795292e+02, -3.456736e+02
85.800000, -3.929751e+02, 3.593554e+02, 3.777474e+02, -3.441279e+02
85.900000, -3.910977e+02, 3.577122e+02, 3.759762e+02, -3.425907e+02
86.000000, -3.892316e+02, 3.560784e+02, 3.742153e+02, -3.410621e+02
86.100000, -3.873767e+02, 3.544538e+02, 3.724647e+02, -3.395419e+02
86.200000, -3.855328e+02, 3.528385e+02, 3.707243e+02, -3.380300e+02
86.300000, -3.837000e+02, 3.512323e+02, 3.689942e+02, -3.365265e+02
86.400000, -3.818781e+02, 3.496352e+02, 3.672741e+02, -3.350312e+02
86.500000, -3.800670e+02, 3.480471e+02, 3.655640e+02, -3.335442e+02
86.600000, -3.782667e+02, 3.464681e+02, 3.638639e+02, -3.320653e+02
86.700000, -3.764771e+02, 3.448979e+02, 3.621737e+02, -3.305945e+02
86.800000, -3.746982e+02, 3.433366e+02, 3.604933e+02, -3.291318e+02
86.900000, -3.729297e+02, 3.417841e+02, 3.588227e+02, -3.276770e+02
87.000000, -3.711718e+02, 3.402403e+02, 3.571618e+02, -3.262303e+02
87.100000, -3.694242e+02, 3.387052e+02, 3.555104e+02, -3.247914e+02
87.200000, -3.676869e+02, 3.371787e+02, 3.538686e+02, -3.233603e+02
87.300000, -3.659599e+02, 3.356608e+02, 3.522363e+02, -3.219371e+02
87.400000, -3.642431e+02, 3.341513e+02, 3.506134e+02, -3.205216e+02
87.500000, -3.625363e+02, 3.326503e+02, 3.489999e+02, -3.191138e+02
87.600000, -3.608396e+02, 3.311577e+02, 3.473956e+02, -3.177137e+02
87.700000, -3.591529e+02, 3.296735e+02, 3.458006e+02, -3.163211e+02
87.800000, -3.574760e+02, 3.281975e+02, 3.442147e+02, -3.149361e+02
87.900000, -3.558089e+02, 3.267297e+02, 3.426379e+02, -3.135586e+02
88.000000, -3.541516e+02, 3.252701e+02, 3.410702e+02, -3.121886e+02
88.100000, -3.525040e+02, 3.238187e+02, 3.395114e+02, -3.108259e+02
88.200000, -3.508660e+02, 3.223752e+02, 3.379615e+02, -3.094707e+02
88.300000, -3.492375e+02, 3.209398e+02, 3.364205e+02, -3.081227e+02
88.400000, -3.476186e+02, 3.195124e+02, 3.348882e+02, -3.067820e+02
88.500000, -3.460090e+02, 3.180928e+02, 3.333647e+02, -3.054485e+02
88.600000, -3.444088e+02, 3.166811e+02, 3.318499e+02, -3.041221e+02
88.700000, -3.428178e+02, 3.152772e+02, 3.303436e+02, -3.028029e+02
88.800000, -3.412361e+02, 3.138810e+02, 3.288460e+02, -3.014908e+02
88.900000, -3.396635e+02, 3.124925e+02, 3.273568e+02, -3.001857e+02
89.000000, -3.381000e+02, 3.111117e+02, 3.258760e+02, -2.988876e+02
89.100000, -3.365455e+02, 3.097384e+02, 3.244036e+02, -2.975965e+02
89.200000, -3.350000e+02, 3.083727e+02, 3.229395e+02, -2.963122e+02
89.300000, -3.334634e+02, 3.070145e+02, 3.214837e+02, -2.950348e+02
89.400000, -3.319356e+02, 3.056637e+02, 3.200361e+02, -2.937643e+02
89.500000, -3.304166e+02, 3.043204e+02, 3.185967e+02, -2.925004e+02
89.600000, -3.289064e+02, 3.029844e+02, 3.171653e+02, -2.912434e+02
89.700000, -3.274047e+02, 3.016556e+02, 3.157420e+02, -2.899930e+02
89.800000, -3.259117e+02, 3.003342e+02, 3.143267e+02, -2.887492e+02
89.900000, -3.244272e+02, 2.990199e+02, 3.129193e+02, -2.875120e+02
90.000000, -3.229512e+02, 2.977128e+02, 3.115198e+02, -2.862814e+02
90.100000, -3.214836e+02, 2.964128e+02, 3.101281e+02, -2.850574e+02
90.200000, -3.200244e+02, 2.951199e+02, 3.087442e+02, -2.838398e+02
90.300000, -3.185734e+02, 2.938340e+02, 3.073680e+02, -2.826286e+02
90.400000, -3.171308e+02, 2.925550e+02, 3.059995e+02, -2.814238e+02
90.500000, -3.156963e+02, 2.912830e+02, 3.046386e+02, -2.802254e+02
90.600000, -3.142699e+02, 2.900179e+02, 3.032853e+02, -2.790333e+02
90.700000, -3.128516e+02, 2.887596e+02, 3.019395e+02, -2.778475e+02
90.800000, -3.114414e+02, 2.875081e+02, 3.006011e+02, -2.766679e+02
90.900000, -3.100391e+02, 2.862634e+02, 2.992702e+02, -2.754945e+02
91.000000, -3.086447e+02, 2.850254e+02, 2.979467e+02, -2.743273e+02
91.100000, -3.072582e+02, 2.837940e+02, 2.966304e+02, -2.731662e+02
91.200000, -3.058795e+02, 2.825693e+02, 2.953215e+02, -2.720112e+02
91.300000, -3.045086e+02, 2.813511e+02, 2.940197e+02, -2.708622e+02
91.400000, -3.031454e+02, 2.801395e+02, 2.927251e+02, -2.697193e+02
91.500000, -3.017898e+02, 2.789343e+02, 2.914377e+02, -2.685823e+02
91.600000, -3.004418e+02, 2.777357e+02, 2.901574e+02, -2.674512e+02
91.700000, -2.991014e+02, 2.765434e+02, 2.888840e+02, -2.663260e+02
91.800000, -2.977684e+02, 2.753575e+02, 2.876177e+02, -2.652067e+02
91.900000, -2.964429e+02, 2.741779e+02, 2.863583e+02, -2.640933e+02
92.000000, -2.951248e+02, 2.730046e+02, 2.851058e+02, -2.629856e+02
92.100000, -2.938141e+02, 2.718376e+02, 2.838601e+02, -2.618836e+02
92.200000, -2.925107e+02, 2.706768e+02, 2.826213e+02, -2.607874e+02
92.300000, -2.912145e+02, 2.695221e+02, 2.813892e+02, -2.596969e+02
92.400000, -2.899255e+02, 2.683736e+02, 2.801639e+02, -2.586120e+02
92.500000, -2.886436e+02, 2.672312e+02, 2.789452e+02, -2.575327e+02
92.600000, -2.873689e+02, 2.660948e+02, 2.777331e+02, -2.564590e+02
92.700000, -2.861012e+02, 2.649645e+02, 2.765276e+02, -2.553909e+02
92.800000, -2.848405e+02, 2.638401e+02, 2.753287e+02, -2.543282e+02
92.900000, -2.835868e+02, 2.627217e+02, 2.741362e+02, -2.532710e+02
93.000000, -2.823400e+02, 2.616091e+02, 2.729502e+02, -2.522193e+02
93.100000, -2.811001e+02, 2.605025e+02, 2.717707e+02, -2.511730e+02
93.200000, -2.798670e+02, 2.594016e+02, 2.705975e+02, -2.501320e+02
93.300000, -2.786407e+02, 2.583066e+02, 2.694306e+02, -2.490964e+02
93.400000, -2.774211e+02, 2.572173e+02, 2.682701e+02, -2.480662e+02
93.500000, -2.762083e+02, 2.561337e+02, 2.671157e+02, -2.470411e+02
93.600000, -2.750020e+02, 2.550558e+02, 2.659676e+02, -2.460214e+02
93.700000, -2.738024e+02, 2.539835e+02, 2.648257e+02, -2.450068e+02
93.800000, -2.726093e+02, 2.529169e+02, 2.636899e+02, -2.439975e+02
93.900000, -2.714228e+02, 2.518558e+02, 2.625602e+02, -2.429932e+02
94.000000, -2.702427e+02, 2.508003e+02, 2.614365e+02, -2.419941e+02
94.100000, -2.690690e+02, 2.497503e+02, 2.603189e+02, -2.410001e+02
94.200000, -2.679018e+02, 2.487058e+02, 2.592072e+02, -2.400112e+02
94.300000, -2.667409e+02, 2.476667e+02, 2.581014e+02, -2.390273e+02
94.400000, -2.655863e+02, 2.466330e+02, 2.570016e+02, -2.380483e+02
94.500000, -2.644379e+02, 2.456046e+02, 2.559076e+02, -2.370744e+02
94.600000, -2.632958e+02, 2.445817e+02, 2.548195e+02, -2.361054e+02
94.700000, -2.621599e+02, 2.435640e+02, 2.537371e+02, -2.351412e+02
94.800000, -2.610301e+02, 2.425516e+02, 2.526605e+02, -2.341820e+02
94.900000, -2.599064e+02, 2.415444e+02, 2.515896e+02, -2.332276e+02
95.000000, -2.587888e+02, 2.405424e+02, 2.505243e+02, -2.322780e+02
95.100000, -2.576772e+02, 2.395457e+02, 2.494647e+02, -2.313333e+02
95.200000, -2.565715e+02, 2.385540e+02, 2.484107e+02, -2.303932e+02
95.300000, -2.554719e+02, 2.375675e+02, 2.473623e+02, -2.294580e+02
95.400000, -2.543781e+02, 2.365860e+02, 2.463194e+02, -2.285274e+02
95.500000, -2.532902e+02, 2.356096e+02, 2.452820e+02, -2.276015e+02
95.600000, -2.522081e+02, 2.346382e+02, 2.442501e+02, -2.266802e+02
95.700000, -2.511319e+02, 2.336719e+02, 2.432236e+02, -2.257636e+02
95.800000, -2.500614e+02, 2.327104e+02, 2.422025e+02, -2.248515e+02
95.900000, -2.489966e+02, 2.317539e+02, 2.411867e+02, -2.239441e+02
96.000000, -2.479375e+02, 2.308023e+02, 2.401763e+02, -2.230411e+02
96.100000, -2.468840e+02, 2.298555e+02, 2.391712e+02, -2.221427e+02
96.200000, -2.458362e+02, 2.289136e+02, 2.381713e+02, -2.212488e+02
96.300000, -2.447939e+02, 2.279765e+02, 2.371767e+02, -2.203593e+02
96.400000, -2.437571e+02, 2.270442e+02, 2.361872e+02, -2.194742e+02
96.500000, -2.427259e+02, 2.261166e+02, 2.352029e+02, -2.185936e+02
96.600000, -2.417001e+02, 2.251937e+02, 2.342238e+02, -2.177173e+02
96.700000, -2.406798e+02, 2.242755e+02, 2.332497e+02, -2.168454e+02
96.800000, -2.396649e+02, 2.233620e+02, 2.322807e+02, -2.159778e+02
96.900000, -2.386553e+02, 2.224531e+02, 2.313167e+02, -2.151145e+02
97.000000, -2.376511e+02, 2.215488e+02, 2.303578e+02, -2.142555e+02
97.100000, -2.366521e+02, 2.206491e+02, 2.294038e+02, -2.134008e+02
97.200000, -2.356584e+02, 2.197540e+02, 2.284547e+02, -2.125503e+02
97.300000, -2.346700e+02, 2.188634e+02, 2.275106e+02, -2.117039e+02
97.400000, -2.336867e+02, 2.179772e+02, 2.265713e+02, -2.108618e+02
97.500000, -2.327086e+02, 2.170956e+02, 2.256369e+02, -2.100238e+02
97.600000, -2.317357e+02, 2.162183e+02, 2.247073e+02, -2.091900e+02
97.700000, -2.307678e+02, 2.153455e+02, 2.237825e+02, -2.083602e+02
97.800000, -2.298050e+02, 2.144771e+02, 2.228625e+02, -2.075345e+02
97.900000, -2.288473e+02, 2.136131e+02, 2.219471e+02, -2.067129e+02
98.000000, -2.278945e+02, 2.127533e+02, 2.210365e+02, -2.058953e+02
98.100000, -2.269467e+02, 2.118979e+02, 2.201306e+02, -2.050817e+02
98.200000, -2.260039e+02, 2.110468e+02, 2.192293e+02, -2.042721e+02
98.300000, -2.250659e+02, 2.101999e+02, 2.183326e+02, -2.034665e+02
98.400000, -2.241329e+02, 2.093573e+02, 2.174404e+02, -2.026648e+02
98.500000, -2.232047e+02, 2.085188e+02, 2.165529e+02, -2.018670e+02
98.600000, -2.222813e+02, 2.076846e+02, 2.156699e+02, -2.010732e+02
98.700000, -2.213627e+02, 2.068545e+02, 2.147914e+02, -2.002832e+02
98.800000, -2.204488e+02, 2.060285e+02, 2.139173e+02, -1.994970e+02
98.900000, -2.195397e+02, 2.052066e+02, 2.130477e+02, -1.987147e+02
99.000000, -2.186353e+02, 2.043889e+02, 2.121825e+02, -1.979361e+02
99.100000, -2.177355e+02, 2.035751e+02, 2.113218e+02, -1.971614e+02
99.200000, -2.168404e+02, 2.027655e+02, 2.104653e+02, -1.963904e+02
99.300000, -2.159499e+02, 2.019598e+02, 2.096133e+02, -1.956232e+02
99.400000, -2.150640e+02, 2.011581e+02, 2.087655e+02, -1.948596e+02
99.500000, -2.141826e+02, 2.003604e+02, 2.079220e+02, -1.940998e+02
99.600000, -2.133058e+02, 1.995666e+02, 2.070828e+02, -1.933436e+02
99.700000, -2.124334e+02, 1.987767e+02, 2.062478e+02, -1.925911e+02
99.800000, -2.115656e+02, 1.979908e+02, 2.054170e+02, -1.918423e+02
99.900000, -2.107021e+02, 1.972087e+02, 2.045905e+02, -1.910970e+02
100.000000, -2.098431e+02, 1.964304e+02, 2.037680e+02, -1.903553e+02
100.100000, -2.089885e+02, 1.956560e+02, 2.029497e+02, -1.896172e+02
100.200000, -2.081383e+02, 1.948854e+02, 2.021355e+02, -1.888827e+02
100.300000, -2.072923e+02, 1.941185e+02, 2.013254e+02, -1.881517e+02
100.400000, -2.064507e+02, 1.933555e+02, 2.005194e+02, -1.874241e+02
100.500000, -2.056134e+02, 1.925961e+02, 1.997174e+02, -1.867001e+02
100.600000, -2.047803e+02, 1.918405e+02, 1.989194e+02, -1.859796e+02
100.700000, -2.039515e+02, 1.910885e+02, 1.981254e+02, -1.852625e+02
100.800000, -2.031268e+02, 1.903403e+02, 1.973353e+02, -1.845488e+02
100.900000, -2.023064e+02, 1.895957e+02, 1.965492e+02, -1.838385e+02
101.000000, -2.014900e+02, 1.888547e+02, 1.957670e+02, -1.831316e+02
101.100000, -2.006779e+02, 1.881173e+02, 1.949887e+02, -1.824281e+02
101.200000, -1.998698e+02, 1.873835e+02, 1.942143e+02, -1.817280e+02
101.300000, -1.990658e+02, 1.866533e+02, 1.934437e+02, -1.810312e+02
101.400000, -1.982658e+02, 1.859266e+02, 1.926769e+02, -1.803377e+02
101.500000, -1.974699e+02, 1.852034e+02, 1.919139e+02, -1.796475e+02
101.600000, -1.966780e+02, 1.844837e+02, 1.911548e+02, -1.789605e+02
101.700000, -1.958900e+02, 1.837676e+02, 1.903993e+02, -1.782769e+02
101.800000, -1.951060e+02, 1.830549e+02, 1.896476e+02, -1.775964e+02
101.900000, -1.943260e+02, 1.823456e+02, 1.888996e+02, -1.769192e+02
102.000000, -1.935498e+02, 1.816397e+02, 1.881553e+02, -1.762452e+02
102.100000, -1.927776e+02, 1.809373e+02, 1.874147e+02, -1.755744e+02
102.200000, -1.920092e+02, 1.802383e+02, 1.866777e+02, -1.749068e+02
102.300000, -1.912446e+02, 1.795426e+02, 1.859443e+02, -1.742423e+02
102.400000, -1.904839e+02, 1.788502e+02, 1.852146e+02, -1.735809e+02
102.500000, -1.897269e+02, 1.781612e+02, 1.844884e+02, -1.729226e+02
102.600000, -1.889737e+02, 1.774755e+02, 1.837657e+02, -1.722675e+02
102.700000, -1.882243e+02, 1.767930e+02, 1.830467e+02, -1.716154e+02
102.800000, -1.874786e+02, 1.761139e+02, 1.823311e+02, -1.709664e+02
102.900000, -1.867366e+02, 1.754380e+02, 1.816190e+02, -1.703204e+02
103.000000, -1.859982e+02, 1.747653e+02, 1.809104e+02, -1.696775e+02
103.100000, -1.852635e+02, 1.740958e+02, 1.802053e+02, -1.690376e+02
103.200000, -1.845325e+02, 1.734296e+02, 1.795036e+02, -1.684006e+02
103.300000, -1.838051e+02, 1.727665e+02, 1.788053e+02, -1.677667e+02
103.400000, -1.830812e+02, 1.721065e+02, 1.781104e+02, -1.671357e+02
103.500000, -1.823610e+02, 1.714497e+02, 1.774189e+02, -1.665076e+02
103.600000, -1.816443e+02, 1.707961e+02, 1.767307e+02, -1.658825e+02
103.700000, -1.809311e+02, 1.701455e+02, 1.760459e+02, -1.652603e+02
103.800000, -1.802214e+02, 1.694980e+02, 1.753644e+02, -1.646410e+02
103.900000, -1.795152e+02, 1.688536e+02, 1.746862e+02, -1.640246e+02
104.000000, -1.788125e+02, 1.682123e+02, 1.740113e+02, -1.634110e+02
104.100000, -1.781133e+02, 1.675739e+02, 1.733396e+02, -1.628003e+02
104.200000, -1.774174e+02, 1.669386e+02, 1.726712e+02, -1.621924e+02
104.300000, -1.767250e+02, 1.663063e+02, 1.720060e+02, -1.615874e+02
104.400000, -1.760359e+02, 1.656770e+02, 1.713440e+02, -1.609851e+02
104.500000, -1.753502e+02, 1.650507e+02, 1.706852e+02, -1.603856e+02
104.600000, -1.746679e+02, 1.644273e+02, 1.700295e+02, -1.597889e+02
104.700000, -1.739889e+02, 1.638068e+02, 1.693770e+02, -1.591950e+02
104.800000, -1.733132e+02, 1.631892e+02, 1.687277e+02, -1.586038e+02
104.900000, -1.726407e+02, 1.625746e+02, 1.680814e+02, -1.580153e+02
105.000000, -1.719716e+02, 1.619628e+02, 1.674383e+02, -1.574295e+02
105.100000, -1.713057e+02, 1.613539e+02, 1.667982e+02, -1.568464e+02
105.200000, -1.706430e+02, 1.607479e+02, 1.661611e+02, -1.562660e+02
105.300000, -1.699836e+02, 1.601447e+02, 1.655272e+02, -1.556883e+02
105.400000, -1.693273e+02, 1.595443e+02, 1.648962e+02, -1.551132e+02
105.500000, -1.686742e+02, 1.589467e+02, 1.642683e+02, -1.545408e+02
105.600000, -1.680243e+02, 1.583519e+02, 1.636433e+02, -1.539709e+02
105.700000, -1.673775e+02, 1.577599e+02, 1.630213e+02, -1.534037e+02
105.800000, -1.667338e+02, 1.571706e+02, 1.624023e+02, -1.528391e+02
105.900000, -1.660932e+02, 1.565841e+02, 1.617862e+02, -1.522771e+02
106.000000, -1.654557e+02, 1.560003e+02, 1.611730e+02, -1.517176e+02
106.100000, -1.648213e+02, 1.554192e+02, 1.605627e+02, -1.511607e+02
106.200000, -1.641899e+02, 1.548408e+02, 1.599554e+02, -1.506063e+02
106.300000, -1.635616e+02, 1.542651e+02, 1.593509e+02, -1.500544e+02
106.400000, -1.629362e+02, 1.536921e+02, 1.587492e+02, -1.495051e+02
106.500000, -1.623139e+02, 1.531217e+02, 1.581504e+02, -1.489582e+02
106.600000, -1.616945e+02, 1.525540e+02, 1.575544e+02, -1.484139e+02
106.700000, -1.610781e+02, 1.519888e+02, 1.569612e+02, -1.478720e+02
106.800000, -1.604647e+02, 1.514263e+02, 1.563709e+02, -1.473325e+02
106.900000, -1.598541e+02, 1.508664e+02, 1.557832e+02, -1.467955e+02
107.000000, -1.592465e+02, 1.503091e+02, 1.551984e+02, -1.462609e+02
107.100000, -1.586418e+02, 1.497543e+02, 1.546163e+02, -1.457288e+02
107.200000, -1.580399e+02, 1.492021e+02, 1.540369e+02, -1.451990e+02
107.300000, -1.574409e+02, 1.486524e+02, 1.534603e+02, -1.446717e+02
107.400000, -1.568448e+02, 1.481052e+02, 1.528863e+02, -1.441467e+02
107.500000, -1.562515e+02, 1.475605e+02, 1.523150e+02, -1.436241e+02
107.600000, -1.556609e+02, 1.470184e+02, 1.517464e+02, -1.431038e+02
107.700000, -1.550732e+02, 1.464787e+02, 1.511805e+02, -1.425859e+02
107.800000, -1.544883e+02, 1.459415e+02, 1.506171e+02, -1.420703e+02
107.900000, -1.539061e+02, 1.454068e+02, 1.500565e+02, -1.415571e+02
108.000000, -1.533267e+02, 1.448744e+02, 1.494984e+02, -1.410461e+02
108.100000, -1.527500e+02, 1.443446e+02, 1.489429e+02, -1.405374e+02
108.200000, -1.521761e+02, 1.438171e+02, 1.483900e+02, -1.400310e+02
108.300000, -1.516048e+02, 1.432920e+02, 1.478396e+02, -1.395269e+02
108.400000, -1.510362e+02, 1.427693e+02, 1.472918e+02, -1.390250e+02
108.500000, -1.504703e+02, 1.422490e+02, 1.467466e+02, -1.385253e+02
108.600000, -1.499070e+02, 1.417311e+02, 1.462039e+02, -1.380279e+02
108.700000, -1.493464e+02, 1.412155e+02, 1.456636e+02, -1.375327e+02
108.800000, -1.487884e+02, 1.407023e+02, 1.451259e+02, -1.370397e+02
108.900000, -1.482331e+02, 1.401913e+02, 1.445907e+02, -1.365490e+02
109.000000, -1.476803e+02, 1.396827e+02, 1.440579e+02, -1.360603e+02
109.100000, -1.471301e+02, 1.391764e+02, 1.435276e+02, -1.355739e+02
109.200000, -1.465825e+02, 1.386724e+02, 1.429997e+02, -1.350896e+02
109.300000, -1.460374e+02, 1.381706e+02, 1.424742e+02, -1.346075e+02
109.400000, -1.454949e+02, 1.376711e+02, 1.419512e+02, -1.341275e+02
109.500000, -1.449548e+02, 1.371739e+02, 1.414306e+02, -1.336496e+02
109.600000, -1.444173e+02, 1.366789e+02, 1.409123e+02, -1.331739e+02
109.700000, -1.438823e+02, 1.361861e+02, 1.403964e+02, -1.327002e+02
109.800000, -1.433498e+02, 1.356956e+02, 1.398829e+02, -1.322287e+02
109.900000, -1.428198e+02, 1.352072e+02, 1.393718e+02, -1.317592e+02
110.000000, -1.422922e+02, 1.347210e+02, 1.388629e+02, -1.312918e+02
110.100000, -1.417670e+02, 1.342371e+02, 1.383564e+02, -1.308265e+02
110.200000, -1.412443e+02, 1.337552e+02, 1.378522e+02, -1.303632e+02
110.300000, -1.180320e-06, -1.172590e-06, -1.160816e-06, -1.153259e-06
110.400000, -9.934177e-07, -9.867873e-07, -9.745220e-07, -9.679505e-07
110.500000, -7.937762e-07, -7.882379e-07, -7.756923e-07, -7.703205e-07
110.600000, -5.848497e-07, -5.805700e-07, -5.679698e-07, -5.637396e-07
110.700000, -3.705474e-07, -3.674762e-07, -3.550290e-07, -3.521106e-07
110.800000, -1.544169e-07, -1.526757e-07, -1.405963e-07, -1.388886e-07
110.900000, 5.966999e-08, 6.017470e-08, 7.169652e-08, 7.206813e-08
111.000000, 2.683243e-07, 2.675157e-07, 2.782893e-07, 2.774686e-07
111.100000, 4.679549e-07, 4.659686e-07, 4.758345e-07, 4.737393e-07
111.200000, 6.555630e-07, 6.523637e-07, 6.611666e-07, 6.579801e-07
111.300000, 8.280532e-07, 8.238140e-07, 8.314343e-07, 8.271130e-07
111.400000, 9.830121e-07, 9.777335e-07, 9.840599e-07, 9.788207e-07
111.500000, 1.118013e-06, 1.111899e-06, 1.116859e-06, 1.110690e-06
111.600000, 1.231376e-06, 1.224455e-06, 1.227986e-06, 1.221131e-06
111.700000, 1.321466e-06, 1.313964e-06, 1.316042e-06, 1.308512e-06
111.800000, 1.387429e-06, 1.379393e-06, 1.380007e-06, 1.372062e-06
111.900000, 1.428482e-06, 1.420151e-06, 1.419329e-06, 1.410994e-06
112.000000, 1.444635e-06, 1.436065e-06, 1.433843e-06, 1.425384e-06
112.100000, 1.435964e-06, 1.427395e-06, 1.423847e-06, 1.415293e-06
112.200000, 1.403314e-06, 1.394799e-06, 1.390007e-06, 1.381621e-06
112.300000, 1.347566e-06, 1.339340e-06, 1.333416e-06, 1.325220e-06
112.400000, 1.270323e-06, 1.262428e-06, 1.255491e-06, 1.247734e-06
112.500000, 1.173169e-06, 1.165821e-06, 1.158015e-06, 1.150705e-06
112.600000, 1.058336e-06, 1.051559e-06, 1.043027e-06, 1.036393e-06
112.700000, 9.279654e-07, 9.219493e-07, 9.128580e-07, 9.068828e-07
112.800000, 7.847553e-07, 7.794981e-07, 7.700060e-07, 7.648905e-07
112.900000, 6.312249e-07, 6.268872e-07, 6.171698e-07, 6.128690e-07
113.000000, 4.703535e-07, 4.669017e-07, 4.571212e-07, 4.538034e-07
113.100000, 3.048434e-07, 3.024043e-07, 2.927338e-07, 2.903220e-07
113.200000, 1.377553e-07, 1.362619e-07, 1.268559e-07, 1.254837e-07
113.300000, -2.822386e-08, -2.867970e-08, -3.766135e-08, -3.810416e-08
113.400000, -1.901476e-07, -1.896663e-07, -1.980873e-07, -1.975018e-07
113.500000, -3.455336e-07, -3.440570e-07, -3.517805e-07, -3.503088e-07
113.600000, -4.917298e-07, -4.893895e-07, -4.963061e-07, -4.938815e-07
113.700000, -6.266262e-07, -6.233947e-07, -6.293983e-07, -6.261916e-07
113.800000, -7.480185e-07, -7.440540e-07, -7.490688e-07, -7.450412e-07
113.900000, -8.543050e-07, -8.496052e-07, -8.535610e-07, -8.489068e-07
114.000000, -9.438457e-07, -9.385897e-07, -9.414485e-07, -9.361508e-07
114.100000, -1.015644e-06, -1.009848e-06, -1.011578e-06, -1.005848e-06
114.200000, -1.068698e-06, -1.062556e-06, -1.063158e-06, -1.056994e-06
114.300000, -1.102669e-06, -1.096208e-06, -1.095690e-06, -1.089312e-06
114.400000, -1.117224e-06, -1.110642e-06, -1.109043e-06, -1.102456e-06
114.500000, -1.112685e-06, -1.106014e-06, -1.103377e-06, -1.096804e-06
114.600000, -1.089372e-06, -1.082809e-06, -1.079206e-06, -1.072651e-06
114.700000, -1.048232e-06, -1.041803e-06, -1.037310e-06, -1.030989e-06
114.800000, -9.901767e-07, -9.840691e-07, -9.787862e-07, -9.726968e-07
114.900000, -9.167000e-07, -9.109289e-07, -9.049561e-07, -8.993003e-07
115.000000, -8.292098e-07, -8.239467e-07, -8.174055e-07, -8.121652e-07
115.100000, -7.296348e-07, -7.248771e-07, -7.178839e-07, -7.132429e-07
115.200000, -6.197547e-07, -6.156527e-07, -6.083410e-07, -6.042614e-07
115.300000, -5.017970e-07, -4.983258e-07, -4.908199e-07, -4.874621e-07
115.400000, -3.777685e-07, -3.750536e-07, -3.674903e-07, -3.647927e-07
115.500000, -2.500456e-07, -2.480371e-07, -2.405395e-07, -2.386365e-07
115.600000, -1.207089e-07, -1.195053e-07, -1.122044e-07, -1.110092e-07
115.700000, 7.870539e-09, 8.344910e-09, 1.533577e-08, 1.571603e-08
115.800000, 1.336900e-07, 1.333637e-07, 1.399272e-07, 1.396047e-07
115.900000, 2.545309e-07, 2.535048e-07, 2.595449e-07, 2.584388e-07
116.000000, 3.686090e-07, 3.668369e-07, 3.722568e-07, 3.705029e-07
116.100000, 4.739891e-07, 4.715945e-07, 4.763216e-07, 4.738629e-07
116.200000, 5.692250e-07, 5.661838e-07, 5.701470e-07, 5.671398e-07
116.300000, 6.527719e-07, 6.492265e-07, 6.523807e-07, 6.487876e-07
116.400000, 7.236141e-07, 7.195577e-07, 7.218609e-07, 7.178543e-07
116.500000, 7.806735e-07, 7.762623e-07, 7.776992e-07, 7.732565e-07
116.600000, 8.234244e-07, 8.186638e-07, 8.192227e-07, 8.145267e-07
116.700000, 8.512980e-07, 8.463520e-07, 8.460476e-07, 8.410846e-07
116.800000, 8.642833e-07, 8.591633e-07, 8.580132e-07, 8.529706e-07
116.900000, 8.623273e-07, 8.571991e-07, 8.552462e-07, 8.501133e-07
117.000000, 8.459228e-07, 8.407978e-07, 8.380863e-07, 8.330488e-07
117.100000, 8.155049e-07, 8.105448e-07, 8.071419e-07, 8.021862e-07
117.200000, 7.720266e-07, 7.672367e-07, 7.632090e-07, 7.585133e-07
117.300000, 7.163518e-07, 7.118841e-07, 7.073182e-07, 7.028604e-07
117.400000, 6.498208e-07, 6.456696e-07, 6.406484e-07, 6.365945e-07
117.500000, 5.736416e-07, 5.699444e-07, 5.645679e-07, 5.608825e-07
117.600000, 4.894459e-07, 4.861820e-07, 4.805428e-07, 4.773754e-07
117.700000, 3.986816e-07, 3.959704e-07, 3.901748e-07, 3.874734e-07
117.800000, 3.031610e-07, 3.009634e-07, 2.951071e-07, 2.930018e-07
117.900000, 2.044555e-07, 2.028709e-07, 1.970596e-07, 1.954795e-07
118.000000, 1.044396e-07, 1.034091e-07, 9.773463e-08, 9.678898e-08
118.100000, 4.689382e-09, 4.291214e-09, -1.148137e-09, -1.549889e-09
118.200000, -9.297668e-08, -9.282120e-08, -9.794384e-08, -9.771346e-08
118.300000, -1.870923e-07, -1.863256e-07, -1.910463e-07, -1.902934e-07
118.400000, -2.760042e-07, -2.747235e-07, -2.789763e-07, -2.776325e-07
118.500000, -3.584582e-07, -3.566248e-07, -3.603422e-07, -3.585344e-07
118.600000, -4.330601e-07, -4.307875e-07, -4.339233e-07, -4.316002e-07
118.700000, -4.988519e-07, -4.961169e-07, -4.986251e-07, -4.959280e-07
118.800000, -5.547709e-07, -5.517000e-07, -5.535566e-07, -5.504479e-07
118.900000, -6.002162e-07, -5.967979e-07, -5.979800e-07, -5.946115e-07
119.000000, -6.345044e-07, -6.308739e-07, -6.313807e-07, -6.277245e-07
119.100000, -6.574258e-07, -6.535790e-07, -6.534111e-07, -6.496248e-07
119.200000, -6.686972e-07, -6.647731e-07, -6.639525e-07, -6.600133e-07
119.300000, -6.685066e-07, -6.645039e-07, -6.630530e-07, -6.591197e-07
119.400000, -6.569641e-07, -6.530211e-07, -6.509826e-07, -6.470328e-07
119.500000, -6.346359e-07, -6.307490e-07, -6.281647e-07, -6.243539e-07
119.600000, -6.019923e-07, -5.982946e-07, -5.952246e-07, -5.915260e-07
119.700000, -5.599333e-07, -5.564150e-07, -5.529161e-07, -5.494778e-07
119.800000, -5.092346e-07, -5.060194e-07, -5.021648e-07, -4.989517e-07
119.900000, -4.510648e-07, -4.481328e-07, -4.439901e-07, -4.411390e-07
120.000000, -3.864320e-07, -3.838944e-07, -3.795444e-07, -3.770090e-07
120.100000, -3.166934e-07, -3.145174e-07, -3.100330e-07, -3.079361e-07
120.200000, -2.430037e-07, -2.412855e-07, -2.367502e-07, -2.350317e-07
120.300000, -1.668195e-07, -1.655118e-07, -1.609982e-07, -1.597651e-07
120.400000, -8.935051e-08, -8.853340e-08, -8.412215e-08, -8.329955e-08
120.500000, -1.206035e-08, -1.167097e-08, -7.429516e-09, -7.108024e-09
120.600000, 6.387765e-08, 6.377559e-08, 6.777432e-08, 6.768485e-08
120.700000, 1.370820e-07, 1.365664e-07, 1.402649e-07, 1.396898e-07
120.800000, 2.065010e-07, 2.055235e-07, 2.088607e-07, 2.079044e-07
120.900000, 2.709150e-07, 2.695673e-07, 2.724994e-07, 2.711018e-07
121.000000, 3.294675e-07, 3.277149e-07, 3.301960e-07, 3.284738e-07
121.100000, 3.811668e-07, 3.791122e-07, 3.811148e-07, 3.790203e-07
121.200000, 4.254087e-07, 4.230286e-07, 4.245240e-07, 4.221838e-07
121.300000, 4.614777e-07, 4.588834e-07, 4.598619e-07, 4.572375e-07
121.400000, 4.890601e-07, 4.862358e-07, 4.866869e-07, 4.839113e-07
121.500000, 5.077442e-07, 5.048063e-07, 5.047382e-07, 5.017791e-07
121.600000, 5.175241e-07, 5.144609e-07, 5.138810e-07, 5.108743e-07
121.700000, 5.182983e-07, 5.152277e-07, 5.141611e-07, 5.110768e-07
121.800000, 5.103648e-07, 5.072754e-07, 5.057459e-07, 5.027191e-07
121.900000, 4.939179e-07, 4.909253e-07, 4.889729e-07, 4.859724e-07
122.000000, 4.695351e-07, 4.666251e-07, 4.642870e-07, 4.614439e-07
122.100000, 4.376731e-07, 4.349557e-07, 4.322842e-07, 4.295624e-07
122.200000, 3.991473e-07, 3.966019e-07, 3.936446e-07, 3.911679e-07
122.300000, 3.546275e-07, 3.523556e-07, 3.491729e-07, 3.468981e-07
122.400000, 3.051107e-07, 3.030831e-07, 2.997289e-07, 2.977699e-07
122.500000, 2.514182e-07, 2.497257e-07, 2.462649e-07, 2.445686e-07
122.600000, 1.946632e-07, 1.932658e-07, 1.897545e-07, 1.884233e-07
122.700000, 1.357493e-07, 1.347258e-07, 1.312290e-07, 1.301988e-07
122.800000, 7.583495e-08, 7.513368e-08, 7.170556e-08, 7.106613e-08
122.900000, 1.583486e-08, 1.552177e-08, 1.222332e-08, 1.189893e-08
123.000000, -4.311860e-08, -4.310698e-08, -4.622722e-08, -4.615965e-08
123.100000, -1.001688e-07, -9.977908e-08, -1.026677e-07, -1.022952e-07
123.200000, -1.542757e-07, -1.535826e-07, -1.561999e-07, -1.554578e-07
123.300000, -2.047034e-07, -2.036649e-07, -2.059681e-07, -2.049538e-07
123.400000, -2.505615e-07, -2.492622e-07, -2.512233e-07, -2.498827e-07
123.500000, -2.912867e-07, -2.896944e-07, -2.912831e-07, -2.897223e-07
123.600000, -3.261837e-07, -3.243908e-07, -3.255923e-07, -3.237659e-07
123.700000, -3.548996e-07, -3.528815e-07, -3.536792e-07, -3.516998e-07
123.800000, -3.769648e-07, -3.748191e-07, -3.752125e-07, -3.730407e-07
123.900000, -3.922594e-07, -3.899664e-07, -3.899528e-07, -3.877049e-07
124.000000, -4.005535e-07, -3.982135e-07, -3.978059e-07, -3.954463e-07
124.100000, -4.019663e-07, -3.995615e-07, -3.987707e-07, -3.964166e-07
124.200000, -3.965053e-07, -3.941358e-07, -3.929875e-07, -3.906036e-07
124.300000, -3.845186e-07, -3.821657e-07, -3.806826e-07, -3.783844e-07
124.400000, -3.662334e-07, -3.639942e-07, -3.622124e-07, -3.599626e-07
124.500000, -3.422013e-07, -3.400538e-07, -3.380054e-07, -3.359151e-07
124.600000, -3.128374e-07, -3.108732e-07, -3.086026e-07, -3.066300e-07
124.700000, -2.788595e-07, -2.770509e-07, -2.745968e-07, -2.728462e-07
124.800000, -2.408276e-07, -2.392588e-07, -2.366708e-07, -2.350939e-07
124.900000, -1.995785e-07, -1.982143e-07, -1.955346e-07, -1.942273e-07
125.000000, -1.557666e-07, -1.546822e-07, -1.519621e-07, -1.508683e-07
125.100000, -1.102942e-07, -1.094458e-07, -1.067280e-07, -1.059340e-07
125.200000, -6.385521e-08, -6.330830e-08, -6.064272e-08, -6.008351e-08
125.300000, -1.736225e-08, -1.706390e-08, -1.449034e-08, -1.424239e-08
125.400000, 2.850631e-08, 2.850056e-08, 3.093650e-08, 3.094714e-08
125.500000, 7.288154e-08, 7.263363e-08, 7.489777e-08, 7.460449e-08
125.600000, 1.151524e-07, 1.146163e-07, 1.166699e-07, 1.161552e-07
125.700000, 1.545424e-07, 1.537882e-07, 1.556051e-07, 1.548113e-07
125.800000, 1.905528e-07, 1.895429e-07, 1.910934e-07, 1.901104e-07
125.900000, 2.225403e-07, 2.213519e-07, 2.226193e-07, 2.213973e-07
126.000000, 2.501543e-07, 2.487566e-07, 2.497214e-07, 2.483562e-07
126.100000, 2.729147e-07, 2.713900e-07, 2.720463e-07, 2.704940e-07
126.200000, 2.906433e-07, 2.889659e-07, 2.893051e-07, 2.876654e-07
126.300000, 3.030415e-07, 3.012967e-07, 3.013237e-07, 2.995568e-07
126.400000, 3.101152e-07, 3.082802e-07, 3.079971e-07, 3.062046e-07
126.500000, 3.117524e-07, 3.099137e-07, 3.093357e-07, 3.074795e-07
126.600000, 3.081425e-07, 3.062778e-07, 3.054168e-07, 3.035984e-07
126.700000, 2.993529e-07, 2.975474e-07, 2.964278e-07, 2.946086e-07
126.800000, 2.857428e-07, 2.839727e-07, 2.826150e-07, 2.808939e-07
126.900000, 2.675403e-07, 2.658877e-07, 2.643237e-07, 2.626596e-07
127.000000, 2.452507e-07, 2.436884e-07, 2.419448e-07, 2.404326e-07
127.100000, 2.192341e-07, 2.178389e-07, 2.159530e-07, 2.145474e-07
127.200000, 1.901088e-07, 1.888486e-07, 1.868512e-07, 1.856410e-07
127.300000, 1.583306e-07, 1.572759e-07, 1.552069e-07, 1.541416e-07
127.400000, 1.245920e-07, 1.237045e-07, 1.215965e-07, 1.207577e-07
127.500000, 8.940346e-08, 8.874627e-08, 8.663963e-08, 8.597019e-08
127.600000, 5.348923e-08, 5.301715e-08, 5.094357e-08, 5.051762e-08
127.700000, 1.737147e-08, 1.713995e-08, 1.513753e-08, 1.489111e-08
127.800000, -1.823662e-08, -1.827986e-08, -2.018254e-08, -2.018317e-08
127.900000, -5.284313e-08, -5.265030e-08, -5.441945e-08, -5.424503e-08
128.000000, -8.578620e-08, -8.541630e-08, -8.702854e-08, -8.662028e-08
128.100000, -1.166423e-07, -1.160547e-07, -1.174823e-07, -1.169171e-07
128.200000, -1.448362e-07, -1.440958e-07, -1.453223e-07, -1.445481e-07
128.300000, -1.700448e-07, -1.691169e-07, -1.701221e-07, -1.692210e-07
128.400000, -1.918076e-07, -1.907620e-07, -1.915372e-07, -1.904626e-07
128.500000, -2.099258e-07, -2.087326e-07, -2.092657e-07, -2.081037e-07
128.600000, -2.240729e-07, -2.228052e-07, -2.230960e-07, -2.218039e-07
128.700000, -2.341890e-07, -2.328201e-07, -2.328651e-07, -2.315312e-07
128.800000, -2.400916e-07, -2.386962e-07, -2.385034e-07, -2.370876e-07
128.900000, -2.418642e-07, -2.404172e-07, -2.399912e-07, -2.385824e-07
129.000000, -2.394681e-07, -2.380440e-07, -2.374005e-07, -2.359593e-07
129.100000, -2.331253e-07, -2.316988e-07, -2.308495e-07, -2.294638e-07
129.200000, -2.229308e-07, -2.215748e-07, -2.205419e-07, -2.191713e-07
129.300000, -2.092311e-07, -2.079184e-07, -2.067198e-07, -2.054495e-07
129.400000, -1.922369e-07, -1.910373e-07, -1.897000e-07, -1.884871e-07
129.500000, -1.723972e-07, -1.712803e-07, -1.698263e-07, -1.687523e-07
129.600000, -1.500133e-07, -1.490443e-07, -1.475042e-07, -1.465223e-07
129.700000, -1.256089e-07, -1.247532e-07, -1.231512e-07, -1.223378e-07
129.800000, -9.954586e-08, -9.886318e-08, -9.723118e-08, -9.653508e-08
129.900000, -7.239085e-08, -7.184164e-08, -7.020431e-08, -6.969600e-08
130.000000, -4.453342e-08, -4.417157e-08, -4.256014e-08, -4.218331e-08
130.100000, -1.655007e-08, -1.633056e-08, -1.476825e-08, -1.458729e-08
130.200000, 1.117519e-08, 1.120455e-08, 1.268895e-08, 1.273561e-08
130.300000, 3.808875e-08, 3.797833e-08, 3.936480e-08, 3.921883e-08
130.400000, 6.384357e-08, 6.355140e-08, 6.481515e-08, 6.454317e-08
130.500000, 8.793870e-08, 8.752008e-08, 8.864573e-08, 8.819503e-08
130.600000, 1.100917e-07, 1.095099e-07, 1.104780e-07, 1.099196e-07
130.700000, 1.298795e-07, 1.291940e-07, 1.299947e-07, 1.292808e-07
130.800000, 1.471063e-07, 1.462848e-07, 1.469048e-07, 1.461100e-07
130.900000, 1.614458e-07, 1.605508e-07, 1.609868e-07, 1.600671e-07
131.000000, 1.728045e-07, 1.718070e-07, 1.720520e-07, 1.710845e-07
131.100000, 1.809644e-07, 1.799290e-07, 1.799862e-07, 1.789294e-07
131.200000, 1.859423e-07, 1.848418e-07, 1.847109e-07, 1.836431e-07
131.300000, 1.876328e-07, 1.865324e-07, 1.862228e-07, 1.851039e-07
131.400000, 1.861632e-07, 1.850363e-07, 1.845537e-07, 1.834618e-07
131.500000, 1.815369e-07, 1.804481e-07, 1.798075e-07, 1.787026e-07
131.600000, 1.739847e-07, 1.729067e-07, 1.721189e-07, 1.710776e-07
131.700000, 1.636084e-07, 1.626040e-07, 1.616886e-07, 1.606697e-07
131.800000, 1.507283e-07, 1.497683e-07, 1.487402e-07, 1.478177e-07
131.900000, 1.355280e-07, 1.346721e-07, 1.335544e-07, 1.326847e-07
132.000000, 1.183983e-07, 1.176145e-07, 1.164245e-07, 1.156782e-07
132.100000, 9.958305e-08, 9.892728e-08, 9.768986e-08, 9.702025e-08
132.200000, 7.952023e-08, 7.895691e-08, 7.769075e-08, 7.716407e-08
132.300000, 5.848979e-08, 5.807028e-08, 5.680056e-08, 5.636640e-08
132.400000, 3.695146e-08, 3.663622e-08, 3.538129e-08, 3.510117e-08
132.500000, 1.519533e-08, 1.503098e-08, 1.381488e-08, 1.363441e-08
132.600000, -6.322824e-09, -6.379954e-09, -7.540655e-09, -7.564766e-09
132.700000, -2.732818e-08, -2.723620e-08, -2.831990e-08, -2.824604e-08
132.800000, -4.739342e-08, -4.719999e-08, -4.819314e-08, -4.796925e-08
132.900000, -6.628229e-08, -6.594993e-08, -6.683451e-08, -6.652264e-08
133.000000, -8.361758e-08, -8.319751e-08, -8.396396e-08, -8.351625e-08
133.100000, -9.922134e-08, -9.867991e-08, -9.931463e-08, -9.879624e-08
133.200000, -1.127839e-07, -1.121752e-07, -1.126734e-07, -1.120399e-07
133.300000, -1.242007e-07, -1.234941e-07, -1.238470e-07, -1.231660e-07
133.400000, -1.332419e-07, -1.324936e-07, -1.327013e-07, -1.319310e-07
133.500000, -1.398856e-07, -1.390670e-07, -1.391260e-07, -1.383354e-07
133.600000, -1.439884e-07, -1.431566e-07, -1.430722e-07, -1.422211e-07
133.700000, -1.456146e-07, -1.447424e-07, -1.445158e-07, -1.436735e-07
133.800000, -1.447079e-07, -1.438523e-07, -1.434933e-07, -1.426204e-07
133.900000, -1.414163e-07, -1.405500e-07, -1.400645e-07, -1.392297e-07
134.000000, -1.357652e-07, -1.349443e-07, -1.343461e-07, -1.335096e-07
134.100000, -1.279787e-07, -1.271750e-07, -1.264736e-07, -1.257024e-07
134.200000, -1.181532e-07, -1.174210e-07, -1.166333e-07, -1.158863e-07
134.300000, -1.065763e-07, -1.058856e-07, -1.050237e-07, -1.043656e-07
134.400000, -9.340094e-08, -9.280317e-08, -9.188615e-08, -9.127396e-08
134.500000, -7.896142e-08, -7.842420e-08, -7.746577e-08, -7.696099e-08
134.600000, -6.344952e-08, -6.302112e-08, -6.204126e-08, -6.159815e-08
134.700000, -4.722754e-08, -4.687262e-08, -4.588539e-08, -4.556201e-08
134.800000, -3.050637e-08, -3.026956e-08, -2.929471e-08, -2.904235e-08
134.900000, -1.365626e-08, -1.349907e-08, -1.254989e-08, -1.242284e-08
135.000000, 3.112848e-09, 3.149510e-09, 4.054622e-09, 4.108150e-09
135.100000, 1.944247e-08, 1.940026e-08, 2.024982e-08, 2.017930e-08
135.200000, 3.514273e-08, 3.498437e-08, 3.576231e-08, 3.562249e-08
135.300000, 4.988513e-08, 4.965519e-08, 5.035274e-08, 5.009661e-08
135.400000, 6.351683e-08, 6.318134e-08, 6.378552e-08, 6.347046e-08
135.500000, 7.575479e-08, 7.536082e-08, 7.586622e-08, 7.544832e-08
135.600000, 8.649700e-08, 8.601334e-08, 8.641063e-08, 8.594936e-08
135.700000, 9.551772e-08, 9.499334e-08, 9.528089e-08, 9.473484e-08
135.800000, 1.027755e-07, 1.021813e-07, 1.023538e-07, 1.017838e-07
135.900000, 1.081097e-07, 1.074958e-07, 1.075554e-07, 1.069219e-07
136.000000, 1.115446e-07, 1.108833e-07, 1.108285e-07, 1.101932e-07
136.100000, 1.129874e-07, 1.123292e-07, 1.121662e-07, 1.114904e-07
136.200000, 1.125292e-07, 1.118469e-07, 1.115779e-07, 1.109230e-07
136.300000, 1.101433e-07, 1.094871e-07, 1.091217e-07, 1.084493e-07
136.400000, 1.059838e-07, 1.053262e-07, 1.048697e-07, 1.042404e-07
136.500000, 1.000843e-07, 9.947427e-08, 9.893906e-08, 9.831388e-08
136.600000, 9.265364e-08, 9.206280e-08, 9.145680e-08, 9.089479e-08
136.700000, 8.377627e-08, 8.325181e-08, 8.258946e-08, 8.205038e-08
136.800000, 7.370476e-08, 7.321665e-08, 7.250758e-08, 7.204831e-08
136.900000, 6.256156e-08, 6.215467e-08, 6.141454e-08, 6.099309e-08
137.000000, 5.062925e-08, 5.027151e-08, 4.951076e-08, 4.918139e-08
137.100000, 3.805379e-08, 3.778734e-08, 3.702194e-08, 3.674054e-08
137.200000, 2.513253e-08, 2.492299e-08, 2.416327e-08, 2.398120e-08
137.300000, 1.201944e-08, 1.190603e-08, 1.116739e-08, 1.103821e-08
137.400000, -9.889053e-10, -1.043015e-09, -1.751215e-09, -1.779132e-09
137.500000, -1.374596e-08, -1.370445e-08, -1.436823e-08, -1.434363e-08
137.600000, -2.597082e-08, -2.587290e-08, -2.648461e-08, -2.636204e-08
137.700000, -3.753857e-08, -3.735067e-08, -3.789842e-08, -3.772879e-08
137.800000, -4.819730e-08, -4.796072e-08, -4.843922e-08, -4.817972e-08
137.900000, -5.785585e-08, -5.753946e-08, -5.793945e-08, -5.764282e-08
138.000000, -6.630217e-08, -6.594898e-08, -6.626794e-08, -6.589363e-08
138.100000, -7.348827e-08, -7.306912e-08, -7.330075e-08, -7.290286e-08
138.200000, -7.924970e-08, -7.880881e-08, -7.895359e-08, -7.849332e-08
138.300000, -8.358776e-08, -8.309738e-08, -8.315209e-08, -8.268435e-08
138.400000, -8.638994e-08, -8.589490e-08, -8.586306e-08, -8.535021e-08
138.500000, -8.770934e-08, -8.718269e-08, -8.706407e-08, -8.656125e-08
138.600000, -8.748612e-08, -8.697270e-08, -8.677365e-08, -8.624376e-08
138.700000, -8.582415e-08, -8.529718e-08, -8.502019e-08, -8.451797e-08
138.800000, -8.271346e-08, -8.221718e-08, -8.187107e-08, -8.135935e-08
138.900000, -7.830428e-08, -7.781149e-08, -7.740103e-08, -7.693356e-08
139.000000, -7.263058e-08, -7.218435e-08, -7.172030e-08, -7.125931e-08
139.100000, -6.588157e-08, -6.545377e-08, -6.494259e-08, -6.454033e-08
139.200000, -5.812656e-08, -5.775862e-08, -5.721241e-08, -5.682999e-08
139.300000, -4.958410e-08, -4.924653e-08, -4.867275e-08, -4.836053e-08
139.400000, -4.034827e-08, -4.008048e-08, -3.949186e-08, -3.920950e-08
139.500000, -3.065566e-08, -3.042650e-08, -2.983083e-08, -2.962648e-08
139.600000, -2.061338e-08, -2.046003e-08, -1.986997e-08, -1.970161e-08
139.700000, -1.046407e-08, -1.035355e-08, -9.776495e-09, -9.689936e-09
139.800000, -3.157264e-10, -2.828996e-10, 2.692309e-10, 3.177917e-10
139.900000, 9.594924e-09, 9.584878e-09, 1.010572e-08, 1.007283e-08
140.000000, 1.917061e-08, 1.908511e-08, 1.956407e-08, 1.949525e-08
140.100000, 2.819166e-08, 2.806723e-08, 2.849953e-08, 2.835356e-08
140.200000, 3.658194e-08, 3.638808e-08, 3.676497e-08, 3.658889e-08
140.300000, 4.414836e-08, 4.392309e-08, 4.424176e-08, 4.399633e-08
140.400000, 5.084451e-08, 5.055909e-08, 5.081296e-08, 5.054646e-08
140.500000, 5.651130e-08, 5.620487e-08, 5.639339e-08, 5.606821e-08
140.600000, 6.113820e-08, 6.078341e-08, 6.090238e-08, 6.056763e-08
140.700000, 6.460503e-08, 6.424172e-08, 6.429294e-08, 6.391221e-08
140.800000, 6.694068e-08, 6.654243e-08, 6.652406e-08, 6.614685e-08
140.900000, 6.806596e-08, 6.767285e-08, 6.758902e-08, 6.717965e-08
141.000000, 6.804994e-08, 6.763597e-08, 6.748710e-08, 6.709499e-08
141.100000, 6.685377e-08, 6.645878e-08, 6.625106e-08, 6.584078e-08
141.200000, 6.458464e-08, 6.418261e-08, 6.391845e-08, 6.353885e-08
141.300000, 6.124078e-08, 6.087082e-08, 6.055817e-08, 6.017362e-08
141.400000, 5.696302e-08, 5.659865e-08, 5.624148e-08, 5.589984e-08
141.500000, 5.178105e-08, 5.146027e-08, 5.106784e-08, 5.073287e-08
141.600000, 4.586280e-08, 4.555826e-08, 4.513563e-08, 4.485383e-08
141.700000, 3.926195e-08, 3.901022e-08, 3.856745e-08, 3.830163e-08
141.800000, 3.216541e-08, 3.193798e-08, 3.148068e-08, 3.127571e-08
141.900000, 2.464218e-08, 2.447395e-08, 2.401241e-08, 2.382992e-08
142.000000, 1.688902e-08, 1.675016e-08, 1.629000e-08, 1.617303e-08
142.100000, 8.980941e-09, 8.904512e-09, 8.455738e-09, 8.364624e-09
142.200000, 1.115145e-09, 1.069926e-09, 6.376271e-10, 6.135247e-10
142.300000, -6.636676e-09, -6.619450e-09, -7.026072e-09, -7.024163e-09
142.400000, -1.408593e-08, -1.403886e-08, -1.441570e-08, -1.434847e-08
142.500000, -2.117295e-08, -2.106654e-08, -2.140563e-08, -2.131531e-08
142.600000, -2.772592e-08, -2.759399e-08, -2.789260e-08, -2.774158e-08
142.700000, -3.370468e-08, -3.351929e-08, -3.377101e-08, -3.360258e-08
142.800000, -3.896092e-08, -3.875691e-08, -3.896066e-08, -3.873867e-08
142.900000, -4.347989e-08, -4.323060e-08, -4.338172e-08, -4.315026e-08
143.000000, -4.714170e-08, -4.688266e-08, -4.698189e-08, -4.670597e-08
143.100000, -4.996090e-08, -4.966641e-08, -4.971097e-08, -4.943511e-08
143.200000, -5.184889e-08, -5.155483e-08, -5.154727e-08, -5.123732e-08
143.300000, -5.285131e-08, -5.253256e-08, -5.247191e-08, -5.217250e-08
143.400000, -5.291151e-08, -5.260394e-08, -5.249450e-08, -5.217190e-08
143.500000, -5.210583e-08, -5.178453e-08, -5.162699e-08, -5.132556e-08
143.600000, -5.040814e-08, -5.010859e-08, -4.990875e-08, -4.959486e-08
143.700000, -4.792303e-08, -4.762016e-08, -4.738014e-08, -4.709750e-08
143.800000, -4.465148e-08, -4.438006e-08, -4.410687e-08, -4.382157e-08
143.900000, -4.072209e-08, -4.045658e-08, -4.015340e-08, -3.990821e-08
144.000000, -3.615795e-08, -3.593208e-08, -3.560675e-08, -3.536722e-08
144.100000, -3.110594e-08, -3.089342e-08, -3.054981e-08, -3.035751e-08
144.200000, -2.560497e-08, -2.543830e-08, -2.508468e-08, -2.490436e-08
144.300000, -1.981352e-08, -1.966549e-08, -1.930594e-08, -1.917779e-08
144.400000, -1.377929e-08, -1.368099e-08, -1.332379e-08, -1.321163e-08
144.500000, -7.665109e-09, -7.588294e-09, -7.237347e-09, -7.179877e-09
144.600000, -1.520147e-09, -1.494448e-09, -1.157625e-09, -1.117672e-09
144.700000, 4.495653e-09, 4.499544e-09, 4.818910e-09, 4.804147e-09
144.800000, 1.033874e-08, 1.029262e-08, 1.058744e-08, 1.055610e-08
144.900000, 1.585884e-08, 1.579301e-08, 1.606087e-08, 1.597719e-08
145.000000, 2.102442e-08, 2.091201e-08, 2.114689e-08, 2.104988e-08
145.100000, 2.570077e-08, 2.557294e-08, 2.577360e-08, 2.562879e-08
145.200000, 2.987368e-08, 2.970469e-08, 2.986643e-08, 2.971351e-08
145.300000, 3.342865e-08, 3.325033e-08, 3.337323e-08, 3.317881e-08
145.400000, 3.637267e-08, 3.616021e-08, 3.624099e-08, 3.604524e-08
145.500000, 3.861462e-08, 3.840023e-08, 3.844040e-08, 3.821074e-08
145.600000, 4.018503e-08, 3.994453e-08, 3.994226e-08, 3.971906e-08
145.700000, 4.101756e-08, 4.078330e-08, 4.074149e-08, 4.049273e-08
145.800000, 4.116694e-08, 4.091510e-08, 4.083329e-08, 4.059922e-08
145.900000, 4.059142e-08, 4.035417e-08, 4.023655e-08, 3.998541e-08
146.000000, 3.936887e-08, 3.912246e-08, 3.896978e-08, 3.874147e-08
146.100000, 3.748033e-08, 3.725647e-08, 3.707400e-08, 3.683672e-08
146.200000, 3.502426e-08, 3.479899e-08, 3.458848e-08, 3.438147e-08
146.300000, 3.200124e-08, 3.180557e-08, 3.157309e-08, 3.136430e-08
146.400000, 2.852648e-08, 2.833602e-08, 2.808402e-08, 2.791182e-08
146.500000, 2.461572e-08, 2.446057e-08, 2.419564e-08, 2.402749e-08
146.600000, 2.039610e-08, 2.025126e-08, 1.997621e-08, 1.984943e-08
146.700000, 1.589336e-08, 1.578785e-08, 1.550946e-08, 1.539089e-08
146.800000, 1.124109e-08, 1.114918e-08, 1.087030e-08, 1.079611e-08
146.900000, 6.469399e-09, 6.418974e-09, 6.146239e-09, 6.082544e-09
147.000000, 1.712704e-09, 1.677232e-09, 1.413213e-09, 1.394979e-09
147.100000, -3.000182e-09, -2.993973e-09, -3.243099e-09, -3.250499e-09
147.200000, -7.539562e-09, -7.518986e-09, -7.751210e-09, -7.713995e-09
147.300000, -1.188322e-08, -1.182266e-08, -1.203252e-08, -1.198601e-08
147.400000, -1.591117e-08, -1.583865e-08, -1.602495e-08, -1.593646e-08
147.500000, -1.961242e-08, -1.950333e-08, -1.966154e-08, -1.956698e-08
147.600000, -2.288090e-08, -2.276383e-08, -2.289372e-08, -2.276138e-08
147.700000, -2.572052e-08, -2.557170e-08, -2.566980e-08, -2.553601e-08
147.800000, -2.804218e-08, -2.789061e-08, -2.795778e-08, -2.779163e-08
147.900000, -2.986722e-08, -2.968978e-08, -2.972367e-08, -2.956172e-08
148.000000, -3.112541e-08, -3.095127e-08, -3.095384e-08, -3.076577e-08
148.100000, -3.185671e-08, -3.166319e-08, -3.163321e-08, -3.145558e-08
148.200000, -3.201033e-08, -3.182657e-08, -3.176704e-08, -3.156990e-08
148.300000, -3.164475e-08, -3.144827e-08, -3.135899e-08, -3.117871e-08
148.400000, -3.072790e-08, -3.054757e-08, -3.043247e-08, -3.023922e-08
148.500000, -2.933545e-08, -2.914877e-08, -2.900852e-08, -2.883824e-08
148.600000, -2.745208e-08, -2.728746e-08, -2.712676e-08, -2.694955e-08
148.700000, -2.516822e-08, -2.500295e-08, -2.482314e-08, -2.467432e-08
148.800000, -2.248239e-08, -2.234423e-08, -2.215051e-08, -2.199994e-08
148.900000, -1.949638e-08, -1.936224e-08, -1.915640e-08, -1.903862e-08
149.000000, -1.621884e-08, -1.611567e-08, -1.590322e-08, -1.578768e-08
149.100000, -1.275895e-08, -1.266316e-08, -1.244605e-08, -1.236641e-08
149.200000, -9.131237e-09, -9.068909e-09, -8.852654e-09, -8.777875e-09
149.300000, -5.447916e-09, -5.394884e-09, -5.181367e-09, -5.144146e-09
149.400000, -1.725002e-09, -1.706412e-09, -1.500934e-09, -1.469696e-09
149.500000, 1.926652e-09, 1.935557e-09, 2.131437e-09, 2.124967e-09
149.600000, 5.493866e-09, 5.468859e-09, 5.650293e-09, 5.638217e-09
149.700000, 8.871298e-09, 8.837694e-09, 9.003649e-09, 8.955178e-09
149.800000, 1.205252e-08, 1.198696e-08, 1.213322e-08, 1.208093e-08
149.900000, 1.494134e-08, 1.486961e-08, 1.499584e-08, 1.490979e-08
150.000000, 1.754138e-08, 1.744087e-08, 1.754364e-08, 1.745677e-08
150.100000, 1.976848e-08, 1.966535e-08, 1.974511e-08, 1.962823e-08
150.200000, 2.163878e-08, 2.151105e-08, 2.156523e-08, 2.145150e-08
150.300000, 2.308218e-08, 2.295620e-08, 2.298611e-08, 2.284691e-08
150.400000, 2.412884e-08, 2.398309e-08, 2.398703e-08, 2.385562e-08
150.500000, 2.472369e-08, 2.458458e-08, 2.456471e-08, 2.441287e-08
150.600000, 2.491144e-08, 2.475772e-08, 2.471318e-08, 2.457407e-08
150.700000, 2.465204e-08, 2.450999e-08, 2.444372e-08, 2.428936e-08
150.800000, 2.400422e-08, 2.385270e-08, 2.376460e-08, 2.362786e-08
150.900000, 2.294197e-08, 2.280694e-08, 2.270061e-08, 2.255360e-08
151.000000, 2.153658e-08, 2.139685e-08, 2.127281e-08, 2.114796e-08
151.100000, 1.977420e-08, 1.965529e-08, 1.951764e-08, 1.938696e-08
151.200000, 1.773646e-08, 1.761697e-08, 1.746667e-08, 1.736203e-08
151.300000, 1.541911e-08, 1.532395e-08, 1.516545e-08, 1.505864e-08
151.400000, 1.291122e-08, 1.281870e-08, 1.265320e-08, 1.257541e-08
151.500000, 1.021504e-08, 1.014940e-08, 9.981478e-09, 9.904174e-09
151.600000, 7.423878e-09, 7.363002e-09, 7.193915e-09, 7.147542e-09
151.700000, 4.543069e-09, 4.510480e-09, 4.344725e-09, 4.300384e-09
151.800000, 1.666706e-09, 1.639858e-09, 1.478556e-09, 1.465896e-09
151.900000, -1.200177e-09, -1.198514e-09, -1.351128e-09, -1.361388e-09
152.000000, -3.966072e-09, -3.958871e-09, -4.101997e-09, -4.080990e-09
152.100000, -6.629500e-09, -6.594718e-09, -6.724541e-09, -6.701912e-09
152.200000, -9.104604e-09, -9.065599e-09, -9.181790e-09, -9.129407e-09
152.300000, -1.139632e-08, -1.133171e-08, -1.143101e-08, -1.137882e-08
152.400000, -1.342703e-08, -1.336049e-08, -1.344314e-08, -1.336367e-08
152.500000, -1.521038e-08, -1.512109e-08, -1.518447e-08, -1.510788e-08
152.600000, -1.667895e-08, -1.659079e-08, -1.663579e-08, -1.653515e-08
152.700000, -1.785668e-08, -1.774930e-08, -1.777398e-08, -1.767955e-08
152.800000, -1.868758e-08, -1.858493e-08, -1.859084e-08, -1.847613e-08
152.900000, -1.920673e-08, -1.908877e-08, -1.907466e-08, -1.896987e-08
153.000000, -1.936996e-08, -1.926060e-08, -1.922866e-08, -1.910760e-08
153.100000, -1.922353e-08, -1.910292e-08, -1.905251e-08, -1.894524e-08
153.200000, -1.873477e-08, -1.862662e-08, -1.856052e-08, -1.844098e-08
153.300000, -1.796037e-08, -1.784487e-08, -1.776299e-08, -1.766093e-08
153.400000, -1.687804e-08, -1.677861e-08, -1.668417e-08, -1.657358e-08
153.500000, -1.555352e-08, -1.545027e-08, -1.534361e-08, -1.525382e-08
153.600000, -1.397319e-08, -1.388910e-08, -1.377379e-08, -1.367868e-08
153.700000, -1.220984e-08, -1.212485e-08, -1.200150e-08, -1.192991e-08
153.800000, -1.025633e-08, -1.019290e-08, -1.006527e-08, -9.990895e-09
153.900000, -8.190107e-09, -8.127934e-09, -7.996767e-09, -7.947839e-09
154.000000, -6.007979e-09, -5.968949e-09, -5.838023e-09, -5.788025e-09
154.100000, -3.789445e-09, -3.752948e-09, -3.622985e-09, -3.599513e-09
154.200000, -1.532594e-09, -1.519915e-09, -1.394568e-09, -1.370835e-09
154.300000, 6.836926e-10, 6.934776e-10, 8.136604e-10, 8.107039e-10
154.400000, 2.862670e-09, 2.848880e-09, 2.960507e-09, 2.957913e-09
154.500000, 4.928607e-09, 4.912465e-09, 5.015290e-09, 4.986735e-09
154.600000, 6.888515e-09, 6.849908e-09, 6.940918e-09, 6.913688e-09
154.700000, 8.672052e-09, 8.632457e-09, 8.711812e-09, 8.660161e-09
154.800000, 1.029203e-08, 1.023184e-08, 1.029699e-08, 1.024838e-08
154.900000, 1.168530e-08, 1.162618e-08, 1.167777e-08, 1.160696e-08
155.000000, 1.287203e-08, 1.279481e-08, 1.283080e-08, 1.276535e-08
155.100000, 1.379754e-08, 1.372398e-08, 1.374552e-08, 1.366061e-08
155.200000, 1.449035e-08, 1.440159e-08, 1.440719e-08, 1.433038e-08
155.300000, 1.490492e-08, 1.482273e-08, 1.481403e-08, 1.472082e-08
155.400000, 1.507846e-08, 1.498422e-08, 1.496025e-08, 1.487810e-08
155.500000, 1.497467e-08, 1.489001e-08, 1.485291e-08, 1.475752e-08
155.600000, 1.463921e-08, 1.454564e-08, 1.449490e-08, 1.441351e-08
155.700000, 1.404445e-08, 1.396338e-08, 1.390154e-08, 1.380997e-08
155.800000, 1.324370e-08, 1.315667e-08, 1.308359e-08, 1.300878e-08
155.900000, 1.221692e-08, 1.214503e-08, 1.206359e-08, 1.198136e-08
156.000000, 1.102378e-08, 1.094848e-08, 1.085883e-08, 1.079573e-08
156.100000, 9.650298e-09, 9.592326e-09, 9.497530e-09, 9.429308e-09
156.200000, 8.160801e-09, 8.101454e-09, 8.001842e-09, 7.954595e-09
156.300000, 6.545542e-09, 6.505102e-09, 6.403829e-09, 6.353171e-09
156.400000, 4.871537e-09, 4.831114e-09, 4.728555e-09, 4.700078e-09
156.500000, 3.131240e-09, 3.110633e-09, 3.009911e-09, 2.979060e-09
156.600000, 1.392294e-09, 1.372393e-09, 1.273812e-09, 1.265649e-09
156.700000, -3.527280e-10, -3.526176e-10, -4.460834e-10, -4.562932e-10
156.800000, -2.037600e-09, -2.036810e-09, -2.125036e-09, -2.112758e-09
156.900000, -3.671617e-09, -3.651322e-09, -3.731583e-09, -3.721721e-09
157.000000, -5.191853e-09, -5.171584e-09, -5.244026e-09, -5.212549e-09
157.100000, -6.611231e-09, -6.572610e-09, -6.634837e-09, -6.606785e-09
157.200000, -7.871735e-09, -7.834444e-09, -7.886946e-09, -7.838742e-09
157.300000, -8.991344e-09, -8.937400e-09, -8.978165e-09, -8.934933e-09
157.400000, -9.918184e-09, -9.867361e-09, -9.897262e-09, -9.835819e-09
157.500000, -1.067631e-08, -1.061095e-08, -1.062839e-08, -1.057387e-08
157.600000, -1.122078e-08, -1.116067e-08, -1.116692e-08, -1.109647e-08
157.700000, -1.158228e-08, -1.151000e-08, -1.150388e-08, -1.144257e-08
157.800000, -1.172311e-08, -1.165839e-08, -1.164157e-08, -1.156677e-08
157.900000, -1.168066e-08, -1.160625e-08, -1.157792e-08, -1.151457e-08
158.000000, -1.142431e-08, -1.135980e-08, -1.132198e-08, -1.124759e-08
158.100000, -1.099778e-08, -1.092598e-08, -1.087821e-08, -1.081750e-08
158.200000, -1.037691e-08, -1.031719e-08, -1.026176e-08, -1.019233e-08
158.300000, -9.610905e-09, -9.546085e-09, -9.482817e-09, -9.429081e-09
158.400000, -8.681081e-09, -8.630236e-09, -8.561632e-09, -8.501192e-09
158.500000, -7.640999e-09, -7.586887e-09, -7.512947e-09, -7.469862e-09
158.600000, -6.476116e-09, -6.437468e-09, -6.360814e-09, -6.312635e-09
158.700000, -5.242919e-09, -5.202383e-09, -5.123105e-09, -5.093490e-09
158.800000, -3.929507e-09, -3.905429e-09, -3.826176e-09, -3.792585e-09
158.900000, -2.593715e-09, -2.568604e-09, -2.489463e-09, -2.475121e-09
159.000000, -1.224672e-09, -1.216471e-09, -1.140022e-09, -1.122280e-09
159.100000, 1.200545e-10, 1.289908e-10, 2.027537e-10, 2.011105e-10
159.200000, 1.451904e-09, 1.444035e-09, 1.512685e-09, 1.514417e-09
159.300000, 2.715125e-09, 2.708241e-09, 2.771956e-09, 2.754711e-09
159.400000, 3.923204e-09, 3.900152e-09, 3.956729e-09, 3.943364e-09
159.500000, 5.023589e-09, 5.002278e-09, 5.052132e-09, 5.020696e-09
159.600000, 6.033080e-09, 5.996708e-09, 6.037916e-09, 6.011329e-09
159.700000, 6.903450e-09, 6.870006e-09, 6.903265e-09, 6.859938e-09
159.800000, 7.655792e-09, 7.608776e-09, 7.632478e-09, 7.595345e-09
159.900000, 8.247016e-09, 8.204443e-09, 8.219590e-09, 8.167372e-09
160.000000, 8.703143e-09, 8.648760e-09, 8.654071e-09, 8.609660e-09
160.100000, 8.986672e-09, 8.938460e-09, 8.935244e-09, 8.877606e-09
160.200000, 9.128820e-09, 9.070707e-09, 9.058000e-09, 9.009928e-09
160.300000, 9.097750e-09, 9.047620e-09, 9.027021e-09, 8.967660e-09
160.400000, 8.929772e-09, 8.871668e-09, 8.842503e-09, 8.794479e-09
160.500000, 8.598424e-09, 8.550071e-09, 8.514189e-09, 8.456766e-09
160.600000, 8.144654e-09, 8.090148e-09, 8.047117e-09, 8.002695e-09
160.700000, 7.546759e-09, 7.503607e-09, 7.455472e-09, 7.403374e-09
160.800000, 6.849561e-09, 6.801857e-09, 6.748369e-09, 6.710716e-09
160.900000, 6.035221e-09, 6.000207e-09, 5.943541e-09, 5.899665e-09
161.000000, 5.151434e-09, 5.113157e-09, 5.053177e-09, 5.024878e-09
161.100000, 4.183126e-09, 4.158524e-09, 4.097466e-09, 4.064046e-09
161.200000, 3.179694e-09, 3.152735e-09, 3.090502e-09, 3.073411e-09
161.300000, 2.127606e-09, 2.114902e-09, 2.053715e-09, 2.032200e-09
161.400000, 1.076710e-09, 1.062133e-09, 1.001862e-09, 9.970095e-10
161.500000, 1.375707e-11, 1.358260e-11, -4.363565e-11, -5.264262e-11
161.600000, -1.012200e-09, -1.014197e-09, -1.068592e-09, -1.061035e-09
161.700000, -2.015341e-09, -2.003215e-09, -2.052798e-09, -2.049551e-09
161.800000, -2.948563e-09, -2.938626e-09, -2.983783e-09, -2.964480e-09
161.900000, -3.828065e-09, -3.804681e-09, -3.843619e-09, -3.829174e-09
162.000000, -4.609690e-09, -4.589230e-09, -4.622537e-09, -4.592910e-09
162.100000, -5.312546e-09, -5.279653e-09, -5.305769e-09, -5.281882e-09
162.200000, -5.896196e-09, -5.867267e-09, -5.887007e-09, -5.849109e-09
162.300000, -6.383308e-09, -6.343220e-09, -6.355278e-09, -6.324260e-09
162.400000, -6.737673e-09, -6.702805e-09, -6.708235e-09, -6.664589e-09
162.500000, -6.985888e-09, -6.941306e-09, -6.939056e-09, -6.903596e-09
162.600000, -7.096194e-09, -7.058210e-09, -7.049567e-09, -7.002980e-09
162.700000, -7.099197e-09, -7.053013e-09, -7.037169e-09, -7.000140e-09
162.800000, -6.967520e-09, -6.929332e-09, -6.907784e-09, -6.861143e-09
162.900000, -6.735571e-09, -6.690668e-09, -6.662818e-09, -6.627079e-09
163.000000, -6.380012e-09, -6.344426e-09, -6.311949e-09, -6.268035e-09
163.100000, -5.938588e-09, -5.897649e-09, -5.860118e-09, -5.828322e-09
163.200000, -5.391419e-09, -5.360952e-09, -5.320171e-09, -5.281469e-09
163.300000, -4.778902e-09, -4.744239e-09, -4.699901e-09, -4.674329e-09
163.400000, -4.083840e-09, -4.060564e-09, -4.014550e-09, -3.983102e-09
163.500000, -3.348438e-09, -3.321852e-09, -3.273917e-09, -3.256342e-09
163.600000, -2.557273e-09, -2.542695e-09, -2.494741e-09, -2.472024e-09
163.700000, -1.753410e-09, -1.736094e-09, -1.687882e-09, -1.679469e-09
163.800000, -9.222269e-10, -9.172136e-10, -8.706081e-10, -8.574604e-10
163.900000, -1.066710e-10, -9.915414e-11, -5.386904e-11, -5.512295e-11
164.000000, 7.080539e-10, 7.033117e-10, 7.455031e-10, 7.489110e-10
164.100000, 1.480066e-09, 1.477926e-09, 1.517407e-09, 1.506646e-09
164.200000, 2.225243e-09, 2.211212e-09, 2.246343e-09, 2.240494e-09
164.300000, 2.903619e-09, 2.892601e-09, 2.923902e-09, 2.904424e-09
164.400000, 3.532939e-09, 3.510689e-09, 3.536690e-09, 3.522661e-09
164.500000, 4.075858e-09, 4.057296e-09, 4.078683e-09, 4.051828e-09
164.600000, 4.552600e-09, 4.523704e-09, 4.539198e-09, 4.518565e-09
164.700000, 4.928956e-09, 4.904633e-09, 4.915102e-09, 4.882649e-09
164.800000, 5.228043e-09, 5.194456e-09, 5.198822e-09, 5.173533e-09
164.900000, 5.419084e-09, 5.391091e-09, 5.390406e-09, 5.354436e-09
165.000000, 5.528278e-09, 5.492189e-09, 5.485571e-09, 5.457804e-09
165.100000, 5.528353e-09, 5.498937e-09, 5.487614e-09, 5.450361e-09
165.200000, 5.448548e-09, 5.412224e-09, 5.395494e-09, 5.367500e-09
165.300000, 5.264946e-09, 5.236359e-09, 5.215600e-09, 5.179295e-09
165.400000, 5.009576e-09, 4.975213e-09, 4.949878e-09, 4.923831e-09
165.500000, 4.661523e-09, 4.635867e-09, 4.607454e-09, 4.574176e-09
165.600000, 4.255160e-09, 4.224733e-09, 4.192813e-09, 4.170665e-09
165.700000, 3.772048e-09, 3.751143e-09, 3.717296e-09, 3.688840e-09
165.800000, 3.248314e-09, 3.223459e-09, 3.187330e-09, 3.170694e-09
165.900000, 2.667337e-09, 2.652610e-09, 2.615819e-09, 2.593590e-09
166.000000, 2.066298e-09, 2.048215e-09, 2.010437e-09, 2.000490e-09
166.100000, 1.429657e-09, 1.422067e-09, 1.384916e-09, 1.369848e-09
166.200000, 7.948951e-10, 7.842864e-10, 7.474260e-10, 7.448503e-10
166.300000, 1.467901e-10, 1.467766e-10, 1.117712e-10, 1.042872e-10
166.400000, -4.776393e-10, -4.805954e-10, -5.141377e-10, -5.091806e-10
166.500000, -1.094037e-09, -1.086556e-09, -1.117157e-09, -1.117154e-09
166.600000, -1.666556e-09, -1.662196e-09, -1.690338e-09, -1.678196e-09
166.700000, -2.211933e-09, -2.197536e-09, -2.221860e-09, -2.214960e-09
166.800000, -2.696108e-09, -2.685241e-09, -2.706343e-09, -2.687832e-09
166.900000, -3.137469e-09, -3.117175e-09, -3.133840e-09, -3.121066e-09
167.000000, -3.504227e-09, -3.488060e-09, -3.501020e-09, -3.477348e-09
167.100000, -3.816835e-09, -3.792015e-09, -3.800208e-09, -3.782929e-09
167.200000, -4.046102e-09, -4.026144e-09, -4.030445e-09, -4.003116e-09
167.300000, -4.214789e-09, -4.187062e-09, -4.186566e-09, -4.166394e-09
167.400000, -4.296459e-09, -4.274408e-09, -4.270131e-09, -4.240834e-09
167.500000, -4.316246e-09, -4.287360e-09, -4.278546e-09, -4.257219e-09
167.600000, -4.250449e-09, -4.228074e-09, -4.215867e-09, -4.186357e-09
167.700000, -4.126471e-09, -4.098182e-09, -4.081959e-09, -4.061218e-09
167.800000, -3.923151e-09, -3.902167e-09, -3.883180e-09, -3.855156e-09
167.900000, -3.669897e-09, -3.643852e-09, -3.621586e-09, -3.603061e-09
168.000000, -3.347752e-09, -3.329711e-09, -3.305498e-09, -3.280494e-09
168.100000, -2.987726e-09, -2.965356e-09, -2.938761e-09, -2.923865e-09
168.200000, -2.572607e-09, -2.558800e-09, -2.531201e-09, -2.510489e-09
168.300000, -2.134504e-09, -2.116943e-09, -2.087949e-09, -2.077796e-09
168.400000, -1.657407e-09, -1.648792e-09, -1.619796e-09, -1.604313e-09
168.500000, -1.173955e-09, -1.161968e-09, -1.132590e-09, -1.127930e-09
168.600000, -6.687486e-10, -6.658931e-10, -6.375027e-10, -6.278027e-10
168.700000, -1.743622e-10, -1.683165e-10, -1.405101e-10, -1.416956e-10
168.800000, 3.245835e-10, 3.215170e-10, 3.474220e-10, 3.511909e-10
168.900000, 7.961576e-10, 7.963042e-10, 8.207656e-10, 8.137883e-10
169.000000, 1.256278e-09, 1.247530e-09, 1.269312e-09, 1.267400e-09
169.100000, 1.674182e-09, 1.668861e-09, 1.688499e-09, 1.676169e-09
169.200000, 2.066813e-09, 2.052994e-09, 2.069355e-09, 2.062379e-09
169.300000, 2.405013e-09, 2.395001e-09, 2.408718e-09, 2.391815e-09
169.400000, 2.707140e-09, 2.689176e-09, 2.699232e-09, 2.688119e-09
169.500000, 2.945966e-09, 2.932318e-09, 2.939456e-09, 2.919033e-09
169.600000, 3.141525e-09, 3.120581e-09, 3.123906e-09, 3.109818e-09
169.700000, 3.268721e-09, 3.252691e-09, 3.253055e-09, 3.230361e-09
169.800000, 3.349391e-09, 3.326785e-09, 3.323416e-09, 3.307665e-09
169.900000, 3.360627e-09, 3.343575e-09, 3.337430e-09, 3.313816e-09
170.000000, 3.326068e-09, 3.303176e-09, 3.293596e-09, 3.277548e-09
170.100000, 3.224913e-09, 3.208209e-09, 3.196243e-09, 3.173068e-09
170.200000, 3.082462e-09, 3.060626e-09, 3.045711e-09, 3.030696e-09
170.300000, 2.879823e-09, 2.864759e-09, 2.848018e-09, 2.826559e-09
170.400000, 2.643700e-09, 2.624140e-09, 2.605086e-09, 2.592309e-09
170.500000, 2.356802e-09, 2.344505e-09, 2.324311e-09, 2.305681e-09
170.600000, 2.046883e-09, 2.030617e-09, 2.008848e-09, 1.999313e-09
170.700000, 1.697862e-09, 1.689229e-09, 1.667080e-09, 1.652161e-09
170.800000, 1.338127e-09, 1.325916e-09, 1.302978e-09, 1.297433e-09
170.900000, 9.523634e-10, 9.480089e-10, 9.254737e-10, 9.148669e-10
171.000000, 5.691363e-10, 5.614418e-10, 5.388956e-10, 5.377889e-10
171.100000, 1.734313e-10, 1.736592e-10, 1.522665e-10, 1.462636e-10
171.200000, -2.064695e-10, -2.095040e-10, -2.301857e-10, -2.267206e-10
171.300000, -5.857333e-10, -5.809383e-10, -5.997973e-10, -6.012209e-10
171.400000, -9.367977e-10, -9.353432e-10, -9.528720e-10, -9.450134e-10
171.500000, -1.275396e-09, -1.266354e-09, -1.281514e-09, -1.278684e-09
171.600000, -1.575068e-09, -1.569586e-09, -1.582935e-09, -1.571149e-09
171.700000, -1.852460e-09, -1.839762e-09, -1.850350e-09, -1.843862e-09
171.800000, -2.082517e-09, -2.073717e-09, -2.082181e-09, -2.067177e-09
171.900000, -2.283063e-09, -2.267522e-09, -2.273006e-09, -2.263672e-09
172.000000, -2.430658e-09, -2.419438e-09, -2.422665e-09, -2.405340e-09
172.100000, -2.544460e-09, -2.527046e-09, -2.527255e-09, -2.516042e-09
172.200000, -2.602754e-09, -2.590139e-09, -2.588139e-09, -2.569511e-09
172.300000, -2.626087e-09, -2.607857e-09, -2.602980e-09, -2.590938e-09
172.400000, -2.594465e-09, -2.581528e-09, -2.574658e-09, -2.555793e-09
172.500000, -2.529771e-09, -2.511796e-09, -2.502351e-09, -2.490542e-09
172.600000, -2.413629e-09, -2.401420e-09, -2.390348e-09, -2.372286e-09
172.700000, -2.269108e-09, -2.252399e-09, -2.239189e-09, -2.228614e-09
172.800000, -2.079252e-09, -2.068729e-09, -2.054376e-09, -2.038062e-09
172.900000, -1.868083e-09, -1.853529e-09, -1.837573e-09, -1.829109e-09
173.000000, -1.619792e-09, -1.611759e-09, -1.595226e-09, -1.581455e-09
173.100000, -1.359054e-09, -1.347364e-09, -1.329824e-09, -1.324172e-09
173.200000, -1.070882e-09, -1.065945e-09, -1.048434e-09, -1.037799e-09
173.300000, -7.802598e-10, -7.719262e-10, -7.540239e-10, -7.516635e-10
173.400000, -4.726684e-10, -4.712010e-10, -4.539292e-10, -4.467942e-10
173.500000, -1.730398e-10, -1.683133e-10, -1.512430e-10, -1.524165e-10
173.600000, 1.330399e-10, 1.309118e-10, 1.467916e-10, 1.503092e-10
173.700000, 4.210436e-10, 4.221613e-10, 4.373087e-10, 4.326065e-10
173.800000, 7.056231e-10, 7.000192e-10, 7.134942e-10, 7.135207e-10
173.900000, 9.629794e-10, 9.607257e-10, 9.730310e-10, 9.650422e-10
174.000000, 1.208305e-09, 1.199573e-09, 1.209832e-09, 1.206719e-09
174.100000, 1.418801e-09, 1.413626e-09, 1.422397e-09, 1.411574e-09
174.200000, 1.610443e-09, 1.599127e-09, 1.605606e-09, 1.599897e-09
174.300000, 1.761642e-09, 1.754172e-09, 1.758980e-09, 1.745948e-09
174.400000, 1.889325e-09, 1.876119e-09, 1.878528e-09, 1.870919e-09
174.500000, 1.973239e-09, 1.964225e-09, 1.964922e-09, 1.950430e-09
174.600000, 2.031354e-09, 2.017053e-09, 2.015386e-09, 2.006665e-09
174.700000, 2.044798e-09, 2.035064e-09, 2.031782e-09, 2.016646e-09
174.800000, 2.032590e-09, 2.018030e-09, 2.012552e-09, 2.003551e-09
174.900000, 1.977201e-09, 1.967582e-09, 1.960712e-09, 1.945763e-09
175.000000, 1.898621e-09, 1.884624e-09, 1.875844e-09, 1.867377e-09
175.100000, 1.780553e-09, 1.771843e-09, 1.762000e-09, 1.748022e-09
175.200000, 1.643809e-09, 1.631126e-09, 1.619752e-09, 1.612563e-09
175.300000, 1.473140e-09, 1.466038e-09, 1.454010e-09, 1.441695e-09
175.400000, 1.289976e-09, 1.279244e-09, 1.266128e-09, 1.260844e-09
175.500000, 1.079884e-09, 1.074954e-09, 1.061641e-09, 1.051541e-09
175.600000, 8.646588e-10, 8.563591e-10, 8.424340e-10, 8.395285e-10
175.700000, 6.304155e-10, 6.280506e-10, 6.144035e-10, 6.069058e-10
175.800000, 3.990393e-10, 3.934739e-10, 3.796897e-10, 3.794570e-10
175.900000, 1.569122e-10, 1.573196e-10, 1.442713e-10, 1.395745e-10
176.000000, -7.427193e-11, -7.699401e-11, -8.973536e-11, -8.719264e-11
176.100000, -3.081426e-10, -3.049508e-10, -3.165448e-10, -3.184345e-10
176.200000, -5.234648e-10, -5.234268e-10, -5.343297e-10, -5.290994e-10
176.300000, -7.341351e-10, -7.283338e-10, -7.377498e-10, -7.370114e-10
176.400000, -9.196138e-10, -9.170780e-10, -9.255015e-10, -9.178486e-10
176.500000, -1.094282e-09, -1.086214e-09, -1.092903e-09, -1.089882e-09
176.600000, -1.238486e-09, -1.233869e-09, -1.239363e-09, -1.229705e-09
176.700000, -1.367258e-09, -1.357405e-09, -1.361022e-09, -1.356199e-09
176.800000, -1.461965e-09, -1.455805e-09, -1.458133e-09, -1.447005e-09
176.900000, -1.538395e-09, -1.527340e-09, -1.527758e-09, -1.521715e-09
177.000000, -1.579011e-09, -1.571923e-09, -1.571069e-09, -1.559086e-09
177.100000, -1.600393e-09, -1.588775e-09, -1.586088e-09, -1.579459e-09
177.200000, -1.586107e-09, -1.578744e-09, -1.574906e-09, -1.562715e-09
177.300000, -1.553505e-09, -1.541978e-09, -1.536479e-09, -1.529915e-09
177.400000, -1.487195e-09, -1.480202e-09, -1.473765e-09, -1.462004e-09
177.500000, -1.405219e-09, -1.394405e-09, -1.386567e-09, -1.380682e-09
177.600000, -1.293113e-09, -1.287081e-09, -1.278591e-09, -1.267844e-09
177.700000, -1.169470e-09, -1.159921e-09, -1.150350e-09, -1.145691e-09
177.800000, -1.020596e-09, -1.016027e-09, -1.006143e-09, -9.969055e-10
177.900000, -8.654539e-10, -8.576157e-10, -8.470110e-10, -8.440160e-10
178.000000, -6.909252e-10, -6.882033e-10, -6.776503e-10, -6.702999e-10
178.100000, -5.161382e-10, -5.103266e-10, -4.994271e-10, -4.984060e-10
178.200000, -3.283326e-10, -3.277022e-10, -3.172203e-10, -3.119946e-10
178.300000, -1.465837e-10, -1.429684e-10, -1.325027e-10, -1.336197e-10
178.400000, 4.173106e-11, 4.017613e-11, 4.988175e-11, 5.289414e-11
178.500000, 2.178062e-10, 2.192074e-10, 2.285691e-10, 2.253006e-10
178.600000, 3.943377e-10, 3.906541e-10, 3.989588e-10, 3.998186e-10
178.700000, 5.529896e-10, 5.523056e-10, 5.599939e-10, 5.547058e-10
178.800000, 7.067190e-10, 7.011040e-10, 7.075021e-10, 7.064091e-10
178.900000, 8.378299e-10, 8.353222e-10, 8.409023e-10, 8.338573e-10
179.000000, 9.596940e-10, 9.524669e-10, 9.566004e-10, 9.538750e-10
179.100000, 1.055386e-09, 1.051426e-09, 1.054621e-09, 1.046190e-09
179.200000, 1.138802e-09, 1.130378e-09, 1.132054e-09, 1.128111e-09
179.300000, 1.193871e-09, 1.188909e-09, 1.189613e-09, 1.180246e-09
179.400000, 1.235073e-09, 1.225932e-09, 1.225131e-09, 1.220447e-09
179.500000, 1.247228e-09, 1.241764e-09, 1.240041e-09, 1.230233e-09
179.600000, 1.245409e-09, 1.236059e-09, 1.232927e-09, 1.228008e-09
179.700000, 1.215307e-09, 1.209853e-09, 1.205925e-09, 1.196184e-09
179.800000, 1.172551e-09, 1.163497e-09, 1.158327e-09, 1.153674e-09
179.900000, 1.103637e-09, 1.098681e-09, 1.092909e-09, 1.083719e-09
180.000000, 1.024664e-09, 1.016372e-09, 1.009584e-09, 1.005657e-09
180.100000, 9.228304e-10, 9.188071e-10, 9.116610e-10, 9.034503e-10
180.200000, 8.145801e-10, 8.074472e-10, 7.995514e-10, 7.967419e-10
180.300000, 6.876751e-10, 6.849394e-10, 6.769599e-10, 6.700780e-10
180.400000, 5.587556e-10, 5.530876e-10, 5.446468e-10, 5.432561e-10
180.500000, 4.159851e-10, 4.147903e-10, 4.065521e-10, 4.012473e-10
180.600000, 2.760337e-10, 2.720281e-10, 2.636186e-10, 2.638394e-10
180.700000, 1.272947e-10, 1.277802e-10, 1.198518e-10, 1.162587e-10
180.800000, -1.370381e-11, -1.596707e-11, -2.379433e-11, -2.188570e-11
180.900000, -1.585093e-10, -1.563225e-10, -1.634168e-10, -1.652810e-10
181.000000, -2.909001e-10, -2.914589e-10, -2.982142e-10, -2.946586e-10
181.100000, -4.225231e-10, -4.187297e-10, -4.245425e-10, -4.247749e-10
181.200000, -5.376105e-10, -5.366134e-10, -5.418986e-10, -5.368464e-10
181.300000, -6.480444e-10, -6.428432e-10, -6.470311e-10, -6.458321e-10
181.400000, -7.386313e-10, -7.363235e-10, -7.398546e-10, -7.335513e-10
181.500000, -8.215945e-10, -8.152714e-10, -8.176134e-10, -8.152691e-10
181.600000, -8.824016e-10, -8.791045e-10, -8.807261e-10, -8.734923e-10
181.700000, -9.336865e-10, -9.265919e-10, -9.269995e-10, -9.238594e-10
181.800000, -9.616267e-10, -9.577136e-10, -9.574040e-10, -9.496112e-10
181.900000, -9.792971e-10, -9.718202e-10, -9.703375e-10, -9.667886e-10
182.000000, -9.735940e-10, -9.694632e-10, -9.673303e-10, -9.593739e-10
182.100000, -9.580233e-10, -9.505646e-10, -9.473600e-10, -9.437997e-10
182.200000, -9.201706e-10, -9.162182e-10, -9.124870e-10, -9.047593e-10
182.300000, -8.739259e-10, -8.668698e-10, -8.622201e-10, -8.590293e-10
182.400000, -8.074984e-10, -8.040914e-10, -7.990844e-10, -7.919484e-10
182.500000, -7.350823e-10, -7.287726e-10, -7.230395e-10, -7.205581e-10
182.600000, -6.454158e-10, -6.428694e-10, -6.369809e-10, -6.307474e-10
182.700000, -5.528909e-10, -5.476092e-10, -5.412121e-10, -5.397175e-10
182.800000, -4.466574e-10, -4.452160e-10, -4.388828e-10, -4.337919e-10
182.900000, -3.411816e-10, -3.371311e-10, -3.305166e-10, -3.302084e-10
183.000000, -2.258937e-10, -2.257172e-10, -2.193878e-10, -2.155955e-10
183.100000, -1.152009e-10, -1.124962e-10, -1.061072e-10, -1.070964e-10
183.200000, 1.321005e-12, 1.643983e-13, 6.060052e-12, 8.489011e-12
183.300000, 1.094570e-10, 1.107944e-10, 1.165484e-10, 1.142428e-10
183.400000, 2.196166e-10, 2.171512e-10, 2.222301e-10, 2.233226e-10
183.500000, 3.179007e-10, 3.179399e-10, 3.227083e-10, 3.191573e-10
183.600000, 4.148213e-10, 4.111588e-10, 4.151083e-10, 4.149775e-10
183.700000, 4.969025e-10, 4.957953e-10, 4.993078e-10, 4.946640e-10
183.800000, 5.748560e-10, 5.701844e-10, 5.727802e-10, 5.716151e-10
183.900000, 6.357123e-10, 6.336796e-10, 6.357607e-10, 6.302449e-10
184.000000, 6.904540e-10, 6.850225e-10, 6.861400e-10, 6.841892e-10
184.100000, 7.266736e-10, 7.239882e-10, 7.245653e-10, 7.184492e-10
184.200000, 7.556661e-10, 7.497657e-10, 7.493843e-10, 7.469378e-10
184.300000, 7.656109e-10, 7.625770e-10, 7.616808e-10, 7.552669e-10
184.400000, 7.681253e-10, 7.620680e-10, 7.602683e-10, 7.576361e-10
184.500000, 7.519696e-10, 7.489019e-10, 7.466604e-10, 7.402605e-10
184.600000, 7.290634e-10, 7.231607e-10, 7.201146e-10, 7.176057e-10
184.700000, 6.887117e-10, 6.859135e-10, 6.825390e-10, 6.764535e-10
184.800000, 6.430880e-10, 6.376299e-10, 6.335858e-10, 6.314872e-10
184.900000, 5.819803e-10, 5.797241e-10, 5.754959e-10, 5.699939e-10
185.000000, 5.177441e-10, 5.129811e-10, 5.082438e-10, 5.068028e-10
185.100000, 4.405679e-10, 4.390783e-10, 4.343211e-10, 4.296239e-10
185.200000, 3.628988e-10, 3.590263e-10, 3.539345e-10, 3.533435e-10
185.300000, 2.752285e-10, 2.746694e-10, 2.697298e-10, 2.659979e-10
185.400000, 1.899949e-10, 1.871426e-10, 1.820446e-10, 1.824305e-10
185.500000, 9.788740e-11, 9.835319e-11, 9.357554e-11, 9.090034e-11
185.600000, 1.122985e-11, 9.455655e-12, 4.686106e-12, 6.104326e-12
185.700000, -7.919607e-11, -7.768403e-11, -8.198060e-11, -8.358003e-11
185.800000, -1.612829e-10, -1.619940e-10, -1.661365e-10, -1.637026e-10
185.900000, -2.442555e-10, -2.417474e-10, -2.452893e-10, -2.458648e-10
186.000000, -3.163151e-10, -3.160472e-10, -3.193181e-10, -3.159538e-10
186.100000, -3.867790e-10, -3.833906e-10, -3.859660e-10, -3.856343e-10
186.200000, -4.442340e-10, -4.431320e-10, -4.453555e-10, -4.412059e-10
186.300000, -4.981582e-10, -4.940602e-10, -4.955312e-10, -4.944634e-10
186.400000, -5.375802e-10, -5.358379e-10, -5.369152e-10, -5.321737e-10
186.500000, -5.721853e-10, -5.675906e-10, -5.678987e-10, -5.663069e-10
186.600000, -5.914779e-10, -5.893231e-10, -5.892365e-10, -5.841296e-10
186.700000, -6.053727e-10, -6.005199e-10, -5.996872e-10, -5.978088e-10
186.800000, -6.038588e-10, -6.015371e-10, -6.003472e-10, -5.951189e-10
186.900000, -5.970787e-10, -5.922155e-10, -5.903397e-10, -5.884208e-10
187.000000, -5.754911e-10, -5.732486e-10, -5.710875e-10, -5.659814e-10
187.100000, -5.494406e-10, -5.448072e-10, -5.420517e-10, -5.403303e-10
187.200000, -5.098188e-10, -5.078859e-10, -5.049451e-10, -5.001892e-10
187.300000, -4.671262e-10, -4.629394e-10, -4.595198e-10, -4.582101e-10
187.400000, -4.126311e-10, -4.112076e-10, -4.077229e-10, -4.035143e-10
187.500000, -3.569267e-10, -3.533663e-10, -3.495340e-10, -3.488135e-10
187.600000, -2.915879e-10, -2.908312e-10, -2.870647e-10, -2.835581e-10
187.700000, -2.272256e-10, -2.244239e-10, -2.204473e-10, -2.204460e-10
187.800000, -1.556410e-10, -1.556571e-10, -1.518787e-10, -1.491776e-10
187.900000, -8.738150e-11, -8.541649e-11, -8.156244e-11, -8.235634e-11
188.000000, -1.439098e-11, -1.522923e-11, -1.169844e-11, -9.850095e-12
188.100000, 5.292902e-11, 5.403699e-11, 5.752094e-11, 5.591315e-11
188.200000, 1.225736e-10, 1.209214e-10, 1.239729e-10, 1.249784e-10
188.300000, 1.843649e-10, 1.846522e-10, 1.875537e-10, 1.851696e-10
188.400000, 2.463112e-10, 2.439084e-10, 2.462909e-10, 2.465177e-10
188.500000, 2.985266e-10, 2.980820e-10, 3.002368e-10, 2.971653e-10
188.600000, 3.490953e-10, 3.460536e-10, 3.476304e-10, 3.471909e-10
188.700000, 3.884774e-10, 3.874337e-10, 3.887344e-10, 3.851086e-10
188.800000, 4.248799e-10, 4.213506e-10, 4.220451e-10, 4.210904e-10
188.900000, 4.491468e-10, 4.476709e-10, 4.480721e-10, 4.440581e-10
189.000000, 4.696369e-10, 4.657992e-10, 4.655971e-10, 4.643056e-10
189.100000, 4.775965e-10, 4.758768e-10, 4.753955e-10, 4.711805e-10
189.200000, 4.815466e-10, 4.775944e-10, 4.765427e-10, 4.751074e-10
189.300000, 4.731350e-10, 4.713680e-10, 4.700795e-10, 4.658584e-10
189.400000, 4.610354e-10, 4.571643e-10, 4.553651e-10, 4.539798e-10
189.500000, 4.372784e-10, 4.356556e-10, 4.336864e-10, 4.296487e-10
189.600000, 4.106635e-10, 4.070574e-10, 4.046589e-10, 4.035058e-10
189.700000, 3.735684e-10, 3.722634e-10, 3.697803e-10, 3.660976e-10
189.800000, 3.348761e-10, 3.316956e-10, 3.288798e-10, 3.281176e-10
189.900000, 2.872619e-10, 2.864200e-10, 2.836171e-10, 2.804324e-10
190.000000, 2.396387e-10, 2.370112e-10, 2.339807e-10, 2.337349e-10
190.100000, 1.849200e-10, 1.846491e-10, 1.817337e-10, 1.791531e-10
190.200000, 1.319866e-10, 1.299990e-10, 1.269622e-10, 1.273181e-10
190.300000, 7.392546e-11, 7.429062e-11, 7.146865e-11, 6.955516e-11
190.400000, 1.951994e-11, 1.821441e-11, 1.537127e-11, 1.636961e-11
190.500000, -3.803573e-11, -3.701522e-11, -3.955313e-11, -4.078160e-11
190.600000, -9.011973e-11, -9.074687e-11, -9.321809e-11, -9.158208e-11
190.700000, -1.434935e-10, -1.418437e-10, -1.439344e-10, -1.445049e-10
190.800000, -1.897559e-10, -1.897524e-10, -1.917061e-10, -1.894808e-10
190.900000, -2.356797e-10, -2.334686e-10, -2.349862e-10, -2.349675e-10
191.000000, -2.731345e-10, -2.725873e-10, -2.739192e-10, -2.711917e-10
191.100000, -3.089496e-10, -3.062812e-10, -3.071442e-10, -3.066403e-10
191.200000, -3.353034e-10, -3.343317e-10, -3.349839e-10, -3.318729e-10
191.300000, -3.591141e-10, -3.561201e-10, -3.562948e-10, -3.554371e-10
191.400000, -3.728928e-10, -3.716386e-10, -3.716017e-10, -3.682486e-10
191.500000, -3.836638e-10, -3.804939e-10, -3.799947e-10, -3.789322e-10
191.600000, -3.842801e-10, -3.828983e-10, -3.822098e-10, -3.787683e-10
191.700000, -3.818742e-10, -3.786856e-10, -3.775719e-10, -3.764606e-10
191.800000, -3.696347e-10, -3.682823e-10, -3.670220e-10, -3.636476e-10
191.900000, -3.547895e-10, -3.517361e-10, -3.501065e-10, -3.490991e-10
192.000000, -3.308426e-10, -3.296680e-10, -3.279511e-10, -3.247907e-10
192.100000, -3.050910e-10, -3.023133e-10, -3.002969e-10, -2.995324e-10
192.200000, -2.713210e-10, -2.704548e-10, -2.684221e-10, -2.656045e-10
192.300000, -2.368616e-10, -2.344778e-10, -2.322247e-10, -2.318198e-10
192.400000, -1.957388e-10, -1.952853e-10, -1.930929e-10, -1.907209e-10
192.500000, -1.552676e-10, -1.533667e-10, -1.510360e-10, -1.510784e-10
192.600000, -1.096645e-10, -1.096962e-10, -1.075038e-10, -1.056483e-10
192.700000, -6.617975e-11, -6.481657e-11, -6.256590e-11, -6.310908e-11
192.800000, -1.916773e-11, -1.972133e-11, -1.768167e-11, -1.637791e-11
192.900000, 2.423804e-11, 2.504549e-11, 2.707100e-11, 2.600993e-11
193.000000, 6.959788e-11, 6.852275e-11, 7.027437e-11, 7.102767e-11
193.100000, 1.099451e-10, 1.102155e-10, 1.118924e-10, 1.103327e-10
193.200000, 1.508034e-10, 1.492427e-10, 1.505968e-10, 1.508363e-10
193.300000, 1.854177e-10, 1.852037e-10, 1.864379e-10, 1.844325e-10
193.400000, 2.193170e-10, 2.173389e-10, 2.182180e-10, 2.180121e-10
193.500000, 2.459949e-10, 2.453787e-10, 2.461105e-10, 2.437416e-10
193.600000, 2.710180e-10, 2.687173e-10, 2.690799e-10, 2.685231e-10
193.700000, 2.881558e-10, 2.872428e-10, 2.874495e-10, 2.848218e-10
193.800000, 3.030341e-10, 3.005246e-10, 3.003666e-10, 2.995724e-10
193.900000, 3.097130e-10, 3.086240e-10, 3.083196e-10, 3.055532e-10
194.000000, 3.138878e-10, 3.112945e-10, 3.106477e-10, 3.097405e-10
194.100000, 3.099117e-10, 3.087742e-10, 3.080071e-10, 3.052284e-10
194.200000, 3.035471e-10, 3.009978e-10, 2.999258e-10, 2.990323e-10
194.300000, 2.894315e-10, 2.883711e-10, 2.872191e-10, 2.845525e-10
194.400000, 2.733799e-10, 2.709960e-10, 2.695891e-10, 2.688297e-10
194.500000, 2.502941e-10, 2.494265e-10, 2.479902e-10, 2.455500e-10
194.600000, 2.260177e-10, 2.239069e-10, 2.222741e-10, 2.217552e-10
194.700000, 1.956873e-10, 1.951105e-10, 1.935053e-10, 1.913882e-10
194.800000, 1.651421e-10, 1.633913e-10, 1.616521e-10, 1.614595e-10
194.900000, 1.297169e-10, 1.295057e-10, 1.278531e-10, 1.261326e-10
195.000000, 9.520828e-11, 9.387877e-11, 9.215455e-11, 9.234852e-11
195.100000, 5.710821e-11, 5.730974e-11, 5.572872e-11, 5.445078e-11
195.200000, 2.112875e-11, 2.025274e-11, 1.865819e-11, 1.927014e-11
195.300000, -1.712388e-11, -1.649244e-11, -1.789338e-11, -1.871244e-11
195.400000, -5.206405e-11, -5.248456e-11, -5.384907e-11, -5.281775e-11
195.500000, -8.801304e-11, -8.696457e-11, -8.809467e-11, -8.846838e-11
195.600000, -1.195512e-10, -1.195437e-10, -1.205985e-10, -1.191755e-10
195.700000, -1.509655e-10, -1.495412e-10, -1.503329e-10, -1.503028e-10
195.800000, -1.770367e-10, -1.766554e-10, -1.773459e-10, -1.755855e-10
195.900000, -2.020494e-10, -2.003152e-10, -2.007278e-10, -2.003598e-10
196.000000, -2.210126e-10, -2.203341e-10, -2.206336e-10, -2.186122e-10
196.100000, -2.382323e-10, -2.362740e-10, -2.362949e-10, -2.356745e-10
196.200000, -2.489649e-10, -2.480824e-10, -2.479928e-10, -2.458029e-10
196.300000, -2.575525e-10, -2.554689e-10, -2.551139e-10, -2.543395e-10
196.400000, -2.595080e-10, -2.585247e-10, -2.580749e-10, -2.558189e-10
196.500000, -2.592150e-10, -2.571116e-10, -2.564220e-10, -2.555983e-10
196.600000, -2.524422e-10, -2.514641e-10, -2.507067e-10, -2.484897e-10
196.700000, -2.436096e-10, -2.415911e-10, -2.406295e-10, -2.398604e-10
196.800000, -2.287315e-10, -2.278605e-10, -2.268669e-10, -2.247896e-10
196.900000, -2.122504e-10, -2.104139e-10, -2.092591e-10, -2.086408e-10
197.000000, -1.904073e-10, -1.897343e-10, -1.885891e-10, -1.867414e-10
197.100000, -1.676449e-10, -1.660736e-10, -1.648143e-10, -1.644290e-10
197.200000, -1.404049e-10, -1.400043e-10, -1.387984e-10, -1.372535e-10
197.300000, -1.131018e-10, -1.118600e-10, -1.105877e-10, -1.104989e-10
197.400000, -8.234662e-11, -8.227164e-11, -8.109568e-11, -7.990608e-11
197.500000, -5.249282e-11, -5.162193e-11, -5.042468e-11, -5.067310e-11
197.600000, -2.028616e-11, -2.056613e-11, -1.950399e-11, -1.869808e-11
197.700000, 1.001561e-11, 1.049898e-11, 1.154287e-11, 1.094116e-11
197.800000, 4.156755e-11, 4.092870e-11, 4.180554e-11, 4.222439e-11
197.900000, 7.024202e-11, 7.034662e-11, 7.117369e-11, 7.022774e-11
198.000000, 9.912900e-11, 9.815225e-11, 9.878929e-11, 9.884240e-11
198.100000, 1.242629e-10, 1.240216e-10, 1.245871e-10, 1.233298e-10
198.200000, 1.486991e-10, 1.474284e-10, 1.477912e-10, 1.475225e-10
198.300000, 1.686617e-10, 1.681287e-10, 1.684088e-10, 1.668942e-10
198.400000, 1.871964e-10, 1.856950e-10, 1.857706e-10, 1.852434e-10
198.500000, 2.007381e-10, 1.999849e-10, 1.999776e-10, 1.982767e-10
198.600000, 2.123415e-10, 2.106876e-10, 2.104846e-10, 2.097766e-10
198.700000, 2.186662e-10, 2.177762e-10, 2.175004e-10, 2.156961e-10
198.800000, 2.227861e-10, 2.210670e-10, 2.206139e-10, 2.198120e-10
198.900000, 2.215914e-10, 2.206546e-10, 2.201475e-10, 2.183289e-10
199.000000, 2.181775e-10, 2.164838e-10, 2.158259e-10, 2.150199e-10
199.100000, 2.096627e-10, 2.087690e-10, 2.080829e-10, 2.063391e-10
199.200000, 1.991580e-10, 1.975776e-10, 1.967728e-10, 1.960497e-10
199.300000, 1.839993e-10, 1.832331e-10, 1.824304e-10, 1.808447e-10
199.400000, 1.672998e-10, 1.659119e-10, 1.650260e-10, 1.644644e-10
199.500000, 1.465956e-10, 1.460298e-10, 1.451784e-10, 1.438230e-10
199.600000, 1.249818e-10, 1.238519e-10, 1.229534e-10, 1.226181e-10
199.700000, 1.001716e-10, 9.986356e-11, 9.903105e-11, 9.796244e-11
199.800000, 7.521702e-11, 7.439317e-11, 7.354765e-11, 7.348607e-11
199.900000, 4.798083e-11, 4.796847e-11, 4.721754e-11, 4.647299e-11
200.000000, 2.144340e-11, 2.095296e-11, 2.021889e-11, 2.045795e-11
200.100000, -6.412663e-12, -6.112676e-12, -6.728914e-12, -7.133284e-12
200.200000, -3.270833e-11, -3.285985e-11, -3.343553e-11, -3.289058e-11
200.300000, -5.937163e-11, -5.876473e-11, -5.920624e-11, -5.927618e-11
200.400000, -8.365409e-11, -8.348301e-11, -8.386778e-11, -8.303333e-11
200.500000, -1.074232e-10, -1.065361e-10, -1.067783e-10, -1.065406e-10
200.600000, -1.280879e-10, -1.276309e-10, -1.278085e-10, -1.267210e-10
200.700000, -1.474806e-10, -1.463592e-10, -1.463943e-10, -1.458947e-10
200.800000, -1.631908e-10, -1.625021e-10, -1.624730e-10, -1.611865e-10
200.900000, -1.770364e-10, -1.757421e-10, -1.755786e-10, -1.748784e-10
201.000000, -1.868045e-10, -1.859521e-10, -1.857326e-10, -1.843144e-10
201.100000, -1.943137e-10, -1.929195e-10, -1.925812e-10, -1.917528e-10
201.200000, -1.975595e-10, -1.966201e-10, -1.962407e-10, -1.947670e-10
201.300000, -1.983688e-10, -1.969542e-10, -1.964772e-10, -1.955995e-10
201.400000, -1.949498e-10, -1.940042e-10, -1.935060e-10, -1.920567e-10
201.500000, -1.891383e-10, -1.877836e-10, -1.872133e-10, -1.863660e-10
201.600000, -1.793517e-10, -1.784787e-10, -1.779104e-10, -1.765636e-10
201.700000, -1.674287e-10, -1.662099e-10, -1.655969e-10, -1.648553e-10
201.800000, -1.519854e-10, -1.512571e-10, -1.506702e-10, -1.494972e-10
201.900000, -1.348506e-10, -1.338344e-10, -1.332304e-10, -1.326608e-10
202.000000, -1.148230e-10, -1.143000e-10, -1.137449e-10, -1.128056e-10
202.100000, -9.370282e-11, -9.294258e-11, -9.239578e-11, -9.205081e-11
202.200000, -7.045024e-11, -7.017757e-11, -6.969978e-11, -6.903858e-11
202.300000, -4.681395e-11, -4.634589e-11, -4.589779e-11, -4.581333e-11
202.400000, -2.189070e-11, -2.189536e-11, -2.153159e-11, -2.117506e-11
202.500000, 2.647877e-12, 2.806616e-12, 3.124601e-12, 2.931647e-12
202.600000, 2.759538e-11, 2.730615e-11, 2.753045e-11, 2.757533e-11
202.700000, 5.138404e-11, 5.123634e-11, 5.140505e-11, 5.093759e-11
202.800000, 7.472495e-11, 7.416391e-11, 7.423616e-11, 7.398223e-11
202.900000, 9.618037e-11, 9.574870e-11, 9.576236e-11, 9.504275e-11
203.000000, 1.164046e-10, 1.156035e-10, 1.155246e-10, 1.150035e-10
203.100000, 1.341140e-10, 1.334388e-10, 1.333050e-10, 1.323733e-10
203.200000, 1.499287e-10, 1.489357e-10, 1.487198e-10, 1.479796e-10
203.300000, 1.627393e-10, 1.618761e-10, 1.616148e-10, 1.605262e-10
203.400000, 1.731503e-10, 1.720272e-10, 1.716996e-10, 1.708014e-10
203.500000, 1.802417e-10, 1.792572e-10, 1.788988e-10, 1.777193e-10
203.600000, 1.846150e-10, 1.834325e-10, 1.830277e-10, 1.820417e-10
203.700000, 1.855492e-10, 1.845170e-10, 1.840992e-10, 1.829017e-10
203.800000, 1.836492e-10, 1.824822e-10, 1.820404e-10, 1.810411e-10
203.900000, 1.783957e-10, 1.773912e-10, 1.769558e-10, 1.758151e-10
204.000000, 1.703974e-10, 1.693204e-10, 1.688841e-10, 1.679452e-10
204.100000, 1.593328e-10, 1.584282e-10, 1.580175e-10, 1.570049e-10
204.200000, 1.458076e-10, 1.448892e-10, 1.444996e-10, 1.436894e-10
204.300000, 1.296883e-10, 1.289479e-10, 1.286009e-10, 1.277801e-10
204.400000, 1.115649e-10, 1.108639e-10, 1.105570e-10, 1.099336e-10
204.500000, 9.147625e-11, 9.095209e-11, 9.070132e-11, 9.012393e-11
204.600000, 6.997889e-11, 6.953978e-11, 6.934382e-11, 6.895137e-11
204.700000, 4.726327e-11, 4.699189e-11, 4.686053e-11, 4.656265e-11
204.800000, 2.383083e-11, 2.368140e-11, 2.361408e-11, 2.348021e-11
