x, 11, 12, 21, 22
0.015340, -5.373981e-01, -5.368686e-01, -5.251268e-01, -5.244136e-01
0.030680, -5.400207e-01, -5.389570e-01, -4.936371e-01, -4.903640e-01
0.046019, -5.430241e-01, -5.410980e-01, -4.448845e-01, -4.369482e-01
0.061359, -5.472608e-01, -5.394475e-01, -3.813302e-01, -3.709912e-01
0.076699, -5.559946e-01, -5.282207e-01, -3.039277e-01, -3.023721e-01
0.092039, -5.727660e-01, -5.026618e-01, -2.138989e-01, -2.408665e-01
0.107379, -5.985174e-01, -4.622893e-01, -1.151993e-01, -1.925625e-01
0.122718, -6.303220e-01, -4.120263e-01, -1.533340e-02, -1.582328e-01
0.138058, -6.624856e-01, -3.605401e-01, 7.623745e-02, -1.343645e-01
0.153398, -6.890176e-01, -3.169603e-01, 1.510521e-01, -1.157347e-01
0.168738, -7.058641e-01, -2.877695e-01, 2.042928e-01, -9.784491e-02
0.184078, -7.118766e-01, -2.750919e-01, 2.359751e-01, -7.813772e-02
0.199418, -7.084635e-01, -2.766187e-01, 2.505045e-01, -5.593725e-02
0.214757, -6.985311e-01, -2.867319e-01, 2.551028e-01, -3.172667e-02
0.230097, -6.853903e-01, -2.982292e-01, 2.577648e-01, -6.443864e-03
0.245437, -6.719763e-01, -3.042348e-01, 2.652343e-01, 1.887842e-02
0.260777, -6.603763e-01, -3.000286e-01, 2.813131e-01, 4.319904e-02
0.276117, -6.515299e-01, -2.844629e-01, 3.058244e-01, 6.551074e-02
0.291456, -6.450792e-01, -2.604782e-01, 3.346203e-01, 8.496633e-02
0.306796, -6.394662e-01, -2.342855e-01, 3.608845e-01, 1.010490e-01
0.322136, -6.323387e-01, -2.132526e-01, 3.774965e-01, 1.136949e-01
0.337476, -6.211599e-01, -2.031950e-01, 3.796286e-01, 1.233416e-01
0.352816, -6.037979e-01, -2.061898e-01, 3.664834e-01, 1.309172e-01
0.368155, -5.789386e-01, -2.198452e-01, 3.414199e-01, 1.377312e-01
0.383495, -5.463172e-01, -2.382740e-01, 3.104822e-01, 1.451657e-01
0.398835, -5.068350e-01, -2.542634e-01, 2.800587e-01, 1.541419e-01
0.414175, -4.625588e-01, -2.617174e-01, 2.546840e-01, 1.645283e-01
0.429515, -4.165084e-01, -2.574836e-01, 2.357867e-01, 1.748087e-01
0.444854, -3.721529e-01, -2.420267e-01, 2.217186e-01, 1.822749e-01
0.460194, -3.326770e-01, -2.188496e-01, 2.089124e-01, 1.837677e-01
0.475534, -3.002219e-01, -1.929723e-01, 1.936556e-01, 1.767179e-01
0.490874, -2.753543e-01, -1.690524e-01, 1.737995e-01, 1.601073e-01
0.506214, -2.569341e-01, -1.498255e-01, 1.497585e-01, 1.350024e-01
0.521553, -2.424216e-01, -1.354023e-01, 1.244195e-01, 1.044751e-01
0.536893, -2.285471e-01, -1.236228e-01, 1.019940e-01, 7.291188e-02
0.552233, -2.121786e-01, -1.112557e-01, 8.626345e-02, 4.488641e-02
0.567573, -1.911686e-01, -9.552463e-02, 7.891334e-02, 2.391444e-02
0.582913, -1.649356e-01, -7.535024e-02, 7.862103e-02, 1.147572e-02
0.598253, -1.345752e-01, -5.184699e-02, 8.126805e-02, 6.641645e-03
0.613592, -1.024384e-01, -2.791406e-02, 8.122840e-02, 6.458727e-03
0.628932, -7.130311e-02, -7.098868e-03, 7.329110e-02, 6.967441e-03
0.644272, -4.342969e-02, 7.826476e-03, 5.454429e-02, 4.499109e-03
0.659612, -1.984328e-02, 1.602895e-02, 2.554677e-02, -3.200758e-03
0.674952, -9.276954e-05, 1.906152e-02, -9.655003e-03, -1.639162e-02
0.690291, 1.744249e-02, 2.040059e-02, -4.471087e-02, -3.345936e-02
0.705631, 3.482488e-02, 2.423032e-02, -7.297038e-02, -5.165512e-02
0.720971, 5.367983e-02, 3.392400e-02, -8.962449e-02, -6.816876e-02
0.736311, 7.448910e-02, 5.079093e-02, -9.324912e-02, -8.115475e-02
0.751651, 9.632465e-02, 7.355232e-02, -8.622648e-02, -9.035157e-02
0.766990, 1.171421e-01, 9.873360e-02, -7.391424e-02, -9.707695e-02
0.782330, 1.345478e-01, 1.218270e-01, -6.285987e-02, -1.036042e-01
0.797670, 1.467655e-01, 1.388096e-01, -5.867034e-02, -1.121539e-01
0.813010, 1.534363e-01, 1.474829e-01, -6.424902e-02, -1.238818e-01
0.828350, 1.559315e-01, 1.481687e-01, -7.897806e-02, -1.382519e-01
0.843689, 1.570312e-01, 1.435166e-01, -9.910087e-02, -1.530431e-01
0.859029, 1.600507e-01, 1.374975e-01, -1.191501e-01, -1.650097e-01
0.874369, 1.677004e-01, 1.339496e-01, -1.339087e-01, -1.709830e-01
0.889709, 1.810698e-01, 1.352100e-01, -1.402103e-01, -1.690376e-01
0.905049, 1.990992e-01, 1.413332e-01, -1.379539e-01, -1.593079e-01
0.920388, 2.187546e-01, 1.501767e-01, -1.299952e-01, -1.441471e-01
0.935728, 2.358880e-01, 1.583129e-01, -1.209835e-01, -1.275310e-01
0.951068, 2.465289e-01, 1.624168e-01, -1.155827e-01, -1.138760e-01
0.966408, 2.481853e-01, 1.606104e-01, -1.167249e-01, -1.066553e-01
0.981748, 2.407132e-01, 1.532583e-01, -1.245209e-01, -1.072848e-01
0.997088, 2.264415e-01, 1.429068e-01, -1.362145e-01, -1.146685e-01
1.012427, 2.094914e-01, 1.333725e-01, -1.471948e-01, -1.255723e-01
1.027767, 1.944999e-01, 1.282990e-01, -1.527027e-01, -1.357045e-01
1.043107, 1.851635e-01, 1.297135e-01, -1.496148e-01, -1.411425e-01
1.058447, 1.830821e-01, 1.371299e-01, -1.376517e-01, -1.396229e-01
1.073787, 1.872866e-01, 1.475633e-01, -1.195649e-01, -1.312553e-01
1.089126, 1.946076e-01, 1.564864e-01, -1.002188e-01, -1.184195e-01
1.104466, 2.007632e-01, 1.594118e-01, -8.488984e-02, -1.048804e-01
1.119806, 2.017985e-01, 1.535382e-01, -7.738735e-02, -9.442784e-02
1.135146, 1.953898e-01, 1.388617e-01, -7.866912e-02, -8.951921e-02
1.150486, 1.815740e-01, 1.183267e-01, -8.645428e-02, -9.039979e-02
1.165825, 1.626654e-01, 9.692473e-02, -9.598475e-02, -9.501136e-02
1.181165, 1.424048e-01, 8.002413e-02, -1.016827e-01, -9.971922e-02
1.196505, 1.246495e-01, 7.149621e-02, -9.913085e-02, -1.005997e-01
1.211845, 1.120659e-01, 7.229970e-02, -8.667919e-02, -9.483437e-02
1.227185, 1.052737e-01, 8.004518e-02, -6.610346e-02, -8.172227e-02
1.242524, 1.027274e-01, 8.973202e-02, -4.206549e-02, -6.295617e-02
1.257864, 1.013599e-01, 9.543928e-02, -2.054736e-02, -4.206874e-02
1.273204, 9.774817e-02, 9.240542e-02, -6.795801e-03, -2.324448e-02
1.288544, 8.938009e-02, 7.877504e-02, -3.493613e-03, -9.916884e-03
1.303884, 7.557166e-02, 5.638579e-02, -9.803115e-03, -3.643788e-03
1.319223, 5.771060e-02, 3.028648e-02, -2.162759e-02, -3.651973e-03
1.334563, 3.874676e-02, 7.111906e-03, -3.301327e-02, -7.199509e-03
1.349903, 2.212078e-02, -7.157779e-03, -3.821400e-02, -1.061059e-02
1.365243, 1.052314e-02, -9.295914e-03, -3.370298e-02, -1.060005e-02
1.380583, 4.934824e-03, -5.545923e-05, -1.942561e-02, -5.409104e-03
1.395923, 4.295234e-03, 1.592784e-02, 1.154736e-03, 4.648197e-03
1.411262, 5.913664e-03, 3.156193e-02, 2.224898e-02, 1.740764e-02
1.426602, 6.468952e-03, 3.960433e-02, 3.776898e-02, 2.974541e-02
1.441942, 3.226808e-03, 3.508582e-02, 4.348823e-02, 3.879404e-02
1.457282, -4.975764e-03, 1.703402e-02, 3.858094e-02, 4.302666e-02
1.472622, -1.734361e-02, -1.109829e-02, 2.599215e-02, 4.280563e-02
1.487961, -3.147640e-02, -4.246682e-02, 1.149224e-02, 4.019354e-02
1.503301, -4.432589e-02, -6.900803e-02, 1.724378e-03, 3.810258e-02
1.518641, -5.339260e-02, -8.403970e-02, 1.906180e-03, 3.910880e-02
1.533981, -5.770326e-02, -8.442834e-02, 1.397483e-02, 4.438833e-02
1.549321, -5.818934e-02, -7.160031e-02, 3.582114e-02, 5.319178e-02
1.564660, -5.731116e-02, -5.105666e-02, 6.189002e-02, 6.307428e-02
1.580000, -5.805863e-02, -3.055317e-02, 8.495762e-02, 7.081417e-02
1.595340, -6.270201e-02, -1.755493e-02, 9.848992e-02, 7.368714e-02
1.610680, -7.177329e-02, -1.681707e-02, 9.878609e-02, 7.061481e-02
1.626020, -8.368700e-02, -2.889549e-02, 8.618233e-02, 6.273552e-02
1.641359, -9.518137e-02, -5.007190e-02, 6.491387e-02, 5.314598e-02
1.656699, -1.024561e-01, -7.369556e-02, 4.169204e-02, 4.586532e-02
1.672039, -1.026136e-01, -9.246678e-02, 2.348994e-02, 4.436972e-02
1.687379, -9.487509e-02, -1.008764e-01, 1.529457e-02, 5.022408e-02
1.702719, -8.110137e-02, -9.697601e-02, 1.858403e-02, 6.232666e-02
1.718058, -6.537896e-02, -8.289583e-02, 3.102832e-02, 7.708129e-02
1.733398, -5.276476e-02, -6.396654e-02, 4.748255e-02, 8.948634e-02
1.748738, -4.759359e-02, -4.678124e-02, 6.189407e-02, 9.479635e-02
1.764078, -5.193178e-02, -3.689255e-02, 6.943539e-02, 9.019121e-02
1.779418, -6.473605e-02, -3.694989e-02, 6.811129e-02, 7.586221e-02
1.794758, -8.205074e-02, -4.591108e-02, 5.929050e-02, 5.510843e-02
1.810097, -9.822170e-02, -5.957335e-02, 4.700557e-02, 3.337235e-02
1.825437, -1.077434e-01, -7.220088e-02, 3.630740e-02, 1.651343e-02
1.840777, -1.071176e-01, -7.864529e-02, 3.129563e-02, 8.893847e-03
1.856117, -9.607604e-02, -7.619363e-02, 3.355344e-02, 1.193029e-02
1.871457, -7.772399e-02, -6.549034e-02, 4.155912e-02, 2.361763e-02
1.886796, -5.752788e-02, -5.022103e-02, 5.128470e-02, 3.920178e-02
1.902136, -4.147551e-02, -3.569396e-02, 5.775443e-02, 5.278324e-02
1.917476, -3.403405e-02, -2.684902e-02, 5.698212e-02, 5.930714e-02
1.932816, -3.661420e-02, -2.642380e-02, 4.756426e-02, 5.625720e-02
1.948156, -4.708348e-02, -3.394217e-02, 3.132743e-02, 4.446861e-02
1.963495, -6.051093e-02, -4.588812e-02, 1.277215e-02, 2.777896e-02
1.978835, -7.089540e-02, -5.699577e-02, -2.504501e-03, 1.164044e-02
1.994175, -7.328033e-02, -6.218273e-02, -9.845165e-03, 1.180642e-03
2.009515, -6.551424e-02, -5.842224e-02, -7.286927e-03, -6.059425e-04
2.024855, -4.903288e-02, -4.587301e-02, 3.618153e-03, 6.100999e-03
2.040194, -2.837763e-02, -2.785541e-02, 1.824159e-02, 1.804011e-02
2.055534, -9.608641e-03, -9.680378e-03, 3.044993e-02, 3.005854e-02
2.070874, 1.835426e-03, 3.246509e-03, 3.476924e-02, 3.697343e-02
2.086214, 3.076944e-03, 7.360430e-03, 2.837620e-02, 3.543814e-02
2.101554, -5.153397e-03, 2.211313e-03, 1.219539e-02, 2.514493e-02
2.116893, -1.874392e-02, -9.385511e-03, -9.311728e-03, 8.932320e-03
2.132233, -3.163763e-02, -2.237712e-02, -2.962020e-02, -8.241183e-03
2.147573, -3.797928e-02, -3.130683e-02, -4.237944e-02, -2.108735e-02
2.162913, -3.421769e-02, -3.228862e-02, -4.363665e-02, -2.589651e-02
2.178253, -2.041401e-02, -2.440511e-02, -3.325945e-02, -2.187353e-02
2.193593, -2.807849e-04, -1.002126e-02, -1.504386e-02, -1.141680e-02
2.208932, 2.007752e-02, 6.100217e-03, 4.547374e-03, 7.626721e-04
2.224272, 3.428996e-02, 1.855880e-02, 1.858810e-02, 9.364319e-03
2.239612, 3.796594e-02, 2.330937e-02, 2.206982e-02, 1.043871e-02
2.254952, 3.026878e-02, 1.915986e-02, 1.362821e-02, 2.840268e-03
2.270292, 1.425317e-02, 8.223941e-03, -3.990949e-03, -1.133812e-02
2.285631, -4.162273e-03, -4.840304e-03, -2.489140e-02, -2.751025e-02
2.300971, -1.823373e-02, -1.453158e-02, -4.207576e-02, -4.025411e-02
2.316311, -2.272906e-02, -1.652797e-02, -4.986603e-02, -4.528148e-02
2.331651, -1.574189e-02, -9.292766e-03, -4.584827e-02, -4.100388e-02
2.346991, 6.550616e-04, 5.325068e-03, -3.166521e-02, -2.912386e-02
2.362330, 2.114543e-02, 2.271941e-02, -1.239029e-02, -1.403421e-02
2.377670, 3.903073e-02, 3.716116e-02, 5.282632e-03, -1.240962e-03
2.393010, 4.855884e-02, 4.384829e-02, 1.538473e-02, 4.618611e-03
2.408350, 4.689898e-02, 4.063006e-02, 1.472338e-02, 1.444378e-03
2.423690, 3.507439e-02, 2.878223e-02, 3.924537e-03, -9.575760e-03
2.439029, 1.753850e-02, 1.255487e-02, -1.288042e-02, -2.440210e-02
2.454369, 5.640038e-04, -2.340682e-03, -2.958550e-02, -3.760474e-02
2.469709, -9.969197e-03, -1.075657e-02, -4.029275e-02, -4.431821e-02
2.485049, -1.059863e-02, -9.915365e-03, -4.136299e-02, -4.198194e-02
2.500389, -1.409750e-03, -3.546444e-04, -3.261605e-02, -3.124219e-02
2.515728, 1.410235e-02, 1.431727e-02, -1.728191e-02, -1.569980e-02
2.531068, 3.035689e-02, 2.874976e-02, -7.575018e-04, -6.072992e-04
2.546408, 4.169664e-02, 3.777069e-02, 1.135426e-02, 9.004951e-03
2.561748, 4.435499e-02, 3.820469e-02, 1.520794e-02, 1.009597e-02
2.577088, 3.769156e-02, 2.994557e-02, 9.989386e-03, 2.647737e-03
2.592428, 2.428941e-02, 1.592046e-02, -1.922764e-03, -1.038749e-02
2.607767, 8.923810e-03, 9.873634e-04, -1.592117e-02, -2.418306e-02
2.623107, -3.190093e-03, -9.814027e-03, -2.687372e-02, -3.376388e-02
2.638447, -8.225807e-03, -1.302188e-02, -3.093657e-02, -3.573673e-02
2.653787, -5.006752e-03, -7.902745e-03, -2.683483e-02, -2.941622e-02
2.669127, 4.715101e-03, 3.389554e-03, -1.618623e-02, -1.697145e-02
2.684466, 1.701412e-02, 1.666562e-02, -2.800409e-03, -2.576216e-03
2.699806, 2.726567e-02, 2.722597e-02, 8.750610e-03, 9.102883e-03
2.715146, 3.179044e-02, 3.150100e-02, 1.475468e-02, 1.452780e-02
2.730486, 2.908667e-02, 2.823029e-02, 1.359911e-02, 1.245202e-02
2.745826, 2.024227e-02, 1.879195e-02, 6.216611e-03, 4.242265e-03
2.761165, 8.425113e-03, 6.605713e-03, -4.374617e-03, -6.714537e-03
2.776505, -2.324270e-03, -4.141581e-03, -1.422779e-02, -1.627184e-02
2.791845, -8.543181e-03, -9.977373e-03, -1.988266e-02, -2.098631e-02
2.807185, -8.524942e-03, -9.311195e-03, -1.953481e-02, -1.927017e-02
2.822525, -2.829659e-03, -2.900774e-03, -1.356811e-02, -1.185188e-02
2.837864, 6.017641e-03, 6.513182e-03, -4.299823e-03, -1.418766e-03
2.853204, 1.449944e-02, 1.524257e-02, 4.932615e-03, 8.398912e-03
2.868544, 1.938235e-02, 1.997464e-02, 1.099427e-02, 1.432617e-02
2.883884, 1.884299e-02, 1.891658e-02, 1.204660e-02, 1.456738e-02
2.899224, 1.305952e-02, 1.237558e-02, 8.139336e-03, 9.378442e-03
2.914563, 4.083586e-03, 2.594828e-03, 1.116207e-03, 9.116112e-04
2.929903, -4.937973e-03, -7.074846e-03, -6.105750e-03, -7.588498e-03
2.945243, -1.090196e-02, -1.336449e-02, -1.061016e-02, -1.294146e-02
2.960583, -1.184352e-02, -1.422066e-02, -1.052339e-02, -1.313339e-02
2.975923, -7.609116e-03, -9.496670e-03, -5.662855e-03, -7.988847e-03
2.991263, 1.153081e-04, -9.749338e-04, 2.423878e-03, 8.070917e-04
3.006602, 8.417475e-03, 8.273368e-03, 1.102877e-02, 1.032872e-02
3.021942, 1.418958e-02, 1.495982e-02, 1.725093e-02, 1.744464e-02
3.037282, 1.521388e-02, 1.670764e-02, 1.901822e-02, 1.990352e-02
3.052622, 1.092724e-02, 1.285115e-02, 1.580669e-02, 1.709592e-02
3.067962, 2.604500e-03, 4.637585e-03, 8.811979e-03, 1.023536e-02
3.083301, -7.096274e-03, -5.228727e-03, 5.205011e-04, 1.905574e-03
3.098641, -1.506338e-02, -1.353442e-02, -6.163392e-03, -4.859832e-03
3.113981, -1.881039e-02, -1.766526e-02, -8.925834e-03, -7.639989e-03
3.129321, -1.732989e-02, -1.649157e-02, -6.835597e-03, -5.460983e-03
3.144661, -1.142791e-02, -1.072883e-02, -6.469632e-04, 8.855337e-04
3.160000, -3.426351e-03, -2.655503e-03, 7.486647e-03, 9.144591e-03
3.175340, 3.659547e-03, 4.706666e-03, 1.478193e-02, 1.640927e-02
3.190680, 7.179846e-03, 8.659271e-03, 1.880386e-02, 2.015282e-02
3.206020, 5.774767e-03, 7.767094e-03, 1.830816e-02, 1.911825e-02
3.221360, -1.561008e-04, 2.344491e-03, 1.365448e-02, 1.375420e-02
3.236699, -8.601899e-03, -5.677467e-03, 6.650075e-03, 6.046973e-03
3.252039, -1.665136e-02, -1.345109e-02, -1.140374e-04, -1.188874e-03
3.267379, -2.151538e-02, -1.822893e-02, -4.193849e-03, -5.308758e-03
3.282719, -2.150251e-02, -1.833730e-02, -4.157306e-03, -4.772293e-03
3.298059, -1.660688e-02, -1.376412e-02, -7.725966e-05, 3.152298e-04
3.313399, -8.506097e-03, -6.156472e-03, 6.518446e-03, 8.242798e-03
3.328738, 2.611799e-05, 1.767315e-03, 1.321557e-02, 1.629793e-02
3.344078, 6.082840e-03, 7.180206e-03, 1.759180e-02, 2.171939e-02
3.359418, 7.624229e-03, 8.142261e-03, 1.808734e-02, 2.266128e-02
3.374758, 4.167535e-03, 4.279229e-03, 1.455632e-02, 1.882999e-02
3.390098, -3.068158e-03, -3.092185e-03, 8.304884e-03, 1.157341e-02
3.405437, -1.160437e-02, -1.143201e-02, 1.607567e-03, 3.396569e-03
3.420777, -1.856991e-02, -1.786875e-02, -3.119577e-03, -2.920481e-03
3.436117, -2.168437e-02, -2.019946e-02, -4.189462e-03, -5.289030e-03
3.451457, -2.001642e-02, -1.764754e-02, -1.245786e-03, -3.023566e-03
3.466797, -1.426025e-02, -1.111707e-02, 4.616968e-03, 2.945754e-03
3.482136, -6.446998e-03, -2.860880e-03, 1.125399e-02, 1.042608e-02
3.497476, 7.937358e-04, 4.314025e-03, 1.624322e-02, 1.674724e-02
3.512816, 5.153212e-03, 8.021141e-03, 1.775145e-02, 1.969726e-02
3.528156, 5.419141e-03, 7.107942e-03, 1.518311e-02, 1.827843e-02
3.543496, 1.842310e-03, 2.028702e-03, 9.382252e-03, 1.302330e-02
3.558835, -4.019853e-03, -5.344652e-03, 2.319796e-03, 5.769415e-03
3.574175, -9.909681e-03, -1.239734e-02, -3.617621e-03, -1.016688e-03
3.589515, -1.369627e-02, -1.668838e-02, -6.479729e-03, -5.119235e-03
3.604855, -1.412284e-02, -1.678621e-02, -5.440699e-03, -5.343337e-03
3.620195, -1.121160e-02, -1.273496e-02, -1.079653e-03, -1.907224e-03
3.635534, -6.193316e-03, -5.998148e-03, 4.842259e-03, 3.673074e-03
3.650874, -1.002351e-03, 1.088634e-03, 1.002393e-02, 9.154796e-03
3.666214, 2.467088e-03, 6.153992e-03, 1.245283e-02, 1.238391e-02
3.681554, 3.066976e-03, 7.617848e-03, 1.112325e-02, 1.206178e-02
3.696894, 8.073375e-04, 5.221397e-03, 6.389478e-03, 8.192968e-03
3.712234, -3.170405e-03, 8.215565e-05, -1.687648e-04, 2.061991e-03
3.727573, -7.041108e-03, -5.733728e-03, -6.317146e-03, -4.244120e-03
3.742913, -8.994262e-03, -9.960981e-03, -9.967960e-03, -8.590749e-03
3.758253, -7.923720e-03, -1.093690e-02, -9.926012e-03, -9.556917e-03
3.773593, -3.855414e-03, -8.173621e-03, -6.315309e-03, -6.934388e-03
3.788933, 2.042947e-03, -2.505999e-03, -5.375235e-04, -1.793254e-03
3.804272, 7.873361e-03, 4.227026e-03, 5.220446e-03, 3.902105e-03
3.819612, 1.169068e-02, 9.845638e-03, 8.754011e-03, 7.984946e-03
3.834952, 1.221016e-02, 1.259729e-02, 8.612555e-03, 8.839228e-03
3.850292, 9.283834e-03, 1.175884e-02, 4.605309e-03, 5.950613e-03
3.865632, 3.973552e-03, 7.865731e-03, -2.132864e-03, 6.800869e-05
3.880971, -1.806813e-03, 2.496302e-03, -9.534595e-03, -7.072120e-03
3.896311, -5.953964e-03, -2.303858e-03, -1.531076e-02, -1.335344e-02
3.911651, -6.908248e-03, -4.748635e-03, -1.772895e-02, -1.700141e-02
3.926991, -4.198492e-03, -3.932201e-03, -1.618984e-02, -1.716701e-02
3.942331, 1.392975e-03, -1.293705e-04, -1.140611e-02, -1.417522e-02
3.957670, 8.102272e-03, 5.322688e-03, -5.129554e-03, -9.363164e-03
3.973010, 1.379628e-02, 1.051165e-02, 4.699037e-04, -4.577776e-03
3.988350, 1.670987e-02, 1.362909e-02, 3.551346e-03, -1.519286e-03
4.003690, 1.605031e-02, 1.360134e-02, 3.214894e-03, -1.164456e-03
4.019030, 1.225921e-02, 1.045441e-02, -2.295238e-04, -3.467750e-03
4.034369, 6.843642e-03, 5.291826e-03, -5.420355e-03, -7.434069e-03
4.049709, 1.839252e-03, -9.821142e-05, -1.046210e-02, -1.152254e-02
4.065049, -9.046124e-04, -3.862857e-03, -1.361103e-02, -1.422539e-02
4.080389, -3.673040e-04, -4.713242e-03, -1.388345e-02, -1.460941e-02
4.095729, 3.295317e-03, -2.346374e-03, -1.137480e-02, -1.262873e-02
4.111069, 8.814960e-03, 2.477647e-03, -7.185277e-03, -9.105511e-03
4.126408, 1.425974e-02, 8.218515e-03, -2.989452e-03, -5.398181e-03
4.141748, 1.770783e-02, 1.309028e-02, -4.123728e-04, -2.887406e-03
4.157088, 1.791058e-02, 1.565708e-02, -4.393726e-04, -2.471559e-03
4.172428, 1.471730e-02, 1.528610e-02, -3.069364e-03, -4.253343e-03
4.187768, 9.119861e-03, 1.231104e-02, -7.330152e-03, -7.524650e-03
4.203107, 2.908257e-03, 7.864518e-03, -1.164301e-02, -1.104586e-02
4.218447, -1.937987e-03, 3.453250e-03, -1.439989e-02, -1.350974e-02
4.233787, -3.910745e-03, 4.337965e-04, -1.454370e-02, -1.401664e-02
4.249127, -2.461982e-03, -4.270490e-04, -1.194512e-02, -1.238888e-02
4.264467, 1.839625e-03, 8.378129e-04, -7.445064e-03, -9.214823e-03
4.279806, 7.526615e-03, 3.473394e-03, -2.552862e-03, -5.614406e-03
4.295146, 1.273965e-02, 6.322864e-03, 1.088452e-03, -2.818375e-03
4.310486, 1.584330e-02, 8.263827e-03, 2.278040e-03, -1.718958e-03
4.325826, 1.594106e-02, 8.600936e-03, 6.720209e-04, -2.555576e-03
4.341166, 1.312269e-02, 7.279865e-03, -3.105002e-03, -4.846128e-03
4.356505, 8.375040e-03, 4.858455e-03, -7.684931e-03, -7.582391e-03
4.371845, 3.204110e-03, 2.260433e-03, -1.143318e-02, -9.611826e-03
4.387185, -8.885853e-04, 4.128181e-04, -1.300780e-02, -1.006242e-02
4.402525, -2.891255e-03, -9.624658e-05, -1.180684e-02, -8.655219e-03
4.417865, -2.568058e-03, 7.826352e-04, -8.153862e-03, -5.793738e-03
4.433204, -4.632460e-04, 2.566852e-03, -3.166036e-03, -2.403113e-03
4.448544, 2.358233e-03, 4.442040e-03, 1.640192e-03, 4.170728e-04
4.463884, 4.725777e-03, 5.574095e-03, 4.863234e-03, 1.796427e-03
4.479224, 5.779086e-03, 5.415305e-03, 5.672098e-03, 1.406772e-03
4.494564, 5.240080e-03, 3.894903e-03, 4.052621e-03, -4.263970e-04
4.509904, 3.455520e-03, 1.430968e-03, 7.707256e-04, -2.849918e-03
4.525243, 1.211223e-03, -1.232646e-03, -2.921451e-03, -4.796382e-03
4.540583, -6.005127e-04, -3.298715e-03, -5.724790e-03, -5.369238e-03
4.555923, -1.331258e-03, -4.197143e-03, -6.722515e-03, -4.161227e-03
4.571263, -8.165677e-04, -3.774421e-03, -5.655960e-03, -1.395042e-03
4.586603, 5.759272e-04, -2.329860e-03, -2.963175e-03, 2.159176e-03
4.601942, 2.099346e-03, -4.932634e-04, 4.180665e-04, 5.455182e-03
4.617282, 2.917897e-03, 1.005732e-03, 3.401542e-03, 7.531454e-03
4.632622, 2.424980e-03, 1.591436e-03, 5.129493e-03, 7.834138e-03
4.647962, 4.738646e-04, 1.030512e-03, 5.245911e-03, 6.392139e-03
4.663302, -2.558859e-03, -5.060196e-04, 3.980344e-03, 3.789396e-03
4.678641, -5.895256e-03, -2.521318e-03, 2.026261e-03, 9.513299e-04
4.693981, -8.616391e-03, -4.377121e-03, 2.688872e-04, -1.174459e-03
4.709321, -9.967982e-03, -5.515411e-03, -5.349297e-04, -1.930267e-03
4.724661, -9.606374e-03, -5.640383e-03, -1.254301e-05, -1.147627e-03
4.740001, -7.704225e-03, -4.801999e-03, 1.716233e-03, 8.282615e-04
4.755340, -4.885845e-03, -3.359386e-03, 4.106224e-03, 3.288527e-03
4.770680, -2.020213e-03, -1.844015e-03, 6.395863e-03, 5.424976e-03
4.786020, 5.466204e-05, -7.747654e-04, 7.878480e-03, 6.612561e-03
4.801360, 7.837319e-04, -4.893605e-04, 8.140194e-03, 6.612263e-03
4.816700, 4.397506e-05, -1.046665e-03, 7.185824e-03, 5.628699e-03
4.832039, -1.850443e-03, -2.226964e-03, 5.416763e-03, 4.209884e-03
4.847379, -4.278596e-03, -3.623091e-03, 3.476637e-03, 3.031377e-03
4.862719, -6.527318e-03, -4.785970e-03, 2.023928e-03, 2.644935e-03
4.878059, -8.015012e-03, -5.373091e-03, 1.511551e-03, 3.280486e-03
4.893399, -8.452846e-03, -5.251370e-03, 2.046364e-03, 4.768216e-03
4.908739, -7.897507e-03, -4.524396e-03, 3.370808e-03, 6.603801e-03
4.924078, -6.688743e-03, -3.480885e-03, 4.966199e-03, 8.130033e-03
4.939418, -5.303075e-03, -2.486929e-03, 6.237200e-03, 8.769425e-03
4.954758, -4.179831e-03, -1.861055e-03, 6.712794e-03, 8.227194e-03
4.970098, -3.579975e-03, -1.773785e-03, 6.197303e-03, 6.596355e-03
4.985438, -3.522079e-03, -2.202395e-03, 4.824910e-03, 4.331299e-03
5.000777, -3.810107e-03, -2.951656e-03, 3.004884e-03, 2.100830e-03
5.016117, -4.135203e-03, -3.729325e-03, 1.280642e-03, 5.711868e-04
5.031457, -4.209467e-03, -4.248353e-03, 1.522353e-04, 1.913500e-04
5.046797, -3.881408e-03, -4.320957e-03, -7.907702e-05, 1.050459e-03
5.062137, -3.192206e-03, -3.914598e-03, 6.043025e-04, 2.852082e-03
5.077476, -2.355039e-03, -3.154031e-03, 1.945213e-03, 5.011220e-03
5.092816, -1.667982e-03, -2.272082e-03, 3.506317e-03, 6.840344e-03
5.108156, -1.394444e-03, -1.528281e-03, 4.815207e-03, 7.763097e-03
5.123496, -1.655919e-03, -1.123860e-03, 5.510609e-03, 7.487265e-03
5.138836, -2.376629e-03, -1.141096e-03, 5.442860e-03, 6.083639e-03
5.154175, -3.300547e-03, -1.525250e-03, 4.699480e-03, 3.949168e-03
5.169515, -4.075314e-03, -2.112164e-03, 3.553005e-03, 1.670391e-03
5.184855, -4.373679e-03, -2.689087e-03, 2.354029e-03, -1.656119e-04
5.200195, -4.009760e-03, -3.065975e-03, 1.409148e-03, -1.150635e-03
5.215535, -3.009006e-03, -3.132404e-03, 8.859942e-04, -1.168692e-03
5.230874, -1.606747e-03, -2.881886e-03, 7.755682e-04, -4.105166e-04
5.246214, -1.749138e-04, -2.398002e-03, 9.203830e-04, 7.101902e-04
5.261554, 8.986518e-04, -1.810798e-03, 1.093377e-03, 1.706456e-03
5.276894, 1.337429e-03, -1.242097e-03, 1.095375e-03, 2.181516e-03
5.292234, 1.066831e-03, -7.614049e-04, 8.338876e-04, 1.952023e-03
5.307574, 2.374985e-04, -3.688416e-04, 3.545862e-04, 1.092864e-03
5.322913, -8.264037e-04, -1.029602e-05, -1.846137e-04, -1.066346e-04
5.338253, -1.736021e-03, 3.830132e-04, -5.851077e-04, -1.255369e-03
5.353593, -2.166543e-03, 8.481790e-04, -6.960299e-04, -2.000116e-03
5.368933, -1.962099e-03, 1.357976e-03, -4.845732e-04, -2.143339e-03
5.384273, -1.181566e-03, 1.817302e-03, -6.004060e-05, -1.700187e-03
5.399612, -7.059167e-05, 2.092632e-03, 3.592328e-04, -8.785199e-04
5.414952, 1.029415e-03, 2.064961e-03, 5.254093e-04, 6.748887e-06
5.430292, 1.802961e-03, 1.686356e-03, 2.585250e-04, 6.512694e-04
5.445632, 2.070112e-03, 1.017065e-03, -4.746386e-04, 8.672889e-04
5.460972, 1.845932e-03, 2.257393e-04, -1.531083e-03, 6.404766e-04
5.476311, 1.329278e-03, -4.518624e-04, -2.625475e-03, 1.190437e-04
5.491651, 8.253947e-04, -7.848733e-04, -3.418770e-03, -4.580430e-04
5.506991, 6.300618e-04, -6.265577e-04, -3.632726e-03, -8.646636e-04
5.522331, 9.167270e-04, 2.742301e-05, -3.150962e-03, -9.825517e-04
5.537671, 1.667224e-03, 1.024680e-03, -2.070310e-03, -8.509506e-04
5.553010, 2.671581e-03, 2.094625e-03, -6.823258e-04, -6.514109e-04
5.568350, 3.598227e-03, 2.930534e-03, 6.115441e-04, -6.327727e-04
5.583690, 4.110954e-03, 3.289700e-03, 1.424503e-03, -1.004297e-03
5.599030, 3.992102e-03, 3.078137e-03, 1.507616e-03, -1.837787e-03
5.614370, 3.228422e-03, 2.389575e-03, 8.300892e-04, -3.017505e-03
5.629709, 2.028315e-03, 1.482623e-03, -4.111085e-04, -4.260185e-03
5.645049, 7.624710e-04, 7.005239e-04, -1.856365e-03, -5.202135e-03
5.660389, -1.536132e-04, 3.580102e-04, -3.101881e-03, -5.525236e-03
5.675729, -3.962283e-04, 6.323682e-04, -3.831648e-03, -5.077813e-03
5.691069, 1.571536e-04, 1.496129e-03, -3.918190e-03, -3.945746e-03
5.706409, 1.383427e-03, 2.716263e-03, -3.457821e-03, -2.444813e-03
5.721748, 2.950348e-03, 3.923089e-03, -2.728589e-03, -1.031908e-03
5.737088, 4.422442e-03, 4.728403e-03, -2.085878e-03, -1.615424e-04
5.752428, 5.400907e-03, 4.854763e-03, -1.832366e-03, -1.346412e-04
5.767768, 5.650243e-03, 4.232582e-03, -2.108193e-03, -9.916023e-04
5.783108, 5.168730e-03, 3.031088e-03, -2.840231e-03, -2.488396e-03
5.798447, 4.179203e-03, 1.610528e-03, -3.768627e-03, -4.167273e-03
5.813787, 3.044212e-03, 4.092949e-04, -4.541414e-03, -5.501346e-03
5.829127, 2.135936e-03, -1.979622e-04, -4.843582e-03, -6.066104e-03
5.844467, 1.706971e-03, -2.444869e-05, -4.514343e-03, -5.680203e-03
5.859807, 1.807552e-03, 8.642309e-04, -3.610074e-03, -4.466874e-03
5.875146, 2.278140e-03, 2.167621e-03, -2.389462e-03, -2.813452e-03
5.890486, 2.819170e-03, 3.445312e-03, -1.225145e-03, -1.241242e-03
5.905826, 3.111985e-03, 4.258431e-03, -4.727075e-04, -2.291901e-04
5.921166, 2.946249e-03, 4.311077e-03, -3.437708e-04, -5.159834e-05
5.936506, 2.306456e-03, 3.544927e-03, -8.291027e-04, -6.862480e-04
5.951845, 1.384595e-03, 2.155913e-03, -1.700307e-03, -1.825534e-03
5.967185, 5.126533e-04, 5.281744e-04, -2.590639e-03, -2.987663e-03
5.982525, 3.805871e-05, -8.916997e-04, -3.126824e-03, -3.689775e-03
5.997865, 1.868237e-04, -1.737309e-03, -3.064829e-03, -3.622493e-03
6.013205, 9.650318e-04, -1.834176e-03, -2.380290e-03, -2.763984e-03
6.028544, 2.136961e-03, -1.244261e-03, -1.279990e-03, -1.392040e-03
6.043884, 3.291538e-03, -2.307505e-04, -1.288845e-04, 1.180829e-05
6.059224, 3.977171e-03, 8.417294e-04, 6.820841e-04, 9.339045e-04
6.074564, 3.859592e-03, 1.634489e-03, 8.801146e-04, 1.015976e-03
6.089904, 2.847382e-03, 1.944447e-03, 4.139993e-04, 1.918748e-04
6.105244, 1.139385e-03, 1.758683e-03, -5.218980e-04, -1.276486e-03
6.120583, -8.257381e-04, 1.237489e-03, -1.553696e-03, -2.879337e-03
6.135923, -2.503828e-03, 6.359494e-04, -2.261900e-03, -4.029880e-03
6.151263, -3.419815e-03, 1.961362e-04, -2.335618e-03, -4.267606e-03
6.166603, -3.323994e-03, 5.178836e-05, -1.690928e-03, -3.423220e-03
6.181943, -2.276611e-03, 1.813350e-04, -5.089800e-04, -1.686294e-03
6.197282, -6.311760e-04, 4.258061e-04, 8.224321e-04, 4.502548e-04
6.212622, 1.078710e-03, 5.628685e-04, 1.845265e-03, 2.352055e-03
6.227962, 2.311271e-03, 4.065107e-04, 2.198094e-03, 3.457207e-03
6.243302, 2.689361e-03, -1.080140e-04, 1.753545e-03, 3.468792e-03
6.258642, 2.116115e-03, -8.886892e-04, 6.753655e-04, 2.458873e-03
6.273981, 7.952951e-04, -1.716154e-03, -6.281892e-04, 8.467676e-04
6.289321, -8.489058e-04, -2.327946e-03, -1.641172e-03, -7.422944e-04
6.304661, -2.323206e-03, -2.525325e-03, -1.920668e-03, -1.690384e-03
6.320001, -3.234264e-03, -2.260266e-03, -1.258048e-03, -1.598794e-03
6.335341, -3.416642e-03, -1.666372e-03, 2.373629e-04, -4.253728e-04
6.350680, -2.976296e-03, -1.017958e-03, 2.164176e-03, 1.500571e-03
6.366020, -2.236564e-03, -6.291509e-04, 3.958193e-03, 3.591364e-03
6.381360, -1.608267e-03, -7.290848e-04, 5.082064e-03, 5.203170e-03
6.396700, -1.432113e-03, -1.360803e-03, 5.210109e-03, 5.857345e-03
6.412040, -1.850750e-03, -2.345275e-03, 4.343516e-03, 5.404231e-03
6.427380, -2.756407e-03, -3.329560e-03, 2.814485e-03, 4.072676e-03
6.442719, -3.832309e-03, -3.907202e-03, 1.176261e-03, 2.388393e-03
6.458059, -4.671979e-03, -3.770730e-03, 1.599074e-05, 9.899495e-04
6.473399, -4.932444e-03, -2.841226e-03, -2.452336e-04, 4.067668e-04
6.488739, -4.465249e-03, -1.324712e-03, 5.042736e-04, 8.764561e-04
6.504079, -3.377383e-03, 3.312764e-04, 2.030099e-03, 2.264777e-03
6.519418, -1.999687e-03, 1.572763e-03, 3.834587e-03, 4.115313e-03
6.534758, -7.738122e-04, 1.924054e-03, 5.330243e-03, 5.810506e-03
6.550098, -9.824064e-05, 1.159657e-03, 6.042828e-03, 6.786910e-03
6.565438, -1.886877e-04, -5.981895e-04, 5.772865e-03, 6.729036e-03
6.580778, -1.002990e-03, -2.895046e-03, 4.659048e-03, 5.674356e-03
6.596117, -2.257344e-03, -5.073814e-03, 3.121937e-03, 3.993867e-03
6.611457, -3.527840e-03, -6.479520e-03, 1.708828e-03, 2.256766e-03
6.626797, -4.400611e-03, -6.672770e-03, 8.958892e-04, 1.028449e-03
6.642137, -4.616560e-03, -5.579733e-03, 9.186844e-04, 6.739864e-04
6.657477, -4.158879e-03, -3.525777e-03, 1.691836e-03, 1.236358e-03
6.672816, -3.252483e-03, -1.138098e-03, 2.846324e-03, 2.431277e-03
6.688156, -2.276456e-03, 8.529860e-04, 3.870354e-03, 3.758399e-03
6.703496, -1.622020e-03, 1.849285e-03, 4.302192e-03, 4.687188e-03
6.718836, -1.548022e-03, 1.578128e-03, 3.904382e-03, 4.849507e-03
6.734176, -2.086428e-03, 1.786431e-04, 2.755332e-03, 4.169442e-03
6.749515, -3.031767e-03, -1.848623e-03, 1.224116e-03, 2.884334e-03
6.764855, -4.017664e-03, -3.812046e-03, -1.632079e-04, 1.450804e-03
6.780195, -4.651823e-03, -5.061580e-03, -9.176713e-04, 3.713566e-04
6.795535, -4.659685e-03, -5.204697e-03, -7.711876e-04, 5.706486e-06
6.810875, -3.984121e-03, -4.232305e-03, 2.177193e-04, 4.361506e-04
6.826215, -2.804950e-03, -2.512319e-03, 1.676384e-03, 1.436222e-03
6.841554, -1.471754e-03, -6.542464e-04, 3.046210e-03, 2.553995e-03
6.856894, -3.753724e-04, 7.073489e-04, 3.781897e-03, 3.279463e-03
6.872234, 1.940250e-04, 1.134786e-03, 3.550397e-03, 3.234709e-03
6.887574, 1.496909e-04, 5.374209e-04, 2.357225e-03, 2.317165e-03
6.902914, -3.659395e-04, -8.016996e-04, 5.529420e-04, 7.432996e-04
6.918253, -1.041472e-03, -2.330933e-03, -1.284714e-03, -1.023763e-03
6.933593, -1.519564e-03, -3.428934e-03, -2.552724e-03, -2.436896e-03
6.948933, -1.535999e-03, -3.626690e-03, -2.837421e-03, -3.059207e-03
6.964273, -1.021982e-03, -2.774294e-03, -2.064952e-03, -2.719602e-03
6.979613, -1.305887e-04, -1.093980e-03, -5.327097e-04, -1.573366e-03
6.994952, 8.232496e-04, 8.986477e-04, 1.191140e-03, -4.598669e-05
7.010292, 1.487047e-03, 2.576661e-03, 2.465758e-03, 1.319212e-03
7.025632, 1.612507e-03, 3.422314e-03, 2.803779e-03, 2.054155e-03
7.040972, 1.160449e-03, 3.208044e-03, 2.045231e-03, 1.929742e-03
7.056312, 3.276137e-04, 2.074433e-03, 4.168356e-04, 1.031067e-03
7.071651, -5.173188e-04, 4.783943e-04, -1.545344e-03, -2.825313e-04
7.086991, -9.671880e-04, -9.692034e-04, -3.183463e-03, -1.517094e-03
7.102331, -7.312933e-04, -1.718472e-03, -3.949890e-03, -2.231411e-03
7.117671, 2.456048e-04, -1.471989e-03, -3.601692e-03, -2.202843e-03
7.133011, 1.745993e-03, -2.858296e-04, -2.288553e-03, -1.510295e-03
7.148350, 3.340990e-03, 1.454323e-03, -5.025136e-04, -5.035366e-04
7.163690, 4.531682e-03, 3.172101e-03, 1.093343e-03, 3.301404e-04
7.179030, 4.922023e-03, 4.304147e-03, 1.897327e-03, 5.530182e-04
7.194370, 4.362231e-03, 4.496211e-03, 1.581116e-03, -5.121311e-05
7.209710, 3.010741e-03, 3.722943e-03, 2.068018e-04, -1.384913e-03
7.225050, 1.290760e-03, 2.290614e-03, -1.792104e-03, -3.058836e-03
7.240389, -2.455358e-04, 7.238216e-04, -3.759092e-03, -4.523392e-03
7.255729, -1.099334e-03, -4.219126e-04, -5.040620e-03, -5.263103e-03
7.271069, -9.913727e-04, -7.544131e-04, -5.210917e-03, -4.985038e-03
7.286409, 4.546543e-05, -1.776185e-04, -4.217732e-03, -3.733249e-03
7.301749, 1.679109e-03, 1.082532e-03, -2.399164e-03, -1.886883e-03
7.317088, 3.392019e-03, 2.565877e-03, -3.668157e-04, -4.051316e-05
7.332428, 4.655934e-03, 3.746054e-03, 1.203251e-03, 1.193120e-03
7.347768, 5.107064e-03, 4.217782e-03, 1.798991e-03, 1.390257e-03
7.363108, 4.661688e-03, 3.836952e-03, 1.241897e-03, 4.616353e-04
7.378448, 3.533630e-03, 2.765197e-03, -2.592563e-04, -1.313906e-03
7.393787, 2.149764e-03, 1.405363e-03, -2.186567e-03, -3.379417e-03
7.409127, 9.952181e-04, 2.530744e-04, -3.893647e-03, -5.082645e-03
7.424467, 4.436906e-04, -2.814397e-04, -4.824988e-03, -5.889412e-03
7.439807, 6.322510e-04, -1.784038e-05, -4.698605e-03, -5.555600e-03
7.455147, 1.423010e-03, 9.336335e-04, -3.590989e-03, -4.200810e-03
7.470486, 2.462573e-03, 2.214832e-03, -1.898446e-03, -2.260963e-03
7.485826, 3.315593e-03, 3.348573e-03, -1.918189e-04, -3.384039e-04
7.501166, 3.623312e-03, 3.906830e-03, 9.825444e-04, 9.979324e-04
7.516506, 3.230419e-03, 3.658727e-03, 1.286038e-03, 1.394388e-03
7.531846, 2.236240e-03, 2.647372e-03, 6.933935e-04, 8.167217e-04
7.547185, 9.541293e-04, 1.170655e-03, -5.126313e-04, -4.551557e-04
7.562525, -2.042065e-04, -3.248634e-04, -1.851635e-03, -1.935607e-03
7.577865, -8.765278e-04, -1.397984e-03, -2.819451e-03, -3.104206e-03
7.593205, -8.768206e-04, -1.760428e-03, -3.063627e-03, -3.579146e-03
7.608545, -2.565380e-04, -1.367478e-03, -2.500201e-03, -3.234873e-03
7.623885, 7.198213e-04, -4.225623e-04, -1.333683e-03, -2.227163e-03
7.639224, 1.674080e-03, 7.027054e-04, 2.338100e-05, -9.219369e-04
7.654564, 2.251628e-03, 1.602396e-03, 1.100360e-03, 2.429923e-04
7.669904, 2.246852e-03, 1.975966e-03, 1.534299e-03, 9.126066e-04
7.685244, 1.672357e-03, 1.725471e-03, 1.194114e-03, 9.320018e-04
7.700584, 7.484477e-04, 9.785101e-04, 2.218660e-04, 3.879637e-04
7.715923, -1.817711e-04, 3.200619e-05, -1.020698e-03, -4.356789e-04
7.731263, -7.800064e-04, -7.604484e-04, -2.079564e-03, -1.169179e-03
7.746603, -8.367186e-04, -1.116245e-03, -2.564616e-03, -1.492677e-03
7.761943, -3.470782e-04, -9.213383e-04, -2.281052e-03, -1.248260e-03
7.777283, 4.876689e-04, -2.648309e-04, -1.292536e-03, -4.902656e-04
7.792622, 1.333148e-03, 5.991951e-04, 1.030796e-04, 5.410489e-04
7.807962, 1.842427e-03, 1.346632e-03, 1.474835e-03, 1.510058e-03
7.823302, 1.780897e-03, 1.699850e-03, 2.400729e-03, 2.106303e-03
7.838642, 1.111056e-03, 1.524180e-03, 2.602797e-03, 2.151783e-03
7.853982, 7.357109e-06, 8.712117e-04, 2.031453e-03, 1.658202e-03
7.869321, -1.203767e-03, -4.463666e-05, 8.739245e-04, 8.163561e-04
7.884661, -2.157232e-03, -9.260244e-04, -5.123752e-04, -7.577957e-05
7.900001, -2.575936e-03, -1.499439e-03, -1.716320e-03, -7.185856e-04
7.915341, -2.366321e-03, -1.610660e-03, -2.399393e-03, -9.117889e-04
7.930681, -1.649727e-03, -1.275859e-03, -2.391132e-03, -6.159955e-04
7.946020, -7.190089e-04, -6.716802e-04, -1.725683e-03, 4.473818e-05
7.961360, 6.400087e-05, -6.931896e-05, -6.125654e-04, 8.371807e-04
7.976700, 3.942920e-04, 2.630671e-04, 6.433798e-04, 1.507945e-03
7.992040, 1.290925e-04, 1.549754e-04, 1.742536e-03, 1.873810e-03
8.007380, -6.632713e-04, -4.074619e-04, 2.477239e-03, 1.880928e-03
8.022720, -1.727441e-03, -1.277625e-03, 2.778158e-03, 1.613072e-03
8.038059, -2.709199e-03, -2.199674e-03, 2.709924e-03, 1.248390e-03
8.053399, -3.277077e-03, -2.896019e-03, 2.423836e-03, 9.829191e-04
8.068739, -3.235664e-03, -3.160262e-03, 2.089407e-03, 9.508200e-04
8.084079, -2.592193e-03, -2.923939e-03, 1.831557e-03, 1.171644e-03
8.099419, -1.554336e-03, -2.275359e-03, 1.695308e-03, 1.544263e-03
8.114758, -4.607304e-04, -1.425848e-03, 1.647482e-03, 1.889297e-03
8.130098, 3.315595e-04, -6.367282e-04, 1.610041e-03, 2.023627e-03
8.145438, 5.643218e-04, -1.331451e-04, 1.508079e-03, 1.838458e-03
8.160778, 1.610337e-04, -3.423148e-05, 1.311145e-03, 1.350823e-03
8.176118, -7.515958e-04, -3.222406e-04, 1.050755e-03, 7.079283e-04
8.191457, -1.889090e-03, -8.589722e-04, 8.076171e-04, 1.409143e-04
8.206797, -2.904838e-03, -1.441261e-03, 6.749201e-04, -1.167357e-04
8.222137, -3.502777e-03, -1.874311e-03, 7.139262e-04, 8.256895e-05
8.237477, -3.529287e-03, -2.036579e-03, 9.212862e-04, 7.377225e-04
8.252817, -3.014706e-03, -1.914232e-03, 1.222840e-03, 1.685578e-03
8.268156, -2.152790e-03, -1.594980e-03, 1.497972e-03, 2.644294e-03
8.283496, -1.227777e-03, -1.225966e-03, 1.626074e-03, 3.300838e-03
8.298836, -5.160217e-04, -9.530015e-04, 1.537187e-03, 3.414232e-03
8.314176, -1.966708e-04, -8.643267e-04, 1.246211e-03, 2.899765e-03
8.329516, -3.012502e-04, -9.594973e-04, 8.554624e-04, 1.864837e-03
8.344855, -7.173235e-04, -1.153985e-03, 5.219611e-04, 5.828194e-04
8.360195, -1.241891e-03, -1.316570e-03, 3.994737e-04, -5.881333e-04
8.375535, -1.662918e-03, -1.324471e-03, 5.758661e-04, -1.315719e-03
8.390875, -1.838270e-03, -1.114814e-03, 1.029631e-03, -1.397753e-03
8.406215, -1.743404e-03, -7.126912e-04, 1.623920e-03, -8.258937e-04
8.421555, -1.471436e-03, -2.250276e-04, 2.143680e-03, 2.122262e-04
8.436894, -1.187099e-03, 1.976953e-04, 2.365864e-03, 1.393299e-03
8.452234, -1.053140e-03, 4.176756e-04, 2.139826e-03, 2.361358e-03
8.467574, -1.157770e-03, 3.629981e-04, 1.449638e-03, 2.839769e-03
8.482914, -1.471330e-03, 5.769800e-05, 4.345933e-04, 2.715678e-03
8.498254, -1.849507e-03, -3.830977e-04, -6.425720e-04, 2.069748e-03
8.513593, -2.083214e-03, -7.919862e-04, -1.472518e-03, 1.142359e-03
8.528933, -1.977773e-03, -1.008540e-03, -1.797843e-03, 2.485399e-04
8.544273, -1.432610e-03, -9.376922e-04, -1.501156e-03, -3.292338e-04
8.559613, -4.915586e-04, -5.858402e-04, -6.523694e-04, -4.343638e-04
8.574953, 6.564424e-04, -6.093370e-05, 5.027370e-04, -8.472215e-05
8.590292, 1.729214e-03, 4.643383e-04, 1.611641e-03, 5.388497e-04
8.605632, 2.439918e-03, 8.137490e-04, 2.321471e-03, 1.159085e-03
8.620972, 2.592838e-03, 8.714698e-04, 2.389121e-03, 1.500374e-03
8.636312, 2.153250e-03, 6.256144e-04, 1.759260e-03, 1.384601e-03
8.651652, 1.266220e-03, 1.751267e-04, 5.841535e-04, 7.922297e-04
8.666991, 2.161389e-04, -3.033525e-04, -8.221592e-04, -1.316109e-04
8.682331, -6.610121e-04, -6.176188e-04, -2.081218e-03, -1.127308e-03
8.697671, -1.084237e-03, -6.292761e-04, -2.867782e-03, -1.909359e-03
8.713011, -9.175622e-04, -3.054462e-04, -3.009539e-03, -2.262709e-03
8.728351, -2.132585e-04, 2.663381e-04, -2.536424e-03, -2.113988e-03
8.743690, 8.065069e-04, 9.064375e-04, -1.663731e-03, -1.553822e-03
8.759030, 1.823688e-03, 1.405609e-03, -7.152172e-04, -8.034360e-04
8.774370, 2.529334e-03, 1.600170e-03, -1.244962e-05, -1.377967e-04
8.789710, 2.724349e-03, 1.433125e-03, 2.321922e-04, 2.078105e-04
8.805050, 2.382372e-03, 9.788297e-04, -1.717241e-05, 1.157088e-04
8.820390, 1.654019e-03, 4.211237e-04, -6.146727e-04, -3.779733e-04
8.835729, 8.117758e-04, -8.828750e-06, -1.290631e-03, -1.100353e-03
8.851069, 1.549707e-04, -1.142183e-04, -1.752197e-03, -1.805187e-03
8.866409, -9.227681e-05, 1.945582e-04, -1.791521e-03, -2.259964e-03
8.881749, 1.448397e-04, 8.620051e-04, -1.363690e-03, -2.326353e-03
8.897089, 7.706576e-04, 1.699233e-03, -6.070190e-04, -2.006500e-03
8.912428, 1.557308e-03, 2.442949e-03, 2.018925e-04, -1.439935e-03
8.927768, 2.228222e-03, 2.842824e-03, 7.433606e-04, -8.530800e-04
8.943108, 2.557118e-03, 2.747897e-03, 7.676023e-04, -4.796045e-04
8.958448, 2.447619e-03, 2.162210e-03, 1.865674e-04, -4.794903e-04
8.973788, 1.965705e-03, 1.249712e-03, -8.874288e-04, -8.845499e-04
8.989127, 1.314008e-03, 2.854388e-04, -2.170412e-03, -1.588449e-03
9.004467, 7.574551e-04, -4.317317e-04, -3.294103e-03, -2.383635e-03
9.019807, 5.268537e-04, -6.760910e-04, -3.923266e-03, -3.031451e-03
9.035147, 7.347004e-04, -3.694813e-04, -3.864103e-03, -3.340777e-03
9.050487, 1.333056e-03, 3.920670e-04, -3.127649e-03, -3.228311e-03
9.065826, 2.128458e-03, 1.368677e-03, -1.927141e-03, -2.740798e-03
9.081166, 2.848705e-03, 2.254070e-03, -6.104062e-04, -2.033168e-03
9.096506, 3.238091e-03, 2.774403e-03, 4.501230e-04, -1.311887e-03
9.111846, 3.147628e-03, 2.775671e-03, 9.733869e-04, -7.643810e-04
9.127186, 2.588534e-03, 2.270862e-03, 8.538376e-04, -4.992859e-04
9.142525, 1.730110e-03, 1.431767e-03, 1.871302e-04, -5.174404e-04
9.157865, 8.425446e-04, 5.290981e-04, -7.693460e-04, -7.219396e-04
9.173205, 2.044084e-04, -1.581585e-04, -1.686116e-03, -9.615330e-04
9.188545, 6.887158e-06, -4.333018e-04, -2.270330e-03, -1.090221e-03
9.203885, 2.878932e-04, -2.422189e-04, -2.357145e-03, -1.020999e-03
9.219225, 9.187937e-04, 3.157873e-04, -1.954486e-03, -7.548456e-04
9.234564, 1.648253e-03, 1.028602e-03, -1.228594e-03, -3.757460e-04
9.249904, 2.188009e-03, 1.647761e-03, -4.380983e-04, -1.521029e-05
9.265244, 2.311115e-03, 1.973427e-03, 1.586886e-04, 1.994423e-04
9.280584, 1.929132e-03, 1.918499e-03, 3.906403e-04, 1.934333e-04
9.295924, 1.122266e-03, 1.530625e-03, 2.257731e-04, -2.809421e-05
9.311263, 1.127524e-04, 9.662165e-04, -2.274812e-04, -3.829890e-04
9.326603, -8.088752e-04, 4.275407e-04, -7.673095e-04, -7.432563e-04
9.341943, -1.379208e-03, 8.656924e-05, -1.174948e-03, -9.821903e-04
9.357283, -1.446895e-03, 2.325892e-05, -1.292366e-03, -1.019766e-03
9.372623, -1.019155e-03, 2.000009e-04, -1.074014e-03, -8.497882e-04
9.387962, -2.555774e-04, 4.804800e-04, -5.958896e-04, -5.394770e-04
9.403302, 5.869958e-04, 6.850360e-04, -2.098881e-05, -2.025459e-04
9.418642, 1.238539e-03, 6.616014e-04, 4.643278e-04, 4.356047e-05
9.433982, 1.500009e-03, 3.459873e-04, 7.188880e-04, 1.201787e-04
9.449322, 1.300048e-03, -2.105392e-04, 6.954065e-04, 1.427298e-05
9.464661, 7.072303e-04, -8.564181e-04, 4.527842e-04, -2.195084e-04
9.480001, -1.032777e-04, -1.392261e-03, 1.292707e-04, -4.812810e-04
9.495341, -9.143160e-04, -1.641808e-03, -1.120482e-04, -6.636220e-04
9.510681, -1.538569e-03, -1.516038e-03, -1.444863e-04, -6.900379e-04
9.526021, -1.872773e-03, -1.047612e-03, 7.678149e-05, -5.400355e-04
9.541361, -1.917311e-03, -3.834061e-04, 5.008856e-04, -2.521899e-04
9.556700, -1.757618e-03, 2.623552e-04, 1.002789e-03, 9.483398e-05
9.572040, -1.517737e-03, 6.781026e-04, 1.430900e-03, 4.150608e-04
9.587380, -1.305721e-03, 7.239534e-04, 1.662350e-03, 6.486277e-04
9.602720, -1.172312e-03, 3.762643e-04, 1.645432e-03, 7.828966e-04
9.618060, -1.098032e-03, -2.670249e-04, 1.414169e-03, 8.534255e-04
9.633399, -1.012161e-03, -1.021277e-03, 1.070811e-03, 9.249607e-04
9.648739, -8.345885e-04, -1.677509e-03, 7.440422e-04, 1.060405e-03
9.664079, -5.227158e-04, -2.070365e-03, 5.394664e-04, 1.290367e-03
9.679419, -1.037740e-04, -2.128564e-03, 5.012882e-04, 1.595658e-03
9.694759, 3.214450e-04, -1.891375e-03, 5.993792e-04, 1.910117e-03
9.710098, 6.065138e-04, -1.486878e-03, 7.460012e-04, 2.143297e-03
9.725438, 6.098727e-04, -1.081117e-03, 8.351218e-04, 2.214798e-03
9.740778, 2.499310e-04, -8.170097e-04, 7.887439e-04, 2.087301e-03
9.756118, -4.556193e-04, -7.648333e-04, 5.920986e-04, 1.785494e-03
9.771458, -1.381694e-03, -9.013556e-04, 3.038055e-04, 1.392996e-03
9.786797, -2.323735e-03, -1.124089e-03, 3.658177e-05, 1.027344e-03
9.802137, -3.053984e-03, -1.294541e-03, -8.476132e-05, 8.012735e-04
9.817477, -3.388450e-03, -1.294163e-03, 2.744068e-05, 7.837414e-04
9.832817, -3.242863e-03, -1.072462e-03, 3.857764e-04, 9.746727e-04
9.848157, -2.659228e-03, -6.697779e-04, 9.159502e-04, 1.302868e-03
9.863496, -1.794157e-03, -2.063999e-04, 1.476644e-03, 1.648515e-03
9.878836, -8.726127e-04, 1.583211e-04, 1.905119e-03, 1.883096e-03
9.894176, -1.219358e-04, 2.826002e-04, 2.073057e-03, 1.913210e-03
9.909516, 2.928251e-04, 9.471323e-05, 1.932907e-03, 1.713186e-03
9.924856, 3.121097e-04, -3.771952e-04, 1.537774e-03, 1.334983e-03
9.940196, -9.137629e-06, -1.008839e-03, 1.026709e-03, 8.915030e-04
9.955535, -5.278779e-04, -1.616466e-03, 5.792549e-04, 5.185960e-04
9.970875, -1.064527e-03, -2.014639e-03, 3.539953e-04, 3.284346e-04
9.986215, -1.461603e-03, -2.076055e-03, 4.319620e-04, 3.701168e-04
10.001555, -1.629929e-03, -1.773474e-03, 7.847277e-04, 6.111455e-04
10.016895, -1.567952e-03, -1.189752e-03, 1.279139e-03, 9.465234e-04
10.032234, -1.349525e-03, -4.924634e-04, 1.718447e-03, 1.232901e-03
10.047574, -1.086522e-03, 1.186601e-04, 1.907140e-03, 1.336656e-03
10.062914, -8.811403e-04, 4.743728e-04, 1.718347e-03, 1.179861e-03
10.078254, -7.857870e-04, 4.882752e-04, 1.141166e-03, 7.685860e-04
10.093594, -7.851365e-04, 1.820894e-04, 2.913646e-04, 1.936886e-04
10.108933, -8.064818e-04, -3.239273e-04, -6.193083e-04, -3.965701e-04
10.124273, -7.539525e-04, -8.516754e-04, -1.346277e-03, -8.432770e-04
10.139613, -5.532483e-04, -1.223127e-03, -1.687913e-03, -1.027561e-03
10.154953, -1.894487e-04, -1.316181e-03, -1.549482e-03, -9.083559e-04
10.170293, 2.773060e-04, -1.100298e-03, -9.743338e-04, -5.346298e-04
10.185632, 7.255988e-04, -6.409164e-04, -1.318742e-04, -2.808195e-05
10.200972, 1.012547e-03, -7.239470e-05, 7.340653e-04, 4.576640e-04
10.216312, 1.026314e-03, 4.502096e-04, 1.379845e-03, 7.873075e-04
10.231652, 7.325683e-04, 8.033183e-04, 1.635459e-03, 8.862769e-04
10.246992, 1.972957e-04, 9.329812e-04, 1.453104e-03, 7.607843e-04
10.262331, -4.241296e-04, 8.664269e-04, 9.155420e-04, 4.888975e-04
10.277671, -9.302027e-04, 6.941573e-04, 2.024248e-04, 1.862881e-04
10.293011, -1.135983e-03, 5.302630e-04, -4.732234e-04, -4.059200e-05
10.308351, -9.348505e-04, 4.662613e-04, -9.363161e-04, -1.365189e-04
10.323691, -3.382660e-04, 5.357908e-04, -1.104509e-03, -1.188753e-04
10.339031, 5.209073e-04, 7.032214e-04, -1.008292e-03, -6.995545e-05
10.354370, 1.424177e-03, 8.802156e-04, -7.704857e-04, -1.024031e-04
10.369710, 2.131824e-03, 9.637659e-04, -5.535691e-04, -3.101672e-04
10.385050, 2.455585e-03, 8.810738e-04, -4.945070e-04, -7.233401e-04
10.400390, 2.316060e-03, 6.238305e-04, -6.510033e-04, -1.284685e-03
10.415730, 1.766012e-03, 2.581231e-04, -9.788434e-04, -1.858494e-03
10.431069, 9.719311e-04, -9.492505e-05, -1.348662e-03, -2.270980e-03
10.446409, 1.600882e-04, -3.017219e-04, -1.596090e-03, -2.369616e-03
10.461749, -4.547965e-04, -2.669102e-04, -1.586921e-03, -2.081048e-03
10.477089, -7.344724e-04, 2.658175e-05, -1.273121e-03, -1.446356e-03
10.492429, -6.542809e-04, 5.038122e-04, -7.184281e-04, -6.192241e-04
10.507768, -3.008848e-04, 1.017079e-03, -8.297662e-05, 1.750693e-04
10.523108, 1.672579e-04, 1.393005e-03, 4.288436e-04, 7.081452e-04
10.538448, 5.816370e-04, 1.491934e-03, 6.395002e-04, 8.225028e-04
10.553788, 8.250865e-04, 1.258967e-03, 4.631497e-04, 4.858677e-04
10.569128, 8.707797e-04, 7.481065e-04, -5.956556e-05, -1.936116e-04
10.584467, 7.851605e-04, 1.098302e-04, -7.703805e-04, -9.982094e-04
10.599807, 6.944354e-04, -4.549966e-04, -1.444248e-03, -1.668846e-03
10.615147, 7.277002e-04, -7.600202e-04, -1.865355e-03, -1.988903e-03
10.630487, 9.585083e-04, -6.952527e-04, -1.902025e-03, -1.855799e-03
10.645827, 1.367510e-03, -2.645685e-04, -1.553868e-03, -1.315895e-03
10.661166, 1.841284e-03, 4.144207e-04, -9.537499e-04, -5.501624e-04
10.676506, 2.209253e-03, 1.148513e-03, -3.227273e-04, 1.853736e-04
10.691846, 2.306344e-03, 1.732291e-03, 1.072164e-04, 6.449322e-04
10.707186, 2.038965e-03, 2.015061e-03, 1.760283e-04, 6.753552e-04
10.722526, 1.429706e-03, 1.948362e-03, -1.451800e-04, 2.675035e-04
10.737866, 6.229039e-04, 1.597795e-03, -7.400696e-04, -4.411399e-04
10.753205, -1.533878e-04, 1.115413e-03, -1.384274e-03, -1.213893e-03
10.768545, -6.579867e-04, 6.828252e-04, -1.822023e-03, -1.796324e-03
10.783885, -7.166621e-04, 4.454657e-04, -1.856227e-03, -2.003806e-03
10.799225, -2.843657e-04, 4.615481e-04, -1.420775e-03, -1.784888e-03
10.814565, 5.325212e-04, 6.839216e-04, -6.093608e-04, -1.238300e-03
10.829904, 1.503004e-03, 9.811565e-04, 3.501919e-04, -5.773596e-04
10.845244, 2.339941e-03, 1.189999e-03, 1.168416e-03, -5.383540e-05
10.860584, 2.788456e-03, 1.179882e-03, 1.589468e-03, 1.324044e-04
10.875924, 2.705545e-03, 9.056453e-04, 1.476931e-03, -9.366348e-05
10.891264, 2.104686e-03, 4.286695e-04, 8.607771e-04, -6.525744e-04
10.906603, 1.150813e-03, -1.020425e-04, -7.084943e-05, -1.335114e-03
10.921943, 1.074499e-04, -5.027706e-04, -1.032565e-03, -1.873646e-03
10.937283, -7.463494e-04, -6.233060e-04, -1.734902e-03, -2.035845e-03
10.952623, -1.201828e-03, -4.058034e-04, -1.978160e-03, -1.708489e-03
10.967963, -1.181239e-03, 8.765787e-05, -1.715205e-03, -9.419575e-04
10.983302, -7.545129e-04, 6.899617e-04, -1.062270e-03, 6.072788e-05
10.998642, -1.080810e-04, 1.182446e-03, -2.546855e-04, 1.007530e-03
11.013982, 5.218783e-04, 1.369204e-03, 4.365649e-04, 1.612743e-03
11.029322, 9.280650e-04, 1.146511e-03, 7.982869e-04, 1.692038e-03
11.044662, 9.958457e-04, 5.427765e-04, 7.462203e-04, 1.224990e-03
11.060001, 7.317345e-04, -2.857789e-04, 3.496998e-04, 3.637646e-04
11.075341, 2.491521e-04, -1.103323e-03, -1.979139e-04, -6.152161e-04
11.090681, -2.808433e-04, -1.670801e-03, -6.517975e-04, -1.400503e-03
11.106021, -6.943736e-04, -1.824808e-03, -8.051120e-04, -1.745864e-03
11.121361, -8.912026e-04, -1.532058e-03, -5.636141e-04, -1.548095e-03
11.136701, -8.632159e-04, -9.007064e-04, 2.072964e-05, -8.767790e-04
11.152040, -6.864571e-04, -1.444764e-04, 7.686053e-04, 5.319890e-05
11.167380, -4.820559e-04, 4.883120e-04, 1.437567e-03, 9.561459e-04
11.182720, -3.627274e-04, 7.966826e-04, 1.808535e-03, 1.571191e-03
11.198060, -3.862961e-04, 6.921110e-04, 1.763797e-03, 1.746530e-03
11.213400, -5.342965e-04, 2.248962e-04, 1.328915e-03, 1.484331e-03
11.228739, -7.235343e-04, -4.366712e-04, 6.638698e-04, 9.323395e-04
11.244079, -8.454528e-04, -1.066552e-03, 6.737158e-06, 3.267169e-04
11.259419, -8.171883e-04, -1.459390e-03, -4.100236e-04, -9.287091e-05
11.274759, -6.234382e-04, -1.499951e-03, -4.410582e-04, -1.659671e-04
11.290099, -3.315437e-04, -1.199904e-03, -7.867071e-05, 1.364557e-04
11.305438, -7.232326e-05, -6.899385e-04, 5.452295e-04, 7.072257e-04
11.320778, 7.572554e-06, -1.708757e-04, 1.206265e-03, 1.345695e-03
11.336118, -1.953797e-04, 1.584404e-04, 1.667018e-03, 1.831530e-03
11.351458, -6.936744e-04, 1.709297e-04, 1.760682e-03, 2.002844e-03
11.366798, -1.391229e-03, -1.454912e-04, 1.449532e-03, 1.811251e-03
11.382137, -2.105045e-03, -6.857446e-04, 8.378033e-04, 1.335302e-03
11.397477, -2.620809e-03, -1.266386e-03, 1.346701e-04, 7.489447e-04
11.412817, -2.764382e-03, -1.690927e-03, -4.194276e-04, 2.575230e-04
11.428157, -2.464514e-03, -1.818259e-03, -6.371047e-04, 2.493927e-05
11.443497, -1.784088e-03, -1.610169e-03, -4.493878e-04, 1.179975e-04
11.458836, -9.074243e-04, -1.141785e-03, 7.069044e-05, 4.870943e-04
11.474176, -8.613147e-05, -5.722146e-04, 7.343055e-04, 9.889092e-04
11.489516, 4.395229e-04, -8.675252e-05, 1.303437e-03, 1.441562e-03
11.504856, 5.178107e-04, 1.681703e-04, 1.574359e-03, 1.691322e-03
11.520196, 1.353026e-04, 1.340184e-04, 1.448782e-03, 1.666378e-03
11.535536, -5.779302e-04, -1.438566e-04, 9.679104e-04, 1.398540e-03
11.550875, -1.389880e-03, -5.380720e-04, 2.977678e-04, 1.005933e-03
11.566215, -2.041324e-03, -8.899915e-04, -3.287764e-04, 6.442227e-04
11.581555, -2.328851e-03, -1.070210e-03, -6.928660e-04, 4.453642e-04
11.596895, -2.168536e-03, -1.026329e-03, -6.652021e-04, 4.671626e-04
11.612235, -1.619304e-03, -8.005756e-04, -2.502004e-04, 6.725766e-04
11.627574, -8.587862e-04, -5.110557e-04, 4.161689e-04, 9.463742e-04
11.642914, -1.206882e-04, -3.038634e-04, 1.113608e-03, 1.142661e-03
11.658254, 3.844138e-04, -2.939639e-04, 1.612998e-03, 1.145129e-03
11.673594, 5.376388e-04, -5.169491e-04, 1.753904e-03, 9.169482e-04
11.688934, 3.467011e-04, -9.098770e-04, 1.497520e-03, 5.207913e-04
11.704273, -6.383476e-05, -1.328912e-03, 9.374296e-04, 1.004174e-04
11.719613, -5.022640e-04, -1.598137e-03, 2.653551e-04, -1.705993e-04
11.734953, -7.809650e-04, -1.572537e-03, -2.953860e-04, -1.549728e-04
11.750293, -7.835843e-04, -1.192773e-03, -5.652614e-04, 1.913955e-04
11.765633, -5.045961e-04, -5.120278e-04, -4.668491e-04, 7.931700e-04
11.780972, -4.785512e-05, 3.152150e-04, -4.681506e-05, 1.471006e-03
11.796312, 4.144793e-04, 1.079291e-03, 5.446601e-04, 1.995066e-03
11.811652, 7.072231e-04, 1.581068e-03, 1.108363e-03, 2.159395e-03
11.826992, 7.178368e-04, 1.695111e-03, 1.464404e-03, 1.852137e-03
11.842332, 4.388172e-04, 1.409068e-03, 1.510396e-03, 1.097419e-03
11.857671, -2.830782e-05, 8.262932e-04, 1.249877e-03, 5.400892e-05
11.873011, -5.086838e-04, 1.313226e-04, 7.826579e-04, -1.029601e-03
11.888351, -8.166754e-04, -4.696057e-04, 2.624748e-04, -1.889336e-03
11.903691, -8.229040e-04, -8.126674e-04, -1.613071e-04, -2.324723e-03
11.919031, -5.019126e-04, -8.239331e-04, -3.962468e-04, -2.257377e-03
11.934371, 5.648398e-05, -5.352921e-04, -4.349113e-04, -1.750228e-03
11.949710, 6.762600e-04, -6.519323e-05, -3.494005e-04, -9.822545e-04
11.965050, 1.154547e-03, 4.272972e-04, -2.558347e-04, -1.883609e-04
11.980390, 1.330658e-03, 7.979083e-04, -2.633065e-04, 4.147349e-04
11.995730, 1.140882e-03, 9.624930e-04, -4.271823e-04, 6.918506e-04
12.011070, 6.402973e-04, 9.173398e-04, -7.246036e-04, 6.218133e-04
12.026409, -1.555849e-05, 7.292349e-04, -1.061455e-03, 2.902708e-04
12.041749, -6.223936e-04, 5.011668e-04, -1.308175e-03, -1.520509e-04
12.057089, -9.941220e-04, 3.280733e-04, -1.350969e-03, -5.489604e-04
12.072429, -1.022088e-03, 2.599217e-04, -1.139176e-03, -7.943053e-04
12.087769, -7.067359e-04, 2.858299e-04, -7.108125e-04, -8.640087e-04
12.103108, -1.518779e-04, 3.443817e-04, -1.861611e-04, -8.146314e-04
12.118448, 4.751801e-04, 3.550630e-04, 2.691843e-04, -7.510024e-04
12.133788, 1.002723e-03, 2.576857e-04, 4.993303e-04, -7.766479e-04
12.149128, 1.311856e-03, 4.372735e-05, 4.120376e-04, -9.466014e-04
12.164468, 1.372166e-03, -2.332728e-04, 1.264721e-05, -1.240743e-03
12.179807, 1.244290e-03, -4.730300e-04, -5.941433e-04, -1.567778e-03
12.195147, 1.049891e-03, -5.643892e-04, -1.235686e-03, -1.798374e-03
12.210487, 9.210133e-04, -4.285756e-04, -1.725591e-03, -1.815071e-03
12.225827, 9.477986e-04, -5.347745e-05, -1.922603e-03, -1.560330e-03
12.241167, 1.143597e-03, 4.944570e-04, -1.774569e-03, -1.064661e-03
12.256506, 1.439878e-03, 1.086169e-03, -1.333183e-03, -4.438878e-04
12.271846, 1.712386e-03, 1.569145e-03, -7.352590e-04, 1.343101e-04
12.287186, 1.828754e-03, 1.816561e-03, -1.575384e-04, 5.034510e-04
12.302526, 1.700160e-03, 1.769330e-03, 2.393613e-04, 5.527423e-04
12.317866, 1.318306e-03, 1.456152e-03, 3.591927e-04, 2.642608e-04
12.333206, 7.642844e-04, 9.842968e-04, 1.952234e-04, -2.799359e-04
12.348545, 1.858496e-04, 5.040431e-04, -1.746310e-04, -9.231437e-04
12.363885, -2.493007e-04, 1.589604e-04, -6.192419e-04, -1.483080e-03
12.379225, -4.083684e-04, 3.916181e-05, -1.000144e-03, -1.808063e-03
12.394565, -2.378210e-04, 1.535662e-04, -1.215626e-03, -1.821632e-03
12.409905, 2.176141e-04, 4.304816e-04, -1.228478e-03, -1.541335e-03
12.425244, 8.275332e-04, 7.458589e-04, -1.069420e-03, -1.066564e-03
12.440584, 1.415616e-03, 9.689031e-04, -8.171924e-04, -5.409676e-04
12.455924, 1.813274e-03, 1.008772e-03, -5.643494e-04, -1.033336e-04
12.471264, 1.909679e-03, 8.459152e-04, -3.821848e-04, 1.558709e-04
12.486604, 1.682398e-03, 5.372256e-04, -2.975906e-04, 2.178726e-04
12.501943, 1.199690e-03, 1.935495e-04, -2.894128e-04, 1.321489e-04
12.517283, 5.950642e-04, -6.206465e-05, -3.041980e-04, -1.082160e-05
12.532623, 2.359084e-05, -1.402314e-04, -2.839451e-04, -1.192919e-04
12.547963, -3.852058e-04, -1.867122e-05, -1.942506e-04, -1.371486e-04
12.563303, -5.628415e-04, 2.488132e-04, -4.149703e-05, -6.431181e-05
12.578642, -5.154685e-04, 5.511342e-04, 1.277435e-04, 4.649690e-05
12.593982, -3.131167e-04, 7.598853e-04, 2.449044e-04, 1.147614e-04
12.609322, -6.022036e-05, 7.763001e-04, 2.481761e-04, 6.894343e-05
12.624662, 1.412837e-04, 5.684454e-04, 1.106033e-04, -1.193752e-04
12.640002, 2.235533e-04, 1.852140e-04, -1.436301e-04, -4.174386e-04
12.655342, 1.693488e-04, -2.582460e-04, -4.416534e-04, -7.369201e-04
12.670681, 9.687243e-06, -6.190330e-04, -6.831611e-04, -9.620346e-04
12.686021, -1.943186e-04, -7.758472e-04, -7.735261e-04, -9.906023e-04
12.701361, -3.772435e-04, -6.721815e-04, -6.572628e-04, -7.734278e-04
12.716701, -4.927343e-04, -3.382569e-04, -3.398272e-04, -3.374606e-04
12.732041, -5.263814e-04, 1.162249e-04, 1.104385e-04, 2.164893e-04
12.747380, -4.946527e-04, 5.365088e-04, 5.816121e-04, 7.419955e-04
12.762720, -4.320262e-04, 7.730807e-04, 9.527340e-04, 1.092630e-03
12.778060, -3.727967e-04, 7.310316e-04, 1.132159e-03, 1.170026e-03
12.793400, -3.355823e-04, 4.019064e-04, 1.086798e-03, 9.581474e-04
12.808740, -3.168934e-04, -1.327018e-04, 8.522912e-04, 5.317341e-04
12.824079, -2.960201e-04, -7.270555e-04, 5.206087e-04, 3.528122e-05
12.839419, -2.486365e-04, -1.218021e-03, 2.092224e-04, -3.613001e-04
12.854759, -1.628309e-04, -1.477045e-03, 2.229631e-05, -5.163386e-04
12.870099, -5.018659e-05, -1.450099e-03, 1.701118e-05, -3.620574e-04
12.885439, 5.351760e-05, -1.172498e-03, 1.863359e-04, 7.267887e-05
12.900778, 9.920846e-05, -7.540725e-04, 4.638538e-04, 6.700879e-04
12.916118, 4.339874e-05, -3.401901e-04, 7.486512e-04, 1.259364e-03
12.931458, -1.321480e-04, -6.219772e-05, 9.413962e-04, 1.669327e-03
12.946798, -4.080270e-04, 5.780699e-06, 9.789595e-04, 1.781047e-03
12.962138, -7.278551e-04, -1.308542e-04, 8.555597e-04, 1.563785e-03
12.977477, -1.013101e-03, -3.929710e-04, 6.232134e-04, 1.083125e-03
12.992817, -1.187823e-03, -6.590694e-04, 3.715699e-04, 4.792654e-04
13.008157, -1.204990e-03, -8.109115e-04, 1.944529e-04, -7.700934e-05
13.023497, -1.064862e-03, -7.773056e-04, 1.551047e-04, -4.361654e-04
13.038837, -8.181926e-04, -5.606773e-04, 2.625831e-04, -5.129850e-04
13.054177, -5.520661e-04, -2.371084e-04, 4.678516e-04, -3.076404e-04
13.069516, -3.622846e-04, 7.023682e-05, 6.811590e-04, 1.008612e-04
13.084856, -3.212403e-04, 2.351265e-04, 8.047637e-04, 5.853143e-04
13.100196, -4.522332e-04, 1.744410e-04, 7.695325e-04, 1.013782e-03
13.115536, -7.194404e-04, -1.196087e-04, 5.624011e-04, 1.290949e-03
13.130876, -1.037657e-03, -5.726703e-04, 2.346793e-04, 1.383849e-03
13.146215, -1.299212e-03, -1.049671e-03, -1.122751e-04, 1.324353e-03
13.161555, -1.409415e-03, -1.397670e-03, -3.596479e-04, 1.189088e-03
13.176895, -1.318692e-03, -1.496009e-03, -4.112338e-04, 1.065178e-03
13.192235, -1.040359e-03, -1.297029e-03, -2.273982e-04, 1.014781e-03
13.207575, -6.476729e-04, -8.436971e-04, 1.587778e-04, 1.051326e-03
13.222914, -2.507550e-04, -2.581158e-04, 6.489941e-04, 1.135774e-03
13.238254, 3.906956e-05, 2.954804e-04, 1.108767e-03, 1.193813e-03
13.253594, 1.455646e-04, 6.612244e-04, 1.408631e-03, 1.147317e-03
13.268934, 5.216084e-05, 7.392581e-04, 1.464037e-03, 9.482579e-04
13.284274, -1.936175e-04, 5.152564e-04, 1.260885e-03, 6.023882e-04
13.299613, -4.974404e-04, 6.270271e-05, 8.585094e-04, 1.736105e-04
13.314953, -7.512261e-04, -4.821787e-04, 3.694660e-04, -2.332187e-04
13.330293, -8.704876e-04, -9.640432e-04, -7.679103e-05, -5.056401e-04
13.345633, -8.229134e-04, -1.256027e-03, -3.740286e-04, -5.618804e-04
13.360973, -6.380985e-04, -1.295944e-03, -4.698757e-04, -3.808969e-04
13.376312, -3.949068e-04, -1.099999e-03, -3.772616e-04, -1.356849e-05
13.391652, -1.908518e-04, -7.507620e-04, -1.637413e-04, 4.293436e-04
13.406992, -1.043717e-04, -3.648175e-04, 7.654210e-05, 8.090857e-04
13.422332, -1.636325e-04, -5.196574e-05, 2.576693e-04, 1.000618e-03
13.437672, -3.334538e-04, 1.198741e-04, 3.309467e-04, 9.308006e-04
13.453012, -5.257444e-04, 1.425900e-04, 2.980040e-04, 6.008595e-04
13.468351, -6.305323e-04, 6.362165e-05, 2.039400e-04, 8.606804e-05
13.483691, -5.571633e-04, -3.755487e-05, 1.138769e-04, -4.870071e-04
13.499031, -2.711897e-04, -8.269711e-05, 8.238549e-05, -9.782018e-04
13.514371, 1.866024e-04, -2.532305e-05, 1.278351e-04, -1.274325e-03
13.529711, 7.068484e-04, 1.324691e-04, 2.218697e-04, -1.320004e-03
13.545050, 1.143082e-03, 3.424753e-04, 2.985562e-04, -1.129780e-03
13.560390, 1.358483e-03, 5.305433e-04, 2.803277e-04, -7.787371e-04
13.575730, 1.272628e-03, 6.263989e-04, 1.113316e-04, -3.759200e-04
13.591070, 8.923469e-04, 5.917836e-04, -2.144170e-04, -2.996200e-05
13.606410, 3.155166e-04, 4.364032e-04, -6.413414e-04, 1.817900e-04
13.621749, -2.946671e-04, 2.158392e-04, -1.062824e-03, 2.313291e-04
13.637089, -7.576264e-04, 1.228242e-05, -1.351877e-03, 1.407818e-04
13.652429, -9.306602e-04, -9.475124e-05, -1.402485e-03, -3.248819e-05
13.667769, -7.538397e-04, -5.695465e-05, -1.167844e-03, -2.198660e-04
13.683109, -2.698632e-04, 1.254035e-04, -6.820017e-04, -3.655552e-04
13.698448, 3.879078e-04, 4.035430e-04, -5.653925e-05, -4.425940e-04
13.713788, 1.035793e-03, 6.975334e-04, 5.480234e-04, -4.562972e-04
13.729128, 1.495895e-03, 9.245129e-04, 9.678798e-04, -4.355101e-04
13.744468, 1.650212e-03, 1.027415e-03, 1.084524e-03, -4.164175e-04
13.759808, 1.475699e-03, 9.937524e-04, 8.608026e-04, -4.259333e-04
13.775147, 1.049375e-03, 8.577157e-04, 3.527528e-04, -4.711958e-04
13.790487, 5.222980e-04, 6.850567e-04, -3.067426e-04, -5.387778e-04
13.805827, 7.117043e-05, 5.465680e-04, -9.474054e-04, -6.031140e-04
13.821167, -1.566631e-04, 4.902229e-04, -1.411628e-03, -6.399742e-04
13.836507, -8.732846e-05, 5.225420e-04, -1.599393e-03, -6.389518e-04
13.851847, 2.598908e-04, 6.063478e-04, -1.494179e-03, -6.095491e-04
13.867186, 7.825680e-04, 6.759636e-04, -1.162417e-03, -5.781985e-04
13.882526, 1.330399e-03, 6.643398e-04, -7.277388e-04, -5.773455e-04
13.897866, 1.753315e-03, 5.319709e-04, -3.293568e-04, -6.310161e-04
13.913206, 1.946460e-03, 2.865348e-04, -7.864527e-05, -7.428085e-04
13.928546, 1.877848e-03, -1.465968e-05, -2.792361e-05, -8.913969e-04
13.943885, 1.590974e-03, -2.811619e-04, -1.606997e-04, -1.035741e-03
13.959225, 1.183332e-03, -4.195847e-04, -4.049920e-04, -1.128393e-03
13.974565, 7.697741e-04, -3.670596e-04, -6.635046e-04, -1.132071e-03
13.989905, 4.441391e-04, -1.159156e-04, -8.490854e-04, -1.033274e-03
14.005245, 2.522935e-04, 2.796845e-04, -9.128165e-04, -8.477371e-04
14.020584, 1.848699e-04, 7.182202e-04, -8.554805e-04, -6.155593e-04
14.035924, 1.905280e-04, 1.082027e-03, -7.196649e-04, -3.877669e-04
14.051264, 2.031763e-04, 1.274814e-03, -5.669665e-04, -2.093496e-04
14.066604, 1.719303e-04, 1.252586e-03, -4.500355e-04, -1.051771e-04
14.081944, 8.220298e-05, 1.037170e-03, -3.906873e-04, -7.408127e-05
14.097283, -3.978683e-05, 7.074759e-04, -3.725633e-04, -9.318702e-05
14.112623, -1.401878e-04, 3.714249e-04, -3.509384e-04, -1.305010e-04
14.127963, -1.626331e-04, 1.282783e-04, -2.754827e-04, -1.604208e-04
14.143303, -7.503422e-05, 3.460418e-05, -1.166365e-04, -1.755476e-04
14.158643, 1.127981e-04, 8.590217e-05, 1.153264e-04, -1.895550e-04
14.173982, 3.480212e-04, 2.204390e-04, 3.668781e-04, -2.294414e-04
14.189322, 5.511218e-04, 3.439714e-04, 5.559487e-04, -3.199344e-04
14.204662, 6.440548e-04, 3.665443e-04, 6.003169e-04, -4.664013e-04
14.220002, 5.798035e-04, 2.381211e-04, 4.497396e-04, -6.438568e-04
14.235342, 3.621927e-04, -2.995868e-05, 1.099182e-04, -7.979011e-04
14.250682, 4.811461e-05, -3.658115e-04, -3.512295e-04, -8.591491e-04
14.266021, -2.693647e-04, -6.603941e-04, -8.185821e-04, -7.674007e-04
14.281361, -4.915740e-04, -8.056342e-04, -1.162252e-03, -4.974320e-04
14.296701, -5.479185e-04, -7.340704e-04, -1.277261e-03, -7.661421e-05
14.312041, -4.207483e-04, -4.459298e-04, -1.117361e-03, 4.135467e-04
14.327381, -1.524172e-04, -1.369121e-05, -7.114760e-04, 8.548352e-04
14.342720, 1.682592e-04, 4.381408e-04, -1.568720e-04, 1.125031e-03
14.358060, 4.356487e-04, 7.717304e-04, 4.091198e-04, 1.136375e-03
14.373400, 5.628025e-04, 8.802540e-04, 8.498196e-04, 8.673191e-04
14.388740, 5.104104e-04, 7.229460e-04, 1.069180e-03, 3.762759e-04
14.404080, 2.990619e-04, 3.389248e-04, 1.038181e-03, -2.087570e-04
14.419419, 5.412618e-07, -1.649706e-04, 7.994352e-04, -7.231978e-04
14.434759, -2.886983e-04, -6.482927e-04, 4.492106e-04, -1.012443e-03
14.450099, -4.824033e-04, -9.815795e-04, 1.035921e-04, -9.779820e-04
14.465439, -5.352833e-04, -1.086485e-03, -1.393511e-04, -6.085390e-04
14.480779, -4.586717e-04, -9.581701e-04, -2.286033e-04, 1.405280e-05
14.496118, -3.154672e-04, -6.628733e-04, -1.711242e-04, 7.367706e-04
14.511458, -1.961425e-04, -3.121639e-04, -2.194674e-05, 1.378873e-03
14.526798, -1.844022e-04, -2.330662e-05, 1.418747e-04, 1.783742e-03
14.542138, -3.248431e-04, 1.202544e-04, 2.532566e-04, 1.863167e-03
14.557478, -6.043488e-04, 9.465783e-05, 2.810300e-04, 1.620483e-03
14.572817, -9.541507e-04, -6.087780e-05, 2.404047e-04, 1.145749e-03
14.588157, -1.272170e-03, -2.633035e-04, 1.844361e-04, 5.850774e-04
14.603497, -1.458008e-03, -4.201315e-04, 1.800821e-04, 9.439747e-05
14.618837, -1.448359e-03, -4.660745e-04, 2.781817e-04, -2.073078e-04
14.634177, -1.240270e-03, -3.884004e-04, 4.889840e-04, -2.704762e-04
14.649517, -8.938214e-04, -2.316798e-04, 7.728925e-04, -1.234182e-04
14.664856, -5.129020e-04, -8.016492e-05, 1.050563e-03, 1.448315e-04
14.680196, -2.104648e-04, -2.423638e-05, 1.229359e-03, 4.203444e-04
14.695536, -7.015424e-05, -1.232850e-04, 1.237020e-03, 6.059102e-04
14.710876, -1.176469e-04, -3.789102e-04, 1.050407e-03, 6.540271e-04
14.726216, -3.118356e-04, -7.288408e-04, 7.085501e-04, 5.802704e-04
14.741555, -5.592221e-04, -1.064701e-03, 3.044449e-04, 4.531062e-04
14.756895, -7.468614e-04, -1.268181e-03, -4.258915e-05, 3.644887e-04
14.772235, -7.827040e-04, -1.253366e-03, -2.252560e-04, 3.922086e-04
14.787575, -6.294462e-04, -1.000315e-03, -1.845500e-04, 5.676860e-04
14.802915, -3.200198e-04, -5.675505e-04, 6.855387e-05, 8.608452e-04
14.818254, 5.103863e-05, -7.804501e-05, 4.538806e-04, 1.187608e-03
14.833594, 3.579385e-04, 3.177062e-04, 8.457864e-04, 1.437551e-03
14.848934, 4.858693e-04, 4.899072e-04, 1.112590e-03, 1.512166e-03
14.864274, 3.710887e-04, 3.731421e-04, 1.159030e-03, 1.360351e-03
14.879614, 2.532736e-05, -9.266005e-06, 9.578318e-04, 9.986551e-04
14.894953, -4.639892e-04, -5.489103e-04, 5.598566e-04, 5.089299e-04
14.910293, -9.582852e-04, -1.083530e-03, 7.923317e-05, 1.381450e-05
14.925633, -1.309572e-03, -1.446235e-03, -3.419421e-04, -3.619196e-04
14.940973, -1.406116e-03, -1.517086e-03, -5.780669e-04, -5.312249e-04
14.956313, -1.207446e-03, -1.260417e-03, -5.593887e-04, -4.724054e-04
14.971652, -7.575573e-04, -7.358459e-04, -2.936838e-04, -2.351802e-04
14.986992, -1.722174e-04, -7.944352e-05, 1.365109e-04, 7.686467e-05
15.002332, 3.953971e-04, 5.387642e-04, 5.999242e-04, 3.414933e-04
15.017672, 7.996948e-04, 9.671215e-04, 9.571831e-04, 4.587876e-04
15.033012, 9.441427e-04, 1.117585e-03, 1.102883e-03, 3.840435e-04
15.048352, 8.065920e-04, 9.895024e-04, 9.958001e-04, 1.415693e-04
15.063691, 4.413931e-04, 6.647824e-04, 6.681718e-04, -1.850912e-04
15.079031, -4.112935e-05, 2.768356e-04, 2.120226e-04, -4.829422e-04
15.094371, -5.101315e-04, -3.576350e-05, -2.519963e-04, -6.489671e-04
15.109711, -8.526402e-04, -1.751366e-04, -6.123915e-04, -6.256392e-04
15.125051, -1.002738e-03, -1.142807e-04, -7.987865e-04, -4.204030e-04
15.140390, -9.532809e-04, 9.800594e-05, -7.982296e-04, -1.026278e-04
15.155730, -7.482504e-04, 3.582862e-04, -6.518133e-04, 2.206599e-04
15.171070, -4.604502e-04, 5.477296e-04, -4.344071e-04, 4.416610e-04
15.186410, -1.637405e-04, 5.754957e-04, -2.258176e-04, 4.884346e-04
15.201750, 8.999078e-05, 4.112354e-04, -8.401937e-05, 3.486337e-04
15.217089, 2.816268e-04, 9.576385e-05, -2.957319e-05, 7.231055e-05
15.232429, 4.211048e-04, -2.733062e-04, -4.568585e-05, -2.468773e-04
15.247769, 5.325830e-04, -5.755125e-04, -9.235709e-05, -5.052016e-04
15.263109, 6.359364e-04, -7.089984e-04, -1.279399e-04, -6.252125e-04
15.278449, 7.329676e-04, -6.250876e-04, -1.290363e-04, -5.821294e-04
15.293788, 8.043180e-04, -3.442779e-04, -1.007569e-04, -4.111409e-04
15.309128, 8.183364e-04, 5.138202e-05, -7.347743e-05, -1.932992e-04
15.324468, 7.479944e-04, 4.463317e-04, -8.770970e-05, -2.526959e-05
15.339808, 5.883779e-04, 7.298316e-04, -1.734815e-04, 1.614855e-05
15.355148, 3.667392e-04, 8.312349e-04, -3.328793e-04, -9.794065e-05
15.370487, 1.398213e-04, 7.403398e-04, -5.332977e-04, -3.378623e-04
15.385827, -2.185462e-05, 5.065456e-04, -7.148832e-04, -6.257672e-04
15.401167, -5.771691e-05, 2.181285e-04, -8.101695e-04, -8.632858e-04
15.416507, 5.973091e-05, -3.017288e-05, -7.690505e-04, -9.665387e-04
15.431847, 3.114025e-04, -1.693205e-04, -5.798582e-04, -8.960558e-04
15.447187, 6.336746e-04, -1.765851e-04, -2.783477e-04, -6.710488e-04
15.462526, 9.364048e-04, -7.794685e-05, 5.949153e-05, -3.630935e-04
15.477866, 1.131395e-03, 6.746975e-05, 3.391307e-04, -7.160254e-05
15.493206, 1.161618e-03, 1.941141e-04, 4.767573e-04, 1.101256e-04
15.508546, 1.020808e-03, 2.572026e-04, 4.262471e-04, 1.262718e-04
15.523886, 7.560914e-04, 2.499064e-04, 1.945852e-04, -2.365098e-05
15.539225, 4.522573e-04, 2.041618e-04, -1.596559e-04, -2.864344e-04
15.554565, 2.028282e-04, 1.751597e-04, -5.443662e-04, -5.752694e-04
15.569905, 7.802572e-05, 2.158961e-04, -8.623825e-04, -8.007345e-04
15.585245, 1.010494e-04, 3.520209e-04, -1.040783e-03, -9.013987e-04
15.600585, 2.412958e-04, 5.671678e-04, -1.051237e-03, -8.631524e-04
15.615924, 4.271249e-04, 8.050071e-04, -9.149295e-04, -7.206993e-04
15.631264, 5.736646e-04, 9.878869e-04, -6.910963e-04, -5.412631e-04
15.646604, 6.155269e-04, 1.045506e-03, -4.538998e-04, -3.970635e-04
15.661944, 5.322815e-04, 9.429818e-04, -2.663170e-04, -3.371221e-04
15.677284, 3.569483e-04, 6.975029e-04, -1.604025e-04, -3.690243e-04
15.692623, 1.638536e-04, 3.766458e-04, -1.306277e-04, -4.573979e-04
15.707963, 3.981110e-05, 7.797862e-05, -1.419630e-04, -5.395123e-04
15.723303, 4.898579e-05, -1.035127e-04, -1.488553e-04, -5.519215e-04
15.738643, 2.045798e-04, -1.089376e-04, -1.172860e-04, -4.578580e-04
15.753983, 4.585039e-04, 6.205104e-05, -4.111756e-05, -2.647162e-04
15.769322, 7.140271e-04, 3.483335e-04, 5.372573e-05, -2.458621e-05
15.784662, 8.581275e-04, 6.457164e-04, 1.189431e-04, 1.828918e-04
15.800002, 8.028318e-04, 8.409642e-04, 1.037259e-04, 2.794089e-04
15.815342, 5.209506e-04, 8.501560e-04, -2.286601e-05, 2.180841e-04
15.830682, 6.283236e-05, 6.482749e-04, -2.558027e-04, 3.501496e-06
15.846022, -4.531777e-04, 2.796898e-04, -5.508343e-04, -3.061731e-04
15.861361, -8.749382e-04, -1.544334e-04, -8.359442e-04, -6.164711e-04
15.876701, -1.064973e-03, -5.279309e-04, -1.033856e-03, -8.276896e-04
15.892041, -9.473040e-04, -7.302243e-04, -1.087699e-03, -8.689507e-04
15.907381, -5.365748e-04, -7.022170e-04, -9.805481e-04, -7.230805e-04
15.922721, 6.123780e-05, -4.555725e-04, -7.415740e-04, -4.331460e-04
15.938060, 6.780132e-04, -6.902685e-05, -4.362643e-04, -8.789165e-05
15.953400, 1.134026e-03, 3.368969e-04, -1.439513e-04, 2.091567e-04
15.968740, 1.293875e-03, 6.382216e-04, 6.946030e-05, 3.761754e-04
15.984080, 1.109618e-03, 7.461240e-04, 1.737932e-04, 3.821388e-04
15.999420, 6.367828e-04, 6.332009e-04, 1.838175e-04, 2.579297e-04
16.014759, 1.762402e-05, 3.391746e-04, 1.519312e-04, 8.510168e-05
16.030099, -5.633102e-04, -4.510701e-05, 1.468185e-04, -3.414623e-05
16.045439, -9.370901e-04, -4.092426e-04, 2.257611e-04, -1.539861e-05
16.060779, -1.003124e-03, -6.592990e-04, 4.107283e-04, 1.747918e-04
16.076119, -7.596961e-04, -7.461015e-04, 6.771863e-04, 5.030910e-04
16.091458, -3.026328e-04, -6.767516e-04, 9.601072e-04, 8.772063e-04
16.106798, 2.071106e-04, -5.064524e-04, 1.175495e-03, 1.175396e-03
16.122138, 5.960178e-04, -3.146329e-04, 1.250066e-03, 1.288000e-03
16.137478, 7.333696e-04, -1.746223e-04, 1.148573e-03, 1.156825e-03
16.152818, 5.714073e-04, -1.279586e-04, 8.888448e-04, 7.985747e-04
16.168158, 1.576546e-04, -1.722750e-04, 5.387570e-04, 3.036731e-04
16.183497, -3.838307e-04, -2.664715e-04, 1.956310e-04, -1.898772e-04
16.198837, -8.952000e-04, -3.504771e-04, -4.517129e-05, -5.394255e-04
16.214177, -1.236762e-03, -3.716647e-04, -1.217440e-04, -6.432995e-04
16.229517, -1.330749e-03, -3.077259e-04, -2.624996e-05, -4.738825e-04
16.244857, -1.182780e-03, -1.773066e-04, 1.927048e-04, -8.690831e-05
16.260196, -8.748260e-04, -3.434414e-05, 4.470334e-04, 3.963753e-04
16.275536, -5.332298e-04, 5.188830e-05, 6.398216e-04, 8.284446e-04
16.290876, -2.835958e-04, 2.372390e-05, 6.991766e-04, 1.083201e-03
16.306216, -2.083616e-04, -1.409067e-04, 6.035251e-04, 1.096332e-03
16.321556, -3.213516e-04, -4.164125e-04, 3.894585e-04, 8.849678e-04
16.336895, -5.672699e-04, -7.341969e-04, 1.391997e-04, 5.402278e-04
16.352235, -8.452196e-04, -1.002904e-03, -4.817131e-05, 1.953239e-04
16.367575, -1.047073e-03, -1.137597e-03, -9.190466e-05, -1.993780e-05
16.382915, -1.096687e-03, -1.088002e-03, 4.098719e-05, -2.294355e-05
16.398255, -9.761427e-04, -8.561637e-04, 3.223556e-04, 1.942704e-04
16.413594, -7.301957e-04, -4.974495e-04, 6.704627e-04, 5.629019e-04
16.428934, -4.480722e-04, -1.044590e-04, 9.761434e-04, 9.610371e-04
16.444274, -2.297690e-04, 2.208586e-04, 1.138853e-03, 1.254856e-03
16.459614, -1.493356e-04, 3.977001e-04, 1.100409e-03, 1.343389e-03
16.474954, -2.283693e-04, 3.896434e-04, 8.649335e-04, 1.191802e-03
16.490293, -4.290200e-04, 2.133850e-04, 4.981534e-04, 8.422488e-04
16.505633, -6.686323e-04, -6.925859e-05, 1.061936e-04, 3.989987e-04
16.520973, -8.503714e-04, -3.727440e-04, -1.990433e-04, -6.780990e-06
16.536313, -8.985381e-04, -6.149971e-04, -3.362934e-04, -2.604814e-04
16.551653, -7.857637e-04, -7.413134e-04, -2.809505e-04, -3.011042e-04
16.566993, -5.423569e-04, -7.374896e-04, -7.206223e-05, -1.396889e-04
16.582332, -2.446010e-04, -6.287923e-04, 2.018571e-04, 1.466198e-04
16.597672, 1.359485e-05, -4.663668e-04, 4.332162e-04, 4.423256e-04
16.613012, 1.553260e-04, -3.068379e-04, 5.315637e-04, 6.333660e-04
16.628352, 1.490263e-04, -1.927380e-04, 4.534416e-04, 6.453441e-04
16.643692, 2.023198e-05, -1.404851e-04, 2.160022e-04, 4.674655e-04
16.659031, -1.575328e-04, -1.393832e-04, -1.098529e-04, 1.545457e-04
16.674371, -2.895685e-04, -1.608417e-04, -4.240913e-04, -1.930084e-04
16.689711, -2.949837e-04, -1.732927e-04, -6.312812e-04, -4.639617e-04
16.705051, -1.373646e-04, -1.564821e-04, -6.719144e-04, -5.737384e-04
16.720391, 1.598798e-04, -1.094789e-04, -5.408837e-04, -4.920384e-04
16.735730, 5.191461e-04, -4.954910e-05, -2.872784e-04, -2.516584e-04
16.751070, 8.335269e-04, -2.823199e-06, 3.861669e-06, 6.385802e-05
16.766410, 1.002493e-03, 9.018891e-06, 2.410931e-04, 3.489686e-04
16.781750, 9.661070e-04, -1.973078e-05, 3.570343e-04, 5.111950e-04
16.797090, 7.259998e-04, -7.408950e-05, 3.293670e-04, 5.006622e-04
16.812429, 3.459064e-04, -1.227162e-04, 1.855525e-04, 3.245498e-04
16.827769, -6.838396e-05, -1.298663e-04, -9.747599e-06, 4.228213e-05
16.843109, -4.027717e-04, -7.038090e-05, -1.795627e-04, -2.561402e-04
16.858449, -5.707837e-04, 5.829135e-05, -2.627220e-04, -4.807656e-04
16.873789, -5.396079e-04, 2.321221e-04, -2.352436e-04, -5.707616e-04
16.889128, -3.377120e-04, 4.067343e-04, -1.176974e-04, -5.124494e-04
16.904468, -4.198450e-05, 5.321123e-04, 3.365164e-05, -3.409884e-04
16.919808, 2.506071e-04, 5.707075e-04, 1.483650e-04, -1.261267e-04
16.935148, 4.566528e-04, 5.122913e-04, 1.680931e-04, 5.228643e-05
16.950488, 5.334827e-04, 3.797902e-04, 6.815910e-05, 1.302786e-04
16.965828, 4.907020e-04, 2.234060e-04, -1.331131e-04, 7.856968e-05
16.981167, 3.825972e-04, 1.045161e-04, -3.804439e-04, -9.139548e-05
16.996507, 2.847440e-04, 7.464348e-05, -6.006711e-04, -3.350661e-04
17.011847, 2.636619e-04, 1.567963e-04, -7.279744e-04, -5.922016e-04
17.027187, 3.506494e-04, 3.359064e-04, -7.263454e-04, -8.071867e-04
17.042527, 5.292498e-04, 5.620964e-04, -6.015261e-04, -9.449566e-04
17.057866, 7.407801e-04, 7.660881e-04, -3.984673e-04, -9.974746e-04
17.073206, 9.058227e-04, 8.817844e-04, -1.854883e-04, -9.796140e-04
17.088546, 9.538539e-04, 8.684249e-04, -3.092164e-05, -9.173367e-04
17.103886, 8.502807e-04, 7.247125e-04, 1.949699e-05, -8.337612e-04
17.119226, 6.110782e-04, 4.899484e-04, -4.329132e-05, -7.391038e-04
17.134565, 2.996155e-04, 2.316280e-04, -1.907090e-04, -6.285336e-04
17.149905, 6.550435e-06, 2.358840e-05, -3.685648e-04, -4.885109e-04
17.165245, -1.803416e-04, -7.794163e-05, -5.173599e-04, -3.085690e-04
17.180585, -2.059798e-04, -5.231308e-05, -5.933923e-04, -9.314694e-05
17.195925, -6.707739e-05, 7.957032e-05, -5.831106e-04, 1.321064e-04
17.211264, 1.861433e-04, 2.631693e-04, -5.057943e-04, 3.230811e-04
17.226604, 4.663097e-04, 4.292555e-04, -4.039639e-04, 4.289967e-04
17.241944, 6.778154e-04, 5.172995e-04, -3.253861e-04, 4.095476e-04
17.257284, 7.484970e-04, 4.953007e-04, -3.035317e-04, 2.512947e-04
17.272624, 6.533746e-04, 3.694282e-04, -3.438270e-04, -2.301796e-05
17.287963, 4.225190e-04, 1.804845e-04, -4.208613e-04, -3.563956e-04
17.303303, 1.305515e-04, -1.118381e-05, -4.876819e-04, -6.711579e-04
17.318643, -1.284900e-04, -1.467486e-04, -4.938709e-04, -8.904070e-04
17.333983, -2.723049e-04, -1.884420e-04, -4.058473e-04, -9.607038e-04
17.349323, -2.570023e-04, -1.308514e-04, -2.219289e-04, -8.685251e-04
17.364663, -9.049550e-05, -3.743147e-07, 2.355398e-05, -6.448914e-04
17.380002, 1.715266e-04, 1.564187e-04, 2.689972e-04, -3.563400e-04
17.395342, 4.452361e-04, 2.907938e-04, 4.444984e-04, -8.491103e-05
17.410682, 6.468800e-04, 3.693497e-04, 4.948066e-04, 9.653062e-05
17.426022, 7.198440e-04, 3.845068e-04, 3.984751e-04, 1.457461e-04
17.441362, 6.515167e-04, 3.542888e-04, 1.766085e-04, 6.252106e-05
17.456701, 4.746557e-04, 3.118397e-04, -1.119707e-04, -1.134602e-04
17.472041, 2.534207e-04, 2.890738e-04, -3.877864e-04, -3.172447e-04
17.487381, 5.948937e-05, 3.011449e-04, -5.745767e-04, -4.806091e-04
17.502721, -5.308461e-05, 3.381724e-04, -6.222894e-04, -5.539473e-04
17.518061, -6.546244e-05, 3.679295e-04, -5.218482e-04, -5.207796e-04
17.533400, 1.829332e-06, 3.489529e-04, -3.070843e-04, -4.002827e-04
17.548740, 9.917323e-05, 2.493512e-04, -4.344853e-05, -2.374297e-04
17.564080, 1.684032e-04, 6.402572e-05, 1.926162e-04, -8.460897e-05
17.579420, 1.658908e-04, -1.768713e-04, 3.368817e-04, 1.853092e-05
17.594760, 7.968198e-05, -4.125845e-04, 3.557690e-04, 5.973947e-05
17.610099, -6.554579e-05, -5.691901e-04, 2.544878e-04, 5.807540e-05
17.625439, -2.174842e-04, -5.846546e-04, 7.291171e-05, 5.566051e-05
17.640779, -3.158762e-04, -4.330723e-04, -1.287547e-04, 1.002026e-04
17.656119, -3.157460e-04, -1.392048e-04, -2.893113e-04, 2.245444e-04
17.671459, -2.057301e-04, 2.228332e-04, -3.644445e-04, 4.306693e-04
17.686798, -1.475628e-05, 5.478025e-04, -3.376565e-04, 6.841913e-04
17.702138, 1.955999e-04, 7.297565e-04, -2.214627e-04, 9.218500e-04
17.717478, 3.507012e-04, 6.954114e-04, -4.953670e-05, 1.070083e-03
17.732818, 3.877678e-04, 4.296388e-04, 1.365640e-04, 1.068880e-03
17.748158, 2.775773e-04, -1.576528e-05, 3.009845e-04, 8.931384e-04
17.763498, 3.542361e-05, -5.338173e-04, 4.228030e-04, 5.643118e-04
17.778837, -2.825458e-04, -9.918337e-04, 4.982979e-04, 1.481381e-04
17.794177, -5.965097e-04, -1.270027e-03, 5.364745e-04, -2.613694e-04
17.809517, -8.279557e-04, -1.297326e-03, 5.506009e-04, -5.670849e-04
17.824857, -9.241175e-04, -1.073073e-03, 5.497912e-04, -6.955634e-04
17.840197, -8.737463e-04, -6.675294e-04, 5.343063e-04, -6.173826e-04
17.855536, -7.090994e-04, -2.007317e-04, 4.964359e-04, -3.549606e-04
17.870876, -4.937458e-04, 1.938235e-04, 4.263353e-04, 2.434081e-05
17.886216, -3.005894e-04, 4.093268e-04, 3.200146e-04, 4.275087e-04
17.901556, -1.877363e-04, 3.970187e-04, 1.856887e-04, 7.615741e-04
17.916896, -1.803970e-04, 1.789700e-04, 4.527859e-05, 9.579989e-04
17.932235, -2.647531e-04, -1.615313e-04, -7.020623e-05, 9.887759e-04
17.947575, -3.954555e-04, -5.085776e-04, -1.301355e-04, 8.701136e-04
17.962915, -5.136679e-04, -7.517344e-04, -1.151730e-04, 6.535498e-04
17.978255, -5.689845e-04, -8.211757e-04, -2.536799e-05, 4.081271e-04
17.993595, -5.373798e-04, -7.085441e-04, 1.180421e-04, 1.996699e-04
18.008934, -4.289514e-04, -4.670437e-04, 2.783581e-04, 7.354690e-05
18.024274, -2.830062e-04, -1.911928e-04, 4.150622e-04, 4.561848e-05
18.039614, -1.526261e-04, 1.663910e-05, 4.973699e-04, 1.030338e-04
18.054954, -8.460041e-05, 8.151789e-05, 5.147030e-04, 2.132642e-04
18.070294, -1.021873e-04, -1.877139e-05, 4.799703e-04, 3.373255e-04
18.085633, -1.970175e-04, -2.467622e-04, 4.240604e-04, 4.423080e-04
18.100973, -3.330149e-04, -5.187427e-04, 3.832203e-04, 5.092310e-04
18.116313, -4.607326e-04, -7.338036e-04, 3.838304e-04, 5.344180e-04
18.131653, -5.366221e-04, -8.085294e-04, 4.303735e-04, 5.251630e-04
18.146993, -5.398925e-04, -7.055823e-04, 5.015639e-04, 4.924656e-04
18.162333, -4.804675e-04, -4.466144e-04, 5.568181e-04, 4.443779e-04
18.177672, -3.948275e-04, -1.053138e-04, 5.514444e-04, 3.828167e-04
18.193012, -3.310599e-04, 2.168906e-04, 4.554479e-04, 3.049349e-04
18.208352, -3.285828e-04, 4.241573e-04, 2.690184e-04, 2.080387e-04
18.223692, -4.002286e-04, 4.573685e-04, 2.837769e-05, 9.544213e-05
18.239032, -5.238021e-04, 3.127555e-04, -2.013355e-04, -1.981494e-05
18.254371, -6.469927e-04, 4.205542e-05, -3.450021e-04, -1.156224e-04
18.269711, -7.047184e-04, -2.654673e-04, -3.427265e-04, -1.662613e-04
18.285051, -6.432917e-04, -5.127296e-04, -1.729811e-04, -1.510448e-04
18.300391, -4.429333e-04, -6.260824e-04, 1.346595e-04, -6.300994e-05
18.315731, -1.302146e-04, -5.776571e-04, 5.026322e-04, 8.579778e-05
18.331070, 2.249129e-04, -3.916492e-04, 8.247625e-04, 2.649024e-04
18.346410, 5.277160e-04, -1.330303e-04, 9.968005e-04, 4.322868e-04
18.361750, 6.876473e-04, 1.167820e-04, 9.488838e-04, 5.457584e-04
18.377090, 6.485215e-04, 2.884442e-04, 6.694449e-04, 5.752293e-04
18.392430, 4.097958e-04, 3.473716e-04, 2.122991e-04, 5.118402e-04
18.407769, 3.131635e-05, 3.029089e-04, -3.162544e-04, 3.707730e-04
18.423109, -3.809650e-04, 2.012803e-04, -7.870919e-04, 1.866594e-04
18.438449, -7.046326e-04, 1.054271e-04, -1.085868e-03, 2.976733e-06
18.453789, -8.369815e-04, 6.945495e-05, -1.146865e-03, -1.411375e-04
18.469129, -7.265048e-04, 1.171982e-04, -9.722675e-04, -2.223431e-04
18.484468, -3.896821e-04, 2.327878e-04, -6.305097e-04, -2.391254e-04
18.499808, 9.246743e-05, 3.666680e-04, -2.340029e-04, -2.105625e-04
18.515148, 5.972909e-04, 4.548533e-04, 9.673758e-05, -1.684728e-04
18.530488, 9.959809e-04, 4.443689e-04, 2.710474e-04, -1.458023e-04
18.545828, 1.190809e-03, 3.154942e-04, 2.558464e-04, -1.652915e-04
18.561168, 1.142806e-03, 9.247204e-05, 8.412831e-05, -2.322251e-04
18.576507, 8.816528e-04, -1.616145e-04, -1.585154e-04, -3.335264e-04
18.591847, 4.951896e-04, -3.644741e-04, -3.647944e-04, -4.431825e-04
18.607187, 1.022318e-04, -4.422133e-04, -4.436928e-04, -5.318075e-04
18.622527, -1.825795e-04, -3.554149e-04, -3.527639e-04, -5.768263e-04
18.637867, -2.810825e-04, -1.145314e-04, -1.138406e-04, -5.697378e-04
18.653206, -1.715718e-04, 2.210140e-04, 1.932431e-04, -5.181385e-04
18.668546, 1.087947e-04, 5.600906e-04, 4.569719e-04, -4.421790e-04
18.683886, 4.787418e-04, 8.079513e-04, 5.718203e-04, -3.671081e-04
18.699226, 8.391483e-04, 8.958913e-04, 4.747102e-04, -3.148370e-04
18.714566, 1.102093e-03, 8.026469e-04, 1.679997e-04, -2.975716e-04
18.729905, 1.213767e-03, 5.605047e-04, -2.788373e-04, -3.155541e-04
18.745245, 1.165005e-03, 2.442654e-04, -7.496342e-04, -3.592487e-04
18.760585, 9.876201e-04, -5.303063e-05, -1.117510e-03, -4.145928e-04
18.775925, 7.393364e-04, -2.493470e-04, -1.284680e-03, -4.688812e-04
18.791265, 4.834200e-04, -2.981129e-04, -1.213101e-03, -5.148277e-04
18.806604, 2.700580e-04, -2.000214e-04, -9.359651e-04, -5.513378e-04
18.821944, 1.251052e-04, 1.197203e-06, -5.464138e-04, -5.810675e-04
18.837284, 4.864580e-05, 2.368259e-04, -1.672969e-04, -6.062975e-04
18.852624, 2.218793e-05, 4.381796e-04, 8.799611e-05, -6.253877e-04
18.867964, 2.051865e-05, 5.595950e-04, 1.508246e-04, -6.317863e-04
18.883303, 2.318785e-05, 5.914554e-04, 1.735633e-05, -6.163595e-04
18.898643, 2.146654e-05, 5.591515e-04, -2.527662e-04, -5.721906e-04
18.913983, 1.892018e-05, 5.090611e-04, -5.581797e-04, -4.996655e-04
18.929323, 2.645731e-05, 4.873026e-04, -7.903239e-04, -4.092316e-04
18.944663, 5.478896e-05, 5.195103e-04, -8.690786e-04, -3.199430e-04
18.960003, 1.079245e-04, 5.993289e-04, -7.678018e-04, -2.535782e-04
18.975342, 1.804841e-04, 6.899751e-04, -5.198859e-04, -2.261034e-04
18.990682, 2.596894e-04, 7.382983e-04, -2.052971e-04, -2.397336e-04
19.006022, 3.307583e-04, 6.960870e-04, 7.776010e-05, -2.791370e-04
19.021362, 3.829822e-04, 5.406106e-04, 2.461392e-04, -3.141634e-04
19.036702, 4.135773e-04, 2.865611e-04, 2.587824e-04, -3.091737e-04
19.052041, 4.275137e-04, -1.539062e-05, 1.287383e-04, -2.363937e-04
19.067381, 4.334299e-04, -2.933866e-04, -8.325745e-05, -8.872400e-05
19.082721, 4.375974e-04, -4.776040e-04, -2.907853e-04, 1.130226e-04
19.098061, 4.388993e-04, -5.238351e-04, -4.113832e-04, 3.220805e-04
19.113401, 4.274750e-04, -4.290497e-04, -3.936658e-04, 4.775571e-04
19.128740, 3.881437e-04, -2.332590e-04, -2.330493e-04, 5.232455e-04
19.144080, 3.075771e-04, -6.745329e-06, 2.856411e-05, 4.276480e-04
19.159420, 1.823397e-04, 1.731429e-04, 3.181929e-04, 1.983215e-04
19.174760, 2.416809e-05, 2.477332e-04, 5.563151e-04, -1.151015e-04
19.190100, -1.403749e-04, 1.964501e-04, 6.818621e-04, -4.314986e-04
19.205439, -2.766681e-04, 4.319454e-05, 6.693754e-04, -6.602599e-04
19.220779, -3.534016e-04, -1.525415e-04, 5.332486e-04, -7.284276e-04
19.236119, -3.545905e-04, -3.167688e-04, 3.187532e-04, -6.044383e-04
19.251459, -2.875291e-04, -3.870150e-04, 8.413806e-05, -3.104432e-04
19.266799, -1.830507e-04, -3.342811e-04, -1.191286e-04, 8.155901e-05
19.282139, -8.706928e-05, -1.733790e-04, -2.608274e-04, 4.694623e-04
19.297478, -4.563953e-05, 4.186918e-05, -3.365398e-04, 7.510912e-04
19.312818, -8.846769e-05, 2.368641e-04, -3.617285e-04, 8.553044e-04
19.328158, -2.168506e-04, 3.415792e-04, -3.588414e-04, 7.641843e-04
19.343498, -4.008869e-04, 3.143234e-04, -3.434449e-04, 5.188836e-04
19.358838, -5.877598e-04, 1.558443e-04, -3.154685e-04, 2.068210e-04
19.374177, -7.189342e-04, -9.090295e-05, -2.593197e-04, -6.602601e-05
19.389517, -7.506688e-04, -3.550393e-04, -1.528367e-04, -2.089982e-04
19.404857, -6.706152e-04, -5.610427e-04, 1.872662e-05, -1.758476e-04
19.420197, -5.041951e-04, -6.530191e-04, 2.497769e-04, 2.052894e-05
19.435537, -3.077330e-04, -6.118144e-04, 5.085118e-04, 3.127065e-04
19.450876, -1.499299e-04, -4.594817e-04, 7.415913e-04, 6.013577e-04
19.466216, -8.759478e-05, -2.500875e-04, 8.888306e-04, 7.885547e-04
19.481556, -1.440224e-04, -5.053913e-05, 9.033659e-04, 8.107770e-04
19.496896, -2.980180e-04, 8.161430e-05, 7.702176e-04, 6.606264e-04
19.512236, -4.882830e-04, 1.157034e-04, 5.161565e-04, 3.898981e-04
19.527575, -6.327015e-04, 5.504475e-05, 2.063904e-04, 9.280077e-05
19.542915, -6.567322e-04, -6.818743e-05, -7.202365e-05, -1.252612e-04
19.558255, -5.214947e-04, -2.077234e-04, -2.354587e-04, -1.830540e-04
19.573595, -2.416179e-04, -3.216499e-04, -2.298154e-04, -5.126280e-05
19.588935, 1.141615e-04, -3.875273e-04, -4.885121e-05, 2.367054e-04
19.604274, 4.411249e-04, -4.086581e-04, 2.616364e-04, 5.946080e-04
19.619614, 6.305387e-04, -4.095000e-04, 6.157018e-04, 9.108231e-04
19.634954, 6.055454e-04, -4.223950e-04, 9.119273e-04, 1.084390e-03
19.650294, 3.491555e-04, -4.710941e-04, 1.063358e-03, 1.057757e-03
19.665634, -8.547332e-05, -5.577742e-04, 1.023359e-03, 8.354347e-04
19.680974, -5.868643e-04, -6.589293e-04, 7.992947e-04, 4.823873e-04
19.696313, -1.016428e-03, -7.321539e-04, 4.498242e-04, 1.027678e-04
19.711653, -1.249814e-03, -7.316635e-04, 6.684779e-05, -1.939343e-04
19.726993, -1.215493e-03, -6.269492e-04, -2.520174e-04, -3.280853e-04
19.742333, -9.181458e-04, -4.175274e-04, -4.316732e-04, -2.748326e-04
19.757673, -4.389687e-04, -1.378899e-04, -4.397668e-04, -7.064637e-05
19.773012, 8.770333e-05, 1.498867e-04, -2.930353e-04, 2.004562e-04
19.788352, 5.144620e-04, 3.740220e-04, -4.855089e-05, 4.361557e-04
19.803692, 7.251256e-04, 4.756812e-04, 2.164756e-04, 5.505893e-04
19.819032, 6.693403e-04, 4.287292e-04, 4.292208e-04, 5.029397e-04
19.834372, 3.765793e-04, 2.496477e-04, 5.420333e-04, 3.103729e-04
19.849711, -5.477624e-05, -6.149967e-06, 5.431700e-04, 4.120951e-05
19.865051, -4.895896e-04, -2.607946e-04, 4.549384e-04, -2.090988e-04
19.880391, -7.988706e-04, -4.380306e-04, 3.210893e-04, -3.508632e-04
19.895731, -8.995811e-04, -4.870097e-04, 1.887885e-04, -3.307207e-04
19.911071, -7.786689e-04, -3.979295e-04, 9.191963e-05, -1.496001e-04
19.926410, -4.939555e-04, -2.043213e-04, 4.144983e-05, 1.377838e-04
19.941750, -1.521592e-04, 2.873719e-05, 2.560027e-05, 4.414639e-04
19.957090, 1.282035e-04, 2.264852e-04, 1.879001e-05, 6.662538e-04
19.972430, 2.564883e-04, 3.290566e-04, -4.855692e-06, 7.429726e-04
19.987770, 1.990417e-04, 3.105657e-04, -5.908109e-05, 6.503218e-04
20.003109, -1.157034e-05, 1.864458e-04, -1.390629e-04, 4.202386e-04
20.018449, -2.897383e-04, 6.835428e-06, -2.232962e-04, 1.252951e-04
20.033789, -5.273665e-04, -1.614417e-04, -2.827764e-04, -1.471404e-04
20.049129, -6.310915e-04, -2.579540e-04, -2.935874e-04, -3.248386e-04
20.064469, -5.534640e-04, -2.488730e-04, -2.477157e-04, -3.743823e-04
20.079809, -3.077436e-04, -1.375585e-04, -1.576616e-04, -3.105810e-04
20.095148, 3.823515e-05, 3.778969e-05, -5.288415e-05, -1.887086e-04
20.110488, 3.864518e-04, 2.182217e-04, 3.065630e-05, -8.265271e-05
20.125828, 6.425176e-04, 3.447026e-04, 6.385629e-05, -5.690782e-05
20.141168, 7.470974e-04, 3.780960e-04, 3.553249e-05, -1.423776e-04
20.156508, 6.942358e-04, 3.116837e-04, -4.319408e-05, -3.245005e-04
20.171847, 5.306638e-04, 1.722364e-04, -1.430535e-04, -5.478247e-04
20.187187, 3.368831e-04, 9.732985e-06, -2.278997e-04, -7.353840e-04
20.202527, 1.971236e-04, -1.202687e-04, -2.688835e-04, -8.160762e-04
20.217867, 1.689778e-04, -1.752395e-04, -2.560783e-04, -7.504889e-04
20.233207, 2.633877e-04, -1.388433e-04, -2.029481e-04, -5.461835e-04
20.248546, 4.418083e-04, -2.443736e-05, -1.416699e-04, -2.571031e-04
20.263886, 6.312012e-04, 1.317190e-04, -1.107861e-04, 3.277988e-05
20.279226, 7.512189e-04, 2.845170e-04, -1.396639e-04, 2.360952e-04
20.294566, 7.437335e-04, 3.958744e-04, -2.356426e-04, 2.900702e-04
20.309906, 5.941845e-04, 4.466588e-04, -3.789617e-04, 1.765945e-04
20.325245, 3.372703e-04, 4.406598e-04, -5.278365e-04, -7.217293e-05
20.340585, 4.515430e-05, 3.997727e-04, -6.323164e-04, -3.842710e-04
20.355925, -1.974195e-04, 3.528867e-04, -6.522056e-04, -6.707548e-04
20.371265, -3.221150e-04, 3.232215e-04, -5.725943e-04, -8.531731e-04
20.386605, -2.997671e-04, 3.192170e-04, -4.111368e-04, -8.867340e-04
20.401944, -1.489394e-04, 3.324562e-04, -2.139851e-04, -7.719273e-04
20.417284, 7.252915e-05, 3.431755e-04, -4.129203e-05, -5.514572e-04
20.432624, 2.896514e-04, 3.308158e-04, 5.298155e-05, -2.942875e-04
20.447964, 4.378644e-04, 2.850231e-04, 3.998281e-05, -7.271741e-05
20.463304, 4.859092e-04, 2.123006e-04, -7.316647e-05, 5.967204e-05
20.478644, 4.456471e-04, 1.352381e-04, -2.446876e-04, 8.216592e-05
20.493983, 3.652503e-04, 8.425115e-05, -4.115861e-04, 9.252423e-06
20.509323, 3.083225e-04, 8.487146e-05, -5.108642e-04, -1.185165e-04
20.524663, 3.267501e-04, 1.456408e-04, -5.012879e-04, -2.509684e-04
20.540003, 4.375359e-04, 2.517287e-04, -3.781169e-04, -3.457647e-04
20.555343, 6.126182e-04, 3.674334e-04, -1.754953e-04, -3.807983e-04
20.570682, 7.861137e-04, 4.474090e-04, 4.458734e-05, -3.578191e-04
20.586022, 8.771225e-04, 4.530032e-04, 2.131745e-04, -2.970675e-04
20.601362, 8.204169e-04, 3.678198e-04, 2.779612e-04, -2.260022e-04
20.616702, 5.940970e-04, 2.064535e-04, 2.214683e-04, -1.671276e-04
20.632042, 2.338480e-04, 1.246778e-05, 6.735281e-05, -1.298201e-04
20.647381, -1.723091e-04, -1.545762e-04, -1.275230e-04, -1.090756e-04
20.662721, -5.083012e-04, -2.391773e-04, -2.927007e-04, -9.109061e-05
20.678061, -6.661819e-04, -2.102795e-04, -3.687327e-04, -6.275689e-05
20.693401, -5.825975e-04, -7.461854e-05, -3.282567e-04, -2.058818e-05
20.708741, -2.632799e-04, 1.223222e-04, -1.861093e-04, 2.509847e-05
20.724080, 2.132259e-04, 3.090320e-04, 5.236925e-06, 5.290176e-05
20.739420, 7.148588e-04, 4.109007e-04, 1.735777e-04, 3.917962e-05
20.754760, 1.093152e-03, 3.760749e-04, 2.522177e-04, -3.043448e-05
20.770100, 1.227008e-03, 1.954964e-04, 2.039053e-04, -1.516426e-04
20.785440, 1.059575e-03, -9.013910e-05, 3.512882e-05, -2.984758e-04
20.800779, 6.165913e-04, -3.997031e-04, -2.043520e-04, -4.286435e-04
20.816119, 2.685958e-07, -6.350975e-04, -4.368639e-04, -4.960319e-04
20.831459, -6.395669e-04, -7.118710e-04, -5.820812e-04, -4.662565e-04
20.846799, -1.148280e-03, -5.873087e-04, -5.837593e-04, -3.297090e-04
20.862139, -1.410078e-03, -2.767488e-04, -4.289164e-04, -1.071060e-04
20.877479, -1.379297e-03, 1.476112e-04, -1.529197e-04, 1.549847e-04
20.892818, -1.090176e-03, 5.756637e-04, 1.713382e-04, 3.976376e-04
20.908158, -6.428002e-04, 8.906477e-04, 4.566313e-04, 5.677649e-04
20.923498, -1.703505e-04, 1.003228e-03, 6.292445e-04, 6.348274e-04
20.938838, 2.015995e-04, 8.778873e-04, 6.521972e-04, 6.001787e-04
20.954178, 3.909449e-04, 5.434448e-04, 5.361557e-04, 4.956143e-04
20.969517, 3.793150e-04, 8.449852e-05, 3.345229e-04, 3.714548e-04
20.984857, 2.113706e-04, -3.834701e-04, 1.245393e-04, 2.782502e-04
21.000197, -2.537990e-05, -7.475101e-04, -1.908041e-05, 2.485697e-04
21.015537, -2.326716e-04, -9.288181e-04, -4.901116e-05, 2.854488e-04
21.030877, -3.345227e-04, -9.030444e-04, 3.965813e-05, 3.618002e-04
21.046216, -3.005681e-04, -7.035815e-04, 2.091302e-04, 4.312040e-04
21.061556, -1.527599e-04, -4.076344e-04, 3.931553e-04, 4.463440e-04
21.076896, 4.569865e-05, -1.102582e-04, 5.207109e-04, 3.784393e-04
21.092236, 2.144599e-04, 1.049315e-04, 5.408536e-04, 2.304274e-04
21.107576, 2.844386e-04, 1.890918e-04, 4.402231e-04, 3.867954e-05
21.122915, 2.208562e-04, 1.386848e-04, 2.473409e-04, -1.379784e-04
21.138255, 3.357267e-05, -9.095443e-06, 2.246888e-05, -2.385655e-04
21.153595, -2.280119e-04, -1.932632e-04, -1.632238e-04, -2.226264e-04
21.168935, -4.929138e-04, -3.517570e-04, -2.518274e-04, -8.712155e-05
21.184275, -6.926517e-04, -4.419105e-04, -2.178193e-04, 1.289969e-04
21.199614, -7.830519e-04, -4.520131e-04, -7.567950e-05, 3.550051e-04
21.214954, -7.565979e-04, -4.008351e-04, 1.263675e-04, 5.107860e-04
21.230294, -6.417389e-04, -3.263959e-04, 3.239759e-04, 5.342949e-04
21.245634, -4.901937e-04, -2.689401e-04, 4.592415e-04, 4.048602e-04
21.260974, -3.573119e-04, -2.548134e-04, 5.001714e-04, 1.539940e-04
21.276314, -2.826520e-04, -2.871694e-04, 4.502609e-04, -1.407829e-04
21.291653, -2.774740e-04, -3.465632e-04, 3.450025e-04, -3.780604e-04
21.306993, -3.231048e-04, -4.006304e-04, 2.368517e-04, -4.641432e-04
21.322333, -3.801627e-04, -4.186310e-04, 1.743016e-04, -3.442213e-04
21.337673, -4.048460e-04, -3.849147e-04, 1.828002e-04, -2.290069e-05
21.353013, -3.661946e-04, -3.059219e-04, 2.545575e-04, 4.330266e-04
21.368352, -2.581517e-04, -2.079312e-04, 3.510773e-04, 9.111871e-04
21.383692, -1.023164e-04, -1.264064e-04, 4.176531e-04, 1.285037e-03
21.399032, 5.931292e-05, -9.110668e-05, 4.047094e-04, 1.450677e-03
21.414372, 1.787881e-04, -1.128650e-04, 2.883033e-04, 1.357774e-03
21.429712, 2.186344e-04, -1.774447e-04, 8.223675e-05, 1.024968e-03
21.445051, 1.645259e-04, -2.493122e-04, -1.629520e-04, 5.349346e-04
21.460391, 2.998173e-05, -2.844355e-04, -3.743177e-04, 1.055232e-05
21.475731, -1.482537e-04, -2.477013e-04, -4.796819e-04, -4.205131e-04
21.491071, -3.222514e-04, -1.285391e-04, -4.319806e-04, -6.619783e-04
21.506411, -4.480183e-04, 5.135739e-05, -2.265302e-04, -6.749684e-04
21.521750, -4.985093e-04, 2.417575e-04, 9.480618e-05, -4.863180e-04
21.537090, -4.703118e-04, 3.786337e-04, 4.542479e-04, -1.771999e-04
21.552430, -3.821600e-04, 4.054673e-04, 7.602908e-04, 1.437683e-04
21.567770, -2.663238e-04, 2.940612e-04, 9.343794e-04, 3.741655e-04
21.583110, -1.562968e-04, 5.756121e-05, 9.334957e-04, 4.476540e-04
21.598449, -7.527986e-05, -2.493131e-04, 7.615105e-04, 3.512356e-04
21.613789, -2.940784e-05, -5.437151e-04, 4.659237e-04, 1.253428e-04
21.629129, -7.774430e-06, -7.381100e-04, 1.214886e-04, -1.522107e-04
21.644469, 1.119605e-05, -7.665528e-04, -1.935118e-04, -3.924390e-04
21.659809, 4.969711e-05, -6.054810e-04, -4.203220e-04, -5.227889e-04
21.675149, 1.206367e-04, -2.822661e-04, -5.346123e-04, -5.075399e-04
21.690488, 2.214679e-04, 1.314093e-04, -5.487832e-04, -3.552922e-04
21.705828, 3.338544e-04, 5.394561e-04, -5.017335e-04, -1.123620e-04
21.721168, 4.291341e-04, 8.484413e-04, -4.404881e-04, 1.545198e-04
21.736508, 4.775364e-04, 9.934435e-04, -4.007692e-04, 3.796919e-04
21.751848, 4.579293e-04, 9.548206e-04, -3.936991e-04, 5.169789e-04
21.767187, 3.648722e-04, 7.610267e-04, -4.033715e-04, 5.495252e-04
21.782527, 2.108491e-04, 4.771537e-04, -3.959062e-04, 4.889613e-04
21.797867, 2.329020e-05, 1.834004e-04, -3.363072e-04, 3.656549e-04
21.813207, -1.623076e-04, -4.929473e-05, -2.065050e-04, 2.146816e-04
21.828547, -3.107663e-04, -1.786492e-04, -1.744682e-05, 6.314283e-05
21.843886, -3.945782e-04, -1.996598e-04, 1.898180e-04, -7.666228e-05
21.859226, -3.984222e-04, -1.405000e-04, 3.551373e-04, -2.063834e-04
21.874566, -3.202863e-04, -4.806057e-05, 4.189754e-04, -3.344250e-04
21.889906, -1.698467e-04, 3.116054e-05, 3.441367e-04, -4.661989e-04
21.905246, 3.453609e-05, 6.787312e-05, 1.317465e-04, -5.964521e-04
21.920585, 2.688548e-04, 5.877113e-05, -1.745784e-04, -7.072769e-04
21.935925, 5.058067e-04, 2.467377e-05, -4.985690e-04, -7.729643e-04
21.951265, 7.166071e-04, -6.327207e-07, -7.526108e-04, -7.699683e-04
21.966605, 8.730613e-04, 1.379888e-05, -8.639811e-04, -6.880194e-04
21.981945, 9.507541e-04, 8.181959e-05, -7.976076e-04, -5.377368e-04
21.997284, 9.336196e-04, 1.929418e-04, -5.678739e-04, -3.512042e-04
22.012624, 8.191268e-04, 3.148774e-04, -2.354362e-04, -1.745157e-04
22.027964, 6.223510e-04, 4.049511e-04, 1.101630e-04, -5.431581e-05
22.043304, 3.767977e-04, 4.261764e-04, 3.767047e-04, -2.275029e-05
22.058644, 1.303415e-04, 3.620194e-04, 4.961185e-04, -8.609308e-05
22.073984, -6.397597e-05, 2.242932e-04, 4.435689e-04, -2.212852e-04
22.089323, -1.606894e-04, 5.105844e-05, 2.430343e-04, -3.820221e-04
22.104663, -1.349167e-04, -1.050111e-04, -4.198076e-05, -5.127616e-04
22.120003, 8.440525e-06, -1.938912e-04, -3.291888e-04, -5.662381e-04
22.135343, 2.328404e-04, -1.851137e-04, -5.427756e-04, -5.187478e-04
22.150683, 4.772536e-04, -7.836444e-05, -6.350574e-04, -3.781057e-04
22.166022, 6.712716e-04, 9.603052e-05, -5.979550e-04, -1.815606e-04
22.181362, 7.544031e-04, 2.870168e-04, -4.613266e-04, 1.571276e-05
22.196702, 6.940349e-04, 4.397664e-04, -2.796471e-04, 1.577973e-04
22.212042, 4.964249e-04, 5.138275e-04, -1.122574e-04, 2.052854e-04
22.227382, 2.068354e-04, 4.961769e-04, -4.208101e-06, 1.470314e-04
22.242721, -1.019397e-04, 4.046397e-04, 2.596953e-05, 2.740820e-06
22.258061, -3.497838e-04, 2.805097e-04, -1.194985e-05, -1.841680e-04
22.273401, -4.724185e-04, 1.729918e-04, -8.815563e-05, -3.607784e-04
22.288741, -4.405208e-04, 1.209832e-04, -1.671882e-04, -4.810789e-04
22.304081, -2.687816e-04, 1.386788e-04, -2.225368e-04, -5.191473e-04
22.319420, -1.183834e-05, 2.101843e-04, -2.458179e-04, -4.750396e-04
22.334760, 2.519356e-04, 2.951774e-04, -2.472597e-04, -3.719593e-04
22.350100, 4.439550e-04, 3.437661e-04, -2.477348e-04, -2.463105e-04
22.365440, 5.090188e-04, 3.153988e-04, -2.659477e-04, -1.345564e-04
22.380780, 4.316097e-04, 1.951455e-04, -3.063335e-04, -6.163598e-05
22.396120, 2.397610e-04, 1.451767e-06, -3.530296e-04, -3.480616e-05
22.411459, -4.716488e-06, -2.176823e-04, -3.729953e-04, -4.454406e-05
22.426799, -2.264946e-04, -3.991793e-04, -3.277983e-04, -7.144326e-05
22.442139, -3.609408e-04, -4.853812e-04, -1.900686e-04, -9.586027e-05
22.457479, -3.744676e-04, -4.437399e-04, 4.154151e-05, -1.062157e-04
22.472819, -2.744648e-04, -2.789870e-04, 3.350050e-04, -1.026104e-04
22.488158, -1.056675e-04, -3.347146e-05, 6.289466e-04, -9.446329e-05
22.503498, 6.573740e-05, 2.247466e-04, 8.479434e-04, -9.340736e-05
22.518838, 1.749304e-04, 4.223682e-04, 9.249005e-04, -1.047107e-04
22.534178, 1.805998e-04, 5.033188e-04, 8.234512e-04, -1.212148e-04
22.549518, 7.902994e-05, 4.459086e-04, 5.527815e-04, -1.228942e-04
22.564857, -9.455271e-05, 2.691077e-04, 1.693322e-04, -8.294367e-05
22.580197, -2.778320e-04, 2.592422e-05, -2.361148e-04, 2.139610e-05
22.595537, -4.025185e-04, -2.138847e-04, -5.627083e-04, 1.972212e-04
22.610877, -4.177080e-04, -3.860553e-04, -7.280418e-04, 4.282560e-04
22.626217, -3.077067e-04, -4.517240e-04, -6.921462e-04, 6.747295e-04
22.641556, -9.837231e-05, -4.085627e-04, -4.693741e-04, 8.819862e-04
22.656896, 1.501816e-04, -2.896827e-04, -1.242655e-04, 9.958077e-04
22.672236, 3.621665e-04, -1.509353e-04, 2.475110e-04, 9.797393e-04
22.687576, 4.699220e-04, -5.105975e-05, 5.473249e-04, 8.285452e-04
22.702916, 4.351870e-04, -3.141928e-05, 7.021623e-04, 5.727801e-04
22.718255, 2.609678e-04, -1.020781e-04, 6.848191e-04, 2.721737e-04
22.733595, -9.732095e-06, -2.387328e-04, 5.196367e-04, -7.699633e-07
22.748935, -3.077149e-04, -3.913168e-04, 2.723553e-04, -1.821172e-04
22.764275, -5.592420e-04, -5.011948e-04, 2.771640e-05, -2.359902e-04
22.779615, -7.083850e-04, -5.210788e-04, -1.377517e-04, -1.656683e-04
22.794955, -7.328586e-04, -4.310252e-04, -1.789933e-04, -1.230128e-05
22.810294, -6.484514e-04, -2.453316e-04, -9.449290e-05, 1.587690e-04
22.825634, -5.010696e-04, -8.298549e-06, 7.624097e-05, 2.799165e-04
22.840974, -3.495370e-04, 2.194513e-04, 2.683157e-04, 3.042974e-04
22.856314, -2.452686e-04, 3.793550e-04, 4.145244e-04, 2.223751e-04
22.871654, -2.157581e-04, 4.318934e-04, 4.679192e-04, 6.616463e-05
22.886993, -2.572778e-04, 3.668101e-04, 4.164172e-04, -1.005998e-04
22.902333, -3.388482e-04, 2.036968e-04, 2.849033e-04, -2.034982e-04
22.917673, -4.155834e-04, -1.657055e-05, 1.246450e-04, -1.829538e-04
22.933013, -4.463312e-04, -2.460387e-04, -5.873267e-06, -1.586313e-05
22.948353, -4.091851e-04, -4.443484e-04, -6.182171e-05, 2.739915e-04
22.963692, -3.093860e-04, -5.889036e-04, -2.736012e-05, 6.205363e-04
22.979032, -1.769755e-04, -6.774996e-04, 7.969361e-05, 9.339281e-04
22.994372, -5.529223e-05, -7.232783e-04, 2.151887e-04, 1.127333e-03
23.009712, 1.532766e-05, -7.446772e-04, 3.251227e-04, 1.143491e-03
23.025052, 1.260925e-05, -7.547341e-04, 3.653473e-04, 9.725559e-04
23.040391, -5.936291e-05, -7.541165e-04, 3.175714e-04, 6.554356e-04
23.055731, -1.716322e-04, -7.306077e-04, 1.961396e-04, 2.715318e-04
23.071071, -2.810889e-04, -6.651511e-04, 4.333052e-05, -8.520888e-05
23.086411, -3.464916e-04, -5.419175e-04, -8.510362e-05, -3.342558e-04
23.101751, -3.439025e-04, -3.582221e-04, -1.391222e-04, -4.315651e-04
23.117090, -2.758129e-04, -1.300770e-04, -9.173700e-05, -3.805418e-04
23.132430, -1.704799e-04, 1.092425e-04, 5.133098e-05, -2.277077e-04
23.147770, -7.152651e-05, 3.176123e-04, 2.528327e-04, -4.491813e-05
23.163110, -2.142643e-05, 4.567529e-04, 4.554746e-04, 9.568088e-05
23.178450, -4.481269e-05, 5.047386e-04, 5.997572e-04, 1.455260e-04
23.193790, -1.377728e-04, 4.637148e-04, 6.422226e-04, 9.450357e-05
23.209129, -2.672993e-04, 3.597781e-04, 5.682204e-04, -2.784578e-05
23.224469, -3.815250e-04, 2.347023e-04, 3.953053e-04, -1.647703e-04
23.239809, -4.275130e-04, 1.321378e-04, 1.666047e-04, -2.538145e-04
23.255149, -3.705479e-04, 8.299092e-05, -6.321306e-05, -2.498623e-04
23.270489, -2.081192e-04, 9.513532e-05, -2.444740e-04, -1.418254e-04
23.285828, 2.660575e-05, 1.512165e-04, -3.461308e-04, 4.261369e-05
23.301168, 2.735333e-04, 2.155291e-04, -3.624054e-04, 2.456633e-04
23.316508, 4.641536e-04, 2.477360e-04, -3.109584e-04, 3.984082e-04
23.331848, 5.438913e-04, 2.186891e-04, -2.240254e-04, 4.436213e-04
23.347188, 4.908583e-04, 1.227108e-04, -1.361856e-04, 3.547452e-04
23.362527, 3.245573e-04, -1.824108e-05, -7.321944e-05, 1.448220e-04
23.377867, 1.012718e-04, -1.603877e-04, -4.570025e-05, -1.373688e-04
23.393207, -1.027506e-04, -2.523377e-04, -4.893308e-05, -4.223956e-04
23.408547, -2.151338e-04, -2.531007e-04, -6.841403e-05, -6.412676e-04
23.423887, -1.906109e-04, -1.478014e-04, -8.804467e-05, -7.455268e-04
23.439226, -2.610405e-05, 4.446384e-05, -9.757259e-05, -7.199607e-04
23.454566, 2.373629e-04, 2.737364e-04, -9.635380e-05, -5.842860e-04
23.469906, 5.267120e-04, 4.728033e-04, -9.222930e-05, -3.839984e-04
23.485246, 7.591080e-04, 5.773271e-04, -9.637640e-05, -1.741691e-04
23.500586, 8.674791e-04, 5.462490e-04, -1.166218e-04, -2.085179e-06
23.515925, 8.211932e-04, 3.759504e-04, -1.522741e-04, 1.053915e-04
23.531265, 6.353820e-04, 1.035075e-04, -1.928523e-04, 1.459327e-04
23.546605, 3.660415e-04, -2.022566e-04, -2.214514e-04, 1.367831e-04
23.561945, 9.256266e-05, -4.594176e-04, -2.215452e-04, 1.034813e-04
23.577285, -1.067182e-04, -5.957772e-04, -1.845499e-04, 6.712486e-05
23.592625, -1.782560e-04, -5.690928e-04, -1.150443e-04, 3.527286e-05
23.607964, -1.089993e-04, -3.787844e-04, -3.132698e-05, -9.148759e-08
23.623304, 7.059510e-05, -6.586169e-05, 3.928107e-05, -5.701094e-05
23.638644, 2.968348e-04, 2.986052e-04, 6.898146e-05, -1.529062e-04
23.653984, 4.928336e-04, 6.327830e-04, 3.895958e-05, -2.933314e-04
23.669324, 5.919259e-04, 8.653530e-04, -5.362884e-05, -4.649070e-04
23.684663, 5.572731e-04, 9.527285e-04, -1.937411e-04, -6.356462e-04
23.700003, 3.919484e-04, 8.877378e-04, -3.524283e-04, -7.630924e-04
23.715343, 1.369339e-04, 6.980922e-04, -4.954426e-04, -8.076869e-04
23.730683, -1.417683e-04, 4.360278e-04, -5.935434e-04, -7.466986e-04
23.746023, -3.725378e-04, 1.628919e-04, -6.309705e-04, -5.836508e-04
23.761362, -4.980282e-04, -6.653377e-05, -6.092223e-04, -3.496319e-04
23.776702, -4.898233e-04, -2.157059e-04, -5.449764e-04, -9.566602e-05
23.792042, -3.541105e-04, -2.714588e-04, -4.630922e-04, 1.215580e-04
23.807382, -1.275592e-04, -2.423490e-04, -3.873686e-04, 2.559535e-04
23.822722, 1.345115e-04, -1.519586e-04, -3.324585e-04, 2.849393e-04
23.838061, 3.736190e-04, -3.005521e-05, -2.998132e-04, 2.147762e-04
23.853401, 5.426413e-04, 9.544812e-05, -2.789502e-04, 7.675482e-05
23.868741, 6.156406e-04, 2.037056e-04, -2.533059e-04, -8.420156e-05
23.884081, 5.910926e-04, 2.826843e-04, -2.082266e-04, -2.244082e-04
23.899421, 4.887487e-04, 3.281081e-04, -1.378889e-04, -3.145961e-04
23.914760, 3.420531e-04, 3.410274e-04, -4.842241e-05, -3.470137e-04
23.930100, 1.888566e-04, 3.254697e-04, 4.396994e-05, -3.343907e-04
23.945440, 6.300846e-05, 2.870537e-04, 1.191139e-04, -3.016901e-04
23.960780, -1.147424e-05, 2.326196e-04, 1.607322e-04, -2.741469e-04
23.976120, -2.311909e-05, 1.702594e-04, 1.629012e-04, -2.663176e-04
23.991460, 2.697338e-05, 1.089178e-04, 1.324449e-04, -2.763251e-04
24.006799, 1.268640e-04, 5.705145e-05, 8.620320e-05, -2.873929e-04
24.022139, 2.563881e-04, 2.048486e-05, 4.415672e-05, -2.759190e-04
24.037479, 3.901475e-04, 2.632244e-07, 2.110801e-05, -2.227979e-04
24.052819, 5.008002e-04, -8.388304e-06, 2.031715e-05, -1.234110e-04
24.068159, 5.627603e-04, -1.511132e-05, 3.186418e-05, 7.840962e-06
24.083498, 5.562581e-04, -3.129963e-05, 3.674559e-05, 1.405638e-04
24.098838, 4.713008e-04, -6.559483e-05, 1.544752e-05, 2.381810e-04
24.114178, 3.106388e-04, -1.195266e-04, -4.217224e-05, 2.711179e-04
24.129518, 9.067940e-05, -1.850626e-04, -1.296556e-04, 2.285169e-04
24.144858, -1.604315e-04, -2.453674e-04, -2.226386e-04, 1.239837e-04
24.160197, -4.076266e-04, -2.790188e-04, -2.847312e-04, -7.110507e-06
24.175537, -6.157741e-04, -2.666520e-04, -2.791961e-04, -1.182459e-04
24.190877, -7.569256e-04, -1.979743e-04, -1.827056e-04, -1.668605e-04
24.206217, -8.159863e-04, -7.673511e-05, 3.677981e-06, -1.287732e-04
24.221557, -7.931762e-04, 7.827059e-05, 2.506001e-04, -6.823288e-06
24.236896, -7.025812e-04, 2.368536e-04, 5.057295e-04, 1.694679e-04
24.252236, -5.673207e-04, 3.648724e-04, 7.073634e-04, 3.533133e-04
24.267576, -4.129499e-04, 4.332633e-04, 8.024371e-04, 4.960576e-04
24.282916, -2.612583e-04, 4.258341e-04, 7.632737e-04, 5.632994e-04
24.298256, -1.264030e-04, 3.433373e-04, 5.974818e-04, 5.461354e-04
24.313595, -1.439220e-05, 2.025498e-04, 3.473904e-04, 4.635643e-04
24.328935, 7.436504e-05, 3.076172e-05, 7.871314e-05, 3.551403e-04
24.344275, 1.409015e-04, -1.423863e-04, -1.383372e-04, 2.663920e-04
24.359615, 1.839845e-04, -2.929158e-04, -2.496864e-04, 2.321073e-04
24.374955, 1.986821e-04, -4.077207e-04, -2.332767e-04, 2.634036e-04
24.390295, 1.780257e-04, -4.854158e-04, -1.050945e-04, 3.432500e-04
24.405634, 1.172006e-04, -5.329180e-04, 8.660756e-05, 4.321856e-04
24.420974, 1.845182e-05, -5.594510e-04, 2.770415e-04, 4.824030e-04
24.436314, -1.056674e-04, -5.706076e-04, 4.054820e-04, 4.553769e-04
24.451654, -2.326903e-04, -5.650321e-04, 4.340893e-04, 3.368707e-04
24.466994, -3.349793e-04, -5.352058e-04, 3.589481e-04, 1.439495e-04
24.482333, -3.877968e-04, -4.721235e-04, 2.099301e-04, -7.869757e-05
24.497673, -3.781479e-04, -3.719783e-04, 3.970483e-05, -2.721695e-04
24.513013, -3.111205e-04, -2.419705e-04, -9.421640e-05, -3.821603e-04
24.528353, -2.109122e-04, -1.024502e-04, -1.483033e-04, -3.768939e-04
24.543693, -1.153271e-04, 1.618323e-05, -1.064686e-04, -2.581103e-04
24.559032, -6.476258e-05, 8.147330e-05, 1.609501e-05, -6.129290e-05
24.574372, -8.882914e-05, 6.946958e-05, 1.796024e-04, 1.550921e-04
24.589712, -1.949559e-04, -2.571298e-05, 3.341936e-04, 3.278934e-04
24.605052, -3.631201e-04, -1.869521e-04, 4.370032e-04, 4.091315e-04
24.620392, -5.491418e-04, -3.761211e-04, 4.657994e-04, 3.809153e-04
24.635731, -6.962886e-04, -5.431374e-04, 4.245990e-04, 2.605760e-04
24.651071, -7.520996e-04, -6.397208e-04, 3.396319e-04, 9.443721e-05
24.666411, -6.853386e-04, -6.337376e-04, 2.475077e-04, -5.759283e-05
24.681751, -4.975654e-04, -5.195241e-04, 1.801925e-04, -1.414390e-04
24.697091, -2.252186e-04, -3.206441e-04, 1.524741e-04, -1.258918e-04
24.712430, 6.904139e-05, -8.385100e-05, 1.565993e-04, -1.179125e-05
24.727770, 3.135547e-04, 1.341550e-04, 1.660846e-04, 1.693739e-04
24.743110, 4.483981e-04, 2.831847e-04, 1.472846e-04, 3.666123e-04
24.758450, 4.432457e-04, 3.341045e-04, 7.438857e-05, 5.262853e-04
24.773790, 3.066623e-04, 2.868651e-04, -5.785108e-05, 6.088925e-04
24.789130, 8.371775e-05, 1.694730e-04, -2.286616e-04, 6.002608e-04
24.804469, -1.575257e-04, 2.828609e-05, -3.955359e-04, 5.137325e-04
24.819809, -3.465334e-04, -8.716366e-05, -5.072436e-04, 3.831395e-04
24.835149, -4.314131e-04, -1.398420e-04, -5.213294e-04, 2.495031e-04
24.850489, -3.939723e-04, -1.162864e-04, -4.200622e-04, 1.464130e-04
24.865829, -2.539938e-04, -2.956640e-05, -2.190881e-04, 8.926411e-05
24.881168, -6.148299e-05, 8.663372e-05, 3.463886e-05, 7.193267e-05
24.896508, 1.204547e-04, 1.905911e-04, 2.754884e-04, 7.167921e-05
24.911848, 2.364197e-04, 2.473516e-04, 4.385697e-04, 6.007985e-05
24.927188, 2.563642e-04, 2.406573e-04, 4.797333e-04, 1.568180e-05
24.942528, 1.843516e-04, 1.779549e-04, 3.896084e-04, -6.642839e-05
24.957867, 5.571163e-05, 8.688800e-05, 1.969761e-04, -1.717158e-04
24.973207, -7.622627e-05, 4.651745e-06, -3.977029e-05, -2.710130e-04
24.988547, -1.591584e-04, -3.593545e-05, -2.504244e-04, -3.312727e-04
25.003887, -1.600387e-04, -1.866615e-05, -3.743431e-04, -3.282973e-04
25.019227, -7.629801e-05, 4.987889e-05, -3.785694e-04, -2.567577e-04
25.034566, 6.373015e-05, 1.424375e-04, -2.669916e-04, -1.337849e-04
25.049906, 2.112430e-04, 2.207697e-04, -7.781848e-05, 5.289782e-06
25.065246, 3.145971e-04, 2.495899e-04, 1.294980e-04, 1.176731e-04
25.080586, 3.379964e-04, 2.098442e-04, 2.933625e-04, 1.666604e-04
25.095926, 2.747254e-04, 1.066237e-04, 3.688035e-04, 1.333480e-04
25.111265, 1.502670e-04, -3.118152e-05, 3.398906e-04, 2.251827e-05
25.126605, 1.409742e-05, -1.595586e-04, 2.221232e-04, -1.392314e-04
25.141945, -7.716662e-05, -2.335789e-04, 5.460519e-05, -3.123405e-04
25.157285, -7.959797e-05, -2.224053e-04, -1.147429e-04, -4.569442e-04
25.172625, 2.198339e-05, -1.200481e-04, -2.454870e-04, -5.449311e-04
25.187965, 2.072756e-04, 5.179588e-05, -3.168162e-04, -5.673283e-04
25.203304, 4.255460e-04, 2.498490e-04, -3.315812e-04, -5.347089e-04
25.218644, 6.109989e-04, 4.223547e-04, -3.113802e-04, -4.708667e-04
25.233984, 7.035309e-04, 5.249136e-04, -2.851081e-04, -4.023980e-04
25.249324, 6.681241e-04, 5.339107e-04, -2.756908e-04, -3.482299e-04
25.264664, 5.065460e-04, 4.532383e-04, -2.902422e-04, -3.130320e-04
25.280003, 2.575448e-04, 3.122720e-04, -3.174592e-04, -2.869039e-04
25.295343, -1.451036e-05, 1.559518e-04, -3.332319e-04, -2.513220e-04
25.310683, -2.388445e-04, 3.037331e-05, -3.122478e-04, -1.889303e-04
25.326023, -3.591540e-04, -3.134549e-05, -2.409827e-04, -9.326663e-05
25.341363, -3.495316e-04, -1.840347e-05, -1.267862e-04, 2.553125e-05
25.356702, -2.205719e-04, 5.591588e-05, 9.320829e-07, 1.415604e-04
25.372042, -1.409661e-05, 1.602312e-04, 9.855885e-05, 2.206388e-04
25.387382, 2.113340e-04, 2.564309e-04, 1.229291e-04, 2.320382e-04
25.402722, 3.990544e-04, 3.123924e-04, 4.781507e-05, 1.603476e-04
25.418062, 5.108716e-04, 3.117936e-04, -1.237332e-04, 1.308561e-05
25.433401, 5.363604e-04, 2.579699e-04, -3.560836e-04, -1.790061e-04
25.448741, 4.923267e-04, 1.709520e-04, -5.887364e-04, -3.696004e-04
25.464081, 4.133250e-04, 7.918228e-05, -7.532835e-04, -5.102003e-04
25.479421, 3.371065e-04, 9.130049e-06, -7.945097e-04, -5.650766e-04
25.494761, 2.904137e-04, -2.346113e-05, -6.888215e-04, -5.227824e-04
25.510101, 2.801458e-04, -1.777028e-05, -4.537243e-04, -4.002883e-04
25.525440, 2.927755e-04, 1.358812e-05, -1.447641e-04, -2.381476e-04
25.540780, 3.018209e-04, 5.076958e-05, 1.596542e-04, -8.804937e-05
25.556120, 2.802438e-04, 7.502021e-05, 3.811639e-04, 3.330543e-06
25.571460, 2.129192e-04, 7.589574e-05, 4.649831e-04, 9.000905e-06
25.586800, 1.043670e-04, 5.474885e-05, 3.966485e-04, -6.990106e-05
25.602139, -2.126313e-05, 2.337815e-05, 2.065025e-04, -2.046308e-04
25.617479, -1.280847e-04, -1.401837e-06, -3.966266e-05, -3.481434e-04
25.632819, -1.814474e-04, -5.001207e-06, -2.609913e-04, -4.501506e-04
25.648159, -1.612666e-04, 1.876799e-05, -3.866254e-04, -4.730486e-04
25.663499, -7.075816e-05, 6.495416e-05, -3.775664e-04, -4.036004e-04
25.678838, 6.282036e-05, 1.191615e-04, -2.384661e-04, -2.567013e-04
25.694178, 1.960135e-04, 1.629420e-04, -1.568851e-05, -7.016929e-05
25.709518, 2.831304e-04, 1.807349e-04, 2.176506e-04, 1.075808e-04
25.724858, 2.916114e-04, 1.656384e-04, 3.848442e-04, 2.328712e-04
25.740198, 2.134656e-04, 1.217854e-04, 4.296033e-04, 2.801311e-04
25.755537, 6.868353e-05, 6.243836e-05, 3.334049e-04, 2.491019e-04
25.770877, -1.007784e-04, 4.599166e-06, 1.209062e-04, 1.637887e-04
25.786217, -2.446182e-04, -3.770655e-05, -1.479819e-04, 6.378269e-05
25.801557, -3.209376e-04, -5.878305e-05, -3.965505e-04, -8.994429e-06
25.816897, -3.104937e-04, -6.309560e-05, -5.542517e-04, -2.373828e-05
25.832236, -2.235782e-04, -6.280241e-05, -5.769354e-04, 2.986084e-05
25.847576, -9.707676e-05, -7.193021e-05, -4.582781e-04, 1.390762e-04
25.862916, 1.745695e-05, -9.952728e-05, -2.293464e-04, 2.728957e-04
25.878256, 7.085156e-05, -1.446380e-04, 5.288495e-05, 3.921898e-04
25.893596, 3.287457e-05, -1.953430e-04, 3.238045e-04, 4.618253e-04
25.908936, -9.719758e-05, -2.325886e-04, 5.300747e-04, 4.608687e-04
25.924275, -2.895305e-04, -2.376392e-04, 6.432228e-04, 3.879009e-04
25.939615, -4.925980e-04, -2.004388e-04, 6.640775e-04, 2.602309e-04
25.954955, -6.490868e-04, -1.255833e-04, 6.174739e-04, 1.078099e-04
25.970295, -7.136623e-04, -3.325331e-05, 5.399024e-04, -3.577487e-05
25.985635, -6.668372e-04, 4.582505e-05, 4.649426e-04, -1.421876e-04
26.000974, -5.205241e-04, 8.012950e-05, 4.117134e-04, -1.944719e-04
26.016314, -3.136245e-04, 4.865040e-05, 3.801521e-04, -1.889989e-04
26.031654, -9.929761e-05, -5.024695e-05, 3.542671e-04, -1.333598e-04
26.046994, 7.176649e-05, -1.958585e-04, 3.115852e-04, -4.163680e-05
26.062334, 1.665310e-04, -3.496787e-04, 2.348507e-04, 7.087636e-05
26.077673, 1.783713e-04, -4.664857e-04, 1.213677e-04, 1.916094e-04
26.093013, 1.267819e-04, -5.086413e-04, -1.360633e-05, 3.122474e-04
26.108353, 4.848378e-05, -4.589205e-04, -1.407334e-04, 4.279106e-04
26.123693, -1.675907e-05, -3.274020e-04, -2.263414e-04, 5.349619e-04
26.139033, -4.063312e-05, -1.497372e-04, -2.444938e-04, 6.288331e-04
26.154372, -1.613422e-05, 2.308117e-05, -1.869713e-04, 7.030373e-04
26.169712, 4.044713e-05, 1.404272e-04, -6.748058e-05, 7.498421e-04
26.185052, 9.589847e-05, 1.682181e-04, 8.156303e-05, 7.622322e-04
26.200392, 1.124459e-04, 1.001868e-04, 2.187201e-04, 7.361839e-04
26.215732, 6.174636e-05, -3.966456e-05, 3.064581e-04, 6.721452e-04
26.231071, -6.430930e-05, -2.045052e-04, 3.229706e-04, 5.750172e-04
26.246411, -2.496266e-04, -3.397920e-04, 2.689077e-04, 4.526609e-04
26.261751, -4.580300e-04, -4.012006e-04, 1.667822e-04, 3.136747e-04
26.277091, -6.439840e-04, -3.694368e-04, 5.330162e-05, 1.655670e-04
26.292431, -7.662379e-04, -2.569057e-04, -3.275215e-05, 1.428646e-05
26.307771, -7.998379e-04, -1.038365e-04, -6.303262e-05, -1.345865e-04
26.323110, -7.426314e-04, 3.503699e-05, -2.841885e-05, -2.735687e-04
26.338450, -6.143616e-04, 1.089435e-04, 5.868980e-05, -3.912259e-04
26.353790, -4.489984e-04, 8.857443e-05, 1.691217e-04, -4.718434e-04
26.369130, -2.832017e-04, -2.329204e-05, 2.669294e-04, -4.978176e-04
26.384470, -1.449859e-04, -1.917518e-04, 3.211774e-04, -4.547035e-04
26.399809, -4.640182e-05, -3.605487e-04, 3.156157e-04, -3.375932e-04
26.415149, 1.751741e-05, -4.702725e-04, 2.532058e-04, -1.565483e-04
26.430489, 6.358210e-05, -4.780541e-04, 1.543028e-04, 6.137939e-05
26.445829, 1.112821e-04, -3.722418e-04, 4.943965e-05, 2.752439e-04
26.461169, 1.732114e-04, -1.771162e-04, -3.063528e-05, 4.385532e-04
26.476508, 2.486992e-04, 5.406138e-05, -6.429753e-05, 5.111182e-04
26.491848, 3.230132e-04, 2.555343e-04, -4.485213e-05, 4.711028e-04
26.507188, 3.724292e-04, 3.697781e-04, 1.870906e-05, 3.233835e-04
26.522528, 3.733074e-04, 3.657501e-04, 1.057158e-04, 1.010186e-04
26.537868, 3.118481e-04, 2.487216e-04, 1.907704e-04, -1.414888e-04
26.553207, 1.909266e-04, 5.849982e-05, 2.510506e-04, -3.419137e-04
26.568547, 3.140830e-05, -1.433624e-04, 2.715930e-04, -4.474132e-04
26.583887, -1.327275e-04, -2.931773e-04, 2.472237e-04, -4.300077e-04
26.599227, -2.639669e-04, -3.451665e-04, 1.812125e-04, -2.955642e-04
26.614567, -3.324026e-04, -2.854646e-04, 8.193610e-05, -8.314735e-05
26.629906, -3.247285e-04, -1.356488e-04, -4.059556e-05, 1.455367e-04
26.645246, -2.480818e-04, 5.516710e-05, -1.767687e-04, 3.237597e-04
26.660586, -1.274476e-04, 2.268944e-04, -3.172951e-04, 3.992629e-04
26.675926, 2.506403e-06, 3.281350e-04, -4.515682e-04, 3.496545e-04
26.691266, 1.084627e-04, 3.324960e-04, -5.658755e-04, 1.888669e-04
26.706606, 1.687332e-04, 2.463379e-04, -6.431276e-04, -3.745219e-05
26.721945, 1.794698e-04, 1.056620e-04, -6.651939e-04, -2.662684e-04
26.737285, 1.548860e-04, -3.653794e-05, -6.177677e-04, -4.367391e-04
26.752625, 1.215683e-04, -1.280520e-04, -4.963820e-04, -5.088493e-04
26.767965, 1.088838e-04, -1.343953e-04, -3.113143e-04, -4.751649e-04
26.783305, 1.386960e-04, -4.941441e-05, -8.906039e-05, -3.619584e-04
26.798644, 2.177294e-04, 1.036731e-04, 1.310570e-04, -2.194012e-04
26.813984, 3.349473e-04, 2.807747e-04, 3.049986e-04, -1.040835e-04
26.829324, 4.646160e-04, 4.317835e-04, 3.949573e-04, -5.965275e-05
26.844664, 5.738871e-04, 5.166613e-04, 3.800047e-04, -1.019894e-04
26.860004, 6.323713e-04, 5.174228e-04, 2.630255e-04, -2.138581e-04
26.875343, 6.207006e-04, 4.423028e-04, 7.141494e-05, -3.508408e-04
26.890683, 5.355988e-04, 3.211731e-04, -1.491589e-04, -4.566100e-04
26.906023, 3.902456e-04, 1.942485e-04, -3.464472e-04, -4.824783e-04
26.921363, 2.102686e-04, 9.826440e-05, -4.754736e-04, -4.047011e-04
26.936703, 2.698414e-05, 5.492917e-05, -5.104500e-04, -2.337138e-04
26.952042, -1.298667e-04, 6.539888e-05, -4.511600e-04, -1.212504e-05
26.967382, -2.378219e-04, 1.122301e-04, -3.219043e-04, 1.980056e-04
26.982722, -2.846125e-04, 1.675887e-04, -1.634268e-04, 3.345277e-04
26.998062, -2.681796e-04, 2.043771e-04, -2.044396e-05, 3.549167e-04
27.013402, -1.946541e-04, 2.061166e-04, 7.126312e-05, 2.499278e-04
27.028741, -7.563184e-05, 1.721082e-04, 9.420271e-05, 4.675520e-05
27.044081, 7.406549e-05, 1.163058e-04, 5.226201e-05, -1.993033e-04
27.059421, 2.375875e-04, 6.071613e-05, -3.303177e-05, -4.219266e-04
27.074761, 3.964443e-04, 2.612337e-05, -1.313714e-04, -5.640330e-04
27.090101, 5.309146e-04, 2.381210e-05, -2.143255e-04, -5.947051e-04
27.105441, 6.214041e-04, 5.143529e-05, -2.640472e-04, -5.174451e-04
27.120780, 6.512542e-04, 9.449155e-05, -2.771875e-04, -3.673540e-04
27.136120, 6.106970e-04, 1.326803e-04, -2.630434e-04, -1.984808e-04
27.151460, 5.008289e-04, 1.485328e-04, -2.371186e-04, -6.575619e-05
27.166800, 3.360070e-04, 1.348648e-04, -2.129406e-04, -7.561864e-06
27.182140, 1.432210e-04, 9.807274e-05, -1.955325e-04, -3.457716e-05
27.197479, -4.221795e-05, 5.591017e-05, -1.792116e-04, -1.282747e-04
27.212819, -1.841233e-04, 3.052213e-05, -1.506308e-04, -2.491097e-04
27.228159, -2.542658e-04, 3.937054e-05, -9.586606e-05, -3.512079e-04
27.243499, -2.400984e-04, 8.755497e-05, -8.661574e-06, -3.982972e-04
27.258839, -1.489104e-04, 1.645771e-04, 1.036641e-04, -3.754135e-04
27.274178, -6.827519e-06, 2.469737e-04, 2.194196e-04, -2.925666e-04
27.289518, 1.474413e-04, 3.060451e-04, 3.077772e-04, -1.794625e-04
27.304858, 2.725722e-04, 3.179540e-04, 3.386668e-04, -7.350957e-05
27.320198, 3.355375e-04, 2.724965e-04, 2.940251e-04, -5.607335e-06
27.335538, 3.202827e-04, 1.772446e-04, 1.762911e-04, 1.114015e-05
27.350877, 2.315852e-04, 5.539725e-05, 1.070208e-05, -1.418209e-05
27.366217, 9.295200e-05, -6.202167e-05, -1.600833e-04, -5.423111e-05
27.381557, -6.076474e-05, -1.468651e-04, -2.878686e-04, -7.410195e-05
27.396897, -1.937254e-04, -1.835705e-04, -3.337528e-04, -4.484266e-05
27.412237, -2.792318e-04, -1.742642e-04, -2.810800e-04, 4.511118e-05
27.427576, -3.065579e-04, -1.372913e-04, -1.420047e-04, 1.846921e-04
27.442916, -2.825268e-04, -9.962030e-05, 4.490414e-05, 3.430252e-04
27.458256, -2.276052e-04, -8.588898e-05, 2.257047e-04, 4.793343e-04
27.473596, -1.680490e-04, -1.082140e-04, 3.475268e-04, 5.564562e-04
27.488936, -1.268532e-04, -1.607345e-04, 3.752339e-04, 5.532519e-04
27.504276, -1.165368e-04, -2.212122e-04, 3.028511e-04, 4.716385e-04
27.519615, -1.360621e-04, -2.594243e-04, 1.558637e-04, 3.358834e-04
27.534955, -1.727012e-04, -2.494786e-04, -1.659757e-05, 1.845311e-04
27.550295, -2.079484e-04, -1.815291e-04, -1.573534e-04, 5.787380e-05
27.565635, -2.252153e-04, -6.832104e-05, -2.196032e-04, -1.464102e-05
27.580975, -2.164892e-04, 5.636751e-05, -1.822020e-04, -2.276730e-05
27.596314, -1.855699e-04, 1.474969e-04, -5.674774e-05, 2.310976e-05
27.611654, -1.467458e-04, 1.638464e-04, 1.159422e-04, 9.764262e-05
27.626994, -1.193986e-04, 8.335957e-05, 2.789210e-04, 1.709402e-04
27.642334, -1.204685e-04, -8.673069e-05, 3.775753e-04, 2.197692e-04
27.657674, -1.574740e-04, -3.089899e-04, 3.774702e-04, 2.354180e-04
27.673013, -2.246109e-04, -5.250880e-04, 2.757532e-04, 2.254533e-04
27.688353, -3.034224e-04, -6.728345e-04, 1.023812e-04, 2.089317e-04
27.703693, -3.679823e-04, -7.056581e-04, -8.924354e-05, 2.070943e-04
27.719033, -3.930055e-04, -6.081492e-04, -2.391834e-04, 2.332546e-04
27.734373, -3.622937e-04, -4.023364e-04, -2.999215e-04, 2.858834e-04
27.749712, -2.747699e-04, -1.422695e-04, -2.512258e-04, 3.476904e-04
27.765052, -1.460939e-04, 1.016943e-04, -1.061615e-04, 3.912459e-04
27.780392, -5.229395e-06, 2.640501e-04, 9.358177e-05, 3.891999e-04
27.795732, 1.131073e-04, 3.039977e-04, 2.913781e-04, 3.253676e-04
27.811072, 1.779304e-04, 2.175659e-04, 4.337921e-04, 2.025105e-04
27.826411, 1.706550e-04, 3.807579e-05, 4.871974e-04, 4.373860e-05
27.841751, 9.048152e-05, -1.751550e-04, 4.475476e-04, -1.132918e-04
27.857091, -4.498859e-05, -3.560807e-04, 3.403078e-04, -2.276171e-04
27.872431, -2.040129e-04, -4.527625e-04, 2.108368e-04, -2.678708e-04
27.887771, -3.486213e-04, -4.429094e-04, 1.086307e-04, -2.224060e-04
27.903111, -4.440406e-04, -3.391340e-04, 7.075717e-05, -1.031007e-04
27.918450, -4.672117e-04, -1.824894e-04, 1.099312e-04, 5.850191e-05
27.933790, -4.123487e-04, -2.686264e-05, 2.110002e-04, 2.213775e-04
27.949130, -2.923360e-04, 8.011131e-05, 3.367272e-04, 3.479668e-04
27.964470, -1.358078e-04, 1.128705e-04, 4.406751e-04, 4.153687e-04
27.979810, 1.928344e-05, 7.502563e-05, 4.827293e-04, 4.209376e-04
27.995149, 1.341239e-04, -4.509497e-06, 4.420812e-04, 3.804949e-04
28.010489, 1.777358e-04, -8.461754e-05, 3.235228e-04, 3.200724e-04
28.025829, 1.341854e-04, -1.292187e-04, 1.552600e-04, 2.644693e-04
28.041169, 6.900389e-06, -1.220602e-04, -2.067857e-05, 2.270663e-04
28.056509, -1.808012e-04, -7.335534e-05, -1.619768e-04, 2.048497e-04
28.071848, -3.892550e-04, -1.557836e-05, -2.389136e-04, 1.806223e-04
28.087188, -5.696755e-04, 1.022638e-05, -2.424478e-04, 1.316199e-04
28.102528, -6.739741e-04, -2.739325e-05, -1.851761e-04, 4.122388e-05
28.117868, -6.654461e-04, -1.345883e-04, -9.533620e-05, -9.088323e-05
28.133208, -5.281556e-04, -2.852986e-04, -6.337231e-06, -2.444022e-04
28.148547, -2.727660e-04, -4.265383e-04, 5.436136e-05, -3.822140e-04
28.163887, 6.300943e-05, -4.949356e-04, 7.324627e-05, -4.615931e-04
28.179227, 4.201868e-04, -4.393588e-04, 5.318546e-05, -4.492771e-04
28.194567, 7.299533e-04, -2.418723e-04, 9.970499e-06, -3.351189e-04
28.209907, 9.286647e-04, 7.069823e-05, -3.527282e-05, -1.391695e-04
28.225246, 9.730389e-04, 4.295361e-04, -6.470109e-05, 9.096613e-05
28.240586, 8.516753e-04, 7.412215e-04, -7.014228e-05, 2.924228e-04
28.255926, 5.895324e-04, 9.150021e-04, -5.504178e-05, 4.055556e-04
28.271266, 2.435470e-04, 8.915557e-04, -3.155294e-05, 3.928000e-04
28.286606, -1.101499e-04, 6.638651e-04, -1.423494e-05, 2.516594e-04
28.301946, -3.945659e-04, 2.829446e-04, -1.307526e-05, 1.724917e-05
28.317285, -5.510678e-04, -1.542120e-04, -2.873827e-05, -2.468812e-04
28.332625, -5.542319e-04, -5.314225e-04, -5.201045e-05, -4.670934e-04
28.347965, -4.179906e-04, -7.469388e-04, -6.773220e-05, -5.815444e-04
28.363305, -1.910296e-04, -7.435699e-04, -6.171451e-05, -5.587146e-04
28.378645, 5.755641e-05, -5.258370e-04, -2.790885e-05, -4.066863e-04
28.393984, 2.584058e-04, -1.586288e-04, 2.710463e-05, -1.702393e-04
28.409324, 3.620046e-04, 2.524013e-04, 8.433767e-05, 8.322666e-05
28.424664, 3.527582e-04, 5.926956e-04, 1.176492e-04, 2.843253e-04
28.440004, 2.526656e-04, 7.730253e-04, 1.024806e-04, 3.821919e-04
28.455344, 1.133227e-04, 7.554723e-04, 2.513788e-05, 3.583501e-04
28.470683, -1.430403e-06, 5.631837e-04, -1.106803e-04, 2.297474e-04
28.486023, -3.691292e-05, 2.710980e-04, -2.826116e-04, 4.045494e-05
28.501363, 3.365935e-05, -1.911834e-05, -4.544129e-04, -1.546986e-04
28.516703, 1.991509e-04, -2.117428e-04, -5.855630e-04, -3.086957e-04
28.532043, 4.126364e-04, -2.468255e-04, -6.427879e-04, -3.967051e-04
28.547382, 6.053430e-04, -1.178232e-04, -6.099012e-04, -4.215390e-04
28.562722, 7.082877e-04, 1.282345e-04, -4.928290e-04, -4.087372e-04
28.578062, 6.749257e-04, 4.076319e-04, -3.182129e-04, -3.935324e-04
28.593402, 4.976216e-04, 6.280513e-04, -1.260257e-04, -4.047996e-04
28.608742, 2.125220e-04, 7.185557e-04, 4.147519e-05, -4.520846e-04
28.624082, -1.090584e-04, 6.518036e-04, 1.510304e-04, -5.206140e-04
28.639421, -3.804345e-04, 4.515792e-04, 1.864968e-04, -5.762369e-04
28.654761, -5.246812e-04, 1.836339e-04, 1.515238e-04, -5.785973e-04
28.670101, -4.974929e-04, -6.673525e-05, 6.632844e-05, -4.977724e-04
28.685441, -3.007762e-04, -2.227703e-04, -4.000980e-05, -3.282386e-04
28.700781, 1.722488e-05, -2.407941e-04, -1.389804e-04, -9.482963e-05
28.716120, 3.753570e-04, -1.234171e-04, -2.106927e-04, 1.519221e-04
28.731460, 6.824878e-04, 8.249891e-05, -2.481260e-04, 3.499698e-04
28.746800, 8.630249e-04, 3.020097e-04, -2.566078e-04, 4.449770e-04
28.762140, 8.774098e-04, 4.567795e-04, -2.492251e-04, 4.082056e-04
28.777480, 7.316340e-04, 4.901455e-04, -2.401984e-04, 2.469644e-04
28.792819, 4.732891e-04, 3.845731e-04, -2.387827e-04, 3.897490e-06
28.808159, 1.758124e-04, 1.662431e-04, -2.458643e-04, -2.549335e-04
28.823499, -8.388519e-05, -1.041915e-04, -2.542886e-04, -4.594879e-04
28.838839, -2.474203e-04, -3.512157e-04, -2.525186e-04, -5.565058e-04
28.854179, -2.900025e-04, -5.078412e-04, -2.300144e-04, -5.249448e-04
28.869518, -2.244457e-04, -5.353129e-04, -1.821671e-04, -3.812171e-04
28.884858, -9.362551e-05, -4.332160e-04, -1.128809e-04, -1.727291e-04
28.900198, 4.551954e-05, -2.374097e-04, -3.385248e-05, 3.793674e-05
28.915538, 1.409098e-04, -7.187241e-06, 3.913438e-05, 1.928540e-04
28.930878, 1.610814e-04, 1.936573e-04, 9.146839e-05, 2.560831e-04
28.946217, 1.030998e-04, 3.155916e-04, 1.145505e-04, 2.230090e-04
28.961557, -9.239883e-06, 3.361943e-04, 1.084410e-04, 1.190259e-04
28.976897, -1.355642e-04, 2.636651e-04, 8.139712e-05, -1.144415e-05
28.992237, -2.334970e-04, 1.307990e-04, 4.656619e-05, -1.214132e-04
29.007577, -2.726084e-04, -1.774029e-05, 1.714703e-05, -1.774039e-04
29.022917, -2.432980e-04, -1.401596e-04, 1.877071e-06, -1.696527e-04
29.038256, -1.581854e-04, -2.094340e-04, 2.528307e-06, -1.132057e-04
29.053596, -4.624097e-05, -2.189484e-04, 1.429065e-05, -3.997353e-05
29.068936, 5.774383e-05, -1.808856e-04, 2.878758e-05, 1.500815e-05
29.084276, 1.244467e-04, -1.188728e-04, 3.844013e-05, 2.791303e-05
29.099616, 1.382915e-04, -5.813271e-05, 4.036069e-05, -4.218543e-06
29.114955, 1.003353e-04, -1.683176e-05, 3.812570e-05, -6.197261e-05
29.130295, 2.547149e-05, -1.438482e-06, 4.059066e-05, -1.106806e-04
29.145635, -6.435487e-05, -7.136385e-06, 5.807561e-05, -1.135181e-04
29.160975, -1.480370e-04, -2.238304e-05, 9.732859e-05, -4.579623e-05
29.176315, -2.113787e-04, -3.529049e-05, 1.572583e-04, 9.475386e-05
29.191654, -2.494701e-04, -3.908845e-05, 2.272747e-04, 2.854644e-04
29.206994, -2.651267e-04, -3.458786e-05, 2.892141e-04, 4.849749e-04
29.222334, -2.647282e-04, -2.895603e-05, 3.225443e-04, 6.461203e-04
29.237674, -2.536930e-04, -3.166096e-05, 3.112882e-04, 7.310019e-04
29.253014, -2.337434e-04, -4.953907e-05, 2.503427e-04, 7.230080e-04
29.268353, -2.031242e-04, -8.318674e-05, 1.488851e-04, 6.316371e-04
29.283693, -1.594914e-04, -1.262227e-04, 2.940005e-05, 4.885028e-04
29.299033, -1.038923e-04, -1.677096e-04, -7.774330e-05, 3.359969e-04
29.314373, -4.366450e-05, -1.966833e-04, -1.427310e-04, 2.126437e-04
29.329713, 7.545889e-06, -2.068483e-04, -1.452352e-04, 1.403117e-04
29.345052, 3.324492e-05, -1.994163e-04, -8.101158e-05, 1.177569e-04
29.360392, 2.006607e-05, -1.828062e-04, 3.604214e-05, 1.227171e-04
29.375732, -3.598238e-05, -1.692039e-04, 1.772027e-04, 1.217364e-04
29.391072, -1.256824e-04, -1.692837e-04, 3.067783e-04, 8.416435e-05
29.406412, -2.272290e-04, -1.872059e-04, 3.922214e-04, -4.722288e-06
29.421752, -3.118048e-04, -2.179957e-04, 4.134692e-04, -1.362416e-04
29.437091, -3.526853e-04, -2.485583e-04, 3.686843e-04, -2.792889e-04
29.452431, -3.348939e-04, -2.622028e-04, 2.746605e-04, -3.896453e-04
29.467771, -2.618611e-04, -2.451536e-04, 1.617841e-04, -4.245673e-04
29.483111, -1.562749e-04, -1.926492e-04, 6.509645e-05, -3.577316e-04
29.498451, -5.416119e-05, -1.122284e-04, 1.415605e-05, -1.894268e-04
29.513790, 6.379237e-06, -2.270692e-05, 2.470047e-05, 5.155762e-05
29.529130, -1.709037e-06, 5.113748e-05, 9.448887e-05, 3.151203e-04
29.544470, -8.392399e-05, 8.657550e-05, 2.043778e-04, 5.438624e-04
29.559810, -2.202149e-04, 7.095712e-05, 3.240915e-04, 6.894135e-04
29.575150, -3.694431e-04, 6.928220e-06, 4.207942e-04, 7.258324e-04
29.590489, -4.814219e-04, -8.716050e-05, 4.678650e-04, 6.558732e-04
29.605829, -5.129754e-04, -1.820690e-04, 4.513995e-04, 5.083322e-04
29.621169, -4.428344e-04, -2.463484e-04, 3.728213e-04, 3.276502e-04
29.636509, -2.802586e-04, -2.561676e-04, 2.472668e-04, 1.594513e-04
29.651849, -6.410673e-05, -2.031029e-04, 9.866489e-05, 3.689609e-05
29.667188, 1.478796e-04, -9.731098e-05, -4.671490e-05, -2.774384e-05
29.682528, 2.965273e-04, 3.501275e-05, -1.662695e-04, -4.383024e-05
29.697868, 3.399717e-04, 1.591342e-04, -2.450844e-04, -3.567193e-05
29.713208, 2.675694e-04, 2.418745e-04, -2.772966e-04, -3.119023e-05
29.728548, 1.042280e-04, 2.611188e-04, -2.650749e-04, -5.020357e-05
29.743887, -9.659621e-05, 2.118007e-04, -2.161907e-04, -9.655628e-05
29.759227, -2.692951e-04, 1.066311e-04, -1.413805e-04, -1.568040e-04
29.774567, -3.568010e-04, -2.842469e-05, -5.243287e-05, -2.057482e-04
29.789907, -3.289244e-04, -1.622280e-04, 3.866369e-05, -2.166543e-04
29.805247, -1.923008e-04, -2.673611e-04, 1.198289e-04, -1.723443e-04
29.820587, 1.145396e-05, -3.269860e-04, 1.789844e-04, -7.309734e-05
29.835926, 2.189667e-04, -3.376814e-04, 2.048748e-04, 6.154134e-05
29.851266, 3.655427e-04, -3.077515e-04, 1.889533e-04, 1.977586e-04
29.866606, 4.062092e-04, -2.520762e-04, 1.280278e-04, 2.976048e-04
29.881946, 3.304697e-04, -1.856760e-04, 2.676499e-05, 3.308045e-04
29.897286, 1.658561e-04, -1.184455e-04, -1.011364e-04, 2.842421e-04
29.912625, -3.099657e-05, -5.289159e-05, -2.340884e-04, 1.659616e-04
29.927965, -1.929313e-04, 1.454008e-05, -3.463949e-04, 2.434177e-06
29.943305, -2.644653e-04, 8.937510e-05, -4.140700e-04, -1.698501e-04
29.958645, -2.203093e-04, 1.741279e-04, -4.212367e-04, -3.155281e-04
29.973985, -7.405895e-05, 2.646029e-04, -3.651929e-04, -4.104822e-04
29.989324, 1.259123e-04, 3.491265e-04, -2.583836e-04, -4.476635e-04
30.004664, 3.121416e-04, 4.112015e-04, -1.262969e-04, -4.369443e-04
30.020004, 4.203088e-04, 4.347336e-04, -1.489903e-06, -3.994463e-04
30.035344, 4.107823e-04, 4.099516e-04, 8.481440e-05, -3.586609e-04
30.050684, 2.824099e-04, 3.378095e-04, 1.112478e-04, -3.316725e-04
30.066023, 7.396430e-05, 2.311463e-04, 7.243071e-05, -3.235813e-04
30.081363, -1.473673e-04, 1.120100e-04, -1.919929e-05, -3.269221e-04
30.096703, -3.068686e-04, 5.910564e-06, -1.365682e-04, -3.259893e-04
30.112043, -3.459366e-04, -6.513734e-05, -2.453752e-04, -3.041999e-04
30.127383, -2.409688e-04, -8.848966e-05, -3.136612e-04, -2.515848e-04
30.142722, -1.150468e-05, -6.375930e-05, -3.207815e-04, -1.695567e-04
30.158062, 2.849404e-04, -1.863136e-06, -2.631729e-04, -7.119823e-05
30.173402, 5.696913e-04, 7.927726e-05, -1.552474e-04, 2.296929e-05
30.188742, 7.660887e-04, 1.607476e-04, -2.519557e-05, 9.208962e-05
30.204082, 8.218320e-04, 2.282045e-04, 9.300836e-05, 1.222553e-04
30.219422, 7.237027e-04, 2.750975e-04, 1.690093e-04, 1.112519e-04
30.234761, 5.004146e-04, 3.026124e-04, 1.841344e-04, 6.902356e-05
30.250101, 2.131282e-04, 3.166740e-04, 1.358562e-04, 1.373505e-05
30.265441, -6.302770e-05, 3.234623e-04, 3.755016e-05, -3.505202e-05
30.280781, -2.604754e-04, 3.254365e-04, -8.611384e-05, -6.351031e-05
30.296121, -3.371699e-04, 3.196059e-04, -2.065297e-04, -6.831244e-05
30.311460, -2.859297e-04, 2.988526e-04, -2.989334e-04, -5.726546e-05
30.326800, -1.329974e-04, 2.558291e-04, -3.483165e-04, -4.561237e-05
30.342140, 7.281613e-05, 1.878324e-04, -3.519406e-04, -4.943755e-05
30.357480, 2.762375e-04, 1.005284e-04, -3.180966e-04, -7.871441e-05
30.372820, 4.314473e-04, 8.694325e-06, -2.619513e-04, -1.326850e-04
30.388159, 5.129481e-04, -6.680787e-05, -2.001479e-04, -1.994003e-04
30.403499, 5.186446e-04, -1.051865e-04, -1.460377e-04, -2.596923e-04
30.418839, 4.652333e-04, -9.306885e-05, -1.069755e-04, -2.941654e-04
30.434179, 3.785572e-04, -3.044455e-05, -8.422038e-05, -2.906194e-04
30.449519, 2.829851e-04, 6.714380e-05, -7.498612e-05, -2.490817e-04
30.464858, 1.937445e-04, 1.713837e-04, -7.543571e-05, -1.824545e-04
30.480198, 1.146052e-04, 2.485231e-04, -8.318543e-05, -1.123638e-04
30.495538, 4.103496e-05, 2.692137e-04, -9.822157e-05, -6.158546e-05
30.510878, -3.320291e-05, 2.178359e-04, -1.218967e-04, -4.573972e-05
30.526218, -1.092782e-04, 9.825388e-05, -1.545514e-04, -6.730967e-05
30.541557, -1.795137e-04, -6.603246e-05, -1.929602e-04, -1.142832e-04
30.556897, -2.284130e-04, -2.376436e-04, -2.289638e-04, -1.640949e-04
30.572237, -2.382610e-04, -3.753998e-04, -2.502483e-04, -1.916228e-04
30.587577, -1.971089e-04, -4.457284e-04, -2.434072e-04, -1.784727e-04
30.602917, -1.058557e-04, -4.319463e-04, -1.984624e-04, -1.202110e-04
30.618257, 1.868631e-05, -3.386245e-04, -1.133087e-04, -2.883891e-05
30.633596, 1.464511e-04, -1.897993e-04, 3.647362e-06, 7.058131e-05
30.648936, 2.420934e-04, -2.173553e-05, 1.339352e-04, 1.481699e-04
30.664276, 2.758139e-04, 1.273803e-04, 2.528722e-04, 1.795882e-04
30.679616, 2.333528e-04, 2.275787e-04, 3.359636e-04, 1.549089e-04
30.694956, 1.215580e-04, 2.640578e-04, 3.660198e-04, 8.280408e-05
30.710295, -3.266959e-05, 2.391183e-04, 3.387363e-04, -1.158918e-05
30.725635, -1.900093e-04, 1.689830e-04, 2.647967e-04, -9.459304e-05
30.740975, -3.105987e-04, 7.705728e-05, 1.675510e-04, -1.351243e-04
30.756315, -3.662864e-04, -1.378902e-05, 7.669322e-05, -1.152746e-04
30.771655, -3.491723e-04, -8.727683e-05, 1.968319e-05, -3.666550e-05
30.786994, -2.735463e-04, -1.363364e-04, 1.347633e-05, 7.971064e-05
30.802334, -1.705520e-04, -1.619546e-04, 5.916134e-05, 2.002513e-04
30.817674, -7.737362e-05, -1.693680e-04, 1.413025e-04, 2.899180e-04
30.833014, -2.461838e-05, -1.636425e-04, 2.323739e-04, 3.240745e-04
30.848354, -2.618441e-05, -1.467329e-04, 3.010869e-04, 2.969504e-04
30.863693, -7.505064e-05, -1.173185e-04, 3.221476e-04, 2.237839e-04
30.879033, -1.463847e-04, -7.338002e-05, 2.844566e-04, 1.358195e-04
30.894373, -2.068455e-04, -1.617283e-05, 1.951609e-04, 6.976987e-05
30.909713, -2.268275e-04, 4.650522e-05, 7.818175e-05, 5.525189e-05
30.925053, -1.913907e-04, 9.972214e-05, -3.247907e-05, 1.044381e-04
30.940392, -1.060868e-04, 1.244596e-04, -1.027408e-04, 2.074454e-04
30.955732, 4.336766e-06, 1.037397e-04, -1.087855e-04, 3.350710e-04
30.971072, 1.039142e-04, 2.981751e-05, -4.461296e-05, 4.480144e-04
30.986412, 1.573869e-04, -9.036246e-05, 7.551986e-05, 5.095406e-04
31.001752, 1.420047e-04, -2.339951e-04, 2.205973e-04, 4.973873e-04
31.017092, 5.519743e-05, -3.667842e-04, 3.513300e-04, 4.109787e-04
31.032431, -8.444206e-05, -4.521735e-04, 4.311862e-04, 2.716010e-04
31.047771, -2.431246e-04, -4.628567e-04, 4.367668e-04, 1.155583e-04
31.063111, -3.826770e-04, -3.908234e-04, 3.645117e-04, -1.733864e-05
31.078451, -4.724895e-04, -2.522737e-04, 2.318100e-04, -9.608378e-05
31.093791, -4.985794e-04, -8.513458e-05, 7.222528e-05, -1.075400e-04
31.109130, -4.668215e-04, 6.076899e-05, -7.374719e-05, -5.938559e-05
31.124470, -3.994594e-04, 1.383206e-04, -1.697151e-04, 2.379905e-05
31.139810, -3.263307e-04, 1.181053e-04, -1.930801e-04, 1.097258e-04
31.155150, -2.740098e-04, -1.073105e-06, -1.407132e-04, 1.695664e-04
31.170490, -2.566931e-04, -1.898721e-04, -2.916125e-05, 1.872377e-04
31.185829, -2.719252e-04, -3.955502e-04, 1.104715e-04, 1.637354e-04
31.201169, -3.024843e-04, -5.568153e-04, 2.413256e-04, 1.152693e-04
31.216509, -3.235405e-04, -6.220369e-04, 3.306703e-04, 6.615027e-05
31.231849, -3.123743e-04, -5.651981e-04, 3.580916e-04, 3.917660e-05
31.247189, -2.571086e-04, -3.944733e-04, 3.198386e-04, 4.705010e-05
31.262528, -1.613564e-04, -1.505150e-04, 2.283964e-04, 8.786463e-05
31.277868, -4.321553e-05, 1.052503e-04, 1.077593e-04, 1.461593e-04
31.293208, 7.089987e-05, 3.088105e-04, -1.393055e-05, 1.989868e-04
31.308548, 1.552735e-04, 4.125962e-04, -1.120910e-04, 2.246497e-04
31.323888, 1.934623e-04, 3.993590e-04, -1.715433e-04, 2.108450e-04
31.339227, 1.833884e-04, 2.865017e-04, -1.890075e-04, 1.592323e-04
31.354567, 1.372242e-04, 1.195088e-04, -1.718775e-04, 8.479584e-05
31.369907, 7.627314e-05, -4.336656e-05, -1.340500e-04, 1.029299e-05
31.385247, 2.285314e-05, -1.501673e-04, -9.041593e-05, -4.212351e-05
31.400587, -7.759515e-06, -1.718424e-04, -5.190341e-05, -5.900796e-05
31.415927, -1.235660e-05, -1.110012e-04, -2.264000e-05, -4.047004e-05
