x, 11, 12, 21, 22
0.015340, -5.237569e+01, -5.239455e+01, -5.226405e+01, -5.228455e+01
0.030680, -5.248243e+01, -5.249111e+01, -5.198818e+01, -5.201875e+01
0.046019, -5.263874e+01, -5.261669e+01, -5.155183e+01, -5.161085e+01
0.061359, -5.280682e+01, -5.273818e+01, -5.099522e+01, -5.109404e+01
0.076699, -5.293985e+01, -5.282668e+01, -5.036808e+01, -5.049792e+01
0.092039, -5.299737e+01, -5.285593e+01, -4.971405e+01, -4.985045e+01
0.107379, -5.295386e+01, -5.280248e+01, -4.906204e+01, -4.917790e+01
0.122718, -5.279816e+01, -5.264947e+01, -4.842689e+01, -4.850116e+01
0.138058, -5.252991e+01, -5.238892e+01, -4.781299e+01, -4.783339e+01
0.153398, -5.215682e+01, -5.202070e+01, -4.721710e+01, -4.718085e+01
0.168738, -5.169175e+01, -5.155061e+01, -4.663134e+01, -4.654466e+01
0.184078, -5.114920e+01, -5.098898e+01, -4.604663e+01, -4.592197e+01
0.199418, -5.054260e+01, -5.034894e+01, -4.545526e+01, -4.530741e+01
0.214757, -4.988293e+01, -4.964429e+01, -4.485193e+01, -4.469490e+01
0.230097, -4.917816e+01, -4.888782e+01, -4.423414e+01, -4.407903e+01
0.245437, -4.843288e+01, -4.809025e+01, -4.360206e+01, -4.345568e+01
0.260777, -4.764897e+01, -4.725972e+01, -4.295762e+01, -4.282221e+01
0.276117, -4.682680e+01, -4.640142e+01, -4.230303e+01, -4.217730e+01
0.291456, -4.596652e+01, -4.551794e+01, -4.163930e+01, -4.152036e+01
0.306796, -4.506898e+01, -4.461006e+01, -4.096538e+01, -4.085048e+01
0.322136, -4.413630e+01, -4.367759e+01, -4.027784e+01, -4.016579e+01
0.337476, -4.317192e+01, -4.272004e+01, -3.957115e+01, -3.946324e+01
0.352816, -4.218020e+01, -4.173719e+01, -3.883879e+01, -3.873891e+01
0.368155, -4.116567e+01, -4.072943e+01, -3.807461e+01, -3.798856e+01
0.383495, -4.013261e+01, -3.969782e+01, -3.727393e+01, -3.720859e+01
0.398835, -3.908473e+01, -3.864398e+01, -3.643425e+01, -3.639674e+01
0.414175, -3.802508e+01, -3.757011e+01, -3.555544e+01, -3.555238e+01
0.429515, -3.695597e+01, -3.647890e+01, -3.463959e+01, -3.467628e+01
0.444854, -3.587907e+01, -3.537345e+01, -3.369042e+01, -3.377023e+01
0.460194, -3.479540e+01, -3.425713e+01, -3.271269e+01, -3.283648e+01
0.475534, -3.370529e+01, -3.313349e+01, -3.171171e+01, -3.187729e+01
0.490874, -3.260844e+01, -3.200604e+01, -3.069292e+01, -3.089472e+01
0.506214, -3.150413e+01, -3.087794e+01, -2.966153e+01, -2.989067e+01
0.521553, -3.039147e+01, -2.975178e+01, -2.862222e+01, -2.886720e+01
0.536893, -2.926978e+01, -2.862932e+01, -2.757894e+01, -2.782673e+01
0.552233, -2.813888e+01, -2.751141e+01, -2.653464e+01, -2.677229e+01
0.567573, -2.699934e+01, -2.639793e+01, -2.549116e+01, -2.570757e+01
0.582913, -2.585254e+01, -2.528803e+01, -2.444926e+01, -2.463670e+01
0.598253, -2.470051e+01, -2.418040e+01, -2.340883e+01, -2.356395e+01
0.613592, -2.354576e+01, -2.307373e+01, -2.236919e+01, -2.249325e+01
0.628932, -2.239101e+01, -2.196705e+01, -2.132960e+01, -2.142791e+01
0.644272, -2.123892e+01, -2.086011e+01, -2.028969e+01, -2.037032e+01
0.659612, -2.009197e+01, -1.975354e+01, -1.924977e+01, -1.932192e+01
0.674952, -1.895241e+01, -1.864881e+01, -1.821102e+01, -1.828336e+01
0.690291, -1.782227e+01, -1.754807e+01, -1.717542e+01, -1.725474e+01
0.705631, -1.670348e+01, -1.645386e+01, -1.614546e+01, -1.623597e+01
0.720971, -1.559791e+01, -1.536877e+01, -1.512386e+01, -1.522701e+01
0.736311, -1.450746e+01, -1.429524e+01, -1.411319e+01, -1.422816e+01
0.751651, -1.343404e+01, -1.323532e+01, -1.311560e+01, -1.324014e+01
0.766990, -1.237952e+01, -1.219072e+01, -1.213278e+01, -1.226409e+01
0.782330, -1.134563e+01, -1.116287e+01, -1.116592e+01, -1.130144e+01
0.797670, -1.033389e+01, -1.015303e+01, -1.021593e+01, -1.035385e+01
0.813010, -9.345520e+00, -9.162488e+00, -9.283596e+00, -9.422990e+00
0.828350, -8.381368e+00, -8.192605e+00, -8.369822e+00, -8.510453e+00
0.843689, -7.441982e+00, -7.244866e+00, -7.475692e+00, -7.617680e+00
0.859029, -6.527662e+00, -6.320819e+00, -6.602503e+00, -6.745943e+00
0.874369, -5.638569e+00, -5.421997e+00, -5.751705e+00, -5.896344e+00
0.889709, -4.774837e+00, -4.549839e+00, -4.924794e+00, -5.069845e+00
0.905049, -3.936689e+00, -3.705633e+00, -4.123191e+00, -4.267290e+00
0.920388, -3.124516e+00, -2.890522e+00, -3.348158e+00, -3.489409e+00
0.935728, -2.338900e+00, -2.105554e+00, -2.600773e+00, -2.736812e+00
0.951068, -1.580621e+00, -1.351763e+00, -1.881937e+00, -2.009983e+00
0.966408, -8.506339e-01, -6.302381e-01, -1.192414e+00, -1.309309e+00
0.981748, -1.500298e-01, 5.783734e-02, -5.328769e-01, -6.351297e-01
0.997088, 5.199987e-01, 7.111881e-01, 9.605149e-02, 1.216115e-02
1.012427, 1.158176e+00, 1.328510e+00, 6.937879e-01, 6.319919e-01
1.027767, 1.763148e+00, 1.908567e+00, 1.259797e+00, 1.223483e+00
1.043107, 2.333490e+00, 2.450295e+00, 1.793601e+00, 1.785355e+00
1.058447, 2.867714e+00, 2.952888e+00, 2.294784e+00, 2.315906e+00
1.073787, 3.364297e+00, 3.415856e+00, 2.762984e+00, 2.813073e+00
1.089126, 3.821726e+00, 3.839023e+00, 3.197868e+00, 3.274587e+00
1.104466, 4.238581e+00, 4.222490e+00, 3.599095e+00, 3.698199e+00
1.119806, 4.613626e+00, 4.566569e+00, 3.966280e+00, 4.081933e+00
1.135146, 4.945906e+00, 4.871713e+00, 4.298993e+00, 4.424321e+00
1.150486, 5.234832e+00, 5.138453e+00, 4.596775e+00, 4.724577e+00
1.165825, 5.480251e+00, 5.367373e+00, 4.859192e+00, 4.982684e+00
1.181165, 5.682480e+00, 5.559098e+00, 5.085910e+00, 5.199372e+00
1.196505, 5.842304e+00, 5.714319e+00, 5.276779e+00, 5.376013e+00
1.211845, 5.960956e+00, 5.833815e+00, 5.431904e+00, 5.514470e+00
1.227185, 6.040064e+00, 5.918477e+00, 5.551681e+00, 5.616906e+00
1.242524, 6.081584e+00, 5.969316e+00, 5.636801e+00, 5.685621e+00
1.257864, 6.087727e+00, 5.987453e+00, 5.688226e+00, 5.722915e+00
1.273204, 6.060865e+00, 5.974100e+00, 5.707130e+00, 5.730985e+00
1.288544, 6.003450e+00, 5.930538e+00, 5.694845e+00, 5.711865e+00
1.303884, 5.917916e+00, 5.858095e+00, 5.652811e+00, 5.667377e+00
1.319223, 5.806594e+00, 5.758146e+00, 5.582552e+00, 5.599102e+00
1.334563, 5.671632e+00, 5.632122e+00, 5.485663e+00, 5.508355e+00
1.349903, 5.514942e+00, 5.481529e+00, 5.363815e+00, 5.396174e+00
1.365243, 5.338177e+00, 5.307969e+00, 5.218757e+00, 5.263336e+00
1.380583, 5.142736e+00, 5.113140e+00, 5.052307e+00, 5.110402e+00
1.395923, 4.929817e+00, 4.898818e+00, 4.866317e+00, 4.937808e+00
1.411262, 4.700496e+00, 4.666817e+00, 4.662627e+00, 4.745973e+00
1.426602, 4.455817e+00, 4.418930e+00, 4.443002e+00, 4.535434e+00
1.441942, 4.196888e+00, 4.156864e+00, 4.209080e+00, 4.306948e+00
1.457282, 3.924949e+00, 3.882191e+00, 3.962332e+00, 4.061573e+00
1.472622, 3.641404e+00, 3.596329e+00, 3.704055e+00, 3.800684e+00
1.487961, 3.347809e+00, 3.300553e+00, 3.435396e+00, 3.525930e+00
1.503301, 3.045815e+00, 2.996044e+00, 3.157398e+00, 3.239150e+00
1.518641, 2.737087e+00, 2.683957e+00, 2.871057e+00, 2.942262e+00
1.533981, 2.423208e+00, 2.365495e+00, 2.577385e+00, 2.637155e+00
1.549321, 2.105603e+00, 2.041964e+00, 2.277442e+00, 2.325615e+00
1.564660, 1.785501e+00, 1.714794e+00, 1.972358e+00, 2.009287e+00
1.580000, 1.463938e+00, 1.385527e+00, 1.663314e+00, 1.689686e+00
1.595340, 1.141804e+00, 1.055772e+00, 1.351525e+00, 1.368233e+00
1.610680, 8.199231e-01, 7.271419e-01, 1.038208e+00, 1.046308e+00
1.626020, 4.991429e-01, 4.011950e-01, 7.245650e-01, 7.252841e-01
1.641359, 1.804053e-01, 7.939058e-02, 4.117777e-01, 4.065484e-01
1.656699, -1.352087e-01, -2.369275e-01, 1.010315e-01, 9.148948e-02
1.672039, -4.464733e-01, -5.465235e-01, -2.064570e-01, -2.185307e-01
1.687379, -7.520477e-01, -8.482468e-01, -5.094105e-01, -5.222113e-01
1.702719, -1.050530e+00, -1.141005e+00, -8.064727e-01, -8.183390e-01
1.718058, -1.340517e+00, -1.423748e+00, -1.096214e+00, -1.105798e+00
1.733398, -1.620657e+00, -1.695463e+00, -1.377165e+00, -1.383562e+00
1.748738, -1.889682e+00, -1.955189e+00, -1.647868e+00, -1.650674e+00
1.764078, -2.146420e+00, -2.202041e+00, -1.906941e+00, -1.906223e+00
1.779418, -2.389790e+00, -2.435232e+00, -2.153143e+00, -2.149328e+00
1.794758, -2.618787e+00, -2.654088e+00, -2.385415e+00, -2.379138e+00
1.810097, -2.832471e+00, -2.858047e+00, -2.602909e+00, -2.594843e+00
1.825437, -3.029969e+00, -3.046652e+00, -2.804981e+00, -2.795695e+00
1.840777, -3.210494e+00, -3.219517e+00, -2.991168e+00, -2.981034e+00
1.856117, -3.373379e+00, -3.376304e+00, -3.161143e+00, -3.150312e+00
1.871457, -3.518118e+00, -3.516696e+00, -3.314672e+00, -3.303108e+00
1.886796, -3.644407e+00, -3.640376e+00, -3.451568e+00, -3.439128e+00
1.902136, -3.752168e+00, -3.747035e+00, -3.571666e+00, -3.558202e+00
1.917476, -3.841546e+00, -3.836382e+00, -3.674807e+00, -3.660271e+00
1.932816, -3.912879e+00, -3.908177e+00, -3.760847e+00, -3.745368e+00
1.948156, -3.966646e+00, -3.962272e+00, -3.829676e+00, -3.813596e+00
1.963495, -4.003401e+00, -3.998645e+00, -3.881248e+00, -3.865117e+00
1.978835, -4.023710e+00, -4.017436e+00, -3.915604e+00, -3.900135e+00
1.994175, -4.028104e+00, -4.018965e+00, -3.932905e+00, -3.918889e+00
2.009515, -4.017063e+00, -4.003737e+00, -3.933439e+00, -3.921659e+00
2.024855, -3.991022e+00, -3.972422e+00, -3.917629e+00, -3.908770e+00
2.040194, -3.950407e+00, -3.925832e+00, -3.886027e+00, -3.880608e+00
2.055534, -3.895681e+00, -3.864882e+00, -3.839302e+00, -3.837632e+00
2.070874, -3.827383e+00, -3.790553e+00, -3.778223e+00, -3.780391e+00
2.086214, -3.746161e+00, -3.703860e+00, -3.703642e+00, -3.709531e+00
2.101554, -3.652781e+00, -3.605822e+00, -3.616480e+00, -3.625798e+00
2.116893, -3.548115e+00, -3.497450e+00, -3.517713e+00, -3.530031e+00
2.132233, -3.433115e+00, -3.379738e+00, -3.408362e+00, -3.423149e+00
2.147573, -3.308776e+00, -3.253659e+00, -3.289485e+00, -3.306136e+00
2.162913, -3.176112e+00, -3.120173e+00, -3.162162e+00, -3.180019e+00
2.178253, -3.036124e+00, -2.980227e+00, -3.027490e+00, -3.045855e+00
2.193593, -2.889797e+00, -2.834757e+00, -2.886565e+00, -2.904712e+00
2.208932, -2.738097e+00, -2.684685e+00, -2.740466e+00, -2.757662e+00
2.224272, -2.581981e+00, -2.530919e+00, -2.590240e+00, -2.605767e+00
2.239612, -2.422403e+00, -2.374341e+00, -2.436883e+00, -2.450072e+00
2.254952, -2.260315e+00, -2.215807e+00, -2.281330e+00, -2.291593e+00
2.270292, -2.096669e+00, -2.056137e+00, -2.124446e+00, -2.131309e+00
2.285631, -1.932406e+00, -1.896116e+00, -1.967027e+00, -1.970152e+00
2.300971, -1.768441e+00, -1.736498e+00, -1.809804e+00, -1.809003e+00
2.316311, -1.605650e+00, -1.578004e+00, -1.653452e+00, -1.648689e+00
2.331651, -1.444860e+00, -1.421327e+00, -1.498600e+00, -1.489987e+00
2.346991, -1.286835e+00, -1.267139e+00, -1.345838e+00, -1.333631e+00
2.362330, -1.132277e+00, -1.116087e+00, -1.195720e+00, -1.180317e+00
2.377670, -9.818156e-01, -9.687922e-01, -1.048768e+00, -1.030706e+00
2.393010, -8.360102e-01, -8.258420e-01, -9.054645e-01, -8.854186e-01
2.408350, -6.953471e-01, -6.877829e-01, -7.662518e-01, -7.450283e-01
2.423690, -5.602397e-01, -5.551085e-01, -6.315293e-01, -6.100452e-01
2.439029, -4.310301e-01, -4.282490e-01, -5.016560e-01, -4.809018e-01
2.454369, -3.079943e-01, -3.075612e-01, -3.769559e-01, -3.579421e-01
2.469709, -1.913497e-01, -1.933199e-01, -2.577280e-01, -2.414174e-01
2.485049, -8.126305e-02, -8.571334e-02, -1.442564e-01, -1.314904e-01
2.500389, 2.214018e-02, 1.515776e-02, -3.681907e-02, -2.824759e-02
2.515728, 1.187702e-01, 1.092756e-01, 6.430893e-02, 6.828495e-02
2.531068, 2.085703e-01, 1.966952e-01, 1.588582e-01, 1.581237e-01
2.546408, 2.915188e-01, 2.775285e-01, 2.465760e-01, 2.413137e-01
2.561748, 3.676334e-01, 3.519244e-01, 3.272446e-01, 3.179196e-01
2.577088, 4.369766e-01, 4.200479e-01, 4.007043e-01, 3.880219e-01
2.592428, 4.996612e-01, 4.820606e-01, 4.668772e-01, 4.517187e-01
2.607767, 5.558510e-01, 5.381083e-01, 5.257892e-01, 5.091286e-01
2.623107, 6.057579e-01, 5.883169e-01, 5.775839e-01, 5.603951e-01
2.638447, 6.496345e-01, 6.327989e-01, 6.225264e-01, 6.056889e-01
2.653787, 6.877622e-01, 6.716692e-01, 6.609945e-01, 6.452097e-01
2.669127, 7.204383e-01, 7.050667e-01, 6.934570e-01, 6.791860e-01
2.684466, 7.479621e-01, 7.331754e-01, 7.204422e-01, 7.078748e-01
2.699806, 7.706237e-01, 7.562417e-01, 7.424987e-01, 7.315614e-01
2.715146, 7.886959e-01, 7.745792e-01, 7.601570e-01, 7.505582e-01
2.730486, 8.024318e-01, 7.885611e-01, 7.738945e-01, 7.652028e-01
2.745826, 8.120662e-01, 7.985994e-01, 7.841122e-01, 7.758531e-01
2.761165, 8.178219e-01, 8.051140e-01, 7.911234e-01, 7.828785e-01
2.776505, 8.199184e-01, 8.084981e-01, 7.951584e-01, 7.866478e-01
2.791845, 8.185829e-01, 8.090872e-01, 7.963806e-01, 7.875136e-01
2.807185, 8.140587e-01, 8.071375e-01, 7.949115e-01, 7.857977e-01
2.822525, 8.066135e-01, 8.028197e-01, 7.908586e-01, 7.817772e-01
2.837864, 7.965416e-01, 7.962279e-01, 7.843399e-01, 7.756781e-01
2.853204, 7.841633e-01, 7.874032e-01, 7.755008e-01, 7.676749e-01
2.868544, 7.698185e-01, 7.763659e-01, 7.645217e-01, 7.578985e-01
2.883884, 7.538568e-01, 7.631499e-01, 7.516139e-01, 7.464505e-01
2.899224, 7.366234e-01, 7.478327e-01, 7.370091e-01, 7.334213e-01
2.914563, 7.184439e-01, 7.305541e-01, 7.209435e-01, 7.189074e-01
2.929903, 6.996083e-01, 7.115221e-01, 7.036428e-01, 7.030256e-01
2.945243, 6.803558e-01, 6.910035e-01, 6.853110e-01, 6.859206e-01
2.960583, 6.608636e-01, 6.693046e-01, 6.661250e-01, 6.677646e-01
2.975923, 6.412398e-01, 6.467437e-01, 6.462347e-01, 6.487504e-01
2.991263, 6.215226e-01, 6.236242e-01, 6.257685e-01, 6.290786e-01
3.006602, 6.016863e-01, 6.002107e-01, 6.048398e-01, 6.089432e-01
3.021942, 5.816546e-01, 5.767141e-01, 5.835526e-01, 5.885168e-01
3.037282, 5.613202e-01, 5.532861e-01, 5.620051e-01, 5.679397e-01
3.052622, 5.405685e-01, 5.300238e-01, 5.402884e-01, 5.473129e-01
3.067962, 5.193030e-01, 5.069800e-01, 5.184846e-01, 5.266965e-01
3.083301, 4.974675e-01, 4.841791e-01, 4.966633e-01, 5.061135e-01
3.098641, 4.750634e-01, 4.616315e-01, 4.748804e-01, 4.855563e-01
3.113981, 4.521576e-01, 4.393465e-01, 4.531804e-01, 4.649968e-01
3.129321, 4.288791e-01, 4.173391e-01, 4.316020e-01, 4.443980e-01
3.144661, 4.054063e-01, 3.956330e-01, 4.101866e-01, 4.237252e-01
3.160000, 3.819454e-01, 3.742575e-01, 3.889855e-01, 4.029573e-01
3.175340, 3.587049e-01, 3.532425e-01, 3.680640e-01, 3.820949e-01
3.190680, 3.358709e-01, 3.326119e-01, 3.475001e-01, 3.611661e-01
3.206020, 3.135875e-01, 3.123791e-01, 3.273762e-01, 3.402272e-01
3.221360, 2.919455e-01, 2.925432e-01, 3.077650e-01, 3.193586e-01
3.236699, 2.709809e-01, 2.730904e-01, 2.887140e-01, 2.986558e-01
3.252039, 2.506812e-01, 2.539958e-01, 2.702324e-01, 2.782166e-01
3.267379, 2.309979e-01, 2.352292e-01, 2.522833e-01, 2.581270e-01
3.282719, 2.118611e-01, 2.167597e-01, 2.347864e-01, 2.384478e-01
3.298059, 1.931932e-01, 1.985610e-01, 2.176298e-01, 2.192067e-01
3.313399, 1.749201e-01, 1.806156e-01, 2.006905e-01, 2.003967e-01
3.328738, 1.569796e-01, 1.629180e-01, 1.838584e-01, 1.819820e-01
3.344078, 1.393278e-01, 1.454783e-01, 1.670602e-01, 1.639123e-01
3.359418, 1.219451e-01, 1.283252e-01, 1.502771e-01, 1.461407e-01
3.374758, 1.048419e-01, 1.115095e-01, 1.335538e-01, 1.286429e-01
3.390098, 8.806369e-02, 9.510626e-02, 1.169954e-01, 1.114330e-01
3.405437, 7.169337e-02, 7.921467e-02, 1.007546e-01, 9.457144e-02
3.420777, 5.584875e-02, 6.395331e-02, 8.500935e-02, 7.816367e-02
3.436117, 4.067207e-02, 4.945017e-02, 6.993645e-02, 6.234874e-02
3.451457, 2.631197e-02, 3.582757e-02, 5.568536e-02, 4.728009e-02
3.466797, 1.289923e-02, 2.318382e-02, 4.235628e-02, 3.310252e-02
3.482136, 5.211777e-04, 1.157506e-02, 2.998657e-02, 1.992991e-02
3.497476, -1.079926e-02, 1.001474e-03, 1.854721e-02, 7.828079e-03
3.512816, -2.111370e-02, -8.598467e-03, 7.949652e-03, -3.193888e-03
3.528156, -3.054376e-02, -1.734358e-02, -1.938581e-03, -1.318276e-02
3.543496, -3.926092e-02, -2.539548e-02, -1.127277e-02, -2.223175e-02
3.558835, -4.745464e-02, -3.293645e-02, -2.020812e-02, -3.046540e-02
3.574175, -5.529568e-02, -4.014425e-02, -2.887913e-02, -3.802246e-02
3.589515, -6.290351e-02, -4.716886e-02, -3.738428e-02, -4.504052e-02
3.604855, -7.032587e-02, -5.411563e-02, -4.577846e-02, -5.164525e-02
3.620195, -7.753556e-02, -6.103783e-02, -5.407323e-02, -5.794540e-02
3.635534, -8.444516e-02, -6.793907e-02, -6.224413e-02, -6.403297e-02
3.650874, -9.093546e-02, -7.478392e-02, -7.024259e-02, -6.998650e-02
3.666214, -9.688995e-02, -8.151346e-02, -7.800985e-02, -7.587505e-02
3.681554, -1.022264e-01, -8.806182e-02, -8.548984e-02, -8.176036e-02
3.696894, -1.069178e-01, -9.437022e-02, -9.263891e-02, -8.769560e-02
3.712234, -1.109983e-01, -1.003962e-01, -9.943117e-02, -9.372098e-02
3.727573, -1.145538e-01, -1.061173e-01, -1.058596e-01, -9.985747e-02
3.742913, -1.177008e-01, -1.115296e-01, -1.119333e-01, -1.061008e-01
3.758253, -1.205619e-01, -1.166436e-01, -1.176730e-01, -1.124179e-01
3.773593, -1.232421e-01, -1.214776e-01, -1.231056e-01, -1.187481e-01
3.788933, -1.258148e-01, -1.260522e-01, -1.282589e-01, -1.250080e-01
3.804272, -1.283164e-01, -1.303856e-01, -1.331580e-01, -1.311006e-01
3.819612, -1.307528e-01, -1.344904e-01, -1.378222e-01, -1.369262e-01
3.834952, -1.331100e-01, -1.383719e-01, -1.422634e-01, -1.423916e-01
3.850292, -1.353665e-01, -1.420272e-01, -1.464847e-01, -1.474178e-01
3.865632, -1.375027e-01, -1.454447e-01, -1.504797e-01, -1.519439e-01
3.880971, -1.395041e-01, -1.486048e-01, -1.542315e-01, -1.559268e-01
3.896311, -1.413585e-01, -1.514808e-01, -1.577135e-01, -1.593401e-01
3.911651, -1.430500e-01, -1.540405e-01, -1.608910e-01, -1.621719e-01
3.926991, -1.445525e-01, -1.562494e-01, -1.637238e-01, -1.644228e-01
3.942331, -1.458254e-01, -1.580740e-01, -1.661714e-01, -1.661064e-01
3.957670, -1.468153e-01, -1.594853e-01, -1.681983e-01, -1.672504e-01
3.973010, -1.474614e-01, -1.604619e-01, -1.697803e-01, -1.678970e-01
3.988350, -1.477055e-01, -1.609918e-01, -1.709086e-01, -1.681023e-01
4.003690, -1.475025e-01, -1.610719e-01, -1.715931e-01, -1.679329e-01
4.019030, -1.468287e-01, -1.607076e-01, -1.718613e-01, -1.674602e-01
4.034369, -1.456872e-01, -1.599107e-01, -1.717554e-01, -1.667523e-01
4.049709, -1.441078e-01, -1.586984e-01, -1.713259e-01, -1.658669e-01
4.065049, -1.421424e-01, -1.570930e-01, -1.706239e-01, -1.648464e-01
4.080389, -1.398567e-01, -1.551227e-01, -1.696930e-01, -1.637170e-01
4.095729, -1.373209e-01, -1.528235e-01, -1.685630e-01, -1.624916e-01
4.111069, -1.345985e-01, -1.502389e-01, -1.672450e-01, -1.611755e-01
4.126408, -1.317384e-01, -1.474192e-01, -1.657296e-01, -1.597722e-01
4.141748, -1.287688e-01, -1.444165e-01, -1.639883e-01, -1.582868e-01
4.157088, -1.256955e-01, -1.412772e-01, -1.619773e-01, -1.567247e-01
4.172428, -1.225045e-01, -1.380333e-01, -1.596435e-01, -1.550839e-01
4.187768, -1.191699e-01, -1.346944e-01, -1.569318e-01, -1.533447e-01
4.203107, -1.156649e-01, -1.312426e-01, -1.537930e-01, -1.514575e-01
4.218447, -1.119743e-01, -1.276339e-01, -1.501909e-01, -1.493355e-01
4.233787, -1.081067e-01, -1.238045e-01, -1.461083e-01, -1.468542e-01
4.249127, -1.041017e-01, -1.196833e-01, -1.415507e-01, -1.438618e-01
4.264467, -1.000304e-01, -1.152069e-01, -1.365475e-01, -1.401999e-01
4.279806, -9.598853e-02, -1.103332e-01, -1.311503e-01, -1.357306e-01
4.295146, -9.208168e-02, -1.050521e-01, -1.254277e-01, -1.303663e-01
4.310486, -8.840614e-02, -9.938922e-02, -1.194591e-01, -1.240943e-01
4.325826, -8.502929e-02, -9.340261e-02, -1.133260e-01, -1.169905e-01
4.341166, -8.197394e-02, -8.717443e-02, -1.071040e-01, -1.092186e-01
4.356505, -7.921033e-02, -8.079889e-02, -1.008548e-01, -1.010139e-01
4.371845, -7.665804e-02, -7.437038e-02, -9.462105e-02, -9.265371e-02
4.387185, -7.419746e-02, -6.797429e-02, -8.842375e-02, -8.442088e-02
4.402525, -7.168853e-02, -6.168223e-02, -8.226191e-02, -7.656601e-02
4.417865, -6.899288e-02, -5.555167e-02, -7.611571e-02, -6.927676e-02
4.433204, -6.599527e-02, -4.962902e-02, -6.995144e-02, -6.265882e-02
4.448544, -6.262031e-02, -4.395391e-02, -6.372786e-02, -5.673153e-02
4.463884, -5.884191e-02, -3.856248e-02, -5.740306e-02, -5.143786e-02
4.479224, -5.468428e-02, -3.348804e-02, -5.094110e-02, -4.666556e-02
4.494564, -5.021507e-02, -2.875874e-02, -4.431769e-02, -4.227437e-02
4.509904, -4.553224e-02, -2.439282e-02, -3.752488e-02, -3.812359e-02
4.525243, -4.074709e-02, -2.039314e-02, -3.057462e-02, -3.409487e-02
4.540583, -3.596653e-02, -1.674322e-02, -2.350125e-02, -3.010641e-02
4.555923, -3.127742e-02, -1.340640e-02, -1.636284e-02, -2.611725e-02
4.571263, -2.673543e-02, -1.032909e-02, -9.241250e-03, -2.212220e-02
4.586603, -2.236013e-02, -7.447881e-03, -2.240506e-03, -1.813997e-02
4.601942, -1.813684e-02, -4.699118e-03, 4.517182e-03, -1.419808e-02
4.617282, -1.402478e-02, -2.028886e-03, 1.089819e-02, -1.031840e-02
4.632622, -9.969389e-03, 5.987451e-04, 1.676713e-02, -6.506678e-03
4.647962, -5.916278e-03, 3.196961e-03, 2.199899e-02, -2.748237e-03
4.663302, -1.823891e-03, 5.755727e-03, 2.649270e-02, 9.897553e-04
4.678641, 2.327562e-03, 8.245449e-03, 3.018418e-02, 4.750294e-03
4.693981, 6.532378e-03, 1.062380e-02, 3.305666e-02, 8.575151e-03
4.709321, 1.076071e-02, 1.284420e-02, 3.514613e-02, 1.249304e-02
4.724661, 1.496369e-02, 1.486427e-02, 3.654008e-02, 1.651020e-02
4.740001, 1.908018e-02, 1.665323e-02, 3.736895e-02, 2.060562e-02
4.755340, 2.304335e-02, 1.819721e-02, 3.779087e-02, 2.473176e-02
4.770680, 2.678523e-02, 1.950237e-02, 3.797169e-02, 2.882065e-02
4.786020, 3.023931e-02, 2.059571e-02, 3.806373e-02, 3.279365e-02
4.801360, 3.334185e-02, 2.152393e-02, 3.818671e-02, 3.657289e-02
4.816700, 3.603359e-02, 2.235025e-02, 3.841454e-02, 4.009184e-02
4.832039, 3.826302e-02, 2.314940e-02, 3.877058e-02, 4.330317e-02
4.847379, 3.999190e-02, 2.400075e-02, 3.923223e-02, 4.618265e-02
4.862719, 4.120259e-02, 2.497976e-02, 3.974385e-02, 4.872873e-02
4.878059, 4.190510e-02, 2.614872e-02, 4.023532e-02, 5.095844e-02
4.893399, 4.214156e-02, 2.754749e-02, 4.064228e-02, 5.290088e-02
4.908739, 4.198589e-02, 2.918617e-02, 4.092362e-02, 5.458964e-02
4.924078, 4.153730e-02, 3.104109e-02, 4.107253e-02, 5.605603e-02
4.939418, 4.090814e-02, 3.305536e-02, 4.111881e-02, 5.732399e-02
4.954758, 4.020793e-02, 3.514456e-02, 4.112218e-02, 5.840780e-02
4.970098, 3.952702e-02, 3.720686e-02, 4.115826e-02, 5.931245e-02
4.985438, 3.892336e-02, 3.913611e-02, 4.130058e-02, 6.003606e-02
5.000777, 3.841567e-02, 4.083552e-02, 4.160305e-02, 6.057342e-02
5.016117, 3.798439e-02, 4.222931e-02, 4.208680e-02, 6.091920e-02
5.031457, 3.758045e-02, 4.327025e-02, 4.273431e-02, 6.106960e-02
5.046797, 3.713967e-02, 4.394180e-02, 4.349202e-02, 6.102178e-02
5.062137, 3.659921e-02, 4.425466e-02, 4.428033e-02, 6.077116e-02
5.077476, 3.591256e-02, 4.423916e-02, 4.500837e-02, 6.030764e-02
5.092816, 3.505948e-02, 4.393523e-02, 4.558963e-02, 5.961227e-02
5.108156, 3.404924e-02, 4.338260e-02, 4.595484e-02, 5.865639e-02
5.123496, 3.291674e-02, 4.261318e-02, 4.605929e-02, 5.740438e-02
5.138836, 3.171357e-02, 4.164719e-02, 4.588342e-02, 5.582069e-02
5.154175, 3.049646e-02, 4.049319e-02, 4.542741e-02, 5.387988e-02
5.169515, 2.931654e-02, 3.915171e-02, 4.470209e-02, 5.157771e-02
5.184855, 2.821177e-02, 3.762098e-02, 4.371929e-02, 4.893999e-02
5.200195, 2.720404e-02, 3.590321e-02, 4.248461e-02, 4.602642e-02
5.215535, 2.630058e-02, 3.401016e-02, 4.099453e-02, 4.292715e-02
5.230874, 2.549840e-02, 3.196658e-02, 3.923862e-02, 3.975187e-02
5.246214, 2.478935e-02, 2.981127e-02, 3.720567e-02, 3.661280e-02
5.261554, 2.416407e-02, 2.759543e-02, 3.489180e-02, 3.360511e-02
5.276894, 2.361323e-02, 2.537876e-02, 3.230776e-02, 3.078895e-02
5.292234, 2.312594e-02, 2.322362e-02, 2.948358e-02, 2.817756e-02
5.307574, 2.268625e-02, 2.118828e-02, 2.646904e-02, 2.573449e-02
5.322913, 2.226943e-02, 1.931977e-02, 2.333008e-02, 2.338108e-02
5.338253, 2.183984e-02, 1.764772e-02, 2.014215e-02, 2.101302e-02
5.353593, 2.135183e-02, 1.617974e-02, 1.698224e-02, 1.852257e-02
5.368933, 2.075419e-02, 1.489967e-02, 1.392131e-02, 1.582176e-02
5.384273, 1.999759e-02, 1.376897e-02, 1.101836e-02, 1.286150e-02
5.399612, 1.904318e-02, 1.273146e-02, 8.316856e-03, 9.642834e-03
5.414952, 1.787030e-02, 1.172082e-02, 5.843376e-03, 6.217823e-03
5.430292, 1.648100e-02, 1.066968e-02, 3.607803e-03, 2.680459e-03
5.445632, 1.489980e-02, 9.518786e-03, 1.604504e-03, -8.504194e-04
5.460972, 1.316835e-02, 8.224527e-03, -1.860751e-04, -4.252306e-03
5.476311, 1.133590e-02, 6.763515e-03, -1.795542e-03, -7.419943e-03
5.491651, 9.448010e-03, 5.133564e-03, -3.265325e-03, -1.028194e-02
5.506991, 7.536105e-03, 3.351123e-03, -4.643778e-03, -1.281016e-02
5.522331, 5.610919e-03, 1.446020e-03, -5.982427e-03, -1.502059e-02
5.537671, 3.661615e-03, -5.450832e-04, -7.331522e-03, -1.696624e-02
5.553010, 1.661179e-03, -2.585028e-03, -8.735318e-03, -1.872414e-02
5.568350, -4.231806e-04, -4.641016e-03, -1.022770e-02, -2.037932e-02
5.583690, -2.617267e-03, -6.687271e-03, -1.182881e-02, -2.200919e-02
5.599030, -4.928159e-03, -8.705422e-03, -1.354323e-02, -2.367104e-02
5.614370, -7.336833e-03, -1.068310e-02, -1.535988e-02, -2.539475e-02
5.629709, -9.797500e-03, -1.261159e-02, -1.725346e-02, -2.718101e-02
5.645049, -1.224425e-02, -1.448357e-02, -1.918715e-02, -2.900482e-02
5.660389, -1.460371e-02, -1.629140e-02, -2.111609e-02, -3.082243e-02
5.675729, -1.681074e-02, -1.802671e-02, -2.299138e-02, -3.257996e-02
5.691069, -1.882342e-02, -1.968103e-02, -2.476426e-02, -3.422180e-02
5.706409, -2.063348e-02, -2.124721e-02, -2.639039e-02, -3.569751e-02
5.721748, -2.226941e-02, -2.272130e-02, -2.783422e-02, -3.696663e-02
5.737088, -2.379132e-02, -2.410408e-02, -2.907293e-02, -3.800128e-02
5.752428, -2.527845e-02, -2.540209e-02, -3.009955e-02, -3.878703e-02
5.767768, -2.681200e-02, -2.662747e-02, -3.092465e-02, -3.932242e-02
5.783108, -2.845704e-02, -2.779668e-02, -3.157601e-02, -3.961748e-02
5.798447, -3.024719e-02, -2.892802e-02, -3.209574e-02, -3.969145e-02
5.813787, -3.217530e-02, -3.003837e-02, -3.253520e-02, -3.956963e-02
5.829127, -3.419180e-02, -3.113938e-02, -3.294800e-02, -3.927980e-02
5.844467, -3.621075e-02, -3.223411e-02, -3.338248e-02, -3.884834e-02
5.859807, -3.812223e-02, -3.331451e-02, -3.387460e-02, -3.829710e-02
5.875146, -3.980867e-02, -3.436065e-02, -3.444276e-02, -3.764142e-02
5.890486, -4.116200e-02, -3.534191e-02, -3.508536e-02, -3.689030e-02
5.905826, -4.209881e-02, -3.622009e-02, -3.578151e-02, -3.604873e-02
5.921166, -4.257144e-02, -3.695422e-02, -3.649471e-02, -3.512151e-02
5.936506, -4.257344e-02, -3.750595e-02, -3.717882e-02, -3.411778e-02
5.951845, -4.213914e-02, -3.784457e-02, -3.778525e-02, -3.305451e-02
5.967185, -4.133779e-02, -3.795075e-02, -3.827015e-02, -3.195770e-02
5.982525, -4.026358e-02, -3.781815e-02, -3.860049e-02, -3.086040e-02
5.997865, -3.902291e-02, -3.745272e-02, -3.875795e-02, -2.979781e-02
6.013205, -3.772097e-02, -3.687015e-02, -3.874023e-02, -2.880028e-02
6.028544, -3.644917e-02, -3.609211e-02, -3.855930e-02, -2.788611e-02
6.043884, -3.527501e-02, -3.514242e-02, -3.823717e-02, -2.705603e-02
6.059224, -3.423549e-02, -3.404412e-02, -3.779976e-02, -2.629106e-02
6.074564, -3.333465e-02, -3.281791e-02, -3.727000e-02, -2.555443e-02
6.089904, -3.254548e-02, -3.148227e-02, -3.666151e-02, -2.479753e-02
6.105244, -3.181563e-02, -3.005469e-02, -3.597400e-02, -2.396846e-02
6.120583, -3.107605e-02, -2.855342e-02, -3.519150e-02, -2.302154e-02
6.135923, -3.025128e-02, -2.699866e-02, -3.428358e-02, -2.192567e-02
6.151263, -2.926996e-02, -2.541279e-02, -3.320957e-02, -2.066988e-02
6.166603, -2.807395e-02, -2.381906e-02, -3.192481e-02, -1.926517e-02
6.181943, -2.662509e-02, -2.223920e-02, -3.038797e-02, -1.774235e-02
6.197282, -2.490865e-02, -2.069040e-02, -2.856795e-02, -1.614674e-02
6.212622, -2.293335e-02, -1.918264e-02, -2.644925e-02, -1.453065e-02
6.227962, -2.072822e-02, -1.771712e-02, -2.403498e-02, -1.294533e-02
6.243302, -1.833709e-02, -1.628628e-02, -2.134715e-02, -1.143358e-02
6.258642, -1.581180e-02, -1.487561e-02, -1.842418e-02, -1.002422e-02
6.273981, -1.320528e-02, -1.346678e-02, -1.531638e-02, -8.728929e-03
6.289321, -1.056560e-02, -1.204130e-02, -1.208002e-02, -7.541920e-03
6.304661, -7.931799e-03, -1.058414e-02, -8.771297e-03, -6.441978e-03
6.320001, -5.331927e-03, -9.086135e-03, -5.441028e-03, -5.396487e-03
6.335341, -2.783434e-03, -7.545149e-03, -2.131214e-03, -4.366567e-03
6.350680, -2.953582e-04, -5.965531e-03, 1.126095e-03, -3.312455e-03
6.366020, 2.128227e-03, -4.356340e-03, 4.307554e-03, -2.198177e-03
6.381360, 4.484373e-03, -2.728765e-03, 7.395444e-03, -9.948211e-04
6.396700, 6.767883e-03, -1.093370e-03, 1.037375e-02, 3.179726e-04
6.412040, 8.969081e-03, 5.422677e-04, 1.322462e-02, 1.752272e-03
6.427380, 1.107304e-02, 2.175041e-03, 1.592649e-02, 3.313439e-03
6.442719, 1.306037e-02, 3.806716e-03, 1.845437e-02, 5.002279e-03
6.458059, 1.490923e-02, 5.443223e-03, 2.078240e-02, 6.816903e-03
6.473399, 1.659824e-02, 7.093024e-03, 2.288791e-02, 8.753624e-03
6.488739, 1.810944e-02, 8.764879e-03, 2.475567e-02, 1.080661e-02
6.504079, 1.943099e-02, 1.046546e-02, 2.638093e-02, 1.296646e-02
6.519418, 2.055904e-02, 1.219727e-02, 2.777033e-02, 1.521829e-02
6.534758, 2.149853e-02, 1.395733e-02, 2.894013e-02, 1.754011e-02
6.550098, 2.226279e-02, 1.573670e-02, 2.991261e-02, 1.990231e-02
6.565438, 2.287203e-02, 1.752100e-02, 3.071133e-02, 2.226858e-02
6.580778, 2.335088e-02, 1.929162e-02, 3.135711e-02, 2.459818e-02
6.596117, 2.372524e-02, 2.102718e-02, 3.186540e-02, 2.684911e-02
6.611457, 2.401900e-02, 2.270482e-02, 3.224601e-02, 2.898157e-02
6.626797, 2.425110e-02, 2.430092e-02, 3.250449e-02, 3.096074e-02
6.642137, 2.443349e-02, 2.579139e-02, 3.264458e-02, 3.275874e-02
6.657477, 2.457070e-02, 2.715160e-02, 3.267043e-02, 3.435539e-02
6.672816, 2.466107e-02, 2.835658e-02, 3.258768e-02, 3.573817e-02
6.688156, 2.469989e-02, 2.938224e-02, 3.240314e-02, 3.690143e-02
6.703496, 2.468374e-02, 3.020767e-02, 3.212317e-02, 3.784530e-02
6.718836, 2.461517e-02, 3.081869e-02, 3.175195e-02, 3.857433e-02
6.734176, 2.450655e-02, 3.121195e-02, 3.129037e-02, 3.909594e-02
6.749515, 2.438199e-02, 3.139845e-02, 3.073654e-02, 3.941867e-02
6.764855, 2.427633e-02, 3.140524e-02, 3.008799e-02, 3.955044e-02
6.780195, 2.423127e-02, 3.127438e-02, 2.934516e-02, 3.949726e-02
6.795535, 2.428886e-02, 3.105872e-02, 2.851507e-02, 3.926292e-02
6.810875, 2.448388e-02, 3.081497e-02, 2.761408e-02, 3.884990e-02
6.826215, 2.483638e-02, 3.059534e-02, 2.666862e-02, 3.826178e-02
6.841554, 2.534619e-02, 3.043948e-02, 2.571368e-02, 3.750644e-02
6.856894, 2.599041e-02, 3.036851e-02, 2.478914e-02, 3.659918e-02
6.872234, 2.672446e-02, 3.038245e-02, 2.393496e-02, 3.556433e-02
6.887574, 2.748644e-02, 3.046141e-02, 2.318626e-02, 3.443424e-02
6.902914, 2.820376e-02, 3.057025e-02, 2.256950e-02, 3.324537e-02
6.918253, 2.880117e-02, 3.066538e-02, 2.210008e-02, 3.203171e-02
6.933593, 2.920862e-02, 3.070212e-02, 2.178185e-02, 3.081735e-02
6.948933, 2.936822e-02, 3.064126e-02, 2.160764e-02, 2.961013e-02
6.964273, 2.923948e-02, 3.045360e-02, 2.156056e-02, 2.839854e-02
6.979613, 2.880270e-02, 3.012212e-02, 2.161490e-02, 2.715333e-02
6.994952, 2.806011e-02, 2.964187e-02, 2.173677e-02, 2.583376e-02
7.010292, 2.703502e-02, 2.901795e-02, 2.188426e-02, 2.439735e-02
7.025632, 2.576893e-02, 2.826239e-02, 2.200784e-02, 2.281054e-02
7.040972, 2.431679e-02, 2.739033e-02, 2.205177e-02, 2.105744e-02
7.056312, 2.274104e-02, 2.641619e-02, 2.195705e-02, 1.914440e-02
7.071651, 2.110484e-02, 2.535017e-02, 2.166629e-02, 1.709915e-02
7.086991, 1.946576e-02, 2.419564e-02, 2.113003e-02, 1.496491e-02
7.102331, 1.787059e-02, 2.294780e-02, 2.031351e-02, 1.279131e-02
7.117671, 1.635223e-02, 2.159409e-02, 1.920261e-02, 1.062481e-02
7.133011, 1.492891e-02, 2.011654e-02, 1.780755e-02, 8.501147e-03
7.148350, 1.360568e-02, 1.849569e-02, 1.616320e-02, 6.441753e-03
7.163690, 1.237732e-02, 1.671569e-02, 1.432578e-02, 4.454556e-03
7.179030, 1.123174e-02, 1.476936e-02, 1.236635e-02, 2.538433e-03
7.194370, 1.015292e-02, 1.266214e-02, 1.036219e-02, 6.894165e-04
7.209710, 9.122817e-03, 1.041409e-02, 8.387517e-03, -1.093517e-03
7.225050, 8.121880e-03, 8.059426e-03, 6.505372e-03, -2.804863e-03
7.240389, 7.128899e-03, 5.643709e-03, 4.761566e-03, -4.432126e-03
7.255729, 6.120749e-03, 3.219503e-03, 3.181521e-03, -5.958326e-03
7.271069, 5.072915e-03, 8.413976e-04, 1.769887e-03, -7.366322e-03
7.286409, 3.961268e-03, -1.438627e-03, 5.125316e-04, -8.643301e-03
7.301749, 2.765094e-03, -3.574848e-03, -6.198225e-04, -9.783841e-03
7.317088, 1.470871e-03, -5.530227e-03, -1.666936e-03, -1.079048e-02
7.332428, 7.588090e-05, -7.277774e-03, -2.673750e-03, -1.167156e-02
7.347768, -1.409301e-03, -8.801160e-03, -3.684626e-03, -1.243685e-02
7.363108, -2.960127e-03, -1.009478e-02, -4.737291e-03, -1.309233e-02
7.378448, -4.539441e-03, -1.116327e-02, -5.856819e-03, -1.363551e-02
7.393787, -6.100669e-03, -1.202032e-02, -7.050301e-03, -1.405290e-02
7.409127, -7.592230e-03, -1.268645e-02, -8.303245e-03, -1.432026e-02
7.424467, -8.962410e-03, -1.318571e-02, -9.578912e-03, -1.440637e-02
7.439807, -1.016406e-02, -1.354163e-02, -1.082151e-02, -1.427956e-02
7.455147, -1.115871e-02, -1.377323e-02, -1.196353e-02, -1.391607e-02
7.470486, -1.191995e-02, -1.389201e-02, -1.293645e-02, -1.330868e-02
7.485826, -1.243589e-02, -1.390115e-02, -1.368318e-02, -1.247366e-02
7.501166, -1.271083e-02, -1.379730e-02, -1.416946e-02, -1.145443e-02
7.516506, -1.276573e-02, -1.357490e-02, -1.439177e-02, -1.032050e-02
7.531846, -1.263728e-02, -1.323208e-02, -1.437939e-02, -9.161254e-03
7.547185, -1.237527e-02, -1.277643e-02, -1.418979e-02, -8.075064e-03
7.562525, -1.203808e-02, -1.222893e-02, -1.389811e-02, -7.155352e-03
7.577865, -1.168652e-02, -1.162459e-02, -1.358297e-02, -6.476046e-03
7.593205, -1.137687e-02, -1.100922e-02, -1.331188e-02, -6.079378e-03
7.608545, -1.115389e-02, -1.043293e-02, -1.313001e-02, -5.968705e-03
7.623885, -1.104539e-02, -9.941724e-03, -1.305472e-02, -6.108154e-03
7.639224, -1.105912e-02, -9.569409e-03, -1.307724e-02, -6.429463e-03
7.654564, -1.118296e-02, -9.331767e-03, -1.317070e-02, -6.844817e-03
7.669904, -1.138821e-02, -9.224426e-03, -1.330183e-02, -7.263037e-03
7.685244, -1.163559e-02, -9.224891e-03, -1.344310e-02, -7.605691e-03
7.700584, -1.188269e-02, -9.298081e-03, -1.358151e-02, -7.819739e-03
7.715923, -1.209152e-02, -9.403905e-03, -1.372159e-02, -7.884212e-03
7.731263, -1.223469e-02, -9.505046e-03, -1.388190e-02, -7.809904e-03
7.746603, -1.229927e-02, -9.573262e-03, -1.408595e-02, -7.632731e-03
7.761943, -1.228754e-02, -9.593047e-03, -1.435043e-02, -7.402856e-03
7.777283, -1.221496e-02, -9.562262e-03, -1.467433e-02, -7.172499e-03
7.792622, -1.210553e-02, -9.490094e-03, -1.503221e-02, -6.985283e-03
7.807962, -1.198589e-02, -9.393212e-03, -1.537394e-02, -6.869303e-03
7.823302, -1.187897e-02, -9.291183e-03, -1.563124e-02, -6.834873e-03
7.838642, -1.179858e-02, -9.202150e-03, -1.572978e-02, -6.876647e-03
7.853982, -1.174576e-02, -9.139505e-03, -1.560372e-02, -6.978782e-03
7.869321, -1.170755e-02, -9.109906e-03, -1.520924e-02, -7.121323e-03
7.884661, -1.165834e-02, -9.112674e-03, -1.453379e-02, -7.286041e-03
7.900001, -1.156349e-02, -9.140378e-03, -1.359879e-02, -7.460427e-03
7.915341, -1.138464e-02, -9.180324e-03, -1.245534e-02, -7.639220e-03
7.930681, -1.108566e-02, -9.216590e-03, -1.117402e-02, -7.823560e-03
7.946020, -1.063821e-02, -9.232307e-03, -9.831459e-03, -8.018319e-03
7.961360, -1.002605e-02, -9.211871e-03, -8.496607e-03, -8.228400e-03
7.976700, -9.247237e-03, -9.142862e-03, -7.219841e-03, -8.454827e-03
7.992040, -8.314158e-03, -9.017410e-03, -6.026916e-03, -8.691376e-03
8.007380, -7.251472e-03, -8.832852e-03, -4.918657e-03, -8.922374e-03
8.022720, -6.092585e-03, -8.591620e-03, -3.875833e-03, -9.122147e-03
8.038059, -4.875534e-03, -8.300405e-03, -2.867652e-03, -9.256490e-03
8.053399, -3.639082e-03, -7.968752e-03, -1.861741e-03, -9.286306e-03
8.068739, -2.419733e-03, -7.607350e-03, -8.333788e-04, -9.173189e-03
8.084079, -1.249992e-03, -7.226314e-03, 2.278018e-04, -8.886263e-03
8.099419, -1.578196e-04, -6.833715e-03, 1.314669e-03, -8.409136e-03
8.114758, 8.331760e-04, -6.434534e-03, 2.403231e-03, -7.745474e-03
8.130098, 1.703373e-03, -6.030116e-03, 3.456549e-03, -6.921677e-03
8.145438, 2.437154e-03, -5.618112e-03, 4.430880e-03, -5.985523e-03
8.160778, 3.023647e-03, -5.192843e-03, 5.282733e-03, -5.000438e-03
8.176118, 3.458102e-03, -4.745967e-03, 5.975507e-03, -4.036102e-03
8.191457, 3.743425e-03, -4.267415e-03, 6.484662e-03, -3.157052e-03
8.206797, 3.891103e-03, -3.746533e-03, 6.800697e-03, -2.411691e-03
8.222137, 3.920762e-03, -3.173428e-03, 6.929681e-03, -1.824180e-03
8.237477, 3.857884e-03, -2.540461e-03, 6.891527e-03, -1.391182e-03
8.252817, 3.729683e-03, -1.843841e-03, 6.716552e-03, -1.084290e-03
8.268156, 3.559850e-03, -1.085160e-03, 6.441058e-03, -8.576211e-04
8.283496, 3.363377e-03, -2.726574e-04, 6.102703e-03, -6.587712e-04
8.298836, 3.142898e-03, 5.780340e-04, 5.736329e-03, -4.405001e-04
8.314176, 2.887787e-03, 1.443937e-03, 5.370734e-03, -1.703645e-04
8.329516, 2.576628e-03, 2.295782e-03, 5.026604e-03, 1.638666e-04
8.344855, 2.182823e-03, 3.100181e-03, 4.715631e-03, 5.540578e-04
8.360195, 1.682130e-03, 3.822876e-03, 4.440715e-03, 9.765228e-04
8.375535, 1.060330e-03, 4.432780e-03, 4.197063e-03, 1.400310e-03
8.390875, 3.190898e-04, 4.906365e-03, 3.973971e-03, 1.796700e-03
8.406215, -5.215090e-04, 5.231743e-03, 3.757053e-03, 2.147530e-03
8.421555, -1.424442e-03, 5.411675e-03, 3.530722e-03, 2.450440e-03
8.436894, -2.340798e-03, 5.464785e-03, 3.280711e-03, 2.719985e-03
8.452234, -3.217016e-03, 5.424483e-03, 2.996368e-03, 2.984596e-03
8.467574, -4.002431e-03, 5.335388e-03, 2.672518e-03, 3.280289e-03
8.482914, -4.655286e-03, 5.247523e-03, 2.310713e-03, 3.642667e-03
8.498254, -5.145947e-03, 5.209042e-03, 1.919706e-03, 4.098948e-03
8.513593, -5.457004e-03, 5.258600e-03, 1.515050e-03, 4.661610e-03
8.528933, -5.580932e-03, 5.418687e-03, 1.117817e-03, 5.324789e-03
8.544273, -5.516652e-03, 5.691162e-03, 7.525116e-04, 6.064015e-03
8.559613, -5.266523e-03, 6.055913e-03, 4.443281e-04, 6.839177e-03
8.574953, -4.834928e-03, 6.473015e-03, 2.159920e-04, 7.600120e-03
8.590292, -4.228946e-03, 6.888147e-03, 8.460456e-05, 8.293864e-03
8.605632, -3.460700e-03, 7.240418e-03, 5.896208e-05, 8.872201e-03
8.620972, -2.550285e-03, 7.471393e-03, 1.378516e-04, 9.298381e-03
8.636312, -1.527917e-03, 7.533859e-03, 3.097668e-04, 9.551795e-03
8.651652, -4.341566e-04, 7.398993e-03, 5.543004e-04, 9.629911e-03
8.666991, 6.823444e-04, 7.060853e-03, 8.451176e-04, 9.547218e-03
8.682331, 1.769380e-03, 6.537545e-03, 1.154036e-03, 9.331489e-03
8.697671, 2.777038e-03, 5.868917e-03, 1.455441e-03, 9.018220e-03
8.713011, 3.663517e-03, 5.111112e-03, 1.730114e-03, 8.644441e-03
8.728351, 4.399592e-03, 4.328767e-03, 1.967611e-03, 8.243177e-03
8.743690, 4.970853e-03, 3.586054e-03, 2.166646e-03, 7.839592e-03
8.759030, 5.377429e-03, 2.937914e-03, 2.333461e-03, 7.449407e-03
8.774370, 5.631650e-03, 2.422954e-03, 2.478666e-03, 7.079529e-03
8.789710, 5.754538e-03, 2.059208e-03, 2.613353e-03, 6.730279e-03
8.805050, 5.772199e-03, 1.843539e-03, 2.745477e-03, 6.398223e-03
8.820390, 5.712912e-03, 1.754761e-03, 2.877310e-03, 6.078635e-03
8.835729, 5.605290e-03, 1.759778e-03, 3.004411e-03, 5.766876e-03
8.851069, 5.477376e-03, 1.821431e-03, 3.116081e-03, 5.458506e-03
8.866409, 5.356117e-03, 1.906315e-03, 3.196931e-03, 5.148472e-03
8.881749, 5.266504e-03, 1.990857e-03, 3.229026e-03, 4.830162e-03
8.897089, 5.229889e-03, 2.064445e-03, 3.194088e-03, 4.495098e-03
8.912428, 5.261435e-03, 2.129154e-03, 3.075456e-03, 4.133840e-03
8.927768, 5.367110e-03, 2.196497e-03, 2.859771e-03, 3.738105e-03
8.943108, 5.541072e-03, 2.282346e-03, 2.538524e-03, 3.303591e-03
8.958448, 5.764482e-03, 2.401551e-03, 2.109600e-03, 2.832523e-03
8.973788, 6.006545e-03, 2.563668e-03, 1.578795e-03, 2.334867e-03
8.989127, 6.228120e-03, 2.770690e-03, 9.610949e-04, 1.827509e-03
9.004467, 6.387540e-03, 3.016943e-03, 2.813187e-04, 1.331251e-03
9.019807, 6.447722e-03, 3.290628e-03, -4.263813e-04, 8.662187e-04
9.035147, 6.383178e-03, 3.576044e-03, -1.120473e-03, 4.468651e-04
9.050487, 6.185466e-03, 3.855486e-03, -1.755480e-03, 7.799630e-05
9.065826, 5.865911e-03, 4.110173e-03, -2.286571e-03, -2.469515e-04
9.081166, 5.455017e-03, 4.320150e-03, -2.674681e-03, -5.447635e-04
9.096506, 4.998672e-03, 4.463692e-03, -2.891304e-03, -8.385966e-04
9.111846, 4.551826e-03, 4.517077e-03, -2.922144e-03, -1.152369e-03
9.127186, 4.170848e-03, 4.455610e-03, -2.768966e-03, -1.504854e-03
9.142525, 3.905847e-03, 4.256378e-03, -2.449346e-03, -1.905027e-03
9.157865, 3.794156e-03, 3.902567e-03, -1.994280e-03, -2.349826e-03
9.173205, 3.855791e-03, 3.388470e-03, -1.443992e-03, -2.824855e-03
9.188545, 4.091375e-03, 2.723883e-03, -8.425290e-04, -3.307748e-03
9.203885, 4.482536e-03, 1.936475e-03, -2.319315e-04, -3.773265e-03
9.219225, 4.994443e-03, 1.071024e-03, 3.531989e-04, -4.198778e-03
9.234564, 5.579932e-03, 1.851555e-04, 8.898601e-04, -4.568791e-03
9.249904, 6.184559e-03, -6.579467e-04, 1.368798e-03, -4.877471e-03
9.265244, 6.751874e-03, -1.398572e-03, 1.794184e-03, -5.128683e-03
9.280584, 7.228264e-03, -1.989500e-03, 2.180788e-03, -5.333624e-03
9.295924, 7.566902e-03, -2.403114e-03, 2.549063e-03, -5.506700e-03
9.311263, 7.730561e-03, -2.635108e-03, 2.919057e-03, -5.660655e-03
9.326603, 7.693267e-03, -2.703993e-03, 3.304425e-03, -5.802065e-03
9.341943, 7.440982e-03, -2.646516e-03, 3.707839e-03, -5.928203e-03
9.357283, 6.971670e-03, -2.509953e-03, 4.118863e-03, -6.026040e-03
9.372623, 6.295076e-03, -2.342877e-03, 4.514733e-03, -6.073681e-03
9.387962, 5.432372e-03, -2.186300e-03, 4.863848e-03, -6.044062e-03
9.403302, 4.415591e-03, -2.066902e-03, 5.131054e-03, -5.910289e-03
9.418642, 3.286572e-03, -1.993577e-03, 5.283407e-03, -5.651622e-03
9.433982, 2.094979e-03, -1.957755e-03, 5.295072e-03, -5.258918e-03
9.449322, 8.950284e-04, -1.937187e-03, 5.150402e-03, -4.738346e-03
9.464661, -2.591345e-04, -1.902146e-03, 4.844833e-03, -4.112486e-03
9.480001, -1.319005e-03, -1.822634e-03, 4.383897e-03, -3.418392e-03
9.495341, -2.247432e-03, -1.675060e-03, 3.781139e-03, -2.702796e-03
9.510681, -3.023359e-03, -1.447180e-03, 3.055884e-03, -2.015233e-03
9.526021, -3.644447e-03, -1.140523e-03, 2.231585e-03, -1.400354e-03
9.541361, -4.126739e-03, -7.701869e-04, 1.334993e-03, -8.908817e-04
9.556700, -4.501167e-03, -3.624165e-04, 3.959364e-04, -5.025858e-04
9.572040, -4.807371e-03, 4.922302e-05, -5.528752e-04, -2.322070e-04
9.587380, -5.085967e-03, 4.281599e-04, -1.476691e-03, -5.872358e-05
9.602720, -5.370773e-03, 7.387905e-04, -2.340616e-03, 5.235854e-05
9.618060, -5.682584e-03, 9.495734e-04, -3.112487e-03, 1.425818e-04
9.633399, -6.025673e-03, 1.035061e-03, -3.766204e-03, 2.532299e-04
9.648739, -6.387604e-03, 9.769977e-04, -4.284693e-03, 4.184716e-04
9.664079, -6.742185e-03, 7.647827e-04, -4.661625e-03, 6.601230e-04
9.679419, -7.054783e-03, 3.955899e-04, -4.901310e-03, 9.848210e-04
9.694759, -7.288799e-03, -1.256561e-04, -5.016735e-03, 1.383898e-03
9.710098, -7.412007e-03, -7.864341e-04, -5.026220e-03, 1.835762e-03
9.725438, -7.401698e-03, -1.567039e-03, -4.949584e-03, 2.310192e-03
9.740778, -7.247982e-03, -2.441415e-03, -4.804826e-03, 2.773700e-03
9.756118, -6.955016e-03, -3.378473e-03, -4.606115e-03, 3.194979e-03
9.771458, -6.540324e-03, -4.343786e-03, -4.363484e-03, 3.549489e-03
9.786797, -6.032619e-03, -5.301393e-03, -4.084034e-03, 3.822440e-03
9.802137, -5.468607e-03, -6.215348e-03, -3.774035e-03, 4.009656e-03
9.817477, -4.889231e-03, -7.050698e-03, -3.441095e-03, 4.116200e-03
9.832817, -4.335728e-03, -7.773803e-03, -3.095586e-03, 4.153052e-03
9.848157, -3.845894e-03, -8.352182e-03, -2.750804e-03, 4.132516e-03
9.863496, -3.450873e-03, -8.754364e-03, -2.421767e-03, 4.063380e-03
9.878836, -3.172801e-03, -8.950325e-03, -2.122995e-03, 3.946926e-03
9.894176, -3.023577e-03, -8.913040e-03, -1.865895e-03, 3.774849e-03
9.909516, -3.004918e-03, -8.621384e-03, -1.656477e-03, 3.529729e-03
9.924856, -3.109628e-03, -8.064113e-03, -1.494056e-03, 3.188174e-03
9.940196, -3.323748e-03, -7.244245e-03, -1.371336e-03, 2.726071e-03
9.955535, -3.629085e-03, -6.182769e-03, -1.275914e-03, 2.124891e-03
9.970875, -4.005505e-03, -4.920583e-03, -1.192945e-03, 1.377643e-03
9.986215, -4.432452e-03, -3.517754e-03, -1.108471e-03, 4.931306e-04
10.001555, -4.889395e-03, -2.049757e-03, -1.012808e-03, -5.024894e-04
10.016895, -5.355266e-03, -6.009842e-04, -9.033492e-04, -1.567181e-03
10.032234, -5.807299e-03, 7.435451e-04, -7.862777e-04, -2.647237e-03
10.047574, -6.219889e-03, 1.906898e-03, -6.768315e-04, -3.683339e-03
10.062914, -6.564153e-03, 2.827916e-03, -5.979364e-04, -4.617258e-03
10.078254, -6.808747e-03, 3.466636e-03, -5.772249e-04, -5.398022e-03
10.093594, -6.922092e-03, 3.806723e-03, -6.426910e-04, -5.986647e-03
10.108933, -6.875777e-03, 3.854864e-03, -8.174696e-04, -6.358968e-03
10.124273, -6.648537e-03, 3.637618e-03, -1.114443e-03, -6.506548e-03
10.139613, -6.229973e-03, 3.196660e-03, -1.531563e-03, -6.435951e-03
10.154953, -5.623182e-03, 2.583456e-03, -2.048861e-03, -6.166805e-03
10.170293, -4.845649e-03, 1.854291e-03, -2.628030e-03, -5.729046e-03
10.185632, -3.928160e-03, 1.066192e-03, -3.215085e-03, -5.159641e-03
10.200972, -2.911923e-03, 2.739119e-04, -3.746127e-03, -4.498950e-03
10.216312, -1.844392e-03, -4.722235e-04, -4.155552e-03, -3.786944e-03
10.231652, -7.745634e-04, -1.127978e-03, -4.385454e-03, -3.059539e-03
10.246992, 2.514973e-04, -1.656747e-03, -4.394493e-03, -2.345478e-03
10.262331, 1.194316e-03, -2.031164e-03, -4.164463e-03, -1.664280e-03
10.277671, 2.023577e-03, -2.234663e-03, -3.703149e-03, -1.025740e-03
10.293011, 2.719586e-03, -2.262646e-03, -3.042760e-03, -4.312369e-04
10.308351, 3.273834e-03, -2.122772e-03, -2.234187e-03, 1.233013e-04
10.323691, 3.688939e-03, -1.833907e-03, -1.338276e-03, 6.433424e-04
10.339031, 3.978134e-03, -1.423510e-03, -4.159799e-04, 1.131553e-03
10.354370, 4.164266e-03, -9.236289e-04, 4.805218e-04, 1.584549e-03
10.369710, 4.278099e-03, -3.660602e-04, 1.313955e-03, 1.991514e-03
10.385050, 4.355656e-03, 2.224137e-04, 2.064241e-03, 2.335155e-03
10.400390, 4.434471e-03, 8.236809e-04, 2.726836e-03, 2.594855e-03
10.415730, 4.548919e-03, 1.429908e-03, 3.307943e-03, 2.751248e-03
10.431069, 4.725176e-03, 2.042550e-03, 3.818114e-03, 2.791067e-03
10.446409, 4.976777e-03, 2.668779e-03, 4.265955e-03, 2.710972e-03
10.461749, 5.301786e-03, 3.315996e-03, 4.653495e-03, 2.519361e-03
10.477089, 5.682464e-03, 3.985606e-03, 4.974196e-03, 2.235716e-03
10.492429, 6.087825e-03, 4.667587e-03, 5.213831e-03, 1.887679e-03
10.507768, 6.478786e-03, 5.337310e-03, 5.353751e-03, 1.506650e-03
10.523108, 6.814953e-03, 5.955703e-03, 5.375554e-03, 1.123001e-03
10.538448, 7.061587e-03, 6.473121e-03, 5.265988e-03, 7.620611e-04
10.553788, 7.195256e-03, 6.836465e-03, 5.020974e-03, 4.416709e-04
10.569128, 7.206970e-03, 6.998329e-03, 4.647972e-03, 1.716543e-04
10.584467, 7.102248e-03, 6.926355e-03, 4.166342e-03, -4.499123e-05
10.599807, 6.898306e-03, 6.610875e-03, 3.605760e-03, -2.097716e-04
10.615147, 6.619285e-03, 6.069160e-03, 3.003077e-03, -3.260367e-04
10.630487, 6.290756e-03, 5.345264e-03, 2.398202e-03, -3.967123e-04
10.645827, 5.934805e-03, 4.505295e-03, 1.829715e-03, -4.228978e-04
10.661166, 5.566638e-03, 3.628884e-03, 1.330850e-03, -4.034842e-04
10.676506, 5.193236e-03, 2.798337e-03, 9.263907e-04, -3.356426e-04
10.691846, 4.813976e-03, 2.087362e-03, 6.308605e-04, -2.158258e-04
10.707186, 4.422791e-03, 1.551303e-03, 4.481734e-04, -4.086759e-05
10.722526, 4.011234e-03, 1.220438e-03, 3.726470e-04, 1.911482e-04
10.737866, 3.571800e-03, 1.097308e-03, 3.910527e-04, 4.804309e-04
10.753205, 3.100953e-03, 1.158273e-03, 4.852252e-04, 8.254617e-04
10.768545, 2.601437e-03, 1.358754e-03, 6.346868e-04, 1.223300e-03
10.783885, 2.083594e-03, 1.641074e-03, 8.187979e-04, 1.670020e-03
10.799225, 1.565446e-03, 1.943476e-03, 1.018144e-03, 2.161055e-03
10.814565, 1.071408e-03, 2.208807e-03, 1.215144e-03, 2.691285e-03
10.829904, 6.296151e-04, 2.391578e-03, 1.394110e-03, 3.254720e-03
10.845244, 2.681195e-04, 2.462504e-03, 1.541154e-03, 3.843737e-03
10.860584, 1.046299e-05, 2.410096e-03, 1.644373e-03, 4.447937e-03
10.875924, -1.285730e-04, 2.239432e-03, 1.694598e-03, 5.052813e-03
10.891264, -1.460978e-04, 1.968674e-03, 1.686752e-03, 5.638549e-03
10.906603, -5.225788e-05, 1.624220e-03, 1.621501e-03, 6.179328e-03
10.921943, 1.310886e-04, 1.235540e-03, 1.506684e-03, 6.643553e-03
10.937283, 3.740821e-04, 8.306191e-04, 1.357909e-03, 6.995292e-03
10.952623, 6.442549e-04, 4.327530e-04, 1.197769e-03, 7.197034e-03
10.967963, 9.123959e-04, 5.903141e-05, 1.053463e-03, 7.213598e-03
10.983302, 1.157460e-03, -2.795437e-04, 9.530347e-04, 7.016743e-03
10.998642, 1.369305e-03, -5.767169e-04, 9.208187e-04, 6.589846e-03
11.013982, 1.548610e-03, -8.290355e-04, 9.730062e-04, 5.931854e-03
11.029322, 1.704102e-03, -1.033976e-03, 1.114260e-03, 5.059812e-03
11.044662, 1.847920e-03, -1.188695e-03, 1.336160e-03, 4.009422e-03
11.060001, 1.990460e-03, -1.289708e-03, 1.617836e-03, 2.833364e-03
11.075341, 2.136130e-03, -1.333461e-03, 1.928653e-03, 1.597436e-03
11.090681, 2.281067e-03, -1.317556e-03, 2.232387e-03, 3.748468e-04
11.106021, 2.413246e-03, -1.242153e-03, 2.492092e-03, -7.607055e-04
11.121361, 2.514712e-03, -1.111105e-03, 2.674777e-03, -1.742410e-03
11.136701, 2.565112e-03, -9.324296e-04, 2.755229e-03, -2.517300e-03
11.152040, 2.545437e-03, -7.179788e-04, 2.718612e-03, -3.051902e-03
11.167380, 2.441029e-03, -4.823580e-04, 2.561800e-03, -3.335817e-03
11.182720, 2.243304e-03, -2.413690e-04, 2.293564e-03, -3.382633e-03
11.198060, 1.950138e-03, -1.035498e-05, 1.933831e-03, -3.227944e-03
11.213400, 1.565276e-03, 1.971533e-04, 1.512145e-03, -2.924590e-03
11.228739, 1.097270e-03, 3.701970e-04, 1.065337e-03, -2.535714e-03
11.244079, 5.584597e-04, 5.004446e-04, 6.343425e-04, -2.126630e-03
11.259419, -3.582656e-05, 5.816298e-04, 2.601473e-04, -1.756718e-03
11.274759, -6.679288e-04, 6.086283e-04, -2.092621e-05, -1.472639e-03
11.290099, -1.318658e-03, 5.765465e-04, -1.821272e-04, -1.303890e-03
11.305438, -1.968518e-03, 4.802013e-04, -2.106621e-04, -1.261335e-03
11.320778, -2.599444e-03, 3.142689e-04, -1.107035e-04, -1.338710e-03
11.336118, -3.196882e-03, 7.420265e-05, 9.572904e-05, -1.516514e-03
11.351458, -3.751709e-03, -2.421769e-04, 3.704366e-04, -1.767287e-03
11.366798, -4.261430e-03, -6.327189e-04, 6.632069e-04, -2.061033e-03
11.382137, -4.730171e-03, -1.089058e-03, 9.179510e-04, -2.369659e-03
11.397477, -5.167271e-03, -1.595313e-03, 1.079887e-03, -2.669653e-03
11.412817, -5.584698e-03, -2.127824e-03, 1.102648e-03, -2.942763e-03
11.428157, -5.993817e-03, -2.656242e-03, 9.542639e-04, -3.175008e-03
11.443497, -6.402313e-03, -3.146065e-03, 6.212106e-04, -3.354782e-03
11.458836, -6.811989e-03, -3.562444e-03, 1.100955e-04, -3.471002e-03
11.474176, -7.217909e-03, -3.874773e-03, -5.531064e-04, -3.512223e-03
11.489516, -7.609000e-03, -4.061346e-03, -1.326024e-03, -3.467255e-03
11.504856, -7.969829e-03, -4.113217e-03, -2.154625e-03, -3.327306e-03
11.520196, -8.282959e-03, -4.036418e-03, -2.979192e-03, -3.089176e-03
11.535536, -8.531202e-03, -3.851851e-03, -3.740934e-03, -2.758583e-03
11.550875, -8.699226e-03, -3.592607e-03, -4.388624e-03, -2.352572e-03
11.566215, -8.774223e-03, -3.298930e-03, -4.884539e-03, -1.900038e-03
11.581555, -8.745695e-03, -3.011607e-03, -5.209012e-03, -1.439860e-03
11.596895, -8.604696e-03, -2.764959e-03, -5.362863e-03, -1.016657e-03
11.612235, -8.343051e-03, -2.580871e-03, -5.367145e-03, -6.748042e-04
11.627574, -7.953044e-03, -2.465152e-03, -5.259906e-03, -4.517837e-04
11.642914, -7.427893e-03, -2.407098e-03, -5.090170e-03, -3.721772e-04
11.658254, -6.763064e-03, -2.382501e-03, -4.909860e-03, -4.434964e-04
11.673594, -5.958231e-03, -2.359556e-03, -4.764914e-03, -6.546612e-04
11.688934, -5.019449e-03, -2.306440e-03, -4.687185e-03, -9.773864e-04
11.704273, -3.961019e-03, -2.198888e-03, -4.688792e-03, -1.370148e-03
11.719613, -2.806589e-03, -2.026050e-03, -4.760164e-03, -1.783911e-03
11.734953, -1.589132e-03, -1.793235e-03, -4.872365e-03, -2.168528e-03
11.750293, -3.496681e-04, -1.520855e-03, -4.983344e-03, -2.478754e-03
11.765633, 8.652390e-04, -1.239725e-03, -5.046831e-03, -2.679027e-03
11.780972, 2.006964e-03, -9.838100e-04, -5.021961e-03, -2.746524e-03
11.796312, 3.028904e-03, -7.820949e-04, -4.881451e-03, -2.672400e-03
11.811652, 3.890703e-03, -6.515285e-04, -4.616550e-03, -2.461396e-03
11.826992, 4.562108e-03, -5.927860e-04, -4.237729e-03, -2.130205e-03
11.842332, 5.025890e-03, -5.899446e-04, -3.771176e-03, -1.704966e-03
11.857671, 5.279391e-03, -6.142474e-04, -3.252174e-03, -1.218260e-03
11.873011, 5.334365e-03, -6.311354e-04, -2.717237e-03, -7.058740e-04
11.888351, 5.215020e-03, -6.089287e-04, -2.197026e-03, -2.035508e-04
11.903691, 4.954433e-03, -5.271152e-04, -1.711755e-03, 2.560895e-04
11.919031, 4.589884e-03, -3.822538e-04, -1.269993e-03, 6.462405e-04
11.934371, 4.157857e-03, -1.900349e-04, -8.707425e-04, 9.480095e-04
11.949710, 3.689608e-03, 1.707073e-05, -5.077627e-04, 1.151764e-03
11.965050, 3.208118e-03, 1.961272e-04, -1.745281e-04, 1.257640e-03
11.980390, 2.726981e-03, 3.026710e-04, 1.318103e-04, 1.275217e-03
11.995730, 2.251383e-03, 3.003359e-04, 4.086460e-04, 1.222453e-03
12.011070, 1.780798e-03, 1.690880e-04, 6.487242e-04, 1.124010e-03
12.026409, 1.312684e-03, -8.966903e-05, 8.430659e-04, 1.009078e-03
12.041749, 8.462127e-04, -4.521417e-04, 9.848708e-04, 9.087509e-04
12.057089, 3.851173e-04, -8.754681e-04, 1.073011e-03, 8.529677e-04
12.072429, -6.100546e-05, -1.304539e-03, 1.113937e-03, 8.670993e-04
12.087769, -4.771758e-04, -1.680862e-03, 1.121385e-03, 9.683854e-04
12.103108, -8.450437e-04, -1.951670e-03, 1.113986e-03, 1.162618e-03
12.118448, -1.145839e-03, -2.077580e-03, 1.111564e-03, 1.441682e-03
12.133788, -1.363473e-03, -2.037508e-03, 1.131248e-03, 1.782635e-03
12.149128, -1.487044e-03, -1.830216e-03, 1.184510e-03, 2.148908e-03
12.164468, -1.512197e-03, -1.472583e-03, 1.275856e-03, 2.493871e-03
12.179807, -1.441176e-03, -9.952861e-04, 1.403357e-03, 2.766547e-03
12.195147, -1.281734e-03, -4.370158e-04, 1.560622e-03, 2.918718e-03
12.210487, -1.045296e-03, 1.615986e-04, 1.739389e-03, 2.912261e-03
12.225827, -7.449278e-04, 7.632808e-04, 1.931862e-03, 2.725380e-03
12.241167, -3.936445e-04, 1.337888e-03, 2.132079e-03, 2.356564e-03
12.256506, -3.401973e-06, 1.864358e-03, 2.336016e-03, 1.825528e-03
12.271846, 4.150785e-04, 2.330900e-03, 2.540600e-03, 1.171001e-03
12.287186, 8.517496e-04, 2.733772e-03, 2.742163e-03, 4.458466e-04
12.302526, 1.296218e-03, 3.075164e-03, 2.935042e-03, -2.895199e-04
12.317866, 1.736683e-03, 3.360706e-03, 3.110934e-03, -9.742678e-04
12.333206, 2.159278e-03, 3.597103e-03, 3.259305e-03, -1.553743e-03
12.348545, 2.548170e-03, 3.790222e-03, 3.368789e-03, -1.984710e-03
12.363885, 2.886611e-03, 3.943866e-03, 3.429174e-03, -2.238819e-03
12.379225, 3.158881e-03, 4.059299e-03, 3.433359e-03, -2.304238e-03
12.394565, 3.352845e-03, 4.135488e-03, 3.378704e-03, -2.185637e-03
12.409905, 3.462541e-03, 4.169886e-03, 3.267408e-03, -1.902796e-03
12.425244, 3.490141e-03, 4.159494e-03, 3.105875e-03, -1.488123e-03
12.440584, 3.446660e-03, 4.101927e-03, 2.903319e-03, -9.832870e-04
12.455924, 3.350984e-03, 3.996171e-03, 2.670089e-03, -4.352118e-04
12.471264, 3.227146e-03, 3.842841e-03, 2.416209e-03, 1.083595e-04
12.486604, 3.100226e-03, 3.643874e-03, 2.150474e-03, 6.033398e-04
12.501943, 2.991656e-03, 3.401794e-03, 1.880198e-03, 1.013352e-03
12.517283, 2.914925e-03, 3.118814e-03, 1.611424e-03, 1.312841e-03
12.532623, 2.872703e-03, 2.796147e-03, 1.349286e-03, 1.488784e-03
12.547963, 2.856120e-03, 2.433866e-03, 1.098163e-03, 1.540739e-03
12.563303, 2.846519e-03, 2.031522e-03, 8.614441e-04, 1.479225e-03
12.578642, 2.819378e-03, 1.589481e-03, 6.409631e-04, 1.322770e-03
12.593982, 2.749590e-03, 1.110692e-03, 4.364058e-04, 1.094211e-03
12.609322, 2.616956e-03, 6.024179e-04, 2.450873e-04, 8.169398e-04
12.624662, 2.410646e-03, 7.736587e-05, 6.244403e-05, 5.117877e-04
12.640002, 2.131583e-03, -4.462349e-04, -1.166317e-04, 1.950618e-04
12.655342, 1.792204e-03, -9.458210e-04, -2.958193e-04, -1.220344e-04
12.670681, 1.413637e-03, -1.396821e-03, -4.752633e-04, -4.326753e-04
12.686021, 1.020982e-03, -1.775671e-03, -6.499820e-04, -7.327297e-04
12.701361, 6.378025e-04, -2.062863e-03, -8.093869e-04, -1.018639e-03
12.716701, 2.811892e-04, -2.245328e-03, -9.382619e-04, -1.285432e-03
12.732041, -4.137623e-05, -2.317630e-03, -1.019169e-03, -1.525389e-03
12.747380, -3.325645e-04, -2.281787e-03, -1.035834e-03, -1.727657e-03
12.762720, -6.029944e-04, -2.145921e-03, -9.767743e-04, -1.878926e-03
12.778060, -8.668291e-04, -1.922254e-03, -8.383375e-04, -1.965011e-03
12.793400, -1.136318e-03, -1.625139e-03, -6.264260e-04, -1.973022e-03
12.808740, -1.416772e-03, -1.269740e-03, -3.564837e-04, -1.893688e-03
12.824079, -1.703392e-03, -8.716983e-04, -5.170692e-05, -1.723367e-03
12.839419, -1.980934e-03, -4.477345e-04, 2.601465e-04, -1.465408e-03
12.854759, -2.226457e-03, -1.673642e-05, 5.506827e-04, -1.130599e-03
12.870099, -2.414597e-03, 3.993210e-04, 7.947334e-04, -7.366471e-04
12.885439, -2.524055e-03, 7.753051e-04, 9.733797e-04, -3.067585e-04
12.900778, -2.543604e-03, 1.084133e-03, 1.075570e-03, 1.324573e-04
12.916118, -2.476005e-03, 1.299268e-03, 1.098098e-03, 5.534985e-04
12.931458, -2.338691e-03, 1.398053e-03, 1.044106e-03, 9.305858e-04
12.946798, -2.160960e-03, 1.365120e-03, 9.205840e-04, 1.242089e-03
12.962138, -1.978294e-03, 1.194995e-03, 7.356071e-04, 1.472510e-03
12.977477, -1.825229e-03, 8.932062e-04, 4.960897e-04, 1.613845e-03
12.992817, -1.728548e-03, 4.756155e-04, 2.066906e-04, 1.666218e-03
13.008157, -1.702447e-03, -3.381524e-05, -1.298420e-04, 1.637770e-03
13.023497, -1.746753e-03, -6.061719e-04, -5.110243e-04, 1.543839e-03
13.038837, -1.848412e-03, -1.210806e-03, -9.322409e-04, 1.405562e-03
13.054177, -1.985607e-03, -1.817848e-03, -1.384429e-03, 1.247998e-03
13.069516, -2.133187e-03, -2.399568e-03, -1.852717e-03, 1.097915e-03
13.084856, -2.267876e-03, -2.930609e-03, -2.316658e-03, 9.813090e-04
13.100196, -2.371978e-03, -3.387564e-03, -2.752224e-03, 9.207852e-04
13.115536, -2.434843e-03, -3.748586e-03, -3.135227e-03, 9.329120e-04
13.130876, -2.452141e-03, -3.993715e-03, -3.445344e-03, 1.025785e-03
13.146215, -2.423637e-03, -4.106303e-03, -3.669673e-03, 1.197140e-03
13.161555, -2.350594e-03, -4.075433e-03, -3.804826e-03, 1.433448e-03
13.176895, -2.233881e-03, -3.898795e-03, -3.856925e-03, 1.710417e-03
13.192235, -2.073542e-03, -3.585132e-03, -3.839449e-03, 1.995183e-03
13.207575, -1.869988e-03, -3.155366e-03, -3.769481e-03, 2.250169e-03
13.222914, -1.626337e-03, -2.641726e-03, -3.663367e-03, 2.438199e-03
13.238254, -1.350953e-03, -2.084688e-03, -3.532967e-03, 2.528083e-03
13.253594, -1.059082e-03, -1.528069e-03, -3.383513e-03, 2.499599e-03
13.268934, -7.726847e-04, -1.013102e-03, -3.213579e-03, 2.346871e-03
13.284274, -5.180444e-04, -5.725887e-04, -3.017076e-03, 2.079348e-03
13.299613, -3.213763e-04, -2.262223e-04, -2.786561e-03, 1.720160e-03
13.314953, -2.033114e-04, 2.204930e-05, -2.516812e-03, 1.302182e-03
13.330293, -1.735512e-04, 1.841789e-04, -2.207519e-03, 8.626873e-04
13.345633, -2.270779e-04, 2.857283e-04, -1.864274e-03, 4.377405e-04
13.360973, -3.430432e-04, 3.615895e-04, -1.497592e-03, 5.744466e-05
13.376312, -4.869018e-04, 4.504626e-04, -1.120246e-03, -2.571595e-04
13.391652, -6.156152e-04, 5.889549e-04, -7.437681e-04, -4.952338e-04
13.406992, -6.850151e-04, 8.061361e-04, -3.751754e-04, -6.555277e-04
13.422332, -6.578862e-04, 1.119224e-03, -1.491179e-05, -7.445564e-04
13.437672, -5.111234e-04, 1.530865e-03, 3.433726e-04, -7.742380e-04
13.453012, -2.404661e-04, 2.028236e-03, 7.111242e-04, -7.595421e-04
13.468351, 1.382072e-04, 2.584011e-03, 1.101705e-03, -7.164726e-04
13.483691, 5.913243e-04, 3.159017e-03, 1.526561e-03, -6.604423e-04
13.499031, 1.073327e-03, 3.706266e-03, 1.991707e-03, -6.049561e-04
13.514371, 1.534522e-03, 4.175905e-03, 2.495366e-03, -5.605261e-04
13.529711, 1.929550e-03, 4.520529e-03, 3.027241e-03, -5.338658e-04
13.545050, 2.224841e-03, 4.700245e-03, 3.569507e-03, -5.275408e-04
13.560390, 2.403681e-03, 4.686897e-03, 4.099206e-03, -5.403020e-04
13.575730, 2.468030e-03, 4.466946e-03, 4.591430e-03, -5.682397e-04
13.591070, 2.436884e-03, 4.042709e-03, 5.022630e-03, -6.066479e-04
13.606410, 2.341666e-03, 3.431855e-03, 5.373426e-03, -6.521970e-04
13.621749, 2.219637e-03, 2.665338e-03, 5.630528e-03, -7.047959e-04
13.637089, 2.106706e-03, 1.784140e-03, 5.787550e-03, -7.685063e-04
13.652429, 2.030996e-03, 8.353360e-04, 5.844777e-03, -8.510723e-04
13.667769, 2.008320e-03, -1.319896e-04, 5.808053e-03, -9.620162e-04
13.683109, 2.040246e-03, -1.070498e-03, 5.687059e-03, -1.109712e-03
13.698448, 2.114919e-03, -1.937699e-03, 5.493244e-03, -1.298208e-03
13.713788, 2.210190e-03, -2.698226e-03, 5.237682e-03, -1.524694e-03
13.729128, 2.298272e-03, -3.325271e-03, 4.929128e-03, -1.778358e-03
13.744468, 2.350854e-03, -3.801252e-03, 4.572538e-03, -2.041012e-03
13.759808, 2.343735e-03, -4.117805e-03, 4.168325e-03, -2.289364e-03
13.775147, 2.260178e-03, -4.275219e-03, 3.712618e-03, -2.498407e-03
13.790487, 2.092627e-03, -4.281387e-03, 3.198702e-03, -2.645122e-03
13.805827, 1.842792e-03, -4.150361e-03, 2.619608e-03, -2.711722e-03
13.821167, 1.520441e-03, -3.900567e-03, 1.971577e-03, -2.687886e-03
13.836507, 1.141403e-03, -3.552864e-03, 1.257831e-03, -2.571729e-03
13.851847, 7.253015e-04, -3.128600e-03, 4.918037e-04, -2.369631e-03
13.867186, 2.934520e-04, -2.647888e-03, -3.010789e-04, -2.095193e-03
13.882526, -1.328823e-04, -2.128310e-03, -1.083902e-03, -1.767674e-03
13.897866, -5.338391e-04, -1.584210e-03, -1.811459e-03, -1.410131e-03
13.913206, -8.920064e-04, -1.026636e-03, -2.436006e-03, -1.047354e-03
13.928546, -1.193280e-03, -4.639234e-04, -2.914791e-03, -7.036055e-04
13.943885, -1.427592e-03, 9.720710e-05, -3.217980e-03, -4.001596e-04
13.959225, -1.589473e-03, 6.502134e-04, -3.335285e-03, -1.527724e-04
13.974565, -1.678305e-03, 1.187215e-03, -3.279695e-03, 3.058172e-05
13.989905, -1.698082e-03, 1.697687e-03, -3.087179e-03, 1.512396e-04
14.005245, -1.656596e-03, 2.167668e-03, -2.812007e-03, 2.201526e-04
14.020584, -1.564045e-03, 2.579780e-03, -2.518349e-03, 2.566264e-04
14.035924, -1.431274e-03, 2.914260e-03, -2.269633e-03, 2.854640e-04
14.051264, -1.267981e-03, 3.151073e-03, -2.117758e-03, 3.328731e-04
14.066604, -1.081331e-03, 3.272935e-03, -2.094312e-03, 4.218450e-04
14.081944, -8.753677e-04, 3.268813e-03, -2.205551e-03, 5.679027e-04
14.097283, -6.514573e-04, 3.137256e-03, -2.432109e-03, 7.760788e-04
14.112623, -4.097586e-04, 2.888764e-03, -2.733384e-03, 1.039750e-03
14.127963, -1.514357e-04, 2.546451e-03, -3.055567e-03, 1.341559e-03
14.143303, 1.189141e-04, 2.144499e-03, -3.341632e-03, 1.656201e-03
14.158643, 3.912809e-04, 1.724353e-03, -3.541293e-03, 1.954478e-03
14.173982, 6.493351e-04, 1.329088e-03, -3.619147e-03, 2.207826e-03
14.189322, 8.710363e-04, 9.968870e-04, -3.559691e-03, 2.392444e-03
14.204662, 1.030901e-03, 7.548945e-04, -3.368681e-03, 2.492350e-03
14.220002, 1.103694e-03, 6.147442e-04, -3.071014e-03, 2.500904e-03
14.235342, 1.068955e-03, 5.707932e-04, -2.705869e-03, 2.420723e-03
14.250682, 9.155207e-04, 6.015557e-04, -2.320228e-03, 2.262175e-03
14.266021, 6.451540e-04, 6.741413e-04, -1.961925e-03, 2.040897e-03
14.281361, 2.744593e-04, 7.508227e-04, -1.673287e-03, 1.774921e-03
14.296701, -1.654426e-04, 7.963661e-04, -1.486092e-03, 1.481977e-03
14.312041, -6.316198e-04, 7.845902e-04, -1.418314e-03, 1.177454e-03
14.327381, -1.074109e-03, 7.028125e-04, -1.472806e-03, 8.732840e-04
14.342720, -1.442106e-03, 5.533415e-04, -1.637843e-03, 5.777932e-04
14.358060, -1.690620e-03, 3.518615e-04, -1.889278e-03, 2.963168e-04
14.373400, -1.786568e-03, 1.232534e-04, -2.193950e-03, 3.223743e-05
14.388740, -1.713339e-03, -1.040796e-04, -2.513897e-03, -2.119728e-04
14.404080, -1.473134e-03, -3.040833e-04, -2.810856e-03, -4.340403e-04
14.419419, -1.086721e-03, -4.579074e-04, -3.050514e-03, -6.316958e-04
14.434759, -5.906424e-04, -5.568844e-04, -3.206005e-03, -8.029907e-04
14.450099, -3.231414e-05, -6.032823e-04, -3.260249e-03, -9.469328e-04
14.465439, 5.362401e-04, -6.090049e-04, -3.206855e-03, -1.064143e-03
14.480779, 1.065037e-03, -5.927941e-04, -3.049561e-03, -1.157236e-03
14.496118, 1.512156e-03, -5.766864e-04, -2.800399e-03, -1.230723e-03
14.511458, 1.848195e-03, -5.824606e-04, -2.476950e-03, -1.290385e-03
14.526798, 2.058485e-03, -6.286448e-04, -2.099197e-03, -1.342223e-03
14.542138, 2.142789e-03, -7.283841e-04, -1.686508e-03, -1.391221e-03
14.557478, 2.112689e-03, -8.882238e-04, -1.255215e-03, -1.440210e-03
14.572817, 1.987303e-03, -1.107686e-03, -8.170979e-04, -1.489080e-03
14.588157, 1.788320e-03, -1.379443e-03, -3.789069e-04, -1.534528e-03
14.603497, 1.535511e-03, -1.689901e-03, 5.714537e-05, -1.570362e-03
14.618837, 1.243692e-03, -2.020103e-03, 4.921366e-04, -1.588332e-03
14.634177, 9.217709e-04, -2.346929e-03, 9.287585e-04, -1.579307e-03
14.649517, 5.739337e-04, -2.644665e-03, 1.369563e-03, -1.534602e-03
14.664856, 2.024383e-04, -2.886961e-03, 1.815439e-03, -1.447266e-03
14.680196, -1.889493e-04, -3.049145e-03, 2.264566e-03, -1.313151e-03
14.695536, -5.920504e-04, -3.110739e-03, 2.711964e-03, -1.131643e-03
14.710876, -9.929011e-04, -3.057876e-03, 3.149664e-03, -9.059888e-04
14.726216, -1.372449e-03, -2.885259e-03, 3.567411e-03, -6.432190e-04
14.741555, -1.709239e-03, -2.597298e-03, 3.953741e-03, -3.536923e-04
14.756895, -1.983406e-03, -2.208158e-03, 4.297244e-03, -5.034000e-05
14.772235, -2.180848e-03, -1.740649e-03, 4.587810e-03, 2.522859e-04
14.787575, -2.296409e-03, -1.224075e-03, 4.817656e-03, 5.390446e-04
14.802915, -2.335159e-03, -6.913822e-04, 4.981987e-03, 7.952160e-04
14.818254, -2.311411e-03, -1.760300e-04, 5.079206e-03, 1.007412e-03
14.833594, -2.245717e-03, 2.909642e-04, 5.110656e-03, 1.164358e-03
14.848934, -2.160681e-03, 6.834826e-04, 5.079955e-03, 1.257554e-03
14.864274, -2.076639e-03, 9.820849e-04, 4.992108e-03, 1.281885e-03
14.879614, -2.008286e-03, 1.175113e-03, 4.852619e-03, 1.236228e-03
14.894953, -1.962897e-03, 1.259241e-03, 4.666853e-03, 1.124058e-03
14.910293, -1.940360e-03, 1.239615e-03, 4.439821e-03, 9.539992e-04
14.925633, -1.934672e-03, 1.129631e-03, 4.176468e-03, 7.401563e-04
14.940973, -1.936228e-03, 9.503061e-04, 3.882352e-03, 5.020073e-04
14.956313, -1.934094e-03, 7.290588e-04, 3.564423e-03, 2.636090e-04
14.971652, -1.917664e-03, 4.976991e-04, 3.231554e-03, 5.195923e-05
14.986992, -1.877399e-03, 2.895380e-04, 2.894489e-03, -1.054947e-04
15.002332, -1.804765e-03, 1.357412e-04, 2.565001e-03, -1.840075e-04
15.017672, -1.691763e-03, 6.133541e-05, 2.254353e-03, -1.649466e-04
15.033012, -1.530578e-03, 8.151208e-05, 1.971390e-03, -3.890389e-05
15.048352, -1.313794e-03, 1.989779e-04, 1.720811e-03, 1.920862e-04
15.063691, -1.035312e-03, 4.030178e-04, 1.502189e-03, 5.137229e-04
15.079031, -6.918506e-04, 6.706445e-04, 1.310162e-03, 9.002995e-04
15.094371, -2.846032e-04, 9.697885e-04, 1.135880e-03, 1.317251e-03
15.109711, 1.794660e-04, 1.264041e-03, 9.694247e-04, 1.725079e-03
15.125051, 6.871669e-04, 1.518117e-03, 8.025436e-04, 2.084087e-03
15.140390, 1.219711e-03, 1.703043e-03, 6.309015e-04, 2.359225e-03
15.155730, 1.754364e-03, 1.800128e-03, 4.551363e-04, 2.524320e-03
15.171070, 2.266807e-03, 1.803061e-03, 2.803035e-04, 2.565095e-03
15.186410, 2.733705e-03, 1.717884e-03, 1.137692e-04, 2.480580e-03
15.201750, 3.134958e-03, 1.560967e-03, -3.790700e-05, 2.282774e-03
15.217089, 3.455261e-03, 1.355538e-03, -1.722243e-04, 1.994693e-03
15.232429, 3.684782e-03, 1.127479e-03, -2.931664e-04, 1.647111e-03
15.247769, 3.819054e-03, 9.011927e-04, -4.120228e-04, 1.274470e-03
15.263109, 3.858310e-03, 6.962271e-04, -5.462299e-04, 9.105043e-04
15.278449, 3.806581e-03, 5.251460e-04, -7.163838e-04, 5.841444e-04
15.293788, 3.670858e-03, 3.928540e-04, -9.420563e-04, 3.162056e-04
15.309128, 3.460457e-03, 2.973265e-04, -1.237348e-03, 1.172914e-04
15.324468, 3.186637e-03, 2.314490e-04, -1.607171e-03, -1.281039e-05
15.339808, 2.862334e-03, 1.855233e-04, -2.045093e-03, -8.415221e-05
15.355148, 2.501904e-03, 1.499274e-04, -2.533198e-03, -1.142156e-04
15.370487, 2.120719e-03, 1.174285e-04, -3.043997e-03, -1.244337e-04
15.385827, 1.734552e-03, 8.475388e-05, -3.544006e-03, -1.362120e-04
15.401167, 1.358771e-03, 5.318106e-05, -3.998329e-03, -1.671317e-04
15.416507, 1.007429e-03, 2.809874e-05, -4.375436e-03, -2.279992e-04
15.431847, 6.923394e-04, 1.766418e-05, -4.651368e-03, -3.212563e-04
15.447187, 4.222207e-04, 3.083581e-05, -4.812692e-03, -4.409986e-04
15.462526, 2.020077e-04, 7.515457e-05, -4.857824e-03, -5.745354e-04
15.477866, 3.236732e-05, 1.546714e-04, -4.796532e-03, -7.051121e-04
15.493206, -9.050563e-05, 2.683786e-04, -4.647773e-03, -8.151997e-04
15.508546, -1.747187e-04, 4.094224e-04, -4.436217e-03, -8.896910e-04
15.523886, -2.320216e-04, 5.652555e-04, -4.188084e-03, -9.184265e-04
15.539225, -2.765720e-04, 7.187479e-04, -3.926990e-03, -8.976729e-04
15.554565, -3.231334e-04, 8.501326e-04, -3.670539e-03, -8.304390e-04
15.569905, -3.848470e-04, 9.395354e-04, -3.428246e-03, -7.257709e-04
15.585245, -4.708899e-04, 9.697325e-04, -3.201147e-03, -5.973435e-04
15.600585, -5.844773e-04, 9.287098e-04, -2.983079e-03, -4.617252e-04
15.615924, -7.217093e-04, 8.116013e-04, -2.763269e-03, -3.366488e-04
15.631264, -8.716665e-04, 6.216706e-04, -2.529621e-03, -2.395073e-04
15.646604, -1.017937e-03, 3.701561e-04, -2.271928e-03, -1.861357e-04
15.661944, -1.141447e-03, 7.500944e-05, -1.984326e-03, -1.898096e-04
15.677284, -1.224130e-03, -2.412166e-04, -1.666514e-03, -2.603362e-04
15.692623, -1.252702e-03, -5.539096e-04, -1.323626e-03, -4.031408e-04
15.707963, -1.221723e-03, -8.388879e-04, -9.649610e-04, -6.183476e-04
15.723303, -1.135233e-03, -1.074437e-03, -6.020452e-04, -8.999826e-04
15.738643, -1.006524e-03, -1.242668e-03, -2.466032e-04, -1.235552e-03
15.753983, -8.560391e-04, -1.330223e-03, 9.103594e-05, -1.606292e-03
15.769322, -7.077950e-04, -1.328559e-03, 4.027936e-04, -1.988308e-03
15.784662, -5.851322e-04, -1.234141e-03, 6.829095e-04, -2.354663e-03
15.800002, -5.066948e-04, -1.048837e-03, 9.274221e-04, -2.678212e-03
15.815342, -4.835234e-04, -7.805676e-04, 1.133416e-03, -2.934746e-03
15.830682, -5.178547e-04, -4.440404e-04, 1.298431e-03, -3.105863e-03
15.846022, -6.037975e-04, -6.113049e-05, 1.420314e-03, -3.180932e-03
15.861361, -7.295789e-04, 3.396148e-04, 1.497617e-03, -3.157749e-03
15.876701, -8.806917e-04, 7.247450e-04, 1.530422e-03, -3.041740e-03
15.892041, -1.043089e-03, 1.059036e-03, 1.521313e-03, -2.843953e-03
15.907381, -1.205617e-03, 1.309636e-03, 1.476138e-03, -2.578407e-03
15.922721, -1.361153e-03, 1.450496e-03, 1.404199e-03, -2.259524e-03
15.938060, -1.506308e-03, 1.466115e-03, 1.317684e-03, -1.900319e-03
15.953400, -1.640010e-03, 1.353679e-03, 1.230314e-03, -1.511778e-03
15.968740, -1.761545e-03, 1.123023e-03, 1.155412e-03, -1.103462e-03
15.984080, -1.868769e-03, 7.943614e-04, 1.103758e-03, -6.849782e-04
15.999420, -1.957087e-03, 3.943247e-04, 1.081689e-03, -2.676630e-04
16.014759, -2.019521e-03, -4.873024e-05, 1.089907e-03, 1.342634e-04
16.030099, -2.047813e-03, -5.089736e-04, 1.123330e-03, 5.036656e-04
16.045439, -2.034212e-03, -9.659317e-04, 1.172108e-03, 8.218337e-04
16.060779, -1.973407e-03, -1.405334e-03, 1.223698e-03, 1.071023e-03
16.076119, -1.864075e-03, -1.817998e-03, 1.265639e-03, 1.237634e-03
16.091458, -1.709634e-03, -2.197326e-03, 1.288443e-03, 1.315218e-03
16.106798, -1.518060e-03, -2.536331e-03, 1.287960e-03, 1.306523e-03
16.122138, -1.300860e-03, -2.825221e-03, 1.266634e-03, 1.223961e-03
16.137478, -1.071470e-03, -3.050316e-03, 1.233246e-03, 1.088296e-03
16.152818, -8.434129e-04, -3.194678e-03, 1.201065e-03, 9.257390e-04
16.168158, -6.285522e-04, -3.240339e-03, 1.184730e-03, 7.640255e-04
16.183497, -4.356932e-04, -3.171593e-03, 1.196503e-03, 6.282815e-04
16.198837, -2.696710e-04, -2.978549e-03, 1.242771e-03, 5.374846e-04
16.214177, -1.310037e-04, -2.660126e-03, 1.321674e-03, 5.021813e-04
16.229517, -1.613475e-05, -2.225842e-03, 1.422558e-03, 5.238247e-04
16.244857, 8.175487e-05, -1.696030e-03, 1.527547e-03, 5.957360e-04
16.260196, 1.714478e-04, -1.100445e-03, 1.615016e-03, 7.053570e-04
16.275536, 2.620597e-04, -4.755301e-04, 1.664264e-03, 8.372254e-04
16.290876, 3.613200e-04, 1.392191e-04, 1.660347e-03, 9.760099e-04
16.306216, 4.740854e-04, 7.052384e-04, 1.597935e-03, 1.108983e-03
16.321556, 6.014246e-04, 1.188703e-03, 1.483214e-03, 1.227483e-03
16.336895, 7.405196e-04, 1.563677e-03, 1.333318e-03, 1.327194e-03
16.352235, 8.854590e-04, 1.814245e-03, 1.173348e-03, 1.407333e-03
16.367575, 1.028781e-03, 1.935376e-03, 1.031585e-03, 1.469118e-03
16.382915, 1.163423e-03, 1.932468e-03, 9.339613e-04, 1.514012e-03
16.398255, 1.284590e-03, 1.819665e-03, 8.989995e-04, 1.542277e-03
16.413594, 1.391084e-03, 1.617262e-03, 9.342785e-04, 1.552282e-03
16.428934, 1.485767e-03, 1.348637e-03, 1.035097e-03, 1.540738e-03
16.444274, 1.575054e-03, 1.037282e-03, 1.185447e-03, 1.503798e-03
16.459614, 1.667580e-03, 7.044249e-04, 1.360887e-03, 1.438658e-03
16.474954, 1.772354e-03, 3.676280e-04, 1.532539e-03, 1.345149e-03
16.490293, 1.896814e-03, 4.045937e-05, 1.671279e-03, 1.226768e-03
16.505633, 2.045134e-03, -2.669077e-04, 1.751326e-03, 1.090743e-03
16.520973, 2.217035e-03, -5.465725e-04, 1.752772e-03, 9.470307e-04
16.536313, 2.407224e-03, -7.917543e-04, 1.662900e-03, 8.064230e-04
16.551653, 2.605493e-03, -9.960557e-04, 1.476510e-03, 6.782649e-04
16.566993, 2.797415e-03, -1.153404e-03, 1.195564e-03, 5.684120e-04
16.582332, 2.965602e-03, -1.258667e-03, 8.284970e-04, 4.780143e-04
16.597672, 3.091434e-03, -1.308703e-03, 3.893576e-04, 4.034819e-04
16.613012, 3.157140e-03, -1.303415e-03, -1.032162e-04, 3.376485e-04
16.628352, 3.148003e-03, -1.246418e-03, -6.272738e-04, 2.718012e-04
16.643692, 3.054369e-03, -1.144994e-03, -1.159158e-03, 1.980073e-04
16.659031, 2.873065e-03, -1.009249e-03, -1.675393e-03, 1.110962e-04
16.674371, 2.607881e-03, -8.506116e-04, -2.154611e-03, 9.801882e-06
16.689711, 2.268901e-03, -6.799985e-04, -2.579148e-03, -1.031470e-04
16.705051, 1.870737e-03, -5.060665e-04, -2.935925e-03, -2.218704e-04
16.720391, 1.430023e-03, -3.339379e-04, -3.216399e-03, -3.387358e-04
16.735730, 9.627544e-04, -1.646781e-04, -3.415646e-03, -4.458093e-04
16.751070, 4.821492e-04, 4.372097e-06, -3.530932e-03, -5.359228e-04
16.766410, -2.405632e-06, 1.784986e-04, -3.560354e-03, -6.031317e-04
16.781750, -4.850371e-04, 3.639917e-04, -3.502145e-03, -6.426080e-04
16.797090, -9.618296e-04, 5.663290e-04, -3.355023e-03, -6.502376e-04
16.812429, -1.428538e-03, 7.885148e-04, -3.119597e-03, -6.222952e-04
16.827769, -1.878314e-03, 1.029880e-03, -2.800412e-03, -5.555290e-04
16.843109, -2.300242e-03, 1.285551e-03, -2.407922e-03, -4.478033e-04
16.858449, -2.679246e-03, 1.546654e-03, -1.959546e-03, -2.992042e-04
16.873789, -2.997592e-03, 1.801208e-03, -1.479195e-03, -1.133041e-04
16.889128, -3.237713e-03, 2.035533e-03, -9.950742e-04, 1.018309e-04
16.904468, -3.385723e-03, 2.235949e-03, -5.360599e-04, 3.332876e-04
16.919808, -3.434776e-03, 2.390468e-03, -1.274414e-04, 5.638627e-04
16.935148, -3.387389e-03, 2.490244e-03, 2.129532e-04, 7.735579e-04
16.950488, -3.256118e-03, 2.530564e-03, 4.772740e-04, 9.418119e-04
16.965828, -3.062316e-03, 2.511251e-03, 6.681762e-04, 1.050094e-03
16.981167, -2.833164e-03, 2.436441e-03, 7.972388e-04, 1.084395e-03
16.996507, -2.597537e-03, 2.313774e-03, 8.816824e-04, 1.037180e-03
17.011847, -2.381519e-03, 2.153159e-03, 9.402027e-04, 9.084486e-04
17.027187, -2.204456e-03, 1.965280e-03, 9.889075e-04, 7.057524e-04
17.042527, -2.076292e-03, 1.760117e-03, 1.038250e-03, 4.431868e-04
17.057866, -1.996666e-03, 1.545720e-03, 1.091534e-03, 1.395375e-04
17.073206, -1.955855e-03, 1.327461e-03, 1.145157e-03, -1.840919e-04
17.088546, -1.937289e-03, 1.107895e-03, 1.190357e-03, -5.067841e-04
17.103886, -1.921048e-03, 8.872754e-04, 1.215920e-03, -8.100597e-04
17.119226, -1.887589e-03, 6.646037e-04, 1.211183e-03, -1.079564e-03
17.134565, -1.820964e-03, 4.389994e-04, 1.168692e-03, -1.305989e-03
17.149905, -1.710974e-03, 2.110749e-04, 1.086033e-03, -1.485188e-03
17.165245, -1.553960e-03, -1.601283e-05, 9.665896e-04, -1.617570e-03
17.180585, -1.352297e-03, -2.361055e-04, 8.191789e-04, -1.707002e-03
17.195925, -1.112909e-03, -4.403412e-04, 6.567479e-04, -1.759468e-03
17.211264, -8.453306e-04, -6.182004e-04, 4.944228e-04, -1.781748e-03
17.226604, -5.598313e-04, -7.591213e-04, 3.472657e-04, -1.780303e-03
17.241944, -2.660063e-04, -8.543729e-04, 2.280958e-04, -1.760475e-03
17.257284, 2.795970e-05, -8.988045e-04, 1.456902e-04, -1.725998e-03
17.272624, 3.154131e-04, -8.921004e-04, 1.035982e-04, -1.678790e-03
17.287963, 5.909723e-04, -8.392574e-04, 9.969787e-05, -1.618966e-03
17.303303, 8.502086e-04, -7.501511e-04, 1.265299e-04, -1.545025e-03
17.318643, 1.089533e-03, -6.382412e-04, 1.723439e-04, -1.454214e-03
17.333983, 1.306424e-03, -5.186258e-04, 2.227044e-04, -1.343072e-03
17.349323, 1.499937e-03, -4.057792e-04, 2.624328e-04, -1.208162e-03
17.364663, 1.671270e-03, -3.113779e-04, 2.776303e-04, -1.046943e-03
17.380002, 1.824075e-03, -2.426104e-04, 2.575152e-04, -8.586662e-04
17.395342, 1.964231e-03, -2.012880e-04, 1.958265e-04, -6.451531e-04
17.410682, 2.098939e-03, -1.839418e-04, 9.160252e-05, -4.112803e-04
17.426022, 2.235202e-03, -1.829230e-04, -5.076392e-05, -1.650332e-04
17.441362, 2.377947e-03, -1.883397e-04, -2.221869e-04, 8.293234e-05
17.456701, 2.528231e-03, -1.904905e-04, -4.101525e-04, 3.201828e-04
17.472041, 2.682013e-03, -1.823408e-04, -6.003768e-04, 5.337321e-04
17.487381, 2.829889e-03, -1.615539e-04, -7.785811e-04, 7.114257e-04
17.502721, 2.958004e-03, -1.316449e-04, -9.321140e-04, 8.432983e-04
17.518061, 3.050069e-03, -1.019846e-04, -1.051207e-03, 9.227458e-04
17.533400, 3.090142e-03, -8.660566e-05, -1.129738e-03, 9.474056e-04
17.548740, 3.065597e-03, -1.020161e-04, -1.165500e-03, 9.196851e-04
17.564080, 2.969619e-03, -1.644245e-04, -1.160047e-03, 8.468989e-04
17.579420, 2.802651e-03, -2.868970e-04, -1.118262e-03, 7.409734e-04
17.594760, 2.572424e-03, -4.769641e-04, -1.047751e-03, 6.176793e-04
17.610099, 2.292548e-03, -7.350695e-04, -9.581170e-04, 4.953538e-04
17.625439, 1.980014e-03, -1.054056e-03, -8.601187e-04, 3.931219e-04
17.640779, 1.652207e-03, -1.419663e-03, -7.646718e-04, 3.287142e-04
17.656119, 1.324180e-03, -1.811853e-03, -6.816927e-04, 3.161153e-04
17.671459, 1.006835e-03, -2.206666e-03, -6.188608e-04, 3.633930e-04
17.686798, 7.064132e-04, -2.578339e-03, -5.804983e-04, 4.711366e-04
17.702138, 4.253243e-04, -2.901450e-03, -5.668378e-04, 6.319117e-04
17.717478, 1.639514e-04, -3.152959e-03, -5.739356e-04, 8.310066e-04
17.732818, -7.719292e-05, -3.314080e-03, -5.943766e-04, 1.048495e-03
17.748158, -2.956688e-04, -3.371891e-03, -6.187131e-04, 1.262336e-03
17.763498, -4.862645e-04, -3.320603e-03, -6.373335e-04, 1.451957e-03
17.778837, -6.414050e-04, -3.162311e-03, -6.422782e-04, 1.601598e-03
17.794177, -7.527247e-04, -2.907038e-03, -6.284833e-04, 1.702668e-03
17.809517, -8.133660e-04, -2.571900e-03, -5.940630e-04, 1.754592e-03
17.824857, -8.203473e-04, -2.179363e-03, -5.395176e-04, 1.763942e-03
17.840197, -7.763186e-04, -1.754696e-03, -4.661123e-04, 1.742085e-03
17.855536, -6.901769e-04, -1.322932e-03, -3.739870e-04, 1.701946e-03
17.870876, -5.763331e-04, -9.057995e-04, -2.607084e-04, 1.654690e-03
17.886216, -4.527859e-04, -5.191466e-04, -1.208951e-04, 1.607168e-03
17.901556, -3.384627e-04, -1.712966e-04, 5.274534e-05, 1.560683e-03
17.916896, -2.504513e-04, 1.373491e-04, 2.670713e-04, 1.511297e-03
17.932235, -2.017408e-04, 4.134060e-04, 5.254194e-04, 1.451437e-03
17.947575, -1.999126e-04, 6.684603e-04, 8.246652e-04, 1.372235e-03
17.962915, -2.469186e-04, 9.162453e-04, 1.153385e-03, 1.265872e-03
17.978255, -3.397724e-04, 1.169515e-03, 1.491846e-03, 1.127283e-03
17.993595, -4.717508e-04, 1.437106e-03, 1.814103e-03, 9.548290e-04
18.008934, -6.336201e-04, 1.721634e-03, 2.091882e-03, 7.499390e-04
18.024274, -8.144892e-04, 2.018149e-03, 2.299428e-03, 5.160146e-04
18.039614, -1.002134e-03, 2.313981e-03, 2.418180e-03, 2.571181e-04
18.054954, -1.182946e-03, 2.589828e-03, 2.440160e-03, -2.305269e-05
18.070294, -1.341915e-03, 2.822021e-03, 2.369272e-03, -3.215650e-04
18.085633, -1.463137e-03, 2.985739e-03, 2.220262e-03, -6.359665e-04
18.100973, -1.531247e-03, 3.058786e-03, 2.015645e-03, -9.635117e-04
18.116313, -1.533872e-03, 3.025390e-03, 1.781427e-03, -1.300251e-03
18.131653, -1.464748e-03, 2.879394e-03, 1.542644e-03, -1.640345e-03
18.146993, -1.326774e-03, 2.626210e-03, 1.319665e-03, -1.975848e-03
18.162333, -1.134024e-03, 2.283059e-03, 1.125935e-03, -2.296991e-03
18.177672, -9.118409e-04, 1.877269e-03, 9.673548e-04, -2.592843e-03
18.193012, -6.944664e-04, 1.442826e-03, 8.430828e-04, -2.852123e-03
18.208352, -5.202930e-04, 1.015732e-03, 7.472414e-04, -3.063950e-03
18.223692, -4.254904e-04, 6.290514e-04, 6.709352e-04, -3.218455e-03
18.239032, -4.373048e-04, 3.086243e-04, 6.040740e-04, -3.307271e-03
18.254371, -5.685438e-04, 7.033245e-05, 5.367106e-04, -3.324014e-03
18.269711, -8.145882e-04, -8.058222e-05, 4.598623e-04, -3.264886e-03
18.285051, -1.153718e-03, -1.481209e-04, 3.659688e-04, -3.129391e-03
18.300391, -1.550745e-03, -1.425415e-04, 2.492177e-04, -2.921051e-03
18.315731, -1.963131e-03, -7.664252e-05, 1.059168e-04, -2.647879e-03
18.331070, -2.348195e-03, 3.767827e-05, -6.502158e-05, -2.322341e-03
18.346410, -2.669764e-03, 1.917172e-04, -2.615672e-04, -1.960612e-03
18.361750, -2.902873e-03, 3.805979e-04, -4.782247e-04, -1.581106e-03
18.377090, -3.035640e-03, 6.022126e-04, -7.060884e-04, -1.202507e-03
18.392430, -3.068223e-03, 8.548989e-04, -9.334736e-04, -8.416400e-04
18.407769, -3.009500e-03, 1.134596e-03, -1.147180e-03, -5.116625e-04
18.423109, -2.872596e-03, 1.432332e-03, -1.334284e-03, -2.209374e-04
18.438449, -2.670562e-03, 1.732778e-03, -1.484213e-03, 2.718784e-05
18.453789, -2.413317e-03, 2.014295e-03, -1.590707e-03, 2.337294e-04
18.469129, -2.106526e-03, 2.250538e-03, -1.653275e-03, 4.027878e-04
18.484468, -1.752462e-03, 2.413332e-03, -1.677760e-03, 5.400183e-04
18.499808, -1.352399e-03, 2.476275e-03, -1.675787e-03, 6.512549e-04
18.515148, -9.096895e-04, 2.418397e-03, -1.663024e-03, 7.415936e-04
18.530488, -4.325827e-04, 2.227243e-03, -1.656460e-03, 8.150721e-04
18.545828, 6.404781e-05, 1.900903e-03, -1.671102e-03, 8.748870e-04
18.561168, 5.585729e-04, 1.448697e-03, -1.716665e-03, 9.239452e-04
18.576507, 1.024168e-03, 8.904878e-04, -1.794905e-03, 9.654720e-04
18.591847, 1.431785e-03, 2.547995e-04, -1.898172e-03, 1.003404e-03
18.607187, 1.753964e-03, -4.239096e-04, -2.009585e-03, 1.042389e-03
18.622527, 1.968778e-03, -1.108387e-03, -2.104917e-03, 1.087344e-03
18.637867, 2.063203e-03, -1.761704e-03, -2.155965e-03, 1.142665e-03
18.653206, 2.035385e-03, -2.349975e-03, -2.134841e-03, 1.211291e-03
18.668546, 1.895463e-03, -2.844472e-03, -2.018463e-03, 1.293858e-03
18.683886, 1.664877e-03, -3.223056e-03, -1.792430e-03, 1.388212e-03
18.699226, 1.374308e-03, -3.471023e-03, -1.453596e-03, 1.489439e-03
18.714566, 1.060562e-03, -3.581533e-03, -1.010962e-03, 1.590453e-03
18.729905, 7.628091e-04, -3.555794e-03, -4.847841e-04, 1.683071e-03
18.745245, 5.186127e-04, -3.403099e-03, 9.583047e-05, 1.759366e-03
18.760585, 3.601616e-04, -3.140666e-03, 6.963335e-04, 1.813001e-03
18.775925, 3.110753e-04, -2.793082e-03, 1.280530e-03, 1.840273e-03
18.791265, 3.840731e-04, -2.391104e-03, 1.814180e-03, 1.840628e-03
18.806604, 5.797232e-04, -1.969594e-03, 2.267967e-03, 1.816566e-03
18.821944, 8.864053e-04, -1.564530e-03, 2.619618e-03, 1.772972e-03
18.837284, 1.281520e-03, -1.209281e-03, 2.855111e-03, 1.716056e-03
18.852624, 1.733847e-03, -9.306276e-04, 2.969070e-03, 1.652152e-03
18.867964, 2.206824e-03, -7.451812e-04, 2.964476e-03, 1.586646e-03
18.883303, 2.662408e-03, -6.569221e-04, 2.851808e-03, 1.523212e-03
18.898643, 3.065049e-03, -6.564360e-04, 2.647707e-03, 1.463453e-03
18.913983, 3.385292e-03, -7.221396e-04, 2.373231e-03, 1.406925e-03
18.929323, 3.602548e-03, -8.233918e-04, 2.051831e-03, 1.351435e-03
18.944663, 3.706662e-03, -9.249998e-04, 1.707216e-03, 1.293484e-03
18.960003, 3.698124e-03, -9.923575e-04, 1.361381e-03, 1.228729e-03
18.975342, 3.586928e-03, -9.963492e-04, 1.033069e-03, 1.152433e-03
18.990682, 3.390323e-03, -9.172324e-04, 7.369185e-04, 1.059900e-03
19.006022, 3.129860e-03, -7.469569e-04, 4.833351e-04, 9.469316e-04
19.021362, 2.828229e-03, -4.897041e-04, 2.789967e-04, 8.103369e-04
19.036702, 2.506375e-03, -1.607489e-04, 1.276727e-04, 6.484798e-04
19.052041, 2.181323e-03, 2.160061e-04, 3.095852e-05, 4.617665e-04
19.067381, 1.864972e-03, 6.113336e-04, -1.143106e-05, 2.529443e-04
19.082721, 1.563918e-03, 9.942984e-04, -1.974959e-06, 2.708048e-05
19.098061, 1.280174e-03, 1.335718e-03, 5.383866e-05, -2.088459e-04
19.113401, 1.012480e-03, 1.611092e-03, 1.465583e-04, -4.467066e-04
19.128740, 7.578186e-04, 1.802747e-03, 2.622030e-04, -6.781883e-04
19.144080, 5.127241e-04, 1.901034e-03, 3.825869e-04, -8.957222e-04
19.159420, 2.740848e-04, 1.904545e-03, 4.868169e-04, -1.093141e-03
19.174760, 3.931427e-05, 1.819418e-03, 5.538897e-04, -1.265903e-03
19.190100, -1.940351e-04, 1.657910e-03, 5.659433e-04, -1.410853e-03
19.205439, -4.289518e-04, 1.436493e-03, 5.114423e-04, -1.525678e-03
19.220779, -6.695470e-04, 1.173804e-03, 3.874920e-04, -1.608320e-03
19.236119, -9.211464e-04, 8.887578e-04, 2.006387e-04, -1.656677e-03
19.251459, -1.189624e-03, 5.990467e-04, -3.412476e-05, -1.668815e-03
19.266799, -1.479931e-03, 3.201581e-04, -2.959840e-04, -1.643769e-03
19.282139, -1.794022e-03, 6.487675e-05, -5.619941e-04, -1.582744e-03
19.297478, -2.128651e-03, -1.568523e-04, -8.110158e-04, -1.490350e-03
19.312818, -2.473611e-03, -3.378802e-04, -1.027051e-03, -1.375378e-03
19.328158, -2.811018e-03, -4.737824e-04, -1.201331e-03, -1.250680e-03
19.343498, -3.116038e-03, -5.628260e-04, -1.332837e-03, -1.131942e-03
19.358838, -3.359175e-03, -6.059499e-04, -1.427341e-03, -1.035416e-03
19.374177, -3.509903e-03, -6.066548e-04, -1.495319e-03, -9.750587e-04
19.389517, -3.541078e-03, -5.706821e-04, -1.549307e-03, -9.597195e-04
19.404857, -3.433379e-03, -5.054034e-04, -1.601267e-03, -9.911113e-04
19.420197, -3.178956e-03, -4.189399e-04, -1.660405e-03, -1.063125e-03
19.435537, -2.783632e-03, -3.191304e-04, -1.731719e-03, -1.162735e-03
19.450876, -2.267210e-03, -2.125323e-04, -1.815359e-03, -1.272325e-03
19.466216, -1.661826e-03, -1.036586e-04, -1.906761e-03, -1.372908e-03
19.481556, -1.008615e-03, 5.393993e-06, -1.997409e-03, -1.447467e-03
19.496896, -3.532240e-04, 1.148605e-04, -2.076072e-03, -1.483657e-03
19.512236, 2.591113e-04, 2.268074e-04, -2.130358e-03, -1.475304e-03
19.527575, 7.882298e-04, 3.443353e-04, -2.148410e-03, -1.422479e-03
19.542915, 1.202801e-03, 4.706420e-04, -2.120529e-03, -1.330301e-03
19.558255, 1.482763e-03, 6.081029e-04, -2.040554e-03, -1.206937e-03
19.573595, 1.620257e-03, 7.574926e-04, -1.906754e-03, -1.061422e-03
19.588935, 1.619114e-03, 9.174224e-04, -1.722118e-03, -9.018895e-04
19.604274, 1.493166e-03, 1.084038e-03, -1.493941e-03, -7.345935e-04
19.619614, 1.263766e-03, 1.251007e-03, -1.232787e-03, -5.638803e-04
19.634954, 9.569823e-04, 1.409833e-03, -9.510159e-04, -3.929421e-04
19.650294, 6.008796e-04, 1.550504e-03, -6.611375e-04, -2.250019e-04
19.665634, 2.231921e-04, 1.662487e-03, -3.742984e-04, -6.447897e-05
19.680974, -1.504288e-04, 1.735998e-03, -9.917123e-05, 8.228013e-05
19.696313, -4.975812e-04, 1.763406e-03, 1.585923e-04, 2.069889e-04
19.711653, -7.998098e-04, 1.740542e-03, 3.963063e-04, 3.002164e-04
19.726993, -1.043020e-03, 1.667627e-03, 6.136733e-04, 3.528732e-04
19.742333, -1.217799e-03, 1.549562e-03, 8.118502e-04, 3.580925e-04
19.757673, -1.319770e-03, 1.395414e-03, 9.923670e-04, 3.131082e-04
19.773012, -1.349996e-03, 1.217086e-03, 1.156111e-03, 2.207129e-04
19.788352, -1.315309e-03, 1.027373e-03, 1.302550e-03, 8.994094e-05
19.803692, -1.228324e-03, 8.377590e-04, 1.429325e-03, -6.423023e-05
19.819032, -1.106891e-03, 6.564003e-04, 1.532288e-03, -2.221704e-04
19.834372, -9.727473e-04, 4.867380e-04, 1.606027e-03, -3.616865e-04
19.849711, -8.492935e-04, 3.270262e-04, 1.644808e-03, -4.605603e-04
19.865051, -7.586419e-04, 1.708816e-04, 1.643852e-03, -4.990969e-04
19.880391, -7.182901e-04, 8.732405e-06, 1.600720e-03, -4.622636e-04
19.895731, -7.379868e-04, -1.701315e-04, 1.516573e-03, -3.411210e-04
19.911071, -8.174153e-04, -3.752865e-04, 1.396978e-03, -1.334388e-04
19.926410, -9.452732e-04, -6.130652e-04, 1.252015e-03, 1.564173e-04
19.941750, -1.100111e-03, -8.849176e-04, 1.095522e-03, 5.180976e-04
19.957090, -1.252971e-03, -1.186444e-03, 9.435067e-04, 9.361014e-04
19.972430, -1.371493e-03, -1.507200e-03, 8.119336e-04, 1.390620e-03
19.987770, -1.424839e-03, -1.831303e-03, 7.143303e-04, 1.858332e-03
20.003109, -1.388601e-03, -2.138809e-03, 6.597111e-04, 2.313281e-03
20.018449, -1.248800e-03, -2.407771e-03, 6.513220e-04, 2.728051e-03
20.033789, -1.004262e-03, -2.616819e-03, 6.865324e-04, 3.075487e-03
20.049129, -6.669625e-04, -2.747973e-03, 7.579365e-04, 3.331031e-03
20.064469, -2.602912e-04, -2.789308e-03, 8.554134e-04, 3.475515e-03
20.079809, 1.844043e-04, -2.736993e-03, 9.686199e-04, 3.497959e-03
20.095148, 6.323655e-04, -2.596246e-03, 1.089261e-03, 3.397741e-03
20.110488, 1.050231e-03, -2.380895e-03, 1.212523e-03, 3.185472e-03
20.125828, 1.410280e-03, -2.111486e-03, 1.337271e-03, 2.882123e-03
20.141168, 1.693429e-03, -1.812201e-03, 1.464963e-03, 2.516284e-03
20.156508, 1.890543e-03, -1.507159e-03, 1.597582e-03, 2.119954e-03
20.171847, 2.001970e-03, -1.216860e-03, 1.735222e-03, 1.723634e-03
20.187187, 2.035541e-03, -9.555279e-04, 1.874030e-03, 1.351747e-03
20.202527, 2.003584e-03, -7.298732e-04, 2.005156e-03, 1.019403e-03
20.217867, 1.919667e-03, -5.394836e-04, 2.115076e-03, 7.312141e-04
20.233207, 1.795824e-03, -3.785832e-04, 2.187263e-03, 4.823821e-04
20.248546, 1.640878e-03, -2.385934e-04, 2.204814e-03, 2.617088e-04
20.263886, 1.460200e-03, -1.107552e-04, 2.153366e-03, 5.572233e-05
20.279226, 1.256857e-03, 1.185557e-05, 2.023592e-03, -1.471498e-04
20.294566, 1.033730e-03, 1.333313e-04, 1.812670e-03, -3.533809e-04
20.309906, 7.959174e-04, 2.549981e-04, 1.524451e-03, -5.628426e-04
20.325245, 5.526196e-04, 3.762470e-04, 1.168385e-03, -7.692301e-04
20.340585, 3.178131e-04, 4.956229e-04, 7.576070e-04, -9.621296e-04
20.355925, 1.093292e-04, 6.116612e-04, 3.067732e-04, -1.130035e-03
20.371265, -5.361087e-05, 7.231414e-04, -1.697952e-04, -1.263427e-03
20.386605, -1.539217e-04, 8.287164e-04, -6.592245e-04, -1.357099e-03
20.401944, -1.804279e-04, 9.261651e-04, -1.150316e-03, -1.411162e-03
20.417284, -1.309472e-04, 1.011694e-03, -1.633027e-03, -1.430606e-03
20.432624, -1.386812e-05, 1.079715e-03, -2.097545e-03, -1.423661e-03
20.447964, 1.522503e-04, 1.123359e-03, -2.533384e-03, -1.399525e-03
20.463304, 3.410638e-04, 1.135691e-03, -2.928848e-03, -1.366122e-03
20.478644, 5.223683e-04, 1.111340e-03, -3.271079e-03, -1.328516e-03
20.493983, 6.667725e-04, 1.048038e-03, -3.546689e-03, -1.288350e-03
20.509323, 7.501898e-04, 9.475848e-04, -3.742827e-03, -1.244390e-03
20.524663, 7.573144e-04, 8.158909e-04, -3.848433e-03, -1.193933e-03
20.540003, 6.835284e-04, 6.620415e-04, -3.855469e-03, -1.134629e-03
20.555343, 5.350502e-04, 4.966310e-04, -3.759953e-03, -1.066148e-03
20.570682, 3.274939e-04, 3.298404e-04, -3.562726e-03, -9.912011e-04
20.586022, 8.327561e-05, 1.698051e-04, -3.269936e-03, -9.155889e-04
20.601362, -1.715756e-04, 2.172010e-05, -2.893232e-03, -8.472387e-04
20.616702, -4.106738e-04, -1.121171e-04, -2.449630e-03, -7.944597e-04
20.632042, -6.101845e-04, -2.314264e-04, -1.960935e-03, -7.638741e-04
20.647381, -7.511163e-04, -3.365814e-04, -1.452623e-03, -7.585915e-04
20.662721, -8.208599e-04, -4.272493e-04, -9.521048e-04, -7.771473e-04
20.678061, -8.139350e-04, -5.014948e-04, -4.864196e-04, -8.135303e-04
20.693401, -7.319512e-04, -5.556274e-04, -7.958763e-05, -8.583415e-04
20.708741, -5.828224e-04, -5.848121e-04, 2.499952e-04, -9.008158e-04
20.724080, -3.793396e-04, -5.842155e-04, 4.916386e-04, -9.311919e-04
20.739420, -1.372890e-04, -5.503044e-04, 6.434618e-04, -9.428096e-04
20.754760, 1.266036e-04, -4.818855e-04, 7.122159e-04, -9.333843e-04
20.770100, 3.965568e-04, -3.805917e-04, 7.117819e-04, -9.051376e-04
20.785440, 6.590969e-04, -2.507194e-04, 6.605983e-04, -8.637760e-04
20.800779, 9.036525e-04, -9.853306e-05, 5.785264e-04, -8.166283e-04
20.816119, 1.122327e-03, 6.870402e-05, 4.837824e-04, -7.704739e-04
20.831459, 1.309031e-03, 2.436746e-04, 3.905391e-04, -7.296546e-04
20.846799, 1.458353e-03, 4.196998e-04, 3.076233e-04, -6.949438e-04
20.862139, 1.564648e-03, 5.910953e-04, 2.384532e-04, -6.634055e-04
20.877479, 1.621787e-03, 7.532607e-04, 1.820643e-04, -6.291854e-04
20.892818, 1.623789e-03, 9.026631e-04, 1.348414e-04, -5.849343e-04
20.908158, 1.566277e-03, 1.036876e-03, 9.247189e-05, -5.234334e-04
20.923498, 1.448375e-03, 1.154750e-03, 5.165908e-05, -4.390195e-04
20.938838, 1.274482e-03, 1.256652e-03, 1.127070e-05, -3.285459e-04
20.954178, 1.055289e-03, 1.344607e-03, -2.720896e-05, -1.918026e-04
20.969517, 8.075516e-04, 1.422112e-03, -5.987272e-05, -3.147915e-05
20.984857, 5.524680e-04, 1.493470e-03, -8.106640e-05, 1.471661e-04
21.000197, 3.128443e-04, 1.562656e-03, -8.434330e-05, 3.367932e-04
21.015537, 1.095866e-04, 1.631917e-03, -6.351154e-05, 5.285737e-04
21.030877, -4.175848e-05, 1.700463e-03, -1.364178e-05, 7.129372e-04
21.046216, -1.336826e-04, 1.763705e-03, 6.804845e-05, 8.805389e-04
21.061556, -1.680670e-04, 1.813399e-03, 1.815066e-04, 1.023462e-03
21.076896, -1.559722e-04, 1.838855e-03, 3.234453e-04, 1.136532e-03
21.092236, -1.159760e-04, 1.829071e-03, 4.873390e-04, 1.218459e-03
21.107576, -7.143722e-05, 1.775396e-03, 6.639093e-04, 1.272447e-03
21.122915, -4.722505e-05, 1.674066e-03, 8.421280e-04, 1.305923e-03
21.138255, -6.645278e-05, 1.527959e-03, 1.010654e-03, 1.329257e-03
21.153595, -1.476398e-04, 1.347003e-03, 1.159468e-03, 1.353576e-03
21.168935, -3.025520e-04, 1.146975e-03, 1.281359e-03, 1.388131e-03
21.184275, -5.348221e-04, 9.467932e-04, 1.372892e-03, 1.437823e-03
21.199614, -8.393532e-04, 7.647922e-04, 1.434552e-03, 1.501572e-03
21.214954, -1.202476e-03, 6.147452e-04, 1.469978e-03, 1.572004e-03
21.230294, -1.602852e-03, 5.025165e-04, 1.484409e-03, 1.636607e-03
21.245634, -2.013124e-03, 4.241425e-04, 1.482751e-03, 1.680111e-03
21.260974, -2.402300e-03, 3.658538e-04, 1.467768e-03, 1.687515e-03
21.276314, -2.738752e-03, 3.061511e-04, 1.438937e-03, 1.647000e-03
21.291653, -2.993569e-03, 2.195920e-04, 1.392294e-03, 1.552027e-03
21.306993, -3.143868e-03, 8.156535e-05, 1.321383e-03, 1.402186e-03
21.322333, -3.175566e-03, -1.269005e-04, 1.219073e-03, 1.202706e-03
21.337673, -3.085123e-03, -4.152592e-04, 1.079792e-03, 9.629337e-04
21.353013, -2.879899e-03, -7.812699e-04, 9.016068e-04, 6.943086e-04
21.368352, -2.576995e-03, -1.210926e-03, 6.876699e-04, 4.084667e-04
21.383692, -2.200768e-03, -1.680450e-03, 4.466828e-04, 1.159389e-04
21.399032, -1.779453e-03, -2.159885e-03, 1.923277e-04, -1.743378e-04
21.414372, -1.341521e-03, -2.617527e-03, -5.818076e-05, -4.547905e-04
21.429712, -9.124629e-04, -3.024312e-03, -2.860992e-04, -7.185942e-04
21.445051, -5.125395e-04, -3.357364e-03, -4.733536e-04, -9.591010e-04
21.460391, -1.558124e-04, -3.602122e-03, -6.046088e-04, -1.169681e-03
21.475731, 1.495434e-04, -3.752863e-03, -6.689732e-04, -1.344132e-03
21.491071, 3.999496e-04, -3.811704e-03, -6.611953e-04, -1.477580e-03
21.506411, 5.946684e-04, -3.786519e-03, -5.822772e-04, -1.567552e-03
21.521750, 7.341529e-04, -3.688317e-03, -4.394553e-04, -1.614833e-03
21.537090, 8.189755e-04, -3.528666e-03, -2.455228e-04, -1.623732e-03
21.552430, 8.495922e-04, -3.317644e-03, -1.751346e-05, -1.601564e-03
21.567770, 8.269177e-04, -3.062639e-03, 2.251430e-04, -1.557399e-03
21.583110, 7.534146e-04, -2.768100e-03, 4.627784e-04, -1.500380e-03
21.598449, 6.342347e-04, -2.436167e-03, 6.776318e-04, -1.438010e-03
21.613789, 4.779250e-04, -2.067953e-03, 8.556059e-04, -1.374905e-03
21.629129, 2.963429e-04, -1.665170e-03, 9.872990e-04, -1.312314e-03
21.644469, 1.036609e-04, -1.231734e-03, 1.068134e-03, -1.248540e-03
21.659809, -8.536739e-05, -7.750169e-04, 1.097615e-03, -1.180094e-03
21.675149, -2.574494e-04, -3.064664e-04, 1.077973e-03, -1.103218e-03
21.690488, -4.025520e-04, 1.585947e-04, 1.012603e-03, -1.015312e-03
21.705828, -5.149422e-04, 6.020089e-04, 9.047400e-04, -9.157750e-04
21.721168, -5.931540e-04, 1.004544e-03, 7.567254e-04, -8.060190e-04
21.736508, -6.388764e-04, 1.348094e-03, 5.699743e-04, -6.885965e-04
21.751848, -6.550905e-04, 1.617945e-03, 3.455706e-04, -5.657195e-04
21.767187, -6.440382e-04, 1.804668e-03, 8.521011e-05, -4.376277e-04
21.782527, -6.056788e-04, 1.905318e-03, -2.078476e-04, -3.013743e-04
21.797867, -5.371664e-04, 1.923690e-03, -5.281045e-04, -1.505267e-04
21.813207, -4.335973e-04, 1.869631e-03, -8.675663e-04, 2.393454e-05
21.828547, -2.898846e-04, 1.757573e-03, -1.215877e-03, 2.315505e-04
21.843886, -1.032566e-04, 1.604589e-03, -1.560712e-03, 4.795118e-04
21.859226, 1.243494e-04, 1.428340e-03, -1.888276e-03, 7.696105e-04
21.874566, 3.847314e-04, 1.245243e-03, -2.183817e-03, 1.095779e-03
21.889906, 6.632359e-04, 1.069088e-03, -2.432186e-03, 1.442931e-03
21.905246, 9.401098e-04, 9.101764e-04, -2.618580e-03, 1.787580e-03
21.920585, 1.193136e-03, 7.749808e-04, -2.729588e-03, 2.100356e-03
21.935925, 1.400951e-03, 6.662270e-04, -2.754572e-03, 2.350105e-03
21.951265, 1.546277e-03, 5.833004e-04, -2.687253e-03, 2.508865e-03
21.966605, 1.618352e-03, 5.229131e-04, -2.527157e-03, 2.556760e-03
21.981945, 1.614077e-03, 4.799854e-04, -2.280509e-03, 2.485786e-03
21.997284, 1.537787e-03, 4.486975e-04, -1.960181e-03, 2.301651e-03
22.012624, 1.399887e-03, 4.236306e-04, -1.584521e-03, 2.023201e-03
22.027964, 1.214875e-03, 4.008502e-04, -1.175176e-03, 1.679459e-03
22.043304, 9.993445e-04, 3.787271e-04, -7.543627e-04, 1.304850e-03
22.058644, 7.704264e-04, 3.582828e-04, -3.421973e-04, 9.335553e-04
22.073984, 5.449185e-04, 3.429096e-04, 4.527067e-05, 5.941925e-04
22.089323, 3.390268e-04, 3.374498e-04, 3.968799e-04, 3.058872e-04
22.104663, 1.684152e-04, 3.467837e-04, 7.059571e-04, 7.653208e-05
22.120003, 4.815144e-05, 3.742352e-04, 9.689885e-04, -9.652414e-05
22.135343, -7.801647e-06, 4.201918e-04, 1.183934e-03, -2.236734e-04
22.150683, 1.228564e-05, 4.813159e-04, 1.348834e-03, -3.189413e-04
22.166022, 1.162578e-04, 5.505987e-04, 1.461216e-03, -3.956638e-04
22.181362, 3.062417e-04, 6.183056e-04, 1.518471e-03, -4.630355e-04
22.196702, 5.771239e-04, 6.736411e-04, 1.519008e-03, -5.243383e-04
22.212042, 9.158200e-04, 7.067758e-04, 1.463670e-03, -5.771672e-04
22.227382, 1.301672e-03, 7.107894e-04, 1.356832e-03, -6.154209e-04
22.242721, 1.708064e-03, 6.831110e-04, 1.206666e-03, -6.323553e-04
22.258061, 2.105054e-03, 6.261638e-04, 1.024381e-03, -6.237355e-04
22.273401, 2.462584e-03, 5.471076e-04, 8.226108e-04, -5.901351e-04
22.288741, 2.753717e-03, 4.567683e-04, 6.134297e-04, -5.377125e-04
22.304081, 2.957340e-03, 3.680020e-04, 4.066098e-04, -4.772504e-04
22.319420, 3.059957e-03, 2.938163e-04, 2.086659e-04, -4.217499e-04
22.334760, 3.056378e-03, 2.455646e-04, 2.298626e-05, -3.832730e-04
22.350100, 2.949369e-03, 2.314659e-04, -1.490134e-04, -3.699318e-04
22.365440, 2.748521e-03, 2.556009e-04, -3.061052e-04, -3.838734e-04
22.380780, 2.468663e-03, 3.174333e-04, -4.454283e-04, -4.208188e-04
22.396120, 2.128137e-03, 4.118397e-04, -5.612450e-04, -4.712847e-04
22.411459, 1.747168e-03, 5.295953e-04, -6.447314e-04, -5.231629e-04
22.426799, 1.346404e-03, 6.582607e-04, -6.849705e-04, -5.649688e-04
22.442139, 9.456100e-04, 7.834137e-04, -6.709765e-04, -5.889021e-04
22.457479, 5.624286e-04, 8.901560e-04, -5.943031e-04, -5.929151e-04
22.472819, 2.111564e-04, 9.647914e-04, -4.516213e-04, -5.812559e-04
22.488158, -9.843073e-05, 9.965088e-04, -2.466454e-04, -5.633457e-04
22.503498, -3.620597e-04, 9.788407e-04, 9.089077e-06, -5.512731e-04
22.518838, -5.815139e-04, 9.106399e-04, 2.968411e-04, -5.565383e-04
22.534178, -7.645035e-04, 7.963408e-04, 5.926237e-04, -5.868601e-04
22.549518, -9.236791e-04, 6.453689e-04, 8.701810e-04, -6.438401e-04
22.564857, -1.074783e-03, 4.707172e-04, 1.104451e-03, -7.220568e-04
22.580197, -1.234141e-03, 2.868927e-04, 1.274886e-03, -8.098202e-04
22.595537, -1.415900e-03, 1.075965e-04, 1.368043e-03, -8.914174e-04
22.610877, -1.629515e-03, -5.641162e-05, 1.379002e-03, -9.503370e-04
22.626217, -1.878028e-03, -1.988404e-04, 1.311435e-03, -9.727431e-04
22.641556, -2.157475e-03, -3.184849e-04, 1.176388e-03, -9.504323e-04
22.656896, -2.457556e-03, -4.188490e-04, 9.901028e-04, -8.826476e-04
22.672236, -2.763397e-03, -5.069192e-04, 7.713375e-04, -7.763825e-04
22.687576, -3.057989e-03, -5.914200e-04, 5.387383e-04, -6.451494e-04
22.702916, -3.324746e-03, -6.809721e-04, 3.086985e-04, -5.065025e-04
22.718255, -3.549642e-03, -7.825399e-04, 9.401764e-05, -3.788447e-04
22.733595, -3.722535e-03, -9.004267e-04, -9.654698e-05, -2.781558e-04
22.748935, -3.837532e-03, -1.035883e-03, -2.579459e-04, -2.152609e-04
22.764275, -3.892517e-03, -1.187218e-03, -3.879912e-04, -1.941182e-04
22.779615, -3.888162e-03, -1.350213e-03, -4.863376e-04, -2.113821e-04
22.794955, -3.826843e-03, -1.518610e-03, -5.536091e-04, -2.572437e-04
22.810294, -3.711835e-03, -1.684544e-03, -5.909026e-04, -3.173183e-04
22.825634, -3.547008e-03, -1.838928e-03, -5.997508e-04, -3.751717e-04
22.840974, -3.337026e-03, -1.971860e-03, -5.824784e-04, -4.149814e-04
22.856314, -3.087849e-03, -2.073238e-03, -5.427619e-04, -4.238389e-04
22.871654, -2.807223e-03, -2.133639e-03, -4.861525e-04, -3.933078e-04
22.886993, -2.504800e-03, -2.145451e-03, -4.203201e-04, -3.200304e-04
22.902333, -2.191654e-03, -2.104070e-03, -3.548488e-04, -2.053949e-04
22.917673, -1.879134e-03, -2.008858e-03, -3.005197e-04, -5.448329e-05
22.933013, -1.577232e-03, -1.863578e-03, -2.681481e-04, 1.253274e-04
22.948353, -1.292792e-03, -1.676072e-03, -2.671420e-04, 3.256933e-04
22.963692, -1.028045e-03, -1.457193e-03, -3.040223e-04, 5.382133e-04
22.979032, -7.798667e-04, -1.219184e-03, -3.811696e-04, 7.547379e-04
22.994372, -5.400794e-04, -9.738967e-04, -4.960379e-04, 9.671165e-04
23.009712, -2.968363e-04, -7.312794e-04, -6.409994e-04, 1.166639e-03
23.025052, -3.692331e-05, -4.984993e-04, -8.038869e-04, 1.343559e-03
23.040391, 2.514460e-04, -2.798540e-04, -9.691891e-04, 1.487091e-03
23.055731, 5.758874e-04, -7.737548e-05, -1.119753e-03, 1.586136e-03
23.071071, 9.377143e-04, 1.081819e-04, -1.238760e-03, 1.630779e-03
23.086411, 1.330865e-03, 2.763808e-04, -1.311697e-03, 1.614288e-03
23.101751, 1.742133e-03, 4.265388e-04, -1.328060e-03, 1.535152e-03
23.117090, 2.152665e-03, 5.577554e-04, -1.282537e-03, 1.398566e-03
23.132430, 2.540458e-03, 6.694680e-04, -1.175533e-03, 1.216844e-03
23.147770, 2.883363e-03, 7.622557e-04, -1.012953e-03, 1.008434e-03
23.163110, 3.162058e-03, 8.384824e-04, -8.053072e-04, 7.955622e-04
23.178450, 3.362457e-03, 9.024020e-04, -5.662756e-04, 6.008723e-04
23.193790, 3.477179e-03, 9.595145e-04, -3.109417e-04, 4.437082e-04
23.209129, 3.505923e-03, 1.015233e-03, -5.396656e-05, 3.368358e-04
23.224469, 3.454802e-03, 1.073186e-03, 1.920282e-04, 2.843364e-04
23.239809, 3.334916e-03, 1.133644e-03, 4.176361e-04, 2.811714e-04
23.255149, 3.160496e-03, 1.192607e-03, 6.172352e-04, 3.145507e-04
23.270489, 2.947042e-03, 1.241920e-03, 7.888871e-04, 3.668257e-04
23.285828, 2.709729e-03, 1.270540e-03, 9.336218e-04, 4.192769e-04
23.301168, 2.462280e-03, 1.266745e-03, 1.054283e-03, 4.559713e-04
23.316508, 2.216316e-03, 1.220819e-03, 1.154198e-03, 4.668499e-04
23.331848, 1.981108e-03, 1.127592e-03, 1.235965e-03, 4.493995e-04
23.347188, 1.763570e-03, 9.882311e-04, 1.300644e-03, 4.086032e-04
23.362527, 1.568354e-03, 8.108625e-04, 1.347520e-03, 3.552663e-04
23.377867, 1.397936e-03, 6.098505e-04, 1.374499e-03, 3.031806e-04
23.393207, 1.252693e-03, 4.038931e-04, 1.378993e-03, 2.658234e-04
23.408547, 1.131016e-03, 2.133148e-04, 1.359053e-03, 2.533523e-04
23.423887, 1.029532e-03, 5.709066e-05, 1.314410e-03, 2.705275e-04
23.439226, 9.435091e-04, -4.984917e-05, 1.247111e-03, 3.159199e-04
23.454566, 8.674475e-04, -9.858796e-05, 1.161529e-03, 3.824269e-04
23.469906, 7.957757e-04, -8.719017e-05, 1.063722e-03, 4.588115e-04
23.485246, 7.235198e-04, -2.059707e-05, 9.602820e-04, 5.317754e-04
23.500586, 6.467877e-04, 9.044288e-05, 8.569945e-04, 5.880235e-04
23.515925, 5.629479e-04, 2.311645e-04, 7.576628e-04, 6.158773e-04
23.531265, 4.704628e-04, 3.849732e-04, 6.634487e-04, 6.062078e-04
23.546605, 3.684548e-04, 5.356837e-04, 5.729098e-04, 5.526949e-04
23.561945, 2.561852e-04, 6.694865e-04, 4.827225e-04, 4.516246e-04
23.577285, 1.326704e-04, 7.763712e-04, 3.888842e-04, 3.015335e-04
23.592625, -3.364112e-06, 8.508209e-04, 2.880597e-04, 1.029931e-04
23.607964, -1.530917e-04, 8.917011e-04, 1.787083e-04, -1.413051e-04
23.623304, -3.168050e-04, 9.013972e-04, 6.171094e-05, -4.261843e-04
23.638644, -4.929645e-04, 8.843840e-04, -5.961263e-05, -7.435149e-04
23.653984, -6.773990e-04, 8.455285e-04, -1.800288e-04, -1.081920e-03
23.669324, -8.629961e-04, 7.885027e-04, -2.932509e-04, -1.426920e-03
23.684663, -1.040122e-03, 7.146836e-04, -3.928777e-04, -1.761672e-03
23.700003, -1.197827e-03, 6.228339e-04, -4.731921e-04, -2.068281e-03
23.715343, -1.325660e-03, 5.096942e-04, -5.297202e-04, -2.329506e-03
23.730683, -1.415676e-03, 3.714077e-04, -5.595825e-04, -2.530528e-03
23.746023, -1.464154e-03, 2.054782e-04, -5.617515e-04, -2.660463e-03
23.761362, -1.472538e-03, 1.279409e-05, -5.373326e-04, -2.713316e-03
23.776702, -1.447299e-03, -2.008116e-04, -4.899047e-04, -2.688249e-03
23.792042, -1.398706e-03, -4.239336e-04, -4.258282e-04, -2.589189e-03
23.807382, -1.338769e-03, -6.401851e-04, -3.543066e-04, -2.423911e-03
23.822722, -1.278886e-03, -8.300210e-04, -2.869412e-04, -2.202873e-03
23.838061, -1.227760e-03, -9.735129e-04, -2.365949e-04, -1.938014e-03
23.853401, -1.190116e-03, -1.053550e-03, -2.155584e-04, -1.641729e-03
23.868741, -1.166468e-03, -1.058815e-03, -2.332493e-04, -1.326104e-03
23.884081, -1.153910e-03, -9.858972e-04, -2.938946e-04, -1.002426e-03
23.899421, -1.147590e-03, -8.401033e-04, -3.947745e-04, -6.809160e-04
23.914760, -1.142372e-03, -6.347749e-04, -5.255659e-04, -3.705955e-04
23.930100, -1.134182e-03, -3.892979e-04, -6.691239e-04, -7.922763e-05
23.945440, -1.120683e-03, -1.262454e-04, -8.037216e-04, 1.867249e-04
23.960780, -1.101205e-03, 1.317200e-04, -9.064171e-04, 4.221387e-04
23.976120, -1.076077e-03, 3.645467e-04, -9.569182e-04, 6.232773e-04
23.991460, -1.045760e-03, 5.566099e-04, -9.411685e-04, 7.878567e-04
24.006799, -1.010170e-03, 6.974245e-04, -8.539207e-04, 9.151383e-04
24.022139, -9.684750e-04, 7.813437e-04, -6.997812e-04, 1.006053e-03
24.037479, -9.194728e-04, 8.065858e-04, -4.925431e-04, 1.063344e-03
24.052819, -8.623557e-04, 7.740616e-04, -2.529938e-04, 1.091679e-03
24.068159, -7.975341e-04, 6.864504e-04, -5.692617e-06, 1.097650e-03
24.083498, -7.271166e-04, 5.477966e-04, 2.246079e-04, 1.089558e-03
24.098838, -6.547626e-04, 3.636449e-04, 4.162206e-04, 1.076891e-03
24.114178, -5.848320e-04, 1.414898e-04, 5.529244e-04, 1.069480e-03
24.129518, -5.210102e-04, -1.088296e-04, 6.252151e-04, 1.076364e-03
24.144858, -4.647949e-04, -3.751609e-04, 6.304019e-04, 1.104514e-03
24.160197, -4.143176e-04, -6.437212e-04, 5.717886e-04, 1.157643e-03
24.175537, -3.639023e-04, -9.004083e-04, 4.573212e-04, 1.235313e-03
24.190877, -3.045702e-04, -1.132470e-03, 2.981057e-04, 1.332570e-03
24.206217, -2.254418e-04, -1.330089e-03, 1.071153e-04, 1.440209e-03
24.221557, -1.157557e-04, -1.487435e-03, -1.017571e-04, 1.545675e-03
24.236896, 3.293339e-05, -1.602843e-03, -3.143240e-04, 1.634501e-03
24.252236, 2.248341e-04, -1.678059e-03, -5.165592e-04, 1.692041e-03
24.267576, 4.586299e-04, -1.716762e-03, -6.950837e-04, 1.705301e-03
24.282916, 7.270129e-04, -1.722787e-03, -8.378313e-04, 1.664579e-03
24.298256, 1.017052e-03, -1.698590e-03, -9.349268e-04, 1.564755e-03
24.313595, 1.311276e-03, -1.644383e-03, -9.796652e-04, 1.406064e-03
24.328935, 1.589282e-03, -1.558185e-03, -9.693567e-04, 1.194309e-03
24.344275, 1.829680e-03, -1.436764e-03, -9.057775e-04, 9.404671e-04
24.359615, 2.012227e-03, -1.277145e-03, -7.950255e-04, 6.597332e-04
24.374955, 2.119992e-03, -1.078248e-03, -6.467271e-04, 3.700622e-04
24.390295, 2.141405e-03, -8.421706e-04, -4.727236e-04, 9.033055e-05
24.405634, 2.071984e-03, -5.747451e-04, -2.855238e-04, -1.616940e-04
24.420974, 1.915456e-03, -2.852350e-04, -9.689283e-05, -3.713356e-04
24.436314, 1.684034e-03, 1.474428e-05, 8.310444e-05, -5.286616e-04
24.451654, 1.397582e-03, 3.127832e-04, 2.464254e-04, -6.295270e-04
24.466994, 1.081647e-03, 5.973176e-04, 3.867682e-04, -6.758170e-04
24.482333, 7.644628e-04, 8.589587e-04, 4.989168e-04, -6.748183e-04
24.497673, 4.733123e-04, 1.091227e-03, 5.780741e-04, -6.378235e-04
24.513013, 2.307965e-04, 1.290574e-03, 6.195449e-04, -5.782311e-04
24.528353, 5.164140e-05, 1.455765e-03, 6.190026e-04, -5.095195e-04
24.543693, -5.937115e-05, 1.586829e-03, 5.733656e-04, -4.434867e-04
24.559032, -1.079426e-04, 1.683901e-03, 4.820822e-04, -3.890675e-04
24.574372, -1.091240e-04, 1.746239e-03, 3.484487e-04, -3.518826e-04
24.589712, -8.466163e-05, 1.771700e-03, 1.805276e-04, -3.344794e-04
24.605052, -5.924692e-05, 1.756781e-03, -8.683534e-06, -3.370596e-04
24.620392, -5.629066e-05, 1.697233e-03, -2.019989e-04, -3.583900e-04
24.635731, -9.391163e-05, 1.589111e-03, -3.796480e-04, -3.966032e-04
24.651071, -1.817928e-04, 1.430024e-03, -5.214708e-04, -4.496853e-04
24.666411, -3.194132e-04, 1.220328e-03, -6.093181e-04, -5.155863e-04
24.681751, -4.959374e-04, 9.639907e-04, -6.292582e-04, -5.920306e-04
24.697091, -6.917723e-04, 6.689461e-04, -5.732758e-04, -6.761979e-04
24.712430, -8.815416e-04, 3.468623e-04, -4.402835e-04, -7.644628e-04
24.727770, -1.038007e-03, 1.233521e-05, -2.363971e-04, -8.523301e-04
24.743110, -1.136317e-03, -3.183587e-04, 2.547468e-05, -9.346190e-04
24.758450, -1.157922e-03, -6.287591e-04, 3.266303e-04, -1.005858e-03
24.773790, -1.093535e-03, -9.037454e-04, 6.440733e-04, -1.060792e-03
24.789130, -9.447227e-04, -1.130879e-03, 9.524235e-04, -1.094892e-03
24.804469, -7.238625e-04, -1.301397e-03, 1.226146e-03, -1.104776e-03
24.819809, -4.525334e-04, -1.410746e-03, 1.441952e-03, -1.088488e-03
24.835149, -1.585897e-04, -1.458623e-03, 1.581162e-03, -1.045635e-03
24.850489, 1.276056e-04, -1.448553e-03, 1.631751e-03, -9.773687e-04
24.865829, 3.772220e-04, -1.387088e-03, 1.589769e-03, -8.862341e-04
24.881168, 5.666930e-04, -1.282766e-03, 1.459865e-03, -7.758699e-04
24.896508, 6.806136e-04, -1.145001e-03, 1.254786e-03, -6.505851e-04
24.911848, 7.134281e-04, -9.830707e-04, 9.938690e-04, -5.148393e-04
24.927188, 6.697156e-04, -8.053713e-04, 7.007259e-04, -3.727102e-04
24.942528, 5.630860e-04, -6.190111e-04, 4.004787e-04, -2.274588e-04
24.957867, 4.138866e-04, -4.297728e-04, 1.169570e-04, -8.130810e-05
24.973207, 2.460930e-04, -2.423501e-04, -1.297461e-04, 6.447988e-05
24.988547, 8.386501e-05, -6.069524e-05, -3.250622e-04, 2.092205e-04
25.003887, -5.171584e-05, 1.117185e-04, -4.609187e-04, 3.522029e-04
25.019227, -1.452544e-04, 2.718835e-04, -5.358724e-04, 4.920368e-04
25.034566, -1.886436e-04, 4.175604e-04, -5.545075e-04, 6.261559e-04
25.049906, -1.814931e-04, 5.478251e-04, -5.262719e-04, 7.506586e-04
25.065246, -1.304342e-04, 6.636432e-04, -4.639520e-04, 8.605844e-04
25.080586, -4.754657e-05, 7.681786e-04, -3.819879e-04, 9.506039e-04
25.095926, 5.171763e-05, 8.665553e-04, -2.948181e-04, 1.015973e-03
25.111265, 1.506991e-04, 9.649171e-04, -2.154131e-04, 1.053520e-03
25.126605, 2.334251e-04, 1.068841e-03, -1.541214e-04, 1.062425e-03
25.141945, 2.860168e-04, 1.181398e-03, -1.179130e-04, 1.044576e-03
25.157285, 2.975678e-04, 1.301352e-03, -1.100471e-04, 1.004411e-03
25.172625, 2.605982e-04, 1.422028e-03, -1.301351e-04, 9.482565e-04
25.187965, 1.712694e-04, 1.531318e-03, -1.745085e-04, 8.833011e-04
25.203304, 2.954159e-05, 1.613001e-03, -2.367852e-04, 8.164027e-04
25.218644, -1.606292e-04, 1.649257e-03, -3.085335e-04, 7.529609e-04
25.233984, -3.910910e-04, 1.623911e-03, -3.799730e-04, 6.960675e-04
25.249324, -6.494464e-04, 1.525703e-03, -4.407109e-04, 6.460893e-04
25.264664, -9.193648e-04, 1.350863e-03, -4.805607e-04, 6.007584e-04
25.280003, -1.181447e-03, 1.104418e-03, -4.905003e-04, 5.557591e-04
25.295343, -1.414722e-03, 7.999347e-04, -4.637760e-04, 5.057084e-04
25.310683, -1.598707e-03, 4.578246e-04, -3.970754e-04, 4.453511e-04
25.326023, -1.715772e-03, 1.026073e-04, -2.915857e-04, 3.707252e-04
25.341363, -1.753443e-03, -2.402335e-04, -1.536731e-04, 2.800451e-04
25.356702, -1.706239e-03, -5.471873e-04, 5.104221e-06, 1.740864e-04
25.372042, -1.576684e-03, -7.989755e-04, 1.688590e-04, 5.596273e-05
25.387382, -1.375263e-03, -9.819203e-04, 3.191649e-04, -6.966828e-05
25.402722, -1.119303e-03, -1.088476e-03, 4.376134e-04, -1.977622e-04
25.418062, -8.309283e-04, -1.117158e-03, 5.087612e-04, -3.240715e-04
25.433401, -5.343956e-04, -1.072159e-03, 5.229271e-04, -4.459803e-04
25.448741, -2.532089e-04, -9.628527e-04, 4.782470e-04, -5.626865e-04
25.464081, -7.415838e-06, -8.032437e-04, 3.814871e-04, -6.746156e-04
25.479421, 1.885612e-04, -6.112425e-04, 2.473296e-04, -7.821983e-04
25.494761, 3.273210e-04, -4.075797e-04, 9.614862e-05, -8.843864e-04
25.510101, 4.089860e-04, -2.141943e-04, -4.937466e-05, -9.774220e-04
25.525440, 4.408118e-04, -5.209714e-05, -1.681736e-04, -1.054355e-03
25.540780, 4.360019e-04, 6.107392e-05, -2.444831e-04, -1.105620e-03
25.556120, 4.119051e-04, 1.133885e-04, -2.705441e-04, -1.120680e-03
25.571460, 3.878095e-04, 1.003245e-04, -2.477622e-04, -1.090387e-03
25.586800, 3.825693e-04, 2.536506e-05, -1.860842e-04, -1.009459e-03
25.602139, 4.123059e-04, -1.007688e-04, -1.017422e-04, -8.783771e-04
25.617479, 4.884177e-04, -2.621867e-04, -1.387501e-05, -7.041256e-04
25.632819, 6.161060e-04, -4.408067e-04, 5.922682e-05, -4.994816e-04
25.648159, 7.935799e-04, -6.195992e-04, 1.034436e-04, -2.809730e-04
25.663499, 1.012056e-03, -7.853660e-04, 1.110309e-04, -6.597848e-05
25.678838, 1.256582e-03, -9.304379e-04, 8.131438e-05, 1.303149e-04
25.694178, 1.507622e-03, -1.052954e-03, 1.986039e-05, 2.973507e-04
25.709518, 1.743240e-03, -1.155752e-03, -6.353067e-05, 4.304644e-04
25.724858, 1.941624e-03, -1.244253e-03, -1.574122e-04, 5.307109e-04
25.740198, 2.083651e-03, -1.323944e-03, -2.511803e-04, 6.033824e-04
25.755537, 2.155125e-03, -1.398144e-03, -3.368866e-04, 6.556630e-04
25.770877, 2.148393e-03, -1.466580e-03, -4.100463e-04, 6.940538e-04
25.786217, 2.063106e-03, -1.525056e-03, -4.694286e-04, 7.222156e-04
25.801557, 1.906019e-03, -1.566184e-03, -5.160867e-04, 7.397323e-04
25.816897, 1.689855e-03, -1.580864e-03, -5.520473e-04, 7.420453e-04
25.832236, 1.431446e-03, -1.560070e-03, -5.790994e-04, 7.215241e-04
25.847576, 1.149418e-03, -1.496479e-03, -5.979980e-04, 6.693892e-04
25.862916, 8.618208e-04, -1.385611e-03, -6.082013e-04, 5.780517e-04
25.878256, 5.840564e-04, -1.226348e-03, -6.080634e-04, 4.433831e-04
25.893596, 3.274307e-04, -1.020897e-03, -5.952872e-04, 2.664736e-04
25.908936, 9.852651e-05, -7.743881e-04, -5.674174e-04, 5.455532e-05
25.924275, -1.005635e-04, -4.943412e-04, -5.222270e-04, -1.790835e-04
25.939615, -2.712696e-04, -1.901833e-04, -4.579705e-04, -4.162105e-04
25.954955, -4.171104e-04, 1.271329e-04, -3.735830e-04, -6.356635e-04
25.970295, -5.421446e-04, 4.454660e-04, -2.689362e-04, -8.160108e-04
25.985635, -6.496764e-04, 7.519151e-04, -1.452112e-04, -9.384986e-04
26.000974, -7.414932e-04, 1.033482e-03, -5.343037e-06, -9.898557e-04
26.016314, -8.177653e-04, 1.278032e-03, 1.456257e-04, -9.645013e-04
26.031654, -8.775581e-04, 1.475493e-03, 3.005103e-04, -8.657437e-04
26.046994, -9.197370e-04, 1.619116e-03, 4.504620e-04, -7.056721e-04
26.062334, -9.439437e-04, 1.706518e-03, 5.860152e-04, -5.036465e-04
26.077673, -9.513094e-04, 1.740226e-03, 6.985609e-04, -2.835315e-04
26.093013, -9.446704e-04, 1.727530e-03, 7.819207e-04, -7.007391e-05
26.108353, -9.282105e-04, 1.679539e-03, 8.335848e-04, 1.149730e-04
26.123693, -9.066310e-04, 1.609588e-03, 8.552057e-04, 2.562740e-04
26.139033, -8.841015e-04, 1.531227e-03, 8.521099e-04, 3.472250e-04
26.154372, -8.633086e-04, 1.456202e-03, 8.318700e-04, 3.906844e-04
26.169712, -8.448822e-04, 1.392796e-03, 8.022575e-04, 3.979558e-04
26.185052, -8.273579e-04, 1.344893e-03, 7.691141e-04, 3.862060e-04
26.200392, -8.076709e-04, 1.311925e-03, 7.347371e-04, 3.748313e-04
26.215732, -7.820314e-04, 1.289704e-03, 6.972609e-04, 3.815028e-04
26.231071, -7.469284e-04, 1.271932e-03, 6.512400e-04, 4.186759e-04
26.246411, -7.000017e-04, 1.252040e-03, 5.892996e-04, 4.912325e-04
26.261751, -6.405909e-04, 1.224936e-03, 5.044105e-04, 5.956669e-04
26.277091, -5.698836e-04, 1.188268e-03, 3.921608e-04, 7.208925e-04
26.292431, -4.906974e-04, 1.142935e-03, 2.523897e-04, 8.504142e-04
26.307771, -4.070096e-04, 1.092720e-03, 8.973587e-05, 9.653665e-04
26.323110, -3.233774e-04, 1.043153e-03, -8.703702e-05, 1.047809e-03
26.338450, -2.443570e-04, 9.998291e-04, -2.667257e-04, 1.083686e-03
26.353790, -1.739712e-04, 9.665569e-04, -4.378984e-04, 1.065007e-03
26.369130, -1.152331e-04, 9.437344e-04, -5.910123e-04, 9.909729e-04
26.384470, -6.971773e-05, 9.273199e-04, -7.198701e-04, 8.679999e-04
26.399809, -3.719948e-05, 9.086635e-04, -8.220724e-04, 7.087317e-04
26.415149, -1.542441e-05, 8.753221e-04, -8.984342e-04, 5.302321e-04
26.430489, -1.334850e-07, 8.127992e-04, -9.516404e-04, 3.516207e-04
26.445829, 1.454091e-05, 7.069743e-04, -9.846292e-04, 1.914415e-04
26.461169, 3.524555e-05, 5.468255e-04, -9.992475e-04, 6.507182e-05
26.476508, 6.819726e-05, 3.269487e-04, -9.956048e-04, -1.750030e-05
26.491848, 1.177814e-04, 4.934549e-05, -9.722992e-04, -5.320808e-05
26.507188, 1.852612e-04, -2.759654e-04, -9.273962e-04, -4.647249e-05
26.522528, 2.679475e-04, -6.317665e-04, -8.597933e-04, -8.639526e-06
26.537868, 3.591183e-04, -9.958730e-04, -7.704823e-04, 4.370836e-05
26.553207, 4.488199e-04, -1.344445e-03, -6.632599e-04, 9.135940e-05
26.568547, 5.254668e-04, -1.655774e-03, -5.446275e-04, 1.155928e-04
26.583887, 5.779456e-04, -1.913779e-03, -4.228939e-04, 1.012703e-04
26.599227, 5.977685e-04, -2.110450e-03, -3.067457e-04, 3.932962e-05
26.614567, 5.807818e-04, -2.246676e-03, -2.037140e-04, -7.179436e-05
26.629906, 5.280242e-04, -2.331257e-03, -1.189782e-04, -2.260917e-04
26.645246, 4.455302e-04, -2.378313e-03, -5.481858e-05, -4.112424e-04
26.660586, 3.431154e-04, -2.403655e-03, -1.079061e-05, -6.109439e-04
26.675926, 2.324284e-04, -2.420989e-03, 1.554555e-05, -8.078068e-04
26.691266, 1.247161e-04, -2.438763e-03, 2.767462e-05, -9.862208e-04
26.706606, 2.880452e-05, -2.458354e-03, 2.933028e-05, -1.134623e-03
26.721945, -5.028521e-05, -2.473898e-03, 2.413001e-05, -1.246747e-03
26.737285, -1.118295e-04, -2.473698e-03, 1.571426e-05, -1.321686e-03
26.752625, -1.589667e-04, -2.442782e-03, 8.235169e-06, -1.362844e-03
26.767965, -1.975086e-04, -2.365971e-03, 6.876825e-06, -1.376128e-03
26.783305, -2.343267e-04, -2.230811e-03, 1.804604e-05, -1.367837e-03
26.798644, -2.756981e-04, -2.029835e-03, 4.896275e-05, -1.342785e-03
26.813984, -3.259575e-04, -1.761869e-03, 1.065810e-04, -1.303087e-03
26.829324, -3.866956e-04, -1.432316e-03, 1.960198e-04, -1.247866e-03
26.844664, -4.565969e-04, -1.052590e-03, 3.188901e-04, -1.173908e-03
26.860004, -5.318547e-04, -6.389149e-04, 4.719999e-04, -1.077070e-03
26.875343, -6.069930e-04, -2.107637e-04, 6.468806e-04, -9.540458e-04
26.890683, -6.758729e-04, 2.108592e-04, 8.304045e-04, -8.040412e-04
26.906023, -7.326606e-04, 6.051591e-04, 1.006504e-03, -6.299318e-04
26.921363, -7.725815e-04, 9.532147e-04, 1.158717e-03, -4.386126e-04
26.936703, -7.923558e-04, 1.239483e-03, 1.273069e-03, -2.404546e-04
26.952042, -7.902988e-04, 1.453051e-03, 1.340682e-03, -4.799754e-05
26.967382, -7.661272e-04, 1.588517e-03, 1.359543e-03, 1.258218e-04
26.982722, -7.205674e-04, 1.646402e-03, 1.335013e-03, 2.695142e-04
26.998062, -6.548904e-04, 1.633025e-03, 1.278938e-03, 3.745856e-04
27.013402, -5.705130e-04, 1.559839e-03, 1.207517e-03, 4.365240e-04
27.028741, -4.687834e-04, 1.442321e-03, 1.138332e-03, 4.551194e-04
27.044081, -3.510315e-04, 1.298525e-03, 1.087158e-03, 4.341722e-04
27.059421, -2.189024e-04, 1.147492e-03, 1.065153e-03, 3.807642e-04
27.074761, -7.490423e-05, 1.007633e-03, 1.076993e-03, 3.043131e-04
27.090101, 7.698785e-05, 8.952116e-04, 1.120251e-03, 2.156030e-04
27.105441, 2.308904e-04, 8.229917e-04, 1.186068e-03, 1.259037e-04
27.120780, 3.789618e-04, 7.991111e-04, 1.260883e-03, 4.621077e-05
27.136120, 5.119120e-04, 8.262394e-04, 1.328827e-03, -1.343525e-05
27.151460, 6.201149e-04, 9.011258e-04, 1.374238e-03, -4.460540e-05
27.166800, 6.951889e-04, 1.014656e-03, 1.383847e-03, -4.113976e-05
27.182140, 7.317373e-04, 1.152535e-03, 1.348292e-03, 2.363927e-07
27.197479, 7.288297e-04, 1.296664e-03, 1.262820e-03, 7.944009e-05
27.212819, 6.907997e-04, 1.427141e-03, 1.127199e-03, 1.928360e-04
27.228159, 6.270432e-04, 1.524712e-03, 9.450388e-04, 3.334372e-04
27.243499, 5.507281e-04, 1.573323e-03, 7.227702e-04, 4.915513e-04
27.258839, 4.766047e-04, 1.562356e-03, 4.685112e-04, 6.558192e-04
27.274178, 4.183618e-04, 1.488148e-03, 1.910269e-04, 8.144958e-04
27.289518, 3.861258e-04, 1.354478e-03, -1.011105e-04, 9.567601e-04
27.304858, 3.847013e-04, 1.171891e-03, -4.001059e-04, 1.073827e-03
27.320198, 4.129912e-04, 9.559926e-04, -6.992676e-04, 1.159684e-03
27.335538, 4.647393e-04, 7.250063e-04, -9.930849e-04, 1.211355e-03
27.350877, 5.303912e-04, 4.970812e-04, -1.277073e-03, 1.228724e-03
27.366217, 5.995752e-04, 2.878365e-04, -1.547419e-03, 1.214009e-03
27.381557, 6.635445e-04, 1.085772e-04, -1.800482e-03, 1.171065e-03
27.396897, 7.169359e-04, -3.456476e-05, -2.032259e-03, 1.104683e-03
27.412237, 7.584064e-04, -1.405218e-04, -2.237933e-03, 1.020028e-03
27.427576, 7.900305e-04, -2.123813e-04, -2.411684e-03, 9.222881e-04
27.442916, 8.157052e-04, -2.559902e-04, -2.546876e-03, 8.165378e-04
27.458256, 8.390793e-04, -2.784529e-04, -2.636703e-03, 7.077569e-04
27.473596, 8.616517e-04, -2.868586e-04, -2.675239e-03, 6.008937e-04
27.488936, 8.816211e-04, -2.874567e-04, -2.658738e-03, 5.008618e-04
27.504276, 8.938339e-04, -2.853373e-04, -2.586946e-03, 4.123720e-04
27.519615, 8.908472e-04, -2.845181e-04, -2.464093e-03, 3.395555e-04
27.534955, 8.647998e-04, -2.882300e-04, -2.299314e-03, 2.853988e-04
27.550295, 8.095624e-04, -2.991585e-04, -2.106283e-03, 2.510812e-04
27.565635, 7.225664e-04, -3.194476e-04, -1.901991e-03, 2.353675e-04
27.580975, 6.058134e-04, -3.503868e-04, -1.704775e-03, 2.342426e-04
27.596314, 4.658038e-04, -3.918499e-04, -1.531810e-03, 2.409556e-04
27.611654, 3.124206e-04, -4.416782e-04, -1.396427e-03, 2.465851e-04
27.626994, 1.570663e-04, -4.952854e-04, -1.305696e-03, 2.411296e-04
27.642334, 1.052362e-05, -5.457466e-04, -1.258684e-03, 2.150038e-04
27.657674, -1.189519e-04, -5.845344e-04, -1.245800e-03, 1.607008e-04
27.673013, -2.268864e-04, -6.028917e-04, -1.249469e-03, 7.429969e-05
27.688353, -3.129613e-04, -5.936329e-04, -1.246210e-03, -4.350734e-05
27.703693, -3.804967e-04, -5.529980e-04, -1.209938e-03, -1.871316e-04
27.719033, -4.352324e-04, -4.820920e-04, -1.116078e-03, -3.466771e-04
27.734373, -4.837367e-04, -3.874842e-04, -9.458405e-04, -5.093547e-04
27.749712, -5.318242e-04, -2.806953e-04, -6.899208e-04, -6.614965e-04
27.765052, -5.833301e-04, -1.765531e-04, -3.508727e-04, -7.908060e-04
27.780392, -6.394763e-04, -9.067575e-05, 5.637568e-05, -8.884162e-04
27.795732, -6.989217e-04, -3.658138e-05, 5.060990e-04, -9.503468e-04
27.811072, -7.584293e-04, -2.305187e-05, 9.652724e-04, -9.780522e-04
27.826411, -8.139386e-04, -5.235398e-05, 1.398425e-03, -9.779349e-04
27.841751, -8.617445e-04, -1.197462e-04, 1.772993e-03, -9.598974e-04
27.857091, -8.994620e-04, -2.144145e-04, 2.064200e-03, -9.352112e-04
27.872431, -9.265158e-04, -3.216494e-04, 2.258591e-03, -9.141297e-04
27.887771, -9.440131e-04, -4.257872e-04, 2.355591e-03, -9.037452e-04
27.903111, -9.540249e-04, -5.132625e-04, 2.366904e-03, -9.065529e-04
27.918450, -9.584718e-04, -5.751043e-04, 2.313929e-03, -9.200413e-04
27.933790, -9.579376e-04, -6.083513e-04, 2.223802e-03, -9.374020e-04
27.949130, -9.507730e-04, -6.161255e-04, 2.124810e-03, -9.491944e-04
27.964470, -9.328015e-04, -6.064226e-04, 2.042022e-03, -9.455644e-04
27.979810, -8.977980e-04, -5.899639e-04, 1.993834e-03, -9.184731e-04
27.995149, -8.386997e-04, -5.776413e-04, 1.989860e-03, -8.633895e-04
28.010489, -7.493020e-04, -5.781314e-04, 2.030357e-03, -7.800456e-04
28.025829, -6.260406e-04, -5.961622e-04, 2.107042e-03, -6.721090e-04
28.041169, -4.694110e-04, -6.317192e-04, 2.204990e-03, -5.459358e-04
28.056509, -2.846412e-04, -6.802397e-04, 2.305184e-03, -4.088219e-04
28.071848, -8.141160e-05, -7.336269e-04, 2.387262e-03, -2.673116e-04
28.087188, 1.273484e-04, -7.817812e-04, 2.432073e-03, -1.260747e-04
28.102528, 3.273264e-04, -8.142993e-04, 2.423762e-03, 1.233172e-05
28.117868, 5.049430e-04, -8.220318e-04, 2.351205e-03, 1.467990e-04
28.133208, 6.492542e-04, -7.982850e-04, 2.208729e-03, 2.763832e-04
28.148547, 7.532568e-04, -7.395635e-04, 1.996156e-03, 3.988946e-04
28.163887, 8.143803e-04, -6.458397e-04, 1.718268e-03, 5.098904e-04
28.179227, 8.341640e-04, -5.203961e-04, 1.383846e-03, 6.024739e-04
28.194567, 8.173011e-04, -3.693197e-04, 1.004464e-03, 6.680448e-04
28.209907, 7.703402e-04, -2.007434e-04, 5.932328e-04, 6.978507e-04
28.225246, 7.003573e-04, -2.393970e-05, 1.636647e-04, 6.849445e-04
28.240586, 6.138503e-04, 1.516147e-04, -2.712100e-04, 6.260372e-04
28.255926, 5.159906e-04, 3.170812e-04, -6.993894e-04, 5.227739e-04
28.271266, 4.102620e-04, 4.648963e-04, -1.110098e-03, 3.821270e-04
28.286606, 2.984373e-04, 5.891362e-04, -1.493688e-03, 2.158328e-04
28.301946, 1.808206e-04, 6.856026e-04, -1.841355e-03, 3.901844e-05
28.317285, 5.668391e-05, 7.516911e-04, -2.144799e-03, -1.316732e-04
28.332625, -7.514898e-05, 7.861561e-04, -2.395976e-03, -2.800979e-04
28.347965, -2.156101e-04, 7.888967e-04, -2.587085e-03, -3.924395e-04
28.363305, -3.646513e-04, 7.608535e-04, -2.710857e-03, -4.586210e-04
28.378645, -5.205757e-04, 7.040320e-04, -2.761156e-03, -4.731743e-04
28.393984, -6.795843e-04, 6.215951e-04, -2.733844e-03, -4.355424e-04
28.409324, -8.356913e-04, 5.179160e-04, -2.627743e-03, -3.498494e-04
28.424664, -9.811147e-04, 3.984814e-04, -2.445492e-03, -2.242062e-04
28.440004, -1.107148e-03, 2.695857e-04, -2.194095e-03, -6.964165e-05
28.455344, -1.205381e-03, 1.378455e-04, -1.884955e-03, 1.012238e-04
28.470683, -1.269033e-03, 9.646304e-06, -1.533332e-03, 2.756086e-04
28.486023, -1.294087e-03, -1.093242e-04, -1.157253e-03, 4.419202e-04
28.501363, -1.279961e-03, -2.143178e-04, -7.760331e-04, 5.908271e-04
28.516703, -1.229548e-03, -3.014765e-04, -4.086857e-04, 7.158798e-04
28.532043, -1.148621e-03, -3.675371e-04, -7.247050e-05, 8.135872e-04
28.547382, -1.044765e-03, -4.094354e-04, 2.181932e-04, 8.829704e-04
28.562722, -9.261060e-04, -4.240126e-04, 4.523639e-04, 9.247429e-04
28.578062, -8.001252e-04, -4.080077e-04, 6.228088e-04, 9.403539e-04
28.593402, -6.728018e-04, -3.584434e-04, 7.259816e-04, 9.311693e-04
28.608742, -5.481881e-04, -2.733837e-04, 7.619375e-04, 8.980137e-04
28.624082, -4.283954e-04, -1.529110e-04, 7.343156e-04, 8.411812e-04
28.639421, -3.138595e-04, -7.341281e-08, 6.504012e-04, 7.608721e-04
28.654761, -2.037236e-04, 1.784781e-04, 5.211483e-04, 6.578803e-04
28.670101, -9.620429e-05, 3.723991e-04, 3.609466e-04, 5.342829e-04
28.685441, 1.111694e-05, 5.682382e-04, 1.869156e-04, 3.938887e-04
28.700781, 1.210529e-04, 7.506857e-04, 1.760265e-05, 2.422860e-04
28.716120, 2.365395e-04, 9.043165e-04, -1.288582e-04, 8.646132e-05
28.731460, 3.602557e-04, 1.015541e-03, -2.368836e-04, -6.590866e-05
28.746800, 4.941125e-04, 1.074424e-03, -2.954957e-04, -2.073119e-04
28.762140, 6.386641e-04, 1.076036e-03, -2.998743e-04, -3.312003e-04
28.777480, 7.925676e-04, 1.021095e-03, -2.520662e-04, -4.325829e-04
28.792819, 9.522526e-04, 9.157896e-04, -1.606848e-04, -5.083530e-04
28.808159, 1.111947e-03, 7.708265e-04, -3.964346e-05, -5.573804e-04
28.823499, 1.264129e-03, 5.999097e-04, 9.385248e-05, -5.804488e-04
28.838839, 1.400391e-03, 4.179276e-04, 2.217142e-04, -5.801171e-04
28.854179, 1.512575e-03, 2.391758e-04, 3.274071e-04, -5.605330e-04
28.869518, 1.594025e-03, 7.589058e-05, 3.980874e-04, -5.271586e-04
28.884858, 1.640698e-03, -6.272236e-05, 4.261922e-04, -4.863174e-04
28.900198, 1.651958e-03, -1.709003e-04, 4.103243e-04, -4.444816e-04
28.915538, 1.630874e-03, -2.462207e-04, 3.553448e-04, -4.072915e-04
28.930878, 1.583944e-03, -2.891041e-04, 2.716545e-04, -3.784233e-04
28.946217, 1.520232e-03, -3.020764e-04, 1.737135e-04, -3.585438e-04
28.961557, 1.450019e-03, -2.889389e-04, 7.793687e-05, -3.446763e-04
28.976897, 1.383135e-03, -2.539634e-04, 2.062436e-07, -3.302831e-04
28.992237, 1.327249e-03, -2.012005e-04, -4.665433e-05, -3.062520e-04
29.007577, 1.286407e-03, -1.339693e-04, -5.502129e-05, -2.627483e-04
29.022917, 1.260123e-03, -5.457946e-05, -2.382821e-05, -1.916511e-04
29.038256, 1.243258e-03, 3.567566e-05, 4.116173e-05, -8.907170e-05
29.053596, 1.226763e-03, 1.362405e-04, 1.282732e-04, 4.265432e-05
29.068936, 1.199221e-03, 2.467647e-04, 2.218882e-04, 1.940644e-04
29.084276, 1.148904e-03, 3.664091e-04, 3.050997e-04, 3.491175e-04
29.099616, 1.065977e-03, 4.931411e-04, 3.625329e-04, 4.872416e-04
29.114955, 9.444029e-04, 6.232018e-04, 3.828009e-04, 5.865845e-04
29.130295, 7.831831e-04, 7.509156e-04, 3.601652e-04, 6.278799e-04
29.145635, 5.867043e-04, 8.689504e-04, 2.951736e-04, 5.981763e-04
29.160975, 3.641733e-04, 9.690305e-04, 1.942845e-04, 4.936859e-04
29.176315, 1.282928e-04, 1.042983e-03, 6.868738e-05, 3.211858e-04
29.191654, -1.065260e-04, 1.083897e-03, -6.736866e-05, 9.768901e-05
29.206994, -3.260724e-04, 1.087136e-03, -1.984206e-04, -1.515636e-04
29.222334, -5.180624e-04, 1.050959e-03, -3.095743e-04, -3.964370e-04
29.237674, -6.734714e-04, 9.766003e-04, -3.880919e-04, -6.059980e-04
29.253014, -7.873695e-04, 8.678079e-04, -4.247395e-04, -7.527222e-04
29.268353, -8.592403e-04, 7.299634e-04, -4.148755e-04, -8.161908e-04
29.283693, -8.928216e-04, 5.690330e-04, -3.592129e-04, -7.857694e-04
29.299033, -8.955136e-04, 3.906311e-04, -2.641244e-04, -6.619418e-04
29.314373, -8.774007e-04, 1.994471e-04, -1.413134e-04, -4.561644e-04
29.329713, -8.499450e-04, -8.249837e-07, -6.705426e-06, -1.893036e-04
29.345052, -8.244515e-04, -2.070630e-04, 1.214674e-04, 1.111071e-04
29.360392, -8.104754e-04, -4.159594e-04, 2.252121e-04, 4.144020e-04
29.375732, -8.143987e-04, -6.231958e-04, 2.895600e-04, 6.906094e-04
29.391072, -8.384472e-04, -8.228549e-04, 3.050486e-04, 9.140193e-04
29.406412, -8.803801e-04, -1.007327e-03, 2.693448e-04, 1.065973e-03
29.421752, -9.339788e-04, -1.167837e-03, 1.875898e-04, 1.136475e-03
29.437091, -9.902905e-04, -1.295560e-03, 7.133256e-05, 1.124425e-03
29.452431, -1.039406e-03, -1.383103e-03, -6.373180e-05, 1.036540e-03
29.467771, -1.072412e-03, -1.426025e-03, -2.006903e-04, 8.852810e-04
29.483111, -1.083092e-03, -1.424021e-03, -3.243056e-04, 6.862793e-04
29.498451, -1.069007e-03, -1.381440e-03, -4.231956e-04, 4.558448e-04
29.513790, -1.031735e-03, -1.306975e-03, -4.908349e-04, 2.090482e-04
29.529130, -9.762341e-04, -1.212543e-03, -5.252671e-04, -4.132037e-05
29.544470, -9.095168e-04, -1.111577e-03, -5.277990e-04, -2.848828e-04
29.559810, -8.389575e-04, -1.017089e-03, -5.012319e-04, -5.131160e-04
29.575150, -7.706285e-04, -9.398915e-04, -4.482848e-04, -7.184960e-04
29.590489, -7.080366e-04, -8.873273e-04, -3.707546e-04, -8.937690e-04
29.605829, -6.515181e-04, -8.626771e-04, -2.696724e-04, -1.031681e-03
29.621169, -5.984039e-04, -8.652557e-04, -1.463375e-04, -1.125293e-03
29.636509, -5.439039e-04, -8.910319e-04, -3.782855e-06, -1.168786e-03
29.651849, -4.825159e-04, -9.335202e-04, 1.519465e-04, -1.158478e-03
29.667188, -4.096649e-04, -9.846921e-04, 3.112866e-04, -1.093709e-03
29.682528, -3.232371e-04, -1.035737e-03, 4.617658e-04, -9.772868e-04
29.697868, -2.246892e-04, -1.077626e-03, 5.897214e-04, -8.153333e-04
29.713208, -1.194789e-04, -1.101551e-03, 6.827376e-04, -6.165705e-04
29.728548, -1.668004e-05, -1.099353e-03, 7.321704e-04, -3.912598e-04
29.743887, 7.219973e-05, -1.064061e-03, 7.350705e-04, -1.500976e-04
29.759227, 1.350250e-04, -9.905718e-04, 6.949697e-04, 9.663057e-05
29.774567, 1.611505e-04, -8.763858e-04, 6.213057e-04, 3.394399e-04
29.789907, 1.434495e-04, -7.222476e-04, 5.276332e-04, 5.695539e-04
29.805247, 7.984296e-05, -5.324941e-04, 4.290821e-04, 7.784812e-04
29.820587, -2.599753e-05, -3.149673e-04, 3.396879e-04, 9.575388e-04
29.835926, -1.649301e-04, -8.044306e-05, 2.701923e-04, 1.097640e-03
29.851266, -3.235624e-04, 1.583412e-04, 2.267336e-04, 1.189603e-03
29.866606, -4.861585e-04, 3.878823e-04, 2.105728e-04, 1.225087e-03
29.881946, -6.368350e-04, 5.951093e-04, 2.187265e-04, 1.198042e-03
29.897286, -7.615989e-04, 7.683991e-04, 2.451913e-04, 1.106396e-03
29.912625, -8.498530e-04, 8.983072e-04, 2.823850e-04, 9.535156e-04
29.927965, -8.951517e-04, 9.780238e-04, 3.224883e-04, 7.490058e-04
29.943305, -8.951889e-04, 1.003651e-03, 3.584957e-04, 5.084638e-04
29.958645, -8.511918e-04, 9.744239e-04, 3.849275e-04, 2.520445e-04
29.973985, -7.670115e-04, 8.929592e-04, 3.982540e-04, 1.968973e-06
29.989324, -6.482144e-04, 7.655175e-04, 3.970960e-04, -2.206137e-04
30.004664, -5.013975e-04, 6.021718e-04, 3.822325e-04, -3.987956e-04
30.020004, -3.338116e-04, 4.166899e-04, 3.563850e-04, -5.224375e-04
30.035344, -1.532308e-04, 2.259387e-04, 3.237176e-04, -5.894885e-04
30.050684, 3.209789e-05, 4.869615e-05, 2.890169e-04, -6.057971e-04
30.066023, 2.136149e-04, -9.610344e-05, 2.566060e-04, -5.834619e-04
30.081363, 3.828468e-04, -1.914994e-04, 2.291737e-04, -5.381116e-04
30.096703, 5.320600e-04, -2.246789e-04, 2.068057e-04, -4.857482e-04
30.112043, 6.550679e-04, -1.887957e-04, 1.865298e-04, -4.398615e-04
30.127383, 7.480023e-04, -8.406117e-05, 1.626192e-04, -4.094127e-04
30.142722, 8.098389e-04, 8.214328e-05, 1.277239e-04, -3.980212e-04
30.158062, 8.425190e-04, 2.961991e-04, 7.466856e-05, -4.043638e-04
30.173402, 8.506201e-04, 5.400979e-04, -1.467730e-06, -4.234975e-04
30.188742, 8.406389e-04, 7.938959e-04, -1.015113e-04, -4.486357e-04
30.204082, 8.200469e-04, 1.038356e-03, -2.211172e-04, -4.728736e-04
30.219422, 7.963168e-04, 1.257335e-03, -3.508369e-04, -4.904807e-04
30.234761, 7.761015e-04, 1.439517e-03, -4.774467e-04, -4.975811e-04
30.250101, 7.646740e-04, 1.579235e-03, -5.863332e-04, -4.922601e-04
30.265441, 7.656474e-04, 1.676250e-03, -6.644428e-04, -4.742886e-04
30.280781, 7.809251e-04, 1.734600e-03, -7.031299e-04, -4.447130e-04
30.296121, 8.107885e-04, 1.760736e-03, -7.002242e-04, -4.055082e-04
30.311460, 8.540348e-04, 1.761367e-03, -6.607923e-04, -3.593713e-04
30.326800, 9.081163e-04, 1.741453e-03, -5.963636e-04, -3.096120e-04
30.342140, 9.692893e-04, 1.702799e-03, -5.227514e-04, -2.600157e-04
30.357480, 1.032822e-03, 1.643587e-03, -4.569300e-04, -2.145493e-04
30.372820, 1.093318e-03, 1.558970e-03, -4.136480e-04, -1.768450e-04
30.388159, 1.145187e-03, 1.442636e-03, -4.025220e-04, -1.495084e-04
30.403499, 1.183249e-03, 1.288989e-03, -4.262361e-04, -1.334017e-04
30.418839, 1.203397e-03, 1.095416e-03, -4.802086e-04, -1.271122e-04
30.434179, 1.203178e-03, 8.640840e-04, -5.537412e-04, -1.268031e-04
30.449519, 1.182176e-03, 6.027628e-04, -6.323362e-04, -1.265707e-04
30.464858, 1.142087e-03, 3.244117e-04, -7.006184e-04, -1.193059e-04
30.480198, 1.086427e-03, 4.557073e-05, -7.451952e-04, -9.792786e-05
30.495538, 1.019934e-03, -2.161129e-04, -7.568514e-04, -5.675022e-05
30.510878, 9.477456e-04, -4.446578e-04, -7.316788e-04, 7.306472e-06
30.526218, 8.745257e-04, -6.281874e-04, -6.710286e-04, 9.393051e-05
30.541557, 8.036840e-04, -7.604948e-04, -5.804582e-04, 1.992610e-04
30.556897, 7.368341e-04, -8.414283e-04, -4.680696e-04, 3.164312e-04
30.572237, 6.735674e-04, -8.761055e-04, -3.427342e-04, 4.367398e-04
30.587577, 6.115633e-04, -8.732617e-04, -2.126602e-04, 5.512394e-04
30.602917, 5.469953e-04, -8.432328e-04, -8.459225e-05, 6.524264e-04
30.618257, 4.751536e-04, -7.961202e-04, 3.628422e-05, 7.356679e-04
30.633596, 3.911876e-04, -7.405656e-04, 1.458855e-04, 8.000329e-04
30.648936, 2.908646e-04, -6.833325e-04, 2.405290e-04, 8.483047e-04
30.664276, 1.712520e-04, -6.296227e-04, 3.163461e-04, 8.861241e-04
30.679616, 3.125071e-05, -5.838237e-04, 3.690961e-04, 9.204139e-04
30.694956, -1.280751e-04, -5.502728e-04, 3.945105e-04, 9.574156e-04
30.710295, -3.034090e-04, -5.336549e-04, 3.891066e-04, 1.000789e-03
30.725635, -4.893497e-04, -5.388098e-04, 3.512379e-04, 1.050233e-03
30.740975, -6.788227e-04, -5.699478e-04, 2.820507e-04, 1.100973e-03
30.756315, -8.636947e-04, -6.294986e-04, 1.860227e-04, 1.144273e-03
30.771655, -1.035527e-03, -7.169578e-04, 7.086834e-05, 1.168857e-03
30.786994, -1.186371e-03, -8.281189e-04, -5.324058e-05, 1.162920e-03
30.802334, -1.309511e-03, -9.549709e-04, -1.750054e-04, 1.116254e-03
30.817674, -1.400040e-03, -1.086356e-03, -2.836019e-04, 1.022008e-03
30.833014, -1.455211e-03, -1.209268e-03, -3.702004e-04, 8.777207e-04
30.848354, -1.474524e-03, -1.310512e-03, -4.290837e-04, 6.854946e-04
30.863693, -1.459557e-03, -1.378354e-03, -4.581478e-04, 4.514060e-04
30.879033, -1.413592e-03, -1.403842e-03, -4.587294e-04, 1.844694e-04
30.894373, -1.341137e-03, -1.381601e-03, -4.348637e-04, -1.044588e-04
30.909713, -1.247414e-03, -1.310032e-03, -3.922023e-04, -4.034948e-04
30.925053, -1.137901e-03, -1.191045e-03, -3.368672e-04, -7.000902e-04
30.940392, -1.017986e-03, -1.029490e-03, -2.744879e-04, -9.809994e-04
30.955732, -8.927348e-04, -8.325030e-04, -2.095740e-04, -1.232112e-03
30.971072, -7.667599e-04, -6.089066e-04, -1.452545e-04, -1.438523e-03
30.986412, -6.441411e-04, -3.687295e-04, -8.330650e-05, -1.585186e-03
31.001752, -5.283550e-04, -1.228112e-04, -2.432302e-05, -1.658308e-03
31.017092, -4.221766e-04, 1.175889e-04, 3.212050e-05, -1.647416e-03
31.032431, -3.275496e-04, 3.412744e-04, 8.738350e-05, -1.547731e-03
31.047771, -2.454560e-04, 5.377379e-04, 1.437520e-04, -1.362295e-03
31.063111, -1.758486e-04, 6.979171e-04, 2.044099e-04, -1.103262e-03
31.078451, -1.177174e-04, 8.149960e-04, 2.732496e-04, -7.918244e-04
31.093791, -6.934521e-05, 8.851124e-04, 3.544117e-04, -4.565684e-04
31.109130, -2.877109e-05, 9.078123e-04, 4.515336e-04, -1.303235e-04
31.124470, 5.583232e-06, 8.861090e-04, 5.668173e-04, 1.540328e-04
31.139810, 3.424084e-05, 8.260725e-04, 7.001382e-04, 3.681258e-04
31.155150, 5.611587e-05, 7.359569e-04, 8.484706e-04, 4.921712e-04
31.170490, 6.825876e-05, 6.249824e-04, 1.005869e-03, 5.178459e-04
31.185829, 6.605039e-05, 5.019830e-04, 1.164104e-03, 4.494013e-04
31.201169, 4.391551e-05, 3.741942e-04, 1.313861e-03, 3.028079e-04
31.216509, -3.494406e-06, 2.464635e-04, 1.446214e-03, 1.030837e-04
31.231849, -7.982837e-05, 1.210994e-04, 1.553974e-03, -1.197064e-04
31.247189, -1.855531e-04, -1.559539e-06, 1.632520e-03, -3.350677e-04
31.262528, -3.167906e-04, -1.219532e-04, 1.679866e-03, -5.165073e-04
31.277868, -4.647867e-04, -2.397769e-04, 1.695950e-03, -6.450408e-04
31.293208, -6.162259e-04, -3.525506e-04, 1.681408e-03, -7.112264e-04
31.308548, -7.544471e-04, -4.547408e-04, 1.636287e-03, -7.154691e-04
31.323888, -8.614398e-04, -5.377981e-04, 1.559188e-03, -6.666533e-04
31.339227, -9.203362e-04, -5.912597e-04, 1.447223e-03, -5.794594e-04
31.354567, -9.179980e-04, -6.047699e-04, 1.296886e-03, -4.709384e-04
31.369907, -8.472559e-04, -5.705845e-04, 1.105634e-03, -3.570304e-04
31.385247, -7.084036e-04, -4.859361e-04, 8.736767e-04, -2.496898e-04
31.400587, -5.096660e-04, -3.546055e-04, 6.053890e-04, -1.551376e-04
31.415927, -2.665292e-04, -1.872065e-04, 3.098147e-04, -7.352394e-05
