x, 11, 12, 21, 22
0.100000, -2.438893e-01, -2.357173e-01, -2.357173e-01, -2.281163e-01
0.200000, -2.422425e-01, -2.341156e-01, -2.341156e-01, -2.265125e-01
0.300000, -2.395760e-01, -2.314883e-01, -2.314883e-01, -2.239167e-01
0.400000, -2.359282e-01, -2.278973e-01, -2.278973e-01, -2.203693e-01
0.500000, -2.313818e-01, -2.234200e-01, -2.234200e-01, -2.159540e-01
0.600000, -2.260261e-01, -2.181485e-01, -2.181485e-01, -2.107578e-01
0.700000, -2.199648e-01, -2.121851e-01, -2.121851e-01, -2.048856e-01
0.800000, -2.133058e-01, -2.056377e-01, -2.056377e-01, -1.984422e-01
0.900000, -2.061612e-01, -1.986177e-01, -1.986177e-01, -1.915387e-01
1.000000, -1.986442e-01, -1.912368e-01, -1.912368e-01, -1.842848e-01
1.100000, -1.908682e-01, -1.836056e-01, -1.836056e-01, -1.767902e-01
1.200000, -1.829408e-01, -1.758311e-01, -1.758311e-01, -1.691601e-01
1.300000, -1.749649e-01, -1.680146e-01, -1.680146e-01, -1.614943e-01
1.400000, -1.670347e-01, -1.602487e-01, -1.602487e-01, -1.538838e-01
1.500000, -1.592342e-01, -1.526162e-01, -1.526162e-01, -1.464103e-01
1.600000, -1.516356e-01, -1.451883e-01, -1.451883e-01, -1.391434e-01
1.700000, -1.442985e-01, -1.380229e-01, -1.380229e-01, -1.321404e-01
1.800000, -1.372691e-01, -1.311652e-01, -1.311652e-01, -1.254450e-01
1.900000, -1.305812e-01, -1.246478e-01, -1.246478e-01, -1.190887e-01
2.000000, -1.242563e-01, -1.184914e-01, -1.184914e-01, -1.130914e-01
2.100000, -1.183051e-01, -1.127059e-01, -1.127059e-01, -1.074625e-01
2.200000, -1.127282e-01, -1.072914e-01, -1.072914e-01, -1.022015e-01
2.300000, -1.075178e-01, -1.022396e-01, -1.022396e-01, -9.729979e-02
2.400000, -1.026583e-01, -9.753481e-02, -9.753481e-02, -9.274158e-02
2.500000, -9.812879e-02, -9.315584e-02, -9.315584e-02, -8.850541e-02
2.600000, -9.390302e-02, -8.907651e-02, -8.907651e-02, -8.456507e-02
2.700000, -8.995176e-02, -8.526759e-02, -8.526759e-02, -8.089117e-02
2.800000, -8.624383e-02, -8.169791e-02, -8.169791e-02, -7.745263e-02
2.900000, -8.274750e-02, -7.833586e-02, -7.833586e-02, -7.421799e-02
3.000000, -7.943160e-02, -7.515049e-02, -7.515049e-02, -7.115640e-02
3.100000, -7.626681e-02, -7.211279e-02, -7.211279e-02, -6.823910e-02
3.200000, -7.322641e-02, -6.919622e-02, -6.919622e-02, -6.543979e-02
3.300000, -7.028697e-02, -6.637752e-02, -6.637752e-02, -6.273559e-02
3.400000, -6.742850e-02, -6.363711e-02, -6.363711e-02, -6.010696e-02
3.500000, -6.463505e-02, -6.095922e-02, -6.095922e-02, -5.753858e-02
3.600000, -6.189443e-02, -5.833192e-02, -5.833192e-02, -5.501872e-02
3.700000, -5.919822e-02, -5.574713e-02, -5.574713e-02, -5.253952e-02
3.800000, -5.654182e-02, -5.320024e-02, -5.320024e-02, -5.009651e-02
3.900000, -5.392363e-02, -5.068990e-02, -5.068990e-02, -4.768836e-02
4.000000, -5.134481e-02, -4.821738e-02, -4.821738e-02, -4.531643e-02
4.100000, -4.880901e-02, -4.578636e-02, -4.578636e-02, -4.298446e-02
4.200000, -4.632152e-02, -4.340215e-02, -4.340215e-02, -4.069789e-02
4.300000, -4.388884e-02, -4.107123e-02, -4.107123e-02, -3.846321e-02
4.400000, -4.151812e-02, -3.880078e-02, -3.880078e-02, -3.628753e-02
4.500000, -3.921674e-02, -3.659807e-02, -3.659807e-02, -3.417807e-02
4.600000, -3.699170e-02, -3.447012e-02, -3.447012e-02, -3.214180e-02
4.700000, -3.484945e-02, -3.242326e-02, -3.242326e-02, -3.018488e-02
4.800000, -3.279530e-02, -3.046278e-02, -3.046278e-02, -2.831254e-02
4.900000, -3.083351e-02, -2.859268e-02, -2.859268e-02, -2.652874e-02
5.000000, -2.896661e-02, -2.681544e-02, -2.681544e-02, -2.483583e-02
5.100000, -2.719529e-02, -2.513176e-02, -2.513176e-02, -2.323450e-02
5.200000, -2.551829e-02, -2.354039e-02, -2.354039e-02, -2.172341e-02
5.300000, -2.393231e-02, -2.203797e-02, -2.203797e-02, -2.029936e-02
5.400000, -2.243183e-02, -2.061912e-02, -2.061912e-02, -1.895684e-02
5.500000, -2.100956e-02, -1.927646e-02, -1.927646e-02, -1.768857e-02
5.600000, -1.965629e-02, -1.800080e-02, -1.800080e-02, -1.648545e-02
5.700000, -1.836144e-02, -1.678168e-02, -1.678168e-02, -1.533696e-02
5.800000, -1.711355e-02, -1.560770e-02, -1.560770e-02, -1.423182e-02
5.900000, -1.590068e-02, -1.446701e-02, -1.446701e-02, -1.315835e-02
6.000000, -1.471101e-02, -1.334796e-02, -1.334796e-02, -1.210496e-02
6.100000, -1.353347e-02, -1.223952e-02, -1.223952e-02, -1.106081e-02
6.200000, -1.235803e-02, -1.113189e-02, -1.113189e-02, -1.001619e-02
6.300000, -1.117653e-02, -1.001697e-02, -1.001697e-02, -8.963183e-03
6.400000, -9.982889e-03, -8.888871e-03, -8.888871e-03, -7.895944e-03
6.500000, -8.773748e-03, -7.744298e-03, -7.744298e-03, -6.811369e-03
6.600000, -7.548731e-03, -6.583017e-03, -6.583017e-03, -5.709261e-03
6.700000, -6.310664e-03, -5.407901e-03, -5.407901e-03, -4.592634e-03
6.800000, -5.065550e-03, -4.225059e-03, -4.225059e-03, -3.467636e-03
6.900000, -3.822336e-03, -3.043437e-03, -3.043437e-03, -2.343269e-03
7.000000, -2.592344e-03, -1.874383e-03, -1.874383e-03, -1.230916e-03
7.100000, -1.388764e-03, -7.310798e-04, -7.310798e-04, -1.437286e-04
7.200000, -2.258757e-04, 3.722178e-04, 3.722178e-04, 9.040969e-04
7.300000, 8.813935e-04, 1.420765e-03, 1.420765e-03, 1.897919e-03
7.400000, 1.918256e-03, 2.399950e-03, 2.399950e-03, 2.823362e-03
7.500000, 2.870535e-03, 3.295870e-03, 3.295870e-03, 3.666774e-03
7.600000, 3.725185e-03, 4.095794e-03, 4.095794e-03, 4.415693e-03
7.700000, 4.470775e-03, 4.788606e-03, 4.788606e-03, 5.059320e-03
7.800000, 5.097962e-03, 5.365258e-03, 5.365258e-03, 5.588940e-03
7.900000, 5.599846e-03, 5.819108e-03, 5.819108e-03, 5.998229e-03
8.000000, 5.972265e-03, 6.146257e-03, 6.146257e-03, 6.283505e-03
8.100000, 6.213948e-03, 6.345715e-03, 6.345715e-03, 6.444005e-03
8.200000, 6.326668e-03, 6.419453e-03, 6.419453e-03, 6.481961e-03
8.300000, 6.315092e-03, 6.372375e-03, 6.372375e-03, 6.402428e-03
8.400000, 6.186608e-03, 6.212014e-03, 6.212014e-03, 6.213090e-03
8.500000, 5.950970e-03, 5.948213e-03, 5.948213e-03, 5.923907e-03
8.600000, 5.619881e-03, 5.592729e-03, 5.592729e-03, 5.546655e-03
8.700000, 5.206626e-03, 5.158795e-03, 5.158795e-03, 5.094536e-03
8.800000, 4.725500e-03, 4.660637e-03, 4.660637e-03, 4.581696e-03
8.900000, 4.191416e-03, 4.113035e-03, 4.113035e-03, 4.022757e-03
9.000000, 3.619467e-03, 3.530890e-03, 3.530890e-03, 3.432458e-03
9.100000, 3.024505e-03, 2.928837e-03, 2.928837e-03, 2.825195e-03
9.200000, 2.420789e-03, 2.320862e-03, 2.320862e-03, 2.214713e-03
9.300000, 1.821606e-03, 1.719959e-03, 1.719959e-03, 1.613710e-03
9.400000, 1.239020e-03, 1.137866e-03, 1.137866e-03, 1.033604e-03
9.500000, 6.835832e-04, 5.847988e-04, 5.847988e-04, 4.842338e-04
9.600000, 1.642530e-04, 6.931759e-05, 6.931759e-05, -2.612646e-05
9.700000, -3.117682e-04, -4.017090e-04, -4.017090e-04, -4.910421e-04
9.800000, -7.390422e-04, -8.231722e-04, -8.231722e-04, -9.056669e-04
9.900000, -1.113805e-03, -1.191618e-03, -1.191618e-03, -1.266888e-03
10.000000, -1.433892e-03, -1.505191e-03, -1.505191e-03, -1.573148e-03
10.100000, -1.698653e-03, -1.763486e-03, -1.763486e-03, -1.824249e-03
10.200000, -1.908737e-03, -1.967368e-03, -1.967368e-03, -2.021305e-03
10.300000, -2.065927e-03, -2.118825e-03, -2.118825e-03, -2.166407e-03
10.400000, -2.172941e-03, -2.220715e-03, -2.220715e-03, -2.262621e-03
10.500000, -2.233227e-03, -2.276640e-03, -2.276640e-03, -2.313654e-03
10.600000, -2.250843e-03, -2.290718e-03, -2.290718e-03, -2.323689e-03
10.700000, -2.230145e-03, -2.267373e-03, -2.267373e-03, -2.297248e-03
10.800000, -2.175719e-03, -2.211253e-03, -2.211253e-03, -2.238966e-03
10.900000, -2.092245e-03, -2.126988e-03, -2.126988e-03, -2.153524e-03
11.000000, -1.984261e-03, -2.019133e-03, -2.019133e-03, -2.045434e-03
11.100000, -1.856144e-03, -1.892028e-03, -1.892028e-03, -1.918982e-03
11.200000, -1.712023e-03, -1.749766e-03, -1.749766e-03, -1.778187e-03
11.300000, -1.555775e-03, -1.596098e-03, -1.596098e-03, -1.626744e-03
11.400000, -1.390876e-03, -1.434446e-03, -1.434446e-03, -1.467977e-03
11.500000, -1.220510e-03, -1.267891e-03, -1.267891e-03, -1.304875e-03
11.600000, -1.047475e-03, -1.099136e-03, -1.099136e-03, -1.140086e-03
11.700000, -8.742266e-04, -9.305877e-04, -9.305877e-04, -9.758680e-04
11.800000, -7.029835e-04, -7.643104e-04, -7.643104e-04, -8.142222e-04
11.900000, -5.356362e-04, -6.021259e-04, -6.021259e-04, -6.568594e-04
12.000000, -3.738137e-04, -4.455753e-04, -4.455753e-04, -5.052310e-04
12.100000, -2.189505e-04, -2.959871e-04, -2.959871e-04, -3.605797e-04
12.200000, -7.226561e-05, -1.545013e-04, -1.545013e-04, -2.239611e-04
12.300000, 6.518979e-05, -2.208671e-05, -2.208671e-05, -9.630211e-05
12.400000, 1.925314e-04, 1.004048e-04, 1.004048e-04, 2.165729e-05
12.500000, 3.089726e-04, 2.122821e-04, 2.122821e-04, 1.292197e-04
12.600000, 4.138688e-04, 3.129116e-04, 3.129116e-04, 2.258488e-04
12.700000, 5.066904e-04, 4.018312e-04, 4.018312e-04, 3.110837e-04
12.800000, 5.870336e-04, 4.786683e-04, 4.786683e-04, 3.846199e-04
12.900000, 6.546221e-04, 5.431944e-04, 5.431944e-04, 4.462817e-04
13.000000, 7.093181e-04, 5.953002e-04, 5.953002e-04, 4.959793e-04
13.100000, 7.511346e-04, 6.350303e-04, 6.350303e-04, 5.337849e-04
13.200000, 7.802406e-04, 6.625471e-04, 6.625471e-04, 5.598785e-04
13.300000, 7.969260e-04, 6.781865e-04, 6.781865e-04, 5.745661e-04
13.400000, 8.016310e-04, 6.823900e-04, 6.823900e-04, 5.783109e-04
13.500000, 7.949614e-04, 6.757375e-04, 6.757375e-04, 5.717206e-04
13.600000, 7.776184e-04, 6.589380e-04, 6.589380e-04, 5.554782e-04
13.700000, 7.504268e-04, 6.328205e-04, 6.328205e-04, 5.304051e-04
13.800000, 7.144005e-04, 5.983269e-04, 5.983269e-04, 4.974115e-04
13.900000, 6.705654e-04, 5.564852e-04, 5.564852e-04, 4.574902e-04
14.000000, 6.200784e-04, 5.083910e-04, 5.083910e-04, 4.117089e-04
14.100000, 5.641436e-04, 4.552187e-04, 4.552187e-04, 3.611789e-04
14.200000, 5.039703e-04, 3.981491e-04, 3.981491e-04, 3.070404e-04
14.300000, 4.408241e-04, 3.383587e-04, 3.383587e-04, 2.504124e-04
14.400000, 3.758660e-04, 2.769957e-04, 2.769957e-04, 1.924236e-04
14.500000, 3.102848e-04, 2.151909e-04, 2.151909e-04, 1.341406e-04
14.600000, 2.451661e-04, 1.539760e-04, 1.539760e-04, 7.657973e-05
14.700000, 1.815074e-04, 9.431497e-05, 9.431497e-05, 2.064398e-05
14.800000, 1.202375e-04, 3.709372e-05, 3.709372e-05, -3.282271e-05
14.900000, 6.219603e-05, -1.691541e-05, -1.691541e-05, -8.308016e-05
15.000000, 8.081368e-06, -6.703509e-05, -6.703509e-05, -1.295095e-04
15.100000, -4.152138e-05, -1.127197e-04, -1.127197e-04, -1.716024e-04
15.200000, -8.612605e-05, -1.535543e-04, -1.535543e-04, -2.089778e-04
15.300000, -1.254214e-04, -1.892302e-04, -1.892302e-04, -2.413674e-04
15.400000, -1.591847e-04, -2.195813e-04, -2.195813e-04, -2.686195e-04
15.500000, -1.873332e-04, -2.445338e-04, -2.445338e-04, -2.906844e-04
15.600000, -2.098592e-04, -2.641125e-04, -2.641125e-04, -3.076195e-04
15.700000, -2.268282e-04, -2.784217e-04, -2.784217e-04, -3.195277e-04
15.800000, -2.384239e-04, -2.876206e-04, -2.876206e-04, -3.266136e-04
15.900000, -2.448691e-04, -2.919527e-04, -2.919527e-04, -3.291137e-04
16.000000, -2.464522e-04, -2.917141e-04, -2.917141e-04, -3.273337e-04
16.100000, -2.435014e-04, -2.872476e-04, -2.872476e-04, -3.215867e-04
16.200000, -2.364068e-04, -2.789173e-04, -2.789173e-04, -3.122673e-04
16.300000, -2.255841e-04, -2.671262e-04, -2.671262e-04, -2.997673e-04
16.400000, -2.114689e-04, -2.523126e-04, -2.523126e-04, -2.844789e-04
16.500000, -1.945186e-04, -2.348824e-04, -2.348824e-04, -2.668192e-04
16.600000, -1.751743e-04, -2.152882e-04, -2.152882e-04, -2.471852e-04
16.700000, -1.538939e-04, -1.939493e-04, -1.939493e-04, -2.259732e-04
16.800000, -1.311340e-04, -1.712960e-04, -1.712960e-04, -2.035881e-04
16.900000, -1.073090e-04, -1.477143e-04, -1.477143e-04, -1.804166e-04
17.000000, -8.284273e-05, -1.236112e-04, -1.236112e-04, -1.568220e-04
17.100000, -5.815618e-05, -9.934986e-05, -9.934986e-05, -1.331696e-04
17.200000, -3.360186e-05, -7.529842e-05, -7.529842e-05, -1.097744e-04
17.300000, -9.545551e-06, -5.177903e-05, -5.177903e-05, -8.694333e-05
17.400000, 1.371047e-05, -2.909328e-05, -2.909328e-05, -6.495481e-05
17.500000, 3.586955e-05, -7.509182e-06, -7.509182e-06, -4.405647e-05
17.600000, 5.666111e-05, 1.273759e-05, 1.273759e-05, -2.446151e-05
17.700000, 7.585126e-05, 3.144116e-05, 3.144116e-05, -6.371208e-06
17.800000, 9.325917e-05, 4.843153e-05, 4.843153e-05, 1.006957e-05
17.900000, 1.087258e-04, 6.355691e-05, 6.355691e-05, 2.473543e-05
18.000000, 1.221349e-04, 7.673200e-05, 7.673200e-05, 3.753914e-05
18.100000, 1.334045e-04, 8.786514e-05, 8.786514e-05, 4.842280e-05
18.200000, 1.424852e-04, 9.691733e-05, 9.691733e-05, 5.734942e-05
18.300000, 1.493488e-04, 1.038841e-04, 1.038841e-04, 6.430082e-05
18.400000, 1.540312e-04, 1.087828e-04, 1.087828e-04, 6.931937e-05
18.500000, 1.565692e-04, 1.116684e-04, 1.116684e-04, 7.244367e-05
18.600000, 1.570444e-04, 1.126101e-04, 1.126101e-04, 7.373161e-05
18.700000, 1.555523e-04, 1.117058e-04, 1.117058e-04, 7.329107e-05
18.800000, 1.522265e-04, 1.090817e-04, 1.090817e-04, 7.123861e-05
18.900000, 1.472081e-04, 1.048686e-04, 1.048686e-04, 6.771081e-05
19.000000, 1.406578e-04, 9.922832e-05, 9.922832e-05, 6.283939e-05
19.100000, 1.327480e-04, 9.231823e-05, 9.231823e-05, 5.679212e-05
19.200000, 1.236645e-04, 8.432286e-05, 8.432286e-05, 4.974539e-05
19.300000, 1.136092e-04, 7.542606e-05, 7.542606e-05, 4.187384e-05
19.400000, 1.027782e-04, 6.581555e-05, 6.581555e-05, 3.335027e-05
19.500000, 9.138105e-05, 5.568839e-05, 5.568839e-05, 2.435218e-05
19.600000, 7.962608e-05, 4.523771e-05, 4.523771e-05, 1.505880e-05
19.700000, 6.772118e-05, 3.465378e-05, 3.465378e-05, 5.646047e-06
19.800000, 5.586085e-05, 2.412065e-05, 2.412065e-05, -3.713852e-06
19.900000, 4.422226e-05, 1.378653e-05, 1.378653e-05, -1.288537e-05
20.000000, 3.296290e-05, 3.811597e-06, 3.811597e-06, -2.172825e-05
20.100000, 2.223185e-05, -5.673193e-06, -5.673193e-06, -3.011971e-05
20.200000, 1.215903e-05, -1.454996e-05, -1.454996e-05, -3.794053e-05
20.300000, 2.846229e-06, -2.272299e-05, -2.272299e-05, -4.511869e-05
20.400000, -5.611285e-06, -3.010575e-05, -3.010575e-05, -5.157244e-05
20.500000, -1.313761e-05, -3.663716e-05, -3.663716e-05, -5.723993e-05
20.600000, -1.969099e-05, -4.226018e-05, -4.226018e-05, -6.206830e-05
20.700000, -2.523056e-05, -4.694610e-05, -4.694610e-05, -6.603423e-05
20.800000, -2.973735e-05, -5.067726e-05, -5.067726e-05, -6.911549e-05
20.900000, -3.322115e-05, -5.345305e-05, -5.345305e-05, -7.131434e-05
21.000000, -3.568621e-05, -5.528746e-05, -5.528746e-05, -7.263013e-05
21.100000, -3.716976e-05, -5.619825e-05, -5.619825e-05, -7.308191e-05
21.200000, -3.770791e-05, -5.622805e-05, -5.622805e-05, -7.270799e-05
21.300000, -3.734991e-05, -5.541411e-05, -5.541411e-05, -7.154485e-05
21.400000, -3.614839e-05, -5.381515e-05, -5.381515e-05, -6.964281e-05
21.500000, -3.417056e-05, -5.148862e-05, -5.148862e-05, -6.706135e-05
21.600000, -3.148862e-05, -4.851101e-05, -4.851101e-05, -6.387357e-05
21.700000, -2.819171e-05, -4.496116e-05, -4.496116e-05, -6.015052e-05
21.800000, -2.436577e-05, -4.092205e-05, -4.092205e-05, -5.597391e-05
21.900000, -2.009954e-05, -3.647572e-05, -3.647572e-05, -5.141788e-05
22.000000, -1.548899e-05, -3.171046e-05, -3.171046e-05, -4.656647e-05
22.100000, -1.062542e-05, -2.671317e-05, -2.671317e-05, -4.150822e-05
22.200000, -5.597542e-06, -2.156701e-05, -2.156701e-05, -3.630325e-05
22.300000, -4.935671e-07, -1.634990e-05, -1.634990e-05, -3.103292e-05
22.400000, 4.597594e-06, -1.114956e-05, -1.114956e-05, -2.577449e-05
22.500000, 9.588596e-06, -6.044850e-06, -6.044850e-06, -2.060510e-05
22.600000, 1.441066e-05, -1.102401e-06, -1.102401e-06, -1.559284e-05
22.700000, 1.899391e-05, 3.607322e-06, 3.607322e-06, -1.079663e-05
22.800000, 2.326630e-05, 8.030530e-06, 8.030530e-06, -6.275075e-06
22.900000, 2.718787e-05, 1.210714e-05, 1.210714e-05, -2.077851e-06
23.000000, 3.069755e-05, 1.579777e-05, 1.579777e-05, 1.750577e-06
23.100000, 3.376930e-05, 1.906610e-05, 1.906610e-05, 5.179317e-06
23.200000, 3.637739e-05, 2.188748e-05, 2.188748e-05, 8.181170e-06
23.300000, 3.850343e-05, 2.424123e-05, 2.424123e-05, 1.073112e-05
23.400000, 4.013320e-05, 2.611801e-05, 2.611801e-05, 1.282149e-05
23.500000, 4.127298e-05, 2.751382e-05, 2.751382e-05, 1.444362e-05
23.600000, 4.192578e-05, 2.843357e-05, 2.843357e-05, 1.559932e-05
23.700000, 4.210748e-05, 2.888539e-05, 2.888539e-05, 1.629981e-05
23.800000, 4.183395e-05, 2.889082e-05, 2.889082e-05, 1.655778e-05
23.900000, 4.113312e-05, 2.847407e-05, 2.847407e-05, 1.640397e-05
24.000000, 4.003850e-05, 2.766464e-05, 2.766464e-05, 1.586141e-05
24.100000, 3.857437e-05, 2.649928e-05, 2.649928e-05, 1.496594e-05
24.200000, 3.678504e-05, 2.501405e-05, 2.501405e-05, 1.375100e-05
24.300000, 3.471356e-05, 2.324782e-05, 2.324782e-05, 1.226253e-05
24.400000, 3.240121e-05, 2.124536e-05, 2.124536e-05, 1.053613e-05
24.500000, 2.989730e-05, 1.905019e-05, 1.905019e-05, 8.621716e-06
24.600000, 2.724023e-05, 1.670438e-05, 1.670438e-05, 6.552733e-06
24.700000, 2.447624e-05, 1.424903e-05, 1.424903e-05, 4.376933e-06
24.800000, 2.164888e-05, 1.173129e-05, 1.173129e-05, 2.128321e-06
24.900000, 1.880135e-05, 9.189155e-06, 9.189155e-06, -1.418746e-07
25.000000, 1.597357e-05, 6.660264e-06, 6.660264e-06, -2.392185e-06
25.100000, 1.320175e-05, 4.188107e-06, 4.188107e-06, -4.588046e-06
25.200000, 1.051431e-05, 1.805295e-06, 1.805295e-06, -6.698820e-06
25.300000, 7.951782e-06, -4.541395e-07, -4.541395e-07, -8.691145e-06
25.400000, 5.541882e-06, -2.567109e-06, -2.567109e-06, -1.053621e-05
25.500000, 3.311620e-06, -4.505134e-06, -4.505134e-06, -1.221125e-05
25.600000, 1.278665e-06, -6.248127e-06, -6.248127e-06, -1.369573e-05
25.700000, -5.362775e-07, -7.781085e-06, -7.781085e-06, -1.497563e-05
25.800000, -2.116369e-06, -9.090642e-06, -9.090642e-06, -1.604187e-05
25.900000, -3.454359e-06, -1.016955e-05, -1.016955e-05, -1.689252e-05
26.000000, -4.536954e-06, -1.101205e-05, -1.101205e-05, -1.751995e-05
26.100000, -5.359771e-06, -1.161624e-05, -1.161624e-05, -1.792385e-05
26.200000, -5.924135e-06, -1.198174e-05, -1.198174e-05, -1.810868e-05
26.300000, -6.238459e-06, -1.211936e-05, -1.211936e-05, -1.808226e-05
26.400000, -6.311493e-06, -1.203626e-05, -1.203626e-05, -1.785463e-05
26.500000, -6.155954e-06, -1.174479e-05, -1.174479e-05, -1.743789e-05
26.600000, -5.789449e-06, -1.126067e-05, -1.126067e-05, -1.684753e-05
26.700000, -5.225518e-06, -1.060523e-05, -1.060523e-05, -1.610236e-05
26.800000, -4.493781e-06, -9.795481e-06, -9.795481e-06, -1.521630e-05
26.900000, -3.615910e-06, -8.854342e-06, -8.854342e-06, -1.421324e-05
27.000000, -2.611055e-06, -7.802688e-06, -7.802688e-06, -1.311355e-05
27.100000, -1.502600e-06, -6.663333e-06, -6.663333e-06, -1.193674e-05
27.200000, -3.180275e-07, -5.459298e-06, -5.459298e-06, -1.070972e-05
27.300000, 9.232228e-07, -4.211200e-06, -4.211200e-06, -9.449313e-06
27.400000, 2.195398e-06, -2.943221e-06, -2.943221e-06, -8.180619e-06
27.500000, 3.479475e-06, -1.677220e-06, -1.677220e-06, -6.920975e-06
27.600000, 4.753693e-06, -4.323527e-07, -4.323527e-07, -5.691702e-06
27.700000, 5.996846e-06, 7.723148e-07, 7.723148e-07, -4.507456e-06
27.800000, 7.189549e-06, 1.923327e-06, 1.923327e-06, -3.386613e-06
27.900000, 8.321006e-06, 3.005909e-06, 3.005909e-06, -2.338907e-06
28.000000, 9.372727e-06, 4.005577e-06, 4.005577e-06, -1.379029e-06
28.100000, 1.033547e-05, 4.908817e-06, 4.908817e-06, -5.198375e-07
28.200000, 1.119618e-05, 5.708247e-06, 5.708247e-06, 2.329198e-07
28.300000, 1.194480e-05, 6.392713e-06, 6.392713e-06, 8.695413e-07
28.400000, 1.257488e-05, 6.957375e-06, 6.957375e-06, 1.385618e-06
28.500000, 1.308116e-05, 7.397168e-06, 7.397168e-06, 1.776492e-06
28.600000, 1.346017e-05, 7.711195e-06, 7.711195e-06, 2.043010e-06
28.700000, 1.370600e-05, 7.899665e-06, 7.899665e-06, 2.185701e-06
28.800000, 1.382434e-05, 7.962497e-06, 7.962497e-06, 2.206025e-06
28.900000, 1.381988e-05, 7.903599e-06, 7.903599e-06, 2.108305e-06
29.000000, 1.369440e-05, 7.728139e-06, 7.728139e-06, 1.894724e-06
29.100000, 1.345413e-05, 7.441920e-06, 7.441920e-06, 1.575351e-06
29.200000, 1.310922e-05, 7.055477e-06, 7.055477e-06, 1.156257e-06
29.300000, 1.267114e-05, 6.576523e-06, 6.576523e-06, 6.468666e-07
29.400000, 1.214939e-05, 6.016861e-06, 6.016861e-06, 5.944851e-08
29.500000, 1.155493e-05, 5.388914e-06, 5.388914e-06, -5.936465e-07
29.600000, 1.090317e-05, 4.705086e-06, 4.705086e-06, -1.297774e-06
29.700000, 1.020655e-05, 3.978668e-06, 3.978668e-06, -2.043904e-06
29.800000, 9.475499e-06, 3.222717e-06, 3.222717e-06, -2.819426e-06
29.900000, 8.727294e-06, 2.451030e-06, 2.451030e-06, -3.606746e-06
30.000000, 7.975380e-06, 1.676411e-06, 1.676411e-06, -4.395207e-06
30.100000, 7.230932e-06, 9.121841e-07, 9.121841e-07, -5.171756e-06
30.200000, 6.505870e-06, 1.687676e-07, 1.687676e-07, -5.926469e-06
30.300000, 5.812251e-06, -5.419753e-07, -5.419753e-07, -6.646998e-06
30.400000, 5.157250e-06, -1.210188e-06, -1.210188e-06, -7.324721e-06
30.500000, 4.549264e-06, -1.829416e-06, -1.829416e-06, -7.947948e-06
30.600000, 3.994290e-06, -2.393950e-06, -2.393950e-06, -8.513779e-06
30.700000, 3.496783e-06, -2.897394e-06, -2.897394e-06, -9.013945e-06
30.800000, 3.060133e-06, -3.333122e-06, -3.333122e-06, -9.443090e-06
30.900000, 2.688898e-06, -3.700474e-06, -3.700474e-06, -9.798519e-06
31.000000, 2.385020e-06, -3.997405e-06, -3.997405e-06, -1.007867e-05
31.100000, 2.148343e-06, -4.221750e-06, -4.221750e-06, -1.028131e-05
31.200000, 1.978827e-06, -4.373009e-06, -4.373009e-06, -1.040740e-05
31.300000, 1.875521e-06, -4.454158e-06, -4.454158e-06, -1.045849e-05
31.400000, 1.836321e-06, -4.465802e-06, -4.465802e-06, -1.043520e-05
31.500000, 1.857062e-06, -4.411926e-06, -4.411926e-06, -1.034478e-05
31.600000, 1.933663e-06, -4.297682e-06, -4.297682e-06, -1.018676e-05
31.700000, 2.061384e-06, -4.127149e-06, -4.127149e-06, -9.968137e-06
31.800000, 2.237059e-06, -3.904681e-06, -3.904681e-06, -9.693980e-06
31.900000, 2.454026e-06, -3.637183e-06, -3.637183e-06, -9.372927e-06
32.000000, 2.708526e-06, -3.330408e-06, -3.330408e-06, -9.010651e-06
32.100000, 2.993560e-06, -2.990541e-06, -2.990541e-06, -8.611554e-06
32.200000, 3.302124e-06, -2.622971e-06, -2.622971e-06, -8.185700e-06
32.300000, 3.630009e-06, -2.236672e-06, -2.236672e-06, -7.737915e-06
32.400000, 3.970683e-06, -1.836815e-06, -1.836815e-06, -7.276546e-06
32.500000, 4.316507e-06, -1.430285e-06, -1.430285e-06, -6.809230e-06
32.600000, 4.661349e-06, -1.023310e-06, -1.023310e-06, -6.341487e-06
32.700000, 5.001207e-06, -6.232726e-07, -6.232726e-07, -5.879437e-06
32.800000, 5.330680e-06, -2.345880e-07, -2.345880e-07, -5.429610e-06
32.900000, 5.642349e-06, 1.378158e-07, 1.378158e-07, -4.997532e-06
33.000000, 5.931974e-06, 4.870070e-07, 4.870070e-07, -4.590130e-06
33.100000, 6.194296e-06, 8.085057e-07, 8.085057e-07, -4.211425e-06
33.200000, 6.427491e-06, 1.100101e-06, 1.100101e-06, -3.863788e-06
33.300000, 6.627272e-06, 1.355848e-06, 1.355848e-06, -3.552215e-06
33.400000, 6.790106e-06, 1.574328e-06, 1.574328e-06, -3.280220e-06
33.500000, 6.914657e-06, 1.753247e-06, 1.753247e-06, -3.048356e-06
33.600000, 6.998249e-06, 1.891491e-06, 1.891491e-06, -2.858969e-06
33.700000, 7.043580e-06, 1.988912e-06, 1.988912e-06, -2.711676e-06
33.800000, 7.048754e-06, 2.045753e-06, 2.045753e-06, -2.605987e-06
33.900000, 7.016749e-06, 2.062991e-06, 2.062991e-06, -2.542137e-06
34.000000, 6.948111e-06, 2.041674e-06, 2.041674e-06, -2.517539e-06
34.100000, 6.845440e-06, 1.985643e-06, 1.985643e-06, -2.529343e-06
34.200000, 6.709641e-06, 1.897051e-06, 1.897051e-06, -2.575380e-06
34.300000, 6.544958e-06, 1.778856e-06, 1.778856e-06, -2.653294e-06
34.400000, 6.354791e-06, 1.634002e-06, 1.634002e-06, -2.757417e-06
34.500000, 6.143635e-06, 1.466562e-06, 1.466562e-06, -2.883491e-06
34.600000, 5.912611e-06, 1.281131e-06, 1.281131e-06, -3.028924e-06
34.700000, 5.668045e-06, 1.081243e-06, 1.081243e-06, -3.187841e-06
34.800000, 5.412010e-06, 8.701209e-07, 8.701209e-07, -3.356866e-06
34.900000, 5.149018e-06, 6.519519e-07, 6.519519e-07, -3.532173e-06
35.000000, 4.881531e-06, 4.317388e-07, 4.317388e-07, -3.709523e-06
35.100000, 4.613159e-06, 2.121256e-07, 2.121256e-07, -3.884550e-06
35.200000, 4.347366e-06, -2.429913e-09, -2.429913e-09, -4.054007e-06
35.300000, 4.087987e-06, -2.100279e-07, -2.100279e-07, -4.214376e-06
35.400000, 3.837327e-06, -4.065757e-07, -4.065757e-07, -4.361774e-06
35.500000, 3.597988e-06, -5.906944e-07, -5.906944e-07, -4.494798e-06
35.600000, 3.372504e-06, -7.596352e-07, -7.596352e-07, -4.612022e-06
35.700000, 3.161661e-06, -9.113245e-07, -9.113245e-07, -4.710886e-06
35.800000, 2.968093e-06, -1.044782e-06, -1.044782e-06, -4.790069e-06
35.900000, 2.792903e-06, -1.157946e-06, -1.157946e-06, -4.848660e-06
36.000000, 2.638225e-06, -1.251270e-06, -1.251270e-06, -4.885716e-06
36.100000, 2.503265e-06, -1.323367e-06, -1.323367e-06, -4.901185e-06
36.200000, 2.389421e-06, -1.374086e-06, -1.374086e-06, -4.894316e-06
36.300000, 2.296369e-06, -1.402905e-06, -1.402905e-06, -4.865179e-06
36.400000, 2.224179e-06, -1.411031e-06, -1.411031e-06, -4.815952e-06
36.500000, 2.172746e-06, -1.398776e-06, -1.398776e-06, -4.745856e-06
36.600000, 2.141701e-06, -1.367126e-06, -1.367126e-06, -4.656801e-06
36.700000, 2.128280e-06, -1.317258e-06, -1.317258e-06, -4.550160e-06
36.800000, 2.131932e-06, -1.250806e-06, -1.250806e-06, -4.427568e-06
36.900000, 2.151250e-06, -1.169388e-06, -1.169388e-06, -4.290652e-06
37.000000, 2.185195e-06, -1.074443e-06, -1.074443e-06, -4.141625e-06
37.100000, 2.230751e-06, -9.675705e-07, -9.675705e-07, -3.981928e-06
37.200000, 2.286290e-06, -8.515581e-07, -8.515581e-07, -3.813051e-06
37.300000, 2.349993e-06, -7.287373e-07, -7.287373e-07, -3.638170e-06
37.400000, 2.419453e-06, -6.013582e-07, -6.013582e-07, -3.459396e-06
37.500000, 2.492432e-06, -4.709924e-07, -4.709924e-07, -3.278710e-06
37.600000, 2.566635e-06, -3.401429e-07, -3.401429e-07, -3.097882e-06
37.700000, 2.640449e-06, -2.106236e-07, -2.106236e-07, -2.919268e-06
37.800000, 2.711789e-06, -8.406492e-08, -8.406492e-08, -2.744523e-06
37.900000, 2.777994e-06, 3.731650e-08, 3.731650e-08, -2.575101e-06
38.000000, 2.837957e-06, 1.516986e-07, 1.516986e-07, -2.413017e-06
38.100000, 2.890411e-06, 2.577495e-07, 2.577495e-07, -2.259646e-06
38.200000, 2.933652e-06, 3.538894e-07, 3.538894e-07, -2.116194e-06
38.300000, 2.966287e-06, 4.392601e-07, 4.392601e-07, -1.984267e-06
38.400000, 2.988525e-06, 5.134210e-07, 5.134210e-07, -1.864822e-06
38.500000, 2.999178e-06, 5.752375e-07, 5.752375e-07, -1.757768e-06
38.600000, 2.997707e-06, 6.244230e-07, 6.244230e-07, -1.663835e-06
38.700000, 2.984217e-06, 6.609774e-07, 6.609774e-07, -1.583189e-06
38.800000, 2.958426e-06, 6.847223e-07, 6.847223e-07, -1.515905e-06
38.900000, 2.920905e-06, 6.959657e-07, 6.959657e-07, -1.461666e-06
39.000000, 2.871908e-06, 6.948357e-07, 6.948357e-07, -1.420075e-06
39.100000, 2.812582e-06, 6.820533e-07, 6.820533e-07, -1.390673e-06
39.200000, 2.743506e-06, 6.585935e-07, 6.585935e-07, -1.372952e-06
39.300000, 2.665220e-06, 6.256119e-07, 6.256119e-07, -1.365546e-06
39.400000, 2.579291e-06, 5.836952e-07, 5.836952e-07, -1.368020e-06
39.500000, 2.486805e-06, 5.341367e-07, 5.341367e-07, -1.378843e-06
39.600000, 2.388509e-06, 4.781984e-07, 4.781984e-07, -1.397287e-06
39.700000, 2.286254e-06, 4.171155e-07, 4.171155e-07, -1.421808e-06
39.800000, 2.180985e-06, 3.521733e-07, 3.521733e-07, -1.451399e-06
39.900000, 2.073939e-06, 2.842694e-07, 2.842694e-07, -1.484237e-06
40.000000, 1.966293e-06, 2.148440e-07, 2.148440e-07, -1.519141e-06
40.100000, 1.859088e-06, 1.450889e-07, 1.450889e-07, -1.555065e-06
40.200000, 1.753271e-06, 7.633798e-08, 7.633798e-08, -1.590462e-06
40.300000, 1.649796e-06, 9.461437e-09, 9.461437e-09, -1.624368e-06
40.400000, 1.549507e-06, -5.449830e-08, -5.449830e-08, -1.655762e-06
40.500000, 1.453688e-06, -1.145165e-07, -1.145165e-07, -1.683422e-06
40.600000, 1.362233e-06, -1.700138e-07, -1.700138e-07, -1.706506e-06
40.700000, 1.276136e-06, -2.200741e-07, -2.200741e-07, -1.724156e-06
40.800000, 1.196169e-06, -2.639867e-07, -2.639867e-07, -1.735676e-06
40.900000, 1.122758e-06, -3.015895e-07, -3.015895e-07, -1.740405e-06
41.000000, 1.055666e-06, -3.323680e-07, -3.323680e-07, -1.738082e-06
41.100000, 9.952420e-07, -3.562394e-07, -3.562394e-07, -1.728624e-06
41.200000, 9.413693e-07, -3.733750e-07, -3.733750e-07, -1.712316e-06
41.300000, 8.943139e-07, -3.835101e-07, -3.835101e-07, -1.688532e-06
41.400000, 8.538919e-07, -3.867794e-07, -3.867794e-07, -1.657621e-06
41.500000, 8.197864e-07, -3.834867e-07, -3.834867e-07, -1.620349e-06
41.600000, 7.917497e-07, -3.740889e-07, -3.740889e-07, -1.577269e-06
41.700000, 7.697270e-07, -3.588243e-07, -3.588243e-07, -1.528148e-06
41.800000, 7.534384e-07, -3.381781e-07, -3.381781e-07, -1.473693e-06
41.900000, 7.424419e-07, -3.127445e-07, -3.127445e-07, -1.415310e-06
42.000000, 7.363222e-07, -2.829694e-07, -2.829694e-07, -1.353111e-06
42.100000, 7.343448e-07, -2.497619e-07, -2.497619e-07, -1.287727e-06
42.200000, 7.359209e-07, -2.134553e-07, -2.134553e-07, -1.220384e-06
42.300000, 7.409329e-07, -1.747855e-07, -1.747855e-07, -1.151349e-06
42.400000, 7.483792e-07, -1.345635e-07, -1.345635e-07, -1.081404e-06
42.500000, 7.576873e-07, -9.356832e-08, -9.356832e-08, -1.011326e-06
42.600000, 7.681156e-07, -5.237483e-08, -5.237483e-08, -9.421259e-07
42.700000, 7.789986e-07, -1.145987e-08, -1.145987e-08, -8.742449e-07
42.800000, 7.899244e-07, 2.837505e-08, 2.837505e-08, -8.082998e-07
42.900000, 8.000934e-07, 6.650841e-08, 6.650841e-08, -7.449698e-07
43.000000, 8.088251e-07, 1.024021e-07, 1.024021e-07, -6.842259e-07
43.100000, 8.159323e-07, 1.356304e-07, 1.356304e-07, -6.267008e-07
43.200000, 8.206621e-07, 1.658558e-07, 1.658558e-07, -5.733056e-07
43.300000, 8.228897e-07, 1.928423e-07, 1.928423e-07, -5.238914e-07
43.400000, 8.223653e-07, 2.161132e-07, 2.161132e-07, -4.788166e-07
43.500000, 8.188743e-07, 2.355696e-07, 2.355696e-07, -4.381171e-07
43.600000, 8.119694e-07, 2.510207e-07, 2.510207e-07, -4.019871e-07
43.700000, 8.015820e-07, 2.624855e-07, 2.624855e-07, -3.705344e-07
43.800000, 7.878782e-07, 2.699750e-07, 2.699750e-07, -3.432321e-07
43.900000, 7.707156e-07, 2.735999e-07, 2.735999e-07, -3.200706e-07
44.000000, 7.505117e-07, 2.733635e-07, 2.733635e-07, -3.011208e-07
44.100000, 7.269686e-07, 2.695707e-07, 2.695707e-07, -2.862156e-07
44.200000, 7.004124e-07, 2.624813e-07, 2.624813e-07, -2.751559e-07
44.300000, 6.712794e-07, 2.523776e-07, 2.523776e-07, -2.670680e-07
44.400000, 6.397873e-07, 2.394886e-07, 2.394886e-07, -2.624245e-07
44.500000, 6.064680e-07, 2.240425e-07, 2.240425e-07, -2.605257e-07
44.600000, 5.714571e-07, 2.063858e-07, 2.063858e-07, -2.612422e-07
44.700000, 5.351391e-07, 1.869415e-07, 1.869415e-07, -2.641973e-07
44.800000, 4.978978e-07, 1.660473e-07, 1.660473e-07, -2.689425e-07
44.900000, 4.602590e-07, 1.442282e-07, 1.442282e-07, -2.751333e-07
45.000000, 4.224564e-07, 1.216955e-07, 1.216955e-07, -2.826911e-07
45.100000, 3.849106e-07, 9.894759e-08, 9.894759e-08, -2.908414e-07
45.200000, 3.478026e-07, 7.630113e-08, 7.630113e-08, -2.993442e-07
45.300000, 3.118169e-07, 5.394927e-08, 5.394927e-08, -3.079926e-07
45.400000, 2.771758e-07, 3.233237e-08, 3.233237e-08, -3.163647e-07
45.500000, 2.439862e-07, 1.193638e-08, 1.193639e-08, -3.243705e-07
45.600000, 2.127047e-07, -7.182743e-09, -7.182742e-09, -3.314787e-07
45.700000, 1.837705e-07, -2.477069e-08, -2.477069e-08, -3.373642e-07
45.800000, 1.572560e-07, -4.042726e-08, -4.042726e-08, -3.420558e-07
45.900000, 1.332106e-07, -5.413811e-08, -5.413811e-08, -3.453075e-07
46.000000, 1.117314e-07, -6.565545e-08, -6.565545e-08, -3.469053e-07
46.100000, 9.290734e-08, -7.505878e-08, -7.505878e-08, -3.467938e-07
46.200000, 7.677402e-08, -8.224201e-08, -8.224201e-08, -3.448167e-07
46.300000, 6.328617e-08, -8.719134e-08, -8.719134e-08, -3.408667e-07
46.400000, 5.236202e-08, -8.993706e-08, -8.993706e-08, -3.351706e-07
46.500000, 4.392920e-08, -9.049473e-08, -9.049473e-08, -3.275975e-07
46.600000, 3.792718e-08, -8.904188e-08, -8.904188e-08, -3.183451e-07
46.700000, 3.410565e-08, -8.569049e-08, -8.569049e-08, -3.075123e-07
46.800000, 3.229060e-08, -8.057207e-08, -8.057207e-08, -2.953955e-07
46.900000, 3.234240e-08, -7.396155e-08, -7.396155e-08, -2.819323e-07
47.000000, 3.412716e-08, -6.601005e-08, -6.601005e-08, -2.673898e-07
47.100000, 3.739626e-08, -5.700852e-08, -5.700852e-08, -2.521529e-07
47.200000, 4.184401e-08, -4.698317e-08, -4.698317e-08, -2.363744e-07
47.300000, 4.745448e-08, -3.626863e-08, -3.626863e-08, -2.201470e-07
47.400000, 5.398921e-08, -2.518207e-08, -2.518207e-08, -2.038345e-07
47.500000, 6.111196e-08, -1.384727e-08, -1.384726e-08, -1.876104e-07
47.600000, 6.865497e-08, -2.434002e-09, -2.434002e-09, -1.716702e-07
47.700000, 7.654893e-08, 8.821898e-09, 8.821898e-09, -1.562304e-07
47.800000, 8.443644e-08, 1.980748e-08, 1.980748e-08, -1.416089e-07
47.900000, 9.232788e-08, 3.034125e-08, 3.034125e-08, -1.277175e-07
48.000000, 9.991872e-08, 4.028141e-08, 4.028141e-08, -1.148668e-07
48.100000, 1.072026e-07, 4.948625e-08, 4.948625e-08, -1.029863e-07
48.200000, 1.139934e-07, 5.783588e-08, 5.783588e-08, -9.236642e-08
48.300000, 1.203569e-07, 6.521056e-08, 6.521056e-08, -8.295301e-08
48.400000, 1.260350e-07, 7.154693e-08, 7.154693e-08, -7.491753e-08
48.500000, 1.309203e-07, 7.695850e-08, 7.695850e-08, -6.813924e-08
48.600000, 1.349372e-07, 8.120145e-08, 8.120145e-08, -6.264275e-08
48.700000, 1.380740e-07, 8.434481e-08, 8.434481e-08, -5.839825e-08
48.800000, 1.402675e-07, 8.632959e-08, 8.632959e-08, -5.543445e-08
48.900000, 1.416076e-07, 8.721540e-08, 8.721540e-08, -5.365772e-08
49.000000, 1.418267e-07, 8.706400e-08, 8.706400e-08, -5.308491e-08
49.100000, 1.411411e-07, 8.586088e-08, 8.586088e-08, -5.353929e-08
49.200000, 1.395117e-07, 8.365448e-08, 8.365448e-08, -5.511277e-08
49.300000, 1.369352e-07, 8.051201e-08, 8.051201e-08, -5.765731e-08
49.400000, 1.335544e-07, 7.652317e-08, 7.652317e-08, -6.106446e-08
49.500000, 1.293708e-07, 7.173220e-08, 7.173220e-08, -6.529111e-08
49.600000, 1.245486e-07, 6.622658e-08, 6.622658e-08, -7.014414e-08
49.700000, 1.191495e-07, 6.013825e-08, 6.013825e-08, -7.556718e-08
49.800000, 1.131981e-07, 5.360713e-08, 5.360713e-08, -8.140544e-08
49.900000, 1.067750e-07, 4.677691e-08, 4.677691e-08, -8.757971e-08
50.000000, 1.001163e-07, 3.973300e-08, 3.973300e-08, -9.401198e-08
50.100000, 9.330326e-08, 3.253192e-08, 3.253192e-08, -1.004135e-07
50.200000, 8.650322e-08, 2.535872e-08, 2.535872e-08, -1.067627e-07
50.300000, 7.978645e-08, 1.833353e-08, 1.833353e-08, -1.129530e-07
50.400000, 7.323659e-08, 1.156728e-08, 1.156728e-08, -1.188282e-07
50.500000, 6.704576e-08, 5.159336e-09, 5.159336e-09, -1.243446e-07
50.600000, 6.125663e-08, -8.331607e-10, -8.331604e-10, -1.294806e-07
50.700000, 5.595185e-08, -6.298868e-09, -6.298868e-09, -1.340579e-07
50.800000, 5.114086e-08, -1.119943e-08, -1.119943e-08, -1.380024e-07
50.900000, 4.688016e-08, -1.547069e-08, -1.547069e-08, -1.413540e-07
51.000000, 4.328599e-08, -1.910984e-08, -1.910984e-08, -1.440178e-07
51.100000, 4.038210e-08, -2.206732e-08, -2.206732e-08, -1.460263e-07
51.200000, 3.813623e-08, -2.434051e-08, -2.434051e-08, -1.473687e-07
51.300000, 3.656737e-08, -2.594471e-08, -2.594471e-08, -1.480786e-07
51.400000, 3.572347e-08, -2.689051e-08, -2.689051e-08, -1.481113e-07
51.500000, 3.548740e-08, -2.718162e-08, -2.718162e-08, -1.474785e-07
51.600000, 3.580609e-08, -2.687451e-08, -2.687451e-08, -1.462590e-07
51.700000, 3.669850e-08, -2.601306e-08, -2.601306e-08, -1.445680e-07
51.800000, 3.811341e-08, -2.466698e-08, -2.466698e-08, -1.423768e-07
51.900000, 4.004236e-08, -2.285371e-08, -2.285371e-08, -1.397117e-07
52.000000, 4.240058e-08, -2.062254e-08, -2.062254e-08, -1.366471e-07
52.100000, 4.508093e-08, -1.802296e-08, -1.802296e-08, -1.332453e-07
52.200000, 4.812496e-08, -1.516274e-08, -1.516274e-08, -1.295882e-07
52.300000, 5.139023e-08, -1.205438e-08, -1.205438e-08, -1.257498e-07
52.400000, 5.477159e-08, -8.780424e-09, -8.780424e-09, -1.217584e-07
52.500000, 5.830019e-08, -5.419907e-09, -5.419907e-09, -1.176224e-07
52.600000, 6.182512e-08, -2.017883e-09, -2.017882e-09, -1.135174e-07
52.700000, 6.539664e-08, 1.371302e-09, 1.371302e-09, -1.094129e-07
52.800000, 6.888492e-08, 4.694467e-09, 4.694468e-09, -1.053669e-07
52.900000, 7.226040e-08, 7.923606e-09, 7.923606e-09, -1.014405e-07
53.000000, 7.543815e-08, 1.096494e-08, 1.096494e-08, -9.770045e-08
53.100000, 7.841998e-08, 1.380954e-08, 1.380954e-08, -9.414207e-08
53.200000, 8.109402e-08, 1.642226e-08, 1.642226e-08, -9.083065e-08
53.300000, 8.354426e-08, 1.875352e-08, 1.875352e-08, -8.775972e-08
53.400000, 8.564916e-08, 2.080977e-08, 2.080977e-08, -8.496148e-08
53.500000, 8.744304e-08, 2.257199e-08, 2.257199e-08, -8.246926e-08
53.600000, 8.888358e-08, 2.400980e-08, 2.400980e-08, -8.028091e-08
53.700000, 8.995606e-08, 2.511957e-08, 2.511957e-08, -7.839509e-08
53.800000, 9.064784e-08, 2.589630e-08, 2.589630e-08, -7.684644e-08
53.900000, 9.100285e-08, 2.634151e-08, 2.634151e-08, -7.557881e-08
54.000000, 9.101336e-08, 2.647554e-08, 2.647554e-08, -7.464186e-08
54.100000, 9.069435e-08, 2.630149e-08, 2.630149e-08, -7.398563e-08
54.200000, 9.003969e-08, 2.584722e-08, 2.584722e-08, -7.360515e-08
54.300000, 8.907760e-08, 2.512427e-08, 2.512427e-08, -7.347990e-08
54.400000, 8.782508e-08, 2.415649e-08, 2.415649e-08, -7.360173e-08
54.500000, 8.631651e-08, 2.296323e-08, 2.296323e-08, -7.392139e-08
54.600000, 8.458420e-08, 2.157466e-08, 2.157466e-08, -7.440594e-08
54.700000, 8.265284e-08, 2.000313e-08, 2.000313e-08, -7.505409e-08
54.800000, 8.054852e-08, 1.831446e-08, 1.831446e-08, -7.583143e-08
54.900000, 7.832134e-08, 1.651011e-08, 1.651011e-08, -7.670473e-08
55.000000, 7.598630e-08, 1.463845e-08, 1.463845e-08, -7.761504e-08
55.100000, 7.358950e-08, 1.272003e-08, 1.272003e-08, -7.854928e-08
55.200000, 7.114641e-08, 1.082498e-08, 1.082498e-08, -7.948103e-08
55.300000, 6.869746e-08, 8.936999e-09, 8.936999e-09, -8.038424e-08
55.400000, 6.626928e-08, 7.111225e-09, 7.111225e-09, -8.120214e-08
55.500000, 6.389394e-08, 5.353686e-09, 5.353687e-09, -8.195116e-08
55.600000, 6.157905e-08, 3.711926e-09, 3.711927e-09, -8.256852e-08
55.700000, 5.937530e-08, 2.193028e-09, 2.193028e-09, -8.304418e-08
55.800000, 5.728967e-08, 8.104225e-10, 8.104227e-10, -8.338740e-08
55.900000, 5.535936e-08, -4.150931e-10, -4.150929e-10, -8.352421e-08
56.000000, 5.354766e-08, -1.473072e-09, -1.473071e-09, -8.349503e-08
56.100000, 5.191752e-08, -2.349864e-09, -2.349864e-09, -8.327463e-08
56.200000, 5.043064e-08, -3.055109e-09, -3.055109e-09, -8.286972e-08
56.300000, 4.912740e-08, -3.572564e-09, -3.572564e-09, -8.226173e-08
56.400000, 4.798222e-08, -3.910317e-09, -3.910316e-09, -8.147554e-08
56.500000, 4.700283e-08, -4.062973e-09, -4.062973e-09, -8.046550e-08
56.600000, 4.618986e-08, -4.048936e-09, -4.048936e-09, -7.929723e-08
56.700000, 4.551522e-08, -3.863528e-09, -3.863528e-09, -7.797328e-08
56.800000, 4.497162e-08, -3.545460e-09, -3.545460e-09, -7.650100e-08
56.900000, 4.456284e-08, -3.091087e-09, -3.091087e-09, -7.488424e-08
57.000000, 4.425521e-08, -2.512368e-09, -2.512368e-09, -7.315331e-08
57.100000, 4.406651e-08, -1.827200e-09, -1.827200e-09, -7.132355e-08
57.200000, 4.394897e-08, -1.058922e-09, -1.058922e-09, -6.940522e-08
57.300000, 4.390728e-08, -2.239222e-10, -2.239220e-10, -6.742016e-08
57.400000, 4.391998e-08, 6.673586e-10, 6.673587e-10, -6.539424e-08
57.500000, 4.397356e-08, 1.606657e-09, 1.606657e-09, -6.333554e-08
57.600000, 4.405886e-08, 2.552018e-09, 2.552018e-09, -6.126822e-08
57.700000, 4.413375e-08, 3.500082e-09, 3.500082e-09, -5.921932e-08
57.800000, 4.420600e-08, 4.437218e-09, 4.437219e-09, -5.720278e-08
57.900000, 4.427845e-08, 5.341970e-09, 5.341970e-09, -5.520609e-08
58.000000, 4.430615e-08, 6.214874e-09, 6.214874e-09, -5.328238e-08
58.100000, 4.430551e-08, 7.030863e-09, 7.030863e-09, -5.141950e-08
58.200000, 4.423546e-08, 7.779603e-09, 7.779603e-09, -4.965342e-08
58.300000, 4.412051e-08, 8.458728e-09, 8.458728e-09, -4.796071e-08
58.400000, 4.392926e-08, 9.060078e-09, 9.060078e-09, -4.636988e-08
58.500000, 4.366506e-08, 9.575187e-09, 9.575187e-09, -4.486778e-08
58.600000, 4.331232e-08, 9.993052e-09, 9.993052e-09, -4.347345e-08
58.700000, 4.288193e-08, 1.031847e-08, 1.031847e-08, -4.217207e-08
58.800000, 4.235695e-08, 1.055428e-08, 1.055428e-08, -4.099162e-08
58.900000, 4.174496e-08, 1.069704e-08, 1.069704e-08, -3.991946e-08
59.000000, 4.105509e-08, 1.074327e-08, 1.074327e-08, -3.895726e-08
59.100000, 4.028809e-08, 1.069922e-08, 1.069922e-08, -3.808479e-08
59.200000, 3.943755e-08, 1.057195e-08, 1.057195e-08, -3.731222e-08
59.300000, 3.851320e-08, 1.035667e-08, 1.035667e-08, -3.662088e-08
59.400000, 3.752986e-08, 1.006830e-08, 1.006830e-08, -3.602325e-08
59.500000, 3.647931e-08, 9.712760e-09, 9.712760e-09, -3.549800e-08
59.600000, 3.538224e-08, 9.299088e-09, 9.299088e-09, -3.503749e-08
59.700000, 3.424101e-08, 8.832571e-09, 8.832571e-09, -3.463644e-08
59.800000, 3.305495e-08, 8.327506e-09, 8.327506e-09, -3.429016e-08
59.900000, 3.186608e-08, 7.787567e-09, 7.787567e-09, -3.397437e-08
60.000000, 3.063770e-08, 7.226928e-09, 7.226928e-09, -3.370797e-08
60.100000, 2.941110e-08, 6.650542e-09, 6.650542e-09, -3.344847e-08
60.200000, 2.817743e-08, 6.068268e-09, 6.068268e-09, -3.320322e-08
60.300000, 2.695720e-08, 5.485183e-09, 5.485183e-09, -3.297102e-08
60.400000, 2.576061e-08, 4.912353e-09, 4.912353e-09, -3.274442e-08
60.500000, 2.459723e-08, 4.363938e-09, 4.363938e-09, -3.249049e-08
60.600000, 2.344955e-08, 3.839020e-09, 3.839020e-09, -3.223443e-08
60.700000, 2.235410e-08, 3.347947e-09, 3.347947e-09, -3.195543e-08
60.800000, 2.130274e-08, 2.897226e-09, 2.897226e-09, -3.164418e-08
60.900000, 2.030561e-08, 2.491097e-09, 2.491097e-09, -3.129562e-08
61.000000, 1.935219e-08, 2.132741e-09, 2.132741e-09, -3.091704e-08
61.100000, 1.847021e-08, 1.819020e-09, 1.819020e-09, -3.049509e-08
61.200000, 1.763297e-08, 1.554446e-09, 1.554446e-09, -3.004807e-08
61.300000, 1.686887e-08, 1.339014e-09, 1.339014e-09, -2.954997e-08
61.400000, 1.615067e-08, 1.186334e-09, 1.186334e-09, -2.901198e-08
61.500000, 1.551085e-08, 1.079170e-09, 1.079170e-09, -2.842684e-08
61.600000, 1.492171e-08, 1.019324e-09, 1.019324e-09, -2.780812e-08
61.700000, 1.440009e-08, 1.012380e-09, 1.012380e-09, -2.714156e-08
61.800000, 1.392817e-08, 1.045997e-09, 1.045997e-09, -2.645301e-08
61.900000, 1.350535e-08, 1.128899e-09, 1.128898e-09, -2.572953e-08
62.000000, 1.312651e-08, 1.249459e-09, 1.249459e-09, -2.498238e-08
62.100000, 1.280520e-08, 1.404276e-09, 1.404276e-09, -2.420849e-08
62.200000, 1.251794e-08, 1.587640e-09, 1.587640e-09, -2.342041e-08
62.300000, 1.227158e-08, 1.796318e-09, 1.796318e-09, -2.260385e-08
62.400000, 1.204789e-08, 2.023491e-09, 2.023490e-09, -2.179365e-08
62.500000, 1.185997e-08, 2.265740e-09, 2.265740e-09, -2.097395e-08
62.600000, 1.168594e-08, 2.517645e-09, 2.517645e-09, -2.016184e-08
62.700000, 1.153329e-08, 2.775753e-09, 2.775753e-09, -1.935323e-08
62.800000, 1.138832e-08, 3.031717e-09, 3.031717e-09, -1.856469e-08
62.900000, 1.125635e-08, 3.283422e-09, 3.283422e-09, -1.778553e-08
63.000000, 1.112779e-08, 3.525550e-09, 3.525549e-09, -1.703518e-08
63.100000, 1.099944e-08, 3.753427e-09, 3.753427e-09, -1.630625e-08
63.200000, 1.085660e-08, 3.962462e-09, 3.962462e-09, -1.561490e-08
63.300000, 1.071668e-08, 4.154787e-09, 4.154787e-09, -1.495197e-08
63.400000, 1.055798e-08, 4.320860e-09, 4.320860e-09, -1.432923e-08
63.500000, 1.039235e-08, 4.465599e-09, 4.465599e-09, -1.373505e-08
63.600000, 1.020470e-08, 4.586195e-09, 4.586195e-09, -1.319020e-08
63.700000, 1.000423e-08, 4.675220e-09, 4.675220e-09, -1.267587e-08
63.800000, 9.783798e-09, 4.737419e-09, 4.737419e-09, -1.221043e-08
63.900000, 9.548598e-09, 4.769149e-09, 4.769148e-09, -1.177714e-08
64.000000, 9.292233e-09, 4.774099e-09, 4.774099e-09, -1.138934e-08
64.100000, 9.020477e-09, 4.750309e-09, 4.750309e-09, -1.103879e-08
64.200000, 8.731325e-09, 4.697047e-09, 4.697047e-09, -1.072824e-08
64.300000, 8.430872e-09, 4.621720e-09, 4.621720e-09, -1.044492e-08
64.400000, 8.111122e-09, 4.522684e-09, 4.522684e-09, -1.020741e-08
64.500000, 7.778936e-09, 4.400983e-09, 4.400983e-09, -9.988631e-09
64.600000, 7.427076e-09, 4.261444e-09, 4.261444e-09, -9.807499e-09
64.700000, 7.073031e-09, 4.104541e-09, 4.104541e-09, -9.645192e-09
64.800000, 6.710965e-09, 3.933775e-09, 3.933775e-09, -9.506913e-09
64.900000, 6.346903e-09, 3.749137e-09, 3.749137e-09, -9.385628e-09
65.000000, 5.981550e-09, 3.557357e-09, 3.557357e-09, -9.284916e-09
65.100000, 5.622259e-09, 3.358365e-09, 3.358365e-09, -9.189063e-09
65.200000, 5.258678e-09, 3.156830e-09, 3.156829e-09, -9.114364e-09
65.300000, 4.906545e-09, 2.956620e-09, 2.956620e-09, -9.038193e-09
65.400000, 4.556528e-09, 2.756695e-09, 2.756695e-09, -8.972070e-09
65.500000, 4.224282e-09, 2.561016e-09, 2.561016e-09, -8.901494e-09
65.600000, 3.899410e-09, 2.372517e-09, 2.372517e-09, -8.835658e-09
65.700000, 3.593381e-09, 2.192067e-09, 2.192067e-09, -8.761713e-09
65.800000, 3.296646e-09, 2.024162e-09, 2.024162e-09, -8.690437e-09
65.900000, 3.025624e-09, 1.869276e-09, 1.869276e-09, -8.606285e-09
66.000000, 2.769176e-09, 1.726775e-09, 1.726774e-09, -8.518422e-09
66.100000, 2.536653e-09, 1.598068e-09, 1.598068e-09, -8.415430e-09
66.200000, 2.318389e-09, 1.486032e-09, 1.486031e-09, -8.309945e-09
66.300000, 2.127990e-09, 1.389707e-09, 1.389706e-09, -8.190001e-09
66.400000, 1.953851e-09, 1.310916e-09, 1.310916e-09, -8.062061e-09
66.500000, 1.804303e-09, 1.250039e-09, 1.250039e-09, -7.918490e-09
66.600000, 1.669782e-09, 1.203585e-09, 1.203585e-09, -7.769080e-09
66.700000, 1.559304e-09, 1.173045e-09, 1.173044e-09, -7.605461e-09
66.800000, 1.465372e-09, 1.158858e-09, 1.158857e-09, -7.434848e-09
66.900000, 1.393663e-09, 1.156783e-09, 1.156783e-09, -7.251186e-09
67.000000, 1.333698e-09, 1.168899e-09, 1.168899e-09, -7.066377e-09
67.100000, 1.294508e-09, 1.191639e-09, 1.191639e-09, -6.868959e-09
67.200000, 1.265048e-09, 1.225488e-09, 1.225488e-09, -6.670575e-09
67.300000, 1.252677e-09, 1.268565e-09, 1.268564e-09, -6.463823e-09
67.400000, 1.248205e-09, 1.319487e-09, 1.319487e-09, -6.257694e-09
67.500000, 1.255402e-09, 1.376118e-09, 1.376117e-09, -6.046461e-09
67.600000, 1.266623e-09, 1.437357e-09, 1.437357e-09, -5.840586e-09
67.700000, 1.287960e-09, 1.499840e-09, 1.499839e-09, -5.629333e-09
67.800000, 1.310095e-09, 1.564444e-09, 1.564444e-09, -5.425818e-09
67.900000, 1.338396e-09, 1.628732e-09, 1.628731e-09, -5.222328e-09
68.000000, 1.364915e-09, 1.691534e-09, 1.691533e-09, -5.029158e-09
68.100000, 1.394400e-09, 1.751690e-09, 1.751690e-09, -4.838282e-09
68.200000, 1.419546e-09, 1.807600e-09, 1.807600e-09, -4.660351e-09
68.300000, 1.446148e-09, 1.857476e-09, 1.857476e-09, -4.485299e-09
68.400000, 1.463746e-09, 1.900367e-09, 1.900367e-09, -4.325418e-09
68.500000, 1.481757e-09, 1.936146e-09, 1.936146e-09, -4.170924e-09
68.600000, 1.493595e-09, 1.964407e-09, 1.964407e-09, -4.031811e-09
68.700000, 1.501316e-09, 1.984001e-09, 1.984001e-09, -3.898429e-09
68.800000, 1.499006e-09, 1.995167e-09, 1.995167e-09, -3.782671e-09
68.900000, 1.493441e-09, 1.996728e-09, 1.996728e-09, -3.674301e-09
69.000000, 1.479363e-09, 1.990309e-09, 1.990308e-09, -3.580956e-09
69.100000, 1.461283e-09, 1.975261e-09, 1.975260e-09, -3.495914e-09
69.200000, 1.433438e-09, 1.951865e-09, 1.951865e-09, -3.426770e-09
69.300000, 1.402368e-09, 1.920147e-09, 1.920147e-09, -3.363007e-09
69.400000, 1.362250e-09, 1.882110e-09, 1.882110e-09, -3.312597e-09
69.500000, 1.320338e-09, 1.836292e-09, 1.836292e-09, -3.266604e-09
69.600000, 1.269355e-09, 1.785728e-09, 1.785727e-09, -3.233223e-09
69.700000, 1.218804e-09, 1.728379e-09, 1.728379e-09, -3.204094e-09
69.800000, 1.161706e-09, 1.666507e-09, 1.666507e-09, -3.186715e-09
69.900000, 1.104022e-09, 1.600143e-09, 1.600143e-09, -3.170142e-09
70.000000, 1.040667e-09, 1.531909e-09, 1.531909e-09, -3.162727e-09
70.100000, 9.791873e-10, 1.460919e-09, 1.460919e-09, -3.154305e-09
70.200000, 9.146891e-10, 1.388250e-09, 1.388250e-09, -3.153095e-09
70.300000, 8.530859e-10, 1.315532e-09, 1.315531e-09, -3.150445e-09
70.400000, 7.890767e-10, 1.243535e-09, 1.243535e-09, -3.153344e-09
70.500000, 7.297028e-10, 1.172417e-09, 1.172417e-09, -3.151915e-09
70.600000, 6.691978e-10, 1.104146e-09, 1.104145e-09, -3.152906e-09
70.700000, 6.172762e-10, 1.037500e-09, 1.037500e-09, -3.148611e-09
70.800000, 5.633580e-10, 9.749114e-10, 9.749111e-10, -3.145653e-09
70.900000, 5.166908e-10, 9.160943e-10, 9.160941e-10, -3.135777e-09
71.000000, 4.715213e-10, 8.619283e-10, 8.619280e-10, -3.128204e-09
71.100000, 4.340482e-10, 8.121235e-10, 8.121233e-10, -3.112185e-09
71.200000, 3.980334e-10, 7.685739e-10, 7.685737e-10, -3.095379e-09
71.300000, 3.705647e-10, 7.294388e-10, 7.294386e-10, -3.071898e-09
71.400000, 3.447492e-10, 6.958991e-10, 6.958989e-10, -3.046081e-09
71.500000, 3.271171e-10, 6.673690e-10, 6.673688e-10, -3.012152e-09
71.600000, 3.127133e-10, 6.437756e-10, 6.437754e-10, -2.977970e-09
71.700000, 3.052406e-10, 6.257113e-10, 6.257111e-10, -2.936356e-09
71.800000, 2.988381e-10, 6.132836e-10, 6.132834e-10, -2.893543e-09
71.900000, 3.013124e-10, 6.044492e-10, 6.044491e-10, -2.842750e-09
72.000000, 3.043351e-10, 6.011992e-10, 6.011990e-10, -2.792449e-09
72.100000, 3.145282e-10, 6.016490e-10, 6.016488e-10, -2.734462e-09
72.200000, 3.250690e-10, 6.061668e-10, 6.061666e-10, -2.676234e-09
72.300000, 3.411920e-10, 6.139266e-10, 6.139265e-10, -2.612497e-09
72.400000, 3.569706e-10, 6.244607e-10, 6.244606e-10, -2.549589e-09
72.500000, 3.777161e-10, 6.370460e-10, 6.370458e-10, -2.481354e-09
72.600000, 3.961771e-10, 6.516466e-10, 6.516465e-10, -2.416615e-09
72.700000, 4.186210e-10, 6.673108e-10, 6.673107e-10, -2.347746e-09
72.800000, 4.392532e-10, 6.839476e-10, 6.839475e-10, -2.281607e-09
72.900000, 4.620549e-10, 7.007813e-10, 7.007812e-10, -2.212615e-09
73.000000, 4.827038e-10, 7.178130e-10, 7.178129e-10, -2.148280e-09
73.100000, 5.044973e-10, 7.335832e-10, 7.335831e-10, -2.081624e-09
73.200000, 5.220773e-10, 7.486120e-10, 7.486119e-10, -2.019994e-09
73.300000, 5.412695e-10, 7.612050e-10, 7.612049e-10, -1.958260e-09
73.400000, 5.553508e-10, 7.731955e-10, 7.731954e-10, -1.901245e-09
73.500000, 5.701730e-10, 7.826275e-10, 7.826274e-10, -1.843673e-09
73.600000, 5.804029e-10, 7.901082e-10, 7.901081e-10, -1.792762e-09
73.700000, 5.899985e-10, 7.946404e-10, 7.946403e-10, -1.741079e-09
73.800000, 5.944925e-10, 7.972203e-10, 7.972202e-10, -1.695541e-09
73.900000, 5.987044e-10, 7.969472e-10, 7.969471e-10, -1.650932e-09
74.000000, 5.973661e-10, 7.942021e-10, 7.942020e-10, -1.612233e-09
74.100000, 5.956196e-10, 7.882884e-10, 7.882884e-10, -1.574023e-09
74.200000, 5.881341e-10, 7.801094e-10, 7.801094e-10, -1.541965e-09
74.300000, 5.809437e-10, 7.691547e-10, 7.691547e-10, -1.510002e-09
74.400000, 5.684495e-10, 7.562091e-10, 7.562090e-10, -1.483841e-09
74.500000, 5.562634e-10, 7.404348e-10, 7.404348e-10, -1.457546e-09
74.600000, 5.392772e-10, 7.228775e-10, 7.228774e-10, -1.437473e-09
74.700000, 5.232222e-10, 7.031625e-10, 7.031625e-10, -1.416447e-09
74.800000, 5.020910e-10, 6.822122e-10, 6.822122e-10, -1.400340e-09
74.900000, 4.824412e-10, 6.598349e-10, 6.598349e-10, -1.383495e-09
75.000000, 4.588487e-10, 6.364294e-10, 6.364294e-10, -1.370317e-09
75.100000, 4.367407e-10, 6.120137e-10, 6.120137e-10, -1.355874e-09
75.200000, 4.109004e-10, 5.874076e-10, 5.874076e-10, -1.345627e-09
75.300000, 3.874392e-10, 5.620926e-10, 5.620926e-10, -1.333065e-09
75.400000, 3.613607e-10, 5.372800e-10, 5.372799e-10, -1.323271e-09
75.500000, 3.382653e-10, 5.126769e-10, 5.126769e-10, -1.311051e-09
75.600000, 3.128099e-10, 4.890571e-10, 4.890570e-10, -1.301185e-09
75.700000, 2.906134e-10, 4.656413e-10, 4.656412e-10, -1.287797e-09
75.800000, 2.665176e-10, 4.435529e-10, 4.435529e-10, -1.277292e-09
75.900000, 2.460553e-10, 4.222458e-10, 4.222458e-10, -1.263528e-09
76.000000, 2.242484e-10, 4.027451e-10, 4.027451e-10, -1.250818e-09
76.100000, 2.057836e-10, 3.843934e-10, 3.843934e-10, -1.234590e-09
76.200000, 1.863505e-10, 3.679477e-10, 3.679477e-10, -1.220105e-09
76.300000, 1.708537e-10, 3.526715e-10, 3.526715e-10, -1.201154e-09
76.400000, 1.542543e-10, 3.394543e-10, 3.394543e-10, -1.183605e-09
76.500000, 1.416514e-10, 3.279166e-10, 3.279167e-10, -1.162494e-09
76.600000, 1.278972e-10, 3.181648e-10, 3.181648e-10, -1.142429e-09
76.700000, 1.183843e-10, 3.099469e-10, 3.099469e-10, -1.118331e-09
76.800000, 1.081430e-10, 3.036803e-10, 3.036803e-10, -1.095665e-09
76.900000, 1.017048e-10, 2.988168e-10, 2.988169e-10, -1.069184e-09
77.000000, 9.443560e-11, 2.958651e-10, 2.958652e-10, -1.043390e-09
77.100000, 9.059385e-11, 2.939017e-10, 2.939018e-10, -1.014294e-09
77.200000, 8.560133e-11, 2.934975e-10, 2.934975e-10, -9.871507e-10
77.300000, 8.359121e-11, 2.940463e-10, 2.940464e-10, -9.564264e-10
77.400000, 8.022704e-11, 2.956165e-10, 2.956166e-10, -9.274967e-10
77.500000, 7.967650e-11, 2.978506e-10, 2.978507e-10, -8.958716e-10
77.600000, 7.780801e-11, 3.009705e-10, 3.009705e-10, -8.659000e-10
77.700000, 7.819813e-11, 3.044091e-10, 3.044092e-10, -8.334887e-10
77.800000, 7.664221e-11, 3.084357e-10, 3.084358e-10, -8.035566e-10
77.900000, 7.742415e-11, 3.122376e-10, 3.122377e-10, -7.715095e-10
78.000000, 7.612854e-11, 3.163795e-10, 3.163796e-10, -7.417852e-10
78.100000, 7.683012e-11, 3.200040e-10, 3.200040e-10, -7.108037e-10
78.200000, 7.525728e-11, 3.238095e-10, 3.238096e-10, -6.823843e-10
78.300000, 7.522552e-11, 3.269131e-10, 3.269132e-10, -6.522074e-10
78.400000, 7.289989e-11, 3.297321e-10, 3.297322e-10, -6.255119e-10
78.500000, 7.188975e-11, 3.317922e-10, 3.317923e-10, -5.975689e-10
78.600000, 6.798143e-11, 3.333827e-10, 3.333828e-10, -5.726273e-10
78.700000, 6.540805e-11, 3.340004e-10, 3.340005e-10, -5.468993e-10
78.800000, 6.009586e-11, 3.340192e-10, 3.340193e-10, -5.245713e-10
78.900000, 5.605782e-11, 3.330600e-10, 3.330601e-10, -5.013002e-10
79.000000, 4.926865e-11, 3.314763e-10, 3.314764e-10, -4.813913e-10
79.100000, 4.354755e-11, 3.288490e-10, 3.288492e-10, -4.607187e-10
79.200000, 3.516002e-11, 3.255345e-10, 3.255346e-10, -4.433780e-10
79.300000, 2.802818e-11, 3.211571e-10, 3.211572e-10, -4.252084e-10
79.400000, 1.829544e-11, 3.163312e-10, 3.163313e-10, -4.105467e-10
79.500000, 9.810281e-12, 3.103524e-10, 3.103525e-10, -3.948859e-10
79.600000, -1.166082e-12, 3.040089e-10, 3.040090e-10, -3.823035e-10
79.700000, -1.082558e-11, 2.968335e-10, 2.968337e-10, -3.686225e-10
79.800000, -2.295584e-11, 2.893798e-10, 2.893799e-10, -3.580460e-10
79.900000, -3.344249e-11, 2.813634e-10, 2.813636e-10, -3.461072e-10
80.000000, -4.626788e-11, 2.730719e-10, 2.730720e-10, -3.370336e-10
80.100000, -5.736393e-11, 2.642842e-10, 2.642843e-10, -3.266851e-10
80.200000, -7.050800e-11, 2.554742e-10, 2.554744e-10, -3.189580e-10
80.300000, -8.157902e-11, 2.463972e-10, 2.463973e-10, -3.095389e-10
80.400000, -9.444899e-11, 2.375515e-10, 2.375516e-10, -3.026050e-10
80.500000, -1.052173e-10, 2.285790e-10, 2.285791e-10, -2.937977e-10
80.600000, -1.176058e-10, 2.198849e-10, 2.198850e-10, -2.872087e-10
80.700000, -1.277458e-10, 2.111903e-10, 2.111904e-10, -2.787208e-10
80.800000, -1.393634e-10, 2.030206e-10, 2.030208e-10, -2.723103e-10
80.900000, -1.487904e-10, 1.950389e-10, 1.950391e-10, -2.636060e-10
81.000000, -1.595678e-10, 1.877106e-10, 1.877108e-10, -2.569362e-10
81.100000, -1.680729e-10, 1.806291e-10, 1.806293e-10, -2.480790e-10
81.200000, -1.777875e-10, 1.742819e-10, 1.742821e-10, -2.409268e-10
81.300000, -1.850053e-10, 1.682668e-10, 1.682669e-10, -2.315007e-10
81.400000, -1.933507e-10, 1.630455e-10, 1.630457e-10, -2.238280e-10
81.500000, -1.992361e-10, 1.581604e-10, 1.581606e-10, -2.138252e-10
81.600000, -2.062809e-10, 1.540939e-10, 1.540941e-10, -2.055363e-10
81.700000, -2.108992e-10, 1.503241e-10, 1.503243e-10, -1.949045e-10
81.800000, -2.165460e-10, 1.474277e-10, 1.474279e-10, -1.859314e-10
81.900000, -2.199945e-10, 1.447951e-10, 1.447953e-10, -1.747899e-10
82.000000, -2.245010e-10, 1.429499e-10, 1.429501e-10, -1.653753e-10
82.100000, -2.268372e-10, 1.413597e-10, 1.413598e-10, -1.537550e-10
82.200000, -2.304179e-10, 1.404093e-10, 1.404095e-10, -1.439157e-10
82.300000, -2.319307e-10, 1.396893e-10, 1.396895e-10, -1.320263e-10
82.400000, -2.346488e-10, 1.394761e-10, 1.394763e-10, -1.219956e-10
82.500000, -2.353114e-10, 1.393837e-10, 1.393839e-10, -1.099915e-10
82.600000, -2.373325e-10, 1.397772e-10, 1.397774e-10, -9.989593e-11
82.700000, -2.373419e-10, 1.400956e-10, 1.400958e-10, -8.804529e-11
82.800000, -2.387889e-10, 1.408461e-10, 1.408462e-10, -7.808636e-11
82.900000, -2.384991e-10, 1.414736e-10, 1.414738e-10, -6.641192e-11
83.000000, -2.396592e-10, 1.423033e-10, 1.423035e-10, -5.678768e-11
83.100000, -2.391693e-10, 1.429446e-10, 1.429448e-10, -4.552677e-11
83.200000, -2.403052e-10, 1.437873e-10, 1.437875e-10, -3.648093e-11
83.300000, -2.398324e-10, 1.443026e-10, 1.443028e-10, -2.589136e-11
83.400000, -2.409694e-10, 1.449401e-10, 1.449403e-10, -1.745206e-11
83.500000, -2.407273e-10, 1.452052e-10, 1.452054e-10, -7.543735e-12
83.600000, -2.420609e-10, 1.454387e-10, 1.454389e-10, 2.117428e-13
83.700000, -2.419696e-10, 1.452506e-10, 1.452508e-10, 9.226752e-12
83.800000, -2.436050e-10, 1.449879e-10, 1.449881e-10, 1.601562e-11
83.900000, -2.437589e-10, 1.442543e-10, 1.442544e-10, 2.409828e-11
84.000000, -2.456793e-10, 1.434491e-10, 1.434493e-10, 2.993689e-11
84.100000, -2.462510e-10, 1.421787e-10, 1.421788e-10, 3.711453e-11
84.200000, -2.484052e-10, 1.407873e-10, 1.407874e-10, 4.212973e-11
84.300000, -2.493002e-10, 1.389721e-10, 1.389723e-10, 4.840499e-11
84.400000, -2.518312e-10, 1.370607e-10, 1.370609e-10, 5.250295e-11
84.500000, -2.530645e-10, 1.347234e-10, 1.347236e-10, 5.790713e-11
84.600000, -2.559894e-10, 1.323651e-10, 1.323653e-10, 6.113303e-11
84.700000, -2.575295e-10, 1.296062e-10, 1.296064e-10, 6.568253e-11
84.800000, -2.606152e-10, 1.268441e-10, 1.268443e-10, 6.818393e-11
84.900000, -2.622927e-10, 1.237617e-10, 1.237619e-10, 7.205940e-11
85.000000, -2.654409e-10, 1.207324e-10, 1.207325e-10, 7.395196e-11
85.100000, -2.671081e-10, 1.174038e-10, 1.174040e-10, 7.729040e-11
85.200000, -2.702505e-10, 1.142108e-10, 1.142109e-10, 7.875111e-11
85.300000, -2.718947e-10, 1.107572e-10, 1.107573e-10, 8.164693e-11
85.400000, -2.749291e-10, 1.074754e-10, 1.074755e-10, 8.273685e-11
85.500000, -2.765561e-10, 1.040434e-10, 1.040435e-10, 8.528208e-11
85.600000, -2.794214e-10, 1.008213e-10, 1.008215e-10, 8.611899e-11
85.700000, -2.807957e-10, 9.751105e-11, 9.751118e-11, 8.852245e-11
85.800000, -2.833891e-10, 9.451774e-11, 9.451787e-11, 8.926127e-11
85.900000, -2.844403e-10, 9.141966e-11, 9.141978e-11, 9.160794e-11
86.000000, -2.867118e-10, 8.866091e-11, 8.866103e-11, 9.235667e-11
86.100000, -2.874355e-10, 8.584624e-11, 8.584636e-11, 9.467634e-11
86.200000, -2.892618e-10, 8.336228e-11, 8.336239e-11, 9.546895e-11
86.300000, -2.895062e-10, 8.089782e-11, 8.089793e-11, 9.790256e-11
86.400000, -2.909018e-10, 7.880937e-11, 7.880947e-11, 9.883700e-11
86.500000, -2.907142e-10, 7.671652e-11, 7.671662e-11, 1.014166e-10
86.600000, -2.916577e-10, 7.502187e-11, 7.502197e-11, 1.025336e-10
86.700000, -2.910696e-10, 7.331290e-11, 7.331299e-11, 1.052636e-10
86.800000, -2.915708e-10, 7.197959e-11, 7.197967e-11, 1.065521e-10
86.900000, -2.906085e-10, 7.064506e-11, 7.064515e-11, 1.094066e-10
87.000000, -2.907429e-10, 6.966726e-11, 6.966734e-11, 1.108569e-10
87.100000, -2.893800e-10, 6.864907e-11, 6.864914e-11, 1.138798e-10
87.200000, -2.891233e-10, 6.798799e-11, 6.798806e-11, 1.154682e-10
87.300000, -2.874247e-10, 6.725997e-11, 6.726004e-11, 1.185879e-10
87.400000, -2.868304e-10, 6.683956e-11, 6.683962e-11, 1.202932e-10
87.500000, -2.848679e-10, 6.633801e-11, 6.633808e-11, 1.234606e-10
87.600000, -2.840629e-10, 6.610568e-11, 6.610574e-11, 1.251826e-10
87.700000, -2.818954e-10, 6.577537e-11, 6.577542e-11, 1.283648e-10
87.800000, -2.809340e-10, 6.569615e-11, 6.569620e-11, 1.300847e-10
87.900000, -2.786650e-10, 6.547115e-11, 6.547119e-11, 1.332191e-10
88.000000, -2.775867e-10, 6.544546e-11, 6.544550e-11, 1.348808e-10
88.100000, -2.752616e-10, 6.524222e-11, 6.524226e-11, 1.378959e-10
88.200000, -2.741662e-10, 6.521187e-11, 6.521191e-11, 1.394066e-10
88.300000, -2.718361e-10, 6.498401e-11, 6.498404e-11, 1.422339e-10
88.400000, -2.707611e-10, 6.490683e-11, 6.490685e-11, 1.435579e-10
88.500000, -2.685016e-10, 6.460708e-11, 6.460710e-11, 1.461714e-10
88.600000, -2.675019e-10, 6.441273e-11, 6.441275e-11, 1.472858e-10
88.700000, -2.653432e-10, 6.398756e-11, 6.398757e-11, 1.496628e-10
88.800000, -2.644393e-10, 6.364576e-11, 6.364577e-11, 1.505403e-10
88.900000, -2.623989e-10, 6.306194e-11, 6.306195e-11, 1.526504e-10
89.000000, -2.616498e-10, 6.257176e-11, 6.257176e-11, 1.532466e-10
89.100000, -2.597773e-10, 6.183384e-11, 6.183384e-11, 1.550634e-10
89.200000, -2.591647e-10, 6.118118e-11, 6.118118e-11, 1.553995e-10
89.300000, -2.574518e-10, 6.028213e-11, 6.028212e-11, 1.569461e-10
89.400000, -2.569831e-10, 5.946958e-11, 5.946956e-11, 1.570275e-10
89.500000, -2.554174e-10, 5.841598e-11, 5.841596e-11, 1.583122e-10
89.600000, -2.550828e-10, 5.745346e-11, 5.745344e-11, 1.581498e-10
89.700000, -2.536410e-10, 5.626634e-11, 5.626631e-11, 1.591902e-10
89.800000, -2.533987e-10, 5.518305e-11, 5.518302e-11, 1.588119e-10
89.900000, -2.520534e-10, 5.388886e-11, 5.388882e-11, 1.596527e-10
90.000000, -2.518919e-10, 5.272109e-11, 5.272105e-11, 1.591091e-10
90.100000, -2.506164e-10, 5.136014e-11, 5.136010e-11, 1.597801e-10
90.200000, -2.504989e-10, 5.014050e-11, 5.014046e-11, 1.590986e-10
90.300000, -2.492668e-10, 4.874686e-11, 4.874682e-11, 1.596303e-10
90.400000, -2.491626e-10, 4.751047e-11, 4.751042e-11, 1.588393e-10
90.500000, -2.479353e-10, 4.611589e-11, 4.611584e-11, 1.592844e-10
90.600000, -2.478068e-10, 4.489833e-11, 4.489828e-11, 1.584442e-10
90.700000, -2.465433e-10, 4.353763e-11, 4.353758e-11, 1.588379e-10
90.800000, -2.463487e-10, 4.236875e-11, 4.236870e-11, 1.579681e-10
90.900000, -2.450355e-10, 4.107734e-11, 4.107728e-11, 1.583317e-10
91.000000, -2.447563e-10, 3.998646e-11, 3.998640e-11, 1.574618e-10
91.100000, -2.433506e-10, 3.878708e-11, 3.878701e-11, 1.578329e-10
91.200000, -2.429742e-10, 3.780069e-11, 3.780063e-11, 1.569932e-10
91.300000, -2.414637e-10, 3.671242e-11, 3.671235e-11, 1.573972e-10
91.400000, -2.409700e-10, 3.584548e-11, 3.584542e-11, 1.566122e-10
91.500000, -2.393532e-10, 3.488017e-11, 3.488010e-11, 1.570537e-10
91.600000, -2.387312e-10, 3.413537e-11, 3.413530e-11, 1.563222e-10
91.700000, -2.370005e-10, 3.329417e-11, 3.329410e-11, 1.568100e-10
91.800000, -2.362576e-10, 3.267219e-11, 3.267211e-11, 1.561356e-10
91.900000, -2.344167e-10, 3.195432e-11, 3.195425e-11, 1.566770e-10
92.000000, -2.335628e-10, 3.145380e-11, 3.145373e-11, 1.560676e-10
92.100000, -2.316305e-10, 3.085431e-11, 3.085424e-11, 1.566603e-10
92.200000, -2.306763e-10, 3.046228e-11, 3.046220e-11, 1.561092e-10
92.300000, -2.286664e-10, 2.996624e-11, 2.996617e-11, 1.567425e-10
92.400000, -2.276397e-10, 2.966308e-11, 2.966301e-11, 1.562339e-10
92.500000, -2.255733e-10, 2.924775e-11, 2.924767e-11, 1.568982e-10
92.600000, -2.244945e-10, 2.901971e-11, 2.901963e-11, 1.564247e-10
92.700000, -2.223978e-10, 2.866933e-11, 2.866926e-11, 1.571065e-10
92.800000, -2.212930e-10, 2.849433e-11, 2.849426e-11, 1.566553e-10
92.900000, -2.191945e-10, 2.819063e-11, 2.819056e-11, 1.573382e-10
93.000000, -2.180922e-10, 2.804596e-11, 2.804588e-11, 1.568905e-10
93.100000, -2.160178e-10, 2.776254e-11, 2.776246e-11, 1.575617e-10
93.200000, -2.149428e-10, 2.762973e-11, 2.762965e-11, 1.571054e-10
93.300000, -2.129180e-10, 2.734944e-11, 2.734936e-11, 1.577532e-10
93.400000, -2.118928e-10, 2.721014e-11, 2.721007e-11, 1.572772e-10
93.500000, -2.099400e-10, 2.691558e-11, 2.691550e-11, 1.578880e-10
93.600000, -2.089836e-10, 2.675227e-11, 2.675219e-11, 1.573787e-10
93.700000, -2.071151e-10, 2.643046e-11, 2.643038e-11, 1.579417e-10
93.800000, -2.062436e-10, 2.623232e-11, 2.623224e-11, 1.573908e-10
93.900000, -2.044729e-10, 2.587271e-11, 2.587263e-11, 1.579014e-10
94.000000, -2.036961e-10, 2.563513e-11, 2.563505e-11, 1.573081e-10
94.100000, -2.020322e-10, 2.523474e-11, 2.523466e-11, 1.577628e-10
94.200000, -2.013540e-10, 2.495244e-11, 2.495235e-11, 1.571231e-10
94.300000, -1.997952e-10, 2.450797e-11, 2.450788e-11, 1.575237e-10
94.400000, -1.992125e-10, 2.418069e-11, 2.418060e-11, 1.568375e-10
94.500000, -1.977538e-10, 2.369309e-11, 2.369300e-11, 1.571811e-10
94.600000, -1.972557e-10, 2.332549e-11, 2.332540e-11, 1.564491e-10
94.700000, -1.958837e-10, 2.280287e-11, 2.280279e-11, 1.567391e-10
94.800000, -1.954561e-10, 2.240230e-11, 2.240221e-11, 1.559651e-10
94.900000, -1.941571e-10, 2.185203e-11, 2.185194e-11, 1.562047e-10
95.000000, -1.937857e-10, 2.142629e-11, 2.142620e-11, 1.553918e-10
95.100000, -1.925403e-10, 2.085528e-11, 2.085519e-11, 1.555850e-10
95.200000, -1.922068e-10, 2.041361e-11, 2.041352e-11, 1.547353e-10
95.300000, -1.909951e-10, 1.983411e-11, 1.983401e-11, 1.548831e-10
95.400000, -1.906751e-10, 1.938930e-11, 1.938920e-11, 1.539992e-10
95.500000, -1.894748e-10, 1.881303e-11, 1.881294e-11, 1.541048e-10
95.600000, -1.891463e-10, 1.837549e-11, 1.837540e-11, 1.531896e-10
95.700000, -1.879335e-10, 1.781261e-11, 1.781252e-11, 1.532566e-10
95.800000, -1.875746e-10, 1.739212e-11, 1.739203e-11, 1.523119e-10
95.900000, -1.863298e-10, 1.685117e-11, 1.685108e-11, 1.523412e-10
96.000000, -1.859216e-10, 1.645647e-11, 1.645638e-11, 1.513685e-10
96.100000, -1.846280e-10, 1.594642e-11, 1.594633e-11, 1.513609e-10
96.200000, -1.841550e-10, 1.558413e-11, 1.558404e-11, 1.503584e-10
96.300000, -1.827967e-10, 1.511062e-11, 1.511053e-11, 1.503128e-10
96.400000, -1.822478e-10, 1.478651e-11, 1.478641e-11, 1.492834e-10
96.500000, -1.808166e-10, 1.435365e-11, 1.435356e-11, 1.492017e-10
96.600000, -1.801852e-10, 1.407064e-11, 1.407055e-11, 1.481432e-10
96.700000, -1.786788e-10, 1.368062e-11, 1.368053e-11, 1.480242e-10
96.800000, -1.779631e-10, 1.343933e-11, 1.343924e-11, 1.469380e-10
96.900000, -1.763798e-10, 1.309181e-11, 1.309172e-11, 1.467847e-10
97.000000, -1.755852e-10, 1.289105e-11, 1.289096e-11, 1.456737e-10
97.100000, -1.739346e-10, 1.258362e-11, 1.258353e-11, 1.454891e-10
97.200000, -1.730710e-10, 1.242003e-11, 1.241994e-11, 1.443567e-10
97.300000, -1.713664e-10, 1.214853e-11, 1.214844e-11, 1.441463e-10
97.400000, -1.704493e-10, 1.201791e-11, 1.201783e-11, 1.430002e-10
97.500000, -1.687086e-10, 1.177801e-11, 1.177793e-11, 1.427717e-10
97.600000, -1.677608e-10, 1.167531e-11, 1.167523e-11, 1.416208e-10
97.700000, -1.660087e-10, 1.146113e-11, 1.146104e-11, 1.413847e-10
97.800000, -1.650559e-10, 1.138010e-11, 1.138002e-11, 1.402399e-10
97.900000, -1.633203e-10, 1.118555e-11, 1.118546e-11, 1.400083e-10
98.000000, -1.623906e-10, 1.111953e-11, 1.111945e-11, 1.388831e-10
98.100000, -1.606991e-10, 1.093784e-11, 1.093775e-11, 1.386729e-10
98.200000, -1.598213e-10, 1.088107e-11, 1.088099e-11, 1.375854e-10
98.300000, -1.582039e-10, 1.070641e-11, 1.070633e-11, 1.374114e-10
98.400000, -1.574074e-10, 1.065337e-11, 1.065328e-11, 1.363761e-10
98.500000, -1.558916e-10, 1.048100e-11, 1.048092e-11, 1.362552e-10
98.600000, -1.552030e-10, 1.042688e-11, 1.042679e-11, 1.352902e-10
98.700000, -1.538160e-10, 1.025224e-11, 1.025216e-11, 1.352414e-10
98.800000, -1.532630e-10, 1.019316e-11, 1.019307e-11, 1.343634e-10
98.900000, -1.520275e-10, 1.001298e-11, 1.001290e-11, 1.344013e-10
99.000000, -1.516276e-10, 9.946274e-12, 9.946189e-12, 1.336253e-10
99.100000, -1.505578e-10, 9.758388e-12, 9.758302e-12, 1.337635e-10
99.200000, -1.503225e-10, 9.682739e-12, 9.682653e-12, 1.330989e-10
99.300000, -1.494260e-10, 9.486212e-12, 9.486125e-12, 1.333428e-10
99.400000, -1.493565e-10, 9.400624e-12, 9.400537e-12, 1.327917e-10
99.500000, -1.486309e-10, 9.195329e-12, 9.195241e-12, 1.331422e-10
99.600000, -1.487220e-10, 9.100603e-12, 9.100515e-12, 1.327019e-10
99.700000, -1.481552e-10, 8.887454e-12, 8.887366e-12, 1.331504e-10
99.800000, -1.483889e-10, 8.784818e-12, 8.784729e-12, 1.328093e-10
99.900000, -1.479583e-10, 8.565564e-12, 8.565475e-12, 1.333413e-10
100.000000, -1.483060e-10, 8.457001e-12, 8.456911e-12, 1.330784e-10
100.100000, -1.479767e-10, 8.233758e-12, 8.233668e-12, 1.336660e-10
100.200000, -1.483985e-10, 8.121713e-12, 8.121621e-12, 1.334517e-10
100.300000, -1.481273e-10, 7.897500e-12, 7.897408e-12, 1.340658e-10
100.400000, -1.485771e-10, 7.784876e-12, 7.784783e-12, 1.338668e-10
100.500000, -1.483156e-10, 7.561988e-12, 7.561895e-12, 1.344684e-10
100.600000, -1.487443e-10, 7.451315e-12, 7.451221e-12, 1.342419e-10
100.700000, -1.484416e-10, 7.232570e-12, 7.232475e-12, 1.347885e-10
100.800000, -1.487965e-10, 7.126504e-12, 7.126408e-12, 1.344924e-10
100.900000, -1.483980e-10, 6.914401e-12, 6.914304e-12, 1.349405e-10
101.000000, -1.486231e-10, 6.815156e-12, 6.815058e-12, 1.345302e-10
101.100000, -1.480769e-10, 6.611628e-12, 6.611530e-12, 1.348355e-10
101.200000, -1.481268e-10, 6.520982e-12, 6.520883e-12, 1.342683e-10
101.300000, -1.473886e-10, 6.327639e-12, 6.327540e-12, 1.343907e-10
101.400000, -1.472204e-10, 6.246972e-12, 6.246872e-12, 1.336297e-10
101.500000, -1.462550e-10, 6.064878e-12, 6.064777e-12, 1.335377e-10
101.600000, -1.458416e-10, 5.995052e-12, 5.994951e-12, 1.325564e-10
101.700000, -1.446250e-10, 5.824699e-12, 5.824598e-12, 1.322267e-10
101.800000, -1.439445e-10, 5.765827e-12, 5.765725e-12, 1.310059e-10
101.900000, -1.424595e-10, 5.607425e-12, 5.607323e-12, 1.304271e-10
102.000000, -1.415051e-10, 5.559906e-12, 5.559804e-12, 1.289625e-10
102.100000, -1.397568e-10, 5.413431e-12, 5.413328e-12, 1.281335e-10
102.200000, -1.385409e-10, 5.376791e-12, 5.376688e-12, 1.264287e-10
102.300000, -1.365482e-10, 5.241787e-12, 5.241684e-12, 1.253609e-10
102.400000, -1.350975e-10, 5.215764e-12, 5.215660e-12, 1.234397e-10
102.500000, -1.328963e-10, 5.091954e-12, 5.091850e-12, 1.221684e-10
102.600000, -1.312566e-10, 5.076022e-12, 5.075917e-12, 1.200710e-10
102.700000, -1.288996e-10, 4.962672e-12, 4.962567e-12, 1.186426e-10
102.800000, -1.271340e-10, 4.956172e-12, 4.956066e-12, 1.164246e-10
102.900000, -1.246969e-10, 4.852800e-12, 4.852694e-12, 1.149053e-10
103.000000, -1.228905e-10, 4.855283e-12, 4.855177e-12, 1.126417e-10
103.100000, -1.204674e-10, 4.761276e-12, 4.761170e-12, 1.111178e-10
103.200000, -1.187251e-10, 4.772006e-12, 4.771899e-12, 1.089091e-10
103.300000, -1.164350e-10, 4.686671e-12, 4.686564e-12, 1.074912e-10
103.400000, -1.148858e-10, 4.705059e-12, 4.704952e-12, 1.054560e-10
103.500000, -1.128593e-10, 4.627850e-12, 4.627743e-12, 1.042696e-10
103.600000, -1.116384e-10, 4.653348e-12, 4.653241e-12, 1.025402e-10
103.700000, -1.100172e-10, 4.583581e-12, 4.583473e-12, 1.017223e-10
103.800000, -1.092679e-10, 4.615255e-12, 4.615147e-12, 1.004333e-10
103.900000, -1.081950e-10, 4.552001e-12, 4.551894e-12, 1.001189e-10
104.000000, -1.080563e-10, 4.589008e-12, 4.588901e-12, 9.940822e-11
104.100000, -1.076613e-10, 4.530999e-12, 4.530893e-12, 9.972935e-11
104.200000, -1.082536e-10, 4.571814e-12, 4.571708e-12, 9.971690e-11
104.300000, -1.086448e-10, 4.517488e-12, 4.517383e-12, 1.007775e-10
104.400000, -1.100584e-10, 4.560464e-12, 4.560360e-12, 1.015490e-10
104.500000, -1.113028e-10, 4.508210e-12, 4.508107e-12, 1.034215e-10
104.600000, -1.135780e-10, 4.551584e-12, 4.551482e-12, 1.050301e-10
104.700000, -1.156885e-10, 4.499488e-12, 4.499387e-12, 1.077365e-10
104.800000, -1.188049e-10, 4.541221e-12, 4.541122e-12, 1.101688e-10
104.900000, -1.217248e-10, 4.486792e-12, 4.486695e-12, 1.136596e-10
105.000000, -1.255946e-10, 4.524205e-12, 4.524109e-12, 1.168329e-10
105.100000, -1.292032e-10, 4.465309e-12, 4.465216e-12, 1.209957e-10
105.200000, -1.336697e-10, 4.497021e-12, 4.496930e-12, 1.247652e-10
105.300000, -1.377778e-10, 4.432438e-12, 4.432350e-12, 1.294210e-10
105.400000, -1.426195e-10, 4.456946e-12, 4.456860e-12, 1.335778e-10
105.500000, -1.469734e-10, 4.385087e-12, 4.385004e-12, 1.384900e-10
105.600000, -1.519132e-10, 4.401031e-12, 4.400951e-12, 1.427696e-10
105.700000, -1.562181e-10, 4.320717e-12, 4.320640e-12, 1.476539e-10
105.800000, -1.609505e-10, 4.327200e-12, 4.327126e-12, 1.517622e-10
105.900000, -1.648979e-10, 4.237588e-12, 4.237517e-12, 1.563172e-10
106.000000, -1.691170e-10, 4.233645e-12, 4.233578e-12, 1.599536e-10
106.100000, -1.724127e-10, 4.134149e-12, 4.134085e-12, 1.638939e-10
106.200000, -1.758419e-10, 4.119609e-12, 4.119548e-12, 1.667923e-10
106.300000, -1.782326e-10, 4.010122e-12, 4.010065e-12, 1.698716e-10
106.400000, -1.806442e-10, 3.985024e-12, 3.984970e-12, 1.718110e-10
106.500000, -1.819316e-10, 3.865780e-12, 3.865729e-12, 1.738341e-10
106.600000, -1.831685e-10, 3.830469e-12, 3.830423e-12, 1.746416e-10
106.700000, -1.832334e-10, 3.701989e-12, 3.701946e-12, 1.754693e-10
106.800000, -1.832103e-10, 3.657162e-12, 3.657123e-12, 1.750531e-10
106.900000, -1.820143e-10, 3.520177e-12, 3.520141e-12, 1.746461e-10
107.000000, -1.807533e-10, 3.466792e-12, 3.466761e-12, 1.730254e-10
107.100000, -1.783832e-10, 3.322545e-12, 3.322517e-12, 1.714655e-10
107.200000, -1.760293e-10, 3.261957e-12, 3.261932e-12, 1.687800e-10
107.300000, -1.726729e-10, 3.111883e-12, 3.111862e-12, 1.662498e-10
107.400000, -1.694372e-10, 3.045539e-12, 3.045522e-12, 1.627053e-10
107.500000, -1.653138e-10, 2.890966e-12, 2.890952e-12, 1.594186e-10
107.600000, -1.614160e-10, 2.820140e-12, 2.820130e-12, 1.552287e-10
107.700000, -1.567411e-10, 2.662382e-12, 2.662375e-12, 1.513951e-10
107.800000, -1.523895e-10, 2.588462e-12, 2.588459e-12, 1.467622e-10
107.900000, -1.473611e-10, 2.428971e-12, 2.428971e-12, 1.425744e-10
108.000000, -1.427411e-10, 2.353503e-12, 2.353507e-12, 1.376788e-10
108.100000, -1.375289e-10, 2.193555e-12, 2.193562e-12, 1.333021e-10
108.200000, -1.327920e-10, 2.117162e-12, 2.117172e-12, 1.282916e-10
108.300000, -1.275281e-10, 1.956926e-12, 1.956940e-12, 1.238551e-10
108.400000, -1.227862e-10, 1.879691e-12, 1.879707e-12, 1.188392e-10
108.500000, -1.175628e-10, 1.719264e-12, 1.719284e-12, 1.144329e-10
108.600000, -1.128901e-10, 1.641272e-12, 1.641295e-12, 1.094840e-10
108.700000, -1.077651e-10, 1.480691e-12, 1.480717e-12, 1.051649e-10
108.800000, -1.032054e-10, 1.401959e-12, 1.401988e-12, 1.003264e-10
108.900000, -9.821007e-11, 1.241212e-12, 1.241244e-12, 9.612626e-11
109.000000, -9.378303e-11, 1.161717e-12, 1.161751e-12, 9.141891e-11
109.100000, -8.892574e-11, 1.000772e-12, 1.000810e-12, 8.734766e-11
109.200000, -8.462939e-11, 9.204829e-13, 9.205226e-13, 8.277058e-11
109.300000, -7.989900e-11, 7.593193e-13, 7.593616e-13, 7.881716e-11
109.400000, -7.571429e-11, 6.782606e-13, 6.783053e-13, 7.435064e-11
109.500000, -7.108556e-11, 5.169525e-13, 5.169995e-13, 7.048926e-11
109.600000, -6.698402e-11, 4.352516e-13, 4.353010e-13, 6.610449e-11
109.700000, -6.242877e-11, 2.739653e-13, 2.740169e-13, 6.230693e-11
109.800000, -5.838588e-11, 1.918377e-13, 1.918916e-13, 5.797943e-11
109.900000, -5.388543e-11, 3.082483e-14, 3.088093e-14, 5.422718e-11
110.000000, -4.988922e-11, -5.142157e-14, -5.136335e-14, 4.994505e-11
110.100000, -4.543772e-11, -2.117849e-13, -2.117246e-13, 4.623242e-11
110.200000, -4.148741e-11, -2.936898e-13, -2.936274e-13, 4.199491e-11
110.300000, -3.708771e-11, -4.528598e-13, -4.527953e-13, 3.832476e-11
110.400000, -3.318837e-11, -5.337677e-13, -5.337012e-13, 3.413680e-11
110.500000, -2.884620e-11, -6.910314e-13, -6.909629e-13, 3.051479e-11
110.600000, -2.500278e-11, -7.702782e-13, -7.702078e-13, 2.638128e-11
110.700000, -2.072079e-11, -9.250739e-13, -9.250014e-13, 2.281016e-11
110.800000, -1.693233e-11, -1.002164e-12, -1.002090e-12, 1.873025e-11
110.900000, -1.270456e-11, -1.154067e-12, -1.153990e-12, 1.520435e-11
111.000000, -8.959101e-12, -1.228629e-12, -1.228551e-12, 1.116638e-11
111.100000, -4.767199e-12, -1.377301e-12, -1.377221e-12, 7.667755e-12
111.200000, -1.040951e-12, -1.449015e-12, -1.448933e-12, 3.648238e-12
111.300000, 3.142110e-12, -1.594167e-12, -1.594083e-12, 1.501452e-13
111.400000, 6.876037e-12, -1.662761e-12, -1.662676e-12, -3.877758e-12
111.500000, 1.107359e-11, -1.804150e-12, -1.804062e-12, -7.398740e-12
111.600000, 1.483215e-11, -1.869404e-12, -1.869315e-12, -1.145213e-11
111.700000, 1.905319e-11, -2.006822e-12, -2.006732e-12, -1.500439e-11
111.800000, 2.283632e-11, -2.068516e-12, -2.068424e-12, -1.908161e-11
111.900000, 2.707079e-11, -2.201730e-12, -2.201637e-12, -2.265303e-11
112.000000, 3.085775e-11, -2.259595e-12, -2.259500e-12, -2.673168e-11
112.100000, 3.507406e-11, -2.388303e-12, -2.388207e-12, -3.028947e-11
112.200000, 3.882171e-11, -2.442001e-12, -2.441903e-12, -3.432602e-11
112.300000, 4.296391e-11, -2.565827e-12, -2.565728e-12, -3.781456e-11
112.400000, 4.660164e-11, -2.614918e-12, -2.614818e-12, -4.173934e-11
112.500000, 5.058289e-11, -2.733407e-12, -2.733306e-12, -4.507298e-11
112.600000, 5.400657e-11, -2.777450e-12, -2.777348e-12, -4.878347e-11
112.700000, 5.770528e-11, -2.890084e-12, -2.889981e-12, -5.184268e-11
112.800000, 6.077668e-11, -2.928134e-12, -2.928031e-12, -5.520329e-11
112.900000, 6.403986e-11, -3.033361e-12, -3.033257e-12, -5.783827e-11
113.000000, 6.659358e-11, -3.063662e-12, -3.063557e-12, -6.068752e-11
113.100000, 6.924640e-11, -3.159870e-12, -3.159764e-12, -6.272770e-11
113.200000, 7.110099e-11, -3.180918e-12, -3.180812e-12, -6.488874e-11
113.300000, 7.295830e-11, -3.266732e-12, -3.266625e-12, -6.615369e-11
113.400000, 7.392789e-11, -3.277253e-12, -3.277146e-12, -6.744540e-11
113.500000, 7.480709e-11, -3.351413e-12, -3.351306e-12, -6.775693e-11
113.600000, 7.471990e-11, -3.350121e-12, -3.350012e-12, -6.801175e-11
113.700000, 7.447427e-11, -3.411427e-12, -3.411319e-12, -6.722707e-11
113.800000, 7.322588e-11, -3.397286e-12, -3.397177e-12, -6.634503e-11
113.900000, 7.180717e-11, -3.444915e-12, -3.444806e-12, -6.442000e-11
114.000000, 6.941079e-11, -3.417462e-12, -3.417353e-12, -6.241638e-11
114.100000, 6.688839e-11, -3.451235e-12, -3.451126e-12, -5.942097e-11
114.200000, 6.345605e-11, -3.410412e-12, -3.410303e-12, -5.641356e-11
114.300000, 5.997181e-11, -3.430528e-12, -3.430418e-12, -5.250790e-11
114.400000, 5.567816e-11, -3.376762e-12, -3.376652e-12, -4.868587e-11
114.500000, 5.144206e-11, -3.383826e-12, -3.383716e-12, -4.407694e-11
114.600000, 4.652099e-11, -3.317975e-12, -3.317865e-12, -3.966785e-11
114.700000, 4.178681e-11, -3.313044e-12, -3.312935e-12, -3.460309e-11
114.800000, 3.650935e-11, -3.236305e-12, -3.236195e-12, -2.986880e-11
114.900000, 3.155987e-11, -3.220985e-12, -3.220875e-12, -2.462368e-11
115.000000, 2.621526e-11, -3.135327e-12, -3.135218e-12, -1.984922e-11
115.100000, 2.133724e-11, -3.111513e-12, -3.111403e-12, -1.470496e-11
115.200000, 1.620477e-11, -3.018865e-12, -3.018755e-12, -1.016037e-11
115.300000, 1.166340e-11, -2.988711e-12, -2.988601e-12, -5.373762e-12
115.400000, 6.987635e-12, -2.891380e-12, -2.891270e-12, -1.293596e-12
115.500000, 3.002255e-12, -2.857340e-12, -2.857229e-12, 2.929772e-12
115.600000, -1.030171e-12, -2.757641e-12, -2.757531e-12, 6.368592e-12
115.700000, -4.305417e-12, -2.721710e-12, -2.721600e-12, 9.882125e-12
115.800000, -7.572037e-12, -2.621687e-12, -2.621577e-12, 1.256618e-11
115.900000, -1.004913e-11, -2.586486e-12, -2.586376e-12, 1.528744e-11
116.000000, -1.249313e-11, -2.489128e-12, -2.489018e-12, 1.716292e-11
116.100000, -1.414413e-11, -2.457327e-12, -2.457217e-12, 1.906913e-11
116.200000, -1.577061e-11, -2.364746e-12, -2.364637e-12, 2.014599e-11
116.300000, -1.663038e-11, -2.338137e-12, -2.338028e-12, 2.127892e-11
116.400000, -1.749799e-11, -2.251831e-12, -2.251722e-12, 2.162643e-11
116.500000, -1.764812e-11, -2.231648e-12, -2.231539e-12, 2.207160e-11
116.600000, -1.785790e-11, -2.152668e-12, -2.152559e-12, 2.178621e-11
116.700000, -1.741385e-11, -2.139665e-12, -2.139557e-12, 2.165490e-11
116.800000, -1.709010e-11, -2.068579e-12, -2.068471e-12, 2.086045e-11
116.900000, -1.618212e-11, -2.062939e-12, -2.062832e-12, 2.028561e-11
117.000000, -1.546117e-11, -1.999378e-12, -1.999272e-12, 1.911840e-11
117.100000, -1.422698e-11, -2.000648e-12, -2.000543e-12, 1.823175e-11
117.200000, -1.324458e-11, -1.944031e-12, -1.943927e-12, 1.682124e-11
117.300000, -1.181628e-11, -1.951291e-12, -1.951188e-12, 1.575251e-11
117.400000, -1.069648e-11, -1.900445e-12, -1.900342e-12, 1.422243e-11
117.500000, -9.192014e-12, -1.912426e-12, -1.912324e-12, 1.308741e-11
117.600000, -8.049546e-12, -1.866074e-12, -1.865973e-12, 1.154560e-11
117.700000, -6.572959e-12, -1.881480e-12, -1.881381e-12, 1.044374e-11
117.800000, -5.497777e-12, -1.838336e-12, -1.838238e-12, 8.979588e-12
117.900000, -4.128345e-12, -1.855794e-12, -1.855698e-12, 7.986030e-12
118.000000, -3.190561e-12, -1.814321e-12, -1.814226e-12, 6.663756e-12
118.100000, -1.989047e-12, -1.832392e-12, -1.832298e-12, 5.834291e-12
118.200000, -1.237629e-12, -1.791414e-12, -1.791322e-12, 4.699265e-12
118.300000, -2.433189e-13, -1.809051e-12, -1.808961e-12, 4.070342e-12
118.400000, 2.891542e-13, -1.767474e-12, -1.767386e-12, 3.153132e-12
118.500000, 1.052335e-12, -1.783584e-12, -1.783498e-12, 2.750320e-12
118.600000, 1.350143e-12, -1.740541e-12, -1.740456e-12, 2.066082e-12
118.700000, 1.873477e-12, -1.754579e-12, -1.754496e-12, 1.893429e-12
118.800000, 1.933241e-12, -1.709694e-12, -1.709613e-12, 1.439176e-12
118.900000, 2.219547e-12, -1.721199e-12, -1.721120e-12, 1.489427e-12
119.000000, 2.053927e-12, -1.673957e-12, -1.673879e-12, 1.254902e-12
119.100000, 2.124035e-12, -1.682779e-12, -1.682703e-12, 1.511595e-12
119.200000, 1.757553e-12, -1.633391e-12, -1.633317e-12, 1.473674e-12
119.300000, 1.637034e-12, -1.639732e-12, -1.639660e-12, 1.910181e-12
119.400000, 1.097243e-12, -1.588311e-12, -1.588241e-12, 2.039871e-12
119.500000, 8.199493e-13, -1.592433e-12, -1.592365e-12, 2.623156e-12
119.600000, 1.462982e-13, -1.539395e-12, -1.539328e-12, 2.882874e-12
119.700000, -2.478912e-13, -1.541744e-12, -1.541678e-12, 3.572759e-12
119.800000, -1.015356e-12, -1.487595e-12, -1.487532e-12, 3.920684e-12
119.900000, -1.482221e-12, -1.488755e-12, -1.488692e-12, 4.674631e-12
120.000000, -2.296877e-12, -1.434046e-12, -1.433985e-12, 5.068314e-12
120.100000, -2.791559e-12, -1.434504e-12, -1.434445e-12, 5.845033e-12
120.200000, -3.611161e-12, -1.379652e-12, -1.379593e-12, 6.245117e-12
120.300000, -4.093722e-12, -1.379865e-12, -1.379808e-12, 7.005591e-12
120.400000, -4.880155e-12, -1.325523e-12, -1.325467e-12, 7.373195e-12
120.500000, -5.313990e-12, -1.326202e-12, -1.326147e-12, 8.082214e-12
120.600000, -6.032944e-12, -1.272915e-12, -1.272860e-12, 8.387472e-12
120.700000, -6.386846e-12, -1.274421e-12, -1.274368e-12, 9.019071e-12
120.800000, -7.010209e-12, -1.222584e-12, -1.222531e-12, 9.236675e-12
120.900000, -7.260059e-12, -1.225443e-12, -1.225390e-12, 9.767508e-12
121.000000, -7.769302e-12, -1.175534e-12, -1.175482e-12, 9.880336e-12
121.100000, -7.902113e-12, -1.180083e-12, -1.180032e-12, 1.029928e-11
121.200000, -8.287620e-12, -1.132398e-12, -1.132347e-12, 1.029880e-11
121.300000, -8.298046e-12, -1.138958e-12, -1.138907e-12, 1.060041e-11
121.400000, -8.560130e-12, -1.093774e-12, -1.093723e-12, 1.048660e-11
121.500000, -8.450368e-12, -1.102640e-12, -1.102589e-12, 1.067400e-11
121.600000, -8.593576e-12, -1.060168e-12, -1.060117e-12, 1.045183e-11
121.700000, -8.373130e-12, -1.071313e-12, -1.071263e-12, 1.053328e-11
121.800000, -8.409293e-12, -1.031450e-12, -1.031400e-12, 1.021431e-11
121.900000, -8.091331e-12, -1.044844e-12, -1.044795e-12, 1.020472e-11
122.000000, -8.036124e-12, -1.007549e-12, -1.007499e-12, 9.805678e-12
122.100000, -7.639911e-12, -1.023085e-12, -1.023035e-12, 9.721815e-12
122.200000, -7.515103e-12, -9.881129e-13, -9.880637e-13, 9.260888e-12
122.300000, -7.061290e-12, -1.005446e-12, -1.005397e-12, 9.123377e-12
122.400000, -6.886630e-12, -9.724594e-13, -9.724105e-13, 8.621033e-12
122.500000, -6.394887e-12, -9.912158e-13, -9.911671e-13, 8.448878e-12
122.600000, -6.190801e-12, -9.597760e-13, -9.597275e-13, 7.922730e-12
122.700000, -5.681581e-12, -9.795345e-13, -9.794862e-13, 7.733633e-12
122.800000, -5.467238e-12, -9.492451e-13, -9.491972e-13, 7.203025e-12
122.900000, -4.959207e-12, -9.696770e-13, -9.696292e-13, 7.015090e-12
123.000000, -4.752924e-12, -9.401808e-13, -9.401333e-13, 6.495810e-12
123.100000, -4.263133e-12, -9.608428e-13, -9.607956e-13, 6.323904e-12
123.200000, -4.080428e-12, -9.318039e-13, -9.317569e-13, 5.829318e-12
123.300000, -3.622510e-12, -9.524400e-13, -9.523933e-13, 5.685562e-12
123.400000, -3.474977e-12, -9.234779e-13, -9.234314e-13, 5.226152e-12
123.500000, -3.059001e-12, -9.436638e-13, -9.436176e-13, 5.119297e-12
123.600000, -2.955214e-12, -9.144245e-13, -9.143785e-13, 4.703105e-12
123.700000, -2.587684e-12, -9.339281e-13, -9.338823e-13, 4.639427e-12
123.800000, -2.532457e-12, -9.042900e-13, -9.042444e-13, 4.270412e-12
123.900000, -2.217469e-12, -9.229898e-13, -9.229444e-13, 4.252663e-12
124.000000, -2.212451e-12, -8.927738e-13, -8.927286e-13, 3.932323e-12
124.100000, -1.948629e-12, -9.105308e-13, -9.104858e-13, 3.960623e-12
124.200000, -1.991708e-12, -8.796796e-13, -8.796347e-13, 3.687412e-12
124.300000, -1.776376e-12, -8.964384e-13, -8.963936e-13, 3.757663e-12
124.400000, -1.863711e-12, -8.649416e-13, -8.648970e-13, 3.526193e-12
124.500000, -1.692044e-12, -8.807539e-13, -8.807093e-13, 3.634634e-12
124.600000, -1.817287e-12, -8.486576e-13, -8.486130e-13, 3.440953e-12
124.700000, -1.681559e-12, -8.635958e-13, -8.635513e-13, 3.580865e-12
124.800000, -1.837284e-12, -8.310050e-13, -8.309605e-13, 3.416583e-12
124.900000, -1.730156e-12, -8.452108e-13, -8.451663e-13, 3.579952e-12
125.000000, -1.908177e-12, -8.123221e-13, -8.122775e-13, 3.437853e-12
125.100000, -1.820400e-12, -8.260409e-13, -8.259963e-13, 3.616805e-12
125.200000, -2.010581e-12, -7.930651e-13, -7.930203e-13, 3.488761e-12
125.300000, -1.932337e-12, -8.064741e-13, -8.064292e-13, 3.675805e-12
125.400000, -2.126368e-12, -7.736041e-13, -7.735591e-13, 3.554328e-12
125.500000, -2.050185e-12, -7.869181e-13, -7.868729e-13, 3.741586e-12
125.600000, -2.240260e-12, -7.543473e-13, -7.543018e-13, 3.618444e-12
125.700000, -2.158249e-12, -7.677140e-13, -7.676683e-13, 3.798684e-12
125.800000, -2.336893e-12, -7.356291e-13, -7.355832e-13, 3.667988e-12
125.900000, -2.242112e-12, -7.493303e-13, -7.492841e-13, 3.835806e-12
126.000000, -2.404041e-12, -7.179355e-13, -7.178891e-13, 3.692568e-12
126.100000, -2.292758e-12, -7.320309e-13, -7.319844e-13, 3.843800e-12
126.200000, -2.433932e-12, -7.013778e-13, -7.013311e-13, 3.684200e-12
126.300000, -2.301496e-12, -7.159846e-13, -7.159378e-13, 3.815279e-12
126.400000, -2.418476e-12, -6.861841e-13, -6.861371e-13, 3.636683e-12
126.500000, -2.263485e-12, -7.013612e-13, -7.013143e-13, 3.746652e-12
126.600000, -2.356071e-12, -6.724838e-13, -6.724370e-13, 3.549275e-12
126.700000, -2.179074e-12, -6.883188e-13, -6.882721e-13, 3.638482e-12
126.800000, -2.248476e-12, -6.603900e-13, -6.603436e-13, 3.422678e-12
126.900000, -2.050779e-12, -6.768472e-13, -6.768010e-13, 3.492146e-12
127.000000, -2.099108e-12, -6.498398e-13, -6.497942e-13, 3.259795e-12
127.100000, -1.884206e-12, -6.669292e-13, -6.668841e-13, 3.312022e-12
127.200000, -1.915155e-12, -6.408066e-13, -6.407621e-13, 3.066344e-12
127.300000, -1.685912e-12, -6.584671e-13, -6.584235e-13, 3.105296e-12
127.400000, -1.703040e-12, -6.331790e-13, -6.331362e-13, 2.849973e-12
127.500000, -1.464292e-12, -6.513550e-13, -6.513133e-13, 2.878561e-12
127.600000, -1.472572e-12, -6.268191e-13, -6.267786e-13, 2.616686e-12
127.700000, -1.228990e-12, -6.454012e-13, -6.453618e-13, 2.638309e-12
127.800000, -1.232864e-12, -6.214682e-13, -6.214302e-13, 2.373445e-12
127.900000, -9.889496e-13, -6.402860e-13, -6.402494e-13, 2.393018e-12
128.000000, -9.929466e-13, -6.167978e-13, -6.167628e-13, 2.130408e-12
128.100000, -7.526667e-13, -6.356901e-13, -6.356566e-13, 2.151704e-12
128.200000, -7.603055e-13, -6.124675e-13, -6.124357e-13, 1.894520e-12
128.300000, -5.274840e-13, -6.312627e-13, -6.312325e-13, 1.920979e-12
128.400000, -5.422213e-13, -6.081679e-13, -6.081394e-13, 1.672655e-12
128.500000, -3.198321e-13, -6.267419e-13, -6.267150e-13, 1.707411e-12
128.600000, -3.457092e-13, -6.036345e-13, -6.036093e-13, 1.470602e-12
128.700000, -1.372594e-13, -6.219016e-13, -6.218781e-13, 1.515987e-12
128.800000, -1.752434e-13, -5.987389e-13, -5.987171e-13, 1.292108e-12
128.900000, 1.909000e-14, -6.166201e-13, -6.165999e-13, 1.348861e-12
129.000000, -3.197998e-14, -5.932990e-13, -5.932804e-13, 1.138759e-12
129.100000, 1.468409e-13, -6.107071e-13, -6.106902e-13, 1.207645e-12
129.200000, 8.157864e-14, -5.871525e-13, -5.871372e-13, 1.011455e-12
129.300000, 2.447763e-13, -6.040438e-13, -6.040299e-13, 1.092533e-12
129.400000, 1.658067e-13, -5.802249e-13, -5.802126e-13, 9.106115e-13
129.500000, 3.139575e-13, -5.965650e-13, -5.965542e-13, 1.003659e-12
129.600000, 2.223295e-13, -5.724526e-13, -5.724431e-13, 8.349508e-13
129.700000, 3.572461e-13, -5.882212e-13, -5.882131e-13, 9.382436e-13
129.800000, 2.548241e-13, -5.637986e-13, -5.637919e-13, 7.806814e-13
129.900000, 3.782509e-13, -5.789927e-13, -5.789873e-13, 8.926217e-13
130.000000, 2.675156e-13, -5.542675e-13, -5.542633e-13, 7.447912e-13
130.100000, 3.823838e-13, -5.689113e-13, -5.689086e-13, 8.637376e-13
130.200000, 2.654227e-13, -5.439095e-13, -5.439080e-13, 7.238017e-13
130.300000, 3.734422e-13, -5.580364e-13, -5.580361e-13, 8.476830e-13
130.400000, 2.524717e-13, -5.327922e-13, -5.327933e-13, 7.133513e-13
130.500000, 3.559535e-13, -5.464359e-13, -5.464382e-13, 8.398256e-13
130.600000, 2.328126e-13, -5.209871e-13, -5.209906e-13, 7.086465e-13
130.700000, 3.335963e-13, -5.342156e-13, -5.342205e-13, 8.354910e-13
130.800000, 2.106750e-13, -5.086679e-13, -5.086742e-13, 7.053297e-13
130.900000, 3.110423e-13, -5.215746e-13, -5.215822e-13, 8.304540e-13
131.000000, 1.900031e-13, -4.959979e-13, -4.960068e-13, 6.998198e-13
131.100000, 2.915365e-13, -5.086450e-13, -5.086554e-13, 8.220680e-13
131.200000, 1.738532e-13, -4.831017e-13, -4.831135e-13, 6.896833e-13
131.300000, 2.778485e-13, -4.956006e-13, -4.956139e-13, 8.079312e-13
131.400000, 1.647681e-13, -4.702132e-13, -4.702279e-13, 6.730352e-13
131.500000, 2.723006e-13, -4.826487e-13, -4.826649e-13, 7.865442e-13
131.600000, 1.643929e-13, -4.574445e-13, -4.574623e-13, 6.484487e-13
131.700000, 2.755516e-13, -4.698097e-13, -4.698290e-13, 7.570846e-13
131.800000, 1.727876e-13, -4.447984e-13, -4.448192e-13, 6.157581e-13
131.900000, 2.875018e-13, -4.571250e-13, -4.571474e-13, 7.193438e-13
132.000000, 1.896629e-13, -4.323233e-13, -4.323473e-13, 5.748473e-13
132.100000, 3.077518e-13, -4.446246e-13, -4.446504e-13, 6.739400e-13
132.200000, 2.142972e-13, -4.200615e-13, -4.200891e-13, 5.270768e-13
132.300000, 3.346350e-13, -4.323745e-13, -4.324038e-13, 6.224511e-13
132.400000, 2.445811e-13, -4.080837e-13, -4.081148e-13, 4.739880e-13
132.500000, 3.665103e-13, -4.204534e-13, -4.204863e-13, 5.665975e-13
132.600000, 2.790968e-13, -3.964856e-13, -3.965204e-13, 4.174819e-13
132.700000, 4.018668e-13, -4.089479e-13, -4.089847e-13, 5.085006e-13
132.800000, 3.163761e-13, -3.853241e-13, -3.853627e-13, 3.600787e-13
132.900000, 4.388780e-13, -3.978812e-13, -3.979219e-13, 4.504540e-13
133.000000, 3.537275e-13, -3.745769e-13, -3.746197e-13, 3.035573e-13
133.100000, 4.744119e-13, -3.872182e-13, -3.872630e-13, 3.944712e-13
133.200000, 3.884727e-13, -3.642397e-13, -3.642866e-13, 2.500620e-13
133.300000, 5.064940e-13, -3.769769e-13, -3.770259e-13, 3.421758e-13
133.400000, 4.185407e-13, -3.543127e-13, -3.543639e-13, 2.011941e-13
133.500000, 5.327422e-13, -3.671234e-13, -3.671767e-13, 2.954360e-13
133.600000, 4.422344e-13, -3.447619e-13, -3.448173e-13, 1.585544e-13
133.700000, 5.520653e-13, -3.576241e-13, -3.576816e-13, 2.557409e-13
133.800000, 4.583414e-13, -3.355321e-13, -3.355916e-13, 1.236140e-13
133.900000, 5.635286e-13, -3.484350e-13, -3.484966e-13, 2.240382e-13
134.000000, 4.665325e-13, -3.266121e-13, -3.266758e-13, 9.691797e-14
134.100000, 5.669122e-13, -3.395312e-13, -3.395968e-13, 2.009547e-13
134.200000, 4.663932e-13, -3.179354e-13, -3.180028e-13, 7.909266e-14
134.300000, 5.619273e-13, -3.308339e-13, -3.309028e-13, 1.867407e-13
134.400000, 4.579813e-13, -3.094089e-13, -3.094796e-13, 6.990762e-14
134.500000, 5.489860e-13, -3.222303e-13, -3.223026e-13, 1.810114e-13
134.600000, 4.419225e-13, -3.009455e-13, -3.010194e-13, 6.903785e-14
134.700000, 5.286299e-13, -3.136801e-13, -3.137554e-13, 1.830956e-13
134.800000, 4.189657e-13, -2.925324e-13, -2.926089e-13, 7.538037e-14
134.900000, 5.017696e-13, -3.051771e-13, -3.052548e-13, 1.919305e-13
135.000000, 3.897411e-13, -2.841557e-13, -2.842346e-13, 8.799251e-14
135.100000, 4.692739e-13, -2.967074e-13, -2.967872e-13, 2.065278e-13
135.200000, 3.556088e-13, -2.758172e-13, -2.758980e-13, 1.056481e-13
135.300000, 4.326092e-13, -2.882767e-13, -2.883584e-13, 2.252638e-13
135.400000, 3.182269e-13, -2.675098e-13, -2.675924e-13, 1.266260e-13
135.500000, 3.935946e-13, -2.798728e-13, -2.799561e-13, 2.465887e-13
135.600000, 2.793237e-13, -2.592224e-13, -2.593064e-13, 1.494745e-13
135.700000, 3.539536e-13, -2.714843e-13, -2.715691e-13, 2.691498e-13
135.800000, 2.405263e-13, -2.509410e-13, -2.510264e-13, 1.728300e-13
135.900000, 3.149612e-13, -2.630825e-13, -2.631685e-13, 2.915254e-13
136.000000, 2.029868e-13, -2.426301e-13, -2.427167e-13, 1.954120e-13
136.100000, 2.778169e-13, -2.546459e-13, -2.547329e-13, 3.124738e-13
136.200000, 1.676938e-13, -2.342847e-13, -2.343723e-13, 2.158509e-13
136.300000, 2.433831e-13, -2.461936e-13, -2.462818e-13, 3.306412e-13
136.400000, 1.356192e-13, -2.259421e-13, -2.260307e-13, 2.330389e-13
136.500000, 2.124765e-13, -2.377512e-13, -2.378403e-13, 3.452554e-13
136.600000, 1.072327e-13, -2.176191e-13, -2.177087e-13, 2.464531e-13
136.700000, 1.854540e-13, -2.293423e-13, -2.294324e-13, 3.559967e-13
136.800000, 8.292478e-14, -2.093424e-13, -2.094329e-13, 2.557982e-13
136.900000, 1.626717e-13, -2.209985e-13, -2.210894e-13, 3.623649e-13
137.000000, 6.281558e-14, -2.011395e-13, -2.012308e-13, 2.607288e-13
137.100000, 1.438776e-13, -2.127347e-13, -2.128264e-13, 3.646041e-13
137.200000, 4.656263e-14, -1.930277e-13, -1.931197e-13, 2.617286e-13
137.300000, 1.288588e-13, -2.045673e-13, -2.046596e-13, 3.629967e-13
137.400000, 3.377530e-14, -1.850095e-13, -1.851021e-13, 2.590625e-13
137.500000, 1.170022e-13, -1.964987e-13, -1.965915e-13, 3.580360e-13
137.600000, 2.403496e-14, -1.770984e-13, -1.771914e-13, 2.533651e-13
137.700000, 1.080620e-13, -1.885480e-13, -1.886409e-13, 3.503837e-13
137.800000, 1.698069e-14, -1.693226e-13, -1.694156e-13, 2.452194e-13
137.900000, 1.014241e-13, -1.807561e-13, -1.808490e-13, 3.405547e-13
138.000000, 1.175536e-14, -1.617207e-13, -1.618134e-13, 2.353228e-13
138.100000, 9.633028e-14, -1.731480e-13, -1.732405e-13, 3.294212e-13
138.200000, 7.872567e-15, -1.543024e-13, -1.543944e-13, 2.245243e-13
138.300000, 9.228183e-14, -1.657223e-13, -1.658139e-13, 3.177205e-13
138.400000, 4.589869e-15, -1.470738e-13, -1.471647e-13, 2.134747e-13
138.500000, 8.840482e-14, -1.584995e-13, -1.585897e-13, 3.062042e-13
138.600000, 1.151230e-15, -1.400637e-13, -1.401529e-13, 2.029535e-13
138.700000, 8.412171e-14, -1.515050e-13, -1.515935e-13, 2.955485e-13
138.800000, -2.892454e-15, -1.332812e-13, -1.333687e-13, 1.936544e-13
138.900000, 7.911940e-14, -1.447539e-13, -1.448402e-13, 2.861858e-13
139.000000, -7.707292e-15, -1.267623e-13, -1.268471e-13, 1.856087e-13
139.100000, 7.321825e-14, -1.382709e-13, -1.383542e-13, 2.782984e-13
139.200000, -1.361510e-14, -1.205087e-13, -1.205905e-13, 1.792656e-13
139.300000, 6.618838e-14, -1.320559e-13, -1.321359e-13, 2.722275e-13
139.400000, -2.067423e-14, -1.145211e-13, -1.145994e-13, 1.747662e-13
139.500000, 5.790326e-14, -1.261010e-13, -1.261774e-13, 2.679575e-13
139.600000, -2.902612e-14, -1.087897e-13, -1.088638e-13, 1.719322e-13
139.700000, 4.839654e-14, -1.203988e-13, -1.204710e-13, 2.651891e-13
139.800000, -3.845493e-14, -1.032961e-13, -1.033660e-13, 1.705873e-13
139.900000, 3.799646e-14, -1.149197e-13, -1.149875e-13, 2.639674e-13
140.000000, -4.865865e-14, -9.801872e-14, -9.808417e-14, 1.706747e-13
140.100000, 2.692199e-14, -1.096564e-13, -1.097195e-13, 2.639818e-13
140.200000, -5.942500e-14, -9.295332e-14, -9.301391e-14, 1.717524e-13
140.300000, 1.549478e-14, -1.045944e-13, -1.046526e-13, 2.647328e-13
140.400000, -7.031013e-14, -8.807262e-14, -8.812833e-14, 1.733400e-13
140.500000, 4.178612e-15, -9.970629e-14, -9.975943e-14, 2.658137e-13
140.600000, -8.086890e-14, -8.335639e-14, -8.340728e-14, 1.751142e-13
140.700000, -6.616871e-15, -9.497613e-14, -9.502459e-14, 2.669298e-13
140.800000, -9.071678e-14, -7.879279e-14, -7.883879e-14, 1.766476e-13
140.900000, -1.653580e-14, -9.038923e-14, -9.043292e-14, 2.675166e-13
141.000000, -9.955848e-14, -7.436269e-14, -7.440411e-14, 1.774640e-13
141.100000, -2.531514e-14, -8.593633e-14, -8.597546e-14, 2.672627e-13
141.200000, -1.071493e-13, -7.007200e-14, -7.010894e-14, 1.772586e-13
141.300000, -3.273373e-14, -8.163015e-14, -8.166498e-14, 2.658209e-13
141.400000, -1.132440e-13, -6.592698e-14, -6.595976e-14, 1.757822e-13
141.500000, -3.854686e-14, -7.746336e-14, -7.749414e-14, 2.630870e-13
141.600000, -1.177251e-13, -6.191460e-14, -6.194347e-14, 1.729375e-13
141.700000, -4.274551e-14, -7.342650e-14, -7.345358e-14, 2.588830e-13
141.800000, -1.205891e-13, -5.803184e-14, -5.805718e-14, 1.686007e-13
141.900000, -4.529098e-14, -6.952419e-14, -6.954795e-14, 2.531857e-13
142.000000, -1.217894e-13, -5.428671e-14, -5.430882e-14, 1.627370e-13
142.100000, -4.621213e-14, -6.575772e-14, -6.577837e-14, 2.460536e-13
142.200000, -1.214468e-13, -5.067172e-14, -5.069097e-14, 1.555748e-13
142.300000, -4.569180e-14, -6.211786e-14, -6.213574e-14, 2.377124e-13
142.400000, -1.197391e-13, -4.718001e-14, -4.719650e-14, 1.472906e-13
142.500000, -4.384845e-14, -5.860142e-14, -5.861671e-14, 2.283591e-13
142.600000, -1.168083e-13, -4.381252e-14, -4.382660e-14, 1.380974e-13
142.700000, -4.092503e-14, -5.521076e-14, -5.522364e-14, 2.182205e-13
142.800000, -1.129435e-13, -4.057277e-14, -4.058445e-14, 1.282240e-13
142.900000, -3.721321e-14, -5.195095e-14, -5.196156e-14, 2.074987e-13
143.000000, -1.084456e-13, -3.746140e-14, -3.747091e-14, 1.178963e-13
143.100000, -3.301470e-14, -4.881721e-14, -4.882555e-14, 1.965154e-13
143.200000, -1.036301e-13, -3.447494e-14, -3.448225e-14, 1.074954e-13
143.300000, -2.860321e-14, -4.581052e-14, -4.581673e-14, 1.856091e-13
143.400000, -9.869920e-14, -3.161719e-14, -3.162232e-14, 9.727291e-14
143.500000, -2.421679e-14, -4.293422e-14, -4.293838e-14, 1.749948e-13
143.600000, -9.392464e-14, -2.888973e-14, -2.889275e-14, 8.747789e-14
143.700000, -2.009049e-14, -4.018888e-14, -4.019086e-14, 1.649246e-13
143.800000, -8.952847e-14, -2.629293e-14, -2.629382e-14, 7.827619e-14
143.900000, -1.646588e-14, -3.757191e-14, -3.757177e-14, 1.555352e-13
144.000000, -8.571546e-14, -2.381966e-14, -2.381847e-14, 6.984898e-14
144.100000, -1.345561e-14, -3.507540e-14, -3.507318e-14, 1.469895e-13
144.200000, -8.258109e-14, -2.146126e-14, -2.145799e-14, 6.233511e-14
144.300000, -1.116858e-14, -3.268996e-14, -3.268560e-14, 1.394153e-13
144.400000, -8.017127e-14, -1.921284e-14, -1.920748e-14, 5.579464e-14
144.500000, -9.600163e-15, -3.041626e-14, -3.040996e-14, 1.328082e-13
144.600000, -7.848291e-14, -1.707521e-14, -1.706791e-14, 5.019561e-14
144.700000, -8.731032e-15, -2.825208e-14, -2.824383e-14, 1.271088e-13
144.800000, -7.748539e-14, -1.504452e-14, -1.503546e-14, 4.548547e-14
144.900000, -8.515670e-15, -2.619317e-14, -2.618317e-14, 1.222837e-13
145.000000, -7.707210e-14, -1.311717e-14, -1.310645e-14, 4.158241e-14
145.100000, -8.806213e-15, -2.423640e-14, -2.422489e-14, 1.181980e-13
145.200000, -7.708268e-14, -1.128854e-14, -1.127636e-14, 3.835443e-14
145.300000, -9.436779e-15, -2.237616e-14, -2.236330e-14, 1.147107e-13
145.400000, -7.738440e-14, -9.554709e-15, -9.541320e-15, 3.563095e-14
145.500000, -1.030732e-14, -2.060986e-14, -2.059597e-14, 1.116646e-13
145.600000, -7.787204e-14, -7.912143e-15, -7.897851e-15, 3.328840e-14
145.700000, -1.128003e-14, -1.893319e-14, -1.891854e-14, 1.089096e-13
145.800000, -7.836922e-14, -6.355840e-15, -6.340909e-15, 3.113458e-14
145.900000, -1.219645e-14, -1.733971e-14, -1.732459e-14, 1.062941e-13
146.000000, -7.876739e-14, -4.879310e-15, -4.864115e-15, 2.906292e-14
146.100000, -1.294560e-14, -1.582400e-14, -1.580873e-14, 1.036913e-13
146.200000, -7.892961e-14, -3.478276e-15, -3.463075e-15, 2.693410e-14
146.300000, -1.340727e-14, -1.438241e-14, -1.436726e-14, 1.009748e-13
146.400000, -7.878418e-14, -2.147224e-15, -2.132330e-15, 2.464148e-14
146.500000, -1.352724e-14, -1.300789e-14, -1.299330e-14, 9.805804e-14
146.600000, -7.826466e-14, -8.815403e-16, -8.672898e-16, 2.210203e-14
146.700000, -1.325470e-14, -1.169747e-14, -1.168355e-14, 9.486525e-14
146.800000, -7.735975e-14, 3.240722e-16, 3.374434e-16, 1.925959e-14
146.900000, -1.260930e-14, -1.044460e-14, -1.043181e-14, 9.135254e-14
147.000000, -7.608042e-14, 1.473913e-15, 1.486176e-15, 1.610847e-14
147.100000, -1.157770e-14, -9.246737e-15, -9.235143e-15, 8.756107e-14
147.200000, -7.443697e-14, 2.570212e-15, 2.581184e-15, 1.266682e-14
147.300000, -1.019198e-14, -8.102881e-15, -8.092547e-15, 8.348746e-14
147.400000, -7.245268e-14, 3.613921e-15, 3.623641e-15, 8.969245e-15
147.500000, -8.507121e-15, -7.009985e-15, -7.000879e-15, 7.917443e-14
147.600000, -7.021719e-14, 4.608457e-15, 4.616942e-15, 5.064174e-15
147.700000, -6.599726e-15, -5.964829e-15, -5.956936e-15, 7.472066e-14
147.800000, -6.780342e-14, 5.557540e-15, 5.564973e-15, 1.059437e-15
147.900000, -4.549472e-15, -4.965746e-15, -4.958845e-15, 7.020171e-14
148.000000, -6.528036e-14, 6.461901e-15, 6.468438e-15, -2.962606e-15
148.100000, -2.423184e-15, -4.009086e-15, -4.002921e-15, 6.573304e-14
148.200000, -6.273468e-14, 7.326281e-15, 7.332147e-15, -6.898270e-15
148.300000, -3.212360e-16, -3.091938e-15, -3.086279e-15, 6.137681e-14
148.400000, -6.024491e-14, 8.151404e-15, 8.156970e-15, -1.068567e-14
148.500000, 1.697695e-15, -2.215319e-15, -2.209844e-15, 5.720954e-14
148.600000, -5.788449e-14, 8.937004e-15, 8.942449e-15, -1.424794e-14
148.700000, 3.555276e-15, -1.377369e-15, -1.371788e-15, 5.332632e-14
148.800000, -5.572020e-14, 9.684543e-15, 9.690239e-15, -1.750557e-14
148.900000, 5.183555e-15, -5.770471e-16, -5.711111e-16, 4.974465e-14
149.000000, -5.381019e-14, 1.039626e-14, 1.040245e-14, -2.044184e-14
149.100000, 6.536530e-15, 1.882213e-16, 1.947745e-16, 4.652032e-14
149.200000, -5.220292e-14, 1.107559e-14, 1.108250e-14, -2.301738e-14
149.300000, 7.581074e-15, 9.227375e-16, 9.301066e-16, 4.366549e-14
149.400000, -5.091589e-14, 1.172642e-14, 1.173418e-14, -2.521342e-14
149.500000, 8.290337e-15, 1.630115e-15, 1.638358e-15, 4.117864e-14
149.600000, -4.997214e-14, 1.235225e-14, 1.236096e-14, -2.706324e-14
149.700000, 8.664931e-15, 2.315003e-15, 2.324247e-15, 3.904414e-14
149.800000, -4.934972e-14, 1.295829e-14, 1.296807e-14, -2.857306e-14
149.900000, 8.748133e-15, 2.980598e-15, 2.990823e-15, 3.723132e-14
150.000000, -4.900002e-14, 1.354701e-14, 1.355778e-14, -2.977559e-14
150.100000, 8.574596e-15, 3.630546e-15, 3.641793e-15, 3.571598e-14
150.200000, -4.888793e-14, 1.412232e-14, 1.413408e-14, -3.070927e-14
150.300000, 8.193429e-15, 4.268618e-15, 4.280824e-15, 3.444774e-14
150.400000, -4.896639e-14, 1.468785e-14, 1.470056e-14, -3.141970e-14
150.500000, 7.638641e-15, 4.898076e-15, 4.911189e-15, 3.337580e-14
150.600000, -4.920837e-14, 1.524706e-14, 1.526066e-14, -3.197105e-14
150.700000, 6.948503e-15, 5.521321e-15, 5.535454e-15, 3.243754e-14
150.800000, -4.955098e-14, 1.579963e-14, 1.581425e-14, -3.240949e-14
150.900000, 6.188817e-15, 6.137187e-15, 6.152179e-15, 3.159724e-14
151.000000, -4.993289e-14, 1.634448e-14, 1.636002e-14, -3.277709e-14
151.100000, 5.422482e-15, 6.743281e-15, 6.759277e-15, 3.080398e-14
151.200000, -5.030187e-14, 1.687831e-14, 1.689480e-14, -3.312809e-14
151.300000, 4.697342e-15, 7.336494e-15, 7.353496e-15, 3.000872e-14
151.400000, -5.061561e-14, 1.739894e-14, 1.741643e-14, -3.349782e-14
151.500000, 4.042731e-15, 7.915783e-15, 7.933847e-15, 2.917949e-14
151.600000, -5.084069e-14, 1.790527e-14, 1.792382e-14, -3.392172e-14
151.700000, 3.498667e-15, 8.479692e-15, 8.498823e-15, 2.828661e-14
151.800000, -5.094712e-14, 1.839634e-14, 1.841608e-14, -3.442664e-14
151.900000, 3.071727e-15, 9.027590e-15, 9.047899e-15, 2.730237e-14
152.000000, -5.094877e-14, 1.887075e-14, 1.889163e-14, -3.503109e-14
152.100000, 2.756027e-15, 9.556746e-15, 9.578265e-15, 2.621946e-14
152.200000, -5.082323e-14, 1.932478e-14, 1.934692e-14, -3.573218e-14
152.300000, 2.580088e-15, 1.006396e-14, 1.008674e-14, 2.505380e-14
152.400000, -5.056596e-14, 1.975661e-14, 1.978000e-14, -3.651156e-14
152.500000, 2.523600e-15, 1.054806e-14, 1.057214e-14, 2.381657e-14
152.600000, -5.020643e-14, 2.016602e-14, 2.019068e-14, -3.735533e-14
152.700000, 2.559429e-15, 1.100952e-14, 1.103478e-14, 2.252810e-14
152.800000, -4.977201e-14, 2.055262e-14, 2.057859e-14, -3.824480e-14
152.900000, 2.659104e-15, 1.144753e-14, 1.147405e-14, 2.120924e-14
153.000000, -4.928293e-14, 2.091596e-14, 2.094310e-14, -3.915025e-14
153.100000, 2.806117e-15, 1.186212e-14, 1.188985e-14, 1.989033e-14
153.200000, -4.876452e-14, 2.125721e-14, 2.128556e-14, -4.004745e-14
153.300000, 2.970831e-15, 1.225493e-14, 1.228385e-14, 1.859707e-14
153.400000, -4.823833e-14, 2.157708e-14, 2.160660e-14, -4.090500e-14
153.500000, 3.131177e-15, 1.262566e-14, 1.265573e-14, 1.736182e-14
153.600000, -4.773592e-14, 2.187464e-14, 2.190526e-14, -4.169483e-14
153.700000, 3.260340e-15, 1.297365e-14, 1.300483e-14, 1.620703e-14
153.800000, -4.727731e-14, 2.215084e-14, 2.218263e-14, -4.239258e-14
153.900000, 3.337687e-15, 1.330168e-14, 1.333392e-14, 1.516075e-14
154.000000, -4.688388e-14, 2.240923e-14, 2.244206e-14, -4.297793e-14
154.100000, 3.340261e-15, 1.361293e-14, 1.364625e-14, 1.423019e-14
154.200000, -4.657236e-14, 2.265200e-14, 2.268579e-14, -4.344578e-14
154.300000, 3.257396e-15, 1.390878e-14, 1.394306e-14, 1.342556e-14
154.400000, -4.635498e-14, 2.288030e-14, 2.291497e-14, -4.378795e-14
154.500000, 3.079851e-15, 1.419015e-14, 1.422520e-14, 1.274637e-14
154.600000, -4.623614e-14, 2.309479e-14, 2.313025e-14, -4.401348e-14
154.700000, 2.809690e-15, 1.445801e-14, 1.449378e-14, 1.218127e-14
154.800000, -4.620019e-14, 2.329654e-14, 2.333265e-14, -4.413227e-14
154.900000, 2.463141e-15, 1.471350e-14, 1.474984e-14, 1.171962e-14
155.000000, -4.624696e-14, 2.348768e-14, 2.352422e-14, -4.415400e-14
155.100000, 2.039296e-15, 1.495908e-14, 1.499579e-14, 1.135393e-14
155.200000, -4.636739e-14, 2.367001e-14, 2.370682e-14, -4.408979e-14
155.300000, 1.548684e-15, 1.519640e-14, 1.523329e-14, 1.106104e-14
155.400000, -4.654759e-14, 2.384508e-14, 2.388197e-14, -4.397096e-14
155.500000, 1.008107e-15, 1.542690e-14, 1.546374e-14, 1.081680e-14
155.600000, -4.677033e-14, 2.401416e-14, 2.405089e-14, -4.380919e-14
155.700000, 4.427917e-16, 1.565096e-14, 1.568761e-14, 1.061322e-14
155.800000, -4.700424e-14, 2.417711e-14, 2.421361e-14, -4.361674e-14
155.900000, -1.232400e-16, 1.586859e-14, 1.590488e-14, 1.043368e-14
156.000000, -4.723502e-14, 2.433393e-14, 2.436997e-14, -4.341230e-14
156.100000, -6.765484e-16, 1.607968e-14, 1.611552e-14, 1.025921e-14
156.200000, -4.744905e-14, 2.448433e-14, 2.451986e-14, -4.321010e-14
156.300000, -1.205649e-15, 1.628397e-14, 1.631918e-14, 1.007981e-14
156.400000, -4.763386e-14, 2.462799e-14, 2.466289e-14, -4.302347e-14
156.500000, -1.696773e-15, 1.648068e-14, 1.651526e-14, 9.879502e-15
156.600000, -4.777508e-14, 2.476394e-14, 2.479817e-14, -4.286667e-14
156.700000, -2.134091e-15, 1.666893e-14, 1.670278e-14, 9.645239e-15
156.800000, -4.786055e-14, 2.489134e-14, 2.492483e-14, -4.274975e-14
156.900000, -2.511709e-15, 1.684772e-14, 1.688087e-14, 9.373014e-15
157.000000, -4.788669e-14, 2.500893e-14, 2.504165e-14, -4.266998e-14
157.100000, -2.829441e-15, 1.701572e-14, 1.704812e-14, 9.068168e-15
157.200000, -4.785520e-14, 2.511540e-14, 2.514745e-14, -4.262484e-14
157.300000, -3.087881e-15, 1.717217e-14, 1.720387e-14, 8.731166e-15
157.400000, -4.776918e-14, 2.521076e-14, 2.524215e-14, -4.261322e-14
157.500000, -3.293447e-15, 1.731702e-14, 1.734816e-14, 8.363798e-15
157.600000, -4.763481e-14, 2.529476e-14, 2.532558e-14, -4.263144e-14
157.700000, -3.451455e-15, 1.745029e-14, 1.748094e-14, 7.974314e-15
157.800000, -4.745794e-14, 2.536748e-14, 2.539782e-14, -4.266844e-14
157.900000, -3.569181e-15, 1.757213e-14, 1.760228e-14, 7.572227e-15
158.000000, -4.724752e-14, 2.542914e-14, 2.545908e-14, -4.271607e-14
158.100000, -3.655667e-15, 1.768256e-14, 1.771233e-14, 7.164876e-15
158.200000, -4.701267e-14, 2.547969e-14, 2.550926e-14, -4.276855e-14
158.300000, -3.721525e-15, 1.778171e-14, 1.781106e-14, 6.758709e-15
158.400000, -4.676279e-14, 2.551946e-14, 2.554865e-14, -4.281681e-14
158.500000, -3.774279e-15, 1.786988e-14, 1.789887e-14, 6.363410e-15
158.600000, -4.650554e-14, 2.554876e-14, 2.557762e-14, -4.285271e-14
158.700000, -3.821634e-15, 1.794767e-14, 1.797635e-14, 5.985769e-15
158.800000, -4.624851e-14, 2.556841e-14, 2.559682e-14, -4.286905e-14
158.900000, -3.871442e-15, 1.801581e-14, 1.804413e-14, 5.632793e-15
159.000000, -4.600038e-14, 2.557895e-14, 2.560710e-14, -4.286074e-14
159.100000, -3.932340e-15, 1.807488e-14, 1.810285e-14, 5.308852e-15
159.200000, -4.576692e-14, 2.558085e-14, 2.560872e-14, -4.282416e-14
159.300000, -4.006977e-15, 1.812521e-14, 1.815289e-14, 5.015557e-15
159.400000, -4.555011e-14, 2.557455e-14, 2.560216e-14, -4.275779e-14
159.500000, -4.096826e-15, 1.816718e-14, 1.819471e-14, 4.754790e-15
159.600000, -4.534927e-14, 2.556038e-14, 2.558780e-14, -4.266121e-14
159.700000, -4.200410e-15, 1.820116e-14, 1.822855e-14, 4.525495e-15
159.800000, -4.516403e-14, 2.553863e-14, 2.556603e-14, -4.253573e-14
159.900000, -4.317680e-15, 1.822752e-14, 1.825494e-14, 4.325928e-15
160.000000, -4.499292e-14, 2.550968e-14, 2.553719e-14, -4.238419e-14
160.100000, -4.445908e-15, 1.824659e-14, 1.827414e-14, 4.152341e-15
160.200000, -4.483311e-14, 2.547396e-14, 2.550167e-14, -4.221104e-14
160.300000, -4.581981e-15, 1.825878e-14, 1.828660e-14, 4.000092e-15
160.400000, -4.468055e-14, 2.543189e-14, 2.545994e-14, -4.202053e-14
160.500000, -4.721317e-15, 1.826448e-14, 1.829273e-14, 3.864506e-15
160.600000, -4.453073e-14, 2.538364e-14, 2.541222e-14, -4.181763e-14
160.700000, -4.858977e-15, 1.826376e-14, 1.829266e-14, 3.740768e-15
160.800000, -4.437801e-14, 2.532934e-14, 2.535855e-14, -4.160762e-14
160.900000, -4.989772e-15, 1.825686e-14, 1.828650e-14, 3.623614e-15
161.000000, -4.421756e-14, 2.526922e-14, 2.529927e-14, -4.139500e-14
161.100000, -5.109086e-15, 1.824399e-14, 1.827451e-14, 3.508708e-15
161.200000, -4.404543e-14, 2.520343e-14, 2.523447e-14, -4.118421e-14
161.300000, -5.213168e-15, 1.822522e-14, 1.825687e-14, 3.391594e-15
161.400000, -4.385797e-14, 2.513224e-14, 2.516448e-14, -4.097936e-14
161.500000, -5.298872e-15, 1.820097e-14, 1.823388e-14, 3.269228e-15
161.600000, -4.365245e-14, 2.505584e-14, 2.508951e-14, -4.078252e-14
161.700000, -5.364114e-15, 1.817128e-14, 1.820572e-14, 3.139622e-15
161.800000, -4.342767e-14, 2.497420e-14, 2.500955e-14, -4.059554e-14
161.900000, -5.408185e-15, 1.813600e-14, 1.817222e-14, 3.001441e-15
162.000000, -4.318306e-14, 2.488735e-14, 2.492459e-14, -4.041925e-14
162.100000, -5.430667e-15, 1.809533e-14, 1.813354e-14, 2.854262e-15
162.200000, -4.291829e-14, 2.479527e-14, 2.483463e-14, -4.025363e-14
162.300000, -5.431569e-15, 1.804911e-14, 1.808958e-14, 2.698351e-15
162.400000, -4.263407e-14, 2.469791e-14, 2.473966e-14, -4.009807e-14
162.500000, -5.412668e-15, 1.799729e-14, 1.804026e-14, 2.534952e-15
162.600000, -4.233292e-14, 2.459528e-14, 2.463962e-14, -3.995050e-14
162.700000, -5.376858e-15, 1.794004e-14, 1.798575e-14, 2.366779e-15
162.800000, -4.201789e-14, 2.448742e-14, 2.453456e-14, -3.980815e-14
162.900000, -5.326941e-15, 1.787736e-14, 1.792596e-14, 2.196248e-15
163.000000, -4.169151e-14, 2.437446e-14, 2.442459e-14, -3.966858e-14
163.100000, -5.265377e-15, 1.780940e-14, 1.786108e-14, 2.026112e-15
163.200000, -4.135644e-14, 2.425653e-14, 2.430979e-14, -3.952891e-14
163.300000, -5.195143e-15, 1.773621e-14, 1.779111e-14, 1.859373e-15
163.400000, -4.101542e-14, 2.413364e-14, 2.419017e-14, -3.938605e-14
163.500000, -5.118931e-15, 1.765789e-14, 1.771612e-14, 1.698557e-15
163.600000, -4.067133e-14, 2.400597e-14, 2.406592e-14, -3.923788e-14
163.700000, -5.039419e-15, 1.757466e-14, 1.763632e-14, 1.546048e-15
163.800000, -4.032685e-14, 2.387361e-14, 2.393705e-14, -3.908206e-14
163.900000, -4.959299e-15, 1.748657e-14, 1.755179e-14, 1.403637e-15
164.000000, -3.998392e-14, 2.373683e-14, 2.380383e-14, -3.891695e-14
164.100000, -4.880188e-15, 1.739378e-14, 1.746263e-14, 1.272872e-15
164.200000, -3.964433e-14, 2.359562e-14, 2.366627e-14, -3.874126e-14
164.300000, -4.803712e-15, 1.729648e-14, 1.736895e-14, 1.154751e-15
164.400000, -3.930951e-14, 2.345020e-14, 2.352447e-14, -3.855437e-14
164.500000, -4.730968e-15, 1.719485e-14, 1.727098e-14, 1.049489e-15
164.600000, -3.898016e-14, 2.330080e-14, 2.337870e-14, -3.835626e-14
164.700000, -4.662634e-15, 1.708908e-14, 1.716871e-14, 9.568666e-16
164.800000, -3.865648e-14, 2.314761e-14, 2.322912e-14, -3.814722e-14
164.900000, -4.598214e-15, 1.697954e-14, 1.706276e-14, 8.764891e-16
165.000000, -3.833799e-14, 2.299113e-14, 2.307610e-14, -3.792810e-14
165.100000, -4.537415e-15, 1.686658e-14, 1.695325e-14, 8.073283e-16
165.200000, -3.802402e-14, 2.283165e-14, 2.292005e-14, -3.769991e-14
165.300000, -4.479191e-15, 1.675066e-14, 1.684064e-14, 7.481683e-16
165.400000, -3.771356e-14, 2.266954e-14, 2.276115e-14, -3.746390e-14
165.500000, -4.422741e-15, 1.663191e-14, 1.672513e-14, 6.977653e-16
165.600000, -3.740572e-14, 2.250504e-14, 2.259983e-14, -3.722137e-14
165.700000, -4.366892e-15, 1.651081e-14, 1.660714e-14, 6.547089e-16
165.800000, -3.709910e-14, 2.233857e-14, 2.243639e-14, -3.697383e-14
165.900000, -4.310347e-15, 1.638764e-14, 1.648685e-14, 6.174039e-16
166.000000, -3.679258e-14, 2.217033e-14, 2.227096e-14, -3.672275e-14
166.100000, -4.252075e-15, 1.626239e-14, 1.636442e-14, 5.843033e-16
166.200000, -3.648515e-14, 2.200037e-14, 2.210360e-14, -3.646976e-14
166.300000, -4.191057e-15, 1.613548e-14, 1.624001e-14, 5.541227e-16
166.400000, -3.617597e-14, 2.182889e-14, 2.193456e-14, -3.621594e-14
166.500000, -4.126735e-15, 1.600673e-14, 1.611357e-14, 5.256904e-16
166.600000, -3.586435e-14, 2.165592e-14, 2.176379e-14, -3.596231e-14
166.700000, -4.058294e-15, 1.587638e-14, 1.598525e-14, 4.980728e-16
166.800000, -3.554989e-14, 2.148156e-14, 2.159130e-14, -3.570980e-14
166.900000, -3.985742e-15, 1.574440e-14, 1.585501e-14, 4.705364e-16
167.000000, -3.523254e-14, 2.130584e-14, 2.141713e-14, -3.545881e-14
167.100000, -3.909083e-15, 1.561099e-14, 1.572288e-14, 4.428340e-16
167.200000, -3.491238e-14, 2.112889e-14, 2.124135e-14, -3.520954e-14
167.300000, -3.828488e-15, 1.547613e-14, 1.558900e-14, 4.148721e-16
167.400000, -3.458991e-14, 2.095072e-14, 2.106403e-14, -3.496196e-14
167.500000, -3.744480e-15, 1.533986e-14, 1.545341e-14, 3.868939e-16
167.600000, -3.426543e-14, 2.077163e-14, 2.088529e-14, -3.471553e-14
167.700000, -3.657562e-15, 1.520267e-14, 1.531640e-14, 3.593338e-16
167.800000, -3.393960e-14, 2.059176e-14, 2.070544e-14, -3.446984e-14
167.900000, -3.568464e-15, 1.506443e-14, 1.517796e-14, 3.328280e-16
168.000000, -3.361312e-14, 2.041129e-14, 2.052449e-14, -3.422411e-14
168.100000, -3.477779e-15, 1.492556e-14, 1.503841e-14, 3.080946e-16
168.200000, -3.328684e-14, 2.023039e-14, 2.034272e-14, -3.397778e-14
168.300000, -3.386476e-15, 1.478610e-14, 1.489790e-14, 2.857084e-16
168.400000, -3.296146e-14, 2.004918e-14, 2.016026e-14, -3.372999e-14
168.500000, -3.295344e-15, 1.464633e-14, 1.475655e-14, 2.666094e-16
168.600000, -3.263796e-14, 1.986789e-14, 1.997720e-14, -3.348015e-14
168.700000, -3.205292e-15, 1.450615e-14, 1.461449e-14, 2.510908e-16
168.800000, -3.231710e-14, 1.968648e-14, 1.979366e-14, -3.322782e-14
168.900000, -3.117021e-15, 1.436571e-14, 1.447166e-14, 2.396406e-16
169.000000, -3.199959e-14, 1.950498e-14, 1.960964e-14, -3.297260e-14
169.100000, -3.031254e-15, 1.422512e-14, 1.432829e-14, 2.325913e-16
169.200000, -3.168576e-14, 1.932368e-14, 1.942530e-14, -3.271416e-14
169.300000, -2.948202e-15, 1.408444e-14, 1.418443e-14, 2.301362e-16
169.400000, -3.137623e-14, 1.914239e-14, 1.924061e-14, -3.245263e-14
169.500000, -2.868264e-15, 1.394371e-14, 1.404011e-14, 2.322425e-16
169.600000, -3.107097e-14, 1.896131e-14, 1.905584e-14, -3.218778e-14
169.700000, -2.791688e-15, 1.380295e-14, 1.389546e-14, 2.386746e-16
169.800000, -3.077016e-14, 1.878046e-14, 1.887094e-14, -3.191997e-14
169.900000, -2.718266e-15, 1.366229e-14, 1.375065e-14, 2.493353e-16
170.000000, -3.047368e-14, 1.859996e-14, 1.868611e-14, -3.164942e-14
170.100000, -2.648025e-15, 1.352181e-14, 1.360563e-14, 2.637639e-16
170.200000, -3.018132e-14, 1.841981e-14, 1.850131e-14, -3.137673e-14
170.300000, -2.580616e-15, 1.338146e-14, 1.346061e-14, 2.814372e-16
170.400000, -2.989284e-14, 1.824001e-14, 1.831669e-14, -3.110231e-14
170.500000, -2.515678e-15, 1.324145e-14, 1.331562e-14, 3.019193e-16
170.600000, -2.960757e-14, 1.806079e-14, 1.813242e-14, -3.082670e-14
170.700000, -2.452754e-15, 1.310174e-14, 1.317076e-14, 3.245327e-16
170.800000, -2.932525e-14, 1.788206e-14, 1.794852e-14, -3.055035e-14
170.900000, -2.391338e-15, 1.296241e-14, 1.302623e-14, 3.487926e-16
171.000000, -2.904529e-14, 1.770403e-14, 1.776519e-14, -3.027391e-14
171.100000, -2.330873e-15, 1.282365e-14, 1.288215e-14, 3.742888e-16
171.200000, -2.876717e-14, 1.752674e-14, 1.758251e-14, -2.999779e-14
171.300000, -2.271063e-15, 1.268546e-14, 1.273861e-14, 4.004781e-16
171.400000, -2.849047e-14, 1.735023e-14, 1.740071e-14, -2.972233e-14
171.500000, -2.211315e-15, 1.254798e-14, 1.259582e-14, 4.269488e-16
171.600000, -2.821474e-14, 1.717468e-14, 1.721984e-14, -2.944802e-14
171.700000, -2.151296e-15, 1.241126e-14, 1.245385e-14, 4.534836e-16
171.800000, -2.793980e-14, 1.700004e-14, 1.703999e-14, -2.917498e-14
171.900000, -2.090999e-15, 1.227527e-14, 1.231262e-14, 4.796636e-16
172.000000, -2.766545e-14, 1.682626e-14, 1.686106e-14, -2.890371e-14
172.100000, -2.030186e-15, 1.213994e-14, 1.217224e-14, 5.053296e-16
172.200000, -2.739165e-14, 1.665331e-14, 1.668314e-14, -2.863420e-14
172.300000, -1.969032e-15, 1.200512e-14, 1.203261e-14, 5.302182e-16
172.400000, -2.711861e-14, 1.648107e-14, 1.650617e-14, -2.836662e-14
172.500000, -1.907543e-15, 1.187099e-14, 1.189372e-14, 5.543997e-16
172.600000, -2.684644e-14, 1.630950e-14, 1.632996e-14, -2.810114e-14
172.700000, -1.846100e-15, 1.173711e-14, 1.175533e-14, 5.775831e-16
172.800000, -2.657538e-14, 1.613844e-14, 1.615449e-14, -2.783763e-14
172.900000, -1.784846e-15, 1.160363e-14, 1.161756e-14, 5.999839e-16
173.000000, -2.630573e-14, 1.596794e-14, 1.597978e-14, -2.757606e-14
173.100000, -1.724036e-15, 1.147055e-14, 1.148036e-14, 6.218564e-16
173.200000, -2.603760e-14, 1.579797e-14, 1.580581e-14, -2.731609e-14
173.300000, -1.663999e-15, 1.133784e-14, 1.134374e-14, 6.433533e-16
173.400000, -2.577130e-14, 1.562858e-14, 1.563264e-14, -2.705749e-14
173.500000, -1.604823e-15, 1.120559e-14, 1.120779e-14, 6.646792e-16
173.600000, -2.550692e-14, 1.545998e-14, 1.546046e-14, -2.679993e-14
173.700000, -1.546609e-15, 1.107404e-14, 1.107279e-14, 6.863029e-16
173.800000, -2.524455e-14, 1.529223e-14, 1.528927e-14, -2.654312e-14
173.900000, -1.489454e-15, 1.094334e-14, 1.093876e-14, 7.085274e-16
174.000000, -2.498425e-14, 1.512564e-14, 1.511946e-14, -2.628666e-14
174.100000, -1.433455e-15, 1.081363e-14, 1.080580e-14, 7.316292e-16
174.200000, -2.472602e-14, 1.496017e-14, 1.495088e-14, -2.603035e-14
174.300000, -1.378596e-15, 1.068489e-14, 1.067405e-14, 7.556654e-16
174.400000, -2.446993e-14, 1.479604e-14, 1.478371e-14, -2.577407e-14
174.500000, -1.324911e-15, 1.055735e-14, 1.054362e-14, 7.808299e-16
174.600000, -2.421612e-14, 1.463313e-14, 1.461797e-14, -2.551783e-14
174.700000, -1.272601e-15, 1.043083e-14, 1.041426e-14, 8.070129e-16
174.800000, -2.396464e-14, 1.447134e-14, 1.445340e-14, -2.526179e-14
174.900000, -1.221647e-15, 1.030536e-14, 1.028608e-14, 8.339110e-16
175.000000, -2.371538e-14, 1.431072e-14, 1.429013e-14, -2.500615e-14
175.100000, -1.172084e-15, 1.018067e-14, 1.015879e-14, 8.614104e-16
175.200000, -2.346846e-14, 1.415104e-14, 1.412785e-14, -2.475110e-14
175.300000, -1.123829e-15, 1.005685e-14, 1.003239e-14, 8.892885e-16
175.400000, -2.322372e-14, 1.399236e-14, 1.396664e-14, -2.449693e-14
175.500000, -1.076918e-15, 9.933693e-15, 9.906790e-15, 9.170963e-16
175.600000, -2.298118e-14, 1.383446e-14, 1.380633e-14, -2.424389e-14
175.700000, -1.031135e-15, 9.811324e-15, 9.782002e-15, 9.448403e-16
175.800000, -2.274061e-14, 1.367742e-14, 1.364697e-14, -2.399213e-14
175.900000, -9.863759e-16, 9.689567e-15, 9.657925e-15, 9.721830e-16
176.000000, -2.250187e-14, 1.352123e-14, 1.348850e-14, -2.374185e-14
176.100000, -9.425168e-16, 9.568510e-15, 9.534689e-15, 9.990043e-16
176.200000, -2.226491e-14, 1.336589e-14, 1.333099e-14, -2.349320e-14
176.300000, -8.993451e-16, 9.448213e-15, 9.412258e-15, 1.025159e-15
176.400000, -2.202932e-14, 1.321146e-14, 1.317447e-14, -2.324625e-14
176.500000, -8.566839e-16, 9.328635e-15, 9.290667e-15, 1.050534e-15
176.600000, -2.179516e-14, 1.305789e-14, 1.301890e-14, -2.300121e-14
176.700000, -8.144982e-16, 9.209830e-15, 9.169925e-15, 1.075040e-15
176.800000, -2.156221e-14, 1.290538e-14, 1.286449e-14, -2.275795e-14
176.900000, -7.725703e-16, 9.091913e-15, 9.050146e-15, 1.098788e-15
177.000000, -2.133040e-14, 1.275383e-14, 1.271124e-14, -2.251648e-14
177.100000, -7.308508e-16, 8.974849e-15, 8.931490e-15, 1.121649e-15
177.200000, -2.109957e-14, 1.260332e-14, 1.255920e-14, -2.227686e-14
177.300000, -6.892556e-16, 8.858760e-15, 8.813850e-15, 1.143693e-15
177.400000, -2.086966e-14, 1.245401e-14, 1.240841e-14, -2.203895e-14
177.500000, -6.477336e-16, 8.743720e-15, 8.697438e-15, 1.165050e-15
177.600000, -2.064075e-14, 1.230577e-14, 1.225890e-14, -2.180278e-14
177.700000, -6.063561e-16, 8.629553e-15, 8.582145e-15, 1.185726e-15
177.800000, -2.041286e-14, 1.215861e-14, 1.211069e-14, -2.156817e-14
177.900000, -5.652061e-16, 8.516382e-15, 8.467998e-15, 1.205702e-15
178.000000, -2.018599e-14, 1.201259e-14, 1.196384e-14, -2.133520e-14
178.100000, -5.243645e-16, 8.404023e-15, 8.354987e-15, 1.225017e-15
178.200000, -1.996043e-14, 1.186749e-14, 1.181815e-14, -2.110384e-14
178.300000, -4.840648e-16, 8.292517e-15, 8.243014e-15, 1.243631e-15
178.400000, -1.973617e-14, 1.172329e-14, 1.167363e-14, -2.087407e-14
178.500000, -4.443234e-16, 8.181753e-15, 8.132039e-15, 1.261697e-15
178.600000, -1.951341e-14, 1.157999e-14, 1.153023e-14, -2.064581e-14
178.700000, -4.053581e-16, 8.071667e-15, 8.021940e-15, 1.279080e-15
178.800000, -1.929228e-14, 1.143747e-14, 1.138786e-14, -2.041915e-14
178.900000, -3.672329e-16, 7.962220e-15, 7.912785e-15, 1.295868e-15
179.000000, -1.907278e-14, 1.129573e-14, 1.124648e-14, -2.019397e-14
179.100000, -3.299538e-16, 7.853429e-15, 7.804490e-15, 1.312131e-15
179.200000, -1.885498e-14, 1.115479e-14, 1.110612e-14, -1.997021e-14
179.300000, -2.934980e-16, 7.745426e-15, 7.697119e-15, 1.327938e-15
179.400000, -1.863882e-14, 1.101483e-14, 1.096691e-14, -1.974769e-14
179.500000, -2.579653e-16, 7.638258e-15, 7.590759e-15, 1.343435e-15
179.600000, -1.842420e-14, 1.087587e-14, 1.082887e-14, -1.952633e-14
179.700000, -2.231572e-16, 7.531975e-15, 7.485443e-15, 1.358680e-15
179.800000, -1.821115e-14, 1.073798e-14, 1.069195e-14, -1.930613e-14
179.900000, -1.891007e-16, 7.426769e-15, 7.381189e-15, 1.373803e-15
180.000000, -1.799948e-14, 1.060138e-14, 1.055631e-14, -1.908684e-14
180.100000, -1.557089e-16, 7.322627e-15, 7.278092e-15, 1.388755e-15
180.200000, -1.778926e-14, 1.046593e-14, 1.042192e-14, -1.886861e-14
180.300000, -1.229076e-16, 7.219578e-15, 7.176062e-15, 1.403530e-15
180.400000, -1.758046e-14, 1.033170e-14, 1.028871e-14, -1.865149e-14
180.500000, -9.083181e-17, 7.117550e-15, 7.075069e-15, 1.418103e-15
180.600000, -1.737300e-14, 1.019868e-14, 1.015675e-14, -1.843545e-14
180.700000, -5.926179e-17, 7.016660e-15, 6.975151e-15, 1.432318e-15
180.800000, -1.716695e-14, 1.006679e-14, 1.002577e-14, -1.822072e-14
180.900000, -2.845603e-17, 6.916622e-15, 6.876137e-15, 1.445974e-15
181.000000, -1.696228e-14, 9.935829e-15, 9.895910e-15, -1.800740e-14
181.100000, 1.706872e-18, 6.817417e-15, 6.777991e-15, 1.459035e-15
181.200000, -1.675907e-14, 9.805855e-15, 9.767002e-15, -1.779558e-14
181.300000, 3.121738e-17, 6.718993e-15, 6.680718e-15, 1.471389e-15
181.400000, -1.655723e-14, 9.676737e-15, 9.639084e-15, -1.758538e-14
181.500000, 6.002768e-17, 6.621308e-15, 6.584316e-15, 1.482930e-15
181.600000, -1.635677e-14, 9.548476e-15, 9.512129e-15, -1.737685e-14
181.700000, 8.824176e-17, 6.524326e-15, 6.488730e-15, 1.493605e-15
181.800000, -1.615756e-14, 9.421006e-15, 9.386171e-15, -1.716994e-14
181.900000, 1.158642e-16, 6.428053e-15, 6.394074e-15, 1.503437e-15
182.000000, -1.595964e-14, 9.294388e-15, 9.261321e-15, -1.696474e-14
182.100000, 1.429435e-16, 6.332482e-15, 6.300405e-15, 1.512436e-15
182.200000, -1.576287e-14, 9.168639e-15, 9.137557e-15, -1.676114e-14
182.300000, 1.696397e-16, 6.237707e-15, 6.207760e-15, 1.520641e-15
182.400000, -1.556735e-14, 9.043713e-15, 9.014964e-15, -1.655909e-14
182.500000, 1.957528e-16, 6.143628e-15, 6.116100e-15, 1.528070e-15
182.600000, -1.537290e-14, 8.919816e-15, 8.893505e-15, -1.635854e-14
182.700000, 2.215183e-16, 6.050448e-15, 6.025526e-15, 1.534842e-15
182.800000, -1.517961e-14, 8.796794e-15, 8.773283e-15, -1.615954e-14
182.900000, 2.468495e-16, 5.958143e-15, 5.936070e-15, 1.540936e-15
183.000000, -1.498732e-14, 8.674888e-15, 8.654288e-15, -1.596184e-14
183.100000, 2.717141e-16, 5.866776e-15, 5.847625e-15, 1.546471e-15
183.200000, -1.479623e-14, 8.553994e-15, 8.536371e-15, -1.576552e-14
183.300000, 2.962032e-16, 5.776406e-15, 5.760333e-15, 1.551480e-15
183.400000, -1.460629e-14, 8.434148e-15, 8.419636e-15, -1.557048e-14
183.500000, 3.201006e-16, 5.686924e-15, 5.673938e-15, 1.555887e-15
183.600000, -1.441748e-14, 8.315434e-15, 8.304064e-15, -1.537672e-14
183.700000, 3.434592e-16, 5.598419e-15, 5.588572e-15, 1.559837e-15
183.800000, -1.422998e-14, 8.197740e-15, 8.189487e-15, -1.518425e-14
183.900000, 3.662945e-16, 5.510833e-15, 5.504121e-15, 1.563277e-15
184.000000, -1.404372e-14, 8.081175e-15, 8.075987e-15, -1.499298e-14
184.100000, 3.883939e-16, 5.424231e-15, 5.420608e-15, 1.566201e-15
184.200000, -1.385878e-14, 7.965574e-15, 7.963442e-15, -1.480296e-14
184.300000, 4.098492e-16, 5.338537e-15, 5.337924e-15, 1.568658e-15
184.400000, -1.367516e-14, 7.850915e-15, 7.851853e-15, -1.461423e-14
184.500000, 4.305068e-16, 5.253581e-15, 5.256006e-15, 1.570535e-15
184.600000, -1.349303e-14, 7.737278e-15, 7.741154e-15, -1.442679e-14
184.700000, 4.503416e-16, 5.169539e-15, 5.174839e-15, 1.571866e-15
184.800000, -1.331231e-14, 7.624483e-15, 7.631301e-15, -1.424055e-14
184.900000, 4.694411e-16, 5.086275e-15, 5.094530e-15, 1.572716e-15
185.000000, -1.313299e-14, 7.512689e-15, 7.522396e-15, -1.405553e-14
185.100000, 4.877562e-16, 5.003872e-15, 5.014988e-15, 1.573035e-15
185.200000, -1.295501e-14, 7.401875e-15, 7.414408e-15, -1.387177e-14
185.300000, 5.053818e-16, 4.922366e-15, 4.936292e-15, 1.572930e-15
185.400000, -1.277825e-14, 7.292038e-15, 7.307366e-15, -1.368904e-14
185.500000, 5.224177e-16, 4.841830e-15, 4.858482e-15, 1.572422e-15
185.600000, -1.260282e-14, 7.183338e-15, 7.201362e-15, -1.350744e-14
185.700000, 5.387384e-16, 4.762192e-15, 4.781552e-15, 1.571520e-15
185.800000, -1.242859e-14, 7.075599e-15, 7.096268e-15, -1.332697e-14
185.900000, 5.544901e-16, 4.683581e-15, 4.705440e-15, 1.570233e-15
186.000000, -1.225559e-14, 6.969062e-15, 6.992127e-15, -1.314752e-14
186.100000, 5.696282e-16, 4.605941e-15, 4.630198e-15, 1.568521e-15
186.200000, -1.208375e-14, 6.863519e-15, 6.888916e-15, -1.296921e-14
186.300000, 5.840979e-16, 4.529221e-15, 4.555749e-15, 1.566389e-15
186.400000, -1.191319e-14, 6.759007e-15, 6.786566e-15, -1.279205e-14
186.500000, 5.979055e-16, 4.453402e-15, 4.481944e-15, 1.563696e-15
186.600000, -1.174392e-14, 6.655446e-15, 6.685037e-15, -1.261611e-14
186.700000, 6.109893e-16, 4.378405e-15, 4.408918e-15, 1.560459e-15
186.800000, -1.157598e-14, 6.552871e-15, 6.584233e-15, -1.244135e-14
186.900000, 6.233374e-16, 4.304245e-15, 4.336499e-15, 1.556731e-15
187.000000, -1.140938e-14, 6.451157e-15, 6.484244e-15, -1.226783e-14
187.100000, 6.348377e-16, 4.230893e-15, 4.264765e-15, 1.552369e-15
187.200000, -1.124416e-14, 6.350353e-15, 6.384948e-15, -1.209555e-14
187.300000, 6.456052e-16, 4.158301e-15, 4.193623e-15, 1.547486e-15
187.400000, -1.108028e-14, 6.250440e-15, 6.286460e-15, -1.192441e-14
187.500000, 6.555495e-16, 4.086525e-15, 4.123211e-15, 1.542098e-15
187.600000, -1.091778e-14, 6.151412e-15, 6.188721e-15, -1.175444e-14
187.700000, 6.646802e-16, 4.015546e-15, 4.053422e-15, 1.536246e-15
187.800000, -1.075662e-14, 6.053340e-15, 6.091811e-15, -1.158547e-14
187.900000, 6.730336e-16, 3.945447e-15, 3.984402e-15, 1.529968e-15
188.000000, -1.059678e-14, 5.956199e-15, 5.995624e-15, -1.141757e-14
188.100000, 6.806216e-16, 3.876251e-15, 3.916104e-15, 1.523396e-15
188.200000, -1.043826e-14, 5.860079e-15, 5.900321e-15, -1.125060e-14
188.300000, 6.874643e-16, 3.807975e-15, 3.848542e-15, 1.516535e-15
188.400000, -1.028102e-14, 5.765013e-15, 5.805873e-15, -1.108449e-14
188.500000, 6.935631e-16, 3.740663e-15, 3.781745e-15, 1.509379e-15
188.600000, -1.012508e-14, 5.671010e-15, 5.712220e-15, -1.091926e-14
188.700000, 6.989495e-16, 3.674281e-15, 3.715645e-15, 1.502038e-15
188.800000, -9.970321e-15, 5.578041e-15, 5.619430e-15, -1.075486e-14
188.900000, 7.036136e-16, 3.608872e-15, 3.650198e-15, 1.494442e-15
189.000000, -9.816843e-15, 5.486149e-15, 5.527301e-15, -1.059131e-14
189.100000, 7.075565e-16, 3.544452e-15, 3.585397e-15, 1.486551e-15
189.200000, -9.664618e-15, 5.395282e-15, 5.435892e-15, -1.042862e-14
189.300000, 7.107867e-16, 3.480910e-15, 3.521178e-15, 1.478426e-15
189.400000, -9.513559e-15, 5.305435e-15, 5.345175e-15, -1.026682e-14
189.500000, 7.133755e-16, 3.418319e-15, 3.457514e-15, 1.470037e-15
189.600000, -9.363678e-15, 5.216610e-15, 5.255065e-15, -1.010585e-14
189.700000, 7.152943e-16, 3.356710e-15, 3.394372e-15, 1.461404e-15
189.800000, -9.214983e-15, 5.128803e-15, 5.165549e-15, -9.945706e-15
189.900000, 7.165551e-16, 3.295972e-15, 3.331734e-15, 1.452488e-15
190.000000, -9.067443e-15, 5.041962e-15, 5.076591e-15, -9.786421e-15
190.100000, 7.171621e-16, 3.236106e-15, 3.269536e-15, 1.443323e-15
190.200000, -8.921103e-15, 4.956045e-15, 4.988204e-15, -9.627981e-15
190.300000, 7.171516e-16, 3.177000e-15, 3.207786e-15, 1.433837e-15
190.400000, -8.775854e-15, 4.871004e-15, 4.900332e-15, -9.470409e-15
190.500000, 7.163865e-16, 3.118695e-15, 3.146517e-15, 1.424107e-15
190.600000, -8.631769e-15, 4.786824e-15, 4.812946e-15, -9.313654e-15
190.700000, 7.150171e-16, 3.061215e-15, 3.085659e-15, 1.414139e-15
190.800000, -8.488877e-15, 4.703517e-15, 4.726182e-15, -9.157737e-15
190.900000, 7.129911e-16, 3.004414e-15, 3.025254e-15, 1.403864e-15
191.000000, -8.347053e-15, 4.620947e-15, 4.639895e-15, -9.002638e-15
191.100000, 7.103203e-16, 2.948324e-15, 2.965360e-15, 1.393409e-15
191.200000, -8.206283e-15, 4.539216e-15, 4.554221e-15, -8.848244e-15
191.300000, 7.071435e-16, 2.893062e-15, 2.905959e-15, 1.382739e-15
191.400000, -8.066576e-15, 4.458405e-15, 4.469182e-15, -8.694578e-15
191.500000, 7.034182e-16, 2.838557e-15, 2.847175e-15, 1.371937e-15
191.600000, -7.927782e-15, 4.378416e-15, 4.384823e-15, -8.541624e-15
191.700000, 6.992895e-16, 2.784798e-15, 2.788933e-15, 1.360928e-15
191.800000, -7.789980e-15, 4.299290e-15, 4.301155e-15, -8.389376e-15
191.900000, 6.946370e-16, 2.731779e-15, 2.731279e-15, 1.349743e-15
192.000000, -7.653058e-15, 4.220933e-15, 4.218037e-15, -8.237879e-15
192.100000, 6.895046e-16, 2.679518e-15, 2.674154e-15, 1.338332e-15
192.200000, -7.517065e-15, 4.143392e-15, 4.135616e-15, -8.087137e-15
192.300000, 6.839415e-16, 2.627899e-15, 2.617561e-15, 1.326643e-15
192.400000, -7.382068e-15, 4.066532e-15, 4.053654e-15, -7.937284e-15
192.500000, 6.778092e-16, 2.576884e-15, 2.561398e-15, 1.314615e-15
192.600000, -7.247987e-15, 3.990370e-15, 3.972227e-15, -7.788252e-15
192.700000, 6.711846e-16, 2.526405e-15, 2.505590e-15, 1.302154e-15
192.800000, -7.114929e-15, 3.914781e-15, 3.891233e-15, -7.640232e-15
192.900000, 6.639782e-16, 2.476464e-15, 2.450178e-15, 1.289288e-15
193.000000, -6.982875e-15, 3.839768e-15, 3.810700e-15, -7.493110e-15
193.100000, 6.563083e-16, 2.426992e-15, 2.395102e-15, 1.275967e-15
193.200000, -6.851669e-15, 3.765359e-15, 3.730618e-15, -7.346920e-15
193.300000, 6.481479e-16, 2.378034e-15, 2.340463e-15, 1.262240e-15
193.400000, -6.721403e-15, 3.691542e-15, 3.651053e-15, -7.201629e-15
193.500000, 6.396217e-16, 2.329641e-15, 2.286320e-15, 1.248230e-15
193.600000, -6.591835e-15, 3.618391e-15, 3.572122e-15, -7.057036e-15
193.700000, 6.307702e-16, 2.281884e-15, 2.232695e-15, 1.233961e-15
193.800000, -6.462988e-15, 3.545965e-15, 3.493873e-15, -6.913158e-15
193.900000, 6.217547e-16, 2.234753e-15, 2.179761e-15, 1.219518e-15
194.000000, -6.334740e-15, 3.474212e-15, 3.416324e-15, -6.769923e-15
194.100000, 6.125316e-16, 2.188253e-15, 2.127528e-15, 1.204952e-15
194.200000, -6.207074e-15, 3.403184e-15, 3.339595e-15, -6.627330e-15
194.300000, 6.031433e-16, 2.142319e-15, 2.075930e-15, 1.190193e-15
194.400000, -6.079978e-15, 3.332787e-15, 3.263594e-15, -6.485356e-15
194.500000, 5.935980e-16, 2.096967e-15, 2.025058e-15, 1.175300e-15
194.600000, -5.953457e-15, 3.262976e-15, 3.188358e-15, -6.344068e-15
194.700000, 5.838982e-16, 2.052087e-15, 1.974885e-15, 1.160186e-15
194.800000, -5.827567e-15, 3.193624e-15, 3.113821e-15, -6.203530e-15
194.900000, 5.739784e-16, 2.007530e-15, 1.925231e-15, 1.144703e-15
195.000000, -5.702216e-15, 3.124705e-15, 3.039940e-15, -6.063751e-15
195.100000, 5.638793e-16, 1.963375e-15, 1.876188e-15, 1.128904e-15
195.200000, -5.577554e-15, 3.056153e-15, 2.966678e-15, -5.924875e-15
195.300000, 5.534613e-16, 1.919357e-15, 1.827589e-15, 1.112666e-15
195.400000, -5.453524e-15, 2.987859e-15, 2.893901e-15, -5.786867e-15
195.500000, 5.428612e-16, 1.875646e-15, 1.779534e-15, 1.096008e-15
195.600000, -5.330120e-15, 2.919911e-15, 2.821780e-15, -5.649735e-15
195.700000, 5.320413e-16, 1.832093e-15, 1.731974e-15, 1.078869e-15
195.800000, -5.207310e-15, 2.852205e-15, 2.750144e-15, -5.513487e-15
195.900000, 5.210601e-16, 1.788786e-15, 1.684894e-15, 1.061331e-15
196.000000, -5.084975e-15, 2.784817e-15, 2.679084e-15, -5.378112e-15
196.100000, 5.099323e-16, 1.745711e-15, 1.638251e-15, 1.043356e-15
196.200000, -4.963215e-15, 2.717684e-15, 2.608547e-15, -5.243631e-15
196.300000, 4.985915e-16, 1.702824e-15, 1.592077e-15, 1.024938e-15
196.400000, -4.842011e-15, 2.650793e-15, 2.538498e-15, -5.110000e-15
196.500000, 4.871403e-16, 1.660092e-15, 1.546292e-15, 1.006046e-15
196.600000, -4.721296e-15, 2.584147e-15, 2.468961e-15, -4.977297e-15
196.700000, 4.755015e-16, 1.617529e-15, 1.500989e-15, 9.867510e-16
196.800000, -4.601128e-15, 2.517788e-15, 2.399903e-15, -4.845411e-15
196.900000, 4.637515e-16, 1.575225e-15, 1.456112e-15, 9.669767e-16
197.000000, -4.481413e-15, 2.451665e-15, 2.331393e-15, -4.714343e-15
197.100000, 4.519129e-16, 1.533109e-15, 1.411681e-15, 9.469079e-16
197.200000, -4.362156e-15, 2.385906e-15, 2.263369e-15, -4.584034e-15
197.300000, 4.400395e-16, 1.491265e-15, 1.367744e-15, 9.264967e-16
197.400000, -4.243266e-15, 2.320462e-15, 2.195964e-15, -4.454391e-15
197.500000, 4.281958e-16, 1.449716e-15, 1.324357e-15, 9.058796e-16
197.600000, -4.124644e-15, 2.255409e-15, 2.129177e-15, -4.325352e-15
197.700000, 4.164436e-16, 1.408549e-15, 1.281623e-15, 8.850446e-16
197.800000, -4.006246e-15, 2.190767e-15, 2.063153e-15, -4.196930e-15
197.900000, 4.048178e-16, 1.367724e-15, 1.239517e-15, 8.640899e-16
198.000000, -3.888069e-15, 2.126570e-15, 1.997844e-15, -4.068962e-15
198.100000, 3.933344e-16, 1.327212e-15, 1.198080e-15, 8.430042e-16
198.200000, -3.770178e-15, 2.062730e-15, 1.933203e-15, -3.941617e-15
198.300000, 3.819196e-16, 1.287026e-15, 1.157229e-15, 8.217541e-16
198.400000, -3.652476e-15, 1.999134e-15, 1.869224e-15, -3.814843e-15
198.500000, 3.705274e-16, 1.246941e-15, 1.116945e-15, 8.002322e-16
198.600000, -3.535214e-15, 1.935762e-15, 1.805767e-15, -3.688719e-15
198.700000, 3.590723e-16, 1.206971e-15, 1.077042e-15, 7.783952e-16
198.800000, -3.418379e-15, 1.872447e-15, 1.742772e-15, -3.563362e-15
198.900000, 3.474863e-16, 1.166999e-15, 1.037558e-15, 7.561819e-16
199.000000, -3.302083e-15, 1.809182e-15, 1.680110e-15, -3.438744e-15
199.100000, 3.356802e-16, 1.126907e-15, 9.983274e-16, 7.335057e-16
199.200000, -3.186261e-15, 1.745887e-15, 1.617850e-15, -3.315015e-15
199.300000, 3.236860e-16, 1.086776e-15, 9.593496e-16, 7.104575e-16
199.400000, -3.070963e-15, 1.682591e-15, 1.555881e-15, -3.192032e-15
199.500000, 3.114295e-16, 1.046608e-15, 9.206743e-16, 6.869254e-16
199.600000, -2.956179e-15, 1.619285e-15, 1.494262e-15, -3.069803e-15
199.700000, 2.991872e-16, 1.006385e-15, 8.822983e-16, 6.632038e-16
199.800000, -2.841759e-15, 1.556111e-15, 1.433086e-15, -2.948177e-15
199.900000, 2.868985e-16, 9.662592e-16, 8.443809e-16, 6.391599e-16
200.000000, -2.727648e-15, 1.493038e-15, 1.372325e-15, -2.827078e-15
200.100000, 2.746197e-16, 9.262923e-16, 8.068394e-16, 6.150348e-16
200.200000, -2.613721e-15, 1.430294e-15, 1.312143e-15, -2.706476e-15
200.300000, 2.624227e-16, 8.865605e-16, 7.698084e-16, 5.908017e-16
200.400000, -2.499997e-15, 1.367810e-15, 1.252546e-15, -2.586279e-15
200.500000, 2.503827e-16, 8.470697e-16, 7.333289e-16, 5.664490e-16
200.600000, -2.386418e-15, 1.305610e-15, 1.193350e-15, -2.466564e-15
200.700000, 2.385616e-16, 8.077199e-16, 6.971659e-16, 5.420641e-16
200.800000, -2.273009e-15, 1.243663e-15, 1.134782e-15, -2.347209e-15
200.900000, 2.268172e-16, 7.686130e-16, 6.615606e-16, 5.175624e-16
201.000000, -2.159854e-15, 1.181866e-15, 1.076611e-15, -2.228400e-15
201.100000, 2.150591e-16, 7.296446e-16, 6.262330e-16, 4.929072e-16
201.200000, -2.046950e-15, 1.120286e-15, 1.018805e-15, -2.110070e-15
201.300000, 2.034107e-16, 6.907441e-16, 5.911578e-16, 4.680155e-16
201.400000, -1.934311e-15, 1.058728e-15, 9.612858e-16, -1.992360e-15
201.500000, 1.916405e-16, 6.517936e-16, 5.563621e-16, 4.429234e-16
201.600000, -1.821991e-15, 9.972355e-16, 9.041158e-16, -1.875133e-15
201.700000, 1.799791e-16, 6.128133e-16, 5.217395e-16, 4.175413e-16
201.800000, -1.709928e-15, 9.358939e-16, 8.470748e-16, -1.758527e-15
201.900000, 1.682563e-16, 5.740149e-16, 4.874574e-16, 3.919721e-16
202.000000, -1.598113e-15, 8.746861e-16, 7.904323e-16, -1.642320e-15
202.100000, 1.566914e-16, 5.352814e-16, 4.534031e-16, 3.663231e-16
202.200000, -1.486491e-15, 8.136073e-16, 7.341215e-16, -1.526569e-15
202.300000, 1.451108e-16, 4.967478e-16, 4.195722e-16, 3.405889e-16
202.400000, -1.375045e-15, 7.527263e-16, 6.781364e-16, -1.411238e-15
202.500000, 1.337234e-16, 4.581820e-16, 3.860779e-16, 3.147632e-16
202.600000, -1.263782e-15, 6.920096e-16, 6.224516e-16, -1.296318e-15
202.700000, 1.224290e-16, 4.198261e-16, 3.529176e-16, 2.888826e-16
202.800000, -1.152746e-15, 6.314561e-16, 5.671240e-16, -1.181716e-15
202.900000, 1.111117e-16, 3.815307e-16, 3.199878e-16, 2.629275e-16
203.000000, -1.041845e-15, 5.709634e-16, 5.121931e-16, -1.067541e-15
203.100000, 1.000144e-16, 3.433259e-16, 2.872509e-16, 2.369053e-16
203.200000, -9.311842e-16, 5.106292e-16, 4.574216e-16, -9.536909e-16
203.300000, 8.878265e-17, 3.050654e-16, 2.546920e-16, 2.107698e-16
203.400000, -8.207118e-16, 4.502876e-16, 4.028916e-16, -8.402299e-16
203.500000, 7.761737e-17, 2.668705e-16, 2.224381e-16, 1.845948e-16
203.600000, -7.105692e-16, 3.900554e-16, 3.485467e-16, -7.271325e-16
203.700000, 6.651176e-17, 2.287537e-16, 1.902929e-16, 1.583213e-16
203.800000, -6.005119e-16, 3.299039e-16, 2.945174e-16, -6.143836e-16
203.900000, 5.545870e-17, 1.905504e-16, 1.583518e-16, 1.320823e-16
204.000000, -4.908014e-16, 2.697900e-16, 2.406830e-16, -5.019327e-16
204.100000, 4.435750e-17, 1.524256e-16, 1.264857e-16, 1.057161e-16
204.200000, -3.813720e-16, 2.097041e-16, 1.869715e-16, -3.899030e-16
204.300000, 3.328342e-17, 1.143065e-16, 9.477065e-17, 7.938053e-17
204.400000, -2.720326e-16, 1.497368e-16, 1.333891e-16, -2.780794e-16
204.500000, 2.217126e-17, 7.617077e-17, 6.307533e-17, 5.289513e-17
204.600000, -1.630597e-16, 8.980490e-17, 7.998288e-17, -1.666721e-16
204.700000, 1.110979e-17, 3.807417e-17, 3.154061e-17, 2.645111e-17
204.800000, -5.428965e-17, 2.988806e-17, 2.663627e-17, -5.546628e-17
