x, 11, 12, 21, 22
0.100000, -9.999777e-01, -9.999777e-01, -9.999777e-01, -9.999777e-01
0.200000, -9.999772e-01, -9.999772e-01, -9.999772e-01, -9.999772e-01
0.300000, -9.999766e-01, -9.999766e-01, -9.999766e-01, -9.999766e-01
0.400000, -9.999761e-01, -9.999761e-01, -9.999761e-01, -9.999761e-01
0.500000, -9.999756e-01, -9.999756e-01, -9.999756e-01, -9.999755e-01
0.600000, -9.999750e-01, -9.999750e-01, -9.999750e-01, -9.999750e-01
0.700000, -9.999745e-01, -9.999745e-01, -9.999745e-01, -9.999745e-01
0.800000, -9.999740e-01, -9.999740e-01, -9.999740e-01, -9.999740e-01
0.900000, -9.999735e-01, -9.999735e-01, -9.999735e-01, -9.999735e-01
1.000000, -9.999730e-01, -9.999730e-01, -9.999730e-01, -9.999730e-01
1.100000, -9.999725e-01, -9.999725e-01, -9.999725e-01, -9.999725e-01
1.200000, -9.999720e-01, -9.999720e-01, -9.999720e-01, -9.999720e-01
1.300000, -9.999716e-01, -9.999715e-01, -9.999715e-01, -9.999715e-01
1.400000, -9.999711e-01, -9.999711e-01, -9.999711e-01, -9.999711e-01
1.500000, -9.999706e-01, -9.999706e-01, -9.999706e-01, -9.999706e-01
1.600000, -9.999702e-01, -9.999702e-01, -9.999702e-01, -9.999702e-01
1.700000, -9.999698e-01, -9.999697e-01, -9.999697e-01, -9.999697e-01
1.800000, -9.999693e-01, -9.999693e-01, -9.999693e-01, -9.999693e-01
1.900000, -9.999689e-01, -9.999689e-01, -9.999689e-01, -9.999689e-01
2.000000, -9.999685e-01, -9.999685e-01, -9.999685e-01, -9.999684e-01
2.100000, -9.999681e-01, -9.999680e-01, -9.999680e-01, -9.999680e-01
2.200000, -9.999677e-01, -9.999676e-01, -9.999676e-01, -9.999676e-01
2.300000, -9.999673e-01, -9.999672e-01, -9.999672e-01, -9.999672e-01
2.400000, -9.999669e-01, -9.999669e-01, -9.999669e-01, -9.999668e-01
2.500000, -9.999665e-01, -9.999665e-01, -9.999665e-01, -9.999665e-01
2.600000, -9.999661e-01, -9.999661e-01, -9.999661e-01, -9.999661e-01
2.700000, -9.999658e-01, -9.999657e-01, -9.999657e-01, -9.999657e-01
2.800000, -9.999654e-01, -9.999654e-01, -9.999654e-01, -9.999654e-01
2.900000, -9.999648e-01, -9.999648e-01, -9.999648e-01, -9.999648e-01
3.000000, -9.999500e-01, -9.999502e-01, -9.999502e-01, -9.999501e-01
3.100000, -9.997170e-01, -9.997217e-01, -9.997217e-01, -9.997181e-01
3.200000, -9.982478e-01, -9.981644e-01, -9.981644e-01, -9.981975e-01
3.300000, -9.930387e-01, -9.929889e-01, -9.929889e-01, -9.930133e-01
3.400000, -9.824648e-01, -9.819313e-01, -9.819313e-01, -9.823073e-01
3.500000, -9.647327e-01, -9.638038e-01, -9.638038e-01, -9.646889e-01
3.600000, -9.400428e-01, -9.402095e-01, -9.402095e-01, -9.403285e-01
3.700000, -9.130307e-01, -9.120864e-01, -9.120864e-01, -9.127025e-01
3.800000, -8.808622e-01, -8.827507e-01, -8.827507e-01, -8.819775e-01
3.900000, -8.511253e-01, -8.479388e-01, -8.479388e-01, -8.439603e-01
4.000000, -8.147015e-01, -8.147345e-01, -8.147345e-01, -8.094430e-01
4.100000, -7.823840e-01, -7.797053e-01, -7.797053e-01, -7.776811e-01
4.200000, -7.453191e-01, -7.423036e-01, -7.423036e-01, -7.399815e-01
4.300000, -7.043368e-01, -7.056773e-01, -7.056773e-01, -7.052278e-01
4.400000, -6.687950e-01, -6.693250e-01, -6.693250e-01, -6.732313e-01
4.500000, -6.331985e-01, -6.292623e-01, -6.292623e-01, -6.312689e-01
4.600000, -5.917290e-01, -5.926612e-01, -5.926612e-01, -5.925843e-01
4.700000, -5.569079e-01, -5.567068e-01, -5.567068e-01, -5.582478e-01
4.800000, -5.176532e-01, -5.193013e-01, -5.193013e-01, -5.167471e-01
4.900000, -4.834152e-01, -4.816027e-01, -4.816027e-01, -4.848807e-01
5.000000, -4.486375e-01, -4.507465e-01, -4.507465e-01, -4.493310e-01
5.100000, -4.203430e-01, -4.197877e-01, -4.197877e-01, -4.188926e-01
5.200000, -3.917311e-01, -3.924520e-01, -3.924520e-01, -3.921096e-01
5.300000, -3.661089e-01, -3.668415e-01, -3.668415e-01, -3.680115e-01
5.400000, -3.400628e-01, -3.428076e-01, -3.428076e-01, -3.424291e-01
5.500000, -3.240359e-01, -3.235163e-01, -3.235163e-01, -3.228609e-01
5.600000, -3.039098e-01, -3.006999e-01, -3.006999e-01, -2.995984e-01
5.700000, -2.796765e-01, -2.841709e-01, -2.841709e-01, -2.814080e-01
5.800000, -2.694917e-01, -2.685960e-01, -2.685960e-01, -2.712578e-01
5.900000, -2.526020e-01, -2.527639e-01, -2.527639e-01, -2.543855e-01
6.000000, -2.423365e-01, -2.434294e-01, -2.434294e-01, -2.435964e-01
6.100000, -2.293533e-01, -2.288656e-01, -2.288656e-01, -2.302388e-01
6.200000, -2.195731e-01, -2.203090e-01, -2.203090e-01, -2.207936e-01
6.300000, -2.168005e-01, -2.122129e-01, -2.122129e-01, -2.128700e-01
6.400000, -2.068790e-01, -2.051835e-01, -2.051835e-01, -2.025896e-01
6.500000, -1.980211e-01, -1.996472e-01, -1.996472e-01, -1.983650e-01
6.600000, -1.941239e-01, -1.958595e-01, -1.958595e-01, -1.956431e-01
6.700000, -1.898175e-01, -1.906607e-01, -1.906607e-01, -1.924036e-01
6.800000, -1.874001e-01, -1.880293e-01, -1.880293e-01, -1.903142e-01
6.900000, -1.853992e-01, -1.848130e-01, -1.848130e-01, -1.857632e-01
7.000000, -1.835193e-01, -1.843258e-01, -1.843258e-01, -1.839481e-01
7.100000, -1.820028e-01, -1.814104e-01, -1.814104e-01, -1.832304e-01
7.200000, -1.802175e-01, -1.804352e-01, -1.804352e-01, -1.811502e-01
7.300000, -1.777456e-01, -1.795069e-01, -1.795069e-01, -1.812411e-01
7.400000, -1.777041e-01, -1.792857e-01, -1.792857e-01, -1.776986e-01
7.500000, -1.786431e-01, -1.791508e-01, -1.791508e-01, -1.763934e-01
7.600000, -1.780732e-01, -1.767190e-01, -1.767190e-01, -1.768720e-01
7.700000, -1.756171e-01, -1.764107e-01, -1.764107e-01, -1.763674e-01
7.800000, -1.748751e-01, -1.768597e-01, -1.768597e-01, -1.764578e-01
7.900000, -1.760272e-01, -1.743168e-01, -1.743168e-01, -1.765181e-01
8.000000, -1.772671e-01, -1.739381e-01, -1.739381e-01, -1.731337e-01
8.100000, -1.724740e-01, -1.734093e-01, -1.734093e-01, -1.730507e-01
8.200000, -1.724930e-01, -1.731621e-01, -1.731621e-01, -1.730139e-01
8.300000, -1.727471e-01, -1.728420e-01, -1.728420e-01, -1.720687e-01
8.400000, -1.712192e-01, -1.700402e-01, -1.700402e-01, -1.688225e-01
8.500000, -1.677265e-01, -1.684907e-01, -1.684907e-01, -1.688394e-01
8.600000, -1.672304e-01, -1.670327e-01, -1.670327e-01, -1.664967e-01
8.700000, -1.659702e-01, -1.648082e-01, -1.648082e-01, -1.667055e-01
8.800000, -1.632726e-01, -1.632789e-01, -1.632789e-01, -1.613817e-01
8.900000, -1.592825e-01, -1.606311e-01, -1.606311e-01, -1.620039e-01
9.000000, -1.577141e-01, -1.582221e-01, -1.582221e-01, -1.574966e-01
9.100000, -1.549945e-01, -1.552279e-01, -1.552279e-01, -1.562883e-01
9.200000, -1.535769e-01, -1.528151e-01, -1.528151e-01, -1.534662e-01
9.300000, -1.494554e-01, -1.505267e-01, -1.505267e-01, -1.498845e-01
9.400000, -1.474955e-01, -1.467303e-01, -1.467303e-01, -1.461057e-01
9.500000, -1.434506e-01, -1.433537e-01, -1.433537e-01, -1.428293e-01
9.600000, -1.413820e-01, -1.404434e-01, -1.404434e-01, -1.404972e-01
9.700000, -1.368251e-01, -1.372515e-01, -1.372515e-01, -1.377331e-01
9.800000, -1.328591e-01, -1.338037e-01, -1.338037e-01, -1.335819e-01
9.900000, -1.313429e-01, -1.299295e-01, -1.299295e-01, -1.291495e-01
10.000000, -1.266816e-01, -1.257281e-01, -1.257281e-01, -1.267966e-01
10.100000, -1.232092e-01, -1.233735e-01, -1.233735e-01, -1.227835e-01
10.200000, -1.194520e-01, -1.192223e-01, -1.192223e-01, -1.183415e-01
10.300000, -1.162134e-01, -1.159637e-01, -1.159637e-01, -1.163545e-01
10.400000, -1.130403e-01, -1.123100e-01, -1.123100e-01, -1.125442e-01
10.500000, -1.092339e-01, -1.094572e-01, -1.094572e-01, -1.086271e-01
10.600000, -1.057712e-01, -1.061262e-01, -1.061262e-01, -1.059676e-01
10.700000, -1.024753e-01, -1.018256e-01, -1.018256e-01, -1.032445e-01
10.800000, -9.924380e-02, -1.000149e-01, -1.000149e-01, -9.960683e-02
10.900000, -9.567188e-02, -9.644747e-02, -9.644747e-02, -9.553660e-02
11.000000, -9.338280e-02, -9.337397e-02, -9.337397e-02, -9.379619e-02
11.100000, -9.045342e-02, -9.089074e-02, -9.089074e-02, -9.069927e-02
11.200000, -8.849991e-02, -8.817028e-02, -8.817028e-02, -8.791224e-02
11.300000, -8.487042e-02, -8.444772e-02, -8.444772e-02, -8.408236e-02
11.400000, -8.249255e-02, -8.244277e-02, -8.244277e-02, -8.345950e-02
11.500000, -8.021806e-02, -8.102206e-02, -8.102206e-02, -8.054555e-02
11.600000, -7.804987e-02, -7.759372e-02, -7.759372e-02, -7.724041e-02
11.700000, -7.628479e-02, -7.577725e-02, -7.577725e-02, -7.556810e-02
11.800000, -7.359045e-02, -7.404851e-02, -7.404851e-02, -7.406360e-02
11.900000, -7.154860e-02, -7.148364e-02, -7.148364e-02, -7.188356e-02
12.000000, -6.998996e-02, -7.003824e-02, -7.003824e-02, -7.009043e-02
12.100000, -6.831646e-02, -6.823268e-02, -6.823268e-02, -6.842584e-02
12.200000, -6.676410e-02, -6.709367e-02, -6.709367e-02, -6.621060e-02
12.300000, -6.565713e-02, -6.394378e-02, -6.394378e-02, -6.573918e-02
12.400000, -6.344049e-02, -6.374406e-02, -6.374406e-02, -6.360453e-02
12.500000, -6.164950e-02, -6.234856e-02, -6.234856e-02, -6.200983e-02
12.600000, -6.178972e-02, -6.074465e-02, -6.074465e-02, -6.014867e-02
12.700000, -5.898173e-02, -5.944686e-02, -5.944686e-02, -5.947427e-02
12.800000, -5.766947e-02, -5.825889e-02, -5.825889e-02, -5.837469e-02
12.900000, -5.712825e-02, -5.684562e-02, -5.684562e-02, -5.687852e-02
13.000000, -5.599144e-02, -5.605435e-02, -5.605435e-02, -5.576911e-02
13.100000, -5.482976e-02, -5.469991e-02, -5.469991e-02, -5.502831e-02
13.200000, -5.406500e-02, -5.411945e-02, -5.411945e-02, -5.413296e-02
13.300000, -5.320317e-02, -5.319581e-02, -5.319581e-02, -5.320075e-02
13.400000, -5.217883e-02, -5.204871e-02, -5.204871e-02, -5.124600e-02
13.500000, -5.018926e-02, -5.106203e-02, -5.106203e-02, -5.081412e-02
13.600000, -4.966028e-02, -5.011221e-02, -5.011221e-02, -5.076367e-02
13.700000, -4.912132e-02, -4.868417e-02, -4.868417e-02, -4.871830e-02
13.800000, -4.859716e-02, -4.803492e-02, -4.803492e-02, -4.763292e-02
13.900000, -4.693752e-02, -4.721340e-02, -4.721340e-02, -4.778567e-02
14.000000, -4.648913e-02, -4.621456e-02, -4.621456e-02, -4.680909e-02
14.100000, -4.520160e-02, -4.539617e-02, -4.539617e-02, -4.511105e-02
14.200000, -4.476915e-02, -4.439103e-02, -4.439103e-02, -4.468847e-02
14.300000, -4.282796e-02, -4.340979e-02, -4.340979e-02, -4.365501e-02
14.400000, -4.269237e-02, -4.327847e-02, -4.327847e-02, -4.260206e-02
14.500000, -4.259766e-02, -4.186096e-02, -4.186096e-02, -4.169612e-02
14.600000, -4.077217e-02, -4.096344e-02, -4.096344e-02, -4.081501e-02
14.700000, -4.088138e-02, -3.992650e-02, -3.992650e-02, -3.985541e-02
14.800000, -3.934413e-02, -3.935772e-02, -3.935772e-02, -3.889156e-02
14.900000, -3.813869e-02, -3.835533e-02, -3.835533e-02, -3.853781e-02
15.000000, -3.712937e-02, -3.723751e-02, -3.723751e-02, -3.744674e-02
15.100000, -3.645554e-02, -3.645167e-02, -3.645167e-02, -3.665526e-02
15.200000, -3.509297e-02, -3.543959e-02, -3.543959e-02, -3.561793e-02
15.300000, -3.430558e-02, -3.424199e-02, -3.424199e-02, -3.477873e-02
15.400000, -3.415597e-02, -3.372216e-02, -3.372216e-02, -3.340485e-02
15.500000, -3.270614e-02, -3.279658e-02, -3.279658e-02, -3.240455e-02
15.600000, -3.195704e-02, -3.184166e-02, -3.184166e-02, -3.194415e-02
15.700000, -3.096123e-02, -3.106698e-02, -3.106698e-02, -3.104546e-02
15.800000, -3.039908e-02, -3.029805e-02, -3.029805e-02, -3.015987e-02
15.900000, -2.934978e-02, -2.954978e-02, -2.954978e-02, -2.959331e-02
16.000000, -2.883907e-02, -2.869247e-02, -2.869247e-02, -2.881139e-02
16.100000, -2.757506e-02, -2.776102e-02, -2.776102e-02, -2.726005e-02
16.200000, -2.690707e-02, -2.698043e-02, -2.698043e-02, -2.732000e-02
16.300000, -2.587967e-02, -2.612699e-02, -2.612699e-02, -2.622591e-02
16.400000, -2.553197e-02, -2.534114e-02, -2.534114e-02, -2.540633e-02
16.500000, -2.473418e-02, -2.450825e-02, -2.450825e-02, -2.478088e-02
16.600000, -2.396265e-02, -2.384052e-02, -2.384052e-02, -2.334748e-02
16.700000, -2.316598e-02, -2.320273e-02, -2.320273e-02, -2.315192e-02
16.800000, -2.224520e-02, -2.244115e-02, -2.244115e-02, -2.267971e-02
16.900000, -2.196872e-02, -2.175998e-02, -2.175998e-02, -2.156548e-02
17.000000, -2.132741e-02, -2.106976e-02, -2.106976e-02, -2.098576e-02
17.100000, -2.025449e-02, -2.045768e-02, -2.045768e-02, -2.037389e-02
17.200000, -1.997882e-02, -1.998831e-02, -1.998831e-02, -2.003526e-02
17.300000, -1.900636e-02, -1.961602e-02, -1.961602e-02, -1.925251e-02
17.400000, -1.877902e-02, -1.856492e-02, -1.856492e-02, -1.878959e-02
17.500000, -1.818219e-02, -1.817921e-02, -1.817921e-02, -1.826976e-02
17.600000, -1.776412e-02, -1.755344e-02, -1.755344e-02, -1.755120e-02
17.700000, -1.700284e-02, -1.717220e-02, -1.717220e-02, -1.708173e-02
17.800000, -1.656769e-02, -1.672903e-02, -1.672903e-02, -1.646731e-02
17.900000, -1.629559e-02, -1.601661e-02, -1.601661e-02, -1.622148e-02
18.000000, -1.591707e-02, -1.548060e-02, -1.548060e-02, -1.573066e-02
18.100000, -1.504659e-02, -1.515144e-02, -1.515144e-02, -1.530230e-02
18.200000, -1.493644e-02, -1.494692e-02, -1.494692e-02, -1.472439e-02
18.300000, -1.434632e-02, -1.418020e-02, -1.418020e-02, -1.435407e-02
18.400000, -1.419274e-02, -1.408524e-02, -1.408524e-02, -1.414508e-02
18.500000, -1.333576e-02, -1.372953e-02, -1.372953e-02, -1.380001e-02
18.600000, -1.343353e-02, -1.330254e-02, -1.330254e-02, -1.306397e-02
18.700000, -1.293913e-02, -1.298072e-02, -1.298072e-02, -1.274176e-02
18.800000, -1.282843e-02, -1.254084e-02, -1.254084e-02, -1.242498e-02
18.900000, -1.216306e-02, -1.212190e-02, -1.212190e-02, -1.210825e-02
19.000000, -1.181930e-02, -1.180077e-02, -1.180077e-02, -1.186039e-02
19.100000, -1.151490e-02, -1.160249e-02, -1.160249e-02, -1.163437e-02
19.200000, -1.135257e-02, -1.126543e-02, -1.126543e-02, -1.110488e-02
19.300000, -1.089405e-02, -1.116676e-02, -1.116676e-02, -1.106710e-02
19.400000, -1.075496e-02, -1.066441e-02, -1.066441e-02, -1.079226e-02
19.500000, -1.033974e-02, -1.037218e-02, -1.037218e-02, -1.047043e-02
19.600000, -1.010569e-02, -1.019847e-02, -1.019847e-02, -1.002668e-02
19.700000, -9.625273e-03, -9.881235e-03, -9.881235e-03, -9.768563e-03
19.800000, -9.732330e-03, -9.630453e-03, -9.630453e-03, -9.717360e-03
19.900000, -9.332935e-03, -9.264848e-03, -9.264848e-03, -9.335865e-03
20.000000, -9.113404e-03, -9.104289e-03, -9.104289e-03, -9.361019e-03
20.100000, -8.843137e-03, -8.888236e-03, -8.888236e-03, -8.980853e-03
20.200000, -8.698706e-03, -8.449946e-03, -8.449946e-03, -8.563189e-03
20.300000, -8.370948e-03, -8.441562e-03, -8.441562e-03, -8.421884e-03
20.400000, -8.102927e-03, -8.062194e-03, -8.062194e-03, -8.104558e-03
20.500000, -7.833377e-03, -8.000759e-03, -8.000759e-03, -7.930497e-03
20.600000, -7.626013e-03, -7.639052e-03, -7.639052e-03, -7.686070e-03
20.700000, -7.482555e-03, -7.359717e-03, -7.359717e-03, -7.549611e-03
20.800000, -7.229416e-03, -7.219371e-03, -7.219371e-03, -7.113623e-03
20.900000, -7.038213e-03, -7.023910e-03, -7.023910e-03, -6.926171e-03
21.000000, -6.577625e-03, -6.738403e-03, -6.738403e-03, -6.613648e-03
21.100000, -6.675211e-03, -6.669519e-03, -6.669519e-03, -6.615432e-03
21.200000, -6.425631e-03, -6.280787e-03, -6.280787e-03, -6.460436e-03
21.300000, -6.202551e-03, -6.234661e-03, -6.234661e-03, -6.182819e-03
21.400000, -5.893346e-03, -6.012484e-03, -6.012484e-03, -5.850941e-03
21.500000, -5.794848e-03, -5.767143e-03, -5.767143e-03, -5.851032e-03
21.600000, -5.616125e-03, -5.605086e-03, -5.605086e-03, -5.580095e-03
21.700000, -5.282824e-03, -5.284551e-03, -5.284551e-03, -5.328011e-03
21.800000, -5.130753e-03, -5.339183e-03, -5.339183e-03, -5.337645e-03
21.900000, -5.134794e-03, -5.026305e-03, -5.026305e-03, -5.031696e-03
22.000000, -4.866706e-03, -4.901403e-03, -4.901403e-03, -4.820729e-03
22.100000, -4.751464e-03, -4.628482e-03, -4.628482e-03, -4.859606e-03
22.200000, -4.396776e-03, -4.530789e-03, -4.530789e-03, -4.638659e-03
22.300000, -4.384795e-03, -4.389366e-03, -4.389366e-03, -4.421677e-03
22.400000, -4.289017e-03, -4.193597e-03, -4.193597e-03, -4.189763e-03
22.500000, -4.032966e-03, -4.078092e-03, -4.078092e-03, -4.049223e-03
22.600000, -4.048218e-03, -3.981682e-03, -3.981682e-03, -3.964864e-03
22.700000, -3.748764e-03, -3.822040e-03, -3.822040e-03, -3.771964e-03
22.800000, -3.672648e-03, -3.684170e-03, -3.684170e-03, -3.627109e-03
22.900000, -3.487118e-03, -3.549755e-03, -3.549755e-03, -3.428422e-03
23.000000, -3.475458e-03, -3.424069e-03, -3.424069e-03, -3.398750e-03
23.100000, -3.317431e-03, -3.338514e-03, -3.338514e-03, -3.394699e-03
23.200000, -3.268907e-03, -3.229188e-03, -3.229188e-03, -3.220002e-03
23.300000, -3.162603e-03, -3.089110e-03, -3.089110e-03, -3.070639e-03
23.400000, -2.973301e-03, -2.966346e-03, -2.966346e-03, -3.057710e-03
23.500000, -2.932840e-03, -2.899118e-03, -2.899118e-03, -2.858920e-03
23.600000, -2.767740e-03, -2.813084e-03, -2.813084e-03, -2.799594e-03
23.700000, -2.622481e-03, -2.695160e-03, -2.695160e-03, -2.732213e-03
23.800000, -2.584496e-03, -2.643562e-03, -2.643562e-03, -2.624061e-03
23.900000, -2.512095e-03, -2.538892e-03, -2.538892e-03, -2.550096e-03
24.000000, -2.479601e-03, -2.421716e-03, -2.421716e-03, -2.429512e-03
24.100000, -2.405095e-03, -2.390964e-03, -2.390964e-03, -2.402857e-03
24.200000, -2.234465e-03, -2.260738e-03, -2.260738e-03, -2.345506e-03
24.300000, -2.203543e-03, -2.220296e-03, -2.220296e-03, -2.248165e-03
24.400000, -2.201899e-03, -2.152980e-03, -2.152980e-03, -2.173767e-03
24.500000, -2.137159e-03, -2.138112e-03, -2.138112e-03, -2.142091e-03
24.600000, -2.044149e-03, -2.035582e-03, -2.035582e-03, -2.006323e-03
24.700000, -1.929797e-03, -1.951004e-03, -1.951004e-03, -1.993202e-03
24.800000, -1.907145e-03, -1.937103e-03, -1.937103e-03, -1.805738e-03
24.900000, -1.806773e-03, -1.809368e-03, -1.809368e-03, -1.822879e-03
25.000000, -1.786295e-03, -1.742450e-03, -1.742450e-03, -1.731079e-03
25.100000, -1.664751e-03, -1.712701e-03, -1.712701e-03, -1.720317e-03
25.200000, -1.715681e-03, -1.673088e-03, -1.673088e-03, -1.730303e-03
25.300000, -1.682605e-03, -1.618295e-03, -1.618295e-03, -1.651997e-03
25.400000, -1.589609e-03, -1.635582e-03, -1.635582e-03, -1.658054e-03
25.500000, -1.567662e-03, -1.584321e-03, -1.584321e-03, -1.539371e-03
25.600000, -1.522926e-03, -1.455775e-03, -1.455775e-03, -1.484028e-03
25.700000, -1.419266e-03, -1.451270e-03, -1.451270e-03, -1.415873e-03
25.800000, -1.389626e-03, -1.411171e-03, -1.411171e-03, -1.413494e-03
25.900000, -1.381875e-03, -1.369993e-03, -1.369993e-03, -1.367278e-03
26.000000, -1.269987e-03, -1.326772e-03, -1.326772e-03, -1.329105e-03
26.100000, -1.197608e-03, -1.288541e-03, -1.288541e-03, -1.258098e-03
26.200000, -1.191113e-03, -1.212231e-03, -1.212231e-03, -1.254701e-03
26.300000, -1.178046e-03, -1.211104e-03, -1.211104e-03, -1.158502e-03
26.400000, -1.144194e-03, -1.149158e-03, -1.149158e-03, -1.139813e-03
26.500000, -1.119680e-03, -1.083294e-03, -1.083294e-03, -1.087635e-03
26.600000, -1.084456e-03, -1.112005e-03, -1.112005e-03, -1.123232e-03
26.700000, -1.072660e-03, -1.035440e-03, -1.035440e-03, -1.059697e-03
26.800000, -1.016307e-03, -9.912625e-04, -9.912625e-04, -1.008138e-03
26.900000, -1.003891e-03, -9.984346e-04, -9.984346e-04, -9.842131e-04
27.000000, -9.468252e-04, -8.757794e-04, -8.757794e-04, -9.448705e-04
27.100000, -8.937110e-04, -9.307497e-04, -9.307497e-04, -9.517947e-04
27.200000, -8.858319e-04, -8.367953e-04, -8.367953e-04, -8.775474e-04
27.300000, -8.438510e-04, -8.342376e-04, -8.342376e-04, -8.129371e-04
27.400000, -8.227905e-04, -8.268422e-04, -8.268422e-04, -8.314642e-04
27.500000, -7.571532e-04, -8.024979e-04, -8.024979e-04, -7.889315e-04
27.600000, -7.505983e-04, -7.539407e-04, -7.539407e-04, -7.569306e-04
27.700000, -7.429851e-04, -7.476561e-04, -7.476561e-04, -7.211642e-04
27.800000, -6.958394e-04, -7.197400e-04, -7.197400e-04, -6.951917e-04
27.900000, -6.773624e-04, -6.894929e-04, -6.894929e-04, -6.649964e-04
28.000000, -6.895183e-04, -6.479575e-04, -6.479575e-04, -6.714189e-04
28.100000, -6.347707e-04, -6.243988e-04, -6.243988e-04, -6.391227e-04
28.200000, -6.177729e-04, -6.090958e-04, -6.090958e-04, -6.226377e-04
28.300000, -5.670916e-04, -6.055934e-04, -6.055934e-04, -6.015159e-04
28.400000, -5.398003e-04, -5.731047e-04, -5.731047e-04, -5.056229e-04
28.500000, -5.231434e-04, -5.533636e-04, -5.533636e-04, -5.384616e-04
28.600000, -5.462605e-04, -5.132776e-04, -5.132776e-04, -5.440139e-04
28.700000, -4.733229e-04, -5.084028e-04, -5.084028e-04, -5.218411e-04
28.800000, -4.997951e-04, -4.827048e-04, -4.827048e-04, -5.121053e-04
28.900000, -4.709428e-04, -4.801380e-04, -4.801380e-04, -4.855128e-04
29.000000, -4.745047e-04, -4.365810e-04, -4.365810e-04, -4.604349e-04
29.100000, -4.508621e-04, -4.394710e-04, -4.394710e-04, -4.423124e-04
29.200000, -4.450548e-04, -4.332805e-04, -4.332805e-04, -4.128763e-04
29.300000, -4.126531e-04, -4.111331e-04, -4.111331e-04, -4.212313e-04
29.400000, -3.917472e-04, -4.070922e-04, -4.070922e-04, -3.820744e-04
29.500000, -3.868786e-04, -3.999818e-04, -3.999818e-04, -3.785060e-04
29.600000, -3.549767e-04, -3.615028e-04, -3.615028e-04, -3.749003e-04
29.700000, -3.648137e-04, -3.548542e-04, -3.548542e-04, -3.768249e-04
29.800000, -3.272413e-04, -3.336192e-04, -3.336192e-04, -3.348594e-04
29.900000, -3.320063e-04, -3.477212e-04, -3.477212e-04, -3.229685e-04
30.000000, -3.204805e-04, -3.331596e-04, -3.331596e-04, -3.428106e-04
30.100000, -3.111503e-04, -3.091651e-04, -3.091651e-04, -3.229781e-04
30.200000, -3.043631e-04, -3.042058e-04, -3.042058e-04, -2.930916e-04
30.300000, -2.934444e-04, -2.998797e-04, -2.998797e-04, -2.998964e-04
30.400000, -3.022388e-04, -2.815404e-04, -2.815404e-04, -2.845342e-04
30.500000, -2.721908e-04, -2.744522e-04, -2.744522e-04, -2.616479e-04
30.600000, -2.691170e-04, -2.598454e-04, -2.598454e-04, -2.744031e-04
30.700000, -2.395677e-04, -2.449305e-04, -2.449305e-04, -2.557820e-04
30.800000, -2.384929e-04, -2.540197e-04, -2.540197e-04, -2.595170e-04
30.900000, -2.564644e-04, -2.399012e-04, -2.399012e-04, -2.343073e-04
31.000000, -2.247402e-04, -2.370058e-04, -2.370058e-04, -2.265687e-04
31.100000, -2.146837e-04, -2.269753e-04, -2.269753e-04, -2.269602e-04
31.200000, -2.120100e-04, -2.226308e-04, -2.226308e-04, -2.385401e-04
31.300000, -2.329232e-04, -2.080598e-04, -2.080598e-04, -2.044958e-04
31.400000, -2.115246e-04, -2.043017e-04, -2.043017e-04, -1.978652e-04
31.500000, -2.087189e-04, -1.992691e-04, -1.992691e-04, -1.961217e-04
31.600000, -1.790276e-04, -2.023514e-04, -2.023514e-04, -1.963783e-04
31.700000, -1.846473e-04, -1.885405e-04, -1.885405e-04, -1.915909e-04
31.800000, -1.649002e-04, -1.884935e-04, -1.884935e-04, -1.879626e-04
31.900000, -1.731832e-04, -1.637389e-04, -1.637389e-04, -1.715821e-04
32.000000, -1.693490e-04, -1.500383e-04, -1.500383e-04, -1.751615e-04
32.100000, -1.541553e-04, -1.608659e-04, -1.608659e-04, -1.633908e-04
32.200000, -1.557621e-04, -1.571546e-04, -1.571546e-04, -1.551276e-04
32.300000, -1.468507e-04, -1.499163e-04, -1.499163e-04, -1.453978e-04
32.400000, -1.381945e-04, -1.399274e-04, -1.399274e-04, -1.470976e-04
32.500000, -1.458568e-04, -1.356001e-04, -1.356001e-04, -1.351793e-04
32.600000, -1.355508e-04, -1.361281e-04, -1.361281e-04, -1.304461e-04
32.700000, -1.174433e-04, -1.364504e-04, -1.364504e-04, -1.170767e-04
32.800000, -1.221906e-04, -1.275029e-04, -1.275029e-04, -1.336129e-04
32.900000, -1.173342e-04, -1.066196e-04, -1.066196e-04, -1.122680e-04
33.000000, -1.080307e-04, -1.131803e-04, -1.131803e-04, -1.144037e-04
33.100000, -1.058613e-04, -1.072791e-04, -1.072791e-04, -1.081561e-04
33.200000, -9.743902e-05, -1.040390e-04, -1.040390e-04, -9.868346e-05
33.300000, -9.109383e-05, -9.513064e-05, -9.513064e-05, -9.262617e-05
33.400000, -9.906116e-05, -9.153966e-05, -9.153966e-05, -1.031501e-04
33.500000, -9.795042e-05, -9.209435e-05, -9.209435e-05, -9.355722e-05
33.600000, -9.446433e-05, -8.227052e-05, -8.227052e-05, -8.852584e-05
33.700000, -8.095986e-05, -8.038711e-05, -8.038711e-05, -9.306793e-05
33.800000, -7.311398e-05, -7.724220e-05, -7.724220e-05, -7.205006e-05
33.900000, -7.335912e-05, -7.652115e-05, -7.652115e-05, -6.931616e-05
34.000000, -7.483330e-05, -7.215756e-05, -7.215756e-05, -7.254739e-05
34.100000, -6.731176e-05, -6.574972e-05, -6.574972e-05, -7.456091e-05
34.200000, -5.935588e-05, -6.706163e-05, -6.706163e-05, -6.320954e-05
34.300000, -6.365313e-05, -6.643803e-05, -6.643803e-05, -6.129180e-05
34.400000, -5.606376e-05, -5.888638e-05, -5.888638e-05, -6.348828e-05
34.500000, -5.502136e-05, -5.470157e-05, -5.470157e-05, -6.242452e-05
34.600000, -5.595182e-05, -5.569631e-05, -5.569631e-05, -5.827527e-05
34.700000, -4.961429e-05, -5.696819e-05, -5.696819e-05, -5.035043e-05
34.800000, -4.966848e-05, -4.949976e-05, -4.949976e-05, -4.468525e-05
34.900000, -4.562936e-05, -5.393192e-05, -5.393192e-05, -4.687910e-05
35.000000, -4.885453e-05, -4.608527e-05, -4.608527e-05, -4.770420e-05
35.100000, -4.500791e-05, -4.605730e-05, -4.605730e-05, -4.305746e-05
35.200000, -4.215955e-05, -4.145037e-05, -4.145037e-05, -3.941340e-05
35.300000, -3.903195e-05, -3.954511e-05, -3.954511e-05, -4.211116e-05
35.400000, -3.871735e-05, -3.597052e-05, -3.597052e-05, -4.393100e-05
35.500000, -4.080195e-05, -4.036316e-05, -4.036316e-05, -3.854316e-05
35.600000, -3.381250e-05, -3.501799e-05, -3.501799e-05, -3.628535e-05
35.700000, -3.520950e-05, -3.414372e-05, -3.414372e-05, -3.709314e-05
35.800000, -2.940960e-05, -3.601152e-05, -3.601152e-05, -3.610815e-05
35.900000, -3.023194e-05, -2.956592e-05, -2.956592e-05, -3.439338e-05
36.000000, -3.075139e-05, -2.611974e-05, -2.611974e-05, -3.020417e-05
36.100000, -3.000415e-05, -3.025683e-05, -3.025683e-05, -3.053689e-05
36.200000, -3.203792e-05, -3.061765e-05, -3.061765e-05, -2.832815e-05
36.300000, -3.046903e-05, -2.742304e-05, -2.742304e-05, -3.050996e-05
36.400000, -2.644059e-05, -2.751269e-05, -2.751269e-05, -2.377162e-05
36.500000, -2.453301e-05, -2.539270e-05, -2.539270e-05, -2.834509e-05
36.600000, -2.306802e-05, -2.365254e-05, -2.365254e-05, -2.900530e-05
36.700000, -1.932635e-05, -2.720142e-05, -2.720142e-05, -2.643090e-05
36.800000, -2.133579e-05, -2.292859e-05, -2.292859e-05, -2.583056e-05
36.900000, -2.225292e-05, -2.293117e-05, -2.293117e-05, -2.247057e-05
37.000000, -2.047527e-05, -2.069225e-05, -2.069225e-05, -2.164925e-05
37.100000, -1.756676e-05, -2.194104e-05, -2.194104e-05, -2.150581e-05
37.200000, -1.986399e-05, -1.991871e-05, -1.991871e-05, -2.113987e-05
37.300000, -1.961775e-05, -2.075537e-05, -2.075537e-05, -1.847216e-05
37.400000, -1.849930e-05, -1.989616e-05, -1.989616e-05, -1.808325e-05
37.500000, -1.777665e-05, -1.713391e-05, -1.713391e-05, -1.957219e-05
37.600000, -1.836455e-05, -1.747576e-05, -1.747576e-05, -1.864945e-05
37.700000, -1.743284e-05, -1.780654e-05, -1.780654e-05, -1.833538e-05
37.800000, -1.667578e-05, -1.599928e-05, -1.599928e-05, -1.643009e-05
37.900000, -1.456217e-05, -1.526499e-05, -1.526499e-05, -1.690006e-05
38.000000, -1.633248e-05, -1.540713e-05, -1.540713e-05, -1.495079e-05
38.100000, -1.409651e-05, -1.386603e-05, -1.386603e-05, -1.409910e-05
38.200000, -1.419359e-05, -1.306284e-05, -1.306284e-05, -1.457050e-05
38.300000, -1.246769e-05, -1.374276e-05, -1.374276e-05, -1.281887e-05
38.400000, -1.181992e-05, -1.251007e-05, -1.251007e-05, -1.263267e-05
38.500000, -1.123666e-05, -1.142258e-05, -1.142258e-05, -1.324443e-05
38.600000, -1.172338e-05, -1.128454e-05, -1.128454e-05, -1.169452e-05
38.700000, -1.137284e-05, -1.134211e-05, -1.134211e-05, -1.338568e-05
38.800000, -9.941367e-06, -1.102012e-05, -1.102012e-05, -1.097477e-05
38.900000, -1.049045e-05, -1.017205e-05, -1.017205e-05, -1.088163e-05
39.000000, -8.633842e-06, -1.000685e-05, -1.000685e-05, -1.026948e-05
39.100000, -7.925601e-06, -1.049204e-05, -1.049204e-05, -9.540584e-06
39.200000, -7.851957e-06, -9.021403e-06, -9.021403e-06, -8.980544e-06
39.300000, -7.068103e-06, -8.095029e-06, -8.095029e-06, -8.886571e-06
39.400000, -7.136602e-06, -7.988784e-06, -7.988784e-06, -8.735188e-06
39.500000, -7.282260e-06, -6.785567e-06, -6.785567e-06, -7.589241e-06
39.600000, -7.863875e-06, -6.898665e-06, -6.898665e-06, -7.634843e-06
39.700000, -7.087718e-06, -6.399492e-06, -6.399492e-06, -7.133083e-06
39.800000, -6.056674e-06, -6.901999e-06, -6.901999e-06, -5.983899e-06
39.900000, -6.198128e-06, -6.309178e-06, -6.309178e-06, -7.510584e-06
40.000000, -4.946656e-06, -6.199948e-06, -6.199948e-06, -6.832393e-06
40.100000, -4.622901e-06, -5.488417e-06, -5.488417e-06, -6.367667e-06
40.200000, -5.092649e-06, -5.375696e-06, -5.375696e-06, -5.646910e-06
40.300000, -5.413915e-06, -5.369780e-06, -5.369780e-06, -4.609466e-06
40.400000, -4.499416e-06, -4.581910e-06, -4.581910e-06, -5.133656e-06
40.500000, -3.937007e-06, -4.361467e-06, -4.361467e-06, -5.079315e-06
40.600000, -4.012697e-06, -4.393920e-06, -4.393920e-06, -4.476574e-06
40.700000, -3.729968e-06, -4.189838e-06, -4.189838e-06, -4.836806e-06
40.800000, -4.266543e-06, -4.387001e-06, -4.387001e-06, -4.065696e-06
40.900000, -2.913941e-06, -4.158048e-06, -4.158048e-06, -4.382477e-06
41.000000, -3.378023e-06, -4.158686e-06, -4.158686e-06, -4.378487e-06
41.100000, -3.459815e-06, -3.583736e-06, -3.583736e-06, -4.312804e-06
41.200000, -3.197780e-06, -3.482113e-06, -3.482113e-06, -4.004928e-06
41.300000, -3.272546e-06, -3.272117e-06, -3.272117e-06, -3.301347e-06
41.400000, -3.276819e-06, -3.343573e-06, -3.343573e-06, -3.515954e-06
41.500000, -2.846725e-06, -3.064301e-06, -3.064301e-06, -3.316018e-06
41.600000, -2.799785e-06, -3.100077e-06, -3.100077e-06, -3.716852e-06
41.700000, -2.493254e-06, -2.806957e-06, -2.806957e-06, -3.412863e-06
41.800000, -2.478429e-06, -2.661366e-06, -2.661366e-06, -3.334543e-06
41.900000, -2.527371e-06, -2.861489e-06, -2.861489e-06, -2.759679e-06
42.000000, -2.534328e-06, -2.587365e-06, -2.587365e-06, -2.872567e-06
42.100000, -2.254589e-06, -2.529003e-06, -2.529003e-06, -3.302254e-06
42.200000, -2.854448e-06, -2.849189e-06, -2.849189e-06, -2.817138e-06
42.300000, -2.449926e-06, -2.574550e-06, -2.574550e-06, -2.666105e-06
42.400000, -1.912283e-06, -2.749781e-06, -2.749781e-06, -2.669975e-06
42.500000, -1.916166e-06, -2.368829e-06, -2.368829e-06, -2.377883e-06
42.600000, -2.081457e-06, -2.222663e-06, -2.222663e-06, -2.558364e-06
42.700000, -2.193969e-06, -2.269992e-06, -2.269992e-06, -2.367378e-06
42.800000, -1.918389e-06, -2.135317e-06, -2.135317e-06, -2.238088e-06
42.900000, -1.814104e-06, -1.915641e-06, -1.915641e-06, -2.089170e-06
43.000000, -1.479910e-06, -1.932406e-06, -1.932406e-06, -2.266958e-06
43.100000, -1.544620e-06, -1.845010e-06, -1.845010e-06, -2.141850e-06
43.200000, -1.780453e-06, -1.749392e-06, -1.749392e-06, -1.890256e-06
43.300000, -1.513158e-06, -1.838043e-06, -1.838043e-06, -1.974445e-06
43.400000, -1.499671e-06, -1.743273e-06, -1.743273e-06, -1.873169e-06
43.500000, -1.554932e-06, -1.706787e-06, -1.706787e-06, -1.900544e-06
43.600000, -1.450877e-06, -1.588565e-06, -1.588565e-06, -1.658474e-06
43.700000, -1.289588e-06, -1.513805e-06, -1.513805e-06, -2.015071e-06
43.800000, -1.336865e-06, -1.526552e-06, -1.526552e-06, -1.729707e-06
43.900000, -1.333971e-06, -1.308258e-06, -1.308258e-06, -1.435235e-06
44.000000, -1.279962e-06, -1.201340e-06, -1.201340e-06, -1.471737e-06
44.100000, -1.100002e-06, -1.279140e-06, -1.279140e-06, -1.398994e-06
44.200000, -9.454086e-07, -1.115521e-06, -1.115521e-06, -1.204642e-06
44.300000, -1.031566e-06, -1.128828e-06, -1.128828e-06, -1.213543e-06
44.400000, -9.440486e-07, -9.858163e-07, -9.858163e-07, -1.141350e-06
44.500000, -8.212587e-07, -1.038144e-06, -1.038144e-06, -1.058510e-06
44.600000, -8.125235e-07, -8.601233e-07, -8.601233e-07, -1.025894e-06
44.700000, -8.360699e-07, -9.098557e-07, -9.098557e-07, -9.262234e-07
44.800000, -7.343274e-07, -9.609189e-07, -9.609189e-07, -9.502918e-07
44.900000, -6.109875e-07, -7.851934e-07, -7.851934e-07, -1.008976e-06
45.000000, -6.837209e-07, -7.451280e-07, -7.451280e-07, -8.852416e-07
45.100000, -5.987586e-07, -6.340137e-07, -6.340137e-07, -7.384185e-07
45.200000, -5.328174e-07, -6.443708e-07, -6.443708e-07, -7.077421e-07
45.300000, -5.042924e-07, -5.889680e-07, -5.889680e-07, -6.301901e-07
45.400000, -4.223118e-07, -5.507632e-07, -5.507632e-07, -6.799288e-07
45.500000, -3.844322e-07, -4.253361e-07, -4.253361e-07, -5.650091e-07
45.600000, -3.321669e-07, -5.019108e-07, -5.019108e-07, -5.161544e-07
45.700000, -2.965400e-07, -3.599246e-07, -3.599246e-07, -4.679902e-07
45.800000, -3.901035e-07, -3.569559e-07, -3.569559e-07, -4.793794e-07
45.900000, -3.115583e-07, -4.230219e-07, -4.230219e-07, -4.014456e-07
46.000000, -3.023686e-07, -3.229482e-07, -3.229482e-07, -4.000481e-07
46.100000, -1.933881e-07, -3.326306e-07, -3.326306e-07, -4.533984e-07
46.200000, -1.866692e-07, -2.750265e-07, -2.750265e-07, -4.416955e-07
46.300000, -1.929692e-07, -2.736092e-07, -2.736092e-07, -3.696799e-07
46.400000, -1.891811e-07, -2.547766e-07, -2.547766e-07, -3.044962e-07
46.500000, -1.587917e-07, -2.140956e-07, -2.140956e-07, -2.609107e-07
46.600000, -1.554628e-07, -2.388469e-07, -2.388469e-07, -2.443381e-07
46.700000, -1.419640e-07, -1.859228e-07, -1.859228e-07, -2.274431e-07
46.800000, -1.212808e-07, -1.703613e-07, -1.703613e-07, -2.070741e-07
46.900000, -1.427421e-07, -1.718688e-07, -1.718688e-07, -2.080004e-07
47.000000, -1.000938e-07, -1.286239e-07, -1.286239e-07, -2.245580e-07
47.100000, -1.552951e-07, -1.502970e-07, -1.502970e-07, -2.295270e-07
47.200000, -8.793562e-08, -1.835891e-07, -1.835891e-07, -1.521235e-07
47.300000, -6.860231e-08, -1.181423e-07, -1.181423e-07, -1.483879e-07
47.400000, -5.400303e-08, -1.208636e-07, -1.208636e-07, -1.499739e-07
47.500000, -5.107318e-08, -8.777758e-08, -8.777758e-08, -1.503155e-07
47.600000, -9.062690e-08, -9.437107e-08, -9.437107e-08, -1.194639e-07
47.700000, -4.672552e-08, -8.006297e-08, -8.006297e-08, -1.180110e-07
47.800000, -5.496142e-08, -1.066672e-07, -1.066672e-07, -1.099447e-07
47.900000, -3.124771e-08, -6.719107e-08, -6.719107e-08, -1.447168e-07
48.000000, -9.030184e-08, -8.017969e-08, -8.017969e-08, -1.072650e-07
48.100000, -3.370743e-08, -6.173417e-08, -6.173417e-08, -9.800822e-08
48.200000, -3.805158e-08, -7.063391e-08, -7.063391e-08, -7.642638e-08
48.300000, -1.812501e-08, -5.022138e-08, -5.022138e-08, -1.069520e-07
48.400000, -2.732441e-08, -5.083028e-08, -5.083028e-08, -1.086297e-07
48.500000, -4.442376e-08, -4.546447e-08, -4.546447e-08, -7.340256e-08
48.600000, -1.773840e-08, -4.704693e-08, -4.704693e-08, -6.858261e-08
48.700000, -1.127592e-08, -5.238110e-08, -5.238110e-08, -5.518571e-08
48.800000, -1.797874e-08, -2.889022e-08, -2.889022e-08, -4.817910e-08
48.900000, -1.084969e-08, -2.807275e-08, -2.807275e-08, -4.293950e-08
49.000000, -8.576117e-10, -4.115692e-08, -4.115692e-08, -4.167686e-08
49.100000, -9.713028e-09, -1.960968e-08, -1.960968e-08, -3.060504e-08
49.200000, -1.485078e-09, -1.432529e-08, -1.432529e-08, -3.194232e-08
49.300000, 4.731335e-09, -1.204407e-08, -1.204407e-08, -2.790901e-08
49.400000, 9.452077e-09, -1.253776e-08, -1.253776e-08, -1.789252e-08
49.500000, 1.291695e-08, -4.376877e-09, -4.376877e-09, -2.325398e-08
49.600000, 9.865862e-09, -1.061756e-08, -1.061756e-08, -2.156660e-08
49.700000, 1.814903e-08, 2.113941e-09, 2.113941e-09, -1.169361e-08
49.800000, 2.009783e-08, -7.987213e-09, -7.987213e-09, -1.708424e-08
49.900000, 2.039830e-08, 1.073707e-08, 1.073707e-08, -3.214431e-09
50.000000, 1.931030e-08, 8.482351e-09, 8.482351e-09, -1.076216e-09
50.100000, 3.737936e-09, 1.284155e-08, 1.284155e-08, -1.873550e-09
50.200000, 2.808809e-08, 1.440667e-08, 1.440667e-08, -2.292560e-08
50.300000, 3.595937e-08, 1.914402e-08, 1.914402e-08, 7.175930e-09
50.400000, 3.346554e-08, 1.798130e-08, 1.798130e-08, 7.958506e-09
50.500000, 3.541546e-08, 2.180187e-08, 2.180187e-08, 9.158513e-09
50.600000, 3.462483e-08, 2.392114e-08, 2.392114e-08, 1.269725e-08
50.700000, 3.866759e-08, 2.401062e-08, 2.401062e-08, 1.510914e-08
50.800000, 3.949419e-08, 2.649343e-08, 2.649343e-08, 1.631089e-08
50.900000, 3.963120e-08, 2.689381e-08, 2.689381e-08, -5.359371e-09
51.000000, 3.934817e-08, 2.811309e-08, 2.811309e-08, 2.205498e-08
51.100000, 4.005139e-08, 2.887828e-08, 2.887828e-08, 2.015889e-08
51.200000, 3.838583e-08, 1.974655e-08, 1.974655e-08, 2.257563e-08
51.300000, 4.125608e-08, 2.929435e-08, 2.929435e-08, 2.104214e-08
51.400000, 4.118011e-08, 3.101718e-08, 3.101718e-08, 2.119019e-08
51.500000, 3.847525e-08, 2.930428e-08, 2.930428e-08, 2.332711e-08
51.600000, 3.823686e-08, 2.169396e-08, 2.169396e-08, 1.976720e-08
51.700000, 3.665696e-08, 3.015299e-08, 3.015299e-08, 2.051339e-08
51.800000, 3.646844e-08, 2.970852e-08, 2.970852e-08, 1.991090e-08
51.900000, 3.447465e-08, 2.809664e-08, 2.809664e-08, 2.155182e-08
52.000000, 3.448953e-08, 2.889780e-08, 2.889780e-08, 2.144222e-08
52.100000, 3.385178e-08, 2.666988e-08, 2.666988e-08, 2.019685e-08
52.200000, 3.300044e-08, 2.704523e-08, 2.704523e-08, 2.039565e-08
52.300000, 3.294321e-08, 2.506501e-08, 2.506501e-08, 1.845762e-08
52.400000, 3.064127e-08, 2.381009e-08, 2.381009e-08, 1.855430e-08
52.500000, 2.932748e-08, 2.260978e-08, 2.260978e-08, 1.640205e-08
52.600000, 2.904621e-08, 2.147515e-08, 2.147515e-08, 1.599631e-08
52.700000, 2.768564e-08, 2.028634e-08, 2.028634e-08, 3.588403e-10
52.800000, 2.513049e-08, 1.852027e-08, 1.852027e-08, 1.567247e-08
52.900000, 2.381679e-08, 1.681389e-08, 1.681389e-08, 1.454890e-08
53.000000, 2.330315e-08, 1.583806e-08, 1.583806e-08, 1.308386e-08
53.100000, 2.037046e-08, 1.487169e-08, 1.487169e-08, 1.162690e-08
53.200000, 1.869647e-08, 1.343743e-08, 1.343743e-08, 1.057971e-08
53.300000, 1.793832e-08, 1.295422e-08, 1.295422e-08, 1.026451e-08
53.400000, 1.612391e-08, 1.160626e-08, 1.160626e-08, 8.648750e-09
53.500000, 1.515909e-08, 1.007143e-08, 1.007143e-08, 7.212783e-09
53.600000, 1.361728e-08, 1.036584e-08, 1.036584e-08, 6.646689e-09
53.700000, 1.352019e-08, 9.643636e-09, 9.643636e-09, 6.247577e-09
53.800000, 1.162197e-08, 8.735038e-09, 8.735038e-09, 4.742753e-09
53.900000, 1.088675e-08, 7.382003e-09, 7.382003e-09, 4.246604e-09
54.000000, 9.313242e-09, 6.448564e-09, 6.448564e-09, 2.571459e-09
54.100000, 8.271921e-09, 6.218140e-09, 6.218140e-09, 3.040940e-09
54.200000, 7.882553e-09, 4.781832e-09, 4.781832e-09, 2.147062e-09
54.300000, 6.281929e-09, 4.387067e-09, 4.387067e-09, 1.827117e-09
54.400000, 6.088887e-09, 4.007851e-09, 4.007851e-09, 1.016689e-09
54.500000, 5.956371e-09, 2.942038e-09, 2.942038e-09, 7.936846e-10
54.600000, 4.910680e-09, 2.872319e-09, 2.872319e-09, 3.605204e-10
54.700000, 5.064943e-09, 2.568577e-09, 2.568577e-09, -3.347287e-11
54.800000, 4.523678e-09, 2.361029e-09, 2.361029e-09, -1.779428e-10
54.900000, 4.534989e-09, 1.341656e-09, 1.341656e-09, -4.014070e-10
55.000000, 3.982129e-09, 1.563971e-09, 1.563971e-09, -6.744933e-11
55.100000, 4.166756e-09, 1.690016e-09, 1.690016e-09, 1.086840e-10
55.200000, 3.940154e-09, 1.464595e-09, 1.464595e-09, 4.748044e-10
55.300000, 3.742119e-09, 1.141085e-09, 1.141085e-09, 4.584742e-10
55.400000, 3.305297e-09, 1.123643e-09, 1.123643e-09, 2.458859e-10
55.500000, 3.029349e-09, 4.685068e-10, 4.685068e-10, 1.715055e-10
55.600000, 3.152864e-09, 6.179799e-10, 6.179799e-10, -1.099614e-10
55.700000, 3.760998e-09, 9.046121e-10, 9.046121e-10, -1.402746e-10
55.800000, 3.063402e-09, 1.234941e-09, 1.234941e-09, -3.406242e-10
55.900000, 3.405640e-09, 1.452696e-09, 1.452696e-09, 8.126375e-11
56.000000, 3.248660e-09, 1.507954e-09, 1.507954e-09, -1.752230e-10
56.100000, 3.260239e-09, 1.824968e-09, 1.824968e-09, -5.290405e-10
56.200000, 3.585645e-09, 1.907956e-09, 1.907956e-09, -3.808923e-12
56.300000, 3.280672e-09, 1.857837e-09, 1.857837e-09, -2.240183e-10
56.400000, 3.447286e-09, 2.226148e-09, 2.226148e-09, 7.963279e-11
56.500000, 3.855591e-09, 2.276084e-09, 2.276084e-09, 1.261039e-10
56.600000, 3.855494e-09, 2.157078e-09, 2.157078e-09, 6.411712e-10
56.700000, 3.757052e-09, 2.162528e-09, 2.162528e-09, 5.795451e-10
56.800000, 3.571222e-09, 2.229044e-09, 2.229044e-09, 5.312343e-10
56.900000, 3.526429e-09, 2.224735e-09, 2.224735e-09, 7.194417e-10
57.000000, 3.686709e-09, 2.237036e-09, 2.237036e-09, 6.136023e-10
57.100000, 3.630240e-09, 1.978849e-09, 1.978849e-09, 7.950294e-10
57.200000, 3.621058e-09, 1.892891e-09, 1.892891e-09, 8.819760e-10
57.300000, 3.774281e-09, 1.876208e-09, 1.876208e-09, 1.143354e-09
57.400000, 3.741673e-09, 1.891241e-09, 1.891241e-09, 1.244935e-09
57.500000, 3.815245e-09, 1.793553e-09, 1.793553e-09, 1.439117e-09
57.600000, 3.390800e-09, 1.554322e-09, 1.554322e-09, 1.358153e-09
57.700000, 3.336074e-09, 1.564993e-09, 1.564993e-09, 1.245787e-09
57.800000, 3.018737e-09, 1.431465e-09, 1.431465e-09, 1.182283e-09
57.900000, 3.042391e-09, 1.556230e-09, 1.556230e-09, 9.701848e-10
58.000000, 2.917808e-09, 1.534768e-09, 1.534768e-09, 9.004588e-10
58.100000, 2.579364e-09, 1.294910e-09, 1.294910e-09, 6.489888e-10
58.200000, 2.217969e-09, 1.306477e-09, 1.306477e-09, 5.679049e-10
58.300000, 2.004008e-09, 1.297482e-09, 1.297482e-09, 2.705518e-10
58.400000, 1.788628e-09, 1.228146e-09, 1.228146e-09, 3.034693e-10
58.500000, 1.599928e-09, 1.027964e-09, 1.027964e-09, 1.548866e-10
58.600000, 1.251903e-09, 8.188354e-10, 8.188354e-10, 1.267684e-10
58.700000, 1.110114e-09, 6.493369e-10, 6.493369e-10, 5.782553e-11
58.800000, 9.589918e-10, 5.481408e-10, 5.481408e-10, -1.395283e-10
58.900000, 7.799228e-10, 4.234231e-10, 4.234231e-10, -9.935220e-11
59.000000, 6.431832e-10, 3.089761e-10, 3.089761e-10, -1.623886e-10
59.100000, 5.632458e-10, 2.126321e-10, 2.126321e-10, -1.098335e-10
59.200000, 4.566580e-10, 8.516149e-11, 8.516148e-11, -2.485237e-10
59.300000, 4.259504e-10, -8.388613e-11, -8.388612e-11, -2.546404e-10
59.400000, 2.646283e-10, -2.285231e-10, -2.285231e-10, -2.200935e-10
59.500000, 2.541751e-10, -3.706628e-10, -3.706628e-10, -2.018097e-10
59.600000, 6.069565e-12, -5.595004e-10, -5.595004e-10, -3.701880e-10
59.700000, 1.175406e-11, -6.174925e-10, -6.174925e-10, -3.523037e-10
59.800000, -1.542378e-10, -6.598997e-10, -6.598997e-10, -3.567079e-10
59.900000, -1.845823e-10, -7.056803e-10, -7.056803e-10, -4.610435e-10
60.000000, -3.836729e-10, -7.249909e-10, -7.249909e-10, -5.431266e-10
60.100000, -4.195352e-10, -7.834582e-10, -7.834582e-10, -5.672726e-10
60.200000, -5.994966e-10, -8.197000e-10, -8.197000e-10, -5.729952e-10
60.300000, -5.097592e-10, -8.299463e-10, -8.299463e-10, -5.921305e-10
60.400000, -6.011300e-10, -7.529461e-10, -7.529461e-10, -6.144053e-10
60.500000, -5.470007e-10, -7.441594e-10, -7.441594e-10, -5.600399e-10
60.600000, -5.647890e-10, -6.948929e-10, -6.948929e-10, -5.567757e-10
60.700000, -5.265748e-10, -6.972675e-10, -6.972675e-10, -5.366130e-10
60.800000, -6.146710e-10, -6.680506e-10, -6.680506e-10, -5.245455e-10
60.900000, -5.971005e-10, -6.364005e-10, -6.364005e-10, -5.163083e-10
61.000000, -6.581840e-10, -6.562167e-10, -6.562167e-10, -5.039892e-10
61.100000, -5.489190e-10, -6.358065e-10, -6.358065e-10, -5.025077e-10
61.200000, -5.907126e-10, -5.923848e-10, -5.923848e-10, -4.545041e-10
61.300000, -5.398688e-10, -5.772815e-10, -5.772815e-10, -4.008854e-10
61.400000, -4.892982e-10, -5.248547e-10, -5.248547e-10, -3.561151e-10
61.500000, -3.896261e-10, -4.802138e-10, -4.802137e-10, -2.427812e-10
61.600000, -4.002399e-10, -4.764680e-10, -4.764680e-10, -2.116109e-10
61.700000, -2.941103e-10, -4.646061e-10, -4.646061e-10, -1.247509e-10
61.800000, -3.154802e-10, -3.947424e-10, -3.947424e-10, -9.773324e-11
61.900000, -1.820336e-10, -3.603823e-10, -3.603823e-10, -5.225725e-11
62.000000, -2.324820e-10, -2.843812e-10, -2.843812e-10, -4.204361e-12
62.100000, -1.451546e-10, -2.648669e-10, -2.648669e-10, 6.760300e-11
62.200000, -1.830260e-10, -2.172155e-10, -2.172155e-10, 8.272885e-11
62.300000, -1.245066e-10, -2.161980e-10, -2.161980e-10, 1.393308e-10
62.400000, -1.729686e-10, -1.915942e-10, -1.915942e-10, 1.593226e-10
62.500000, -1.032969e-10, -1.614991e-10, -1.614991e-10, 2.016014e-10
62.600000, -1.515023e-10, -1.430246e-10, -1.430246e-10, 2.194636e-10
62.700000, -7.810510e-11, -1.113041e-10, -1.113041e-10, 2.629789e-10
62.800000, -1.210164e-10, -7.785459e-11, -7.785459e-11, 2.607001e-10
62.900000, -2.727627e-11, -5.527469e-11, -5.527469e-11, 3.085713e-10
63.000000, -9.003382e-11, -2.981536e-11, -2.981536e-11, 2.906791e-10
63.100000, -2.883753e-11, -2.890155e-11, -2.890155e-11, 3.053026e-10
63.200000, -1.009124e-10, -1.910130e-11, -1.910130e-11, 2.995628e-10
63.300000, -4.087195e-11, -1.929668e-11, -1.929668e-11, 3.221483e-10
63.400000, -9.028622e-11, -1.382864e-11, -1.382865e-11, 3.334436e-10
63.500000, -7.702719e-11, -3.129225e-11, -3.129225e-11, 3.384216e-10
63.600000, -1.220137e-10, -3.641958e-11, -3.641957e-11, 3.123424e-10
63.700000, -7.931880e-11, -4.718000e-11, -4.718000e-11, 3.083815e-10
63.800000, -1.448201e-10, -4.576576e-11, -4.576577e-11, 2.962233e-10
63.900000, -1.175734e-10, -6.793853e-11, -6.793853e-11, 2.981792e-10
64.000000, -1.886549e-10, -8.245198e-11, -8.245199e-11, 2.878435e-10
64.100000, -1.469408e-10, -9.061456e-11, -9.061456e-11, 2.871460e-10
64.200000, -2.075800e-10, -1.022652e-10, -1.022652e-10, 2.687482e-10
64.300000, -1.749260e-10, -1.224647e-10, -1.224646e-10, 2.700937e-10
64.400000, -2.521170e-10, -1.268435e-10, -1.268435e-10, 2.616515e-10
64.500000, -2.175358e-10, -1.447529e-10, -1.447529e-10, 2.672899e-10
64.600000, -2.799258e-10, -1.526270e-10, -1.526270e-10, 2.444384e-10
64.700000, -2.462671e-10, -1.764740e-10, -1.764740e-10, 2.443439e-10
64.800000, -3.076020e-10, -1.842728e-10, -1.842728e-10, 2.167691e-10
64.900000, -2.770910e-10, -1.970437e-10, -1.970437e-10, 2.109779e-10
65.000000, -3.386474e-10, -2.146017e-10, -2.146017e-10, 1.827876e-10
65.100000, -2.957060e-10, -2.321584e-10, -2.321584e-10, 1.787445e-10
65.200000, -3.489565e-10, -2.268316e-10, -2.268316e-10, 1.615912e-10
65.300000, -3.118114e-10, -2.420490e-10, -2.420490e-10, 1.540203e-10
65.400000, -3.590561e-10, -2.404663e-10, -2.404663e-10, 1.348805e-10
65.500000, -3.138607e-10, -2.447349e-10, -2.447349e-10, 1.377621e-10
65.600000, -3.720449e-10, -2.418323e-10, -2.418323e-10, 1.264307e-10
65.700000, -3.276803e-10, -2.484441e-10, -2.484441e-10, 1.347293e-10
65.800000, -3.732770e-10, -2.462763e-10, -2.462763e-10, 1.288606e-10
65.900000, -3.251803e-10, -2.498326e-10, -2.498326e-10, 1.296657e-10
66.000000, -3.703514e-10, -2.443159e-10, -2.443159e-10, 1.132055e-10
66.100000, -3.198078e-10, -2.429532e-10, -2.429532e-10, 1.140522e-10
66.200000, -3.554588e-10, -2.386978e-10, -2.386978e-10, 1.092829e-10
66.300000, -3.074250e-10, -2.344568e-10, -2.344568e-10, 1.158680e-10
66.400000, -3.441874e-10, -2.301312e-10, -2.301312e-10, 1.142068e-10
66.500000, -2.878695e-10, -2.288780e-10, -2.288780e-10, 1.212401e-10
66.600000, -3.214651e-10, -2.183009e-10, -2.183009e-10, 1.232045e-10
66.700000, -2.680508e-10, -2.126054e-10, -2.126054e-10, 1.364172e-10
66.800000, -3.000306e-10, -2.003611e-10, -2.003611e-10, 1.380976e-10
66.900000, -2.430658e-10, -1.910808e-10, -1.910808e-10, 1.523093e-10
67.000000, -2.733209e-10, -1.806142e-10, -1.806142e-10, 1.524185e-10
67.100000, -2.162782e-10, -1.723144e-10, -1.723144e-10, 1.617918e-10
67.200000, -2.479768e-10, -1.617990e-10, -1.617990e-10, 1.613087e-10
67.300000, -1.922376e-10, -1.536551e-10, -1.536551e-10, 1.707980e-10
67.400000, -2.222634e-10, -1.397606e-10, -1.397606e-10, 1.730183e-10
67.500000, -1.699785e-10, -1.338458e-10, -1.338459e-10, 1.836139e-10
67.600000, -1.987315e-10, -1.207565e-10, -1.207565e-10, 1.861029e-10
67.700000, -1.457036e-10, -1.132252e-10, -1.132253e-10, 1.923546e-10
67.800000, -1.779481e-10, -1.009092e-10, -1.009093e-10, 1.932794e-10
67.900000, -1.283843e-10, -9.490828e-11, -9.490827e-11, 2.029540e-10
68.000000, -1.587497e-10, -8.501755e-11, -8.501756e-11, 2.005508e-10
68.100000, -1.093343e-10, -8.041789e-11, -8.041789e-11, 2.104402e-10
68.200000, -1.386583e-10, -7.129606e-11, -7.129606e-11, 2.108583e-10
68.300000, -9.093872e-11, -6.677008e-11, -6.677009e-11, 2.163353e-10
68.400000, -1.227559e-10, -5.931661e-11, -5.931663e-11, 2.170960e-10
68.500000, -7.695375e-11, -5.602901e-11, -5.602900e-11, 2.203344e-10
68.600000, -1.110203e-10, -4.964392e-11, -4.964392e-11, 2.162987e-10
68.700000, -6.748673e-11, -4.931474e-11, -4.931475e-11, 2.216098e-10
68.800000, -1.014520e-10, -4.356141e-11, -4.356141e-11, 2.161362e-10
68.900000, -5.752126e-11, -4.206780e-11, -4.206781e-11, 2.204608e-10
69.000000, -9.366057e-11, -3.915930e-11, -3.915931e-11, 2.165738e-10
69.100000, -5.167881e-11, -4.002837e-11, -4.002838e-11, 2.208697e-10
69.200000, -8.805495e-11, -3.659581e-11, -3.659581e-11, 2.157769e-10
69.300000, -4.906002e-11, -3.820576e-11, -3.820576e-11, 2.176841e-10
69.400000, -8.364221e-11, -3.506165e-11, -3.506164e-11, 2.108053e-10
69.500000, -4.447517e-11, -3.739793e-11, -3.739792e-11, 2.109697e-10
69.600000, -8.144963e-11, -3.566993e-11, -3.566993e-11, 2.045674e-10
69.700000, -4.386241e-11, -3.758918e-11, -3.758918e-11, 2.037628e-10
69.800000, -7.877982e-11, -3.605151e-11, -3.605151e-11, 1.969270e-10
69.900000, -4.204442e-11, -3.868857e-11, -3.868857e-11, 1.990711e-10
70.000000, -7.770898e-11, -3.804526e-11, -3.804525e-11, 1.922635e-10
70.100000, -4.174322e-11, -4.081988e-11, -4.081989e-11, 1.932094e-10
70.200000, -7.610720e-11, -3.974998e-11, -3.974998e-11, 1.860861e-10
70.300000, -3.950953e-11, -4.224623e-11, -4.224623e-11, 1.859905e-10
70.400000, -7.453782e-11, -4.117075e-11, -4.117074e-11, 1.793875e-10
70.500000, -3.961852e-11, -4.367578e-11, -4.367579e-11, 1.800786e-10
70.600000, -7.352077e-11, -4.270543e-11, -4.270544e-11, 1.740815e-10
70.700000, -3.818404e-11, -4.533998e-11, -4.533999e-11, 1.742010e-10
70.800000, -7.287862e-11, -4.419441e-11, -4.419440e-11, 1.680673e-10
70.900000, -3.756453e-11, -4.608906e-11, -4.608907e-11, 1.690497e-10
71.000000, -7.092767e-11, -4.461982e-11, -4.461983e-11, 1.634604e-10
71.100000, -3.592886e-11, -4.621309e-11, -4.621309e-11, 1.640340e-10
71.200000, -6.818798e-11, -4.435374e-11, -4.435374e-11, 1.595862e-10
71.300000, -3.345417e-11, -4.527498e-11, -4.527498e-11, 1.609487e-10
71.400000, -6.460707e-11, -4.263292e-11, -4.263293e-11, 1.566285e-10
71.500000, -2.997300e-11, -4.361484e-11, -4.361485e-11, 1.584342e-10
71.600000, -6.132419e-11, -4.066741e-11, -4.066741e-11, 1.544810e-10
71.700000, -2.681332e-11, -4.114346e-11, -4.114347e-11, 1.565700e-10
71.800000, -5.729850e-11, -3.814367e-11, -3.814367e-11, 1.526767e-10
71.900000, -2.288642e-11, -3.815839e-11, -3.815839e-11, 1.552723e-10
72.000000, -5.280079e-11, -3.522592e-11, -3.522593e-11, 1.517062e-10
72.100000, -1.840202e-11, -3.517655e-11, -3.517655e-11, 1.544436e-10
72.200000, -4.712970e-11, -3.190388e-11, -3.190389e-11, 1.517397e-10
72.300000, -1.312525e-11, -3.137962e-11, -3.137961e-11, 1.545223e-10
72.400000, -4.155443e-11, -2.800989e-11, -2.800990e-11, 1.521427e-10
72.500000, -7.494790e-12, -2.727118e-11, -2.727118e-11, 1.550779e-10
72.600000, -3.573838e-11, -2.374744e-11, -2.374746e-11, 1.524634e-10
72.700000, -2.297430e-12, -2.316019e-11, -2.316020e-11, 1.551569e-10
72.800000, -3.027083e-11, -1.985405e-11, -1.985405e-11, 1.529532e-10
72.900000, 2.749918e-12, -1.925183e-11, -1.925182e-11, 1.557164e-10
73.000000, -2.529155e-11, -1.599379e-11, -1.599378e-11, 1.534746e-10
73.100000, 7.337495e-12, -1.547775e-11, -1.547776e-11, 1.564518e-10
73.200000, -2.031283e-11, -1.244040e-11, -1.244042e-11, 1.543176e-10
73.300000, 1.168193e-11, -1.214200e-11, -1.214201e-11, 1.571148e-10
73.400000, -1.598851e-11, -9.110400e-12, -9.110391e-12, 1.545806e-10
73.500000, 1.539020e-11, -9.070334e-12, -9.070332e-12, 1.570214e-10
73.600000, -1.223777e-11, -6.221371e-12, -6.221387e-12, 1.544884e-10
73.700000, 1.857890e-11, -6.558078e-12, -6.558082e-12, 1.570032e-10
73.800000, -9.117095e-12, -3.983823e-12, -3.983817e-12, 1.544395e-10
73.900000, 2.093320e-11, -4.433237e-12, -4.433224e-12, 1.562751e-10
74.000000, -6.532372e-12, -2.378406e-12, -2.378416e-12, 1.535839e-10
74.100000, 2.277224e-11, -3.127227e-12, -3.127230e-12, 1.554718e-10
74.200000, -5.090578e-12, -1.258536e-12, -1.258523e-12, 1.523390e-10
74.300000, 2.381038e-11, -2.315922e-12, -2.315918e-12, 1.539173e-10
74.400000, -3.803991e-12, -7.697261e-13, -7.697291e-13, 1.508547e-10
74.500000, 2.442988e-11, -1.972626e-12, -1.972620e-12, 1.522905e-10
74.600000, -3.140137e-12, -6.949102e-13, -6.949086e-13, 1.489350e-10
74.700000, 2.446537e-11, -1.996269e-12, -1.996262e-12, 1.499825e-10
74.800000, -3.008304e-12, -9.414822e-13, -9.414806e-13, 1.465114e-10
74.900000, 2.410066e-11, -2.387415e-12, -2.387410e-12, 1.474277e-10
75.000000, -3.440423e-12, -1.571370e-12, -1.571367e-12, 1.437915e-10
75.100000, 2.314785e-11, -3.287054e-12, -3.287051e-12, 1.445539e-10
75.200000, -4.145798e-12, -2.649147e-12, -2.649142e-12, 1.408759e-10
75.300000, 2.196230e-11, -4.553228e-12, -4.553224e-12, 1.415621e-10
75.400000, -5.276882e-12, -4.065460e-12, -4.065461e-12, 1.377778e-10
75.500000, 2.036502e-11, -6.047130e-12, -6.047134e-12, 1.381971e-10
75.600000, -6.787838e-12, -5.659527e-12, -5.659525e-12, 1.346008e-10
75.700000, 1.847520e-11, -7.711936e-12, -7.711932e-12, 1.349570e-10
75.800000, -8.315503e-12, -7.413992e-12, -7.413991e-12, 1.312262e-10
75.900000, 1.665251e-11, -9.427767e-12, -9.427774e-12, 1.315873e-10
76.000000, -1.000300e-11, -9.144908e-12, -9.144901e-12, 1.278821e-10
76.100000, 1.470721e-11, -1.114363e-11, -1.114362e-11, 1.282770e-10
76.200000, -1.163242e-11, -1.088332e-11, -1.088332e-11, 1.247484e-10
76.300000, 1.281982e-11, -1.284461e-11, -1.284461e-11, 1.251958e-10
76.400000, -1.312041e-11, -1.260876e-11, -1.260874e-11, 1.216897e-10
76.500000, 1.106125e-11, -1.454870e-11, -1.454870e-11, 1.221020e-10
76.600000, -1.463132e-11, -1.418320e-11, -1.418321e-11, 1.187799e-10
76.700000, 9.255457e-12, -1.598338e-11, -1.598338e-11, 1.192180e-10
76.800000, -1.603990e-11, -1.559244e-11, -1.559244e-11, 1.159646e-10
76.900000, 7.772055e-12, -1.735454e-11, -1.735455e-11, 1.164646e-10
77.000000, -1.717154e-11, -1.695076e-11, -1.695075e-11, 1.132655e-10
77.100000, 6.393690e-12, -1.856339e-11, -1.856340e-11, 1.137287e-10
77.200000, -1.826737e-11, -1.805302e-11, -1.805302e-11, 1.106013e-10
77.300000, 5.109682e-12, -1.958175e-11, -1.958175e-11, 1.111628e-10
77.400000, -1.915240e-11, -1.902722e-11, -1.902722e-11, 1.082429e-10
77.500000, 4.071716e-12, -2.046001e-11, -2.046001e-11, 1.088988e-10
77.600000, -1.986692e-11, -1.977783e-11, -1.977784e-11, 1.060812e-10
77.700000, 3.173591e-12, -2.111900e-11, -2.111900e-11, 1.068435e-10
77.800000, -2.048339e-11, -2.042839e-11, -2.042840e-11, 1.041248e-10
77.900000, 2.377302e-12, -2.170113e-11, -2.170113e-11, 1.048498e-10
78.000000, -2.092917e-11, -2.096851e-11, -2.096850e-11, 1.022565e-10
78.100000, 1.756146e-12, -2.216918e-11, -2.216918e-11, 1.030867e-10
78.200000, -2.124860e-11, -2.140136e-11, -2.140136e-11, 1.005949e-10
78.300000, 1.197282e-12, -2.253858e-11, -2.253857e-11, 1.013971e-10
78.400000, -2.156585e-11, -2.178410e-11, -2.178410e-11, 9.894175e-11
78.500000, 6.613078e-13, -2.292720e-11, -2.292720e-11, 9.978332e-11
78.600000, -2.184882e-11, -2.217868e-11, -2.217868e-11, 9.739646e-11
78.700000, 1.802160e-13, -2.330804e-11, -2.330804e-11, 9.827439e-11
78.800000, -2.208868e-11, -2.251320e-11, -2.251320e-11, 9.591969e-11
78.900000, -2.637219e-13, -2.357447e-11, -2.357446e-11, 9.675563e-11
79.000000, -2.230349e-11, -2.281341e-11, -2.281340e-11, 9.447026e-11
79.100000, -7.193300e-13, -2.385507e-11, -2.385507e-11, 9.530585e-11
79.200000, -2.249120e-11, -2.309679e-11, -2.309680e-11, 9.303209e-11
79.300000, -1.120881e-12, -2.412443e-11, -2.412443e-11, 9.384208e-11
79.400000, -2.269453e-11, -2.336757e-11, -2.336757e-11, 9.161283e-11
79.500000, -1.580046e-12, -2.438247e-11, -2.438247e-11, 9.238614e-11
79.600000, -2.293449e-11, -2.367295e-11, -2.367296e-11, 9.012971e-11
79.700000, -2.048535e-12, -2.471536e-11, -2.471536e-11, 9.085672e-11
79.800000, -2.316432e-11, -2.401892e-11, -2.401892e-11, 8.862120e-11
79.900000, -2.543264e-12, -2.503131e-11, -2.503131e-11, 8.937151e-11
80.000000, -2.345344e-11, -2.437361e-11, -2.437361e-11, 8.718136e-11
80.100000, -3.048038e-12, -2.538297e-11, -2.538296e-11, 8.786373e-11
80.200000, -2.377920e-11, -2.473589e-11, -2.473590e-11, 8.571024e-11
80.300000, -3.587904e-12, -2.575851e-11, -2.575851e-11, 8.639043e-11
80.400000, -2.409602e-11, -2.511023e-11, -2.511023e-11, 8.426293e-11
80.500000, -4.091294e-12, -2.612442e-11, -2.612441e-11, 8.493347e-11
80.600000, -2.438872e-11, -2.549639e-11, -2.549638e-11, 8.282675e-11
80.700000, -4.614437e-12, -2.649614e-11, -2.649615e-11, 8.348070e-11
80.800000, -2.468921e-11, -2.589600e-11, -2.589600e-11, 8.136813e-11
80.900000, -5.108099e-12, -2.687777e-11, -2.687778e-11, 8.202391e-11
81.000000, -2.500150e-11, -2.627850e-11, -2.627850e-11, 7.996200e-11
81.100000, -5.625753e-12, -2.725860e-11, -2.725860e-11, 8.061941e-11
81.200000, -2.530934e-11, -2.665992e-11, -2.665991e-11, 7.858942e-11
81.300000, -6.111813e-12, -2.760827e-11, -2.760827e-11, 7.919946e-11
81.400000, -2.556214e-11, -2.699900e-11, -2.699900e-11, 7.718765e-11
81.500000, -6.557971e-12, -2.791803e-11, -2.791803e-11, 7.780063e-11
81.600000, -2.578913e-11, -2.728041e-11, -2.728040e-11, 7.587775e-11
81.700000, -6.929327e-12, -2.816093e-11, -2.816092e-11, 7.652850e-11
81.800000, -2.592131e-11, -2.753119e-11, -2.753119e-11, 7.461744e-11
81.900000, -7.233975e-12, -2.837079e-11, -2.837079e-11, 7.526245e-11
82.000000, -2.602734e-11, -2.771881e-11, -2.771881e-11, 7.340645e-11
82.100000, -7.501887e-12, -2.852973e-11, -2.852972e-11, 7.405365e-11
82.200000, -2.606524e-11, -2.786821e-11, -2.786820e-11, 7.223222e-11
82.300000, -7.698647e-12, -2.864406e-11, -2.864405e-11, 7.289984e-11
82.400000, -2.604492e-11, -2.795735e-11, -2.795735e-11, 7.112037e-11
82.500000, -7.848568e-12, -2.869652e-11, -2.869652e-11, 7.178220e-11
82.600000, -2.596254e-11, -2.800599e-11, -2.800598e-11, 7.006476e-11
82.700000, -7.919228e-12, -2.870336e-11, -2.870337e-11, 7.073945e-11
82.800000, -2.583064e-11, -2.798913e-11, -2.798912e-11, 6.906610e-11
82.900000, -7.928219e-12, -2.865588e-11, -2.865588e-11, 6.976432e-11
83.000000, -2.562032e-11, -2.791427e-11, -2.791427e-11, 6.813667e-11
83.100000, -7.876242e-12, -2.854430e-11, -2.854429e-11, 6.884308e-11
83.200000, -2.537447e-11, -2.779404e-11, -2.779403e-11, 6.723966e-11
83.300000, -7.767861e-12, -2.840062e-11, -2.840062e-11, 6.794133e-11
83.400000, -2.506943e-11, -2.765279e-11, -2.765278e-11, 6.639403e-11
83.500000, -7.630894e-12, -2.823309e-11, -2.823309e-11, 6.710413e-11
83.600000, -2.475149e-11, -2.747861e-11, -2.747860e-11, 6.556271e-11
83.700000, -7.465587e-12, -2.803502e-11, -2.803503e-11, 6.627579e-11
83.800000, -2.439463e-11, -2.726999e-11, -2.726998e-11, 6.477421e-11
83.900000, -7.270491e-12, -2.780826e-11, -2.780826e-11, 6.548577e-11
84.000000, -2.401505e-11, -2.704498e-11, -2.704496e-11, 6.402144e-11
84.100000, -7.048646e-12, -2.755423e-11, -2.755422e-11, 6.473949e-11
84.200000, -2.360588e-11, -2.678241e-11, -2.678240e-11, 6.329962e-11
84.300000, -6.787558e-12, -2.728485e-11, -2.728485e-11, 6.401246e-11
84.400000, -2.317523e-11, -2.651848e-11, -2.651847e-11, 6.259698e-11
84.500000, -6.528343e-12, -2.700840e-11, -2.700839e-11, 6.329839e-11
84.600000, -2.275601e-11, -2.624840e-11, -2.624840e-11, 6.189202e-11
84.700000, -6.272377e-12, -2.673162e-11, -2.673161e-11, 6.258278e-11
84.800000, -2.233106e-11, -2.598619e-11, -2.598618e-11, 6.120216e-11
84.900000, -6.007040e-12, -2.646091e-11, -2.646091e-11, 6.187800e-11
85.000000, -2.191405e-11, -2.572280e-11, -2.572280e-11, 6.051507e-11
85.100000, -5.751793e-12, -2.618904e-11, -2.618904e-11, 6.118377e-11
85.200000, -2.149693e-11, -2.545518e-11, -2.545518e-11, 5.984857e-11
85.300000, -5.488792e-12, -2.590995e-11, -2.590996e-11, 6.051640e-11
85.400000, -2.107668e-11, -2.518447e-11, -2.518446e-11, 5.918950e-11
85.500000, -5.228485e-12, -2.563429e-11, -2.563430e-11, 5.983644e-11
85.600000, -2.067186e-11, -2.492042e-11, -2.492041e-11, 5.852115e-11
85.700000, -4.981782e-12, -2.536951e-11, -2.536951e-11, 5.916365e-11
85.800000, -2.028288e-11, -2.466880e-11, -2.466879e-11, 5.786018e-11
85.900000, -4.743324e-12, -2.511655e-11, -2.511655e-11, 5.849457e-11
86.000000, -1.989336e-11, -2.442857e-11, -2.442856e-11, 5.721858e-11
86.100000, -4.508909e-12, -2.486731e-11, -2.486731e-11, 5.783132e-11
86.200000, -1.951268e-11, -2.418809e-11, -2.418807e-11, 5.656168e-11
86.300000, -4.276850e-12, -2.462197e-11, -2.462197e-11, 5.716879e-11
86.400000, -1.913946e-11, -2.394543e-11, -2.394544e-11, 5.591834e-11
86.500000, -4.049845e-12, -2.437471e-11, -2.437471e-11, 5.652436e-11
86.600000, -1.876316e-11, -2.370588e-11, -2.370587e-11, 5.529350e-11
86.700000, -3.821022e-12, -2.412548e-11, -2.412548e-11, 5.588879e-11
86.800000, -1.839020e-11, -2.346712e-11, -2.346712e-11, 5.467038e-11
86.900000, -3.590330e-12, -2.388280e-11, -2.388280e-11, 5.525806e-11
87.000000, -1.801659e-11, -2.322952e-11, -2.322953e-11, 5.405283e-11
87.100000, -3.361164e-12, -2.363722e-11, -2.363722e-11, 5.463073e-11
87.200000, -1.765102e-11, -2.299130e-11, -2.299129e-11, 5.343975e-11
87.300000, -3.133759e-12, -2.339242e-11, -2.339242e-11, 5.401006e-11
87.400000, -1.728342e-11, -2.275309e-11, -2.275309e-11, 5.283937e-11
87.500000, -2.901254e-12, -2.314682e-11, -2.314681e-11, 5.340645e-11
87.600000, -1.691658e-11, -2.250821e-11, -2.250821e-11, 5.225066e-11
87.700000, -2.669171e-12, -2.289213e-11, -2.289213e-11, 5.281983e-11
87.800000, -1.654275e-11, -2.226069e-11, -2.226069e-11, 5.168615e-11
87.900000, -2.428608e-12, -2.263671e-11, -2.263671e-11, 5.224468e-11
88.000000, -1.616982e-11, -2.200997e-11, -2.200996e-11, 5.112365e-11
88.100000, -2.187367e-12, -2.237773e-11, -2.237773e-11, 5.167857e-11
88.200000, -1.579910e-11, -2.175495e-11, -2.175495e-11, 5.057667e-11
88.300000, -1.947151e-12, -2.211897e-11, -2.211897e-11, 5.112865e-11
88.400000, -1.542762e-11, -2.150191e-11, -2.150191e-11, 5.004013e-11
88.500000, -1.707837e-12, -2.185862e-11, -2.185862e-11, 5.058654e-11
88.600000, -1.505969e-11, -2.124835e-11, -2.124835e-11, 4.951310e-11
88.700000, -1.470299e-12, -2.159897e-11, -2.159897e-11, 5.005471e-11
88.800000, -1.469719e-11, -2.099403e-11, -2.099403e-11, 4.900112e-11
88.900000, -1.234208e-12, -2.133762e-11, -2.133761e-11, 4.953718e-11
89.000000, -1.433573e-11, -2.073653e-11, -2.073653e-11, 4.849505e-11
89.100000, -9.991356e-13, -2.107497e-11, -2.107497e-11, 4.902977e-11
89.200000, -1.397991e-11, -2.048063e-11, -2.048063e-11, 4.800394e-11
89.300000, -7.716131e-13, -2.081479e-11, -2.081478e-11, 4.853273e-11
89.400000, -1.363235e-11, -2.022820e-11, -2.022820e-11, 4.752255e-11
89.500000, -5.530338e-13, -2.055819e-11, -2.055819e-11, 4.804553e-11
89.600000, -1.329586e-11, -1.998070e-11, -1.998070e-11, 4.704606e-11
89.700000, -3.407240e-13, -2.030873e-11, -2.030873e-11, 4.756153e-11
89.800000, -1.296808e-11, -1.973754e-11, -1.973754e-11, 4.657159e-11
89.900000, -1.362720e-13, -2.006230e-11, -2.006231e-11, 4.708152e-11
90.000000, -1.264973e-11, -1.950026e-11, -1.950026e-11, 4.610707e-11
90.100000, 5.857921e-14, -1.982225e-11, -1.982225e-11, 4.661400e-11
90.200000, -1.234136e-11, -1.926729e-11, -1.926729e-11, 4.565014e-11
90.300000, 2.452761e-13, -1.958726e-11, -1.958725e-11, 4.614892e-11
90.400000, -1.204379e-11, -1.904143e-11, -1.904144e-11, 4.519722e-11
90.500000, 4.219545e-13, -1.935988e-11, -1.935988e-11, 4.568897e-11
90.600000, -1.175970e-11, -1.882299e-11, -1.882300e-11, 4.474708e-11
90.700000, 5.857330e-13, -1.914068e-11, -1.914067e-11, 4.522978e-11
90.800000, -1.148735e-11, -1.861238e-11, -1.861239e-11, 4.429576e-11
90.900000, 7.399904e-13, -1.892906e-11, -1.892906e-11, 4.477266e-11
91.000000, -1.122659e-11, -1.840938e-11, -1.840938e-11, 4.384742e-11
91.100000, 8.844656e-13, -1.872374e-11, -1.872374e-11, 4.431490e-11
91.200000, -1.097455e-11, -1.821220e-11, -1.821221e-11, 4.339981e-11
91.300000, 1.022431e-12, -1.852568e-11, -1.852567e-11, 4.386283e-11
91.400000, -1.072871e-11, -1.802270e-11, -1.802271e-11, 4.295668e-11
91.500000, 1.155832e-12, -1.833503e-11, -1.833504e-11, 4.341147e-11
91.600000, -1.049120e-11, -1.783983e-11, -1.783983e-11, 4.251437e-11
91.700000, 1.280225e-12, -1.815130e-11, -1.815130e-11, 4.296091e-11
91.800000, -1.026394e-11, -1.766537e-11, -1.766537e-11, 4.207151e-11
91.900000, 1.398221e-12, -1.797594e-11, -1.797594e-11, 4.250968e-11
92.000000, -1.004309e-11, -1.749711e-11, -1.749712e-11, 4.162585e-11
92.100000, 1.510197e-12, -1.780603e-11, -1.780603e-11, 4.205539e-11
92.200000, -9.829088e-12, -1.733588e-11, -1.733587e-11, 4.117951e-11
92.300000, 1.617239e-12, -1.764312e-11, -1.764312e-11, 4.160082e-11
92.400000, -9.620535e-12, -1.717927e-11, -1.717926e-11, 4.073186e-11
92.500000, 1.721390e-12, -1.748461e-11, -1.748461e-11, 4.114525e-11
92.600000, -9.415169e-12, -1.702762e-11, -1.702762e-11, 4.028252e-11
92.700000, 1.822826e-12, -1.733075e-11, -1.733076e-11, 4.068886e-11
92.800000, -9.214273e-12, -1.688039e-11, -1.688039e-11, 3.983352e-11
92.900000, 1.921633e-12, -1.718096e-11, -1.718095e-11, 4.023205e-11
93.000000, -9.014376e-12, -1.673666e-11, -1.673665e-11, 3.938418e-11
93.100000, 2.021068e-12, -1.703536e-11, -1.703537e-11, 3.977677e-11
93.200000, -8.817601e-12, -1.659706e-11, -1.659705e-11, 3.893557e-11
93.300000, 2.117172e-12, -1.689343e-11, -1.689344e-11, 3.932012e-11
93.400000, -8.624396e-12, -1.646053e-11, -1.646054e-11, 3.848709e-11
93.500000, 2.211611e-12, -1.675376e-11, -1.675375e-11, 3.886703e-11
93.600000, -8.435900e-12, -1.632619e-11, -1.632620e-11, 3.804351e-11
93.700000, 2.302036e-12, -1.661651e-11, -1.661649e-11, 3.841919e-11
93.800000, -8.250673e-12, -1.619390e-11, -1.619391e-11, 3.760528e-11
93.900000, 2.389704e-12, -1.648171e-11, -1.648170e-11, 3.797796e-11
94.000000, -8.069816e-12, -1.606544e-11, -1.606543e-11, 3.717417e-11
94.100000, 2.472898e-12, -1.635072e-11, -1.635072e-11, 3.754248e-11
94.200000, -7.894474e-12, -1.593941e-11, -1.593942e-11, 3.674771e-11
94.300000, 2.553576e-12, -1.622254e-11, -1.622253e-11, 3.711300e-11
94.400000, -7.725147e-12, -1.581623e-11, -1.581624e-11, 3.632887e-11
94.500000, 2.624904e-12, -1.609617e-11, -1.609617e-11, 3.669164e-11
94.600000, -7.566616e-12, -1.569501e-11, -1.569503e-11, 3.591932e-11
94.700000, 2.689315e-12, -1.597295e-11, -1.597294e-11, 3.628114e-11
94.800000, -7.413474e-12, -1.557676e-11, -1.557677e-11, 3.552052e-11
94.900000, 2.746360e-12, -1.585159e-11, -1.585160e-11, 3.588325e-11
95.000000, -7.274447e-12, -1.546024e-11, -1.546025e-11, 3.513454e-11
95.100000, 2.787555e-12, -1.573246e-11, -1.573246e-11, 3.549437e-11
95.200000, -7.152668e-12, -1.534569e-11, -1.534569e-11, 3.475737e-11
95.300000, 2.814529e-12, -1.561526e-11, -1.561526e-11, 3.511986e-11
95.400000, -7.043465e-12, -1.523244e-11, -1.523244e-11, 3.439503e-11
95.500000, 2.831009e-12, -1.549907e-11, -1.549907e-11, 3.475711e-11
95.600000, -6.945925e-12, -1.512110e-11, -1.512110e-11, 3.404562e-11
95.700000, 2.834722e-12, -1.538572e-11, -1.538572e-11, 3.440912e-11
95.800000, -6.861576e-12, -1.501254e-11, -1.501255e-11, 3.371080e-11
95.900000, 2.826479e-12, -1.527433e-11, -1.527434e-11, 3.407552e-11
96.000000, -6.793741e-12, -1.490517e-11, -1.490517e-11, 3.338916e-11
96.100000, 2.802688e-12, -1.516467e-11, -1.516467e-11, 3.375668e-11
96.200000, -6.737340e-12, -1.480040e-11, -1.480041e-11, 3.308517e-11
96.300000, 2.771098e-12, -1.505785e-11, -1.505785e-11, 3.345406e-11
96.400000, -6.689666e-12, -1.469789e-11, -1.469790e-11, 3.279283e-11
96.500000, 2.736048e-12, -1.495272e-11, -1.495271e-11, 3.315833e-11
96.600000, -6.639774e-12, -1.459685e-11, -1.459686e-11, 3.250335e-11
96.700000, 2.703376e-12, -1.484948e-11, -1.484947e-11, 3.286386e-11
96.800000, -6.589465e-12, -1.449791e-11, -1.449791e-11, 3.221648e-11
96.900000, 2.677591e-12, -1.474827e-11, -1.474827e-11, 3.257307e-11
97.000000, -6.533316e-12, -1.440031e-11, -1.440032e-11, 3.192923e-11
97.100000, 2.651948e-12, -1.464731e-11, -1.464731e-11, 3.227693e-11
97.200000, -6.476633e-12, -1.430271e-11, -1.430271e-11, 3.163480e-11
97.300000, 2.635676e-12, -1.454727e-11, -1.454727e-11, 3.197520e-11
97.400000, -6.406193e-12, -1.420674e-11, -1.420675e-11, 3.133649e-11
97.500000, 2.632742e-12, -1.444829e-11, -1.444829e-11, 3.166583e-11
97.600000, -6.323684e-12, -1.411087e-11, -1.411086e-11, 3.102223e-11
97.700000, 2.648025e-12, -1.434960e-11, -1.434960e-11, 3.133630e-11
97.800000, -6.221564e-12, -1.401490e-11, -1.401490e-11, 3.068733e-11
97.900000, 2.683701e-12, -1.425002e-11, -1.425002e-11, 3.098330e-11
98.000000, -6.096203e-12, -1.391833e-11, -1.391834e-11, 3.032854e-11
98.100000, 2.744279e-12, -1.415111e-11, -1.415111e-11, 3.061205e-11
98.200000, -5.951261e-12, -1.382290e-11, -1.382290e-11, 2.995742e-11
98.300000, 2.824532e-12, -1.405239e-11, -1.405239e-11, 3.023107e-11
98.400000, -5.782021e-12, -1.372705e-11, -1.372705e-11, 2.957239e-11
98.500000, 2.930808e-12, -1.395400e-11, -1.395401e-11, 2.983404e-11
98.600000, -5.589698e-12, -1.363180e-11, -1.363181e-11, 2.917409e-11
98.700000, 3.063132e-12, -1.385576e-11, -1.385576e-11, 2.942125e-11
98.800000, -5.373182e-12, -1.353553e-11, -1.353554e-11, 2.875782e-11
98.900000, 3.216976e-12, -1.375602e-11, -1.375602e-11, 2.899238e-11
99.000000, -5.136454e-12, -1.343880e-11, -1.343881e-11, 2.832354e-11
99.100000, 3.391119e-12, -1.365654e-11, -1.365655e-11, 2.854290e-11
99.200000, -4.878872e-12, -1.334200e-11, -1.334201e-11, 2.787151e-11
99.300000, 3.585304e-12, -1.355757e-11, -1.355757e-11, 2.808284e-11
99.400000, -4.609026e-12, -1.324631e-11, -1.324632e-11, 2.741480e-11
99.500000, 3.787847e-12, -1.345951e-11, -1.345950e-11, 2.762577e-11
99.600000, -4.333485e-12, -1.315196e-11, -1.315198e-11, 2.696426e-11
99.700000, 3.993703e-12, -1.336382e-11, -1.336382e-11, 2.717293e-11
99.800000, -4.060575e-12, -1.305974e-11, -1.305976e-11, 2.652497e-11
99.900000, 4.190475e-12, -1.326870e-11, -1.326871e-11, 2.674027e-11
100.000000, -3.807641e-12, -1.296595e-11, -1.296595e-11, 2.610622e-11
100.100000, 4.354622e-12, -1.317033e-11, -1.317033e-11, 2.633073e-11
100.200000, -3.595647e-12, -1.287009e-11, -1.287011e-11, 2.571924e-11
100.300000, 4.477849e-12, -1.307342e-11, -1.307342e-11, 2.596014e-11
100.400000, -3.428606e-12, -1.277741e-11, -1.277740e-11, 2.537637e-11
100.500000, 4.551002e-12, -1.297892e-11, -1.297893e-11, 2.563786e-11
100.600000, -3.316611e-12, -1.268531e-11, -1.268531e-11, 2.508564e-11
100.700000, 4.567834e-12, -1.288390e-11, -1.288391e-11, 2.537051e-11
100.800000, -3.265835e-12, -1.259236e-11, -1.259236e-11, 2.485545e-11
100.900000, 4.517388e-12, -1.278848e-11, -1.278848e-11, 2.517378e-11
101.000000, -3.288631e-12, -1.249923e-11, -1.249924e-11, 2.469924e-11
101.100000, 4.388823e-12, -1.269362e-11, -1.269362e-11, 2.505195e-11
101.200000, -3.394412e-12, -1.240884e-11, -1.240884e-11, 2.462347e-11
101.300000, 4.180243e-12, -1.260224e-11, -1.260224e-11, 2.501209e-11
101.400000, -3.571240e-12, -1.232055e-11, -1.232054e-11, 2.462670e-11
101.500000, 3.907942e-12, -1.251245e-11, -1.251246e-11, 2.504993e-11
101.600000, -3.812277e-12, -1.223460e-11, -1.223461e-11, 2.469709e-11
101.700000, 3.572843e-12, -1.242627e-11, -1.242627e-11, 2.514260e-11
101.800000, -4.114240e-12, -1.215323e-11, -1.215324e-11, 2.482448e-11
101.900000, 3.181019e-12, -1.234454e-11, -1.234454e-11, 2.529370e-11
102.000000, -4.466214e-12, -1.207444e-11, -1.207446e-11, 2.500141e-11
102.100000, 2.751544e-12, -1.226473e-11, -1.226473e-11, 2.548509e-11
102.200000, -4.840665e-12, -1.199927e-11, -1.199928e-11, 2.521414e-11
102.300000, 2.310754e-12, -1.218877e-11, -1.218879e-11, 2.570523e-11
102.400000, -5.224076e-12, -1.192544e-11, -1.192545e-11, 2.543851e-11
102.500000, 1.868223e-12, -1.211242e-11, -1.211242e-11, 2.592672e-11
102.600000, -5.601172e-12, -1.185166e-11, -1.185167e-11, 2.566322e-11
102.700000, 1.438294e-12, -1.203502e-11, -1.203503e-11, 2.613628e-11
102.800000, -5.958907e-12, -1.177514e-11, -1.177514e-11, 2.585573e-11
102.900000, 1.041159e-12, -1.195604e-11, -1.195604e-11, 2.629638e-11
103.000000, -6.261268e-12, -1.169824e-11, -1.169825e-11, 2.598549e-11
103.100000, 7.267497e-13, -1.187541e-11, -1.187541e-11, 2.638457e-11
103.200000, -6.466648e-12, -1.161635e-11, -1.161636e-11, 2.603191e-11
103.300000, 5.202991e-13, -1.178817e-11, -1.178817e-11, 2.638058e-11
103.400000, -6.546313e-12, -1.152887e-11, -1.152887e-11, 2.597891e-11
103.500000, 4.525349e-13, -1.169631e-11, -1.169632e-11, 2.625269e-11
103.600000, -6.487862e-12, -1.143696e-11, -1.143696e-11, 2.576723e-11
103.700000, 5.377258e-13, -1.159956e-11, -1.159956e-11, 2.595140e-11
103.800000, -6.254208e-12, -1.133902e-11, -1.133902e-11, 2.538859e-11
103.900000, 8.085168e-13, -1.149684e-11, -1.149684e-11, 2.547820e-11
104.000000, -5.820879e-12, -1.123601e-11, -1.123602e-11, 2.481995e-11
104.100000, 1.296572e-12, -1.139070e-11, -1.139071e-11, 2.480738e-11
104.200000, -5.165556e-12, -1.113125e-11, -1.113125e-11, 2.404935e-11
104.300000, 2.008874e-12, -1.128359e-11, -1.128359e-11, 2.392845e-11
104.400000, -4.285627e-12, -1.102587e-11, -1.102588e-11, 2.307049e-11
104.500000, 2.946584e-12, -1.117761e-11, -1.117762e-11, 2.284946e-11
104.600000, -3.186459e-12, -1.092339e-11, -1.092339e-11, 2.190459e-11
104.700000, 4.087232e-12, -1.107318e-11, -1.107320e-11, 2.159227e-11
104.800000, -1.904443e-12, -1.082204e-11, -1.082204e-11, 2.057057e-11
104.900000, 5.389900e-12, -1.096855e-11, -1.096855e-11, 2.017972e-11
105.000000, -4.836415e-13, -1.071914e-11, -1.071914e-11, 1.909546e-11
105.100000, 6.800723e-12, -1.086714e-11, -1.086715e-11, 1.865877e-11
105.200000, 9.865366e-13, -1.062107e-11, -1.062108e-11, 1.756797e-11
105.300000, 8.203885e-12, -1.076858e-11, -1.076858e-11, 1.713939e-11
105.400000, 2.415731e-12, -1.052805e-11, -1.052806e-11, 1.607565e-11
105.500000, 9.530203e-12, -1.067692e-11, -1.067693e-11, 1.569280e-11
105.600000, 3.714958e-12, -1.043878e-11, -1.043879e-11, 1.470307e-11
105.700000, 1.066984e-11, -1.058449e-11, -1.058450e-11, 1.441196e-11
105.800000, 4.781313e-12, -1.034938e-11, -1.034938e-11, 1.354035e-11
105.900000, 1.154083e-11, -1.049479e-11, -1.049478e-11, 1.338318e-11
106.000000, 5.526407e-12, -1.026143e-11, -1.026144e-11, 1.268490e-11
106.100000, 1.202274e-11, -1.040484e-11, -1.040485e-11, 1.272001e-11
106.200000, 5.832877e-12, -1.017467e-11, -1.017467e-11, 1.224443e-11
106.300000, 1.203636e-11, -1.031854e-11, -1.031855e-11, 1.251412e-11
106.400000, 5.635223e-12, -1.009225e-11, -1.009225e-11, 1.229234e-11
106.500000, 1.151409e-11, -1.023841e-11, -1.023841e-11, 1.282578e-11
106.600000, 4.871778e-12, -1.001672e-11, -1.001673e-11, 1.288449e-11
106.700000, 1.040716e-11, -1.016275e-11, -1.016276e-11, 1.369868e-11
106.800000, 3.522898e-12, -9.945021e-12, -9.945025e-12, 1.404394e-11
106.900000, 8.724666e-12, -1.009152e-11, -1.009152e-11, 1.513518e-11
107.000000, 1.619642e-12, -9.877632e-12, -9.877637e-12, 1.575345e-11
107.100000, 6.522533e-12, -1.002556e-11, -1.002557e-11, 1.709320e-11
107.200000, -7.579191e-13, -9.816009e-12, -9.816018e-12, 1.793928e-11
107.300000, 3.900364e-12, -9.962285e-12, -9.962287e-12, 1.946902e-11
107.400000, -3.496574e-12, -9.756518e-12, -9.756526e-12, 2.048611e-11
107.500000, 9.763687e-13, -9.904926e-12, -9.904931e-12, 2.215520e-11
107.600000, -6.477090e-12, -9.704570e-12, -9.704575e-12, 2.330828e-11
107.700000, -2.144003e-12, -9.855494e-12, -9.855496e-12, 2.508691e-11
107.800000, -9.651578e-12, -9.656961e-12, -9.656965e-12, 2.629522e-11
107.900000, -5.423480e-12, -9.803547e-12, -9.803546e-12, 2.812221e-11
108.000000, -1.292409e-11, -9.606912e-12, -9.606913e-12, 2.939686e-11
108.100000, -8.783372e-12, -9.753233e-12, -9.753234e-12, 3.126881e-11
108.200000, -1.626822e-11, -9.558514e-12, -9.558515e-12, 3.258276e-11
108.300000, -1.219769e-11, -9.703224e-12, -9.703230e-12, 3.448085e-11
108.400000, -1.965487e-11, -9.509711e-12, -9.509716e-12, 3.582095e-11
108.500000, -1.564420e-11, -9.652382e-12, -9.652387e-12, 3.773553e-11
108.600000, -2.306721e-11, -9.459816e-12, -9.459821e-12, 3.909446e-11
108.700000, -1.910993e-11, -9.600116e-12, -9.600125e-12, 4.101926e-11
108.800000, -2.649279e-11, -9.408225e-12, -9.408226e-12, 4.239010e-11
108.900000, -2.258135e-11, -9.546231e-12, -9.546233e-12, 4.431815e-11
109.000000, -2.991807e-11, -9.354987e-12, -9.354983e-12, 4.569427e-11
109.100000, -2.604677e-11, -9.490566e-12, -9.490577e-12, 4.761969e-11
109.200000, -3.333382e-11, -9.300494e-12, -9.300494e-12, 4.899598e-11
109.300000, -2.949937e-11, -9.433520e-12, -9.433522e-12, 5.091463e-11
109.400000, -3.673444e-11, -9.243046e-12, -9.243050e-12, 5.228770e-11
109.500000, -3.293368e-11, -9.373378e-12, -9.373377e-12, 5.419686e-11
109.600000, -4.011499e-11, -9.183543e-12, -9.183546e-12, 5.556425e-11
109.700000, -3.634569e-11, -9.311660e-12, -9.311666e-12, 5.746178e-11
109.800000, -4.347192e-11, -9.122676e-12, -9.122673e-12, 5.882132e-11
109.900000, -3.973192e-11, -9.248834e-12, -9.248838e-12, 6.070484e-11
110.000000, -4.680135e-11, -9.060910e-12, -9.060911e-12, 6.205369e-11
110.100000, -4.308741e-11, -9.185442e-12, -9.185442e-12, 6.392020e-11
110.200000, -5.009685e-11, -8.998974e-12, -8.998984e-12, 6.525531e-11
110.300000, 5.649004e-11, -1.288655e-13, -1.288686e-13, -5.378003e-11
110.400000, 4.896806e-11, 2.400371e-14, 2.400445e-14, -5.182432e-11
110.500000, 5.206926e-11, -1.300187e-13, -1.300219e-13, -4.936850e-11
110.600000, 4.461930e-11, 2.118486e-14, 2.118410e-14, -4.744284e-11
110.700000, 4.771215e-11, -1.319517e-13, -1.319569e-13, -4.502301e-11
110.800000, 4.033712e-11, 1.718373e-14, 1.718457e-14, -4.313016e-11
110.900000, 4.342457e-11, -1.353904e-13, -1.353917e-13, -4.074902e-11
111.000000, 3.612589e-11, 1.149766e-14, 1.149342e-14, -3.889141e-11
111.100000, 3.920972e-11, -1.407156e-13, -1.407262e-13, -3.655091e-11
111.200000, 3.198833e-11, 3.693911e-15, 3.690743e-15, -3.473028e-11
111.300000, 3.507028e-11, -1.486032e-13, -1.486073e-13, -3.243205e-11
111.400000, 2.792758e-11, -7.612440e-15, -7.623445e-15, -3.065036e-11
111.500000, 3.101028e-11, -1.598468e-13, -1.598550e-13, -2.839661e-11
111.600000, 2.394806e-11, -2.072513e-14, -2.072470e-14, -2.665657e-11
111.700000, 2.703421e-11, -1.726943e-13, -1.727018e-13, -2.445072e-11
111.800000, 2.005542e-11, -3.589803e-14, -3.590418e-14, -2.275667e-11
111.900000, 2.314985e-11, -1.874823e-13, -1.874810e-13, -2.060372e-11
112.000000, 1.625966e-11, -5.298159e-14, -5.297947e-14, -1.896131e-11
112.100000, 1.936887e-11, -2.041930e-13, -2.041933e-13, -1.686714e-11
112.200000, 1.257227e-11, -7.168102e-14, -7.167539e-14, -1.528204e-11
112.300000, 1.570148e-11, -2.221725e-13, -2.221748e-13, -1.325166e-11
112.400000, 9.003773e-12, -9.139094e-14, -9.139769e-14, -1.172979e-11
112.500000, 1.216171e-11, -2.407364e-13, -2.407343e-13, -9.771188e-12
112.600000, 5.573122e-12, -1.109821e-13, -1.109852e-13, -8.323788e-12
112.700000, 8.774735e-12, -2.578604e-13, -2.578675e-13, -6.453446e-12
112.800000, 2.302112e-12, -1.291845e-13, -1.291819e-13, -5.104484e-12
112.900000, 5.562327e-12, -2.774899e-13, -2.774897e-13, -3.323572e-12
113.000000, -7.382211e-13, -1.499200e-13, -1.499172e-13, -2.060296e-12
113.100000, 2.610816e-12, -2.931252e-13, -2.931220e-13, -4.246673e-13
113.200000, -3.518590e-12, -1.633134e-13, -1.633145e-13, 6.792756e-13
113.300000, -4.119079e-14, -3.018595e-13, -3.018556e-13, 2.145318e-12
113.400000, -5.946636e-12, -1.713888e-13, -1.713838e-13, 3.061288e-12
113.500000, -2.289866e-12, -3.088824e-13, -3.088861e-13, 4.314816e-12
113.600000, -7.921360e-12, -1.773221e-13, -1.773237e-13, 4.994846e-12
113.700000, -4.040646e-12, -3.108818e-13, -3.108825e-13, 5.987148e-12
113.800000, -9.362448e-12, -1.787074e-13, -1.787050e-13, 6.395830e-12
113.900000, -5.232854e-12, -3.093004e-13, -3.092973e-13, 7.107641e-12
114.000000, -1.023292e-11, -1.765085e-13, -1.764980e-13, 7.240062e-12
114.100000, -5.853395e-12, -3.047136e-13, -3.047116e-13, 7.675772e-12
114.200000, -1.054037e-11, -1.707075e-13, -1.707069e-13, 7.545446e-12
114.300000, -5.936517e-12, -2.943429e-13, -2.943492e-13, 7.728481e-12
114.400000, -1.034561e-11, -1.599030e-13, -1.598983e-13, 7.367475e-12
114.500000, -5.554145e-12, -2.807381e-13, -2.807361e-13, 7.331727e-12
114.600000, -9.724964e-12, -1.465765e-13, -1.465721e-13, 6.775282e-12
114.700000, -4.779521e-12, -2.668889e-13, -2.668885e-13, 6.565730e-12
114.800000, -8.763169e-12, -1.343202e-13, -1.343162e-13, 5.864631e-12
114.900000, -3.731083e-12, -2.525589e-13, -2.525516e-13, 5.539505e-12
115.000000, -7.579634e-12, -1.204699e-13, -1.204624e-13, 4.748258e-12
115.100000, -2.497150e-12, -2.392627e-13, -2.392575e-13, 4.349273e-12
115.200000, -6.255389e-12, -1.082236e-13, -1.082106e-13, 3.510727e-12
115.300000, -1.176491e-12, -2.234103e-13, -2.234157e-13, 3.081707e-12
115.400000, -4.893990e-12, -9.058932e-14, -9.058875e-14, 2.239870e-12
115.500000, 1.478138e-13, -2.039324e-13, -2.039363e-13, 1.815681e-12
115.600000, -3.559206e-12, -7.137732e-14, -7.137628e-14, 1.001167e-12
115.700000, 1.393979e-12, -1.810895e-13, -1.810790e-13, 6.302605e-13
115.800000, -2.354545e-12, -5.029223e-14, -5.028897e-14, -1.073264e-13
115.900000, 2.483895e-12, -1.606731e-13, -1.606740e-13, -3.971711e-13
116.000000, -1.324747e-12, -3.043990e-14, -3.043341e-14, -1.047025e-12
116.100000, 3.382406e-12, -1.402530e-13, -1.402484e-13, -1.246610e-12
116.200000, -5.015632e-13, -1.018439e-14, -1.018795e-14, -1.802069e-12
116.300000, 4.062322e-12, -1.182174e-13, -1.182153e-13, -1.906035e-12
116.400000, 1.007260e-13, 1.010111e-14, 1.010870e-14, -2.358055e-12
116.500000, 4.524929e-12, -9.767101e-14, -9.767046e-14, -2.361820e-12
116.600000, 4.892436e-13, 2.858978e-14, 2.858754e-14, -2.713369e-12
116.700000, 4.778517e-12, -7.962113e-14, -7.962104e-14, -2.625271e-12
116.800000, 6.761040e-13, 4.312471e-14, 4.313062e-14, -2.882869e-12
116.900000, 4.848642e-12, -6.688448e-14, -6.687797e-14, -2.712200e-12
117.000000, 6.948011e-13, 5.162327e-14, 5.162802e-14, -2.894211e-12
117.100000, 4.761928e-12, -6.015662e-14, -6.014881e-14, -2.647647e-12
117.200000, 5.786864e-13, 5.515549e-14, 5.515642e-14, -2.750594e-12
117.300000, 4.555187e-12, -5.788100e-14, -5.787180e-14, -2.443226e-12
117.400000, 3.440462e-13, 5.414449e-14, 5.414872e-14, -2.499541e-12
117.500000, 4.242721e-12, -6.096902e-14, -6.095883e-14, -2.154446e-12
117.600000, 2.100713e-14, 4.693072e-14, 4.694607e-14, -2.171659e-12
117.700000, 3.852538e-12, -6.871740e-14, -6.871985e-14, -1.797589e-12
117.800000, -3.659426e-13, 3.802070e-14, 3.802557e-14, -1.786648e-12
117.900000, 3.422904e-12, -7.702070e-14, -7.701879e-14, -1.392482e-12
118.000000, -7.718426e-13, 2.750702e-14, 2.751273e-14, -1.365590e-12
118.100000, 2.986011e-12, -8.788369e-14, -8.787515e-14, -9.668440e-13
118.200000, -1.178734e-12, 1.591862e-14, 1.592413e-14, -9.418332e-13
118.300000, 2.553395e-12, -9.884967e-14, -9.884442e-14, -5.491768e-13
118.400000, -1.574102e-12, 3.846661e-15, 3.855019e-15, -5.268279e-13
118.500000, 2.138124e-12, -1.087614e-13, -1.087551e-13, -1.490698e-13
118.600000, -1.950022e-12, -5.048806e-15, -5.048304e-15, -1.438050e-13
118.700000, 1.751355e-12, -1.157320e-13, -1.157247e-13, 2.134236e-13
118.800000, -2.284505e-12, -1.246529e-14, -1.245187e-14, 1.982844e-13
118.900000, 1.415702e-12, -1.206444e-13, -1.206457e-13, 5.275883e-13
119.000000, -2.562544e-12, -1.629210e-14, -1.628203e-14, 4.851517e-13
119.100000, 1.139055e-12, -1.218739e-13, -1.218663e-13, 7.884939e-13
119.200000, -2.780479e-12, -1.724635e-14, -1.724093e-14, 7.214010e-13
119.300000, 9.225803e-13, -1.213039e-13, -1.212920e-13, 9.890656e-13
119.400000, -2.939176e-12, -1.714128e-14, -1.713180e-14, 8.892922e-13
119.500000, 7.703743e-13, -1.192394e-13, -1.192339e-13, 1.121193e-12
119.600000, -3.026634e-12, -1.438691e-14, -1.438047e-14, 9.872601e-13
119.700000, 6.906064e-13, -1.151486e-13, -1.151440e-13, 1.185553e-12
119.800000, -3.046412e-12, -1.146408e-14, -1.145882e-14, 1.023118e-12
119.900000, 6.734365e-13, -1.115047e-13, -1.114929e-13, 1.189541e-12
120.000000, -3.009364e-12, -9.176303e-15, -9.168347e-15, 1.002348e-12
120.100000, 7.069008e-13, -1.088163e-13, -1.088203e-13, 1.146070e-12
120.200000, -2.926187e-12, -7.580941e-15, -7.576360e-15, 9.395539e-13
120.300000, 7.844423e-13, -1.058980e-13, -1.058837e-13, 1.063512e-12
120.400000, -2.803306e-12, -4.260362e-15, -4.252348e-15, 8.415115e-13
120.500000, 8.964764e-13, -1.005943e-13, -1.005861e-13, 9.497327e-13
120.600000, -2.649468e-12, 4.289678e-17, 4.693468e-17, 7.169858e-13
120.700000, 1.038679e-12, -9.718610e-14, -9.718384e-14, 8.158327e-13
120.800000, -2.472406e-12, 1.402653e-15, 1.404639e-15, 5.799395e-13
120.900000, 1.192991e-12, -9.530510e-14, -9.530043e-14, 6.716850e-13
121.000000, -2.291984e-12, 3.049228e-15, 3.058944e-15, 4.330547e-13
121.100000, 1.344884e-12, -9.186124e-14, -9.186088e-14, 5.251435e-13
121.200000, -2.118492e-12, 6.374788e-15, 6.380376e-15, 2.896884e-13
121.300000, 1.487591e-12, -8.757849e-14, -8.756912e-14, 3.805172e-13
121.400000, -1.955873e-12, 1.019837e-14, 1.020285e-14, 1.508299e-13
121.500000, 1.615985e-12, -8.260152e-14, -8.259688e-14, 2.465519e-13
121.600000, -1.813355e-12, 1.413806e-14, 1.413875e-14, 2.739878e-14
121.700000, 1.723430e-12, -7.799158e-14, -7.798129e-14, 1.337122e-13
121.800000, -1.690636e-12, 1.798161e-14, 1.798598e-14, -7.280726e-14
121.900000, 1.810996e-12, -7.404381e-14, -7.404028e-14, 4.144750e-14
122.000000, -1.588255e-12, 2.022613e-14, 2.022914e-14, -1.542734e-13
122.100000, 1.875922e-12, -7.137967e-14, -7.138134e-14, -3.068171e-14
122.200000, -1.509277e-12, 2.215393e-14, 2.215276e-14, -2.176439e-13
122.300000, 1.919690e-12, -6.852943e-14, -6.852468e-14, -8.712882e-14
122.400000, -1.453125e-12, 2.391802e-14, 2.392702e-14, -2.632773e-13
122.500000, 1.941866e-12, -6.651999e-14, -6.651631e-14, -1.276522e-13
122.600000, -1.414264e-12, 2.530836e-14, 2.531795e-14, -2.964131e-13
122.700000, 1.946561e-12, -6.418218e-14, -6.417384e-14, -1.539516e-13
122.800000, -1.396439e-12, 2.660469e-14, 2.661106e-14, -3.109768e-13
122.900000, 1.931359e-12, -6.298571e-14, -6.298386e-14, -1.574655e-13
123.000000, -1.395584e-12, 2.643836e-14, 2.644523e-14, -3.030838e-13
123.100000, 1.899474e-12, -6.252263e-14, -6.252276e-14, -1.412966e-13
123.200000, -1.409763e-12, 2.587263e-14, 2.587315e-14, -2.764514e-13
123.300000, 1.857180e-12, -6.266945e-14, -6.267052e-14, -1.098014e-13
123.400000, -1.434612e-12, 2.524857e-14, 2.525302e-14, -2.409965e-13
123.500000, 1.803477e-12, -6.242534e-14, -6.242338e-14, -7.275126e-14
123.600000, -1.466996e-12, 2.453153e-14, 2.453394e-14, -1.988620e-13
123.700000, 1.748709e-12, -6.301230e-14, -6.301129e-14, -2.803148e-14
123.800000, -1.499691e-12, 2.307534e-14, 2.308004e-14, -1.503701e-13
123.900000, 1.688643e-12, -6.354108e-14, -6.354315e-14, 1.923215e-14
124.000000, -1.538014e-12, 2.216050e-14, 2.215538e-14, -1.027478e-13
124.100000, 1.627647e-12, -6.339306e-14, -6.338779e-14, 6.642696e-14
124.200000, -1.578325e-12, 2.152547e-14, 2.152168e-14, -5.373195e-14
124.300000, 1.564059e-12, -6.342632e-14, -6.342243e-14, 1.135875e-13
124.400000, -1.616244e-12, 2.105707e-14, 2.105792e-14, -8.082200e-15
124.500000, 1.506581e-12, -6.273417e-14, -6.273818e-14, 1.535536e-13
124.600000, -1.648320e-12, 2.147621e-14, 2.147633e-14, 2.692827e-14
124.700000, 1.456966e-12, -6.153583e-14, -6.153572e-14, 1.821429e-13
124.800000, -1.669302e-12, 2.187042e-14, 2.186587e-14, 5.338880e-14
124.900000, 1.418541e-12, -6.055223e-14, -6.055022e-14, 2.033633e-13
125.000000, -1.682004e-12, 2.239790e-14, 2.239297e-14, 7.123204e-14
125.100000, 1.388461e-12, -5.906424e-14, -5.906369e-14, 2.162692e-13
125.200000, -1.686320e-12, 2.348440e-14, 2.348201e-14, 8.144212e-14
125.300000, 1.365337e-12, -5.748804e-14, -5.749144e-14, 2.224883e-13
125.400000, -1.684140e-12, 2.403205e-14, 2.403049e-14, 8.555547e-14
125.500000, 1.349945e-12, -5.616558e-14, -5.616347e-14, 2.209154e-13
125.600000, -1.672688e-12, 2.471054e-14, 2.471242e-14, 8.268980e-14
125.700000, 1.344932e-12, -5.476403e-14, -5.476438e-14, 2.158771e-13
125.800000, -1.651782e-12, 2.556837e-14, 2.557489e-14, 7.595014e-14
125.900000, 1.347526e-12, -5.361337e-14, -5.361891e-14, 2.048281e-13
126.000000, -1.627467e-12, 2.611184e-14, 2.611557e-14, 6.422754e-14
126.100000, 1.351276e-12, -5.199204e-14, -5.199848e-14, 1.897552e-13
126.200000, -1.600485e-12, 2.742000e-14, 2.742607e-14, 4.774325e-14
126.300000, 1.360084e-12, -5.016133e-14, -5.016453e-14, 1.710806e-13
126.400000, -1.569200e-12, 2.855921e-14, 2.855993e-14, 2.881160e-14
126.500000, 1.369953e-12, -4.816672e-14, -4.817392e-14, 1.506111e-13
126.600000, -1.538591e-12, 3.008574e-14, 3.008491e-14, 9.621988e-15
126.700000, 1.380575e-12, -4.571939e-14, -4.571757e-14, 1.306411e-13
126.800000, -1.507795e-12, 3.236362e-14, 3.236204e-14, -1.024229e-14
126.900000, 1.390549e-12, -4.284084e-14, -4.283917e-14, 1.090399e-13
127.000000, -1.478156e-12, 3.459052e-14, 3.458512e-14, -3.075600e-14
127.100000, 1.399386e-12, -4.018686e-14, -4.018354e-14, 8.736142e-14
127.200000, -1.448931e-12, 3.618047e-14, 3.617754e-14, -5.133566e-14
127.300000, 1.406959e-12, -3.842710e-14, -3.843358e-14, 6.689578e-14
127.400000, -1.422427e-12, 3.694501e-14, 3.695720e-14, -6.998380e-14
127.500000, 1.412982e-12, -3.709453e-14, -3.709816e-14, 4.842116e-14
127.600000, -1.397204e-12, 3.770477e-14, 3.770188e-14, -8.587424e-14
127.700000, 1.416811e-12, -3.599355e-14, -3.599456e-14, 3.312600e-14
127.800000, -1.376385e-12, 3.801163e-14, 3.800649e-14, -9.822632e-14
127.900000, 1.416027e-12, -3.525832e-14, -3.526284e-14, 2.096382e-14
128.000000, -1.358581e-12, 3.802624e-14, 3.802352e-14, -1.086561e-13
128.100000, 1.413278e-12, -3.459076e-14, -3.459091e-14, 1.112649e-14
128.200000, -1.343275e-12, 3.809344e-14, 3.809069e-14, -1.150357e-13
128.300000, 1.407130e-12, -3.431285e-14, -3.432184e-14, 5.823467e-15
128.400000, -1.331486e-12, 3.753267e-14, 3.752681e-14, -1.183690e-13
128.500000, 1.399138e-12, -3.437210e-14, -3.437330e-14, 2.908220e-15
128.600000, -1.320904e-12, 3.697241e-14, 3.697075e-14, -1.185763e-13
128.700000, 1.389625e-12, -3.429410e-14, -3.430165e-14, 2.959622e-15
128.800000, -1.312654e-12, 3.657341e-14, 3.657182e-14, -1.165060e-13
128.900000, 1.377574e-12, -3.390446e-14, -3.390475e-14, 5.162563e-15
129.000000, -1.306018e-12, 3.655182e-14, 3.654489e-14, -1.118450e-13
129.100000, 1.365321e-12, -3.346515e-14, -3.346534e-14, 9.867765e-15
129.200000, -1.299942e-12, 3.633870e-14, 3.633468e-14, -1.063582e-13
129.300000, 1.351679e-12, -3.309675e-14, -3.310522e-14, 1.431028e-14
129.400000, -1.296674e-12, 3.621380e-14, 3.621567e-14, -1.011421e-13
129.500000, 1.335555e-12, -3.277132e-14, -3.277318e-14, 1.854678e-14
129.600000, -1.295427e-12, 3.589418e-14, 3.589002e-14, -9.606129e-14
129.700000, 1.317915e-12, -3.264265e-14, -3.264410e-14, 2.271184e-14
129.800000, -1.294162e-12, 3.538911e-14, 3.538885e-14, -9.135160e-14
129.900000, 1.301356e-12, -3.269048e-14, -3.269520e-14, 2.655262e-14
130.000000, -1.292321e-12, 3.478927e-14, 3.478396e-14, -8.603578e-14
130.100000, 1.285586e-12, -3.278696e-14, -3.279015e-14, 3.170456e-14
130.200000, -1.289242e-12, 3.414494e-14, 3.414101e-14, -7.935824e-14
130.300000, 1.271127e-12, -3.287590e-14, -3.288137e-14, 3.708642e-14
130.400000, -1.285757e-12, 3.360261e-14, 3.360013e-14, -7.406656e-14
130.500000, 1.257025e-12, -3.291470e-14, -3.292274e-14, 4.114932e-14
130.600000, -1.281550e-12, 3.291278e-14, 3.291204e-14, -6.957166e-14
130.700000, 1.244119e-12, -3.316157e-14, -3.316831e-14, 4.421209e-14
130.800000, -1.276493e-12, 3.216735e-14, 3.215573e-14, -6.624202e-14
130.900000, 1.232617e-12, -3.340915e-14, -3.341017e-14, 4.625254e-14
131.000000, -1.269289e-12, 3.143916e-14, 3.144262e-14, -6.347362e-14
131.100000, 1.223072e-12, -3.350876e-14, -3.351753e-14, 4.771461e-14
131.200000, -1.260779e-12, 3.094170e-14, 3.093719e-14, -6.166404e-14
131.300000, 1.215174e-12, -3.344688e-14, -3.344285e-14, 4.844018e-14
131.400000, -1.251089e-12, 3.072625e-14, 3.071257e-14, -6.094298e-14
131.500000, 1.208305e-12, -3.301838e-14, -3.302145e-14, 4.737050e-14
131.600000, -1.240325e-12, 3.063230e-14, 3.062906e-14, -6.155913e-14
131.700000, 1.201958e-12, -3.252968e-14, -3.253999e-14, 4.550285e-14
131.800000, -1.229395e-12, 3.072487e-14, 3.071981e-14, -6.315131e-14
131.900000, 1.196837e-12, -3.202126e-14, -3.202836e-14, 4.264944e-14
132.000000, -1.217078e-12, 3.063642e-14, 3.063543e-14, -6.553823e-14
132.100000, 1.192456e-12, -3.170265e-14, -3.170894e-14, 3.929513e-14
132.200000, -1.204712e-12, 3.044639e-14, 3.044077e-14, -6.832905e-14
132.300000, 1.188464e-12, -3.141375e-14, -3.142435e-14, 3.561081e-14
132.400000, -1.191798e-12, 3.035208e-14, 3.035460e-14, -7.109533e-14
132.500000, 1.184876e-12, -3.093143e-14, -3.093577e-14, 3.218604e-14
132.600000, -1.179179e-12, 3.032075e-14, 3.030389e-14, -7.338140e-14
132.700000, 1.180885e-12, -3.052761e-14, -3.052919e-14, 2.929260e-14
132.800000, -1.167124e-12, 3.024796e-14, 3.024336e-14, -7.566782e-14
132.900000, 1.176278e-12, -3.017530e-14, -3.017949e-14, 2.611994e-14
133.000000, -1.155742e-12, 3.006719e-14, 3.006893e-14, -7.805591e-14
133.100000, 1.171551e-12, -2.996858e-14, -2.997254e-14, 2.319260e-14
133.200000, -1.144675e-12, 2.981440e-14, 2.980660e-14, -7.969103e-14
133.300000, 1.166024e-12, -2.971509e-14, -2.971610e-14, 2.119290e-14
133.400000, -1.134680e-12, 2.962475e-14, 2.962849e-14, -8.069755e-14
133.500000, 1.159786e-12, -2.947371e-14, -2.948133e-14, 1.964835e-14
133.600000, -1.125284e-12, 2.939758e-14, 2.939414e-14, -8.121860e-14
133.700000, 1.153060e-12, -2.925856e-14, -2.925889e-14, 1.858546e-14
133.800000, -1.116638e-12, 2.914579e-14, 2.913889e-14, -8.126015e-14
133.900000, 1.145786e-12, -2.912454e-14, -2.912637e-14, 1.812118e-14
134.000000, -1.108411e-12, 2.880153e-14, 2.879383e-14, -8.073067e-14
134.100000, 1.138351e-12, -2.905456e-14, -2.905923e-14, 1.831410e-14
134.200000, -1.100459e-12, 2.839382e-14, 2.839222e-14, -7.938180e-14
134.300000, 1.130686e-12, -2.904864e-14, -2.905304e-14, 1.919085e-14
134.400000, -1.092884e-12, 2.794769e-14, 2.794251e-14, -7.763508e-14
134.500000, 1.122762e-12, -2.906528e-14, -2.906316e-14, 2.032959e-14
134.600000, -1.085786e-12, 2.746863e-14, 2.746748e-14, -7.557938e-14
134.700000, 1.114444e-12, -2.915086e-14, -2.916494e-14, 2.188834e-14
134.800000, -1.079116e-12, 2.691711e-14, 2.691802e-14, -7.311836e-14
134.900000, 1.105828e-12, -2.928270e-14, -2.928364e-14, 2.364921e-14
135.000000, -1.072829e-12, 2.637958e-14, 2.637429e-14, -7.056349e-14
135.100000, 1.097058e-12, -2.941426e-14, -2.941819e-14, 2.561151e-14
135.200000, -1.066800e-12, 2.579525e-14, 2.579495e-14, -6.780625e-14
135.300000, 1.088008e-12, -2.956226e-14, -2.957214e-14, 2.778629e-14
135.400000, -1.061195e-12, 2.527686e-14, 2.527977e-14, -6.489123e-14
135.500000, 1.078712e-12, -2.961216e-14, -2.961745e-14, 2.993204e-14
135.600000, -1.055857e-12, 2.483719e-14, 2.483682e-14, -6.212768e-14
135.700000, 1.069279e-12, -2.964444e-14, -2.964386e-14, 3.202553e-14
135.800000, -1.050679e-12, 2.438857e-14, 2.438537e-14, -5.935016e-14
135.900000, 1.059967e-12, -2.969029e-14, -2.969146e-14, 3.401872e-14
136.000000, -1.045452e-12, 2.394210e-14, 2.393829e-14, -5.678161e-14
136.100000, 1.050877e-12, -2.970007e-14, -2.970824e-14, 3.578387e-14
136.200000, -1.039971e-12, 2.356054e-14, 2.355276e-14, -5.444327e-14
136.300000, 1.042092e-12, -2.967089e-14, -2.966977e-14, 3.731279e-14
136.400000, -1.034344e-12, 2.321247e-14, 2.321318e-14, -5.238118e-14
136.500000, 1.033569e-12, -2.957639e-14, -2.957522e-14, 3.857634e-14
136.600000, -1.028591e-12, 2.292824e-14, 2.292814e-14, -5.065457e-14
136.700000, 1.025232e-12, -2.944861e-14, -2.945471e-14, 3.948149e-14
136.800000, -1.022722e-12, 2.268661e-14, 2.267675e-14, -4.921712e-14
136.900000, 1.017229e-12, -2.927994e-14, -2.928301e-14, 4.010579e-14
137.000000, -1.016614e-12, 2.247545e-14, 2.247384e-14, -4.805031e-14
137.100000, 1.009538e-12, -2.908522e-14, -2.908738e-14, 4.046920e-14
137.200000, -1.010266e-12, 2.229548e-14, 2.229749e-14, -4.720822e-14
137.300000, 1.002196e-12, -2.885533e-14, -2.885520e-14, 4.053949e-14
137.400000, -1.003643e-12, 2.217007e-14, 2.216530e-14, -4.661246e-14
137.500000, 9.952333e-13, -2.856919e-14, -2.857022e-14, 4.038161e-14
137.600000, -9.967904e-13, 2.210297e-14, 2.209876e-14, -4.621335e-14
137.700000, 9.885159e-13, -2.824445e-14, -2.825062e-14, 4.006718e-14
137.800000, -9.898418e-13, 2.204711e-14, 2.204677e-14, -4.588332e-14
137.900000, 9.819670e-13, -2.791627e-14, -2.792405e-14, 3.975326e-14
138.000000, -9.828377e-13, 2.200711e-14, 2.200490e-14, -4.563642e-14
138.100000, 9.755615e-13, -2.756931e-14, -2.757188e-14, 3.935988e-14
138.200000, -9.758226e-13, 2.199181e-14, 2.198856e-14, -4.539635e-14
138.300000, 9.693034e-13, -2.720662e-14, -2.721775e-14, 3.897943e-14
138.400000, -9.686951e-13, 2.199053e-14, 2.198313e-14, -4.515033e-14
138.500000, 9.631818e-13, -2.684699e-14, -2.684985e-14, 3.859952e-14
138.600000, -9.616187e-13, 2.199301e-14, 2.198680e-14, -4.488296e-14
138.700000, 9.570910e-13, -2.646870e-14, -2.647938e-14, 3.831228e-14
138.800000, -9.546006e-13, 2.200516e-14, 2.200269e-14, -4.448846e-14
138.900000, 9.510439e-13, -2.609291e-14, -2.609972e-14, 3.811731e-14
139.000000, -9.476173e-13, 2.202349e-14, 2.202449e-14, -4.407548e-14
139.100000, 9.449716e-13, -2.571589e-14, -2.571531e-14, 3.793751e-14
139.200000, -9.408645e-13, 2.204411e-14, 2.204430e-14, -4.366900e-14
139.300000, 9.387540e-13, -2.534064e-14, -2.534621e-14, 3.772330e-14
139.400000, -9.342613e-13, 2.206720e-14, 2.206185e-14, -4.326896e-14
139.500000, 9.325468e-13, -2.496689e-14, -2.497100e-14, 3.755014e-14
139.600000, -9.277615e-13, 2.208552e-14, 2.208728e-14, -4.283825e-14
139.700000, 9.263030e-13, -2.460434e-14, -2.460277e-14, 3.742102e-14
139.800000, -9.213463e-13, 2.210862e-14, 2.210461e-14, -4.230760e-14
139.900000, 9.200586e-13, -2.425080e-14, -2.425302e-14, 3.740101e-14
140.000000, -9.150916e-13, 2.208901e-14, 2.208663e-14, -4.176463e-14
140.100000, 9.137284e-13, -2.393177e-14, -2.392797e-14, 3.737540e-14
140.200000, -9.089838e-13, 2.205700e-14, 2.205235e-14, -4.118152e-14
140.300000, 9.073402e-13, -2.364038e-14, -2.364435e-14, 3.741598e-14
140.400000, -9.030338e-13, 2.197385e-14, 2.196949e-14, -4.054663e-14
140.500000, 9.009246e-13, -2.339120e-14, -2.339647e-14, 3.751262e-14
140.600000, -8.971205e-13, 2.187652e-14, 2.187443e-14, -3.984791e-14
140.700000, 8.945505e-13, -2.317141e-14, -2.317550e-14, 3.767343e-14
140.800000, -8.913046e-13, 2.175782e-14, 2.175644e-14, -3.909778e-14
140.900000, 8.881640e-13, -2.295838e-14, -2.295955e-14, 3.785317e-14
141.000000, -8.855373e-13, 2.163831e-14, 2.163930e-14, -3.835571e-14
141.100000, 8.818174e-13, -2.274498e-14, -2.274587e-14, 3.803036e-14
141.200000, -8.798410e-13, 2.151704e-14, 2.150736e-14, -3.767318e-14
141.300000, 8.755197e-13, -2.255411e-14, -2.255449e-14, 3.811731e-14
141.400000, -8.741560e-13, 2.137958e-14, 2.137487e-14, -3.706593e-14
141.500000, 8.692458e-13, -2.236107e-14, -2.236566e-14, 3.813022e-14
141.600000, -8.685431e-13, 2.124803e-14, 2.124564e-14, -3.653413e-14
141.700000, 8.630227e-13, -2.217562e-14, -2.218158e-14, 3.809083e-14
141.800000, -8.629157e-13, 2.110747e-14, 2.110413e-14, -3.605896e-14
141.900000, 8.569039e-13, -2.199274e-14, -2.199087e-14, 3.800179e-14
142.000000, -8.572842e-13, 2.097172e-14, 2.097004e-14, -3.564207e-14
142.100000, 8.508911e-13, -2.180525e-14, -2.181645e-14, 3.787131e-14
142.200000, -8.515908e-13, 2.083286e-14, 2.082798e-14, -3.524781e-14
142.300000, 8.450449e-13, -2.163154e-14, -2.163588e-14, 3.772104e-14
142.400000, -8.458168e-13, 2.069533e-14, 2.069179e-14, -3.488846e-14
142.500000, 8.393123e-13, -2.146075e-14, -2.145733e-14, 3.750307e-14
142.600000, -8.400434e-13, 2.055335e-14, 2.055547e-14, -3.462022e-14
142.700000, 8.336676e-13, -2.128931e-14, -2.128923e-14, 3.722349e-14
142.800000, -8.342556e-13, 2.041735e-14, 2.040705e-14, -3.438498e-14
142.900000, 8.280861e-13, -2.113111e-14, -2.112960e-14, 3.691820e-14
143.000000, -8.284756e-13, 2.026855e-14, 2.026265e-14, -3.418632e-14
143.100000, 8.225896e-13, -2.095378e-14, -2.095838e-14, 3.659366e-14
143.200000, -8.227129e-13, 2.014002e-14, 2.013858e-14, -3.401628e-14
143.300000, 8.171363e-13, -2.077807e-14, -2.078419e-14, 3.623065e-14
143.400000, -8.169802e-13, 2.001950e-14, 2.002081e-14, -3.388144e-14
143.500000, 8.117319e-13, -2.058586e-14, -2.059225e-14, 3.585196e-14
143.600000, -8.112692e-13, 1.991512e-14, 1.991382e-14, -3.376104e-14
143.700000, 8.063858e-13, -2.039560e-14, -2.039528e-14, 3.543213e-14
143.800000, -8.055723e-13, 1.980917e-14, 1.980409e-14, -3.369498e-14
143.900000, 8.010973e-13, -2.020557e-14, -2.021319e-14, 3.499491e-14
144.000000, -7.999053e-13, 1.969901e-14, 1.970031e-14, -3.363933e-14
144.100000, 7.958335e-13, -2.002165e-14, -2.002795e-14, 3.455094e-14
144.200000, -7.942848e-13, 1.959301e-14, 1.958957e-14, -3.358596e-14
144.300000, 7.906177e-13, -1.983691e-14, -1.984084e-14, 3.412728e-14
144.400000, -7.886993e-13, 1.948344e-14, 1.948508e-14, -3.349696e-14
144.500000, 7.854292e-13, -1.965245e-14, -1.966285e-14, 3.374525e-14
144.600000, -7.831457e-13, 1.938182e-14, 1.938249e-14, -3.337436e-14
144.700000, 7.802865e-13, -1.947262e-14, -1.947644e-14, 3.337150e-14
144.800000, -7.776347e-13, 1.927846e-14, 1.927326e-14, -3.325999e-14
144.900000, 7.751521e-13, -1.929464e-14, -1.929194e-14, 3.302896e-14
145.000000, -7.721895e-13, 1.917155e-14, 1.916516e-14, -3.311099e-14
145.100000, 7.700138e-13, -1.912439e-14, -1.912482e-14, 3.271420e-14
145.200000, -7.668201e-13, 1.905532e-14, 1.905749e-14, -3.293841e-14
145.300000, 7.648803e-13, -1.895101e-14, -1.895286e-14, 3.242819e-14
145.400000, -7.615177e-13, 1.894635e-14, 1.894669e-14, -3.273090e-14
145.500000, 7.597503e-13, -1.878651e-14, -1.878588e-14, 3.217236e-14
145.600000, -7.562872e-13, 1.883148e-14, 1.883106e-14, -3.251097e-14
145.700000, 7.546056e-13, -1.863079e-14, -1.862761e-14, 3.191781e-14
145.800000, -7.511323e-13, 1.870782e-14, 1.870697e-14, -3.227928e-14
145.900000, 7.494761e-13, -1.847906e-14, -1.848229e-14, 3.169826e-14
146.000000, -7.460212e-13, 1.858242e-14, 1.858471e-14, -3.202625e-14
146.100000, 7.443592e-13, -1.832038e-14, -1.832566e-14, 3.150714e-14
146.200000, -7.409812e-13, 1.846242e-14, 1.846558e-14, -3.175644e-14
146.300000, 7.392306e-13, -1.818542e-14, -1.818457e-14, 3.132002e-14
146.400000, -7.360049e-13, 1.833043e-14, 1.832666e-14, -3.148309e-14
146.500000, 7.341409e-13, -1.804220e-14, -1.804575e-14, 3.114687e-14
146.600000, -7.310518e-13, 1.820725e-14, 1.820532e-14, -3.119994e-14
146.700000, 7.290658e-13, -1.790764e-14, -1.790512e-14, 3.096901e-14
146.800000, -7.261588e-13, 1.806682e-14, 1.806985e-14, -3.094264e-14
146.900000, 7.240084e-13, -1.777909e-14, -1.778605e-14, 3.077820e-14
147.000000, -7.212896e-13, 1.793726e-14, 1.794518e-14, -3.067679e-14
147.100000, 7.189933e-13, -1.765865e-14, -1.766057e-14, 3.058193e-14
147.200000, -7.164647e-13, 1.779491e-14, 1.779601e-14, -3.042833e-14
147.300000, 7.140136e-13, -1.753236e-14, -1.753380e-14, 3.039449e-14
147.400000, -7.116534e-13, 1.765133e-14, 1.765360e-14, -3.018364e-14
147.500000, 7.090743e-13, -1.741938e-14, -1.742537e-14, 3.019370e-14
147.600000, -7.068609e-13, 1.750834e-14, 1.750993e-14, -2.995367e-14
147.700000, 7.041870e-13, -1.730512e-14, -1.730752e-14, 2.998273e-14
147.800000, -7.020870e-13, 1.737294e-14, 1.736997e-14, -2.973231e-14
147.900000, 6.993455e-13, -1.719397e-14, -1.719163e-14, 2.976646e-14
148.000000, -6.973238e-13, 1.722393e-14, 1.722400e-14, -2.952786e-14
148.100000, 6.945488e-13, -1.708341e-14, -1.708488e-14, 2.954571e-14
148.200000, -6.925861e-13, 1.708796e-14, 1.708231e-14, -2.933530e-14
148.300000, 6.897996e-13, -1.697319e-14, -1.697537e-14, 2.930055e-14
148.400000, -6.878521e-13, 1.694789e-14, 1.694807e-14, -2.913790e-14
148.500000, 6.850932e-13, -1.685658e-14, -1.685752e-14, 2.907247e-14
148.600000, -6.831527e-13, 1.681557e-14, 1.681315e-14, -2.895738e-14
148.700000, 6.804153e-13, -1.674105e-14, -1.674500e-14, 2.883146e-14
148.800000, -6.784802e-13, 1.668223e-14, 1.667849e-14, -2.878910e-14
148.900000, 6.757700e-13, -1.662543e-14, -1.663063e-14, 2.858339e-14
149.000000, -6.738230e-13, 1.655753e-14, 1.655007e-14, -2.862473e-14
149.100000, 6.711795e-13, -1.650828e-14, -1.650611e-14, 2.832258e-14
149.200000, -6.691803e-13, 1.642966e-14, 1.643177e-14, -2.846490e-14
149.300000, 6.666163e-13, -1.639573e-14, -1.639789e-14, 2.806957e-14
149.400000, -6.645721e-13, 1.630297e-14, 1.629992e-14, -2.832268e-14
149.500000, 6.620892e-13, -1.627906e-14, -1.628148e-14, 2.780594e-14
149.600000, -6.599858e-13, 1.617902e-14, 1.617998e-14, -2.817105e-14
149.700000, 6.575945e-13, -1.616302e-14, -1.616582e-14, 2.754289e-14
149.800000, -6.554227e-13, 1.605865e-14, 1.605893e-14, -2.802462e-14
149.900000, 6.531306e-13, -1.604791e-14, -1.605453e-14, 2.729751e-14
150.000000, -6.508980e-13, 1.593685e-14, 1.593433e-14, -2.787016e-14
150.100000, 6.486864e-13, -1.593366e-14, -1.593803e-14, 2.705679e-14
150.200000, -6.463890e-13, 1.581724e-14, 1.581816e-14, -2.770492e-14
150.300000, 6.442804e-13, -1.581824e-14, -1.582187e-14, 2.682461e-14
150.400000, -6.419273e-13, 1.569605e-14, 1.569714e-14, -2.754291e-14
150.500000, 6.398842e-13, -1.570794e-14, -1.571536e-14, 2.660102e-14
150.600000, -6.375029e-13, 1.557976e-14, 1.557980e-14, -2.737538e-14
150.700000, 6.355121e-13, -1.559668e-14, -1.559618e-14, 2.637938e-14
150.800000, -6.330994e-13, 1.546909e-14, 1.546527e-14, -2.719730e-14
150.900000, 6.311668e-13, -1.548316e-14, -1.547887e-14, 2.616854e-14
151.000000, -6.287412e-13, 1.534809e-14, 1.534977e-14, -2.701434e-14
151.100000, 6.268349e-13, -1.537022e-14, -1.537493e-14, 2.597078e-14
151.200000, -6.244140e-13, 1.523591e-14, 1.523469e-14, -2.682841e-14
151.300000, 6.225233e-13, -1.526148e-14, -1.526258e-14, 2.577640e-14
151.400000, -6.201226e-13, 1.512177e-14, 1.512106e-14, -2.663744e-14
151.500000, 6.182388e-13, -1.515040e-14, -1.515059e-14, 2.558890e-14
151.600000, -6.158581e-13, 1.500954e-14, 1.500697e-14, -2.644899e-14
151.700000, 6.139668e-13, -1.503856e-14, -1.503841e-14, 2.540159e-14
151.800000, -6.116237e-13, 1.489411e-14, 1.489704e-14, -2.625656e-14
151.900000, 6.097283e-13, -1.493809e-14, -1.493671e-14, 2.522410e-14
152.000000, -6.074144e-13, 1.478418e-14, 1.478173e-14, -2.605243e-14
152.100000, 6.055183e-13, -1.482818e-14, -1.482376e-14, 2.505228e-14
152.200000, -6.032388e-13, 1.467315e-14, 1.467362e-14, -2.585334e-14
152.300000, 6.013258e-13, -1.472186e-14, -1.472279e-14, 2.488217e-14
152.400000, -5.990923e-13, 1.456002e-14, 1.455812e-14, -2.565144e-14
152.500000, 5.971660e-13, -1.460480e-14, -1.460562e-14, 2.472992e-14
152.600000, -5.949530e-13, 1.445944e-14, 1.445865e-14, -2.543781e-14
152.700000, 5.930343e-13, -1.449991e-14, -1.450244e-14, 2.456532e-14
152.800000, -5.908525e-13, 1.435087e-14, 1.435415e-14, -2.523711e-14
152.900000, 5.889151e-13, -1.439971e-14, -1.440099e-14, 2.440994e-14
153.000000, -5.867865e-13, 1.423637e-14, 1.423434e-14, -2.504684e-14
153.100000, 5.848210e-13, -1.430699e-14, -1.430919e-14, 2.422622e-14
153.200000, -5.827384e-13, 1.411955e-14, 1.412031e-14, -2.485666e-14
153.300000, 5.807608e-13, -1.420453e-14, -1.420597e-14, 2.405915e-14
153.400000, -5.787147e-13, 1.401555e-14, 1.401793e-14, -2.465920e-14
153.500000, 5.767191e-13, -1.410114e-14, -1.410548e-14, 2.390366e-14
153.600000, -5.747240e-13, 1.389914e-14, 1.390405e-14, -2.447801e-14
153.700000, 5.727002e-13, -1.400509e-14, -1.401061e-14, 2.374221e-14
153.800000, -5.707477e-13, 1.380185e-14, 1.379338e-14, -2.427864e-14
153.900000, 5.687125e-13, -1.390423e-14, -1.390300e-14, 2.357810e-14
154.000000, -5.667893e-13, 1.369565e-14, 1.369963e-14, -2.409638e-14
154.100000, 5.647556e-13, -1.380372e-14, -1.380378e-14, 2.341709e-14
154.200000, -5.628561e-13, 1.359736e-14, 1.359493e-14, -2.391041e-14
154.300000, 5.608316e-13, -1.369200e-14, -1.369025e-14, 2.326974e-14
154.400000, -5.589311e-13, 1.350669e-14, 1.350954e-14, -2.371648e-14
154.500000, 5.569322e-13, -1.359273e-14, -1.359564e-14, 2.310126e-14
154.600000, -5.550427e-13, 1.341142e-14, 1.340741e-14, -2.354098e-14
154.700000, 5.530530e-13, -1.349330e-14, -1.349505e-14, 2.294300e-14
154.800000, -5.511664e-13, 1.330850e-14, 1.330569e-14, -2.335649e-14
154.900000, 5.491897e-13, -1.339322e-14, -1.339498e-14, 2.277947e-14
155.000000, -5.473250e-13, 1.320737e-14, 1.320551e-14, -2.318512e-14
155.100000, 5.453660e-13, -1.329372e-14, -1.329402e-14, 2.262024e-14
155.200000, -5.435023e-13, 1.310731e-14, 1.310480e-14, -2.301077e-14
155.300000, 5.415560e-13, -1.319452e-14, -1.319717e-14, 2.245913e-14
155.400000, -5.397161e-13, 1.299284e-14, 1.299244e-14, -2.285216e-14
155.500000, 5.377486e-13, -1.311761e-14, -1.312532e-14, 2.227970e-14
155.600000, -5.359426e-13, 1.289584e-14, 1.289283e-14, -2.268305e-14
155.700000, 5.339908e-13, -1.301488e-14, -1.302247e-14, 2.212466e-14
155.800000, -5.321847e-13, 1.280226e-14, 1.279909e-14, -2.250642e-14
155.900000, 5.302490e-13, -1.292225e-14, -1.292550e-14, 2.197133e-14
156.000000, -5.284514e-13, 1.270617e-14, 1.270299e-14, -2.233720e-14
156.100000, 5.265474e-13, -1.280328e-14, -1.280976e-14, 2.183283e-14
156.200000, -5.247265e-13, 1.263123e-14, 1.262879e-14, -2.215223e-14
156.300000, 5.228569e-13, -1.270841e-14, -1.270919e-14, 2.168108e-14
156.400000, -5.210355e-13, 1.254336e-14, 1.254228e-14, -2.198185e-14
156.500000, 5.191797e-13, -1.261266e-14, -1.261393e-14, 2.153662e-14
156.600000, -5.173555e-13, 1.246546e-14, 1.245661e-14, -2.179453e-14
156.700000, 5.155370e-13, -1.250114e-14, -1.250244e-14, 2.140583e-14
156.800000, -5.137104e-13, 1.237778e-14, 1.237393e-14, -2.161987e-14
156.900000, 5.119108e-13, -1.240565e-14, -1.240694e-14, 2.125550e-14
157.000000, -5.100934e-13, 1.228223e-14, 1.228459e-14, -2.145067e-14
157.100000, 5.082927e-13, -1.231171e-14, -1.231742e-14, 2.110805e-14
157.200000, -5.064894e-13, 1.219860e-14, 1.219775e-14, -2.128011e-14
157.300000, 5.046975e-13, -1.222089e-14, -1.222596e-14, 2.096220e-14
157.400000, -5.029162e-13, 1.210450e-14, 1.210318e-14, -2.111946e-14
157.500000, 5.011292e-13, -1.212739e-14, -1.212995e-14, 2.081220e-14
157.600000, -4.993619e-13, 1.201563e-14, 1.201776e-14, -2.095833e-14
157.700000, 4.975835e-13, -1.203866e-14, -1.203719e-14, 2.066860e-14
157.800000, -4.958382e-13, 1.191243e-14, 1.191135e-14, -2.080915e-14
157.900000, 4.940388e-13, -1.195738e-14, -1.196130e-14, 2.051808e-14
158.000000, -4.923259e-13, 1.182541e-14, 1.182148e-14, -2.064434e-14
158.100000, 4.905293e-13, -1.187057e-14, -1.186989e-14, 2.037096e-14
158.200000, -4.888352e-13, 1.173691e-14, 1.173770e-14, -2.048035e-14
158.300000, 4.870425e-13, -1.177837e-14, -1.177585e-14, 2.023049e-14
158.400000, -4.853491e-13, 1.166135e-14, 1.166030e-14, -2.031469e-14
158.500000, 4.835809e-13, -1.168149e-14, -1.168070e-14, 2.009367e-14
158.600000, -4.818952e-13, 1.157158e-14, 1.157341e-14, -2.015765e-14
158.700000, 4.801308e-13, -1.159087e-14, -1.159279e-14, 1.994702e-14
158.800000, -4.784606e-13, 1.148818e-14, 1.148716e-14, -2.000267e-14
158.900000, 4.767039e-13, -1.150004e-14, -1.150559e-14, 1.980493e-14
159.000000, -4.750507e-13, 1.140047e-14, 1.139608e-14, -1.984769e-14
159.100000, 4.733021e-13, -1.141253e-14, -1.140967e-14, 1.967303e-14
159.200000, -4.716515e-13, 1.132033e-14, 1.132083e-14, -1.968840e-14
159.300000, 4.699142e-13, -1.132880e-14, -1.132608e-14, 1.952387e-14
159.400000, -4.682692e-13, 1.124218e-14, 1.124044e-14, -1.954016e-14
159.500000, 4.665575e-13, -1.123637e-14, -1.123632e-14, 1.939255e-14
159.600000, -4.649092e-13, 1.116146e-14, 1.115695e-14, -1.938763e-14
159.700000, 4.632006e-13, -1.116189e-14, -1.116008e-14, 1.923981e-14
159.800000, -4.615831e-13, 1.106758e-14, 1.106610e-14, -1.925125e-14
159.900000, 4.598694e-13, -1.107677e-14, -1.107964e-14, 1.909765e-14
160.000000, -4.582646e-13, 1.098674e-14, 1.097781e-14, -1.910289e-14
160.100000, 4.565618e-13, -1.098788e-14, -1.099413e-14, 1.895874e-14
160.200000, -4.549788e-13, 1.088882e-14, 1.087815e-14, -1.897358e-14
160.300000, 4.532680e-13, -1.090688e-14, -1.091086e-14, 1.881702e-14
160.400000, -4.516866e-13, 1.081564e-14, 1.081366e-14, -1.881579e-14
160.500000, 4.500010e-13, -1.082283e-14, -1.083023e-14, 1.867697e-14
160.600000, -4.484247e-13, 1.073623e-14, 1.073152e-14, -1.867863e-14
160.700000, 4.467473e-13, -1.074395e-14, -1.074494e-14, 1.854258e-14
160.800000, -4.451553e-13, 1.067294e-14, 1.066598e-14, -1.851159e-14
160.900000, 4.435308e-13, -1.064437e-14, -1.064663e-14, 1.841714e-14
161.000000, -4.419303e-13, 1.059428e-14, 1.058951e-14, -1.837362e-14
161.100000, 4.403220e-13, -1.056082e-14, -1.056145e-14, 1.827892e-14
161.200000, -4.387216e-13, 1.051520e-14, 1.051271e-14, -1.823853e-14
161.300000, 4.371227e-13, -1.047544e-14, -1.047877e-14, 1.814948e-14
161.400000, -4.355302e-13, 1.042646e-14, 1.042765e-14, -1.810317e-14
161.500000, 4.339368e-13, -1.039976e-14, -1.040116e-14, 1.801244e-14
161.600000, -4.323588e-13, 1.035632e-14, 1.035503e-14, -1.795870e-14
161.700000, 4.307821e-13, -1.031744e-14, -1.031961e-14, 1.787570e-14
161.800000, -4.292016e-13, 1.028021e-14, 1.027620e-14, -1.782220e-14
161.900000, 4.276390e-13, -1.023705e-14, -1.023695e-14, 1.774357e-14
162.000000, -4.260655e-13, 1.019928e-14, 1.019707e-14, -1.768542e-14
162.100000, 4.245057e-13, -1.016197e-14, -1.016344e-14, 1.760652e-14
162.200000, -4.229567e-13, 1.011615e-14, 1.011780e-14, -1.755576e-14
162.300000, 4.213964e-13, -1.007974e-14, -1.008526e-14, 1.747232e-14
162.400000, -4.198501e-13, 1.004043e-14, 1.004149e-14, -1.741910e-14
162.500000, 4.183097e-13, -1.000391e-14, -1.000802e-14, 1.734046e-14
162.600000, -4.167682e-13, 9.960800e-15, 9.960055e-15, -1.729114e-14
162.700000, 4.152257e-13, -9.931423e-15, -9.933003e-15, 1.720899e-14
162.800000, -4.137023e-13, 9.884858e-15, 9.888347e-15, -1.715744e-14
162.900000, 4.121680e-13, -9.856531e-15, -9.857851e-15, 1.707756e-14
163.000000, -4.106518e-13, 9.810513e-15, 9.810967e-15, -1.702726e-14
163.100000, 4.091278e-13, -9.775110e-15, -9.776808e-15, 1.695074e-14
163.200000, -4.076107e-13, 9.733284e-15, 9.732475e-15, -1.688865e-14
163.300000, 4.061010e-13, -9.696867e-15, -9.697454e-15, 1.682066e-14
163.400000, -4.045946e-13, 9.660937e-15, 9.662680e-15, -1.676196e-14
163.500000, 4.030971e-13, -9.625881e-15, -9.631094e-15, 1.669320e-14
163.600000, -4.015987e-13, 9.593357e-15, 9.591284e-15, -1.663102e-14
163.700000, 4.001105e-13, -9.548373e-15, -9.543243e-15, 1.656925e-14
163.800000, -3.986098e-13, 9.512543e-15, 9.516014e-15, -1.650684e-14
163.900000, 3.971331e-13, -9.472714e-15, -9.469751e-15, 1.644448e-14
164.000000, -3.956477e-13, 9.440752e-15, 9.442360e-15, -1.637967e-14
164.100000, 3.941686e-13, -9.398710e-15, -9.400097e-15, 1.631708e-14
164.200000, -3.926874e-13, 9.375826e-15, 9.372846e-15, -1.624329e-14
164.300000, 3.912268e-13, -9.324352e-15, -9.324998e-15, 1.619394e-14
164.400000, -3.897505e-13, 9.299685e-15, 9.303595e-15, -1.611570e-14
164.500000, 3.883009e-13, -9.251859e-15, -9.246901e-15, 1.607024e-14
164.600000, -3.868396e-13, 9.228226e-15, 9.228273e-15, -1.599794e-14
164.700000, 3.853876e-13, -9.179041e-15, -9.176508e-15, 1.594322e-14
164.800000, -3.839326e-13, 9.155088e-15, 9.154220e-15, -1.586911e-14
164.900000, 3.824924e-13, -9.108512e-15, -9.106657e-15, 1.582050e-14
165.000000, -3.810458e-13, 9.079628e-15, 9.080157e-15, -1.575123e-14
165.100000, 3.796024e-13, -9.043341e-15, -9.043233e-15, 1.569125e-14
165.200000, -3.781761e-13, 9.004882e-15, 9.007500e-15, -1.562927e-14
165.300000, 3.767451e-13, -8.967872e-15, -8.967883e-15, 1.557177e-14
165.400000, -3.753232e-13, 8.935259e-15, 8.936778e-15, -1.551187e-14
165.500000, 3.738958e-13, -8.898642e-15, -8.894230e-15, 1.544885e-14
165.600000, -3.724760e-13, 8.865946e-15, 8.866649e-15, -1.538922e-14
165.700000, 3.710709e-13, -8.817279e-15, -8.815535e-15, 1.533744e-14
165.800000, -3.696408e-13, 8.797971e-15, 8.805019e-15, -1.526370e-14
165.900000, 3.682489e-13, -8.754498e-15, -8.751370e-15, 1.521787e-14
166.000000, -3.668293e-13, 8.735134e-15, 8.734737e-15, -1.513737e-14
166.100000, 3.654451e-13, -8.682805e-15, -8.678520e-15, 1.510099e-14
166.200000, -3.640327e-13, 8.663719e-15, 8.663772e-15, -1.502089e-14
166.300000, 3.626524e-13, -8.614592e-15, -8.614827e-15, 1.497661e-14
166.400000, -3.612540e-13, 8.594446e-15, 8.594344e-15, -1.490549e-14
166.500000, 3.598780e-13, -8.548130e-15, -8.546342e-15, 1.485681e-14
166.600000, -3.584834e-13, 8.530589e-15, 8.524043e-15, -1.478912e-14
166.700000, 3.571193e-13, -8.477308e-15, -8.471891e-15, 1.474180e-14
166.800000, -3.557273e-13, 8.458160e-15, 8.457397e-15, -1.467111e-14
166.900000, 3.543668e-13, -8.414737e-15, -8.411204e-15, 1.462291e-14
167.000000, -3.529965e-13, 8.387754e-15, 8.389092e-15, -1.455892e-14
167.100000, 3.516372e-13, -8.350736e-15, -8.346710e-15, 1.450288e-14
167.200000, -3.502686e-13, 8.324550e-15, 8.318977e-15, -1.444501e-14
167.300000, 3.489224e-13, -8.280003e-15, -8.279784e-15, 1.438797e-14
167.400000, -3.475562e-13, 8.249767e-15, 8.257168e-15, -1.432930e-14
167.500000, 3.462207e-13, -8.209438e-15, -8.210238e-15, 1.427510e-14
167.600000, -3.448698e-13, 8.185985e-15, 8.189308e-15, -1.421471e-14
167.700000, 3.435360e-13, -8.146640e-15, -8.147700e-15, 1.416318e-14
167.800000, -3.421813e-13, 8.124332e-15, 8.125337e-15, -1.410267e-14
167.900000, 3.408592e-13, -8.081823e-15, -8.074211e-15, 1.404837e-14
168.000000, -3.395207e-13, 8.042531e-15, 8.048395e-15, -1.400169e-14
168.100000, 3.381896e-13, -8.022487e-15, -8.023638e-15, 1.392805e-14
168.200000, -3.368678e-13, 7.982960e-15, 7.983902e-15, -1.388735e-14
168.300000, 3.355380e-13, -7.959429e-15, -7.958534e-15, 1.381029e-14
168.400000, -3.342260e-13, 7.914543e-15, 7.922076e-15, -1.377398e-14
168.500000, 3.329097e-13, -7.894486e-15, -7.884879e-15, 1.370087e-14
168.600000, -3.315904e-13, 7.856981e-15, 7.864214e-15, -1.365634e-14
168.700000, 3.302963e-13, -7.821326e-15, -7.816786e-15, 1.359688e-14
168.800000, -3.289832e-13, 7.797205e-15, 7.800250e-15, -1.354528e-14
168.900000, 3.276858e-13, -7.757680e-15, -7.755108e-15, 1.348800e-14
169.000000, -3.263870e-13, 7.727932e-15, 7.729990e-15, -1.343760e-14
169.100000, 3.250940e-13, -7.696922e-15, -7.694416e-15, 1.337833e-14
169.200000, -3.237924e-13, 7.664311e-15, 7.671607e-15, -1.333552e-14
169.300000, 3.225167e-13, -7.629756e-15, -7.627940e-15, 1.327067e-14
169.400000, -3.212176e-13, 7.606370e-15, 7.613748e-15, -1.321418e-14
169.500000, 3.199478e-13, -7.568104e-15, -7.562184e-15, 1.316290e-14
169.600000, -3.186570e-13, 7.544806e-15, 7.547255e-15, -1.311117e-14
169.700000, 3.173924e-13, -7.506945e-15, -7.500849e-15, 1.305741e-14
169.800000, -3.161021e-13, 7.486653e-15, 7.490452e-15, -1.299316e-14
169.900000, 3.148549e-13, -7.436536e-15, -7.434138e-15, 1.295542e-14
170.000000, -3.135649e-13, 7.426365e-15, 7.433358e-15, -1.288951e-14
170.100000, 3.123265e-13, -7.375179e-15, -7.372650e-15, 1.284532e-14
170.200000, -3.110427e-13, 7.361062e-15, 7.367521e-15, -1.278129e-14
170.300000, 3.098116e-13, -7.314589e-15, -7.316501e-15, 1.273850e-14
170.400000, -3.085454e-13, 7.289343e-15, 7.297546e-15, -1.268429e-14
170.500000, 3.072910e-13, -7.268379e-15, -7.268509e-15, 1.262394e-14
170.600000, -3.060503e-13, 7.230610e-15, 7.232531e-15, -1.258138e-14
170.700000, 3.048055e-13, -7.207944e-15, -7.202711e-15, 1.252123e-14
170.800000, -3.035703e-13, 7.171875e-15, 7.169679e-15, -1.247776e-14
170.900000, 3.023223e-13, -7.145230e-15, -7.141859e-15, 1.241204e-14
171.000000, -3.010895e-13, 7.110610e-15, 7.114880e-15, -1.237103e-14
171.100000, 2.998626e-13, -7.086157e-15, -7.082438e-15, 1.230766e-14
171.200000, -2.986312e-13, 7.048220e-15, 7.052329e-15, -1.227107e-14
171.300000, 2.974010e-13, -7.030479e-15, -7.026263e-15, 1.220726e-14
171.400000, -2.961842e-13, 6.987691e-15, 6.988028e-15, -1.216732e-14
171.500000, 2.949642e-13, -6.968579e-15, -6.966290e-15, 1.210471e-14
171.600000, -2.937466e-13, 6.926184e-15, 6.935043e-15, -1.206678e-14
171.700000, 2.925384e-13, -6.901057e-15, -6.898733e-15, 1.201195e-14
171.800000, -2.913212e-13, 6.875323e-15, 6.885057e-15, -1.196246e-14
171.900000, 2.901211e-13, -6.843042e-15, -6.840662e-15, 1.190720e-14
172.000000, -2.889093e-13, 6.815834e-15, 6.815399e-15, -1.185892e-14
172.100000, 2.877122e-13, -6.792900e-15, -6.781644e-15, 1.180602e-14
172.200000, -2.865043e-13, 6.755971e-15, 6.761879e-15, -1.176125e-14
172.300000, 2.853152e-13, -6.733399e-15, -6.728560e-15, 1.170190e-14
172.400000, -2.841209e-13, 6.695740e-15, 6.697511e-15, -1.166608e-14
172.500000, 2.829334e-13, -6.672523e-15, -6.669733e-15, 1.160324e-14
172.600000, -2.817467e-13, 6.636704e-15, 6.641094e-15, -1.156332e-14
172.700000, 2.805622e-13, -6.616787e-15, -6.613310e-15, 1.150322e-14
172.800000, -2.793860e-13, 6.575998e-15, 6.578252e-15, -1.146918e-14
172.900000, 2.782038e-13, -6.559361e-15, -6.553397e-15, 1.140575e-14
173.000000, -2.770202e-13, 6.521062e-15, 6.528157e-15, -1.136486e-14
173.100000, 2.758554e-13, -6.503758e-15, -6.494609e-15, 1.130687e-14
173.200000, -2.746812e-13, 6.466523e-15, 6.470921e-15, -1.126305e-14
173.300000, 2.735211e-13, -6.444527e-15, -6.437369e-15, 1.120867e-14
173.400000, -2.723436e-13, 6.411304e-15, 6.416685e-15, -1.116099e-14
173.500000, 2.711924e-13, -6.385835e-15, -6.382221e-15, 1.111300e-14
173.600000, -2.700215e-13, 6.357373e-15, 6.360801e-15, -1.106788e-14
173.700000, 2.688780e-13, -6.331569e-15, -6.328489e-15, 1.101442e-14
173.800000, -2.677231e-13, 6.300598e-15, 6.304161e-15, -1.097072e-14
173.900000, 2.665725e-13, -6.276863e-15, -6.271926e-15, 1.092029e-14
174.000000, -2.654145e-13, 6.249893e-15, 6.257172e-15, -1.086901e-14
174.100000, 2.642782e-13, -6.222537e-15, -6.215204e-15, 1.082515e-14
174.200000, -2.631318e-13, 6.191436e-15, 6.190891e-15, -1.078202e-14
174.300000, 2.619962e-13, -6.168001e-15, -6.163990e-15, 1.072717e-14
174.400000, -2.608529e-13, 6.134137e-15, 6.139407e-15, -1.068719e-14
174.500000, 2.597190e-13, -6.114889e-15, -6.106968e-15, 1.063128e-14
174.600000, -2.585886e-13, 6.080045e-15, 6.082735e-15, -1.059273e-14
174.700000, 2.574589e-13, -6.063028e-15, -6.057451e-15, 1.053448e-14
174.800000, -2.563425e-13, 6.022140e-15, 6.026724e-15, -1.050006e-14
174.900000, 2.552083e-13, -6.009277e-15, -6.000805e-15, 1.044230e-14
175.000000, -2.540930e-13, 5.966219e-15, 5.968356e-15, -1.040870e-14
175.100000, 2.529667e-13, -5.957560e-15, -5.952937e-15, 1.034374e-14
175.200000, -2.518635e-13, 5.909903e-15, 5.913382e-15, -1.031950e-14
175.300000, 2.507450e-13, -5.893551e-15, -5.892842e-15, 1.026242e-14
175.400000, -2.496274e-13, 5.865292e-15, 5.868023e-15, -1.021542e-14
175.500000, 2.485257e-13, -5.841650e-15, -5.837175e-15, 1.016784e-14
175.600000, -2.474154e-13, 5.812516e-15, 5.815831e-15, -1.012327e-14
175.700000, 2.463213e-13, -5.790447e-15, -5.782986e-15, 1.007638e-14
175.800000, -2.452058e-13, 5.761100e-15, 5.768145e-15, -1.002569e-14
175.900000, 2.441170e-13, -5.735217e-15, -5.733168e-15, 9.980220e-15
176.000000, -2.430205e-13, 5.705397e-15, 5.707620e-15, -9.941259e-15
176.100000, 2.419253e-13, -5.686837e-15, -5.679684e-15, 9.890885e-15
176.200000, -2.408381e-13, 5.650179e-15, 5.655772e-15, -9.849338e-15
176.300000, 2.397449e-13, -5.630677e-15, -5.634072e-15, 9.795974e-15
176.400000, -2.386596e-13, 5.601116e-15, 5.605557e-15, -9.755420e-15
176.500000, 2.375788e-13, -5.580849e-15, -5.573176e-15, 9.712139e-15
176.600000, -2.364998e-13, 5.548125e-15, 5.549023e-15, -9.672141e-15
176.700000, 2.354202e-13, -5.525693e-15, -5.523297e-15, 9.620628e-15
176.800000, -2.343444e-13, 5.497322e-15, 5.496336e-15, -9.576116e-15
176.900000, 2.332729e-13, -5.478747e-15, -5.473731e-15, 9.530567e-15
177.000000, -2.322066e-13, 5.437116e-15, 5.442620e-15, -9.496490e-15
177.100000, 2.311167e-13, -5.438415e-15, -5.434100e-15, 9.428865e-15
177.200000, -2.300769e-13, 5.379143e-15, 5.380572e-15, -9.413113e-15
177.300000, 2.289857e-13, -5.388361e-15, -5.382952e-15, 9.341215e-15
177.400000, -2.279521e-13, 5.329722e-15, 5.334476e-15, -9.323844e-15
177.500000, 2.268690e-13, -5.333891e-15, -5.331791e-15, 9.255341e-15
177.600000, -2.258292e-13, 5.286507e-15, 5.290199e-15, -9.228403e-15
177.700000, 2.247749e-13, -5.265407e-15, -5.261017e-15, 9.183435e-15
177.800000, -2.237178e-13, 5.243402e-15, 5.246871e-15, -9.137249e-15
177.900000, 2.226765e-13, -5.224334e-15, -5.218272e-15, 9.094002e-15
178.000000, -2.216227e-13, 5.195455e-15, 5.199609e-15, -9.044879e-15
178.100000, 2.205796e-13, -5.167381e-15, -5.165309e-15, 9.007138e-15
178.200000, -2.195277e-13, 5.148480e-15, 5.150502e-15, -8.955066e-15
178.300000, 2.184992e-13, -5.116609e-15, -5.112889e-15, 8.922609e-15
178.400000, -2.174537e-13, 5.095162e-15, 5.096527e-15, -8.874824e-15
178.500000, 2.164229e-13, -5.066576e-15, -5.062070e-15, 8.839177e-15
178.600000, -2.153849e-13, 5.046349e-15, 5.049519e-15, -8.789438e-15
178.700000, 2.143646e-13, -5.014064e-15, -5.015988e-15, 8.754489e-15
178.800000, -2.133177e-13, 5.002258e-15, 5.005829e-15, -8.698575e-15
178.900000, 2.123066e-13, -4.970516e-15, -4.963997e-15, 8.665436e-15
179.000000, -2.112745e-13, 4.949732e-15, 4.949882e-15, -8.620380e-15
179.100000, 2.102570e-13, -4.919468e-15, -4.914843e-15, 8.585306e-15
179.200000, -2.092328e-13, 4.898370e-15, 4.902011e-15, -8.535706e-15
179.300000, 2.082213e-13, -4.870389e-15, -4.864211e-15, 8.499612e-15
179.400000, -2.071976e-13, 4.854216e-15, 4.854190e-15, -8.449590e-15
179.500000, 2.061951e-13, -4.820237e-15, -4.817810e-15, 8.416406e-15
179.600000, -2.051756e-13, 4.805378e-15, 4.807238e-15, -8.365113e-15
179.700000, 2.041712e-13, -4.773206e-15, -4.771433e-15, 8.331002e-15
179.800000, -2.031583e-13, 4.757996e-15, 4.753400e-15, -8.282013e-15
179.900000, 2.021579e-13, -4.723417e-15, -4.722756e-15, 8.249837e-15
180.000000, -2.011512e-13, 4.708073e-15, 4.711142e-15, -8.199489e-15
180.100000, 2.001439e-13, -4.688157e-15, -4.685293e-15, 8.155786e-15
180.200000, -1.991645e-13, 4.651887e-15, 4.652617e-15, -8.124002e-15
180.300000, 1.981523e-13, -4.640693e-15, -4.636995e-15, 8.073210e-15
180.400000, -1.971712e-13, 4.604210e-15, 4.607437e-15, -8.044776e-15
180.500000, 1.961663e-13, -4.592807e-15, -4.592317e-15, 7.992090e-15
180.600000, -1.951968e-13, 4.551865e-15, 4.556161e-15, -7.969555e-15
180.700000, 1.941901e-13, -4.542373e-15, -4.538455e-15, 7.911628e-15
180.800000, -1.932117e-13, 4.511745e-15, 4.510472e-15, -7.878566e-15
180.900000, 1.922211e-13, -4.498562e-15, -4.495684e-15, 7.827452e-15
181.000000, -1.912536e-13, 4.462116e-15, 4.464152e-15, -7.799325e-15
181.100000, 1.902613e-13, -4.451954e-15, -4.450519e-15, 7.745340e-15
181.200000, -1.892892e-13, 4.424447e-15, 4.425998e-15, -7.713989e-15
181.300000, 1.883114e-13, -4.395715e-15, -4.399046e-15, 7.672428e-15
181.400000, -1.873392e-13, 4.377234e-15, 4.379400e-15, -7.629705e-15
181.500000, 1.863717e-13, -4.353145e-15, -4.349643e-15, 7.594398e-15
181.600000, -1.853989e-13, 4.335452e-15, 4.332599e-15, -7.549930e-15
181.700000, 1.844281e-13, -4.306979e-15, -4.303518e-15, 7.511849e-15
181.800000, -1.834596e-13, 4.291222e-15, 4.296218e-15, -7.459689e-15
181.900000, 1.825044e-13, -4.261670e-15, -4.263911e-15, 7.432560e-15
182.000000, -1.815425e-13, 4.235472e-15, 4.239371e-15, -7.393920e-15
182.100000, 1.805797e-13, -4.213940e-15, -4.215483e-15, 7.355467e-15
182.200000, -1.796240e-13, 4.197034e-15, 4.197482e-15, -7.317320e-15
182.300000, 1.786721e-13, -4.166792e-15, -4.168135e-15, 7.278269e-15
182.400000, -1.777227e-13, 4.140742e-15, 4.142313e-15, -7.239654e-15
182.500000, 1.767541e-13, -4.136911e-15, -4.139136e-15, 7.183813e-15
182.600000, -1.758260e-13, 4.091283e-15, 4.089361e-15, -7.169609e-15
182.700000, 1.748534e-13, -4.092250e-15, -4.090338e-15, 7.109729e-15
182.800000, -1.739345e-13, 4.043966e-15, 4.048391e-15, -7.089706e-15
182.900000, 1.729685e-13, -4.048104e-15, -4.044681e-15, 7.031189e-15
183.000000, -1.720469e-13, 4.002165e-15, 4.006871e-15, -7.008838e-15
183.100000, 1.710958e-13, -3.993408e-15, -3.994274e-15, 6.967496e-15
183.200000, -1.701582e-13, 3.971305e-15, 3.970166e-15, -6.926312e-15
183.300000, 1.692264e-13, -3.943549e-15, -3.946195e-15, 6.889733e-15
183.400000, -1.682921e-13, 3.930122e-15, 3.928395e-15, -6.848002e-15
183.500000, 1.673583e-13, -3.903040e-15, -3.900760e-15, 6.812834e-15
183.600000, -1.664215e-13, 3.887791e-15, 3.888639e-15, -6.764398e-15
183.700000, 1.655025e-13, -3.851748e-15, -3.849607e-15, 6.741810e-15
183.800000, -1.645640e-13, 3.846053e-15, 3.844844e-15, -6.688303e-15
183.900000, 1.636490e-13, -3.807141e-15, -3.804305e-15, 6.669558e-15
184.000000, -1.627144e-13, 3.801176e-15, 3.800666e-15, -6.612933e-15
184.100000, 1.618068e-13, -3.766708e-15, -3.764793e-15, 6.585606e-15
184.200000, -1.608776e-13, 3.753184e-15, 3.755416e-15, -6.534929e-15
184.300000, 1.599674e-13, -3.720288e-15, -3.720003e-15, 6.510260e-15
184.400000, -1.590413e-13, 3.714338e-15, 3.709422e-15, -6.460690e-15
184.500000, 1.581355e-13, -3.680829e-15, -3.676716e-15, 6.439139e-15
184.600000, -1.572173e-13, 3.666346e-15, 3.671626e-15, -6.388655e-15
184.700000, 1.563125e-13, -3.633396e-15, -3.638640e-15, 6.359169e-15
184.800000, -1.553920e-13, 3.628503e-15, 3.630724e-15, -6.307851e-15
184.900000, 1.544963e-13, -3.596602e-15, -3.597680e-15, 6.280985e-15
185.000000, -1.535853e-13, 3.581006e-15, 3.579052e-15, -6.245460e-15
185.100000, 1.526845e-13, -3.553238e-15, -3.552415e-15, 6.211829e-15
185.200000, -1.517813e-13, 3.536635e-15, 3.540957e-15, -6.170330e-15
185.300000, 1.508803e-13, -3.515806e-15, -3.514834e-15, 6.133008e-15
185.400000, -1.499870e-13, 3.490995e-15, 3.493433e-15, -6.097960e-15
185.500000, 1.490947e-13, -3.467316e-15, -3.466896e-15, 6.066009e-15
185.600000, -1.481873e-13, 3.457872e-15, 3.457735e-15, -6.016415e-15
185.700000, 1.473028e-13, -3.422382e-15, -3.422567e-15, 5.997810e-15
185.800000, -1.463998e-13, 3.412987e-15, 3.415390e-15, -5.944986e-15
185.900000, 1.455190e-13, -3.385003e-15, -3.383496e-15, 5.916167e-15
186.000000, -1.446200e-13, 3.375042e-15, 3.373773e-15, -5.870347e-15
186.100000, 1.437447e-13, -3.338964e-15, -3.342541e-15, 5.843986e-15
186.200000, -1.428528e-13, 3.327934e-15, 3.328993e-15, -5.798243e-15
186.300000, 1.419762e-13, -3.298800e-15, -3.302799e-15, 5.773101e-15
186.400000, -1.410885e-13, 3.288037e-15, 3.290775e-15, -5.730513e-15
186.500000, 1.402117e-13, -3.259584e-15, -3.261952e-15, 5.695039e-15
186.600000, -1.393369e-13, 3.240084e-15, 3.243212e-15, -5.657382e-15
186.700000, 1.384509e-13, -3.225851e-15, -3.227388e-15, 5.620305e-15
186.800000, -1.375872e-13, 3.199897e-15, 3.195340e-15, -5.593623e-15
186.900000, 1.367008e-13, -3.187148e-15, -3.183841e-15, 5.550979e-15
187.000000, -1.358418e-13, 3.155288e-15, 3.155030e-15, -5.523632e-15
187.100000, 1.349583e-13, -3.148978e-15, -3.150091e-15, 5.475983e-15
187.200000, -1.341086e-13, 3.116472e-15, 3.114452e-15, -5.449295e-15
187.300000, 1.332293e-13, -3.101813e-15, -3.101010e-15, 5.407578e-15
187.400000, -1.323654e-13, 3.076582e-15, 3.076472e-15, -5.376684e-15
187.500000, 1.314993e-13, -3.056015e-15, -3.057111e-15, 5.339606e-15
187.600000, -1.306401e-13, 3.039279e-15, 3.036153e-15, -5.304361e-15
187.700000, 1.297742e-13, -3.021583e-15, -3.021024e-15, 5.268360e-15
187.800000, -1.289325e-13, 2.988257e-15, 2.989234e-15, -5.240325e-15
187.900000, 1.280560e-13, -2.988803e-15, -2.989038e-15, 5.191524e-15
188.000000, -1.272170e-13, 2.949138e-15, 2.945277e-15, -5.177666e-15
188.100000, 1.263400e-13, -2.946690e-15, -2.945281e-15, 5.122201e-15
188.200000, -1.255082e-13, 2.908042e-15, 2.909317e-15, -5.101738e-15
188.300000, 1.246338e-13, -2.904973e-15, -2.909370e-15, 5.049113e-15
188.400000, -1.238075e-13, 2.868864e-15, 2.872291e-15, -5.028900e-15
188.500000, 1.229486e-13, -2.854927e-15, -2.858924e-15, 4.991713e-15
188.600000, -1.220997e-13, 2.838709e-15, 2.843493e-15, -4.954564e-15
188.700000, 1.212578e-13, -2.811788e-15, -2.815692e-15, 4.921974e-15
188.800000, -1.204061e-13, 2.797553e-15, 2.801192e-15, -4.880619e-15
188.900000, 1.195701e-13, -2.776029e-15, -2.780485e-15, 4.854720e-15
189.000000, -1.187243e-13, 2.767844e-15, 2.770501e-15, -4.808670e-15
189.100000, 1.178951e-13, -2.735093e-15, -2.737019e-15, 4.785449e-15
189.200000, -1.170503e-13, 2.721118e-15, 2.722737e-15, -4.743000e-15
189.300000, 1.162186e-13, -2.698806e-15, -2.697406e-15, 4.716324e-15
189.400000, -1.153809e-13, 2.684559e-15, 2.684647e-15, -4.675107e-15
189.500000, 1.145496e-13, -2.657557e-15, -2.660280e-15, 4.649282e-15
189.600000, -1.137140e-13, 2.646403e-15, 2.647640e-15, -4.607766e-15
189.700000, 1.128884e-13, -2.619886e-15, -2.618678e-15, 4.585102e-15
189.800000, -1.120528e-13, 2.608415e-15, 2.607354e-15, -4.540740e-15
189.900000, 1.112313e-13, -2.576453e-15, -2.578850e-15, 4.516843e-15
190.000000, -1.103963e-13, 2.570333e-15, 2.571858e-15, -4.470763e-15
190.100000, 1.095801e-13, -2.539803e-15, -2.541066e-15, 4.450875e-15
190.200000, -1.087566e-13, 2.523756e-15, 2.525003e-15, -4.415745e-15
190.300000, 1.079326e-13, -2.503259e-15, -2.509205e-15, 4.379870e-15
190.400000, -1.071091e-13, 2.490987e-15, 2.488581e-15, -4.342205e-15
190.500000, 1.062926e-13, -2.463200e-15, -2.466763e-15, 4.311273e-15
190.600000, -1.054677e-13, 2.451280e-15, 2.452236e-15, -4.272034e-15
190.700000, 1.046579e-13, -2.428665e-15, -2.427594e-15, 4.245078e-15
190.800000, -1.038311e-13, 2.416921e-15, 2.420161e-15, -4.198017e-15
190.900000, 1.030289e-13, -2.388508e-15, -2.392121e-15, 4.179397e-15
191.000000, -1.022110e-13, 2.375092e-15, 2.377259e-15, -4.138922e-15
191.100000, 1.014061e-13, -2.349503e-15, -2.351438e-15, 4.110561e-15
191.200000, -1.005893e-13, 2.335948e-15, 2.339527e-15, -4.073397e-15
191.300000, 9.978463e-14, -2.317244e-15, -2.315570e-15, 4.045360e-15
191.400000, -9.898151e-14, 2.293830e-15, 2.295444e-15, -4.014757e-15
191.500000, 9.817698e-14, -2.275916e-15, -2.274648e-15, 3.983523e-15
191.600000, -9.736346e-14, 2.265943e-15, 2.260671e-15, -3.944458e-15
191.700000, 9.656358e-14, -2.238130e-15, -2.237093e-15, 3.916316e-15
191.800000, -9.575696e-14, 2.229884e-15, 2.222517e-15, -3.875859e-15
191.900000, 9.495943e-14, -2.202435e-15, -2.205455e-15, 3.853535e-15
192.000000, -9.416530e-14, 2.177544e-15, 2.183897e-15, -3.819649e-15
192.100000, 9.335981e-14, -2.170176e-15, -2.166556e-15, 3.784133e-15
192.200000, -9.256374e-14, 2.148487e-15, 2.146362e-15, -3.750491e-15
192.300000, 9.177258e-14, -2.129518e-15, -2.128399e-15, 3.719036e-15
192.400000, -9.097837e-14, 2.109278e-15, 2.115531e-15, -3.684488e-15
192.500000, 9.018567e-14, -2.095252e-15, -2.095366e-15, 3.654075e-15
192.600000, -8.939724e-14, 2.066740e-15, 2.072987e-15, -3.623006e-15
192.700000, 8.859816e-14, -2.061056e-15, -2.059710e-15, 3.588963e-15
192.800000, -8.781420e-14, 2.035541e-15, 2.032478e-15, -3.560193e-15
192.900000, 8.702501e-14, -2.020437e-15, -2.018091e-15, 3.527075e-15
193.000000, -8.623973e-14, 1.998572e-15, 1.999831e-15, -3.496622e-15
193.100000, 8.545593e-14, -1.981903e-15, -1.982789e-15, 3.460885e-15
193.200000, -8.467784e-14, 1.955367e-15, 1.957310e-15, -3.437040e-15
193.300000, 8.388332e-14, -1.949930e-15, -1.949216e-15, 3.395461e-15
193.400000, -8.310811e-14, 1.923124e-15, 1.922725e-15, -3.366880e-15
193.500000, 8.232252e-14, -1.912319e-15, -1.911549e-15, 3.332568e-15
193.600000, -8.154852e-14, 1.889237e-15, 1.888553e-15, -3.305047e-15
193.700000, 8.076554e-14, -1.877976e-15, -1.880683e-15, 3.267211e-15
193.800000, -7.998582e-14, 1.857642e-15, 1.860547e-15, -3.234911e-15
193.900000, 7.921764e-14, -1.833173e-15, -1.835507e-15, 3.214229e-15
194.000000, -7.843576e-14, 1.822783e-15, 1.823978e-15, -3.173483e-15
194.100000, 7.767153e-14, -1.797675e-15, -1.795570e-15, 3.149726e-15
194.200000, -7.688876e-14, 1.785722e-15, 1.786688e-15, -3.108203e-15
194.300000, 7.612673e-14, -1.759295e-15, -1.763329e-15, 3.086322e-15
194.400000, -7.535601e-14, 1.744138e-15, 1.743343e-15, -3.053108e-15
194.500000, 7.458051e-14, -1.734275e-15, -1.734615e-15, 3.013117e-15
194.600000, -7.381466e-14, 1.708879e-15, 1.711772e-15, -2.991603e-15
194.700000, 7.304983e-14, -1.696436e-15, -1.695983e-15, 2.957127e-15
194.800000, -7.228895e-14, 1.674033e-15, 1.673523e-15, -2.931527e-15
194.900000, 7.151827e-14, -1.665132e-15, -1.662017e-15, 2.894739e-15
195.000000, -7.076739e-14, 1.631673e-15, 1.633088e-15, -2.872650e-15
195.100000, 6.999081e-14, -1.628234e-15, -1.632421e-15, 2.824162e-15
195.200000, -6.924340e-14, 1.594263e-15, 1.596694e-15, -2.810614e-15
195.300000, 6.846958e-14, -1.596498e-15, -1.591355e-15, 2.764298e-15
195.400000, -6.772683e-14, 1.561561e-15, 1.563538e-15, -2.748253e-15
195.500000, 6.695300e-14, -1.562682e-15, -1.561327e-15, 2.704444e-15
195.600000, -6.620704e-14, 1.531861e-15, 1.536263e-15, -2.685681e-15
195.700000, 6.545925e-14, -1.507953e-15, -1.506825e-15, 2.656614e-15
195.800000, -6.468432e-14, 1.513778e-15, 1.510452e-15, -2.609481e-15
195.900000, 6.395436e-14, -1.469507e-15, -1.465112e-15, 2.600655e-15
196.000000, -6.318053e-14, 1.474220e-15, 1.475459e-15, -2.548248e-15
196.100000, 6.244842e-14, -1.439920e-15, -1.441665e-15, 2.535240e-15
196.200000, -6.168549e-14, 1.436260e-15, 1.438680e-15, -2.488490e-15
196.300000, 6.094258e-14, -1.414498e-15, -1.409381e-15, 2.468104e-15
196.400000, -6.018867e-14, 1.398266e-15, 1.399165e-15, -2.432620e-15
196.500000, 5.945260e-14, -1.371040e-15, -1.369748e-15, 2.412002e-15
196.600000, -5.869809e-14, 1.361697e-15, 1.365065e-15, -2.374168e-15
196.700000, 5.796128e-14, -1.343608e-15, -1.337211e-15, 2.345913e-15
196.800000, -5.722293e-14, 1.320883e-15, 1.324977e-15, -2.319369e-15
196.900000, 5.647142e-14, -1.312700e-15, -1.310345e-15, 2.287582e-15
197.000000, -5.573161e-14, 1.290181e-15, 1.291021e-15, -2.253923e-15
197.100000, 5.499232e-14, -1.271101e-15, -1.269421e-15, 2.227186e-15
197.200000, -5.425170e-14, 1.253944e-15, 1.253553e-15, -2.194654e-15
197.300000, 5.351531e-14, -1.240945e-15, -1.241392e-15, 2.164394e-15
197.400000, -5.278017e-14, 1.215321e-15, 1.217781e-15, -2.141210e-15
197.500000, 5.204376e-14, -1.203919e-15, -1.204981e-15, 2.106145e-15
197.600000, -5.130474e-14, 1.192081e-15, 1.192863e-15, -2.075082e-15
197.700000, 5.057356e-14, -1.170318e-15, -1.165516e-15, 2.052704e-15
197.800000, -4.983280e-14, 1.158676e-15, 1.152343e-15, -2.015225e-15
197.900000, 4.910907e-14, -1.136812e-15, -1.134470e-15, 1.989721e-15
198.000000, -4.836163e-14, 1.131137e-15, 1.134593e-15, -1.944982e-15
198.100000, 4.765180e-14, -1.099335e-15, -1.099363e-15, 1.935586e-15
198.200000, -4.690445e-14, 1.093991e-15, 1.095132e-15, -1.890501e-15
198.300000, 4.619574e-14, -1.058426e-15, -1.059734e-15, 1.878832e-15
198.400000, -4.544616e-14, 1.059701e-15, 1.061537e-15, -1.832153e-15
198.500000, 4.474123e-14, -1.028833e-15, -1.030001e-15, 1.816049e-15
198.600000, -4.400753e-14, 1.013669e-15, 1.015059e-15, -1.781119e-15
198.700000, 4.327553e-14, -1.007604e-15, -1.011659e-15, 1.746447e-15
198.800000, -4.255960e-14, 9.793351e-16, 9.798904e-16, -1.725247e-15
198.900000, 4.183079e-14, -9.700188e-16, -9.712398e-16, 1.691193e-15
199.000000, -4.111586e-14, 9.460128e-16, 9.477878e-16, -1.668266e-15
199.100000, 4.038480e-14, -9.433201e-16, -9.426548e-16, 1.627733e-15
199.200000, -3.967347e-14, 9.157497e-16, 9.186312e-16, -1.606524e-15
199.300000, 3.895494e-14, -9.014440e-16, -8.983425e-16, 1.575145e-15
199.400000, -3.823049e-14, 8.877062e-16, 8.880384e-16, -1.543245e-15
199.500000, 3.752270e-14, -8.618098e-16, -8.639123e-16, 1.523549e-15
199.600000, -3.679515e-14, 8.545206e-16, 8.551842e-16, -1.487061e-15
199.700000, 3.609376e-14, -8.359628e-16, -8.326464e-16, 1.460005e-15
199.800000, -3.536799e-14, 8.193020e-16, 8.229483e-16, -1.430878e-15
199.900000, 3.464980e-14, -8.069650e-16, -8.097259e-16, 1.400896e-15
200.000000, -3.394667e-14, 7.748818e-16, 7.788556e-16, -1.377568e-15
200.100000, 3.323023e-14, -7.709641e-16, -7.680956e-16, 1.341354e-15
200.200000, -3.252488e-14, 7.496274e-16, 7.474220e-16, -1.321938e-15
200.300000, 3.180634e-14, -7.448445e-16, -7.413176e-16, 1.280939e-15
200.400000, -3.111209e-14, 7.087804e-16, 7.070178e-16, -1.266639e-15
200.500000, 3.038792e-14, -7.095280e-16, -7.128312e-16, 1.222405e-15
200.600000, -2.968891e-14, 6.790201e-16, 6.774793e-16, -1.204628e-15
200.700000, 2.897388e-14, -6.767018e-16, -6.753818e-16, 1.166189e-15
200.800000, -2.827605e-14, 6.453611e-16, 6.469003e-16, -1.148677e-15
200.900000, 2.756199e-14, -6.470178e-16, -6.443805e-16, 1.107886e-15
201.000000, -2.686622e-14, 6.161624e-16, 6.201164e-16, -1.090421e-15
201.100000, 2.615972e-14, -6.059759e-16, -6.055368e-16, 1.058701e-15
201.200000, -2.545524e-14, 5.852661e-16, 5.889968e-16, -1.027891e-15
201.300000, 2.476001e-14, -5.729118e-16, -5.713764e-16, 1.002596e-15
201.400000, -2.405210e-14, 5.535544e-16, 5.566236e-16, -9.729403e-16
201.500000, 2.335454e-14, -5.425427e-16, -5.432001e-16, 9.444100e-16
201.600000, -2.265044e-14, 5.311040e-16, 5.348272e-16, -9.067095e-16
201.700000, 2.196477e-14, -4.990997e-16, -4.973485e-16, 8.972850e-16
201.800000, -2.124323e-14, 5.034471e-16, 5.047598e-16, -8.469551e-16
201.900000, 2.057272e-14, -4.627407e-16, -4.647089e-16, 8.463169e-16
202.000000, -1.985062e-14, 4.727848e-16, 4.699433e-16, -7.919091e-16
202.100000, 1.918364e-14, -4.323524e-16, -4.312600e-16, 7.875848e-16
202.200000, -1.847147e-14, 4.360691e-16, 4.365058e-16, -7.417760e-16
202.300000, 1.777855e-14, -4.125003e-16, -4.105360e-16, 7.193656e-16
202.400000, -1.708980e-14, 3.933178e-16, 4.002985e-16, -6.895605e-16
202.500000, 1.639585e-14, -3.798232e-16, -3.806954e-16, 6.647996e-16
202.600000, -1.570432e-14, 3.611116e-16, 3.639447e-16, -6.376660e-16
202.700000, 1.501588e-14, -3.480819e-16, -3.465571e-16, 6.085987e-16
202.800000, -1.432441e-14, 3.328878e-16, 3.307107e-16, -5.760766e-16
202.900000, 1.363765e-14, -3.160767e-16, -3.152062e-16, 5.512029e-16
203.000000, -1.294406e-14, 3.009134e-16, 3.006959e-16, -5.215687e-16
203.100000, 1.226224e-14, -2.810910e-16, -2.808736e-16, 5.000072e-16
203.200000, -1.156697e-14, 2.675895e-16, 2.717180e-16, -4.658643e-16
203.300000, 1.088672e-14, -2.538841e-16, -2.517123e-16, 4.426140e-16
203.400000, -1.020279e-14, 2.309665e-16, 2.304238e-16, -4.186268e-16
203.500000, 9.514877e-15, -2.210895e-16, -2.234761e-16, 3.816452e-16
203.600000, -8.831213e-15, 1.988611e-16, 2.005960e-16, -3.580368e-16
203.700000, 8.143669e-15, -1.880342e-16, -1.897682e-16, 3.314170e-16
203.800000, -7.466981e-15, 1.704476e-16, 1.681728e-16, -3.062858e-16
203.900000, 6.779968e-15, -1.609986e-16, -1.600783e-16, 2.709476e-16
204.000000, -6.099365e-15, 1.414405e-16, 1.393303e-16, -2.466281e-16
204.100000, 5.420401e-15, -1.256332e-16, -1.233618e-16, 2.209804e-16
204.200000, -4.736319e-15, 1.102199e-16, 1.118415e-16, -1.922766e-16
204.300000, 4.062956e-15, -9.022907e-17, -9.320069e-17, 1.637090e-16
204.400000, -3.379829e-15, 7.968135e-17, 7.976236e-17, -1.346024e-16
204.500000, 2.706762e-15, -6.220796e-17, -6.498776e-17, 1.091136e-16
204.600000, -2.026692e-15, 4.731429e-17, 4.906767e-17, -8.359577e-17
204.700000, 1.349039e-15, -2.917278e-17, -2.886272e-17, 5.593247e-17
204.800000, -6.735635e-16, 1.599408e-17, 1.777269e-17, -2.765614e-17
