x, 11, 12, 21, 22
0.100000, -7.094624e-06, -1.095929e-06, 1.868675e-06, -2.039966e-06
0.200000, -6.900105e-06, -1.036291e-06, 1.928799e-06, -1.862261e-06
0.300000, -6.775897e-06, -9.864759e-07, 1.982839e-06, -1.753632e-06
0.400000, -6.637639e-06, -9.360015e-07, 2.026278e-06, -1.638579e-06
0.500000, -6.507639e-06, -8.912328e-07, 2.062051e-06, -1.539385e-06
0.600000, -6.370156e-06, -8.445533e-07, 2.093235e-06, -1.440231e-06
0.700000, -6.229807e-06, -8.024045e-07, 2.115235e-06, -1.343646e-06
0.800000, -6.080794e-06, -7.602584e-07, 2.129342e-06, -1.246497e-06
0.900000, -5.934983e-06, -7.231570e-07, 2.134838e-06, -1.161192e-06
1.000000, -5.785489e-06, -6.919264e-07, 2.132429e-06, -1.077130e-06
1.100000, -5.636886e-06, -6.645839e-07, 2.120772e-06, -9.986887e-07
1.200000, -5.491941e-06, -6.437545e-07, 2.099631e-06, -9.266520e-07
1.300000, -5.351581e-06, -6.282145e-07, 2.069916e-06, -8.590941e-07
1.400000, -5.214469e-06, -6.199166e-07, 2.032558e-06, -7.972855e-07
1.500000, -5.080862e-06, -6.191850e-07, 1.987471e-06, -7.423411e-07
1.600000, -4.952860e-06, -6.269616e-07, 1.934560e-06, -6.925293e-07
1.700000, -4.828898e-06, -6.385720e-07, 1.875696e-06, -6.476492e-07
1.800000, -4.708342e-06, -6.543848e-07, 1.813561e-06, -6.074027e-07
1.900000, -4.591867e-06, -6.713725e-07, 1.749547e-06, -5.694610e-07
2.000000, -4.477802e-06, -6.889327e-07, 1.685428e-06, -5.330448e-07
2.100000, -4.366977e-06, -7.081230e-07, 1.621511e-06, -4.979889e-07
2.200000, -4.259350e-06, -7.270151e-07, 1.558276e-06, -4.654329e-07
2.300000, -4.156068e-06, -7.462761e-07, 1.495347e-06, -4.344452e-07
2.400000, -4.057131e-06, -7.642685e-07, 1.433038e-06, -4.059962e-07
2.500000, -3.963122e-06, -7.826258e-07, 1.371050e-06, -3.798723e-07
2.600000, -3.873042e-06, -8.003863e-07, 1.311199e-06, -3.567900e-07
2.700000, -3.788912e-06, -8.176796e-07, 1.252150e-06, -3.371398e-07
2.800000, -3.708175e-06, -8.336842e-07, 1.194490e-06, -3.186080e-07
2.900000, -3.630269e-06, -8.491847e-07, 1.139741e-06, -3.014531e-07
3.000000, -3.555408e-06, -8.629772e-07, 1.087810e-06, -2.859013e-07
3.100000, -3.483557e-06, -8.760065e-07, 1.038880e-06, -2.708779e-07
3.200000, -3.413988e-06, -8.882747e-07, 9.929557e-07, -2.564394e-07
3.300000, -3.346052e-06, -8.990682e-07, 9.496177e-07, -2.427199e-07
3.400000, -3.281637e-06, -9.089229e-07, 9.084417e-07, -2.303419e-07
3.500000, -3.218175e-06, -9.177764e-07, 8.702306e-07, -2.189886e-07
3.600000, -3.156964e-06, -9.256428e-07, 8.348727e-07, -2.082920e-07
3.700000, -3.097764e-06, -9.316935e-07, 8.022528e-07, -1.974273e-07
3.800000, -3.040653e-06, -9.371982e-07, 7.717081e-07, -1.874094e-07
3.900000, -2.984963e-06, -9.416474e-07, 7.436018e-07, -1.779316e-07
4.000000, -2.931744e-06, -9.448030e-07, 7.173248e-07, -1.682949e-07
4.100000, -2.880529e-06, -9.474847e-07, 6.917925e-07, -1.594438e-07
4.200000, -2.832065e-06, -9.493892e-07, 6.666502e-07, -1.517947e-07
4.300000, -2.785489e-06, -9.517988e-07, 6.428645e-07, -1.452866e-07
4.400000, -2.740039e-06, -9.528234e-07, 6.203644e-07, -1.395805e-07
4.500000, -2.696539e-06, -9.531047e-07, 5.983078e-07, -1.337549e-07
4.600000, -2.654750e-06, -9.531772e-07, 5.775929e-07, -1.283164e-07
4.700000, -2.614600e-06, -9.529055e-07, 5.574516e-07, -1.243604e-07
4.800000, -2.575947e-06, -9.522447e-07, 5.377904e-07, -1.213484e-07
4.900000, -2.538584e-06, -9.506140e-07, 5.189308e-07, -1.184972e-07
5.000000, -2.502455e-06, -9.487381e-07, 5.003577e-07, -1.162451e-07
5.100000, -2.468457e-06, -9.462818e-07, 4.826803e-07, -1.144577e-07
5.200000, -2.435927e-06, -9.435801e-07, 4.658122e-07, -1.129256e-07
5.300000, -2.403926e-06, -9.402491e-07, 4.502534e-07, -1.118659e-07
5.400000, -2.373752e-06, -9.372368e-07, 4.356543e-07, -1.104813e-07
5.500000, -2.345033e-06, -9.335702e-07, 4.215711e-07, -1.088103e-07
5.600000, -2.316625e-06, -9.293959e-07, 4.084630e-07, -1.075745e-07
5.700000, -2.288883e-06, -9.247480e-07, 3.960879e-07, -1.066538e-07
5.800000, -2.262193e-06, -9.195273e-07, 3.840657e-07, -1.061695e-07
5.900000, -2.235540e-06, -9.137639e-07, 3.725877e-07, -1.056587e-07
6.000000, -2.209545e-06, -9.076346e-07, 3.622065e-07, -1.054137e-07
6.100000, -2.183983e-06, -9.010676e-07, 3.522298e-07, -1.053231e-07
6.200000, -2.157839e-06, -8.942493e-07, 3.429070e-07, -1.053867e-07
6.300000, -2.132002e-06, -8.872007e-07, 3.338448e-07, -1.055468e-07
6.400000, -2.105987e-06, -8.800510e-07, 3.248088e-07, -1.059441e-07
6.500000, -2.079515e-06, -8.727212e-07, 3.157619e-07, -1.066178e-07
6.600000, -2.052511e-06, -8.649233e-07, 3.068248e-07, -1.075258e-07
6.700000, -2.025183e-06, -8.573346e-07, 2.975731e-07, -1.084358e-07
6.800000, -1.997018e-06, -8.497015e-07, 2.878758e-07, -1.096936e-07
6.900000, -1.967968e-06, -8.421015e-07, 2.776217e-07, -1.110015e-07
7.000000, -1.938619e-06, -8.345316e-07, 2.667328e-07, -1.125639e-07
7.100000, -1.908403e-06, -8.268924e-07, 2.553410e-07, -1.142768e-07
7.200000, -1.877182e-06, -8.192432e-07, 2.430270e-07, -1.159360e-07
7.300000, -1.844651e-06, -8.114807e-07, 2.300063e-07, -1.177207e-07
7.400000, -1.810866e-06, -8.038604e-07, 2.158709e-07, -1.199642e-07
7.500000, -1.776353e-06, -7.965593e-07, 2.008339e-07, -1.224667e-07
7.600000, -1.741055e-06, -7.896881e-07, 1.847586e-07, -1.247530e-07
7.700000, -1.704638e-06, -7.825840e-07, 1.680000e-07, -1.270809e-07
7.800000, -1.667018e-06, -7.754946e-07, 1.506332e-07, -1.287247e-07
7.900000, -1.627658e-06, -7.686258e-07, 1.326401e-07, -1.290610e-07
8.000000, -1.586732e-06, -7.617845e-07, 1.140806e-07, -1.286793e-07
8.100000, -1.544812e-06, -7.553511e-07, 9.521005e-08, -1.272988e-07
8.200000, -1.502158e-06, -7.489894e-07, 7.607074e-08, -1.254455e-07
8.300000, -1.458793e-06, -7.427401e-07, 5.670972e-08, -1.228294e-07
8.400000, -1.414758e-06, -7.368182e-07, 3.731596e-08, -1.200009e-07
8.500000, -1.370519e-06, -7.313534e-07, 1.784855e-08, -1.167702e-07
8.600000, -1.326393e-06, -7.259117e-07, -1.701924e-09, -1.131935e-07
8.700000, -1.282569e-06, -7.208614e-07, -2.117838e-08, -1.090585e-07
8.800000, -1.239479e-06, -7.161818e-07, -4.040168e-08, -1.049601e-07
8.900000, -1.196979e-06, -7.118443e-07, -5.915000e-08, -1.006522e-07
9.000000, -1.155246e-06, -7.073920e-07, -7.748999e-08, -9.621087e-08
9.100000, -1.114848e-06, -7.033789e-07, -9.531116e-08, -9.204240e-08
9.200000, -1.075805e-06, -6.998779e-07, -1.125790e-07, -8.783664e-08
9.300000, -1.037424e-06, -6.962959e-07, -1.295525e-07, -8.342101e-08
9.400000, -1.000493e-06, -6.928204e-07, -1.459221e-07, -7.915042e-08
9.500000, -9.647243e-07, -6.894096e-07, -1.613461e-07, -7.522388e-08
9.600000, -9.302607e-07, -6.859253e-07, -1.762710e-07, -7.178329e-08
9.700000, -8.972910e-07, -6.820982e-07, -1.903972e-07, -6.875540e-08
9.800000, -8.655622e-07, -6.780524e-07, -2.035916e-07, -6.580761e-08
9.900000, -8.351931e-07, -6.736245e-07, -2.159381e-07, -6.327253e-08
10.000000, -8.063700e-07, -6.691597e-07, -2.274237e-07, -6.107551e-08
10.100000, -7.790329e-07, -6.644582e-07, -2.382087e-07, -5.936503e-08
10.200000, -7.531982e-07, -6.595100e-07, -2.480256e-07, -5.789545e-08
10.300000, -7.289438e-07, -6.542781e-07, -2.571484e-07, -5.695050e-08
10.400000, -7.058374e-07, -6.484580e-07, -2.654200e-07, -5.654457e-08
10.500000, -6.841366e-07, -6.426451e-07, -2.727673e-07, -5.636446e-08
10.600000, -6.635175e-07, -6.363393e-07, -2.795338e-07, -5.676374e-08
10.700000, -6.436882e-07, -6.300177e-07, -2.852977e-07, -5.725237e-08
10.800000, -6.248830e-07, -6.232323e-07, -2.903228e-07, -5.793533e-08
10.900000, -6.072918e-07, -6.161355e-07, -2.949359e-07, -5.929337e-08
11.000000, -5.906077e-07, -6.087581e-07, -2.990373e-07, -6.094026e-08
11.100000, -5.745403e-07, -6.011662e-07, -3.025803e-07, -6.290890e-08
11.200000, -5.593332e-07, -5.931829e-07, -3.055556e-07, -6.516409e-08
11.300000, -5.445927e-07, -5.850999e-07, -3.081208e-07, -6.736701e-08
11.400000, -5.305254e-07, -5.768070e-07, -3.101258e-07, -6.954544e-08
11.500000, -5.172303e-07, -5.682470e-07, -3.116812e-07, -7.175556e-08
11.600000, -5.042537e-07, -5.596104e-07, -3.127025e-07, -7.366101e-08
11.700000, -4.917900e-07, -5.510002e-07, -3.133674e-07, -7.566985e-08
11.800000, -4.799616e-07, -5.426271e-07, -3.136516e-07, -7.788249e-08
11.900000, -4.686180e-07, -5.341838e-07, -3.135814e-07, -7.985224e-08
12.000000, -4.576522e-07, -5.257628e-07, -3.132161e-07, -8.169006e-08
12.100000, -4.472562e-07, -5.174007e-07, -3.124343e-07, -8.360056e-08
12.200000, -4.371501e-07, -5.092276e-07, -3.115667e-07, -8.553377e-08
12.300000, -4.274168e-07, -5.011071e-07, -3.105200e-07, -8.751391e-08
12.400000, -4.178453e-07, -4.930037e-07, -3.091869e-07, -8.941713e-08
12.500000, -4.084963e-07, -4.849228e-07, -3.076529e-07, -9.111051e-08
12.600000, -3.993307e-07, -4.767922e-07, -3.060708e-07, -9.297794e-08
12.700000, -3.904959e-07, -4.690953e-07, -3.043423e-07, -9.490260e-08
12.800000, -3.819716e-07, -4.614156e-07, -3.026478e-07, -9.676233e-08
12.900000, -3.735538e-07, -4.535808e-07, -3.009105e-07, -9.841159e-08
13.000000, -3.654457e-07, -4.458771e-07, -2.990120e-07, -9.993533e-08
13.100000, -3.574246e-07, -4.382767e-07, -2.969023e-07, -1.011927e-07
13.200000, -3.496744e-07, -4.306287e-07, -2.946543e-07, -1.024883e-07
13.300000, -3.419813e-07, -4.230126e-07, -2.923225e-07, -1.036836e-07
13.400000, -3.346264e-07, -4.155081e-07, -2.898874e-07, -1.048198e-07
13.500000, -3.273039e-07, -4.078635e-07, -2.872870e-07, -1.060966e-07
13.600000, -3.200286e-07, -4.002978e-07, -2.846863e-07, -1.074534e-07
13.700000, -3.128297e-07, -3.926334e-07, -2.821305e-07, -1.089623e-07
13.800000, -3.060142e-07, -3.851697e-07, -2.795327e-07, -1.107239e-07
13.900000, -2.994087e-07, -3.776413e-07, -2.769398e-07, -1.125329e-07
14.000000, -2.928497e-07, -3.700920e-07, -2.742514e-07, -1.142924e-07
14.100000, -2.865150e-07, -3.624487e-07, -2.715653e-07, -1.161816e-07
14.200000, -2.802688e-07, -3.549365e-07, -2.689787e-07, -1.182250e-07
14.300000, -2.742911e-07, -3.474694e-07, -2.664725e-07, -1.204624e-07
14.400000, -2.684692e-07, -3.400161e-07, -2.640901e-07, -1.228354e-07
14.500000, -2.628199e-07, -3.326251e-07, -2.616384e-07, -1.251956e-07
14.600000, -2.575529e-07, -3.253038e-07, -2.592496e-07, -1.273244e-07
14.700000, -2.523969e-07, -3.180957e-07, -2.568497e-07, -1.296078e-07
14.800000, -2.474609e-07, -3.109418e-07, -2.542787e-07, -1.318774e-07
14.900000, -2.423768e-07, -3.038232e-07, -2.515150e-07, -1.339223e-07
15.000000, -2.373764e-07, -2.965941e-07, -2.485944e-07, -1.358562e-07
15.100000, -2.325171e-07, -2.894422e-07, -2.456502e-07, -1.377205e-07
15.200000, -2.276884e-07, -2.823686e-07, -2.426914e-07, -1.394281e-07
15.300000, -2.230167e-07, -2.755417e-07, -2.397587e-07, -1.412461e-07
15.400000, -2.186160e-07, -2.688045e-07, -2.368959e-07, -1.429487e-07
15.500000, -2.143322e-07, -2.622191e-07, -2.340594e-07, -1.444010e-07
15.600000, -2.100508e-07, -2.557828e-07, -2.312315e-07, -1.457233e-07
15.700000, -2.058729e-07, -2.494733e-07, -2.284189e-07, -1.467551e-07
15.800000, -2.019756e-07, -2.432737e-07, -2.255793e-07, -1.476395e-07
15.900000, -1.981806e-07, -2.373913e-07, -2.228258e-07, -1.484524e-07
16.000000, -1.944817e-07, -2.317393e-07, -2.201700e-07, -1.491435e-07
16.100000, -1.907399e-07, -2.261469e-07, -2.175684e-07, -1.497195e-07
16.200000, -1.869498e-07, -2.206271e-07, -2.150052e-07, -1.502000e-07
16.300000, -1.832654e-07, -2.153778e-07, -2.123572e-07, -1.504643e-07
16.400000, -1.795943e-07, -2.103088e-07, -2.097459e-07, -1.507429e-07
16.500000, -1.760472e-07, -2.054981e-07, -2.070235e-07, -1.508376e-07
16.600000, -1.726298e-07, -2.008800e-07, -2.043863e-07, -1.507956e-07
16.700000, -1.691280e-07, -1.962306e-07, -2.017965e-07, -1.507013e-07
16.800000, -1.656748e-07, -1.917162e-07, -1.991570e-07, -1.505001e-07
16.900000, -1.623043e-07, -1.874122e-07, -1.964814e-07, -1.501193e-07
17.000000, -1.588418e-07, -1.831844e-07, -1.938258e-07, -1.497868e-07
17.100000, -1.553839e-07, -1.791750e-07, -1.911422e-07, -1.493236e-07
17.200000, -1.522060e-07, -1.752117e-07, -1.885655e-07, -1.487077e-07
17.300000, -1.489855e-07, -1.712912e-07, -1.861253e-07, -1.482166e-07
17.400000, -1.458354e-07, -1.674757e-07, -1.837630e-07, -1.477914e-07
17.500000, -1.428780e-07, -1.637537e-07, -1.815865e-07, -1.473750e-07
17.600000, -1.398763e-07, -1.600785e-07, -1.793510e-07, -1.468321e-07
17.700000, -1.369109e-07, -1.565482e-07, -1.770580e-07, -1.462031e-07
17.800000, -1.339693e-07, -1.531073e-07, -1.748056e-07, -1.455523e-07
17.900000, -1.310477e-07, -1.498002e-07, -1.726889e-07, -1.448445e-07
18.000000, -1.280922e-07, -1.466397e-07, -1.706644e-07, -1.441624e-07
18.100000, -1.253020e-07, -1.435263e-07, -1.687291e-07, -1.436943e-07
18.200000, -1.225869e-07, -1.406093e-07, -1.668498e-07, -1.430200e-07
18.300000, -1.197811e-07, -1.377534e-07, -1.651189e-07, -1.423627e-07
18.400000, -1.173189e-07, -1.350812e-07, -1.633485e-07, -1.415597e-07
18.500000, -1.151290e-07, -1.326441e-07, -1.616126e-07, -1.407801e-07
18.600000, -1.129317e-07, -1.302463e-07, -1.599505e-07, -1.400412e-07
18.700000, -1.107880e-07, -1.278478e-07, -1.582597e-07, -1.391627e-07
18.800000, -1.085651e-07, -1.255711e-07, -1.566627e-07, -1.382211e-07
18.900000, -1.062632e-07, -1.232789e-07, -1.551237e-07, -1.371929e-07
19.000000, -1.041322e-07, -1.211182e-07, -1.535485e-07, -1.361461e-07
19.100000, -1.019259e-07, -1.190262e-07, -1.520738e-07, -1.350572e-07
19.200000, -9.976822e-08, -1.169313e-07, -1.506458e-07, -1.339442e-07
19.300000, -9.764842e-08, -1.149503e-07, -1.491263e-07, -1.326219e-07
19.400000, -9.556646e-08, -1.130063e-07, -1.476291e-07, -1.311940e-07
19.500000, -9.350941e-08, -1.111372e-07, -1.461004e-07, -1.297094e-07
19.600000, -9.137360e-08, -1.093153e-07, -1.445507e-07, -1.281450e-07
19.700000, -8.923681e-08, -1.075930e-07, -1.429425e-07, -1.264660e-07
19.800000, -8.724046e-08, -1.059173e-07, -1.414028e-07, -1.248316e-07
19.900000, -8.532210e-08, -1.042925e-07, -1.398567e-07, -1.232276e-07
20.000000, -8.340299e-08, -1.025857e-07, -1.382559e-07, -1.218533e-07
20.100000, -8.161047e-08, -1.009530e-07, -1.365352e-07, -1.203831e-07
20.200000, -7.992069e-08, -9.937459e-08, -1.349209e-07, -1.191049e-07
20.300000, -7.826412e-08, -9.774627e-08, -1.333047e-07, -1.180230e-07
20.400000, -7.668613e-08, -9.613331e-08, -1.316573e-07, -1.169269e-07
20.500000, -7.510746e-08, -9.451275e-08, -1.299907e-07, -1.159013e-07
20.600000, -7.360775e-08, -9.288908e-08, -1.283612e-07, -1.149528e-07
20.700000, -7.209873e-08, -9.119818e-08, -1.268242e-07, -1.142675e-07
20.800000, -7.048052e-08, -8.948473e-08, -1.253891e-07, -1.136376e-07
20.900000, -6.878892e-08, -8.776416e-08, -1.240064e-07, -1.131713e-07
21.000000, -6.710969e-08, -8.608861e-08, -1.226273e-07, -1.126920e-07
21.100000, -6.577556e-08, -8.444236e-08, -1.212195e-07, -1.122865e-07
21.200000, -6.457128e-08, -8.285255e-08, -1.197596e-07, -1.119446e-07
21.300000, -6.341017e-08, -8.120144e-08, -1.182942e-07, -1.116686e-07
21.400000, -6.237021e-08, -7.956130e-08, -1.168247e-07, -1.114612e-07
21.500000, -6.140129e-08, -7.788129e-08, -1.153021e-07, -1.112383e-07
21.600000, -6.038246e-08, -7.623147e-08, -1.137266e-07, -1.109460e-07
21.700000, -5.952188e-08, -7.458909e-08, -1.121533e-07, -1.107293e-07
21.800000, -5.870903e-08, -7.296079e-08, -1.106271e-07, -1.105797e-07
21.900000, -5.774403e-08, -7.132634e-08, -1.090992e-07, -1.102111e-07
22.000000, -5.680189e-08, -6.965505e-08, -1.075718e-07, -1.098248e-07
22.100000, -5.592860e-08, -6.801216e-08, -1.060842e-07, -1.093951e-07
22.200000, -5.496057e-08, -6.637597e-08, -1.046885e-07, -1.088872e-07
22.300000, -5.418431e-08, -6.496357e-08, -1.033785e-07, -1.083515e-07
22.400000, -5.344966e-08, -6.361977e-08, -1.020887e-07, -1.078051e-07
22.500000, -5.280027e-08, -6.231980e-08, -1.008168e-07, -1.071107e-07
22.600000, -5.209929e-08, -6.113563e-08, -9.955047e-08, -1.063105e-07
22.700000, -5.139679e-08, -6.002813e-08, -9.828788e-08, -1.053786e-07
22.800000, -5.083066e-08, -5.899481e-08, -9.702249e-08, -1.045244e-07
22.900000, -5.028544e-08, -5.806180e-08, -9.581531e-08, -1.037028e-07
23.000000, -4.984998e-08, -5.727786e-08, -9.459482e-08, -1.027196e-07
23.100000, -4.934660e-08, -5.653151e-08, -9.333122e-08, -1.016048e-07
23.200000, -4.888801e-08, -5.586942e-08, -9.205964e-08, -1.004081e-07
23.300000, -4.826082e-08, -5.520978e-08, -9.092828e-08, -9.930897e-08
23.400000, -4.753144e-08, -5.455562e-08, -8.988780e-08, -9.826918e-08
23.500000, -4.687242e-08, -5.395588e-08, -8.885956e-08, -9.711923e-08
23.600000, -4.619613e-08, -5.339005e-08, -8.783562e-08, -9.589386e-08
23.700000, -4.552385e-08, -5.288279e-08, -8.684407e-08, -9.466987e-08
23.800000, -4.473042e-08, -5.232656e-08, -8.596170e-08, -9.354270e-08
23.900000, -4.388039e-08, -5.182476e-08, -8.513390e-08, -9.240516e-08
24.000000, -4.295018e-08, -5.136297e-08, -8.433788e-08, -9.120291e-08
24.100000, -4.205326e-08, -5.095921e-08, -8.364217e-08, -9.014175e-08
24.200000, -4.119512e-08, -5.057855e-08, -8.295201e-08, -8.914898e-08
24.300000, -4.035853e-08, -5.021530e-08, -8.227465e-08, -8.830390e-08
24.400000, -3.954005e-08, -4.980922e-08, -8.166310e-08, -8.754304e-08
24.500000, -3.859888e-08, -4.943002e-08, -8.106081e-08, -8.673979e-08
24.600000, -3.757916e-08, -4.903339e-08, -8.049153e-08, -8.591182e-08
24.700000, -3.665723e-08, -4.861795e-08, -7.996675e-08, -8.526045e-08
24.800000, -3.581817e-08, -4.822800e-08, -7.937045e-08, -8.450371e-08
24.900000, -3.506148e-08, -4.786086e-08, -7.879812e-08, -8.372833e-08
25.000000, -3.424123e-08, -4.750140e-08, -7.823468e-08, -8.296927e-08
25.100000, -3.340108e-08, -4.713221e-08, -7.761994e-08, -8.213997e-08
25.200000, -3.258998e-08, -4.677320e-08, -7.700245e-08, -8.134749e-08
25.300000, -3.172389e-08, -4.633539e-08, -7.641100e-08, -8.058842e-08
25.400000, -3.089276e-08, -4.589458e-08, -7.586275e-08, -7.983285e-08
25.500000, -3.013107e-08, -4.546877e-08, -7.527379e-08, -7.906858e-08
25.600000, -2.943769e-08, -4.506895e-08, -7.468364e-08, -7.834878e-08
25.700000, -2.874719e-08, -4.468696e-08, -7.408468e-08, -7.759015e-08
25.800000, -2.804400e-08, -4.434126e-08, -7.347990e-08, -7.685277e-08
25.900000, -2.743129e-08, -4.405017e-08, -7.288290e-08, -7.614545e-08
26.000000, -2.689665e-08, -4.380286e-08, -7.229527e-08, -7.543940e-08
26.100000, -2.647100e-08, -4.364987e-08, -7.167542e-08, -7.469178e-08
26.200000, -2.607165e-08, -4.354114e-08, -7.102164e-08, -7.385534e-08
26.300000, -2.566305e-08, -4.344893e-08, -7.035331e-08, -7.291214e-08
26.400000, -2.521638e-08, -4.341336e-08, -6.963930e-08, -7.193100e-08
26.500000, -2.484381e-08, -4.344555e-08, -6.898607e-08, -7.098679e-08
26.600000, -2.449365e-08, -4.345297e-08, -6.837430e-08, -7.001607e-08
26.700000, -2.417164e-08, -4.347882e-08, -6.773980e-08, -6.908812e-08
26.800000, -2.383018e-08, -4.344407e-08, -6.712745e-08, -6.816972e-08
26.900000, -2.351268e-08, -4.344221e-08, -6.654625e-08, -6.722347e-08
27.000000, -2.320355e-08, -4.344859e-08, -6.599854e-08, -6.632595e-08
27.100000, -2.295845e-08, -4.349094e-08, -6.547623e-08, -6.545406e-08
27.200000, -2.273790e-08, -4.358173e-08, -6.489477e-08, -6.451692e-08
27.300000, -2.237152e-08, -4.359968e-08, -6.434469e-08, -6.353752e-08
27.400000, -2.186658e-08, -4.359147e-08, -6.375598e-08, -6.251703e-08
27.500000, -2.142416e-08, -4.360007e-08, -6.315157e-08, -6.146547e-08
27.600000, -2.094924e-08, -4.356657e-08, -6.257776e-08, -6.043345e-08
27.700000, -2.046286e-08, -4.348145e-08, -6.206606e-08, -5.963120e-08
27.800000, -1.996163e-08, -4.339940e-08, -6.154267e-08, -5.882439e-08
27.900000, -1.944078e-08, -4.323740e-08, -6.103128e-08, -5.817899e-08
28.000000, -1.894501e-08, -4.306760e-08, -6.050165e-08, -5.759335e-08
28.100000, -1.856392e-08, -4.290538e-08, -5.997967e-08, -5.702774e-08
28.200000, -1.816329e-08, -4.274648e-08, -5.945951e-08, -5.645110e-08
28.300000, -1.779600e-08, -4.260334e-08, -5.892244e-08, -5.582416e-08
28.400000, -1.734183e-08, -4.238590e-08, -5.842484e-08, -5.529631e-08
28.500000, -1.673782e-08, -4.206908e-08, -5.802485e-08, -5.479842e-08
28.600000, -1.609958e-08, -4.176644e-08, -5.769128e-08, -5.430930e-08
28.700000, -1.557457e-08, -4.152383e-08, -5.736985e-08, -5.387138e-08
28.800000, -1.522073e-08, -4.134764e-08, -5.706184e-08, -5.347811e-08
28.900000, -1.500787e-08, -4.121378e-08, -5.671447e-08, -5.308065e-08
29.000000, -1.473714e-08, -4.106331e-08, -5.639406e-08, -5.273341e-08
29.100000, -1.444761e-08, -4.091263e-08, -5.602966e-08, -5.235001e-08
29.200000, -1.415226e-08, -4.076222e-08, -5.566915e-08, -5.184981e-08
29.300000, -1.387384e-08, -4.062240e-08, -5.529424e-08, -5.135442e-08
29.400000, -1.351844e-08, -4.047650e-08, -5.492979e-08, -5.084618e-08
29.500000, -1.308644e-08, -4.029849e-08, -5.455654e-08, -5.034244e-08
29.600000, -1.266118e-08, -4.014630e-08, -5.418619e-08, -4.980194e-08
29.700000, -1.221909e-08, -3.999535e-08, -5.382850e-08, -4.928413e-08
29.800000, -1.175826e-08, -3.989360e-08, -5.342911e-08, -4.873117e-08
29.900000, -1.124440e-08, -3.976999e-08, -5.301848e-08, -4.810119e-08
30.000000, -1.077339e-08, -3.966293e-08, -5.255920e-08, -4.742018e-08
30.100000, -1.035683e-08, -3.954086e-08, -5.204108e-08, -4.674909e-08
30.200000, -1.006155e-08, -3.940070e-08, -5.151546e-08, -4.615720e-08
30.300000, -9.826655e-09, -3.927378e-08, -5.095430e-08, -4.557786e-08
30.400000, -9.664577e-09, -3.915829e-08, -5.040040e-08, -4.501432e-08
30.500000, -9.522870e-09, -3.903890e-08, -4.985624e-08, -4.451415e-08
30.600000, -9.548561e-09, -3.893071e-08, -4.923828e-08, -4.406755e-08
30.700000, -9.639274e-09, -3.886908e-08, -4.855045e-08, -4.345009e-08
30.800000, -9.736613e-09, -3.877586e-08, -4.787162e-08, -4.282820e-08
30.900000, -9.848797e-09, -3.862282e-08, -4.720299e-08, -4.223703e-08
31.000000, -9.924720e-09, -3.842950e-08, -4.651661e-08, -4.165426e-08
31.100000, -9.997100e-09, -3.818747e-08, -4.585198e-08, -4.110607e-08
31.200000, -1.010710e-08, -3.792798e-08, -4.519539e-08, -4.060154e-08
31.300000, -1.022551e-08, -3.767558e-08, -4.456798e-08, -4.008431e-08
31.400000, -1.034689e-08, -3.738330e-08, -4.396127e-08, -3.958715e-08
31.500000, -1.056365e-08, -3.710177e-08, -4.337785e-08, -3.918738e-08
31.600000, -1.082847e-08, -3.681286e-08, -4.283724e-08, -3.879963e-08
31.700000, -1.106925e-08, -3.648896e-08, -4.233794e-08, -3.847641e-08
31.800000, -1.129489e-08, -3.617855e-08, -4.185069e-08, -3.813688e-08
31.900000, -1.156168e-08, -3.588157e-08, -4.137859e-08, -3.777089e-08
32.000000, -1.183718e-08, -3.554630e-08, -4.091646e-08, -3.749362e-08
32.100000, -1.206994e-08, -3.521843e-08, -4.050052e-08, -3.720353e-08
32.200000, -1.219525e-08, -3.491094e-08, -4.006651e-08, -3.674022e-08
32.300000, -1.226296e-08, -3.461433e-08, -3.967011e-08, -3.623979e-08
32.400000, -1.231808e-08, -3.435725e-08, -3.932208e-08, -3.575989e-08
32.500000, -1.244057e-08, -3.415201e-08, -3.893521e-08, -3.526199e-08
32.600000, -1.255689e-08, -3.399652e-08, -3.854155e-08, -3.465953e-08
32.700000, -1.266825e-08, -3.392170e-08, -3.808823e-08, -3.394194e-08
32.800000, -1.275606e-08, -3.388026e-08, -3.760905e-08, -3.309303e-08
32.900000, -1.297364e-08, -3.393022e-08, -3.705847e-08, -3.211728e-08
33.000000, -1.331365e-08, -3.402304e-08, -3.646707e-08, -3.114295e-08
33.100000, -1.374313e-08, -3.417611e-08, -3.583166e-08, -3.011140e-08
33.200000, -1.438580e-08, -3.444272e-08, -3.510851e-08, -2.901294e-08
33.300000, -1.515581e-08, -3.476196e-08, -3.434929e-08, -2.790086e-08
33.400000, -1.609383e-08, -3.519037e-08, -3.354087e-08, -2.673164e-08
33.500000, -1.719465e-08, -3.570168e-08, -3.268649e-08, -2.552198e-08
33.600000, -1.829021e-08, -3.623466e-08, -3.188415e-08, -2.433837e-08
33.700000, -1.948001e-08, -3.679530e-08, -3.106791e-08, -2.314315e-08
33.800000, -2.070253e-08, -3.738602e-08, -3.023790e-08, -2.194648e-08
33.900000, -2.188589e-08, -3.796028e-08, -2.942792e-08, -2.076960e-08
34.000000, -2.308576e-08, -3.853160e-08, -2.865527e-08, -1.959099e-08
34.100000, -2.429393e-08, -3.911102e-08, -2.789757e-08, -1.841432e-08
34.200000, -2.557670e-08, -3.968973e-08, -2.713809e-08, -1.732218e-08
34.300000, -2.685813e-08, -4.021567e-08, -2.640475e-08, -1.629728e-08
34.400000, -2.812955e-08, -4.066620e-08, -2.570344e-08, -1.545255e-08
34.500000, -2.932514e-08, -4.102892e-08, -2.505975e-08, -1.472671e-08
34.600000, -3.044040e-08, -4.130299e-08, -2.446429e-08, -1.414208e-08
34.700000, -3.133993e-08, -4.140698e-08, -2.397338e-08, -1.377440e-08
34.800000, -3.205198e-08, -4.136193e-08, -2.353230e-08, -1.353379e-08
34.900000, -3.249237e-08, -4.112806e-08, -2.318744e-08, -1.344593e-08
35.000000, -3.259208e-08, -4.066010e-08, -2.296047e-08, -1.356220e-08
35.100000, -3.227334e-08, -3.997648e-08, -2.287314e-08, -1.389785e-08
35.200000, -3.163113e-08, -3.905791e-08, -2.291220e-08, -1.444536e-08
35.300000, -3.056643e-08, -3.785441e-08, -2.308815e-08, -1.529679e-08
35.400000, -2.906255e-08, -3.636336e-08, -2.340194e-08, -1.639878e-08
35.500000, -2.701387e-08, -3.451569e-08, -2.390427e-08, -1.787832e-08
35.600000, -2.478586e-08, -3.247639e-08, -2.442010e-08, -1.955084e-08
35.700000, -2.256204e-08, -3.042415e-08, -2.482099e-08, -2.104116e-08
35.800000, -2.038335e-08, -2.833980e-08, -2.508622e-08, -2.242688e-08
35.900000, -1.827143e-08, -2.627824e-08, -2.519021e-08, -2.358375e-08
36.000000, -1.619178e-08, -2.426471e-08, -2.518301e-08, -2.453635e-08
36.100000, -1.420440e-08, -2.226329e-08, -2.506119e-08, -2.535061e-08
36.200000, -1.228336e-08, -2.031601e-08, -2.486601e-08, -2.605022e-08
36.300000, -1.049095e-08, -1.845810e-08, -2.459544e-08, -2.660536e-08
36.400000, -8.920014e-09, -1.670477e-08, -2.424135e-08, -2.706755e-08
36.500000, -7.463680e-09, -1.506311e-08, -2.383997e-08, -2.737674e-08
36.600000, -6.231058e-09, -1.354117e-08, -2.338927e-08, -2.757962e-08
36.700000, -5.108613e-09, -1.213528e-08, -2.291637e-08, -2.774870e-08
36.800000, -4.095748e-09, -1.086402e-08, -2.243441e-08, -2.784129e-08
36.900000, -3.256483e-09, -9.658254e-09, -2.194868e-08, -2.784338e-08
37.000000, -2.611060e-09, -8.613572e-09, -2.144944e-08, -2.782946e-08
37.100000, -2.063985e-09, -7.634277e-09, -2.098580e-08, -2.774911e-08
37.200000, -1.629195e-09, -6.743538e-09, -2.054260e-08, -2.764402e-08
37.300000, -1.356689e-09, -5.989443e-09, -2.007258e-08, -2.752039e-08
37.400000, -1.224332e-09, -5.308679e-09, -1.960181e-08, -2.733664e-08
37.500000, -1.253081e-09, -4.723865e-09, -1.910905e-08, -2.712491e-08
37.600000, -1.394302e-09, -4.205197e-09, -1.859259e-08, -2.687280e-08
37.700000, -1.622359e-09, -3.747695e-09, -1.807777e-08, -2.658612e-08
37.800000, -1.881441e-09, -3.325346e-09, -1.754963e-08, -2.628031e-08
37.900000, -2.276482e-09, -2.932423e-09, -1.702664e-08, -2.602572e-08
38.000000, -2.716366e-09, -2.528104e-09, -1.650631e-08, -2.582664e-08
38.100000, -3.065734e-09, -2.125725e-09, -1.599361e-08, -2.563452e-08
38.200000, -3.357802e-09, -1.683860e-09, -1.552085e-08, -2.543535e-08
38.300000, -3.727718e-09, -1.253070e-09, -1.503950e-08, -2.529028e-08
38.400000, -3.978270e-09, -8.459534e-10, -1.459017e-08, -2.512193e-08
38.500000, -4.181741e-09, -4.298895e-10, -1.415957e-08, -2.497059e-08
38.600000, -4.392849e-09, -2.964754e-13, -1.373714e-08, -2.481097e-08
38.700000, -4.594032e-09, 3.888359e-10, -1.331841e-08, -2.465787e-08
38.800000, -4.730061e-09, 7.843471e-10, -1.289864e-08, -2.449896e-08
38.900000, -4.802605e-09, 1.164309e-09, -1.250719e-08, -2.433964e-08
39.000000, -4.823612e-09, 1.547991e-09, -1.212769e-08, -2.417852e-08
39.100000, -4.744491e-09, 1.921289e-09, -1.176160e-08, -2.399956e-08
39.200000, -4.737907e-09, 2.241412e-09, -1.139458e-08, -2.379754e-08
39.300000, -4.724753e-09, 2.513682e-09, -1.101668e-08, -2.357593e-08
39.400000, -4.693950e-09, 2.769756e-09, -1.066050e-08, -2.340543e-08
39.500000, -4.634921e-09, 2.997176e-09, -1.030639e-08, -2.315095e-08
39.600000, -4.492533e-09, 3.182831e-09, -9.958535e-09, -2.280930e-08
39.700000, -4.311846e-09, 3.370936e-09, -9.643767e-09, -2.245243e-08
39.800000, -4.087936e-09, 3.531863e-09, -9.369245e-09, -2.207702e-08
39.900000, -3.831006e-09, 3.630195e-09, -9.098356e-09, -2.162429e-08
40.000000, -3.539015e-09, 3.743112e-09, -8.846387e-09, -2.117052e-08
40.100000, -3.238166e-09, 3.839545e-09, -8.637790e-09, -2.067966e-08
40.200000, -2.953533e-09, 3.931735e-09, -8.431571e-09, -2.020155e-08
40.300000, -2.698909e-09, 3.960638e-09, -8.244707e-09, -1.970153e-08
40.400000, -2.485031e-09, 3.957222e-09, -8.066537e-09, -1.919380e-08
40.500000, -2.249041e-09, 3.931915e-09, -7.899389e-09, -1.864816e-08
40.600000, -2.117235e-09, 3.855015e-09, -7.690902e-09, -1.809034e-08
40.700000, -2.033985e-09, 3.818242e-09, -7.488291e-09, -1.757251e-08
40.800000, -1.971652e-09, 3.756679e-09, -7.308948e-09, -1.709062e-08
40.900000, -1.951129e-09, 3.704270e-09, -7.105526e-09, -1.666358e-08
41.000000, -1.933055e-09, 3.673522e-09, -6.950423e-09, -1.627905e-08
41.100000, -1.890217e-09, 3.652249e-09, -6.793913e-09, -1.594445e-08
41.200000, -1.875392e-09, 3.652520e-09, -6.624670e-09, -1.565326e-08
41.300000, -1.785507e-09, 3.736435e-09, -6.457243e-09, -1.539844e-08
41.400000, -1.596255e-09, 3.853682e-09, -6.306073e-09, -1.517707e-08
41.500000, -1.322465e-09, 4.079707e-09, -6.168555e-09, -1.498128e-08
41.600000, -9.081982e-10, 4.385180e-09, -6.058462e-09, -1.484969e-08
41.700000, -3.524402e-10, 4.791735e-09, -5.928365e-09, -1.473853e-08
41.800000, 3.366130e-10, 5.308108e-09, -5.805903e-09, -1.459926e-08
41.900000, 1.100367e-09, 5.899296e-09, -5.636972e-09, -1.447770e-08
42.000000, 2.026547e-09, 6.584595e-09, -5.464076e-09, -1.441902e-08
42.100000, 3.043872e-09, 7.364596e-09, -5.291200e-09, -1.442477e-08
42.200000, 4.201914e-09, 8.215733e-09, -5.126501e-09, -1.446878e-08
42.300000, 5.460513e-09, 9.116574e-09, -4.991049e-09, -1.458111e-08
42.400000, 6.835751e-09, 1.010120e-08, -4.914170e-09, -1.478481e-08
42.500000, 8.347918e-09, 1.110608e-08, -4.906430e-09, -1.501667e-08
42.600000, 9.951842e-09, 1.214583e-08, -4.956812e-09, -1.531454e-08
42.700000, 1.163972e-08, 1.318796e-08, -5.119594e-09, -1.573900e-08
42.800000, 1.335093e-08, 1.420198e-08, -5.387850e-09, -1.626893e-08
42.900000, 1.506412e-08, 1.518758e-08, -5.767325e-09, -1.687125e-08
43.000000, 1.676536e-08, 1.610550e-08, -6.255883e-09, -1.760505e-08
43.100000, 1.843198e-08, 1.694694e-08, -6.810640e-09, -1.839142e-08
43.200000, 2.008815e-08, 1.773426e-08, -7.496083e-09, -1.929034e-08
43.300000, 2.149878e-08, 1.835976e-08, -8.130431e-09, -2.010237e-08
43.400000, 2.248574e-08, 1.868284e-08, -8.612398e-09, -2.060462e-08
43.500000, 2.313068e-08, 1.877889e-08, -9.017083e-09, -2.087584e-08
43.600000, 2.342544e-08, 1.865239e-08, -9.295488e-09, -2.093894e-08
43.700000, 2.341606e-08, 1.830143e-08, -9.481363e-09, -2.077440e-08
43.800000, 2.317569e-08, 1.783005e-08, -9.560884e-09, -2.045229e-08
43.900000, 2.268531e-08, 1.721126e-08, -9.573807e-09, -1.996831e-08
44.000000, 2.199784e-08, 1.646590e-08, -9.510495e-09, -1.935729e-08
44.100000, 2.113292e-08, 1.561087e-08, -9.405668e-09, -1.868470e-08
44.200000, 2.013978e-08, 1.468407e-08, -9.233155e-09, -1.792622e-08
44.300000, 1.906250e-08, 1.373064e-08, -9.000295e-09, -1.708369e-08
44.400000, 1.790912e-08, 1.274472e-08, -8.694236e-09, -1.617997e-08
44.500000, 1.677246e-08, 1.176107e-08, -8.368478e-09, -1.521876e-08
44.600000, 1.561890e-08, 1.081952e-08, -8.006562e-09, -1.421839e-08
44.700000, 1.445656e-08, 9.884432e-09, -7.634281e-09, -1.326002e-08
44.800000, 1.334520e-08, 9.002514e-09, -7.252425e-09, -1.228883e-08
44.900000, 1.226233e-08, 8.200010e-09, -6.844401e-09, -1.133511e-08
45.000000, 1.120000e-08, 7.399475e-09, -6.416680e-09, -1.037102e-08
45.100000, 1.021597e-08, 6.656929e-09, -5.997853e-09, -9.448451e-09
45.200000, 9.249313e-09, 5.939851e-09, -5.592927e-09, -8.553653e-09
45.300000, 8.319573e-09, 5.287752e-09, -5.181941e-09, -7.710632e-09
45.400000, 7.488487e-09, 4.692554e-09, -4.789826e-09, -6.907527e-09
45.500000, 6.685085e-09, 4.170662e-09, -4.406292e-09, -6.152634e-09
45.600000, 6.007614e-09, 3.690071e-09, -4.074719e-09, -5.449595e-09
45.700000, 5.406850e-09, 3.284950e-09, -3.779426e-09, -4.835654e-09
45.800000, 4.899939e-09, 2.934203e-09, -3.523209e-09, -4.332441e-09
45.900000, 4.476084e-09, 2.641584e-09, -3.320394e-09, -3.962314e-09
46.000000, 4.135204e-09, 2.400309e-09, -3.153307e-09, -3.614110e-09
46.100000, 3.799846e-09, 2.180519e-09, -3.033917e-09, -3.331981e-09
46.200000, 3.539077e-09, 1.994863e-09, -2.920655e-09, -3.107141e-09
46.300000, 3.305506e-09, 1.801094e-09, -2.831412e-09, -2.899818e-09
46.400000, 3.079624e-09, 1.654189e-09, -2.750942e-09, -2.710632e-09
46.500000, 2.872681e-09, 1.537024e-09, -2.662876e-09, -2.548640e-09
46.600000, 2.667152e-09, 1.415249e-09, -2.583379e-09, -2.369304e-09
46.700000, 2.484782e-09, 1.328943e-09, -2.486309e-09, -2.215068e-09
46.800000, 2.286977e-09, 1.224648e-09, -2.405082e-09, -2.056600e-09
46.900000, 2.092010e-09, 1.103543e-09, -2.312028e-09, -1.886491e-09
47.000000, 1.914162e-09, 9.870737e-10, -2.194305e-09, -1.745202e-09
47.100000, 1.752973e-09, 8.669899e-10, -2.104883e-09, -1.595836e-09
47.200000, 1.587185e-09, 7.633491e-10, -1.987726e-09, -1.463347e-09
47.300000, 1.402700e-09, 6.777880e-10, -1.857115e-09, -1.326127e-09
47.400000, 1.252368e-09, 5.904882e-10, -1.753421e-09, -1.175380e-09
47.500000, 1.121488e-09, 4.955676e-10, -1.647324e-09, -1.029780e-09
47.600000, 1.037584e-09, 4.185176e-10, -1.542616e-09, -9.178361e-10
47.700000, 9.453939e-10, 3.396464e-10, -1.453440e-09, -8.119536e-10
47.800000, 8.616756e-10, 3.040468e-10, -1.344354e-09, -7.121889e-10
47.900000, 7.691552e-10, 2.504022e-10, -1.270133e-09, -6.577791e-10
48.000000, 6.638223e-10, 1.750226e-10, -1.205460e-09, -6.118098e-10
48.100000, 5.933247e-10, 1.143065e-10, -1.148492e-09, -5.626386e-10
48.200000, 5.415981e-10, 5.058326e-11, -1.093152e-09, -5.257266e-10
48.300000, 5.098189e-10, -1.184786e-11, -1.062838e-09, -4.818420e-10
48.400000, 4.673105e-10, -5.608312e-11, -1.030519e-09, -4.369781e-10
48.500000, 4.397067e-10, -7.614987e-11, -9.875048e-10, -3.917710e-10
48.600000, 4.364693e-10, -8.460903e-11, -9.389607e-10, -3.371784e-10
48.700000, 4.489811e-10, -8.095370e-11, -9.157509e-10, -2.869438e-10
48.800000, 4.442573e-10, -1.058343e-10, -8.831243e-10, -2.483991e-10
48.900000, 4.341956e-10, -1.403142e-10, -8.523777e-10, -2.366721e-10
49.000000, 4.224264e-10, -1.865916e-10, -8.387390e-10, -2.217340e-10
49.100000, 4.089280e-10, -1.897876e-10, -8.232715e-10, -1.993692e-10
49.200000, 3.821754e-10, -2.100196e-10, -7.912187e-10, -1.528844e-10
49.300000, 3.521721e-10, -2.141483e-10, -7.670119e-10, -1.117881e-10
49.400000, 3.182318e-10, -2.173610e-10, -7.372586e-10, -9.782608e-11
49.500000, 2.897011e-10, -2.344779e-10, -7.440892e-10, -5.303906e-11
49.600000, 2.722738e-10, -2.424148e-10, -7.343558e-10, -2.191940e-11
49.700000, 2.182828e-10, -2.469775e-10, -7.345889e-10, -3.884362e-11
49.800000, 1.748130e-10, -2.654616e-10, -7.270343e-10, -1.404658e-12
49.900000, 1.224178e-10, -2.716545e-10, -7.110291e-10, 3.449461e-11
50.000000, 8.185200e-11, -2.756876e-10, -6.902321e-10, 7.110087e-11
50.100000, 4.945849e-11, -2.945833e-10, -6.400731e-10, 9.951362e-11
50.200000, 3.422880e-11, -3.001804e-10, -5.844187e-10, 1.349546e-10
50.300000, 2.735113e-11, -2.712101e-10, -5.037530e-10, 1.747636e-10
50.400000, 1.084228e-11, -2.666923e-10, -4.474288e-10, 2.296996e-10
50.500000, 1.321937e-11, -2.789846e-10, -3.607656e-10, 2.446928e-10
50.600000, -3.018754e-11, -2.750984e-10, -2.993691e-10, 2.225001e-10
50.700000, -6.372798e-11, -2.668460e-10, -2.528501e-10, 2.304018e-10
50.800000, -8.951855e-11, -2.842797e-10, -1.967194e-10, 1.828384e-10
50.900000, -1.083698e-10, -2.852596e-10, -1.420981e-10, 1.532556e-10
51.000000, -1.240155e-10, -2.779044e-10, -1.230862e-10, 1.190192e-10
51.100000, -1.573239e-10, -2.583172e-10, -1.234585e-10, 5.624689e-11
51.200000, -1.593057e-10, -2.372124e-10, -1.252388e-10, 1.617484e-12
51.300000, -1.566859e-10, -2.268919e-10, -1.311926e-10, -5.104513e-11
51.400000, -1.301263e-10, -1.883897e-10, -1.307870e-10, -9.609013e-11
51.500000, -1.151763e-10, -1.748148e-10, -1.550692e-10, -1.530224e-10
51.600000, -1.103325e-10, -1.689973e-10, -1.978105e-10, -2.028431e-10
51.700000, -1.101803e-10, -1.669918e-10, -2.466238e-10, -2.657208e-10
51.800000, -1.187633e-10, -1.617519e-10, -2.841204e-10, -2.937566e-10
51.900000, -1.430184e-10, -1.372806e-10, -3.049365e-10, -3.110540e-10
52.000000, -1.708701e-10, -1.060351e-10, -3.124260e-10, -3.412174e-10
52.100000, -2.055705e-10, -1.061248e-10, -3.195333e-10, -3.463928e-10
52.200000, -2.283986e-10, -1.329419e-10, -3.335512e-10, -3.667209e-10
52.300000, -1.965794e-10, -1.496962e-10, -3.223065e-10, -3.994543e-10
52.400000, -1.696949e-10, -1.321695e-10, -2.958236e-10, -3.765847e-10
52.500000, -1.431354e-10, -9.838094e-11, -2.809105e-10, -3.639331e-10
52.600000, -1.427733e-10, -1.249670e-10, -2.772310e-10, -3.888737e-10
52.700000, -1.318695e-10, -1.403263e-10, -3.184096e-10, -4.013506e-10
52.800000, -6.782020e-11, -1.443500e-10, -3.539614e-10, -4.059876e-10
52.900000, -8.422372e-12, -1.465590e-10, -3.738866e-10, -4.027960e-10
53.000000, 4.592941e-11, -1.513301e-10, -3.658062e-10, -3.954622e-10
53.100000, 7.569795e-11, -1.349505e-10, -3.826680e-10, -3.867098e-10
53.200000, 1.180675e-10, -1.227928e-10, -3.990272e-10, -3.852540e-10
53.300000, 1.307919e-10, -1.062550e-10, -3.826661e-10, -3.731697e-10
53.400000, 1.519066e-10, -9.869005e-11, -3.538033e-10, -3.668264e-10
53.500000, 1.751450e-10, -9.890403e-11, -3.693299e-10, -3.664110e-10
53.600000, 1.755462e-10, -9.173736e-11, -3.563006e-10, -3.749233e-10
53.700000, 1.700254e-10, -1.233668e-10, -3.241217e-10, -3.909156e-10
53.800000, 1.360718e-10, -1.361892e-10, -3.279025e-10, -4.158410e-10
53.900000, 9.856022e-11, -1.594060e-10, -3.346464e-10, -4.713670e-10
54.000000, 6.781754e-11, -1.686789e-10, -3.172875e-10, -5.139955e-10
54.100000, 8.184003e-11, -1.988385e-10, -3.141539e-10, -5.701622e-10
54.200000, 8.880481e-11, -1.968940e-10, -3.359277e-10, -6.341440e-10
54.300000, 7.938047e-11, -2.224482e-10, -3.432244e-10, -6.935673e-10
54.400000, 6.049734e-11, -2.382562e-10, -3.436436e-10, -7.660827e-10
54.500000, 2.752908e-11, -2.175186e-10, -3.298365e-10, -8.378845e-10
54.600000, -5.788551e-12, -2.325974e-10, -3.334056e-10, -8.857166e-10
54.700000, -2.083957e-11, -2.212906e-10, -3.253289e-10, -9.441381e-10
54.800000, -2.416768e-11, -1.962460e-10, -3.271043e-10, -9.574107e-10
54.900000, -2.692716e-11, -1.271558e-10, -3.217333e-10, -9.828055e-10
55.000000, -5.807151e-13, -4.063900e-11, -2.906775e-10, -1.003410e-09
55.100000, 2.711251e-12, 3.726656e-11, -2.695137e-10, -9.848549e-10
55.200000, -1.430509e-11, 1.352085e-10, -2.756959e-10, -9.567763e-10
55.300000, -8.083114e-12, 1.869783e-10, -2.492792e-10, -9.454271e-10
55.400000, 3.488821e-11, 2.460676e-10, -2.328765e-10, -9.224576e-10
55.500000, 4.000277e-11, 2.689910e-10, -2.310424e-10, -9.103778e-10
55.600000, 6.651048e-11, 3.215726e-10, -2.148478e-10, -8.736621e-10
55.700000, 8.960197e-11, 3.556463e-10, -2.139183e-10, -8.362202e-10
55.800000, 1.042345e-10, 3.729852e-10, -2.222063e-10, -8.384286e-10
55.900000, 1.322084e-10, 3.769180e-10, -2.365774e-10, -8.141758e-10
56.000000, 1.403752e-10, 4.125937e-10, -2.423364e-10, -7.735639e-10
56.100000, 1.555715e-10, 4.338657e-10, -2.527263e-10, -7.416922e-10
56.200000, 1.397588e-10, 4.503008e-10, -3.017161e-10, -7.121120e-10
56.300000, 1.338614e-10, 4.907400e-10, -3.327379e-10, -6.760567e-10
56.400000, 7.958182e-11, 4.695505e-10, -3.615651e-10, -6.677849e-10
56.500000, 7.740722e-11, 4.684994e-10, -3.942229e-10, -6.185785e-10
56.600000, 1.053941e-10, 4.696378e-10, -3.922863e-10, -5.551786e-10
56.700000, 1.362692e-10, 4.850764e-10, -3.487061e-10, -4.991631e-10
56.800000, 1.821811e-10, 4.600129e-10, -3.260850e-10, -4.450712e-10
56.900000, 2.046330e-10, 4.367730e-10, -3.034819e-10, -4.071475e-10
57.000000, 2.328200e-10, 3.555614e-10, -2.802058e-10, -4.111769e-10
57.100000, 2.322195e-10, 3.121435e-10, -2.679881e-10, -4.435504e-10
57.200000, 2.317719e-10, 2.537487e-10, -2.563866e-10, -4.677917e-10
57.300000, 2.211028e-10, 1.940331e-10, -2.539142e-10, -4.950050e-10
57.400000, 2.040660e-10, 1.292864e-10, -2.772787e-10, -5.586227e-10
57.500000, 1.764022e-10, 3.178756e-11, -2.683326e-10, -6.461341e-10
57.600000, 1.633274e-10, -3.251262e-11, -2.630235e-10, -7.260625e-10
57.700000, 1.364149e-10, -9.422323e-11, -2.838990e-10, -8.103062e-10
57.800000, 1.063758e-10, -1.445789e-10, -2.971562e-10, -8.879203e-10
57.900000, 1.069773e-10, -1.971816e-10, -2.996867e-10, -9.467639e-10
58.000000, 1.136857e-10, -2.036034e-10, -2.887122e-10, -9.907023e-10
58.100000, 9.501398e-11, -1.801319e-10, -2.561575e-10, -1.024564e-09
58.200000, 9.800995e-11, -1.431645e-10, -2.352648e-10, -1.046013e-09
58.300000, 1.435937e-10, -7.660391e-11, -2.183288e-10, -1.077243e-09
58.400000, 1.583463e-10, -2.931451e-11, -1.987297e-10, -1.080097e-09
58.500000, 1.857911e-10, 2.703652e-11, -1.995458e-10, -1.102009e-09
58.600000, 2.106356e-10, 6.471681e-11, -1.855783e-10, -1.115426e-09
58.700000, 2.523231e-10, 1.314076e-10, -1.484476e-10, -1.097974e-09
58.800000, 2.876355e-10, 1.916869e-10, -1.424665e-10, -1.083622e-09
58.900000, 3.106261e-10, 2.446032e-10, -1.571851e-10, -1.092830e-09
59.000000, 3.215022e-10, 3.112682e-10, -1.831922e-10, -1.101873e-09
59.100000, 3.394805e-10, 3.738348e-10, -1.877347e-10, -1.095074e-09
59.200000, 4.011162e-10, 4.506418e-10, -1.783896e-10, -1.088735e-09
59.300000, 3.882977e-10, 5.146750e-10, -1.946769e-10, -1.088708e-09
59.400000, 3.897369e-10, 5.739110e-10, -2.103031e-10, -1.068244e-09
59.500000, 3.837395e-10, 5.860146e-10, -2.409170e-10, -1.036489e-09
59.600000, 3.780135e-10, 6.132207e-10, -2.694902e-10, -1.014297e-09
59.700000, 3.720979e-10, 5.989298e-10, -3.100785e-10, -9.986011e-10
59.800000, 3.709404e-10, 5.934591e-10, -3.519550e-10, -9.757082e-10
59.900000, 3.551424e-10, 5.716033e-10, -3.847789e-10, -9.533411e-10
60.000000, 3.173196e-10, 5.554065e-10, -4.171599e-10, -9.316126e-10
60.100000, 3.064770e-10, 5.094530e-10, -4.216920e-10, -8.953904e-10
60.200000, 2.718491e-10, 4.520365e-10, -4.248114e-10, -9.031685e-10
60.300000, 2.368380e-10, 3.795445e-10, -4.308467e-10, -8.709304e-10
60.400000, 2.097975e-10, 3.079690e-10, -4.289374e-10, -8.405187e-10
60.500000, 2.216489e-10, 2.544733e-10, -4.234297e-10, -8.187090e-10
60.600000, 1.969301e-10, 1.746479e-10, -4.180854e-10, -8.051512e-10
60.700000, 1.774203e-10, 1.110311e-10, -4.035740e-10, -7.754023e-10
60.800000, 1.839004e-10, 5.881233e-11, -3.814784e-10, -7.329001e-10
60.900000, 1.835903e-10, 4.369520e-11, -3.781913e-10, -6.949111e-10
61.000000, 1.992088e-10, 2.411172e-11, -3.386578e-10, -6.228420e-10
61.100000, 2.150068e-10, 2.027176e-11, -2.986264e-10, -5.608505e-10
61.200000, 2.176755e-10, 2.284896e-11, -2.812714e-10, -4.880687e-10
61.300000, 2.020509e-10, 2.679246e-11, -2.674525e-10, -4.449630e-10
61.400000, 2.146416e-10, 4.325673e-11, -2.518140e-10, -3.924475e-10
61.500000, 2.067494e-10, 5.280361e-11, -2.069441e-10, -3.355479e-10
61.600000, 2.174912e-10, 7.065631e-11, -1.406746e-10, -2.711383e-10
61.700000, 2.459337e-10, 8.515197e-11, -7.805221e-11, -2.276314e-10
61.800000, 2.702840e-10, 1.015981e-10, -1.954252e-11, -1.627860e-10
61.900000, 2.730844e-10, 1.202171e-10, 5.056126e-11, -1.086958e-10
62.000000, 2.654807e-10, 1.656174e-10, 9.857355e-11, -6.979533e-11
62.100000, 2.560111e-10, 1.892885e-10, 1.215662e-10, -4.292608e-11
62.200000, 2.233683e-10, 1.795441e-10, 1.266072e-10, -3.870318e-11
62.300000, 1.826344e-10, 1.824270e-10, 1.332012e-10, -6.001874e-11
62.400000, 1.390079e-10, 2.031954e-10, 1.065608e-10, -7.600714e-11
62.500000, 1.206366e-10, 2.251074e-10, 9.471969e-11, -6.919893e-11
62.600000, 7.892719e-11, 2.594319e-10, 6.575210e-11, -9.295527e-11
62.700000, 3.809209e-11, 2.937197e-10, 2.303505e-11, -1.067470e-10
62.800000, 3.222614e-11, 3.280354e-10, -9.822301e-12, -1.281018e-10
62.900000, 3.428937e-11, 3.901888e-10, -3.089993e-11, -1.350351e-10
63.000000, 6.908944e-12, 4.480541e-10, -3.420625e-11, -1.153718e-10
63.100000, -2.045725e-11, 4.892499e-10, -5.391599e-11, -9.429424e-11
63.200000, -4.742005e-12, 5.023136e-10, -5.311403e-11, -1.171374e-10
63.300000, 1.145645e-11, 5.203399e-10, -4.430691e-11, -1.200988e-10
63.400000, 3.858861e-11, 5.327379e-10, -4.275916e-11, -1.407823e-10
63.500000, 4.345177e-11, 5.199037e-10, -2.629678e-11, -1.792232e-10
63.600000, 7.748882e-11, 5.137861e-10, -5.573645e-12, -1.921361e-10
63.700000, 1.359668e-10, 5.122978e-10, 4.827007e-12, -2.048770e-10
63.800000, 1.738286e-10, 5.073578e-10, 1.805050e-11, -2.130812e-10
63.900000, 1.881208e-10, 4.529942e-10, 1.250854e-11, -2.511647e-10
64.000000, 1.525170e-10, 3.907386e-10, -5.278917e-11, -3.078903e-10
64.100000, 1.025869e-10, 3.323604e-10, -1.172185e-10, -3.474351e-10
64.200000, 5.150509e-11, 2.853811e-10, -1.637339e-10, -3.694359e-10
64.300000, 4.483729e-11, 2.395423e-10, -2.165517e-10, -3.801394e-10
64.400000, 5.078112e-11, 2.111412e-10, -2.524657e-10, -4.132744e-10
64.500000, 5.349328e-11, 1.750966e-10, -2.778551e-10, -4.307972e-10
64.600000, 7.763522e-11, 1.534274e-10, -2.584737e-10, -4.159974e-10
64.700000, 1.168809e-10, 1.695051e-10, -2.332000e-10, -3.570495e-10
64.800000, 1.373137e-10, 1.589795e-10, -2.007856e-10, -2.946471e-10
64.900000, 1.583739e-10, 1.525457e-10, -1.824411e-10, -2.610307e-10
65.000000, 1.844582e-10, 1.406522e-10, -1.388574e-10, -2.434448e-10
65.100000, 1.745534e-10, 1.591091e-10, -1.002499e-10, -2.010940e-10
65.200000, 1.751872e-10, 1.666998e-10, -4.992266e-11, -1.476198e-10
65.300000, 1.650299e-10, 1.696581e-10, 7.206154e-12, -8.161662e-11
65.400000, 1.167881e-10, 1.683492e-10, 5.475649e-11, -1.088018e-11
65.500000, 8.476891e-11, 1.722529e-10, 1.227368e-10, 6.102153e-11
65.600000, 6.544431e-11, 1.730065e-10, 1.817430e-10, 1.164662e-10
65.700000, 5.877607e-11, 1.627053e-10, 2.137203e-10, 1.644064e-10
65.800000, 3.213422e-11, 1.578933e-10, 2.341836e-10, 1.918139e-10
65.900000, 2.567949e-11, 1.683591e-10, 2.397654e-10, 1.946529e-10
66.000000, 1.128903e-11, 1.551802e-10, 2.453823e-10, 1.923355e-10
66.100000, 4.461732e-12, 1.259745e-10, 2.836428e-10, 1.721713e-10
66.200000, 1.766496e-11, 1.321146e-10, 3.201541e-10, 1.754488e-10
66.300000, 2.729444e-11, 1.446992e-10, 3.753631e-10, 1.937198e-10
66.400000, 1.102383e-11, 1.345325e-10, 4.198036e-10, 1.917651e-10
66.500000, -6.997027e-12, 1.138765e-10, 4.349883e-10, 1.750245e-10
66.600000, -2.080973e-11, 1.091174e-10, 4.538890e-10, 1.705509e-10
66.700000, -1.926303e-11, 1.194070e-10, 4.800963e-10, 1.613826e-10
66.800000, -1.157969e-11, 1.245712e-10, 4.773645e-10, 1.397147e-10
66.900000, -1.097293e-11, 1.378050e-10, 4.603877e-10, 1.153156e-10
67.000000, -1.106771e-11, 1.445227e-10, 4.259876e-10, 4.812703e-11
67.100000, 8.501319e-12, 1.619326e-10, 4.169291e-10, 3.735697e-11
67.200000, 8.414075e-12, 1.870339e-10, 3.937250e-10, 4.291412e-11
67.300000, 1.393791e-13, 2.007522e-10, 3.559805e-10, 3.651735e-11
67.400000, -1.968700e-11, 1.915605e-10, 3.088713e-10, 9.523869e-13
67.500000, -1.206433e-11, 1.775809e-10, 2.561551e-10, -4.824331e-11
67.600000, -1.876232e-11, 1.658007e-10, 1.824896e-10, -1.149255e-10
67.700000, -3.549879e-11, 1.325474e-10, 1.213970e-10, -1.494786e-10
67.800000, -8.032901e-11, 1.166881e-10, 6.842878e-11, -1.626905e-10
67.900000, -9.901973e-11, 9.166924e-11, 2.037985e-11, -1.786100e-10
68.000000, -1.005884e-10, 6.243779e-11, 2.471979e-11, -1.698529e-10
68.100000, -1.274942e-10, 2.888208e-11, 3.104042e-11, -1.622678e-10
68.200000, -1.666145e-10, 2.425618e-14, 4.697799e-12, -1.510398e-10
68.300000, -1.856486e-10, -6.804622e-12, -1.749464e-11, -1.210533e-10
68.400000, -1.872207e-10, -1.045076e-11, -2.111071e-11, -9.469100e-11
68.500000, -2.163266e-10, -1.165295e-11, -5.676055e-11, -8.193555e-11
68.600000, -2.208787e-10, -8.723007e-12, -7.403191e-11, -5.485028e-11
68.700000, -2.032431e-10, 1.474043e-11, -8.201638e-11, -4.192047e-11
68.800000, -1.533522e-10, 2.812108e-11, -7.898334e-11, -4.996137e-11
68.900000, -9.033260e-11, 6.849587e-11, -6.869400e-11, -2.814603e-11
69.000000, -4.161256e-11, 1.057653e-10, -4.631421e-11, -3.265804e-12
69.100000, -1.105659e-11, 1.037300e-10, -3.148829e-11, 8.643248e-12
69.200000, 2.352126e-11, 1.094552e-10, -5.211327e-12, 1.800520e-11
69.300000, 4.918687e-11, 9.810061e-11, 2.482925e-11, 5.061862e-11
69.400000, 6.913536e-11, 1.092838e-10, 4.296415e-11, 7.406288e-11
69.500000, 6.274937e-11, 1.177261e-10, 5.860862e-11, 1.086501e-10
69.600000, 6.839836e-11, 1.338126e-10, 8.257174e-11, 1.435892e-10
69.700000, 1.028017e-10, 1.570249e-10, 1.127309e-10, 1.700726e-10
69.800000, 1.313357e-10, 2.097863e-10, 1.479323e-10, 2.047902e-10
69.900000, 1.519639e-10, 2.425220e-10, 1.437905e-10, 2.247026e-10
70.000000, 1.710947e-10, 2.668531e-10, 1.390000e-10, 2.360559e-10
70.100000, 1.759000e-10, 2.962985e-10, 1.438159e-10, 2.501580e-10
70.200000, 1.666116e-10, 3.084664e-10, 1.415747e-10, 2.593683e-10
70.300000, 1.653605e-10, 3.103585e-10, 1.475529e-10, 2.567590e-10
70.400000, 1.593633e-10, 3.337557e-10, 1.433024e-10, 2.643953e-10
70.500000, 1.294190e-10, 3.586630e-10, 1.120432e-10, 2.594175e-10
70.600000, 6.480816e-11, 3.452782e-10, 6.695456e-11, 2.373005e-10
70.700000, 1.934927e-11, 3.397951e-10, 2.533445e-11, 2.357732e-10
70.800000, -3.843205e-11, 3.285242e-10, -3.092346e-11, 2.286421e-10
70.900000, -1.156196e-10, 3.007664e-10, -7.846666e-11, 2.328202e-10
71.000000, -1.939938e-10, 2.562781e-10, -1.314556e-10, 2.207046e-10
71.100000, -2.592929e-10, 1.967529e-10, -1.780398e-10, 1.882448e-10
71.200000, -3.430427e-10, 1.348057e-10, -2.117618e-10, 1.589094e-10
71.300000, -3.654762e-10, 9.653118e-11, -2.283970e-10, 1.309582e-10
71.400000, -3.591764e-10, 1.015671e-10, -2.305923e-10, 1.148439e-10
71.500000, -3.428555e-10, 1.088166e-10, -2.195816e-10, 1.128532e-10
71.600000, -3.027336e-10, 1.410183e-10, -2.090500e-10, 1.243738e-10
71.700000, -2.629744e-10, 1.467874e-10, -1.932935e-10, 1.257238e-10
71.800000, -2.261167e-10, 1.619127e-10, -1.758939e-10, 1.182140e-10
71.900000, -1.457862e-10, 1.834320e-10, -1.596538e-10, 1.110755e-10
72.000000, -6.261544e-11, 2.132286e-10, -1.205184e-10, 1.168860e-10
72.100000, 2.923797e-11, 2.559468e-10, -7.298193e-11, 1.461417e-10
72.200000, 1.108009e-10, 2.879084e-10, -3.675025e-11, 1.689189e-10
72.300000, 1.718040e-10, 3.227227e-10, -1.625316e-11, 1.890628e-10
72.400000, 2.062766e-10, 3.446072e-10, 7.417034e-12, 2.182015e-10
72.500000, 2.401087e-10, 3.816007e-10, 4.570638e-11, 2.536791e-10
72.600000, 2.704156e-10, 4.168173e-10, 4.593185e-11, 2.853799e-10
72.700000, 2.720047e-10, 4.576354e-10, 3.806436e-11, 3.174847e-10
72.800000, 2.697677e-10, 4.701027e-10, 2.324586e-11, 3.464608e-10
72.900000, 2.434842e-10, 4.786984e-10, -3.723696e-12, 3.606513e-10
73.000000, 2.097705e-10, 4.696806e-10, -5.232232e-11, 3.592388e-10
73.100000, 1.632369e-10, 4.519663e-10, -9.781238e-11, 3.610664e-10
73.200000, 1.074779e-10, 4.256165e-10, -1.362552e-10, 3.629868e-10
73.300000, 3.062006e-11, 3.827758e-10, -1.712690e-10, 3.465396e-10
73.400000, -4.546138e-12, 3.458467e-10, -1.994594e-10, 3.063159e-10
73.500000, -3.038056e-11, 3.091067e-10, -2.268402e-10, 2.619148e-10
73.600000, -5.931073e-11, 2.743668e-10, -2.607875e-10, 2.141882e-10
73.700000, -8.907251e-11, 2.265664e-10, -2.888026e-10, 1.588840e-10
73.800000, -9.854890e-11, 1.939870e-10, -2.954229e-10, 1.162583e-10
73.900000, -1.129898e-10, 1.473153e-10, -2.799513e-10, 9.447666e-11
74.000000, -1.426600e-10, 8.893446e-11, -2.526851e-10, 6.821051e-11
74.100000, -1.533189e-10, 3.668373e-11, -1.951193e-10, 4.635493e-11
74.200000, -1.387095e-10, 2.369757e-12, -1.113901e-10, 5.225489e-11
74.300000, -1.192145e-10, -3.062055e-11, -3.616565e-11, 5.551158e-11
74.400000, -1.032102e-10, -6.609380e-11, 3.879837e-11, 4.429545e-11
74.500000, -7.743286e-11, -1.019459e-10, 9.806823e-11, 4.119785e-11
74.600000, -5.033375e-11, -1.303983e-10, 1.505249e-10, 3.762921e-11
74.700000, 1.434511e-11, -1.314803e-10, 2.403294e-10, 4.504568e-11
74.800000, 8.857428e-11, -1.379854e-10, 3.396821e-10, 5.865681e-11
74.900000, 1.524679e-10, -1.580686e-10, 4.294495e-10, 4.957062e-11
75.000000, 2.135055e-10, -1.669806e-10, 5.053140e-10, 4.571569e-11
75.100000, 2.584960e-10, -1.560965e-10, 5.565008e-10, 4.422007e-11
75.200000, 2.787543e-10, -1.671174e-10, 5.733027e-10, 2.043713e-11
75.300000, 2.782081e-10, -1.731105e-10, 5.601410e-10, -1.501434e-11
75.400000, 2.524914e-10, -1.756736e-10, 5.313711e-10, -3.287348e-11
75.500000, 2.244621e-10, -1.737039e-10, 4.988885e-10, -3.386663e-11
75.600000, 1.721808e-10, -1.662977e-10, 4.542938e-10, -3.275570e-11
75.700000, 1.098107e-10, -1.629186e-10, 3.801382e-10, -3.800981e-11
75.800000, 4.927601e-11, -1.539444e-10, 2.986904e-10, -5.449691e-11
75.900000, -1.589372e-11, -1.606149e-10, 2.169230e-10, -6.460639e-11
76.000000, -1.039157e-10, -1.598611e-10, 1.237600e-10, -6.820033e-11
76.100000, -1.685448e-10, -1.473510e-10, 5.455198e-11, -5.653520e-11
76.200000, -2.184951e-10, -1.367440e-10, -7.558820e-13, -3.885453e-11
76.300000, -2.529819e-10, -1.281490e-10, -2.969969e-11, -1.368305e-11
76.400000, -2.555150e-10, -9.909574e-11, -3.875033e-11, 1.638509e-11
76.500000, -2.597203e-10, -7.962011e-11, -3.118490e-11, 5.049223e-11
76.600000, -2.418222e-10, -6.546611e-11, 7.473116e-12, 9.370347e-11
76.700000, -2.105393e-10, -5.142701e-11, 6.051085e-11, 1.243536e-10
76.800000, -1.720785e-10, -3.848925e-11, 1.132968e-10, 1.587210e-10
76.900000, -1.191018e-10, -1.222194e-11, 1.737733e-10, 1.912655e-10
77.000000, -5.080784e-11, 2.287242e-11, 2.308178e-10, 2.243756e-10
77.100000, 3.969411e-11, 8.528313e-11, 3.114845e-10, 2.769458e-10
77.200000, 1.613179e-10, 1.765699e-10, 4.095298e-10, 3.539057e-10
77.300000, 3.023370e-10, 3.023464e-10, 5.374411e-10, 4.695146e-10
77.400000, 4.878763e-10, 4.612618e-10, 6.941722e-10, 6.121348e-10
77.500000, 6.832179e-10, 6.341522e-10, 8.552194e-10, 7.556061e-10
77.600000, 8.852346e-10, 8.017625e-10, 1.010414e-09, 8.843042e-10
77.700000, 1.079695e-09, 9.593499e-10, 1.162160e-09, 1.001549e-09
77.800000, 1.241144e-09, 1.082084e-09, 1.286985e-09, 1.089481e-09
77.900000, 1.356484e-09, 1.159491e-09, 1.372643e-09, 1.138917e-09
78.000000, 1.417731e-09, 1.198217e-09, 1.414516e-09, 1.157566e-09
78.100000, 1.408846e-09, 1.170519e-09, 1.394916e-09, 1.119369e-09
78.200000, 1.335653e-09, 1.086877e-09, 1.311979e-09, 1.025874e-09
78.300000, 1.191143e-09, 9.342236e-10, 1.171489e-09, 8.751398e-10
78.400000, 9.700115e-10, 7.146937e-10, 9.616935e-10, 6.670493e-10
78.500000, 6.860737e-10, 4.368136e-10, 6.749072e-10, 3.872050e-10
78.600000, 3.360081e-10, 1.059371e-10, 3.135272e-10, 4.554136e-11
78.700000, -1.018239e-10, -3.021678e-10, -1.379160e-10, -3.772834e-10
78.800000, -5.223996e-10, -6.994951e-10, -5.643417e-10, -7.811198e-10
78.900000, -8.572095e-10, -1.004882e-09, -9.062817e-10, -1.094772e-09
79.000000, -1.113467e-09, -1.233766e-09, -1.166686e-09, -1.328302e-09
79.100000, -1.288288e-09, -1.379098e-09, -1.346528e-09, -1.479520e-09
79.200000, -1.387503e-09, -1.452652e-09, -1.447878e-09, -1.555729e-09
79.300000, -1.414954e-09, -1.456167e-09, -1.476401e-09, -1.561467e-09
79.400000, -1.380680e-09, -1.403678e-09, -1.439852e-09, -1.507667e-09
79.500000, -1.293312e-09, -1.300503e-09, -1.349138e-09, -1.402665e-09
79.600000, -1.164304e-09, -1.160396e-09, -1.214854e-09, -1.257988e-09
79.700000, -1.005666e-09, -9.923649e-10, -1.051090e-09, -1.085699e-09
79.800000, -8.276694e-10, -8.086157e-10, -8.673510e-10, -8.960911e-10
79.900000, -6.416516e-10, -6.174726e-10, -6.753011e-10, -6.989143e-10
80.000000, -4.583412e-10, -4.310917e-10, -4.852895e-10, -5.049071e-10
80.100000, -2.881458e-10, -2.578069e-10, -3.100490e-10, -3.259462e-10
80.200000, -1.456764e-10, -1.135981e-10, -1.646685e-10, -1.776179e-10
80.300000, -4.126544e-11, -7.735325e-12, -6.023463e-11, -7.116736e-11
80.400000, 3.220835e-11, 6.493874e-11, 1.128868e-11, 6.533509e-13
80.500000, 8.209995e-11, 1.135275e-10, 5.743621e-11, 4.604437e-11
80.600000, 1.151218e-10, 1.437519e-10, 8.624271e-11, 7.322584e-11
80.700000, 1.355923e-10, 1.619365e-10, 1.022922e-10, 8.776003e-11
80.800000, 1.473963e-10, 1.707459e-10, 1.102255e-10, 9.412122e-11
80.900000, 1.521024e-10, 1.732120e-10, 1.118089e-10, 9.434663e-11
81.000000, 1.507459e-10, 1.690035e-10, 1.089168e-10, 9.000430e-11
81.100000, 1.425862e-10, 1.589215e-10, 1.001655e-10, 8.029392e-11
81.200000, 1.266200e-10, 1.411647e-10, 8.404582e-11, 6.390618e-11
81.300000, 9.984056e-11, 1.144004e-10, 5.703936e-11, 3.788689e-11
81.400000, 6.336074e-11, 7.815944e-11, 2.064266e-11, 3.121113e-12
81.500000, 2.178752e-11, 3.785508e-11, -2.061032e-11, -3.597782e-11
81.600000, -1.880512e-11, -1.712759e-12, -6.059698e-11, -7.360859e-11
81.700000, -5.528080e-11, -3.644461e-11, -9.636367e-11, -1.067972e-10
81.800000, -8.605801e-11, -6.599958e-11, -1.262286e-10, -1.341837e-10
81.900000, -1.112348e-10, -8.961790e-11, -1.504170e-10, -1.560604e-10
82.000000, -1.295725e-10, -1.071384e-10, -1.676686e-10, -1.713443e-10
82.100000, -1.406908e-10, -1.172714e-10, -1.777886e-10, -1.797787e-10
82.200000, -1.432589e-10, -1.196986e-10, -1.794906e-10, -1.802071e-10
82.300000, -1.372492e-10, -1.134835e-10, -1.727893e-10, -1.725704e-10
82.400000, -1.224871e-10, -9.928062e-11, -1.573779e-10, -1.565852e-10
82.500000, -1.005708e-10, -7.769744e-11, -1.348577e-10, -1.336654e-10
82.600000, -7.346464e-11, -5.143612e-11, -1.071704e-10, -1.056781e-10
82.700000, -4.473393e-11, -2.315659e-11, -7.794676e-11, -7.614872e-11
82.800000, -1.626740e-11, 4.437186e-12, -4.910136e-11, -4.705886e-11
82.900000, 9.924172e-12, 3.012960e-11, -2.269880e-11, -2.043551e-11
83.000000, 3.277061e-11, 5.206194e-11, 2.288410e-13, 2.642126e-12
83.100000, 5.090573e-11, 6.965200e-11, 1.835036e-11, 2.092187e-11
83.200000, 6.431579e-11, 8.219461e-11, 3.171161e-11, 3.448261e-11
83.300000, 7.256498e-11, 9.001192e-11, 3.993145e-11, 4.300450e-11
83.400000, 7.625761e-11, 9.298112e-11, 4.369686e-11, 4.711894e-11
83.500000, 7.553179e-11, 9.189040e-11, 4.326156e-11, 4.704238e-11
83.600000, 7.144846e-11, 8.709314e-11, 3.974210e-11, 4.384372e-11
83.700000, 6.433945e-11, 7.961264e-11, 3.342428e-11, 3.785206e-11
83.800000, 5.511040e-11, 6.976411e-11, 2.510545e-11, 2.991195e-11
83.900000, 4.392937e-11, 5.838975e-11, 1.493193e-11, 2.020794e-11
84.000000, 3.202288e-11, 4.606915e-11, 4.105505e-12, 9.917122e-12
84.100000, 2.021696e-11, 3.422887e-11, -6.558083e-12, -1.486636e-13
84.200000, 9.761994e-12, 2.351599e-11, -1.586089e-11, -8.795566e-12
84.300000, 8.494515e-13, 1.469410e-11, -2.360339e-11, -1.584308e-11
84.400000, -5.814244e-12, 7.854430e-12, -2.912306e-11, -2.066437e-11
84.500000, -1.028233e-11, 3.485832e-12, -3.246113e-11, -2.333408e-11
84.600000, -1.213652e-11, 1.425952e-12, -3.324756e-11, -2.349740e-11
84.700000, -1.173785e-11, 1.843559e-12, -3.182769e-11, -2.152663e-11
84.800000, -8.942535e-12, 4.335704e-12, -2.809005e-11, -1.731033e-11
84.900000, -4.331533e-12, 8.853710e-12, -2.256158e-11, -1.138292e-11
85.000000, 2.009938e-12, 1.480337e-11, -1.534470e-11, -3.825512e-12
85.100000, 9.246859e-12, 2.187792e-11, -7.221781e-12, 4.587954e-12
85.200000, 1.699484e-11, 2.920986e-11, 1.388020e-12, 1.346815e-11
85.300000, 2.430618e-11, 3.635147e-11, 9.565148e-12, 2.188851e-11
85.400000, 3.090325e-11, 4.254969e-11, 1.697774e-11, 2.953750e-11
85.500000, 3.603926e-11, 4.753087e-11, 2.290379e-11, 3.567747e-11
85.600000, 3.967868e-11, 5.079437e-11, 2.726164e-11, 4.024692e-11
85.700000, 4.144599e-11, 5.242579e-11, 2.971960e-11, 4.290021e-11
85.800000, 4.166318e-11, 5.229889e-11, 3.056308e-11, 4.394592e-11
85.900000, 4.024610e-11, 5.076478e-11, 2.976057e-11, 4.332475e-11
86.000000, 3.773293e-11, 4.791987e-11, 2.782092e-11, 4.156013e-11
86.100000, 3.420055e-11, 4.426565e-11, 2.488151e-11, 3.876278e-11
86.200000, 3.025280e-11, 3.998013e-11, 2.150440e-11, 3.551566e-11
86.300000, 2.596277e-11, 3.555398e-11, 1.779631e-11, 3.190558e-11
86.400000, 2.184853e-11, 3.110049e-11, 1.422027e-11, 2.842478e-11
86.500000, 1.791197e-11, 2.702125e-11, 1.081615e-11, 2.508914e-11
86.600000, 1.462394e-11, 2.338706e-11, 8.005267e-12, 2.234008e-11
86.700000, 1.192518e-11, 2.052557e-11, 5.768966e-12, 2.013361e-11
86.800000, 1.013622e-11, 1.837125e-11, 4.379528e-12, 1.876801e-11
86.900000, 9.040111e-12, 1.708209e-11, 3.670180e-12, 1.804833e-11
87.000000, 8.822965e-12, 1.646855e-11, 3.778035e-12, 1.813515e-11
87.100000, 9.164022e-12, 1.657511e-11, 4.428380e-12, 1.872412e-11
87.200000, 1.015557e-11, 1.713281e-11, 5.666723e-12, 1.988618e-11
87.300000, 1.143352e-11, 1.813336e-11, 7.178604e-12, 2.128055e-11
87.400000, 1.306713e-11, 1.929898e-11, 8.987768e-12, 2.295974e-11
87.500000, 1.469826e-11, 2.062091e-11, 1.078839e-11, 2.459523e-11
87.600000, 1.639840e-11, 2.183843e-11, 1.261112e-11, 2.625253e-11
87.700000, 1.783253e-11, 2.295644e-11, 1.417330e-11, 2.762669e-11
87.800000, 1.910260e-11, 2.375187e-11, 1.553225e-11, 2.880816e-11
87.900000, 1.993004e-11, 2.427445e-11, 1.645926e-11, 2.954487e-11
88.000000, 2.046975e-11, 2.436210e-11, 1.706392e-11, 2.997692e-11
88.100000, 2.051048e-11, 2.411895e-11, 1.718303e-11, 2.991161e-11
88.200000, 2.026730e-11, 2.344704e-11, 1.698293e-11, 2.954270e-11
88.300000, 1.959074e-11, 2.250512e-11, 1.636356e-11, 2.873929e-11
88.400000, 1.873734e-11, 2.124546e-11, 1.553744e-11, 2.774474e-11
88.500000, 1.759680e-11, 1.985701e-11, 1.444409e-11, 2.646869e-11
88.600000, 1.644048e-11, 1.831261e-11, 1.330879e-11, 2.516250e-11
88.700000, 1.516009e-11, 1.679518e-11, 1.207185e-11, 2.373815e-11
88.800000, 1.400004e-11, 1.526118e-11, 1.093085e-11, 2.242235e-11
88.900000, 1.283373e-11, 1.386745e-11, 9.804756e-12, 2.110452e-11
89.000000, 1.188151e-11, 1.255508e-11, 8.866206e-12, 1.998688e-11
89.100000, 1.100351e-11, 1.145559e-11, 8.019816e-12, 1.894125e-11
89.200000, 1.039679e-11, 1.049127e-11, 7.413310e-12, 1.814268e-11
89.300000, 9.893582e-12, 9.761587e-12, 6.923371e-12, 1.743806e-11
89.400000, 9.654439e-12, 9.159477e-12, 6.662764e-12, 1.696885e-11
89.500000, 9.494816e-12, 8.760094e-12, 6.491780e-12, 1.656633e-11
89.600000, 9.552848e-12, 8.445067e-12, 6.503191e-12, 1.635529e-11
89.700000, 9.629620e-12, 8.270317e-12, 6.541529e-12, 1.615199e-11
89.800000, 9.848466e-12, 8.107879e-12, 6.685926e-12, 1.606471e-11
89.900000, 1.001356e-11, 8.012767e-12, 6.787212e-12, 1.591709e-11
90.000000, 1.025402e-11, 7.870973e-12, 6.930994e-12, 1.582512e-11
90.100000, 1.038951e-11, 7.745838e-12, 6.981388e-12, 1.562586e-11
90.200000, 1.055162e-11, 7.533071e-12, 7.028213e-12, 1.544027e-11
90.300000, 1.056738e-11, 7.300706e-12, 6.944971e-12, 1.511716e-11
90.400000, 1.057408e-11, 6.956018e-12, 6.828619e-12, 1.478589e-11
90.500000, 1.041732e-11, 6.579011e-12, 6.572965e-12, 1.431460e-11
90.600000, 1.024754e-11, 6.094190e-12, 6.288176e-12, 1.384289e-11
90.700000, 9.927576e-12, 5.590975e-12, 5.882441e-12, 1.325252e-11
90.800000, 9.614829e-12, 5.004096e-12, 5.471861e-12, 1.268762e-11
90.900000, 9.179344e-12, 4.423425e-12, 4.970665e-12, 1.203393e-11
91.000000, 8.781909e-12, 3.790425e-12, 4.496634e-12, 1.143546e-11
91.100000, 8.300115e-12, 3.195895e-12, 3.970082e-12, 1.078276e-11
91.200000, 7.886264e-12, 2.580221e-12, 3.502656e-12, 1.021510e-11
91.300000, 7.417989e-12, 2.029191e-12, 3.014024e-12, 9.623368e-12
91.400000, 7.044570e-12, 1.484289e-12, 2.611097e-12, 9.140694e-12
91.500000, 6.640334e-12, 1.022616e-12, 2.209512e-12, 8.652914e-12
91.600000, 6.345792e-12, 5.804334e-13, 1.907289e-12, 8.283101e-12
91.700000, 6.034621e-12, 2.291356e-13, 1.616461e-12, 7.913974e-12
91.800000, 5.838639e-12, -1.000844e-13, 1.424900e-12, 7.657940e-12
91.900000, 5.626153e-12, -3.460391e-13, 1.238454e-12, 7.391470e-12
92.000000, 5.519648e-12, -5.822161e-13, 1.136155e-12, 7.217684e-12
92.100000, 5.387082e-12, -7.520519e-13, 1.023638e-12, 7.013051e-12
92.200000, 5.347524e-12, -9.277497e-13, 9.776022e-13, 6.879277e-12
92.300000, 5.269572e-12, -1.055014e-12, 9.035625e-13, 6.694432e-12
92.400000, 5.267956e-12, -1.205401e-12, 8.744281e-13, 6.557027e-12
92.500000, 5.214882e-12, -1.324583e-12, 8.000520e-13, 6.349989e-12
92.600000, 5.223584e-12, -1.480694e-12, 7.538046e-13, 6.172665e-12
92.700000, 5.169901e-12, -1.618805e-12, 6.508098e-13, 5.914917e-12
92.800000, 5.166405e-12, -1.801654e-12, 5.668911e-13, 5.680689e-12
92.900000, 5.092098e-12, -1.973169e-12, 4.210355e-13, 5.366063e-12
93.000000, 5.058746e-12, -2.190491e-12, 2.913937e-13, 5.078007e-12
93.100000, 4.950321e-12, -2.395034e-12, 1.032936e-13, 4.719972e-12
93.200000, 4.879180e-12, -2.640172e-12, -6.446964e-14, 4.398491e-12
93.300000, 4.736778e-12, -2.864705e-12, -2.806579e-13, 4.023144e-12
93.400000, 4.636388e-12, -3.118340e-12, -4.666743e-13, 3.700399e-12
93.500000, 4.472595e-12, -3.342487e-12, -6.908769e-13, 3.337832e-12
93.600000, 4.357787e-12, -3.585707e-12, -8.761479e-13, 3.038510e-12
93.700000, 4.188056e-12, -3.790698e-12, -1.089259e-12, 2.712488e-12
93.800000, 4.072206e-12, -4.006083e-12, -1.256800e-12, 2.459016e-12
93.900000, 3.907419e-12, -4.177637e-12, -1.446644e-12, 2.185583e-12
94.000000, 3.800862e-12, -4.355313e-12, -1.589292e-12, 1.985621e-12
94.100000, 3.652733e-12, -4.487036e-12, -1.751494e-12, 1.765969e-12
94.200000, 3.569417e-12, -4.620376e-12, -1.864134e-12, 1.617783e-12
94.300000, 3.452107e-12, -4.705714e-12, -1.993018e-12, 1.449130e-12
94.400000, 3.399763e-12, -4.794581e-12, -2.074584e-12, 1.345858e-12
94.500000, 3.310770e-12, -4.841923e-12, -2.176120e-12, 1.215912e-12
94.600000, 3.281086e-12, -4.899141e-12, -2.235675e-12, 1.143852e-12
94.700000, 3.209387e-12, -4.923430e-12, -2.319736e-12, 1.039194e-12
94.800000, 3.188977e-12, -4.964605e-12, -2.368418e-12, 9.847370e-13
94.900000, 3.120598e-12, -4.979824e-12, -2.446788e-12, 8.921036e-13
95.000000, 3.095382e-12, -5.018814e-12, -2.496997e-12, 8.417036e-13
95.100000, 3.016127e-12, -5.039917e-12, -2.582920e-12, 7.461412e-13
95.200000, 2.974339e-12, -5.089258e-12, -2.646554e-12, 6.860297e-13
95.300000, 2.875784e-12, -5.124674e-12, -2.749031e-12, 5.775092e-13
95.400000, 2.811045e-12, -5.190245e-12, -2.832457e-12, 5.008059e-13
95.500000, 2.690569e-12, -5.242217e-12, -2.954207e-12, 3.756032e-13
95.600000, 2.605848e-12, -5.321266e-12, -3.054754e-12, 2.834740e-13
95.700000, 2.469611e-12, -5.383941e-12, -3.188300e-12, 1.479804e-13
95.800000, 2.373253e-12, -5.468339e-12, -3.294972e-12, 5.107484e-14
95.900000, 2.232794e-12, -5.529957e-12, -3.427436e-12, -8.172541e-14
96.000000, 2.137959e-12, -5.606761e-12, -3.527428e-12, -1.707137e-13
96.100000, 2.005668e-12, -5.656417e-12, -3.647330e-12, -2.905246e-13
96.200000, 1.923948e-12, -5.716416e-12, -3.730366e-12, -3.634539e-13
96.300000, 1.809510e-12, -5.746701e-12, -3.829487e-12, -4.636732e-13
96.400000, 1.746380e-12, -5.786227e-12, -3.891998e-12, -5.176296e-13
96.500000, 1.652032e-12, -5.796780e-12, -3.971124e-12, -6.007082e-13
96.600000, 1.608596e-12, -5.818168e-12, -4.016901e-12, -6.428403e-13
96.700000, 1.533997e-12, -5.814491e-12, -4.082668e-12, -7.193628e-13
96.800000, 1.508175e-12, -5.823661e-12, -4.118292e-12, -7.595944e-13
96.900000, 1.449836e-12, -5.809693e-12, -4.175817e-12, -8.351990e-13
97.000000, 1.437210e-12, -5.809754e-12, -4.206773e-12, -8.769802e-13
97.100000, 1.391532e-12, -5.787870e-12, -4.260840e-12, -9.546918e-13
97.200000, 1.390731e-12, -5.779797e-12, -4.289091e-12, -9.992600e-13
97.300000, 1.357493e-12, -5.750187e-12, -4.340023e-12, -1.078916e-12
97.400000, 1.367633e-12, -5.733710e-12, -4.365526e-12, -1.124258e-12
97.500000, 1.343163e-12, -5.695864e-12, -4.413444e-12, -1.201226e-12
97.600000, 1.357828e-12, -5.671384e-12, -4.437412e-12, -1.242022e-12
97.700000, 1.335901e-12, -5.626294e-12, -4.483690e-12, -1.311727e-12
97.800000, 1.350392e-12, -5.593847e-12, -4.505663e-12, -1.343327e-12
97.900000, 1.327430e-12, -5.540810e-12, -4.548422e-12, -1.400560e-12
98.000000, 1.339870e-12, -5.499484e-12, -4.565989e-12, -1.417524e-12
98.100000, 1.315091e-12, -5.437288e-12, -4.602868e-12, -1.457986e-12
98.200000, 1.324855e-12, -5.387040e-12, -4.614691e-12, -1.458864e-12
98.300000, 1.298370e-12, -5.316927e-12, -4.645009e-12, -1.483336e-12
98.400000, 1.306512e-12, -5.258523e-12, -4.649533e-12, -1.468904e-12
98.500000, 1.279489e-12, -5.181199e-12, -4.671394e-12, -1.477968e-12
98.600000, 1.286345e-12, -5.116572e-12, -4.668293e-12, -1.449876e-12
98.700000, 1.258276e-12, -5.034757e-12, -4.682451e-12, -1.446243e-12
98.800000, 1.263901e-12, -4.966762e-12, -4.672080e-12, -1.407803e-12
98.900000, 1.236141e-12, -4.882890e-12, -4.678515e-12, -1.395110e-12
99.000000, 1.242207e-12, -4.813177e-12, -4.660812e-12, -1.349387e-12
99.100000, 1.215217e-12, -4.728842e-12, -4.660008e-12, -1.330428e-12
99.200000, 1.221227e-12, -4.659170e-12, -4.635867e-12, -1.280356e-12
99.300000, 1.194932e-12, -4.575801e-12, -4.628613e-12, -1.257725e-12
99.400000, 1.201793e-12, -4.507182e-12, -4.598317e-12, -1.205445e-12
99.500000, 1.177622e-12, -4.424883e-12, -4.584041e-12, -1.180139e-12
99.600000, 1.186349e-12, -4.356356e-12, -4.546716e-12, -1.124913e-12
99.700000, 1.164808e-12, -4.273296e-12, -4.524699e-12, -1.095262e-12
99.800000, 1.176757e-12, -4.202274e-12, -4.479233e-12, -1.035035e-12
99.900000, 1.160112e-12, -4.115710e-12, -4.448202e-12, -9.993753e-13
100.000000, 1.176844e-12, -4.040275e-12, -4.394217e-12, -9.334664e-13
100.100000, 1.165695e-12, -3.948686e-12, -4.354437e-12, -8.911230e-13
100.200000, 1.187496e-12, -3.867398e-12, -4.292379e-12, -8.184795e-13
100.300000, 1.181610e-12, -3.770521e-12, -4.244957e-12, -7.690723e-13
100.400000, 1.208218e-12, -3.683896e-12, -4.176028e-12, -6.901121e-13
100.500000, 1.207296e-12, -3.582009e-12, -4.122081e-12, -6.346596e-13
100.600000, 1.237915e-12, -3.490586e-12, -4.047690e-12, -5.506978e-13
100.700000, 1.241423e-12, -3.384532e-12, -3.988176e-12, -4.902783e-13
100.800000, 1.275789e-12, -3.289382e-12, -3.908745e-12, -4.024936e-13
100.900000, 1.282780e-12, -3.180993e-12, -3.844589e-12, -3.391132e-13
101.000000, 1.318914e-12, -3.084674e-12, -3.762258e-12, -2.506354e-13
101.100000, 1.325911e-12, -2.977208e-12, -3.697233e-12, -1.883443e-13
101.200000, 1.359122e-12, -2.883552e-12, -3.616492e-12, -1.031724e-13
101.300000, 1.362121e-12, -2.780222e-12, -3.554163e-12, -4.507479e-14
101.400000, 1.390393e-12, -2.691173e-12, -3.477550e-12, 3.459658e-14
101.500000, 1.388704e-12, -2.593344e-12, -3.420036e-12, 8.663336e-14
101.600000, 1.412008e-12, -2.510031e-12, -3.349072e-12, 1.590109e-13
101.700000, 1.406244e-12, -2.417941e-12, -3.297020e-12, 2.037830e-13
101.800000, 1.425967e-12, -2.339763e-12, -3.231383e-12, 2.689563e-13
101.900000, 1.417946e-12, -2.252898e-12, -3.183730e-12, 3.073939e-13
102.000000, 1.435468e-12, -2.179679e-12, -3.122042e-12, 3.659588e-13
102.100000, 1.426372e-12, -2.097667e-12, -3.077009e-12, 3.986055e-13
102.200000, 1.443574e-12, -2.028724e-12, -3.017005e-12, 4.520929e-13
102.300000, 1.435272e-12, -1.950739e-12, -2.971789e-12, 4.812016e-13
102.400000, 1.453516e-12, -1.885086e-12, -2.910228e-12, 5.318302e-13
102.500000, 1.447546e-12, -1.810205e-12, -2.862175e-12, 5.588385e-13
102.600000, 1.468230e-12, -1.747429e-12, -2.797501e-12, 6.069677e-13
102.700000, 1.464681e-12, -1.676000e-12, -2.746421e-12, 6.317352e-13
102.800000, 1.486626e-12, -1.616998e-12, -2.679791e-12, 6.773590e-13
102.900000, 1.484047e-12, -1.549583e-12, -2.626807e-12, 7.003223e-13
103.000000, 1.505862e-12, -1.494123e-12, -2.558671e-12, 7.441947e-13
103.100000, 1.502322e-12, -1.430488e-12, -2.504831e-12, 7.655834e-13
103.200000, 1.521352e-12, -1.379222e-12, -2.437297e-12, 8.072015e-13
103.300000, 1.514369e-12, -1.320274e-12, -2.384823e-12, 8.266153e-13
103.400000, 1.529669e-12, -1.273052e-12, -2.319070e-12, 8.664631e-13
103.500000, 1.520135e-12, -1.217323e-12, -2.267211e-12, 8.855042e-13
103.600000, 1.533674e-12, -1.172057e-12, -2.201010e-12, 9.259063e-13
103.700000, 1.523732e-12, -1.117501e-12, -2.147476e-12, 9.466670e-13
103.800000, 1.536972e-12, -1.072642e-12, -2.078953e-12, 9.889991e-13
103.900000, 1.527263e-12, -1.018415e-12, -2.022131e-12, 1.012499e-12
104.000000, 1.540511e-12, -9.736276e-13, -1.950242e-12, 1.057681e-12
104.100000, 1.530685e-12, -9.198709e-13, -1.890338e-12, 1.084102e-12
104.200000, 1.542989e-12, -8.760014e-13, -1.816491e-12, 1.131028e-12
104.300000, 1.532231e-12, -8.239429e-13, -1.755158e-12, 1.158334e-12
104.400000, 1.542907e-12, -7.819434e-13, -1.680746e-12, 1.205077e-12
104.500000, 1.530526e-12, -7.322669e-13, -1.619418e-12, 1.231867e-12
104.600000, 1.539168e-12, -6.932681e-13, -1.545982e-12, 1.276942e-12
104.700000, 1.524924e-12, -6.474705e-13, -1.486517e-12, 1.301349e-12
104.800000, 1.531256e-12, -6.127436e-13, -1.416092e-12, 1.342803e-12
104.900000, 1.515271e-12, -5.716739e-13, -1.360085e-12, 1.362985e-12
105.000000, 1.519846e-12, -5.416295e-13, -1.293975e-12, 1.399172e-12
105.100000, 1.502434e-12, -5.053501e-13, -1.242558e-12, 1.413755e-12
105.200000, 1.505593e-12, -4.797503e-13, -1.181322e-12, 1.443733e-12
105.300000, 1.487444e-12, -4.476551e-13, -1.134294e-12, 1.452387e-12
105.400000, 1.489831e-12, -4.257819e-13, -1.077342e-12, 1.476600e-12
105.500000, 1.471462e-12, -3.971279e-13, -1.034256e-12, 1.480258e-12
105.600000, 1.473415e-12, -3.780216e-13, -9.814150e-13, 1.499643e-12
105.700000, 1.454537e-12, -3.521335e-13, -9.426607e-13, 1.498703e-12
105.800000, 1.455253e-12, -3.356770e-13, -8.950427e-13, 1.512857e-12
105.900000, 1.435195e-12, -3.124097e-13, -8.618494e-13, 1.506805e-12
106.000000, 1.434338e-12, -2.981972e-13, -8.202605e-13, 1.515690e-12
106.100000, 1.412685e-12, -2.772021e-13, -7.932869e-13, 1.504496e-12
106.200000, 1.409464e-12, -2.651358e-13, -7.582977e-13, 1.507883e-12
106.300000, 1.385430e-12, -2.465259e-13, -7.377647e-13, 1.491581e-12
106.400000, 1.379468e-12, -2.367806e-13, -7.091098e-13, 1.490200e-12
106.500000, 1.352710e-12, -2.204630e-13, -6.941508e-13, 1.470035e-12
106.600000, 1.343327e-12, -2.130320e-13, -6.708188e-13, 1.464811e-12
106.700000, 1.313113e-12, -1.995203e-13, -6.606889e-13, 1.441023e-12
106.800000, 1.300102e-12, -1.948365e-13, -6.417629e-13, 1.432125e-12
106.900000, 1.266725e-12, -1.838944e-13, -6.350629e-13, 1.405386e-12
107.000000, 1.250634e-12, -1.812907e-13, -6.186945e-13, 1.394280e-12
107.100000, 1.215029e-12, -1.719322e-13, -6.130919e-13, 1.366773e-12
107.200000, 1.197227e-12, -1.701214e-13, -5.968389e-13, 1.355561e-12
107.300000, 1.161092e-12, -1.610934e-13, -5.904200e-13, 1.328640e-12
107.400000, 1.143264e-12, -1.590497e-13, -5.730236e-13, 1.318167e-12
107.500000, 1.107742e-12, -1.496168e-13, -5.652993e-13, 1.292457e-12
107.600000, 1.091015e-12, -1.465732e-13, -5.467126e-13, 1.283061e-12
107.700000, 1.057774e-12, -1.357708e-13, -5.373152e-13, 1.258677e-12
107.800000, 1.043734e-12, -1.312045e-13, -5.170443e-13, 1.250396e-12
107.900000, 1.013929e-12, -1.189508e-13, -5.057774e-13, 1.227244e-12
108.000000, 1.003603e-12, -1.126900e-13, -4.834821e-13, 1.220029e-12
108.100000, 9.779121e-13, -9.899292e-14, -4.699602e-13, 1.198116e-12
108.200000, 9.712102e-13, -9.140666e-14, -4.456894e-13, 1.191855e-12
108.300000, 9.485912e-13, -7.679345e-14, -4.303373e-13, 1.171124e-12
108.400000, 9.438165e-13, -6.892597e-14, -4.049494e-13, 1.165673e-12
108.500000, 9.226753e-13, -5.472871e-14, -3.889703e-13, 1.145623e-12
108.600000, 9.186106e-13, -4.731020e-14, -3.637148e-13, 1.140554e-12
108.700000, 8.978238e-13, -3.368318e-14, -3.484410e-13, 1.121002e-12
108.800000, 8.934655e-13, -2.690505e-14, -3.246704e-13, 1.116044e-12
108.900000, 8.722876e-13, -1.414860e-14, -3.112478e-13, 1.096589e-12
109.000000, 8.672166e-13, -8.247798e-15, -2.899679e-13, 1.091312e-12
109.100000, 8.451287e-13, 3.326403e-15, -2.793962e-13, 1.071329e-12
109.200000, 8.381168e-13, 7.769988e-15, -2.616692e-13, 1.064771e-12
109.300000, 8.135615e-13, 1.724923e-14, -2.551094e-13, 1.043069e-12
109.400000, 8.034237e-13, 1.917103e-14, -2.417314e-13, 1.034184e-12
109.500000, 7.755109e-13, 2.563191e-14, -2.394331e-13, 1.010086e-12
109.600000, 7.614969e-13, 2.437998e-14, -2.304409e-13, 9.985081e-13
109.700000, 7.299536e-13, 2.758793e-14, -2.322631e-13, 9.719974e-13
109.800000, 7.122969e-13, 2.318682e-14, -2.273245e-13, 9.579401e-13
109.900000, 6.773160e-13, 2.304752e-14, -2.326768e-13, 9.291151e-13
110.000000, 6.564813e-13, 1.558369e-14, -2.305661e-13, 9.127870e-13
110.100000, 6.195899e-13, 1.288366e-14, -2.376488e-13, 8.822594e-13
110.200000, 5.976340e-13, 3.500653e-15, -2.363977e-13, 8.644712e-13
110.300000, 5.609448e-13, -5.132376e-16, -2.432112e-13, 8.330024e-13
110.400000, 5.404515e-13, -1.018890e-14, -2.407460e-13, 8.144338e-13
110.500000, 5.069426e-13, -1.350341e-14, -2.450770e-13, 7.829624e-13
110.600000, 4.909819e-13, -2.096831e-14, -2.391127e-13, 7.650520e-13
110.700000, 4.636609e-13, -2.083524e-14, -2.389970e-13, 7.351720e-13
110.800000, 4.544435e-13, -2.403235e-14, -2.282768e-13, 7.192269e-13
110.900000, 4.340302e-13, -1.941727e-14, -2.233006e-13, 6.917120e-13
111.000000, 4.311292e-13, -1.811771e-14, -2.081876e-13, 6.780060e-13
111.100000, 4.164595e-13, -9.416381e-15, -1.992981e-13, 6.527613e-13
111.200000, 4.183360e-13, -4.342570e-15, -1.808627e-13, 6.410676e-13
111.300000, 4.076875e-13, 7.682666e-15, -1.690614e-13, 6.179989e-13
111.400000, 4.120500e-13, 1.552206e-14, -1.486607e-13, 6.083511e-13
111.500000, 4.022916e-13, 2.935969e-14, -1.358695e-13, 5.870667e-13
111.600000, 4.056396e-13, 3.807879e-14, -1.158211e-13, 5.783501e-13
111.700000, 3.935920e-13, 5.166125e-14, -1.044629e-13, 5.575773e-13
111.800000, 3.934415e-13, 5.923003e-14, -8.682752e-14, 5.486823e-13
111.900000, 3.772561e-13, 7.076619e-14, -7.849771e-14, 5.272256e-13
112.000000, 3.720203e-13, 7.560976e-14, -6.465251e-14, 5.167730e-13
112.100000, 3.505714e-13, 8.350457e-14, -6.029868e-14, 4.932006e-13
112.200000, 3.400136e-13, 8.408160e-14, -5.039404e-14, 4.798305e-13
112.300000, 3.137078e-13, 8.727343e-14, -4.954087e-14, 4.531264e-13
112.400000, 2.989106e-13, 8.307598e-14, -4.268036e-14, 4.365222e-13
112.500000, 2.694710e-13, 8.151867e-14, -4.388124e-14, 4.069480e-13
112.600000, 2.524360e-13, 7.282234e-14, -3.817886e-14, 3.876417e-13
112.700000, 2.223785e-13, 6.705987e-14, -3.961006e-14, 3.559002e-13
112.800000, 2.059020e-13, 5.493958e-14, -3.330779e-14, 3.348560e-13
112.900000, 1.774854e-13, 4.646230e-14, -3.307399e-14, 3.022824e-13
113.000000, 1.633449e-13, 3.228978e-14, -2.431770e-14, 2.812171e-13
113.100000, 1.381461e-13, 2.241075e-14, -2.054833e-14, 2.496833e-13
113.200000, 1.277742e-13, 7.682275e-15, -7.462847e-15, 2.304471e-13
113.300000, 1.070158e-13, -2.287555e-15, 1.113667e-15, 2.016908e-13
113.400000, 1.014502e-13, -1.650956e-14, 1.900747e-14, 1.855919e-13
113.500000, 8.612261e-14, -2.520097e-14, 3.240907e-14, 1.603950e-13
113.600000, 8.592397e-14, -3.748208e-14, 5.444250e-14, 1.478333e-13
113.700000, 7.577621e-14, -4.413142e-14, 7.098861e-14, 1.261017e-13
113.800000, 8.007826e-14, -5.420824e-14, 9.496160e-14, 1.166331e-13
113.900000, 7.390555e-14, -5.852749e-14, 1.125147e-13, 9.788104e-14
114.000000, 8.133640e-14, -6.604576e-14, 1.364998e-13, 9.103194e-14
114.100000, 7.758929e-14, -6.798508e-14, 1.531001e-13, 7.472658e-14
114.200000, 8.592163e-14, -7.345265e-14, 1.746023e-13, 6.960424e-14
114.300000, 8.164624e-14, -7.378021e-14, 1.872200e-13, 5.452309e-14
114.400000, 8.788492e-14, -7.779849e-14, 2.032062e-13, 5.014112e-14
114.500000, 8.040220e-14, -7.696447e-14, 2.091609e-13, 3.555538e-14
114.600000, 8.233719e-14, -7.999527e-14, 2.177097e-13, 3.129432e-14
114.700000, 7.017365e-14, -7.828995e-14, 2.162556e-13, 1.717595e-14
114.800000, 6.735395e-14, -8.031921e-14, 2.178771e-13, 1.368489e-14
114.900000, 5.104097e-14, -7.756748e-14, 2.103352e-13, 7.415443e-16
115.000000, 4.459172e-14, -7.847888e-14, 2.066713e-13, -1.538075e-15
115.100000, 2.574618e-14, -7.462607e-14, 1.951289e-13, -1.299965e-14
115.200000, 1.785720e-14, -7.427191e-14, 1.889387e-13, -1.360775e-14
115.300000, -1.022523e-15, -6.902836e-14, 1.766389e-13, -2.285237e-14
115.400000, -7.581192e-15, -6.689005e-14, 1.713761e-13, -2.088798e-14
115.500000, -2.337153e-14, -5.954269e-14, 1.618526e-13, -2.707076e-14
115.600000, -2.551190e-14, -5.497211e-14, 1.608087e-13, -2.192643e-14
115.700000, -3.555398e-14, -4.495477e-14, 1.567649e-13, -2.470543e-14
115.800000, -3.120773e-14, -3.742429e-14, 1.619216e-13, -1.627982e-14
115.900000, -3.413855e-14, -2.439052e-14, 1.645814e-13, -1.579871e-14
116.000000, -2.247919e-14, -1.366490e-14, 1.764242e-13, -4.436241e-15
116.100000, -1.792848e-14, 2.680114e-15, 1.854585e-13, -1.204554e-15
116.200000, 9.040742e-16, 1.693652e-14, 2.029796e-13, 1.256014e-14
116.300000, 1.238180e-14, 3.686085e-14, 2.170223e-13, 1.806347e-14
116.400000, 3.743789e-14, 5.466567e-14, 2.386681e-13, 3.375447e-14
116.500000, 5.437118e-14, 7.773768e-14, 2.559759e-13, 4.094259e-14
116.600000, 8.340936e-14, 9.791328e-14, 2.795484e-13, 5.750153e-14
116.700000, 1.025815e-13, 1.219041e-13, 2.971432e-13, 6.440274e-14
116.800000, 1.313045e-13, 1.409687e-13, 3.186658e-13, 7.865237e-14
116.900000, 1.471940e-13, 1.610882e-13, 3.314758e-13, 8.087261e-14
117.000000, 1.691125e-13, 1.733192e-13, 3.451697e-13, 8.771608e-14
117.100000, 1.748050e-13, 1.835243e-13, 3.472410e-13, 8.008931e-14
117.200000, 1.830368e-13, 1.830265e-13, 3.472720e-13, 7.462500e-14
117.300000, 1.722905e-13, 1.781261e-13, 3.333215e-13, 5.286791e-14
117.400000, 1.618544e-13, 1.609167e-13, 3.154920e-13, 3.183548e-14
117.500000, 1.313636e-13, 1.383833e-13, 2.827629e-13, -6.089122e-15
117.600000, 1.010002e-13, 1.036944e-13, 2.461000e-13, -4.320676e-14
117.700000, 5.172271e-14, 6.477331e-14, 1.956213e-13, -9.600484e-14
117.800000, 4.649464e-15, 1.594363e-14, 1.431552e-13, -1.460549e-13
117.900000, -5.788887e-14, -3.389483e-14, 8.003845e-14, -2.086723e-13
118.000000, -1.139760e-13, -8.942909e-14, 1.911399e-14, -2.645940e-13
118.100000, -1.799952e-13, -1.409228e-13, -4.694186e-14, -3.278932e-13
118.200000, -2.333452e-13, -1.921823e-13, -1.044884e-13, -3.786601e-13
118.300000, -2.904205e-13, -2.337654e-13, -1.609870e-13, -4.310397e-13
118.400000, -3.299692e-13, -2.705505e-13, -2.040747e-13, -4.664787e-13
118.500000, -3.695106e-13, -2.945055e-13, -2.424243e-13, -5.002755e-13
118.600000, -3.893285e-13, -3.117369e-13, -2.651234e-13, -5.153616e-13
118.700000, -4.080444e-13, -3.155411e-13, -2.820404e-13, -5.281105e-13
118.800000, -4.073482e-13, -3.130680e-13, -2.836077e-13, -5.227686e-13
118.900000, -4.067122e-13, -2.986506e-13, -2.806563e-13, -5.165120e-13
119.000000, -3.888868e-13, -2.801400e-13, -2.646207e-13, -4.945594e-13
119.100000, -3.737922e-13, -2.525242e-13, -2.468786e-13, -4.745059e-13
119.200000, -3.447888e-13, -2.239382e-13, -2.193967e-13, -4.421075e-13
119.300000, -3.218169e-13, -1.896191e-13, -1.936594e-13, -4.149674e-13
119.400000, -2.884396e-13, -1.576118e-13, -1.617705e-13, -3.790132e-13
119.500000, -2.642324e-13, -1.230441e-13, -1.349338e-13, -3.515016e-13
119.600000, -2.325764e-13, -9.351373e-14, -1.049641e-13, -3.181294e-13
119.700000, -2.122498e-13, -6.361931e-14, -8.229756e-14, -2.953353e-13
119.800000, -1.860853e-13, -4.014766e-14, -5.806685e-14, -2.681894e-13
119.900000, -1.720280e-13, -1.711672e-14, -4.190800e-14, -2.522678e-13
120.000000, -1.526032e-13, -7.463866e-16, -2.453770e-14, -2.322771e-13
120.100000, -1.452181e-13, 1.522191e-14, -1.511937e-14, -2.232701e-13
120.200000, -1.323337e-13, 2.487377e-14, -4.228370e-15, -2.098797e-13
120.300000, -1.310126e-13, 3.454612e-14, -7.701816e-16, -2.068600e-13
120.400000, -1.237824e-13, 3.849547e-14, 4.669014e-15, -1.989200e-13
120.500000, -1.274414e-13, 4.306477e-14, 3.344512e-15, -2.006076e-13
120.600000, -1.246116e-13, 4.265122e-14, 4.628999e-15, -1.967389e-13
120.700000, -1.318116e-13, 4.361379e-14, -2.874833e-17, -2.016338e-13
120.800000, -1.317048e-13, 4.052943e-14, -1.227898e-15, -2.001558e-13
120.900000, -1.405253e-13, 3.978284e-14, -7.316117e-15, -2.063853e-13
121.000000, -1.410822e-13, 3.603467e-14, -8.972727e-15, -2.053294e-13
121.100000, -1.495121e-13, 3.552236e-14, -1.452713e-14, -2.110046e-13
121.200000, -1.489304e-13, 3.283409e-14, -1.489488e-14, -2.087095e-13
121.300000, -1.554601e-13, 3.398648e-14, -1.846526e-14, -2.124674e-13
121.400000, -1.525416e-13, 3.348133e-14, -1.640530e-14, -2.078743e-13
121.500000, -1.562954e-13, 3.711304e-14, -1.717054e-14, -2.089604e-13
121.600000, -1.505019e-13, 3.928323e-14, -1.219151e-14, -2.016265e-13
121.700000, -1.513023e-13, 4.554701e-14, -1.000948e-14, -1.999273e-13
121.800000, -1.428290e-13, 5.019181e-14, -2.331550e-15, -1.900800e-13
121.900000, -1.412400e-13, 5.853877e-14, 2.216849e-15, -1.861646e-13
122.000000, -1.309797e-13, 6.479347e-14, 1.168772e-14, -1.746831e-13
122.100000, -1.281467e-13, 7.411642e-14, 1.744702e-14, -1.696718e-13
122.200000, -1.173825e-13, 8.073816e-14, 2.742027e-14, -1.578077e-13
122.300000, -1.146105e-13, 8.977440e-14, 3.308310e-14, -1.529690e-13
122.400000, -1.045669e-13, 9.557841e-14, 4.233830e-14, -1.419052e-13
122.500000, -1.029202e-13, 1.033021e-13, 4.685211e-14, -1.382568e-13
122.600000, -9.444052e-14, 1.074782e-13, 5.456344e-14, -1.287878e-13
122.700000, -9.451374e-14, 1.133241e-13, 5.735539e-14, -1.268771e-13
122.800000, -8.793728e-14, 1.155547e-13, 6.320632e-14, -1.193002e-13
122.900000, -8.982824e-14, 1.194418e-13, 6.419993e-14, -1.191909e-13
123.000000, -8.503364e-14, 1.198590e-13, 6.832694e-14, -1.133610e-13
123.100000, -8.843764e-14, 1.221016e-13, 6.783342e-14, -1.147356e-13
123.200000, -8.497303e-14, 1.211637e-13, 7.068517e-14, -1.101989e-13
123.300000, -8.932961e-14, 1.223275e-13, 6.925504e-14, -1.125044e-13
123.400000, -8.655914e-14, 1.206710e-13, 7.145224e-14, -1.086407e-13
123.500000, -9.119926e-14, 1.214238e-13, 6.973603e-14, -1.112304e-13
123.600000, -8.846711e-14, 1.196990e-13, 7.191293e-14, -1.074118e-13
123.700000, -9.279617e-14, 1.206290e-13, 7.048259e-14, -1.097228e-13
123.800000, -8.960057e-14, 1.193284e-13, 7.311771e-14, -1.054811e-13
123.900000, -9.323203e-14, 1.208135e-13, 7.233776e-14, -1.071600e-13
124.000000, -8.931149e-14, 1.201895e-13, 7.567207e-14, -1.022646e-13
124.100000, -9.211408e-14, 1.223549e-13, 7.565631e-14, -1.032063e-13
124.200000, -8.746145e-14, 1.224100e-13, 7.968257e-14, -9.766985e-14
124.300000, -8.954362e-14, 1.251469e-13, 8.031215e-14, -9.799568e-14
124.400000, -8.436652e-14, 1.256751e-13, 8.481512e-14, -9.203251e-14
124.500000, -8.601800e-14, 1.286997e-13, 8.579512e-14, -9.203358e-14
124.600000, -8.066323e-14, 1.293609e-13, 9.042357e-14, -8.598851e-14
124.700000, -8.226148e-14, 1.323051e-13, 9.137281e-14, -8.603836e-14
124.800000, -7.710486e-14, 1.327325e-13, 9.574697e-14, -8.028257e-14
124.900000, -7.899635e-14, 1.352598e-13, 9.631570e-14, -8.072257e-14
125.000000, -7.432803e-14, 1.351715e-13, 1.001426e-13, -7.554086e-14
125.100000, -7.672948e-14, 1.370739e-13, 1.001127e-13, -7.658202e-14
125.200000, -7.268115e-14, 1.363444e-13, 1.032599e-13, -7.210055e-14
125.300000, -7.563960e-14, 1.375806e-13, 1.025847e-13, -7.378479e-14
125.400000, -7.217776e-14, 1.362468e-13, 1.050864e-13, -6.996584e-14
125.500000, -7.559168e-14, 1.369216e-13, 1.038685e-13, -7.218840e-14
125.600000, -7.256004e-14, 1.351407e-13, 1.058814e-13, -6.887392e-14
125.700000, -7.623694e-14, 1.354481e-13, 1.043130e-13, -7.144184e-14
125.800000, -7.342245e-14, 1.334330e-13, 1.060485e-13, -6.841952e-14
125.900000, -7.714621e-14, 1.335897e-13, 1.043442e-13, -7.111813e-14
126.000000, -7.434243e-14, 1.315465e-13, 1.060067e-13, -6.818345e-14
126.100000, -7.793048e-14, 1.317358e-13, 1.043472e-13, -7.083197e-14
126.200000, -7.498757e-14, 1.298142e-13, 1.060845e-13, -6.783664e-14
126.300000, -7.833116e-14, 1.301463e-13, 1.045770e-13, -7.032721e-14
126.400000, -7.518285e-14, 1.284135e-13, 1.064540e-13, -6.720522e-14
126.500000, -7.825889e-14, 1.289140e-13, 1.051209e-13, -6.951402e-14
126.600000, -7.491994e-14, 1.273576e-13, 1.071225e-13, -6.627829e-14
126.700000, -7.777622e-14, 1.279828e-13, 1.059168e-13, -6.844984e-14
126.800000, -7.431847e-14, 1.265346e-13, 1.079724e-13, -6.516759e-14
126.900000, -7.704431e-14, 1.272006e-13, 1.068071e-13, -6.728504e-14
127.000000, -7.356527e-14, 1.257679e-13, 1.088219e-13, -6.404648e-14
127.100000, -7.626047e-14, 1.263811e-13, 1.076009e-13, -6.620145e-14
127.200000, -7.285433e-14, 1.248751e-13, 1.094846e-13, -6.309222e-14
127.300000, -7.560319e-14, 1.253572e-13, 1.081278e-13, -6.536037e-14
127.400000, -7.233845e-14, 1.237143e-13, 1.098158e-13, -6.244077e-14
127.500000, -7.519187e-14, 1.240198e-13, 1.082765e-13, -6.486525e-14
127.600000, -7.209872e-14, 1.222134e-13, 1.097423e-13, -6.215848e-14
127.700000, -7.506726e-14, 1.223359e-13, 1.080136e-13, -6.474350e-14
127.800000, -7.213657e-14, 1.203779e-13, 1.092698e-13, -6.223484e-14
127.900000, -7.519524e-14, 1.203454e-13, 1.073802e-13, -6.495044e-14
128.000000, -7.238819e-14, 1.182760e-13, 1.084683e-13, -6.259696e-14
128.100000, -7.548958e-14, 1.181378e-13, 1.064680e-13, -6.539231e-14
128.200000, -7.275295e-14, 1.160111e-13, 1.074434e-13, -6.313812e-14
128.300000, -7.584305e-14, 1.158226e-13, 1.053883e-13, -6.595704e-14
128.400000, -7.312412e-14, 1.136916e-13, 1.063051e-13, -6.374780e-14
128.500000, -7.615566e-14, 1.135013e-13, 1.042438e-13, -6.654167e-14
128.600000, -7.341374e-14, 1.114070e-13, 1.051436e-13, -6.433551e-14
128.700000, -7.635566e-14, 1.112473e-13, 1.031084e-13, -6.707189e-14
128.800000, -7.356913e-14, 1.092120e-13, 1.040138e-13, -6.484557e-14
128.900000, -7.641073e-14, 1.090957e-13, 1.020167e-13, -6.751153e-14
129.000000, -7.357813e-14, 1.071225e-13, 1.029305e-13, -6.526087e-14
129.100000, -7.632736e-14, 1.070443e-13, 1.009656e-13, -6.786099e-14
129.200000, -7.346328e-14, 1.051209e-13, 1.018754e-13, -6.559663e-14
129.300000, -7.614056e-14, 1.050641e-13, 9.992487e-14, -6.814674e-14
129.400000, -7.326802e-14, 1.031706e-13, 1.008105e-13, -6.588667e-14
129.500000, -7.589827e-14, 1.031142e-13, 9.885300e-14, -6.840610e-14
129.600000, -7.304124e-14, 1.012299e-13, 9.969403e-14, -6.616841e-14
129.700000, -7.564718e-14, 1.011554e-13, 9.771092e-14, -6.867368e-14
129.800000, -7.282472e-14, 9.926458e-14, 9.849238e-14, -6.647119e-14
129.900000, -7.542182e-14, 9.916043e-14, 9.647258e-14, -6.897168e-14
130.000000, -7.264399e-14, 9.725583e-14, 9.718847e-14, -6.680891e-14
130.100000, -7.523778e-14, 9.711959e-14, 9.513054e-14, -6.930519e-14
130.200000, -7.250460e-14, 9.520295e-14, 9.578442e-14, -6.717806e-14
130.300000, -7.509112e-14, 9.504063e-14, 9.369577e-14, -6.966289e-14
130.400000, -7.239418e-14, 9.312109e-14, 9.429883e-14, -6.756070e-14
130.500000, -7.496250e-14, 9.294463e-14, 9.219294e-14, -7.002166e-14
130.600000, -7.228823e-14, 9.103559e-14, 9.276065e-14, -6.793025e-14
130.700000, -7.482417e-14, 9.085934e-14, 9.065338e-14, -7.035332e-14
130.800000, -7.215767e-14, 8.897480e-14, 9.120163e-14, -6.825875e-14
130.900000, -7.464756e-14, 8.881204e-14, 8.910741e-14, -7.063184e-14
131.000000, -7.197607e-14, 8.696336e-14, 8.964910e-14, -6.852361e-14
131.100000, -7.440976e-14, 8.682343e-14, 8.757811e-14, -7.083919e-14
131.200000, -7.172516e-14, 8.501718e-14, 8.812091e-14, -6.871212e-14
131.300000, -7.409783e-14, 8.490409e-14, 8.607754e-14, -7.096837e-14
131.400000, -7.139765e-14, 8.314130e-14, 8.662325e-14, -6.882295e-14
131.500000, -7.371004e-14, 8.305378e-14, 8.460638e-14, -7.102321e-14
131.600000, -7.099692e-14, 8.133087e-14, 8.515192e-14, -6.886427e-14
131.700000, -7.325419e-14, 8.126387e-14, 8.315643e-14, -7.101521e-14
131.800000, -7.053433e-14, 7.957440e-14, 8.369575e-14, -6.884982e-14
131.900000, -7.274418e-14, 7.952107e-14, 8.171472e-14, -7.095917e-14
132.000000, -7.002527e-14, 7.785792e-14, 8.224119e-14, -6.879426e-14
132.100000, -7.219588e-14, 7.781175e-14, 8.026818e-14, -7.086847e-14
132.200000, -6.948519e-14, 7.616906e-14, 8.077655e-14, -6.870877e-14
132.300000, -7.162350e-14, 7.612555e-14, 7.880729e-14, -7.075145e-14
132.400000, -6.892638e-14, 7.450000e-14, 7.929503e-14, -6.859845e-14
132.500000, -7.103686e-14, 7.445755e-14, 7.732826e-14, -7.060981e-14
132.600000, -6.835585e-14, 7.284887e-14, 7.779594e-14, -6.846172e-14
132.700000, -7.044001e-14, 7.280879e-14, 7.583342e-14, -7.043900e-14
132.800000, -6.777478e-14, 7.121932e-14, 7.628428e-14, -6.829163e-14
132.900000, -6.983161e-14, 7.118507e-14, 7.432989e-14, -7.023037e-14
133.000000, -6.717976e-14, 6.961870e-14, 7.476871e-14, -6.807852e-14
133.100000, -6.920665e-14, 6.959467e-14, 7.282730e-14, -6.997394e-14
133.200000, -6.656476e-14, 6.805562e-14, 7.325918e-14, -6.781280e-14
133.300000, -6.855863e-14, 6.804593e-14, 7.133533e-14, -6.966111e-14
133.400000, -6.592335e-14, 6.653764e-14, 7.176463e-14, -6.748734e-14
133.500000, -6.788169e-14, 6.654519e-14, 6.986181e-14, -6.928657e-14
133.600000, -6.525065e-14, 6.506952e-14, 7.029148e-14, -6.709888e-14
133.700000, -6.717234e-14, 6.509540e-14, 6.841149e-14, -6.884922e-14
133.800000, -6.454496e-14, 6.365221e-14, 6.884265e-14, -6.664849e-14
133.900000, -6.643083e-14, 6.369541e-14, 6.698544e-14, -6.835219e-14
134.000000, -6.380840e-14, 6.228264e-14, 6.741742e-14, -6.614115e-14
134.100000, -6.566094e-14, 6.234059e-14, 6.558140e-14, -6.780194e-14
134.200000, -6.304614e-14, 6.095501e-14, 6.601238e-14, -6.558438e-14
134.300000, -6.486877e-14, 6.102437e-14, 6.419517e-14, -6.720667e-14
134.400000, -6.226472e-14, 5.966242e-14, 6.462289e-14, -6.498665e-14
134.500000, -6.406089e-14, 5.973998e-14, 6.282212e-14, -6.657464e-14
134.600000, -6.147031e-14, 5.839868e-14, 6.324478e-14, -6.435560e-14
134.700000, -6.324267e-14, 5.848215e-14, 6.145891e-14, -6.591252e-14
134.800000, -6.066717e-14, 5.715970e-14, 6.187580e-14, -6.369668e-14
134.900000, -6.241702e-14, 5.724816e-14, 6.010458e-14, -6.522439e-14
135.000000, -5.985682e-14, 5.594418e-14, 6.051637e-14, -6.301252e-14
135.100000, -6.158410e-14, 5.603804e-14, 5.876087e-14, -6.451149e-14
135.200000, -5.903817e-14, 5.475333e-14, 5.916940e-14, -6.230319e-14
135.300000, -6.074179e-14, 5.485396e-14, 5.743160e-14, -6.377297e-14
135.400000, -5.820835e-14, 5.358997e-14, 5.783925e-14, -6.156725e-14
135.500000, -5.988680e-14, 5.369904e-14, 5.612134e-14, -6.300719e-14
135.600000, -5.736400e-14, 5.245719e-14, 5.653039e-14, -6.080318e-14
135.700000, -5.901602e-14, 5.257604e-14, 5.483418e-14, -6.221298e-14
135.800000, -5.650250e-14, 5.135724e-14, 5.524629e-14, -6.001041e-14
135.900000, -5.812744e-14, 5.148658e-14, 5.357279e-14, -6.139049e-14
136.000000, -5.562257e-14, 5.029101e-14, 5.398880e-14, -5.918980e-14
136.100000, -5.722054e-14, 5.043086e-14, 5.233829e-14, -6.054121e-14
136.200000, -5.472444e-14, 4.925813e-14, 5.275836e-14, -5.834329e-14
136.300000, -5.629624e-14, 4.940804e-14, 5.113058e-14, -5.966731e-14
136.400000, -5.380961e-14, 4.825743e-14, 5.155451e-14, -5.747316e-14
136.500000, -5.535652e-14, 4.841672e-14, 4.994896e-14, -5.877107e-14
136.600000, -5.288044e-14, 4.728735e-14, 5.037644e-14, -5.658154e-14
136.700000, -5.440403e-14, 4.745527e-14, 4.879262e-14, -5.785437e-14
136.800000, -5.193982e-14, 4.634626e-14, 4.922338e-14, -5.567001e-14
136.900000, -5.344184e-14, 4.652207e-14, 4.766089e-14, -5.691847e-14
137.000000, -5.099091e-14, 4.543257e-14, 4.809481e-14, -5.473959e-14
137.100000, -5.247307e-14, 4.561562e-14, 4.655343e-14, -5.596417e-14
137.200000, -5.003670e-14, 4.454490e-14, 4.699058e-14, -5.379088e-14
137.300000, -5.150049e-14, 4.473463e-14, 4.547028e-14, -5.499198e-14
137.400000, -4.907969e-14, 4.368202e-14, 4.591092e-14, -5.282439e-14
137.500000, -5.052630e-14, 4.387790e-14, 4.441181e-14, -5.400251e-14
137.600000, -4.812178e-14, 4.284275e-14, 4.485625e-14, -5.184097e-14
137.700000, -4.955214e-14, 4.304424e-14, 4.337848e-14, -5.299685e-14
137.800000, -4.716439e-14, 4.202586e-14, 4.382706e-14, -5.084191e-14
137.900000, -4.857920e-14, 4.223240e-14, 4.237076e-14, -5.197651e-14
138.000000, -4.620848e-14, 4.123008e-14, 4.282379e-14, -4.982896e-14
138.100000, -4.760827e-14, 4.144110e-14, 4.138907e-14, -5.094344e-14
138.200000, -4.525473e-14, 4.045416e-14, 4.184679e-14, -4.880421e-14
138.300000, -4.663987e-14, 4.066913e-14, 4.043369e-14, -4.989984e-14
138.400000, -4.430353e-14, 3.969697e-14, 4.089631e-14, -4.776995e-14
138.500000, -4.567435e-14, 3.991544e-14, 3.950480e-14, -4.884801e-14
138.600000, -4.335520e-14, 3.895752e-14, 3.997243e-14, -4.672845e-14
138.700000, -4.471202e-14, 3.917916e-14, 3.860242e-14, -4.779018e-14
138.800000, -4.241006e-14, 3.823511e-14, 3.907512e-14, -4.568186e-14
138.900000, -4.375317e-14, 3.845972e-14, 3.772647e-14, -4.672837e-14
139.000000, -4.146841e-14, 3.752929e-14, 3.820423e-14, -4.463207e-14
139.100000, -4.279816e-14, 3.775678e-14, 3.687674e-14, -4.566436e-14
139.200000, -4.053068e-14, 3.683978e-14, 3.735948e-14, -4.358079e-14
139.300000, -4.184748e-14, 3.707010e-14, 3.605283e-14, -4.459981e-14
139.400000, -3.959746e-14, 3.616634e-14, 3.654034e-14, -4.252968e-14
139.500000, -4.090187e-14, 3.639934e-14, 3.525408e-14, -4.353643e-14
139.600000, -3.866963e-14, 3.550850e-14, 3.574601e-14, -4.148050e-14
139.700000, -3.996233e-14, 3.574391e-14, 3.447955e-14, -4.247607e-14
139.800000, -3.774835e-14, 3.486551e-14, 3.497541e-14, -4.043523e-14
139.900000, -3.903018e-14, 3.510286e-14, 3.372804e-14, -4.142080e-14
140.000000, -3.683507e-14, 3.423624e-14, 3.422720e-14, -3.939606e-14
140.100000, -3.810699e-14, 3.447492e-14, 3.299809e-14, -4.037294e-14
140.200000, -3.593146e-14, 3.361929e-14, 3.349984e-14, -3.836540e-14
140.300000, -3.719448e-14, 3.385854e-14, 3.228806e-14, -3.933501e-14
140.400000, -3.503930e-14, 3.301298e-14, 3.279159e-14, -3.734585e-14
140.500000, -3.629447e-14, 3.325200e-14, 3.159615e-14, -3.830958e-14
140.600000, -3.416035e-14, 3.241564e-14, 3.210064e-14, -3.633991e-14
140.700000, -3.540855e-14, 3.265370e-14, 3.092066e-14, -3.729902e-14
140.800000, -3.329597e-14, 3.182578e-14, 3.142549e-14, -3.534977e-14
140.900000, -3.453784e-14, 3.206234e-14, 3.026027e-14, -3.630531e-14
141.000000, -3.244703e-14, 3.124231e-14, 3.076502e-14, -3.437714e-14
141.100000, -3.368292e-14, 3.147702e-14, 2.961414e-14, -3.532985e-14
141.200000, -3.161384e-14, 3.066456e-14, 3.011866e-14, -3.342311e-14
141.300000, -3.284388e-14, 3.089726e-14, 2.898194e-14, -3.437346e-14
141.400000, -3.079632e-14, 3.009215e-14, 2.948628e-14, -3.248828e-14
141.500000, -3.202052e-14, 3.032281e-14, 2.836370e-14, -3.343650e-14
141.600000, -2.999422e-14, 2.952496e-14, 2.886803e-14, -3.157279e-14
141.700000, -3.121256e-14, 2.975361e-14, 2.775963e-14, -3.251897e-14
141.800000, -2.920725e-14, 2.896298e-14, 2.826412e-14, -3.067655e-14
141.900000, -3.041976e-14, 2.918968e-14, 2.716987e-14, -3.162071e-14
142.000000, -2.843530e-14, 2.840622e-14, 2.767458e-14, -2.979938e-14
142.100000, -2.964216e-14, 2.863101e-14, 2.659434e-14, -3.074154e-14
142.200000, -2.767852e-14, 2.785467e-14, 2.709919e-14, -2.894111e-14
142.300000, -2.888001e-14, 2.807760e-14, 2.603269e-14, -2.988127e-14
142.400000, -2.693724e-14, 2.730835e-14, 2.653750e-14, -2.810152e-14
142.500000, -2.813366e-14, 2.752949e-14, 2.548441e-14, -2.903970e-14
142.600000, -2.621182e-14, 2.676733e-14, 2.598899e-14, -2.728043e-14
142.700000, -2.740344e-14, 2.698681e-14, 2.494898e-14, -2.821662e-14
142.800000, -2.550252e-14, 2.623179e-14, 2.545318e-14, -2.647760e-14
142.900000, -2.668950e-14, 2.644976e-14, 2.442601e-14, -2.741178e-14
143.000000, -2.480938e-14, 2.570195e-14, 2.492976e-14, -2.569278e-14
143.100000, -2.599185e-14, 2.591857e-14, 2.391522e-14, -2.662499e-14
143.200000, -2.413242e-14, 2.517800e-14, 2.441839e-14, -2.492590e-14
143.300000, -2.531053e-14, 2.539332e-14, 2.341620e-14, -2.585628e-14
143.400000, -2.347173e-14, 2.465991e-14, 2.391859e-14, -2.417714e-14
143.500000, -2.464566e-14, 2.487387e-14, 2.292834e-14, -2.510603e-14
143.600000, -2.282746e-14, 2.414742e-14, 2.342959e-14, -2.344705e-14
143.700000, -2.399741e-14, 2.435990e-14, 2.245075e-14, -2.437492e-14
143.800000, -2.219978e-14, 2.364017e-14, 2.295045e-14, -2.273641e-14
143.900000, -2.336594e-14, 2.385099e-14, 2.198245e-14, -2.366378e-14
144.000000, -2.158881e-14, 2.313772e-14, 2.248012e-14, -2.204607e-14
144.100000, -2.275132e-14, 2.334674e-14, 2.152237e-14, -2.297347e-14
144.200000, -2.099459e-14, 2.263974e-14, 2.201757e-14, -2.137687e-14
144.300000, -2.215352e-14, 2.284686e-14, 2.106953e-14, -2.230474e-14
144.400000, -2.041702e-14, 2.214601e-14, 2.156187e-14, -2.072943e-14
144.500000, -2.157240e-14, 2.235127e-14, 2.062308e-14, -2.165807e-14
144.600000, -1.985593e-14, 2.165656e-14, 2.111227e-14, -2.010408e-14
144.700000, -2.100775e-14, 2.186007e-14, 2.018236e-14, -2.103365e-14
144.800000, -1.931108e-14, 2.117157e-14, 2.066820e-14, -1.950086e-14
144.900000, -2.045936e-14, 2.137349e-14, 1.974686e-14, -2.043134e-14
145.000000, -1.878231e-14, 2.069128e-14, 2.022916e-14, -1.891954e-14
145.100000, -1.992710e-14, 2.089178e-14, 1.931610e-14, -1.985088e-14
145.200000, -1.826952e-14, 2.021595e-14, 1.979468e-14, -1.835978e-14
145.300000, -1.941090e-14, 2.041519e-14, 1.888964e-14, -1.929184e-14
145.400000, -1.777268e-14, 1.974581e-14, 1.936438e-14, -1.782110e-14
145.500000, -1.891072e-14, 1.994392e-14, 1.846718e-14, -1.875369e-14
145.600000, -1.729171e-14, 1.928105e-14, 1.893809e-14, -1.730290e-14
145.700000, -1.842645e-14, 1.947817e-14, 1.804867e-14, -1.823572e-14
145.800000, -1.682645e-14, 1.882189e-14, 1.851587e-14, -1.680436e-14
145.900000, -1.795785e-14, 1.901818e-14, 1.763432e-14, -1.773706e-14
146.000000, -1.637659e-14, 1.836857e-14, 1.809806e-14, -1.632456e-14
146.100000, -1.750452e-14, 1.856422e-14, 1.722459e-14, -1.725671e-14
146.200000, -1.594159e-14, 1.792145e-14, 1.768526e-14, -1.586245e-14
146.300000, -1.706579e-14, 1.811673e-14, 1.682020e-14, -1.679357e-14
146.400000, -1.552067e-14, 1.748102e-14, 1.727828e-14, -1.541689e-14
146.500000, -1.664074e-14, 1.767626e-14, 1.642203e-14, -1.634649e-14
146.600000, -1.511283e-14, 1.704788e-14, 1.687803e-14, -1.498674e-14
146.700000, -1.622834e-14, 1.724341e-14, 1.603097e-14, -1.591437e-14
146.800000, -1.471700e-14, 1.662262e-14, 1.648533e-14, -1.457098e-14
146.900000, -1.582754e-14, 1.681875e-14, 1.564774e-14, -1.549628e-14
147.000000, -1.433219e-14, 1.620574e-14, 1.610080e-14, -1.416877e-14
147.100000, -1.543740e-14, 1.640270e-14, 1.527286e-14, -1.509149e-14
147.200000, -1.395758e-14, 1.579760e-14, 1.572482e-14, -1.377950e-14
147.300000, -1.505725e-14, 1.599555e-14, 1.490659e-14, -1.469947e-14
147.400000, -1.359263e-14, 1.539839e-14, 1.535755e-14, -1.340273e-14
147.500000, -1.468671e-14, 1.559735e-14, 1.454892e-14, -1.431988e-14
147.600000, -1.323717e-14, 1.500805e-14, 1.499880e-14, -1.303819e-14
147.700000, -1.432582e-14, 1.520798e-14, 1.419954e-14, -1.395253e-14
147.800000, -1.289138e-14, 1.462638e-14, 1.464814e-14, -1.268578e-14
147.900000, -1.397484e-14, 1.482715e-14, 1.385792e-14, -1.359737e-14
148.000000, -1.255561e-14, 1.425305e-14, 1.430497e-14, -1.234548e-14
148.100000, -1.363419e-14, 1.445452e-14, 1.352338e-14, -1.325443e-14
148.200000, -1.223032e-14, 1.388771e-14, 1.396858e-14, -1.201735e-14
148.300000, -1.330433e-14, 1.408972e-14, 1.319524e-14, -1.292375e-14
148.400000, -1.191593e-14, 1.352996e-14, 1.363832e-14, -1.170144e-14
148.500000, -1.298562e-14, 1.373235e-14, 1.287289e-14, -1.260539e-14
148.600000, -1.161274e-14, 1.317942e-14, 1.331364e-14, -1.139777e-14
148.700000, -1.267829e-14, 1.338204e-14, 1.255589e-14, -1.229931e-14
148.800000, -1.132085e-14, 1.283576e-14, 1.299424e-14, -1.110623e-14
148.900000, -1.238227e-14, 1.303852e-14, 1.224408e-14, -1.200532e-14
149.000000, -1.104003e-14, 1.249881e-14, 1.268012e-14, -1.082655e-14
149.100000, -1.209713e-14, 1.270175e-14, 1.193763e-14, -1.172303e-14
149.200000, -1.076963e-14, 1.216863e-14, 1.237161e-14, -1.055819e-14
149.300000, -1.182204e-14, 1.237191e-14, 1.163703e-14, -1.145178e-14
149.400000, -1.050866e-14, 1.184554e-14, 1.206933e-14, -1.030040e-14
149.500000, -1.155582e-14, 1.204942e-14, 1.134300e-14, -1.119072e-14
149.600000, -1.025578e-14, 1.153005e-14, 1.177409e-14, -1.005225e-14
149.700000, -1.129707e-14, 1.173487e-14, 1.105638e-14, -1.093886e-14
149.800000, -1.000958e-14, 1.122279e-14, 1.148670e-14, -9.812710e-15
149.900000, -1.104439e-14, 1.142890e-14, 1.077793e-14, -1.069518e-14
150.000000, -9.768742e-15, 1.092438e-14, 1.120780e-14, -9.580784e-15
150.100000, -1.079663e-14, 1.113204e-14, 1.050812e-14, -1.045872e-14
150.200000, -9.532368e-15, 1.063518e-14, 1.093769e-14, -9.355618e-15
150.300000, -1.055317e-14, 1.084445e-14, 1.024704e-14, -1.022876e-14
150.400000, -9.300145e-15, 1.035516e-14, 1.067619e-14, -9.136638e-15
150.500000, -1.031402e-14, 1.056588e-14, 9.994253e-15, -1.000488e-14
150.600000, -9.072333e-15, 1.008384e-14, 1.042268e-14, -8.923560e-15
150.700000, -1.007965e-14, 1.029567e-14, 9.748996e-15, -9.786928e-15
150.800000, -8.849622e-15, 9.820393e-15, 1.017625e-14, -8.716360e-15
150.900000, -9.850893e-15, 1.003284e-14, 9.510246e-15, -9.574990e-15
151.000000, -8.632907e-15, 9.563755e-15, 9.935823e-15, -8.515224e-15
151.100000, -9.628645e-15, 9.776286e-15, 9.276951e-15, -9.369321e-15
151.200000, -8.423000e-15, 9.312809e-15, 9.700433e-15, -8.320438e-15
151.300000, -9.413570e-15, 9.524930e-15, 9.048260e-15, -9.170199e-15
151.400000, -8.220377e-15, 9.066574e-15, 9.469390e-15, -8.132242e-15
151.500000, -9.205913e-15, 9.277919e-15, 8.823688e-15, -8.977792e-15
151.600000, -8.025031e-15, 8.824350e-15, 9.242430e-15, -7.950696e-15
151.700000, -9.005411e-15, 9.034738e-15, 8.603199e-15, -8.792023e-15
151.800000, -7.836457e-15, 8.585826e-15, 9.019735e-15, -7.775572e-15
151.900000, -8.811336e-15, 8.795278e-15, 8.387165e-15, -8.612506e-15
152.000000, -7.653741e-15, 8.351086e-15, 8.801828e-15, -7.606336e-15
152.100000, -8.622638e-15, 8.559802e-15, 8.176218e-15, -8.438575e-15
152.200000, -7.475751e-15, 8.120550e-15, 8.589400e-15, -7.442208e-15
152.300000, -8.438151e-15, 8.328852e-15, 7.971062e-15, -8.269358e-15
152.400000, -7.301341e-15, 7.894850e-15, 8.383117e-15, -7.282261e-15
152.500000, -8.256799e-15, 8.103115e-15, 7.772273e-15, -8.103911e-15
152.600000, -7.129547e-15, 7.674690e-15, 8.183421e-15, -7.125575e-15
152.700000, -8.077760e-15, 7.883279e-15, 7.580120e-15, -7.941380e-15
152.800000, -6.959722e-15, 7.460713e-15, 7.990368e-15, -6.971402e-15
152.900000, -7.900587e-15, 7.669915e-15, 7.394426e-15, -7.781142e-15
153.000000, -6.791640e-15, 7.253392e-15, 7.803547e-15, -6.819257e-15
153.100000, -7.725282e-15, 7.463377e-15, 7.214558e-15, -7.622859e-15
153.200000, -6.625519e-15, 7.052958e-15, 7.622126e-15, -6.668944e-15
153.300000, -7.552254e-15, 7.263770e-15, 7.039525e-15, -7.466454e-15
153.400000, -6.461931e-15, 6.859395e-15, 7.445004e-15, -6.520485e-15
153.500000, -7.382197e-15, 7.070972e-15, 6.868162e-15, -7.312029e-15
153.600000, -6.301651e-15, 6.672488e-15, 7.270994e-15, -6.374041e-15
153.700000, -7.215911e-15, 6.884697e-15, 6.699322e-15, -7.159774e-15
153.800000, -6.145440e-15, 6.491915e-15, 7.099056e-15, -6.229796e-15
153.900000, -7.054050e-15, 6.704614e-15, 6.532134e-15, -7.009831e-15
154.000000, -5.993783e-15, 6.317358e-15, 6.928551e-15, -6.087830e-15
154.100000, -6.896883e-15, 6.530439e-15, 6.366237e-15, -6.862201e-15
154.200000, -5.846708e-15, 6.148583e-15, 6.759407e-15, -5.948061e-15
154.300000, -6.744184e-15, 6.361989e-15, 6.201842e-15, -6.716728e-15
154.400000, -5.703746e-15, 5.985456e-15, 6.592094e-15, -5.810274e-15
154.500000, -6.595267e-15, 6.199175e-15, 6.039641e-15, -6.573153e-15
154.600000, -5.564029e-15, 5.827930e-15, 6.427481e-15, -5.674183e-15
154.700000, -6.449131e-15, 6.041985e-15, 5.880623e-15, -6.431179e-15
154.800000, -5.426485e-15, 5.676011e-15, 6.266605e-15, -5.539504e-15
154.900000, -6.304688e-15, 5.890426e-15, 5.725804e-15, -6.290559e-15
155.000000, -5.290078e-15, 5.529686e-15, 6.110391e-15, -5.406056e-15
155.100000, -6.161024e-15, 5.744438e-15, 5.575951e-15, -6.151201e-15
155.200000, -5.154077e-15, 5.388827e-15, 5.959390e-15, -5.273855e-15
155.300000, -6.017638e-15, 5.603799e-15, 5.431353e-15, -6.013247e-15
155.400000, -5.018250e-15, 5.253097e-15, 5.813598e-15, -5.143183e-15
155.500000, -5.874592e-15, 5.468040e-15, 5.291703e-15, -5.877122e-15
155.600000, -4.882968e-15, 5.121877e-15, 5.672407e-15, -5.014612e-15
155.700000, -5.732571e-15, 5.336373e-15, 5.156102e-15, -5.743544e-15
155.800000, -4.749231e-15, 4.994193e-15, 5.534644e-15, -4.889007e-15
155.900000, -5.592874e-15, 5.207631e-15, 5.023132e-15, -5.613526e-15
156.000000, -4.618612e-15, 4.868687e-15, 5.398676e-15, -4.767526e-15
156.100000, -5.457311e-15, 5.080278e-15, 4.890983e-15, -5.488352e-15
156.200000, -4.493100e-15, 4.743686e-15, 5.262573e-15, -4.651544e-15
156.300000, -5.327967e-15, 4.952567e-15, 4.757683e-15, -5.369428e-15
156.400000, -4.374774e-15, 4.617460e-15, 5.124416e-15, -4.542419e-15
156.500000, -5.206786e-15, 4.822895e-15, 4.621479e-15, -5.257965e-15
156.600000, -4.265313e-15, 4.488647e-15, 4.982733e-15, -4.441109e-15
156.700000, -5.095052e-15, 4.690259e-15, 4.481295e-15, -5.154569e-15
156.800000, -4.165484e-15, 4.356710e-15, 4.836950e-15, -4.347782e-15
156.900000, -4.992923e-15, 4.554663e-15, 4.337141e-15, -5.058898e-15
157.000000, -4.074775e-15, 4.222244e-15, 4.687710e-15, -4.261543e-15
157.100000, -4.899186e-15, 4.417316e-15, 4.190313e-15, -4.969488e-15
157.200000, -3.991297e-15, 4.087053e-15, 4.536948e-15, -4.180382e-15
157.300000, -4.811339e-15, 4.280553e-15, 4.043329e-15, -4.883835e-15
157.400000, -3.912033e-15, 3.953906e-15, 4.387665e-15, -4.101388e-15
157.500000, -4.725991e-15, 4.147442e-15, 3.899540e-15, -4.798753e-15
157.600000, -3.833402e-15, 3.826002e-15, 4.243387e-15, -4.021264e-15
157.700000, -4.639577e-15, 4.021120e-15, 3.762440e-15, -4.711020e-15
157.800000, -3.752071e-15, 3.706218e-15, 4.107361e-15, -3.937066e-15
157.900000, -4.549191e-15, 3.904030e-15, 3.634837e-15, -4.618144e-15
158.000000, -3.665711e-15, 3.596429e-15, 3.981808e-15, -3.846885e-15
158.100000, -4.453176e-15, 3.797391e-15, 3.518266e-15, -4.518881e-15
158.200000, -3.573390e-15, 3.497163e-15, 3.867525e-15, -3.750175e-15
158.300000, -4.351326e-15, 3.701050e-15, 3.412790e-15, -4.413375e-15
158.400000, -3.475583e-15, 3.407636e-15, 3.763886e-15, -3.647723e-15
158.500000, -4.244720e-15, 3.613672e-15, 3.317172e-15, -4.302968e-15
158.600000, -3.373868e-15, 3.326067e-15, 3.669155e-15, -3.541321e-15
158.700000, -4.135306e-15, 3.533151e-15, 3.229306e-15, -4.189778e-15
158.800000, -3.270432e-15, 3.250154e-15, 3.580988e-15, -3.433278e-15
158.900000, -4.025375e-15, 3.457117e-15, 3.146752e-15, -4.076174e-15
159.000000, -3.167543e-15, 3.177578e-15, 3.496982e-15, -3.325903e-15
159.100000, -3.917056e-15, 3.383408e-15, 3.067259e-15, -3.964290e-15
159.200000, -3.067101e-15, 3.106423e-15, 3.415132e-15, -3.221069e-15
159.300000, -3.811959e-15, 3.310411e-15, 2.989133e-15, -3.855684e-15
159.400000, -2.970390e-15, 3.035405e-15, 3.334086e-15, -3.119988e-15
159.500000, -3.711031e-15, 3.237175e-15, 2.911370e-15, -3.751220e-15
159.600000, -2.878030e-15, 2.963898e-15, 3.253174e-15, -3.023196e-15
159.700000, -3.614585e-15, 3.163374e-15, 2.833609e-15, -3.651131e-15
159.800000, -2.790060e-15, 2.891840e-15, 3.172312e-15, -2.930661e-15
159.900000, -3.522416e-15, 3.089178e-15, 2.756006e-15, -3.555157e-15
160.000000, -2.706068e-15, 2.819599e-15, 3.091855e-15, -2.841933e-15
160.100000, -3.433942e-15, 3.015109e-15, 2.679078e-15, -3.462700e-15
160.200000, -2.625344e-15, 2.747813e-15, 3.012439e-15, -2.756309e-15
160.300000, -3.348371e-15, 2.941881e-15, 2.603536e-15, -3.372989e-15
160.400000, -2.547055e-15, 2.677226e-15, 2.934807e-15, -2.672994e-15
160.500000, -3.264875e-15, 2.870227e-15, 2.530112e-15, -3.285249e-15
160.600000, -2.470423e-15, 2.608520e-15, 2.859640e-15, -2.591269e-15
160.700000, -3.182756e-15, 2.800743e-15, 2.459399e-15, -3.198850e-15
160.800000, -2.394865e-15, 2.542181e-15, 2.787413e-15, -2.510620e-15
160.900000, -3.101566e-15, 2.733783e-15, 2.391739e-15, -3.113407e-15
161.000000, -2.320078e-15, 2.478420e-15, 2.718323e-15, -2.430802e-15
161.100000, -3.021154e-15, 2.669414e-15, 2.327178e-15, -3.028818e-15
161.200000, -2.246061e-15, 2.417164e-15, 2.652270e-15, -2.351855e-15
161.300000, -2.941658e-15, 2.607430e-15, 2.265482e-15, -2.945252e-15
161.400000, -2.173073e-15, 2.358092e-15, 2.588901e-15, -2.274057e-15
161.500000, -2.863431e-15, 2.547421e-15, 2.206206e-15, -2.863074e-15
161.600000, -2.101532e-15, 2.300733e-15, 2.527711e-15, -2.197833e-15
161.700000, -2.786922e-15, 2.488888e-15, 2.148815e-15, -2.782734e-15
161.800000, -2.031888e-15, 2.244593e-15, 2.468167e-15, -2.123625e-15
161.900000, -2.712551e-15, 2.431366e-15, 2.092811e-15, -2.704641e-15
162.000000, -1.964507e-15, 2.189259e-15, 2.409826e-15, -2.051791e-15
162.100000, -2.640610e-15, 2.374516e-15, 2.037824e-15, -2.629078e-15
162.200000, -1.899593e-15, 2.134479e-15, 2.352408e-15, -1.982525e-15
162.300000, -2.571212e-15, 2.318176e-15, 1.983667e-15, -2.556150e-15
162.400000, -1.837170e-15, 2.080182e-15, 2.295814e-15, -1.915847e-15
162.500000, -2.504291e-15, 2.262358e-15, 1.930328e-15, -2.485793e-15
162.600000, -1.777096e-15, 2.026451e-15, 2.240106e-15, -1.851620e-15
162.700000, -2.439647e-15, 2.207206e-15, 1.877925e-15, -2.417813e-15
162.800000, -1.719126e-15, 1.973475e-15, 2.185448e-15, -1.789609e-15
162.900000, -2.377005e-15, 2.152934e-15, 1.826652e-15, -2.351951e-15
163.000000, -1.662976e-15, 1.921478e-15, 2.132039e-15, -1.729546e-15
163.100000, -2.316088e-15, 2.099760e-15, 1.776699e-15, -2.287945e-15
163.200000, -1.608391e-15, 1.870655e-15, 2.080049e-15, -1.671196e-15
163.300000, -2.256673e-15, 2.047844e-15, 1.728204e-15, -2.225595e-15
163.400000, -1.555190e-15, 1.821126e-15, 2.029574e-15, -1.614396e-15
163.500000, -2.198627e-15, 1.997260e-15, 1.681216e-15, -2.164782e-15
163.600000, -1.503290e-15, 1.772917e-15, 1.980615e-15, -1.559079e-15
163.700000, -2.141916e-15, 1.947987e-15, 1.635690e-15, -2.105484e-15
163.800000, -1.452701e-15, 1.725965e-15, 1.933084e-15, -1.505262e-15
163.900000, -2.086582e-15, 1.899928e-15, 1.591503e-15, -2.047753e-15
164.000000, -1.403494e-15, 1.680145e-15, 1.886834e-15, -1.453022e-15
164.100000, -2.032718e-15, 1.852940e-15, 1.548492e-15, -1.991682e-15
164.200000, -1.355769e-15, 1.635308e-15, 1.841692e-15, -1.402460e-15
164.300000, -1.980420e-15, 1.806877e-15, 1.506488e-15, -1.937368e-15
164.400000, -1.309611e-15, 1.591321e-15, 1.797503e-15, -1.353660e-15
164.500000, -1.929755e-15, 1.761623e-15, 1.465355e-15, -1.884873e-15
164.600000, -1.265065e-15, 1.548091e-15, 1.754155e-15, -1.306662e-15
164.700000, -1.880738e-15, 1.717114e-15, 1.425011e-15, -1.834212e-15
164.800000, -1.222117e-15, 1.505582e-15, 1.711598e-15, -1.261448e-15
164.900000, -1.833329e-15, 1.673341e-15, 1.385433e-15, -1.785338e-15
165.000000, -1.180701e-15, 1.463811e-15, 1.669831e-15, -1.217952e-15
165.100000, -1.787441e-15, 1.630341e-15, 1.346644e-15, -1.738162e-15
165.200000, -1.140718e-15, 1.422829e-15, 1.628895e-15, -1.176067e-15
165.300000, -1.742963e-15, 1.588174e-15, 1.308692e-15, -1.692572e-15
165.400000, -1.102052e-15, 1.382702e-15, 1.588841e-15, -1.135678e-15
165.500000, -1.699782e-15, 1.546905e-15, 1.271630e-15, -1.648450e-15
165.600000, -1.064596e-15, 1.343487e-15, 1.549716e-15, -1.096675e-15
165.700000, -1.657802e-15, 1.506580e-15, 1.235494e-15, -1.605698e-15
165.800000, -1.028270e-15, 1.305218e-15, 1.511545e-15, -1.058970e-15
165.900000, -1.616955e-15, 1.467220e-15, 1.200296e-15, -1.564241e-15
166.000000, -9.930194e-16, 1.267902e-15, 1.474323e-15, -1.022507e-15
166.100000, -1.577204e-15, 1.428817e-15, 1.166016e-15, -1.524038e-15
166.200000, -9.588214e-16, 1.231518e-15, 1.438019e-15, -9.872541e-16
166.300000, -1.538534e-15, 1.391338e-15, 1.132615e-15, -1.485066e-15
166.400000, -9.256713e-16, 1.196025e-15, 1.402586e-15, -9.531989e-16
166.500000, -1.500948e-15, 1.354740e-15, 1.100040e-15, -1.447317e-15
166.600000, -8.935728e-16, 1.161377e-15, 1.367970e-15, -9.203359e-16
166.700000, -1.464448e-15, 1.318974e-15, 1.068238e-15, -1.410787e-15
166.800000, -8.625275e-16, 1.127531e-15, 1.334118e-15, -8.886567e-16
166.900000, -1.429031e-15, 1.284003e-15, 1.037163e-15, -1.375461e-15
167.000000, -8.325268e-16, 1.094452e-15, 1.300993e-15, -8.581430e-16
167.100000, -1.394682e-15, 1.249799e-15, 1.006784e-15, -1.341314e-15
167.200000, -8.035478e-16, 1.062121e-15, 1.268571e-15, -8.287623e-16
167.300000, -1.361370e-15, 1.216350e-15, 9.770845e-16, -1.308307e-15
167.400000, -7.755540e-16, 1.030534e-15, 1.236843e-15, -8.004694e-16
167.500000, -1.329052e-15, 1.183656e-15, 9.480628e-16, -1.276389e-15
167.600000, -7.484993e-16, 9.996956e-16, 1.205811e-15, -7.732096e-16
167.700000, -1.297680e-15, 1.151726e-15, 9.197237e-16, -1.245502e-15
167.800000, -7.223328e-16, 9.696146e-16, 1.175481e-15, -7.469246e-16
167.900000, -1.267203e-15, 1.120569e-15, 8.920748e-16, -1.215588e-15
168.000000, -6.970054e-16, 9.403002e-16, 1.145861e-15, -7.215579e-16
168.100000, -1.237573e-15, 1.090192e-15, 8.651208e-16, -1.186594e-15
168.200000, -6.724739e-16, 9.117558e-16, 1.116951e-15, -6.970588e-16
168.300000, -1.208750e-15, 1.060594e-15, 8.388599e-16, -1.158471e-15
168.400000, -6.487035e-16, 8.839775e-16, 1.088747e-15, -6.733851e-16
168.500000, -1.180706e-15, 1.031767e-15, 8.132829e-16, -1.131182e-15
168.600000, -6.256678e-16, 8.569537e-16, 1.061235e-15, -6.505026e-16
168.700000, -1.153415e-15, 1.003697e-15, 7.883740e-16, -1.104696e-15
168.800000, -6.033476e-16, 8.306669e-16, 1.034397e-15, -6.283841e-16
168.900000, -1.126862e-15, 9.763634e-16, 7.641130e-16, -1.078987e-15
169.000000, -5.817275e-16, 8.050960e-16, 1.008211e-15, -6.070061e-16
169.100000, -1.101031e-15, 9.497451e-16, 7.404783e-16, -1.054034e-15
169.200000, -5.607931e-16, 7.802201e-16, 9.826563e-16, -5.863463e-16
169.300000, -1.075908e-15, 9.238213e-16, 7.174503e-16, -1.029812e-15
169.400000, -5.405285e-16, 7.560197e-16, 9.577143e-16, -5.663817e-16
169.500000, -1.051474e-15, 8.985744e-16, 6.950120e-16, -1.006299e-15
169.600000, -5.209147e-16, 7.324791e-16, 9.333702e-16, -5.470866e-16
169.700000, -1.027708e-15, 8.739904e-16, 6.731510e-16, -9.834657e-16
169.800000, -5.019289e-16, 7.095861e-16, 9.096133e-16, -5.284332e-16
169.900000, -1.004587e-15, 8.500586e-16, 6.518585e-16, -9.612844e-16
170.000000, -4.835460e-16, 6.873314e-16, 8.864357e-16, -5.103918e-16
170.100000, -9.820830e-16, 8.267706e-16, 6.311279e-16, -9.397244e-16
170.200000, -4.657396e-16, 6.657075e-16, 8.638317e-16, -4.929327e-16
170.300000, -9.601704e-16, 8.041187e-16, 6.109535e-16, -9.187564e-16
170.400000, -4.484837e-16, 6.447066e-16, 8.417953e-16, -4.760274e-16
170.500000, -9.388236e-16, 7.820949e-16, 5.913293e-16, -8.983526e-16
170.600000, -4.317543e-16, 6.243198e-16, 8.203193e-16, -4.596497e-16
170.700000, -9.180196e-16, 7.606891e-16, 5.722471e-16, -8.784880e-16
170.800000, -4.155303e-16, 6.045360e-16, 7.993942e-16, -4.437765e-16
170.900000, -8.977386e-16, 7.398888e-16, 5.536964e-16, -8.591411e-16
171.000000, -3.997938e-16, 5.853420e-16, 7.790085e-16, -4.283880e-16
171.100000, -8.779640e-16, 7.196798e-16, 5.356646e-16, -8.402931e-16
171.200000, -3.845298e-16, 5.667224e-16, 7.591485e-16, -4.134666e-16
171.300000, -8.586817e-16, 7.000459e-16, 5.181378e-16, -8.219270e-16
171.400000, -3.697253e-16, 5.486609e-16, 7.397997e-16, -3.989965e-16
171.500000, -8.398791e-16, 6.809707e-16, 5.011015e-16, -8.040275e-16
171.600000, -3.553683e-16, 5.311414e-16, 7.209477e-16, -3.849628e-16
171.700000, -8.215443e-16, 6.624380e-16, 4.845415e-16, -7.865794e-16
171.800000, -3.414474e-16, 5.141479e-16, 7.025787e-16, -3.713502e-16
171.900000, -8.036652e-16, 6.444327e-16, 4.684451e-16, -7.695668e-16
172.000000, -3.279501e-16, 4.976663e-16, 6.846805e-16, -3.581430e-16
172.100000, -7.862288e-16, 6.269408e-16, 4.528007e-16, -7.529738e-16
172.200000, -3.148636e-16, 4.816833e-16, 6.672422e-16, -3.453252e-16
172.300000, -7.692216e-16, 6.099500e-16, 4.375985e-16, -7.367839e-16
172.400000, -3.021740e-16, 4.661871e-16, 6.502543e-16, -3.328805e-16
172.500000, -7.526296e-16, 5.934485e-16, 4.228294e-16, -7.209808e-16
172.600000, -2.898676e-16, 4.511666e-16, 6.337079e-16, -3.207930e-16
172.700000, -7.364382e-16, 5.774255e-16, 4.084848e-16, -7.055486e-16
172.800000, -2.779303e-16, 4.366106e-16, 6.175946e-16, -3.090477e-16
172.900000, -7.206339e-16, 5.618697e-16, 3.945563e-16, -6.904731e-16
173.000000, -2.663491e-16, 4.225081e-16, 6.019054e-16, -2.976311e-16
173.100000, -7.052039e-16, 5.467694e-16, 3.810350e-16, -6.757408e-16
173.200000, -2.551119e-16, 4.088471e-16, 5.866312e-16, -2.865308e-16
173.300000, -6.901364e-16, 5.321123e-16, 3.679115e-16, -6.613404e-16
173.400000, -2.442079e-16, 3.956150e-16, 5.717618e-16, -2.757365e-16
173.500000, -6.754208e-16, 5.178857e-16, 3.551755e-16, -6.472618e-16
173.600000, -2.336274e-16, 3.827990e-16, 5.572870e-16, -2.652387e-16
173.700000, -6.610478e-16, 5.040763e-16, 3.428166e-16, -6.334957e-16
173.800000, -2.233613e-16, 3.703858e-16, 5.431961e-16, -2.550289e-16
173.900000, -6.470083e-16, 4.906710e-16, 3.308244e-16, -6.200340e-16
174.000000, -2.134011e-16, 3.583626e-16, 5.294786e-16, -2.450993e-16
174.100000, -6.332936e-16, 4.776568e-16, 3.191888e-16, -6.068685e-16
174.200000, -2.037383e-16, 3.467168e-16, 5.161247e-16, -2.354417e-16
174.300000, -6.198950e-16, 4.650219e-16, 3.079004e-16, -5.939910e-16
174.400000, -1.943645e-16, 3.354371e-16, 5.031250e-16, -2.260485e-16
174.500000, -6.068037e-16, 4.527550e-16, 2.969501e-16, -5.813937e-16
174.600000, -1.852706e-16, 3.245124e-16, 4.904711e-16, -2.169117e-16
174.700000, -5.940105e-16, 4.408453e-16, 2.863301e-16, -5.690681e-16
174.800000, -1.764481e-16, 3.139326e-16, 4.781548e-16, -2.080231e-16
174.900000, -5.815065e-16, 4.292829e-16, 2.760325e-16, -5.570062e-16
175.000000, -1.678881e-16, 3.036879e-16, 4.661685e-16, -1.993751e-16
175.100000, -5.692829e-16, 4.180581e-16, 2.660498e-16, -5.452003e-16
175.200000, -1.595821e-16, 2.937688e-16, 4.545047e-16, -1.909600e-16
175.300000, -5.573310e-16, 4.071613e-16, 2.563749e-16, -5.336426e-16
175.400000, -1.515223e-16, 2.841659e-16, 4.431559e-16, -1.827711e-16
175.500000, -5.456432e-16, 3.965832e-16, 2.470000e-16, -5.223265e-16
175.600000, -1.437014e-16, 2.748696e-16, 4.321145e-16, -1.748017e-16
175.700000, -5.342123e-16, 3.863141e-16, 2.379178e-16, -5.112456e-16
175.800000, -1.361125e-16, 2.658708e-16, 4.213727e-16, -1.670460e-16
175.900000, -5.230318e-16, 3.763445e-16, 2.291205e-16, -5.003938e-16
176.000000, -1.287497e-16, 2.571598e-16, 4.109229e-16, -1.594982e-16
176.100000, -5.120953e-16, 3.666650e-16, 2.206007e-16, -4.897656e-16
176.200000, -1.216074e-16, 2.487273e-16, 4.007574e-16, -1.521532e-16
176.300000, -5.013976e-16, 3.572662e-16, 2.123506e-16, -4.793558e-16
176.400000, -1.146801e-16, 2.405642e-16, 3.908684e-16, -1.450060e-16
176.500000, -4.909330e-16, 3.481391e-16, 2.043630e-16, -4.691591e-16
176.600000, -1.079629e-16, 2.326615e-16, 3.812490e-16, -1.380519e-16
176.700000, -4.806965e-16, 3.392748e-16, 1.966308e-16, -4.591712e-16
176.800000, -1.014509e-16, 2.250107e-16, 3.718916e-16, -1.312864e-16
176.900000, -4.706830e-16, 3.306646e-16, 1.891469e-16, -4.493871e-16
177.000000, -9.513934e-17, 2.176032e-16, 3.627893e-16, -1.247054e-16
177.100000, -4.608876e-16, 3.223003e-16, 1.819046e-16, -4.398028e-16
177.200000, -8.902318e-17, 2.104310e-16, 3.539356e-16, -1.183045e-16
177.300000, -4.513052e-16, 3.141738e-16, 1.748975e-16, -4.304140e-16
177.400000, -8.309804e-17, 2.034862e-16, 3.453239e-16, -1.120801e-16
177.500000, -4.419311e-16, 3.062773e-16, 1.681190e-16, -4.212170e-16
177.600000, -7.735900e-17, 1.967612e-16, 3.369476e-16, -1.060288e-16
177.700000, -4.327603e-16, 2.986032e-16, 1.615630e-16, -4.122082e-16
177.800000, -7.180160e-17, 1.902488e-16, 3.288006e-16, -1.001470e-16
177.900000, -4.237882e-16, 2.911444e-16, 1.552234e-16, -4.033840e-16
178.000000, -6.642129e-17, 1.839418e-16, 3.208767e-16, -9.443171e-17
178.100000, -4.150101e-16, 2.838939e-16, 1.490941e-16, -3.947416e-16
178.200000, -6.121381e-17, 1.778334e-16, 3.131697e-16, -8.888003e-17
178.300000, -4.064217e-16, 2.768449e-16, 1.431690e-16, -3.862776e-16
178.400000, -5.617495e-17, 1.719172e-16, 3.056735e-16, -8.348900e-17
178.500000, -3.980188e-16, 2.699907e-16, 1.374422e-16, -3.779892e-16
178.600000, -5.130093e-17, 1.661864e-16, 2.983821e-16, -7.825609e-17
178.700000, -3.897973e-16, 2.633250e-16, 1.319077e-16, -3.698738e-16
178.800000, -4.658793e-17, 1.606350e-16, 2.912895e-16, -7.317866e-17
178.900000, -3.817537e-16, 2.568415e-16, 1.265598e-16, -3.619285e-16
179.000000, -4.203254e-17, 1.552566e-16, 2.843896e-16, -6.825440e-17
179.100000, -3.738841e-16, 2.505339e-16, 1.213923e-16, -3.541511e-16
179.200000, -3.763149e-17, 1.500453e-16, 2.776765e-16, -6.348099e-17
179.300000, -3.661853e-16, 2.443963e-16, 1.163995e-16, -3.465392e-16
179.400000, -3.338142e-17, 1.449953e-16, 2.711444e-16, -5.885627e-17
179.500000, -3.586540e-16, 2.384228e-16, 1.115759e-16, -3.390902e-16
179.600000, -2.927948e-17, 1.401006e-16, 2.647876e-16, -5.437812e-17
179.700000, -3.512869e-16, 2.326077e-16, 1.069156e-16, -3.318022e-16
179.800000, -2.532269e-17, 1.353558e-16, 2.586003e-16, -5.004449e-17
179.900000, -3.440812e-16, 2.269454e-16, 1.024133e-16, -3.246729e-16
180.000000, -2.150815e-17, 1.307556e-16, 2.525771e-16, -4.585333e-17
180.100000, -3.370335e-16, 2.214306e-16, 9.806364e-17, -3.177000e-16
180.200000, -1.783273e-17, 1.262947e-16, 2.467129e-16, -4.180233e-17
180.300000, -3.301407e-16, 2.160584e-16, 9.386170e-17, -3.108812e-16
180.400000, -1.429366e-17, 1.219684e-16, 2.410025e-16, -3.788945e-17
180.500000, -3.233998e-16, 2.108239e-16, 8.980263e-17, -3.042140e-16
180.600000, -1.088778e-17, 1.177721e-16, 2.354413e-16, -3.411229e-17
180.700000, -3.168076e-16, 2.057226e-16, 8.588188e-17, -2.976960e-16
180.800000, -7.612110e-18, 1.137014e-16, 2.300247e-16, -3.046836e-17
180.900000, -3.103607e-16, 2.007504e-16, 8.209514e-17, -2.913244e-16
181.000000, -4.463561e-18, 1.097524e-16, 2.247484e-16, -2.695517e-17
181.100000, -3.040560e-16, 1.959033e-16, 7.843808e-17, -2.850966e-16
181.200000, -1.439122e-18, 1.059211e-16, 2.196080e-16, -2.357001e-17
181.300000, -2.978903e-16, 1.911772e-16, 7.490669e-17, -2.790098e-16
181.400000, 1.464230e-18, 1.022039e-16, 2.145995e-16, -2.031045e-17
181.500000, -2.918605e-16, 1.865688e-16, 7.149705e-17, -2.730613e-16
181.600000, 4.249191e-18, 9.859729e-17, 2.097190e-16, -1.717360e-17
181.700000, -2.859637e-16, 1.820742e-16, 6.820520e-17, -2.672482e-16
181.800000, 6.918888e-18, 9.509784e-17, 2.049624e-16, -1.415707e-17
181.900000, -2.801969e-16, 1.776905e-16, 6.502731e-17, -2.615679e-16
182.000000, 9.475834e-18, 9.170231e-17, 2.003260e-16, -1.125810e-17
182.100000, -2.745572e-16, 1.734142e-16, 6.195977e-17, -2.560175e-16
182.200000, 1.192280e-17, 8.840761e-17, 1.958060e-16, -8.474211e-18
182.300000, -2.690418e-16, 1.692422e-16, 5.899893e-17, -2.505945e-16
182.400000, 1.426239e-17, 8.521068e-17, 1.913987e-16, -5.802779e-18
182.500000, -2.636480e-16, 1.651714e-16, 5.614121e-17, -2.452961e-16
182.600000, 1.649735e-17, 8.210860e-17, 1.871005e-16, -3.241568e-18
182.700000, -2.583729e-16, 1.611990e-16, 5.338312e-17, -2.401201e-16
182.800000, 1.863004e-17, 7.909858e-17, 1.829080e-16, -7.881149e-19
182.900000, -2.532139e-16, 1.573222e-16, 5.072126e-17, -2.350638e-16
183.000000, 2.066312e-17, 7.617777e-17, 1.788176e-16, 1.559955e-18
183.100000, -2.481684e-16, 1.535379e-16, 4.815226e-17, -2.301248e-16
183.200000, 2.259903e-17, 7.334339e-17, 1.748259e-16, 3.804727e-18
183.300000, -2.432336e-16, 1.498436e-16, 4.567284e-17, -2.253009e-16
183.400000, 2.444032e-17, 7.059291e-17, 1.709297e-16, 5.948377e-18
183.500000, -2.384070e-16, 1.462366e-16, 4.328002e-17, -2.205897e-16
183.600000, 2.618945e-17, 6.792387e-17, 1.671259e-16, 7.993290e-18
183.700000, -2.336860e-16, 1.427146e-16, 4.097050e-17, -2.159889e-16
183.800000, 2.784881e-17, 6.533382e-17, 1.634113e-16, 9.941665e-18
183.900000, -2.290682e-16, 1.392751e-16, 3.874162e-17, -2.114960e-16
184.000000, 2.942072e-17, 6.282068e-17, 1.597830e-16, 1.179574e-17
184.100000, -2.245508e-16, 1.359159e-16, 3.659038e-17, -2.071086e-16
184.200000, 3.090766e-17, 6.038226e-17, 1.562384e-16, 1.355807e-17
184.300000, -2.201314e-16, 1.326351e-16, 3.451429e-17, -2.028240e-16
184.400000, 3.231215e-17, 5.801664e-17, 1.527746e-16, 1.523082e-17
184.500000, -2.158074e-16, 1.294306e-16, 3.251083e-17, -1.986400e-16
184.600000, 3.363620e-17, 5.572190e-17, 1.493894e-16, 1.681660e-17
184.700000, -2.115765e-16, 1.263004e-16, 3.057763e-17, -1.945537e-16
184.800000, 3.488236e-17, 5.349621e-17, 1.460801e-16, 1.831795e-17
184.900000, -2.074362e-16, 1.232429e-16, 2.871251e-17, -1.905625e-16
185.000000, 3.605279e-17, 5.133791e-17, 1.428449e-16, 1.973738e-17
185.100000, -2.033841e-16, 1.202562e-16, 2.691346e-17, -1.866638e-16
185.200000, 3.714986e-17, 4.924532e-17, 1.396815e-16, 2.107744e-17
185.300000, -1.994178e-16, 1.173389e-16, 2.517852e-17, -1.828549e-16
185.400000, 3.817588e-17, 4.721692e-17, 1.365880e-16, 2.234069e-17
185.500000, -1.955348e-16, 1.144891e-16, 2.350602e-17, -1.791329e-16
185.600000, 3.913287e-17, 4.525112e-17, 1.335629e-16, 2.352988e-17
185.700000, -1.917328e-16, 1.117056e-16, 2.189424e-17, -1.754954e-16
185.800000, 4.002350e-17, 4.334666e-17, 1.306043e-16, 2.464724e-17
185.900000, -1.880092e-16, 1.089867e-16, 2.034173e-17, -1.719397e-16
186.000000, 4.084995e-17, 4.150214e-17, 1.277108e-16, 2.569542e-17
186.100000, -1.843617e-16, 1.063313e-16, 1.884701e-17, -1.684633e-16
186.200000, 4.161447e-17, 3.971616e-17, 1.248809e-16, 2.667683e-17
186.300000, -1.807879e-16, 1.037380e-16, 1.740872e-17, -1.650635e-16
186.400000, 4.231924e-17, 3.798748e-17, 1.221129e-16, 2.759384e-17
186.500000, -1.772854e-16, 1.012052e-16, 1.602517e-17, -1.617381e-16
186.600000, 4.296638e-17, 3.631468e-17, 1.194054e-16, 2.844848e-17
186.700000, -1.738524e-16, 9.873166e-17, 1.469500e-17, -1.584849e-16
186.800000, 4.355766e-17, 3.469654e-17, 1.167567e-16, 2.924306e-17
186.900000, -1.704866e-16, 9.631605e-17, 1.341676e-17, -1.553016e-16
187.000000, 4.409504e-17, 3.313159e-17, 1.141654e-16, 2.997952e-17
187.100000, -1.671863e-16, 9.395696e-17, 1.218884e-17, -1.521861e-16
187.200000, 4.458017e-17, 3.161848e-17, 1.116298e-16, 3.065982e-17
187.300000, -1.639497e-16, 9.165281e-17, 1.100975e-17, -1.491364e-16
187.400000, 4.501458e-17, 3.015590e-17, 1.091483e-16, 3.128576e-17
187.500000, -1.607751e-16, 8.940233e-17, 9.877901e-18, -1.461507e-16
187.600000, 4.539993e-17, 2.874243e-17, 1.067194e-16, 3.185903e-17
187.700000, -1.576608e-16, 8.720411e-17, 8.791868e-18, -1.432271e-16
187.800000, 4.573764e-17, 2.737680e-17, 1.043415e-16, 3.238162e-17
187.900000, -1.546054e-16, 8.505680e-17, 7.750256e-18, -1.403637e-16
188.000000, 4.602929e-17, 2.605771e-17, 1.020133e-16, 3.285507e-17
188.100000, -1.516071e-16, 8.295919e-17, 6.751714e-18, -1.375586e-16
188.200000, 4.627622e-17, 2.478396e-17, 9.973337e-17, 3.328114e-17
188.300000, -1.486643e-16, 8.091002e-17, 5.795171e-18, -1.348102e-16
188.400000, 4.648019e-17, 2.355450e-17, 9.750063e-17, 3.366160e-17
188.500000, -1.457750e-16, 7.890823e-17, 4.879515e-18, -1.321165e-16
188.600000, 4.664277e-17, 2.236824e-17, 9.531404e-17, 3.399822e-17
188.700000, -1.429379e-16, 7.695282e-17, 4.003734e-18, -1.294756e-16
188.800000, 4.676566e-17, 2.122423e-17, 9.317247e-17, 3.429267e-17
188.900000, -1.401508e-16, 7.504275e-17, 3.167055e-18, -1.268858e-16
189.000000, 4.685050e-17, 2.012170e-17, 9.107527e-17, 3.454673e-17
189.100000, -1.374122e-16, 7.317716e-17, 2.368658e-18, -1.243453e-16
189.200000, 4.689890e-17, 1.905967e-17, 8.902141e-17, 3.476201e-17
189.300000, -1.347203e-16, 7.135515e-17, 1.607666e-18, -1.218522e-16
189.400000, 4.691234e-17, 1.803721e-17, 8.700999e-17, 3.494017e-17
189.500000, -1.320736e-16, 6.957569e-17, 8.832022e-19, -1.194049e-16
189.600000, 4.689224e-17, 1.705349e-17, 8.504010e-17, 3.508275e-17
189.700000, -1.294707e-16, 6.783780e-17, 1.942552e-19, -1.170019e-16
189.800000, 4.683966e-17, 1.610738e-17, 8.311056e-17, 3.519109e-17
189.900000, -1.269104e-16, 6.614044e-17, -4.601472e-19, -1.146417e-16
190.000000, 4.675575e-17, 1.519785e-17, 8.122032e-17, 3.526649e-17
190.100000, -1.243918e-16, 6.448238e-17, -1.081120e-18, -1.123232e-16
190.200000, 4.664128e-17, 1.432368e-17, 7.936818e-17, 3.531009e-17
190.300000, -1.219135e-16, 6.286249e-17, -1.669737e-18, -1.100449e-16
190.400000, 4.649738e-17, 1.348384e-17, 7.755297e-17, 3.532299e-17
190.500000, -1.194749e-16, 6.127955e-17, -2.227196e-18, -1.078058e-16
190.600000, 4.632467e-17, 1.267719e-17, 7.577363e-17, 3.530635e-17
190.700000, -1.170748e-16, 5.973248e-17, -2.754424e-18, -1.056046e-16
190.800000, 4.612406e-17, 1.190249e-17, 7.402905e-17, 3.526109e-17
190.900000, -1.147124e-16, 5.822010e-17, -3.252361e-18, -1.034403e-16
191.000000, 4.589658e-17, 1.115894e-17, 7.231841e-17, 3.518825e-17
191.100000, -1.123864e-16, 5.674150e-17, -3.721828e-18, -1.013118e-16
191.200000, 4.564322e-17, 1.044565e-17, 7.064091e-17, 3.508908e-17
191.300000, -1.100958e-16, 5.529590e-17, -4.163399e-18, -9.921768e-17
191.400000, 4.536504e-17, 9.761816e-18, 6.899580e-17, 3.496455e-17
191.500000, -1.078393e-16, 5.388245e-17, -4.577898e-18, -9.715674e-17
191.600000, 4.506319e-17, 9.106753e-18, 6.738235e-17, 3.481599e-17
191.700000, -1.056156e-16, 5.250059e-17, -4.965825e-18, -9.512787e-17
191.800000, 4.473874e-17, 8.480004e-18, 6.579987e-17, 3.464436e-17
191.900000, -1.034237e-16, 5.114970e-17, -5.327994e-18, -9.312983e-17
192.000000, 4.439270e-17, 7.880908e-18, 6.424767e-17, 3.445085e-17
192.100000, -1.012624e-16, 4.982926e-17, -5.664972e-18, -9.116136e-17
192.200000, 4.402607e-17, 7.308882e-18, 6.272492e-17, 3.423643e-17
192.300000, -9.913084e-17, 4.853850e-17, -5.977600e-18, -8.922156e-17
192.400000, 4.363948e-17, 6.763348e-18, 6.123079e-17, 3.400209e-17
192.500000, -9.702824e-17, 4.727675e-17, -6.266676e-18, -8.730933e-17
192.600000, 4.323369e-17, 6.243568e-18, 5.976430e-17, 3.374856e-17
192.700000, -9.495370e-17, 4.604349e-17, -6.533205e-18, -8.542394e-17
192.800000, 4.280932e-17, 5.749047e-18, 5.832450e-17, 3.347663e-17
192.900000, -9.290672e-17, 4.483771e-17, -6.778056e-18, -8.356439e-17
193.000000, 4.236680e-17, 5.278731e-18, 5.691041e-17, 3.318701e-17
193.100000, -9.088671e-17, 4.365868e-17, -7.002088e-18, -8.173013e-17
193.200000, 4.190671e-17, 4.832094e-18, 5.552113e-17, 3.288043e-17
193.300000, -8.889289e-17, 4.250562e-17, -7.206201e-18, -7.992030e-17
193.400000, 4.142963e-17, 4.408276e-18, 5.415581e-17, 3.255728e-17
193.500000, -8.692462e-17, 4.137786e-17, -7.390984e-18, -7.813429e-17
193.600000, 4.093614e-17, 4.006536e-18, 5.281386e-17, 3.221833e-17
193.700000, -8.498115e-17, 4.027447e-17, -7.557066e-18, -7.637143e-17
193.800000, 4.042695e-17, 3.626188e-18, 5.149467e-17, 3.186423e-17
193.900000, -8.306173e-17, 3.919482e-17, -7.704958e-18, -7.463086e-17
194.000000, 3.990288e-17, 3.266434e-18, 5.019776e-17, 3.149553e-17
194.100000, -8.116546e-17, 3.813805e-17, -7.834934e-18, -7.291203e-17
194.200000, 3.936443e-17, 2.926562e-18, 4.892270e-17, 3.111279e-17
194.300000, -7.929162e-17, 3.710342e-17, -7.947599e-18, -7.121434e-17
194.400000, 3.881237e-17, 2.605887e-18, 4.766886e-17, 3.071638e-17
194.500000, -7.743942e-17, 3.609022e-17, -8.043375e-18, -6.953734e-17
194.600000, 3.824740e-17, 2.303621e-18, 4.643569e-17, 3.030686e-17
194.700000, -7.560827e-17, 3.509764e-17, -8.122848e-18, -6.788034e-17
194.800000, 3.766974e-17, 2.019010e-18, 4.522261e-17, 2.988457e-17
194.900000, -7.379780e-17, 3.412475e-17, -8.186676e-18, -6.624316e-17
195.000000, 3.707982e-17, 1.751189e-18, 4.402884e-17, 2.944967e-17
195.100000, -7.200768e-17, 3.317068e-17, -8.235621e-18, -6.462550e-17
195.200000, 3.647771e-17, 1.499183e-18, 4.285343e-17, 2.900243e-17
195.300000, -7.023756e-17, 3.223456e-17, -8.270601e-18, -6.302696e-17
195.400000, 3.586359e-17, 1.262235e-18, 4.169551e-17, 2.854307e-17
195.500000, -6.848757e-17, 3.131533e-17, -8.292339e-18, -6.144719e-17
195.600000, 3.523735e-17, 1.039380e-18, 4.055425e-17, 2.807177e-17
195.700000, -6.675738e-17, 3.041221e-17, -8.301687e-18, -5.988621e-17
195.800000, 3.459917e-17, 8.297963e-19, 3.942883e-17, 2.758874e-17
195.900000, -6.504662e-17, 2.952451e-17, -8.299307e-18, -5.834328e-17
196.000000, 3.394939e-17, 6.329378e-19, 3.831882e-17, 2.709454e-17
196.100000, -6.335511e-17, 2.865163e-17, -8.285570e-18, -5.681790e-17
196.200000, 3.328836e-17, 4.484108e-19, 3.722360e-17, 2.658963e-17
196.300000, -6.168196e-17, 2.779324e-17, -8.260802e-18, -5.530947e-17
196.400000, 3.261688e-17, 2.761071e-19, 3.614317e-17, 2.607480e-17
196.500000, -6.002619e-17, 2.694942e-17, -8.224777e-18, -5.381680e-17
196.600000, 3.193594e-17, 1.159706e-19, 3.507780e-17, 2.555111e-17
196.700000, -5.838686e-17, 2.612014e-17, -8.177240e-18, -5.233893e-17
196.800000, 3.124654e-17, -3.174915e-20, 3.402762e-17, 2.501954e-17
196.900000, -5.676272e-17, 2.530554e-17, -8.117940e-18, -5.087480e-17
197.000000, 3.054978e-17, -1.669035e-19, 3.299292e-17, 2.448096e-17
197.100000, -5.515251e-17, 2.450579e-17, -8.046481e-18, -4.942329e-17
197.200000, 2.984676e-17, -2.894051e-19, 3.197399e-17, 2.393658e-17
197.300000, -5.355542e-17, 2.372082e-17, -7.962773e-18, -4.798354e-17
197.400000, 2.913820e-17, -3.993249e-19, 3.097070e-17, 2.338671e-17
197.500000, -5.197054e-17, 2.295048e-17, -7.866931e-18, -4.655498e-17
197.600000, 2.842456e-17, -4.969935e-19, 2.998296e-17, 2.283202e-17
197.700000, -5.039756e-17, 2.219424e-17, -7.759195e-18, -4.513724e-17
197.800000, 2.770616e-17, -5.829631e-19, 2.901015e-17, 2.227250e-17
197.900000, -4.883617e-17, 2.145138e-17, -7.640161e-18, -4.373017e-17
198.000000, 2.698290e-17, -6.579873e-19, 2.805157e-17, 2.170817e-17
198.100000, -4.728635e-17, 2.072116e-17, -7.510694e-18, -4.233397e-17
198.200000, 2.625487e-17, -7.229335e-19, 2.710636e-17, 2.113874e-17
198.300000, -4.574825e-17, 2.000257e-17, -7.371546e-18, -4.094868e-17
198.400000, 2.552165e-17, -7.787993e-19, 2.617362e-17, 2.056403e-17
198.500000, -4.422194e-17, 1.929465e-17, -7.223547e-18, -3.957445e-17
198.600000, 2.478318e-17, -8.263525e-19, 2.525252e-17, 1.998389e-17
198.700000, -4.270755e-17, 1.859669e-17, -7.067518e-18, -3.821156e-17
198.800000, 2.403933e-17, -8.662857e-19, 2.434221e-17, 1.939805e-17
198.900000, -4.120491e-17, 1.790796e-17, -6.904148e-18, -3.685974e-17
199.000000, 2.329016e-17, -8.992144e-19, 2.344221e-17, 1.880679e-17
199.100000, -3.971382e-17, 1.722795e-17, -6.733879e-18, -3.551886e-17
199.200000, 2.253590e-17, -9.254928e-19, 2.255199e-17, 1.821010e-17
199.300000, -3.823406e-17, 1.655625e-17, -6.556966e-18, -3.418866e-17
199.400000, 2.177684e-17, -9.455794e-19, 2.167113e-17, 1.760830e-17
199.500000, -3.676515e-17, 1.589252e-17, -6.373842e-18, -3.286874e-17
199.600000, 2.101319e-17, -9.595501e-19, 2.079957e-17, 1.700175e-17
199.700000, -3.530665e-17, 1.523666e-17, -6.184577e-18, -3.155872e-17
199.800000, 2.024556e-17, -9.677284e-19, 1.993691e-17, 1.639079e-17
199.900000, -3.385808e-17, 1.458833e-17, -5.989401e-18, -3.025817e-17
200.000000, 1.947412e-17, -9.702438e-19, 1.908298e-17, 1.577569e-17
200.100000, -3.241907e-17, 1.394732e-17, -5.788474e-18, -2.896664e-17
200.200000, 1.869932e-17, -9.672487e-19, 1.823764e-17, 1.515698e-17
200.300000, -3.098912e-17, 1.331352e-17, -5.582029e-18, -2.768381e-17
200.400000, 1.792153e-17, -9.590432e-19, 1.740044e-17, 1.453474e-17
200.500000, -2.956795e-17, 1.268654e-17, -5.370409e-18, -2.640935e-17
200.600000, 1.714066e-17, -9.459115e-19, 1.657112e-17, 1.390921e-17
200.700000, -2.815525e-17, 1.206605e-17, -5.153857e-18, -2.514300e-17
200.800000, 1.635727e-17, -9.281793e-19, 1.574920e-17, 1.328048e-17
200.900000, -2.675074e-17, 1.145161e-17, -4.932809e-18, -2.388470e-17
201.000000, 1.557136e-17, -9.062188e-19, 1.493435e-17, 1.264878e-17
201.100000, -2.535439e-17, 1.084295e-17, -4.707610e-18, -2.263408e-17
201.200000, 1.478292e-17, -8.804055e-19, 1.412618e-17, 1.201419e-17
201.300000, -2.396589e-17, 1.023960e-17, -4.478636e-18, -2.139111e-17
201.400000, 1.399221e-17, -8.510671e-19, 1.332416e-17, 1.137675e-17
201.500000, -2.258505e-17, 9.641089e-18, -4.246244e-18, -2.015546e-17
201.600000, 1.319928e-17, -8.185424e-19, 1.252799e-17, 1.073671e-17
201.700000, -2.121169e-17, 9.047328e-18, -4.010741e-18, -1.892697e-17
201.800000, 1.240429e-17, -7.831305e-19, 1.173736e-17, 1.009431e-17
201.900000, -1.984537e-17, 8.457905e-18, -3.772441e-18, -1.770539e-17
202.000000, 1.160768e-17, -7.449312e-19, 1.095196e-17, 9.449580e-18
202.100000, -1.848598e-17, 7.872634e-18, -3.531568e-18, -1.649033e-17
202.200000, 1.080945e-17, -7.042563e-19, 1.017149e-17, 8.802935e-18
202.300000, -1.713297e-17, 7.291402e-18, -3.288198e-18, -1.528152e-17
202.400000, 1.000996e-17, -6.611965e-19, 9.395831e-18, 8.154672e-18
202.500000, -1.578619e-17, 6.713922e-18, -3.042615e-18, -1.407858e-17
202.600000, 9.209563e-18, -6.158989e-19, 8.624715e-18, 7.504899e-18
202.700000, -1.444519e-17, 6.139972e-18, -2.794999e-18, -1.288126e-17
202.800000, 8.408352e-18, -5.686457e-19, 7.857894e-18, 6.853949e-18
202.900000, -1.310984e-17, 5.569415e-18, -2.545535e-18, -1.168919e-17
203.000000, 7.606591e-18, -5.195213e-19, 7.095185e-18, 6.202168e-18
203.100000, -1.177958e-17, 5.002064e-18, -2.294429e-18, -1.050207e-17
203.200000, 6.804541e-18, -4.687472e-19, 6.336223e-18, 5.549594e-18
203.300000, -1.045434e-17, 4.437604e-18, -2.041956e-18, -9.319627e-18
203.400000, 6.002329e-18, -4.165085e-19, 5.580776e-18, 4.896420e-18
203.500000, -9.133776e-18, 3.875859e-18, -1.788349e-18, -8.141720e-18
203.600000, 5.200127e-18, -3.631435e-19, 4.828593e-18, 4.242973e-18
203.700000, -7.817735e-18, 3.316514e-18, -1.533788e-18, -6.968029e-18
203.800000, 4.398118e-18, -3.087366e-19, 4.079291e-18, 3.589268e-18
203.900000, -6.505814e-18, 2.759400e-18, -1.278599e-18, -5.798373e-18
204.000000, 3.596583e-18, -2.535265e-19, 3.332786e-18, 2.935536e-18
204.100000, -5.197881e-18, 2.204336e-18, -1.022899e-18, -4.632415e-18
204.200000, 2.795611e-18, -1.977085e-19, 2.588686e-18, 2.282140e-18
204.300000, -3.893660e-18, 1.650986e-18, -7.670180e-19, -3.469869e-18
204.400000, 1.995472e-18, -1.414499e-19, 1.846717e-18, 1.629085e-18
204.500000, -2.592793e-18, 1.099333e-18, -5.111508e-19, -2.310500e-18
204.600000, 1.196298e-18, -8.494314e-20, 1.106793e-18, 9.767393e-19
204.700000, -1.295002e-18, 5.489934e-19, -2.553431e-19, -1.153968e-18
204.800000, 3.984096e-19, -2.831210e-20, 3.685545e-19, 3.252982e-19
