x, 11, 12, 21, 22
0.100000, -3.610237e+00, -3.683328e+00, -3.748934e+00, -3.757490e+00
0.200000, -3.610093e+00, -3.683180e+00, -3.748784e+00, -3.757340e+00
0.300000, -3.609945e+00, -3.683029e+00, -3.748630e+00, -3.757186e+00
0.400000, -3.609793e+00, -3.682875e+00, -3.748473e+00, -3.757028e+00
0.500000, -3.609637e+00, -3.682716e+00, -3.748311e+00, -3.756866e+00
0.600000, -3.609478e+00, -3.682553e+00, -3.748145e+00, -3.756699e+00
0.700000, -3.609314e+00, -3.682386e+00, -3.747975e+00, -3.756529e+00
0.800000, -3.609146e+00, -3.682214e+00, -3.747800e+00, -3.756354e+00
0.900000, -3.608974e+00, -3.682038e+00, -3.747621e+00, -3.756174e+00
1.000000, -3.608797e+00, -3.681858e+00, -3.747438e+00, -3.755990e+00
1.100000, -3.608615e+00, -3.681673e+00, -3.747249e+00, -3.755802e+00
1.200000, -3.608430e+00, -3.681483e+00, -3.747056e+00, -3.755608e+00
1.300000, -3.608239e+00, -3.681289e+00, -3.746858e+00, -3.755409e+00
1.400000, -3.608043e+00, -3.681089e+00, -3.746655e+00, -3.755206e+00
1.500000, -3.607843e+00, -3.680884e+00, -3.746447e+00, -3.754997e+00
1.600000, -3.607637e+00, -3.680674e+00, -3.746233e+00, -3.754783e+00
1.700000, -3.607426e+00, -3.680459e+00, -3.746014e+00, -3.754563e+00
1.800000, -3.607209e+00, -3.680238e+00, -3.745789e+00, -3.754338e+00
1.900000, -3.606987e+00, -3.680012e+00, -3.745558e+00, -3.754107e+00
2.000000, -3.606760e+00, -3.679779e+00, -3.745322e+00, -3.753870e+00
2.100000, -3.606526e+00, -3.679541e+00, -3.745079e+00, -3.753626e+00
2.200000, -3.606286e+00, -3.679297e+00, -3.744831e+00, -3.753377e+00
2.300000, -3.606041e+00, -3.679046e+00, -3.744575e+00, -3.753121e+00
2.400000, -3.605789e+00, -3.678789e+00, -3.744314e+00, -3.752859e+00
2.500000, -3.605530e+00, -3.678525e+00, -3.744045e+00, -3.752590e+00
2.600000, -3.605265e+00, -3.678255e+00, -3.743770e+00, -3.752314e+00
2.700000, -3.604993e+00, -3.677977e+00, -3.743488e+00, -3.752031e+00
2.800000, -3.604715e+00, -3.677693e+00, -3.743198e+00, -3.751741e+00
2.900000, -3.604429e+00, -3.677401e+00, -3.742901e+00, -3.751443e+00
3.000000, -3.604135e+00, -3.677102e+00, -3.742597e+00, -3.751138e+00
3.100000, -3.603835e+00, -3.676795e+00, -3.742284e+00, -3.750825e+00
3.200000, -3.603526e+00, -3.676480e+00, -3.720619e+00, -3.674827e+00
3.300000, -3.603210e+00, -3.668379e+00, -3.692931e+00, -3.750174e+00
3.400000, -3.601349e+00, -3.672117e+00, -3.728548e+00, -3.745158e+00
3.500000, -3.540907e+00, -3.547794e+00, -3.635810e+00, -3.737000e+00
3.600000, -3.517974e+00, -3.609576e+00, -3.675319e+00, -3.720243e+00
3.700000, -3.448025e+00, -3.158996e+00, -3.610632e+00, -3.425153e+00
3.800000, -3.438316e+00, -3.531888e+00, -3.456037e+00, -3.420750e+00
3.900000, 1.945006e-03, -2.516592e-02, -5.144795e+00, -8.695389e+00
4.000000, -1.503554e-01, -5.273057e-01, -4.763020e+00, -7.849874e+00
4.100000, -6.229187e-01, -9.345905e-01, -4.685108e+00, -7.273261e+00
4.200000, -1.046868e+00, -1.025603e+00, -4.577129e+00, -6.593889e+00
4.300000, -6.738419e-01, -1.086677e+00, -4.198242e+00, -5.903388e+00
4.400000, -1.115818e+00, -1.528186e+00, -4.153078e+00, -5.581838e+00
4.500000, -1.560263e+00, -1.888934e+00, -4.042576e+00, -5.120920e+00
4.600000, -1.506582e+00, -2.109499e+00, -3.972508e+00, -4.948256e+00
4.700000, -1.636707e+00, -2.094600e+00, -3.994666e+00, -4.517226e+00
4.800000, -1.489703e+00, -2.100190e+00, -3.490010e+00, -4.512126e+00
4.900000, -1.988918e+00, -2.277601e+00, -3.386516e+00, -3.899977e+00
5.000000, -2.025724e+00, -2.030490e+00, -3.340930e+00, -3.799193e+00
5.100000, -1.981717e+00, -2.018016e+00, -3.336569e+00, -3.393950e+00
5.200000, -1.809868e+00, -2.298711e+00, -3.092637e+00, -3.441312e+00
5.300000, -2.061160e+00, -2.179153e+00, -2.989680e+00, -3.636109e+00
5.400000, -2.037262e+00, -2.242006e+00, -2.672678e+00, -3.099310e+00
5.500000, -1.920885e+00, -2.149460e+00, -2.621811e+00, -3.115880e+00
5.600000, -2.066364e+00, -2.022177e+00, -2.765909e+00, -3.306562e+00
5.700000, -1.879066e+00, -2.172849e+00, -2.478267e+00, -2.863269e+00
5.800000, -1.894699e+00, -2.163183e+00, -2.440967e+00, -2.796034e+00
5.900000, -2.090850e+00, -1.992352e+00, -2.490675e+00, -3.004211e+00
6.000000, -1.870293e+00, -2.329484e+00, -2.462665e+00, -2.709092e+00
6.100000, -2.086708e+00, -2.006118e+00, -2.492373e+00, -2.791886e+00
6.200000, -1.906706e+00, -2.134413e+00, -2.394556e+00, -2.603463e+00
6.300000, -1.799603e+00, -2.175546e+00, -2.415426e+00, -2.090206e+00
6.400000, -1.517825e+00, -2.054315e+00, -2.519326e+00, -2.372046e+00
6.500000, -1.694938e+00, -1.997290e+00, -2.139385e+00, -2.309663e+00
6.600000, -2.018647e+00, -2.001875e+00, -2.221781e+00, -2.022094e+00
6.700000, -1.430486e+00, -2.092354e+00, -2.187943e+00, -2.189315e+00
6.800000, -1.457313e+00, -1.831326e+00, -2.072665e+00, -2.232711e+00
6.900000, -1.274093e+00, -1.740416e+00, -2.271880e+00, -1.932438e+00
7.000000, -1.840495e+00, -2.115170e+00, -2.229617e+00, -1.999027e+00
7.100000, -1.422078e+00, -1.792624e+00, -1.535422e+00, -1.855620e+00
7.200000, -1.615633e+00, -1.669836e+00, -2.135144e+00, -2.034097e+00
7.300000, -1.542988e+00, -1.833577e+00, -2.098483e+00, -1.637295e+00
7.400000, -1.348429e+00, -1.817061e+00, -1.613267e+00, -1.557782e+00
7.500000, -1.716161e+00, -1.300817e+00, -1.796916e+00, -1.821652e+00
7.600000, -1.284828e+00, -1.720067e+00, -1.618966e+00, -1.855837e+00
7.700000, -1.493830e+00, -1.813065e+00, -1.765050e+00, -1.806905e+00
7.800000, -1.447147e+00, -1.858556e+00, -1.469992e+00, -1.497330e+00
7.900000, -1.445492e+00, -1.368387e+00, -1.294748e+00, -1.495605e+00
8.000000, -1.478739e+00, -1.203384e+00, -1.560359e+00, -1.639712e+00
8.100000, -1.722251e+00, -1.189862e+00, -1.684337e+00, -1.621078e+00
8.200000, -1.210223e+00, -1.349036e+00, -1.317898e+00, -1.580803e+00
8.300000, -1.241777e+00, -1.503021e+00, -1.384109e+00, -1.299102e+00
8.400000, -1.129665e+00, -1.084427e+00, -1.478554e+00, -1.541598e+00
8.500000, -1.072708e+00, -1.222900e+00, -1.371126e+00, -1.259299e+00
8.600000, -1.119800e+00, -1.210627e+00, -1.174420e+00, -1.454110e+00
8.700000, -1.094034e+00, -1.485589e+00, -1.306134e+00, -1.208066e+00
8.800000, -1.080614e+00, -1.062642e+00, -1.122282e+00, -8.523464e-01
8.900000, -1.059665e+00, -1.092919e+00, -1.188410e+00, -8.622537e-01
9.000000, -1.379908e+00, -1.214749e+00, -8.388926e-01, -8.669292e-01
9.100000, -6.693015e-01, -8.654487e-01, -1.049725e+00, -8.656035e-01
9.200000, -9.161749e-01, -1.046201e+00, -7.926363e-01, -1.033377e+00
9.300000, -9.407342e-01, -1.169281e+00, -9.999602e-01, -1.060202e+00
9.400000, -6.802347e-01, -7.832130e-01, -1.091147e+00, -1.128890e+00
9.500000, -9.396788e-01, -8.485298e-01, -1.018660e+00, -7.384234e-01
9.600000, -6.822319e-01, -6.477321e-01, -8.739128e-01, -7.794775e-01
9.700000, -7.274132e-01, -1.126280e+00, -9.036756e-01, -9.182579e-01
9.800000, -8.585524e-01, -8.602495e-01, -7.728569e-01, -9.282263e-01
9.900000, -8.811610e-01, -7.512409e-01, -8.999750e-01, -6.833335e-01
10.000000, -7.492951e-01, -8.168257e-01, -9.072171e-01, -4.155934e-01
10.100000, -6.247369e-01, -4.679667e-01, -4.332679e-01, -4.068801e-01
10.200000, -8.167177e-01, -9.038350e-01, -5.276453e-01, -3.831794e-01
10.300000, -5.950182e-01, -7.412796e-01, -3.557053e-01, -7.187639e-01
10.400000, -5.257607e-01, -4.741368e-01, -4.997808e-01, -5.028523e-01
10.500000, -4.884469e-01, -3.292125e-01, -6.546308e-01, -7.132812e-01
10.600000, -5.339669e-01, -2.228639e-01, -6.898545e-01, -6.204911e-01
10.700000, -4.877876e-01, -3.906681e-01, -7.157282e-01, -3.647140e-01
10.800000, -5.506333e-01, -6.488452e-01, -2.770307e-01, -6.163446e-01
10.900000, -3.203976e-01, -3.980079e-01, -5.982611e-01, -3.409563e-01
11.000000, -2.784526e-01, -1.379044e-01, -5.391351e-01, -5.055271e-01
11.100000, -5.111693e-01, -4.647122e-01, -4.400332e-01, -1.560269e-01
11.200000, -4.635617e-01, -1.699749e-01, -3.011368e-01, -5.578275e-01
11.300000, -3.371245e-01, -2.721146e-01, -4.746300e-01, -7.403434e-01
11.400000, -3.808146e-01, -4.298195e-01, -3.596412e-01, -1.867184e-01
11.500000, -1.818496e-01, -3.536602e-01, -3.889871e-01, -1.637260e-01
11.600000, -3.631771e-01, -1.324264e-01, -3.376068e-01, -2.660161e-01
11.700000, -1.190360e-01, -3.040254e-01, -2.327248e-01, -8.101102e-02
11.800000, -5.560161e-01, -1.662551e-01, -3.380920e-01, -1.972513e-01
11.900000, -7.035705e-02, -2.665738e-01, -1.560570e-01, -1.702661e-01
12.000000, -1.740349e-01, -1.851858e-01, 5.085527e-02, 1.441412e-01
12.100000, -2.441141e-01, -3.053692e-01, -5.001763e-01, 1.229089e-02
12.200000, -9.644336e-02, -7.188064e-02, 6.175106e-02, 8.200588e-02
12.300000, 1.441089e-01, -9.321106e-02, -2.098489e-01, -7.885395e-02
12.400000, -1.368069e-01, -1.943850e-01, -9.597758e-02, 2.052396e-02
12.500000, 2.057619e-01, 1.015597e-01, 2.205910e-01, -6.621806e-02
12.600000, -1.509127e-01, -2.556652e-01, -2.912126e-01, -1.791968e-01
12.700000, 7.781651e-02, 1.231954e-01, 1.959735e-01, -8.957171e-02
12.800000, -1.682247e-01, -2.121816e-01, -6.194642e-02, 4.472110e-01
12.900000, -5.717797e-02, -2.807396e-02, -7.031944e-02, -1.183558e-01
13.000000, -1.491481e-01, 2.446070e-01, -8.464474e-02, 1.100180e-01
13.100000, -4.353419e-02, -5.086365e-03, -1.839143e-02, -2.404867e-03
13.200000, 4.141574e-03, -3.346394e-03, 2.216323e-01, 4.948668e-02
13.300000, -7.331189e-02, 7.354239e-02, 1.785776e-01, 1.374500e-01
13.400000, 2.618278e-01, 1.038512e-01, 9.919341e-02, 2.786765e-02
13.500000, 5.331912e-02, 2.785490e-01, 3.500215e-01, 4.834096e-02
13.600000, 2.607944e-02, 1.441972e-01, 2.123032e-01, -4.992536e-03
13.700000, 4.159335e-02, 2.217334e-01, 1.089528e-01, 2.418845e-01
13.800000, 1.850358e-01, 1.714935e-01, 2.131504e-01, 3.544133e-01
13.900000, 8.168254e-02, 1.692177e-01, -9.490622e-02, 6.921692e-03
14.000000, 2.220060e-01, 2.444870e-01, 9.479707e-02, 1.631024e-01
14.100000, 1.970873e-01, 1.118400e-01, 4.531726e-01, 2.824661e-01
14.200000, 2.365054e-01, 3.633647e-01, 6.129997e-01, 3.017467e-01
14.300000, -1.794558e-01, 1.944089e-01, 2.402582e-01, 4.944835e-01
14.400000, 2.434469e-01, 1.368860e-01, 2.335971e-01, 4.505051e-01
14.500000, 2.250865e-03, 1.787191e-01, 3.102772e-01, 2.427618e-01
14.600000, 6.537822e-02, 1.002947e-01, 1.775807e-01, 4.349652e-01
14.700000, 3.011612e-01, 1.067094e-01, 9.561497e-02, 6.755584e-01
14.800000, 2.381489e-01, 1.412121e-01, 1.799467e-01, 4.034041e-01
14.900000, 1.812326e-01, 3.306997e-01, 3.567154e-01, 3.759103e-01
15.000000, 4.598027e-01, 1.696784e-01, 3.106799e-01, 2.931634e-01
15.100000, 2.789643e-01, 4.364954e-01, 1.767403e-01, 1.641586e-01
15.200000, 2.896894e-01, 2.975106e-01, 1.842777e-01, 3.502578e-01
15.300000, 2.655673e-01, 2.591528e-01, 5.913275e-01, 2.553020e-01
15.400000, 3.279774e-01, 1.992559e-01, 4.946844e-01, 2.594886e-01
15.500000, 4.809761e-01, 4.938168e-01, 1.144442e-01, 2.269252e-01
15.600000, 2.830221e-01, 2.420815e-02, 5.006247e-01, 3.357851e-01
15.700000, -1.388640e-02, 2.401864e-01, 4.867211e-01, 1.443985e-01
15.800000, 2.157223e-01, 3.546505e-01, 6.602408e-01, 7.072347e-01
15.900000, 4.063240e-01, 3.846368e-01, 4.796755e-01, 4.190520e-01
16.000000, 2.464965e-01, 3.911044e-01, 5.321478e-01, 3.338170e-01
16.100000, 2.591460e-01, 3.185910e-01, 3.063682e-01, 4.535527e-01
16.200000, 3.824780e-01, 2.517743e-01, 4.004248e-01, 4.505267e-01
16.300000, 4.034398e-01, 3.963724e-01, 3.083382e-01, 3.438828e-01
16.400000, 4.484466e-01, 2.297595e-01, 4.661997e-01, 5.144388e-01
16.500000, 1.504423e-01, 1.797368e-01, 4.255640e-01, 2.095094e-01
16.600000, 3.567656e-01, 3.263993e-01, 1.485862e-01, 2.185921e-01
16.700000, 2.018113e-01, 2.279704e-01, 4.918342e-01, 3.459624e-01
16.800000, 4.297819e-01, 2.116680e-01, 2.914141e-01, 6.011662e-01
16.900000, 2.894024e-01, 3.173005e-01, 3.032603e-01, 4.090485e-01
17.000000, 2.710646e-01, 4.842607e-01, 3.155243e-01, 4.597766e-01
17.100000, 2.556642e-01, 1.935134e-01, 4.460748e-01, 5.071025e-01
17.200000, 4.759074e-01, 3.978845e-01, 7.097616e-02, 3.695298e-01
17.300000, 1.872930e-01, 2.668050e-01, 5.617200e-01, 3.644661e-01
17.400000, 8.784399e-02, 3.701533e-01, 4.139389e-01, 3.673839e-01
17.500000, 3.057580e-01, 2.508026e-01, 6.025644e-01, 2.882631e-01
17.600000, 3.550305e-01, 5.355640e-01, 1.009659e-01, 2.469852e-01
17.700000, 2.879452e-01, 3.961899e-01, 1.421678e-01, 1.539427e-01
17.800000, 3.574004e-01, 1.002549e-01, 4.881626e-01, 2.764604e-01
17.900000, 1.282581e-02, 1.335812e-01, 3.205772e-01, 3.890483e-01
18.000000, 3.159249e-01, 5.209993e-01, 3.889137e-01, 5.141380e-01
18.100000, 2.466581e-01, 2.779593e-01, 3.113733e-01, 2.158827e-01
18.200000, 2.353797e-01, 7.953825e-02, 2.458395e-01, 3.615089e-01
18.300000, 1.017508e-01, 4.210781e-01, 3.558318e-01, 2.332584e-01
18.400000, 2.141903e-01, 1.452284e-01, 3.685196e-01, 2.889172e-01
18.500000, 3.232919e-01, -5.163060e-03, 3.279897e-01, 3.375277e-01
18.600000, 1.954300e-01, 2.932728e-01, 3.522074e-01, 4.103514e-01
18.700000, 1.128313e-02, 2.109743e-01, 1.565824e-01, 3.820652e-01
18.800000, 9.515492e-04, 2.549947e-01, 3.947281e-01, 3.387373e-01
18.900000, 1.774773e-01, 2.783476e-01, 2.816860e-02, 3.632443e-01
19.000000, 2.705107e-01, 6.263849e-02, 3.474065e-01, 1.761072e-01
19.100000, 3.449257e-01, 2.251458e-01, 1.054464e-01, 1.532281e-01
19.200000, 1.090848e-01, 5.085863e-02, 2.725643e-01, 1.862349e-01
19.300000, 1.882315e-01, 2.302064e-01, 1.818275e-01, 1.111577e-01
19.400000, 1.278807e-01, 2.686343e-01, 2.118172e-01, 8.105715e-02
19.500000, 1.488360e-01, 7.324794e-02, 7.046173e-04, -4.556495e-02
19.600000, 8.079974e-02, 2.032729e-01, 7.840451e-02, 8.188762e-02
19.700000, 1.704801e-01, 1.141982e-01, -5.055658e-02, -1.110561e-01
19.800000, -4.090237e-02, -7.772112e-02, -6.394897e-02, 5.934701e-02
19.900000, 1.433383e-01, 1.352955e-01, 2.482283e-01, 1.206128e-01
20.000000, 9.783859e-02, 2.753369e-02, 7.260326e-02, 2.822189e-02
20.100000, 9.614713e-03, 5.202064e-02, 9.238953e-03, 1.123046e-01
20.200000, -4.397737e-02, -3.774031e-02, 1.420249e-02, 1.868751e-01
20.300000, -1.000204e-02, 9.323102e-02, 2.499641e-02, -2.427702e-02
20.400000, -1.031655e-02, -1.118655e-01, 5.930250e-03, -2.638776e-02
20.500000, -1.497376e-01, -1.232784e-01, -1.511779e-01, -1.975610e-01
20.600000, -1.262820e-01, -3.701123e-02, 1.312178e-02, -2.299918e-03
20.700000, -5.413286e-02, -2.236711e-01, -6.651644e-03, -2.761949e-02
20.800000, -7.765459e-02, -2.138054e-01, 4.376131e-02, -1.616266e-01
20.900000, -8.480804e-02, -1.844945e-01, -3.051576e-02, -4.378844e-02
21.000000, -1.542102e-01, -1.680727e-01, -6.896725e-02, -9.790069e-02
21.100000, -3.090030e-01, -2.405561e-01, -1.609364e-01, -1.261032e-01
21.200000, -2.119864e-01, -1.085457e-01, -9.082343e-02, -5.914924e-02
21.300000, -1.911152e-01, -1.278929e-01, -2.721375e-01, -3.091977e-01
21.400000, -1.067813e-01, -1.636152e-01, -2.467644e-01, -1.337207e-01
21.500000, -1.515265e-01, -9.559520e-02, -2.152980e-01, -1.430249e-01
21.600000, -2.121524e-01, -8.533956e-02, -2.890601e-01, -2.652614e-01
21.700000, -1.570705e-01, -3.111676e-01, -2.269579e-01, -2.458024e-01
21.800000, -1.353016e-01, -2.476049e-01, -1.347974e-01, -2.552546e-01
21.900000, -1.581704e-01, -2.001826e-01, -2.598626e-01, -1.701605e-01
22.000000, -3.079472e-01, -3.825630e-01, -3.022122e-01, -2.232126e-01
22.100000, -4.139786e-01, -3.183851e-01, -3.090027e-01, -2.534836e-01
22.200000, -4.789691e-01, -3.225149e-01, -3.515980e-01, -2.456902e-01
22.300000, -3.335873e-01, -2.238305e-01, -3.701228e-01, -4.226167e-01
22.400000, -3.746872e-01, -3.515203e-01, -3.868184e-01, -3.921470e-01
22.500000, -4.049449e-01, -3.249844e-01, -3.613121e-01, -2.949609e-01
22.600000, -3.533215e-01, -3.583382e-01, -3.874591e-01, -4.021921e-01
22.700000, -3.475559e-01, -3.649882e-01, -3.710243e-01, -3.979635e-01
22.800000, -4.452456e-01, -3.935312e-01, -4.124261e-01, -4.742234e-01
22.900000, -4.340988e-01, -5.011454e-01, -3.400651e-01, -3.926586e-01
23.000000, -4.196812e-01, -4.156388e-01, -3.818146e-01, -3.682239e-01
23.100000, -4.264952e-01, -3.608162e-01, -5.314868e-01, -5.538880e-01
23.200000, -4.696083e-01, -3.605573e-01, -5.329440e-01, -4.970891e-01
23.300000, -4.735626e-01, -5.778907e-01, -4.635685e-01, -4.360462e-01
23.400000, -5.727840e-01, -5.962822e-01, -4.822562e-01, -5.739187e-01
23.500000, -4.237015e-01, -5.351279e-01, -5.751530e-01, -5.569975e-01
23.600000, -5.015484e-01, -5.382005e-01, -5.399296e-01, -6.080629e-01
23.700000, -6.872904e-01, -6.060079e-01, -5.490765e-01, -5.789149e-01
23.800000, -5.554341e-01, -5.366766e-01, -6.356039e-01, -4.732247e-01
23.900000, -5.422226e-01, -5.375523e-01, -6.815580e-01, -4.666607e-01
24.000000, -5.921833e-01, -5.751548e-01, -5.311373e-01, -6.626657e-01
24.100000, -6.236691e-01, -7.454508e-01, -6.102391e-01, -6.517047e-01
24.200000, -5.804009e-01, -6.849293e-01, -5.507511e-01, -5.822606e-01
24.300000, -6.929526e-01, -6.512635e-01, -6.960270e-01, -5.608189e-01
24.400000, -6.757020e-01, -5.671224e-01, -7.463024e-01, -6.768083e-01
24.500000, -6.795217e-01, -7.063257e-01, -6.561209e-01, -7.484853e-01
24.600000, -6.602042e-01, -6.685091e-01, -7.467840e-01, -6.086863e-01
24.700000, -6.610565e-01, -6.697732e-01, -6.582840e-01, -6.411508e-01
24.800000, -5.926152e-01, -6.294746e-01, -7.472541e-01, -6.730978e-01
24.900000, -7.758946e-01, -6.912335e-01, -7.112139e-01, -6.589661e-01
25.000000, -6.903206e-01, -7.335728e-01, -7.169123e-01, -6.921967e-01
25.100000, -7.350712e-01, -6.701191e-01, -6.055269e-01, -7.758848e-01
25.200000, -7.157524e-01, -7.310229e-01, -7.250414e-01, -7.073534e-01
25.300000, -7.521647e-01, -7.219526e-01, -7.347867e-01, -7.463618e-01
25.400000, -7.106280e-01, -6.882384e-01, -6.115946e-01, -7.218941e-01
25.500000, -7.126020e-01, -7.962879e-01, -6.811078e-01, -7.369656e-01
25.600000, -4.940508e-01, -4.950094e-01, -4.950798e-01, -4.941616e-01
25.700000, -4.876992e-01, -4.886430e-01, -4.887121e-01, -4.878076e-01
25.800000, -4.813513e-01, -4.822807e-01, -4.823485e-01, -4.814574e-01
25.900000, -4.750090e-01, -4.759244e-01, -4.759909e-01, -4.751130e-01
26.000000, -4.686747e-01, -4.695760e-01, -4.696413e-01, -4.687763e-01
26.100000, -4.623502e-01, -4.632378e-01, -4.633020e-01, -4.624496e-01
26.200000, -4.560376e-01, -4.569117e-01, -4.569749e-01, -4.561349e-01
26.300000, -4.497388e-01, -4.505999e-01, -4.506618e-01, -4.498340e-01
26.400000, -4.434559e-01, -4.443041e-01, -4.443649e-01, -4.435491e-01
26.500000, -4.371907e-01, -4.380264e-01, -4.380862e-01, -4.372818e-01
26.600000, -4.309454e-01, -4.317687e-01, -4.318275e-01, -4.310345e-01
26.700000, -4.247219e-01, -4.255329e-01, -4.255907e-01, -4.248090e-01
26.800000, -4.185219e-01, -4.193210e-01, -4.193777e-01, -4.186072e-01
26.900000, -4.123474e-01, -4.131346e-01, -4.131903e-01, -4.124309e-01
27.000000, -4.062002e-01, -4.069760e-01, -4.070306e-01, -4.062820e-01
27.100000, -4.004960e-01, -4.004925e-01, -4.005031e-01, -4.004993e-01
27.200000, -3.944026e-01, -3.943991e-01, -3.944095e-01, -3.944059e-01
27.300000, -3.883419e-01, -3.883384e-01, -3.883487e-01, -3.883451e-01
27.400000, -3.823156e-01, -3.823121e-01, -3.823224e-01, -3.823189e-01
27.500000, -3.763254e-01, -3.763218e-01, -3.763320e-01, -3.763286e-01
27.600000, -3.703728e-01, -3.703692e-01, -3.703793e-01, -3.703759e-01
27.700000, -3.644593e-01, -3.644558e-01, -3.644658e-01, -3.644624e-01
27.800000, -3.585866e-01, -3.585831e-01, -3.585931e-01, -3.585898e-01
27.900000, -3.527560e-01, -3.527525e-01, -3.527624e-01, -3.527591e-01
28.000000, -3.469691e-01, -3.469656e-01, -3.469755e-01, -3.469722e-01
28.100000, -3.412270e-01, -3.412234e-01, -3.412332e-01, -3.412300e-01
28.200000, -3.355310e-01, -3.355274e-01, -3.355372e-01, -3.355339e-01
28.300000, -3.298827e-01, -3.298793e-01, -3.298889e-01, -3.298857e-01
28.400000, -3.242831e-01, -3.242799e-01, -3.242892e-01, -3.242861e-01
28.500000, -3.187335e-01, -3.187303e-01, -3.187394e-01, -3.187364e-01
28.600000, -3.132347e-01, -3.132316e-01, -3.132404e-01, -3.132376e-01
28.700000, -3.077879e-01, -3.077851e-01, -3.077936e-01, -3.077908e-01
28.800000, -3.023942e-01, -3.023916e-01, -3.023997e-01, -3.023970e-01
28.900000, -2.970544e-01, -2.970520e-01, -2.970598e-01, -2.970572e-01
29.000000, -2.917696e-01, -2.917673e-01, -2.917748e-01, -2.917723e-01
29.100000, -2.865406e-01, -2.865383e-01, -2.865455e-01, -2.865432e-01
29.200000, -2.813680e-01, -2.813660e-01, -2.813727e-01, -2.813705e-01
29.300000, -2.762527e-01, -2.762510e-01, -2.762571e-01, -2.762550e-01
29.400000, -2.711954e-01, -2.711939e-01, -2.711994e-01, -2.711976e-01
29.500000, -2.661968e-01, -2.661955e-01, -2.662004e-01, -2.661987e-01
29.600000, -2.612574e-01, -2.612562e-01, -2.612606e-01, -2.612590e-01
29.700000, -2.563776e-01, -2.563765e-01, -2.563805e-01, -2.563792e-01
29.800000, -2.515580e-01, -2.515570e-01, -2.515605e-01, -2.515594e-01
29.900000, -2.467989e-01, -2.467980e-01, -2.468012e-01, -2.468001e-01
30.000000, -2.421008e-01, -2.420999e-01, -2.421029e-01, -2.421019e-01
30.100000, -2.374640e-01, -2.374631e-01, -2.374657e-01, -2.374648e-01
30.200000, -2.328886e-01, -2.328875e-01, -2.328900e-01, -2.328892e-01
30.300000, -2.283747e-01, -2.283738e-01, -2.283761e-01, -2.283754e-01
30.400000, -2.239230e-01, -2.239221e-01, -2.239242e-01, -2.239235e-01
30.500000, -2.195333e-01, -2.195325e-01, -2.195345e-01, -2.195338e-01
30.600000, -2.152058e-01, -2.152050e-01, -2.152069e-01, -2.152062e-01
30.700000, -2.109407e-01, -2.109399e-01, -2.109417e-01, -2.109411e-01
30.800000, -2.067379e-01, -2.067372e-01, -2.067389e-01, -2.067383e-01
30.900000, -2.025976e-01, -2.025968e-01, -2.025983e-01, -2.025978e-01
31.000000, -1.985192e-01, -1.985186e-01, -1.985199e-01, -1.985195e-01
31.100000, -1.945029e-01, -1.945024e-01, -1.945036e-01, -1.945032e-01
31.200000, -1.905484e-01, -1.905482e-01, -1.905492e-01, -1.905488e-01
31.300000, -1.866559e-01, -1.866558e-01, -1.866566e-01, -1.866564e-01
31.400000, -1.828250e-01, -1.828250e-01, -1.828257e-01, -1.828255e-01
31.500000, -1.790555e-01, -1.790556e-01, -1.790561e-01, -1.790560e-01
31.600000, -1.753470e-01, -1.753472e-01, -1.753476e-01, -1.753476e-01
31.700000, -1.716992e-01, -1.716995e-01, -1.716998e-01, -1.716999e-01
31.800000, -1.681119e-01, -1.681122e-01, -1.681123e-01, -1.681126e-01
31.900000, -1.645847e-01, -1.645850e-01, -1.645850e-01, -1.645854e-01
32.000000, -1.611172e-01, -1.611176e-01, -1.611175e-01, -1.611180e-01
32.100000, -1.577090e-01, -1.577095e-01, -1.577093e-01, -1.577098e-01
32.200000, -1.543596e-01, -1.543601e-01, -1.543598e-01, -1.543604e-01
32.300000, -1.510685e-01, -1.510691e-01, -1.510687e-01, -1.510693e-01
32.400000, -1.478354e-01, -1.478360e-01, -1.478355e-01, -1.478360e-01
32.500000, -1.446598e-01, -1.446603e-01, -1.446597e-01, -1.446602e-01
32.600000, -1.415409e-01, -1.415415e-01, -1.415408e-01, -1.415413e-01
32.700000, -1.384785e-01, -1.384790e-01, -1.384782e-01, -1.384787e-01
32.800000, -1.354718e-01, -1.354724e-01, -1.354715e-01, -1.354721e-01
32.900000, -1.325203e-01, -1.325210e-01, -1.325201e-01, -1.325207e-01
33.000000, -1.296234e-01, -1.296242e-01, -1.296232e-01, -1.296239e-01
33.100000, -1.267805e-01, -1.267814e-01, -1.267804e-01, -1.267812e-01
33.200000, -1.239912e-01, -1.239921e-01, -1.239910e-01, -1.239919e-01
33.300000, -1.212547e-01, -1.212556e-01, -1.212545e-01, -1.212554e-01
33.400000, -1.185704e-01, -1.185714e-01, -1.185702e-01, -1.185711e-01
33.500000, -1.159378e-01, -1.159388e-01, -1.159375e-01, -1.159385e-01
33.600000, -1.133560e-01, -1.133571e-01, -1.133557e-01, -1.133568e-01
33.700000, -1.108245e-01, -1.108256e-01, -1.108241e-01, -1.108253e-01
33.800000, -1.083426e-01, -1.083438e-01, -1.083422e-01, -1.083435e-01
33.900000, -1.059097e-01, -1.059109e-01, -1.059092e-01, -1.059105e-01
34.000000, -1.035251e-01, -1.035263e-01, -1.035246e-01, -1.035258e-01
34.100000, -1.011882e-01, -1.011894e-01, -1.011876e-01, -1.011888e-01
34.200000, -9.889822e-02, -9.889934e-02, -9.889750e-02, -9.889853e-02
34.300000, -9.665444e-02, -9.665549e-02, -9.665361e-02, -9.665455e-02
34.400000, -9.445627e-02, -9.445714e-02, -9.445521e-02, -9.445606e-02
34.500000, -9.230283e-02, -9.230365e-02, -9.230175e-02, -9.230245e-02
34.600000, -9.019360e-02, -9.019436e-02, -9.019241e-02, -9.019308e-02
34.700000, -8.812788e-02, -8.812857e-02, -8.812657e-02, -8.812722e-02
34.800000, -8.610492e-02, -8.610566e-02, -8.610359e-02, -8.610425e-02
34.900000, -8.412406e-02, -8.412483e-02, -8.412268e-02, -8.412344e-02
35.000000, -8.218465e-02, -8.218541e-02, -8.218321e-02, -8.218401e-02
35.100000, -8.028598e-02, -8.028683e-02, -8.028454e-02, -8.028534e-02
35.200000, -7.842750e-02, -7.842835e-02, -7.842603e-02, -7.842689e-02
35.300000, -7.660842e-02, -7.660925e-02, -7.660692e-02, -7.660783e-02
35.400000, -7.482808e-02, -7.482891e-02, -7.482660e-02, -7.482749e-02
35.500000, -7.308574e-02, -7.308663e-02, -7.308428e-02, -7.308525e-02
35.600000, -7.138086e-02, -7.138177e-02, -7.137941e-02, -7.138044e-02
35.700000, -6.971271e-02, -6.971366e-02, -6.971130e-02, -6.971233e-02
35.800000, -6.808068e-02, -6.808166e-02, -6.807931e-02, -6.808031e-02
35.900000, -6.648411e-02, -6.648509e-02, -6.648274e-02, -6.648372e-02
36.000000, -6.492233e-02, -6.492334e-02, -6.492094e-02, -6.492190e-02
36.100000, -6.339477e-02, -6.339575e-02, -6.339332e-02, -6.339428e-02
36.200000, -6.190078e-02, -6.190174e-02, -6.189927e-02, -6.190021e-02
36.300000, -6.043976e-02, -6.044066e-02, -6.043814e-02, -6.043904e-02
36.400000, -5.901097e-02, -5.901181e-02, -5.900930e-02, -5.901017e-02
36.500000, -5.761375e-02, -5.761459e-02, -5.761213e-02, -5.761299e-02
36.600000, -5.624758e-02, -5.624846e-02, -5.624601e-02, -5.624686e-02
36.700000, -5.491188e-02, -5.491277e-02, -5.491034e-02, -5.491122e-02
36.800000, -5.360603e-02, -5.360695e-02, -5.360451e-02, -5.360545e-02
36.900000, -5.232946e-02, -5.233039e-02, -5.232795e-02, -5.232895e-02
37.000000, -5.108156e-02, -5.108251e-02, -5.108008e-02, -5.108114e-02
37.100000, -4.986178e-02, -4.986278e-02, -4.986034e-02, -4.986144e-02
37.200000, -4.866961e-02, -4.867064e-02, -4.866818e-02, -4.866928e-02
37.300000, -4.750444e-02, -4.750554e-02, -4.750306e-02, -4.750420e-02
37.400000, -4.636583e-02, -4.636692e-02, -4.636439e-02, -4.636553e-02
37.500000, -4.525317e-02, -4.525425e-02, -4.525169e-02, -4.525284e-02
37.600000, -4.416591e-02, -4.416700e-02, -4.416442e-02, -4.416556e-02
37.700000, -4.310359e-02, -4.310468e-02, -4.310210e-02, -4.310322e-02
37.800000, -4.206569e-02, -4.206678e-02, -4.206422e-02, -4.206531e-02
37.900000, -4.105163e-02, -4.105273e-02, -4.105018e-02, -4.105125e-02
38.000000, -4.006099e-02, -4.006206e-02, -4.005955e-02, -4.006058e-02
38.100000, -3.909318e-02, -3.909422e-02, -3.909171e-02, -3.909272e-02
38.200000, -3.814777e-02, -3.814876e-02, -3.814628e-02, -3.814726e-02
38.300000, -3.722429e-02, -3.722525e-02, -3.722279e-02, -3.722375e-02
38.400000, -3.632233e-02, -3.632325e-02, -3.632082e-02, -3.632172e-02
38.500000, -3.544140e-02, -3.544223e-02, -3.543985e-02, -3.544067e-02
38.600000, -3.458093e-02, -3.458174e-02, -3.457937e-02, -3.458018e-02
38.700000, -3.374054e-02, -3.374133e-02, -3.373898e-02, -3.373983e-02
38.800000, -3.291988e-02, -3.292064e-02, -3.291831e-02, -3.291915e-02
38.900000, -3.211846e-02, -3.211922e-02, -3.211689e-02, -3.211773e-02
39.000000, -3.133585e-02, -3.133664e-02, -3.133434e-02, -3.133518e-02
39.100000, -3.057166e-02, -3.057246e-02, -3.057018e-02, -3.057104e-02
39.200000, -2.982549e-02, -2.982628e-02, -2.982401e-02, -2.982486e-02
39.300000, -2.909693e-02, -2.909770e-02, -2.909545e-02, -2.909630e-02
39.400000, -2.838559e-02, -2.838635e-02, -2.838412e-02, -2.838494e-02
39.500000, -2.769107e-02, -2.769183e-02, -2.768962e-02, -2.769043e-02
39.600000, -2.701301e-02, -2.701378e-02, -2.701159e-02, -2.701238e-02
39.700000, -2.635105e-02, -2.635183e-02, -2.634966e-02, -2.635041e-02
39.800000, -2.570488e-02, -2.570563e-02, -2.570349e-02, -2.570419e-02
39.900000, -2.507408e-02, -2.507482e-02, -2.507268e-02, -2.507339e-02
40.000000, -2.445831e-02, -2.445903e-02, -2.445691e-02, -2.445762e-02
40.100000, -2.385725e-02, -2.385796e-02, -2.385586e-02, -2.385653e-02
40.200000, -2.327056e-02, -2.327126e-02, -2.326916e-02, -2.326980e-02
40.300000, -2.269790e-02, -2.269856e-02, -2.269650e-02, -2.269709e-02
40.400000, -2.213895e-02, -2.213957e-02, -2.213754e-02, -2.213809e-02
40.500000, -2.159337e-02, -2.159394e-02, -2.159195e-02, -2.159247e-02
40.600000, -2.106088e-02, -2.106140e-02, -2.105943e-02, -2.105995e-02
40.700000, -2.054117e-02, -2.054166e-02, -2.053973e-02, -2.054023e-02
40.800000, -2.003399e-02, -2.003444e-02, -2.003255e-02, -2.003302e-02
40.900000, -1.953900e-02, -1.953941e-02, -1.953755e-02, -1.953799e-02
41.000000, -1.905595e-02, -1.905634e-02, -1.905451e-02, -1.905493e-02
41.100000, -1.858455e-02, -1.858493e-02, -1.858310e-02, -1.858352e-02
41.200000, -1.812454e-02, -1.812493e-02, -1.812312e-02, -1.812354e-02
41.300000, -1.767567e-02, -1.767606e-02, -1.767428e-02, -1.767470e-02
41.400000, -1.723767e-02, -1.723807e-02, -1.723632e-02, -1.723673e-02
41.500000, -1.681030e-02, -1.681070e-02, -1.680897e-02, -1.680939e-02
41.600000, -1.639328e-02, -1.639369e-02, -1.639199e-02, -1.639241e-02
41.700000, -1.598637e-02, -1.598680e-02, -1.598512e-02, -1.598556e-02
41.800000, -1.558937e-02, -1.558980e-02, -1.558814e-02, -1.558860e-02
41.900000, -1.520201e-02, -1.520246e-02, -1.520082e-02, -1.520127e-02
42.000000, -1.482407e-02, -1.482455e-02, -1.482291e-02, -1.482336e-02
42.100000, -1.445537e-02, -1.445584e-02, -1.445421e-02, -1.445466e-02
42.200000, -1.409566e-02, -1.409612e-02, -1.409449e-02, -1.409493e-02
42.300000, -1.374474e-02, -1.374517e-02, -1.374356e-02, -1.374398e-02
42.400000, -1.340239e-02, -1.340279e-02, -1.340119e-02, -1.340159e-02
42.500000, -1.306840e-02, -1.306878e-02, -1.306720e-02, -1.306756e-02
42.600000, -1.274257e-02, -1.274294e-02, -1.274136e-02, -1.274172e-02
42.700000, -1.242474e-02, -1.242508e-02, -1.242352e-02, -1.242386e-02
42.800000, -1.211470e-02, -1.211501e-02, -1.211346e-02, -1.211379e-02
42.900000, -1.181224e-02, -1.181253e-02, -1.181101e-02, -1.181132e-02
43.000000, -1.151720e-02, -1.151747e-02, -1.151598e-02, -1.151628e-02
43.100000, -1.122940e-02, -1.122967e-02, -1.122821e-02, -1.122850e-02
43.200000, -1.094869e-02, -1.094893e-02, -1.094752e-02, -1.094780e-02
43.300000, -1.067487e-02, -1.067509e-02, -1.067373e-02, -1.067398e-02
43.400000, -1.040776e-02, -1.040798e-02, -1.040666e-02, -1.040690e-02
43.500000, -1.014722e-02, -1.014745e-02, -1.014617e-02, -1.014642e-02
43.600000, -9.893119e-03, -9.893353e-03, -9.892108e-03, -9.892360e-03
43.700000, -9.645298e-03, -9.645533e-03, -9.644318e-03, -9.644576e-03
43.800000, -9.403598e-03, -9.403843e-03, -9.402651e-03, -9.402906e-03
43.900000, -9.167873e-03, -9.168126e-03, -9.166949e-03, -9.167210e-03
44.000000, -8.937963e-03, -8.938223e-03, -8.937058e-03, -8.937320e-03
44.100000, -8.713738e-03, -8.713995e-03, -8.712838e-03, -8.713106e-03
44.200000, -8.495063e-03, -8.495304e-03, -8.494173e-03, -8.494432e-03
44.300000, -8.281778e-03, -8.282014e-03, -8.280904e-03, -8.281140e-03
44.400000, -8.073761e-03, -8.073993e-03, -8.072906e-03, -8.073135e-03
44.500000, -7.870899e-03, -7.871122e-03, -7.870064e-03, -7.870284e-03
44.600000, -7.673057e-03, -7.673275e-03, -7.672244e-03, -7.672461e-03
44.700000, -7.480134e-03, -7.480348e-03, -7.479342e-03, -7.479552e-03
44.800000, -7.292016e-03, -7.292223e-03, -7.291240e-03, -7.291445e-03
44.900000, -7.108573e-03, -7.108777e-03, -7.107813e-03, -7.108023e-03
45.000000, -6.929681e-03, -6.929882e-03, -6.928941e-03, -6.929152e-03
45.100000, -6.755233e-03, -6.755438e-03, -6.754513e-03, -6.754720e-03
45.200000, -6.585133e-03, -6.585336e-03, -6.584429e-03, -6.584637e-03
45.300000, -6.419265e-03, -6.419470e-03, -6.418577e-03, -6.418786e-03
45.400000, -6.257527e-03, -6.257740e-03, -6.256867e-03, -6.257077e-03
45.500000, -6.099834e-03, -6.100047e-03, -6.099192e-03, -6.099400e-03
45.600000, -5.946069e-03, -5.946280e-03, -5.945440e-03, -5.945642e-03
45.700000, -5.796142e-03, -5.796349e-03, -5.795520e-03, -5.795726e-03
45.800000, -5.649967e-03, -5.650171e-03, -5.649352e-03, -5.649553e-03
45.900000, -5.507451e-03, -5.507648e-03, -5.506840e-03, -5.507036e-03
46.000000, -5.368491e-03, -5.368684e-03, -5.367885e-03, -5.368074e-03
46.100000, -5.233016e-03, -5.233200e-03, -5.232412e-03, -5.232587e-03
46.200000, -5.100940e-03, -5.101113e-03, -5.100340e-03, -5.100501e-03
46.300000, -4.972175e-03, -4.972332e-03, -4.971573e-03, -4.971721e-03
46.400000, -4.846629e-03, -4.846774e-03, -4.846026e-03, -4.846162e-03
46.500000, -4.724225e-03, -4.724365e-03, -4.723624e-03, -4.723762e-03
46.600000, -4.604903e-03, -4.605041e-03, -4.604306e-03, -4.604449e-03
46.700000, -4.488576e-03, -4.488716e-03, -4.487989e-03, -4.488133e-03
46.800000, -4.375169e-03, -4.375316e-03, -4.374599e-03, -4.374750e-03
46.900000, -4.264618e-03, -4.264768e-03, -4.264068e-03, -4.264220e-03
47.000000, -4.156846e-03, -4.156995e-03, -4.156313e-03, -4.156469e-03
47.100000, -4.051775e-03, -4.051932e-03, -4.051268e-03, -4.051427e-03
47.200000, -3.949344e-03, -3.949510e-03, -3.948859e-03, -3.949029e-03
47.300000, -3.849494e-03, -3.849666e-03, -3.849031e-03, -3.849205e-03
47.400000, -3.752152e-03, -3.752328e-03, -3.751710e-03, -3.751889e-03
47.500000, -3.657269e-03, -3.657445e-03, -3.656840e-03, -3.657021e-03
47.600000, -3.564780e-03, -3.564956e-03, -3.564365e-03, -3.564546e-03
47.700000, -3.474621e-03, -3.474800e-03, -3.474217e-03, -3.474399e-03
47.800000, -3.386733e-03, -3.386919e-03, -3.386341e-03, -3.386523e-03
47.900000, -3.301067e-03, -3.301256e-03, -3.300679e-03, -3.300865e-03
48.000000, -3.217566e-03, -3.217760e-03, -3.217174e-03, -3.217362e-03
48.100000, -3.136179e-03, -3.136369e-03, -3.135780e-03, -3.135967e-03
48.200000, -3.056841e-03, -3.057025e-03, -3.056443e-03, -3.056622e-03
48.300000, -2.979506e-03, -2.979685e-03, -2.979110e-03, -2.979285e-03
48.400000, -2.904128e-03, -2.904301e-03, -2.903739e-03, -2.903910e-03
48.500000, -2.830657e-03, -2.830825e-03, -2.830275e-03, -2.830440e-03
48.600000, -2.759046e-03, -2.759210e-03, -2.758674e-03, -2.758834e-03
48.700000, -2.689249e-03, -2.689411e-03, -2.688887e-03, -2.689043e-03
48.800000, -2.621219e-03, -2.621376e-03, -2.620865e-03, -2.621017e-03
48.900000, -2.554913e-03, -2.555068e-03, -2.554571e-03, -2.554719e-03
49.000000, -2.490290e-03, -2.490438e-03, -2.489956e-03, -2.490099e-03
49.100000, -2.427306e-03, -2.427449e-03, -2.426985e-03, -2.427122e-03
49.200000, -2.365920e-03, -2.366058e-03, -2.365609e-03, -2.365743e-03
49.300000, -2.306087e-03, -2.306222e-03, -2.305786e-03, -2.305918e-03
49.400000, -2.247771e-03, -2.247904e-03, -2.247481e-03, -2.247612e-03
49.500000, -2.190936e-03, -2.191068e-03, -2.190659e-03, -2.190787e-03
49.600000, -2.135543e-03, -2.135677e-03, -2.135282e-03, -2.135411e-03
49.700000, -2.081555e-03, -2.081689e-03, -2.081307e-03, -2.081436e-03
49.800000, -2.028937e-03, -2.029068e-03, -2.028698e-03, -2.028824e-03
49.900000, -1.977656e-03, -1.977782e-03, -1.977422e-03, -1.977544e-03
50.000000, -1.927671e-03, -1.927791e-03, -1.927443e-03, -1.927560e-03
50.100000, -1.878948e-03, -1.879062e-03, -1.878728e-03, -1.878839e-03
50.200000, -1.831454e-03, -1.831564e-03, -1.831242e-03, -1.831349e-03
50.300000, -1.785159e-03, -1.785262e-03, -1.784954e-03, -1.785054e-03
50.400000, -1.740027e-03, -1.740124e-03, -1.739827e-03, -1.739921e-03
50.500000, -1.696026e-03, -1.696118e-03, -1.695834e-03, -1.695923e-03
50.600000, -1.653130e-03, -1.653216e-03, -1.652942e-03, -1.653025e-03
50.700000, -1.611307e-03, -1.611387e-03, -1.611123e-03, -1.611199e-03
50.800000, -1.570530e-03, -1.570602e-03, -1.570350e-03, -1.570420e-03
50.900000, -1.530770e-03, -1.530835e-03, -1.530594e-03, -1.530656e-03
51.000000, -1.491999e-03, -1.492057e-03, -1.491828e-03, -1.491884e-03
51.100000, -1.454187e-03, -1.454242e-03, -1.454022e-03, -1.454075e-03
51.200000, -1.417319e-03, -1.417373e-03, -1.417158e-03, -1.417210e-03
51.300000, -1.381387e-03, -1.381439e-03, -1.381231e-03, -1.381282e-03
51.400000, -1.346364e-03, -1.346415e-03, -1.346214e-03, -1.346263e-03
51.500000, -1.312231e-03, -1.312282e-03, -1.312087e-03, -1.312134e-03
51.600000, -1.278964e-03, -1.279013e-03, -1.278825e-03, -1.278871e-03
51.700000, -1.246543e-03, -1.246591e-03, -1.246409e-03, -1.246454e-03
51.800000, -1.214944e-03, -1.214990e-03, -1.214815e-03, -1.214859e-03
51.900000, -1.184148e-03, -1.184193e-03, -1.184025e-03, -1.184068e-03
52.000000, -1.154135e-03, -1.154179e-03, -1.154017e-03, -1.154059e-03
52.100000, -1.124885e-03, -1.124927e-03, -1.124772e-03, -1.124813e-03
52.200000, -1.096377e-03, -1.096418e-03, -1.096270e-03, -1.096309e-03
52.300000, -1.068594e-03, -1.068633e-03, -1.068492e-03, -1.068530e-03
52.400000, -1.041517e-03, -1.041554e-03, -1.041420e-03, -1.041455e-03
52.500000, -1.015126e-03, -1.015162e-03, -1.015034e-03, -1.015068e-03
52.600000, -9.894045e-04, -9.894378e-04, -9.893171e-04, -9.893492e-04
52.700000, -9.643339e-04, -9.643653e-04, -9.642515e-04, -9.642815e-04
52.800000, -9.398986e-04, -9.399277e-04, -9.398204e-04, -9.398484e-04
52.900000, -9.160828e-04, -9.161098e-04, -9.160090e-04, -9.160348e-04
53.000000, -8.928700e-04, -8.928949e-04, -8.928003e-04, -8.928241e-04
53.100000, -8.702458e-04, -8.702688e-04, -8.701804e-04, -8.702020e-04
53.200000, -8.481951e-04, -8.482159e-04, -8.481333e-04, -8.481530e-04
53.300000, -8.267039e-04, -8.267228e-04, -8.266459e-04, -8.266634e-04
53.400000, -8.057572e-04, -8.057739e-04, -8.057025e-04, -8.057181e-04
53.500000, -7.853417e-04, -7.853565e-04, -7.852906e-04, -7.853041e-04
53.600000, -7.654434e-04, -7.654560e-04, -7.653954e-04, -7.654070e-04
53.700000, -7.460492e-04, -7.460601e-04, -7.460047e-04, -7.460143e-04
53.800000, -7.271460e-04, -7.271549e-04, -7.271046e-04, -7.271125e-04
53.900000, -7.087217e-04, -7.087290e-04, -7.086836e-04, -7.086898e-04
54.000000, -6.907642e-04, -6.907698e-04, -6.907290e-04, -6.907337e-04
54.100000, -6.732620e-04, -6.732662e-04, -6.732299e-04, -6.732332e-04
54.200000, -6.562036e-04, -6.562062e-04, -6.561742e-04, -6.561762e-04
54.300000, -6.395779e-04, -6.395793e-04, -6.395516e-04, -6.395522e-04
54.400000, -6.233740e-04, -6.233740e-04, -6.233503e-04, -6.233497e-04
54.500000, -6.075814e-04, -6.075804e-04, -6.075605e-04, -6.075587e-04
54.600000, -5.921896e-04, -5.921875e-04, -5.921711e-04, -5.921684e-04
54.700000, -5.771887e-04, -5.771857e-04, -5.771728e-04, -5.771690e-04
54.800000, -5.625688e-04, -5.625647e-04, -5.625551e-04, -5.625504e-04
54.900000, -5.483203e-04, -5.483154e-04, -5.483090e-04, -5.483033e-04
55.000000, -5.344336e-04, -5.344277e-04, -5.344243e-04, -5.344178e-04
55.100000, -5.208997e-04, -5.208930e-04, -5.208925e-04, -5.208850e-04
55.200000, -5.077093e-04, -5.077017e-04, -5.077039e-04, -5.076957e-04
55.300000, -4.948538e-04, -4.948455e-04, -4.948505e-04, -4.948413e-04
55.400000, -4.823247e-04, -4.823154e-04, -4.823231e-04, -4.823131e-04
55.500000, -4.701138e-04, -4.701038e-04, -4.701140e-04, -4.701031e-04
55.600000, -4.582129e-04, -4.582019e-04, -4.582147e-04, -4.582030e-04
55.700000, -4.466142e-04, -4.466025e-04, -4.466177e-04, -4.466052e-04
55.800000, -4.353099e-04, -4.352973e-04, -4.353148e-04, -4.353016e-04
55.900000, -4.242926e-04, -4.242794e-04, -4.242992e-04, -4.242852e-04
56.000000, -4.135551e-04, -4.135410e-04, -4.135630e-04, -4.135484e-04
56.100000, -4.030903e-04, -4.030756e-04, -4.030998e-04, -4.030844e-04
56.200000, -3.928913e-04, -3.928757e-04, -3.929021e-04, -3.928861e-04
56.300000, -3.829513e-04, -3.829352e-04, -3.829636e-04, -3.829470e-04
56.400000, -3.732638e-04, -3.732470e-04, -3.732773e-04, -3.732602e-04
56.500000, -3.638224e-04, -3.638052e-04, -3.638373e-04, -3.638197e-04
56.600000, -3.546209e-04, -3.546031e-04, -3.546371e-04, -3.546191e-04
56.700000, -3.456533e-04, -3.456352e-04, -3.456708e-04, -3.456524e-04
56.800000, -3.369136e-04, -3.368951e-04, -3.369323e-04, -3.369136e-04
56.900000, -3.283962e-04, -3.283774e-04, -3.284162e-04, -3.283971e-04
57.000000, -3.200954e-04, -3.200762e-04, -3.201165e-04, -3.200971e-04
57.100000, -3.120057e-04, -3.119863e-04, -3.120280e-04, -3.120083e-04
57.200000, -3.041217e-04, -3.041020e-04, -3.041451e-04, -3.041251e-04
57.300000, -2.964384e-04, -2.964186e-04, -2.964628e-04, -2.964426e-04
57.400000, -2.889505e-04, -2.889304e-04, -2.889759e-04, -2.889555e-04
57.500000, -2.816531e-04, -2.816329e-04, -2.816795e-04, -2.816589e-04
57.600000, -2.745414e-04, -2.745209e-04, -2.745686e-04, -2.745478e-04
57.700000, -2.676106e-04, -2.675900e-04, -2.676388e-04, -2.676178e-04
57.800000, -2.608562e-04, -2.608353e-04, -2.608851e-04, -2.608639e-04
57.900000, -2.542735e-04, -2.542526e-04, -2.543033e-04, -2.542820e-04
58.000000, -2.478584e-04, -2.478372e-04, -2.478888e-04, -2.478674e-04
58.100000, -2.416064e-04, -2.415852e-04, -2.416376e-04, -2.416161e-04
58.200000, -2.355135e-04, -2.354921e-04, -2.355453e-04, -2.355237e-04
58.300000, -2.295757e-04, -2.295543e-04, -2.296082e-04, -2.295865e-04
58.400000, -2.237889e-04, -2.237673e-04, -2.238220e-04, -2.238003e-04
58.500000, -2.181494e-04, -2.181279e-04, -2.181832e-04, -2.181614e-04
58.600000, -2.126534e-04, -2.126318e-04, -2.126877e-04, -2.126660e-04
58.700000, -2.072974e-04, -2.072759e-04, -2.073323e-04, -2.073106e-04
58.800000, -2.020777e-04, -2.020561e-04, -2.021131e-04, -2.020914e-04
58.900000, -1.969909e-04, -1.969695e-04, -1.970269e-04, -1.970052e-04
59.000000, -1.920337e-04, -1.920122e-04, -1.920701e-04, -1.920485e-04
59.100000, -1.872027e-04, -1.871814e-04, -1.872396e-04, -1.872181e-04
59.200000, -1.824948e-04, -1.824735e-04, -1.825320e-04, -1.825106e-04
59.300000, -1.779069e-04, -1.778857e-04, -1.779445e-04, -1.779230e-04
59.400000, -1.734358e-04, -1.734146e-04, -1.734736e-04, -1.734523e-04
59.500000, -1.690786e-04, -1.690576e-04, -1.691168e-04, -1.690955e-04
59.600000, -1.648325e-04, -1.648114e-04, -1.648708e-04, -1.648496e-04
59.700000, -1.606945e-04, -1.606736e-04, -1.607332e-04, -1.607120e-04
59.800000, -1.566620e-04, -1.566411e-04, -1.567008e-04, -1.566797e-04
59.900000, -1.527322e-04, -1.527114e-04, -1.527712e-04, -1.527501e-04
60.000000, -1.489026e-04, -1.488818e-04, -1.489416e-04, -1.489207e-04
60.100000, -1.451706e-04, -1.451499e-04, -1.452097e-04, -1.451888e-04
60.200000, -1.415336e-04, -1.415129e-04, -1.415728e-04, -1.415520e-04
60.300000, -1.379893e-04, -1.379688e-04, -1.380286e-04, -1.380079e-04
60.400000, -1.345353e-04, -1.345148e-04, -1.345745e-04, -1.345540e-04
60.500000, -1.311692e-04, -1.311490e-04, -1.312086e-04, -1.311882e-04
60.600000, -1.278890e-04, -1.278688e-04, -1.279283e-04, -1.279080e-04
60.700000, -1.246923e-04, -1.246723e-04, -1.247317e-04, -1.247116e-04
60.800000, -1.215771e-04, -1.215572e-04, -1.216164e-04, -1.215965e-04
60.900000, -1.185412e-04, -1.185216e-04, -1.185806e-04, -1.185608e-04
61.000000, -1.155827e-04, -1.155632e-04, -1.156220e-04, -1.156024e-04
61.100000, -1.126995e-04, -1.126803e-04, -1.127389e-04, -1.127195e-04
61.200000, -1.098899e-04, -1.098707e-04, -1.099291e-04, -1.099099e-04
61.300000, -1.071517e-04, -1.071329e-04, -1.071910e-04, -1.071720e-04
61.400000, -1.044835e-04, -1.044648e-04, -1.045226e-04, -1.045038e-04
61.500000, -1.018831e-04, -1.018647e-04, -1.019222e-04, -1.019036e-04
61.600000, -9.934903e-05, -9.933073e-05, -9.938796e-05, -9.936960e-05
61.700000, -9.687946e-05, -9.686146e-05, -9.691833e-05, -9.690017e-05
61.800000, -9.447283e-05, -9.445495e-05, -9.451151e-05, -9.449358e-05
61.900000, -9.212743e-05, -9.210985e-05, -9.216603e-05, -9.214830e-05
62.000000, -8.984178e-05, -8.982434e-05, -8.988017e-05, -8.986269e-05
62.100000, -8.761425e-05, -8.759712e-05, -8.765255e-05, -8.763528e-05
62.200000, -8.544345e-05, -8.542647e-05, -8.548152e-05, -8.546452e-05
62.300000, -8.332783e-05, -8.331117e-05, -8.336579e-05, -8.334902e-05
62.400000, -8.126606e-05, -8.124957e-05, -8.130379e-05, -8.128729e-05
62.500000, -7.925668e-05, -7.924052e-05, -7.929428e-05, -7.927802e-05
62.600000, -7.729843e-05, -7.728244e-05, -7.733577e-05, -7.731979e-05
62.700000, -7.538990e-05, -7.537425e-05, -7.542711e-05, -7.541136e-05
62.800000, -7.352993e-05, -7.351446e-05, -7.356686e-05, -7.355138e-05
62.900000, -7.171717e-05, -7.170203e-05, -7.175394e-05, -7.173868e-05
63.000000, -6.995051e-05, -6.993554e-05, -6.998698e-05, -6.997199e-05
63.100000, -6.822867e-05, -6.821402e-05, -6.826495e-05, -6.825018e-05
63.200000, -6.655059e-05, -6.653611e-05, -6.658656e-05, -6.657204e-05
63.300000, -6.491506e-05, -6.490089e-05, -6.495082e-05, -6.493652e-05
63.400000, -6.332108e-05, -6.330707e-05, -6.335651e-05, -6.334245e-05
63.500000, -6.176749e-05, -6.175377e-05, -6.180268e-05, -6.178883e-05
63.600000, -6.025333e-05, -6.023976e-05, -6.028818e-05, -6.027456e-05
63.700000, -5.877749e-05, -5.876421e-05, -5.881210e-05, -5.879868e-05
63.800000, -5.733910e-05, -5.732595e-05, -5.737335e-05, -5.736016e-05
63.900000, -5.593707e-05, -5.592421e-05, -5.597107e-05, -5.595807e-05
64.000000, -5.457059e-05, -5.455785e-05, -5.460421e-05, -5.459145e-05
64.100000, -5.323862e-05, -5.322615e-05, -5.327197e-05, -5.325940e-05
64.200000, -5.194037e-05, -5.192803e-05, -5.197335e-05, -5.196100e-05
64.300000, -5.067488e-05, -5.066282e-05, -5.070758e-05, -5.069543e-05
64.400000, -4.944140e-05, -4.942947e-05, -4.947372e-05, -4.946180e-05
64.500000, -4.823900e-05, -4.822735e-05, -4.827105e-05, -4.825931e-05
64.600000, -4.706699e-05, -4.705546e-05, -4.709865e-05, -4.708713e-05
64.700000, -4.592447e-05, -4.591321e-05, -4.595584e-05, -4.594450e-05
64.800000, -4.481078e-05, -4.479964e-05, -4.484175e-05, -4.483063e-05
64.900000, -4.372508e-05, -4.371420e-05, -4.375575e-05, -4.374480e-05
65.000000, -4.266673e-05, -4.265598e-05, -4.269701e-05, -4.268625e-05
65.100000, -4.163494e-05, -4.162444e-05, -4.166491e-05, -4.165432e-05
65.200000, -4.062912e-05, -4.061872e-05, -4.065867e-05, -4.064828e-05
65.300000, -3.964849e-05, -3.963834e-05, -3.967773e-05, -3.966749e-05
65.400000, -3.869250e-05, -3.868245e-05, -3.872132e-05, -3.871127e-05
65.500000, -3.776041e-05, -3.775060e-05, -3.778891e-05, -3.777900e-05
65.600000, -3.685171e-05, -3.684198e-05, -3.687979e-05, -3.687005e-05
65.700000, -3.596569e-05, -3.595618e-05, -3.599343e-05, -3.598383e-05
65.800000, -3.510185e-05, -3.509242e-05, -3.512917e-05, -3.511973e-05
65.900000, -3.425953e-05, -3.425031e-05, -3.428651e-05, -3.427720e-05
66.000000, -3.343826e-05, -3.342911e-05, -3.346480e-05, -3.345565e-05
66.100000, -3.263739e-05, -3.262845e-05, -3.266360e-05, -3.265458e-05
66.200000, -3.185651e-05, -3.184763e-05, -3.188229e-05, -3.187341e-05
66.300000, -3.109498e-05, -3.108630e-05, -3.112043e-05, -3.111168e-05
66.400000, -3.035242e-05, -3.034381e-05, -3.037744e-05, -3.036884e-05
66.500000, -2.962822e-05, -2.961981e-05, -2.965291e-05, -2.964443e-05
66.600000, -2.892202e-05, -2.891368e-05, -2.894629e-05, -2.893796e-05
66.700000, -2.823325e-05, -2.822511e-05, -2.825719e-05, -2.824899e-05
66.800000, -2.756156e-05, -2.755349e-05, -2.758509e-05, -2.757704e-05
66.900000, -2.690641e-05, -2.689854e-05, -2.692962e-05, -2.692169e-05
67.000000, -2.626747e-05, -2.625967e-05, -2.629027e-05, -2.628250e-05
67.100000, -2.564423e-05, -2.563663e-05, -2.566671e-05, -2.565906e-05
67.200000, -2.503637e-05, -2.502884e-05, -2.505845e-05, -2.505095e-05
67.300000, -2.444340e-05, -2.443607e-05, -2.446517e-05, -2.445779e-05
67.400000, -2.386505e-05, -2.385779e-05, -2.388641e-05, -2.387918e-05
67.500000, -2.330082e-05, -2.329376e-05, -2.332187e-05, -2.331475e-05
67.600000, -2.275047e-05, -2.274346e-05, -2.277111e-05, -2.276413e-05
67.700000, -2.221352e-05, -2.220670e-05, -2.223385e-05, -2.222698e-05
67.800000, -2.168975e-05, -2.168298e-05, -2.170967e-05, -2.170293e-05
67.900000, -2.117870e-05, -2.117211e-05, -2.119830e-05, -2.119166e-05
68.000000, -2.068016e-05, -2.067361e-05, -2.069935e-05, -2.069283e-05
68.100000, -2.019370e-05, -2.018731e-05, -2.021257e-05, -2.020614e-05
68.200000, -1.971910e-05, -1.971276e-05, -1.973758e-05, -1.973126e-05
68.300000, -1.925598e-05, -1.924979e-05, -1.927414e-05, -1.926791e-05
68.400000, -1.880412e-05, -1.879797e-05, -1.882190e-05, -1.881578e-05
68.500000, -1.836316e-05, -1.835715e-05, -1.838062e-05, -1.837459e-05
68.600000, -1.793289e-05, -1.792692e-05, -1.794998e-05, -1.794405e-05
68.700000, -1.751296e-05, -1.750714e-05, -1.752976e-05, -1.752391e-05
68.800000, -1.710319e-05, -1.709741e-05, -1.711964e-05, -1.711389e-05
68.900000, -1.670324e-05, -1.669761e-05, -1.671940e-05, -1.671374e-05
69.000000, -1.631295e-05, -1.630735e-05, -1.632876e-05, -1.632320e-05
69.100000, -1.593197e-05, -1.592653e-05, -1.594752e-05, -1.594204e-05
69.200000, -1.556017e-05, -1.555477e-05, -1.557538e-05, -1.557001e-05
69.300000, -1.519722e-05, -1.519197e-05, -1.521217e-05, -1.520689e-05
69.400000, -1.484299e-05, -1.483778e-05, -1.485761e-05, -1.485243e-05
69.500000, -1.449717e-05, -1.449211e-05, -1.451154e-05, -1.450644e-05
69.600000, -1.415964e-05, -1.415461e-05, -1.417368e-05, -1.416869e-05
69.700000, -1.383009e-05, -1.382521e-05, -1.384388e-05, -1.383897e-05
69.800000, -1.350842e-05, -1.350358e-05, -1.352189e-05, -1.351708e-05
69.900000, -1.319434e-05, -1.318964e-05, -1.320757e-05, -1.320284e-05
70.000000, -1.288775e-05, -1.288308e-05, -1.290066e-05, -1.289604e-05
70.100000, -1.258837e-05, -1.258384e-05, -1.260105e-05, -1.259650e-05
70.200000, -1.229612e-05, -1.229163e-05, -1.230849e-05, -1.230404e-05
70.300000, -1.201072e-05, -1.200637e-05, -1.202286e-05, -1.201849e-05
70.400000, -1.173210e-05, -1.172779e-05, -1.174394e-05, -1.173967e-05
70.500000, -1.146000e-05, -1.145583e-05, -1.147162e-05, -1.146743e-05
70.600000, -1.119436e-05, -1.119021e-05, -1.120568e-05, -1.120158e-05
70.700000, -1.093491e-05, -1.093090e-05, -1.094602e-05, -1.094199e-05
70.800000, -1.068161e-05, -1.067763e-05, -1.069242e-05, -1.068850e-05
70.900000, -1.043420e-05, -1.043036e-05, -1.044480e-05, -1.044095e-05
71.000000, -1.019264e-05, -1.018884e-05, -1.020296e-05, -1.019920e-05
71.100000, -9.956697e-06, -9.953023e-06, -9.966807e-06, -9.963116e-06
71.200000, -9.726321e-06, -9.722678e-06, -9.736154e-06, -9.732553e-06
71.300000, -9.501289e-06, -9.497774e-06, -9.510912e-06, -9.507380e-06
71.400000, -9.281561e-06, -9.278075e-06, -9.290912e-06, -9.287467e-06
71.500000, -9.066920e-06, -9.063560e-06, -9.076065e-06, -9.072687e-06
71.600000, -8.857333e-06, -8.853999e-06, -8.866210e-06, -8.862917e-06
71.700000, -8.652589e-06, -8.649378e-06, -8.661265e-06, -8.658038e-06
71.800000, -8.452659e-06, -8.449475e-06, -8.461075e-06, -8.457932e-06
71.900000, -8.257341e-06, -8.254280e-06, -8.265563e-06, -8.262487e-06
72.000000, -8.066612e-06, -8.063578e-06, -8.074582e-06, -8.071590e-06
72.100000, -7.880274e-06, -7.877363e-06, -7.888058e-06, -7.885135e-06
72.200000, -7.698310e-06, -7.695429e-06, -7.705852e-06, -7.703015e-06
72.300000, -7.520528e-06, -7.517773e-06, -7.527894e-06, -7.525128e-06
72.400000, -7.346916e-06, -7.344193e-06, -7.354050e-06, -7.351372e-06
72.500000, -7.177289e-06, -7.174691e-06, -7.184255e-06, -7.181649e-06
72.600000, -7.011637e-06, -7.009073e-06, -7.018380e-06, -7.015862e-06
72.700000, -6.849780e-06, -6.847342e-06, -6.856364e-06, -6.853917e-06
72.800000, -6.691714e-06, -6.689310e-06, -6.698083e-06, -6.695724e-06
72.900000, -6.537265e-06, -6.534986e-06, -6.543479e-06, -6.541192e-06
73.000000, -6.386432e-06, -6.384186e-06, -6.392436e-06, -6.390236e-06
73.100000, -6.239045e-06, -6.236923e-06, -6.244899e-06, -6.242769e-06
73.200000, -6.095109e-06, -6.093019e-06, -6.100757e-06, -6.098712e-06
73.300000, -5.954457e-06, -5.952487e-06, -5.959959e-06, -5.957981e-06
73.400000, -5.817098e-06, -5.815158e-06, -5.822397e-06, -5.820501e-06
73.500000, -5.682870e-06, -5.681048e-06, -5.688025e-06, -5.686194e-06
73.600000, -5.551784e-06, -5.549989e-06, -5.556740e-06, -5.554989e-06
73.700000, -5.423683e-06, -5.422002e-06, -5.428499e-06, -5.426810e-06
73.800000, -5.298582e-06, -5.296925e-06, -5.303204e-06, -5.301590e-06
73.900000, -5.176326e-06, -5.174779e-06, -5.180814e-06, -5.179259e-06
74.000000, -5.056934e-06, -5.055409e-06, -5.061236e-06, -5.059754e-06
74.100000, -4.940257e-06, -4.938838e-06, -4.944430e-06, -4.943005e-06
74.200000, -4.826313e-06, -4.824914e-06, -4.830308e-06, -4.828952e-06
74.300000, -4.714958e-06, -4.713662e-06, -4.718831e-06, -4.717530e-06
74.400000, -4.606212e-06, -4.604935e-06, -4.609915e-06, -4.608681e-06
74.500000, -4.499935e-06, -4.498758e-06, -4.503523e-06, -4.502341e-06
74.600000, -4.396149e-06, -4.394989e-06, -4.399574e-06, -4.398457e-06
74.700000, -4.294716e-06, -4.293654e-06, -4.298034e-06, -4.296967e-06
74.800000, -4.195661e-06, -4.194614e-06, -4.198823e-06, -4.197819e-06
74.900000, -4.098848e-06, -4.097897e-06, -4.101909e-06, -4.100953e-06
75.000000, -4.004304e-06, -4.003366e-06, -4.007216e-06, -4.006321e-06
75.100000, -3.911897e-06, -3.911052e-06, -3.914713e-06, -3.913864e-06
75.200000, -3.821654e-06, -3.820820e-06, -3.824327e-06, -3.823536e-06
75.300000, -3.733445e-06, -3.732701e-06, -3.736027e-06, -3.735279e-06
75.400000, -3.647299e-06, -3.646564e-06, -3.649743e-06, -3.649050e-06
75.500000, -3.563089e-06, -3.562440e-06, -3.565446e-06, -3.564794e-06
75.600000, -3.480845e-06, -3.480202e-06, -3.483069e-06, -3.482468e-06
75.700000, -3.400441e-06, -3.399882e-06, -3.402583e-06, -3.402019e-06
75.800000, -3.321911e-06, -3.321354e-06, -3.323923e-06, -3.323407e-06
75.900000, -3.245130e-06, -3.244653e-06, -3.247064e-06, -3.246583e-06
76.000000, -3.170134e-06, -3.169657e-06, -3.171942e-06, -3.171506e-06
76.100000, -3.096801e-06, -3.096401e-06, -3.098535e-06, -3.098131e-06
76.200000, -3.025169e-06, -3.024767e-06, -3.026782e-06, -3.026420e-06
76.300000, -2.955119e-06, -2.954792e-06, -2.956662e-06, -2.956330e-06
76.400000, -2.886691e-06, -2.886361e-06, -2.888117e-06, -2.887826e-06
76.500000, -2.819771e-06, -2.819512e-06, -2.821130e-06, -2.820866e-06
76.600000, -2.754398e-06, -2.754135e-06, -2.755645e-06, -2.755420e-06
76.700000, -2.690462e-06, -2.690269e-06, -2.691646e-06, -2.691449e-06
76.800000, -2.628007e-06, -2.627809e-06, -2.629084e-06, -2.628924e-06
76.900000, -2.566924e-06, -2.566795e-06, -2.567942e-06, -2.567808e-06
77.000000, -2.507257e-06, -2.507122e-06, -2.508173e-06, -2.508076e-06
77.100000, -2.448901e-06, -2.448833e-06, -2.449762e-06, -2.449690e-06
77.200000, -2.391900e-06, -2.391826e-06, -2.392664e-06, -2.392627e-06
77.300000, -2.336152e-06, -2.336143e-06, -2.336865e-06, -2.336851e-06
77.400000, -2.281700e-06, -2.281683e-06, -2.282320e-06, -2.282340e-06
77.500000, -2.228443e-06, -2.228490e-06, -2.229016e-06, -2.229058e-06
77.600000, -2.176426e-06, -2.176464e-06, -2.176910e-06, -2.176985e-06
77.700000, -2.125550e-06, -2.125649e-06, -2.125991e-06, -2.126086e-06
77.800000, -2.075859e-06, -2.075948e-06, -2.076216e-06, -2.076341e-06
77.900000, -2.027255e-06, -2.027404e-06, -2.027573e-06, -2.027717e-06
78.000000, -1.979785e-06, -1.979922e-06, -1.980022e-06, -1.980195e-06
78.100000, -1.933352e-06, -1.933545e-06, -1.933553e-06, -1.933742e-06
78.200000, -1.888001e-06, -1.888182e-06, -1.888126e-06, -1.888341e-06
78.300000, -1.843638e-06, -1.843874e-06, -1.843730e-06, -1.843961e-06
78.400000, -1.800311e-06, -1.800532e-06, -1.800329e-06, -1.800585e-06
78.500000, -1.757925e-06, -1.758199e-06, -1.757914e-06, -1.758183e-06
78.600000, -1.716528e-06, -1.716787e-06, -1.716447e-06, -1.716739e-06
78.700000, -1.676030e-06, -1.676339e-06, -1.675921e-06, -1.676225e-06
78.800000, -1.636476e-06, -1.636768e-06, -1.636301e-06, -1.636626e-06
78.900000, -1.597779e-06, -1.598120e-06, -1.597580e-06, -1.597915e-06
79.000000, -1.559986e-06, -1.560308e-06, -1.559723e-06, -1.560077e-06
79.100000, -1.523008e-06, -1.523378e-06, -1.522723e-06, -1.523087e-06
79.200000, -1.486895e-06, -1.487246e-06, -1.486550e-06, -1.486932e-06
79.300000, -1.451560e-06, -1.451956e-06, -1.451196e-06, -1.451585e-06
79.400000, -1.417052e-06, -1.417428e-06, -1.416630e-06, -1.417036e-06
79.500000, -1.383286e-06, -1.383705e-06, -1.382847e-06, -1.383259e-06
79.600000, -1.350310e-06, -1.350709e-06, -1.349817e-06, -1.350245e-06
79.700000, -1.318043e-06, -1.318483e-06, -1.317534e-06, -1.317968e-06
79.800000, -1.286532e-06, -1.286951e-06, -1.285971e-06, -1.286420e-06
79.900000, -1.255696e-06, -1.256156e-06, -1.255123e-06, -1.255576e-06
80.000000, -1.225585e-06, -1.226022e-06, -1.224963e-06, -1.225429e-06
80.100000, -1.196117e-06, -1.196594e-06, -1.195485e-06, -1.195955e-06
80.200000, -1.167343e-06, -1.167797e-06, -1.166665e-06, -1.167147e-06
80.300000, -1.139184e-06, -1.139676e-06, -1.138497e-06, -1.138982e-06
80.400000, -1.111688e-06, -1.112157e-06, -1.110957e-06, -1.111453e-06
80.500000, -1.084778e-06, -1.085284e-06, -1.084041e-06, -1.084539e-06
80.600000, -1.058504e-06, -1.058985e-06, -1.057725e-06, -1.058233e-06
80.700000, -1.032788e-06, -1.033305e-06, -1.032005e-06, -1.032514e-06
80.800000, -1.007682e-06, -1.008174e-06, -1.006858e-06, -1.007376e-06
80.900000, -9.831070e-07, -9.836337e-07, -9.822808e-07, -9.827991e-07
81.000000, -9.591156e-07, -9.596166e-07, -9.582514e-07, -9.587781e-07
81.100000, -9.356317e-07, -9.361661e-07, -9.347667e-07, -9.352925e-07
81.200000, -9.127062e-07, -9.132143e-07, -9.118052e-07, -9.123385e-07
81.300000, -8.902645e-07, -8.908050e-07, -8.893643e-07, -8.898960e-07
81.400000, -8.683578e-07, -8.688715e-07, -8.674235e-07, -8.679619e-07
81.500000, -8.469123e-07, -8.474573e-07, -8.459804e-07, -8.465164e-07
81.600000, -8.259793e-07, -8.264970e-07, -8.250153e-07, -8.255572e-07
81.700000, -8.054862e-07, -8.060342e-07, -8.045260e-07, -8.050650e-07
81.800000, -7.854841e-07, -7.860046e-07, -7.844937e-07, -7.850378e-07
81.900000, -7.659016e-07, -7.664514e-07, -7.649165e-07, -7.654570e-07
82.000000, -7.467897e-07, -7.473116e-07, -7.457761e-07, -7.463212e-07
82.100000, -7.280779e-07, -7.286284e-07, -7.270710e-07, -7.276120e-07
82.200000, -7.098174e-07, -7.103397e-07, -7.087837e-07, -7.093287e-07
82.300000, -6.919385e-07, -6.924886e-07, -6.909127e-07, -6.914532e-07
82.400000, -6.744923e-07, -6.750140e-07, -6.734414e-07, -6.739852e-07
82.500000, -6.574100e-07, -6.579587e-07, -6.563683e-07, -6.569073e-07
82.600000, -6.407428e-07, -6.412629e-07, -6.396775e-07, -6.402193e-07
82.700000, -6.244227e-07, -6.249691e-07, -6.233677e-07, -6.239042e-07
82.800000, -6.085007e-07, -6.090183e-07, -6.074236e-07, -6.079624e-07
82.900000, -5.929097e-07, -5.934529e-07, -5.918441e-07, -5.923771e-07
83.000000, -5.777007e-07, -5.782149e-07, -5.766143e-07, -5.771492e-07
83.100000, -5.628073e-07, -5.633465e-07, -5.617333e-07, -5.622622e-07
83.200000, -5.482804e-07, -5.487905e-07, -5.471870e-07, -5.477173e-07
83.300000, -5.340546e-07, -5.345889e-07, -5.329744e-07, -5.334984e-07
83.400000, -5.201803e-07, -5.206855e-07, -5.190820e-07, -5.196070e-07
83.500000, -5.065931e-07, -5.071220e-07, -5.055091e-07, -5.060274e-07
83.600000, -4.933434e-07, -4.938430e-07, -4.922424e-07, -4.927614e-07
83.700000, -4.803674e-07, -4.808902e-07, -4.792814e-07, -4.797936e-07
83.800000, -4.677154e-07, -4.682089e-07, -4.666136e-07, -4.671261e-07
83.900000, -4.553244e-07, -4.558405e-07, -4.542384e-07, -4.547438e-07
84.000000, -4.432445e-07, -4.437313e-07, -4.421438e-07, -4.426492e-07
84.100000, -4.314134e-07, -4.319224e-07, -4.303293e-07, -4.308274e-07
84.200000, -4.198812e-07, -4.203609e-07, -4.187834e-07, -4.192813e-07
84.300000, -4.085863e-07, -4.090876e-07, -4.075057e-07, -4.079961e-07
84.400000, -3.975785e-07, -3.980506e-07, -3.964851e-07, -3.969751e-07
84.500000, -3.867969e-07, -3.872903e-07, -3.857214e-07, -3.862037e-07
84.600000, -3.762913e-07, -3.767554e-07, -3.752039e-07, -3.756855e-07
84.700000, -3.660013e-07, -3.664863e-07, -3.649324e-07, -3.654062e-07
84.800000, -3.559765e-07, -3.564324e-07, -3.548965e-07, -3.553695e-07
84.900000, -3.461574e-07, -3.466336e-07, -3.450963e-07, -3.455614e-07
85.000000, -3.365931e-07, -3.370404e-07, -3.355218e-07, -3.359858e-07
85.100000, -3.272249e-07, -3.276922e-07, -3.261730e-07, -3.266290e-07
85.200000, -3.181018e-07, -3.185401e-07, -3.170404e-07, -3.174951e-07
85.300000, -3.091655e-07, -3.096235e-07, -3.081239e-07, -3.085706e-07
85.400000, -3.004649e-07, -3.008941e-07, -2.994145e-07, -2.998598e-07
85.500000, -2.919423e-07, -2.923909e-07, -2.909121e-07, -2.913493e-07
85.600000, -2.836464e-07, -2.840663e-07, -2.826080e-07, -2.830437e-07
85.700000, -2.755201e-07, -2.759591e-07, -2.745023e-07, -2.749298e-07
85.800000, -2.676119e-07, -2.680223e-07, -2.665865e-07, -2.670124e-07
85.900000, -2.598653e-07, -2.602945e-07, -2.588608e-07, -2.592785e-07
86.000000, -2.523284e-07, -2.527293e-07, -2.513169e-07, -2.517330e-07
86.100000, -2.449456e-07, -2.453650e-07, -2.439552e-07, -2.443631e-07
86.200000, -2.377645e-07, -2.381558e-07, -2.367678e-07, -2.371739e-07
86.300000, -2.307302e-07, -2.311397e-07, -2.297548e-07, -2.301528e-07
86.400000, -2.238900e-07, -2.242716e-07, -2.229088e-07, -2.233050e-07
86.500000, -2.171896e-07, -2.175892e-07, -2.162299e-07, -2.166180e-07
86.600000, -2.106761e-07, -2.110480e-07, -2.097110e-07, -2.100973e-07
86.700000, -2.042955e-07, -2.046853e-07, -2.033523e-07, -2.037305e-07
86.800000, -1.980950e-07, -1.984573e-07, -1.971468e-07, -1.975232e-07
86.900000, -1.920210e-07, -1.924010e-07, -1.910948e-07, -1.914632e-07
87.000000, -1.861204e-07, -1.864731e-07, -1.851896e-07, -1.855562e-07
87.100000, -1.803402e-07, -1.807104e-07, -1.794315e-07, -1.797901e-07
87.200000, -1.747268e-07, -1.750701e-07, -1.738140e-07, -1.741708e-07
87.300000, -1.692281e-07, -1.695886e-07, -1.683374e-07, -1.686864e-07
87.400000, -1.638900e-07, -1.642238e-07, -1.629956e-07, -1.633427e-07
87.500000, -1.586609e-07, -1.590118e-07, -1.577887e-07, -1.581281e-07
87.600000, -1.535866e-07, -1.539110e-07, -1.527109e-07, -1.530484e-07
87.700000, -1.486157e-07, -1.489572e-07, -1.477624e-07, -1.480923e-07
87.800000, -1.437941e-07, -1.441093e-07, -1.429375e-07, -1.432656e-07
87.900000, -1.390707e-07, -1.394028e-07, -1.382365e-07, -1.385570e-07
88.000000, -1.344910e-07, -1.347971e-07, -1.336539e-07, -1.339727e-07
88.100000, -1.300047e-07, -1.303275e-07, -1.291899e-07, -1.295012e-07
88.200000, -1.256568e-07, -1.259539e-07, -1.248393e-07, -1.251489e-07
88.300000, -1.213975e-07, -1.217112e-07, -1.206024e-07, -1.209046e-07
88.400000, -1.172716e-07, -1.175599e-07, -1.164740e-07, -1.167745e-07
88.500000, -1.132297e-07, -1.135344e-07, -1.124544e-07, -1.127476e-07
88.600000, -1.093164e-07, -1.095959e-07, -1.085388e-07, -1.088304e-07
88.700000, -1.054827e-07, -1.057786e-07, -1.047273e-07, -1.050117e-07
88.800000, -1.017729e-07, -1.020439e-07, -1.010154e-07, -1.012982e-07
88.900000, -9.813857e-08, -9.842574e-08, -9.740319e-08, -9.767890e-08
89.000000, -9.462362e-08, -9.488611e-08, -9.388625e-08, -9.416037e-08
89.100000, -9.118008e-08, -9.145867e-08, -9.046474e-08, -9.073189e-08
89.200000, -8.785162e-08, -8.810577e-08, -8.713440e-08, -8.740001e-08
89.300000, -8.459068e-08, -8.486082e-08, -8.389538e-08, -8.415413e-08
89.400000, -8.144066e-08, -8.168662e-08, -8.074360e-08, -8.100084e-08
89.500000, -7.835445e-08, -7.861628e-08, -7.767916e-08, -7.792964e-08
89.600000, -7.537514e-08, -7.561305e-08, -7.469817e-08, -7.494719e-08
89.700000, -7.245606e-08, -7.270973e-08, -7.180072e-08, -7.204308e-08
89.800000, -6.964002e-08, -6.987001e-08, -6.898307e-08, -6.922401e-08
89.900000, -6.688077e-08, -6.712642e-08, -6.624529e-08, -6.647967e-08
90.000000, -6.422084e-08, -6.444306e-08, -6.358379e-08, -6.381681e-08
90.100000, -6.161439e-08, -6.185216e-08, -6.099863e-08, -6.122519e-08
90.200000, -5.910366e-08, -5.931825e-08, -5.848638e-08, -5.871162e-08
90.300000, -5.664324e-08, -5.687328e-08, -5.604706e-08, -5.626594e-08
90.400000, -5.427508e-08, -5.448218e-08, -5.367740e-08, -5.389499e-08
90.500000, -5.195417e-08, -5.217662e-08, -5.137739e-08, -5.158872e-08
90.600000, -4.972219e-08, -4.992193e-08, -4.914390e-08, -4.935400e-08
90.700000, -4.753452e-08, -4.774951e-08, -4.697692e-08, -4.718085e-08
90.800000, -4.543255e-08, -4.562507e-08, -4.487345e-08, -4.507617e-08
90.900000, -4.337207e-08, -4.357973e-08, -4.283343e-08, -4.303008e-08
91.000000, -4.139419e-08, -4.157962e-08, -4.085403e-08, -4.104951e-08
91.100000, -3.945508e-08, -3.965555e-08, -3.893516e-08, -3.912467e-08
91.200000, -3.759558e-08, -3.777404e-08, -3.707411e-08, -3.726249e-08
91.300000, -3.577224e-08, -3.596564e-08, -3.527077e-08, -3.545326e-08
91.400000, -3.402562e-08, -3.419725e-08, -3.352256e-08, -3.370397e-08
91.500000, -3.231266e-08, -3.249912e-08, -3.182936e-08, -3.200497e-08
91.600000, -3.067363e-08, -3.083854e-08, -3.018870e-08, -3.036326e-08
91.700000, -2.906585e-08, -2.924550e-08, -2.860043e-08, -2.876929e-08
91.800000, -2.752931e-08, -2.768764e-08, -2.706221e-08, -2.723007e-08
91.900000, -2.602172e-08, -2.619469e-08, -2.557387e-08, -2.573612e-08
92.000000, -2.458277e-08, -2.473465e-08, -2.413320e-08, -2.429449e-08
92.100000, -2.317055e-08, -2.333699e-08, -2.273998e-08, -2.289576e-08
92.200000, -2.182448e-08, -2.197005e-08, -2.139212e-08, -2.154698e-08
92.300000, -2.050301e-08, -2.066305e-08, -2.008939e-08, -2.023884e-08
92.400000, -1.924528e-08, -1.938467e-08, -1.882981e-08, -1.897838e-08
92.500000, -1.801011e-08, -1.816388e-08, -1.761311e-08, -1.775637e-08
92.600000, -1.683636e-08, -1.696971e-08, -1.643744e-08, -1.657986e-08
92.700000, -1.568321e-08, -1.583085e-08, -1.530250e-08, -1.543969e-08
92.800000, -1.458925e-08, -1.471669e-08, -1.420653e-08, -1.434294e-08
92.900000, -1.351401e-08, -1.365565e-08, -1.314923e-08, -1.328050e-08
93.000000, -1.249581e-08, -1.261746e-08, -1.212894e-08, -1.225946e-08
93.100000, -1.149452e-08, -1.163029e-08, -1.114532e-08, -1.127079e-08
93.200000, -1.054820e-08, -1.066419e-08, -1.019682e-08, -1.032159e-08
93.300000, -9.617072e-09, -9.747092e-09, -9.283095e-09, -9.402883e-09
93.400000, -8.738922e-09, -8.849365e-09, -8.402668e-09, -8.521788e-09
93.500000, -7.874305e-09, -7.998690e-09, -7.555178e-09, -7.669406e-09
93.600000, -7.060748e-09, -7.165760e-09, -6.739252e-09, -6.852848e-09
93.700000, -6.259143e-09, -6.378010e-09, -5.954501e-09, -6.063286e-09
93.800000, -5.506751e-09, -5.606446e-09, -5.199647e-09, -5.307837e-09
93.900000, -4.764798e-09, -4.878263e-09, -4.474279e-09, -4.577740e-09
94.000000, -4.070282e-09, -4.164778e-09, -3.777208e-09, -3.880112e-09
94.100000, -3.384759e-09, -3.492943e-09, -3.108005e-09, -3.206260e-09
94.200000, -2.744965e-09, -2.834381e-09, -2.465565e-09, -2.563302e-09
94.300000, -2.112785e-09, -2.215808e-09, -1.849439e-09, -1.942611e-09
94.400000, -1.524691e-09, -1.609149e-09, -1.258610e-09, -1.351305e-09
94.500000, -9.428951e-10, -1.040883e-09, -6.926055e-10, -7.808194e-10
94.600000, -4.036097e-10, -4.832334e-10, -1.504919e-10, -2.382711e-10
94.700000, 1.306340e-10, 3.755522e-11, 3.682208e-10, 2.848380e-10
94.800000, 6.238794e-10, 5.489643e-10, 8.643871e-10, 7.813956e-10
94.900000, 1.113279e-09, 1.024981e-09, 1.338516e-09, 1.259836e-09
95.000000, 1.563131e-09, 1.492798e-09, 1.791383e-09, 1.713050e-09
95.100000, 2.010274e-09, 1.926631e-09, 2.223515e-09, 2.149410e-09
95.200000, 2.419262e-09, 2.353386e-09, 2.635613e-09, 2.561811e-09
95.300000, 2.826621e-09, 2.747505e-09, 3.028220e-09, 2.958561e-09
95.400000, 3.197158e-09, 3.135613e-09, 3.401963e-09, 3.332563e-09
95.500000, 3.567093e-09, 3.492376e-09, 3.757403e-09, 3.692062e-09
95.600000, 3.901482e-09, 3.844141e-09, 4.095093e-09, 4.029968e-09
95.700000, 4.236240e-09, 4.165796e-09, 4.415613e-09, 4.354463e-09
95.800000, 4.536674e-09, 4.483412e-09, 4.719444e-09, 4.658465e-09
95.900000, 4.838398e-09, 4.772099e-09, 5.007182e-09, 4.950098e-09
96.000000, 5.106965e-09, 5.057656e-09, 5.279243e-09, 5.222286e-09
96.100000, 5.377692e-09, 5.315412e-09, 5.536238e-09, 5.483092e-09
96.200000, 5.616379e-09, 5.570900e-09, 5.778514e-09, 5.725453e-09
96.300000, 5.858049e-09, 5.799663e-09, 6.006702e-09, 5.957371e-09
96.400000, 6.068745e-09, 6.026972e-09, 6.221083e-09, 6.171792e-09
96.500000, 6.283201e-09, 6.228583e-09, 6.422304e-09, 6.376663e-09
96.600000, 6.467701e-09, 6.429510e-09, 6.610584e-09, 6.564940e-09
96.700000, 6.656692e-09, 6.605719e-09, 6.786585e-09, 6.744511e-09
96.800000, 6.816701e-09, 6.781969e-09, 6.950467e-09, 6.908346e-09
96.900000, 6.981889e-09, 6.934437e-09, 7.102907e-09, 7.064275e-09
97.000000, 7.119024e-09, 7.087629e-09, 7.244006e-09, 7.205283e-09
97.100000, 7.261987e-09, 7.217932e-09, 7.374459e-09, 7.339145e-09
97.200000, 7.377784e-09, 7.349602e-09, 7.494308e-09, 7.458858e-09
97.300000, 7.500017e-09, 7.459232e-09, 7.604264e-09, 7.572142e-09
97.400000, 7.595931e-09, 7.570837e-09, 7.704316e-09, 7.672012e-09
97.500000, 7.698853e-09, 7.661213e-09, 7.795190e-09, 7.766133e-09
97.600000, 7.776264e-09, 7.754132e-09, 7.876821e-09, 7.847536e-09
97.700000, 7.861218e-09, 7.826595e-09, 7.949952e-09, 7.923832e-09
97.800000, 7.921433e-09, 7.902137e-09, 8.014467e-09, 7.988071e-09
97.900000, 7.989692e-09, 7.957958e-09, 8.071122e-09, 8.047812e-09
98.000000, 8.033947e-09, 8.017360e-09, 8.119755e-09, 8.096122e-09
98.100000, 8.086716e-09, 8.057744e-09, 8.161136e-09, 8.140509e-09
98.200000, 8.116182e-09, 8.102179e-09, 8.195055e-09, 8.174059e-09
98.300000, 8.154599e-09, 8.128263e-09, 8.222297e-09, 8.204229e-09
98.400000, 8.170381e-09, 8.158840e-09, 8.242607e-09, 8.224125e-09
98.500000, 8.195522e-09, 8.171701e-09, 8.256784e-09, 8.241153e-09
98.600000, 8.198664e-09, 8.189466e-09, 8.264527e-09, 8.248440e-09
98.700000, 8.211545e-09, 8.190121e-09, 8.266651e-09, 8.253340e-09
98.800000, 8.203034e-09, 8.196063e-09, 8.262812e-09, 8.249002e-09
98.900000, 8.204614e-09, 8.185470e-09, 8.253839e-09, 8.242732e-09
99.000000, 8.185379e-09, 8.180522e-09, 8.239344e-09, 8.227699e-09
99.100000, 8.176561e-09, 8.159586e-09, 8.220174e-09, 8.211161e-09
99.200000, 8.147478e-09, 8.144626e-09, 8.195898e-09, 8.186308e-09
99.300000, 8.129114e-09, 8.114200e-09, 8.167377e-09, 8.160349e-09
99.400000, 8.091011e-09, 8.090058e-09, 8.134143e-09, 8.126500e-09
99.500000, 8.063903e-09, 8.050943e-09, 8.097069e-09, 8.091921e-09
99.600000, 8.017556e-09, 8.018399e-09, 8.055651e-09, 8.049852e-09
99.700000, 7.982461e-09, 7.971353e-09, 8.010776e-09, 8.007406e-09
99.800000, 7.928604e-09, 7.931143e-09, 7.961903e-09, 7.957847e-09
99.900000, 7.886235e-09, 7.876879e-09, 7.909936e-09, 7.908243e-09
100.000000, 7.825559e-09, 7.829695e-09, 7.854297e-09, 7.851884e-09
100.100000, 7.776588e-09, 7.768886e-09, 7.795905e-09, 7.795792e-09
100.200000, 7.709746e-09, 7.715384e-09, 7.734149e-09, 7.733282e-09
100.300000, 7.654808e-09, 7.648664e-09, 7.669962e-09, 7.671334e-09
100.400000, 7.582414e-09, 7.589461e-09, 7.602702e-09, 7.603289e-09
100.500000, 7.522107e-09, 7.517430e-09, 7.533315e-09, 7.536082e-09
100.600000, 7.444744e-09, 7.453110e-09, 7.461129e-09, 7.463080e-09
100.700000, 7.379634e-09, 7.376334e-09, 7.387105e-09, 7.391177e-09
100.800000, 7.297849e-09, 7.307449e-09, 7.310541e-09, 7.313769e-09
100.900000, 7.228472e-09, 7.226464e-09, 7.232410e-09, 7.237703e-09
101.000000, 7.142784e-09, 7.153535e-09, 7.151983e-09, 7.156405e-09
101.100000, 7.069643e-09, 7.068844e-09, 7.070247e-09, 7.076680e-09
101.200000, 6.980541e-09, 6.992363e-09, 6.986445e-09, 6.991979e-09
101.300000, 6.904112e-09, 6.904444e-09, 6.901575e-09, 6.909069e-09
101.400000, 6.812057e-09, 6.824872e-09, 6.814854e-09, 6.821426e-09
101.500000, 6.732786e-09, 6.734172e-09, 6.727295e-09, 6.735774e-09
101.600000, 6.638208e-09, 6.651943e-09, 6.638085e-09, 6.645618e-09
101.700000, 6.556514e-09, 6.558880e-09, 6.548250e-09, 6.557641e-09
101.800000, 6.459817e-09, 6.474401e-09, 6.456952e-09, 6.465375e-09
101.900000, 6.376090e-09, 6.379365e-09, 6.365228e-09, 6.375460e-09
102.000000, 6.277650e-09, 6.293012e-09, 6.272215e-09, 6.281457e-09
102.100000, 6.192252e-09, 6.196366e-09, 6.178960e-09, 6.189964e-09
102.200000, 6.092417e-09, 6.108490e-09, 6.084577e-09, 6.094571e-09
102.300000, 6.005684e-09, 6.010570e-09, 5.990124e-09, 6.001833e-09
102.400000, 5.904775e-09, 5.921494e-09, 5.894690e-09, 5.905370e-09
102.500000, 5.817018e-09, 5.822610e-09, 5.799346e-09, 5.811696e-09
102.600000, 5.715333e-09, 5.732634e-09, 5.703157e-09, 5.714458e-09
102.700000, 5.626839e-09, 5.633075e-09, 5.607203e-09, 5.620133e-09
102.800000, 5.524653e-09, 5.542477e-09, 5.510532e-09, 5.522395e-09
102.900000, 5.435688e-09, 5.442508e-09, 5.414233e-09, 5.427681e-09
103.000000, 5.333257e-09, 5.351545e-09, 5.317331e-09, 5.329698e-09
103.100000, 5.244066e-09, 5.251413e-09, 5.220929e-09, 5.234841e-09
103.200000, 5.141626e-09, 5.160323e-09, 5.124032e-09, 5.136846e-09
103.300000, 5.052439e-09, 5.060258e-09, 5.027752e-09, 5.042073e-09
103.400000, 4.950210e-09, 4.969264e-09, 4.931077e-09, 4.944287e-09
103.500000, 4.861238e-09, 4.869478e-09, 4.835128e-09, 4.849807e-09
103.600000, 4.759422e-09, 4.778785e-09, 4.738876e-09, 4.752432e-09
103.700000, 4.670863e-09, 4.679474e-09, 4.643451e-09, 4.658441e-09
103.800000, 4.569649e-09, 4.589273e-09, 4.547808e-09, 4.561663e-09
103.900000, 4.481683e-09, 4.490621e-09, 4.453087e-09, 4.468342e-09
104.000000, 4.381244e-09, 4.401086e-09, 4.358225e-09, 4.372335e-09
104.100000, 4.294039e-09, 4.303260e-09, 4.264371e-09, 4.279849e-09
104.200000, 4.194536e-09, 4.214554e-09, 4.170447e-09, 4.184772e-09
104.300000, 4.108246e-09, 4.117708e-09, 4.077613e-09, 4.093273e-09
104.400000, 4.009824e-09, 4.029979e-09, 3.984772e-09, 3.999271e-09
104.500000, 3.924590e-09, 3.934254e-09, 3.893094e-09, 3.908898e-09
104.600000, 3.827383e-09, 3.847638e-09, 3.801469e-09, 3.816104e-09
104.700000, 3.743333e-09, 3.753164e-09, 3.711073e-09, 3.726985e-09
104.800000, 3.647463e-09, 3.667784e-09, 3.620783e-09, 3.635521e-09
104.900000, 3.564714e-09, 3.574676e-09, 3.531784e-09, 3.547770e-09
105.000000, 3.470291e-09, 3.490644e-09, 3.442937e-09, 3.457743e-09
105.100000, 3.388948e-09, 3.399009e-09, 3.355436e-09, 3.371464e-09
105.200000, 3.296072e-09, 3.316426e-09, 3.268130e-09, 3.282974e-09
105.300000, 3.216230e-09, 3.226358e-09, 3.182221e-09, 3.198261e-09
105.400000, 3.124989e-09, 3.145316e-09, 3.096543e-09, 3.111396e-09
105.500000, 3.046733e-09, 3.056900e-09, 3.012307e-09, 3.028331e-09
105.600000, 2.957206e-09, 2.977478e-09, 2.928336e-09, 2.943170e-09
105.700000, 2.880612e-09, 2.890791e-09, 2.845847e-09, 2.861828e-09
105.800000, 2.792871e-09, 2.813063e-09, 2.763651e-09, 2.778440e-09
105.900000, 2.718005e-09, 2.728171e-09, 2.682973e-09, 2.698888e-09
106.000000, 2.632112e-09, 2.652200e-09, 2.602614e-09, 2.617335e-09
106.100000, 2.559034e-09, 2.569163e-09, 2.523804e-09, 2.539629e-09
106.200000, 2.475043e-09, 2.495005e-09, 2.445334e-09, 2.459965e-09
106.300000, 2.403804e-09, 2.413875e-09, 2.368442e-09, 2.384156e-09
106.400000, 2.321763e-09, 2.341579e-09, 2.291907e-09, 2.306428e-09
106.500000, 2.252408e-09, 2.262401e-09, 2.216975e-09, 2.232559e-09
106.600000, 2.172356e-09, 2.192009e-09, 2.142415e-09, 2.156806e-09
106.700000, 2.104923e-09, 2.114819e-09, 2.069478e-09, 2.084913e-09
106.800000, 2.026895e-09, 2.046367e-09, 1.996924e-09, 2.011169e-09
106.900000, 1.961415e-09, 1.971197e-09, 1.926012e-09, 1.941284e-09
107.000000, 1.885439e-09, 1.904714e-09, 1.855493e-09, 1.869576e-09
107.100000, 1.821938e-09, 1.831590e-09, 1.786629e-09, 1.801722e-09
107.200000, 1.748035e-09, 1.767099e-09, 1.718164e-09, 1.732071e-09
107.300000, 1.686532e-09, 1.696042e-09, 1.651366e-09, 1.666266e-09
107.400000, 1.614719e-09, 1.633559e-09, 1.584971e-09, 1.598688e-09
107.500000, 1.555230e-09, 1.564583e-09, 1.520252e-09, 1.534947e-09
107.600000, 1.485518e-09, 1.504123e-09, 1.455936e-09, 1.469453e-09
107.700000, 1.428051e-09, 1.437236e-09, 1.393304e-09, 1.407783e-09
107.800000, 1.360447e-09, 1.378806e-09, 1.331073e-09, 1.344378e-09
107.900000, 1.305008e-09, 1.314013e-09, 1.270530e-09, 1.284783e-09
108.000000, 1.239513e-09, 1.257616e-09, 1.210386e-09, 1.223469e-09
108.100000, 1.186101e-09, 1.194919e-09, 1.151931e-09, 1.165948e-09
108.200000, 1.122714e-09, 1.140553e-09, 1.093870e-09, 1.106723e-09
108.300000, 1.071327e-09, 1.079947e-09, 1.037497e-09, 1.051272e-09
108.400000, 1.010040e-09, 1.027608e-09, 9.815121e-10, 9.941274e-10
108.500000, 9.606697e-10, 9.690851e-10, 9.272131e-10, 9.407373e-10
108.600000, 9.014742e-10, 9.187648e-10, 8.732933e-10, 8.856643e-10
108.700000, 8.541100e-10, 8.623140e-10, 8.210554e-10, 8.343234e-10
108.800000, 7.969924e-10, 8.139997e-10, 7.691868e-10, 7.813078e-10
108.900000, 7.516200e-10, 7.596070e-10, 7.189944e-10, 7.320009e-10
109.000000, 6.965640e-10, 7.132832e-10, 6.691599e-10, 6.810261e-10
109.100000, 6.531662e-10, 6.609312e-10, 6.209942e-10, 6.337350e-10
109.200000, 6.001525e-10, 6.165798e-10, 5.731739e-10, 5.847811e-10
109.300000, 5.587093e-10, 5.662480e-10, 5.270134e-10, 5.394847e-10
109.400000, 5.077158e-10, 5.238479e-10, 4.811845e-10, 4.925294e-10
109.500000, 4.682045e-10, 4.755135e-10, 4.370051e-10, 4.492041e-10
109.600000, 4.192066e-10, 4.350410e-10, 3.931424e-10, 4.042223e-10
109.700000, 3.816020e-10, 3.886785e-10, 3.509175e-10, 3.628420e-10
109.800000, 3.345728e-10, 3.501076e-10, 3.089935e-10, 3.198064e-10
109.900000, 2.988473e-10, 3.056892e-10, 2.686945e-10, 2.803427e-10
110.000000, 2.537576e-10, 2.689915e-10, 2.286793e-10, 2.392238e-10
110.100000, 2.198818e-10, 2.264874e-10, 1.902752e-10, 2.016462e-10
110.200000, 1.767004e-10, 1.916327e-10, 1.521373e-10, 1.624125e-10
110.300000, 1.446428e-10, 1.510111e-10, 1.155956e-10, 1.266888e-10
110.400000, 1.033368e-10, 1.179673e-10, 7.930150e-11, 8.930699e-11
110.500000, 7.306407e-11, 7.919451e-11, 4.458762e-11, 5.540295e-11
110.600000, 3.359881e-11, 4.792780e-11, 1.010230e-11, 1.983823e-11
110.700000, 5.076236e-12, 1.096876e-11, -2.281962e-11, -1.228168e-11
110.800000, -3.258444e-11, -1.855627e-11, -5.553275e-11, -4.606580e-11
110.900000, -5.939300e-11, -5.373803e-11, -8.669990e-11, -7.643850e-11
111.000000, -9.528653e-11, -8.155805e-11, -1.176787e-10, -1.084797e-10
111.100000, -1.204187e-10, -1.150005e-10, -1.471297e-10, -1.371436e-10
111.200000, -1.545837e-10, -1.411534e-10, -1.764131e-10, -1.674809e-10
111.300000, -1.780780e-10, -1.728955e-10, -2.041876e-10, -1.944752e-10
111.400000, -2.105542e-10, -1.974203e-10, -2.318156e-10, -2.231484e-10
111.500000, -2.324503e-10, -2.275021e-10, -2.579542e-10, -2.485136e-10
111.600000, -2.632783e-10, -2.504387e-10, -2.839677e-10, -2.755636e-10
111.700000, -2.836166e-10, -2.789010e-10, -3.085117e-10, -2.993409e-10
111.800000, -3.128380e-10, -3.002903e-10, -3.329526e-10, -3.248094e-10
111.900000, -3.316598e-10, -3.271748e-10, -3.559443e-10, -3.470406e-10
112.000000, -3.593166e-10, -3.470582e-10, -3.788548e-10, -3.709700e-10
112.100000, -3.766638e-10, -3.724071e-10, -4.003369e-10, -3.916978e-10
112.200000, -4.027987e-10, -3.908267e-10, -4.217600e-10, -4.141308e-10
112.300000, -4.187137e-10, -4.146831e-10, -4.417757e-10, -4.333983e-10
112.400000, -4.433700e-10, -4.316814e-10, -4.617548e-10, -4.543784e-10
112.500000, -4.578956e-10, -4.540883e-10, -4.803477e-10, -4.722289e-10
112.600000, -4.811169e-10, -4.697083e-10, -4.989265e-10, -4.917999e-10
112.700000, -4.942963e-10, -4.907094e-10, -5.161406e-10, -5.082772e-10
112.800000, -5.161262e-10, -5.049943e-10, -5.333629e-10, -5.264828e-10
112.900000, -5.280027e-10, -5.246334e-10, -5.492422e-10, -5.416309e-10
113.000000, -5.484853e-10, -5.376266e-10, -5.651523e-10, -5.585152e-10
113.100000, -5.591024e-10, -5.559475e-10, -5.797410e-10, -5.723781e-10
113.200000, -5.782816e-10, -5.676924e-10, -5.943827e-10, -5.879852e-10
113.300000, -5.876827e-10, -5.847389e-10, -6.077249e-10, -6.006068e-10
113.400000, -6.056026e-10, -5.952790e-10, -6.211424e-10, -6.149808e-10
113.500000, -6.138313e-10, -6.110952e-10, -6.332823e-10, -6.264051e-10
113.600000, -6.305356e-10, -6.204737e-10, -6.455194e-10, -6.395899e-10
113.700000, -6.376350e-10, -6.351032e-10, -6.565007e-10, -6.498607e-10
113.800000, -6.531676e-10, -6.433634e-10, -6.676012e-10, -6.619000e-10
113.900000, -6.591808e-10, -6.568496e-10, -6.774677e-10, -6.710608e-10
114.000000, -6.735850e-10, -6.640343e-10, -6.874749e-10, -6.819980e-10
114.100000, -6.785547e-10, -6.764205e-10, -6.962698e-10, -6.900919e-10
114.200000, -6.918737e-10, -6.825723e-10, -7.052269e-10, -6.999702e-10
114.300000, -6.958424e-10, -6.939013e-10, -7.129931e-10, -7.070402e-10
114.400000, -7.081188e-10, -6.990624e-10, -7.209427e-10, -7.159022e-10
114.500000, -7.111283e-10, -7.093767e-10, -7.277227e-10, -7.219905e-10
114.600000, -7.224044e-10, -7.135887e-10, -7.347069e-10, -7.298784e-10
114.700000, -7.244963e-10, -7.229301e-10, -7.405427e-10, -7.350269e-10
114.800000, -7.348137e-10, -7.262344e-10, -7.466032e-10, -7.419824e-10
114.900000, -7.360289e-10, -7.346441e-10, -7.515362e-10, -7.462325e-10
115.000000, -7.454288e-10, -7.370813e-10, -7.567139e-10, -7.522966e-10
115.100000, -7.458077e-10, -7.446003e-10, -7.607848e-10, -7.556889e-10
115.200000, -7.543305e-10, -7.462104e-10, -7.651203e-10, -7.609021e-10
115.300000, -7.539126e-10, -7.528786e-10, -7.683691e-10, -7.634766e-10
115.400000, -7.615982e-10, -7.537009e-10, -7.719019e-10, -7.678785e-10
115.500000, -7.604226e-10, -7.595579e-10, -7.743681e-10, -7.696745e-10
115.600000, -7.673100e-10, -7.596310e-10, -7.771371e-10, -7.733041e-10
115.700000, -7.654148e-10, -7.647152e-10, -7.788593e-10, -7.743601e-10
115.800000, -7.715423e-10, -7.640770e-10, -7.809027e-10, -7.772557e-10
115.900000, -7.689651e-10, -7.684264e-10, -7.819186e-10, -7.776094e-10
116.000000, -7.743702e-10, -7.671140e-10, -7.832737e-10, -7.798084e-10
116.100000, -7.711475e-10, -7.707657e-10, -7.836204e-10, -7.794967e-10
116.200000, -7.758669e-10, -7.688152e-10, -7.843237e-10, -7.810355e-10
116.300000, -7.720344e-10, -7.718052e-10, -7.840373e-10, -7.800945e-10
116.400000, -7.761040e-10, -7.692521e-10, -7.841244e-10, -7.810088e-10
116.500000, -7.716967e-10, -7.716159e-10, -7.832399e-10, -7.794736e-10
116.600000, -7.751512e-10, -7.684946e-10, -7.827456e-10, -7.797983e-10
116.700000, -7.702031e-10, -7.702665e-10, -7.812975e-10, -7.777032e-10
116.800000, -7.730766e-10, -7.666106e-10, -7.802555e-10, -7.774719e-10
116.900000, -7.676208e-10, -7.678241e-10, -7.782771e-10, -7.748502e-10
117.000000, -7.699464e-10, -7.636663e-10, -7.767202e-10, -7.740960e-10
117.100000, -7.640150e-10, -7.643541e-10, -7.742440e-10, -7.709800e-10
117.200000, -7.658248e-10, -7.597260e-10, -7.722042e-10, -7.697349e-10
117.300000, -7.594491e-10, -7.599197e-10, -7.692616e-10, -7.661560e-10
117.400000, -7.607741e-10, -7.548521e-10, -7.667698e-10, -7.644509e-10
117.500000, -7.539843e-10, -7.545822e-10, -7.633912e-10, -7.604396e-10
117.600000, -7.548549e-10, -7.491051e-10, -7.604774e-10, -7.583046e-10
117.700000, -7.476802e-10, -7.484014e-10, -7.566925e-10, -7.538905e-10
117.800000, -7.481256e-10, -7.425434e-10, -7.533856e-10, -7.513545e-10
117.900000, -7.405944e-10, -7.414346e-10, -7.492229e-10, -7.465659e-10
118.000000, -7.406429e-10, -7.352237e-10, -7.455510e-10, -7.436572e-10
118.100000, -7.327825e-10, -7.337375e-10, -7.410379e-10, -7.385217e-10
118.200000, -7.324613e-10, -7.272007e-10, -7.370280e-10, -7.352672e-10
118.300000, -7.242981e-10, -7.253639e-10, -7.321912e-10, -7.298114e-10
118.400000, -7.236335e-10, -7.185271e-10, -7.278694e-10, -7.262373e-10
118.500000, -7.151929e-10, -7.163655e-10, -7.227345e-10, -7.204867e-10
118.600000, -7.142103e-10, -7.092535e-10, -7.181259e-10, -7.166182e-10
118.700000, -7.055168e-10, -7.067920e-10, -7.127175e-10, -7.105974e-10
118.800000, -7.042405e-10, -6.994290e-10, -7.078460e-10, -7.064585e-10
118.900000, -6.953176e-10, -6.966914e-10, -7.021878e-10, -7.001912e-10
119.000000, -6.937711e-10, -6.891004e-10, -6.970768e-10, -6.958053e-10
119.100000, -6.846413e-10, -6.861097e-10, -6.911915e-10, -6.893140e-10
119.200000, -6.828470e-10, -6.783128e-10, -6.858630e-10, -6.847034e-10
119.300000, -6.735318e-10, -6.750909e-10, -6.797724e-10, -6.780100e-10
119.400000, -6.715114e-10, -6.671094e-10, -6.742478e-10, -6.731959e-10
119.500000, -6.620316e-10, -6.636774e-10, -6.679727e-10, -6.663211e-10
119.600000, -6.598055e-10, -6.555316e-10, -6.622723e-10, -6.613241e-10
119.700000, -6.501809e-10, -6.519097e-10, -6.558326e-10, -6.542879e-10
119.800000, -6.477691e-10, -6.436189e-10, -6.499759e-10, -6.491274e-10
119.900000, -6.380185e-10, -6.398264e-10, -6.433907e-10, -6.419488e-10
120.000000, -6.354395e-10, -6.314091e-10, -6.373962e-10, -6.366434e-10
120.100000, -6.255811e-10, -6.274644e-10, -6.306836e-10, -6.293405e-10
120.200000, -6.228531e-10, -6.189383e-10, -6.245690e-10, -6.239081e-10
120.300000, -6.129038e-10, -6.148588e-10, -6.177463e-10, -6.164982e-10
120.400000, -6.100439e-10, -6.062407e-10, -6.115284e-10, -6.109556e-10
120.500000, -6.000202e-10, -6.020433e-10, -6.046122e-10, -6.034551e-10
120.600000, -5.970446e-10, -5.933492e-10, -5.983070e-10, -5.978184e-10
120.700000, -5.869619e-10, -5.890496e-10, -5.913127e-10, -5.902430e-10
120.800000, -5.838862e-10, -5.802946e-10, -5.849355e-10, -5.845275e-10
120.900000, -5.737593e-10, -5.759080e-10, -5.778780e-10, -5.768920e-10
121.000000, -5.705982e-10, -5.671067e-10, -5.714432e-10, -5.711122e-10
121.100000, -5.604410e-10, -5.626473e-10, -5.643366e-10, -5.634306e-10
121.200000, -5.572084e-10, -5.538132e-10, -5.578578e-10, -5.576002e-10
121.300000, -5.470342e-10, -5.492947e-10, -5.507154e-10, -5.498859e-10
121.400000, -5.437432e-10, -5.404407e-10, -5.442056e-10, -5.440179e-10
121.500000, -5.335644e-10, -5.358759e-10, -5.370399e-10, -5.362833e-10
121.600000, -5.302277e-10, -5.270143e-10, -5.305112e-10, -5.303901e-10
121.700000, -5.200561e-10, -5.224154e-10, -5.233342e-10, -5.226473e-10
121.800000, -5.166853e-10, -5.135576e-10, -5.167982e-10, -5.167404e-10
121.900000, -5.065320e-10, -5.089360e-10, -5.096210e-10, -5.090003e-10
122.000000, -5.031384e-10, -5.000929e-10, -5.030885e-10, -5.030907e-10
122.100000, -4.930138e-10, -4.954594e-10, -4.959218e-10, -4.953641e-10
122.200000, -4.896079e-10, -4.866413e-10, -4.894030e-10, -4.894620e-10
122.300000, -4.795218e-10, -4.820060e-10, -4.822565e-10, -4.817587e-10
122.400000, -4.761133e-10, -4.732224e-10, -4.757609e-10, -4.758738e-10
122.500000, -4.660751e-10, -4.685950e-10, -4.686441e-10, -4.682031e-10
122.600000, -4.626733e-10, -4.598549e-10, -4.621809e-10, -4.623445e-10
122.700000, -4.526915e-10, -4.552444e-10, -4.551023e-10, -4.547151e-10
122.800000, -4.493052e-10, -4.465562e-10, -4.486797e-10, -4.488913e-10
122.900000, -4.393878e-10, -4.419708e-10, -4.416476e-10, -4.413114e-10
123.000000, -4.360250e-10, -4.333424e-10, -4.352736e-10, -4.355302e-10
123.100000, -4.261795e-10, -4.287902e-10, -4.282955e-10, -4.280073e-10
123.200000, -4.228478e-10, -4.202288e-10, -4.219772e-10, -4.222762e-10
123.300000, -4.130813e-10, -4.157170e-10, -4.150603e-10, -4.148174e-10
123.400000, -4.097878e-10, -4.072296e-10, -4.088046e-10, -4.091432e-10
123.500000, -4.001068e-10, -4.027650e-10, -4.019553e-10, -4.017552e-10
123.600000, -3.968580e-10, -3.943577e-10, -3.957685e-10, -3.961443e-10
123.700000, -3.872684e-10, -3.899467e-10, -3.889929e-10, -3.888330e-10
123.800000, -3.840704e-10, -3.816255e-10, -3.828809e-10, -3.832913e-10
123.900000, -3.745778e-10, -3.772739e-10, -3.761847e-10, -3.760625e-10
124.000000, -3.714363e-10, -3.690442e-10, -3.701527e-10, -3.705954e-10
124.100000, -3.620456e-10, -3.647574e-10, -3.635410e-10, -3.634541e-10
124.200000, -3.589658e-10, -3.566241e-10, -3.575940e-10, -3.580667e-10
124.300000, -3.496820e-10, -3.524072e-10, -3.510716e-10, -3.510177e-10
124.400000, -3.466686e-10, -3.443748e-10, -3.452141e-10, -3.457146e-10
124.500000, -3.374956e-10, -3.402323e-10, -3.387852e-10, -3.387621e-10
124.600000, -3.345531e-10, -3.323050e-10, -3.330215e-10, -3.335475e-10
124.700000, -3.254950e-10, -3.282411e-10, -3.266902e-10, -3.266957e-10
124.800000, -3.226273e-10, -3.204226e-10, -3.210237e-10, -3.215733e-10
124.900000, -3.136876e-10, -3.164412e-10, -3.147935e-10, -3.148256e-10
125.000000, -3.108983e-10, -3.087349e-10, -3.092279e-10, -3.097990e-10
125.100000, -3.020801e-10, -3.048394e-10, -3.031020e-10, -3.031587e-10
125.200000, -2.993725e-10, -2.972483e-10, -2.976401e-10, -2.982309e-10
125.300000, -2.906786e-10, -2.934418e-10, -2.916214e-10, -2.917008e-10
125.400000, -2.880557e-10, -2.859688e-10, -2.862660e-10, -2.868747e-10
125.500000, -2.794885e-10, -2.822540e-10, -2.803571e-10, -2.804574e-10
125.600000, -2.769530e-10, -2.749014e-10, -2.751106e-10, -2.757353e-10
125.700000, -2.685147e-10, -2.712809e-10, -2.693136e-10, -2.694331e-10
125.800000, -2.660688e-10, -2.640507e-10, -2.641781e-10, -2.648172e-10
125.900000, -2.577614e-10, -2.605267e-10, -2.584951e-10, -2.586320e-10
126.000000, -2.554071e-10, -2.534208e-10, -2.534723e-10, -2.541242e-10
126.100000, -2.472321e-10, -2.499950e-10, -2.479048e-10, -2.480576e-10
126.200000, -2.449711e-10, -2.430149e-10, -2.429964e-10, -2.436595e-10
126.300000, -2.369299e-10, -2.396892e-10, -2.375459e-10, -2.377130e-10
126.400000, -2.347638e-10, -2.328360e-10, -2.327529e-10, -2.334258e-10
126.500000, -2.268574e-10, -2.296116e-10, -2.274205e-10, -2.276005e-10
126.600000, -2.247875e-10, -2.228866e-10, -2.227441e-10, -2.234254e-10
126.700000, -2.170166e-10, -2.197645e-10, -2.175307e-10, -2.177221e-10
126.800000, -2.150438e-10, -2.131683e-10, -2.129715e-10, -2.136599e-10
126.900000, -2.074091e-10, -2.101495e-10, -2.078778e-10, -2.080793e-10
127.000000, -2.055341e-10, -2.036827e-10, -2.034364e-10, -2.041306e-10
127.100000, -1.980361e-10, -2.007679e-10, -1.984628e-10, -1.986733e-10
127.200000, -1.962595e-10, -1.944308e-10, -1.941396e-10, -1.948384e-10
127.300000, -1.888982e-10, -1.916203e-10, -1.892864e-10, -1.895045e-10
127.400000, -1.872204e-10, -1.854131e-10, -1.850815e-10, -1.857837e-10
127.500000, -1.799958e-10, -1.827072e-10, -1.803486e-10, -1.805733e-10
127.600000, -1.784169e-10, -1.766298e-10, -1.762619e-10, -1.769666e-10
127.700000, -1.713289e-10, -1.740287e-10, -1.716494e-10, -1.718795e-10
127.800000, -1.698490e-10, -1.680808e-10, -1.676807e-10, -1.683868e-10
127.900000, -1.628972e-10, -1.655844e-10, -1.631882e-10, -1.634228e-10
128.000000, -1.615159e-10, -1.597658e-10, -1.593372e-10, -1.600437e-10
128.100000, -1.546997e-10, -1.573736e-10, -1.549641e-10, -1.552023e-10
128.200000, -1.534170e-10, -1.516837e-10, -1.512303e-10, -1.519364e-10
128.300000, -1.467358e-10, -1.493956e-10, -1.469763e-10, -1.472170e-10
128.400000, -1.455510e-10, -1.438337e-10, -1.433589e-10, -1.440637e-10
128.500000, -1.390040e-10, -1.416490e-10, -1.392231e-10, -1.394655e-10
128.600000, -1.379166e-10, -1.362143e-10, -1.357213e-10, -1.364240e-10
128.700000, -1.315029e-10, -1.341323e-10, -1.317028e-10, -1.319463e-10
128.800000, -1.305121e-10, -1.288238e-10, -1.283158e-10, -1.290157e-10
128.900000, -1.242305e-10, -1.268438e-10, -1.244137e-10, -1.246574e-10
129.000000, -1.233355e-10, -1.216606e-10, -1.211405e-10, -1.218368e-10
129.100000, -1.171850e-10, -1.197815e-10, -1.173536e-10, -1.175968e-10
129.200000, -1.163848e-10, -1.147223e-10, -1.141929e-10, -1.148850e-10
129.300000, -1.103640e-10, -1.129433e-10, -1.105201e-10, -1.107622e-10
129.400000, -1.096576e-10, -1.080069e-10, -1.074706e-10, -1.081580e-10
129.500000, -1.037651e-10, -1.063267e-10, -1.039107e-10, -1.041510e-10
129.600000, -1.031513e-10, -1.015117e-10, -1.009711e-10, -1.016532e-10
129.700000, -9.738584e-11, -9.992920e-11, -9.752266e-11, -9.776065e-11
129.800000, -9.686329e-11, -9.523410e-11, -9.469157e-11, -9.536775e-11
129.900000, -9.122313e-11, -9.374789e-11, -9.135295e-11, -9.158810e-11
130.000000, -9.079057e-11, -8.917121e-11, -8.862884e-11, -8.929869e-11
130.100000, -8.527416e-11, -8.777994e-11, -8.539861e-11, -8.563045e-11
130.200000, -8.493015e-11, -8.332004e-11, -8.277987e-11, -8.344295e-11
130.300000, -7.953580e-11, -8.202228e-11, -7.965642e-11, -7.988449e-11
130.400000, -7.927887e-11, -7.767749e-11, -7.714141e-11, -7.779732e-11
130.500000, -7.400483e-11, -7.647170e-11, -7.412306e-11, -7.434696e-11
130.600000, -7.383343e-11, -7.224028e-11, -7.171006e-11, -7.235843e-11
130.700000, -6.867782e-11, -7.112482e-11, -6.879503e-11, -6.901436e-11
130.800000, -6.859029e-11, -6.700491e-11, -6.648220e-11, -6.712270e-11
130.900000, -6.355128e-11, -6.597817e-11, -6.366873e-11, -6.388316e-11
131.000000, -6.354605e-11, -6.196802e-11, -6.145435e-11, -6.208667e-11
131.100000, -5.862165e-11, -6.102824e-11, -5.874052e-11, -5.894974e-11
131.200000, -5.869700e-11, -5.712592e-11, -5.662272e-11, -5.724658e-11
131.300000, -5.388533e-11, -5.627144e-11, -5.400673e-11, -5.421045e-11
131.400000, -5.403942e-11, -5.247493e-11, -5.198350e-11, -5.259867e-11
131.500000, -4.933846e-11, -5.170393e-11, -4.946341e-11, -4.966138e-11
131.600000, -4.956957e-11, -4.801134e-11, -4.753288e-11, -4.813915e-11
131.700000, -4.497724e-11, -4.732195e-11, -4.510669e-11, -4.529868e-11
131.800000, -4.528358e-11, -4.373129e-11, -4.326692e-11, -4.386409e-11
131.900000, -4.079782e-11, -4.312168e-11, -4.093265e-11, -4.111846e-11
132.000000, -4.117749e-11, -3.963086e-11, -3.918158e-11, -3.976949e-11
132.100000, -3.679627e-11, -3.909921e-11, -3.693729e-11, -3.711674e-11
132.200000, -3.724739e-11, -3.570617e-11, -3.527290e-11, -3.585140e-11
132.300000, -3.296855e-11, -3.525052e-11, -3.311651e-11, -3.328944e-11
132.400000, -3.348924e-11, -3.195319e-11, -3.153676e-11, -3.210574e-11
132.500000, -2.931064e-11, -3.157160e-11, -2.946621e-11, -2.963248e-11
132.600000, -2.989901e-11, -2.836792e-11, -2.796909e-11, -2.852844e-11
132.700000, -2.581856e-11, -2.805851e-11, -2.598236e-11, -2.614188e-11
132.800000, -2.647264e-11, -2.494631e-11, -2.456575e-11, -2.511539e-11
132.900000, -2.248817e-11, -2.470710e-11, -2.266076e-11, -2.281342e-11
133.000000, -2.320604e-11, -2.168431e-11, -2.132260e-11, -2.186249e-11
133.100000, -1.931538e-11, -2.151333e-11, -1.949726e-11, -1.964299e-11
133.200000, -2.009509e-11, -1.857779e-11, -1.823547e-11, -1.876555e-11
133.300000, -1.629610e-11, -1.847310e-11, -1.648773e-11, -1.662647e-11
133.400000, -1.713573e-11, -1.562274e-11, -1.530025e-11, -1.582050e-11
133.500000, -1.342623e-11, -1.558235e-11, -1.362801e-11, -1.375971e-11
133.600000, -1.432386e-11, -1.281505e-11, -1.251279e-11, -1.302319e-11
133.700000, -1.070166e-11, -1.283696e-11, -1.091393e-11, -1.103858e-11
133.800000, -1.165536e-11, -1.015063e-11, -9.868928e-12, -1.036949e-11
133.900000, -8.118327e-12, -1.023290e-11, -8.341406e-12, -8.458984e-12
134.000000, -9.126079e-12, -7.625340e-12, -7.364457e-12, -7.855190e-12
134.100000, -5.672139e-12, -7.766081e-12, -5.906284e-12, -6.016795e-12
134.200000, -6.732078e-12, -5.235255e-12, -4.995404e-12, -5.476344e-12
134.300000, -3.359058e-12, -5.432476e-12, -3.604489e-12, -3.707946e-12
134.400000, -4.469219e-12, -2.976248e-12, -2.757591e-12, -3.228778e-12
134.500000, -1.174954e-12, -3.227968e-12, -1.431851e-12, -1.528279e-12
134.600000, -2.333492e-12, -8.443243e-13, -6.469712e-13, -1.108459e-12
134.700000, 8.840598e-13, -1.148682e-12, 6.155525e-13, 5.261161e-13
134.800000, -3.209139e-13, 1.164491e-12, 1.340476e-12, 8.886254e-13
134.900000, 2.822008e-12, 8.093998e-13, 2.541783e-12, 2.459292e-12
135.000000, 1.572473e-12, 3.054142e-12, 3.208741e-12, 2.766454e-12
135.100000, 4.642885e-12, 2.650263e-12, 4.350868e-12, 4.275267e-12
135.200000, 3.350646e-12, 4.828600e-12, 4.961833e-12, 4.529028e-12
135.300000, 6.350485e-12, 4.377692e-12, 6.046633e-12, 5.977857e-12
135.400000, 5.017325e-12, 6.491573e-12, 6.603502e-12, 6.180090e-12
135.500000, 7.948728e-12, 5.995602e-12, 7.633029e-12, 7.571005e-12
135.600000, 6.576523e-12, 8.047065e-12, 8.137788e-12, 7.723671e-12
135.700000, 9.441383e-12, 7.507752e-12, 9.113852e-12, 9.058499e-12
135.800000, 8.031930e-12, 9.498760e-12, 9.568407e-12, 9.163482e-12
135.900000, 1.083223e-11, 8.917914e-12, 1.049290e-11, 1.044414e-11
136.000000, 9.387244e-12, 1.085035e-11, 1.089908e-11, 1.050324e-11
136.100000, 1.212498e-11, 1.022981e-11, 1.177394e-11, 1.173166e-11
136.200000, 1.064622e-11, 1.210558e-11, 1.213360e-11, 1.174672e-11
136.300000, 1.332328e-11, 1.144706e-11, 1.296060e-11, 1.292472e-11
136.400000, 1.181241e-11, 1.326799e-11, 1.327551e-11, 1.289747e-11
136.500000, 1.443074e-11, 1.257327e-11, 1.405653e-11, 1.402693e-11
136.600000, 1.288945e-11, 1.434122e-11, 1.432849e-11, 1.395917e-11
136.700000, 1.545080e-11, 1.361190e-11, 1.506520e-11, 1.504178e-11
136.800000, 1.388077e-11, 1.532869e-11, 1.529598e-11, 1.493524e-11
136.900000, 1.638699e-11, 1.456645e-11, 1.599014e-11, 1.597279e-11
137.000000, 1.478978e-11, 1.623382e-11, 1.618142e-11, 1.582913e-11
137.100000, 1.724268e-11, 1.544030e-11, 1.683475e-11, 1.682335e-11
137.200000, 1.561991e-11, 1.706001e-11, 1.698823e-11, 1.664426e-11
137.300000, 1.802125e-11, 1.623683e-11, 1.760243e-11, 1.759685e-11
137.400000, 1.637450e-11, 1.781061e-11, 1.771979e-11, 1.738398e-11
137.500000, 1.872591e-11, 1.695924e-11, 1.829639e-11, 1.829651e-11
137.600000, 1.705667e-11, 1.848872e-11, 1.837921e-11, 1.805143e-11
137.700000, 1.935986e-11, 1.761072e-11, 1.891985e-11, 1.892554e-11
137.800000, 1.766957e-11, 1.909752e-11, 1.896967e-11, 1.864977e-11
137.900000, 1.992626e-11, 1.819445e-11, 1.947598e-11, 1.948712e-11
138.000000, 1.821640e-11, 1.964019e-11, 1.949438e-11, 1.918221e-11
138.100000, 2.042813e-11, 1.871343e-11, 1.996781e-11, 1.998427e-11
138.200000, 1.870014e-11, 2.011970e-11, 1.995632e-11, 1.965172e-11
138.300000, 2.086844e-11, 1.917064e-11, 2.039833e-11, 2.041996e-11
138.400000, 1.912368e-11, 2.053893e-11, 2.035839e-11, 2.006122e-11
138.500000, 2.125011e-11, 1.956899e-11, 2.077047e-11, 2.079714e-11
138.600000, 1.948989e-11, 2.090078e-11, 2.070347e-11, 2.041358e-11
138.700000, 2.157598e-11, 1.991133e-11, 2.108706e-11, 2.111864e-11
138.800000, 1.980164e-11, 2.120809e-11, 2.099444e-11, 2.071166e-11
138.900000, 2.184883e-11, 2.020042e-11, 2.135089e-11, 2.138724e-11
139.000000, 2.006161e-11, 2.146354e-11, 2.123398e-11, 2.095816e-11
139.100000, 2.207123e-11, 2.043885e-11, 2.156455e-11, 2.160553e-11
139.200000, 2.027239e-11, 2.166974e-11, 2.142470e-11, 2.115569e-11
139.300000, 2.224592e-11, 2.062936e-11, 2.173078e-11, 2.177625e-11
139.400000, 2.043659e-11, 2.182928e-11, 2.156919e-11, 2.130683e-11
139.500000, 2.237540e-11, 2.077444e-11, 2.185209e-11, 2.190191e-11
139.600000, 2.055677e-11, 2.194472e-11, 2.167003e-11, 2.141416e-11
139.700000, 2.246203e-11, 2.087645e-11, 2.193083e-11, 2.198486e-11
139.800000, 2.063526e-11, 2.201840e-11, 2.172955e-11, 2.148001e-11
139.900000, 2.250834e-11, 2.093792e-11, 2.196953e-11, 2.202764e-11
140.000000, 2.067443e-11, 2.205268e-11, 2.175012e-11, 2.150676e-11
140.100000, 2.251648e-11, 2.096101e-11, 2.197036e-11, 2.203240e-11
140.200000, 2.067657e-11, 2.204986e-11, 2.173403e-11, 2.149670e-11
140.300000, 2.248882e-11, 2.094810e-11, 2.193569e-11, 2.200153e-11
140.400000, 2.064381e-11, 2.201206e-11, 2.168341e-11, 2.145195e-11
140.500000, 2.242745e-11, 2.090125e-11, 2.186759e-11, 2.193709e-11
140.600000, 2.057840e-11, 2.194153e-11, 2.160051e-11, 2.137478e-11
140.700000, 2.233448e-11, 2.082260e-11, 2.176819e-11, 2.184122e-11
140.800000, 2.048226e-11, 2.184019e-11, 2.148726e-11, 2.126709e-11
140.900000, 2.221190e-11, 2.071412e-11, 2.163948e-11, 2.171589e-11
141.000000, 2.035746e-11, 2.171012e-11, 2.134571e-11, 2.113096e-11
141.100000, 2.206168e-11, 2.057781e-11, 2.148343e-11, 2.156309e-11
141.200000, 2.020588e-11, 2.155319e-11, 2.117776e-11, 2.096827e-11
141.300000, 2.188574e-11, 2.041557e-11, 2.130194e-11, 2.138472e-11
141.400000, 2.002941e-11, 2.137129e-11, 2.098527e-11, 2.078090e-11
141.500000, 2.168575e-11, 2.022906e-11, 2.109670e-11, 2.118246e-11
141.600000, 1.982972e-11, 2.116611e-11, 2.076994e-11, 2.057054e-11
141.700000, 2.146359e-11, 2.002019e-11, 2.086957e-11, 2.095819e-11
141.800000, 1.960857e-11, 2.093940e-11, 2.053351e-11, 2.033893e-11
141.900000, 2.122085e-11, 1.979055e-11, 2.062216e-11, 2.071350e-11
142.000000, 1.936762e-11, 2.069281e-11, 2.027764e-11, 2.008774e-11
142.100000, 2.095913e-11, 1.954172e-11, 2.035604e-11, 2.044999e-11
142.200000, 1.910839e-11, 2.042787e-11, 2.000383e-11, 1.981848e-11
142.300000, 2.068005e-11, 1.927534e-11, 2.007286e-11, 2.016928e-11
142.400000, 1.883246e-11, 2.014617e-11, 1.971369e-11, 1.953274e-11
142.500000, 2.038497e-11, 1.899277e-11, 1.977394e-11, 1.987271e-11
142.600000, 1.854122e-11, 1.984908e-11, 1.940858e-11, 1.923189e-11
142.700000, 2.007545e-11, 1.869557e-11, 1.946086e-11, 1.956187e-11
142.800000, 1.823603e-11, 1.953798e-11, 1.908986e-11, 1.891730e-11
142.900000, 1.975272e-11, 1.838497e-11, 1.913484e-11, 1.923796e-11
143.000000, 1.791832e-11, 1.921429e-11, 1.875896e-11, 1.859040e-11
143.100000, 1.941811e-11, 1.806231e-11, 1.879721e-11, 1.890232e-11
143.200000, 1.758922e-11, 1.887916e-11, 1.841700e-11, 1.825231e-11
143.300000, 1.907285e-11, 1.772881e-11, 1.844919e-11, 1.855618e-11
143.400000, 1.725005e-11, 1.853389e-11, 1.806530e-11, 1.790435e-11
143.500000, 1.871816e-11, 1.738571e-11, 1.809200e-11, 1.820075e-11
143.600000, 1.690194e-11, 1.817962e-11, 1.770498e-11, 1.754764e-11
143.700000, 1.835509e-11, 1.703406e-11, 1.772669e-11, 1.783710e-11
143.800000, 1.654592e-11, 1.781739e-11, 1.733708e-11, 1.718323e-11
143.900000, 1.798483e-11, 1.667503e-11, 1.735442e-11, 1.746638e-11
144.000000, 1.618314e-11, 1.744835e-11, 1.696272e-11, 1.681225e-11
144.100000, 1.760826e-11, 1.630953e-11, 1.697609e-11, 1.708949e-11
144.200000, 1.581453e-11, 1.707342e-11, 1.658284e-11, 1.643562e-11
144.300000, 1.722645e-11, 1.593863e-11, 1.659277e-11, 1.670751e-11
144.400000, 1.544103e-11, 1.669355e-11, 1.619836e-11, 1.605428e-11
144.500000, 1.684032e-11, 1.556324e-11, 1.620535e-11, 1.632133e-11
144.600000, 1.506356e-11, 1.630967e-11, 1.581022e-11, 1.566917e-11
144.700000, 1.645067e-11, 1.518417e-11, 1.581463e-11, 1.593176e-11
144.800000, 1.468293e-11, 1.592257e-11, 1.541920e-11, 1.528106e-11
144.900000, 1.605837e-11, 1.480230e-11, 1.542150e-11, 1.553967e-11
145.000000, 1.430003e-11, 1.553316e-11, 1.502619e-11, 1.489086e-11
145.100000, 1.566420e-11, 1.441840e-11, 1.502670e-11, 1.514583e-11
145.200000, 1.391556e-11, 1.514213e-11, 1.463188e-11, 1.449927e-11
145.300000, 1.526894e-11, 1.403325e-11, 1.463102e-11, 1.475102e-11
145.400000, 1.353022e-11, 1.475021e-11, 1.423698e-11, 1.410697e-11
145.500000, 1.487316e-11, 1.364745e-11, 1.423503e-11, 1.435581e-11
145.600000, 1.314469e-11, 1.435805e-11, 1.384215e-11, 1.371465e-11
145.700000, 1.447763e-11, 1.326174e-11, 1.383948e-11, 1.396095e-11
145.800000, 1.275965e-11, 1.396634e-11, 1.344807e-11, 1.332298e-11
145.900000, 1.408294e-11, 1.287674e-11, 1.344498e-11, 1.356706e-11
146.000000, 1.237563e-11, 1.357563e-11, 1.305526e-11, 1.293249e-11
146.100000, 1.368963e-11, 1.249298e-11, 1.305203e-11, 1.317465e-11
146.200000, 1.199324e-11, 1.318651e-11, 1.266432e-11, 1.254378e-11
146.300000, 1.329827e-11, 1.211103e-11, 1.266122e-11, 1.278430e-11
146.400000, 1.161301e-11, 1.279952e-11, 1.227578e-11, 1.215738e-11
146.500000, 1.290937e-11, 1.173141e-11, 1.227304e-11, 1.239650e-11
146.600000, 1.123540e-11, 1.241513e-11, 1.189009e-11, 1.177375e-11
146.700000, 1.252340e-11, 1.135458e-11, 1.188796e-11, 1.201173e-11
146.800000, 1.086088e-11, 1.203380e-11, 1.150772e-11, 1.139335e-11
146.900000, 1.214078e-11, 1.098098e-11, 1.150640e-11, 1.163041e-11
147.000000, 1.048991e-11, 1.165600e-11, 1.112912e-11, 1.101664e-11
147.100000, 1.176192e-11, 1.061102e-11, 1.112875e-11, 1.125294e-11
147.200000, 1.012278e-11, 1.128202e-11, 1.075457e-11, 1.064391e-11
147.300000, 1.138725e-11, 1.024513e-11, 1.075545e-11, 1.087976e-11
147.400000, 9.759957e-12, 1.091233e-11, 1.038453e-11, 1.027562e-11
147.500000, 1.101706e-11, 9.883605e-12, 1.038677e-11, 1.051113e-11
147.600000, 9.401710e-12, 1.054720e-11, 1.001927e-11, 9.912030e-12
147.700000, 1.065172e-11, 9.526810e-12, 1.002309e-11, 1.014744e-11
147.800000, 9.048404e-12, 1.018699e-11, 9.659151e-12, 9.553510e-12
147.900000, 1.029146e-11, 9.174990e-12, 9.664626e-12, 9.788910e-12
148.000000, 8.700260e-12, 9.831934e-12, 9.304381e-12, 9.200274e-12
148.100000, 9.936557e-12, 8.828411e-12, 9.311643e-12, 9.435809e-12
148.200000, 8.357588e-12, 9.482340e-12, 8.955265e-12, 8.852630e-12
148.300000, 9.587300e-12, 8.487373e-12, 8.964434e-12, 9.088429e-12
148.400000, 8.020617e-12, 9.138440e-12, 8.612028e-12, 8.510803e-12
148.500000, 9.243963e-12, 8.152154e-12, 8.623266e-12, 8.747042e-12
148.600000, 7.689499e-12, 8.800386e-12, 8.274817e-12, 8.174941e-12
148.700000, 8.906577e-12, 7.822784e-12, 8.288163e-12, 8.411672e-12
148.800000, 7.364476e-12, 8.468423e-12, 7.943868e-12, 7.845284e-12
148.900000, 8.575483e-12, 7.499607e-12, 7.959463e-12, 8.082660e-12
149.000000, 7.045769e-12, 8.142773e-12, 7.619395e-12, 7.522049e-12
149.100000, 8.250780e-12, 7.182727e-12, 7.637259e-12, 7.760101e-12
149.200000, 6.733411e-12, 7.823472e-12, 7.301427e-12, 7.205266e-12
149.300000, 7.932549e-12, 6.872225e-12, 7.321626e-12, 7.444072e-12
149.400000, 6.427587e-12, 7.510705e-12, 6.990142e-12, 6.895116e-12
149.500000, 7.621017e-12, 6.568333e-12, 7.012789e-12, 7.134800e-12
149.600000, 6.128403e-12, 7.204581e-12, 6.685645e-12, 6.591704e-12
149.700000, 7.316231e-12, 6.271097e-12, 6.710787e-12, 6.832327e-12
149.800000, 5.835954e-12, 6.905196e-12, 6.388021e-12, 6.295119e-12
149.900000, 7.018272e-12, 5.980603e-12, 6.415700e-12, 6.536733e-12
150.000000, 5.550370e-12, 6.612683e-12, 6.097398e-12, 6.005492e-12
150.100000, 6.727210e-12, 5.696923e-12, 6.127590e-12, 6.248084e-12
150.200000, 5.271601e-12, 6.326992e-12, 5.813720e-12, 5.722767e-12
150.300000, 6.443097e-12, 5.420111e-12, 5.846507e-12, 5.966430e-12
150.400000, 4.999806e-12, 6.048282e-12, 5.537141e-12, 5.447100e-12
150.500000, 6.165973e-12, 5.150208e-12, 5.572485e-12, 5.691809e-12
150.600000, 4.734960e-12, 5.776534e-12, 5.267633e-12, 5.178466e-12
150.700000, 5.895919e-12, 4.887299e-12, 5.305603e-12, 5.424299e-12
150.800000, 4.477141e-12, 5.511823e-12, 5.005267e-12, 4.916937e-12
150.900000, 5.632892e-12, 4.631343e-12, 5.045813e-12, 5.163856e-12
151.000000, 4.226243e-12, 5.254048e-12, 4.749935e-12, 4.662407e-12
151.100000, 5.376895e-12, 4.382344e-12, 4.793113e-12, 4.910478e-12
151.200000, 3.982376e-12, 5.003316e-12, 4.501740e-12, 4.414981e-12
151.300000, 5.127974e-12, 4.140350e-12, 4.547544e-12, 4.664210e-12
151.400000, 3.745523e-12, 4.759616e-12, 4.260664e-12, 4.174643e-12
151.500000, 4.886052e-12, 3.905286e-12, 4.309029e-12, 4.424973e-12
151.600000, 3.515606e-12, 4.522868e-12, 4.026622e-12, 3.941308e-12
151.700000, 4.651155e-12, 3.677181e-12, 4.077588e-12, 4.192792e-12
151.800000, 3.292589e-12, 4.293038e-12, 3.799576e-12, 3.714940e-12
151.900000, 4.423188e-12, 3.455941e-12, 3.853124e-12, 3.967568e-12
152.000000, 3.076486e-12, 4.070142e-12, 3.579534e-12, 3.495551e-12
152.100000, 4.202161e-12, 3.241577e-12, 3.635640e-12, 3.749309e-12
152.200000, 2.867189e-12, 3.854071e-12, 3.366386e-12, 3.283029e-12
152.300000, 3.987960e-12, 3.033979e-12, 3.425023e-12, 3.537901e-12
152.400000, 2.664694e-12, 3.644825e-12, 3.160125e-12, 3.077370e-12
152.500000, 3.780579e-12, 2.833140e-12, 3.221260e-12, 3.333333e-12
152.600000, 2.468936e-12, 3.442337e-12, 2.960680e-12, 2.878505e-12
152.700000, 3.579891e-12, 2.638936e-12, 3.024224e-12, 3.135479e-12
152.800000, 2.279786e-12, 3.246480e-12, 2.767919e-12, 2.686302e-12
152.900000, 3.385876e-12, 2.451349e-12, 2.833890e-12, 2.944316e-12
153.000000, 2.097163e-12, 3.057175e-12, 2.581759e-12, 2.500680e-12
153.100000, 3.198394e-12, 2.270240e-12, 2.650117e-12, 2.759703e-12
153.200000, 1.921095e-12, 2.874449e-12, 2.402224e-12, 2.321664e-12
153.300000, 3.017415e-12, 2.095580e-12, 2.472869e-12, 2.581606e-12
153.400000, 1.751379e-12, 2.698102e-12, 2.229108e-12, 2.149050e-12
153.500000, 2.842844e-12, 1.927276e-12, 2.302051e-12, 2.409930e-12
153.600000, 1.587920e-12, 2.528039e-12, 2.062314e-12, 1.982740e-12
153.700000, 2.674528e-12, 1.765175e-12, 2.137506e-12, 2.244520e-12
153.800000, 1.430675e-12, 2.364216e-12, 1.901794e-12, 1.822689e-12
153.900000, 2.512420e-12, 1.609234e-12, 1.979186e-12, 2.085328e-12
154.000000, 1.279540e-12, 2.206531e-12, 1.747442e-12, 1.668791e-12
154.100000, 2.356415e-12, 1.459348e-12, 1.826982e-12, 1.932247e-12
154.200000, 1.134407e-12, 2.054876e-12, 1.599147e-12, 1.520938e-12
154.300000, 2.206403e-12, 1.315407e-12, 1.680782e-12, 1.785166e-12
154.400000, 9.951097e-13, 1.909087e-12, 1.456741e-12, 1.378960e-12
154.500000, 2.062216e-12, 1.177246e-12, 1.540416e-12, 1.643915e-12
154.600000, 8.615910e-13, 1.769106e-12, 1.320164e-12, 1.242799e-12
154.700000, 1.923795e-12, 1.044805e-12, 1.405822e-12, 1.508433e-12
154.800000, 7.337343e-13, 1.634818e-12, 1.189296e-12, 1.112336e-12
154.900000, 1.791021e-12, 9.179693e-13, 1.276881e-12, 1.378602e-12
155.000000, 6.114214e-13, 1.506103e-12, 1.064018e-12, 9.874533e-13
155.100000, 1.663720e-12, 7.965634e-13, 1.153415e-12, 1.254245e-12
155.200000, 4.944764e-13, 1.382788e-12, 9.441500e-13, 8.679716e-13
155.300000, 1.541826e-12, 6.805228e-13, 1.035357e-12, 1.135295e-12
155.400000, 3.828329e-13, 1.264806e-12, 8.296247e-13, 7.538237e-13
155.500000, 1.425216e-12, 5.697255e-13, 9.225813e-13, 1.021627e-12
155.600000, 2.763678e-13, 1.152035e-12, 7.203164e-13, 6.448849e-13
155.700000, 1.313765e-12, 4.640482e-13, 8.149625e-13, 9.131164e-13
155.800000, 1.749565e-13, 1.044349e-12, 6.160987e-13, 5.410296e-13
155.900000, 1.207349e-12, 3.633667e-13, 7.123737e-13, 8.096371e-13
156.000000, 7.847387e-14, 9.416250e-13, 5.168443e-13, 4.421310e-13
156.100000, 1.105785e-12, 2.675001e-13, 6.146316e-13, 7.110062e-13
156.200000, -1.326172e-14, 8.436810e-13, 4.223699e-13, 3.480065e-13
156.300000, 1.009059e-12, 1.764345e-13, 5.217198e-13, 6.172078e-13
156.400000, -1.003208e-13, 7.504465e-13, 3.326031e-13, 2.585842e-13
156.500000, 9.169322e-13, 8.993229e-14, 4.333987e-13, 5.280029e-13
156.600000, -1.828297e-13, 6.617957e-13, 2.474158e-13, 1.737367e-13
156.700000, 8.293343e-13, 7.923446e-15, 3.495959e-13, 4.433195e-13
156.800000, -2.609150e-13, 5.776023e-13, 1.666800e-13, 9.333621e-14
156.900000, 7.461384e-13, -6.971800e-14, 2.701835e-13, 3.630301e-13
157.000000, -3.347028e-13, 4.977402e-13, 9.026799e-14, 1.725570e-14
157.100000, 6.671623e-13, -1.431734e-13, 1.949784e-13, 2.869519e-13
157.200000, -4.043187e-13, 4.220840e-13, 1.805249e-14, -5.463159e-14
157.300000, 5.923920e-13, -2.124562e-13, 1.239651e-13, 2.150699e-13
157.400000, -4.699436e-13, 3.504529e-13, -5.014878e-14, -1.225076e-13
157.500000, 5.215906e-13, -2.778026e-13, 5.690576e-14, 1.471468e-13
157.600000, -5.315906e-13, 2.828339e-13, -1.143501e-13, -1.863861e-13
157.700000, 4.547454e-13, -3.392245e-13, -6.213203e-15, 8.316898e-14
157.800000, -5.894946e-13, 2.189924e-13, -1.747877e-13, -2.465031e-13
157.900000, 3.916216e-13, -3.969564e-13, -6.562769e-14, 2.290112e-14
158.000000, -6.437224e-13, 1.588615e-13, -2.315297e-13, -3.029262e-13
158.100000, 3.321528e-13, -4.510639e-13, -1.214050e-13, -3.372387e-14
158.200000, -6.943952e-13, 1.023201e-13, -2.846983e-13, -3.557775e-13
158.300000, 2.762180e-13, -5.016676e-13, -1.736670e-13, -8.682756e-14
158.400000, -7.416330e-13, 4.924818e-14, -3.344147e-13, -4.051776e-13
158.500000, 2.236975e-13, -5.488864e-13, -2.225339e-13, -1.365301e-13
158.600000, -7.855545e-13, -4.729162e-16, -3.807986e-13, -4.512461e-13
158.700000, 1.744732e-13, -5.928381e-13, -2.681247e-13, -1.829500e-13
158.800000, -8.262767e-13, -4.696021e-14, -4.239681e-13, -4.941007e-13
158.900000, 1.283728e-13, -6.336945e-13, -3.106125e-13, -2.262603e-13
159.000000, -8.639709e-13, -9.038504e-14, -4.640953e-13, -5.339133e-13
159.100000, 8.539277e-14, -6.714585e-13, -3.500012e-13, -2.664647e-13
159.200000, -8.986393e-13, -1.307495e-13, -5.011833e-13, -5.706868e-13
159.300000, 4.536432e-14, -7.062987e-13, -3.864603e-13, -3.037325e-13
159.400000, -9.305053e-13, -1.682773e-13, -5.354564e-13, -6.046452e-13
159.500000, 8.120371e-15, -7.383815e-13, -4.201573e-13, -3.382313e-13
159.600000, -9.595676e-13, -2.029670e-13, -5.669140e-13, -6.357877e-13
159.700000, -2.639288e-14, -7.677605e-13, -4.511466e-13, -3.700149e-13
159.800000, -9.860459e-13, -2.350384e-13, -5.957764e-13, -6.643347e-13
159.900000, -5.822706e-14, -7.944867e-13, -4.794801e-13, -3.991353e-13
160.000000, -1.009990e-12, -2.645419e-13, -6.220949e-13, -6.903368e-13
160.100000, -8.759897e-14, -8.187768e-13, -5.053753e-13, -4.258100e-13
160.200000, -1.031450e-12, -2.915262e-13, -6.459184e-13, -7.138431e-13
160.300000, -1.145564e-13, -8.406781e-13, -5.288801e-13, -4.500867e-13
160.400000, -1.050637e-12, -3.162047e-13, -6.674610e-13, -7.350675e-13
160.500000, -1.392005e-13, -8.602913e-13, -5.500958e-13, -4.720667e-13
160.600000, -1.067597e-12, -3.386217e-13, -6.867674e-13, -7.540545e-13
160.700000, -1.616305e-13, -8.777152e-13, -5.691221e-13, -4.918494e-13
160.800000, -1.082427e-12, -3.588752e-13, -7.039357e-13, -7.709022e-13
160.900000, -1.819429e-13, -8.930464e-13, -5.860559e-13, -5.095319e-13
161.000000, -1.095223e-12, -3.770605e-13, -7.190620e-13, -7.857066e-13
161.100000, -2.002325e-13, -9.063792e-13, -6.009920e-13, -5.252089e-13
161.200000, -1.106077e-12, -3.932714e-13, -7.322399e-13, -7.985611e-13
161.300000, -2.165917e-13, -9.178056e-13, -6.140230e-13, -5.389730e-13
161.400000, -1.115081e-12, -4.075986e-13, -7.435610e-13, -8.095571e-13
161.500000, -2.311107e-13, -9.274155e-13, -6.252392e-13, -5.509142e-13
161.600000, -1.122323e-12, -4.201313e-13, -7.531141e-13, -8.187836e-13
161.700000, -2.438772e-13, -9.352964e-13, -6.347284e-13, -5.611207e-13
161.800000, -1.127946e-12, -4.310117e-13, -7.610417e-13, -8.263829e-13
161.900000, -2.549766e-13, -9.415336e-13, -6.425762e-13, -5.696779e-13
162.000000, -1.131922e-12, -4.402126e-13, -7.673168e-13, -8.323281e-13
162.100000, -2.644923e-13, -9.462100e-13, -6.488660e-13, -5.766690e-13
162.200000, -1.134388e-12, -4.478717e-13, -7.720773e-13, -8.367567e-13
162.300000, -2.725607e-13, -9.494621e-13, -6.537342e-13, -5.822308e-13
162.400000, -1.135425e-12, -4.540687e-13, -7.754029e-13, -8.397487e-13
162.500000, -2.791491e-13, -9.512565e-13, -6.571481e-13, -5.863304e-13
162.600000, -1.135165e-12, -4.589367e-13, -7.774267e-13, -8.414370e-13
162.700000, -2.843894e-13, -9.517253e-13, -6.592397e-13, -5.890999e-13
162.800000, -1.133571e-12, -4.624394e-13, -7.781123e-13, -8.417854e-13
162.900000, -2.884115e-13, -9.509981e-13, -6.601387e-13, -5.906689e-13
163.000000, -1.130828e-12, -4.647612e-13, -7.776442e-13, -8.409781e-13
163.100000, -2.911756e-13, -9.490346e-13, -6.598053e-13, -5.909977e-13
163.200000, -1.126894e-12, -4.658610e-13, -7.759812e-13, -8.389741e-13
163.300000, -2.928625e-13, -9.460159e-13, -6.584202e-13, -5.902673e-13
163.400000, -1.121894e-12, -4.658630e-13, -7.732474e-13, -8.358973e-13
163.500000, -2.934281e-13, -9.418974e-13, -6.559393e-13, -5.884332e-13
163.600000, -1.115949e-12, -4.648889e-13, -7.695645e-13, -8.318696e-13
163.700000, -2.930488e-13, -9.368554e-13, -6.525388e-13, -5.856721e-13
163.800000, -1.109010e-12, -4.628913e-13, -7.648848e-13, -8.268433e-13
163.900000, -2.916759e-13, -9.308411e-13, -6.481700e-13, -5.819349e-13
164.000000, -1.101252e-12, -4.600432e-13, -7.593813e-13, -8.209914e-13
164.100000, -2.894816e-13, -9.240264e-13, -6.430047e-13, -5.773939e-13
164.200000, -1.092621e-12, -4.562929e-13, -7.530020e-13, -8.142618e-13
164.300000, -2.864129e-13, -9.163582e-13, -6.369899e-13, -5.719960e-13
164.400000, -1.083287e-12, -4.518091e-13, -7.459155e-13, -8.068233e-13
164.500000, -2.826376e-13, -9.080042e-13, -6.302932e-13, -5.659089e-13
164.600000, -1.073249e-12, -4.465915e-13, -7.381214e-13, -7.986753e-13
164.700000, -2.780985e-13, -8.989071e-13, -6.228572e-13, -5.590753e-13
164.800000, -1.062504e-12, -4.406378e-13, -7.296168e-13, -7.898153e-13
164.900000, -2.729594e-13, -8.892304e-13, -6.148456e-13, -5.516588e-13
165.000000, -1.051215e-12, -4.341104e-13, -7.205644e-13, -7.804056e-13
165.100000, -2.672148e-13, -8.789686e-13, -6.062525e-13, -5.436538e-13
165.200000, -1.039374e-12, -4.270031e-13, -7.109573e-13, -7.704397e-13
165.300000, -2.608570e-13, -8.681139e-13, -5.970702e-13, -5.350527e-13
165.400000, -1.026974e-12, -4.193074e-13, -7.007869e-13, -7.599089e-13
165.500000, -2.540440e-13, -8.568241e-13, -5.874564e-13, -5.260130e-13
165.600000, -1.014171e-12, -4.111801e-13, -6.902098e-13, -7.489699e-13
165.700000, -2.467645e-13, -8.450876e-13, -5.773994e-13, -5.165235e-13
165.800000, -1.000952e-12, -4.026090e-13, -6.792134e-13, -7.376100e-13
165.900000, -2.390608e-13, -8.329470e-13, -5.669415e-13, -5.066263e-13
166.000000, -9.873025e-13, -3.935801e-13, -6.677834e-13, -7.258152e-13
166.100000, -2.309181e-13, -8.203872e-13, -5.560675e-13, -4.963065e-13
166.200000, -9.733744e-13, -3.842446e-13, -6.560708e-13, -7.137364e-13
166.300000, -2.224868e-13, -8.075583e-13, -5.449275e-13, -4.857142e-13
166.400000, -9.591496e-13, -3.745849e-13, -6.440577e-13, -7.013559e-13
166.500000, -2.137483e-13, -7.944418e-13, -5.335028e-13, -4.748308e-13
166.600000, -9.446641e-13, -3.646376e-13, -6.317803e-13, -6.887096e-13
166.700000, -2.046824e-13, -7.810174e-13, -5.217729e-13, -4.636359e-13
166.800000, -9.298966e-13, -3.543815e-13, -6.192170e-13, -6.757764e-13
166.900000, -1.954344e-13, -7.674303e-13, -5.098828e-13, -4.522745e-13
167.000000, -9.149915e-13, -3.439611e-13, -6.065122e-13, -6.627005e-13
167.100000, -1.859808e-13, -7.536569e-13, -4.978087e-13, -4.407232e-13
167.200000, -8.999243e-13, -3.333524e-13, -5.936413e-13, -6.494574e-13
167.300000, -1.763524e-13, -7.397278e-13, -4.855810e-13, -4.290123e-13
167.400000, -8.847245e-13, -3.225852e-13, -5.806339e-13, -6.360769e-13
167.500000, -1.665782e-13, -7.256720e-13, -4.732287e-13, -4.171708e-13
167.600000, -8.694206e-13, -3.116879e-13, -5.675182e-13, -6.225871e-13
167.700000, -1.566302e-13, -7.114613e-13, -4.607233e-13, -4.051705e-13
167.800000, -8.539833e-13, -3.006319e-13, -5.542649e-13, -6.089589e-13
167.900000, -1.466460e-13, -6.972334e-13, -4.482022e-13, -3.931489e-13
168.000000, -8.385496e-13, -2.895541e-13, -5.410109e-13, -5.953291e-13
168.100000, -1.365947e-13, -6.829574e-13, -4.356343e-13, -3.810750e-13
168.200000, -8.230875e-13, -2.784231e-13, -5.277241e-13, -5.816659e-13
168.300000, -1.264999e-13, -6.686564e-13, -4.230427e-13, -3.689719e-13
168.400000, -8.076197e-13, -2.672616e-13, -5.144272e-13, -5.679919e-13
168.500000, -1.163836e-13, -6.543526e-13, -4.104493e-13, -3.568617e-13
168.600000, -7.921675e-13, -2.560912e-13, -5.011413e-13, -5.543283e-13
168.700000, -1.062667e-13, -6.400668e-13, -3.978747e-13, -3.447650e-13
168.800000, -7.767510e-13, -2.449322e-13, -4.878865e-13, -5.406951e-13
168.900000, -9.616900e-14, -6.258186e-13, -3.853382e-13, -3.327013e-13
169.000000, -7.613332e-13, -2.337481e-13, -4.746256e-13, -5.270556e-13
169.100000, -8.605301e-14, -6.115707e-13, -3.728022e-13, -3.206332e-13
169.200000, -7.460434e-13, -2.226682e-13, -4.614878e-13, -5.135387e-13
169.300000, -7.604761e-14, -5.974516e-13, -3.603953e-13, -3.086893e-13
169.400000, -7.308423e-13, -2.116536e-13, -4.484337e-13, -5.001052e-13
169.500000, -6.611327e-14, -5.834218e-13, -3.480777e-13, -2.968297e-13
169.600000, -7.157454e-13, -2.007199e-13, -4.354788e-13, -4.867706e-13
169.700000, -5.626508e-14, -5.694965e-13, -3.358641e-13, -2.850696e-13
169.800000, -7.007671e-13, -1.898818e-13, -4.226373e-13, -4.735493e-13
169.900000, -4.651721e-14, -5.556894e-13, -3.237685e-13, -2.734228e-13
170.000000, -6.859209e-13, -1.791531e-13, -4.099226e-13, -4.604546e-13
170.100000, -3.688269e-14, -5.420138e-13, -3.118036e-13, -2.619022e-13
170.200000, -6.712191e-13, -1.685463e-13, -3.973470e-13, -4.474989e-13
170.300000, -2.737366e-14, -5.284816e-13, -2.999813e-13, -2.505199e-13
170.400000, -6.566733e-13, -1.580732e-13, -3.849219e-13, -4.346938e-13
170.500000, -1.800139e-14, -5.151041e-13, -2.883125e-13, -2.392867e-13
170.600000, -6.422940e-13, -1.477446e-13, -3.726578e-13, -4.220496e-13
170.700000, -8.776246e-15, -5.018914e-13, -2.768074e-13, -2.282130e-13
170.800000, -6.280911e-13, -1.375706e-13, -3.605643e-13, -4.095763e-13
170.900000, 2.923137e-16, -4.888531e-13, -2.654751e-13, -2.173081e-13
171.000000, -6.140733e-13, -1.275601e-13, -3.486503e-13, -3.972825e-13
171.100000, 9.251275e-15, -4.759420e-13, -2.542684e-13, -2.065247e-13
171.200000, -6.001931e-13, -1.176659e-13, -3.368680e-13, -3.851208e-13
171.300000, 1.798137e-14, -4.632774e-13, -2.433063e-13, -1.959820e-13
171.400000, -5.865693e-13, -1.080070e-13, -3.253361e-13, -3.732097e-13
171.500000, 2.653109e-14, -4.508106e-13, -2.325400e-13, -1.856313e-13
171.600000, -5.731527e-13, -9.853447e-14, -3.140055e-13, -3.615003e-13
171.700000, 3.489401e-14, -4.385479e-13, -2.219757e-13, -1.754789e-13
171.800000, -5.599493e-13, -8.925438e-14, -3.028820e-13, -3.499984e-13
171.900000, 4.306438e-14, -4.264953e-13, -2.116190e-13, -1.655303e-13
172.000000, -5.469644e-13, -8.017236e-14, -2.919707e-13, -3.387091e-13
172.100000, 5.103709e-14, -4.146575e-13, -2.014746e-13, -1.557905e-13
172.200000, -5.342025e-13, -7.129312e-14, -2.812762e-13, -3.276372e-13
172.300000, 5.880760e-14, -4.030391e-13, -1.915468e-13, -1.462639e-13
172.400000, -5.216677e-13, -6.262092e-14, -2.708024e-13, -3.167865e-13
172.500000, 6.637209e-14, -3.916438e-13, -1.818394e-13, -1.369542e-13
172.600000, -5.093635e-13, -5.415948e-14, -2.605527e-13, -3.061606e-13
172.700000, 7.372713e-14, -3.804749e-13, -1.723553e-13, -1.278646e-13
172.800000, -4.972927e-13, -4.591187e-14, -2.505300e-13, -2.957622e-13
172.900000, 8.087004e-14, -3.695352e-13, -1.630971e-13, -1.189976e-13
173.000000, -4.854576e-13, -3.788060e-14, -2.407364e-13, -2.855937e-13
173.100000, 8.779840e-14, -3.588268e-13, -1.540669e-13, -1.103554e-13
173.200000, -4.738602e-13, -3.006777e-14, -2.311738e-13, -2.756570e-13
173.300000, 9.451050e-14, -3.483516e-13, -1.452663e-13, -1.019398e-13
173.400000, -4.625019e-13, -2.247509e-14, -2.218436e-13, -2.659535e-13
173.500000, 1.010049e-13, -3.381106e-13, -1.366965e-13, -9.375191e-14
173.600000, -4.513836e-13, -1.510357e-14, -2.127467e-13, -2.564840e-13
173.700000, 1.072808e-13, -3.281049e-13, -1.283579e-13, -8.579239e-14
173.800000, -4.405059e-13, -7.954023e-15, -2.038834e-13, -2.472491e-13
173.900000, 1.133377e-13, -3.183347e-13, -1.202511e-13, -7.806171e-14
174.000000, -4.298689e-13, -1.026782e-15, -1.952540e-13, -2.382490e-13
174.100000, 1.191752e-13, -3.088001e-13, -1.123759e-13, -7.055986e-14
174.200000, -4.194724e-13, 5.678236e-15, -1.868581e-13, -2.294833e-13
174.300000, 1.247940e-13, -2.995009e-13, -1.047318e-13, -6.328635e-14
174.400000, -4.093158e-13, 1.216137e-14, -1.786950e-13, -2.209515e-13
174.500000, 1.301943e-13, -2.904363e-13, -9.731808e-14, -5.624060e-14
174.600000, -3.993982e-13, 1.842341e-14, -1.707639e-13, -2.126525e-13
174.700000, 1.353773e-13, -2.816053e-13, -9.013354e-14, -4.942139e-14
174.800000, -3.897184e-13, 2.446544e-14, -1.630634e-13, -2.045854e-13
174.900000, 1.403440e-13, -2.730066e-13, -8.317680e-14, -4.282750e-14
175.000000, -3.802747e-13, 3.028864e-14, -1.555920e-13, -1.967483e-13
175.100000, 1.450960e-13, -2.646387e-13, -7.644624e-14, -3.645724e-14
175.200000, -3.710656e-13, 3.589476e-14, -1.483479e-13, -1.891397e-13
175.300000, 1.496351e-13, -2.564997e-13, -6.993982e-14, -3.030877e-14
175.400000, -3.620331e-13, 4.134136e-14, -1.412732e-13, -1.817016e-13
175.500000, 1.540189e-13, -2.485317e-13, -6.359966e-14, -2.432420e-14
175.600000, -3.532865e-13, 4.651908e-14, -1.344771e-13, -1.745433e-13
175.700000, 1.581383e-13, -2.408440e-13, -5.753482e-14, -1.861257e-14
175.800000, -3.447675e-13, 5.148598e-14, -1.279012e-13, -1.676064e-13
175.900000, 1.620514e-13, -2.333782e-13, -5.168693e-14, -1.311573e-14
176.000000, -3.364734e-13, 5.624460e-14, -1.215431e-13, -1.608885e-13
176.100000, 1.657609e-13, -2.261316e-13, -4.605320e-14, -7.830758e-15
176.200000, -3.284015e-13, 6.079764e-14, -1.153996e-13, -1.543864e-13
176.300000, 1.692696e-13, -2.191013e-13, -4.063056e-14, -2.754788e-15
176.400000, -3.205484e-13, 6.514810e-14, -1.094677e-13, -1.480972e-13
176.500000, 1.725805e-13, -2.122843e-13, -3.541593e-14, 2.115309e-15
176.600000, -3.129112e-13, 6.929893e-14, -1.037441e-13, -1.420176e-13
176.700000, 1.756967e-13, -2.056773e-13, -3.040600e-14, 6.782728e-15
176.800000, -3.054864e-13, 7.325335e-14, -9.822550e-14, -1.361443e-13
176.900000, 1.786214e-13, -1.992769e-13, -2.559737e-14, 1.125091e-14
177.000000, -2.982705e-13, 7.701468e-14, -9.290840e-14, -1.304738e-13
177.100000, 1.813583e-13, -1.930796e-13, -2.098642e-14, 1.552332e-14
177.200000, -2.912599e-13, 8.058647e-14, -8.778914e-14, -1.250025e-13
177.300000, 1.839106e-13, -1.870819e-13, -1.656947e-14, 1.960367e-14
177.400000, -2.844510e-13, 8.397218e-14, -8.286398e-14, -1.197266e-13
177.500000, 1.862821e-13, -1.812799e-13, -1.234281e-14, 2.349565e-14
177.600000, -2.778398e-13, 8.717557e-14, -7.812913e-14, -1.146425e-13
177.700000, 1.884764e-13, -1.756699e-13, -8.302505e-15, 2.720303e-14
177.800000, -2.714225e-13, 9.020030e-14, -7.358062e-14, -1.097460e-13
177.900000, 1.904974e-13, -1.702482e-13, -4.444777e-15, 3.072966e-14
178.000000, -2.651951e-13, 9.305019e-14, -6.921462e-14, -1.050335e-13
178.100000, 1.923488e-13, -1.650106e-13, -7.655700e-16, 3.407958e-14
178.200000, -2.591537e-13, 9.572912e-14, -6.502706e-14, -1.005007e-13
178.300000, 1.940346e-13, -1.599532e-13, 2.739206e-15, 3.725672e-14
178.400000, -2.532942e-13, 9.824113e-14, -6.101382e-14, -9.614378e-14
178.500000, 1.955588e-13, -1.550720e-13, 6.073555e-15, 4.026516e-14
178.600000, -2.476124e-13, 1.005901e-13, -5.717083e-14, -9.195851e-14
178.700000, 1.969253e-13, -1.503629e-13, 9.241584e-15, 4.310900e-14
178.800000, -2.421041e-13, 1.027800e-13, -5.349389e-14, -8.794068e-14
178.900000, 1.981382e-13, -1.458217e-13, 1.224754e-14, 4.579231e-14
179.000000, -2.367654e-13, 1.048148e-13, -4.997899e-14, -8.408637e-14
179.100000, 1.992014e-13, -1.414443e-13, 1.509550e-14, 4.831921e-14
179.200000, -2.315918e-13, 1.066989e-13, -4.662175e-14, -8.039109e-14
179.300000, 2.001191e-13, -1.372266e-13, 1.778968e-14, 5.069389e-14
179.400000, -2.265792e-13, 1.084360e-13, -4.341809e-14, -7.685092e-14
179.500000, 2.008953e-13, -1.331644e-13, 2.033421e-14, 5.292047e-14
179.600000, -2.217235e-13, 1.100304e-13, -4.036383e-14, -7.346151e-14
179.700000, 2.015341e-13, -1.292536e-13, 2.273338e-14, 5.500318e-14
179.800000, -2.170205e-13, 1.114861e-13, -3.745471e-14, -7.021876e-14
179.900000, 2.020396e-13, -1.254898e-13, 2.499128e-14, 5.694604e-14
180.000000, -2.124657e-13, 1.128072e-13, -3.468657e-14, -6.711841e-14
180.100000, 2.024158e-13, -1.218692e-13, 2.711211e-14, 5.875337e-14
180.200000, -2.080553e-13, 1.139977e-13, -3.205529e-14, -6.415645e-14
180.300000, 2.026668e-13, -1.183874e-13, 2.909992e-14, 6.042910e-14
180.400000, -2.037849e-13, 1.150617e-13, -2.955675e-14, -6.132861e-14
180.500000, 2.027965e-13, -1.150404e-13, 3.095893e-14, 6.197737e-14
180.600000, -1.996506e-13, 1.160031e-13, -2.718679e-14, -5.863086e-14
180.700000, 2.028089e-13, -1.118242e-13, 3.269309e-14, 6.340224e-14
180.800000, -1.956481e-13, 1.168259e-13, -2.494139e-14, -5.605911e-14
180.900000, 2.027081e-13, -1.087345e-13, 3.430663e-14, 6.470769e-14
181.000000, -1.917734e-13, 1.175341e-13, -2.281648e-14, -5.360934e-14
181.100000, 2.024978e-13, -1.057676e-13, 3.580341e-14, 6.589778e-14
181.200000, -1.880225e-13, 1.181317e-13, -2.080805e-14, -5.127752e-14
181.300000, 2.021820e-13, -1.029195e-13, 3.718737e-14, 6.697641e-14
181.400000, -1.843916e-13, 1.186224e-13, -1.891225e-14, -4.905973e-14
181.500000, 2.017645e-13, -1.001860e-13, 3.846254e-14, 6.794747e-14
181.600000, -1.808764e-13, 1.190100e-13, -1.712505e-14, -4.695209e-14
181.700000, 2.012491e-13, -9.756345e-14, 3.963272e-14, 6.881477e-14
181.800000, -1.774732e-13, 1.192983e-13, -1.544268e-14, -4.495061e-14
181.900000, 2.006395e-13, -9.504803e-14, 4.070174e-14, 6.958225e-14
182.000000, -1.741783e-13, 1.194911e-13, -1.386139e-14, -4.305171e-14
182.100000, 1.999393e-13, -9.263592e-14, 4.167330e-14, 7.025344e-14
182.200000, -1.709878e-13, 1.195920e-13, -1.237733e-14, -4.125150e-14
182.300000, 1.991522e-13, -9.032344e-14, 4.255111e-14, 7.083210e-14
182.400000, -1.678980e-13, 1.196046e-13, -1.098692e-14, -3.954639e-14
182.500000, 1.982817e-13, -8.810697e-14, 4.333883e-14, 7.132186e-14
182.600000, -1.649053e-13, 1.195324e-13, -9.686544e-15, -3.793270e-14
182.700000, 1.973314e-13, -8.598290e-14, 4.403999e-14, 7.172626e-14
182.800000, -1.620062e-13, 1.193789e-13, -8.472689e-15, -3.640698e-14
182.900000, 1.963046e-13, -8.394766e-14, 4.465813e-14, 7.204873e-14
183.000000, -1.591970e-13, 1.191475e-13, -7.341822e-15, -3.496568e-14
183.100000, 1.952047e-13, -8.199784e-14, 4.519664e-14, 7.229277e-14
183.200000, -1.564744e-13, 1.188416e-13, -6.290550e-15, -3.360535e-14
183.300000, 1.940349e-13, -8.013008e-14, 4.565890e-14, 7.246168e-14
183.400000, -1.538349e-13, 1.184643e-13, -5.315568e-15, -3.232272e-14
183.500000, 1.927986e-13, -7.834111e-14, 4.604817e-14, 7.255868e-14
183.600000, -1.512754e-13, 1.180190e-13, -4.413579e-15, -3.111455e-14
183.700000, 1.914987e-13, -7.662758e-14, 4.636769e-14, 7.258708e-14
183.800000, -1.487925e-13, 1.175087e-13, -3.581392e-15, -2.997753e-14
183.900000, 1.901386e-13, -7.498637e-14, 4.662059e-14, 7.254993e-14
184.000000, -1.463830e-13, 1.169365e-13, -2.815977e-15, -2.890862e-14
184.100000, 1.887211e-13, -7.341437e-14, 4.680999e-14, 7.245030e-14
184.200000, -1.440441e-13, 1.163054e-13, -2.114209e-15, -2.790481e-14
184.300000, 1.872491e-13, -7.190857e-14, 4.693884e-14, 7.229125e-14
184.400000, -1.417724e-13, 1.156184e-13, -1.473066e-15, -2.696297e-14
184.500000, 1.857256e-13, -7.046603e-14, 4.701010e-14, 7.207558e-14
184.600000, -1.395652e-13, 1.148783e-13, -8.897757e-16, -2.608032e-14
184.700000, 1.841533e-13, -6.908383e-14, 4.702648e-14, 7.180620e-14
184.800000, -1.374197e-13, 1.140877e-13, -3.614486e-16, -2.525405e-14
184.900000, 1.825348e-13, -6.775918e-14, 4.699096e-14, 7.148581e-14
185.000000, -1.353329e-13, 1.132495e-13, 1.146374e-16, -2.448132e-14
185.100000, 1.808730e-13, -6.648940e-14, 4.690611e-14, 7.111718e-14
185.200000, -1.333023e-13, 1.123661e-13, 5.410832e-16, -2.375948e-14
185.300000, 1.791704e-13, -6.527173e-14, 4.677454e-14, 7.070277e-14
185.400000, -1.313251e-13, 1.114403e-13, 9.205749e-16, -2.308604e-14
185.500000, 1.774292e-13, -6.410373e-14, 4.659883e-14, 7.024529e-14
185.600000, -1.293987e-13, 1.104744e-13, 1.255631e-15, -2.245830e-14
185.700000, 1.756522e-13, -6.298282e-14, 4.638143e-14, 6.974708e-14
185.800000, -1.275208e-13, 1.094709e-13, 1.548649e-15, -2.187391e-14
185.900000, 1.738415e-13, -6.190656e-14, 4.612475e-14, 6.921055e-14
186.000000, -1.256889e-13, 1.084321e-13, 1.801953e-15, -2.133051e-14
186.100000, 1.719995e-13, -6.087260e-14, 4.583112e-14, 6.863803e-14
186.200000, -1.239006e-13, 1.073601e-13, 2.017896e-15, -2.082574e-14
186.300000, 1.701283e-13, -5.987865e-14, 4.550275e-14, 6.803173e-14
186.400000, -1.221538e-13, 1.062573e-13, 2.198706e-15, -2.035736e-14
186.500000, 1.682300e-13, -5.892252e-14, 4.514182e-14, 6.739384e-14
186.600000, -1.204461e-13, 1.051257e-13, 2.346435e-15, -1.992332e-14
186.700000, 1.663067e-13, -5.800205e-14, 4.475048e-14, 6.672644e-14
186.800000, -1.187755e-13, 1.039673e-13, 2.463313e-15, -1.952141e-14
186.900000, 1.643604e-13, -5.711518e-14, 4.433068e-14, 6.603154e-14
187.000000, -1.171400e-13, 1.027841e-13, 2.551227e-15, -1.914970e-14
187.100000, 1.623930e-13, -5.625996e-14, 4.388440e-14, 6.531111e-14
187.200000, -1.155374e-13, 1.015781e-13, 2.612076e-15, -1.880623e-14
187.300000, 1.604063e-13, -5.543438e-14, 4.341360e-14, 6.456707e-14
187.400000, -1.139660e-13, 1.003510e-13, 2.647865e-15, -1.848912e-14
187.500000, 1.584022e-13, -5.463662e-14, 4.292002e-14, 6.380107e-14
187.600000, -1.124239e-13, 9.910458e-14, 2.660205e-15, -1.819653e-14
187.700000, 1.563822e-13, -5.386488e-14, 4.240544e-14, 6.301504e-14
187.800000, -1.109093e-13, 9.784059e-14, 2.650965e-15, -1.792686e-14
187.900000, 1.543481e-13, -5.311748e-14, 4.187152e-14, 6.221056e-14
188.000000, -1.094205e-13, 9.656055e-14, 2.621764e-15, -1.767824e-14
188.100000, 1.523015e-13, -5.239265e-14, 4.131987e-14, 6.138928e-14
188.200000, -1.079559e-13, 9.526615e-14, 2.574219e-15, -1.744919e-14
188.300000, 1.502438e-13, -5.168891e-14, 4.075217e-14, 6.055276e-14
188.400000, -1.065138e-13, 9.395879e-14, 2.509756e-15, -1.723814e-14
188.500000, 1.481764e-13, -5.100464e-14, 4.016977e-14, 5.970239e-14
188.600000, -1.050927e-13, 9.263998e-14, 2.430029e-15, -1.704360e-14
188.700000, 1.461009e-13, -5.033840e-14, 3.957413e-14, 5.883969e-14
188.800000, -1.036913e-13, 9.131109e-14, 2.336256e-15, -1.686413e-14
188.900000, 1.440185e-13, -4.968881e-14, 3.896665e-14, 5.796597e-14
189.000000, -1.023081e-13, 8.997343e-14, 2.229940e-15, -1.669841e-14
189.100000, 1.419304e-13, -4.905442e-14, 3.834863e-14, 5.708260e-14
189.200000, -1.009417e-13, 8.862823e-14, 2.112303e-15, -1.654510e-14
189.300000, 1.398379e-13, -4.843404e-14, 3.772130e-14, 5.619082e-14
189.400000, -9.959087e-14, 8.727675e-14, 1.984564e-15, -1.640300e-14
189.500000, 1.377422e-13, -4.782639e-14, 3.708593e-14, 5.529174e-14
189.600000, -9.825439e-14, 8.592015e-14, 1.847938e-15, -1.627089e-14
189.700000, 1.356443e-13, -4.723023e-14, 3.644357e-14, 5.438656e-14
189.800000, -9.693105e-14, 8.455941e-14, 1.703477e-15, -1.614765e-14
189.900000, 1.335454e-13, -4.664455e-14, 3.579533e-14, 5.347635e-14
190.000000, -9.561979e-14, 8.319563e-14, 1.552327e-15, -1.603218e-14
190.100000, 1.314463e-13, -4.606820e-14, 3.514231e-14, 5.256213e-14
190.200000, -9.431955e-14, 8.182991e-14, 1.395452e-15, -1.592347e-14
190.300000, 1.293481e-13, -4.550013e-14, 3.448543e-14, 5.164487e-14
190.400000, -9.302925e-14, 8.046298e-14, 1.233877e-15, -1.582057e-14
190.500000, 1.272516e-13, -4.493941e-14, 3.382558e-14, 5.072548e-14
190.600000, -9.174796e-14, 7.909589e-14, 1.068479e-15, -1.572248e-14
190.700000, 1.251576e-13, -4.438516e-14, 3.316373e-14, 4.980489e-14
190.800000, -9.047475e-14, 7.772950e-14, 9.000901e-16, -1.562836e-14
190.900000, 1.230671e-13, -4.383635e-14, 3.250071e-14, 4.888391e-14
191.000000, -8.920878e-14, 7.636450e-14, 7.295941e-16, -1.553743e-14
191.100000, 1.209806e-13, -4.329225e-14, 3.183726e-14, 4.796332e-14
191.200000, -8.794919e-14, 7.500170e-14, 5.577771e-16, -1.544880e-14
191.300000, 1.188991e-13, -4.275209e-14, 3.117417e-14, 4.704390e-14
191.400000, -8.669526e-14, 7.364174e-14, 3.852954e-16, -1.536185e-14
191.500000, 1.168229e-13, -4.221514e-14, 3.051209e-14, 4.612620e-14
191.600000, -8.544619e-14, 7.228541e-14, 2.129146e-16, -1.527576e-14
191.700000, 1.147530e-13, -4.168058e-14, 2.985175e-14, 4.521106e-14
191.800000, -8.420121e-14, 7.093330e-14, 4.123859e-17, -1.518992e-14
191.900000, 1.126898e-13, -4.114784e-14, 2.919369e-14, 4.429898e-14
192.000000, -8.295982e-14, 6.958587e-14, -1.291168e-16, -1.510367e-14
192.100000, 1.106338e-13, -4.061626e-14, 2.853858e-14, 4.339064e-14
192.200000, -8.172126e-14, 6.824379e-14, -2.975275e-16, -1.501651e-14
192.300000, 1.085856e-13, -4.008530e-14, 2.788690e-14, 4.248643e-14
192.400000, -8.048511e-14, 6.690758e-14, -4.635909e-16, -1.492782e-14
192.500000, 1.065457e-13, -3.955438e-14, 2.723919e-14, 4.158701e-14
192.600000, -7.925074e-14, 6.557767e-14, -6.266623e-16, -1.483715e-14
192.700000, 1.045144e-13, -3.902291e-14, 2.659593e-14, 4.069273e-14
192.800000, -7.801758e-14, 6.425447e-14, -7.863396e-16, -1.474398e-14
192.900000, 1.024922e-13, -3.849062e-14, 2.595749e-14, 3.980408e-14
193.000000, -7.678526e-14, 6.293839e-14, -9.422650e-16, -1.464793e-14
193.100000, 1.004795e-13, -3.795688e-14, 2.532437e-14, 3.892145e-14
193.200000, -7.555334e-14, 6.162983e-14, -1.093940e-15, -1.454857e-14
193.300000, 9.847654e-14, -3.742138e-14, 2.469679e-14, 3.804512e-14
193.400000, -7.432129e-14, 6.032916e-14, -1.241038e-15, -1.444551e-14
193.500000, 9.648366e-14, -3.688368e-14, 2.407526e-14, 3.717553e-14
193.600000, -7.308884e-14, 5.903665e-14, -1.383243e-15, -1.433840e-14
193.700000, 9.450118e-14, -3.634344e-14, 2.346001e-14, 3.631297e-14
193.800000, -7.185557e-14, 5.775258e-14, -1.520202e-15, -1.422692e-14
193.900000, 9.252927e-14, -3.580031e-14, 2.285132e-14, 3.545770e-14
194.000000, -7.062127e-14, 5.647719e-14, -1.651708e-15, -1.411085e-14
194.100000, 9.056824e-14, -3.525412e-14, 2.224947e-14, 3.460999e-14
194.200000, -6.938554e-14, 5.521072e-14, -1.777495e-15, -1.398984e-14
194.300000, 8.861822e-14, -3.470447e-14, 2.165464e-14, 3.376996e-14
194.400000, -6.814817e-14, 5.395337e-14, -1.897345e-15, -1.386378e-14
194.500000, 8.667939e-14, -3.415122e-14, 2.106704e-14, 3.293794e-14
194.600000, -6.690889e-14, 5.270537e-14, -2.010979e-15, -1.373232e-14
194.700000, 8.475193e-14, -3.359404e-14, 2.048691e-14, 3.211409e-14
194.800000, -6.566745e-14, 5.146677e-14, -2.118312e-15, -1.359535e-14
194.900000, 8.283595e-14, -3.303281e-14, 1.991437e-14, 3.129850e-14
195.000000, -6.442371e-14, 5.023781e-14, -2.219147e-15, -1.345265e-14
195.100000, 8.093156e-14, -3.246732e-14, 1.934957e-14, 3.049134e-14
195.200000, -6.317750e-14, 4.901849e-14, -2.313364e-15, -1.330422e-14
195.300000, 7.903880e-14, -3.189751e-14, 1.879256e-14, 2.969264e-14
195.400000, -6.192861e-14, 4.780899e-14, -2.400852e-15, -1.314977e-14
195.500000, 7.715772e-14, -3.132313e-14, 1.824350e-14, 2.890256e-14
195.600000, -6.067700e-14, 4.660932e-14, -2.481594e-15, -1.298933e-14
195.700000, 7.528841e-14, -3.074414e-14, 1.770246e-14, 2.812118e-14
195.800000, -5.942242e-14, 4.541948e-14, -2.555388e-15, -1.282276e-14
195.900000, 7.343087e-14, -3.016048e-14, 1.716941e-14, 2.734850e-14
196.000000, -5.816495e-14, 4.423962e-14, -2.622257e-15, -1.265002e-14
196.100000, 7.158509e-14, -2.957205e-14, 1.664448e-14, 2.658456e-14
196.200000, -5.690438e-14, 4.306964e-14, -2.682250e-15, -1.247111e-14
196.300000, 6.975103e-14, -2.897881e-14, 1.612757e-14, 2.582935e-14
196.400000, -5.564078e-14, 4.190955e-14, -2.735197e-15, -1.228593e-14
196.500000, 6.792870e-14, -2.838065e-14, 1.561879e-14, 2.508288e-14
196.600000, -5.437393e-14, 4.075940e-14, -2.781176e-15, -1.209448e-14
196.700000, 6.611810e-14, -2.777759e-14, 1.511818e-14, 2.434517e-14
196.800000, -5.310391e-14, 3.961915e-14, -2.820165e-15, -1.189679e-14
196.900000, 6.431907e-14, -2.716963e-14, 1.462557e-14, 2.361623e-14
197.000000, -5.183071e-14, 3.848867e-14, -2.852223e-15, -1.169283e-14
197.100000, 6.253160e-14, -2.655685e-14, 1.414095e-14, 2.289587e-14
197.200000, -5.055435e-14, 3.736795e-14, -2.877386e-15, -1.148272e-14
197.300000, 6.075558e-14, -2.593920e-14, 1.366432e-14, 2.218407e-14
197.400000, -4.927479e-14, 3.625689e-14, -2.895734e-15, -1.126648e-14
197.500000, 5.899093e-14, -2.531665e-14, 1.319552e-14, 2.148083e-14
197.600000, -4.799209e-14, 3.515541e-14, -2.907320e-15, -1.104413e-14
197.700000, 5.723749e-14, -2.468944e-14, 1.273459e-14, 2.078599e-14
197.800000, -4.670628e-14, 3.406337e-14, -2.912156e-15, -1.081579e-14
197.900000, 5.549513e-14, -2.405744e-14, 1.228134e-14, 2.009951e-14
198.000000, -4.541744e-14, 3.298072e-14, -2.910417e-15, -1.058148e-14
198.100000, 5.376375e-14, -2.342080e-14, 1.183566e-14, 1.942116e-14
198.200000, -4.412564e-14, 3.190726e-14, -2.902259e-15, -1.034138e-14
198.300000, 5.204321e-14, -2.277962e-14, 1.139755e-14, 1.875103e-14
198.400000, -4.283089e-14, 3.084290e-14, -2.887615e-15, -1.009552e-14
198.500000, 5.033339e-14, -2.213394e-14, 1.096673e-14, 1.808877e-14
198.600000, -4.153330e-14, 2.978750e-14, -2.866792e-15, -9.844086e-15
198.700000, 4.863401e-14, -2.148392e-14, 1.054316e-14, 1.743440e-14
198.800000, -4.023296e-14, 2.874093e-14, -2.839794e-15, -9.587076e-15
198.900000, 4.694501e-14, -2.082957e-14, 1.012674e-14, 1.678767e-14
199.000000, -3.893001e-14, 2.770300e-14, -2.806782e-15, -9.324758e-15
199.100000, 4.526621e-14, -2.017110e-14, 9.717222e-15, 1.614849e-14
199.200000, -3.762448e-14, 2.667359e-14, -2.767939e-15, -9.057172e-15
199.300000, 4.359737e-14, -1.950860e-14, 9.314505e-15, 1.551666e-14
199.400000, -3.631655e-14, 2.565239e-14, -2.723378e-15, -8.784484e-15
199.500000, 4.193828e-14, -1.884225e-14, 8.918432e-15, 1.489207e-14
199.600000, -3.500635e-14, 2.463934e-14, -2.673304e-15, -8.506861e-15
199.700000, 4.028877e-14, -1.817208e-14, 8.528801e-15, 1.427449e-14
199.800000, -3.369397e-14, 2.363422e-14, -2.617820e-15, -8.224504e-15
199.900000, 3.864865e-14, -1.749834e-14, 8.145451e-15, 1.366372e-14
200.000000, -3.237957e-14, 2.263680e-14, -2.557183e-15, -7.937558e-15
200.100000, 3.701765e-14, -1.682116e-14, 7.768170e-15, 1.305963e-14
200.200000, -3.106322e-14, 2.164696e-14, -2.491501e-15, -7.646140e-15
200.300000, 3.539563e-14, -1.614067e-14, 7.396801e-15, 1.246195e-14
200.400000, -2.974527e-14, 2.066441e-14, -2.421000e-15, -7.350471e-15
200.500000, 3.378228e-14, -1.545705e-14, 7.031167e-15, 1.187057e-14
200.600000, -2.842566e-14, 1.968901e-14, -2.345831e-15, -7.050652e-15
200.700000, 3.217746e-14, -1.477048e-14, 6.671045e-15, 1.128526e-14
200.800000, -2.710457e-14, 1.872047e-14, -2.266195e-15, -6.746998e-15
200.900000, 3.058084e-14, -1.408107e-14, 6.316243e-15, 1.070579e-14
201.000000, -2.578225e-14, 1.775866e-14, -2.182331e-15, -6.439642e-15
201.100000, 2.899227e-14, -1.338910e-14, 5.966516e-15, 1.013194e-14
201.200000, -2.445886e-14, 1.680324e-14, -2.094426e-15, -6.128761e-15
201.300000, 2.741148e-14, -1.269465e-14, 5.621711e-15, 9.563571e-15
201.400000, -2.313455e-14, 1.585409e-14, -2.002627e-15, -5.814602e-15
201.500000, 2.583825e-14, -1.199796e-14, 5.281636e-15, 9.000353e-15
201.600000, -2.180944e-14, 1.491092e-14, -1.907149e-15, -5.497255e-15
201.700000, 2.427229e-14, -1.129922e-14, 4.946033e-15, 8.442159e-15
201.800000, -2.048370e-14, 1.397353e-14, -1.808306e-15, -5.177022e-15
201.900000, 2.271339e-14, -1.059855e-14, 4.614607e-15, 7.888714e-15
202.000000, -1.915764e-14, 1.304166e-14, -1.706208e-15, -4.854084e-15
202.100000, 2.116125e-14, -9.896301e-15, 4.287258e-15, 7.339790e-15
202.200000, -1.783137e-14, 1.211503e-14, -1.601133e-15, -4.528693e-15
202.300000, 1.961563e-14, -9.192469e-15, 3.963727e-15, 6.795158e-15
202.400000, -1.650503e-14, 1.119351e-14, -1.493222e-15, -4.201000e-15
202.500000, 1.807630e-14, -8.487438e-15, 3.643769e-15, 6.254600e-15
202.600000, -1.517883e-14, 1.027674e-14, -1.382758e-15, -3.871203e-15
202.700000, 1.654302e-14, -7.781232e-15, 3.327158e-15, 5.717886e-15
202.800000, -1.385293e-14, 9.364599e-15, -1.269921e-15, -3.539525e-15
202.900000, 1.501551e-14, -7.074205e-15, 3.013704e-15, 5.184769e-15
203.000000, -1.252762e-14, 8.456732e-15, -1.154991e-15, -3.206272e-15
203.100000, 1.349347e-14, -6.366447e-15, 2.703096e-15, 4.655074e-15
203.200000, -1.120302e-14, 7.552943e-15, -1.038138e-15, -2.871552e-15
203.300000, 1.197672e-14, -5.658219e-15, 2.395186e-15, 4.128464e-15
203.400000, -9.879317e-15, 6.652949e-15, -9.196128e-16, -2.535673e-15
203.500000, 1.046491e-14, -4.949786e-15, 2.089682e-15, 3.604726e-15
203.600000, -8.556711e-15, 5.756540e-15, -7.996564e-16, -2.198804e-15
203.700000, 8.957841e-15, -4.241209e-15, 1.786435e-15, 3.083712e-15
203.800000, -7.235390e-15, 4.863510e-15, -6.784240e-16, -1.861070e-15
203.900000, 7.455253e-15, -3.532810e-15, 1.485121e-15, 2.565056e-15
204.000000, -5.915569e-15, 3.973498e-15, -5.562152e-16, -1.522870e-15
204.100000, 5.956844e-15, -2.824713e-15, 1.185545e-15, 2.048666e-15
204.200000, -4.597400e-15, 3.086320e-15, -4.332745e-16, -1.184326e-15
204.300000, 4.462393e-15, -2.117212e-15, 8.875044e-16, 1.534172e-15
204.400000, -3.281172e-15, 2.201794e-15, -3.097331e-16, -8.456524e-16
204.500000, 2.971613e-15, -1.410439e-15, 5.907193e-16, 1.021397e-15
204.600000, -1.966998e-15, 1.319492e-15, -1.859017e-16, -5.071349e-16
204.700000, 1.484219e-15, -7.046114e-16, 2.949506e-16, 5.100745e-16
204.800000, -6.550541e-16, 4.394105e-16, -6.191451e-17, -1.689164e-16
