x, 11, 12, 21, 22
0.100000, -9.999815e-01, -9.999814e-01, -9.999814e-01, -9.999814e-01
0.200000, -9.999810e-01, -9.999809e-01, -9.999809e-01, -9.999809e-01
0.300000, -9.999805e-01, -9.999805e-01, -9.999805e-01, -9.999805e-01
0.400000, -9.999801e-01, -9.999801e-01, -9.999801e-01, -9.999800e-01
0.500000, -9.999797e-01, -9.999796e-01, -9.999796e-01, -9.999796e-01
0.600000, -9.999792e-01, -9.999792e-01, -9.999792e-01, -9.999791e-01
0.700000, -9.999788e-01, -9.999788e-01, -9.999788e-01, -9.999787e-01
0.800000, -9.999784e-01, -9.999784e-01, -9.999784e-01, -9.999783e-01
0.900000, -9.999780e-01, -9.999780e-01, -9.999780e-01, -9.999779e-01
1.000000, -9.999776e-01, -9.999776e-01, -9.999776e-01, -9.999775e-01
1.100000, -9.999772e-01, -9.999772e-01, -9.999772e-01, -9.999771e-01
1.200000, -9.999768e-01, -9.999768e-01, -9.999768e-01, -9.999767e-01
1.300000, -9.999765e-01, -9.999764e-01, -9.999764e-01, -9.999764e-01
1.400000, -9.999761e-01, -9.999761e-01, -9.999761e-01, -9.999760e-01
1.500000, -9.999758e-01, -9.999757e-01, -9.999757e-01, -9.999757e-01
1.600000, -9.999754e-01, -9.999754e-01, -9.999754e-01, -9.999753e-01
1.700000, -9.999751e-01, -9.999750e-01, -9.999750e-01, -9.999750e-01
1.800000, -9.999747e-01, -9.999747e-01, -9.999747e-01, -9.999746e-01
1.900000, -9.999744e-01, -9.999744e-01, -9.999744e-01, -9.999743e-01
2.000000, -9.999741e-01, -9.999740e-01, -9.999740e-01, -9.999740e-01
2.100000, -9.999738e-01, -9.999737e-01, -9.999737e-01, -9.999737e-01
2.200000, -9.999735e-01, -9.999734e-01, -9.999734e-01, -9.999734e-01
2.300000, -9.999732e-01, -9.999731e-01, -9.999731e-01, -9.999731e-01
2.400000, -9.999729e-01, -9.999729e-01, -9.999729e-01, -9.999728e-01
2.500000, -9.999726e-01, -9.999726e-01, -9.999726e-01, -9.999725e-01
2.600000, -9.999724e-01, -9.999723e-01, -9.999723e-01, -9.999723e-01
2.700000, -9.999721e-01, -9.999720e-01, -9.999720e-01, -9.999720e-01
2.800000, -9.999718e-01, -9.999718e-01, -9.999718e-01, -9.999717e-01
2.900000, -9.999714e-01, -9.999713e-01, -9.999713e-01, -9.999712e-01
3.000000, -9.999542e-01, -9.999536e-01, -9.999536e-01, -9.999496e-01
3.100000, -9.996483e-01, -9.996908e-01, -9.996908e-01, -9.996559e-01
3.200000, -9.976772e-01, -9.977453e-01, -9.977453e-01, -9.978360e-01
3.300000, -9.913785e-01, -9.915787e-01, -9.915787e-01, -9.908739e-01
3.400000, -9.777877e-01, -9.774214e-01, -9.774214e-01, -9.776662e-01
3.500000, -9.515895e-01, -9.543339e-01, -9.543339e-01, -9.547827e-01
3.600000, -9.283841e-01, -9.238859e-01, -9.238859e-01, -9.274048e-01
3.700000, -8.900263e-01, -8.919284e-01, -8.919284e-01, -8.932182e-01
3.800000, -8.550365e-01, -8.566519e-01, -8.566519e-01, -8.571858e-01
3.900000, -8.214432e-01, -8.110403e-01, -8.110403e-01, -8.131843e-01
4.000000, -7.780420e-01, -7.748305e-01, -7.748305e-01, -7.681398e-01
4.100000, -7.440830e-01, -7.404624e-01, -7.404624e-01, -7.373127e-01
4.200000, -6.802449e-01, -6.951159e-01, -6.951159e-01, -6.884618e-01
4.300000, -6.627373e-01, -6.506768e-01, -6.506768e-01, -6.461333e-01
4.400000, -5.996798e-01, -6.033362e-01, -6.033362e-01, -6.003505e-01
4.500000, -5.695231e-01, -5.600064e-01, -5.600064e-01, -5.589904e-01
4.600000, -5.168857e-01, -5.263044e-01, -5.263044e-01, -5.236793e-01
4.700000, -4.722474e-01, -4.799078e-01, -4.799078e-01, -4.817610e-01
4.800000, -4.458728e-01, -4.394218e-01, -4.394218e-01, -4.467167e-01
4.900000, -4.036638e-01, -4.041678e-01, -4.041678e-01, -3.900439e-01
5.000000, -3.681568e-01, -3.713038e-01, -3.713038e-01, -3.841457e-01
5.100000, -3.528323e-01, -3.345849e-01, -3.345849e-01, -3.420756e-01
5.200000, -3.008015e-01, -3.047507e-01, -3.047507e-01, -3.124883e-01
5.300000, -2.827287e-01, -2.867438e-01, -2.867438e-01, -2.801423e-01
5.400000, -2.618425e-01, -2.569744e-01, -2.569744e-01, -2.663792e-01
5.500000, -2.368753e-01, -2.479449e-01, -2.479449e-01, -2.375154e-01
5.600000, -2.344636e-01, -2.278855e-01, -2.278855e-01, -2.235061e-01
5.700000, -2.113592e-01, -2.184156e-01, -2.184156e-01, -2.120309e-01
5.800000, -2.018243e-01, -2.003092e-01, -2.003092e-01, -2.072793e-01
5.900000, -1.813993e-01, -1.905957e-01, -1.905957e-01, -2.000989e-01
6.000000, -1.720960e-01, -1.833444e-01, -1.833444e-01, -1.869413e-01
6.100000, -1.753534e-01, -1.808974e-01, -1.808974e-01, -1.804241e-01
6.200000, -1.690720e-01, -1.700161e-01, -1.700161e-01, -1.648599e-01
6.300000, -1.708915e-01, -1.597163e-01, -1.597163e-01, -1.585758e-01
6.400000, -1.606330e-01, -1.609028e-01, -1.609028e-01, -1.569245e-01
6.500000, -1.565827e-01, -1.576260e-01, -1.576260e-01, -1.609640e-01
6.600000, -1.501420e-01, -1.567758e-01, -1.567758e-01, -1.655257e-01
6.700000, -1.599231e-01, -1.571816e-01, -1.571816e-01, -1.608625e-01
6.800000, -1.637129e-01, -1.622093e-01, -1.622093e-01, -1.607907e-01
6.900000, -1.637799e-01, -1.562237e-01, -1.562237e-01, -1.586341e-01
7.000000, -1.595082e-01, -1.570724e-01, -1.570724e-01, -1.675817e-01
7.100000, -1.612560e-01, -1.585133e-01, -1.585133e-01, -1.586516e-01
7.200000, -1.609534e-01, -1.640283e-01, -1.640283e-01, -1.628564e-01
7.300000, -1.584965e-01, -1.654826e-01, -1.654826e-01, -1.641581e-01
7.400000, -1.675418e-01, -1.600188e-01, -1.600188e-01, -1.621452e-01
7.500000, -1.654046e-01, -1.650954e-01, -1.650954e-01, -1.686127e-01
7.600000, -1.686223e-01, -1.699745e-01, -1.699745e-01, -1.649527e-01
7.700000, -1.658916e-01, -1.685639e-01, -1.685639e-01, -1.660601e-01
7.800000, -1.624744e-01, -1.691519e-01, -1.691519e-01, -1.678024e-01
7.900000, -1.668910e-01, -1.709047e-01, -1.709047e-01, -1.651705e-01
8.000000, -1.637122e-01, -1.670139e-01, -1.670139e-01, -1.661656e-01
8.100000, -1.689947e-01, -1.663090e-01, -1.663090e-01, -1.667921e-01
8.200000, -1.685015e-01, -1.659559e-01, -1.659559e-01, -1.653693e-01
8.300000, -1.607821e-01, -1.684962e-01, -1.684962e-01, -1.664538e-01
8.400000, -1.620419e-01, -1.622727e-01, -1.622727e-01, -1.652253e-01
8.500000, -1.596779e-01, -1.623571e-01, -1.623571e-01, -1.653385e-01
8.600000, -1.615559e-01, -1.587725e-01, -1.587725e-01, -1.562622e-01
8.700000, -1.600162e-01, -1.569201e-01, -1.569201e-01, -1.563956e-01
8.800000, -1.571538e-01, -1.560796e-01, -1.560796e-01, -1.578090e-01
8.900000, -1.540404e-01, -1.521302e-01, -1.521302e-01, -1.497390e-01
9.000000, -1.477080e-01, -1.493126e-01, -1.493126e-01, -1.522833e-01
9.100000, -1.470524e-01, -1.440184e-01, -1.440184e-01, -1.462466e-01
9.200000, -1.423161e-01, -1.416799e-01, -1.416799e-01, -1.441285e-01
9.300000, -1.405195e-01, -1.412923e-01, -1.412923e-01, -1.415622e-01
9.400000, -1.378194e-01, -1.336216e-01, -1.336216e-01, -1.361870e-01
9.500000, -1.323957e-01, -1.318951e-01, -1.318951e-01, -1.340274e-01
9.600000, -1.273743e-01, -1.275181e-01, -1.275181e-01, -1.257258e-01
9.700000, -1.229197e-01, -1.236756e-01, -1.236756e-01, -1.243316e-01
9.800000, -1.198905e-01, -1.189318e-01, -1.189318e-01, -1.189458e-01
9.900000, -1.154878e-01, -1.168234e-01, -1.168234e-01, -1.150034e-01
10.000000, -1.125729e-01, -1.120461e-01, -1.120461e-01, -1.102984e-01
10.100000, -1.060751e-01, -1.092046e-01, -1.092046e-01, -1.074154e-01
10.200000, -1.025595e-01, -1.044591e-01, -1.044591e-01, -1.002523e-01
10.300000, -1.000218e-01, -1.009247e-01, -1.009247e-01, -9.974720e-02
10.400000, -9.501511e-02, -9.531316e-02, -9.531316e-02, -9.832371e-02
10.500000, -9.155356e-02, -9.481029e-02, -9.481029e-02, -9.237482e-02
10.600000, -9.096622e-02, -8.954760e-02, -8.954760e-02, -9.164907e-02
10.700000, -8.563313e-02, -8.649662e-02, -8.649662e-02, -8.561333e-02
10.800000, -8.393958e-02, -8.230355e-02, -8.230355e-02, -8.423408e-02
10.900000, -8.195890e-02, -8.131763e-02, -8.131763e-02, -8.191191e-02
11.000000, -7.698002e-02, -7.814449e-02, -7.814449e-02, -7.865634e-02
11.100000, -7.605426e-02, -7.434630e-02, -7.434630e-02, -7.332668e-02
11.200000, -7.458846e-02, -7.251687e-02, -7.251687e-02, -7.226014e-02
11.300000, -6.929209e-02, -7.017818e-02, -7.017818e-02, -7.175696e-02
11.400000, -7.165708e-02, -6.962810e-02, -6.962810e-02, -7.011702e-02
11.500000, -6.910512e-02, -6.829790e-02, -6.829790e-02, -6.793382e-02
11.600000, -6.535592e-02, -6.598632e-02, -6.598632e-02, -6.565378e-02
11.700000, -6.261986e-02, -6.374574e-02, -6.374574e-02, -6.468207e-02
11.800000, -6.228653e-02, -6.248164e-02, -6.248164e-02, -6.299785e-02
11.900000, -6.158658e-02, -6.147857e-02, -6.147857e-02, -6.084353e-02
12.000000, -6.021549e-02, -6.047114e-02, -6.047114e-02, -5.873216e-02
12.100000, -5.770021e-02, -5.993061e-02, -5.993061e-02, -5.964184e-02
12.200000, -5.806798e-02, -5.713928e-02, -5.713928e-02, -5.799189e-02
12.300000, -5.702432e-02, -5.524124e-02, -5.524124e-02, -5.563185e-02
12.400000, -5.641034e-02, -5.589230e-02, -5.589230e-02, -5.496811e-02
12.500000, -5.339131e-02, -5.465849e-02, -5.465849e-02, -5.417430e-02
12.600000, -5.296452e-02, -5.462835e-02, -5.462835e-02, -5.392295e-02
12.700000, -5.224081e-02, -5.259408e-02, -5.259408e-02, -5.474990e-02
12.800000, -5.332048e-02, -5.299524e-02, -5.299524e-02, -5.123543e-02
12.900000, -5.212649e-02, -5.127613e-02, -5.127613e-02, -5.146270e-02
13.000000, -5.107273e-02, -5.115827e-02, -5.115827e-02, -5.093023e-02
13.100000, -5.075479e-02, -4.991970e-02, -4.991970e-02, -4.977090e-02
13.200000, -5.044363e-02, -5.008417e-02, -5.008417e-02, -5.133345e-02
13.300000, -4.813664e-02, -4.875258e-02, -4.875258e-02, -4.807173e-02
13.400000, -4.822567e-02, -4.881452e-02, -4.881452e-02, -4.777494e-02
13.500000, -4.733290e-02, -4.670589e-02, -4.670589e-02, -4.713810e-02
13.600000, -4.634418e-02, -4.561721e-02, -4.561721e-02, -4.657580e-02
13.700000, -4.626718e-02, -4.625142e-02, -4.625142e-02, -4.611026e-02
13.800000, -4.600169e-02, -4.447552e-02, -4.447552e-02, -4.651621e-02
13.900000, -4.402283e-02, -4.392803e-02, -4.392803e-02, -4.520959e-02
14.000000, -4.354342e-02, -4.371915e-02, -4.371915e-02, -4.318357e-02
14.100000, -4.272837e-02, -4.274536e-02, -4.274536e-02, -4.116183e-02
14.200000, -4.155376e-02, -4.163903e-02, -4.163903e-02, -4.205967e-02
14.300000, -4.149805e-02, -4.048007e-02, -4.048007e-02, -4.171048e-02
14.400000, -3.958984e-02, -4.034124e-02, -4.034124e-02, -3.888988e-02
14.500000, -3.793646e-02, -3.972974e-02, -3.972974e-02, -3.923546e-02
14.600000, -3.762264e-02, -3.801722e-02, -3.801722e-02, -3.722699e-02
14.700000, -3.716274e-02, -3.674108e-02, -3.674108e-02, -3.633864e-02
14.800000, -3.577481e-02, -3.532700e-02, -3.532700e-02, -3.703645e-02
14.900000, -3.476116e-02, -3.518447e-02, -3.518447e-02, -3.465317e-02
15.000000, -3.372713e-02, -3.483665e-02, -3.483665e-02, -3.443561e-02
15.100000, -3.394965e-02, -3.339639e-02, -3.339639e-02, -3.275714e-02
15.200000, -3.269715e-02, -3.247137e-02, -3.247137e-02, -3.205547e-02
15.300000, -3.159295e-02, -3.123184e-02, -3.123184e-02, -3.119784e-02
15.400000, -3.083488e-02, -3.051226e-02, -3.051226e-02, -3.002637e-02
15.500000, -2.937019e-02, -2.947644e-02, -2.947644e-02, -2.958678e-02
15.600000, -2.859612e-02, -2.824371e-02, -2.824371e-02, -2.839277e-02
15.700000, -2.787681e-02, -2.772419e-02, -2.772419e-02, -2.786596e-02
15.800000, -2.727542e-02, -2.675071e-02, -2.675071e-02, -2.623021e-02
15.900000, -2.586966e-02, -2.592779e-02, -2.592779e-02, -2.618157e-02
16.000000, -2.553233e-02, -2.464011e-02, -2.464011e-02, -2.503996e-02
16.100000, -2.390055e-02, -2.356940e-02, -2.356940e-02, -2.380545e-02
16.200000, -2.341397e-02, -2.317601e-02, -2.317601e-02, -2.276199e-02
16.300000, -2.245550e-02, -2.273938e-02, -2.273938e-02, -2.258710e-02
16.400000, -2.234834e-02, -2.228182e-02, -2.228182e-02, -2.259563e-02
16.500000, -2.209150e-02, -2.139967e-02, -2.139967e-02, -2.182224e-02
16.600000, -2.036210e-02, -2.092149e-02, -2.092149e-02, -2.055266e-02
16.700000, -2.000647e-02, -2.055386e-02, -2.055386e-02, -1.941610e-02
16.800000, -1.976499e-02, -1.953408e-02, -1.953408e-02, -1.909311e-02
16.900000, -1.904181e-02, -1.920020e-02, -1.920020e-02, -1.857259e-02
17.000000, -1.841929e-02, -1.759963e-02, -1.759963e-02, -1.874196e-02
17.100000, -1.749737e-02, -1.761075e-02, -1.761075e-02, -1.705636e-02
17.200000, -1.713596e-02, -1.760716e-02, -1.760716e-02, -1.721429e-02
17.300000, -1.699247e-02, -1.692776e-02, -1.692776e-02, -1.733116e-02
17.400000, -1.594226e-02, -1.622188e-02, -1.622188e-02, -1.639008e-02
17.500000, -1.611594e-02, -1.629523e-02, -1.629523e-02, -1.556210e-02
17.600000, -1.562492e-02, -1.563212e-02, -1.563212e-02, -1.507965e-02
17.700000, -1.602513e-02, -1.473269e-02, -1.473269e-02, -1.515544e-02
17.800000, -1.456406e-02, -1.516375e-02, -1.516375e-02, -1.493333e-02
17.900000, -1.478454e-02, -1.461386e-02, -1.461386e-02, -1.472272e-02
18.000000, -1.427838e-02, -1.400931e-02, -1.400931e-02, -1.401255e-02
18.100000, -1.380320e-02, -1.388696e-02, -1.388696e-02, -1.388782e-02
18.200000, -1.403743e-02, -1.335545e-02, -1.335545e-02, -1.367667e-02
18.300000, -1.347778e-02, -1.314921e-02, -1.314921e-02, -1.399416e-02
18.400000, -1.289562e-02, -1.275938e-02, -1.275938e-02, -1.289892e-02
18.500000, -1.240515e-02, -1.249554e-02, -1.249554e-02, -1.226956e-02
18.600000, -1.207510e-02, -1.233867e-02, -1.233867e-02, -1.240601e-02
18.700000, -1.252377e-02, -1.231539e-02, -1.231539e-02, -1.188125e-02
18.800000, -1.163972e-02, -1.202040e-02, -1.202040e-02, -1.161034e-02
18.900000, -1.139844e-02, -1.160958e-02, -1.160958e-02, -1.146926e-02
19.000000, -1.099082e-02, -1.084789e-02, -1.084789e-02, -1.116564e-02
19.100000, -1.077692e-02, -1.097102e-02, -1.097102e-02, -1.080864e-02
19.200000, -1.067876e-02, -1.096607e-02, -1.096607e-02, -1.074677e-02
19.300000, -1.036265e-02, -1.040811e-02, -1.040811e-02, -1.012997e-02
19.400000, -1.007893e-02, -9.972505e-03, -9.972505e-03, -1.041295e-02
19.500000, -9.756160e-03, -9.937318e-03, -9.937318e-03, -9.523506e-03
19.600000, -9.933708e-03, -9.659391e-03, -9.659391e-03, -8.988071e-03
19.700000, -9.099562e-03, -9.597664e-03, -9.597664e-03, -9.502067e-03
19.800000, -9.251805e-03, -9.063300e-03, -9.063300e-03, -9.627157e-03
19.900000, -8.696499e-03, -8.696352e-03, -8.696352e-03, -8.535578e-03
20.000000, -8.584781e-03, -8.408757e-03, -8.408757e-03, -8.971169e-03
20.100000, -8.487706e-03, -7.832231e-03, -7.832231e-03, -8.355876e-03
20.200000, -8.093882e-03, -7.924051e-03, -7.924051e-03, -8.220545e-03
20.300000, -7.472405e-03, -7.722064e-03, -7.722064e-03, -7.391690e-03
20.400000, -7.534956e-03, -7.492430e-03, -7.492430e-03, -7.616822e-03
20.500000, -6.603103e-03, -7.117776e-03, -7.117776e-03, -6.959279e-03
20.600000, -7.197590e-03, -7.263529e-03, -7.263529e-03, -7.162343e-03
20.700000, -6.589561e-03, -6.536880e-03, -6.536880e-03, -6.867261e-03
20.800000, -6.547043e-03, -6.495875e-03, -6.495875e-03, -6.524020e-03
20.900000, -6.280983e-03, -6.290652e-03, -6.290652e-03, -6.119037e-03
21.000000, -6.104220e-03, -6.125436e-03, -6.125436e-03, -5.938277e-03
21.100000, -6.000282e-03, -5.762657e-03, -5.762657e-03, -5.796153e-03
21.200000, -5.550150e-03, -5.519398e-03, -5.519398e-03, -5.249357e-03
21.300000, -5.347389e-03, -5.479854e-03, -5.479854e-03, -5.452903e-03
21.400000, -5.022201e-03, -5.050516e-03, -5.050516e-03, -5.135138e-03
21.500000, -4.939432e-03, -5.171507e-03, -5.171507e-03, -4.858672e-03
21.600000, -4.735022e-03, -4.987941e-03, -4.987941e-03, -5.035396e-03
21.700000, -4.708503e-03, -4.515559e-03, -4.515559e-03, -4.609645e-03
21.800000, -4.662056e-03, -4.390938e-03, -4.390938e-03, -4.549341e-03
21.900000, -4.155150e-03, -4.240056e-03, -4.240056e-03, -4.269673e-03
22.000000, -3.922345e-03, -4.015118e-03, -4.015118e-03, -4.120238e-03
22.100000, -3.789067e-03, -3.974753e-03, -3.974753e-03, -3.925407e-03
22.200000, -4.022156e-03, -3.898072e-03, -3.898072e-03, -3.982316e-03
22.300000, -3.522024e-03, -3.605864e-03, -3.605864e-03, -3.493197e-03
22.400000, -3.619252e-03, -3.613627e-03, -3.613627e-03, -3.788106e-03
22.500000, -3.263732e-03, -3.282791e-03, -3.282791e-03, -3.384288e-03
22.600000, -3.196916e-03, -3.382321e-03, -3.382321e-03, -3.330367e-03
22.700000, -3.499841e-03, -3.205562e-03, -3.205562e-03, -3.346087e-03
22.800000, -3.299366e-03, -3.166683e-03, -3.166683e-03, -3.061459e-03
22.900000, -3.184934e-03, -2.994451e-03, -2.994451e-03, -2.891304e-03
23.000000, -3.284810e-03, -3.032802e-03, -3.032802e-03, -2.993622e-03
23.100000, -2.963795e-03, -2.951439e-03, -2.951439e-03, -2.933244e-03
23.200000, -2.866004e-03, -2.842300e-03, -2.842300e-03, -2.721974e-03
23.300000, -2.584840e-03, -2.646464e-03, -2.646464e-03, -2.609850e-03
23.400000, -2.565655e-03, -2.607684e-03, -2.607684e-03, -2.657668e-03
23.500000, -2.685233e-03, -2.623144e-03, -2.623144e-03, -2.654215e-03
23.600000, -2.524280e-03, -2.457275e-03, -2.457275e-03, -2.436773e-03
23.700000, -2.185836e-03, -2.572275e-03, -2.572275e-03, -2.588519e-03
23.800000, -2.475509e-03, -2.343350e-03, -2.343350e-03, -2.141343e-03
23.900000, -2.164015e-03, -2.203708e-03, -2.203708e-03, -2.214414e-03
24.000000, -2.173959e-03, -2.234743e-03, -2.234743e-03, -2.056041e-03
24.100000, -2.264615e-03, -2.160339e-03, -2.160339e-03, -2.065052e-03
24.200000, -2.048433e-03, -2.183122e-03, -2.183122e-03, -2.103529e-03
24.300000, -1.989149e-03, -2.050837e-03, -2.050837e-03, -2.001381e-03
24.400000, -2.029722e-03, -2.050007e-03, -2.050007e-03, -2.049818e-03
24.500000, -2.063936e-03, -1.916615e-03, -1.916615e-03, -1.899530e-03
24.600000, -1.829272e-03, -1.725211e-03, -1.725211e-03, -1.918946e-03
24.700000, -1.879646e-03, -1.835402e-03, -1.835402e-03, -1.804017e-03
24.800000, -1.821693e-03, -1.744681e-03, -1.744681e-03, -1.852913e-03
24.900000, -1.880796e-03, -1.792971e-03, -1.792971e-03, -1.620970e-03
25.000000, -1.582458e-03, -1.823495e-03, -1.823495e-03, -1.749698e-03
25.100000, -1.795027e-03, -1.573491e-03, -1.573491e-03, -1.690238e-03
25.200000, -1.631384e-03, -1.625138e-03, -1.625138e-03, -1.839543e-03
25.300000, -1.586095e-03, -1.371209e-03, -1.371209e-03, -1.574391e-03
25.400000, -1.403117e-03, -1.476222e-03, -1.476222e-03, -1.371205e-03
25.500000, -1.406799e-03, -1.355351e-03, -1.355351e-03, -1.369699e-03
25.600000, -1.309474e-03, -1.440722e-03, -1.440722e-03, -1.256612e-03
25.700000, -1.275410e-03, -1.327420e-03, -1.327420e-03, -1.257111e-03
25.800000, -1.275843e-03, -1.335234e-03, -1.335234e-03, -1.258367e-03
25.900000, -1.155115e-03, -1.162713e-03, -1.162713e-03, -1.191863e-03
26.000000, -1.054366e-03, -1.122163e-03, -1.122163e-03, -1.310790e-03
26.100000, -1.160670e-03, -1.118115e-03, -1.118115e-03, -1.049217e-03
26.200000, -1.065674e-03, -1.048885e-03, -1.048885e-03, -1.024545e-03
26.300000, -9.438266e-04, -1.057643e-03, -1.057643e-03, -9.326104e-04
26.400000, -1.007687e-03, -1.013555e-03, -1.013555e-03, -1.059645e-03
26.500000, -1.096603e-03, -9.706020e-04, -9.706020e-04, -8.973081e-04
26.600000, -9.820475e-04, -8.340447e-04, -8.340447e-04, -9.292741e-04
26.700000, -8.204158e-04, -9.266383e-04, -9.266383e-04, -8.126899e-04
26.800000, -8.309449e-04, -9.148569e-04, -9.148569e-04, -8.198326e-04
26.900000, -8.101830e-04, -7.394399e-04, -7.394399e-04, -8.892359e-04
27.000000, -6.977487e-04, -7.411574e-04, -7.411574e-04, -7.998858e-04
27.100000, -8.599981e-04, -7.638882e-04, -7.638882e-04, -8.327980e-04
27.200000, -7.235634e-04, -7.416090e-04, -7.416090e-04, -7.184397e-04
27.300000, -7.055646e-04, -6.953161e-04, -6.953161e-04, -6.988838e-04
27.400000, -5.750965e-04, -6.680605e-04, -6.680605e-04, -6.918728e-04
27.500000, -5.789449e-04, -6.567236e-04, -6.567236e-04, -6.598669e-04
27.600000, -5.824977e-04, -5.628914e-04, -5.628914e-04, -5.624702e-04
27.700000, -6.575279e-04, -6.156218e-04, -6.156218e-04, -5.861793e-04
27.800000, -6.126937e-04, -4.983453e-04, -4.983453e-04, -6.222462e-04
27.900000, -4.768392e-04, -5.389989e-04, -5.389989e-04, -6.564468e-04
28.000000, -4.485175e-04, -5.649579e-04, -5.649579e-04, -5.341156e-04
28.100000, -5.123801e-04, -4.922256e-04, -4.922256e-04, -4.816111e-04
28.200000, -4.343115e-04, -5.137264e-04, -5.137264e-04, -4.819674e-04
28.300000, -4.313329e-04, -4.854221e-04, -4.854221e-04, -4.384394e-04
28.400000, -5.137210e-04, -4.858424e-04, -4.858424e-04, -4.654312e-04
28.500000, -4.656334e-04, -4.663454e-04, -4.663454e-04, -4.806121e-04
28.600000, -4.736120e-04, -4.639604e-04, -4.639604e-04, -3.823085e-04
28.700000, -3.961749e-04, -3.741739e-04, -3.741739e-04, -4.024212e-04
28.800000, -4.362999e-04, -4.320966e-04, -4.320966e-04, -4.337870e-04
28.900000, -3.833034e-04, -4.158733e-04, -4.158733e-04, -4.096296e-04
29.000000, -3.982073e-04, -3.238017e-04, -3.238017e-04, -4.054532e-04
29.100000, -3.740057e-04, -4.192390e-04, -4.192390e-04, -3.447335e-04
29.200000, -3.748689e-04, -3.492112e-04, -3.492112e-04, -4.064202e-04
29.300000, -3.530630e-04, -3.922939e-04, -3.922939e-04, -3.628311e-04
29.400000, -3.491143e-04, -3.686820e-04, -3.686820e-04, -3.724497e-04
29.500000, -3.496972e-04, -3.225682e-04, -3.225682e-04, -3.595521e-04
29.600000, -3.515617e-04, -3.199152e-04, -3.199152e-04, -3.187316e-04
29.700000, -3.576037e-04, -3.239896e-04, -3.239896e-04, -3.176242e-04
29.800000, -3.135216e-04, -3.566928e-04, -3.566928e-04, -3.412191e-04
29.900000, -3.080100e-04, -3.438203e-04, -3.438203e-04, -3.374772e-04
30.000000, -3.474191e-04, -2.860701e-04, -2.860701e-04, -2.643857e-04
30.100000, -2.839892e-04, -2.710456e-04, -2.710456e-04, -3.492353e-04
30.200000, -3.061902e-04, -2.914184e-04, -2.914184e-04, -2.778635e-04
30.300000, -3.117441e-04, -2.870034e-04, -2.870034e-04, -2.976968e-04
30.400000, -2.351822e-04, -2.664785e-04, -2.664785e-04, -2.001784e-04
30.500000, -2.688969e-04, -2.522606e-04, -2.522606e-04, -2.526290e-04
30.600000, -2.091211e-04, -2.344355e-04, -2.344355e-04, -2.387909e-04
30.700000, -2.536688e-04, -2.362036e-04, -2.362036e-04, -2.738795e-04
30.800000, -2.296967e-04, -2.344957e-04, -2.344957e-04, -2.256037e-04
30.900000, -2.097161e-04, -2.408159e-04, -2.408159e-04, -2.067878e-04
31.000000, -2.162823e-04, -2.126030e-04, -2.126030e-04, -2.039227e-04
31.100000, -1.745803e-04, -2.120489e-04, -2.120489e-04, -2.205724e-04
31.200000, -2.076071e-04, -1.921810e-04, -1.921810e-04, -2.535953e-04
31.300000, -1.873137e-04, -2.061738e-04, -2.061738e-04, -1.996418e-04
31.400000, -1.901187e-04, -1.980782e-04, -1.980782e-04, -1.920442e-04
31.500000, -1.571025e-04, -1.790583e-04, -1.790583e-04, -1.834596e-04
31.600000, -1.272217e-04, -1.531494e-04, -1.531494e-04, -1.819081e-04
31.700000, -1.572134e-04, -1.182812e-04, -1.182812e-04, -1.551636e-04
31.800000, -1.464915e-04, -1.453519e-04, -1.453519e-04, -1.560806e-04
31.900000, -1.374771e-04, -1.165686e-04, -1.165686e-04, -1.307451e-04
32.000000, -1.126613e-04, -1.394193e-04, -1.394193e-04, -1.197666e-04
32.100000, -1.270684e-04, -1.253020e-04, -1.253020e-04, -1.086613e-04
32.200000, -1.283510e-04, -1.306808e-04, -1.306808e-04, -8.075477e-05
32.300000, -1.594576e-04, -1.248707e-04, -1.248707e-04, -1.153339e-04
32.400000, -1.315318e-04, -9.328685e-05, -9.328685e-05, -1.269960e-04
32.500000, -1.053052e-04, -1.084704e-04, -1.084704e-04, -8.048809e-05
32.600000, -8.600105e-05, -9.788560e-05, -9.788560e-05, -8.107449e-05
32.700000, -7.812648e-05, -7.847589e-05, -7.847589e-05, -1.030107e-04
32.800000, -6.171388e-05, -7.976835e-05, -7.976835e-05, -1.029762e-04
32.900000, -7.884559e-05, -9.869714e-05, -9.869714e-05, -7.326750e-05
33.000000, -8.200188e-05, -8.259991e-05, -8.259991e-05, -9.449363e-05
33.100000, -7.854425e-05, -7.289152e-05, -7.289152e-05, -7.107505e-05
33.200000, -6.478348e-05, -8.454262e-05, -8.454262e-05, -7.197693e-05
33.300000, -8.262776e-05, -6.430759e-05, -6.430759e-05, -6.976147e-05
33.400000, -6.342390e-05, -7.167311e-05, -7.167311e-05, -6.038580e-05
33.500000, -6.806057e-05, -6.001560e-05, -6.001560e-05, -6.914952e-05
33.600000, -6.851953e-05, -6.759431e-05, -6.759431e-05, -6.120231e-05
33.700000, -5.621340e-05, -6.022765e-05, -6.022765e-05, -8.122363e-05
33.800000, -5.524588e-05, -7.025229e-05, -7.025229e-05, -7.346453e-05
33.900000, -5.384263e-05, -6.044708e-05, -6.044708e-05, -5.366980e-05
34.000000, -6.719218e-05, -5.556177e-05, -5.556177e-05, -7.148704e-05
34.100000, -5.712870e-05, -4.588973e-05, -4.588973e-05, -5.443150e-05
34.200000, -5.633200e-05, -4.751150e-05, -4.751150e-05, -5.897952e-05
34.300000, -3.644748e-05, -5.788796e-05, -5.788796e-05, -6.468817e-05
34.400000, -4.182075e-05, -5.708847e-05, -5.708847e-05, -4.727310e-05
34.500000, -5.310770e-05, -4.445390e-05, -4.445390e-05, -4.826551e-05
34.600000, -5.178750e-05, -4.650712e-05, -4.650712e-05, -5.749380e-05
34.700000, -5.874613e-05, -5.196129e-05, -5.196129e-05, -4.794727e-05
34.800000, -4.427170e-05, -4.672431e-05, -4.672431e-05, -3.830966e-05
34.900000, -4.263229e-05, -4.333024e-05, -4.333024e-05, -4.529033e-05
35.000000, -4.705043e-05, -4.637515e-05, -4.637515e-05, -2.416896e-05
35.100000, -2.968830e-05, -4.740126e-05, -4.740126e-05, -4.696535e-05
35.200000, -3.824523e-05, -4.136068e-05, -4.136068e-05, -4.639629e-05
35.300000, -2.995688e-05, -4.364234e-05, -4.364234e-05, -5.372203e-05
35.400000, -3.106701e-05, -3.717400e-05, -3.717400e-05, -4.353246e-05
35.500000, -4.016771e-05, -4.053496e-05, -4.053496e-05, -4.124625e-05
35.600000, -3.932056e-05, -3.972896e-05, -3.972896e-05, -3.856989e-05
35.700000, -4.526238e-05, -3.894967e-05, -3.894967e-05, -3.477342e-05
35.800000, -3.398951e-05, -2.358260e-05, -2.358260e-05, -3.501739e-05
35.900000, -2.847649e-05, -2.974914e-05, -2.974914e-05, -2.705515e-05
36.000000, -2.646501e-05, -2.686857e-05, -2.686857e-05, -3.111443e-05
36.100000, -2.712011e-05, -3.361703e-05, -3.361703e-05, -3.089531e-05
36.200000, -2.674123e-05, -2.663572e-05, -2.663572e-05, -3.897391e-05
36.300000, -2.190778e-05, -2.564596e-05, -2.564596e-05, -3.227245e-05
36.400000, -2.302275e-05, -2.221210e-05, -2.221210e-05, -2.227829e-05
36.500000, -2.274542e-05, -2.502263e-05, -2.502263e-05, -2.681261e-05
36.600000, -2.105185e-05, -2.397927e-05, -2.397927e-05, -2.392158e-05
36.700000, -2.277595e-05, -1.969836e-05, -1.969836e-05, -2.469501e-05
36.800000, -1.680003e-05, -2.039605e-05, -2.039605e-05, -2.040987e-05
36.900000, -1.871708e-05, -1.654312e-05, -1.654312e-05, -1.898988e-05
37.000000, -1.522125e-05, -2.165126e-05, -2.165126e-05, -1.542821e-05
37.100000, -1.423289e-05, -1.326511e-05, -1.326511e-05, -1.128913e-05
37.200000, -8.050558e-06, -1.646877e-05, -1.646877e-05, -1.642929e-05
37.300000, -4.623562e-06, -1.426853e-05, -1.426853e-05, -1.542690e-05
37.400000, -1.442464e-05, -1.136111e-05, -1.136111e-05, -1.135617e-05
37.500000, -1.243295e-05, -9.104121e-06, -9.104121e-06, -3.392101e-06
37.600000, -7.747930e-06, -9.290781e-06, -9.290781e-06, -1.091426e-05
37.700000, -6.690874e-06, -9.759038e-06, -9.759038e-06, -1.042890e-05
37.800000, -3.460040e-06, -6.572824e-06, -6.572824e-06, -8.025142e-06
37.900000, -6.417200e-06, -5.453602e-06, -5.453602e-06, -8.199586e-06
38.000000, -7.535382e-06, -5.975227e-06, -5.975227e-06, -8.132425e-06
38.100000, -7.137289e-07, -3.679021e-06, -3.679021e-06, -6.225376e-06
38.200000, -6.063554e-06, -4.239989e-06, -4.239989e-06, -6.514844e-06
38.300000, -3.055014e-06, -3.736586e-06, -3.736586e-06, -7.974125e-06
38.400000, -2.793762e-06, -1.716676e-06, -1.716676e-06, -7.310021e-07
38.500000, -9.501099e-07, -1.149672e-06, -1.149672e-06, -4.630352e-06
38.600000, -1.362776e-06, -3.577438e-06, -3.577438e-06, -6.108721e-06
38.700000, -2.337155e-06, -2.961108e-07, -2.961108e-07, -3.360524e-06
38.800000, -9.215970e-08, -2.522056e-06, -2.522056e-06, -1.075665e-06
38.900000, -1.594842e-06, -2.994727e-06, -2.994727e-06, -5.440211e-06
39.000000, -1.441304e-06, -1.522776e-06, -1.522776e-06, -5.907327e-06
39.100000, -3.092807e-07, -1.594751e-06, -1.594751e-06, -2.574514e-06
39.200000, -4.215078e-06, -4.149520e-06, -4.149520e-06, -3.033805e-06
39.300000, 1.425622e-07, -2.224951e-06, -2.224951e-06, -1.802404e-06
39.400000, 3.921215e-08, -1.722997e-06, -1.722997e-06, -1.297692e-06
39.500000, -2.565478e-06, -2.729868e-06, -2.729868e-06, -2.317990e-06
39.600000, 1.274466e-06, -2.377158e-06, -2.377158e-06, -6.610308e-07
39.700000, -1.559500e-06, -1.954304e-06, -1.954304e-06, -3.349321e-06
39.800000, -1.677104e-06, -2.445871e-06, -2.445871e-06, -1.011891e-06
39.900000, -1.284689e-06, -2.546627e-06, -2.546627e-06, -4.760825e-06
40.000000, -4.150997e-06, -3.189402e-06, -3.189402e-06, -2.563800e-06
40.100000, -2.178631e-06, -2.228356e-06, -2.228356e-06, -2.930853e-06
40.200000, -2.056482e-06, -2.511220e-06, -2.511220e-06, -2.244782e-06
40.300000, -2.033216e-06, -2.627277e-06, -2.627277e-06, -3.823387e-06
40.400000, -3.953950e-06, -2.886121e-06, -2.886121e-06, -4.278586e-06
40.500000, -4.187119e-06, -2.811647e-06, -2.811647e-06, -4.652432e-06
40.600000, -2.159952e-06, -2.064636e-06, -2.064636e-06, -3.159527e-06
40.700000, -2.561574e-06, -2.660269e-06, -2.660269e-06, -4.780092e-06
40.800000, -4.863574e-06, -3.250708e-06, -3.250708e-06, -3.031934e-06
40.900000, -1.522615e-06, -4.035312e-06, -4.035312e-06, -6.029863e-06
41.000000, -3.182019e-06, -4.337885e-06, -4.337885e-06, -4.183117e-06
41.100000, -1.808317e-06, -3.423697e-06, -3.423697e-06, -4.644624e-06
41.200000, -3.115166e-06, -3.774784e-06, -3.774784e-06, -3.430973e-06
41.300000, -2.949437e-06, -3.573036e-06, -3.573036e-06, -3.566260e-06
41.400000, -1.488159e-06, -3.532408e-06, -3.532408e-06, -3.294101e-06
41.500000, -3.025565e-06, -2.784713e-06, -2.784713e-06, -3.532904e-06
41.600000, -4.124258e-06, -3.072419e-06, -3.072419e-06, -3.044786e-06
41.700000, -2.583424e-06, -3.709026e-06, -3.709026e-06, -2.805592e-06
41.800000, -1.283638e-06, -3.197167e-06, -3.197167e-06, -3.219938e-06
41.900000, -1.478801e-06, -2.003377e-06, -2.003377e-06, -3.583996e-06
42.000000, -2.171072e-06, -3.078539e-06, -3.078539e-06, -3.019561e-06
42.100000, -1.156011e-06, -2.326526e-06, -2.326526e-06, -3.087649e-06
42.200000, -2.440887e-06, -2.020045e-06, -2.020045e-06, -3.373663e-06
42.300000, -1.513299e-06, -1.772407e-06, -1.772407e-06, -2.459562e-06
42.400000, -2.546005e-06, -1.972415e-06, -1.972415e-06, -1.833088e-06
42.500000, -1.607332e-06, -2.061728e-06, -2.061728e-06, -1.854038e-06
42.600000, -9.573619e-07, -2.127115e-06, -2.127115e-06, -1.569326e-06
42.700000, -1.286789e-06, -1.560502e-06, -1.560502e-06, -1.583748e-06
42.800000, -9.780456e-07, -9.013339e-07, -9.013339e-07, -1.328418e-06
42.900000, -6.640624e-07, -7.034602e-07, -7.034602e-07, -1.361062e-06
43.000000, 5.434271e-07, -5.547356e-07, -5.547356e-07, -8.529004e-07
43.100000, -8.654097e-07, -9.441587e-07, -9.441587e-07, -1.368103e-06
43.200000, 6.587247e-08, -4.596930e-07, -4.596930e-07, -6.091120e-07
43.300000, -1.230808e-07, -9.225983e-07, -9.225983e-07, -5.682789e-07
43.400000, -2.115574e-07, -4.383795e-07, -4.383795e-07, -8.626350e-07
43.500000, 3.905552e-07, -2.235909e-07, -2.235909e-07, -1.091338e-06
43.600000, 1.030513e-07, 1.470921e-07, 1.470921e-07, -6.482407e-07
43.700000, -1.498258e-08, 5.393486e-07, 5.393486e-07, 2.773820e-07
43.800000, 1.163638e-06, -1.075882e-07, -1.075882e-07, -2.644966e-07
43.900000, -1.148133e-07, 4.130045e-07, 4.130045e-07, -2.377672e-07
44.000000, 3.259193e-07, 6.971532e-07, 6.971532e-07, -4.094652e-07
44.100000, 6.866434e-08, 1.097670e-07, 1.097670e-07, 1.217916e-07
44.200000, 3.912253e-07, 1.223472e-07, 1.223472e-07, 4.039406e-07
44.300000, 2.153519e-07, 2.585913e-07, 2.585913e-07, 5.442693e-09
44.400000, 1.469705e-06, 8.642472e-08, 8.642472e-08, 5.218640e-07
44.500000, 3.131552e-07, 1.161533e-07, 1.161533e-07, -1.605543e-08
44.600000, -9.228423e-08, 1.933815e-07, 1.933815e-07, -4.433203e-08
44.700000, 2.179213e-07, -1.779584e-07, -1.779584e-07, -3.469785e-07
44.800000, -2.482438e-07, 1.821360e-07, 1.821360e-07, -2.695932e-07
44.900000, -2.606620e-07, -2.881097e-07, -2.881097e-07, 3.164193e-07
45.000000, 1.108227e-07, -1.363480e-07, -1.363480e-07, 3.579564e-07
45.100000, -6.420050e-07, 3.917037e-08, 3.917037e-08, -5.597457e-09
45.200000, -1.153915e-07, -3.201532e-07, -3.201532e-07, -4.452771e-07
45.300000, -1.740653e-07, -4.585066e-07, -4.585066e-07, -5.742424e-07
45.400000, 3.200261e-07, -5.804761e-07, -5.804761e-07, -6.180976e-07
45.500000, -5.099975e-07, -7.064144e-07, -7.064144e-07, -7.738421e-07
45.600000, -2.095087e-07, -5.907198e-07, -5.907198e-07, -7.701573e-07
45.700000, -5.433266e-07, -4.411112e-07, -4.411112e-07, -6.593440e-07
45.800000, -5.649513e-07, -7.441014e-07, -7.441014e-07, -1.104703e-06
45.900000, -8.022865e-07, -4.165123e-07, -4.165123e-07, -1.013148e-06
46.000000, -6.807823e-07, -8.958641e-07, -8.958641e-07, -8.857645e-07
46.100000, -8.302073e-07, -7.276741e-07, -7.276741e-07, -8.812414e-07
46.200000, -7.244159e-07, -9.051360e-07, -9.051360e-07, -8.160060e-07
46.300000, -5.563500e-07, -8.619768e-07, -8.619768e-07, -6.776352e-07
46.400000, -8.573049e-07, -8.196751e-07, -8.196751e-07, -8.189368e-07
46.500000, -5.811973e-07, -6.800384e-07, -6.800384e-07, -7.708835e-07
46.600000, -8.207907e-07, -8.837121e-07, -8.837121e-07, -1.201585e-06
46.700000, -8.406030e-07, -9.097700e-07, -9.097700e-07, -9.449706e-07
46.800000, -7.199671e-07, -8.671941e-07, -8.671941e-07, -1.089450e-06
46.900000, -6.801202e-07, -7.643599e-07, -7.643599e-07, -8.632895e-07
47.000000, -8.136227e-07, -8.940430e-07, -8.940430e-07, -9.730013e-07
47.100000, -7.484873e-07, -7.204067e-07, -7.204067e-07, -7.015811e-07
47.200000, -7.400213e-07, -8.400647e-07, -8.400647e-07, -7.841221e-07
47.300000, -5.818750e-07, -6.976543e-07, -6.976543e-07, -8.188410e-07
47.400000, -6.109343e-07, -7.103175e-07, -7.103175e-07, -7.831057e-07
47.500000, -4.618566e-07, -6.567195e-07, -6.567195e-07, -7.087053e-07
47.600000, -5.485689e-07, -5.700501e-07, -5.700501e-07, -7.146376e-07
47.700000, -2.588345e-07, -5.130380e-07, -5.130380e-07, -5.786915e-07
47.800000, -3.874235e-07, -4.256304e-07, -4.256304e-07, -4.728853e-07
47.900000, -2.998177e-07, -4.103000e-07, -4.103000e-07, -4.664109e-07
48.000000, -2.150432e-07, -3.933744e-07, -3.933744e-07, -3.962249e-07
48.100000, -1.878549e-07, -2.986813e-07, -2.986813e-07, -3.915650e-07
48.200000, -1.322678e-07, -1.790335e-07, -1.790335e-07, -2.539573e-07
48.300000, -6.979196e-08, -1.011994e-07, -1.011994e-07, -1.918743e-07
48.400000, -2.803546e-08, -1.045396e-07, -1.045396e-07, -2.139716e-07
48.500000, 2.485553e-08, -1.847172e-08, -1.847172e-08, -8.888882e-08
48.600000, -2.738219e-08, 2.820489e-08, 2.820489e-08, -9.490247e-09
48.700000, 1.855470e-08, -8.217582e-10, -8.217581e-10, -5.591357e-08
48.800000, 8.656565e-08, 8.494117e-08, 8.494117e-08, 9.276358e-08
48.900000, 1.426639e-07, 6.111853e-08, 6.111853e-08, 8.345613e-08
49.000000, 8.785221e-08, 1.208669e-07, 1.208669e-07, 8.476147e-08
49.100000, 1.974943e-07, 1.492999e-07, 1.492999e-07, 9.792142e-08
49.200000, 2.053820e-07, 2.003929e-07, 2.003929e-07, 1.316297e-07
49.300000, 2.659127e-07, 1.843532e-07, 1.843532e-07, 1.729933e-07
49.400000, 2.048878e-07, 1.990001e-07, 1.990001e-07, 1.485751e-07
49.500000, 2.235514e-07, 1.929484e-07, 1.929484e-07, 2.065003e-07
49.600000, 2.565852e-07, 2.214736e-07, 2.214736e-07, 1.664793e-07
49.700000, 2.383763e-07, 1.904964e-07, 1.904964e-07, 1.955810e-07
49.800000, 2.115501e-07, 1.875237e-07, 1.875237e-07, 1.866875e-07
49.900000, 2.263970e-07, 2.203939e-07, 2.203939e-07, 1.607684e-07
50.000000, 1.959667e-07, 1.635287e-07, 1.635287e-07, 1.456149e-07
50.100000, 1.997284e-07, 1.572918e-07, 1.572918e-07, 1.736696e-07
50.200000, 1.415160e-07, 1.424340e-07, 1.424340e-07, 1.049896e-07
50.300000, 1.847459e-07, 1.674428e-07, 1.674428e-07, 1.344620e-07
50.400000, 1.379661e-07, 1.172641e-07, 1.172641e-07, 1.108811e-07
50.500000, 1.288552e-07, 1.135008e-07, 1.135008e-07, 8.164718e-08
50.600000, 1.081760e-07, 8.016730e-08, 8.016730e-08, 6.369988e-08
50.700000, 7.080676e-08, 7.093706e-08, 7.093706e-08, 5.270419e-08
50.800000, 5.844414e-08, 3.380432e-08, 3.380432e-08, 1.832901e-08
50.900000, 3.164297e-08, 2.902715e-08, 2.902715e-08, 2.620788e-08
51.000000, 6.836364e-10, 2.507016e-10, 2.507016e-10, 1.021244e-08
51.100000, -3.966338e-09, -1.290370e-08, -1.290370e-08, -3.496730e-08
51.200000, -2.429582e-08, -4.472649e-08, -4.472649e-08, -4.188634e-08
51.300000, -4.043909e-08, -5.446022e-08, -5.446022e-08, -7.404148e-08
51.400000, -6.571170e-08, -6.820659e-08, -6.820659e-08, -6.654527e-08
51.500000, -7.177059e-08, -8.205331e-08, -8.205331e-08, -1.115611e-07
51.600000, -9.160856e-08, -8.321164e-08, -8.321164e-08, -1.044787e-07
51.700000, -8.634511e-08, -1.037225e-07, -1.037225e-07, -1.106236e-07
51.800000, -8.307639e-08, -1.076491e-07, -1.076491e-07, -1.275710e-07
51.900000, -8.725806e-08, -1.144369e-07, -1.144369e-07, -1.159944e-07
52.000000, -8.979450e-08, -1.195866e-07, -1.195866e-07, -1.186726e-07
52.100000, -9.905249e-08, -1.215702e-07, -1.215702e-07, -1.349843e-07
52.200000, -1.162239e-07, -1.187321e-07, -1.187321e-07, -1.355799e-07
52.300000, -1.241405e-07, -1.274355e-07, -1.274355e-07, -1.435206e-07
52.400000, -1.100205e-07, -1.240682e-07, -1.240682e-07, -1.343351e-07
52.500000, -1.130554e-07, -1.129204e-07, -1.129204e-07, -1.350329e-07
52.600000, -9.964384e-08, -1.098736e-07, -1.098736e-07, -1.176880e-07
52.700000, -8.759350e-08, -1.039134e-07, -1.039134e-07, -1.139748e-07
52.800000, -8.922186e-08, -9.476695e-08, -9.476695e-08, -1.054744e-07
52.900000, -6.915095e-08, -8.576878e-08, -8.576878e-08, -1.053798e-07
53.000000, -5.214115e-08, -8.340568e-08, -8.340568e-08, -9.163718e-08
53.100000, -5.721521e-08, -6.311242e-08, -6.311242e-08, -7.466514e-08
53.200000, -4.427093e-08, -5.726698e-08, -5.726698e-08, -5.761965e-08
53.300000, -4.075009e-08, -4.438560e-08, -4.438560e-08, -5.631106e-08
53.400000, -2.405571e-08, -3.428334e-08, -3.428334e-08, -3.911864e-08
53.500000, -1.201571e-08, -2.123065e-08, -2.123065e-08, -3.184171e-08
53.600000, -3.833477e-10, -1.342454e-08, -1.342454e-08, -1.989713e-08
53.700000, 8.478636e-09, -7.495436e-09, -7.495436e-09, -1.405761e-08
53.800000, 1.465640e-08, 4.337255e-09, 4.337255e-09, -3.596884e-10
53.900000, 2.520643e-08, 9.529624e-09, 9.529624e-09, 4.878319e-09
54.000000, 2.897705e-08, 2.512127e-08, 2.512127e-08, 1.588819e-08
54.100000, 4.608830e-08, 2.939823e-08, 2.939823e-08, 2.779778e-08
54.200000, 4.384370e-08, 4.222987e-08, 4.222987e-08, 3.677833e-08
54.300000, 5.030585e-08, 4.479816e-08, 4.479816e-08, 4.043270e-08
54.400000, 5.830224e-08, 4.886913e-08, 4.886913e-08, 4.711420e-08
54.500000, 6.242718e-08, 5.782126e-08, 5.782126e-08, 5.188208e-08
54.600000, 6.303428e-08, 5.780776e-08, 5.780776e-08, 5.115460e-08
54.700000, 6.332186e-08, 5.996654e-08, 5.996654e-08, 5.801284e-08
54.800000, 6.319084e-08, 6.180764e-08, 6.180764e-08, 6.439904e-08
54.900000, 6.628256e-08, 6.046259e-08, 6.046259e-08, 5.952897e-08
55.000000, 6.594070e-08, 5.846013e-08, 5.846013e-08, 5.762185e-08
55.100000, 6.103662e-08, 5.968960e-08, 5.968960e-08, 5.694824e-08
55.200000, 6.023865e-08, 5.601263e-08, 5.601263e-08, 5.687032e-08
55.300000, 5.386198e-08, 5.598953e-08, 5.598953e-08, 5.061529e-08
55.400000, 5.376750e-08, 5.262536e-08, 5.262536e-08, 4.899169e-08
55.500000, 4.907243e-08, 4.710108e-08, 4.710108e-08, 4.902392e-08
55.600000, 4.841572e-08, 4.405308e-08, 4.405308e-08, 4.134463e-08
55.700000, 4.017764e-08, 3.588567e-08, 3.588567e-08, 4.000675e-08
55.800000, 3.387953e-08, 3.465098e-08, 3.465098e-08, 3.128740e-08
55.900000, 3.188489e-08, 2.975028e-08, 2.975028e-08, 2.966179e-08
56.000000, 2.547979e-08, 2.518003e-08, 2.518003e-08, 2.041167e-08
56.100000, 1.949398e-08, 1.883119e-08, 1.883119e-08, 1.531379e-08
56.200000, 1.899334e-08, 1.484428e-08, 1.484428e-08, 1.153963e-08
56.300000, 1.197033e-08, 6.921507e-09, 6.921507e-09, 7.337539e-09
56.400000, 5.219131e-09, 3.335029e-09, 3.335029e-09, 1.801364e-09
56.500000, 6.179908e-10, -1.430935e-09, -1.430935e-09, -2.518490e-09
56.600000, -3.711279e-09, -7.413676e-09, -7.413676e-09, -6.327572e-09
56.700000, -6.402506e-09, -1.046836e-08, -1.046836e-08, -8.405346e-09
56.800000, -1.129689e-08, -1.459558e-08, -1.459558e-08, -1.566710e-08
56.900000, -1.459636e-08, -1.752730e-08, -1.752730e-08, -1.749656e-08
57.000000, -1.991209e-08, -1.973495e-08, -1.973495e-08, -2.000050e-08
57.100000, -2.004113e-08, -2.314170e-08, -2.314170e-08, -2.219261e-08
57.200000, -2.204193e-08, -2.462394e-08, -2.462394e-08, -2.447272e-08
57.300000, -2.308718e-08, -2.533325e-08, -2.533325e-08, -2.550253e-08
57.400000, -2.426678e-08, -2.782820e-08, -2.782820e-08, -2.893460e-08
57.500000, -2.562825e-08, -2.605310e-08, -2.605310e-08, -2.766271e-08
57.600000, -2.514557e-08, -2.689587e-08, -2.689587e-08, -2.786293e-08
57.700000, -2.524447e-08, -2.712527e-08, -2.712527e-08, -2.897286e-08
57.800000, -2.454224e-08, -2.678360e-08, -2.678360e-08, -2.744704e-08
57.900000, -2.288302e-08, -2.625849e-08, -2.625849e-08, -2.672158e-08
58.000000, -2.172579e-08, -2.446191e-08, -2.446191e-08, -2.562483e-08
58.100000, -2.074562e-08, -2.349855e-08, -2.349855e-08, -2.435991e-08
58.200000, -2.043990e-08, -2.148877e-08, -2.148877e-08, -2.204377e-08
58.300000, -1.801664e-08, -1.974780e-08, -1.974780e-08, -2.026433e-08
58.400000, -1.507302e-08, -1.727095e-08, -1.727095e-08, -1.860752e-08
58.500000, -1.301300e-08, -1.492271e-08, -1.492271e-08, -1.591789e-08
58.600000, -1.167548e-08, -1.212552e-08, -1.212552e-08, -1.301876e-08
58.700000, -8.253243e-09, -1.046204e-08, -1.046204e-08, -1.057548e-08
58.800000, -6.027222e-09, -7.712563e-09, -7.712563e-09, -7.566176e-09
58.900000, -3.431812e-09, -5.023297e-09, -5.023297e-09, -6.235003e-09
59.000000, -1.154480e-09, -2.618944e-09, -2.618944e-09, -3.268587e-09
59.100000, 1.319506e-09, -1.187483e-09, -1.187483e-09, -6.849449e-10
59.200000, 2.509925e-09, 1.690173e-09, 1.690173e-09, 2.079748e-09
59.300000, 4.842218e-09, 3.304783e-09, 3.304782e-09, 3.725837e-09
59.400000, 6.287103e-09, 5.279154e-09, 5.279154e-09, 5.461439e-09
59.500000, 8.394334e-09, 7.406715e-09, 7.406715e-09, 7.331389e-09
59.600000, 8.389212e-09, 8.510842e-09, 8.510842e-09, 9.488940e-09
59.700000, 1.068318e-08, 9.855704e-09, 9.855704e-09, 1.094107e-08
59.800000, 1.167073e-08, 1.090344e-08, 1.090344e-08, 1.189313e-08
59.900000, 1.267285e-08, 1.201481e-08, 1.201481e-08, 1.270227e-08
60.000000, 1.285391e-08, 1.265169e-08, 1.265169e-08, 1.350916e-08
60.100000, 1.395750e-08, 1.305939e-08, 1.305939e-08, 1.361579e-08
60.200000, 1.413009e-08, 1.321060e-08, 1.321060e-08, 1.415453e-08
60.300000, 1.338711e-08, 1.331860e-08, 1.331860e-08, 1.392964e-08
60.400000, 1.348488e-08, 1.287917e-08, 1.287917e-08, 1.404525e-08
60.500000, 1.311854e-08, 1.280449e-08, 1.280449e-08, 1.375493e-08
60.600000, 1.240737e-08, 1.221532e-08, 1.221532e-08, 1.316915e-08
60.700000, 1.171197e-08, 1.206499e-08, 1.206499e-08, 1.253991e-08
60.800000, 1.062187e-08, 1.096399e-08, 1.096399e-08, 1.171553e-08
60.900000, 1.022916e-08, 1.013026e-08, 1.013026e-08, 1.109745e-08
61.000000, 9.234686e-09, 9.223890e-09, 9.223890e-09, 1.010403e-08
61.100000, 7.957988e-09, 8.040991e-09, 8.040991e-09, 9.168230e-09
61.200000, 7.251058e-09, 6.825542e-09, 6.825542e-09, 8.297204e-09
61.300000, 6.104695e-09, 5.583921e-09, 5.583921e-09, 6.688078e-09
61.400000, 4.870276e-09, 4.583586e-09, 4.583586e-09, 5.962325e-09
61.500000, 3.625316e-09, 3.256439e-09, 3.256439e-09, 4.512419e-09
61.600000, 2.481735e-09, 2.241387e-09, 2.241387e-09, 3.204749e-09
61.700000, 1.015273e-09, 1.006847e-09, 1.006847e-09, 2.020352e-09
61.800000, 6.855916e-11, 1.976409e-12, 1.976342e-12, 8.837771e-10
61.900000, -1.043507e-09, -1.068152e-09, -1.068152e-09, -3.092779e-12
62.000000, -1.904641e-09, -2.156387e-09, -2.156387e-09, -9.262166e-10
62.100000, -2.662246e-09, -2.899464e-09, -2.899464e-09, -1.887884e-09
62.200000, -3.335464e-09, -3.803486e-09, -3.803487e-09, -2.736742e-09
62.300000, -4.170519e-09, -4.255439e-09, -4.255439e-09, -3.362787e-09
62.400000, -4.863282e-09, -5.029886e-09, -5.029886e-09, -4.153393e-09
62.500000, -5.300842e-09, -5.430500e-09, -5.430500e-09, -4.606267e-09
62.600000, -5.493600e-09, -5.892986e-09, -5.892986e-09, -5.033414e-09
62.700000, -5.989553e-09, -6.195074e-09, -6.195074e-09, -5.429287e-09
62.800000, -6.269104e-09, -6.445750e-09, -6.445750e-09, -5.550306e-09
62.900000, -6.310654e-09, -6.488903e-09, -6.488903e-09, -5.680184e-09
63.000000, -6.413538e-09, -6.511426e-09, -6.511426e-09, -5.565887e-09
63.100000, -6.344603e-09, -6.499397e-09, -6.499397e-09, -5.650167e-09
63.200000, -6.019901e-09, -6.284583e-09, -6.284583e-09, -5.313231e-09
63.300000, -5.765278e-09, -5.955668e-09, -5.955668e-09, -5.091308e-09
63.400000, -5.442844e-09, -5.741387e-09, -5.741387e-09, -4.819190e-09
63.500000, -5.091974e-09, -5.266353e-09, -5.266353e-09, -4.479754e-09
63.600000, -4.469339e-09, -4.905731e-09, -4.905731e-09, -3.894561e-09
63.700000, -4.211668e-09, -4.323618e-09, -4.323618e-09, -3.480124e-09
63.800000, -3.521266e-09, -3.869461e-09, -3.869461e-09, -2.971896e-09
63.900000, -3.119025e-09, -3.329334e-09, -3.329334e-09, -2.398078e-09
64.000000, -2.492072e-09, -2.733542e-09, -2.733542e-09, -1.894669e-09
64.100000, -2.006052e-09, -2.130947e-09, -2.130947e-09, -1.376621e-09
64.200000, -1.442792e-09, -1.645319e-09, -1.645319e-09, -7.108105e-10
64.300000, -8.978809e-10, -1.020822e-09, -1.020822e-09, -1.462640e-10
64.400000, -3.472623e-10, -5.055309e-10, -5.055309e-10, 4.216025e-10
64.500000, 1.962861e-10, 9.745858e-11, 9.745860e-11, 8.788159e-10
64.600000, 6.863063e-10, 5.698852e-10, 5.698852e-10, 1.431873e-09
64.700000, 1.137068e-09, 1.020107e-09, 1.020107e-09, 1.883364e-09
64.800000, 1.609016e-09, 1.436756e-09, 1.436756e-09, 2.367998e-09
64.900000, 1.909158e-09, 1.856273e-09, 1.856273e-09, 2.699909e-09
65.000000, 2.290810e-09, 2.169427e-09, 2.169426e-09, 3.088558e-09
65.100000, 2.523527e-09, 2.426570e-09, 2.426570e-09, 3.384072e-09
65.200000, 2.719476e-09, 2.667850e-09, 2.667850e-09, 3.638867e-09
65.300000, 2.935369e-09, 2.868232e-09, 2.868232e-09, 3.811050e-09
65.400000, 3.028600e-09, 3.013872e-09, 3.013872e-09, 3.984590e-09
65.500000, 3.101623e-09, 3.087124e-09, 3.087124e-09, 4.038371e-09
65.600000, 3.171448e-09, 3.091551e-09, 3.091551e-09, 4.112792e-09
65.700000, 3.114936e-09, 3.119046e-09, 3.119046e-09, 4.000671e-09
65.800000, 3.069019e-09, 3.053062e-09, 3.053062e-09, 3.991743e-09
65.900000, 2.966062e-09, 2.951170e-09, 2.951170e-09, 3.884571e-09
66.000000, 2.847889e-09, 2.792180e-09, 2.792180e-09, 3.785725e-09
66.100000, 2.637111e-09, 2.648579e-09, 2.648579e-09, 3.548925e-09
66.200000, 2.490031e-09, 2.433918e-09, 2.433918e-09, 3.352917e-09
66.300000, 2.215904e-09, 2.200648e-09, 2.200648e-09, 3.107821e-09
66.400000, 1.971030e-09, 1.946805e-09, 1.946805e-09, 2.862505e-09
66.500000, 1.685598e-09, 1.700162e-09, 1.700162e-09, 2.567735e-09
66.600000, 1.445266e-09, 1.416720e-09, 1.416720e-09, 2.301812e-09
66.700000, 1.168663e-09, 1.147282e-09, 1.147282e-09, 1.993758e-09
66.800000, 9.119101e-10, 8.556194e-10, 8.556194e-10, 1.745344e-09
66.900000, 6.243977e-10, 5.757942e-10, 5.757941e-10, 1.411959e-09
67.000000, 3.386544e-10, 2.727617e-10, 2.727616e-10, 1.167993e-09
67.100000, 5.685224e-11, 2.383577e-11, 2.383572e-11, 8.273242e-10
67.200000, -1.831062e-10, -2.545111e-10, -2.545112e-10, 5.868240e-10
67.300000, -4.563843e-10, -4.887958e-10, -4.887958e-10, 2.972852e-10
67.400000, -6.698172e-10, -7.155352e-10, -7.155352e-10, 5.342699e-11
67.500000, -8.822727e-10, -9.101827e-10, -9.101827e-10, -1.759193e-10
67.600000, -1.043835e-09, -1.122992e-09, -1.122992e-09, -3.299582e-10
67.700000, -1.218229e-09, -1.279268e-09, -1.279268e-09, -5.401652e-10
67.800000, -1.309407e-09, -1.424219e-09, -1.424219e-09, -6.669995e-10
67.900000, -1.452548e-09, -1.528491e-09, -1.528491e-09, -8.299318e-10
68.000000, -1.512902e-09, -1.625120e-09, -1.625120e-09, -9.038654e-10
68.100000, -1.575167e-09, -1.681042e-09, -1.681042e-09, -1.012114e-09
68.200000, -1.607329e-09, -1.731367e-09, -1.731367e-09, -1.034428e-09
68.300000, -1.625120e-09, -1.733385e-09, -1.733385e-09, -1.067710e-09
68.400000, -1.604641e-09, -1.740235e-09, -1.740236e-09, -1.055470e-09
68.500000, -1.582285e-09, -1.702726e-09, -1.702726e-09, -1.058227e-09
68.600000, -1.513672e-09, -1.658572e-09, -1.658572e-09, -9.891289e-10
68.700000, -1.451586e-09, -1.585086e-09, -1.585086e-09, -9.701203e-10
68.800000, -1.350965e-09, -1.505805e-09, -1.505805e-09, -8.530887e-10
68.900000, -1.264484e-09, -1.391811e-09, -1.391811e-09, -7.902695e-10
69.000000, -1.132524e-09, -1.288047e-09, -1.288047e-09, -6.627594e-10
69.100000, -1.012899e-09, -1.156565e-09, -1.156565e-09, -5.731664e-10
69.200000, -8.852764e-10, -1.034031e-09, -1.034031e-09, -4.135496e-10
69.300000, -7.529369e-10, -8.851787e-10, -8.851787e-10, -3.135248e-10
69.400000, -5.925203e-10, -7.627448e-10, -7.627449e-10, -1.498103e-10
69.500000, -4.683432e-10, -6.133817e-10, -6.133817e-10, -5.860819e-11
69.600000, -3.077609e-10, -4.805657e-10, -4.805657e-10, 1.126030e-10
69.700000, -1.954149e-10, -3.272669e-10, -3.272669e-10, 2.123725e-10
69.800000, -4.178220e-11, -2.031887e-10, -2.031887e-10, 3.796961e-10
69.900000, 6.872989e-11, -6.475845e-11, -6.475845e-11, 4.719491e-10
70.000000, 1.987799e-10, 4.080905e-11, 4.080906e-11, 6.172435e-10
70.100000, 3.030616e-10, 1.626213e-10, 1.626213e-10, 7.003981e-10
70.200000, 4.098943e-10, 2.595086e-10, 2.595086e-10, 8.193388e-10
70.300000, 4.915217e-10, 3.614968e-10, 3.614968e-10, 8.852548e-10
70.400000, 5.820010e-10, 4.305304e-10, 4.305304e-10, 9.900934e-10
70.500000, 6.333044e-10, 5.082432e-10, 5.082432e-10, 1.032911e-09
70.600000, 6.941878e-10, 5.461407e-10, 5.461408e-10, 1.119043e-09
70.700000, 7.175393e-10, 5.978502e-10, 5.978501e-10, 1.119132e-09
70.800000, 7.610292e-10, 6.196789e-10, 6.196789e-10, 1.173195e-09
70.900000, 7.634107e-10, 6.423617e-10, 6.423617e-10, 1.161402e-09
71.000000, 7.795975e-10, 6.384602e-10, 6.384601e-10, 1.182094e-09
71.100000, 7.592312e-10, 6.408967e-10, 6.408967e-10, 1.148400e-09
71.200000, 7.561665e-10, 6.138123e-10, 6.138122e-10, 1.155656e-09
71.300000, 7.116829e-10, 5.937907e-10, 5.937907e-10, 1.097597e-09
71.400000, 6.901473e-10, 5.477531e-10, 5.477531e-10, 1.079467e-09
71.500000, 6.288392e-10, 5.133924e-10, 5.133924e-10, 1.006532e-09
71.600000, 5.887057e-10, 4.500048e-10, 4.500048e-10, 9.752066e-10
71.700000, 5.254699e-10, 4.042308e-10, 4.042308e-10, 8.906513e-10
71.800000, 4.767153e-10, 3.334270e-10, 3.334269e-10, 8.491580e-10
71.900000, 3.918740e-10, 2.750659e-10, 2.750659e-10, 7.532764e-10
72.000000, 3.366801e-10, 1.979817e-10, 1.979817e-10, 7.029707e-10
72.100000, 2.483076e-10, 1.363985e-10, 1.363984e-10, 6.020216e-10
72.200000, 1.909135e-10, 5.636483e-11, 5.636482e-11, 5.518034e-10
72.300000, 1.058074e-10, -4.837935e-12, -4.837971e-12, 4.549132e-10
72.400000, 4.980273e-11, -8.288534e-11, -8.288540e-11, 4.032307e-10
72.500000, -2.811391e-11, -1.403616e-10, -1.403616e-10, 3.089411e-10
72.600000, -7.360620e-11, -2.127871e-10, -2.127871e-10, 2.639459e-10
72.700000, -1.434549e-10, -2.633876e-10, -2.633875e-10, 1.780441e-10
72.800000, -1.808475e-10, -3.281135e-10, -3.281135e-10, 1.447232e-10
72.900000, -2.407893e-10, -3.692782e-10, -3.692782e-10, 6.887405e-11
73.000000, -2.739688e-10, -4.243372e-10, -4.243373e-10, 4.434008e-11
73.100000, -3.240682e-10, -4.547621e-10, -4.547621e-10, -2.104863e-11
73.200000, -3.448732e-10, -4.940792e-10, -4.940792e-10, -3.235973e-11
73.300000, -3.820190e-10, -5.090560e-10, -5.090560e-10, -8.451501e-11
73.400000, -3.882670e-10, -5.372355e-10, -5.372355e-10, -8.641648e-11
73.500000, -4.138413e-10, -5.420447e-10, -5.420447e-10, -1.282926e-10
73.600000, -4.054058e-10, -5.563798e-10, -5.563798e-10, -1.163605e-10
73.700000, -4.171044e-10, -5.471288e-10, -5.471288e-10, -1.437885e-10
73.800000, -3.977810e-10, -5.505273e-10, -5.505273e-10, -1.204910e-10
73.900000, -3.981016e-10, -5.309688e-10, -5.309688e-10, -1.336228e-10
74.000000, -3.701324e-10, -5.225249e-10, -5.225249e-10, -9.770713e-11
74.100000, -3.611086e-10, -4.938952e-10, -4.938952e-10, -1.012586e-10
74.200000, -3.244979e-10, -4.759570e-10, -4.759570e-10, -5.963457e-11
74.300000, -3.099269e-10, -4.397560e-10, -4.397560e-10, -5.593125e-11
74.400000, -2.670412e-10, -4.163263e-10, -4.163263e-10, -5.321837e-12
74.500000, -2.469725e-10, -3.749466e-10, -3.749466e-10, 4.282118e-12
74.600000, -2.003542e-10, -3.472798e-10, -3.472798e-10, 5.981644e-11
74.700000, -1.745120e-10, -3.028890e-10, -3.028890e-10, 7.528883e-11
74.800000, -1.248029e-10, -2.727971e-10, -2.727970e-10, 1.301379e-10
74.900000, -9.940813e-11, -2.287371e-10, -2.287371e-10, 1.450570e-10
75.000000, -4.905850e-11, -1.980169e-10, -1.980169e-10, 2.012780e-10
75.100000, -2.357593e-11, -1.532181e-10, -1.532181e-10, 2.149550e-10
75.200000, 2.296643e-11, -1.256535e-10, -1.256535e-10, 2.707392e-10
75.300000, 4.360281e-11, -8.475905e-11, -8.475903e-11, 2.825087e-10
75.400000, 8.441409e-11, -5.980135e-11, -5.980132e-11, 3.322930e-10
75.500000, 1.018927e-10, -2.375598e-11, -2.375597e-11, 3.385892e-10
75.600000, 1.381499e-10, -4.306029e-12, -4.305987e-12, 3.836152e-10
75.700000, 1.488561e-10, 2.752709e-11, 2.752711e-11, 3.841688e-10
75.800000, 1.802489e-10, 4.107542e-11, 4.107544e-11, 4.238386e-10
75.900000, 1.839233e-10, 6.600986e-11, 6.600985e-11, 4.197373e-10
76.000000, 2.077874e-10, 7.298221e-11, 7.298224e-11, 4.515488e-10
76.100000, 2.066133e-10, 9.112462e-11, 9.112466e-11, 4.411460e-10
76.200000, 2.241192e-10, 9.076350e-11, 9.076350e-11, 4.675278e-10
76.300000, 2.173239e-10, 1.020865e-10, 1.020865e-10, 4.504223e-10
76.400000, 2.284419e-10, 9.651154e-11, 9.651149e-11, 4.694364e-10
76.500000, 2.146088e-10, 1.014221e-10, 1.014221e-10, 4.472013e-10
76.600000, 2.198017e-10, 9.101699e-11, 9.101702e-11, 4.612014e-10
76.700000, 2.012750e-10, 9.043309e-11, 9.043308e-11, 4.335880e-10
76.800000, 2.000809e-10, 7.387831e-11, 7.387831e-11, 4.425452e-10
76.900000, 1.762976e-10, 6.821000e-11, 6.821000e-11, 4.104150e-10
77.000000, 1.723380e-10, 4.725909e-11, 4.725908e-11, 4.147507e-10
77.100000, 1.462203e-10, 3.846187e-11, 3.846189e-11, 3.787591e-10
77.200000, 1.400437e-10, 1.550585e-11, 1.550588e-11, 3.794904e-10
77.300000, 1.120587e-10, 4.346112e-12, 4.346112e-12, 3.416742e-10
77.400000, 1.040701e-10, -1.983836e-11, -1.983835e-11, 3.403511e-10
77.500000, 7.602952e-11, -3.216901e-11, -3.216894e-11, 3.021722e-10
77.600000, 6.602026e-11, -5.714499e-11, -5.714502e-11, 2.992141e-10
77.700000, 3.778266e-11, -6.903929e-11, -6.903931e-11, 2.610865e-10
77.800000, 2.883379e-11, -9.332395e-11, -9.332397e-11, 2.591531e-10
77.900000, 1.041165e-12, -1.037210e-10, -1.037210e-10, 2.213934e-10
78.000000, -6.046448e-12, -1.260787e-10, -1.260787e-10, 2.200917e-10
78.100000, -3.129882e-11, -1.346621e-10, -1.346622e-10, 1.858816e-10
78.200000, -3.612159e-11, -1.552215e-10, -1.552215e-10, 1.872484e-10
78.300000, -5.829852e-11, -1.618857e-10, -1.618857e-10, 1.547055e-10
78.400000, -6.068570e-11, -1.794630e-10, -1.794631e-10, 1.591830e-10
78.500000, -8.035832e-11, -1.832187e-10, -1.832187e-10, 1.301585e-10
78.600000, -7.905077e-11, -1.973254e-10, -1.973254e-10, 1.367623e-10
78.700000, -9.454191e-11, -1.973557e-10, -1.973556e-10, 1.114942e-10
78.800000, -9.074253e-11, -2.077964e-10, -2.077963e-10, 1.217087e-10
78.900000, -1.033153e-10, -2.047327e-10, -2.047327e-10, 9.988649e-11
79.000000, -9.612730e-11, -2.121762e-10, -2.121762e-10, 1.134037e-10
79.100000, -1.051510e-10, -2.062003e-10, -2.062003e-10, 9.501008e-11
79.200000, -9.432311e-11, -2.104879e-10, -2.104879e-10, 1.116995e-10
79.300000, -1.003683e-10, -2.013690e-10, -2.013690e-10, 9.657318e-11
79.400000, -8.709460e-11, -2.032103e-10, -2.032103e-10, 1.161415e-10
79.500000, -9.086932e-11, -1.914498e-10, -1.914498e-10, 1.040295e-10
79.600000, -7.555021e-11, -1.904669e-10, -1.904668e-10, 1.253199e-10
79.700000, -7.705148e-11, -1.769021e-10, -1.769021e-10, 1.149747e-10
79.800000, -5.955488e-11, -1.740812e-10, -1.740812e-10, 1.381188e-10
79.900000, -5.970653e-11, -1.593108e-10, -1.593108e-10, 1.292382e-10
80.000000, -4.136123e-11, -1.550043e-10, -1.550043e-10, 1.534291e-10
80.100000, -4.003789e-11, -1.391322e-10, -1.391322e-10, 1.463629e-10
80.200000, -2.119001e-11, -1.344036e-10, -1.344036e-10, 1.712532e-10
80.300000, -1.987202e-11, -1.181971e-10, -1.181971e-10, 1.646625e-10
80.400000, -1.106391e-12, -1.135670e-10, -1.135670e-10, 1.895147e-10
80.500000, -3.303972e-13, -9.789938e-11, -9.789932e-11, 1.824163e-10
80.600000, 1.736321e-11, -9.352308e-11, -9.352304e-11, 2.063515e-10
80.700000, 1.750724e-11, -7.864999e-11, -7.864997e-11, 1.989669e-10
80.800000, 3.365067e-11, -7.532795e-11, -7.532795e-11, 2.218974e-10
80.900000, 3.253377e-11, -6.175365e-11, -6.175360e-11, 2.132199e-10
81.000000, 4.791905e-11, -5.988224e-11, -5.988221e-11, 2.349295e-10
81.100000, 4.593731e-11, -4.776622e-11, -4.776617e-11, 2.248993e-10
81.200000, 5.972848e-11, -4.724376e-11, -4.724372e-11, 2.442679e-10
81.300000, 5.598872e-11, -3.695060e-11, -3.695056e-11, 2.327635e-10
81.400000, 6.763806e-11, -3.826071e-11, -3.826069e-11, 2.504121e-10
81.500000, 6.180540e-11, -2.985571e-11, -2.985567e-11, 2.373053e-10
81.600000, 7.146623e-11, -3.288008e-11, -3.288007e-11, 2.532158e-10
81.700000, 6.427627e-11, -2.610829e-11, -2.610827e-11, 2.382820e-10
81.800000, 7.198981e-11, -3.101965e-11, -3.101963e-11, 2.520573e-10
81.900000, 6.331093e-11, -2.607894e-11, -2.607892e-11, 2.356607e-10
82.000000, 6.951557e-11, -3.237545e-11, -3.237545e-11, 2.478196e-10
82.100000, 5.944603e-11, -2.913009e-11, -2.913003e-11, 2.302569e-10
82.200000, 6.440647e-11, -3.661975e-11, -3.661971e-11, 2.409507e-10
82.300000, 5.363527e-11, -3.451354e-11, -3.451348e-11, 2.222906e-10
82.400000, 5.758454e-11, -4.291365e-11, -4.291366e-11, 2.318378e-10
82.500000, 4.560693e-11, -4.168593e-11, -4.168594e-11, 2.123040e-10
82.600000, 4.877281e-11, -5.094703e-11, -5.094701e-11, 2.209766e-10
82.700000, 3.624025e-11, -5.046029e-11, -5.046027e-11, 2.012832e-10
82.800000, 3.860022e-11, -6.023950e-11, -6.023949e-11, 2.092121e-10
82.900000, 2.610157e-11, -6.029948e-11, -6.029950e-11, 1.891967e-10
83.000000, 2.811508e-11, -7.001264e-11, -7.001262e-11, 1.967584e-10
83.100000, 1.554208e-11, -6.995364e-11, -6.995366e-11, 1.767088e-10
83.200000, 1.794715e-11, -7.960089e-11, -7.960084e-11, 1.844252e-10
83.300000, 5.933190e-12, -7.933179e-11, -7.933175e-11, 1.649744e-10
83.400000, 8.632405e-12, -8.859572e-11, -8.859573e-11, 1.727809e-10
83.500000, -2.627664e-12, -8.806289e-11, -8.806288e-11, 1.537574e-10
83.600000, 7.388233e-13, -9.654733e-11, -9.654732e-11, 1.617623e-10
83.700000, -9.885684e-12, -9.525549e-11, -9.525549e-11, 1.435706e-10
83.800000, -5.855794e-12, -1.029343e-10, -1.029344e-10, 1.523792e-10
83.900000, -1.585912e-11, -1.008459e-10, -1.008458e-10, 1.351821e-10
84.000000, -1.118348e-11, -1.075647e-10, -1.075647e-10, 1.448122e-10
84.100000, -2.004077e-11, -1.046448e-10, -1.046448e-10, 1.285962e-10
84.200000, -1.475148e-11, -1.103136e-10, -1.103136e-10, 1.388318e-10
84.300000, -2.262900e-11, -1.065169e-10, -1.065169e-10, 1.236478e-10
84.400000, -1.634150e-11, -1.112738e-10, -1.112738e-10, 1.347429e-10
84.500000, -2.321689e-11, -1.065507e-10, -1.065506e-10, 1.205994e-10
84.600000, -1.570866e-11, -1.103887e-10, -1.103887e-10, 1.327052e-10
84.700000, -2.147101e-11, -1.048981e-10, -1.048981e-10, 1.197789e-10
84.800000, -1.335388e-11, -1.078997e-10, -1.078996e-10, 1.325743e-10
84.900000, -1.847176e-11, -1.017812e-10, -1.017811e-10, 1.204397e-10
85.000000, -1.003709e-11, -1.041619e-10, -1.041619e-10, 1.337610e-10
85.100000, -1.483553e-11, -9.750608e-11, -9.750598e-11, 1.223023e-10
85.200000, -5.971560e-12, -9.937499e-11, -9.937499e-11, 1.359285e-10
85.300000, -1.021064e-11, -9.230026e-11, -9.230023e-11, 1.250939e-10
85.400000, -1.173064e-12, -9.369760e-11, -9.369762e-11, 1.390201e-10
85.500000, -4.811681e-12, -8.646170e-11, -8.646169e-11, 1.287197e-10
85.600000, 4.413813e-12, -8.765259e-11, -8.765258e-11, 1.427743e-10
85.700000, 8.456291e-13, -8.035748e-11, -8.035748e-11, 1.325830e-10
85.800000, 9.997670e-12, -8.163337e-11, -8.163337e-11, 1.464729e-10
85.900000, 6.291745e-12, -7.441397e-11, -7.441394e-11, 1.362493e-10
86.000000, 1.531888e-11, -7.573523e-11, -7.573516e-11, 1.498665e-10
86.100000, 1.160167e-11, -6.875172e-11, -6.875170e-11, 1.397508e-10
86.200000, 2.015728e-11, -7.015800e-11, -7.015797e-11, 1.530843e-10
86.300000, 1.596567e-11, -6.358092e-11, -6.358090e-11, 1.427057e-10
86.400000, 2.409387e-11, -6.546191e-11, -6.546190e-11, 1.555594e-10
86.500000, 1.952257e-11, -5.932328e-11, -5.932326e-11, 1.448624e-10
86.600000, 2.715998e-11, -6.164179e-11, -6.164177e-11, 1.571133e-10
86.700000, 2.234365e-11, -5.599352e-11, -5.599350e-11, 1.461367e-10
86.800000, 2.942738e-11, -5.867027e-11, -5.867027e-11, 1.578688e-10
86.900000, 2.432013e-11, -5.356619e-11, -5.356616e-11, 1.466571e-10
87.000000, 3.101095e-11, -5.671160e-11, -5.671160e-11, 1.577678e-10
87.100000, 2.538316e-11, -5.208172e-11, -5.208171e-11, 1.460609e-10
87.200000, 3.143679e-11, -5.570235e-11, -5.570234e-11, 1.566049e-10
87.300000, 2.536758e-11, -5.160692e-11, -5.160691e-11, 1.445780e-10
87.400000, 3.082488e-11, -5.556810e-11, -5.556810e-11, 1.545238e-10
87.500000, 2.437832e-11, -5.190368e-11, -5.190367e-11, 1.422347e-10
87.600000, 2.950348e-11, -5.619660e-11, -5.619656e-11, 1.517599e-10
87.700000, 2.276205e-11, -5.295257e-11, -5.295258e-11, 1.391520e-10
87.800000, 2.758043e-11, -5.759787e-11, -5.759783e-11, 1.482040e-10
87.900000, 2.073451e-11, -5.468941e-11, -5.468944e-11, 1.354061e-10
88.000000, 2.522560e-11, -5.949551e-11, -5.949550e-11, 1.440923e-10
88.100000, 1.825273e-11, -5.677390e-11, -5.677392e-11, 1.312245e-10
88.200000, 2.264665e-11, -6.166016e-11, -6.166019e-11, 1.397233e-10
88.300000, 1.558392e-11, -5.907767e-11, -5.907766e-11, 1.269023e-10
88.400000, 1.985447e-11, -6.401948e-11, -6.401949e-11, 1.352749e-10
88.500000, 1.288592e-11, -6.151730e-11, -6.151734e-11, 1.225592e-10
88.600000, 1.713742e-11, -6.635760e-11, -6.635759e-11, 1.308394e-10
88.700000, 1.027380e-11, -6.382132e-11, -6.382133e-11, 1.182497e-10
88.800000, 1.454357e-11, -6.849624e-11, -6.849617e-11, 1.264865e-10
88.900000, 7.815968e-12, -6.582658e-11, -6.582657e-11, 1.141188e-10
89.000000, 1.227586e-11, -7.032984e-11, -7.032986e-11, 1.224791e-10
89.100000, 5.860801e-12, -6.753000e-11, -6.753002e-11, 1.104465e-10
89.200000, 1.044220e-11, -7.179732e-11, -7.179734e-11, 1.189075e-10
89.300000, 4.312999e-12, -6.881278e-11, -6.881280e-11, 1.071973e-10
89.400000, 9.093639e-12, -7.280205e-11, -7.280208e-11, 1.158038e-10
89.500000, 3.258469e-12, -6.958469e-11, -6.958470e-11, 1.044566e-10
89.600000, 8.253485e-12, -7.326416e-11, -7.326424e-11, 1.132606e-10
89.700000, 2.695185e-12, -6.981556e-11, -6.981557e-11, 1.022993e-10
89.800000, 7.834240e-12, -7.320806e-11, -7.320809e-11, 1.112986e-10
89.900000, 2.553121e-12, -6.953754e-11, -6.953752e-11, 1.006811e-10
90.000000, 7.905082e-12, -7.267766e-11, -7.267765e-11, 1.098233e-10
90.100000, 2.894532e-12, -6.883808e-11, -6.883807e-11, 9.954830e-11
90.200000, 8.413941e-12, -7.174565e-11, -7.174564e-11, 1.088323e-10
90.300000, 3.672417e-12, -6.774210e-11, -6.774210e-11, 9.889930e-11
90.400000, 9.317908e-12, -7.042766e-11, -7.042765e-11, 1.083237e-10
90.500000, 4.781831e-12, -6.626799e-11, -6.626802e-11, 9.864302e-11
90.600000, 1.051499e-11, -6.877839e-11, -6.877837e-11, 1.081062e-10
90.700000, 6.111789e-12, -6.452444e-11, -6.452448e-11, 9.865312e-11
90.800000, 1.185364e-11, -6.689494e-11, -6.689494e-11, 1.081623e-10
90.900000, 7.612214e-12, -6.260811e-11, -6.260809e-11, 9.891611e-11
91.000000, 1.334742e-11, -6.489661e-11, -6.489657e-11, 1.084276e-10
91.100000, 9.148246e-12, -6.060942e-11, -6.060942e-11, 9.931464e-11
91.200000, 1.485932e-11, -6.287048e-11, -6.287047e-11, 1.087592e-10
91.300000, 1.067155e-11, -5.863060e-11, -5.863062e-11, 9.972083e-11
91.400000, 1.629965e-11, -6.090681e-11, -6.090682e-11, 1.090330e-10
91.500000, 1.211531e-11, -5.675084e-11, -5.675085e-11, 1.000522e-10
91.600000, 1.760666e-11, -5.905938e-11, -5.905934e-11, 1.092472e-10
91.700000, 1.337577e-11, -5.500563e-11, -5.500564e-11, 1.003009e-10
91.800000, 1.871732e-11, -5.737184e-11, -5.737180e-11, 1.093497e-10
91.900000, 1.441676e-11, -5.345603e-11, -5.345606e-11, 1.003871e-10
92.000000, 1.959862e-11, -5.592055e-11, -5.592052e-11, 1.092385e-10
92.100000, 1.523239e-11, -5.217014e-11, -5.217018e-11, 1.002356e-10
92.200000, 2.022996e-11, -5.473855e-11, -5.473858e-11, 1.088745e-10
92.300000, 1.576993e-11, -5.115951e-11, -5.115952e-11, 9.982535e-11
92.400000, 2.059574e-11, -5.382548e-11, -5.382550e-11, 1.082642e-10
92.500000, 1.604127e-11, -5.040246e-11, -5.040250e-11, 9.915993e-11
92.600000, 2.069490e-11, -5.318413e-11, -5.318412e-11, 1.073879e-10
92.700000, 1.605853e-11, -4.992020e-11, -4.992021e-11, 9.823357e-11
92.800000, 2.056070e-11, -5.279637e-11, -5.279639e-11, 1.062475e-10
92.900000, 1.587632e-11, -4.968607e-11, -4.968612e-11, 9.705327e-11
93.000000, 2.025254e-11, -5.263439e-11, -5.263441e-11, 1.048825e-10
93.100000, 1.553084e-11, -4.964198e-11, -4.964199e-11, 9.566337e-11
93.200000, 1.979061e-11, -5.265247e-11, -5.265248e-11, 1.033230e-10
93.300000, 1.504842e-11, -4.976564e-11, -4.976571e-11, 9.408919e-11
93.400000, 1.921404e-11, -5.281827e-11, -5.281831e-11, 1.015951e-10
93.500000, 1.448106e-11, -5.001381e-11, -5.001381e-11, 9.237485e-11
93.600000, 1.857089e-11, -5.307841e-11, -5.307843e-11, 9.975965e-11
93.700000, 1.385161e-11, -5.033275e-11, -5.033275e-11, 9.058346e-11
93.800000, 1.789602e-11, -5.338398e-11, -5.338395e-11, 9.787886e-11
93.900000, 1.321578e-11, -5.066762e-11, -5.066763e-11, 8.877191e-11
94.000000, 1.723764e-11, -5.369384e-11, -5.369385e-11, 9.599088e-11
94.100000, 1.263112e-11, -5.099296e-11, -5.099299e-11, 8.697616e-11
94.200000, 1.665194e-11, -5.396941e-11, -5.396940e-11, 9.415226e-11
94.300000, 1.212494e-11, -5.126163e-11, -5.126164e-11, 8.523787e-11
94.400000, 1.615800e-11, -5.416912e-11, -5.416911e-11, 9.238255e-11
94.500000, 1.172642e-11, -5.143513e-11, -5.143515e-11, 8.359355e-11
94.600000, 1.577471e-11, -5.426582e-11, -5.426582e-11, 9.072487e-11
94.700000, 1.143629e-11, -5.150414e-11, -5.150419e-11, 8.207556e-11
94.800000, 1.549524e-11, -5.424956e-11, -5.424958e-11, 8.921075e-11
94.900000, 1.125073e-11, -5.145130e-11, -5.145131e-11, 8.071145e-11
95.000000, 1.533094e-11, -5.410519e-11, -5.410513e-11, 8.785912e-11
95.100000, 1.118590e-11, -5.125875e-11, -5.125879e-11, 7.951519e-11
95.200000, 1.530106e-11, -5.381728e-11, -5.381729e-11, 8.668470e-11
95.300000, 1.124767e-11, -5.092770e-11, -5.092771e-11, 7.849751e-11
95.400000, 1.536402e-11, -5.339903e-11, -5.339901e-11, 8.568117e-11
95.500000, 1.138914e-11, -5.047322e-11, -5.047320e-11, 7.765271e-11
95.600000, 1.550945e-11, -5.286314e-11, -5.286316e-11, 8.485757e-11
95.700000, 1.160694e-11, -4.990925e-11, -4.990925e-11, 7.697682e-11
95.800000, 1.572097e-11, -5.222741e-11, -5.222739e-11, 8.419398e-11
95.900000, 1.186845e-11, -4.925180e-11, -4.925184e-11, 7.645462e-11
96.000000, 1.595582e-11, -5.151018e-11, -5.151021e-11, 8.366970e-11
96.100000, 1.215119e-11, -4.852886e-11, -4.852886e-11, 7.605307e-11
96.200000, 1.620611e-11, -5.073831e-11, -5.073828e-11, 8.325706e-11
96.300000, 1.242955e-11, -4.776191e-11, -4.776192e-11, 7.575829e-11
96.400000, 1.644228e-11, -4.993707e-11, -4.993709e-11, 8.294463e-11
96.500000, 1.268655e-11, -4.697714e-11, -4.697715e-11, 7.555137e-11
96.600000, 1.664976e-11, -4.912963e-11, -4.912968e-11, 8.270945e-11
96.700000, 1.290913e-11, -4.619846e-11, -4.619845e-11, 7.540669e-11
96.800000, 1.681273e-11, -4.833916e-11, -4.833917e-11, 8.251548e-11
96.900000, 1.307969e-11, -4.544665e-11, -4.544664e-11, 7.527603e-11
97.000000, 1.692147e-11, -4.758523e-11, -4.758524e-11, 8.231572e-11
97.100000, 1.318990e-11, -4.473909e-11, -4.473909e-11, 7.512877e-11
97.200000, 1.696535e-11, -4.688263e-11, -4.688263e-11, 8.208926e-11
97.300000, 1.323487e-11, -4.408762e-11, -4.408763e-11, 7.493606e-11
97.400000, 1.694355e-11, -4.624148e-11, -4.624146e-11, 8.180740e-11
97.500000, 1.321933e-11, -4.350251e-11, -4.350250e-11, 7.468371e-11
97.600000, 1.687045e-11, -4.567128e-11, -4.567130e-11, 8.145027e-11
97.700000, 1.314684e-11, -4.299119e-11, -4.299120e-11, 7.433697e-11
97.800000, 1.674417e-11, -4.517600e-11, -4.517600e-11, 8.099076e-11
97.900000, 1.304207e-11, -4.255477e-11, -4.255480e-11, 7.388585e-11
98.000000, 1.659762e-11, -4.475400e-11, -4.475404e-11, 8.042521e-11
98.100000, 1.292927e-11, -4.218791e-11, -4.218792e-11, 7.331689e-11
98.200000, 1.646713e-11, -4.439978e-11, -4.439982e-11, 7.973032e-11
98.300000, 1.284819e-11, -4.188502e-11, -4.188506e-11, 7.261549e-11
98.400000, 1.637422e-11, -4.410592e-11, -4.410594e-11, 7.890905e-11
98.500000, 1.280733e-11, -4.164040e-11, -4.164041e-11, 7.178865e-11
98.600000, 1.632995e-11, -4.386601e-11, -4.386601e-11, 7.795684e-11
98.700000, 1.282633e-11, -4.144206e-11, -4.144205e-11, 7.083218e-11
98.800000, 1.634823e-11, -4.366537e-11, -4.366540e-11, 7.688988e-11
98.900000, 1.290054e-11, -4.127635e-11, -4.127636e-11, 6.976664e-11
99.000000, 1.642291e-11, -4.349178e-11, -4.349181e-11, 7.570939e-11
99.100000, 1.304362e-11, -4.113135e-11, -4.113135e-11, 6.858434e-11
99.200000, 1.659345e-11, -4.333269e-11, -4.333269e-11, 7.441333e-11
99.300000, 1.330556e-11, -4.099336e-11, -4.099333e-11, 6.728772e-11
99.400000, 1.687177e-11, -4.317289e-11, -4.317291e-11, 7.301776e-11
99.500000, 1.366158e-11, -4.084894e-11, -4.084895e-11, 6.592112e-11
99.600000, 1.724603e-11, -4.300270e-11, -4.300274e-11, 7.158582e-11
99.700000, 1.410536e-11, -4.068923e-11, -4.068923e-11, 6.453794e-11
99.800000, 1.768445e-11, -4.281329e-11, -4.281329e-11, 7.013679e-11
99.900000, 1.458403e-11, -4.050699e-11, -4.050696e-11, 6.312985e-11
100.000000, 1.815188e-11, -4.259921e-11, -4.259919e-11, 6.868208e-11
100.100000, 1.509231e-11, -4.029776e-11, -4.029772e-11, 6.175666e-11
100.200000, 1.863936e-11, -4.235655e-11, -4.235657e-11, 6.728388e-11
100.300000, 1.560507e-11, -4.005938e-11, -4.005938e-11, 6.045548e-11
100.400000, 1.909699e-11, -4.208474e-11, -4.208475e-11, 6.599025e-11
100.500000, 1.605512e-11, -3.979114e-11, -3.979109e-11, 5.928346e-11
100.600000, 1.948201e-11, -4.178422e-11, -4.178422e-11, 6.484825e-11
100.700000, 1.643201e-11, -3.949497e-11, -3.949499e-11, 5.828237e-11
100.800000, 1.978368e-11, -4.145613e-11, -4.145618e-11, 6.388981e-11
100.900000, 1.668300e-11, -3.917209e-11, -3.917211e-11, 5.747082e-11
101.000000, 1.992491e-11, -4.110371e-11, -4.110370e-11, 6.313997e-11
101.100000, 1.675654e-11, -3.882777e-11, -3.882776e-11, 5.690090e-11
101.200000, 1.986338e-11, -4.073357e-11, -4.073358e-11, 6.265588e-11
101.300000, 1.662107e-11, -3.846916e-11, -3.846919e-11, 5.659762e-11
101.400000, 1.959343e-11, -4.035208e-11, -4.035207e-11, 6.242894e-11
101.500000, 1.626442e-11, -3.810042e-11, -3.810043e-11, 5.654828e-11
101.600000, 1.908836e-11, -3.996204e-11, -3.996206e-11, 6.245839e-11
101.700000, 1.566038e-11, -3.772577e-11, -3.772576e-11, 5.674743e-11
101.800000, 1.834314e-11, -3.956968e-11, -3.956971e-11, 6.272079e-11
101.900000, 1.482142e-11, -3.735056e-11, -3.735060e-11, 5.716924e-11
102.000000, 1.735280e-11, -3.917749e-11, -3.917748e-11, 6.319931e-11
102.100000, 1.374218e-11, -3.697658e-11, -3.697661e-11, 5.779579e-11
102.200000, 1.615795e-11, -3.879025e-11, -3.879027e-11, 6.387377e-11
102.300000, 1.249642e-11, -3.661250e-11, -3.661248e-11, 5.860318e-11
102.400000, 1.481633e-11, -3.841725e-11, -3.841729e-11, 6.470272e-11
102.500000, 1.112009e-11, -3.626455e-11, -3.626456e-11, 5.952429e-11
102.600000, 1.336549e-11, -3.806157e-11, -3.806158e-11, 6.561416e-11
102.700000, 9.651457e-12, -3.593387e-11, -3.593390e-11, 6.051605e-11
102.800000, 1.184054e-11, -3.772263e-11, -3.772264e-11, 6.657650e-11
102.900000, 8.153774e-12, -3.561969e-11, -3.561968e-11, 6.151881e-11
103.000000, 1.034451e-11, -3.740056e-11, -3.740060e-11, 6.749652e-11
103.100000, 6.738550e-12, -3.532181e-11, -3.532180e-11, 6.241487e-11
103.200000, 8.998313e-12, -3.709363e-11, -3.709364e-11, 6.824500e-11
103.300000, 5.533035e-12, -3.503693e-11, -3.503695e-11, 6.309709e-11
103.400000, 7.922313e-12, -3.679953e-11, -3.679956e-11, 6.876263e-11
103.500000, 4.646573e-12, -3.476462e-11, -3.476462e-11, 6.350926e-11
103.600000, 7.175339e-12, -3.651546e-11, -3.651548e-11, 6.894816e-11
103.700000, 4.117884e-12, -3.450009e-11, -3.450008e-11, 6.353256e-11
103.800000, 6.840706e-12, -3.623910e-11, -3.623911e-11, 6.869579e-11
103.900000, 4.045008e-12, -3.424241e-11, -3.424244e-11, 6.306811e-11
104.000000, 7.009452e-12, -3.596790e-11, -3.596794e-11, 6.791044e-11
104.100000, 4.529874e-12, -3.398623e-11, -3.398626e-11, 6.203860e-11
104.200000, 7.798436e-12, -3.569541e-11, -3.569543e-11, 6.654273e-11
104.300000, 5.668518e-12, -3.372767e-11, -3.372769e-11, 6.039382e-11
104.400000, 9.240341e-12, -3.541973e-11, -3.541977e-11, 6.453100e-11
104.500000, 7.473046e-12, -3.346528e-11, -3.346528e-11, 5.810240e-11
104.600000, 1.137575e-11, -3.514080e-11, -3.514081e-11, 6.187327e-11
104.700000, 9.987703e-12, -3.320101e-11, -3.320098e-11, 5.516366e-11
104.800000, 1.419313e-11, -3.486276e-11, -3.486280e-11, 5.856187e-11
104.900000, 1.311774e-11, -3.293946e-11, -3.293944e-11, 5.157883e-11
105.000000, 1.759287e-11, -3.458992e-11, -3.458993e-11, 5.465572e-11
105.100000, 1.680314e-11, -3.268402e-11, -3.268408e-11, 4.747604e-11
105.200000, 2.143832e-11, -3.432077e-11, -3.432080e-11, 5.031683e-11
105.300000, 2.081256e-11, -3.242982e-11, -3.242984e-11, 4.303366e-11
105.400000, 2.552650e-11, -3.405198e-11, -3.405199e-11, 4.576824e-11
105.500000, 2.492822e-11, -3.217379e-11, -3.217378e-11, 3.855069e-11
105.600000, 2.953566e-11, -3.377965e-11, -3.377968e-11, 4.132744e-11
105.700000, 2.881206e-11, -3.191542e-11, -3.191544e-11, 3.430208e-11
105.800000, 3.316877e-11, -3.350849e-11, -3.350849e-11, 3.726900e-11
105.900000, 3.214017e-11, -3.165936e-11, -3.165935e-11, 3.059233e-11
106.000000, 3.605642e-11, -3.323925e-11, -3.323927e-11, 3.392561e-11
106.100000, 3.452139e-11, -3.140525e-11, -3.140522e-11, 2.777252e-11
106.200000, 3.782772e-11, -3.297460e-11, -3.297463e-11, 3.160077e-11
106.300000, 3.568712e-11, -3.115651e-11, -3.115651e-11, 2.608750e-11
106.400000, 3.828644e-11, -3.271365e-11, -3.271364e-11, 3.055178e-11
106.500000, 3.543529e-11, -3.091293e-11, -3.091293e-11, 2.580903e-11
106.600000, 3.725025e-11, -3.245992e-11, -3.245992e-11, 3.101370e-11
106.700000, 3.362278e-11, -3.067591e-11, -3.067591e-11, 2.712479e-11
106.800000, 3.460278e-11, -3.221255e-11, -3.221257e-11, 3.312095e-11
106.900000, 3.019041e-11, -3.044533e-11, -3.044535e-11, 3.007753e-11
107.000000, 3.037662e-11, -3.197278e-11, -3.197278e-11, 3.680889e-11
107.100000, 2.525831e-11, -3.022267e-11, -3.022268e-11, 3.453177e-11
107.200000, 2.476940e-11, -3.174125e-11, -3.174123e-11, 4.187984e-11
107.300000, 1.909734e-11, -3.000869e-11, -3.000872e-11, 4.021531e-11
107.400000, 1.809728e-11, -3.151807e-11, -3.151810e-11, 4.801542e-11
107.500000, 1.202366e-11, -2.980281e-11, -2.980279e-11, 4.680888e-11
107.600000, 1.066776e-11, -3.130390e-11, -3.130394e-11, 5.488600e-11
107.700000, 4.346774e-12, -2.960392e-11, -2.960394e-11, 5.400904e-11
107.800000, 2.705858e-12, -3.109163e-11, -3.109164e-11, 6.237844e-11
107.900000, -3.810929e-12, -2.940491e-11, -2.940493e-11, 6.170257e-11
108.000000, -5.615689e-12, -3.088071e-11, -3.088068e-11, 7.015063e-11
108.100000, -1.223161e-11, -2.920676e-11, -2.920677e-11, 6.964219e-11
108.200000, -1.415193e-11, -3.067078e-11, -3.067076e-11, 7.814948e-11
108.300000, -2.082715e-11, -2.901057e-11, -2.901056e-11, 7.775783e-11
108.400000, -2.282963e-11, -3.046363e-11, -3.046362e-11, 8.629317e-11
108.500000, -2.953841e-11, -2.881727e-11, -2.881725e-11, 8.599098e-11
108.600000, -3.160225e-11, -3.025976e-11, -3.025973e-11, 9.453426e-11
108.700000, -3.832799e-11, -2.862754e-11, -2.862754e-11, 9.430312e-11
108.800000, -4.043960e-11, -3.005976e-11, -3.005973e-11, 1.028398e-10
108.900000, -4.716878e-11, -2.844145e-11, -2.844145e-11, 1.026638e-10
109.000000, -4.931310e-11, -2.986308e-11, -2.986308e-11, 1.111789e-10
109.100000, -5.603292e-11, -2.825804e-11, -2.825801e-11, 1.110451e-10
109.200000, -5.819835e-11, -2.966854e-11, -2.966855e-11, 1.195287e-10
109.300000, -6.489822e-11, -2.807798e-11, -2.807797e-11, 1.194274e-10
109.400000, -6.707527e-11, -2.947942e-11, -2.947942e-11, 1.278722e-10
109.500000, -7.374729e-11, -2.790172e-11, -2.790172e-11, 1.277961e-10
109.600000, -7.592891e-11, -2.929242e-11, -2.929243e-11, 1.361958e-10
109.700000, -8.256679e-11, -2.772754e-11, -2.772751e-11, 1.361383e-10
109.800000, -8.474599e-11, -2.910771e-11, -2.910771e-11, 1.444868e-10
109.900000, -9.134214e-11, -2.755556e-11, -2.755553e-11, 1.444402e-10
110.000000, -9.350944e-11, -2.892529e-11, -2.892529e-11, 1.527292e-10
110.100000, -1.000531e-10, -2.738557e-11, -2.738553e-11, 1.526828e-10
110.200000, -1.021957e-10, -2.874465e-11, -2.874463e-11, 1.608999e-10
110.300000, 1.260656e-10, 6.114165e-13, 6.114221e-13, -1.295562e-10
110.400000, 1.226379e-10, -8.377546e-13, -8.377592e-13, -1.198978e-10
110.500000, 1.149238e-10, 5.781297e-13, 5.781292e-13, -1.184672e-10
110.600000, 1.115634e-10, -8.587623e-13, -8.587463e-13, -1.089227e-10
110.700000, 1.039568e-10, 5.471611e-13, 5.471828e-13, -1.075493e-10
110.800000, 1.006756e-10, -8.773625e-13, -8.773422e-13, -9.813043e-11
110.900000, 9.318589e-11, 5.186451e-13, 5.186574e-13, -9.682412e-11
111.000000, 8.999172e-11, -8.938816e-13, -8.938938e-13, -8.753827e-11
111.100000, 8.262510e-11, 4.919322e-13, 4.919302e-13, -8.630564e-11
111.200000, 7.952318e-11, -9.092338e-13, -9.092244e-13, -7.715792e-11
111.300000, 7.228414e-11, 4.660849e-13, 4.661156e-13, -7.600447e-11
111.400000, 6.927956e-11, -9.224202e-13, -9.224221e-13, -6.699996e-11
111.500000, 6.217371e-11, 4.435057e-13, 4.435067e-13, -6.593176e-11
111.600000, 5.927380e-11, -9.347941e-13, -9.348218e-13, -5.707649e-11
111.700000, 5.230937e-11, 4.201503e-13, 4.201390e-13, -5.610144e-11
111.800000, 4.952306e-11, -9.478341e-13, -9.477905e-13, -4.740353e-11
111.900000, 4.271014e-11, 3.963488e-13, 3.963475e-13, -4.653258e-11
112.000000, 4.004942e-11, -9.612767e-13, -9.612728e-13, -3.800479e-11
112.100000, 3.339842e-11, 3.720462e-13, 3.720656e-13, -3.725118e-11
112.200000, 3.087361e-11, -9.757715e-13, -9.757897e-13, -2.890531e-11
112.300000, 2.439765e-11, 3.462503e-13, 3.463029e-13, -2.828418e-11
112.400000, 2.202565e-11, -9.922484e-13, -9.922262e-13, -2.013661e-11
112.500000, 1.574614e-11, 3.182174e-13, 3.182222e-13, -1.967089e-11
112.600000, 1.355525e-11, -1.011695e-12, -1.011712e-12, -1.174805e-11
112.700000, 7.506309e-12, 2.864305e-13, 2.864448e-13, -1.148190e-11
112.800000, 5.538219e-12, -1.034906e-12, -1.034896e-12, -3.797636e-12
112.900000, -1.931342e-13, 2.515651e-13, 2.515445e-13, -3.757750e-12
113.000000, -1.829562e-12, -1.062239e-12, -1.062232e-12, 3.491069e-12
113.100000, -7.202084e-12, 2.148590e-13, 2.148404e-13, 3.191303e-12
113.200000, -8.448307e-12, -1.086049e-12, -1.086034e-12, 1.002934e-11
113.300000, -1.332547e-11, 1.839423e-13, 1.839458e-13, 9.278944e-12
113.400000, -1.404624e-11, -1.104385e-12, -1.104398e-12, 1.555315e-11
113.500000, -1.829791e-11, 1.592588e-13, 1.592905e-13, 1.422122e-11
113.600000, -1.835430e-11, -1.115681e-12, -1.115682e-12, 1.979303e-11
113.700000, -2.185489e-11, 1.417657e-13, 1.417961e-13, 1.775396e-11
113.800000, -2.115486e-11, -1.119434e-12, -1.119406e-12, 2.253291e-11
113.900000, -2.385101e-11, 1.321335e-13, 1.321050e-13, 1.973467e-11
114.000000, -2.237754e-11, -1.115757e-12, -1.115732e-12, 2.369065e-11
114.100000, -2.429873e-11, 1.303794e-13, 1.304127e-13, 2.014872e-11
114.200000, -2.212025e-11, -1.103316e-12, -1.103309e-12, 2.335237e-11
114.300000, -2.334799e-11, 1.385786e-13, 1.385943e-13, 1.916624e-11
114.400000, -2.055562e-11, -1.082359e-12, -1.082323e-12, 2.173467e-11
114.500000, -2.120512e-11, 1.543474e-13, 1.543641e-13, 1.704429e-11
114.600000, -1.790526e-11, -1.051895e-12, -1.051892e-12, 1.912474e-11
114.700000, -1.808324e-11, 1.790650e-13, 1.790993e-13, 1.405228e-11
114.800000, -1.444586e-11, -1.014575e-12, -1.014568e-12, 1.577598e-11
114.900000, -1.434880e-11, 2.106660e-13, 2.106883e-13, 1.049328e-11
115.000000, -1.055684e-11, -9.701056e-13, -9.700852e-13, 1.203013e-11
115.100000, -1.035585e-11, 2.483377e-13, 2.483590e-13, 6.686625e-12
115.200000, -6.545396e-12, -9.228884e-13, -9.229009e-13, 8.175614e-12
115.300000, -6.382035e-12, 2.871703e-13, 2.871814e-13, 2.888616e-12
115.400000, -2.722308e-12, -8.733263e-13, -8.733249e-13, 4.464522e-12
115.500000, -2.718749e-12, 3.296888e-13, 3.297170e-13, -6.144522e-13
115.600000, 7.197369e-13, -8.200496e-13, -8.200483e-13, 1.161522e-12
115.700000, 4.578329e-13, 3.772736e-13, 3.773233e-13, -3.631177e-12
115.800000, 3.581766e-12, -7.605265e-13, -7.605087e-13, -1.585790e-12
115.900000, 3.036994e-12, 4.290097e-13, 4.290214e-13, -6.031376e-12
116.000000, 5.823578e-12, -7.001391e-13, -7.001230e-13, -3.680151e-12
116.100000, 4.943481e-12, 4.787613e-13, 4.787851e-13, -7.781960e-12
116.200000, 7.375291e-12, -6.454955e-13, -6.454850e-13, -5.141072e-12
116.300000, 6.182910e-12, 5.200498e-13, 5.200615e-13, -8.910293e-12
116.400000, 8.292549e-12, -6.010308e-13, -6.010184e-13, -5.989378e-12
116.500000, 6.807145e-12, 5.504930e-13, 5.505236e-13, -9.438195e-12
116.600000, 8.600966e-12, -5.679837e-13, -5.679556e-13, -6.272911e-12
116.700000, 6.859668e-12, 5.690346e-13, 5.690602e-13, -9.439926e-12
116.800000, 8.399753e-12, -5.455798e-13, -5.455641e-13, -6.054605e-12
116.900000, 6.456752e-12, 5.789646e-13, 5.789523e-13, -8.976462e-12
117.000000, 7.790353e-12, -5.313763e-13, -5.313587e-13, -5.419325e-12
117.100000, 5.688806e-12, 5.803258e-13, 5.803392e-13, -8.146950e-12
117.200000, 6.868253e-12, -5.264186e-13, -5.264018e-13, -4.467534e-12
117.300000, 4.637352e-12, 5.736696e-13, 5.736376e-13, -7.056111e-12
117.400000, 5.674625e-12, -5.278709e-13, -5.278645e-13, -3.313492e-12
117.500000, 3.360491e-12, 5.603296e-13, 5.603283e-13, -5.800517e-12
117.600000, 4.311504e-12, -5.358341e-13, -5.358527e-13, -2.012355e-12
117.700000, 1.969195e-12, 5.422418e-13, 5.422853e-13, -4.436796e-12
117.800000, 2.894401e-12, -5.471702e-13, -5.471668e-13, -6.614531e-13
117.900000, 5.717747e-13, 5.218019e-13, 5.217769e-13, -3.079475e-12
118.000000, 1.522323e-12, -5.606861e-13, -5.606759e-13, 6.372098e-13
118.100000, -7.407385e-13, 5.001939e-13, 5.002003e-13, -1.807265e-12
118.200000, 2.508789e-13, -5.735600e-13, -5.735596e-13, 1.835990e-12
118.300000, -1.938074e-12, 4.804578e-13, 4.804575e-13, -6.422190e-13
118.400000, -8.870860e-13, -5.839691e-13, -5.839533e-13, 2.903343e-12
118.500000, -2.987751e-12, 4.633242e-13, 4.633213e-13, 3.605553e-13
118.600000, -1.860760e-12, -5.932195e-13, -5.932275e-13, 3.790211e-12
118.700000, -3.840591e-12, 4.452970e-13, 4.453038e-13, 1.174565e-12
118.800000, -2.607305e-12, -6.042997e-13, -6.042940e-13, 4.485290e-12
118.900000, -4.463009e-12, 4.270693e-13, 4.270960e-13, 1.792696e-12
119.000000, -3.132853e-12, -6.132434e-13, -6.132469e-13, 4.984089e-12
119.100000, -4.859959e-12, 4.118996e-13, 4.119139e-13, 2.211489e-12
119.200000, -3.427272e-12, -6.194566e-13, -6.194198e-13, 5.276086e-12
119.300000, -5.036112e-12, 4.000482e-13, 4.000562e-13, 2.422998e-12
119.400000, -3.513166e-12, -6.212976e-13, -6.213129e-13, 5.367982e-12
119.500000, -5.015410e-12, 3.936142e-13, 3.936466e-13, 2.436881e-12
119.600000, -3.402452e-12, -6.174029e-13, -6.173915e-13, 5.259336e-12
119.700000, -4.803910e-12, 3.923176e-13, 3.923232e-13, 2.256838e-12
119.800000, -3.123622e-12, -6.095455e-13, -6.095375e-13, 4.981725e-12
119.900000, -4.438674e-12, 3.941169e-13, 3.941328e-13, 1.939696e-12
120.000000, -2.720228e-12, -5.990879e-13, -5.990506e-13, 4.586127e-12
120.100000, -3.985336e-12, 3.989161e-13, 3.989099e-13, 1.513234e-12
120.200000, -2.237130e-12, -5.851729e-13, -5.851656e-13, 4.093908e-12
120.300000, -3.453030e-12, 4.068241e-13, 4.068424e-13, 1.007539e-12
120.400000, -1.685313e-12, -5.692421e-13, -5.692118e-13, 3.542079e-12
120.500000, -2.880243e-12, 4.161685e-13, 4.161593e-13, 4.638225e-13
120.600000, -1.122793e-12, -5.521044e-13, -5.521019e-13, 2.978843e-12
120.700000, -2.310608e-12, 4.263785e-13, 4.263906e-13, -7.849546e-14
120.800000, -5.735676e-13, -5.348361e-13, -5.348343e-13, 2.432459e-12
120.900000, -1.756753e-12, 4.360657e-13, 4.360563e-13, -5.739432e-13
121.000000, -4.804196e-14, -5.189316e-13, -5.188839e-13, 1.944794e-12
121.100000, -1.252390e-12, 4.436896e-13, 4.436885e-13, -1.020870e-12
121.200000, 4.065444e-13, -5.058366e-13, -5.058325e-13, 1.500773e-12
121.300000, -8.289277e-13, 4.484837e-13, 4.484909e-13, -1.411868e-12
121.400000, 7.782433e-13, -4.955650e-13, -4.955647e-13, 1.135143e-12
121.500000, -5.025514e-13, 4.508043e-13, 4.507989e-13, -1.705772e-12
121.600000, 1.040531e-12, -4.867528e-13, -4.867550e-13, 8.713409e-13
121.700000, -2.698235e-13, 4.526506e-13, 4.526366e-13, -1.903556e-12
121.800000, 1.226825e-12, -4.780193e-13, -4.780182e-13, 6.981206e-13
121.900000, -1.069930e-13, 4.543618e-13, 4.543798e-13, -2.018626e-12
122.000000, 1.340945e-12, -4.696814e-13, -4.696844e-13, 5.978066e-13
122.100000, -2.510034e-14, 4.559803e-13, 4.559688e-13, -2.061779e-12
122.200000, 1.371859e-12, -4.611225e-13, -4.611441e-13, 5.761939e-13
122.300000, -2.165026e-14, 4.583053e-13, 4.582939e-13, -2.030779e-12
122.400000, 1.327413e-12, -4.523158e-13, -4.522980e-13, 6.177923e-13
122.500000, -9.418313e-14, 4.596783e-13, 4.596857e-13, -1.940239e-12
122.600000, 1.208862e-12, -4.448390e-13, -4.448450e-13, 7.177127e-13
122.700000, -2.307191e-13, 4.603823e-13, 4.603952e-13, -1.797443e-12
122.800000, 1.043809e-12, -4.377893e-13, -4.378085e-13, 8.595065e-13
122.900000, -4.018943e-13, 4.605423e-13, 4.605019e-13, -1.622235e-12
123.000000, 8.552932e-13, -4.316237e-13, -4.315885e-13, 1.031542e-12
123.100000, -5.800875e-13, 4.599955e-13, 4.599934e-13, -1.418978e-12
123.200000, 6.639221e-13, -4.259025e-13, -4.259089e-13, 1.224674e-12
123.300000, -7.667970e-13, 4.589424e-13, 4.589358e-13, -1.207702e-12
123.400000, 4.685462e-13, -4.208285e-13, -4.208495e-13, 1.416160e-12
123.500000, -9.479788e-13, 4.573951e-13, 4.574017e-13, -9.964775e-13
123.600000, 2.843396e-13, -4.163876e-13, -4.163646e-13, 1.605280e-12
123.700000, -1.113538e-12, 4.550926e-13, 4.550761e-13, -7.974365e-13
123.800000, 1.195898e-13, -4.130466e-13, -4.130436e-13, 1.778693e-12
123.900000, -1.260067e-12, 4.519508e-13, 4.519380e-13, -6.165171e-13
124.000000, -2.230792e-14, -4.098121e-13, -4.098130e-13, 1.926302e-12
124.100000, -1.376713e-12, 4.492053e-13, 4.491951e-13, -4.709551e-13
124.200000, -1.344161e-13, -4.061620e-13, -4.061326e-13, 2.032021e-12
124.300000, -1.463389e-12, 4.468826e-13, 4.468857e-13, -3.703462e-13
124.400000, -2.122157e-13, -4.021747e-13, -4.021536e-13, 2.093206e-12
124.500000, -1.513841e-12, 4.449374e-13, 4.449695e-13, -3.109350e-13
124.600000, -2.558127e-13, -3.979622e-13, -3.979448e-13, 2.118659e-12
124.700000, -1.533594e-12, 4.426774e-13, 4.426860e-13, -2.831408e-13
124.800000, -2.655464e-13, -3.947702e-13, -3.947525e-13, 2.114881e-12
124.900000, -1.511815e-12, 4.392762e-13, 4.392966e-13, -2.880077e-13
125.000000, -2.392226e-13, -3.928398e-13, -3.928370e-13, 2.074766e-12
125.100000, -1.467696e-12, 4.345793e-13, 4.346113e-13, -3.255718e-13
125.200000, -1.941564e-13, -3.924955e-13, -3.924959e-13, 2.003045e-12
125.300000, -1.400622e-12, 4.279347e-13, 4.279091e-13, -3.955735e-13
125.400000, -1.193214e-13, -3.943877e-13, -3.943627e-13, 1.908821e-12
125.500000, -1.306222e-12, 4.193476e-13, 4.193499e-13, -4.799928e-13
125.600000, -3.217167e-14, -3.975750e-13, -3.975649e-13, 1.798175e-12
125.700000, -1.208785e-12, 4.101241e-13, 4.101291e-13, -5.817605e-13
125.800000, 6.164041e-14, -4.010433e-13, -4.010323e-13, 1.674855e-12
125.900000, -1.101740e-12, 4.009105e-13, 4.009386e-13, -6.922595e-13
126.000000, 1.632811e-13, -4.045289e-13, -4.045283e-13, 1.544415e-12
126.100000, -9.907745e-13, 3.916607e-13, 3.916657e-13, -8.077629e-13
126.200000, 2.631728e-13, -4.080045e-13, -4.079866e-13, 1.416115e-12
126.300000, -8.875907e-13, 3.826758e-13, 3.826586e-13, -9.119864e-13
126.400000, 3.522259e-13, -4.112852e-13, -4.112983e-13, 1.304267e-12
126.500000, -7.947500e-13, 3.737518e-13, 3.737466e-13, -1.003534e-12
126.600000, 4.288375e-13, -4.143773e-13, -4.143923e-13, 1.198877e-12
126.700000, -7.184652e-13, 3.655230e-13, 3.655235e-13, -1.087393e-12
126.800000, 4.912101e-13, -4.164532e-13, -4.164666e-13, 1.106661e-12
126.900000, -6.537018e-13, 3.584011e-13, 3.584272e-13, -1.156303e-12
127.000000, 5.401641e-13, -4.176816e-13, -4.176459e-13, 1.032484e-12
127.100000, -6.015505e-13, 3.521102e-13, 3.521396e-13, -1.202542e-12
127.200000, 5.786433e-13, -4.179607e-13, -4.179786e-13, 9.815942e-13
127.300000, -5.646494e-13, 3.470353e-13, 3.470246e-13, -1.228873e-12
127.400000, 5.983991e-13, -4.169796e-13, -4.169667e-13, 9.490421e-13
127.500000, -5.422849e-13, 3.431175e-13, 3.431367e-13, -1.235195e-12
127.600000, 6.047636e-13, -4.148262e-13, -4.147951e-13, 9.370384e-13
127.700000, -5.368034e-13, 3.408579e-13, 3.408533e-13, -1.221504e-12
127.800000, 5.909306e-13, -4.109013e-13, -4.109118e-13, 9.460822e-13
127.900000, -5.534087e-13, 3.401656e-13, 3.401503e-13, -1.188821e-12
128.000000, 5.600506e-13, -4.056606e-13, -4.056582e-13, 9.704367e-13
128.100000, -5.800773e-13, 3.407124e-13, 3.407214e-13, -1.145628e-12
128.200000, 5.252632e-13, -3.990764e-13, -3.990605e-13, 9.991048e-13
128.300000, -6.058908e-13, 3.429514e-13, 3.429507e-13, -1.100780e-12
128.400000, 4.929106e-13, -3.908704e-13, -3.909088e-13, 1.032122e-12
128.500000, -6.293465e-13, 3.465005e-13, 3.465057e-13, -1.051082e-12
128.600000, 4.602473e-13, -3.817372e-13, -3.817423e-13, 1.066668e-12
128.700000, -6.548982e-13, 3.505154e-13, 3.505132e-13, -1.004332e-12
128.800000, 4.263406e-13, -3.725673e-13, -3.725606e-13, 1.099904e-12
128.900000, -6.821736e-13, 3.546967e-13, 3.546998e-13, -9.546353e-13
129.000000, 3.942804e-13, -3.634268e-13, -3.634166e-13, 1.133405e-12
129.100000, -7.021107e-13, 3.584558e-13, 3.584356e-13, -9.087736e-13
129.200000, 3.699231e-13, -3.550105e-13, -3.550168e-13, 1.162897e-12
129.300000, -7.161533e-13, 3.613706e-13, 3.613696e-13, -8.661482e-13
129.400000, 3.507067e-13, -3.474925e-13, -3.474743e-13, 1.189593e-12
129.500000, -7.250499e-13, 3.633845e-13, 3.633771e-13, -8.289259e-13
129.600000, 3.366740e-13, -3.409850e-13, -3.409729e-13, 1.209067e-12
129.700000, -7.265235e-13, 3.643779e-13, 3.643817e-13, -7.994569e-13
129.800000, 3.330178e-13, -3.355958e-13, -3.355570e-13, 1.218658e-12
129.900000, -7.233474e-13, 3.643635e-13, 3.643705e-13, -7.800790e-13
130.000000, 3.274496e-13, -3.312796e-13, -3.312475e-13, 1.220431e-12
130.100000, -7.204162e-13, 3.631842e-13, 3.631689e-13, -7.698332e-13
130.200000, 3.255862e-13, -3.282135e-13, -3.282155e-13, 1.212002e-12
130.300000, -7.119235e-13, 3.609045e-13, 3.608955e-13, -7.678647e-13
130.400000, 3.306268e-13, -3.260859e-13, -3.260649e-13, 1.195581e-12
130.500000, -6.965752e-13, 3.577667e-13, 3.577881e-13, -7.762969e-13
130.600000, 3.405890e-13, -3.248525e-13, -3.248572e-13, 1.168635e-12
130.700000, -6.771202e-13, 3.538137e-13, 3.538079e-13, -7.927357e-13
130.800000, 3.554809e-13, -3.245616e-13, -3.245512e-13, 1.134421e-12
130.900000, -6.524045e-13, 3.487300e-13, 3.487301e-13, -8.174755e-13
131.000000, 3.737778e-13, -3.254915e-13, -3.254896e-13, 1.094295e-12
131.100000, -6.266929e-13, 3.426358e-13, 3.426272e-13, -8.454148e-13
131.200000, 3.929464e-13, -3.273374e-13, -3.273682e-13, 1.052309e-12
131.300000, -6.007786e-13, 3.356656e-13, 3.356654e-13, -8.729892e-13
131.400000, 4.110215e-13, -3.300740e-13, -3.301082e-13, 1.011994e-12
131.500000, -5.760158e-13, 3.280235e-13, 3.280216e-13, -8.996033e-13
131.600000, 4.291015e-13, -3.331815e-13, -3.332254e-13, 9.738052e-13
131.700000, -5.515080e-13, 3.203253e-13, 3.203244e-13, -9.226080e-13
131.800000, 4.471247e-13, -3.363364e-13, -3.363195e-13, 9.399804e-13
131.900000, -5.266481e-13, 3.127540e-13, 3.127524e-13, -9.407643e-13
132.000000, 4.625299e-13, -3.390294e-13, -3.390241e-13, 9.113529e-13
132.100000, -5.066775e-13, 3.059507e-13, 3.059452e-13, -9.545287e-13
132.200000, 4.734783e-13, -3.408175e-13, -3.408244e-13, 8.868637e-13
132.300000, -4.924552e-13, 3.002541e-13, 3.002269e-13, -9.640198e-13
132.400000, 4.778200e-13, -3.415320e-13, -3.415370e-13, 8.659334e-13
132.500000, -4.833443e-13, 2.955168e-13, 2.955231e-13, -9.703675e-13
132.600000, 4.791920e-13, -3.413587e-13, -3.413451e-13, 8.495110e-13
132.700000, -4.767266e-13, 2.917705e-13, 2.917524e-13, -9.716440e-13
132.800000, 4.765423e-13, -3.401784e-13, -3.402174e-13, 8.381988e-13
132.900000, -4.745909e-13, 2.889810e-13, 2.890017e-13, -9.685094e-13
133.000000, 4.706631e-13, -3.381718e-13, -3.381816e-13, 8.310601e-13
133.100000, -4.757000e-13, 2.870114e-13, 2.870282e-13, -9.604724e-13
133.200000, 4.620504e-13, -3.355514e-13, -3.355559e-13, 8.288294e-13
133.300000, -4.785679e-13, 2.855808e-13, 2.855619e-13, -9.476839e-13
133.400000, 4.522818e-13, -3.325162e-13, -3.325071e-13, 8.319067e-13
133.500000, -4.822173e-13, 2.843604e-13, 2.843549e-13, -9.304844e-13
133.600000, 4.418373e-13, -3.293930e-13, -3.294035e-13, 8.389849e-13
133.700000, -4.861463e-13, 2.833554e-13, 2.833569e-13, -9.094944e-13
133.800000, 4.315247e-13, -3.260301e-13, -3.260267e-13, 8.483322e-13
133.900000, -4.899986e-13, 2.826680e-13, 2.826678e-13, -8.878088e-13
134.000000, 4.204570e-13, -3.222850e-13, -3.222790e-13, 8.579864e-13
134.100000, -4.958522e-13, 2.823829e-13, 2.824015e-13, -8.669159e-13
134.200000, 4.082831e-13, -3.182243e-13, -3.182436e-13, 8.662835e-13
134.300000, -5.010339e-13, 2.823618e-13, 2.823563e-13, -8.472786e-13
134.400000, 3.967565e-13, -3.140368e-13, -3.140395e-13, 8.732813e-13
134.500000, -5.062973e-13, 2.824743e-13, 2.824657e-13, -8.295225e-13
134.600000, 3.861406e-13, -3.098050e-13, -3.097999e-13, 8.778438e-13
134.700000, -5.106082e-13, 2.826745e-13, 2.826551e-13, -8.141681e-13
134.800000, 3.756024e-13, -3.054809e-13, -3.054877e-13, 8.812651e-13
134.900000, -5.141649e-13, 2.828123e-13, 2.828118e-13, -7.994126e-13
135.000000, 3.672936e-13, -3.014466e-13, -3.014415e-13, 8.834664e-13
135.100000, -5.148010e-13, 2.826220e-13, 2.826298e-13, -7.867572e-13
135.200000, 3.622932e-13, -2.978463e-13, -2.978566e-13, 8.837511e-13
135.300000, -5.126577e-13, 2.819076e-13, 2.818767e-13, -7.762692e-13
135.400000, 3.589333e-13, -2.949206e-13, -2.949192e-13, 8.814996e-13
135.500000, -5.088935e-13, 2.805093e-13, 2.804955e-13, -7.685696e-13
135.600000, 3.575048e-13, -2.925385e-13, -2.925546e-13, 8.766406e-13
135.700000, -5.039481e-13, 2.787777e-13, 2.787753e-13, -7.629144e-13
135.800000, 3.572886e-13, -2.904950e-13, -2.905264e-13, 8.696800e-13
135.900000, -4.973096e-13, 2.767433e-13, 2.767279e-13, -7.599017e-13
136.000000, 3.586396e-13, -2.887321e-13, -2.887431e-13, 8.607718e-13
136.100000, -4.896968e-13, 2.745696e-13, 2.745579e-13, -7.582569e-13
136.200000, 3.608997e-13, -2.869703e-13, -2.869967e-13, 8.506821e-13
136.300000, -4.815547e-13, 2.724813e-13, 2.724862e-13, -7.576640e-13
136.400000, 3.630609e-13, -2.851868e-13, -2.851906e-13, 8.397575e-13
136.500000, -4.731537e-13, 2.705305e-13, 2.705096e-13, -7.579627e-13
136.600000, 3.659833e-13, -2.833300e-13, -2.833373e-13, 8.284857e-13
136.700000, -4.647406e-13, 2.684743e-13, 2.684556e-13, -7.586673e-13
136.800000, 3.683539e-13, -2.816301e-13, -2.816447e-13, 8.164020e-13
136.900000, -4.566045e-13, 2.663361e-13, 2.663085e-13, -7.599592e-13
137.000000, 3.708460e-13, -2.800714e-13, -2.800883e-13, 8.046106e-13
137.100000, -4.483133e-13, 2.641337e-13, 2.641148e-13, -7.608589e-13
137.200000, 3.733497e-13, -2.785035e-13, -2.785109e-13, 7.933138e-13
137.300000, -4.405538e-13, 2.620456e-13, 2.620203e-13, -7.607147e-13
137.400000, 3.752363e-13, -2.767880e-13, -2.768216e-13, 7.836205e-13
137.500000, -4.332462e-13, 2.600899e-13, 2.600930e-13, -7.590508e-13
137.600000, 3.768698e-13, -2.749970e-13, -2.750308e-13, 7.754725e-13
137.700000, -4.264170e-13, 2.582139e-13, 2.582106e-13, -7.562410e-13
137.800000, 3.775498e-13, -2.732149e-13, -2.732296e-13, 7.683148e-13
137.900000, -4.209862e-13, 2.563866e-13, 2.563953e-13, -7.523813e-13
138.000000, 3.765567e-13, -2.713283e-13, -2.713409e-13, 7.622080e-13
138.100000, -4.172956e-13, 2.547060e-13, 2.546702e-13, -7.477093e-13
138.200000, 3.740808e-13, -2.693935e-13, -2.694045e-13, 7.568258e-13
138.300000, -4.151223e-13, 2.531351e-13, 2.531180e-13, -7.424554e-13
138.400000, 3.704698e-13, -2.672973e-13, -2.672987e-13, 7.521124e-13
138.500000, -4.130941e-13, 2.517145e-13, 2.516931e-13, -7.366660e-13
138.600000, 3.672988e-13, -2.650882e-13, -2.650806e-13, 7.482245e-13
138.700000, -4.111866e-13, 2.504429e-13, 2.504448e-13, -7.300447e-13
138.800000, 3.636806e-13, -2.627537e-13, -2.627537e-13, 7.450314e-13
138.900000, -4.097353e-13, 2.492693e-13, 2.492766e-13, -7.226333e-13
139.000000, 3.594044e-13, -2.604129e-13, -2.604151e-13, 7.427075e-13
139.100000, -4.090613e-13, 2.481138e-13, 2.481178e-13, -7.150137e-13
139.200000, 3.545836e-13, -2.581174e-13, -2.581078e-13, 7.403041e-13
139.300000, -4.086319e-13, 2.468833e-13, 2.469008e-13, -7.074798e-13
139.400000, 3.497605e-13, -2.559117e-13, -2.559426e-13, 7.378627e-13
139.500000, -4.083610e-13, 2.456118e-13, 2.455867e-13, -6.999104e-13
139.600000, 3.448877e-13, -2.537861e-13, -2.537797e-13, 7.359396e-13
139.700000, -4.079225e-13, 2.443118e-13, 2.442888e-13, -6.917786e-13
139.800000, 3.404827e-13, -2.516544e-13, -2.516559e-13, 7.342734e-13
139.900000, -4.070130e-13, 2.430499e-13, 2.430395e-13, -6.840179e-13
140.000000, 3.365704e-13, -2.495397e-13, -2.495440e-13, 7.319504e-13
140.100000, -4.053223e-13, 2.417458e-13, 2.417341e-13, -6.771124e-13
140.200000, 3.334030e-13, -2.474948e-13, -2.474891e-13, 7.289024e-13
140.300000, -4.032272e-13, 2.404359e-13, 2.404227e-13, -6.707759e-13
140.400000, 3.307817e-13, -2.455496e-13, -2.455237e-13, 7.252611e-13
140.500000, -4.005455e-13, 2.390448e-13, 2.390403e-13, -6.653216e-13
140.600000, 3.286780e-13, -2.436213e-13, -2.436198e-13, 7.208592e-13
140.700000, -3.974921e-13, 2.376509e-13, 2.376355e-13, -6.606491e-13
140.800000, 3.269100e-13, -2.417065e-13, -2.417326e-13, 7.156613e-13
140.900000, -3.941070e-13, 2.362770e-13, 2.362365e-13, -6.568109e-13
141.000000, 3.255357e-13, -2.397760e-13, -2.397561e-13, 7.099234e-13
141.100000, -3.902993e-13, 2.349469e-13, 2.349342e-13, -6.535095e-13
141.200000, 3.247506e-13, -2.378973e-13, -2.379100e-13, 7.037634e-13
141.300000, -3.859685e-13, 2.335725e-13, 2.335486e-13, -6.504851e-13
141.400000, 3.244409e-13, -2.360687e-13, -2.360655e-13, 6.975119e-13
141.500000, -3.813437e-13, 2.321662e-13, 2.321554e-13, -6.476053e-13
141.600000, 3.242412e-13, -2.343076e-13, -2.342798e-13, 6.910104e-13
141.700000, -3.765365e-13, 2.307338e-13, 2.307053e-13, -6.451458e-13
141.800000, 3.244190e-13, -2.325830e-13, -2.325898e-13, 6.843098e-13
141.900000, -3.716046e-13, 2.292268e-13, 2.292179e-13, -6.427072e-13
142.000000, 3.245709e-13, -2.309355e-13, -2.309438e-13, 6.777746e-13
142.100000, -3.665185e-13, 2.277187e-13, 2.276940e-13, -6.403323e-13
142.200000, 3.250563e-13, -2.293378e-13, -2.293423e-13, 6.711164e-13
142.300000, -3.613028e-13, 2.261834e-13, 2.261913e-13, -6.379760e-13
142.400000, 3.255625e-13, -2.277199e-13, -2.277271e-13, 6.645269e-13
142.500000, -3.562128e-13, 2.246917e-13, 2.246864e-13, -6.356942e-13
142.600000, 3.258011e-13, -2.261188e-13, -2.261025e-13, 6.580283e-13
142.700000, -3.515620e-13, 2.232699e-13, 2.232597e-13, -6.332477e-13
142.800000, 3.254872e-13, -2.244725e-13, -2.244686e-13, 6.518075e-13
142.900000, -3.475518e-13, 2.218332e-13, 2.218450e-13, -6.304737e-13
143.000000, 3.246542e-13, -2.228548e-13, -2.228305e-13, 6.460428e-13
143.100000, -3.438547e-13, 2.204223e-13, 2.204052e-13, -6.273944e-13
143.200000, 3.237185e-13, -2.212306e-13, -2.212294e-13, 6.405874e-13
143.300000, -3.404352e-13, 2.189919e-13, 2.190225e-13, -6.240616e-13
143.400000, 3.223961e-13, -2.196292e-13, -2.196426e-13, 6.354127e-13
143.500000, -3.374405e-13, 2.175808e-13, 2.175948e-13, -6.205109e-13
143.600000, 3.206744e-13, -2.180925e-13, -2.180726e-13, 6.305378e-13
143.700000, -3.349057e-13, 2.161516e-13, 2.161670e-13, -6.166704e-13
143.800000, 3.184679e-13, -2.165769e-13, -2.165667e-13, 6.261117e-13
143.900000, -3.327347e-13, 2.146803e-13, 2.146976e-13, -6.124760e-13
144.000000, 3.161744e-13, -2.150911e-13, -2.150713e-13, 6.220287e-13
144.100000, -3.306159e-13, 2.132008e-13, 2.132037e-13, -6.080553e-13
144.200000, 3.138444e-13, -2.136603e-13, -2.136643e-13, 6.180959e-13
144.300000, -3.286083e-13, 2.117211e-13, 2.117330e-13, -6.035758e-13
144.400000, 3.113831e-13, -2.122633e-13, -2.122637e-13, 6.142358e-13
144.500000, -3.267089e-13, 2.101940e-13, 2.102030e-13, -5.990815e-13
144.600000, 3.089181e-13, -2.108713e-13, -2.108484e-13, 6.105375e-13
144.700000, -3.248370e-13, 2.087234e-13, 2.087182e-13, -5.945817e-13
144.800000, 3.064517e-13, -2.094942e-13, -2.094910e-13, 6.067141e-13
144.900000, -3.230663e-13, 2.072404e-13, 2.072626e-13, -5.901938e-13
145.000000, 3.038600e-13, -2.081087e-13, -2.081008e-13, 6.029602e-13
145.100000, -3.213689e-13, 2.057980e-13, 2.057779e-13, -5.857738e-13
145.200000, 3.012740e-13, -2.067346e-13, -2.067241e-13, 5.992680e-13
145.300000, -3.196387e-13, 2.043675e-13, 2.043564e-13, -5.814331e-13
145.400000, 2.987622e-13, -2.053473e-13, -2.053547e-13, 5.955255e-13
145.500000, -3.178735e-13, 2.029509e-13, 2.029407e-13, -5.772369e-13
145.600000, 2.964354e-13, -2.039788e-13, -2.039862e-13, 5.916059e-13
145.700000, -3.159266e-13, 2.015101e-13, 2.015184e-13, -5.731821e-13
145.800000, 2.942209e-13, -2.026005e-13, -2.026086e-13, 5.876796e-13
145.900000, -3.138767e-13, 2.001122e-13, 2.001180e-13, -5.692242e-13
146.000000, 2.922655e-13, -2.012408e-13, -2.012576e-13, 5.837333e-13
146.100000, -3.116012e-13, 1.987493e-13, 1.987471e-13, -5.653504e-13
146.200000, 2.904244e-13, -1.998728e-13, -1.998898e-13, 5.796675e-13
146.300000, -3.092228e-13, 1.973872e-13, 1.973829e-13, -5.616786e-13
146.400000, 2.887468e-13, -1.984954e-13, -1.985044e-13, 5.754682e-13
146.500000, -3.067649e-13, 1.960551e-13, 1.960721e-13, -5.581241e-13
146.600000, 2.872095e-13, -1.971032e-13, -1.971038e-13, 5.712517e-13
146.700000, -3.042189e-13, 1.947706e-13, 1.947725e-13, -5.547067e-13
146.800000, 2.857737e-13, -1.957429e-13, -1.957457e-13, 5.669000e-13
146.900000, -3.014972e-13, 1.934668e-13, 1.934668e-13, -5.514712e-13
147.000000, 2.845082e-13, -1.943213e-13, -1.943591e-13, 5.624992e-13
147.100000, -2.987042e-13, 1.921872e-13, 1.921814e-13, -5.483044e-13
147.200000, 2.833622e-13, -1.929905e-13, -1.929942e-13, 5.580095e-13
147.300000, -2.958414e-13, 1.909057e-13, 1.909334e-13, -5.451864e-13
147.400000, 2.822418e-13, -1.916332e-13, -1.916202e-13, 5.535746e-13
147.500000, -2.930369e-13, 1.896503e-13, 1.896587e-13, -5.421223e-13
147.600000, 2.810832e-13, -1.902852e-13, -1.902944e-13, 5.492059e-13
147.700000, -2.902153e-13, 1.883775e-13, 1.883868e-13, -5.390211e-13
147.800000, 2.799656e-13, -1.889953e-13, -1.889756e-13, 5.448380e-13
147.900000, -2.874962e-13, 1.870809e-13, 1.870897e-13, -5.359129e-13
148.000000, 2.787087e-13, -1.876906e-13, -1.876914e-13, 5.405283e-13
148.100000, -2.849445e-13, 1.857890e-13, 1.858026e-13, -5.328834e-13
148.200000, 2.773507e-13, -1.864322e-13, -1.864314e-13, 5.362519e-13
148.300000, -2.824647e-13, 1.844854e-13, 1.844982e-13, -5.297741e-13
148.400000, 2.759545e-13, -1.852047e-13, -1.852008e-13, 5.320575e-13
148.500000, -2.801346e-13, 1.831886e-13, 1.831923e-13, -5.266467e-13
148.600000, 2.743955e-13, -1.839696e-13, -1.839678e-13, 5.279555e-13
148.700000, -2.779028e-13, 1.818739e-13, 1.818740e-13, -5.235189e-13
148.800000, 2.727253e-13, -1.827583e-13, -1.827807e-13, 5.239505e-13
148.900000, -2.758667e-13, 1.805669e-13, 1.805867e-13, -5.202975e-13
149.000000, 2.709317e-13, -1.815895e-13, -1.815922e-13, 5.200622e-13
149.100000, -2.739649e-13, 1.792573e-13, 1.792482e-13, -5.169762e-13
149.200000, 2.690482e-13, -1.803926e-13, -1.804062e-13, 5.163158e-13
149.300000, -2.721814e-13, 1.779612e-13, 1.779919e-13, -5.135786e-13
149.400000, 2.670326e-13, -1.792280e-13, -1.792250e-13, 5.127147e-13
149.500000, -2.704848e-13, 1.766782e-13, 1.766955e-13, -5.100926e-13
149.600000, 2.650621e-13, -1.780738e-13, -1.780632e-13, 5.092437e-13
149.700000, -2.687724e-13, 1.754181e-13, 1.754002e-13, -5.064906e-13
149.800000, 2.630730e-13, -1.768867e-13, -1.768906e-13, 5.058990e-13
149.900000, -2.671086e-13, 1.741608e-13, 1.741664e-13, -5.028471e-13
150.000000, 2.610295e-13, -1.757265e-13, -1.757135e-13, 5.026446e-13
150.100000, -2.655411e-13, 1.729322e-13, 1.729408e-13, -4.991845e-13
150.200000, 2.589825e-13, -1.745366e-13, -1.745354e-13, 4.994647e-13
150.300000, -2.640119e-13, 1.717331e-13, 1.717175e-13, -4.954479e-13
150.400000, 2.569131e-13, -1.733360e-13, -1.733567e-13, 4.963278e-13
150.500000, -2.624596e-13, 1.705435e-13, 1.705231e-13, -4.917606e-13
150.600000, 2.549304e-13, -1.721679e-13, -1.721869e-13, 4.932711e-13
150.700000, -2.608231e-13, 1.693623e-13, 1.693616e-13, -4.880810e-13
150.800000, 2.530357e-13, -1.709728e-13, -1.709816e-13, 4.901336e-13
150.900000, -2.591082e-13, 1.682103e-13, 1.682204e-13, -4.844810e-13
151.000000, 2.512416e-13, -1.697808e-13, -1.697785e-13, 4.869381e-13
151.100000, -2.573698e-13, 1.671051e-13, 1.670975e-13, -4.809753e-13
151.200000, 2.494918e-13, -1.685471e-13, -1.685646e-13, 4.837498e-13
151.300000, -2.555748e-13, 1.659598e-13, 1.659561e-13, -4.775695e-13
151.400000, 2.478161e-13, -1.673732e-13, -1.673632e-13, 4.805171e-13
151.500000, -2.537604e-13, 1.648676e-13, 1.648517e-13, -4.742525e-13
151.600000, 2.462023e-13, -1.662066e-13, -1.661777e-13, 4.771636e-13
151.700000, -2.518737e-13, 1.637560e-13, 1.637576e-13, -4.710291e-13
151.800000, 2.446144e-13, -1.649925e-13, -1.649932e-13, 4.738406e-13
151.900000, -2.499885e-13, 1.626555e-13, 1.626427e-13, -4.678673e-13
152.000000, 2.431698e-13, -1.638455e-13, -1.638447e-13, 4.704781e-13
152.100000, -2.479923e-13, 1.615434e-13, 1.615511e-13, -4.647209e-13
152.200000, 2.417628e-13, -1.626830e-13, -1.626821e-13, 4.670966e-13
152.300000, -2.459956e-13, 1.604546e-13, 1.604660e-13, -4.617012e-13
152.400000, 2.403076e-13, -1.615254e-13, -1.615451e-13, 4.637268e-13
152.500000, -2.440659e-13, 1.593677e-13, 1.593739e-13, -4.586876e-13
152.600000, 2.389346e-13, -1.603974e-13, -1.603907e-13, 4.603183e-13
152.700000, -2.421219e-13, 1.582693e-13, 1.582675e-13, -4.557123e-13
152.800000, 2.375381e-13, -1.593194e-13, -1.592952e-13, 4.569241e-13
152.900000, -2.401532e-13, 1.571499e-13, 1.571733e-13, -4.527801e-13
153.000000, 2.361580e-13, -1.582279e-13, -1.582298e-13, 4.535224e-13
153.100000, -2.382476e-13, 1.560352e-13, 1.560505e-13, -4.498698e-13
153.200000, 2.347697e-13, -1.571418e-13, -1.571479e-13, 4.501642e-13
153.300000, -2.363662e-13, 1.549404e-13, 1.549473e-13, -4.469595e-13
153.400000, 2.333440e-13, -1.560959e-13, -1.560733e-13, 4.468663e-13
153.500000, -2.345318e-13, 1.538335e-13, 1.538376e-13, -4.440626e-13
153.600000, 2.318605e-13, -1.550300e-13, -1.550229e-13, 4.436001e-13
153.700000, -2.327989e-13, 1.527308e-13, 1.527518e-13, -4.411293e-13
153.800000, 2.303544e-13, -1.539834e-13, -1.539916e-13, 4.403313e-13
153.900000, -2.311160e-13, 1.516471e-13, 1.516453e-13, -4.382246e-13
154.000000, 2.287952e-13, -1.529321e-13, -1.529408e-13, 4.371306e-13
154.100000, -2.294742e-13, 1.505519e-13, 1.505467e-13, -4.353246e-13
154.200000, 2.271886e-13, -1.518960e-13, -1.519005e-13, 4.340004e-13
154.300000, -2.278527e-13, 1.494744e-13, 1.494786e-13, -4.323671e-13
154.400000, 2.256217e-13, -1.508569e-13, -1.508611e-13, 4.308819e-13
154.500000, -2.263017e-13, 1.484225e-13, 1.484156e-13, -4.294330e-13
154.600000, 2.240070e-13, -1.498326e-13, -1.498477e-13, 4.278646e-13
154.700000, -2.247929e-13, 1.473517e-13, 1.473588e-13, -4.264579e-13
154.800000, 2.223455e-13, -1.488072e-13, -1.487948e-13, 4.249115e-13
154.900000, -2.233130e-13, 1.462961e-13, 1.463003e-13, -4.234586e-13
155.000000, 2.206929e-13, -1.478029e-13, -1.477952e-13, 4.219699e-13
155.100000, -2.218540e-13, 1.452616e-13, 1.452648e-13, -4.204277e-13
155.200000, 2.190638e-13, -1.467828e-13, -1.467719e-13, 4.191065e-13
155.300000, -2.203666e-13, 1.442339e-13, 1.442453e-13, -4.173980e-13
155.400000, 2.174213e-13, -1.457834e-13, -1.457592e-13, 4.162733e-13
155.500000, -2.189293e-13, 1.431802e-13, 1.431990e-13, -4.143798e-13
155.600000, 2.158619e-13, -1.447785e-13, -1.447413e-13, 4.134913e-13
155.700000, -2.174581e-13, 1.422007e-13, 1.422097e-13, -4.113333e-13
155.800000, 2.142757e-13, -1.436969e-13, -1.437135e-13, 4.107201e-13
155.900000, -2.159788e-13, 1.412290e-13, 1.412351e-13, -4.083264e-13
156.000000, 2.127149e-13, -1.426750e-13, -1.426717e-13, 4.079832e-13
156.100000, -2.144787e-13, 1.402793e-13, 1.402930e-13, -4.053187e-13
156.200000, 2.112042e-13, -1.416209e-13, -1.416202e-13, 4.052751e-13
156.300000, -2.129977e-13, 1.393522e-13, 1.393561e-13, -4.023406e-13
156.400000, 2.097172e-13, -1.405608e-13, -1.405817e-13, 4.024832e-13
156.500000, -2.114784e-13, 1.384046e-13, 1.384146e-13, -3.994600e-13
156.600000, 2.082540e-13, -1.395287e-13, -1.395297e-13, 3.997801e-13
156.700000, -2.099677e-13, 1.374962e-13, 1.374946e-13, -3.965425e-13
156.800000, 2.068265e-13, -1.384942e-13, -1.384781e-13, 3.970223e-13
156.900000, -2.084601e-13, 1.365862e-13, 1.365778e-13, -3.936655e-13
157.000000, 2.054013e-13, -1.374635e-13, -1.374712e-13, 3.942846e-13
157.100000, -2.069320e-13, 1.356431e-13, 1.356481e-13, -3.908529e-13
157.200000, 2.039937e-13, -1.364429e-13, -1.364650e-13, 3.915627e-13
157.300000, -2.054098e-13, 1.347004e-13, 1.347149e-13, -3.880655e-13
157.400000, 2.026203e-13, -1.354626e-13, -1.354613e-13, 3.887741e-13
157.500000, -2.039080e-13, 1.338083e-13, 1.338067e-13, -3.853220e-13
157.600000, 2.012665e-13, -1.344828e-13, -1.344794e-13, 3.860357e-13
157.700000, -2.023548e-13, 1.328650e-13, 1.328700e-13, -3.826002e-13
157.800000, 1.998932e-13, -1.335094e-13, -1.335269e-13, 3.832645e-13
157.900000, -2.008640e-13, 1.319268e-13, 1.319539e-13, -3.799418e-13
158.000000, 1.985687e-13, -1.325651e-13, -1.325393e-13, 3.805065e-13
158.100000, -1.993558e-13, 1.310134e-13, 1.310115e-13, -3.773192e-13
158.200000, 1.972473e-13, -1.315853e-13, -1.315931e-13, 3.777204e-13
158.300000, -1.978500e-13, 1.300932e-13, 1.300788e-13, -3.746803e-13
158.400000, 1.959124e-13, -1.306298e-13, -1.306380e-13, 3.750013e-13
158.500000, -1.963481e-13, 1.291753e-13, 1.291716e-13, -3.720721e-13
158.600000, 1.945891e-13, -1.297056e-13, -1.297094e-13, 3.722538e-13
158.700000, -1.949075e-13, 1.282627e-13, 1.282606e-13, -3.694884e-13
158.800000, 1.932665e-13, -1.287615e-13, -1.287815e-13, 3.695211e-13
158.900000, -1.934468e-13, 1.273392e-13, 1.273533e-13, -3.669344e-13
159.000000, 1.919204e-13, -1.278529e-13, -1.278557e-13, 3.668243e-13
159.100000, -1.920061e-13, 1.264367e-13, 1.264436e-13, -3.643556e-13
159.200000, 1.906057e-13, -1.269294e-13, -1.269564e-13, 3.641547e-13
159.300000, -1.905894e-13, 1.255461e-13, 1.255093e-13, -3.618096e-13
159.400000, 1.892763e-13, -1.260268e-13, -1.260164e-13, 3.615145e-13
159.500000, -1.891887e-13, 1.246128e-13, 1.246338e-13, -3.592688e-13
159.600000, 1.879375e-13, -1.251313e-13, -1.251126e-13, 3.588785e-13
159.700000, -1.878212e-13, 1.236977e-13, 1.237236e-13, -3.567280e-13
159.800000, 1.866070e-13, -1.242572e-13, -1.242177e-13, 3.562579e-13
159.900000, -1.864754e-13, 1.228187e-13, 1.228084e-13, -3.541931e-13
160.000000, 1.852516e-13, -1.233653e-13, -1.233674e-13, 3.536831e-13
160.100000, -1.851068e-13, 1.219141e-13, 1.219153e-13, -3.516518e-13
160.200000, 1.838989e-13, -1.224911e-13, -1.224916e-13, 3.511277e-13
160.300000, -1.837904e-13, 1.210418e-13, 1.210516e-13, -3.491351e-13
160.400000, 1.825781e-13, -1.215719e-13, -1.215840e-13, 3.485884e-13
160.500000, -1.824560e-13, 1.201655e-13, 1.201627e-13, -3.465988e-13
160.600000, 1.812604e-13, -1.207091e-13, -1.207062e-13, 3.460956e-13
160.700000, -1.811372e-13, 1.193127e-13, 1.193037e-13, -3.440802e-13
160.800000, 1.799732e-13, -1.198069e-13, -1.198122e-13, 3.436202e-13
160.900000, -1.798170e-13, 1.184641e-13, 1.184796e-13, -3.415505e-13
161.000000, 1.786369e-13, -1.189166e-13, -1.189146e-13, 3.411539e-13
161.100000, -1.785005e-13, 1.176211e-13, 1.176232e-13, -3.390604e-13
161.200000, 1.773467e-13, -1.180353e-13, -1.180440e-13, 3.387045e-13
161.300000, -1.772195e-13, 1.167833e-13, 1.167819e-13, -3.365626e-13
161.400000, 1.760351e-13, -1.171849e-13, -1.171883e-13, 3.362562e-13
161.500000, -1.759188e-13, 1.159404e-13, 1.159484e-13, -3.341018e-13
161.600000, 1.747708e-13, -1.163022e-13, -1.162892e-13, 3.338423e-13
161.700000, -1.746469e-13, 1.151177e-13, 1.151085e-13, -3.316265e-13
161.800000, 1.734990e-13, -1.154498e-13, -1.154288e-13, 3.314247e-13
161.900000, -1.733364e-13, 1.142728e-13, 1.142855e-13, -3.291887e-13
162.000000, 1.722400e-13, -1.145827e-13, -1.145854e-13, 3.290191e-13
162.100000, -1.720654e-13, 1.134533e-13, 1.134574e-13, -3.267701e-13
162.200000, 1.709760e-13, -1.137287e-13, -1.137324e-13, 3.266143e-13
162.300000, -1.708028e-13, 1.126387e-13, 1.126198e-13, -3.243836e-13
162.400000, 1.697410e-13, -1.128951e-13, -1.128844e-13, 3.242308e-13
162.500000, -1.695045e-13, 1.118025e-13, 1.118154e-13, -3.219925e-13
162.600000, 1.685243e-13, -1.120540e-13, -1.120614e-13, 3.218263e-13
162.700000, -1.682557e-13, 1.109991e-13, 1.110031e-13, -3.196386e-13
162.800000, 1.673003e-13, -1.112038e-13, -1.112164e-13, 3.194651e-13
162.900000, -1.669905e-13, 1.101974e-13, 1.101831e-13, -3.173038e-13
163.000000, 1.660973e-13, -1.103858e-13, -1.103763e-13, 3.171024e-13
163.100000, -1.657381e-13, 1.093947e-13, 1.093739e-13, -3.149612e-13
163.200000, 1.648926e-13, -1.095800e-13, -1.095696e-13, 3.147340e-13
163.300000, -1.644653e-13, 1.085681e-13, 1.085960e-13, -3.126435e-13
163.400000, 1.637073e-13, -1.087444e-13, -1.087338e-13, 3.123860e-13
163.500000, -1.632234e-13, 1.077825e-13, 1.077622e-13, -3.103872e-13
163.600000, 1.625067e-13, -1.079475e-13, -1.079411e-13, 3.100449e-13
163.700000, -1.619814e-13, 1.069767e-13, 1.069801e-13, -3.080865e-13
163.800000, 1.613405e-13, -1.071303e-13, -1.071178e-13, 3.077260e-13
163.900000, -1.607306e-13, 1.061844e-13, 1.061964e-13, -3.058178e-13
164.000000, 1.601538e-13, -1.063247e-13, -1.063268e-13, 3.053956e-13
164.100000, -1.595149e-13, 1.053927e-13, 1.053952e-13, -3.035817e-13
164.200000, 1.589778e-13, -1.055240e-13, -1.055378e-13, 3.031193e-13
164.300000, -1.583008e-13, 1.045921e-13, 1.046047e-13, -3.013336e-13
164.400000, 1.577967e-13, -1.047404e-13, -1.047388e-13, 3.008100e-13
164.500000, -1.570943e-13, 1.038195e-13, 1.038176e-13, -2.990780e-13
164.600000, 1.566269e-13, -1.039587e-13, -1.039646e-13, 2.985446e-13
164.700000, -1.559433e-13, 1.030406e-13, 1.030404e-13, -2.968732e-13
164.800000, 1.554769e-13, -1.031940e-13, -1.031973e-13, 2.962837e-13
164.900000, -1.547401e-13, 1.022468e-13, 1.022670e-13, -2.946453e-13
165.000000, 1.542865e-13, -1.024126e-13, -1.024112e-13, 2.940206e-13
165.100000, -1.535713e-13, 1.014856e-13, 1.014815e-13, -2.924736e-13
165.200000, 1.531467e-13, -1.016453e-13, -1.016542e-13, 2.917893e-13
165.300000, -1.524019e-13, 1.006972e-13, 1.007183e-13, -2.902655e-13
165.400000, 1.520014e-13, -1.008887e-13, -1.008894e-13, 2.896013e-13
165.500000, -1.512512e-13, 9.993881e-14, 9.996147e-14, -2.880642e-13
165.600000, 1.508377e-13, -1.001193e-13, -1.000995e-13, 2.873863e-13
165.700000, -1.500913e-13, 9.920747e-14, 9.921526e-14, -2.858811e-13
165.800000, 1.497149e-13, -9.935115e-14, -9.933822e-14, 2.852197e-13
165.900000, -1.489477e-13, 9.843407e-14, 9.844595e-14, -2.837234e-13
166.000000, 1.485685e-13, -9.858099e-14, -9.857762e-14, 2.830543e-13
166.100000, -1.478034e-13, 9.769318e-14, 9.771000e-14, -2.815542e-13
166.200000, 1.474313e-13, -9.784596e-14, -9.781716e-14, 2.808745e-13
166.300000, -1.466660e-13, 9.694943e-14, 9.695444e-14, -2.794022e-13
166.400000, 1.463169e-13, -9.710213e-14, -9.707516e-14, 2.787335e-13
166.500000, -1.455543e-13, 9.619175e-14, 9.620408e-14, -2.772777e-13
166.600000, 1.451887e-13, -9.633445e-14, -9.632994e-14, 2.766201e-13
166.700000, -1.444461e-13, 9.548116e-14, 9.550045e-14, -2.751327e-13
166.800000, 1.440709e-13, -9.559157e-14, -9.557298e-14, 2.744854e-13
166.900000, -1.433182e-13, 9.472800e-14, 9.475047e-14, -2.730346e-13
167.000000, 1.429616e-13, -9.485171e-14, -9.484534e-14, 2.723713e-13
167.100000, -1.422179e-13, 9.398718e-14, 9.400947e-14, -2.709411e-13
167.200000, 1.418726e-13, -9.412767e-14, -9.411140e-14, 2.702652e-13
167.300000, -1.411295e-13, 9.329769e-14, 9.331492e-14, -2.688227e-13
167.400000, 1.407630e-13, -9.338663e-14, -9.335729e-14, 2.681874e-13
167.500000, -1.400171e-13, 9.255018e-14, 9.256578e-14, -2.667333e-13
167.600000, 1.396867e-13, -9.267272e-14, -9.263628e-14, 2.660979e-13
167.700000, -1.389107e-13, 9.184989e-14, 9.186406e-14, -2.646697e-13
167.800000, 1.386096e-13, -9.192949e-14, -9.193532e-14, 2.640385e-13
167.900000, -1.378260e-13, 9.113289e-14, 9.116938e-14, -2.625990e-13
168.000000, 1.375040e-13, -9.123438e-14, -9.120330e-14, 2.619475e-13
168.100000, -1.367629e-13, 9.043550e-14, 9.042796e-14, -2.605772e-13
168.200000, 1.364369e-13, -9.051039e-14, -9.048849e-14, 2.599063e-13
168.300000, -1.356840e-13, 8.969199e-14, 8.971151e-14, -2.585575e-13
168.400000, 1.353823e-13, -8.979999e-14, -8.979297e-14, 2.578584e-13
168.500000, -1.346196e-13, 8.900928e-14, 8.901663e-14, -2.565090e-13
168.600000, 1.343147e-13, -8.908537e-14, -8.906378e-14, 2.558504e-13
168.700000, -1.335157e-13, 8.831611e-14, 8.832091e-14, -2.544947e-13
168.800000, 1.332576e-13, -8.839326e-14, -8.837358e-14, 2.538126e-13
168.900000, -1.324798e-13, 8.762752e-14, 8.763085e-14, -2.524967e-13
169.000000, 1.322092e-13, -8.769436e-14, -8.767367e-14, 2.518120e-13
169.100000, -1.314351e-13, 8.692830e-14, 8.693882e-14, -2.504851e-13
169.200000, 1.311657e-13, -8.698849e-14, -8.696329e-14, 2.498291e-13
169.300000, -1.303574e-13, 8.626392e-14, 8.625407e-14, -2.485076e-13
169.400000, 1.301439e-13, -8.628046e-14, -8.628508e-14, 2.478246e-13
169.500000, -1.293309e-13, 8.556469e-14, 8.556210e-14, -2.465474e-13
169.600000, 1.291144e-13, -8.560828e-14, -8.558664e-14, 2.458340e-13
169.700000, -1.282958e-13, 8.487292e-14, 8.488164e-14, -2.445826e-13
169.800000, 1.280639e-13, -8.491129e-14, -8.488625e-14, 2.438728e-13
169.900000, -1.272384e-13, 8.420339e-14, 8.420282e-14, -2.426236e-13
170.000000, 1.270373e-13, -8.421440e-14, -8.419850e-14, 2.419174e-13
170.100000, -1.262267e-13, 8.351597e-14, 8.353428e-14, -2.406761e-13
170.200000, 1.260273e-13, -8.354182e-14, -8.352850e-14, 2.399540e-13
170.300000, -1.252046e-13, 8.285794e-14, 8.286568e-14, -2.387362e-13
170.400000, 1.250039e-13, -8.287039e-14, -8.287194e-14, 2.380055e-13
170.500000, -1.242248e-13, 8.216681e-14, 8.216952e-14, -2.368298e-13
170.600000, 1.239876e-13, -8.220332e-14, -8.220439e-14, 2.360799e-13
170.700000, -1.232221e-13, 8.147598e-14, 8.150553e-14, -2.349171e-13
170.800000, 1.229854e-13, -8.154895e-14, -8.152640e-14, 2.341521e-13
170.900000, -1.222117e-13, 8.082802e-14, 8.084634e-14, -2.330160e-13
171.000000, 1.219799e-13, -8.087325e-14, -8.086288e-14, 2.322365e-13
171.100000, -1.212054e-13, 8.017803e-14, 8.018422e-14, -2.311160e-13
171.200000, 1.209800e-13, -8.020819e-14, -8.021853e-14, 2.303547e-13
171.300000, -1.202123e-13, 7.950515e-14, 7.951125e-14, -2.292218e-13
171.400000, 1.199934e-13, -7.954824e-14, -7.955107e-14, 2.284459e-13
171.500000, -1.192127e-13, 7.886215e-14, 7.888226e-14, -2.273308e-13
171.600000, 1.189989e-13, -7.888342e-14, -7.888912e-14, 2.265790e-13
171.700000, -1.182303e-13, 7.821738e-14, 7.823666e-14, -2.254583e-13
171.800000, 1.180187e-13, -7.822458e-14, -7.822284e-14, 2.247277e-13
171.900000, -1.172753e-13, 7.757676e-14, 7.756977e-14, -2.235805e-13
172.000000, 1.170256e-13, -7.759106e-14, -7.757959e-14, 2.228634e-13
172.100000, -1.162952e-13, 7.694002e-14, 7.694343e-14, -2.217295e-13
172.200000, 1.160505e-13, -7.694012e-14, -7.694434e-14, 2.210147e-13
172.300000, -1.153281e-13, 7.629898e-14, 7.629142e-14, -2.199097e-13
172.400000, 1.150965e-13, -7.629568e-14, -7.629466e-14, 2.191784e-13
172.500000, -1.143485e-13, 7.565372e-14, 7.565551e-14, -2.180660e-13
172.600000, 1.141340e-13, -7.565587e-14, -7.565762e-14, 2.173276e-13
172.700000, -1.133978e-13, 7.503204e-14, 7.502363e-14, -2.162395e-13
172.800000, 1.131559e-13, -7.503095e-14, -7.502536e-14, 2.154925e-13
172.900000, -1.124420e-13, 7.439428e-14, 7.438397e-14, -2.144108e-13
173.000000, 1.122238e-13, -7.438527e-14, -7.438031e-14, 2.137005e-13
173.100000, -1.114863e-13, 7.376100e-14, 7.376927e-14, -2.126066e-13
173.200000, 1.112766e-13, -7.375818e-14, -7.375484e-14, 2.118783e-13
173.300000, -1.105388e-13, 7.315584e-14, 7.315056e-14, -2.107796e-13
173.400000, 1.103482e-13, -7.313065e-14, -7.313065e-14, 2.100885e-13
173.500000, -1.096022e-13, 7.253394e-14, 7.251635e-14, -2.090135e-13
173.600000, 1.093906e-13, -7.249107e-14, -7.249334e-14, 2.083160e-13
173.700000, -1.086618e-13, 7.191887e-14, 7.190697e-14, -2.072131e-13
173.800000, 1.084532e-13, -7.188181e-14, -7.187408e-14, 2.065151e-13
173.900000, -1.077405e-13, 7.128704e-14, 7.129674e-14, -2.054341e-13
174.000000, 1.075429e-13, -7.124569e-14, -7.125298e-14, 2.047468e-13
174.100000, -1.068158e-13, 7.067970e-14, 7.067811e-14, -2.036710e-13
174.200000, 1.066062e-13, -7.064252e-14, -7.065293e-14, 2.029867e-13
174.300000, -1.058730e-13, 7.006585e-14, 7.008183e-14, -2.019291e-13
174.400000, 1.056925e-13, -7.003427e-14, -7.003271e-14, 2.012119e-13
174.500000, -1.049558e-13, 6.947304e-14, 6.945492e-14, -2.001616e-13
174.600000, 1.047612e-13, -6.941661e-14, -6.940905e-14, 1.994756e-13
174.700000, -1.040503e-13, 6.885524e-14, 6.884055e-14, -1.984270e-13
174.800000, 1.038341e-13, -6.882385e-14, -6.883621e-14, 1.977293e-13
174.900000, -1.031297e-13, 6.825827e-14, 6.825716e-14, -1.966970e-13
175.000000, 1.029420e-13, -6.821827e-14, -6.822996e-14, 1.959869e-13
175.100000, -1.022471e-13, 6.766216e-14, 6.764771e-14, -1.949860e-13
175.200000, 1.020222e-13, -6.761531e-14, -6.761568e-14, 1.942582e-13
175.300000, -1.013165e-13, 6.707615e-14, 6.706222e-14, -1.932633e-13
175.400000, 1.011227e-13, -6.701367e-14, -6.701661e-14, 1.925686e-13
175.500000, -1.004197e-13, 6.647336e-14, 6.648485e-14, -1.915509e-13
175.600000, 1.002426e-13, -6.641176e-14, -6.641598e-14, 1.908458e-13
175.700000, -9.954090e-14, 6.587468e-14, 6.588195e-14, -1.898352e-13
175.800000, 9.934572e-14, -6.580893e-14, -6.581948e-14, 1.891515e-13
175.900000, -9.864832e-14, 6.529090e-14, 6.528378e-14, -1.881430e-13
176.000000, 9.844181e-14, -6.522786e-14, -6.524366e-14, 1.874638e-13
176.100000, -9.776370e-14, 6.470890e-14, 6.470483e-14, -1.864749e-13
176.200000, 9.754757e-14, -6.466022e-14, -6.464032e-14, 1.857838e-13
176.300000, -9.688285e-14, 6.413199e-14, 6.412388e-14, -1.847917e-13
176.400000, 9.668169e-14, -6.404757e-14, -6.407431e-14, 1.840941e-13
176.500000, -9.600095e-14, 6.354848e-14, 6.353955e-14, -1.831228e-13
176.600000, 9.580302e-14, -6.348424e-14, -6.348940e-14, 1.824372e-13
176.700000, -9.512898e-14, 6.297585e-14, 6.295393e-14, -1.814645e-13
176.800000, 9.493439e-14, -6.290871e-14, -6.291479e-14, 1.807677e-13
176.900000, -9.425526e-14, 6.239560e-14, 6.239878e-14, -1.797971e-13
177.000000, 9.405883e-14, -6.233385e-14, -6.232937e-14, 1.790995e-13
177.100000, -9.342633e-14, 6.180648e-14, 6.181204e-14, -1.781814e-13
177.200000, 9.317812e-14, -6.177039e-14, -6.178009e-14, 1.774469e-13
177.300000, -9.254028e-14, 6.123806e-14, 6.124076e-14, -1.765360e-13
177.400000, 9.231219e-14, -6.119671e-14, -6.119956e-14, 1.758119e-13
177.500000, -9.169172e-14, 6.068367e-14, 6.066998e-14, -1.748827e-13
177.600000, 9.147922e-14, -6.061426e-14, -6.060960e-14, 1.741665e-13
177.700000, -9.083078e-14, 6.011769e-14, 6.013579e-14, -1.732416e-13
177.800000, 9.062622e-14, -6.004955e-14, -6.005215e-14, 1.725825e-13
177.900000, -8.996375e-14, 5.957273e-14, 5.957683e-14, -1.716194e-13
178.000000, 8.976375e-14, -5.947013e-14, -5.948464e-14, 1.709478e-13
178.100000, -8.913735e-14, 5.901341e-14, 5.900712e-14, -1.699979e-13
178.200000, 8.894087e-14, -5.891281e-14, -5.890724e-14, 1.693501e-13
178.300000, -8.830092e-14, 5.844900e-14, 5.843970e-14, -1.684052e-13
178.400000, 8.809559e-14, -5.835192e-14, -5.835051e-14, 1.677427e-13
178.500000, -8.745096e-14, 5.789582e-14, 5.790318e-14, -1.668172e-13
178.600000, 8.723483e-14, -5.780159e-14, -5.780123e-14, 1.661531e-13
178.700000, -8.661496e-14, 5.736265e-14, 5.734324e-14, -1.652069e-13
178.800000, 8.643062e-14, -5.722346e-14, -5.722620e-14, 1.645680e-13
178.900000, -8.578502e-14, 5.680232e-14, 5.679005e-14, -1.636233e-13
179.000000, 8.556452e-14, -5.669002e-14, -5.669819e-14, 1.629890e-13
179.100000, -8.495289e-14, 5.624892e-14, 5.623980e-14, -1.620676e-13
179.200000, 8.475392e-14, -5.613218e-14, -5.615767e-14, 1.614022e-13
179.300000, -8.413217e-14, 5.570987e-14, 5.570417e-14, -1.604918e-13
179.400000, 8.393373e-14, -5.558844e-14, -5.559043e-14, 1.598233e-13
179.500000, -8.330894e-14, 5.517508e-14, 5.515766e-14, -1.589155e-13
179.600000, 8.309634e-14, -5.505077e-14, -5.506295e-14, 1.582675e-13
179.700000, -8.248974e-14, 5.461821e-14, 5.462235e-14, -1.573609e-13
179.800000, 8.227153e-14, -5.451105e-14, -5.452482e-14, 1.567089e-13
179.900000, -8.168832e-14, 5.408924e-14, 5.408223e-14, -1.558180e-13
180.000000, 8.148810e-14, -5.397094e-14, -5.397095e-14, 1.551540e-13
180.100000, -8.087592e-14, 5.354849e-14, 5.353160e-14, -1.542755e-13
180.200000, 8.066342e-14, -5.343556e-14, -5.346717e-14, 1.536096e-13
180.300000, -8.007106e-14, 5.300981e-14, 5.300363e-14, -1.527496e-13
180.400000, 7.985308e-14, -5.291494e-14, -5.292658e-14, 1.520699e-13
180.500000, -7.927042e-14, 5.247496e-14, 5.246427e-14, -1.512353e-13
180.600000, 7.905060e-14, -5.237641e-14, -5.238346e-14, 1.505503e-13
180.700000, -7.846917e-14, 5.194391e-14, 5.193089e-14, -1.496908e-13
180.800000, 7.823858e-14, -5.183755e-14, -5.185526e-14, 1.490317e-13
180.900000, -7.768107e-14, 5.143153e-14, 5.141088e-14, -1.481883e-13
181.000000, 7.744786e-14, -5.132196e-14, -5.132088e-14, 1.475026e-13
181.100000, -7.687778e-14, 5.089834e-14, 5.090245e-14, -1.466643e-13
181.200000, 7.667590e-14, -5.078301e-14, -5.078224e-14, 1.459850e-13
181.300000, -7.608966e-14, 5.037009e-14, 5.036933e-14, -1.451654e-13
181.400000, 7.586284e-14, -5.025491e-14, -5.025831e-14, 1.445095e-13
181.500000, -7.528150e-14, 4.986132e-14, 4.986123e-14, -1.436567e-13
181.600000, 7.508526e-14, -4.973789e-14, -4.974272e-14, 1.430103e-13
181.700000, -7.450884e-14, 4.934439e-14, 4.933044e-14, -1.421572e-13
181.800000, 7.432722e-14, -4.920704e-14, -4.920450e-14, 1.415159e-13
181.900000, -7.375371e-14, 4.882528e-14, 4.881411e-14, -1.406744e-13
182.000000, 7.352575e-14, -4.869870e-14, -4.870784e-14, 1.400255e-13
182.100000, -7.295092e-14, 4.831218e-14, 4.833480e-14, -1.391942e-13
182.200000, 7.274199e-14, -4.818986e-14, -4.820302e-14, 1.385576e-13
182.300000, -7.219990e-14, 4.779831e-14, 4.780354e-14, -1.377208e-13
182.400000, 7.199529e-14, -4.767885e-14, -4.768763e-14, 1.370806e-13
182.500000, -7.143521e-14, 4.726284e-14, 4.727151e-14, -1.362657e-13
182.600000, 7.119669e-14, -4.716736e-14, -4.718802e-14, 1.355980e-13
182.700000, -7.066259e-14, 4.675983e-14, 4.678815e-14, -1.348000e-13
182.800000, 7.042299e-14, -4.667425e-14, -4.667074e-14, 1.341481e-13
182.900000, -6.990268e-14, 4.626101e-14, 4.626753e-14, -1.333519e-13
183.000000, 6.966856e-14, -4.615993e-14, -4.614505e-14, 1.326822e-13
183.100000, -6.911568e-14, 4.576513e-14, 4.577692e-14, -1.318946e-13
183.200000, 6.891332e-14, -4.563343e-14, -4.564930e-14, 1.312441e-13
183.300000, -6.836190e-14, 4.526847e-14, 4.528892e-14, -1.304384e-13
183.400000, 6.814967e-14, -4.514973e-14, -4.515675e-14, 1.298240e-13
183.500000, -6.762159e-14, 4.476347e-14, 4.477412e-14, -1.290075e-13
183.600000, 6.741461e-14, -4.464253e-14, -4.462883e-14, 1.283895e-13
183.700000, -6.685175e-14, 4.428954e-14, 4.428715e-14, -1.275681e-13
183.800000, 6.664990e-14, -4.413505e-14, -4.414355e-14, 1.269397e-13
183.900000, -6.611380e-14, 4.378428e-14, 4.377724e-14, -1.261333e-13
184.000000, 6.590425e-14, -4.363871e-14, -4.365321e-14, 1.255333e-13
184.100000, -6.537103e-14, 4.328611e-14, 4.329021e-14, -1.247181e-13
184.200000, 6.517290e-14, -4.315941e-14, -4.315411e-14, 1.240910e-13
184.300000, -6.463502e-14, 4.280098e-14, 4.279035e-14, -1.232901e-13
184.400000, 6.441372e-14, -4.267324e-14, -4.265980e-14, 1.226870e-13
184.500000, -6.387840e-14, 4.229665e-14, 4.230424e-14, -1.218935e-13
184.600000, 6.366535e-14, -4.217339e-14, -4.218107e-14, 1.212553e-13
184.700000, -6.314545e-14, 4.182199e-14, 4.180918e-14, -1.205050e-13
184.800000, 6.295588e-14, -4.168733e-14, -4.167292e-14, 1.198850e-13
184.900000, -6.242919e-14, 4.135221e-14, 4.132055e-14, -1.190881e-13
185.000000, 6.220009e-14, -4.118762e-14, -4.121249e-14, 1.184563e-13
185.100000, -6.168868e-14, 4.085304e-14, 4.085796e-14, -1.177022e-13
185.200000, 6.146175e-14, -4.072815e-14, -4.072763e-14, 1.170579e-13
185.300000, -6.095777e-14, 4.036877e-14, 4.035936e-14, -1.163302e-13
185.400000, 6.074526e-14, -4.024351e-14, -4.023013e-14, 1.156839e-13
185.500000, -6.023654e-14, 3.990498e-14, 3.988134e-14, -1.149197e-13
185.600000, 6.000403e-14, -3.975310e-14, -3.975388e-14, 1.142988e-13
185.700000, -5.951857e-14, 3.939904e-14, 3.940800e-14, -1.135359e-13
185.800000, 5.930341e-14, -3.926592e-14, -3.927251e-14, 1.129323e-13
185.900000, -5.879432e-14, 3.893192e-14, 3.892085e-14, -1.121826e-13
186.000000, 5.857933e-14, -3.879122e-14, -3.877102e-14, 1.115552e-13
186.100000, -5.807193e-14, 3.844730e-14, 3.845678e-14, -1.108079e-13
186.200000, 5.786189e-14, -3.832929e-14, -3.831727e-14, 1.101901e-13
186.300000, -5.734717e-14, 3.799511e-14, 3.798195e-14, -1.094489e-13
186.400000, 5.714299e-14, -3.784723e-14, -3.784386e-14, 1.088331e-13
186.500000, -5.664015e-14, 3.750919e-14, 3.751624e-14, -1.081001e-13
186.600000, 5.643083e-14, -3.739011e-14, -3.736134e-14, 1.074821e-13
186.700000, -5.594454e-14, 3.703088e-14, 3.703769e-14, -1.067353e-13
186.800000, 5.572133e-14, -3.690558e-14, -3.690036e-14, 1.061145e-13
186.900000, -5.523253e-14, 3.657286e-14, 3.657066e-14, -1.053872e-13
187.000000, 5.501370e-14, -3.644999e-14, -3.641077e-14, 1.047759e-13
187.100000, -5.453365e-14, 3.609704e-14, 3.611120e-14, -1.040579e-13
187.200000, 5.431178e-14, -3.597463e-14, -3.595673e-14, 1.034225e-13
187.300000, -5.382963e-14, 3.564685e-14, 3.564550e-14, -1.027137e-13
187.400000, 5.359851e-14, -3.549061e-14, -3.549674e-14, 1.020868e-13
187.500000, -5.310833e-14, 3.518693e-14, 3.518535e-14, -1.013697e-13
187.600000, 5.292242e-14, -3.503998e-14, -3.503543e-14, 1.007622e-13
187.700000, -5.243942e-14, 3.472146e-14, 3.472789e-14, -1.000471e-13
187.800000, 5.221290e-14, -3.457686e-14, -3.458319e-14, 9.943749e-14
187.900000, -5.174029e-14, 3.425767e-14, 3.426086e-14, -9.873460e-14
188.000000, 5.151839e-14, -3.413550e-14, -3.413259e-14, 9.808909e-14
188.100000, -5.105698e-14, 3.378248e-14, 3.379080e-14, -9.741537e-14
188.200000, 5.081989e-14, -3.368277e-14, -3.367462e-14, 9.680766e-14
188.300000, -5.035567e-14, 3.333282e-14, 3.333448e-14, -9.609653e-14
188.400000, 5.015125e-14, -3.321921e-14, -3.321086e-14, 9.547275e-14
188.500000, -4.965730e-14, 3.289178e-14, 3.289595e-14, -9.478086e-14
188.600000, 4.944658e-14, -3.275171e-14, -3.274419e-14, 9.417927e-14
188.700000, -4.897588e-14, 3.243917e-14, 3.245381e-14, -9.346927e-14
188.800000, 4.878073e-14, -3.228943e-14, -3.227968e-14, 9.288046e-14
188.900000, -4.829811e-14, 3.199901e-14, 3.200874e-14, -9.216936e-14
189.000000, 4.810274e-14, -3.184199e-14, -3.182545e-14, 9.159197e-14
189.100000, -4.760939e-14, 3.153440e-14, 3.154394e-14, -9.088216e-14
189.200000, 4.741120e-14, -3.138674e-14, -3.139304e-14, 9.027818e-14
189.300000, -4.695475e-14, 3.109674e-14, 3.111511e-14, -8.957493e-14
189.400000, 4.673872e-14, -3.094178e-14, -3.092686e-14, 8.901275e-14
189.500000, -4.627069e-14, 3.062729e-14, 3.065054e-14, -8.830964e-14
189.600000, 4.605155e-14, -3.050239e-14, -3.049139e-14, 8.771672e-14
189.700000, -4.560375e-14, 3.020956e-14, 3.020936e-14, -8.701454e-14
189.800000, 4.537428e-14, -3.005462e-14, -3.004515e-14, 8.643278e-14
189.900000, -4.492572e-14, 2.975281e-14, 2.976621e-14, -8.573568e-14
190.000000, 4.472418e-14, -2.960873e-14, -2.959792e-14, 8.516049e-14
190.100000, -4.426200e-14, 2.931772e-14, 2.932620e-14, -8.448307e-14
190.200000, 4.404080e-14, -2.917835e-14, -2.917492e-14, 8.387519e-14
190.300000, -4.360511e-14, 2.887627e-14, 2.887177e-14, -8.320531e-14
190.400000, 4.338159e-14, -2.873345e-14, -2.874034e-14, 8.261170e-14
190.500000, -4.294183e-14, 2.844696e-14, 2.844811e-14, -8.193487e-14
190.600000, 4.271090e-14, -2.829591e-14, -2.828872e-14, 8.134084e-14
190.700000, -4.228083e-14, 2.799154e-14, 2.800754e-14, -8.068637e-14
190.800000, 4.203964e-14, -2.785868e-14, -2.784144e-14, 8.008951e-14
190.900000, -4.163606e-14, 2.756610e-14, 2.756929e-14, -7.942366e-14
191.000000, 4.139560e-14, -2.741430e-14, -2.741575e-14, 7.883268e-14
191.100000, -4.096227e-14, 2.714098e-14, 2.714341e-14, -7.817260e-14
191.200000, 4.073166e-14, -2.697126e-14, -2.697074e-14, 7.758630e-14
191.300000, -4.032291e-14, 2.668721e-14, 2.668317e-14, -7.693123e-14
191.400000, 4.007093e-14, -2.656150e-14, -2.656069e-14, 7.633258e-14
191.500000, -3.965672e-14, 2.626219e-14, 2.626490e-14, -7.568855e-14
191.600000, 3.943528e-14, -2.611949e-14, -2.611837e-14, 7.509340e-14
191.700000, -3.900677e-14, 2.584926e-14, 2.583282e-14, -7.444171e-14
191.800000, 3.877690e-14, -2.568535e-14, -2.566460e-14, 7.385879e-14
191.900000, -3.836463e-14, 2.540406e-14, 2.539871e-14, -7.321167e-14
192.000000, 3.812331e-14, -2.525805e-14, -2.526311e-14, 7.262005e-14
192.100000, -3.771681e-14, 2.497056e-14, 2.497906e-14, -7.198261e-14
192.200000, 3.747039e-14, -2.483435e-14, -2.483484e-14, 7.141154e-14
192.300000, -3.709166e-14, 2.455016e-14, 2.455917e-14, -7.072974e-14
192.400000, 3.684247e-14, -2.438505e-14, -2.441043e-14, 7.015905e-14
192.500000, -3.643295e-14, 2.411994e-14, 2.413387e-14, -6.952858e-14
192.600000, 3.619083e-14, -2.397287e-14, -2.399027e-14, 6.893776e-14
192.700000, -3.580920e-14, 2.368665e-14, 2.369986e-14, -6.830617e-14
192.800000, 3.555498e-14, -2.355557e-14, -2.356084e-14, 6.771388e-14
192.900000, -3.516220e-14, 2.328760e-14, 2.329667e-14, -6.708750e-14
193.000000, 3.492256e-14, -2.312878e-14, -2.312538e-14, 6.652899e-14
193.100000, -3.451713e-14, 2.287072e-14, 2.286334e-14, -6.586786e-14
193.200000, 3.426965e-14, -2.269433e-14, -2.272127e-14, 6.531262e-14
193.300000, -3.389182e-14, 2.244618e-14, 2.244473e-14, -6.466194e-14
193.400000, 3.365214e-14, -2.228450e-14, -2.228698e-14, 6.410274e-14
193.500000, -3.325927e-14, 2.201383e-14, 2.201594e-14, -6.345575e-14
193.600000, 3.302475e-14, -2.187012e-14, -2.186921e-14, 6.289276e-14
193.700000, -3.263379e-14, 2.161200e-14, 2.161878e-14, -6.225754e-14
193.800000, 3.239633e-14, -2.143624e-14, -2.144954e-14, 6.171028e-14
193.900000, -3.198511e-14, 2.118771e-14, 2.119406e-14, -6.106153e-14
194.000000, 3.177990e-14, -2.104345e-14, -2.103176e-14, 6.050161e-14
194.100000, -3.136450e-14, 2.078921e-14, 2.079322e-14, -5.985794e-14
194.200000, 3.113802e-14, -2.060216e-14, -2.061467e-14, 5.931619e-14
194.300000, -3.075074e-14, 2.038244e-14, 2.037142e-14, -5.866711e-14
194.400000, 3.051280e-14, -2.020712e-14, -2.021337e-14, 5.812505e-14
194.500000, -3.013866e-14, 1.995168e-14, 1.995361e-14, -5.748776e-14
194.600000, 2.989850e-14, -1.978516e-14, -1.978907e-14, 5.694811e-14
194.700000, -2.952960e-14, 1.955276e-14, 1.954924e-14, -5.631337e-14
194.800000, 2.926795e-14, -1.938491e-14, -1.938616e-14, 5.575981e-14
194.900000, -2.890186e-14, 1.914542e-14, 1.912452e-14, -5.513495e-14
195.000000, 2.863531e-14, -1.898095e-14, -1.899494e-14, 5.456620e-14
195.100000, -2.828218e-14, 1.872698e-14, 1.870741e-14, -5.396883e-14
195.200000, 2.801493e-14, -1.856109e-14, -1.857901e-14, 5.339041e-14
195.300000, -2.767791e-14, 1.832223e-14, 1.831923e-14, -5.279743e-14
195.400000, 2.741276e-14, -1.816084e-14, -1.816976e-14, 5.222607e-14
195.500000, -2.708267e-14, 1.791396e-14, 1.790041e-14, -5.162175e-14
195.600000, 2.679366e-14, -1.774955e-14, -1.775949e-14, 5.106822e-14
195.700000, -2.644171e-14, 1.752880e-14, 1.750573e-14, -5.042975e-14
195.800000, 2.620587e-14, -1.732705e-14, -1.733742e-14, 4.991669e-14
195.900000, -2.583525e-14, 1.712944e-14, 1.710668e-14, -4.928008e-14
196.000000, 2.558430e-14, -1.693869e-14, -1.694173e-14, 4.875112e-14
196.100000, -2.522148e-14, 1.672381e-14, 1.670658e-14, -4.812307e-14
196.200000, 2.496333e-14, -1.652321e-14, -1.653660e-14, 4.760695e-14
196.300000, -2.464190e-14, 1.632068e-14, 1.630651e-14, -4.697529e-14
196.400000, 2.436835e-14, -1.613612e-14, -1.614264e-14, 4.643835e-14
196.500000, -2.402654e-14, 1.591928e-14, 1.591276e-14, -4.583129e-14
196.600000, 2.376582e-14, -1.573562e-14, -1.574937e-14, 4.527303e-14
196.700000, -2.343455e-14, 1.552021e-14, 1.550522e-14, -4.466628e-14
196.800000, 2.313412e-14, -1.533878e-14, -1.535488e-14, 4.412280e-14
196.900000, -2.282122e-14, 1.510255e-14, 1.510204e-14, -4.355179e-14
197.000000, 2.254791e-14, -1.493474e-14, -1.494758e-14, 4.298125e-14
197.100000, -2.223467e-14, 1.472589e-14, 1.470568e-14, -4.240227e-14
197.200000, 2.194884e-14, -1.454138e-14, -1.456186e-14, 4.185181e-14
197.300000, -2.164064e-14, 1.432572e-14, 1.430614e-14, -4.124450e-14
197.400000, 2.134908e-14, -1.415239e-14, -1.418163e-14, 4.069915e-14
197.500000, -2.104105e-14, 1.393060e-14, 1.390394e-14, -4.011054e-14
197.600000, 2.075618e-14, -1.374809e-14, -1.374346e-14, 3.957877e-14
197.700000, -2.043698e-14, 1.354020e-14, 1.352188e-14, -3.898211e-14
197.800000, 2.015131e-14, -1.334183e-14, -1.336940e-14, 3.844771e-14
197.900000, -1.985490e-14, 1.315044e-14, 1.312316e-14, -3.786031e-14
198.000000, 1.959108e-14, -1.295300e-14, -1.296749e-14, 3.733416e-14
198.100000, -1.925010e-14, 1.276899e-14, 1.274653e-14, -3.671467e-14
198.200000, 1.899270e-14, -1.256509e-14, -1.256904e-14, 3.620453e-14
198.300000, -1.865345e-14, 1.239365e-14, 1.235221e-14, -3.559601e-14
198.400000, 1.841775e-14, -1.216600e-14, -1.217018e-14, 3.507481e-14
198.500000, -1.807649e-14, 1.199071e-14, 1.197164e-14, -3.446408e-14
198.600000, 1.780049e-14, -1.179259e-14, -1.182233e-14, 3.394403e-14
198.700000, -1.749305e-14, 1.157645e-14, 1.156811e-14, -3.338140e-14
198.800000, 1.720852e-14, -1.141002e-14, -1.140327e-14, 3.282841e-14
198.900000, -1.692516e-14, 1.120633e-14, 1.119787e-14, -3.225741e-14
199.000000, 1.664195e-14, -1.103185e-14, -1.103684e-14, 3.171204e-14
199.100000, -1.633845e-14, 1.081098e-14, 1.079152e-14, -3.114309e-14
199.200000, 1.605061e-14, -1.063098e-14, -1.065613e-14, 3.060425e-14
199.300000, -1.573118e-14, 1.043318e-14, 1.042576e-14, -3.002341e-14
199.400000, 1.546832e-14, -1.024992e-14, -1.026010e-14, 2.949442e-14
199.500000, -1.515852e-14, 1.006385e-14, 1.003940e-14, -2.892706e-14
199.600000, 1.488122e-14, -9.847117e-15, -9.872445e-15, 2.840114e-14
199.700000, -1.457286e-14, 9.664314e-15, 9.658787e-15, -2.781163e-14
199.800000, 1.432071e-14, -9.473739e-15, -9.486888e-15, 2.729972e-14
199.900000, -1.401791e-14, 9.274189e-15, 9.263918e-15, -2.672460e-14
200.000000, 1.374554e-14, -9.108173e-15, -9.114796e-15, 2.618858e-14
200.100000, -1.344200e-14, 8.906357e-15, 8.892235e-15, -2.561724e-14
200.200000, 1.317086e-14, -8.731979e-15, -8.716982e-15, 2.507447e-14
200.300000, -1.286031e-14, 8.515122e-15, 8.516224e-15, -2.452300e-14
200.400000, 1.255689e-14, -8.336818e-15, -8.362375e-15, 2.396920e-14
200.500000, -1.228087e-14, 8.129402e-15, 8.126319e-15, -2.343248e-14
200.600000, 1.200226e-14, -7.973478e-15, -7.976120e-15, 2.289035e-14
200.700000, -1.172304e-14, 7.765351e-15, 7.743792e-15, -2.233644e-14
200.800000, 1.142718e-14, -7.574362e-15, -7.578760e-15, 2.180507e-14
200.900000, -1.113381e-14, 7.377849e-15, 7.354113e-15, -2.123862e-14
201.000000, 1.085434e-14, -7.193833e-15, -7.219095e-15, 2.071558e-14
201.100000, -1.056945e-14, 7.017026e-15, 6.988264e-15, -2.016626e-14
201.200000, 1.030240e-14, -6.813183e-15, -6.824374e-15, 1.964493e-14
201.300000, -9.997881e-15, 6.645075e-15, 6.629721e-15, -1.908770e-14
201.400000, 9.723703e-15, -6.439646e-15, -6.441400e-15, 1.856479e-14
201.500000, -9.436650e-15, 6.246253e-15, 6.251074e-15, -1.799287e-14
201.600000, 9.169155e-15, -6.057871e-15, -6.056338e-15, 1.747694e-14
201.700000, -8.860552e-15, 5.895506e-15, 5.875148e-15, -1.691050e-14
201.800000, 8.615268e-15, -5.680353e-15, -5.694794e-15, 1.641356e-14
201.900000, -8.307027e-15, 5.533644e-15, 5.510245e-15, -1.585565e-14
202.000000, 8.034500e-15, -5.299212e-15, -5.314949e-15, 1.533611e-14
202.100000, -7.743673e-15, 5.132300e-15, 5.129460e-15, -1.477666e-14
202.200000, 7.486762e-15, -4.941752e-15, -4.944809e-15, 1.425358e-14
202.300000, -7.184053e-15, 4.767107e-15, 4.752920e-15, -1.370614e-14
202.400000, 6.906948e-15, -4.576273e-15, -4.587399e-15, 1.318847e-14
202.500000, -6.647778e-15, 4.399146e-15, 4.369275e-15, -1.263991e-14
202.600000, 6.356174e-15, -4.202581e-15, -4.219797e-15, 1.210650e-14
202.700000, -6.076403e-15, 4.029516e-15, 3.994446e-15, -1.158930e-14
202.800000, 5.780796e-15, -3.839422e-15, -3.853138e-15, 1.105039e-14
202.900000, -5.512247e-15, 3.653433e-15, 3.651692e-15, -1.051398e-14
203.000000, 5.231564e-15, -3.464364e-15, -3.475892e-15, 1.000007e-14
203.100000, -4.967572e-15, 3.280700e-15, 3.282656e-15, -9.446006e-15
203.200000, 4.677547e-15, -3.105798e-15, -3.105798e-15, 8.936925e-15
203.300000, -4.403771e-15, 2.918147e-15, 2.899035e-15, -8.394355e-15
203.400000, 4.110184e-15, -2.743921e-15, -2.741099e-15, 7.851234e-15
203.500000, -3.871778e-15, 2.544374e-15, 2.542855e-15, -7.341300e-15
203.600000, 3.568874e-15, -2.369310e-15, -2.368551e-15, 6.818638e-15
203.700000, -3.298130e-15, 2.172310e-15, 2.178054e-15, -6.280450e-15
203.800000, 3.005338e-15, -2.014824e-15, -2.013524e-15, 5.754164e-15
203.900000, -2.737951e-15, 1.808879e-15, 1.799243e-15, -5.238572e-15
204.000000, 2.468283e-15, -1.638145e-15, -1.641770e-15, 4.701138e-15
204.100000, -2.186386e-15, 1.453138e-15, 1.447622e-15, -4.179050e-15
204.200000, 1.909469e-15, -1.271123e-15, -1.272150e-15, 3.662554e-15
204.300000, -1.648599e-15, 1.088800e-15, 1.085774e-15, -3.133164e-15
204.400000, 1.357688e-15, -9.172401e-16, -9.109758e-16, 2.613365e-15
204.500000, -1.089813e-15, 7.403692e-16, 7.178070e-16, -2.083899e-15
204.600000, 8.248170e-16, -5.355632e-16, -5.426847e-16, 1.573079e-15
204.700000, -5.472457e-16, 3.613569e-16, 3.563015e-16, -1.043237e-15
204.800000, 2.649061e-16, -1.783467e-16, -1.859328e-16, 5.221857e-16
