x, 11, 12, 21, 22
0.100000, -9.999936e-01, -9.999935e-01, -9.999935e-01, -9.999935e-01
0.200000, -9.999934e-01, -9.999934e-01, -9.999934e-01, -9.999933e-01
0.300000, -9.999932e-01, -9.999932e-01, -9.999932e-01, -9.999932e-01
0.400000, -9.999931e-01, -9.999931e-01, -9.999931e-01, -9.999930e-01
0.500000, -9.999929e-01, -9.999929e-01, -9.999929e-01, -9.999929e-01
0.600000, -9.999928e-01, -9.999927e-01, -9.999927e-01, -9.999927e-01
0.700000, -9.999926e-01, -9.999926e-01, -9.999926e-01, -9.999925e-01
0.800000, -9.999925e-01, -9.999924e-01, -9.999924e-01, -9.999924e-01
0.900000, -9.999923e-01, -9.999923e-01, -9.999923e-01, -9.999922e-01
1.000000, -9.999921e-01, -9.999921e-01, -9.999921e-01, -9.999921e-01
1.100000, -9.999920e-01, -9.999920e-01, -9.999920e-01, -9.999919e-01
1.200000, -9.999918e-01, -9.999918e-01, -9.999918e-01, -9.999918e-01
1.300000, -9.999917e-01, -9.999917e-01, -9.999917e-01, -9.999916e-01
1.400000, -9.999915e-01, -9.999915e-01, -9.999915e-01, -9.999915e-01
1.500000, -9.999914e-01, -9.999914e-01, -9.999914e-01, -9.999913e-01
1.600000, -9.999912e-01, -9.999912e-01, -9.999912e-01, -9.999912e-01
1.700000, -9.999911e-01, -9.999911e-01, -9.999911e-01, -9.999911e-01
1.800000, -9.999909e-01, -9.999909e-01, -9.999909e-01, -9.999909e-01
1.900000, -9.999908e-01, -9.999908e-01, -9.999908e-01, -9.999908e-01
2.000000, -9.999907e-01, -9.999907e-01, -9.999907e-01, -9.999907e-01
2.100000, -9.999905e-01, -9.999905e-01, -9.999905e-01, -9.999905e-01
2.200000, -9.999904e-01, -9.999904e-01, -9.999904e-01, -9.999904e-01
2.300000, -9.999903e-01, -9.999903e-01, -9.999903e-01, -9.999903e-01
2.400000, -9.999902e-01, -9.999902e-01, -9.999902e-01, -9.999902e-01
2.500000, -9.999901e-01, -9.999901e-01, -9.999901e-01, -9.999901e-01
2.600000, -9.999900e-01, -9.999900e-01, -9.999900e-01, -9.999900e-01
2.700000, -9.999899e-01, -9.999899e-01, -9.999899e-01, -9.999899e-01
2.800000, -9.999898e-01, -9.999898e-01, -9.999898e-01, -9.999898e-01
2.900000, -9.999890e-01, -9.999892e-01, -9.999892e-01, -9.999891e-01
3.000000, -9.999500e-01, -9.999493e-01, -9.999493e-01, -9.999513e-01
3.100000, -9.992395e-01, -9.992461e-01, -9.992461e-01, -9.992610e-01
3.200000, -9.949534e-01, -9.955023e-01, -9.955023e-01, -9.957641e-01
3.300000, -9.822164e-01, -9.826217e-01, -9.826217e-01, -9.824652e-01
3.400000, -9.539076e-01, -9.547911e-01, -9.547911e-01, -9.565574e-01
3.500000, -9.105165e-01, -9.138515e-01, -9.138515e-01, -9.115732e-01
3.600000, -8.699228e-01, -8.596410e-01, -8.596410e-01, -8.577597e-01
3.700000, -8.010785e-01, -7.968888e-01, -7.968888e-01, -8.085434e-01
3.800000, -7.343865e-01, -7.466748e-01, -7.466748e-01, -7.384739e-01
3.900000, -6.801516e-01, -6.719554e-01, -6.719554e-01, -6.911952e-01
4.000000, -6.107359e-01, -6.237014e-01, -6.237014e-01, -6.283243e-01
4.100000, -5.609437e-01, -5.717554e-01, -5.717554e-01, -5.723936e-01
4.200000, -5.022840e-01, -5.184868e-01, -5.184868e-01, -5.166895e-01
4.300000, -4.675914e-01, -4.561455e-01, -4.561455e-01, -4.580027e-01
4.400000, -4.082188e-01, -3.910730e-01, -3.910730e-01, -3.826845e-01
4.500000, -3.754158e-01, -3.498962e-01, -3.498962e-01, -3.583136e-01
4.600000, -3.102800e-01, -3.102672e-01, -3.102672e-01, -2.970706e-01
4.700000, -2.509361e-01, -2.692496e-01, -2.692496e-01, -2.559756e-01
4.800000, -2.206219e-01, -2.210653e-01, -2.210653e-01, -2.225249e-01
4.900000, -1.830704e-01, -1.886154e-01, -1.886154e-01, -1.904448e-01
5.000000, -1.511668e-01, -1.544490e-01, -1.544490e-01, -1.543998e-01
5.100000, -1.314293e-01, -1.318898e-01, -1.318898e-01, -1.367942e-01
5.200000, -1.136230e-01, -1.113780e-01, -1.113780e-01, -1.133648e-01
5.300000, -1.037568e-01, -1.008115e-01, -1.008115e-01, -8.044991e-02
5.400000, -8.062054e-02, -9.351237e-02, -9.351237e-02, -1.081665e-01
5.500000, -8.272483e-02, -7.912489e-02, -7.912489e-02, -7.127552e-02
5.600000, -8.446030e-02, -8.279488e-02, -8.279488e-02, -8.806223e-02
5.700000, -8.531819e-02, -8.401291e-02, -8.401291e-02, -6.836758e-02
5.800000, -8.459376e-02, -7.756764e-02, -7.756764e-02, -8.190573e-02
5.900000, -9.036457e-02, -8.062779e-02, -8.062779e-02, -7.132564e-02
6.000000, -7.414694e-02, -7.285944e-02, -7.285944e-02, -9.358792e-02
6.100000, -8.428698e-02, -8.395993e-02, -8.395993e-02, -7.267351e-02
6.200000, -8.495517e-02, -8.418691e-02, -8.418691e-02, -9.784561e-02
6.300000, -9.397083e-02, -1.067683e-01, -1.067683e-01, -1.069099e-01
6.400000, -1.038732e-01, -1.028726e-01, -1.028726e-01, -1.124337e-01
6.500000, -1.209261e-01, -1.140622e-01, -1.140622e-01, -1.116054e-01
6.600000, -1.263581e-01, -1.165375e-01, -1.165375e-01, -1.195939e-01
6.700000, -1.224966e-01, -1.268475e-01, -1.268475e-01, -1.236544e-01
6.800000, -1.289185e-01, -1.366475e-01, -1.366475e-01, -1.311823e-01
6.900000, -1.404111e-01, -1.317169e-01, -1.317169e-01, -1.396068e-01
7.000000, -1.463517e-01, -1.446665e-01, -1.446665e-01, -1.467345e-01
7.100000, -1.413559e-01, -1.431969e-01, -1.431969e-01, -1.387568e-01
7.200000, -1.497272e-01, -1.536622e-01, -1.536622e-01, -1.457671e-01
7.300000, -1.522108e-01, -1.621897e-01, -1.621897e-01, -1.579920e-01
7.400000, -1.501980e-01, -1.583358e-01, -1.583358e-01, -1.573672e-01
7.500000, -1.628667e-01, -1.611906e-01, -1.611906e-01, -1.610517e-01
7.600000, -1.597267e-01, -1.579319e-01, -1.579319e-01, -1.597489e-01
7.700000, -1.641834e-01, -1.604076e-01, -1.604076e-01, -1.626785e-01
7.800000, -1.627631e-01, -1.611743e-01, -1.611743e-01, -1.655318e-01
7.900000, -1.635650e-01, -1.612880e-01, -1.612880e-01, -1.581899e-01
8.000000, -1.555974e-01, -1.596400e-01, -1.596400e-01, -1.529509e-01
8.100000, -1.591282e-01, -1.550957e-01, -1.550957e-01, -1.555502e-01
8.200000, -1.518766e-01, -1.508227e-01, -1.508227e-01, -1.498687e-01
8.300000, -1.498535e-01, -1.438698e-01, -1.438698e-01, -1.453421e-01
8.400000, -1.413929e-01, -1.395089e-01, -1.395089e-01, -1.383599e-01
8.500000, -1.324306e-01, -1.355771e-01, -1.355771e-01, -1.368252e-01
8.600000, -1.335065e-01, -1.261739e-01, -1.261739e-01, -1.294991e-01
8.700000, -1.220979e-01, -1.244004e-01, -1.244004e-01, -1.247794e-01
8.800000, -1.170493e-01, -1.166682e-01, -1.166682e-01, -1.163187e-01
8.900000, -1.082459e-01, -1.090350e-01, -1.090350e-01, -1.128321e-01
9.000000, -1.025617e-01, -1.046655e-01, -1.046655e-01, -9.509357e-02
9.100000, -9.718503e-02, -9.720655e-02, -9.720655e-02, -9.748975e-02
9.200000, -9.147086e-02, -9.105362e-02, -9.105362e-02, -9.045658e-02
9.300000, -8.241400e-02, -8.479727e-02, -8.479727e-02, -8.522515e-02
9.400000, -7.940612e-02, -7.558873e-02, -7.558873e-02, -7.536447e-02
9.500000, -7.247921e-02, -7.266744e-02, -7.266744e-02, -7.419585e-02
9.600000, -7.217099e-02, -7.035328e-02, -7.035328e-02, -7.316806e-02
9.700000, -5.794064e-02, -6.251059e-02, -6.251059e-02, -6.489943e-02
9.800000, -5.816016e-02, -5.755596e-02, -5.755596e-02, -5.581667e-02
9.900000, -5.132571e-02, -5.233783e-02, -5.233783e-02, -5.307709e-02
10.000000, -5.110632e-02, -5.137450e-02, -5.137450e-02, -4.315516e-02
10.100000, -4.546778e-02, -4.800417e-02, -4.800417e-02, -4.532399e-02
10.200000, -4.504449e-02, -4.270183e-02, -4.270183e-02, -4.117458e-02
10.300000, -4.471655e-02, -4.251388e-02, -4.251388e-02, -4.316390e-02
10.400000, -4.387655e-02, -4.205526e-02, -4.205526e-02, -4.557926e-02
10.500000, -3.850618e-02, -3.935414e-02, -3.935414e-02, -4.054620e-02
10.600000, -3.868730e-02, -3.758676e-02, -3.758676e-02, -3.802241e-02
10.700000, -3.859627e-02, -3.932042e-02, -3.932042e-02, -3.906077e-02
10.800000, -3.531170e-02, -3.762659e-02, -3.762659e-02, -3.735326e-02
10.900000, -3.685981e-02, -3.708948e-02, -3.708948e-02, -3.539036e-02
11.000000, -3.560983e-02, -3.747901e-02, -3.747901e-02, -3.769782e-02
11.100000, -3.826269e-02, -3.572903e-02, -3.572903e-02, -3.925045e-02
11.200000, -3.612175e-02, -3.556203e-02, -3.556203e-02, -3.785253e-02
11.300000, -3.588175e-02, -3.654955e-02, -3.654955e-02, -3.503689e-02
11.400000, -3.704886e-02, -3.820204e-02, -3.820204e-02, -3.943391e-02
11.500000, -3.805091e-02, -3.819423e-02, -3.819423e-02, -3.703937e-02
11.600000, -4.052795e-02, -4.190662e-02, -4.190662e-02, -4.086025e-02
11.700000, -4.177069e-02, -4.011624e-02, -4.011624e-02, -4.014465e-02
11.800000, -4.356058e-02, -4.205538e-02, -4.205538e-02, -4.096710e-02
11.900000, -4.042833e-02, -4.025890e-02, -4.025890e-02, -4.326279e-02
12.000000, -4.108780e-02, -4.008023e-02, -4.008023e-02, -3.979487e-02
12.100000, -4.497932e-02, -4.211715e-02, -4.211715e-02, -4.120151e-02
12.200000, -4.149191e-02, -4.010694e-02, -4.010694e-02, -4.113545e-02
12.300000, -4.182663e-02, -4.264200e-02, -4.264200e-02, -4.130324e-02
12.400000, -4.077802e-02, -4.119634e-02, -4.119634e-02, -4.088009e-02
12.500000, -4.033693e-02, -4.138152e-02, -4.138152e-02, -3.840801e-02
12.600000, -3.894473e-02, -3.947094e-02, -3.947094e-02, -3.767327e-02
12.700000, -3.903919e-02, -3.966300e-02, -3.966300e-02, -4.105436e-02
12.800000, -3.618632e-02, -3.795303e-02, -3.795303e-02, -4.054481e-02
12.900000, -3.911990e-02, -3.918622e-02, -3.918622e-02, -3.691082e-02
13.000000, -3.933645e-02, -3.685704e-02, -3.685704e-02, -3.740718e-02
13.100000, -3.629686e-02, -3.819237e-02, -3.819237e-02, -3.722621e-02
13.200000, -3.413255e-02, -3.572671e-02, -3.572671e-02, -3.335411e-02
13.300000, -3.399527e-02, -3.223105e-02, -3.223105e-02, -3.350895e-02
13.400000, -3.279871e-02, -3.245863e-02, -3.245863e-02, -3.224342e-02
13.500000, -3.107031e-02, -3.075219e-02, -3.075219e-02, -3.110490e-02
13.600000, -2.905300e-02, -2.999957e-02, -2.999957e-02, -3.082164e-02
13.700000, -2.810492e-02, -2.646686e-02, -2.646686e-02, -2.767304e-02
13.800000, -2.692016e-02, -2.647828e-02, -2.647828e-02, -2.809156e-02
13.900000, -2.454257e-02, -2.481561e-02, -2.481561e-02, -2.507408e-02
14.000000, -2.409523e-02, -2.387939e-02, -2.387939e-02, -2.317064e-02
14.100000, -2.568884e-02, -2.250160e-02, -2.250160e-02, -2.097746e-02
14.200000, -2.075054e-02, -2.081610e-02, -2.081610e-02, -1.917384e-02
14.300000, -2.005508e-02, -1.976392e-02, -1.976392e-02, -2.057634e-02
14.400000, -1.946321e-02, -1.954702e-02, -1.954702e-02, -1.801317e-02
14.500000, -1.722938e-02, -1.893174e-02, -1.893174e-02, -1.728160e-02
14.600000, -1.737675e-02, -1.601433e-02, -1.601433e-02, -1.776286e-02
14.700000, -1.621828e-02, -1.565992e-02, -1.565992e-02, -1.436467e-02
14.800000, -1.473821e-02, -1.461219e-02, -1.461219e-02, -1.467776e-02
14.900000, -1.247050e-02, -1.397769e-02, -1.397769e-02, -1.341007e-02
15.000000, -1.315227e-02, -1.221061e-02, -1.221061e-02, -1.340820e-02
15.100000, -1.095098e-02, -1.196843e-02, -1.196843e-02, -1.300888e-02
15.200000, -1.083361e-02, -1.136935e-02, -1.136935e-02, -1.206017e-02
15.300000, -1.096311e-02, -1.204206e-02, -1.204206e-02, -1.156569e-02
15.400000, -1.172283e-02, -1.115208e-02, -1.115208e-02, -1.097607e-02
15.500000, -1.245933e-02, -1.002358e-02, -1.002358e-02, -1.035035e-02
15.600000, -1.065761e-02, -1.132719e-02, -1.132719e-02, -1.087895e-02
15.700000, -9.833466e-03, -1.059239e-02, -1.059239e-02, -9.821993e-03
15.800000, -1.125025e-02, -1.054564e-02, -1.054564e-02, -1.042586e-02
15.900000, -9.676599e-03, -9.648696e-03, -9.648696e-03, -1.052929e-02
16.000000, -1.020527e-02, -1.043746e-02, -1.043746e-02, -9.810475e-03
16.100000, -9.608110e-03, -1.048285e-02, -1.048285e-02, -9.229094e-03
16.200000, -1.037305e-02, -9.422437e-03, -9.422437e-03, -1.027353e-02
16.300000, -1.022484e-02, -1.065211e-02, -1.065211e-02, -1.021934e-02
16.400000, -1.184056e-02, -1.019144e-02, -1.019144e-02, -9.526394e-03
16.500000, -1.018521e-02, -1.102959e-02, -1.102959e-02, -1.100918e-02
16.600000, -1.042157e-02, -1.008516e-02, -1.008516e-02, -9.759606e-03
16.700000, -9.789377e-03, -9.555487e-03, -9.555487e-03, -1.087152e-02
16.800000, -1.058051e-02, -1.042056e-02, -1.042056e-02, -1.163507e-02
16.900000, -9.958576e-03, -1.007960e-02, -1.007960e-02, -1.073706e-02
17.000000, -9.525685e-03, -1.087352e-02, -1.087352e-02, -1.059502e-02
17.100000, -9.796911e-03, -9.566613e-03, -9.566613e-03, -1.032974e-02
17.200000, -1.019374e-02, -9.833876e-03, -9.833876e-03, -9.748809e-03
17.300000, -1.004522e-02, -1.044076e-02, -1.044076e-02, -9.907840e-03
17.400000, -9.187547e-03, -1.022018e-02, -1.022018e-02, -9.555305e-03
17.500000, -9.707695e-03, -9.245005e-03, -9.245005e-03, -9.575364e-03
17.600000, -9.352195e-03, -9.330015e-03, -9.330015e-03, -9.786570e-03
17.700000, -8.546945e-03, -9.204425e-03, -9.204425e-03, -9.341855e-03
17.800000, -9.315671e-03, -9.084777e-03, -9.084777e-03, -8.594752e-03
17.900000, -8.769623e-03, -8.991380e-03, -8.991380e-03, -8.001050e-03
18.000000, -8.246359e-03, -8.813989e-03, -8.813989e-03, -8.516166e-03
18.100000, -8.434429e-03, -7.669017e-03, -7.669017e-03, -8.262107e-03
18.200000, -7.756896e-03, -7.679753e-03, -7.679753e-03, -7.542021e-03
18.300000, -7.436526e-03, -7.400286e-03, -7.400286e-03, -7.667935e-03
18.400000, -6.399065e-03, -6.858666e-03, -6.858666e-03, -7.436411e-03
18.500000, -6.993867e-03, -6.764721e-03, -6.764721e-03, -6.282451e-03
18.600000, -5.961511e-03, -5.939369e-03, -5.939369e-03, -5.869116e-03
18.700000, -5.826958e-03, -5.969204e-03, -5.969204e-03, -6.031748e-03
18.800000, -5.362305e-03, -5.137091e-03, -5.137091e-03, -5.668483e-03
18.900000, -5.520182e-03, -4.792643e-03, -4.792643e-03, -4.848056e-03
19.000000, -4.574598e-03, -5.217779e-03, -5.217779e-03, -4.746688e-03
19.100000, -4.277257e-03, -4.418729e-03, -4.418729e-03, -4.682814e-03
19.200000, -4.362141e-03, -4.217395e-03, -4.217395e-03, -4.832641e-03
19.300000, -4.044495e-03, -3.851247e-03, -3.851247e-03, -4.209137e-03
19.400000, -3.561031e-03, -3.254186e-03, -3.254186e-03, -3.432550e-03
19.500000, -3.449565e-03, -3.220905e-03, -3.220905e-03, -1.946434e-03
19.600000, -2.806729e-03, -3.180324e-03, -3.180324e-03, -2.722998e-03
19.700000, -2.624385e-03, -2.868916e-03, -2.868916e-03, -2.748936e-03
19.800000, -2.325686e-03, -2.810718e-03, -2.810718e-03, -2.605106e-03
19.900000, -2.260860e-03, -2.661891e-03, -2.661891e-03, -2.526439e-03
20.000000, -2.164781e-03, -2.142353e-03, -2.142353e-03, -2.811055e-03
20.100000, -2.006195e-03, -2.057821e-03, -2.057821e-03, -2.855699e-03
20.200000, -2.166828e-03, -2.519351e-03, -2.519351e-03, -2.470154e-03
20.300000, -1.501455e-03, -2.186914e-03, -2.186914e-03, -2.279543e-03
20.400000, -2.097448e-03, -1.775810e-03, -1.775810e-03, -1.951805e-03
20.500000, -1.506499e-03, -1.833218e-03, -1.833218e-03, -1.996944e-03
20.600000, -2.213225e-03, -1.711959e-03, -1.711959e-03, -1.375215e-03
20.700000, -1.754717e-03, -1.940265e-03, -1.940265e-03, -2.351093e-03
20.800000, -1.872541e-03, -1.746371e-03, -1.746371e-03, -1.938477e-03
20.900000, -1.972268e-03, -1.919344e-03, -1.919344e-03, -1.926876e-03
21.000000, -2.022346e-03, -2.068909e-03, -2.068909e-03, -1.803683e-03
21.100000, -2.314607e-03, -1.833160e-03, -1.833160e-03, -2.398594e-03
21.200000, -2.174886e-03, -2.129459e-03, -2.129459e-03, -2.187537e-03
21.300000, -1.893040e-03, -1.904591e-03, -1.904591e-03, -1.939767e-03
21.400000, -2.238800e-03, -2.196870e-03, -2.196870e-03, -1.818940e-03
21.500000, -2.506030e-03, -2.125935e-03, -2.125935e-03, -1.917434e-03
21.600000, -2.186660e-03, -1.813453e-03, -1.813453e-03, -2.061380e-03
21.700000, -2.228769e-03, -2.144333e-03, -2.144333e-03, -2.064477e-03
21.800000, -2.458041e-03, -2.337184e-03, -2.337184e-03, -2.253970e-03
21.900000, -2.417730e-03, -2.353641e-03, -2.353641e-03, -1.988519e-03
22.000000, -1.618304e-03, -2.109907e-03, -2.109907e-03, -2.335802e-03
22.100000, -1.741697e-03, -2.202463e-03, -2.202463e-03, -2.011763e-03
22.200000, -1.757239e-03, -2.237737e-03, -2.237737e-03, -1.964534e-03
22.300000, -2.227370e-03, -1.951382e-03, -1.951382e-03, -2.181285e-03
22.400000, -1.702798e-03, -2.228489e-03, -2.228489e-03, -2.087702e-03
22.500000, -1.758788e-03, -1.954842e-03, -1.954842e-03, -2.205562e-03
22.600000, -2.049113e-03, -1.954843e-03, -1.954843e-03, -2.026812e-03
22.700000, -1.981038e-03, -1.808306e-03, -1.808306e-03, -1.836189e-03
22.800000, -1.934290e-03, -1.709111e-03, -1.709111e-03, -2.033500e-03
22.900000, -1.754077e-03, -1.508247e-03, -1.508247e-03, -1.673213e-03
23.000000, -1.854373e-03, -1.637623e-03, -1.637623e-03, -1.533113e-03
23.100000, -1.235314e-03, -1.474683e-03, -1.474683e-03, -1.559089e-03
23.200000, -1.430706e-03, -1.356998e-03, -1.356998e-03, -1.608181e-03
23.300000, -1.187589e-03, -1.366966e-03, -1.366966e-03, -1.012399e-03
23.400000, -1.295794e-03, -1.107658e-03, -1.107658e-03, -1.364908e-03
23.500000, -1.128185e-03, -1.162740e-03, -1.162740e-03, -1.163478e-03
23.600000, -8.837052e-04, -8.853665e-04, -8.853665e-04, -9.494573e-04
23.700000, -1.139459e-03, -1.066518e-03, -1.066518e-03, -9.347693e-04
23.800000, -8.847927e-04, -8.549082e-04, -8.549082e-04, -7.779735e-04
23.900000, -8.849754e-04, -8.381156e-04, -8.381156e-04, -7.152389e-04
24.000000, -8.627455e-04, -6.637076e-04, -6.637076e-04, -5.776866e-04
24.100000, -6.828017e-04, -6.655230e-04, -6.655230e-04, -5.947365e-04
24.200000, -4.491730e-04, -6.315547e-04, -6.315547e-04, -3.560104e-04
24.300000, -3.392507e-04, -6.577329e-04, -6.577329e-04, -4.301404e-04
24.400000, -5.915171e-04, -4.477352e-04, -4.477352e-04, -4.296974e-04
24.500000, -1.778922e-04, -3.486776e-04, -3.486776e-04, -6.154747e-04
24.600000, -1.376038e-04, -4.140764e-04, -4.140764e-04, -5.840810e-04
24.700000, -2.777242e-04, -5.028317e-04, -5.028317e-04, -1.684852e-04
24.800000, -2.448850e-04, -1.648700e-04, -1.648700e-04, -4.490293e-04
24.900000, -3.393224e-04, -2.759633e-04, -2.759633e-04, -4.699581e-04
25.000000, -2.353707e-04, -2.610155e-04, -2.610155e-04, -4.057053e-04
25.100000, -2.393698e-04, -1.306924e-04, -1.306924e-04, -3.041064e-04
25.200000, -3.146573e-04, -1.945335e-04, -1.945335e-04, -2.296244e-04
25.300000, -3.135434e-04, -3.105503e-04, -3.105503e-04, -1.210389e-04
25.400000, -2.952795e-04, -2.628140e-04, -2.628140e-04, -1.412820e-04
25.500000, -2.819751e-04, -1.722098e-04, -1.722098e-04, -4.182584e-04
25.600000, -3.567070e-04, -2.530163e-04, -2.530163e-04, -1.793170e-04
25.700000, -1.599288e-04, -2.480847e-04, -2.480847e-04, -4.119011e-04
25.800000, -4.250875e-04, -4.202059e-04, -4.202059e-04, -5.201028e-04
25.900000, -4.827976e-04, -3.646073e-04, -3.646073e-04, -2.264486e-04
26.000000, -3.308127e-04, -4.757926e-04, -4.757926e-04, -3.645784e-04
26.100000, -2.858271e-04, -4.419359e-04, -4.419359e-04, -6.419570e-04
26.200000, -3.116486e-04, -4.342762e-04, -4.342762e-04, -4.775448e-04
26.300000, -2.312297e-04, -4.143963e-04, -4.143963e-04, -4.506675e-04
26.400000, -4.457494e-04, -4.047971e-04, -4.047971e-04, -3.844467e-04
26.500000, -3.284795e-04, -5.170272e-04, -5.170272e-04, -4.070503e-04
26.600000, -4.728708e-04, -4.110879e-04, -4.110879e-04, -4.366321e-04
26.700000, -4.330348e-04, -4.966365e-04, -4.966365e-04, -5.431909e-04
26.800000, -4.495446e-04, -4.364369e-04, -4.364369e-04, -5.966345e-04
26.900000, -4.670060e-04, -5.032966e-04, -5.032966e-04, -5.102814e-04
27.000000, -5.099819e-04, -5.563284e-04, -5.563284e-04, -3.681552e-04
27.100000, -6.489048e-04, -4.646383e-04, -4.646383e-04, -4.767322e-04
27.200000, -5.502840e-04, -4.946521e-04, -4.946521e-04, -4.932109e-04
27.300000, -4.546996e-04, -4.409988e-04, -4.409988e-04, -4.116750e-04
27.400000, -5.243016e-04, -5.088658e-04, -5.088658e-04, -6.164494e-04
27.500000, -3.242365e-04, -3.626510e-04, -3.626510e-04, -4.896434e-04
27.600000, -3.876503e-04, -4.492027e-04, -4.492027e-04, -4.445007e-04
27.700000, -3.046395e-04, -3.114188e-04, -3.114188e-04, -3.581486e-04
27.800000, -3.431698e-04, -3.777952e-04, -3.777952e-04, -4.543669e-04
27.900000, -3.596862e-04, -2.900254e-04, -2.900254e-04, -3.823746e-04
28.000000, -3.295415e-04, -3.895041e-04, -3.895041e-04, -2.162300e-04
28.100000, -3.032756e-04, -2.960296e-04, -2.960296e-04, -3.126787e-04
28.200000, -2.144754e-04, -3.664946e-04, -3.664946e-04, -3.089694e-04
28.300000, -2.756213e-04, -2.494700e-04, -2.494700e-04, -2.647790e-04
28.400000, -1.275028e-04, -2.013635e-04, -2.013635e-04, -2.301688e-04
28.500000, -1.867952e-04, -1.995416e-04, -1.995416e-04, -2.043631e-04
28.600000, -1.519173e-04, -1.582304e-04, -1.582304e-04, -1.987194e-04
28.700000, -1.066952e-04, -9.042383e-05, -9.042383e-05, -2.079026e-04
28.800000, -4.543353e-05, -9.618366e-05, -9.618366e-05, -4.639740e-05
28.900000, -8.563116e-05, -3.240503e-05, -3.240503e-05, -9.370326e-05
29.000000, 1.632932e-05, -3.850098e-05, -3.850098e-05, 5.940647e-05
29.100000, -1.491458e-04, -5.311010e-05, -5.311010e-05, -2.405927e-05
29.200000, -2.565001e-05, -1.720617e-05, -1.720617e-05, -6.966878e-05
29.300000, 4.216895e-05, 3.123449e-06, 3.123449e-06, -7.987879e-06
29.400000, -1.719349e-05, 8.378211e-07, 8.378211e-07, -1.189571e-05
29.500000, -7.682516e-05, -1.722510e-05, -1.722510e-05, -7.895301e-05
29.600000, 2.977498e-05, -1.578262e-06, -1.578262e-06, 6.896166e-05
29.700000, 1.836640e-05, 4.329468e-06, 4.329468e-06, 3.332569e-06
29.800000, -4.406074e-05, 3.775957e-05, 3.775957e-05, -8.083193e-06
29.900000, 3.244887e-06, -7.108713e-06, -7.108713e-06, 1.015190e-05
30.000000, 6.809511e-05, -6.970508e-06, -6.970508e-06, -4.856692e-05
30.100000, 8.962088e-06, 2.822595e-05, 2.822595e-05, -8.393213e-05
30.200000, 9.597662e-06, -3.370692e-05, -3.370692e-05, 7.708310e-05
30.300000, 3.592263e-05, -3.795347e-05, -3.795347e-05, -2.864773e-05
30.400000, -3.538448e-05, -1.188280e-05, -1.188280e-05, -1.841637e-05
30.500000, 7.184190e-06, -2.811798e-05, -2.811798e-05, -3.840082e-05
30.600000, -6.263695e-05, -7.845346e-05, -7.845346e-05, -1.061544e-04
30.700000, -8.799398e-05, -8.212249e-05, -8.212249e-05, -7.555177e-05
30.800000, -5.849671e-05, -9.846480e-05, -9.846480e-05, -7.814246e-05
30.900000, -8.895558e-05, -9.643057e-05, -9.643057e-05, -1.010095e-04
31.000000, -1.147853e-04, -7.831355e-05, -7.831355e-05, -1.223502e-04
31.100000, -1.171488e-04, -1.178109e-04, -1.178109e-04, -9.424246e-05
31.200000, -1.060769e-04, -1.059839e-04, -1.059839e-04, -1.154720e-04
31.300000, -9.933203e-05, -1.117288e-04, -1.117288e-04, -1.033271e-04
31.400000, -1.392820e-04, -1.389339e-04, -1.389339e-04, -8.499860e-05
31.500000, -1.225031e-04, -1.287176e-04, -1.287176e-04, -1.431975e-04
31.600000, -1.410225e-04, -1.135178e-04, -1.135178e-04, -1.380600e-04
31.700000, -1.431161e-04, -1.356579e-04, -1.356579e-04, -1.233549e-04
31.800000, -1.232628e-04, -1.498604e-04, -1.498604e-04, -1.628816e-04
31.900000, -1.356475e-04, -1.494300e-04, -1.494300e-04, -1.298213e-04
32.000000, -1.500322e-04, -1.290833e-04, -1.290833e-04, -1.368333e-04
32.100000, -1.310288e-04, -1.277481e-04, -1.277481e-04, -1.507995e-04
32.200000, -1.293556e-04, -1.270756e-04, -1.270756e-04, -1.529812e-04
32.300000, -1.161633e-04, -1.353395e-04, -1.353395e-04, -1.120797e-04
32.400000, -1.276823e-04, -1.110913e-04, -1.110913e-04, -1.309512e-04
32.500000, -7.403853e-05, -9.866015e-05, -9.866015e-05, -1.022621e-04
32.600000, -8.109807e-05, -9.213042e-05, -9.213042e-05, -7.517795e-05
32.700000, -5.291984e-05, -8.122765e-05, -8.122765e-05, -6.989224e-05
32.800000, -8.118349e-05, -5.273486e-05, -5.273486e-05, -8.791017e-05
32.900000, -5.430870e-05, -5.026591e-05, -5.026591e-05, -5.711097e-05
33.000000, -2.614106e-05, -4.430391e-05, -4.430391e-05, -4.380998e-05
33.100000, -3.751467e-05, -5.166938e-05, -5.166938e-05, -3.197028e-05
33.200000, -2.876023e-05, -1.443751e-05, -1.443751e-05, -4.196066e-05
33.300000, -1.156996e-05, -2.063708e-05, -2.063708e-05, -2.544755e-05
33.400000, 8.461565e-07, -9.866792e-06, -9.866792e-06, -2.204661e-06
33.500000, -2.046583e-05, 1.264331e-05, 1.264331e-05, 6.466156e-06
33.600000, 2.344043e-06, 2.887045e-05, 2.887045e-05, 7.907869e-06
33.700000, 2.579848e-05, 2.150727e-05, 2.150727e-05, 2.456287e-05
33.800000, 2.414154e-05, 2.430614e-05, 2.430614e-05, 2.931314e-05
33.900000, 4.753628e-05, 2.097350e-05, 2.097350e-05, 3.749375e-05
34.000000, 4.337940e-05, 3.765790e-05, 3.765790e-05, 3.637910e-05
34.100000, 3.748391e-05, 3.944360e-05, 3.944360e-05, 3.279842e-05
34.200000, 6.214891e-05, 4.138953e-05, 4.138953e-05, 4.869751e-05
34.300000, 4.601665e-05, 3.052582e-05, 3.052582e-05, 4.585370e-05
34.400000, 4.610232e-05, 4.526379e-05, 4.526379e-05, 2.952513e-05
34.500000, 3.720358e-05, 3.967594e-05, 3.967594e-05, 4.358729e-05
34.600000, 2.890618e-05, 2.523883e-05, 2.523883e-05, 2.875050e-05
34.700000, 3.009391e-05, 3.775174e-05, 3.775174e-05, 3.519690e-05
34.800000, 3.455385e-05, 2.799137e-05, 2.799137e-05, 3.483356e-05
34.900000, 1.375545e-05, 3.135658e-05, 3.135658e-05, 6.622200e-06
35.000000, 9.331519e-06, 2.028609e-05, 2.028609e-05, 3.270359e-05
35.100000, 1.254611e-05, 9.376070e-06, 9.376070e-06, 1.777090e-05
35.200000, 4.293325e-06, 1.596234e-06, 1.596234e-06, -6.020114e-06
35.300000, 7.990874e-06, 7.737699e-06, 7.737699e-06, -6.152488e-06
35.400000, -8.617109e-06, 8.981897e-06, 8.981897e-06, 2.098883e-06
35.500000, -8.624893e-06, -8.146035e-06, -8.146035e-06, -1.185926e-05
35.600000, -1.036114e-05, -1.915610e-05, -1.915610e-05, -2.456968e-05
35.700000, -1.333339e-05, -2.327002e-05, -2.327002e-05, -1.755115e-05
35.800000, -2.886043e-05, -2.389578e-05, -2.389578e-05, -2.715803e-05
35.900000, -2.281577e-05, -3.425404e-05, -3.425404e-05, -2.666722e-05
36.000000, -3.520384e-05, -3.839332e-05, -3.839332e-05, -3.548688e-05
36.100000, -4.303925e-05, -4.283435e-05, -4.283435e-05, -4.670096e-05
36.200000, -4.472773e-05, -4.150204e-05, -4.150204e-05, -4.621086e-05
36.300000, -4.108455e-05, -4.908888e-05, -4.908888e-05, -4.200568e-05
36.400000, -4.212379e-05, -4.845942e-05, -4.845942e-05, -4.911731e-05
36.500000, -5.110258e-05, -4.607584e-05, -4.607584e-05, -4.314354e-05
36.600000, -4.169037e-05, -4.663998e-05, -4.663998e-05, -4.305376e-05
36.700000, -4.332981e-05, -4.825485e-05, -4.825485e-05, -5.050624e-05
36.800000, -4.502478e-05, -4.514457e-05, -4.514457e-05, -5.375650e-05
36.900000, -4.452410e-05, -4.258806e-05, -4.258806e-05, -4.778107e-05
37.000000, -3.998162e-05, -4.064783e-05, -4.064783e-05, -3.844120e-05
37.100000, -3.314347e-05, -4.074939e-05, -4.074939e-05, -4.915875e-05
37.200000, -3.330586e-05, -3.527276e-05, -3.527276e-05, -3.696864e-05
37.300000, -2.501252e-05, -2.693291e-05, -2.693291e-05, -3.544601e-05
37.400000, -2.107981e-05, -2.652688e-05, -2.652688e-05, -2.950566e-05
37.500000, -2.493390e-05, -2.321763e-05, -2.321763e-05, -1.947061e-05
37.600000, -2.347545e-05, -1.354173e-05, -1.354173e-05, -2.086669e-05
37.700000, -1.008309e-05, -1.331763e-05, -1.331763e-05, -1.162870e-05
37.800000, -4.559615e-06, -7.590424e-06, -7.590424e-06, -1.771732e-06
37.900000, -9.533497e-07, -1.521651e-06, -1.521651e-06, -7.194999e-07
38.000000, 8.302254e-06, 2.084527e-06, 2.084527e-06, 7.043148e-07
38.100000, 6.188185e-06, 6.904109e-06, 6.904109e-06, 8.808708e-06
38.200000, 1.040499e-05, 9.468293e-06, 9.468293e-06, 8.952237e-06
38.300000, 1.477210e-05, 1.663725e-05, 1.663725e-05, 1.434361e-05
38.400000, 1.822998e-05, 1.476325e-05, 1.476325e-05, 1.346970e-05
38.500000, 1.726379e-05, 1.835592e-05, 1.835592e-05, 2.130352e-05
38.600000, 2.350646e-05, 1.996870e-05, 1.996870e-05, 2.179131e-05
38.700000, 2.253096e-05, 2.244859e-05, 2.244859e-05, 2.346701e-05
38.800000, 2.414098e-05, 2.498223e-05, 2.498223e-05, 2.508308e-05
38.900000, 2.278385e-05, 2.465496e-05, 2.465496e-05, 2.385587e-05
39.000000, 2.602741e-05, 2.320622e-05, 2.320622e-05, 2.380735e-05
39.100000, 2.303388e-05, 2.463660e-05, 2.463660e-05, 2.364636e-05
39.200000, 2.369308e-05, 2.398228e-05, 2.398228e-05, 2.230994e-05
39.300000, 2.226082e-05, 2.390140e-05, 2.390140e-05, 2.065543e-05
39.400000, 1.898088e-05, 2.107699e-05, 2.107699e-05, 2.162340e-05
39.500000, 1.986270e-05, 2.113692e-05, 2.113692e-05, 1.807588e-05
39.600000, 1.920216e-05, 1.670507e-05, 1.670507e-05, 1.836383e-05
39.700000, 1.398883e-05, 1.412986e-05, 1.412986e-05, 1.433355e-05
39.800000, 1.114004e-05, 1.180276e-05, 1.180276e-05, 1.354993e-05
39.900000, 9.901649e-06, 1.025074e-05, 1.025074e-05, 1.093352e-05
40.000000, 5.745065e-06, 6.281977e-06, 6.281977e-06, 6.345632e-06
40.100000, 3.291142e-06, 4.170838e-06, 4.170838e-06, 3.810595e-06
40.200000, 1.340837e-06, -2.326781e-07, -2.326781e-07, 1.357862e-06
40.300000, -1.203904e-06, -2.141039e-06, -2.141039e-06, -1.436227e-06
40.400000, -4.420812e-06, -5.985348e-06, -5.985348e-06, -6.509677e-06
40.500000, -7.922949e-06, -8.241500e-06, -8.241500e-06, -7.943581e-06
40.600000, -1.015214e-05, -9.532029e-06, -9.532029e-06, -1.037159e-05
40.700000, -1.176631e-05, -1.169959e-05, -1.169959e-05, -1.244896e-05
40.800000, -1.374167e-05, -1.415398e-05, -1.415398e-05, -1.332700e-05
40.900000, -1.492595e-05, -1.506668e-05, -1.506668e-05, -1.521278e-05
41.000000, -1.713443e-05, -1.701618e-05, -1.701618e-05, -1.751272e-05
41.100000, -1.763265e-05, -1.833150e-05, -1.833150e-05, -1.839068e-05
41.200000, -1.748263e-05, -1.803671e-05, -1.803671e-05, -1.914766e-05
41.300000, -1.807225e-05, -1.860533e-05, -1.860533e-05, -1.799750e-05
41.400000, -1.740712e-05, -1.865725e-05, -1.865725e-05, -1.894949e-05
41.500000, -1.862963e-05, -1.892812e-05, -1.892812e-05, -1.987846e-05
41.600000, -1.741596e-05, -1.753309e-05, -1.753309e-05, -1.829316e-05
41.700000, -1.613704e-05, -1.582750e-05, -1.582750e-05, -1.791061e-05
41.800000, -1.544983e-05, -1.507285e-05, -1.507285e-05, -1.556903e-05
41.900000, -1.382720e-05, -1.362760e-05, -1.362760e-05, -1.533101e-05
42.000000, -1.168901e-05, -1.252480e-05, -1.252480e-05, -1.282035e-05
42.100000, -1.054917e-05, -1.071181e-05, -1.071181e-05, -1.091209e-05
42.200000, -8.076345e-06, -8.732413e-06, -8.732413e-06, -8.634881e-06
42.300000, -6.083500e-06, -6.777900e-06, -6.777900e-06, -6.960234e-06
42.400000, -4.111842e-06, -5.038304e-06, -5.038304e-06, -4.588043e-06
42.500000, -2.578583e-06, -2.771691e-06, -2.771691e-06, -3.069854e-06
42.600000, -3.187543e-07, -6.733662e-07, -6.733662e-07, -1.847877e-06
42.700000, 1.667384e-06, 1.374036e-06, 1.374036e-06, 1.109910e-06
42.800000, 3.361925e-06, 3.199190e-06, 3.199190e-06, 3.041248e-06
42.900000, 5.211780e-06, 4.667835e-06, 4.667835e-06, 4.636605e-06
43.000000, 6.655047e-06, 6.221273e-06, 6.221273e-06, 5.285081e-06
43.100000, 7.787429e-06, 7.863222e-06, 7.863222e-06, 7.455301e-06
43.200000, 9.066819e-06, 8.648532e-06, 8.648532e-06, 9.224468e-06
43.300000, 9.892879e-06, 9.642588e-06, 9.642588e-06, 9.713058e-06
43.400000, 1.089827e-05, 1.079208e-05, 1.079208e-05, 1.074019e-05
43.500000, 1.162548e-05, 1.135625e-05, 1.135625e-05, 1.131800e-05
43.600000, 1.118400e-05, 1.151202e-05, 1.151202e-05, 1.200145e-05
43.700000, 1.154787e-05, 1.202241e-05, 1.202241e-05, 1.201791e-05
43.800000, 1.151337e-05, 1.169712e-05, 1.169712e-05, 1.217095e-05
43.900000, 1.144205e-05, 1.144856e-05, 1.144856e-05, 1.143575e-05
44.000000, 1.108004e-05, 1.117115e-05, 1.117115e-05, 1.113953e-05
44.100000, 1.046790e-05, 1.047663e-05, 1.047663e-05, 1.046963e-05
44.200000, 9.679696e-06, 9.744705e-06, 9.744705e-06, 1.004325e-05
44.300000, 8.733010e-06, 8.799892e-06, 8.799892e-06, 8.735631e-06
44.400000, 7.783391e-06, 7.850987e-06, 7.850987e-06, 7.957471e-06
44.500000, 6.283064e-06, 6.512667e-06, 6.512667e-06, 6.703419e-06
44.600000, 5.261224e-06, 5.217091e-06, 5.217091e-06, 5.273304e-06
44.700000, 3.827461e-06, 4.025931e-06, 4.025931e-06, 4.131206e-06
44.800000, 2.576341e-06, 2.681486e-06, 2.681486e-06, 2.669955e-06
44.900000, 1.184529e-06, 1.441546e-06, 1.441546e-06, 1.311491e-06
45.000000, 2.304501e-07, 1.420553e-07, 1.420553e-07, 1.877454e-07
45.100000, -1.018880e-06, -1.064861e-06, -1.064861e-06, -1.053977e-06
45.200000, -2.349741e-06, -2.258466e-06, -2.258466e-06, -2.368889e-06
45.300000, -3.343224e-06, -3.347208e-06, -3.347208e-06, -3.559244e-06
45.400000, -4.354195e-06, -4.403687e-06, -4.403687e-06, -4.169864e-06
45.500000, -5.087948e-06, -5.231981e-06, -5.231981e-06, -5.365970e-06
45.600000, -5.942466e-06, -5.944717e-06, -5.944717e-06, -6.080232e-06
45.700000, -6.549771e-06, -6.538367e-06, -6.538367e-06, -6.763672e-06
45.800000, -6.901314e-06, -7.152457e-06, -7.152457e-06, -7.229061e-06
45.900000, -7.285276e-06, -7.533409e-06, -7.533409e-06, -7.579698e-06
46.000000, -7.483011e-06, -7.638482e-06, -7.638482e-06, -7.864683e-06
46.100000, -7.532381e-06, -7.714212e-06, -7.714212e-06, -7.898920e-06
46.200000, -7.464824e-06, -7.722536e-06, -7.722536e-06, -7.839821e-06
46.300000, -7.226299e-06, -7.435960e-06, -7.435960e-06, -7.621703e-06
46.400000, -6.867049e-06, -7.135482e-06, -7.135482e-06, -7.327935e-06
46.500000, -6.564652e-06, -6.636715e-06, -6.636715e-06, -6.843556e-06
46.600000, -5.947418e-06, -6.196887e-06, -6.196887e-06, -6.345059e-06
46.700000, -5.320281e-06, -5.534704e-06, -5.534704e-06, -5.765023e-06
46.800000, -4.615558e-06, -4.882358e-06, -4.882358e-06, -5.056545e-06
46.900000, -3.985407e-06, -4.097751e-06, -4.097751e-06, -4.267503e-06
47.000000, -3.142395e-06, -3.305897e-06, -3.305897e-06, -3.412489e-06
47.100000, -2.302786e-06, -2.484087e-06, -2.484087e-06, -2.587378e-06
47.200000, -1.485903e-06, -1.658922e-06, -1.658922e-06, -1.886464e-06
47.300000, -7.103813e-07, -7.833706e-07, -7.833706e-07, -1.039399e-06
47.400000, 7.583028e-08, -1.612766e-08, -1.612766e-08, -1.648553e-07
47.500000, 8.344436e-07, 7.482022e-07, 7.482022e-07, 6.756636e-07
47.600000, 1.684662e-06, 1.525649e-06, 1.525649e-06, 1.439144e-06
47.700000, 2.291715e-06, 2.173989e-06, 2.173989e-06, 2.064267e-06
47.800000, 2.841337e-06, 2.812175e-06, 2.812175e-06, 2.767843e-06
47.900000, 3.388492e-06, 3.333238e-06, 3.333238e-06, 3.284464e-06
48.000000, 3.830394e-06, 3.808147e-06, 3.808147e-06, 3.748929e-06
48.100000, 4.210421e-06, 4.192603e-06, 4.192603e-06, 4.163978e-06
48.200000, 4.520274e-06, 4.511924e-06, 4.511924e-06, 4.466659e-06
48.300000, 4.682090e-06, 4.728783e-06, 4.728783e-06, 4.726911e-06
48.400000, 4.781538e-06, 4.825685e-06, 4.825685e-06, 4.824577e-06
48.500000, 4.814346e-06, 4.840287e-06, 4.840287e-06, 4.873582e-06
48.600000, 4.768925e-06, 4.793314e-06, 4.793314e-06, 4.827501e-06
48.700000, 4.605786e-06, 4.644948e-06, 4.644948e-06, 4.685537e-06
48.800000, 4.388364e-06, 4.442584e-06, 4.442584e-06, 4.495839e-06
48.900000, 4.115423e-06, 4.158253e-06, 4.158253e-06, 4.186916e-06
49.000000, 3.782670e-06, 3.825978e-06, 3.825978e-06, 3.902082e-06
49.100000, 3.403990e-06, 3.420295e-06, 3.420295e-06, 3.463053e-06
49.200000, 2.988270e-06, 2.984821e-06, 2.984821e-06, 3.038269e-06
49.300000, 2.465742e-06, 2.528179e-06, 2.528179e-06, 2.559742e-06
49.400000, 1.989985e-06, 2.028310e-06, 2.028310e-06, 2.065781e-06
49.500000, 1.493200e-06, 1.512640e-06, 1.512640e-06, 1.553778e-06
49.600000, 9.782019e-07, 1.001522e-06, 1.001522e-06, 1.028276e-06
49.700000, 4.636228e-07, 4.871748e-07, 4.871748e-07, 5.254738e-07
49.800000, -3.798653e-08, -5.461839e-09, -5.461839e-09, 1.215760e-09
49.900000, -5.169666e-07, -4.918357e-07, -4.918357e-07, -4.738644e-07
50.000000, -9.256533e-07, -9.434160e-07, -9.434160e-07, -9.363863e-07
50.100000, -1.351713e-06, -1.353511e-06, -1.353511e-06, -1.354438e-06
50.200000, -1.734152e-06, -1.742764e-06, -1.742764e-06, -1.746880e-06
50.300000, -2.045178e-06, -2.059393e-06, -2.059393e-06, -2.094231e-06
50.400000, -2.311636e-06, -2.351520e-06, -2.351520e-06, -2.366036e-06
50.500000, -2.544411e-06, -2.568337e-06, -2.568337e-06, -2.615724e-06
50.600000, -2.723499e-06, -2.750687e-06, -2.750687e-06, -2.789807e-06
50.700000, -2.839584e-06, -2.865283e-06, -2.865283e-06, -2.922161e-06
50.800000, -2.894406e-06, -2.942873e-06, -2.942873e-06, -2.992060e-06
50.900000, -2.922189e-06, -2.950887e-06, -2.950887e-06, -3.015439e-06
51.000000, -2.856478e-06, -2.919212e-06, -2.919212e-06, -2.954914e-06
51.100000, -2.773397e-06, -2.836641e-06, -2.836641e-06, -2.888919e-06
51.200000, -2.635705e-06, -2.701042e-06, -2.701042e-06, -2.748884e-06
51.300000, -2.477385e-06, -2.533025e-06, -2.533025e-06, -2.594987e-06
51.400000, -2.271989e-06, -2.313606e-06, -2.313606e-06, -2.361520e-06
51.500000, -2.023933e-06, -2.071103e-06, -2.071103e-06, -2.124772e-06
51.600000, -1.768894e-06, -1.810041e-06, -1.810041e-06, -1.873169e-06
51.700000, -1.466607e-06, -1.523590e-06, -1.523590e-06, -1.573427e-06
51.800000, -1.171654e-06, -1.216075e-06, -1.216075e-06, -1.270787e-06
51.900000, -8.654272e-07, -9.154447e-07, -9.154447e-07, -9.478205e-07
52.000000, -5.568619e-07, -5.986938e-07, -5.986938e-07, -6.305169e-07
52.100000, -2.479684e-07, -2.856024e-07, -2.856024e-07, -3.212950e-07
52.200000, 4.599390e-08, 2.066609e-08, 2.066609e-08, -5.178135e-09
52.300000, 3.203000e-07, 2.993282e-07, 2.993282e-07, 2.735915e-07
52.400000, 5.997544e-07, 5.702240e-07, 5.702240e-07, 5.552189e-07
52.500000, 8.384807e-07, 8.281214e-07, 8.281214e-07, 8.083481e-07
52.600000, 1.058866e-06, 1.050634e-06, 1.050634e-06, 1.042162e-06
52.700000, 1.252232e-06, 1.246181e-06, 1.246181e-06, 1.241717e-06
52.800000, 1.419409e-06, 1.415079e-06, 1.415079e-06, 1.411957e-06
52.900000, 1.544557e-06, 1.547684e-06, 1.547684e-06, 1.552602e-06
53.000000, 1.653880e-06, 1.649990e-06, 1.649990e-06, 1.657089e-06
53.100000, 1.702740e-06, 1.730947e-06, 1.730947e-06, 1.727779e-06
53.200000, 1.745461e-06, 1.761845e-06, 1.761845e-06, 1.778156e-06
53.300000, 1.749201e-06, 1.767149e-06, 1.767149e-06, 1.779850e-06
53.400000, 1.729683e-06, 1.740432e-06, 1.740432e-06, 1.760050e-06
53.500000, 1.667674e-06, 1.688201e-06, 1.688201e-06, 1.706815e-06
53.600000, 1.587966e-06, 1.606551e-06, 1.606551e-06, 1.627323e-06
53.700000, 1.479069e-06, 1.500413e-06, 1.500413e-06, 1.519662e-06
53.800000, 1.349104e-06, 1.368153e-06, 1.368153e-06, 1.397822e-06
53.900000, 1.210449e-06, 1.226718e-06, 1.226718e-06, 1.245000e-06
54.000000, 1.042009e-06, 1.065234e-06, 1.065234e-06, 1.085894e-06
54.100000, 8.775530e-07, 8.931494e-07, 8.931494e-07, 9.111895e-07
54.200000, 6.976162e-07, 7.189733e-07, 7.189733e-07, 7.373537e-07
54.300000, 5.111916e-07, 5.277638e-07, 5.277638e-07, 5.490440e-07
54.400000, 3.291839e-07, 3.419626e-07, 3.419626e-07, 3.567935e-07
54.500000, 1.479615e-07, 1.582325e-07, 1.582325e-07, 1.683150e-07
54.600000, -3.195965e-08, -2.296381e-08, -2.296381e-08, -1.303397e-08
54.700000, -2.011487e-07, -1.938444e-07, -1.938444e-07, -1.871480e-07
54.800000, -3.601870e-07, -3.518523e-07, -3.518523e-07, -3.433558e-07
54.900000, -5.023135e-07, -5.021207e-07, -5.021207e-07, -4.981401e-07
55.000000, -6.347304e-07, -6.326202e-07, -6.326202e-07, -6.329701e-07
55.100000, -7.501150e-07, -7.486345e-07, -7.486345e-07, -7.519236e-07
55.200000, -8.412098e-07, -8.464518e-07, -8.464518e-07, -8.533303e-07
55.300000, -9.217222e-07, -9.246836e-07, -9.246836e-07, -9.375918e-07
55.400000, -9.757132e-07, -9.841241e-07, -9.841241e-07, -9.972540e-07
55.500000, -1.015413e-06, -1.027206e-06, -1.027206e-06, -1.033612e-06
55.600000, -1.031773e-06, -1.045504e-06, -1.045504e-06, -1.059985e-06
55.700000, -1.033995e-06, -1.049747e-06, -1.049747e-06, -1.060565e-06
55.800000, -1.017511e-06, -1.031326e-06, -1.031326e-06, -1.045631e-06
55.900000, -9.803426e-07, -9.968325e-07, -9.968325e-07, -1.011907e-06
56.000000, -9.322807e-07, -9.467083e-07, -9.467083e-07, -9.631880e-07
56.100000, -8.686672e-07, -8.832708e-07, -8.832708e-07, -9.004159e-07
56.200000, -7.878669e-07, -8.058265e-07, -8.058265e-07, -8.224207e-07
56.300000, -7.031724e-07, -7.195800e-07, -7.195800e-07, -7.339620e-07
56.400000, -6.071669e-07, -6.227559e-07, -6.227559e-07, -6.380376e-07
56.500000, -5.057178e-07, -5.198808e-07, -5.198808e-07, -5.335786e-07
56.600000, -3.997513e-07, -4.136554e-07, -4.136554e-07, -4.245883e-07
56.700000, -2.889479e-07, -3.025795e-07, -3.025795e-07, -3.122163e-07
56.800000, -1.807105e-07, -1.925225e-07, -1.925225e-07, -2.021890e-07
56.900000, -7.348714e-08, -8.187778e-08, -8.187778e-08, -9.274631e-08
57.000000, 2.968796e-08, 2.303151e-08, 2.303151e-08, 1.475141e-08
57.100000, 1.309714e-07, 1.239121e-07, 1.239121e-07, 1.177098e-07
57.200000, 2.233628e-07, 2.184211e-07, 2.184211e-07, 2.133698e-07
57.300000, 3.086835e-07, 3.061813e-07, 3.061813e-07, 3.024834e-07
57.400000, 3.853019e-07, 3.816083e-07, 3.816083e-07, 3.787745e-07
57.500000, 4.509366e-07, 4.519249e-07, 4.519249e-07, 4.492258e-07
57.600000, 5.069247e-07, 5.072080e-07, 5.072080e-07, 5.076972e-07
57.700000, 5.507215e-07, 5.528211e-07, 5.528211e-07, 5.538519e-07
57.800000, 5.836551e-07, 5.859264e-07, 5.859264e-07, 5.889275e-07
57.900000, 6.060582e-07, 6.085145e-07, 6.085145e-07, 6.128087e-07
58.000000, 6.148714e-07, 6.189869e-07, 6.189869e-07, 6.235168e-07
58.100000, 6.138289e-07, 6.181308e-07, 6.181308e-07, 6.236491e-07
58.200000, 6.006217e-07, 6.075417e-07, 6.075417e-07, 6.133978e-07
58.300000, 5.791921e-07, 5.856715e-07, 5.856715e-07, 5.928795e-07
58.400000, 5.490780e-07, 5.554298e-07, 5.554298e-07, 5.613659e-07
58.500000, 5.094609e-07, 5.160782e-07, 5.160782e-07, 5.226472e-07
58.600000, 4.622336e-07, 4.695067e-07, 4.695067e-07, 4.764634e-07
58.700000, 4.105872e-07, 4.166024e-07, 4.166024e-07, 4.230299e-07
58.800000, 3.532096e-07, 3.591127e-07, 3.591127e-07, 3.653502e-07
58.900000, 2.923336e-07, 2.981216e-07, 2.981216e-07, 3.030693e-07
59.000000, 2.287273e-07, 2.337011e-07, 2.337011e-07, 2.388302e-07
59.100000, 1.642958e-07, 1.678541e-07, 1.678541e-07, 1.729766e-07
59.200000, 9.856308e-08, 1.028883e-07, 1.028883e-07, 1.066727e-07
59.300000, 3.517695e-08, 3.789397e-08, 3.789397e-08, 4.040967e-08
59.400000, -2.674451e-08, -2.445957e-08, -2.445957e-08, -2.204072e-08
59.500000, -8.519673e-08, -8.357934e-08, -8.357934e-08, -8.253478e-08
59.600000, -1.408716e-07, -1.392749e-07, -1.392749e-07, -1.382763e-07
59.700000, -1.893150e-07, -1.895058e-07, -1.895058e-07, -1.896619e-07
59.800000, -2.334117e-07, -2.350733e-07, -2.350733e-07, -2.357128e-07
59.900000, -2.720836e-07, -2.738581e-07, -2.738581e-07, -2.757827e-07
60.000000, -3.043269e-07, -3.064812e-07, -3.064812e-07, -3.091704e-07
60.100000, -3.287452e-07, -3.324812e-07, -3.324812e-07, -3.363482e-07
60.200000, -3.474339e-07, -3.517227e-07, -3.517227e-07, -3.554121e-07
60.300000, -3.594240e-07, -3.636540e-07, -3.636540e-07, -3.685027e-07
60.400000, -3.637995e-07, -3.690330e-07, -3.690330e-07, -3.735894e-07
60.500000, -3.620403e-07, -3.673829e-07, -3.673829e-07, -3.726028e-07
60.600000, -3.542630e-07, -3.595807e-07, -3.595807e-07, -3.651153e-07
60.700000, -3.401575e-07, -3.452936e-07, -3.452936e-07, -3.514458e-07
60.800000, -3.208898e-07, -3.265346e-07, -3.265346e-07, -3.323532e-07
60.900000, -2.962998e-07, -3.022207e-07, -3.022207e-07, -3.081751e-07
61.000000, -2.678560e-07, -2.736102e-07, -2.736102e-07, -2.797074e-07
61.100000, -2.363037e-07, -2.417527e-07, -2.417527e-07, -2.474369e-07
61.200000, -2.011421e-07, -2.068046e-07, -2.068046e-07, -2.117310e-07
61.300000, -1.643826e-07, -1.697639e-07, -1.697639e-07, -1.749338e-07
61.400000, -1.263046e-07, -1.312010e-07, -1.312010e-07, -1.357014e-07
61.500000, -8.749433e-08, -9.204377e-08, -9.204377e-08, -9.641841e-08
61.600000, -4.904801e-08, -5.293290e-08, -5.293290e-08, -5.698786e-08
61.700000, -1.114466e-08, -1.458361e-08, -1.458361e-08, -1.817499e-08
61.800000, 2.521190e-08, 2.251370e-08, 2.251370e-08, 1.957954e-08
61.900000, 5.981683e-08, 5.766288e-08, 5.766288e-08, 5.537009e-08
62.000000, 9.185888e-08, 9.010253e-08, 9.010253e-08, 8.872108e-08
62.100000, 1.214308e-07, 1.199785e-07, 1.199785e-07, 1.187627e-07
62.200000, 1.470935e-07, 1.462619e-07, 1.462619e-07, 1.456967e-07
62.300000, 1.692907e-07, 1.691439e-07, 1.691439e-07, 1.686679e-07
62.400000, 1.874335e-07, 1.876482e-07, 1.876482e-07, 1.880384e-07
62.500000, 2.018368e-07, 2.026685e-07, 2.026685e-07, 2.031858e-07
62.600000, 2.119440e-07, 2.129936e-07, 2.129936e-07, 2.141548e-07
62.700000, 2.180258e-07, 2.194488e-07, 2.194488e-07, 2.207646e-07
62.800000, 2.197330e-07, 2.215066e-07, 2.215066e-07, 2.233791e-07
62.900000, 2.178876e-07, 2.199501e-07, 2.199501e-07, 2.217537e-07
63.000000, 2.120428e-07, 2.142867e-07, 2.142867e-07, 2.166886e-07
63.100000, 2.029186e-07, 2.052434e-07, 2.052434e-07, 2.075094e-07
63.200000, 1.906085e-07, 1.929516e-07, 1.929516e-07, 1.956245e-07
63.300000, 1.755901e-07, 1.779495e-07, 1.779495e-07, 1.803738e-07
63.400000, 1.578309e-07, 1.601518e-07, 1.601518e-07, 1.627204e-07
63.500000, 1.382963e-07, 1.405576e-07, 1.405576e-07, 1.427269e-07
63.600000, 1.170766e-07, 1.190525e-07, 1.190525e-07, 1.214325e-07
63.700000, 9.460470e-08, 9.660112e-08, 9.660112e-08, 9.854537e-08
63.800000, 7.139982e-08, 7.310258e-08, 7.310258e-08, 7.503580e-08
63.900000, 4.800274e-08, 4.952878e-08, 4.952878e-08, 5.106672e-08
64.000000, 2.472194e-08, 2.592467e-08, 2.592467e-08, 2.725223e-08
64.100000, 1.992916e-09, 2.954514e-09, 2.954514e-09, 3.804563e-09
64.200000, -2.002418e-08, -1.937101e-08, -1.937101e-08, -1.844711e-08
64.300000, -4.051931e-08, -4.008189e-08, -4.008189e-08, -3.978454e-08
64.400000, -5.966377e-08, -5.954466e-08, -5.954466e-08, -5.939522e-08
64.500000, -7.671625e-08, -7.690496e-08, -7.690496e-08, -7.727273e-08
64.600000, -9.196400e-08, -9.244679e-08, -9.244679e-08, -9.298614e-08
64.700000, -1.047961e-07, -1.055180e-07, -1.055180e-07, -1.064786e-07
64.800000, -1.153407e-07, -1.164470e-07, -1.164470e-07, -1.173881e-07
64.900000, -1.233237e-07, -1.246258e-07, -1.246258e-07, -1.260472e-07
65.000000, -1.289383e-07, -1.304824e-07, -1.304824e-07, -1.319556e-07
65.100000, -1.319005e-07, -1.336379e-07, -1.336379e-07, -1.354008e-07
65.200000, -1.326484e-07, -1.344985e-07, -1.344985e-07, -1.362521e-07
65.300000, -1.307669e-07, -1.327515e-07, -1.327515e-07, -1.348078e-07
65.400000, -1.269083e-07, -1.289107e-07, -1.289107e-07, -1.309260e-07
65.500000, -1.207039e-07, -1.228093e-07, -1.228093e-07, -1.249973e-07
65.600000, -1.128204e-07, -1.149921e-07, -1.149921e-07, -1.169737e-07
65.700000, -1.031368e-07, -1.052134e-07, -1.052134e-07, -1.074560e-07
65.800000, -9.214941e-08, -9.422903e-08, -9.422903e-08, -9.617139e-08
65.900000, -7.983289e-08, -8.181085e-08, -8.181085e-08, -8.391166e-08
66.000000, -6.677210e-08, -6.865904e-08, -6.865904e-08, -7.038590e-08
66.100000, -5.290926e-08, -5.461601e-08, -5.461601e-08, -5.642211e-08
66.200000, -3.879756e-08, -4.036765e-08, -4.036765e-08, -4.187178e-08
66.300000, -2.446812e-08, -2.581547e-08, -2.581547e-08, -2.729919e-08
66.400000, -1.037379e-08, -1.156685e-08, -1.156685e-08, -1.269852e-08
66.500000, 3.467918e-09, 2.519212e-09, 2.519212e-09, 1.408388e-09
66.600000, 1.657980e-08, 1.579995e-08, 1.579995e-08, 1.507880e-08
66.700000, 2.901462e-08, 2.845664e-08, 2.845664e-08, 2.774933e-08
66.800000, 4.029205e-08, 3.993368e-08, 3.993368e-08, 3.964241e-08
66.900000, 5.054844e-08, 5.040318e-08, 5.040318e-08, 5.014264e-08
67.000000, 5.935958e-08, 5.940625e-08, 5.940625e-08, 5.956027e-08
67.100000, 6.693301e-08, 6.719411e-08, 6.719411e-08, 6.734904e-08
67.200000, 7.288917e-08, 7.329015e-08, 7.329015e-08, 7.380642e-08
67.300000, 7.744728e-08, 7.803625e-08, 7.803625e-08, 7.853983e-08
67.400000, 8.034331e-08, 8.105642e-08, 8.105642e-08, 8.185927e-08
67.500000, 8.186468e-08, 8.271690e-08, 8.271690e-08, 8.347737e-08
67.600000, 8.170440e-08, 8.266427e-08, 8.266427e-08, 8.370697e-08
67.700000, 8.028404e-08, 8.132363e-08, 8.132363e-08, 8.228957e-08
67.800000, 7.738782e-08, 7.845735e-08, 7.845735e-08, 7.961995e-08
67.900000, 7.333338e-08, 7.447298e-08, 7.447298e-08, 7.551089e-08
68.000000, 6.804011e-08, 6.917438e-08, 6.917438e-08, 7.041360e-08
68.100000, 6.189899e-08, 6.304543e-08, 6.304543e-08, 6.409652e-08
68.200000, 5.475804e-08, 5.587686e-08, 5.587686e-08, 5.705667e-08
68.300000, 4.708812e-08, 4.817525e-08, 4.817525e-08, 4.915528e-08
68.400000, 3.873987e-08, 3.975895e-08, 3.975895e-08, 4.083913e-08
68.500000, 3.018364e-08, 3.113212e-08, 3.113212e-08, 3.198276e-08
68.600000, 2.130090e-08, 2.214016e-08, 2.214016e-08, 2.305338e-08
68.700000, 1.253179e-08, 1.327706e-08, 1.327706e-08, 1.391184e-08
68.800000, 3.746334e-09, 4.351743e-09, 4.351743e-09, 5.046502e-09
68.900000, -4.627802e-09, -4.124491e-09, -4.124491e-09, -3.721409e-09
69.000000, -1.272029e-08, -1.235660e-08, -1.235660e-08, -1.192735e-08
69.100000, -2.014379e-08, -1.990269e-08, -1.990269e-08, -1.975491e-08
69.200000, -2.707004e-08, -2.695487e-08, -2.695487e-08, -2.676978e-08
69.300000, -3.309481e-08, -3.309227e-08, -3.309227e-08, -3.319703e-08
69.400000, -3.842470e-08, -3.857636e-08, -3.857636e-08, -3.863351e-08
69.500000, -4.275748e-08, -4.300376e-08, -4.300376e-08, -4.334387e-08
69.600000, -4.629085e-08, -4.665097e-08, -4.665097e-08, -4.694701e-08
69.700000, -4.875358e-08, -4.918785e-08, -4.918785e-08, -4.973524e-08
69.800000, -5.037489e-08, -5.090588e-08, -5.090588e-08, -5.138547e-08
69.900000, -5.092198e-08, -5.151069e-08, -5.151069e-08, -5.222735e-08
70.000000, -5.068270e-08, -5.133297e-08, -5.133297e-08, -5.195574e-08
70.100000, -4.942684e-08, -5.011570e-08, -5.011570e-08, -5.092918e-08
70.200000, -4.747991e-08, -4.820222e-08, -4.820222e-08, -4.890040e-08
70.300000, -4.464501e-08, -4.536769e-08, -4.536769e-08, -4.623198e-08
70.400000, -4.125059e-08, -4.199292e-08, -4.199292e-08, -4.270864e-08
70.500000, -3.714200e-08, -3.785306e-08, -3.785306e-08, -3.870505e-08
70.600000, -3.265885e-08, -3.335905e-08, -3.335905e-08, -3.402785e-08
70.700000, -2.765072e-08, -2.830237e-08, -2.830237e-08, -2.909197e-08
70.800000, -2.246607e-08, -2.308049e-08, -2.308049e-08, -2.367559e-08
70.900000, -1.696328e-08, -1.751371e-08, -1.751371e-08, -1.818758e-08
71.000000, -1.149289e-08, -1.198954e-08, -1.198954e-08, -1.246222e-08
71.100000, -5.918143e-09, -6.325614e-09, -6.325614e-09, -6.868963e-09
71.200000, -5.647511e-10, -9.065308e-10, -9.065308e-10, -1.228953e-09
71.300000, 4.708552e-09, 4.457525e-09, 4.457525e-09, 4.079702e-09
71.400000, 9.586568e-09, 9.405526e-09, 9.405526e-09, 9.249551e-09
71.500000, 1.421611e-08, 1.413868e-08, 1.413868e-08, 1.392692e-08
71.600000, 1.830856e-08, 1.830331e-08, 1.830331e-08, 1.831872e-08
71.700000, 2.204212e-08, 2.212667e-08, 2.212667e-08, 2.208336e-08
71.800000, 2.512539e-08, 2.527815e-08, 2.527815e-08, 2.545494e-08
71.900000, 2.775901e-08, 2.799835e-08, 2.799835e-08, 2.811532e-08
72.000000, 2.969751e-08, 2.999164e-08, 2.999164e-08, 3.031326e-08
72.100000, 3.114336e-08, 3.151349e-08, 3.151349e-08, 3.175999e-08
72.200000, 3.188151e-08, 3.229166e-08, 3.229166e-08, 3.272814e-08
72.300000, 3.213556e-08, 3.260502e-08, 3.260502e-08, 3.295802e-08
72.400000, 3.170283e-08, 3.220028e-08, 3.220028e-08, 3.272110e-08
72.500000, 3.084015e-08, 3.137468e-08, 3.137468e-08, 3.179247e-08
72.600000, 2.936195e-08, 2.989920e-08, 2.989920e-08, 3.046514e-08
72.700000, 2.752184e-08, 2.808221e-08, 2.808221e-08, 2.852810e-08
72.800000, 2.516708e-08, 2.571387e-08, 2.571387e-08, 2.628935e-08
72.900000, 2.255881e-08, 2.310789e-08, 2.310789e-08, 2.354454e-08
73.000000, 1.954867e-08, 2.006605e-08, 2.006605e-08, 2.061557e-08
73.100000, 1.641010e-08, 1.691426e-08, 1.691426e-08, 1.731022e-08
73.200000, 1.299539e-08, 1.345787e-08, 1.345787e-08, 1.394787e-08
73.300000, 9.586460e-09, 1.002017e-08, 1.002017e-08, 1.034609e-08
73.400000, 6.032641e-09, 6.411339e-09, 6.411339e-09, 6.816866e-09
73.500000, 2.604027e-09, 2.947877e-09, 2.947877e-09, 3.179682e-09
73.600000, -8.365938e-10, -5.588590e-10, -5.588590e-10, -2.560500e-10
73.700000, -4.038488e-09, -3.802544e-09, -3.802544e-09, -3.674989e-09
73.800000, -7.146121e-09, -6.978413e-09, -6.978413e-09, -6.787164e-09
73.900000, -9.915338e-09, -9.791836e-09, -9.791836e-09, -9.776004e-09
74.000000, -1.250448e-08, -1.244472e-08, -1.244472e-08, -1.236481e-08
74.100000, -1.468061e-08, -1.466266e-08, -1.466266e-08, -1.475470e-08
74.200000, -1.660995e-08, -1.665516e-08, -1.665516e-08, -1.668273e-08
74.300000, -1.808234e-08, -1.816468e-08, -1.816468e-08, -1.835775e-08
74.400000, -1.927568e-08, -1.941197e-08, -1.941197e-08, -1.953405e-08
74.500000, -1.999212e-08, -2.015681e-08, -2.015681e-08, -2.043473e-08
74.600000, -2.042316e-08, -2.063222e-08, -2.063222e-08, -2.083001e-08
74.700000, -2.038511e-08, -2.061374e-08, -2.061374e-08, -2.095518e-08
74.800000, -2.008316e-08, -2.034434e-08, -2.034434e-08, -2.059580e-08
74.900000, -1.934841e-08, -1.961614e-08, -1.961614e-08, -1.999895e-08
75.000000, -1.839115e-08, -1.867977e-08, -1.867977e-08, -1.896141e-08
75.100000, -1.705395e-08, -1.733811e-08, -1.733811e-08, -1.773884e-08
75.200000, -1.555709e-08, -1.585045e-08, -1.585045e-08, -1.613954e-08
75.300000, -1.375407e-08, -1.403042e-08, -1.403042e-08, -1.442236e-08
75.400000, -1.186319e-08, -1.213852e-08, -1.213852e-08, -1.240984e-08
75.500000, -9.745730e-09, -9.994198e-09, -9.994198e-09, -1.035833e-08
75.600000, -7.624475e-09, -7.860298e-09, -7.860298e-09, -8.094575e-09
75.700000, -5.358957e-09, -5.560269e-09, -5.560269e-09, -5.877611e-09
75.800000, -3.170319e-09, -3.353144e-09, -3.353144e-09, -3.534446e-09
75.900000, -9.203000e-10, -1.062403e-09, -1.062403e-09, -1.319420e-09
76.000000, 1.176550e-09, 1.058003e-09, 1.058003e-09, 9.412626e-10
76.100000, 3.261205e-09, 3.186647e-09, 3.186647e-09, 2.998312e-09
76.200000, 5.126243e-09, 5.077078e-09, 5.077078e-09, 5.030452e-09
76.300000, 6.917309e-09, 6.912686e-09, 6.912686e-09, 6.797456e-09
76.400000, 8.436731e-09, 8.457145e-09, 8.457145e-09, 8.480868e-09
76.500000, 9.835145e-09, 9.898454e-09, 9.898454e-09, 9.852987e-09
76.600000, 1.092575e-08, 1.101157e-08, 1.101157e-08, 1.110235e-08
76.700000, 1.186703e-08, 1.199168e-08, 1.199168e-08, 1.201072e-08
76.800000, 1.248229e-08, 1.262503e-08, 1.262503e-08, 1.277383e-08
76.900000, 1.293767e-08, 1.311409e-08, 1.311409e-08, 1.318601e-08
77.000000, 1.306746e-08, 1.325585e-08, 1.325585e-08, 1.344961e-08
77.100000, 1.304386e-08, 1.325803e-08, 1.325803e-08, 1.336983e-08
77.200000, 1.271095e-08, 1.292952e-08, 1.292952e-08, 1.315483e-08
77.300000, 1.224745e-08, 1.248431e-08, 1.248431e-08, 1.262061e-08
77.400000, 1.150532e-08, 1.173947e-08, 1.173947e-08, 1.197998e-08
77.500000, 1.066806e-08, 1.091223e-08, 1.091223e-08, 1.105726e-08
77.600000, 9.594516e-09, 9.828381e-09, 9.828381e-09, 1.006873e-08
77.700000, 8.470558e-09, 8.707146e-09, 8.707146e-09, 8.845583e-09
77.800000, 7.160426e-09, 7.379609e-09, 7.379609e-09, 7.605364e-09
77.900000, 5.850395e-09, 6.065770e-09, 6.065770e-09, 6.183769e-09
78.000000, 4.408012e-09, 4.599934e-09, 4.599934e-09, 4.798200e-09
78.100000, 3.017732e-09, 3.200712e-09, 3.200712e-09, 3.287221e-09
78.200000, 1.548904e-09, 1.703790e-09, 1.703790e-09, 1.864673e-09
78.300000, 1.822203e-10, 3.244414e-10, 3.244414e-10, 3.706721e-10
78.400000, -1.213288e-09, -1.101624e-09, -1.101624e-09, -9.848045e-10
78.500000, -2.461353e-09, -2.364847e-09, -2.364847e-09, -2.363352e-09
78.600000, -3.695908e-09, -3.630840e-09, -3.630840e-09, -3.561438e-09
78.700000, -4.745866e-09, -4.696049e-09, -4.696049e-09, -4.741402e-09
78.800000, -5.748419e-09, -5.729689e-09, -5.729689e-09, -5.707389e-09
78.900000, -6.539657e-09, -6.535162e-09, -6.535162e-09, -6.625748e-09
79.000000, -7.261028e-09, -7.285181e-09, -7.285181e-09, -7.307165e-09
79.100000, -7.755630e-09, -7.791234e-09, -7.791234e-09, -7.922059e-09
79.200000, -8.168606e-09, -8.229741e-09, -8.229741e-09, -8.289637e-09
79.300000, -8.351125e-09, -8.420067e-09, -8.420067e-09, -8.584157e-09
79.400000, -8.452235e-09, -8.542252e-09, -8.542252e-09, -8.632050e-09
79.500000, -8.329768e-09, -8.423469e-09, -8.423469e-09, -8.611677e-09
79.600000, -8.137180e-09, -8.246553e-09, -8.246553e-09, -8.356947e-09
79.700000, -7.737882e-09, -7.845726e-09, -7.845726e-09, -8.048599e-09
79.800000, -7.287836e-09, -7.406403e-09, -7.406403e-09, -7.526896e-09
79.900000, -6.656412e-09, -6.768225e-09, -6.768224e-09, -6.975207e-09
80.000000, -6.000601e-09, -6.118300e-09, -6.118300e-09, -6.238990e-09
80.100000, -5.194019e-09, -5.300655e-09, -5.300655e-09, -5.501829e-09
80.200000, -4.394735e-09, -4.502558e-09, -4.502558e-09, -4.613698e-09
80.300000, -3.478707e-09, -3.571303e-09, -3.571303e-09, -3.757798e-09
80.400000, -2.603278e-09, -2.693198e-09, -2.693198e-09, -2.786808e-09
80.500000, -1.646140e-09, -1.717516e-09, -1.717516e-09, -1.882208e-09
80.600000, -7.624489e-10, -8.280749e-10, -8.280749e-10, -8.979239e-10
80.700000, 1.697793e-10, 1.248181e-10, 1.248181e-10, -1.287861e-11
80.800000, 9.983014e-10, 9.607163e-10, 9.607163e-10, 9.189119e-10
80.900000, 1.845799e-09, 1.830025e-09, 1.830025e-09, 1.722621e-09
81.000000, 2.564014e-09, 2.556465e-09, 2.556465e-09, 2.544801e-09
81.100000, 3.277068e-09, 3.291277e-09, 3.291277e-09, 3.215032e-09
81.200000, 3.841183e-09, 3.863353e-09, 3.863353e-09, 3.881601e-09
81.300000, 4.382779e-09, 4.425645e-09, 4.425645e-09, 4.379295e-09
81.400000, 4.763035e-09, 4.812505e-09, 4.812505e-09, 4.858270e-09
81.500000, 5.110484e-09, 5.178884e-09, 5.178884e-09, 5.159052e-09
81.600000, 5.291606e-09, 5.364446e-09, 5.364446e-09, 5.433774e-09
81.700000, 5.437243e-09, 5.526336e-09, 5.526336e-09, 5.528388e-09
81.800000, 5.418800e-09, 5.509554e-09, 5.509554e-09, 5.597044e-09
81.900000, 5.369202e-09, 5.473090e-09, 5.473090e-09, 5.491090e-09
82.000000, 5.164425e-09, 5.266903e-09, 5.266903e-09, 5.366427e-09
82.100000, 4.939108e-09, 5.051324e-09, 5.051324e-09, 5.078855e-09
82.200000, 4.573051e-09, 4.680719e-09, 4.680719e-09, 4.785603e-09
82.300000, 4.202062e-09, 4.316164e-09, 4.316164e-09, 4.346536e-09
82.400000, 3.709186e-09, 3.815699e-09, 3.815699e-09, 3.919339e-09
82.500000, 3.230454e-09, 3.340276e-09, 3.340276e-09, 3.367128e-09
82.600000, 2.651293e-09, 2.750724e-09, 2.750724e-09, 2.847218e-09
82.700000, 2.107322e-09, 2.207396e-09, 2.207396e-09, 2.225301e-09
82.800000, 1.485647e-09, 1.573032e-09, 1.573032e-09, 1.657346e-09
82.900000, 9.204532e-10, 1.006324e-09, 1.006324e-09, 1.010667e-09
83.000000, 2.996902e-10, 3.712082e-10, 3.712082e-10, 4.394052e-10
83.100000, -2.444692e-10, -1.759260e-10, -1.759261e-10, -1.883503e-10
83.200000, -8.240032e-10, -7.707549e-10, -7.707549e-10, -7.212596e-10
83.300000, -1.309371e-09, -1.259849e-09, -1.259849e-09, -1.290946e-09
83.400000, -1.813015e-09, -1.779063e-09, -1.779063e-09, -1.749278e-09
83.500000, -2.208489e-09, -2.178321e-09, -2.178321e-09, -2.228407e-09
83.600000, -2.609173e-09, -2.594184e-09, -2.594184e-09, -2.583818e-09
83.700000, -2.892099e-09, -2.880301e-09, -2.880301e-09, -2.948401e-09
83.800000, -3.171783e-09, -3.174103e-09, -3.174103e-09, -3.181486e-09
83.900000, -3.328830e-09, -3.333188e-09, -3.333188e-09, -3.417115e-09
84.000000, -3.479011e-09, -3.495946e-09, -3.495946e-09, -3.518362e-09
84.100000, -3.506459e-09, -3.523797e-09, -3.523797e-09, -3.620360e-09
84.200000, -3.528033e-09, -3.556045e-09, -3.556045e-09, -3.590000e-09
84.300000, -3.431252e-09, -3.457787e-09, -3.457787e-09, -3.563180e-09
84.400000, -3.333901e-09, -3.368946e-09, -3.368946e-09, -3.410364e-09
84.500000, -3.126426e-09, -3.157942e-09, -3.157942e-09, -3.267972e-09
84.600000, -2.927176e-09, -2.965033e-09, -2.965033e-09, -3.009658e-09
84.700000, -2.629162e-09, -2.661481e-09, -2.661481e-09, -2.771890e-09
84.800000, -2.350808e-09, -2.387374e-09, -2.387374e-09, -2.430997e-09
84.900000, -1.987209e-09, -2.016341e-09, -2.016341e-09, -2.123120e-09
85.000000, -1.656312e-09, -1.687837e-09, -1.687837e-09, -1.726662e-09
85.100000, -1.254728e-09, -1.277260e-09, -1.277260e-09, -1.376882e-09
85.200000, -8.995230e-10, -9.229108e-10, -9.229108e-10, -9.537323e-10
85.300000, -4.882698e-10, -5.014673e-10, -5.014673e-10, -5.911404e-10
85.400000, -1.366370e-10, -1.495590e-10, -1.495591e-10, -1.700118e-10
85.500000, 2.573141e-10, 2.553670e-10, 2.553670e-10, 1.776252e-10
85.600000, 5.797746e-10, 5.787706e-10, 5.787706e-10, 5.702364e-10
85.700000, 9.325694e-10, 9.428604e-10, 9.428604e-10, 8.780800e-10
85.800000, 1.204099e-09, 1.215530e-09, 1.215530e-09, 1.219478e-09
85.900000, 1.496385e-09, 1.518974e-09, 1.518974e-09, 1.467261e-09
86.000000, 1.700244e-09, 1.723756e-09, 1.723756e-09, 1.739874e-09
86.100000, 1.918159e-09, 1.952274e-09, 1.952274e-09, 1.912898e-09
86.200000, 2.043463e-09, 2.077899e-09, 2.077899e-09, 2.105056e-09
86.300000, 2.179178e-09, 2.223329e-09, 2.223329e-09, 2.194758e-09
86.400000, 2.221208e-09, 2.264751e-09, 2.264751e-09, 2.301099e-09
86.500000, 2.273086e-09, 2.325180e-09, 2.325180e-09, 2.305292e-09
86.600000, 2.233171e-09, 2.283502e-09, 2.283502e-09, 2.326722e-09
86.700000, 2.205380e-09, 2.262931e-09, 2.262931e-09, 2.249239e-09
86.800000, 2.090360e-09, 2.144880e-09, 2.144880e-09, 2.192342e-09
86.900000, 1.992219e-09, 2.052537e-09, 2.052537e-09, 2.042321e-09
87.000000, 1.813604e-09, 1.869588e-09, 1.869588e-09, 1.918563e-09
87.100000, 1.658528e-09, 1.718928e-09, 1.718928e-09, 1.709462e-09
87.200000, 1.431358e-09, 1.486186e-09, 1.486186e-09, 1.534004e-09
87.300000, 1.235703e-09, 1.293671e-09, 1.293671e-09, 1.282395e-09
87.400000, 9.772645e-10, 1.028598e-09, 1.028598e-09, 1.072877e-09
87.500000, 7.589453e-10, 8.123285e-10, 8.123285e-10, 7.970558e-10
87.600000, 4.874418e-10, 5.333280e-10, 5.333280e-10, 5.721191e-10
87.700000, 2.646282e-10, 3.117358e-10, 3.117358e-10, 2.907309e-10
87.800000, -2.126046e-12, 3.689448e-11, 3.689451e-11, 6.871601e-11
87.900000, -2.122627e-10, -1.725835e-10, -1.725835e-10, -2.005139e-10
88.000000, -4.580369e-10, -4.267544e-10, -4.267544e-10, -4.027851e-10
88.100000, -6.404619e-10, -6.087678e-10, -6.087678e-10, -6.442137e-10
88.200000, -8.516154e-10, -8.283276e-10, -8.283277e-10, -8.124901e-10
88.300000, -9.942609e-10, -9.705342e-10, -9.705342e-10, -1.013484e-09
88.400000, -1.160476e-09, -1.144887e-09, -1.144887e-09, -1.136894e-09
88.500000, -1.254869e-09, -1.238548e-09, -1.238548e-09, -1.288469e-09
88.600000, -1.369622e-09, -1.360925e-09, -1.360925e-09, -1.359993e-09
88.700000, -1.411217e-09, -1.401273e-09, -1.401273e-09, -1.457161e-09
88.800000, -1.471940e-09, -1.468924e-09, -1.468924e-09, -1.473841e-09
88.900000, -1.460128e-09, -1.455192e-09, -1.455192e-09, -1.515672e-09
89.000000, -1.468126e-09, -1.469286e-09, -1.469286e-09, -1.478538e-09
89.100000, -1.406006e-09, -1.404464e-09, -1.404464e-09, -1.467931e-09
89.200000, -1.366056e-09, -1.369714e-09, -1.369714e-09, -1.381614e-09
89.300000, -1.259929e-09, -1.260083e-09, -1.260083e-09, -1.324813e-09
89.400000, -1.179721e-09, -1.184179e-09, -1.184179e-09, -1.196992e-09
89.500000, -1.038473e-09, -1.038637e-09, -1.038637e-09, -1.102923e-09
89.600000, -9.278875e-10, -9.315062e-10, -9.315063e-10, -9.435690e-10
89.700000, -7.621773e-10, -7.607912e-10, -7.607912e-10, -8.230579e-10
89.800000, -6.324355e-10, -6.337636e-10, -6.337636e-10, -6.436048e-10
89.900000, -4.538138e-10, -4.495666e-10, -4.495666e-10, -5.084720e-10
90.000000, -3.166113e-10, -3.144906e-10, -3.144906e-10, -3.208997e-10
90.100000, -1.367096e-10, -1.285922e-10, -1.285922e-10, -1.831028e-10
90.200000, -3.402365e-12, 3.006309e-12, 3.006317e-12, 8.878862e-13
90.300000, 1.668899e-10, 1.795385e-10, 1.795385e-10, 1.300931e-10
90.400000, 2.860400e-10, 2.972140e-10, 2.972140e-10, 2.998758e-10
90.500000, 4.372757e-10, 4.547338e-10, 4.547338e-10, 4.106500e-10
90.600000, 5.337447e-10, 5.497699e-10, 5.497699e-10, 5.573190e-10
90.700000, 6.584288e-10, 6.806086e-10, 6.806086e-10, 6.418048e-10
90.800000, 7.258518e-10, 7.464711e-10, 7.464711e-10, 7.586626e-10
90.900000, 8.188405e-10, 8.453200e-10, 8.453200e-10, 8.113796e-10
91.000000, 8.533240e-10, 8.779548e-10, 8.779549e-10, 8.942293e-10
91.100000, 9.119827e-10, 9.420490e-10, 9.420490e-10, 9.122832e-10
91.200000, 9.121469e-10, 9.399772e-10, 9.399772e-10, 9.595407e-10
91.300000, 9.363607e-10, 9.691100e-10, 9.691099e-10, 9.426184e-10
91.400000, 9.032943e-10, 9.333402e-10, 9.333402e-10, 9.552116e-10
91.500000, 8.952886e-10, 9.296856e-10, 9.296856e-10, 9.054167e-10
91.600000, 8.322709e-10, 8.634685e-10, 8.634686e-10, 8.865676e-10
91.700000, 7.962940e-10, 8.312650e-10, 8.312650e-10, 8.081203e-10
91.800000, 7.084215e-10, 7.397032e-10, 7.397032e-10, 7.629337e-10
91.900000, 6.503127e-10, 6.848090e-10, 6.848090e-10, 6.617082e-10
92.000000, 5.440280e-10, 5.743786e-10, 5.743786e-10, 5.967168e-10
92.100000, 4.706887e-10, 5.037610e-10, 5.037610e-10, 4.797386e-10
92.200000, 3.532152e-10, 3.817689e-10, 3.817689e-10, 4.023236e-10
92.300000, 2.720727e-10, 3.029482e-10, 3.029482e-10, 2.771939e-10
92.400000, 1.508930e-10, 1.769764e-10, 1.769763e-10, 1.950481e-10
92.500000, 6.935552e-11, 9.746702e-11, 9.746699e-11, 6.939164e-11
92.600000, -4.833314e-11, -2.517306e-11, -2.517304e-11, -1.005180e-11
92.700000, -1.233748e-10, -9.836903e-11, -9.836904e-11, -1.291197e-10
92.800000, -2.311058e-10, -2.111065e-10, -2.111065e-10, -1.991703e-10
92.900000, -2.937154e-10, -2.719422e-10, -2.719423e-10, -3.054936e-10
93.000000, -3.861819e-10, -3.693470e-10, -3.693470e-10, -3.605962e-10
93.100000, -4.317349e-10, -4.130688e-10, -4.130688e-10, -4.493102e-10
93.200000, -5.050357e-10, -4.911341e-10, -4.911341e-10, -4.853405e-10
93.300000, -5.304055e-10, -5.145170e-10, -5.145170e-10, -5.531259e-10
93.400000, -5.822241e-10, -5.708342e-10, -5.708342e-10, -5.675886e-10
93.500000, -5.858855e-10, -5.722862e-10, -5.722862e-10, -6.127706e-10
93.600000, -6.155161e-10, -6.060868e-10, -6.060868e-10, -6.048189e-10
93.700000, -5.975537e-10, -5.856400e-10, -5.856400e-10, -6.273881e-10
93.800000, -6.058300e-10, -5.977334e-10, -5.977334e-10, -5.977971e-10
93.900000, -5.678021e-10, -5.569209e-10, -5.569209e-10, -5.992727e-10
94.000000, -5.569670e-10, -5.495223e-10, -5.495224e-10, -5.502347e-10
94.100000, -5.017073e-10, -4.911669e-10, -4.911669e-10, -5.334354e-10
94.200000, -4.751101e-10, -4.676429e-10, -4.676429e-10, -4.683300e-10
94.300000, -4.064066e-10, -3.955696e-10, -3.955696e-10, -4.371226e-10
94.400000, -3.682083e-10, -3.601279e-10, -3.601279e-10, -3.601967e-10
94.500000, -2.904986e-10, -2.788293e-10, -2.788293e-10, -3.191263e-10
94.600000, -2.453386e-10, -2.361661e-10, -2.361661e-10, -2.351269e-10
94.700000, -1.633740e-10, -1.504471e-10, -1.504472e-10, -1.890664e-10
94.800000, -1.160220e-10, -1.053953e-10, -1.053953e-10, -1.028883e-10
94.900000, -3.449663e-11, -2.001937e-11, -2.001938e-11, -5.667761e-11
95.000000, 1.050791e-11, 2.279332e-11, 2.279338e-11, 2.697945e-11
95.100000, 8.727710e-11, 1.034181e-10, 1.034181e-10, 6.885378e-11
95.200000, 1.258850e-10, 1.398682e-10, 1.398682e-10, 1.457808e-10
95.300000, 1.941994e-10, 2.119705e-10, 2.119704e-10, 1.794541e-10
95.400000, 2.231064e-10, 2.386822e-10, 2.386822e-10, 2.462079e-10
95.500000, 2.801053e-10, 2.993321e-10, 2.993321e-10, 2.686817e-10
95.600000, 2.969289e-10, 3.138488e-10, 3.138488e-10, 3.227625e-10
95.700000, 3.407241e-10, 3.611001e-10, 3.611002e-10, 3.320357e-10
95.800000, 3.440710e-10, 3.619931e-10, 3.619931e-10, 3.719494e-10
95.900000, 3.737908e-10, 3.949446e-10, 3.949446e-10, 3.670742e-10
96.000000, 3.633086e-10, 3.818268e-10, 3.818268e-10, 3.924142e-10
96.100000, 3.791018e-10, 4.006033e-10, 4.006033e-10, 3.734941e-10
96.200000, 3.554127e-10, 3.740826e-10, 3.740826e-10, 3.848825e-10
96.300000, 3.583516e-10, 3.797528e-10, 3.797528e-10, 3.529963e-10
96.400000, 3.229310e-10, 3.413174e-10, 3.413174e-10, 3.519192e-10
96.500000, 3.148633e-10, 3.357548e-10, 3.357548e-10, 3.089423e-10
96.600000, 2.698700e-10, 2.876068e-10, 2.876067e-10, 2.976477e-10
96.700000, 2.532243e-10, 2.732969e-10, 2.732969e-10, 2.461029e-10
96.800000, 2.013240e-10, 2.181462e-10, 2.181462e-10, 2.273363e-10
96.900000, 1.789586e-10, 1.979771e-10, 1.979772e-10, 1.701459e-10
97.000000, 1.231121e-10, 1.388234e-10, 1.388234e-10, 1.469448e-10
97.100000, 9.802713e-11, 1.158573e-10, 1.158573e-10, 8.721759e-11
97.200000, 4.123391e-11, 5.576349e-11, 5.576349e-11, 6.270821e-11
97.300000, 1.639736e-11, 3.301790e-11, 3.301790e-11, 3.506060e-12
97.400000, -3.848007e-11, -2.510327e-11, -2.510325e-11, -1.933086e-11
97.500000, -6.035939e-11, -4.486103e-11, -4.486102e-11, -7.516591e-11
97.600000, -1.108025e-10, -9.843527e-11, -9.843529e-11, -9.369208e-11
97.700000, -1.274298e-10, -1.128554e-10, -1.128554e-10, -1.437766e-10
97.800000, -1.713895e-10, -1.597994e-10, -1.597994e-10, -1.558726e-10
97.900000, -1.809873e-10, -1.670833e-10, -1.670834e-10, -1.983612e-10
98.000000, -2.170061e-10, -2.059078e-10, -2.059078e-10, -2.024917e-10
98.100000, -2.184251e-10, -2.048842e-10, -2.048842e-10, -2.362018e-10
98.200000, -2.456667e-10, -2.347512e-10, -2.347513e-10, -2.315129e-10
98.300000, -2.384135e-10, -2.249094e-10, -2.249094e-10, -2.559238e-10
98.400000, -2.567202e-10, -2.456415e-10, -2.456415e-10, -2.422317e-10
98.500000, -2.409153e-10, -2.271210e-10, -2.271210e-10, -2.574907e-10
98.600000, -2.506996e-10, -2.391634e-10, -2.391634e-10, -2.352522e-10
98.700000, -2.270567e-10, -2.126911e-10, -2.126911e-10, -2.421041e-10
98.800000, -2.293003e-10, -2.170384e-10, -2.170384e-10, -2.123193e-10
98.900000, -1.990258e-10, -1.838409e-10, -1.838409e-10, -2.120346e-10
99.000000, -1.951296e-10, -1.819259e-10, -1.819259e-10, -1.762097e-10
99.100000, -1.597617e-10, -1.436084e-10, -1.436084e-10, -1.704669e-10
99.200000, -1.513848e-10, -1.371796e-10, -1.371796e-10, -1.304064e-10
99.300000, -1.127032e-10, -9.558498e-11, -9.558495e-11, -1.211227e-10
99.400000, -1.017121e-10, -8.655379e-11, -8.655381e-11, -7.880558e-11
99.500000, -6.159637e-11, -4.362509e-11, -4.362510e-11, -6.798559e-11
99.600000, -4.986506e-11, -3.393215e-11, -3.393220e-11, -2.540200e-11
99.700000, -1.015767e-11, 8.434068e-12, 8.434068e-12, -1.499108e-11
99.800000, 5.515896e-13, 1.695799e-11, 1.695800e-11, 2.599194e-11
99.900000, 3.818722e-11, 5.703537e-11, 5.703540e-11, 3.421795e-11
100.000000, 4.631407e-11, 6.278892e-11, 6.278893e-11, 7.194189e-11
100.100000, 8.045313e-11, 9.912571e-11, 9.912574e-11, 7.649925e-11
100.200000, 8.473854e-11, 1.008179e-10, 1.008178e-10, 1.096728e-10
100.300000, 1.143148e-10, 1.323096e-10, 1.323096e-10, 1.094262e-10
100.400000, 1.138633e-10, 1.290333e-10, 1.290333e-10, 1.371129e-10
100.500000, 1.381495e-10, 1.549822e-10, 1.549823e-10, 1.313447e-10
100.600000, 1.324158e-10, 1.462494e-10, 1.462494e-10, 1.530656e-10
100.700000, 1.510985e-10, 1.663810e-10, 1.663810e-10, 1.415301e-10
100.800000, 1.399921e-10, 1.521161e-10, 1.521161e-10, 1.572549e-10
100.900000, 1.531451e-10, 1.665566e-10, 1.665565e-10, 1.401368e-10
101.000000, 1.368984e-10, 1.470752e-10, 1.470753e-10, 1.502737e-10
101.100000, 1.449453e-10, 1.563249e-10, 1.563250e-10, 1.281636e-10
101.200000, 1.241574e-10, 1.322902e-10, 1.322902e-10, 1.334503e-10
101.300000, 1.278463e-10, 1.371546e-10, 1.371546e-10, 1.072279e-10
101.400000, 1.033607e-10, 1.094892e-10, 1.094892e-10, 1.086691e-10
101.500000, 1.036387e-10, 1.110002e-10, 1.110002e-10, 7.943769e-11
101.600000, 7.649058e-11, 8.081808e-11, 8.081807e-11, 7.822900e-11
101.700000, 7.443270e-11, 8.015220e-11, 8.015222e-11, 4.723796e-11
101.800000, 4.575885e-11, 4.866435e-11, 4.866432e-11, 4.466807e-11
101.900000, 4.254362e-11, 4.704937e-11, 4.704933e-11, 1.321015e-11
102.000000, 1.348067e-11, 1.547489e-11, 1.547490e-11, 1.058599e-11
102.100000, 1.019860e-11, 1.410633e-11, 1.410631e-11, -2.005652e-11
102.200000, -1.817011e-11, -1.640958e-11, -1.640959e-11, -2.154248e-11
102.300000, -2.043946e-11, -1.644896e-11, -1.644894e-11, -5.025954e-11
102.400000, -4.713741e-11, -4.490798e-11, -4.490802e-11, -4.956219e-11
102.500000, -4.757066e-11, -4.271738e-11, -4.271739e-11, -7.539216e-11
102.600000, -7.188807e-11, -6.833323e-11, -6.833324e-11, -7.164486e-11
102.700000, -6.985990e-11, -6.323940e-11, -6.323943e-11, -9.387498e-11
102.800000, -9.124222e-11, -8.546548e-11, -8.546550e-11, -8.654421e-11
102.900000, -8.626153e-11, -7.705392e-11, -7.705391e-11, -1.048289e-10
103.000000, -1.043498e-10, -9.561024e-11, -9.561029e-11, -9.370661e-11
103.100000, -9.620253e-11, -8.372536e-11, -8.372535e-11, -1.079444e-10
103.200000, -1.109293e-10, -9.858960e-11, -9.858961e-11, -9.309361e-11
103.300000, -9.967677e-11, -8.333863e-11, -8.333865e-11, -1.034910e-10
103.400000, -1.111687e-10, -9.474142e-11, -9.474144e-11, -8.520739e-11
103.500000, -9.701826e-11, -7.645845e-11, -7.645845e-11, -9.219237e-11
103.600000, -1.055670e-10, -8.483591e-11, -8.483592e-11, -7.104719e-11
103.700000, -8.882893e-11, -6.404530e-11, -6.404527e-11, -7.530684e-11
103.800000, -9.483490e-11, -7.000130e-11, -7.000131e-11, -5.207315e-11
103.900000, -7.604147e-11, -4.736988e-11, -4.736991e-11, -5.443640e-11
104.000000, -8.011323e-11, -5.162303e-11, -5.162306e-11, -2.996666e-11
104.100000, -5.984864e-11, -2.789687e-11, -2.789689e-11, -3.135378e-11
104.200000, -6.252501e-11, -3.120871e-11, -3.120872e-11, -6.606585e-12
104.300000, -4.139008e-11, -7.154891e-12, -7.154901e-12, -7.982285e-12
104.400000, -4.328216e-11, -1.029582e-11, -1.029585e-11, 1.606819e-11
104.500000, -2.180476e-11, 1.333735e-11, 1.333735e-11, 1.376015e-11
104.600000, -2.346676e-11, 9.654897e-12, 9.654897e-12, 3.623403e-11
104.700000, -2.209395e-12, 3.220290e-11, 3.220293e-11, 3.217090e-11
104.800000, -4.112784e-12, 2.736521e-11, 2.736519e-11, 5.230803e-11
104.900000, 1.652729e-11, 4.827528e-11, 4.827530e-11, 4.583285e-11
105.000000, 1.399191e-11, 4.179517e-11, 4.179516e-11, 6.309428e-11
105.100000, 3.356640e-11, 6.066266e-11, 6.066261e-11, 5.382895e-11
105.200000, 2.986382e-11, 5.221434e-11, 5.221431e-11, 6.803590e-11
105.300000, 4.793390e-11, 6.879176e-11, 6.879175e-11, 5.584090e-11
105.400000, 4.288078e-11, 5.821037e-11, 5.821037e-11, 6.690418e-11
105.500000, 5.936848e-11, 7.242401e-11, 7.242403e-11, 5.180169e-11
105.600000, 5.282937e-11, 5.971242e-11, 5.971239e-11, 5.985967e-11
105.700000, 6.756766e-11, 7.163676e-11, 7.163674e-11, 4.215360e-11
105.800000, 5.940808e-11, 5.693618e-11, 5.693619e-11, 4.767380e-11
105.900000, 7.232495e-11, 6.678819e-11, 6.678820e-11, 2.794894e-11
106.000000, 6.246682e-11, 5.038315e-11, 5.038314e-11, 3.161883e-11
106.100000, 7.341690e-11, 5.851102e-11, 5.851105e-11, 1.067052e-11
106.200000, 6.171503e-11, 4.079775e-11, 4.079771e-11, 1.333945e-11
106.300000, 7.062120e-11, 4.763673e-11, 4.763673e-11, -7.959005e-12
106.400000, 5.704201e-11, 2.906639e-11, 2.906641e-11, -5.368175e-12
106.500000, 6.395355e-11, 3.507775e-11, 3.507775e-11, -2.611743e-11
106.600000, 4.862513e-11, 1.613203e-11, 1.613204e-11, -2.275036e-11
106.700000, 5.368095e-11, 2.181161e-11, 2.181162e-11, -4.208976e-11
106.800000, 3.675506e-11, 2.972865e-12, 2.972848e-12, -3.710828e-11
106.900000, 4.018749e-11, 8.789908e-12, 8.789875e-12, -5.431640e-11
107.000000, 2.199366e-11, -9.493979e-12, -9.493973e-12, -4.716293e-11
107.100000, 2.424792e-11, -3.120161e-12, -3.120169e-12, -6.185382e-11
107.200000, 5.351168e-12, -2.047026e-11, -2.047024e-11, -5.231864e-11
107.300000, 7.055134e-12, -1.319058e-11, -1.319061e-11, -6.446099e-11
107.400000, -1.191619e-11, -2.929934e-11, -2.929937e-11, -5.261847e-11
107.500000, -1.016044e-11, -2.086751e-11, -2.086749e-11, -6.232032e-11
107.600000, -2.867818e-11, -3.555155e-11, -3.555158e-11, -4.827681e-11
107.700000, -2.645658e-11, -2.582881e-11, -2.582882e-11, -5.554157e-11
107.800000, -4.419345e-11, -3.899564e-11, -3.899565e-11, -3.940987e-11
107.900000, -4.120226e-11, -2.794033e-11, -2.794035e-11, -4.475927e-11
108.000000, -5.792115e-11, -3.960464e-11, -3.960462e-11, -2.688114e-11
108.100000, -5.407257e-11, -2.727512e-11, -2.727513e-11, -3.031739e-11
108.200000, -6.979651e-11, -3.754148e-11, -3.754147e-11, -1.086274e-11
108.300000, -6.514453e-11, -2.408603e-11, -2.408603e-11, -1.266662e-11
108.400000, -7.997475e-11, -3.314377e-11, -3.314376e-11, 8.094148e-12
108.500000, -7.467541e-11, -1.878361e-11, -1.878360e-11, 7.632365e-12
108.600000, -8.881040e-11, -2.688466e-11, -2.688462e-11, 2.940064e-11
108.700000, -8.309091e-11, -1.189302e-11, -1.189302e-11, 2.996321e-11
108.800000, -9.677942e-11, -1.932973e-11, -1.932971e-11, 5.240872e-11
108.900000, -9.089449e-11, -4.009000e-12, -4.008997e-12, 5.364654e-11
109.000000, -1.043935e-10, -1.109116e-11, -1.109117e-11, 7.641179e-11
109.100000, -9.860296e-11, 4.250279e-12, 4.250310e-12, 7.796853e-11
109.200000, -1.121763e-10, -2.784332e-12, -2.784340e-12, 1.007119e-10
109.300000, -1.067374e-10, 1.227961e-11, 1.227961e-11, 1.022595e-10
109.400000, -1.206318e-10, 5.012099e-12, 5.012096e-12, 1.246740e-10
109.500000, -1.157737e-10, 1.954660e-11, 1.954659e-11, 1.259267e-10
109.600000, -1.301993e-10, 1.181285e-11, 1.181284e-11, 1.477536e-10
109.700000, -1.261047e-10, 2.560886e-11, 2.560889e-11, 1.484777e-10
109.800000, -1.412146e-10, 1.722807e-11, 1.722807e-11, 1.695112e-10
109.900000, -1.380000e-10, 3.013764e-11, 3.013767e-11, 1.695248e-10
110.000000, -1.538732e-10, 2.099267e-11, 2.099266e-11, 1.896112e-10
110.100000, -1.515759e-10, 3.293360e-11, 3.293363e-11, 1.887860e-10
110.200000, -1.682113e-10, 2.297390e-11, 2.297391e-11, 2.078266e-10
110.300000, 2.254053e-10, 2.968668e-11, 2.968668e-11, -1.776196e-10
110.400000, 2.059540e-10, 1.894100e-11, 1.894099e-11, -1.575691e-10
110.500000, 2.044793e-10, 2.897401e-11, 2.897401e-11, -1.581375e-10
110.600000, 1.844780e-10, 1.750240e-11, 1.750241e-11, -1.391661e-10
110.700000, 1.823934e-10, 2.669959e-11, 2.669961e-11, -1.406205e-10
110.800000, 1.620116e-10, 1.462562e-11, 1.462564e-11, -1.226474e-10
110.900000, 1.595003e-10, 2.313265e-11, 2.313266e-11, -1.248810e-10
111.000000, 1.389289e-10, 1.061757e-11, 1.061755e-11, -1.077732e-10
111.100000, 1.361896e-10, 1.861082e-11, 1.861081e-11, -1.106335e-10
111.200000, 1.156303e-10, 5.839169e-12, 5.839178e-12, -9.422080e-11
111.300000, 1.128694e-10, 1.351049e-11, 1.351052e-11, -9.752951e-11
111.400000, 9.253019e-11, 6.790556e-13, 6.790513e-13, -8.162855e-11
111.500000, 8.995820e-11, 8.228520e-12, 8.228518e-12, -8.520639e-11
111.600000, 7.004694e-11, -4.475324e-12, -4.475355e-12, -6.964335e-11
111.700000, 6.786838e-11, 3.129728e-12, 3.129713e-12, -7.332883e-11
111.800000, 4.858287e-11, -9.277704e-12, -9.277661e-12, -5.795577e-11
111.900000, 4.699134e-11, -1.457441e-12, -1.457444e-12, -6.162245e-11
112.000000, 2.851253e-11, -1.342506e-11, -1.342505e-11, -4.632918e-11
112.100000, 2.766830e-11, -5.261950e-12, -5.261930e-12, -4.988099e-11
112.200000, 1.013284e-11, -1.668190e-11, -1.668193e-11, -3.458336e-11
112.300000, 1.015678e-11, -8.086246e-12, -8.086193e-12, -3.796050e-11
112.400000, -6.329152e-12, -1.889084e-11, -1.889082e-11, -2.262333e-11
112.500000, -5.338402e-12, -9.814038e-12, -9.814033e-12, -2.583083e-11
112.600000, -2.067657e-11, -1.997681e-11, -1.997682e-11, -1.049373e-11
112.700000, -1.863335e-11, -1.041074e-11, -1.041073e-11, -1.363759e-11
112.800000, -3.276922e-11, -1.994237e-11, -1.994236e-11, 1.638686e-12
112.900000, -2.957712e-11, -9.916895e-12, -9.916915e-12, -1.405319e-12
113.000000, -4.233780e-11, -1.886976e-11, -1.886976e-11, 1.345822e-11
113.100000, -3.782868e-11, -8.449153e-12, -8.449176e-12, 9.930247e-12
113.200000, -4.909053e-11, -1.690305e-11, -1.690304e-11, 2.412692e-11
113.300000, -4.312419e-11, -6.186370e-12, -6.186367e-12, 1.990482e-11
113.400000, -5.270214e-11, -1.425738e-11, -1.425739e-11, 3.306876e-11
113.500000, -4.508467e-11, -3.357901e-12, -3.357872e-12, 2.773322e-11
113.600000, -5.281589e-11, -1.115292e-11, -1.115293e-11, 3.942918e-11
113.700000, -4.343538e-11, -1.847532e-13, -1.847267e-13, 3.260385e-11
113.800000, -4.930934e-11, -7.828829e-12, -7.828802e-12, 4.258696e-11
113.900000, -3.830200e-11, 3.088107e-12, 3.088072e-12, 3.416200e-11
114.000000, -4.258671e-11, -4.522064e-12, -4.522050e-12, 4.245749e-11
114.100000, -3.032494e-11, 6.230316e-12, 6.230345e-12, 3.259384e-11
114.200000, -3.347054e-11, -1.453230e-12, -1.453229e-12, 3.946017e-11
114.300000, -2.040983e-11, 9.041581e-12, 9.041592e-12, 2.843490e-11
114.400000, -2.286444e-11, 1.190925e-12, 1.190957e-12, 3.414930e-11
114.500000, -9.500015e-12, 1.133630e-11, 1.133631e-11, 2.229802e-11
114.600000, -1.179852e-11, 3.248705e-12, 3.248700e-12, 2.724239e-11
114.700000, 1.340119e-12, 1.299921e-11, 1.299924e-11, 1.493544e-11
114.800000, -1.339182e-12, 4.642082e-12, 4.642079e-12, 1.949977e-11
114.900000, 1.109912e-11, 1.397638e-11, 1.397639e-11, 7.128845e-12
115.000000, 7.695779e-12, 5.333974e-12, 5.333983e-12, 1.166309e-11
115.100000, 1.916925e-11, 1.424383e-11, 1.424384e-11, -4.497973e-13
115.200000, 1.479946e-11, 5.314680e-12, 5.314663e-12, 4.340031e-12
115.300000, 2.511767e-11, 1.381649e-11, 1.381649e-11, -7.301299e-12
115.400000, 1.970475e-11, 4.635229e-12, 4.635226e-12, -2.113002e-12
115.500000, 2.892744e-11, 1.277753e-11, 1.277755e-11, -1.316124e-11
115.600000, 2.251967e-11, 3.395190e-12, 3.395192e-12, -7.470334e-12
115.700000, 3.054619e-11, 1.123699e-11, 1.123704e-11, -1.778285e-11
115.800000, 2.303913e-11, 1.723538e-12, 1.723550e-12, -1.140269e-11
115.900000, 2.992174e-11, 9.339829e-12, 9.339835e-12, -2.089572e-11
116.000000, 2.149150e-11, -2.315453e-13, -2.315302e-13, -1.381629e-11
116.100000, 2.746239e-11, 7.237433e-12, 7.237450e-12, -2.251896e-11
116.200000, 1.832952e-11, -2.310933e-12, -2.310925e-12, -1.480425e-11
116.300000, 2.357246e-11, 5.092801e-12, 5.092803e-12, -2.278602e-11
116.400000, 1.396436e-11, -4.355265e-12, -4.355258e-12, -1.451831e-11
116.500000, 1.875332e-11, 3.053331e-12, 3.053355e-12, -2.188971e-11
116.600000, 8.881768e-12, -6.229513e-12, -6.229491e-12, -1.319161e-11
116.700000, 1.343625e-11, 1.251871e-12, 1.251891e-12, -2.006288e-11
116.800000, 3.562960e-12, -7.804051e-12, -7.804036e-12, -1.105048e-11
116.900000, 8.076583e-12, -2.006343e-13, -2.006510e-13, -1.752656e-11
117.000000, -1.665072e-12, -8.993815e-12, -8.993803e-12, -8.283386e-12
117.100000, 2.955856e-12, -1.239518e-12, -1.239509e-12, -1.447719e-11
117.200000, -6.453521e-12, -9.748540e-12, -9.748528e-12, -5.131221e-12
117.300000, -1.522929e-12, -1.828768e-12, -1.828808e-12, -1.116917e-11
117.400000, -1.046837e-11, -1.004728e-11, -1.004729e-11, -1.832624e-12
117.500000, -5.120004e-12, -1.963692e-12, -1.963696e-12, -7.796606e-12
117.600000, -1.352611e-11, -9.906253e-12, -9.906273e-12, 1.458497e-12
117.700000, -7.739219e-12, -1.677865e-12, -1.677831e-12, -4.536620e-12
117.800000, -1.558769e-11, -9.365805e-12, -9.365807e-12, 4.538960e-12
117.900000, -9.335634e-12, -1.018614e-12, -1.018647e-12, -1.560884e-12
118.000000, -1.659290e-11, -8.489376e-12, -8.489372e-12, 7.231844e-12
118.100000, -9.847940e-12, -6.478537e-14, -6.478350e-14, 9.244535e-13
118.200000, -1.654690e-11, -7.360900e-12, -7.360906e-12, 9.376116e-12
118.300000, -9.391985e-12, 1.095549e-12, 1.095543e-12, 2.846836e-12
118.400000, -1.564437e-11, -6.076681e-12, -6.076671e-12, 1.096961e-11
118.500000, -8.187887e-12, 2.363570e-12, 2.363561e-12, 4.217638e-12
118.600000, -1.405183e-11, -4.731034e-12, -4.731044e-12, 1.199709e-11
118.700000, -6.334247e-12, 3.647922e-12, 3.647921e-12, 4.994601e-12
118.800000, -1.190143e-11, -3.414591e-12, -3.414590e-12, 1.241726e-11
118.900000, -4.048206e-12, 4.860544e-12, 4.860565e-12, 5.190140e-12
119.000000, -9.424729e-12, -2.212188e-12, -2.212196e-12, 1.228033e-11
119.100000, -1.510041e-12, 5.920422e-12, 5.920430e-12, 4.840084e-12
119.200000, -6.788825e-12, -1.197573e-12, -1.197544e-12, 1.162216e-11
119.300000, 1.076115e-12, 6.763096e-12, 6.763097e-12, 3.997914e-12
119.400000, -4.194055e-12, -4.259075e-13, -4.259275e-13, 1.051066e-11
119.500000, 3.530125e-12, 7.341331e-12, 7.341359e-12, 2.741318e-12
119.600000, -1.816490e-12, 6.315260e-14, 6.315988e-14, 9.034336e-12
119.700000, 5.710134e-12, 7.629405e-12, 7.629404e-12, 1.177651e-12
119.800000, 2.313371e-13, 2.631062e-13, 2.631082e-13, 7.316738e-12
119.900000, 7.495973e-12, 7.633337e-12, 7.633350e-12, -5.401136e-13
120.000000, 1.813884e-12, 1.843647e-13, 1.844003e-13, 5.533281e-12
120.100000, 8.774314e-12, 7.368401e-12, 7.368394e-12, -2.255268e-12
120.200000, 2.880714e-12, -1.485113e-13, -1.485077e-13, 3.813235e-12
120.300000, 9.516123e-12, 6.872779e-12, 6.872797e-12, -3.846261e-12
120.400000, 3.375221e-12, -6.867168e-13, -6.866891e-13, 2.262387e-12
120.500000, 9.673260e-12, 6.198655e-12, 6.198646e-12, -5.241326e-12
120.600000, 3.305586e-12, -1.376371e-12, -1.376372e-12, 9.253071e-13
120.700000, 9.307773e-12, 5.399657e-12, 5.399671e-12, -6.401658e-12
120.800000, 2.749274e-12, -2.163083e-12, -2.163080e-12, -1.320326e-13
120.900000, 8.492096e-12, 4.536895e-12, 4.536889e-12, -7.254658e-12
121.000000, 1.790936e-12, -2.979770e-12, -2.979724e-12, -8.775102e-13
121.100000, 7.339533e-12, 3.676173e-12, 3.676170e-12, -7.783111e-12
121.200000, 5.615004e-13, -3.766035e-12, -3.766031e-12, -1.282278e-12
121.300000, 5.970851e-12, 2.874521e-12, 2.874529e-12, -7.962764e-12
121.400000, -8.226014e-13, -4.469703e-12, -4.469705e-12, -1.340470e-12
121.500000, 4.506033e-12, 2.176684e-12, 2.176677e-12, -7.808243e-12
121.600000, -2.258181e-12, -5.048187e-12, -5.048189e-12, -1.087039e-12
121.700000, 3.049509e-12, 1.622857e-12, 1.622841e-12, -7.371883e-12
121.800000, -3.609701e-12, -5.471350e-12, -5.471347e-12, -5.801746e-13
121.900000, 1.736931e-12, 1.235290e-12, 1.235308e-12, -6.724002e-12
122.000000, -4.784632e-12, -5.718823e-12, -5.718827e-12, 8.807200e-14
122.100000, 6.244876e-13, 1.028689e-12, 1.028677e-12, -5.944730e-12
122.200000, -5.742211e-12, -5.784080e-12, -5.784101e-12, 8.776028e-13
122.300000, -2.503378e-13, 1.005152e-12, 1.005143e-12, -5.065162e-12
122.400000, -6.427618e-12, -5.670298e-12, -5.670286e-12, 1.739223e-12
122.500000, -8.293185e-13, 1.152030e-12, 1.152037e-12, -4.143047e-12
122.600000, -6.824487e-12, -5.397165e-12, -5.397169e-12, 2.615620e-12
122.700000, -1.121927e-12, 1.446693e-12, 1.446705e-12, -3.231075e-12
122.800000, -6.926288e-12, -4.992293e-12, -4.992311e-12, 3.449690e-12
122.900000, -1.125195e-12, 1.855861e-12, 1.855824e-12, -2.397384e-12
123.000000, -6.753332e-12, -4.492907e-12, -4.492873e-12, 4.189147e-12
123.100000, -8.592639e-13, 2.338049e-12, 2.338050e-12, -1.673314e-12
123.200000, -6.326475e-12, -3.942274e-12, -3.942276e-12, 4.789491e-12
123.300000, -3.675599e-13, 2.852280e-12, 2.852275e-12, -1.113793e-12
123.400000, -5.703143e-12, -3.379356e-12, -3.379373e-12, 5.219301e-12
123.500000, 2.897603e-13, 3.360029e-12, 3.360038e-12, -7.174814e-13
123.600000, -4.940128e-12, -2.841142e-12, -2.841121e-12, 5.486287e-12
123.700000, 1.062330e-12, 3.826924e-12, 3.826908e-12, -4.941106e-13
123.800000, -4.099114e-12, -2.359780e-12, -2.359772e-12, 5.582609e-12
123.900000, 1.875875e-12, 4.222382e-12, 4.222367e-12, -4.426264e-13
124.000000, -3.239909e-12, -1.963686e-12, -1.963684e-12, 5.499861e-12
124.100000, 2.691059e-12, 4.522346e-12, 4.522336e-12, -5.689060e-13
124.200000, -2.411561e-12, -1.672305e-12, -1.672277e-12, 5.242431e-12
124.300000, 3.431315e-12, 4.710873e-12, 4.710879e-12, -8.523934e-13
124.400000, -1.694116e-12, -1.496734e-12, -1.496708e-12, 4.856185e-12
124.500000, 4.036859e-12, 4.782999e-12, 4.783031e-12, -1.256884e-12
124.600000, -1.131492e-12, -1.437461e-12, -1.437442e-12, 4.356070e-12
124.700000, 4.476202e-12, 4.740302e-12, 4.740312e-12, -1.746858e-12
124.800000, -7.423569e-13, -1.489753e-12, -1.489734e-12, 3.804968e-12
124.900000, 4.739319e-12, 4.592356e-12, 4.592372e-12, -2.267588e-12
125.000000, -5.296432e-13, -1.640694e-12, -1.640691e-12, 3.246257e-12
125.100000, 4.821086e-12, 4.355360e-12, 4.355393e-12, -2.780385e-12
125.200000, -5.033235e-13, -1.869769e-12, -1.869769e-12, 2.697208e-12
125.300000, 4.724227e-12, 4.050820e-12, 4.050798e-12, -3.264765e-12
125.400000, -6.406840e-13, -2.157911e-12, -2.157889e-12, 2.201502e-12
125.500000, 4.475953e-12, 3.698925e-12, 3.698926e-12, -3.680070e-12
125.600000, -9.159265e-13, -2.480140e-12, -2.480133e-12, 1.789532e-12
125.700000, 4.103851e-12, 3.326555e-12, 3.326560e-12, -4.010854e-12
125.800000, -1.302218e-12, -2.810097e-12, -2.810091e-12, 1.462784e-12
125.900000, 3.647378e-12, 2.958871e-12, 2.958897e-12, -4.247372e-12
126.000000, -1.745971e-12, -3.123348e-12, -3.123351e-12, 1.237716e-12
126.100000, 3.151582e-12, 2.620975e-12, 2.620974e-12, -4.374333e-12
126.200000, -2.216872e-12, -3.396928e-12, -3.396913e-12, 1.126894e-12
126.300000, 2.640001e-12, 2.332311e-12, 2.332299e-12, -4.387625e-12
126.400000, -2.683587e-12, -3.613165e-12, -3.613181e-12, 1.130486e-12
126.500000, 2.154983e-12, 2.107663e-12, 2.107651e-12, -4.291168e-12
126.600000, -3.103886e-12, -3.760813e-12, -3.760833e-12, 1.232477e-12
126.700000, 1.738211e-12, 1.955476e-12, 1.955475e-12, -4.112295e-12
126.800000, -3.442845e-12, -3.833856e-12, -3.833880e-12, 1.408814e-12
126.900000, 1.403734e-12, 1.879736e-12, 1.879763e-12, -3.859351e-12
127.000000, -3.702485e-12, -3.830667e-12, -3.830634e-12, 1.653834e-12
127.100000, 1.157641e-12, 1.879337e-12, 1.879360e-12, -3.553002e-12
127.200000, -3.858583e-12, -3.755019e-12, -3.755043e-12, 1.934930e-12
127.300000, 1.018036e-12, 1.947880e-12, 1.947863e-12, -3.227812e-12
127.400000, -3.906529e-12, -3.615412e-12, -3.615404e-12, 2.230634e-12
127.500000, 9.926911e-13, 2.074982e-12, 2.074998e-12, -2.891937e-12
127.600000, -3.848066e-12, -3.424649e-12, -3.424623e-12, 2.520940e-12
127.700000, 1.067834e-12, 2.246009e-12, 2.246000e-12, -2.572514e-12
127.800000, -3.695470e-12, -3.198027e-12, -3.198037e-12, 2.789351e-12
127.900000, 1.219595e-12, 2.444810e-12, 2.444793e-12, -2.282102e-12
128.000000, -3.479728e-12, -2.952751e-12, -2.952747e-12, 3.023447e-12
128.100000, 1.430565e-12, 2.653521e-12, 2.653529e-12, -2.039030e-12
128.200000, -3.205847e-12, -2.706555e-12, -2.706538e-12, 3.196639e-12
128.300000, 1.694206e-12, 2.855485e-12, 2.855482e-12, -1.862784e-12
128.400000, -2.893805e-12, -2.475666e-12, -2.475703e-12, 3.301990e-12
128.500000, 1.983647e-12, 3.034310e-12, 3.034315e-12, -1.753777e-12
128.600000, -2.565947e-12, -2.274280e-12, -2.274283e-12, 3.343001e-12
128.700000, 2.277287e-12, 3.179640e-12, 3.179634e-12, -1.710038e-12
128.800000, -2.248935e-12, -2.111240e-12, -2.111231e-12, 3.318682e-12
128.900000, 2.547914e-12, 3.282338e-12, 3.282342e-12, -1.725315e-12
129.000000, -1.961744e-12, -1.994643e-12, -1.994629e-12, 3.242557e-12
129.100000, 2.783639e-12, 3.336506e-12, 3.336487e-12, -1.791908e-12
129.200000, -1.716453e-12, -1.928195e-12, -1.928200e-12, 3.114395e-12
129.300000, 2.970142e-12, 3.340618e-12, 3.340621e-12, -1.905235e-12
129.400000, -1.528928e-12, -1.911636e-12, -1.911617e-12, 2.946328e-12
129.500000, 3.092052e-12, 3.296556e-12, 3.296552e-12, -2.058223e-12
129.600000, -1.407803e-12, -1.940883e-12, -1.940867e-12, 2.740881e-12
129.700000, 3.146956e-12, 3.209907e-12, 3.209912e-12, -2.240377e-12
129.800000, -1.360421e-12, -2.009790e-12, -2.009751e-12, 2.519592e-12
129.900000, 3.126051e-12, 3.087818e-12, 3.087825e-12, -2.427387e-12
130.000000, -1.381931e-12, -2.109746e-12, -2.109715e-12, 2.301105e-12
130.100000, 3.044606e-12, 2.940192e-12, 2.940178e-12, -2.604619e-12
130.200000, -1.459284e-12, -2.230341e-12, -2.230344e-12, 2.100229e-12
130.300000, 2.909616e-12, 2.777342e-12, 2.777330e-12, -2.759361e-12
130.400000, -1.584672e-12, -2.361306e-12, -2.361284e-12, 1.926154e-12
130.500000, 2.738517e-12, 2.609609e-12, 2.609630e-12, -2.882674e-12
130.600000, -1.738159e-12, -2.491656e-12, -2.491659e-12, 1.786783e-12
130.700000, 2.542807e-12, 2.448146e-12, 2.448142e-12, -2.969105e-12
130.800000, -1.912960e-12, -2.611686e-12, -2.611677e-12, 1.687681e-12
130.900000, 2.332053e-12, 2.301513e-12, 2.301515e-12, -3.013149e-12
131.000000, -2.092927e-12, -2.712914e-12, -2.712910e-12, 1.632749e-12
131.100000, 2.128875e-12, 2.177681e-12, 2.177669e-12, -3.013223e-12
131.200000, -2.257778e-12, -2.788377e-12, -2.788404e-12, 1.620745e-12
131.300000, 1.943486e-12, 2.082673e-12, 2.082675e-12, -2.973489e-12
131.400000, -2.403468e-12, -2.833180e-12, -2.833213e-12, 1.647030e-12
131.500000, 1.780577e-12, 2.019956e-12, 2.019950e-12, -2.895782e-12
131.600000, -2.519090e-12, -2.845105e-12, -2.845146e-12, 1.708490e-12
131.700000, 1.654479e-12, 1.990471e-12, 1.990471e-12, -2.787533e-12
131.800000, -2.595916e-12, -2.824601e-12, -2.824584e-12, 1.799915e-12
131.900000, 1.569537e-12, 1.992891e-12, 1.992891e-12, -2.650733e-12
132.000000, -2.629305e-12, -2.774062e-12, -2.774056e-12, 1.913684e-12
132.100000, 1.529709e-12, 2.023046e-12, 2.023036e-12, -2.501402e-12
132.200000, -2.621733e-12, -2.698774e-12, -2.698780e-12, 2.030253e-12
132.300000, 1.528819e-12, 2.075557e-12, 2.075534e-12, -2.353464e-12
132.400000, -2.572689e-12, -2.604094e-12, -2.604101e-12, 2.146980e-12
132.500000, 1.568165e-12, 2.144587e-12, 2.144599e-12, -2.209951e-12
132.600000, -2.488486e-12, -2.496828e-12, -2.496814e-12, 2.252239e-12
132.700000, 1.638053e-12, 2.222683e-12, 2.222667e-12, -2.080850e-12
132.800000, -2.379208e-12, -2.384329e-12, -2.384367e-12, 2.340905e-12
132.900000, 1.729475e-12, 2.302797e-12, 2.302818e-12, -1.973703e-12
133.000000, -2.250240e-12, -2.273518e-12, -2.273524e-12, 2.405421e-12
133.100000, 1.836263e-12, 2.378101e-12, 2.378116e-12, -1.891126e-12
133.200000, -2.112670e-12, -2.170862e-12, -2.170865e-12, 2.442913e-12
133.300000, 1.947738e-12, 2.442695e-12, 2.442672e-12, -1.838453e-12
133.400000, -1.974673e-12, -2.081806e-12, -2.081796e-12, 2.450344e-12
133.500000, 2.054001e-12, 2.491331e-12, 2.491329e-12, -1.814892e-12
133.600000, -1.846928e-12, -2.011022e-12, -2.011025e-12, 2.431647e-12
133.700000, 2.147767e-12, 2.520753e-12, 2.520759e-12, -1.816099e-12
133.800000, -1.734445e-12, -1.960392e-12, -1.960391e-12, 2.387695e-12
133.900000, 2.223534e-12, 2.529651e-12, 2.529655e-12, -1.842469e-12
134.000000, -1.642863e-12, -1.930959e-12, -1.930948e-12, 2.321537e-12
134.100000, 2.274703e-12, 2.517414e-12, 2.517435e-12, -1.887947e-12
134.200000, -1.578840e-12, -1.922615e-12, -1.922627e-12, 2.238481e-12
134.300000, 2.299726e-12, 2.485085e-12, 2.485086e-12, -1.949079e-12
134.400000, -1.540761e-12, -1.933402e-12, -1.933397e-12, 2.143116e-12
134.500000, 2.297391e-12, 2.435308e-12, 2.435300e-12, -2.018249e-12
134.600000, -1.529126e-12, -1.960276e-12, -1.960273e-12, 2.043941e-12
134.700000, 2.270348e-12, 2.371621e-12, 2.371608e-12, -2.087779e-12
134.800000, -1.541735e-12, -1.999033e-12, -1.999039e-12, 1.948947e-12
134.900000, 2.220678e-12, 2.298642e-12, 2.298645e-12, -2.149771e-12
135.000000, -1.575738e-12, -2.044951e-12, -2.044946e-12, 1.863926e-12
135.100000, 2.152399e-12, 2.221040e-12, 2.221050e-12, -2.200330e-12
135.200000, -1.625167e-12, -2.093419e-12, -2.093425e-12, 1.791639e-12
135.300000, 2.070448e-12, 2.143336e-12, 2.143308e-12, -2.237650e-12
135.400000, -1.687413e-12, -2.140068e-12, -2.140071e-12, 1.734672e-12
135.500000, 1.978484e-12, 2.069733e-12, 2.069722e-12, -2.259064e-12
135.600000, -1.757064e-12, -2.180811e-12, -2.180828e-12, 1.693345e-12
135.700000, 1.882134e-12, 2.004085e-12, 2.004084e-12, -2.263335e-12
135.800000, -1.827443e-12, -2.212201e-12, -2.212230e-12, 1.671184e-12
135.900000, 1.789293e-12, 1.949374e-12, 1.949362e-12, -2.248755e-12
136.000000, -1.890816e-12, -2.231853e-12, -2.231867e-12, 1.667105e-12
136.100000, 1.706506e-12, 1.907446e-12, 1.907436e-12, -2.217081e-12
136.200000, -1.942130e-12, -2.238217e-12, -2.238242e-12, 1.680014e-12
136.300000, 1.637736e-12, 1.879334e-12, 1.879343e-12, -2.169252e-12
136.400000, -1.978403e-12, -2.231043e-12, -2.231046e-12, 1.707104e-12
136.500000, 1.584828e-12, 1.864858e-12, 1.864845e-12, -2.110054e-12
136.600000, -1.999107e-12, -2.210868e-12, -2.210873e-12, 1.744002e-12
136.700000, 1.548051e-12, 1.862827e-12, 1.862810e-12, -2.043521e-12
136.800000, -2.002508e-12, -2.179163e-12, -2.179176e-12, 1.785662e-12
136.900000, 1.529340e-12, 1.871670e-12, 1.871643e-12, -1.973850e-12
137.000000, -1.988344e-12, -2.137947e-12, -2.137959e-12, 1.829387e-12
137.100000, 1.527196e-12, 1.889078e-12, 1.889062e-12, -1.904991e-12
137.200000, -1.959050e-12, -2.089541e-12, -2.089545e-12, 1.870330e-12
137.300000, 1.539652e-12, 1.912515e-12, 1.912494e-12, -1.840519e-12
137.400000, -1.916205e-12, -2.036774e-12, -2.036805e-12, 1.905177e-12
137.500000, 1.564694e-12, 1.938974e-12, 1.938980e-12, -1.784240e-12
137.600000, -1.862731e-12, -1.982710e-12, -1.982739e-12, 1.931046e-12
137.700000, 1.598983e-12, 1.965399e-12, 1.965399e-12, -1.737713e-12
137.800000, -1.802051e-12, -1.930425e-12, -1.930434e-12, 1.946645e-12
137.900000, 1.638197e-12, 1.988838e-12, 1.988853e-12, -1.702054e-12
138.000000, -1.738285e-12, -1.882506e-12, -1.882512e-12, 1.951172e-12
138.100000, 1.678501e-12, 2.007071e-12, 2.007042e-12, -1.677748e-12
138.200000, -1.675761e-12, -1.841014e-12, -1.841017e-12, 1.944180e-12
138.300000, 1.716674e-12, 2.018220e-12, 2.018209e-12, -1.665816e-12
138.400000, -1.616736e-12, -1.807392e-12, -1.807387e-12, 1.925521e-12
138.500000, 1.749694e-12, 2.021180e-12, 2.021162e-12, -1.664662e-12
138.600000, -1.564720e-12, -1.782493e-12, -1.782476e-12, 1.897253e-12
138.700000, 1.774583e-12, 2.015470e-12, 2.015480e-12, -1.672383e-12
138.800000, -1.522009e-12, -1.766411e-12, -1.766404e-12, 1.860662e-12
138.900000, 1.789511e-12, 2.001279e-12, 2.001290e-12, -1.687800e-12
139.000000, -1.490224e-12, -1.758758e-12, -1.758760e-12, 1.818094e-12
139.100000, 1.792804e-12, 1.979228e-12, 1.979236e-12, -1.708018e-12
139.200000, -1.470630e-12, -1.758634e-12, -1.758617e-12, 1.772167e-12
139.300000, 1.784382e-12, 1.950473e-12, 1.950484e-12, -1.730608e-12
139.400000, -1.462383e-12, -1.764629e-12, -1.764657e-12, 1.725272e-12
139.500000, 1.765312e-12, 1.916617e-12, 1.916590e-12, -1.752892e-12
139.600000, -1.464692e-12, -1.775061e-12, -1.775056e-12, 1.680049e-12
139.700000, 1.735881e-12, 1.879436e-12, 1.879411e-12, -1.772394e-12
139.800000, -1.476465e-12, -1.787959e-12, -1.787955e-12, 1.639217e-12
139.900000, 1.698615e-12, 1.840916e-12, 1.840913e-12, -1.786609e-12
140.000000, -1.495213e-12, -1.801507e-12, -1.801515e-12, 1.604627e-12
140.100000, 1.655910e-12, 1.802842e-12, 1.802831e-12, -1.794247e-12
140.200000, -1.518031e-12, -1.813893e-12, -1.813889e-12, 1.577025e-12
140.300000, 1.610470e-12, 1.766927e-12, 1.766917e-12, -1.794695e-12
140.400000, -1.542457e-12, -1.823620e-12, -1.823592e-12, 1.556868e-12
140.500000, 1.564826e-12, 1.734574e-12, 1.734574e-12, -1.788078e-12
140.600000, -1.566088e-12, -1.829205e-12, -1.829205e-12, 1.544071e-12
140.700000, 1.521466e-12, 1.707051e-12, 1.707032e-12, -1.773952e-12
140.800000, -1.586745e-12, -1.829742e-12, -1.829762e-12, 1.539009e-12
140.900000, 1.481951e-12, 1.685039e-12, 1.684997e-12, -1.752821e-12
141.000000, -1.602604e-12, -1.824706e-12, -1.824686e-12, 1.540404e-12
141.100000, 1.448123e-12, 1.668873e-12, 1.668861e-12, -1.725836e-12
141.200000, -1.612103e-12, -1.814068e-12, -1.814079e-12, 1.547356e-12
141.300000, 1.421528e-12, 1.658396e-12, 1.658376e-12, -1.694203e-12
141.400000, -1.614253e-12, -1.798063e-12, -1.798061e-12, 1.557989e-12
141.500000, 1.402470e-12, 1.653138e-12, 1.653129e-12, -1.660171e-12
141.600000, -1.608959e-12, -1.777416e-12, -1.777393e-12, 1.570330e-12
141.700000, 1.390821e-12, 1.652241e-12, 1.652214e-12, -1.625316e-12
141.800000, -1.596788e-12, -1.753072e-12, -1.753078e-12, 1.582959e-12
141.900000, 1.386305e-12, 1.654626e-12, 1.654616e-12, -1.590814e-12
142.000000, -1.577404e-12, -1.726167e-12, -1.726178e-12, 1.594886e-12
142.100000, 1.388831e-12, 1.659193e-12, 1.659165e-12, -1.558249e-12
142.200000, -1.551975e-12, -1.697905e-12, -1.697911e-12, 1.603645e-12
142.300000, 1.396518e-12, 1.664618e-12, 1.664624e-12, -1.529882e-12
142.400000, -1.522270e-12, -1.669482e-12, -1.669490e-12, 1.608067e-12
142.500000, 1.407963e-12, 1.669750e-12, 1.669745e-12, -1.506238e-12
142.600000, -1.489738e-12, -1.642149e-12, -1.642132e-12, 1.607607e-12
142.700000, 1.421431e-12, 1.673484e-12, 1.673471e-12, -1.487774e-12
142.800000, -1.456323e-12, -1.616851e-12, -1.616848e-12, 1.602000e-12
142.900000, 1.435007e-12, 1.674803e-12, 1.674810e-12, -1.474953e-12
143.000000, -1.423691e-12, -1.594519e-12, -1.594497e-12, 1.590692e-12
143.100000, 1.447301e-12, 1.673067e-12, 1.673053e-12, -1.467740e-12
143.200000, -1.393153e-12, -1.575614e-12, -1.575615e-12, 1.574468e-12
143.300000, 1.456889e-12, 1.667829e-12, 1.667856e-12, -1.464977e-12
143.400000, -1.366068e-12, -1.560450e-12, -1.560466e-12, 1.554539e-12
143.500000, 1.462642e-12, 1.658973e-12, 1.658984e-12, -1.465634e-12
143.600000, -1.343338e-12, -1.549123e-12, -1.549101e-12, 1.531519e-12
143.700000, 1.463828e-12, 1.646531e-12, 1.646545e-12, -1.469186e-12
143.800000, -1.325608e-12, -1.541364e-12, -1.541351e-12, 1.506365e-12
143.900000, 1.460078e-12, 1.630849e-12, 1.630865e-12, -1.474216e-12
144.000000, -1.312939e-12, -1.536693e-12, -1.536673e-12, 1.480666e-12
144.100000, 1.451384e-12, 1.612516e-12, 1.612521e-12, -1.479399e-12
144.200000, -1.305302e-12, -1.534516e-12, -1.534523e-12, 1.455460e-12
144.300000, 1.437833e-12, 1.592251e-12, 1.592260e-12, -1.483782e-12
144.400000, -1.302424e-12, -1.534048e-12, -1.534052e-12, 1.431374e-12
144.500000, 1.419967e-12, 1.570796e-12, 1.570803e-12, -1.486767e-12
144.600000, -1.303517e-12, -1.534428e-12, -1.534406e-12, 1.409619e-12
144.700000, 1.398895e-12, 1.549104e-12, 1.549096e-12, -1.487034e-12
144.800000, -1.307430e-12, -1.534850e-12, -1.534848e-12, 1.390877e-12
144.900000, 1.375527e-12, 1.527871e-12, 1.527889e-12, -1.484125e-12
145.000000, -1.313321e-12, -1.534559e-12, -1.534553e-12, 1.375757e-12
145.100000, 1.350847e-12, 1.507815e-12, 1.507789e-12, -1.477694e-12
145.200000, -1.320082e-12, -1.532958e-12, -1.532952e-12, 1.364360e-12
145.300000, 1.325956e-12, 1.489492e-12, 1.489479e-12, -1.467681e-12
145.400000, -1.326655e-12, -1.529513e-12, -1.529522e-12, 1.356573e-12
145.500000, 1.301914e-12, 1.473348e-12, 1.473336e-12, -1.454352e-12
145.600000, -1.331933e-12, -1.523899e-12, -1.523907e-12, 1.351915e-12
145.700000, 1.279801e-12, 1.459561e-12, 1.459567e-12, -1.438220e-12
145.800000, -1.334905e-12, -1.515950e-12, -1.515961e-12, 1.350058e-12
145.900000, 1.260510e-12, 1.448286e-12, 1.448288e-12, -1.419764e-12
146.000000, -1.334920e-12, -1.505702e-12, -1.505718e-12, 1.350216e-12
146.100000, 1.244511e-12, 1.439434e-12, 1.439431e-12, -1.399767e-12
146.200000, -1.331583e-12, -1.493286e-12, -1.493305e-12, 1.351630e-12
146.300000, 1.232101e-12, 1.432672e-12, 1.432664e-12, -1.379160e-12
146.400000, -1.324745e-12, -1.479062e-12, -1.479072e-12, 1.353392e-12
146.500000, 1.223241e-12, 1.427676e-12, 1.427692e-12, -1.358689e-12
146.600000, -1.314553e-12, -1.463425e-12, -1.463420e-12, 1.354682e-12
146.700000, 1.217661e-12, 1.423997e-12, 1.423995e-12, -1.339301e-12
146.800000, -1.301338e-12, -1.446931e-12, -1.446934e-12, 1.354679e-12
146.900000, 1.215115e-12, 1.421032e-12, 1.421030e-12, -1.321575e-12
147.000000, -1.285531e-12, -1.429975e-12, -1.430011e-12, 1.353036e-12
147.100000, 1.214861e-12, 1.418348e-12, 1.418343e-12, -1.305780e-12
147.200000, -1.267863e-12, -1.413253e-12, -1.413257e-12, 1.349190e-12
147.300000, 1.216298e-12, 1.415416e-12, 1.415443e-12, -1.292460e-12
147.400000, -1.249030e-12, -1.397093e-12, -1.397081e-12, 1.342963e-12
147.500000, 1.218477e-12, 1.411796e-12, 1.411804e-12, -1.281768e-12
147.600000, -1.229942e-12, -1.381942e-12, -1.381955e-12, 1.334256e-12
147.700000, 1.220787e-12, 1.407094e-12, 1.407108e-12, -1.273639e-12
147.800000, -1.211173e-12, -1.368180e-12, -1.368160e-12, 1.323151e-12
147.900000, 1.222506e-12, 1.401057e-12, 1.401067e-12, -1.267767e-12
148.000000, -1.193437e-12, -1.355926e-12, -1.355924e-12, 1.310096e-12
148.100000, 1.222994e-12, 1.393529e-12, 1.393549e-12, -1.263826e-12
148.200000, -1.177329e-12, -1.345339e-12, -1.345336e-12, 1.295529e-12
148.300000, 1.221719e-12, 1.384486e-12, 1.384505e-12, -1.261237e-12
148.400000, -1.163187e-12, -1.336344e-12, -1.336337e-12, 1.279947e-12
148.500000, 1.218436e-12, 1.374050e-12, 1.374058e-12, -1.259516e-12
148.600000, -1.151387e-12, -1.328791e-12, -1.328788e-12, 1.263943e-12
148.700000, 1.212857e-12, 1.362348e-12, 1.362349e-12, -1.258040e-12
148.800000, -1.142001e-12, -1.322490e-12, -1.322510e-12, 1.248026e-12
148.900000, 1.204937e-12, 1.349647e-12, 1.349669e-12, -1.256408e-12
149.000000, -1.134976e-12, -1.317182e-12, -1.317183e-12, 1.232661e-12
149.100000, 1.194877e-12, 1.336291e-12, 1.336283e-12, -1.254018e-12
149.200000, -1.130073e-12, -1.312447e-12, -1.312462e-12, 1.218331e-12
149.300000, 1.182910e-12, 1.322599e-12, 1.322630e-12, -1.250567e-12
149.400000, -1.127046e-12, -1.308028e-12, -1.308028e-12, 1.205344e-12
149.500000, 1.169447e-12, 1.308921e-12, 1.308939e-12, -1.245783e-12
149.600000, -1.125298e-12, -1.303538e-12, -1.303528e-12, 1.193970e-12
149.700000, 1.154984e-12, 1.295586e-12, 1.295567e-12, -1.239334e-12
149.800000, -1.124443e-12, -1.298672e-12, -1.298677e-12, 1.184379e-12
149.900000, 1.140044e-12, 1.282836e-12, 1.282843e-12, -1.231225e-12
150.000000, -1.123928e-12, -1.293222e-12, -1.293212e-12, 1.176582e-12
150.100000, 1.125081e-12, 1.270930e-12, 1.270940e-12, -1.221502e-12
150.200000, -1.123251e-12, -1.286955e-12, -1.286953e-12, 1.170362e-12
150.300000, 1.110570e-12, 1.259989e-12, 1.259969e-12, -1.210407e-12
150.400000, -1.122021e-12, -1.279793e-12, -1.279816e-12, 1.165483e-12
150.500000, 1.096990e-12, 1.250082e-12, 1.250060e-12, -1.198242e-12
150.600000, -1.119729e-12, -1.271706e-12, -1.271730e-12, 1.161714e-12
150.700000, 1.084708e-12, 1.241233e-12, 1.241227e-12, -1.185259e-12
150.800000, -1.116163e-12, -1.262682e-12, -1.262690e-12, 1.158579e-12
150.900000, 1.073906e-12, 1.233377e-12, 1.233388e-12, -1.171894e-12
151.000000, -1.111095e-12, -1.252836e-12, -1.252835e-12, 1.155723e-12
151.100000, 1.064727e-12, 1.226439e-12, 1.226431e-12, -1.158534e-12
151.200000, -1.104498e-12, -1.242242e-12, -1.242263e-12, 1.152834e-12
151.300000, 1.057199e-12, 1.220158e-12, 1.220154e-12, -1.145582e-12
151.400000, -1.096376e-12, -1.231210e-12, -1.231202e-12, 1.149485e-12
151.500000, 1.051183e-12, 1.214401e-12, 1.214387e-12, -1.133334e-12
151.600000, -1.086889e-12, -1.219920e-12, -1.219890e-12, 1.145346e-12
151.700000, 1.046572e-12, 1.208897e-12, 1.208900e-12, -1.122009e-12
151.800000, -1.076274e-12, -1.208498e-12, -1.208497e-12, 1.140345e-12
151.900000, 1.042978e-12, 1.203447e-12, 1.203437e-12, -1.111832e-12
152.000000, -1.064818e-12, -1.197301e-12, -1.197299e-12, 1.134207e-12
152.100000, 1.040188e-12, 1.197851e-12, 1.197861e-12, -1.102829e-12
152.200000, -1.052851e-12, -1.186416e-12, -1.186413e-12, 1.126967e-12
152.300000, 1.037844e-12, 1.191950e-12, 1.191964e-12, -1.095082e-12
152.400000, -1.040761e-12, -1.176008e-12, -1.176033e-12, 1.118685e-12
152.500000, 1.035521e-12, 1.185614e-12, 1.185617e-12, -1.088391e-12
152.600000, -1.028808e-12, -1.166223e-12, -1.166220e-12, 1.109441e-12
152.700000, 1.032930e-12, 1.178706e-12, 1.178700e-12, -1.082681e-12
152.800000, -1.017418e-12, -1.157172e-12, -1.157147e-12, 1.099401e-12
152.900000, 1.029794e-12, 1.171166e-12, 1.171191e-12, -1.077766e-12
153.000000, -1.006821e-12, -1.148810e-12, -1.148819e-12, 1.088752e-12
153.100000, 1.025795e-12, 1.163015e-12, 1.163028e-12, -1.073425e-12
153.200000, -9.971847e-13, -1.141108e-12, -1.141116e-12, 1.077826e-12
153.300000, 1.020883e-12, 1.154368e-12, 1.154370e-12, -1.069313e-12
153.400000, -9.886161e-13, -1.134035e-12, -1.134014e-12, 1.066891e-12
153.500000, 1.014977e-12, 1.145228e-12, 1.145231e-12, -1.065225e-12
153.600000, -9.811780e-13, -1.127446e-12, -1.127439e-12, 1.056149e-12
153.700000, 1.008014e-12, 1.135754e-12, 1.135772e-12, -1.060884e-12
153.800000, -9.747917e-13, -1.121234e-12, -1.121247e-12, 1.045799e-12
153.900000, 1.000133e-12, 1.126092e-12, 1.126090e-12, -1.056108e-12
154.000000, -9.693895e-13, -1.115257e-12, -1.115266e-12, 1.036102e-12
154.100000, 9.914208e-13, 1.116330e-12, 1.116318e-12, -1.050771e-12
154.200000, -9.648196e-13, -1.109376e-12, -1.109386e-12, 1.027170e-12
154.300000, 9.821483e-13, 1.106675e-12, 1.106678e-12, -1.044652e-12
154.400000, -9.607793e-13, -1.103429e-12, -1.103437e-12, 1.019042e-12
154.500000, 9.723729e-13, 1.097198e-12, 1.097187e-12, -1.037874e-12
154.600000, -9.572031e-13, -1.097369e-12, -1.097391e-12, 1.011743e-12
154.700000, 9.624040e-13, 1.087999e-12, 1.088002e-12, -1.030361e-12
154.800000, -9.537781e-13, -1.091047e-12, -1.091040e-12, 1.005224e-12
154.900000, 9.524985e-13, 1.079182e-12, 1.079186e-12, -1.022216e-12
155.000000, -9.502790e-13, -1.084436e-12, -1.084431e-12, 9.993377e-13
155.100000, 9.428549e-13, 1.070831e-12, 1.070832e-12, -1.013484e-12
155.200000, -9.464917e-13, -1.077435e-12, -1.077427e-12, 9.940616e-13
155.300000, 9.336679e-13, 1.062927e-12, 1.062936e-12, -1.004390e-12
155.400000, -9.423199e-13, -1.070110e-12, -1.070092e-12, 9.891233e-13
155.500000, 9.249924e-13, 1.055420e-12, 1.055435e-12, -9.951163e-13
155.600000, -9.374979e-13, -1.062402e-12, -1.062368e-12, 9.844639e-13
155.700000, 9.170870e-13, 1.048427e-12, 1.048435e-12, -9.857026e-13
155.800000, -9.320521e-13, -1.054314e-12, -1.054331e-12, 9.798582e-13
155.900000, 9.099201e-13, 1.041771e-12, 1.041773e-12, -9.764392e-13
156.000000, -9.259209e-13, -1.046040e-12, -1.046040e-12, 9.751850e-13
156.100000, 9.035594e-13, 1.035459e-12, 1.035472e-12, -9.673600e-13
156.200000, -9.191068e-13, -1.037558e-12, -1.037560e-12, 9.703132e-13
156.300000, 8.978255e-13, 1.029337e-12, 1.029338e-12, -9.586889e-13
156.400000, -9.117566e-13, -1.029020e-12, -1.029042e-12, 9.649826e-13
156.500000, 8.926913e-13, 1.023276e-12, 1.023288e-12, -9.505829e-13
156.600000, -9.039417e-13, -1.020524e-12, -1.020524e-12, 9.593039e-13
156.700000, 8.880413e-13, 1.017291e-12, 1.017290e-12, -9.429383e-13
156.800000, -8.957949e-13, -1.012146e-12, -1.012131e-12, 9.530660e-13
156.900000, 8.836957e-13, 1.011216e-12, 1.011205e-12, -9.358902e-13
157.000000, -8.874846e-13, -1.003942e-12, -1.003951e-12, 9.463827e-13
157.100000, 8.795383e-13, 1.004974e-12, 1.004978e-12, -9.294133e-13
157.200000, -8.791666e-13, -9.959949e-13, -9.960161e-13, 9.392663e-13
157.300000, 8.753859e-13, 9.985349e-13, 9.985535e-13, -9.234279e-13
157.400000, -8.709556e-13, -9.883623e-13, -9.883605e-13, 9.317106e-13
157.500000, 8.711063e-13, 9.919484e-13, 9.919478e-13, -9.178515e-13
157.600000, -8.629933e-13, -9.810228e-13, -9.810166e-13, 9.239231e-13
157.700000, 8.666323e-13, 9.850735e-13, 9.850791e-13, -9.125888e-13
157.800000, -8.554489e-13, -9.740138e-13, -9.740283e-13, 9.158982e-13
157.900000, 8.617540e-13, 9.779646e-13, 9.779949e-13, -9.075711e-13
158.000000, -8.482864e-13, -9.673045e-13, -9.672778e-13, 9.078319e-13
158.100000, 8.565308e-13, 9.707029e-13, 9.707027e-13, -9.026291e-13
158.200000, -8.416119e-13, -9.608133e-13, -9.608209e-13, 8.997693e-13
158.300000, 8.508884e-13, 9.632646e-13, 9.632522e-13, -8.976492e-13
158.400000, -8.354110e-13, -9.545195e-13, -9.545233e-13, 8.919521e-13
158.500000, 8.448602e-13, 9.557406e-13, 9.557372e-13, -8.925379e-13
158.600000, -8.296873e-13, -9.484281e-13, -9.484320e-13, 8.842965e-13
158.700000, 8.384147e-13, 9.481630e-13, 9.481640e-13, -8.872433e-13
158.800000, -8.243859e-13, -9.424149e-13, -9.424339e-13, 8.769418e-13
158.900000, 8.316726e-13, 9.405664e-13, 9.405825e-13, -8.817175e-13
159.000000, -8.194579e-13, -9.364750e-13, -9.364759e-13, 8.699636e-13
159.100000, 8.246959e-13, 9.330619e-13, 9.330716e-13, -8.758600e-13
159.200000, -8.147554e-13, -9.304986e-13, -9.305228e-13, 8.633575e-13
159.300000, 8.175570e-13, 9.256669e-13, 9.256303e-13, -8.697375e-13
159.400000, -8.102234e-13, -9.244738e-13, -9.244620e-13, 8.571381e-13
159.500000, 8.103858e-13, 9.183934e-13, 9.184156e-13, -8.633151e-13
159.600000, -8.057772e-13, -9.183657e-13, -9.183466e-13, 8.512278e-13
159.700000, 8.032186e-13, 9.112861e-13, 9.113126e-13, -8.566680e-13
159.800000, -8.012900e-13, -9.121547e-13, -9.121150e-13, 8.456118e-13
159.900000, 7.962066e-13, 9.044394e-13, 9.044292e-13, -8.498043e-13
160.000000, -7.967206e-13, -9.057973e-13, -9.057988e-13, 8.402441e-13
160.100000, 7.894528e-13, 8.977786e-13, 8.977794e-13, -8.427834e-13
160.200000, -7.919810e-13, -8.993245e-13, -8.993206e-13, 8.350451e-13
160.300000, 7.829236e-13, 8.913437e-13, 8.913513e-13, -8.357203e-13
160.400000, -7.869383e-13, -8.926320e-13, -8.926441e-13, 8.299800e-13
160.500000, 7.767391e-13, 8.850879e-13, 8.850845e-13, -8.286363e-13
160.600000, -7.816670e-13, -8.859206e-13, -8.859175e-13, 8.249364e-13
160.700000, 7.708597e-13, 8.790037e-13, 8.789915e-13, -8.216452e-13
160.800000, -7.760778e-13, -8.790542e-13, -8.790585e-13, 8.198982e-13
160.900000, 7.653494e-13, 8.730886e-13, 8.731021e-13, -8.147353e-13
161.000000, -7.703323e-13, -8.721886e-13, -8.721893e-13, 8.147207e-13
161.100000, 7.601198e-13, 8.672446e-13, 8.672485e-13, -8.080555e-13
161.200000, -7.643354e-13, -8.653289e-13, -8.653363e-13, 8.094047e-13
161.300000, 7.550837e-13, 8.614289e-13, 8.614271e-13, -8.016101e-13
161.400000, -7.582271e-13, -8.585563e-13, -8.585584e-13, 8.038873e-13
161.500000, 7.502822e-13, 8.556321e-13, 8.556404e-13, -7.954192e-13
161.600000, -7.519384e-13, -8.517760e-13, -8.517634e-13, 7.982457e-13
161.700000, 7.456076e-13, 8.498422e-13, 8.498337e-13, -7.894361e-13
161.800000, -7.456458e-13, -8.451490e-13, -8.451263e-13, 7.923853e-13
161.900000, 7.410166e-13, 8.439572e-13, 8.439697e-13, -7.837392e-13
162.000000, -7.393723e-13, -8.386307e-13, -8.386316e-13, 7.863612e-13
162.100000, 7.364152e-13, 8.380408e-13, 8.380437e-13, -7.782541e-13
162.200000, -7.331986e-13, -8.322675e-13, -8.322719e-13, 7.801852e-13
162.300000, 7.317738e-13, 8.320594e-13, 8.320383e-13, -7.729559e-13
162.400000, -7.271135e-13, -8.260424e-13, -8.260313e-13, 7.739488e-13
162.500000, 7.270729e-13, 8.259612e-13, 8.259780e-13, -7.677860e-13
162.600000, -7.211890e-13, -8.199545e-13, -8.199603e-13, 7.676242e-13
162.700000, 7.222081e-13, 8.198273e-13, 8.198336e-13, -7.627225e-13
162.800000, -7.154912e-13, -8.139991e-13, -8.140132e-13, 7.613135e-13
162.900000, 7.172185e-13, 8.136292e-13, 8.136162e-13, -7.577111e-13
163.000000, -7.099860e-13, -8.081824e-13, -8.081712e-13, 7.550444e-13
163.100000, 7.120824e-13, 8.073999e-13, 8.073828e-13, -7.526606e-13
163.200000, -7.046820e-13, -8.024602e-13, -8.024460e-13, 7.488542e-13
163.300000, 7.068085e-13, 8.011015e-13, 8.011329e-13, -7.475997e-13
163.400000, -6.995821e-13, -7.967941e-13, -7.967845e-13, 7.427682e-13
163.500000, 7.013796e-13, 7.948445e-13, 7.948257e-13, -7.425165e-13
163.600000, -6.946767e-13, -7.912122e-13, -7.912047e-13, 7.368270e-13
163.700000, 6.958670e-13, 7.886058e-13, 7.886114e-13, -7.372714e-13
163.800000, -6.898820e-13, -7.856260e-13, -7.856100e-13, 7.310677e-13
163.900000, 6.903045e-13, 7.824237e-13, 7.824355e-13, -7.319412e-13
164.000000, -6.852151e-13, -7.800484e-13, -7.800486e-13, 7.254468e-13
164.100000, 6.846608e-13, 7.762852e-13, 7.762906e-13, -7.265454e-13
164.200000, -6.806094e-13, -7.744506e-13, -7.744673e-13, 7.200417e-13
164.300000, 6.790426e-13, 7.702360e-13, 7.702500e-13, -7.210100e-13
164.400000, -6.760441e-13, -7.688462e-13, -7.688447e-13, 7.147387e-13
164.500000, 6.734685e-13, 7.643050e-13, 7.643013e-13, -7.153753e-13
164.600000, -6.714898e-13, -7.632251e-13, -7.632316e-13, 7.095750e-13
164.700000, 6.679123e-13, 7.584509e-13, 7.584506e-13, -7.097274e-13
164.800000, -6.668718e-13, -7.575609e-13, -7.575668e-13, 7.045277e-13
164.900000, 6.625368e-13, 7.526978e-13, 7.527142e-13, -7.040016e-13
165.000000, -6.622485e-13, -7.518548e-13, -7.518554e-13, 6.995322e-13
165.100000, 6.572314e-13, 7.470368e-13, 7.470306e-13, -6.983371e-13
165.200000, -6.574851e-13, -7.461036e-13, -7.461178e-13, 6.946205e-13
165.300000, 6.521058e-13, 7.414757e-13, 7.414926e-13, -6.926093e-13
165.400000, -6.526459e-13, -7.403394e-13, -7.403463e-13, 6.897625e-13
165.500000, 6.470916e-13, 7.360002e-13, 7.360213e-13, -6.869498e-13
165.600000, -6.477405e-13, -7.345496e-13, -7.345331e-13, 6.848611e-13
165.700000, 6.422646e-13, 7.306416e-13, 7.306472e-13, -6.813333e-13
165.800000, -6.426993e-13, -7.287321e-13, -7.287272e-13, 6.799939e-13
165.900000, 6.375275e-13, 7.252640e-13, 7.252733e-13, -6.758476e-13
166.000000, -6.376342e-13, -7.229448e-13, -7.229466e-13, 6.750624e-13
166.100000, 6.328976e-13, 7.199430e-13, 7.199541e-13, -6.704510e-13
166.200000, -6.325443e-13, -7.172400e-13, -7.172196e-13, 6.700266e-13
166.300000, 6.283448e-13, 7.146246e-13, 7.146220e-13, -6.651788e-13
166.400000, -6.274087e-13, -7.115675e-13, -7.115464e-13, 6.649646e-13
166.500000, 6.238369e-13, 7.092977e-13, 7.093055e-13, -6.600331e-13
166.600000, -6.222929e-13, -7.059184e-13, -7.059214e-13, 6.598705e-13
166.700000, 6.193803e-13, 7.040218e-13, 7.040346e-13, -6.549527e-13
166.800000, -6.172030e-13, -7.003652e-13, -7.003518e-13, 6.546874e-13
166.900000, 6.149420e-13, 6.986686e-13, 6.986838e-13, -6.500225e-13
167.000000, -6.121516e-13, -6.948769e-13, -6.948773e-13, 6.494830e-13
167.100000, 6.104783e-13, 6.933130e-13, 6.933285e-13, -6.451668e-13
167.200000, -6.071628e-13, -6.894805e-13, -6.894715e-13, 6.442451e-13
167.300000, 6.060028e-13, 6.880037e-13, 6.880126e-13, -6.403267e-13
167.400000, -6.022695e-13, -6.841246e-13, -6.841016e-13, 6.390330e-13
167.500000, 6.015073e-13, 6.826101e-13, 6.826181e-13, -6.355599e-13
167.600000, -5.974497e-13, -6.788682e-13, -6.788403e-13, 6.337965e-13
167.700000, 5.969712e-13, 6.772576e-13, 6.772628e-13, -6.308362e-13
167.800000, -5.927192e-13, -6.736330e-13, -6.736476e-13, 6.286222e-13
167.900000, 5.923586e-13, 6.718628e-13, 6.718918e-13, -6.261302e-13
168.000000, -5.881513e-13, -6.685249e-13, -6.685025e-13, 6.234202e-13
168.100000, 5.876616e-13, 6.664687e-13, 6.664554e-13, -6.214802e-13
168.200000, -5.836290e-13, -6.634238e-13, -6.634104e-13, 6.183187e-13
168.300000, 5.829730e-13, 6.610700e-13, 6.610830e-13, -6.167820e-13
168.400000, -5.791553e-13, -6.583392e-13, -6.583398e-13, 6.132957e-13
168.500000, 5.782757e-13, 6.557732e-13, 6.557714e-13, -6.120051e-13
168.600000, -5.747645e-13, -6.532689e-13, -6.532546e-13, 6.083792e-13
168.700000, 5.735994e-13, 6.504848e-13, 6.504838e-13, -6.072343e-13
168.800000, -5.704256e-13, -6.482396e-13, -6.482270e-13, 6.034947e-13
168.900000, 5.688466e-13, 6.452285e-13, 6.452277e-13, -6.024543e-13
169.000000, -5.661283e-13, -6.432153e-13, -6.432011e-13, 5.987028e-13
169.100000, 5.641447e-13, 6.400170e-13, 6.400220e-13, -5.976176e-13
169.200000, -5.618363e-13, -6.381687e-13, -6.381495e-13, 5.940090e-13
169.300000, 5.595227e-13, 6.349009e-13, 6.348848e-13, -5.927715e-13
169.400000, -5.575389e-13, -6.331221e-13, -6.331327e-13, 5.893388e-13
169.500000, 5.548800e-13, 6.297839e-13, 6.297761e-13, -5.879403e-13
169.600000, -5.532516e-13, -6.281002e-13, -6.280831e-13, 5.847325e-13
169.700000, 5.503111e-13, 6.247289e-13, 6.247314e-13, -5.830882e-13
169.800000, -5.489683e-13, -6.230394e-13, -6.230207e-13, 5.801938e-13
169.900000, 5.458481e-13, 6.197605e-13, 6.197579e-13, -5.782275e-13
170.000000, -5.446314e-13, -6.179677e-13, -6.179567e-13, 5.756938e-13
170.100000, 5.413967e-13, 6.148095e-13, 6.148234e-13, -5.734026e-13
170.200000, -5.402759e-13, -6.129304e-13, -6.129239e-13, 5.711849e-13
170.300000, 5.370325e-13, 6.099332e-13, 6.099367e-13, -5.686013e-13
170.400000, -5.359527e-13, -6.079356e-13, -6.079432e-13, 5.666603e-13
170.500000, 5.326547e-13, 6.050169e-13, 6.050154e-13, -5.639013e-13
170.600000, -5.315764e-13, -6.029299e-13, -6.029387e-13, 5.621796e-13
170.700000, 5.284012e-13, 6.001648e-13, 6.001895e-13, -5.592033e-13
170.800000, -5.271818e-13, -5.979547e-13, -5.979376e-13, 5.576820e-13
170.900000, 5.242130e-13, 5.953803e-13, 5.953937e-13, -5.545555e-13
171.000000, -5.227834e-13, -5.929726e-13, -5.929650e-13, 5.531887e-13
171.100000, 5.200642e-13, 5.906050e-13, 5.906088e-13, -5.499559e-13
171.200000, -5.184073e-13, -5.880472e-13, -5.880611e-13, 5.486913e-13
171.300000, 5.159249e-13, 5.858056e-13, 5.858087e-13, -5.454213e-13
171.400000, -5.140326e-13, -5.831544e-13, -5.831640e-13, 5.441533e-13
171.500000, 5.118343e-13, 5.810581e-13, 5.810725e-13, -5.409241e-13
171.600000, -5.096840e-13, -5.782857e-13, -5.782943e-13, 5.396519e-13
171.700000, 5.077600e-13, 5.763222e-13, 5.763378e-13, -5.364686e-13
171.800000, -5.053589e-13, -5.734641e-13, -5.734638e-13, 5.351499e-13
171.900000, 5.036469e-13, 5.715729e-13, 5.715648e-13, -5.320675e-13
172.000000, -5.011123e-13, -5.687214e-13, -5.687134e-13, 5.306095e-13
172.100000, 4.995599e-13, 5.668305e-13, 5.668307e-13, -5.277242e-13
172.200000, -4.968926e-13, -5.640020e-13, -5.640100e-13, 5.260826e-13
172.300000, 4.954375e-13, 5.620613e-13, 5.620508e-13, -5.234578e-13
172.400000, -4.926924e-13, -5.593146e-13, -5.593154e-13, 5.215932e-13
172.500000, 4.913568e-13, 5.573210e-13, 5.573234e-13, -5.191512e-13
172.600000, -4.885557e-13, -5.546692e-13, -5.546686e-13, 5.170984e-13
172.700000, 4.872352e-13, 5.526097e-13, 5.525993e-13, -5.148738e-13
172.800000, -4.844912e-13, -5.500670e-13, -5.500624e-13, 5.126324e-13
172.900000, 4.831275e-13, 5.479030e-13, 5.478922e-13, -5.105903e-13
173.000000, -4.804135e-13, -5.454579e-13, -5.454512e-13, 5.082521e-13
173.100000, 4.790194e-13, 5.432119e-13, 5.432198e-13, -5.063318e-13
173.200000, -4.763984e-13, -5.408881e-13, -5.408849e-13, 5.038686e-13
173.300000, 4.749074e-13, 5.385655e-13, 5.385602e-13, -5.020459e-13
173.400000, -4.724034e-13, -5.363399e-13, -5.363421e-13, 4.995436e-13
173.500000, 4.708014e-13, 5.339321e-13, 5.339171e-13, -4.978098e-13
173.600000, -4.684585e-13, -5.317774e-13, -5.317787e-13, 4.952877e-13
173.700000, 4.667151e-13, 5.293291e-13, 5.293193e-13, -4.935309e-13
173.800000, -4.645499e-13, -5.272900e-13, -5.272800e-13, 4.910039e-13
173.900000, 4.626314e-13, 5.247403e-13, 5.247521e-13, -4.892670e-13
174.000000, -4.605942e-13, -5.227388e-13, -5.227448e-13, 4.868219e-13
174.100000, 4.585711e-13, 5.201959e-13, 5.201953e-13, -4.850246e-13
174.200000, -4.567302e-13, -5.182824e-13, -5.182905e-13, 4.826252e-13
174.300000, 4.545659e-13, 5.156760e-13, 5.156921e-13, -4.807957e-13
174.400000, -4.528261e-13, -5.137920e-13, -5.137910e-13, 4.784681e-13
174.500000, 4.505702e-13, 5.112040e-13, 5.111898e-13, -4.765478e-13
174.600000, -4.489524e-13, -5.093104e-13, -5.093037e-13, 4.743609e-13
174.700000, 4.466099e-13, 5.067478e-13, 5.067383e-13, -4.723267e-13
174.800000, -4.450869e-13, -5.048686e-13, -5.048785e-13, 4.702545e-13
174.900000, 4.426983e-13, 5.023338e-13, 5.023345e-13, -4.681305e-13
175.000000, -4.411776e-13, -5.004092e-13, -5.004186e-13, 4.661767e-13
175.100000, 4.387854e-13, 4.979403e-13, 4.979314e-13, -4.639740e-13
175.200000, -4.373247e-13, -4.959892e-13, -4.959860e-13, 4.620878e-13
175.300000, 4.349825e-13, 4.936033e-13, 4.935944e-13, -4.597953e-13
175.400000, -4.334209e-13, -4.915420e-13, -4.915446e-13, 4.580905e-13
175.500000, 4.311522e-13, 4.892467e-13, 4.892601e-13, -4.556785e-13
175.600000, -4.295309e-13, -4.871375e-13, -4.871373e-13, 4.540331e-13
175.700000, 4.273555e-13, 4.849248e-13, 4.849354e-13, -4.515603e-13
175.800000, -4.256550e-13, -4.827376e-13, -4.827468e-13, 4.500155e-13
175.900000, 4.235862e-13, 4.806217e-13, 4.806150e-13, -4.475032e-13
176.000000, -4.218299e-13, -4.784052e-13, -4.784174e-13, 4.459789e-13
176.100000, 4.198355e-13, 4.763314e-13, 4.763298e-13, -4.434969e-13
176.200000, -4.180123e-13, -4.741057e-13, -4.740860e-13, 4.419522e-13
176.300000, 4.161010e-13, 4.720561e-13, 4.720499e-13, -4.394983e-13
176.400000, -4.141687e-13, -4.697656e-13, -4.697894e-13, 4.379363e-13
176.500000, 4.124020e-13, 4.678019e-13, 4.677931e-13, -4.355169e-13
176.600000, -4.103818e-13, -4.655140e-13, -4.655172e-13, 4.339356e-13
176.700000, 4.086936e-13, 4.635520e-13, 4.635328e-13, -4.315841e-13
176.800000, -4.066032e-13, -4.612647e-13, -4.612695e-13, 4.299363e-13
176.900000, 4.050001e-13, 4.593087e-13, 4.593136e-13, -4.276541e-13
177.000000, -4.028798e-13, -4.570599e-13, -4.570557e-13, 4.259248e-13
177.100000, 4.012418e-13, 4.550329e-13, 4.550418e-13, -4.238165e-13
177.200000, -3.991969e-13, -4.528901e-13, -4.528973e-13, 4.219352e-13
177.300000, 3.975676e-13, 4.508132e-13, 4.508173e-13, -4.199444e-13
177.400000, -3.955128e-13, -4.487134e-13, -4.487155e-13, 4.179961e-13
177.500000, 3.938967e-13, 4.466421e-13, 4.466337e-13, -4.160455e-13
177.600000, -3.918181e-13, -4.445428e-13, -4.445367e-13, 4.140638e-13
177.700000, 3.902637e-13, 4.424941e-13, 4.425143e-13, -4.121441e-13
177.800000, -3.881579e-13, -4.403926e-13, -4.403925e-13, 4.102234e-13
177.900000, 3.866113e-13, 4.383445e-13, 4.383474e-13, -4.083087e-13
178.000000, -3.845488e-13, -4.362572e-13, -4.362689e-13, 4.063392e-13
178.100000, 3.829453e-13, 4.342029e-13, 4.341983e-13, -4.044610e-13
178.200000, -3.809343e-13, -4.321674e-13, -4.321614e-13, 4.024955e-13
178.300000, 3.792888e-13, 4.300603e-13, 4.300537e-13, -4.006657e-13
178.400000, -3.773737e-13, -4.281019e-13, -4.280940e-13, 3.986538e-13
178.500000, 3.756729e-13, 4.259640e-13, 4.259740e-13, -3.968570e-13
178.600000, -3.738243e-13, -4.240293e-13, -4.240264e-13, 3.948706e-13
178.700000, 3.720710e-13, 4.219108e-13, 4.218926e-13, -3.930290e-13
178.800000, -3.702440e-13, -4.199492e-13, -4.199489e-13, 3.911002e-13
178.900000, 3.684703e-13, 4.178313e-13, 4.178231e-13, -3.892439e-13
179.000000, -3.667561e-13, -4.159356e-13, -4.159401e-13, 3.873412e-13
179.100000, 3.648952e-13, 4.137844e-13, 4.137821e-13, -3.854879e-13
179.200000, -3.632226e-13, -4.119096e-13, -4.119299e-13, 3.835879e-13
179.300000, 3.613516e-13, 4.097912e-13, 4.097897e-13, -3.817040e-13
179.400000, -3.597124e-13, -4.079090e-13, -4.079052e-13, 3.798593e-13
179.500000, 3.578109e-13, 4.057928e-13, 4.057775e-13, -3.779500e-13
179.600000, -3.562216e-13, -4.039111e-13, -4.039216e-13, 3.761710e-13
179.700000, 3.542958e-13, 4.017945e-13, 4.018022e-13, -3.742235e-13
179.800000, -3.527443e-13, -3.999435e-13, -3.999528e-13, 3.724735e-13
179.900000, 3.508033e-13, 3.978584e-13, 3.978553e-13, -3.705063e-13
180.000000, -3.492220e-13, -3.959688e-13, -3.959667e-13, 3.688010e-13
180.100000, 3.473284e-13, 3.939088e-13, 3.938948e-13, -3.668201e-13
180.200000, -3.457628e-13, -3.920243e-13, -3.920519e-13, 3.651381e-13
180.300000, 3.438743e-13, 3.899827e-13, 3.899810e-13, -3.631568e-13
180.400000, -3.423044e-13, -3.881079e-13, -3.881181e-13, 3.614823e-13
180.500000, 3.404581e-13, 3.860916e-13, 3.860837e-13, -3.594996e-13
180.600000, -3.388457e-13, -3.841840e-13, -3.841877e-13, 3.578609e-13
180.700000, 3.370519e-13, 3.822103e-13, 3.822022e-13, -3.558353e-13
180.800000, -3.354098e-13, -3.802692e-13, -3.802832e-13, 3.542451e-13
180.900000, 3.336398e-13, 3.783471e-13, 3.783288e-13, -3.522436e-13
181.000000, -3.319811e-13, -3.764055e-13, -3.764036e-13, 3.506123e-13
181.100000, 3.302667e-13, 3.744820e-13, 3.744873e-13, -3.486347e-13
181.200000, -3.285417e-13, -3.725276e-13, -3.725250e-13, 3.470081e-13
181.300000, 3.269030e-13, 3.706409e-13, 3.706414e-13, -3.450563e-13
181.400000, -3.251639e-13, -3.686779e-13, -3.686787e-13, 3.434441e-13
181.500000, 3.235643e-13, 3.668224e-13, 3.668252e-13, -3.414841e-13
181.600000, -3.217765e-13, -3.648589e-13, -3.648636e-13, 3.398661e-13
181.700000, 3.202017e-13, 3.629995e-13, 3.629879e-13, -3.379401e-13
181.800000, -3.183711e-13, -3.610219e-13, -3.610178e-13, 3.363171e-13
181.900000, 3.168446e-13, 3.592017e-13, 3.591906e-13, -3.344121e-13
182.000000, -3.150668e-13, -3.572621e-13, -3.572690e-13, 3.327440e-13
182.100000, 3.135401e-13, 3.554167e-13, 3.554388e-13, -3.308962e-13
182.200000, -3.117404e-13, -3.534956e-13, -3.535067e-13, 3.292237e-13
182.300000, 3.102106e-13, 3.516451e-13, 3.516537e-13, -3.273870e-13
182.400000, -3.084178e-13, -3.497536e-13, -3.497625e-13, 3.256885e-13
182.500000, 3.068609e-13, 3.478275e-13, 3.478364e-13, -3.239469e-13
182.600000, -3.051666e-13, -3.460273e-13, -3.460480e-13, 3.221602e-13
182.700000, 3.035692e-13, 3.440929e-13, 3.441218e-13, -3.204635e-13
182.800000, -3.019028e-13, -3.423276e-13, -3.423236e-13, 3.186817e-13
182.900000, 3.002764e-13, 3.403657e-13, 3.403748e-13, -3.170094e-13
183.000000, -2.986192e-13, -3.386001e-13, -3.385869e-13, 3.152154e-13
183.100000, 2.970376e-13, 3.366724e-13, 3.366850e-13, -3.135367e-13
183.200000, -2.953599e-13, -3.348761e-13, -3.348918e-13, 3.117860e-13
183.300000, 2.937818e-13, 3.329936e-13, 3.330140e-13, -3.100720e-13
183.400000, -2.921350e-13, -3.312211e-13, -3.312284e-13, 3.083691e-13
183.500000, 2.905062e-13, 3.292965e-13, 3.293062e-13, -3.066606e-13
183.600000, -2.888780e-13, -3.275310e-13, -3.275194e-13, 3.049733e-13
183.700000, 2.872949e-13, 3.256634e-13, 3.256616e-13, -3.032251e-13
183.800000, -2.856885e-13, -3.238769e-13, -3.238835e-13, 3.015487e-13
183.900000, 2.840570e-13, 3.220040e-13, 3.219923e-13, -2.998142e-13
184.000000, -2.824903e-13, -3.202368e-13, -3.202533e-13, 2.981772e-13
184.100000, 2.808441e-13, 3.183581e-13, 3.183646e-13, -2.964312e-13
184.200000, -2.792871e-13, -3.166260e-13, -3.166197e-13, 2.947852e-13
184.300000, 2.776588e-13, 3.147641e-13, 3.147523e-13, -2.930233e-13
184.400000, -2.761181e-13, -3.130095e-13, -3.130000e-13, 2.914443e-13
184.500000, 2.744951e-13, 3.111430e-13, 3.111509e-13, -2.896735e-13
184.600000, -2.729542e-13, -3.094002e-13, -3.094092e-13, 2.880767e-13
184.700000, 2.713292e-13, 3.075728e-13, 3.075597e-13, -2.863340e-13
184.800000, -2.697621e-13, -3.058135e-13, -3.057955e-13, 2.847835e-13
184.900000, 2.681535e-13, 3.040090e-13, 3.039750e-13, -2.829883e-13
185.000000, -2.666487e-13, -3.022372e-13, -3.022627e-13, 2.814173e-13
185.100000, 2.650265e-13, 3.004358e-13, 3.004397e-13, -2.796740e-13
185.200000, -2.635190e-13, -2.987028e-13, -2.987033e-13, 2.781009e-13
185.300000, 2.619129e-13, 2.968931e-13, 2.968840e-13, -2.763743e-13
185.400000, -2.603837e-13, -2.951585e-13, -2.951451e-13, 2.748085e-13
185.500000, 2.588101e-13, 2.933859e-13, 2.933640e-13, -2.730449e-13
185.600000, -2.572588e-13, -2.915933e-13, -2.915942e-13, 2.715444e-13
185.700000, 2.557158e-13, 2.898467e-13, 2.898579e-13, -2.697542e-13
185.800000, -2.541365e-13, -2.880720e-13, -2.880789e-13, 2.682711e-13
185.900000, 2.526334e-13, 2.863500e-13, 2.863372e-13, -2.665112e-13
186.000000, -2.510436e-13, -2.845699e-13, -2.845521e-13, 2.650002e-13
186.100000, 2.495577e-13, 2.828391e-13, 2.828459e-13, -2.632619e-13
186.200000, -2.479684e-13, -2.811017e-13, -2.810899e-13, 2.617419e-13
186.300000, 2.465031e-13, 2.793803e-13, 2.793656e-13, -2.600256e-13
186.400000, -2.449086e-13, -2.776201e-13, -2.776181e-13, 2.584985e-13
186.500000, 2.434367e-13, 2.758870e-13, 2.758927e-13, -2.568170e-13
186.600000, -2.418555e-13, -2.741744e-13, -2.741487e-13, 2.552683e-13
186.700000, 2.403803e-13, 2.724174e-13, 2.724233e-13, -2.535957e-13
186.800000, -2.388191e-13, -2.707227e-13, -2.707186e-13, 2.520286e-13
186.900000, 2.373456e-13, 2.689807e-13, 2.689743e-13, -2.503993e-13
187.000000, -2.357880e-13, -2.672975e-13, -2.672637e-13, 2.488309e-13
187.100000, 2.343125e-13, 2.655327e-13, 2.655433e-13, -2.472251e-13
187.200000, -2.327819e-13, -2.638830e-13, -2.638684e-13, 2.456134e-13
187.300000, 2.313158e-13, 2.621416e-13, 2.621372e-13, -2.440263e-13
187.400000, -2.297781e-13, -2.604398e-13, -2.604468e-13, 2.424490e-13
187.500000, 2.283318e-13, 2.587360e-13, 2.587312e-13, -2.408495e-13
187.600000, -2.267623e-13, -2.570566e-13, -2.570543e-13, 2.392856e-13
187.700000, 2.253069e-13, 2.553348e-13, 2.553371e-13, -2.376995e-13
187.800000, -2.238064e-13, -2.536843e-13, -2.536935e-13, 2.361223e-13
187.900000, 2.223181e-13, 2.519378e-13, 2.519358e-13, -2.345718e-13
188.000000, -2.208364e-13, -2.503291e-13, -2.503282e-13, 2.329561e-13
188.100000, 2.193339e-13, 2.485501e-13, 2.485559e-13, -2.314361e-13
188.200000, -2.178875e-13, -2.469771e-13, -2.469728e-13, 2.298576e-13
188.300000, 2.163807e-13, 2.451985e-13, 2.451977e-13, -2.283059e-13
188.400000, -2.149214e-13, -2.436230e-13, -2.436190e-13, 2.267146e-13
188.500000, 2.134669e-13, 2.418903e-13, 2.418904e-13, -2.251568e-13
188.600000, -2.119859e-13, -2.402590e-13, -2.402549e-13, 2.236386e-13
188.700000, 2.105178e-13, 2.385570e-13, 2.385654e-13, -2.220502e-13
188.800000, -2.090319e-13, -2.369204e-13, -2.369158e-13, 2.205540e-13
188.900000, 2.075897e-13, 2.352515e-13, 2.352572e-13, -2.189504e-13
189.000000, -2.060964e-13, -2.335957e-13, -2.335836e-13, 2.174927e-13
189.100000, 2.046885e-13, 2.319386e-13, 2.319430e-13, -2.158651e-13
189.200000, -2.032088e-13, -2.302984e-13, -2.303080e-13, 2.143924e-13
189.300000, 2.017567e-13, 2.286499e-13, 2.286643e-13, -2.127810e-13
189.400000, -2.002964e-13, -2.270042e-13, -2.269934e-13, 2.113596e-13
189.500000, 1.988744e-13, 2.253464e-13, 2.253643e-13, -2.097394e-13
189.600000, -1.974151e-13, -2.237303e-13, -2.237234e-13, 2.082978e-13
189.700000, 1.959852e-13, 2.221026e-13, 2.220977e-13, -2.066755e-13
189.800000, -1.945416e-13, -2.204654e-13, -2.204619e-13, 2.052467e-13
189.900000, 1.931215e-13, 2.188313e-13, 2.188428e-13, -2.036320e-13
190.000000, -1.916411e-13, -2.171984e-13, -2.171905e-13, 2.022260e-13
190.100000, 1.902582e-13, 2.155906e-13, 2.155976e-13, -2.006235e-13
190.200000, -1.888168e-13, -2.139885e-13, -2.139901e-13, 1.991661e-13
190.300000, 1.873841e-13, 2.123438e-13, 2.123366e-13, -1.976082e-13
190.400000, -1.859458e-13, -2.107374e-13, -2.107482e-13, 1.961699e-13
190.500000, 1.845450e-13, 2.091284e-13, 2.091265e-13, -1.945948e-13
190.600000, -1.831020e-13, -2.075119e-13, -2.075069e-13, 1.931623e-13
190.700000, 1.817063e-13, 2.058890e-13, 2.059031e-13, -1.916137e-13
190.800000, -1.802621e-13, -2.042880e-13, -2.042750e-13, 1.901896e-13
190.900000, 1.788657e-13, 2.026925e-13, 2.026915e-13, -1.886264e-13
191.000000, -1.774409e-13, -2.010946e-13, -2.011002e-13, 1.871823e-13
191.100000, 1.760718e-13, 1.995073e-13, 1.995074e-13, -1.856544e-13
191.200000, -1.746346e-13, -1.979006e-13, -1.979012e-13, 1.842127e-13
191.300000, 1.732380e-13, 1.962907e-13, 1.962860e-13, -1.827058e-13
191.400000, -1.718502e-13, -1.947580e-13, -1.947587e-13, 1.812271e-13
191.500000, 1.704633e-13, 1.931314e-13, 1.931322e-13, -1.797443e-13
191.600000, -1.690226e-13, -1.915650e-13, -1.915622e-13, 1.782911e-13
191.700000, 1.676695e-13, 1.899832e-13, 1.899635e-13, -1.767963e-13
191.800000, -1.662472e-13, -1.884055e-13, -1.883844e-13, 1.753514e-13
191.900000, 1.648803e-13, 1.868086e-13, 1.868008e-13, -1.738673e-13
192.000000, -1.634804e-13, -1.852658e-13, -1.852713e-13, 1.724074e-13
192.100000, 1.621079e-13, 1.836533e-13, 1.836600e-13, -1.709482e-13
192.200000, -1.607169e-13, -1.821286e-13, -1.821304e-13, 1.695096e-13
192.300000, 1.593254e-13, 1.805283e-13, 1.805356e-13, -1.680047e-13
192.400000, -1.579433e-13, -1.789780e-13, -1.790032e-13, 1.665710e-13
192.500000, 1.565912e-13, 1.774022e-13, 1.774156e-13, -1.651148e-13
192.600000, -1.552160e-13, -1.758893e-13, -1.759051e-13, 1.636523e-13
192.700000, 1.538118e-13, 1.742626e-13, 1.742750e-13, -1.622301e-13
192.800000, -1.524739e-13, -1.727863e-13, -1.727906e-13, 1.607549e-13
192.900000, 1.510888e-13, 1.711888e-13, 1.712002e-13, -1.593299e-13
193.000000, -1.497341e-13, -1.696794e-13, -1.696730e-13, 1.579056e-13
193.100000, 1.483697e-13, 1.681012e-13, 1.680934e-13, -1.564399e-13
193.200000, -1.470225e-13, -1.665748e-13, -1.666021e-13, 1.550296e-13
193.300000, 1.456422e-13, 1.650165e-13, 1.650148e-13, -1.535669e-13
193.400000, -1.442824e-13, -1.634925e-13, -1.634976e-13, 1.521689e-13
193.500000, 1.429381e-13, 1.619367e-13, 1.619379e-13, -1.506944e-13
193.600000, -1.415710e-13, -1.604271e-13, -1.604258e-13, 1.493084e-13
193.700000, 1.402263e-13, 1.588828e-13, 1.588893e-13, -1.478454e-13
193.800000, -1.388522e-13, -1.573321e-13, -1.573459e-13, 1.464961e-13
193.900000, 1.375679e-13, 1.558318e-13, 1.558421e-13, -1.449890e-13
194.000000, -1.361527e-13, -1.543040e-13, -1.542926e-13, 1.436441e-13
194.100000, 1.348793e-13, 1.528086e-13, 1.528135e-13, -1.421387e-13
194.200000, -1.334839e-13, -1.512374e-13, -1.512474e-13, 1.408199e-13
194.300000, 1.321870e-13, 1.497716e-13, 1.497634e-13, -1.393166e-13
194.400000, -1.308215e-13, -1.482364e-13, -1.482391e-13, 1.379852e-13
194.500000, 1.294815e-13, 1.467026e-13, 1.467068e-13, -1.365293e-13
194.600000, -1.281547e-13, -1.452123e-13, -1.452135e-13, 1.351672e-13
194.700000, 1.268183e-13, 1.437030e-13, 1.437016e-13, -1.337203e-13
194.800000, -1.255131e-13, -1.422129e-13, -1.422120e-13, 1.323492e-13
194.900000, 1.241659e-13, 1.406888e-13, 1.406702e-13, -1.309273e-13
195.000000, -1.228862e-13, -1.392316e-13, -1.392399e-13, 1.295234e-13
195.100000, 1.215130e-13, 1.376688e-13, 1.376519e-13, -1.281580e-13
195.200000, -1.202434e-13, -1.362208e-13, -1.362355e-13, 1.267351e-13
195.300000, 1.188674e-13, 1.346812e-13, 1.346813e-13, -1.253735e-13
195.400000, -1.175978e-13, -1.332430e-13, -1.332477e-13, 1.239577e-13
195.500000, 1.162164e-13, 1.316917e-13, 1.316829e-13, -1.225955e-13
195.600000, -1.149545e-13, -1.302416e-13, -1.302451e-13, 1.212120e-13
195.700000, 1.136694e-13, 1.287804e-13, 1.287644e-13, -1.197582e-13
195.800000, -1.122886e-13, -1.272329e-13, -1.272361e-13, 1.184811e-13
195.900000, 1.110539e-13, 1.258236e-13, 1.258053e-13, -1.170068e-13
196.000000, -1.096866e-13, -1.242846e-13, -1.242848e-13, 1.157189e-13
196.100000, 1.084429e-13, 1.228547e-13, 1.228417e-13, -1.142679e-13
196.200000, -1.071050e-13, -1.213349e-13, -1.213392e-13, 1.129739e-13
196.300000, 1.057916e-13, 1.198802e-13, 1.198736e-13, -1.115574e-13
196.400000, -1.045171e-13, -1.184200e-13, -1.184218e-13, 1.101967e-13
196.500000, 1.032168e-13, 1.169465e-13, 1.169437e-13, -1.088238e-13
196.600000, -1.019209e-13, -1.154823e-13, -1.154912e-13, 1.074527e-13
196.700000, 1.006143e-13, 1.140046e-13, 1.139994e-13, -1.060843e-13
196.800000, -9.937400e-14, -1.125639e-13, -1.125727e-13, 1.047184e-13
196.900000, 9.804637e-14, 1.110606e-13, 1.110678e-13, -1.033980e-13
197.000000, -9.678162e-14, -1.096391e-13, -1.096468e-13, 1.020055e-13
197.100000, 9.546416e-14, 1.081695e-13, 1.081579e-13, -1.006757e-13
197.200000, -9.421498e-14, -1.067290e-13, -1.067441e-13, 9.930968e-14
197.300000, 9.289188e-14, 1.052541e-13, 1.052410e-13, -9.795412e-14
197.400000, -9.165712e-14, -1.038369e-13, -1.038596e-13, 9.659076e-14
197.500000, 9.035588e-14, 1.023726e-13, 1.023518e-13, -9.524063e-14
197.600000, -8.908176e-14, -1.009131e-13, -1.009062e-13, 9.392583e-14
197.700000, 8.780994e-14, 9.948441e-14, 9.947191e-14, -9.255274e-14
197.800000, -8.654029e-14, -9.800920e-14, -9.803152e-14, 9.124587e-14
197.900000, 8.525631e-14, 9.659995e-14, 9.658221e-14, -8.987641e-14
198.000000, -8.395155e-14, -9.511681e-14, -9.512394e-14, 8.859802e-14
198.100000, 8.274768e-14, 9.375441e-14, 9.373914e-14, -8.716408e-14
198.200000, -8.142596e-14, -9.225075e-14, -9.224797e-14, 8.592138e-14
198.300000, 8.022564e-14, 9.090308e-14, 9.086890e-14, -8.449747e-14
198.400000, -7.888810e-14, -8.937857e-14, -8.937890e-14, 8.324902e-14
198.500000, 7.768362e-14, 8.802297e-14, 8.801301e-14, -8.183001e-14
198.600000, -7.642024e-14, -8.656377e-14, -8.658742e-14, 8.055340e-14
198.700000, 7.512421e-14, 8.510611e-14, 8.510453e-14, -7.924991e-14
198.800000, -7.392605e-14, -8.373224e-14, -8.371934e-14, 7.789129e-14
198.900000, 7.260282e-14, 8.228224e-14, 8.227907e-14, -7.658674e-14
199.000000, -7.140267e-14, -8.090328e-14, -8.090115e-14, 7.523995e-14
199.100000, 7.009292e-14, 7.942942e-14, 7.941764e-14, -7.394703e-14
199.200000, -6.890772e-14, -7.805307e-14, -7.807080e-14, 7.261002e-14
199.300000, 6.763768e-14, 7.662073e-14, 7.661952e-14, -7.128847e-14
199.400000, -6.639600e-14, -7.521306e-14, -7.521795e-14, 6.999236e-14
199.500000, 6.514303e-14, 7.381729e-14, 7.379817e-14, -6.866826e-14
199.600000, -6.391453e-14, -7.237461e-14, -7.239430e-14, 6.738078e-14
199.700000, 6.266192e-14, 7.098644e-14, 7.098887e-14, -6.603266e-14
199.800000, -6.140315e-14, -6.956286e-14, -6.957112e-14, 6.477105e-14
199.900000, 6.015412e-14, 6.815828e-14, 6.815441e-14, -6.344333e-14
200.000000, -5.894020e-14, -6.678919e-14, -6.678935e-14, 6.213438e-14
200.100000, 5.768992e-14, 6.537794e-14, 6.536988e-14, -6.082022e-14
200.200000, -5.646686e-14, -6.399313e-14, -6.397361e-14, 5.951190e-14
200.300000, 5.522507e-14, 6.256793e-14, 6.257212e-14, -5.822352e-14
200.400000, -5.405767e-14, -6.120474e-14, -6.122424e-14, 5.688376e-14
200.500000, 5.275281e-14, 5.975604e-14, 5.975780e-14, -5.564620e-14
200.600000, -5.157845e-14, -5.843270e-14, -5.842940e-14, 5.430686e-14
200.700000, 5.028515e-14, 5.698551e-14, 5.697033e-14, -5.305597e-14
200.800000, -4.912440e-14, -5.562902e-14, -5.562880e-14, 5.172783e-14
200.900000, 4.785998e-14, 5.420642e-14, 5.418862e-14, -5.045530e-14
201.000000, -4.666974e-14, -5.284740e-14, -5.286695e-14, 4.915131e-14
201.100000, 4.542887e-14, 5.147326e-14, 5.144780e-14, -4.787386e-14
201.200000, -4.419758e-14, -5.006077e-14, -5.006911e-14, 4.660931e-14
201.300000, 4.299865e-14, 4.871987e-14, 4.871022e-14, -4.530346e-14
201.400000, -4.177812e-14, -4.731147e-14, -4.730752e-14, 4.403750e-14
201.500000, 4.056274e-14, 4.594127e-14, 4.595179e-14, -4.272721e-14
201.600000, -3.931002e-14, -4.452513e-14, -4.451944e-14, 4.149050e-14
201.700000, 3.816493e-14, 4.322904e-14, 4.321065e-14, -4.014688e-14
201.800000, -3.687132e-14, -4.177189e-14, -4.178326e-14, 3.895381e-14
201.900000, 3.573076e-14, 4.049287e-14, 4.047538e-14, -3.761321e-14
202.000000, -3.446542e-14, -3.902584e-14, -3.903721e-14, 3.639984e-14
202.100000, 3.332237e-14, 3.773765e-14, 3.774246e-14, -3.504872e-14
202.200000, -3.204551e-14, -3.630881e-14, -3.630706e-14, 3.384132e-14
202.300000, 3.088580e-14, 3.499290e-14, 3.498112e-14, -3.253449e-14
202.400000, -2.966746e-14, -3.359671e-14, -3.359998e-14, 3.129876e-14
202.500000, 2.844880e-14, 3.226404e-14, 3.223635e-14, -3.000625e-14
202.600000, -2.726512e-14, -3.088343e-14, -3.089716e-14, 2.873856e-14
202.700000, 2.606301e-14, 2.954339e-14, 2.951399e-14, -2.749193e-14
202.800000, -2.487623e-14, -2.816418e-14, -2.817768e-14, 2.622890e-14
202.900000, 2.366865e-14, 2.681658e-14, 2.681919e-14, -2.496386e-14
203.000000, -2.249009e-14, -2.546116e-14, -2.546682e-14, 2.370919e-14
203.100000, 2.127183e-14, 2.410991e-14, 2.411883e-14, -2.242858e-14
203.200000, -2.009735e-14, -2.276629e-14, -2.276303e-14, 2.119074e-14
203.300000, 1.889080e-14, 2.140706e-14, 2.139402e-14, -1.993023e-14
203.400000, -1.775685e-14, -2.010103e-14, -2.009430e-14, 1.862558e-14
203.500000, 1.647193e-14, 1.869063e-14, 1.869302e-14, -1.743917e-14
203.600000, -1.535817e-14, -1.739200e-14, -1.738701e-14, 1.615037e-14
203.700000, 1.412034e-14, 1.599483e-14, 1.600794e-14, -1.492818e-14
203.800000, -1.299464e-14, -1.471753e-14, -1.471114e-14, 1.364090e-14
203.900000, 1.175452e-14, 1.330961e-14, 1.330453e-14, -1.244670e-14
204.000000, -1.060447e-14, -1.201108e-14, -1.201400e-14, 1.115475e-14
204.100000, 9.410000e-15, 1.065973e-14, 1.065562e-14, -9.924864e-15
204.200000, -8.244813e-15, -9.328957e-15, -9.326254e-15, 8.679530e-15
204.300000, 7.043486e-15, 7.988622e-15, 7.988731e-15, -7.433579e-15
204.400000, -5.885025e-15, -6.663748e-15, -6.656458e-15, 6.195326e-15
204.500000, 4.694880e-15, 5.333584e-15, 5.310158e-15, -4.952240e-15
204.600000, -3.521759e-15, -3.986108e-15, -3.991611e-15, 3.716276e-15
204.700000, 2.346872e-15, 2.658902e-15, 2.655181e-15, -2.471355e-15
204.800000, -1.181945e-15, -1.325150e-15, -1.330931e-15, 1.235492e-15
