x, 11, 12, 21, 22
0.100000, -1.860094e-02, -1.883859e-02, -1.405271e-02, -1.421433e-02
0.200000, -1.846071e-02, -1.873662e-02, -1.397122e-02, -1.409698e-02
0.300000, -1.828362e-02, -1.856920e-02, -1.382831e-02, -1.395795e-02
0.400000, -1.804593e-02, -1.833555e-02, -1.363989e-02, -1.376934e-02
0.500000, -1.775808e-02, -1.804683e-02, -1.340521e-02, -1.353637e-02
0.600000, -1.741363e-02, -1.770361e-02, -1.312836e-02, -1.325642e-02
0.700000, -1.702207e-02, -1.731303e-02, -1.281259e-02, -1.294497e-02
0.800000, -1.658506e-02, -1.687705e-02, -1.246522e-02, -1.259935e-02
0.900000, -1.611020e-02, -1.640367e-02, -1.209185e-02, -1.222725e-02
1.000000, -1.560656e-02, -1.589722e-02, -1.169625e-02, -1.183364e-02
1.100000, -1.507798e-02, -1.536642e-02, -1.128451e-02, -1.142532e-02
1.200000, -1.452858e-02, -1.481784e-02, -1.085832e-02, -1.100098e-02
1.300000, -1.396597e-02, -1.425476e-02, -1.042481e-02, -1.057082e-02
1.400000, -1.339468e-02, -1.368246e-02, -9.988205e-03, -1.013576e-02
1.500000, -1.282075e-02, -1.310761e-02, -9.552575e-03, -9.702038e-03
1.600000, -1.224810e-02, -1.253416e-02, -9.121781e-03, -9.272128e-03
1.700000, -1.168270e-02, -1.196686e-02, -8.697296e-03, -8.850193e-03
1.800000, -1.112666e-02, -1.141003e-02, -8.282602e-03, -8.438085e-03
1.900000, -1.058311e-02, -1.086550e-02, -7.881045e-03, -8.038204e-03
2.000000, -1.005583e-02, -1.033682e-02, -7.493171e-03, -7.651810e-03
2.100000, -9.546795e-03, -9.826096e-03, -7.120660e-03, -7.280120e-03
2.200000, -9.056605e-03, -9.334847e-03, -6.764204e-03, -6.924244e-03
2.300000, -8.588330e-03, -8.864724e-03, -6.423876e-03, -6.586051e-03
2.400000, -8.141924e-03, -8.416248e-03, -6.100888e-03, -6.264137e-03
2.500000, -7.717890e-03, -7.989681e-03, -5.795119e-03, -5.959984e-03
2.600000, -7.316305e-03, -7.586152e-03, -5.506152e-03, -5.672889e-03
2.700000, -6.937596e-03, -7.205155e-03, -5.233425e-03, -5.401830e-03
2.800000, -6.581278e-03, -6.846000e-03, -4.978038e-03, -5.147293e-03
2.900000, -6.246432e-03, -6.508554e-03, -4.738725e-03, -4.908436e-03
3.000000, -5.933099e-03, -6.192260e-03, -4.514401e-03, -4.683922e-03
3.100000, -5.640837e-03, -5.896022e-03, -4.304555e-03, -4.474151e-03
3.200000, -5.367998e-03, -5.619487e-03, -4.108903e-03, -4.277881e-03
3.300000, -5.113955e-03, -5.361586e-03, -3.925898e-03, -4.094618e-03
3.400000, -4.878406e-03, -5.121531e-03, -3.755564e-03, -3.923907e-03
3.500000, -4.660174e-03, -4.898271e-03, -3.597190e-03, -3.764718e-03
3.600000, -4.457997e-03, -4.690902e-03, -3.449666e-03, -3.616496e-03
3.700000, -4.270770e-03, -4.498666e-03, -3.312092e-03, -3.477787e-03
3.800000, -4.097985e-03, -4.320456e-03, -3.184733e-03, -3.349246e-03
3.900000, -3.939060e-03, -4.155722e-03, -3.067167e-03, -3.229529e-03
4.000000, -3.793623e-03, -4.003693e-03, -2.958946e-03, -3.118435e-03
4.100000, -3.660821e-03, -3.863878e-03, -2.859318e-03, -3.015723e-03
4.200000, -3.539994e-03, -3.735310e-03, -2.768157e-03, -2.920877e-03
4.300000, -3.430306e-03, -3.617456e-03, -2.685144e-03, -2.833715e-03
4.400000, -3.331260e-03, -3.509762e-03, -2.609782e-03, -2.754139e-03
4.500000, -3.242364e-03, -3.411863e-03, -2.542115e-03, -2.681467e-03
4.600000, -3.163081e-03, -3.323505e-03, -2.481244e-03, -2.615372e-03
4.700000, -3.092701e-03, -3.243931e-03, -2.426865e-03, -2.555416e-03
4.800000, -3.030245e-03, -3.172693e-03, -2.378509e-03, -2.501257e-03
4.900000, -2.975834e-03, -3.109240e-03, -2.335924e-03, -2.452657e-03
5.000000, -2.928976e-03, -3.053130e-03, -2.298722e-03, -2.409500e-03
5.100000, -2.888618e-03, -3.003759e-03, -2.266273e-03, -2.371242e-03
5.200000, -2.854193e-03, -2.960986e-03, -2.237725e-03, -2.337234e-03
5.300000, -2.824640e-03, -2.923566e-03, -2.212638e-03, -2.306936e-03
5.400000, -2.799424e-03, -2.891071e-03, -2.190489e-03, -2.279845e-03
5.500000, -2.777947e-03, -2.862569e-03, -2.170767e-03, -2.254815e-03
5.600000, -2.759003e-03, -2.837004e-03, -2.152273e-03, -2.231544e-03
5.700000, -2.741596e-03, -2.813282e-03, -2.134385e-03, -2.208970e-03
5.800000, -2.724719e-03, -2.790447e-03, -2.116340e-03, -2.186319e-03
5.900000, -2.706878e-03, -2.767612e-03, -2.096979e-03, -2.162468e-03
6.000000, -2.687446e-03, -2.743522e-03, -2.075446e-03, -2.137137e-03
6.100000, -2.665316e-03, -2.717202e-03, -2.050757e-03, -2.109045e-03
6.200000, -2.639012e-03, -2.687535e-03, -2.022331e-03, -2.077323e-03
6.300000, -2.607558e-03, -2.653392e-03, -1.989534e-03, -2.041473e-03
6.400000, -2.570269e-03, -2.613740e-03, -1.951433e-03, -2.000689e-03
6.500000, -2.526307e-03, -2.568134e-03, -1.907761e-03, -1.954449e-03
6.600000, -2.475129e-03, -2.515474e-03, -1.857805e-03, -1.902271e-03
6.700000, -2.416393e-03, -2.455616e-03, -1.801397e-03, -1.844146e-03
6.800000, -2.349591e-03, -2.388180e-03, -1.738427e-03, -1.779734e-03
6.900000, -2.274455e-03, -2.312873e-03, -1.669489e-03, -1.709453e-03
7.000000, -2.191290e-03, -2.229847e-03, -1.594479e-03, -1.633091e-03
7.100000, -2.100409e-03, -2.139454e-03, -1.513972e-03, -1.551477e-03
7.200000, -2.002317e-03, -2.041901e-03, -1.428738e-03, -1.465109e-03
7.300000, -1.897720e-03, -1.937907e-03, -1.339463e-03, -1.374966e-03
7.400000, -1.787350e-03, -1.828247e-03, -1.246860e-03, -1.281673e-03
7.500000, -1.672318e-03, -1.713787e-03, -1.152040e-03, -1.186123e-03
7.600000, -1.553294e-03, -1.595354e-03, -1.055853e-03, -1.089094e-03
7.700000, -1.431622e-03, -1.473945e-03, -9.591881e-04, -9.915508e-04
7.800000, -1.307972e-03, -1.350673e-03, -8.631466e-04, -8.945191e-04
7.900000, -1.183693e-03, -1.226726e-03, -7.684901e-04, -7.988719e-04
8.000000, -1.060019e-03, -1.103217e-03, -6.761530e-04, -7.053854e-04
8.100000, -9.381738e-04, -9.810725e-04, -5.868249e-04, -6.149787e-04
8.200000, -8.190294e-04, -8.614742e-04, -5.013054e-04, -5.282549e-04
8.300000, -7.033960e-04, -7.451954e-04, -4.201126e-04, -4.456870e-04
8.400000, -5.923923e-04, -6.331050e-04, -3.439197e-04, -3.679715e-04
8.500000, -4.865317e-04, -5.258555e-04, -2.729218e-04, -2.953288e-04
8.600000, -3.865089e-04, -4.241604e-04, -2.073533e-04, -2.279996e-04
8.700000, -2.929084e-04, -3.283361e-04, -1.475727e-04, -1.661952e-04
8.800000, -2.057589e-04, -2.388815e-04, -9.362276e-05, -1.101036e-04
8.900000, -1.257117e-04, -1.562316e-04, -4.537653e-05, -5.965165e-05
9.000000, -5.281238e-05, -8.053314e-05, -2.847551e-06, -1.479279e-05
9.100000, 1.280639e-05, -1.170856e-05, 3.418286e-05, 2.465646e-05
9.200000, 7.133176e-05, 5.014528e-05, 6.570436e-05, 5.876957e-05
9.300000, 1.228845e-04, 1.050682e-04, 9.202574e-05, 8.790939e-05
9.400000, 1.674347e-04, 1.532317e-04, 1.134420e-04, 1.120859e-04
9.500000, 2.054060e-04, 1.948611e-04, 1.302977e-04, 1.316586e-04
9.600000, 2.369121e-04, 2.300660e-04, 1.430898e-04, 1.469732e-04
9.700000, 2.624999e-04, 2.592591e-04, 1.520324e-04, 1.584752e-04
9.800000, 2.825981e-04, 2.829281e-04, 1.575269e-04, 1.664780e-04
9.900000, 2.974439e-04, 3.013215e-04, 1.599865e-04, 1.712035e-04
10.000000, 3.073397e-04, 3.148036e-04, 1.596789e-04, 1.730242e-04
10.100000, 3.128715e-04, 3.239250e-04, 1.568512e-04, 1.723612e-04
10.200000, 3.143587e-04, 3.290376e-04, 1.517813e-04, 1.695631e-04
10.300000, 3.122447e-04, 3.304764e-04, 1.448305e-04, 1.648159e-04
10.400000, 3.069683e-04, 3.287813e-04, 1.362450e-04, 1.583941e-04
10.500000, 2.989055e-04, 3.242456e-04, 1.261181e-04, 1.506605e-04
10.600000, 2.885180e-04, 3.172802e-04, 1.149029e-04, 1.418247e-04
10.700000, 2.761008e-04, 3.081699e-04, 1.027285e-04, 1.319326e-04
10.800000, 2.620389e-04, 2.972260e-04, 8.993077e-05, 1.213086e-04
10.900000, 2.465788e-04, 2.848019e-04, 7.670578e-05, 1.099907e-04
11.000000, 2.301507e-04, 2.711045e-04, 6.315893e-05, 9.816950e-05
11.100000, 2.129807e-04, 2.564319e-04, 4.955388e-05, 8.604487e-05
11.200000, 1.952854e-04, 2.410688e-04, 3.602881e-05, 7.368982e-05
11.300000, 1.772906e-04, 2.251826e-04, 2.275844e-05, 6.149043e-05
11.400000, 1.592113e-04, 2.088383e-04, 9.928848e-06, 4.939768e-05
11.500000, 1.412533e-04, 1.922116e-04, -2.471140e-06, 3.755995e-05
11.600000, 1.235171e-04, 1.756319e-04, -1.414789e-05, 2.610054e-05
11.700000, 1.062770e-04, 1.591318e-04, -2.516622e-05, 1.513815e-05
11.800000, 8.956682e-05, 1.429093e-04, -3.531566e-05, 4.564048e-06
11.900000, 7.368133e-05, 1.271290e-04, -4.469828e-05, -5.442011e-06
12.000000, 5.866357e-05, 1.117788e-04, -5.318023e-05, -1.488035e-05
12.100000, 4.462324e-05, 9.699864e-05, -6.075139e-05, -2.358814e-05
12.200000, 3.151131e-05, 8.291773e-05, -6.747700e-05, -3.173108e-05
12.300000, 1.930360e-05, 6.955055e-05, -7.337745e-05, -3.921287e-05
12.400000, 8.201386e-06, 5.689332e-05, -7.848685e-05, -4.599122e-05
12.500000, -1.883723e-06, 4.494538e-05, -8.283133e-05, -5.218582e-05
12.600000, -1.088451e-05, 3.387028e-05, -8.638892e-05, -5.769038e-05
12.700000, -1.888325e-05, 2.356045e-05, -8.918018e-05, -6.258324e-05
12.800000, -2.583479e-05, 1.396614e-05, -9.126164e-05, -6.681756e-05
12.900000, -3.186592e-05, 5.240162e-06, -9.270743e-05, -7.056126e-05
13.000000, -3.694726e-05, -2.635870e-06, -9.345465e-05, -7.373000e-05
13.100000, -4.114715e-05, -9.788589e-06, -9.351942e-05, -7.624296e-05
13.200000, -4.439598e-05, -1.616893e-05, -9.298733e-05, -7.819822e-05
13.300000, -4.682631e-05, -2.183849e-05, -9.177419e-05, -7.955360e-05
13.400000, -4.841166e-05, -2.681285e-05, -9.009537e-05, -8.038219e-05
13.500000, -4.921142e-05, -3.104030e-05, -8.795436e-05, -8.086641e-05
13.600000, -4.928983e-05, -3.461785e-05, -8.538431e-05, -8.088249e-05
13.700000, -4.881894e-05, -3.763707e-05, -8.239756e-05, -8.050010e-05
13.800000, -4.786552e-05, -4.011097e-05, -7.903479e-05, -7.975979e-05
13.900000, -4.624244e-05, -4.201617e-05, -7.543844e-05, -7.859883e-05
14.000000, -4.416891e-05, -4.328190e-05, -7.168947e-05, -7.716692e-05
14.100000, -4.152710e-05, -4.386775e-05, -6.784389e-05, -7.545687e-05
14.200000, -3.848838e-05, -4.392651e-05, -6.388644e-05, -7.345840e-05
14.300000, -3.523537e-05, -4.347549e-05, -5.981462e-05, -7.122646e-05
14.400000, -3.162059e-05, -4.254876e-05, -5.570706e-05, -6.886380e-05
14.500000, -2.763478e-05, -4.117344e-05, -5.160954e-05, -6.624878e-05
14.600000, -2.349219e-05, -3.945485e-05, -4.759153e-05, -6.355229e-05
14.700000, -1.922935e-05, -3.729872e-05, -4.359525e-05, -6.079226e-05
14.800000, -1.490350e-05, -3.484387e-05, -3.973413e-05, -5.800666e-05
14.900000, -1.056405e-05, -3.205171e-05, -3.599995e-05, -5.511984e-05
15.000000, -6.223596e-06, -2.905826e-05, -3.246771e-05, -5.225106e-05
15.100000, -1.900385e-06, -2.583931e-05, -2.907728e-05, -4.935997e-05
15.200000, 2.344816e-06, -2.249329e-05, -2.589747e-05, -4.640841e-05
15.300000, 6.491610e-06, -1.901476e-05, -2.285525e-05, -4.354407e-05
15.400000, 1.052325e-05, -1.548889e-05, -2.006201e-05, -4.074859e-05
15.500000, 1.453759e-05, -1.185156e-05, -1.745547e-05, -3.802300e-05
15.600000, 1.832723e-05, -8.259318e-06, -1.501126e-05, -3.539569e-05
15.700000, 2.179415e-05, -4.765885e-06, -1.278999e-05, -3.292609e-05
15.800000, 2.494959e-05, -1.404998e-06, -1.080326e-05, -3.059979e-05
15.900000, 2.791174e-05, 1.740580e-06, -9.024170e-06, -2.838531e-05
16.000000, 3.052986e-05, 4.789752e-06, -7.496274e-06, -2.628755e-05
16.100000, 3.279783e-05, 7.588727e-06, -6.160930e-06, -2.436836e-05
16.200000, 3.468883e-05, 1.012260e-05, -4.977282e-06, -2.257773e-05
16.300000, 3.611280e-05, 1.234481e-05, -4.037097e-06, -2.110333e-05
16.400000, 3.724827e-05, 1.430614e-05, -3.320809e-06, -1.975716e-05
16.500000, 3.806973e-05, 1.599467e-05, -2.783006e-06, -1.864754e-05
16.600000, 3.854068e-05, 1.752033e-05, -2.403791e-06, -1.767536e-05
16.700000, 3.869774e-05, 1.879181e-05, -2.215641e-06, -1.683057e-05
16.800000, 3.859659e-05, 1.984312e-05, -2.127784e-06, -1.606538e-05
16.900000, 3.820897e-05, 2.064395e-05, -2.287291e-06, -1.541736e-05
17.000000, 3.766649e-05, 2.134506e-05, -2.634402e-06, -1.482525e-05
17.100000, 3.693926e-05, 2.183531e-05, -3.060078e-06, -1.427017e-05
17.200000, 3.594146e-05, 2.217978e-05, -3.580936e-06, -1.389025e-05
17.300000, 3.474183e-05, 2.236593e-05, -4.164988e-06, -1.360895e-05
17.400000, 3.344566e-05, 2.239168e-05, -4.818920e-06, -1.324248e-05
17.500000, 3.214736e-05, 2.237516e-05, -5.540956e-06, -1.293757e-05
17.600000, 3.084802e-05, 2.229359e-05, -6.213525e-06, -1.266172e-05
17.700000, 2.940909e-05, 2.208006e-05, -6.832634e-06, -1.234278e-05
17.800000, 2.790026e-05, 2.179100e-05, -7.501169e-06, -1.206639e-05
17.900000, 2.634086e-05, 2.141456e-05, -8.132052e-06, -1.183754e-05
18.000000, 2.466748e-05, 2.087663e-05, -8.661032e-06, -1.166235e-05
18.100000, 2.302525e-05, 2.025414e-05, -9.186100e-06, -1.146446e-05
18.200000, 2.146999e-05, 1.954478e-05, -9.657258e-06, -1.129977e-05
18.300000, 1.981904e-05, 1.874318e-05, -1.007216e-05, -1.120690e-05
18.400000, 1.821686e-05, 1.782957e-05, -1.049370e-05, -1.106331e-05
18.500000, 1.669376e-05, 1.690982e-05, -1.091239e-05, -1.093848e-05
18.600000, 1.521629e-05, 1.601038e-05, -1.116951e-05, -1.079574e-05
18.700000, 1.370625e-05, 1.503433e-05, -1.144782e-05, -1.067751e-05
18.800000, 1.229562e-05, 1.403765e-05, -1.167839e-05, -1.058652e-05
18.900000, 1.093900e-05, 1.310075e-05, -1.193599e-05, -1.046632e-05
19.000000, 9.664453e-06, 1.219803e-05, -1.205192e-05, -1.033238e-05
19.100000, 8.512829e-06, 1.129871e-05, -1.213865e-05, -1.020514e-05
19.200000, 7.437519e-06, 1.045926e-05, -1.219073e-05, -1.001124e-05
19.300000, 6.407770e-06, 9.728342e-06, -1.217606e-05, -9.837150e-06
19.400000, 5.529634e-06, 9.060283e-06, -1.212975e-05, -9.649110e-06
19.500000, 4.749393e-06, 8.524439e-06, -1.204216e-05, -9.411476e-06
19.600000, 4.038388e-06, 8.121284e-06, -1.192979e-05, -9.178100e-06
19.700000, 3.399297e-06, 7.758700e-06, -1.181615e-05, -8.852256e-06
19.800000, 2.789218e-06, 7.430845e-06, -1.174775e-05, -8.618487e-06
19.900000, 2.311294e-06, 7.208070e-06, -1.165582e-05, -8.319871e-06
20.000000, 1.919351e-06, 7.091749e-06, -1.154928e-05, -8.001263e-06
20.100000, 1.616066e-06, 7.041336e-06, -1.139868e-05, -7.711910e-06
20.200000, 1.373492e-06, 7.004923e-06, -1.128701e-05, -7.395041e-06
20.300000, 1.188646e-06, 7.072800e-06, -1.115645e-05, -7.037460e-06
20.400000, 9.870751e-07, 7.181208e-06, -1.106892e-05, -6.733486e-06
20.500000, 8.747033e-07, 7.323486e-06, -1.095168e-05, -6.389505e-06
20.600000, 8.270197e-07, 7.433342e-06, -1.080266e-05, -6.002887e-06
20.700000, 8.066337e-07, 7.612445e-06, -1.062626e-05, -5.599334e-06
20.800000, 7.969321e-07, 7.761060e-06, -1.049698e-05, -5.271095e-06
20.900000, 8.142010e-07, 7.892729e-06, -1.033469e-05, -4.931447e-06
21.000000, 8.764095e-07, 8.058422e-06, -1.011929e-05, -4.640796e-06
21.100000, 9.445690e-07, 8.198787e-06, -9.862834e-06, -4.339233e-06
21.200000, 1.004774e-06, 8.274078e-06, -9.538125e-06, -3.988793e-06
21.300000, 1.101479e-06, 8.354680e-06, -9.179086e-06, -3.615552e-06
21.400000, 1.162370e-06, 8.415702e-06, -8.814514e-06, -3.228631e-06
21.500000, 1.271222e-06, 8.434753e-06, -8.416606e-06, -2.833866e-06
21.600000, 1.424240e-06, 8.431600e-06, -7.963728e-06, -2.477825e-06
21.700000, 1.595940e-06, 8.414029e-06, -7.490086e-06, -2.071371e-06
21.800000, 1.763240e-06, 8.366584e-06, -7.025015e-06, -1.647120e-06
21.900000, 1.867078e-06, 8.232250e-06, -6.572636e-06, -1.304817e-06
22.000000, 2.015092e-06, 8.127379e-06, -6.111745e-06, -9.284103e-07
22.100000, 2.134478e-06, 7.971306e-06, -5.641293e-06, -5.825167e-07
22.200000, 2.238615e-06, 7.772840e-06, -5.164587e-06, -2.808323e-07
22.300000, 2.283337e-06, 7.533695e-06, -4.723994e-06, -7.157611e-08
22.400000, 2.331836e-06, 7.283453e-06, -4.280576e-06, 2.063202e-07
22.500000, 2.387785e-06, 6.948619e-06, -3.862206e-06, 4.226919e-07
22.600000, 2.382320e-06, 6.658977e-06, -3.498172e-06, 6.033196e-07
22.700000, 2.378488e-06, 6.307410e-06, -3.158705e-06, 7.554687e-07
22.800000, 2.293616e-06, 6.003927e-06, -2.873055e-06, 9.223619e-07
22.900000, 2.166612e-06, 5.712643e-06, -2.619006e-06, 9.967329e-07
23.000000, 2.019001e-06, 5.424969e-06, -2.386905e-06, 1.084225e-06
23.100000, 1.857627e-06, 5.144673e-06, -2.232630e-06, 1.124419e-06
23.200000, 1.708924e-06, 4.895040e-06, -2.156222e-06, 1.156660e-06
23.300000, 1.491562e-06, 4.665188e-06, -2.136845e-06, 1.164864e-06
23.400000, 1.193030e-06, 4.483160e-06, -2.152631e-06, 1.137697e-06
23.500000, 9.417898e-07, 4.316918e-06, -2.166152e-06, 1.140894e-06
23.600000, 7.098486e-07, 4.171736e-06, -2.201674e-06, 1.124861e-06
23.700000, 4.725710e-07, 4.072877e-06, -2.274382e-06, 1.161408e-06
23.800000, 2.409218e-07, 4.005854e-06, -2.340229e-06, 1.161978e-06
23.900000, 2.568321e-08, 4.000011e-06, -2.424931e-06, 1.213805e-06
24.000000, -1.831952e-07, 3.983208e-06, -2.470161e-06, 1.315939e-06
24.100000, -3.867261e-07, 4.014601e-06, -2.494896e-06, 1.392408e-06
24.200000, -5.139848e-07, 4.061900e-06, -2.471283e-06, 1.495524e-06
24.300000, -6.526609e-07, 4.145759e-06, -2.415028e-06, 1.608120e-06
24.400000, -7.511231e-07, 4.210991e-06, -2.315923e-06, 1.711389e-06
24.500000, -7.849704e-07, 4.290022e-06, -2.178167e-06, 1.814702e-06
24.600000, -8.234692e-07, 4.331239e-06, -1.961330e-06, 1.926436e-06
24.700000, -8.231078e-07, 4.352792e-06, -1.733130e-06, 2.070302e-06
24.800000, -7.828599e-07, 4.403922e-06, -1.532366e-06, 2.188329e-06
24.900000, -7.224840e-07, 4.451822e-06, -1.257285e-06, 2.266830e-06
25.000000, -6.031305e-07, 4.426608e-06, -9.631953e-07, 2.380049e-06
25.100000, -4.999694e-07, 4.366160e-06, -6.543890e-07, 2.443462e-06
25.200000, -3.339601e-07, 4.315442e-06, -3.408204e-07, 2.512998e-06
25.300000, -2.142117e-07, 4.219313e-06, 1.648649e-08, 2.596721e-06
25.400000, -8.660280e-08, 4.113895e-06, 3.086530e-07, 2.652691e-06
25.500000, 5.251583e-08, 3.980000e-06, 5.875454e-07, 2.727037e-06
25.600000, 1.532848e-07, 3.823648e-06, 8.594572e-07, 2.761497e-06
25.700000, 2.513157e-07, 3.683817e-06, 1.110934e-06, 2.813455e-06
25.800000, 3.831130e-07, 3.511463e-06, 1.320576e-06, 2.852820e-06
25.900000, 5.036428e-07, 3.329156e-06, 1.549723e-06, 2.901446e-06
26.000000, 5.725663e-07, 3.143611e-06, 1.750225e-06, 2.906555e-06
26.100000, 6.755481e-07, 2.939520e-06, 1.910603e-06, 2.915657e-06
26.200000, 7.657868e-07, 2.747229e-06, 2.036208e-06, 2.891995e-06
26.300000, 8.183788e-07, 2.600505e-06, 2.088665e-06, 2.877211e-06
26.400000, 8.454638e-07, 2.441065e-06, 2.145155e-06, 2.823366e-06
26.500000, 8.705363e-07, 2.251104e-06, 2.161676e-06, 2.791126e-06
26.600000, 8.833047e-07, 2.037605e-06, 2.143838e-06, 2.703662e-06
26.700000, 8.921185e-07, 1.852304e-06, 2.134891e-06, 2.593459e-06
26.800000, 8.910262e-07, 1.674744e-06, 2.065597e-06, 2.476128e-06
26.900000, 8.697789e-07, 1.518544e-06, 1.999479e-06, 2.343571e-06
27.000000, 8.841903e-07, 1.375007e-06, 1.938578e-06, 2.237847e-06
27.100000, 9.176303e-07, 1.221728e-06, 1.874907e-06, 2.114609e-06
27.200000, 1.011452e-06, 1.061897e-06, 1.825378e-06, 1.974512e-06
27.300000, 1.077677e-06, 9.210086e-07, 1.784856e-06, 1.816505e-06
27.400000, 1.098574e-06, 7.902202e-07, 1.754988e-06, 1.676017e-06
27.500000, 1.164091e-06, 6.655975e-07, 1.721256e-06, 1.525488e-06
27.600000, 1.250295e-06, 5.373599e-07, 1.719109e-06, 1.367058e-06
27.700000, 1.355527e-06, 4.105086e-07, 1.729960e-06, 1.209453e-06
27.800000, 1.447675e-06, 3.075250e-07, 1.712934e-06, 1.056903e-06
27.900000, 1.543724e-06, 2.070769e-07, 1.720720e-06, 8.704821e-07
28.000000, 1.615722e-06, 1.187688e-07, 1.729973e-06, 7.449355e-07
28.100000, 1.674041e-06, 1.675577e-08, 1.722532e-06, 6.289196e-07
28.200000, 1.737497e-06, -8.113696e-08, 1.706360e-06, 5.155999e-07
28.300000, 1.813258e-06, -1.866210e-07, 1.678559e-06, 3.860964e-07
28.400000, 1.845996e-06, -2.625192e-07, 1.639134e-06, 2.726917e-07
28.500000, 1.893821e-06, -3.693585e-07, 1.587101e-06, 1.501349e-07
28.600000, 1.906271e-06, -4.357583e-07, 1.531581e-06, 4.062539e-08
28.700000, 1.932851e-06, -5.232959e-07, 1.459795e-06, -8.627949e-08
28.800000, 1.936448e-06, -6.110365e-07, 1.394160e-06, -1.609941e-07
28.900000, 1.894166e-06, -6.856606e-07, 1.281226e-06, -2.574702e-07
29.000000, 1.836294e-06, -7.448614e-07, 1.177779e-06, -3.405083e-07
29.100000, 1.736774e-06, -8.142706e-07, 1.065115e-06, -4.319663e-07
29.200000, 1.664779e-06, -8.588057e-07, 9.544129e-07, -4.958552e-07
29.300000, 1.590120e-06, -8.896936e-07, 8.089415e-07, -5.390046e-07
29.400000, 1.502221e-06, -8.878027e-07, 6.582921e-07, -6.101136e-07
29.500000, 1.380667e-06, -8.668662e-07, 5.169021e-07, -6.642006e-07
29.600000, 1.244936e-06, -8.498982e-07, 3.669598e-07, -6.918508e-07
29.700000, 1.110201e-06, -8.042396e-07, 2.109861e-07, -7.043041e-07
29.800000, 9.795876e-07, -7.435318e-07, 5.718066e-08, -7.159095e-07
29.900000, 8.546952e-07, -6.652240e-07, -1.003976e-07, -7.110720e-07
30.000000, 7.209086e-07, -5.931707e-07, -2.682318e-07, -6.961635e-07
30.100000, 5.870596e-07, -5.026237e-07, -3.940240e-07, -6.730011e-07
30.200000, 4.260832e-07, -4.130999e-07, -5.139332e-07, -6.835615e-07
30.300000, 2.960285e-07, -3.159525e-07, -6.132423e-07, -6.226426e-07
30.400000, 1.588792e-07, -1.984624e-07, -7.294633e-07, -5.778583e-07
30.500000, 2.124324e-08, -8.154035e-08, -8.085450e-07, -5.199542e-07
30.600000, -9.864189e-08, 1.996031e-08, -8.740222e-07, -4.480464e-07
30.700000, -2.146433e-07, 1.036984e-07, -9.062622e-07, -3.489845e-07
30.800000, -3.185002e-07, 1.920106e-07, -9.376640e-07, -2.739966e-07
30.900000, -4.129780e-07, 2.756749e-07, -9.510185e-07, -2.109489e-07
31.000000, -5.118061e-07, 3.383722e-07, -9.633512e-07, -1.260875e-07
31.100000, -6.124999e-07, 4.165109e-07, -9.775236e-07, -5.873948e-08
31.200000, -7.075094e-07, 4.767671e-07, -9.670176e-07, -4.568569e-09
31.300000, -7.893176e-07, 5.262146e-07, -9.600202e-07, 5.604462e-08
31.400000, -8.707367e-07, 5.643055e-07, -9.317917e-07, 1.229201e-07
31.500000, -9.287582e-07, 5.973729e-07, -9.209698e-07, 1.905925e-07
31.600000, -9.752836e-07, 6.130717e-07, -9.045835e-07, 2.298827e-07
31.700000, -1.024859e-06, 6.364186e-07, -8.866443e-07, 2.547405e-07
31.800000, -1.041298e-06, 6.560931e-07, -8.700891e-07, 2.904556e-07
31.900000, -1.047697e-06, 6.698454e-07, -8.434227e-07, 3.033251e-07
32.000000, -1.053039e-06, 6.842093e-07, -8.010189e-07, 3.159193e-07
32.100000, -1.037757e-06, 6.865248e-07, -7.683424e-07, 3.335015e-07
32.200000, -1.000693e-06, 6.876285e-07, -7.342872e-07, 3.480108e-07
32.300000, -9.845963e-07, 6.750806e-07, -6.952002e-07, 3.349972e-07
32.400000, -9.342460e-07, 6.675552e-07, -6.525683e-07, 3.266328e-07
32.500000, -8.908382e-07, 6.478077e-07, -6.086568e-07, 3.264723e-07
32.600000, -8.290933e-07, 6.331961e-07, -5.748850e-07, 3.221029e-07
32.700000, -7.722931e-07, 6.129472e-07, -5.272713e-07, 2.995217e-07
32.800000, -7.070201e-07, 5.925935e-07, -4.857661e-07, 2.890796e-07
32.900000, -6.250990e-07, 5.875734e-07, -4.415307e-07, 2.657684e-07
33.000000, -5.509892e-07, 5.819321e-07, -3.910457e-07, 2.431985e-07
33.100000, -4.625570e-07, 5.757535e-07, -3.518290e-07, 2.248689e-07
33.200000, -3.719465e-07, 5.559153e-07, -3.015650e-07, 2.101227e-07
33.300000, -2.772061e-07, 5.526291e-07, -2.710462e-07, 1.815342e-07
33.400000, -1.693143e-07, 5.426457e-07, -2.417810e-07, 1.478259e-07
33.500000, -6.494289e-08, 5.258631e-07, -2.202562e-07, 1.121999e-07
33.600000, 3.918432e-08, 5.134124e-07, -1.942067e-07, 7.617983e-08
33.700000, 1.328173e-07, 4.948617e-07, -1.640094e-07, 4.480717e-08
33.800000, 2.254434e-07, 4.753836e-07, -1.310168e-07, 1.077336e-08
33.900000, 3.256902e-07, 4.680290e-07, -1.132496e-07, -2.469799e-08
34.000000, 4.168596e-07, 4.542523e-07, -9.874100e-08, -5.635542e-08
34.100000, 4.917310e-07, 4.351822e-07, -9.350445e-08, -8.035679e-08
34.200000, 5.564861e-07, 4.334076e-07, -8.527639e-08, -1.117783e-07
34.300000, 6.169413e-07, 4.193943e-07, -8.125231e-08, -1.396457e-07
34.400000, 6.732922e-07, 4.157486e-07, -7.758562e-08, -1.720238e-07
34.500000, 7.326170e-07, 4.088567e-07, -8.208212e-08, -2.163305e-07
34.600000, 7.932033e-07, 4.031920e-07, -9.055991e-08, -2.394746e-07
34.700000, 8.260622e-07, 3.972347e-07, -9.939179e-08, -2.832959e-07
34.800000, 8.562936e-07, 4.022315e-07, -1.227877e-07, -3.015432e-07
34.900000, 8.897666e-07, 3.976991e-07, -1.529540e-07, -3.204000e-07
35.000000, 9.041115e-07, 3.843702e-07, -1.824107e-07, -3.460566e-07
35.100000, 9.124962e-07, 3.738407e-07, -2.051703e-07, -3.699593e-07
35.200000, 9.169813e-07, 3.635396e-07, -2.455015e-07, -3.967506e-07
35.300000, 9.107694e-07, 3.463028e-07, -2.604396e-07, -4.175114e-07
35.400000, 8.952838e-07, 3.450847e-07, -2.858574e-07, -4.420053e-07
35.500000, 8.740028e-07, 3.375614e-07, -3.059923e-07, -4.570962e-07
35.600000, 8.315840e-07, 3.222596e-07, -3.409072e-07, -4.750609e-07
35.700000, 7.963065e-07, 3.121923e-07, -3.691875e-07, -4.768429e-07
35.800000, 7.507481e-07, 3.103009e-07, -3.968481e-07, -4.937604e-07
35.900000, 7.101128e-07, 2.965308e-07, -4.182806e-07, -4.943879e-07
36.000000, 6.567351e-07, 2.864182e-07, -4.472754e-07, -5.053302e-07
36.100000, 6.190905e-07, 2.783207e-07, -4.667789e-07, -5.077857e-07
36.200000, 5.642481e-07, 2.591047e-07, -4.889177e-07, -5.141668e-07
36.300000, 5.164833e-07, 2.470625e-07, -5.106158e-07, -5.122615e-07
36.400000, 4.745485e-07, 2.403229e-07, -5.193171e-07, -5.124418e-07
36.500000, 4.242426e-07, 2.423559e-07, -5.342544e-07, -5.065671e-07
36.600000, 3.861545e-07, 2.330875e-07, -5.448670e-07, -4.897465e-07
36.700000, 3.396133e-07, 2.270270e-07, -5.521628e-07, -4.846041e-07
36.800000, 2.924999e-07, 2.129448e-07, -5.526110e-07, -4.838245e-07
36.900000, 2.591126e-07, 2.051208e-07, -5.533450e-07, -4.681039e-07
37.000000, 2.251981e-07, 1.893814e-07, -5.561982e-07, -4.552006e-07
37.100000, 1.856773e-07, 1.842398e-07, -5.466130e-07, -4.390383e-07
37.200000, 1.385892e-07, 1.759509e-07, -5.329903e-07, -4.180212e-07
37.300000, 1.031300e-07, 1.646630e-07, -5.227719e-07, -4.109081e-07
37.400000, 8.077774e-08, 1.514269e-07, -5.085255e-07, -3.875816e-07
37.500000, 4.778443e-08, 1.391982e-07, -4.902390e-07, -3.759005e-07
37.600000, 3.076309e-08, 1.266821e-07, -4.759659e-07, -3.468973e-07
37.700000, 1.053977e-09, 1.104860e-07, -4.561381e-07, -3.204468e-07
37.800000, -2.403828e-08, 1.006904e-07, -4.360943e-07, -2.995696e-07
37.900000, -3.889268e-08, 9.582851e-08, -4.168258e-07, -2.796387e-07
38.000000, -4.853675e-08, 9.527054e-08, -3.929243e-07, -2.559851e-07
38.100000, -6.400815e-08, 8.454699e-08, -3.682068e-07, -2.320072e-07
38.200000, -7.792472e-08, 8.540695e-08, -3.435812e-07, -2.031212e-07
38.300000, -8.711744e-08, 8.054814e-08, -3.270652e-07, -1.805608e-07
38.400000, -9.852878e-08, 7.644934e-08, -3.094944e-07, -1.540081e-07
38.500000, -1.026644e-07, 7.859102e-08, -2.984381e-07, -1.352954e-07
38.600000, -1.123969e-07, 7.896108e-08, -2.709509e-07, -1.169366e-07
38.700000, -1.134635e-07, 7.963262e-08, -2.469115e-07, -9.060392e-08
38.800000, -1.079108e-07, 8.422246e-08, -2.171865e-07, -7.063784e-08
38.900000, -1.076390e-07, 8.871245e-08, -1.954416e-07, -5.166546e-08
39.000000, -1.047412e-07, 8.407069e-08, -1.804611e-07, -3.663532e-08
39.100000, -1.072151e-07, 7.994369e-08, -1.706757e-07, -1.989336e-08
39.200000, -1.018900e-07, 8.377137e-08, -1.514405e-07, -1.578448e-08
39.300000, -1.093049e-07, 8.579926e-08, -1.328545e-07, -3.448594e-09
39.400000, -1.030088e-07, 8.486351e-08, -1.160020e-07, 6.353240e-09
39.500000, -9.582168e-08, 8.777214e-08, -1.049481e-07, 1.216015e-08
39.600000, -8.915138e-08, 8.808151e-08, -9.571605e-08, 1.233329e-08
39.700000, -8.634133e-08, 8.491926e-08, -8.158536e-08, 1.319384e-08
39.800000, -8.125393e-08, 8.231067e-08, -7.001015e-08, 7.709062e-09
39.900000, -7.694032e-08, 8.218691e-08, -6.434914e-08, 4.518131e-09
40.000000, -6.951460e-08, 7.755867e-08, -5.804567e-08, 4.453267e-09
40.100000, -5.736325e-08, 7.332349e-08, -5.056281e-08, 1.580437e-10
40.200000, -5.190522e-08, 7.182965e-08, -4.875161e-08, -7.314682e-09
40.300000, -4.284991e-08, 6.714964e-08, -3.941057e-08, -1.425744e-08
40.400000, -3.497471e-08, 5.552753e-08, -3.049722e-08, -1.449736e-08
40.500000, -2.449098e-08, 4.875938e-08, -2.664589e-08, -2.053388e-08
40.600000, -1.755988e-08, 4.540528e-08, -2.960626e-08, -2.726712e-08
40.700000, -1.604795e-08, 3.778443e-08, -3.214832e-08, -3.330635e-08
40.800000, -8.571790e-09, 3.238147e-08, -3.733400e-08, -4.207959e-08
40.900000, 1.461271e-09, 2.432924e-08, -3.846248e-08, -4.385740e-08
41.000000, 1.106206e-08, 1.742607e-08, -3.921849e-08, -4.295348e-08
41.100000, 2.043736e-08, 1.036814e-08, -3.893811e-08, -4.347735e-08
41.200000, 3.101255e-08, 3.280722e-09, -4.246073e-08, -4.596005e-08
41.300000, 4.009509e-08, -5.695526e-10, -4.310992e-08, -5.250982e-08
41.400000, 4.385483e-08, -7.346609e-09, -4.730058e-08, -5.905127e-08
41.500000, 5.551340e-08, -1.162124e-08, -4.980083e-08, -6.040642e-08
41.600000, 5.773528e-08, -1.874432e-08, -5.251117e-08, -6.133624e-08
41.700000, 6.275158e-08, -2.462446e-08, -5.253009e-08, -6.370294e-08
41.800000, 6.752281e-08, -3.031767e-08, -5.161903e-08, -6.502173e-08
41.900000, 7.328537e-08, -3.367227e-08, -4.938270e-08, -6.715731e-08
42.000000, 7.068509e-08, -3.554100e-08, -4.857922e-08, -7.535002e-08
42.100000, 7.331483e-08, -3.852835e-08, -4.781847e-08, -7.798385e-08
42.200000, 7.136809e-08, -4.041774e-08, -4.870708e-08, -8.307845e-08
42.300000, 6.809935e-08, -3.942167e-08, -4.569415e-08, -9.023548e-08
42.400000, 6.534220e-08, -4.010669e-08, -4.864488e-08, -9.336107e-08
42.500000, 6.482045e-08, -4.351708e-08, -4.773992e-08, -9.424267e-08
42.600000, 5.895496e-08, -4.266131e-08, -4.842479e-08, -9.711849e-08
42.700000, 5.194673e-08, -4.085216e-08, -4.816761e-08, -9.875670e-08
42.800000, 4.674774e-08, -3.941140e-08, -4.919434e-08, -9.744583e-08
42.900000, 4.722911e-08, -3.637631e-08, -5.097201e-08, -9.581549e-08
43.000000, 4.086564e-08, -3.523513e-08, -5.100814e-08, -9.592810e-08
43.100000, 4.001191e-08, -3.291330e-08, -5.328566e-08, -9.455486e-08
43.200000, 3.184842e-08, -2.715598e-08, -5.230269e-08, -9.299643e-08
43.300000, 2.291455e-08, -2.277369e-08, -5.506581e-08, -9.097535e-08
43.400000, 2.089131e-08, -1.872605e-08, -5.506552e-08, -8.884479e-08
43.500000, 1.749995e-08, -1.711828e-08, -5.529792e-08, -8.302752e-08
43.600000, 1.433096e-08, -1.424306e-08, -5.523653e-08, -7.831380e-08
43.700000, 1.247913e-08, -1.169103e-08, -6.057239e-08, -7.376074e-08
43.800000, 1.230831e-08, -8.347897e-09, -6.150752e-08, -6.884986e-08
43.900000, 8.902780e-09, -4.119740e-09, -6.303093e-08, -6.679537e-08
44.000000, 6.989177e-09, -1.141932e-09, -6.392666e-08, -6.269209e-08
44.100000, 6.714243e-09, -8.730135e-10, -6.704571e-08, -5.973375e-08
44.200000, 6.075217e-09, 1.043451e-09, -6.892776e-08, -5.449421e-08
44.300000, 6.508739e-09, 2.391748e-09, -7.161781e-08, -4.636623e-08
44.400000, 4.279396e-09, 5.305010e-09, -7.175904e-08, -4.065884e-08
44.500000, 4.073968e-09, 9.870853e-09, -7.158242e-08, -3.670686e-08
44.600000, 6.044710e-09, 1.131522e-08, -6.778475e-08, -3.304664e-08
44.700000, 7.585064e-09, 1.187945e-08, -6.773978e-08, -2.934408e-08
44.800000, 1.055609e-08, 1.399435e-08, -6.359553e-08, -2.791496e-08
44.900000, 8.393865e-09, 1.603187e-08, -6.045592e-08, -2.568444e-08
45.000000, 9.269680e-09, 1.803704e-08, -5.930104e-08, -1.940193e-08
45.100000, 8.194790e-09, 1.785313e-08, -5.573596e-08, -1.382286e-08
45.200000, 7.410954e-09, 1.800404e-08, -5.330408e-08, -1.287677e-08
45.300000, 6.672226e-09, 2.000962e-08, -4.796233e-08, -8.541905e-09
45.400000, 6.784144e-09, 2.068643e-08, -4.502840e-08, -6.615408e-09
45.500000, 7.706452e-09, 2.292220e-08, -4.185802e-08, -5.380745e-09
45.600000, 7.338282e-09, 2.484328e-08, -3.790880e-08, -4.178030e-09
45.700000, 7.407102e-09, 2.678171e-08, -3.550885e-08, -1.070788e-09
45.800000, 7.239718e-09, 2.791941e-08, -3.490878e-08, 7.777026e-10
45.900000, 8.964822e-09, 2.948490e-08, -3.208637e-08, 2.971926e-09
46.000000, 7.585289e-09, 3.015298e-08, -3.011626e-08, 4.012121e-09
46.100000, 7.268204e-09, 3.132527e-08, -2.761512e-08, 6.624725e-09
46.200000, 7.635390e-09, 3.333501e-08, -2.425942e-08, 6.757369e-09
46.300000, 8.103303e-09, 3.444281e-08, -2.287811e-08, 6.054458e-09
46.400000, 1.052205e-08, 3.327396e-08, -2.138500e-08, 6.726179e-09
46.500000, 1.016538e-08, 3.355225e-08, -1.874609e-08, 6.567642e-09
46.600000, 8.611750e-09, 3.447266e-08, -1.622654e-08, 7.351435e-09
46.700000, 8.541807e-09, 3.602643e-08, -1.514828e-08, 7.010842e-09
46.800000, 9.868519e-09, 3.552796e-08, -1.335398e-08, 9.879880e-09
46.900000, 1.128485e-08, 3.782981e-08, -1.081119e-08, 8.508684e-09
47.000000, 1.113779e-08, 3.721855e-08, -1.013399e-08, 9.043603e-09
47.100000, 1.228668e-08, 3.760824e-08, -8.619520e-09, 1.022761e-08
47.200000, 1.290029e-08, 3.824576e-08, -8.051548e-09, 1.221548e-08
47.300000, 1.363735e-08, 3.882379e-08, -7.580455e-09, 1.160502e-08
47.400000, 1.429406e-08, 3.985529e-08, -8.805939e-09, 1.030596e-08
47.500000, 1.462812e-08, 3.972446e-08, -9.595716e-09, 1.147499e-08
47.600000, 1.603944e-08, 3.999190e-08, -8.878339e-09, 1.128638e-08
47.700000, 1.473931e-08, 3.733333e-08, -6.838436e-09, 1.237841e-08
47.800000, 1.543543e-08, 3.615077e-08, -6.635232e-09, 1.421634e-08
47.900000, 1.531861e-08, 3.517502e-08, -5.286348e-09, 1.511306e-08
48.000000, 1.546760e-08, 3.489763e-08, -5.505324e-09, 1.657234e-08
48.100000, 1.554377e-08, 3.434320e-08, -5.110800e-09, 1.667644e-08
48.200000, 1.539758e-08, 3.344268e-08, -3.103550e-09, 1.574033e-08
48.300000, 1.566398e-08, 3.176042e-08, -1.058204e-09, 1.568824e-08
48.400000, 1.437618e-08, 3.061043e-08, 7.515192e-10, 1.498805e-08
48.500000, 1.645167e-08, 2.976867e-08, 8.649734e-10, 1.627993e-08
48.600000, 1.549673e-08, 2.934277e-08, 1.911350e-09, 1.427096e-08
48.700000, 1.361173e-08, 2.971851e-08, 2.697561e-09, 1.308656e-08
48.800000, 1.315861e-08, 2.878801e-08, 3.135336e-09, 1.161171e-08
48.900000, 1.368041e-08, 2.725644e-08, 3.513984e-09, 1.015990e-08
49.000000, 1.391220e-08, 2.705139e-08, 4.408239e-09, 8.592606e-09
49.100000, 1.269444e-08, 2.686156e-08, 4.138236e-09, 6.675582e-09
49.200000, 1.265468e-08, 2.724714e-08, 4.031246e-09, 5.645182e-09
49.300000, 1.015444e-08, 2.696002e-08, 3.502884e-09, 3.693481e-09
49.400000, 9.417445e-09, 2.625410e-08, 4.219827e-09, 3.474484e-09
49.500000, 7.704065e-09, 2.579202e-08, 3.878282e-09, 3.306623e-09
49.600000, 6.875152e-09, 2.587168e-08, 2.842404e-09, 2.704133e-09
49.700000, 6.177788e-09, 2.617882e-08, 2.171174e-09, 1.372249e-09
49.800000, 6.902988e-09, 2.504374e-08, 1.961331e-09, 1.016358e-09
49.900000, 7.239539e-09, 2.485964e-08, 9.994519e-10, 6.554148e-10
50.000000, 6.218404e-09, 2.500965e-08, 8.005460e-10, 9.123090e-10
50.100000, 6.453316e-09, 2.479812e-08, 4.980937e-12, 2.314950e-10
50.200000, 6.557025e-09, 2.400824e-08, -3.797267e-10, 8.135793e-10
50.300000, 7.998564e-09, 2.322604e-08, -1.429674e-09, 1.416592e-09
50.400000, 8.532047e-09, 2.249983e-08, -2.110630e-09, 1.365716e-09
50.500000, 9.109984e-09, 2.179265e-08, -2.812760e-09, 1.997987e-09
50.600000, 9.731901e-09, 2.076783e-08, -3.630031e-09, 2.111200e-09
50.700000, 9.194448e-09, 2.058084e-08, -3.880981e-09, 9.898723e-10
50.800000, 9.495201e-09, 2.013054e-08, -4.299839e-09, 8.366533e-10
50.900000, 9.428596e-09, 1.995833e-08, -4.922247e-09, 1.699785e-09
51.000000, 9.869357e-09, 1.825199e-08, -5.393649e-09, 1.477454e-09
51.100000, 9.968816e-09, 1.733456e-08, -4.771656e-09, 1.192212e-09
51.200000, 1.020937e-08, 1.643649e-08, -4.295595e-09, 1.074183e-09
51.300000, 1.095604e-08, 1.569932e-08, -4.134696e-09, 1.815074e-09
51.400000, 1.083974e-08, 1.459296e-08, -4.360984e-09, 6.267046e-10
51.500000, 1.116411e-08, 1.415790e-08, -3.738641e-09, -1.972241e-10
51.600000, 1.154022e-08, 1.359548e-08, -3.233504e-09, -2.972953e-10
51.700000, 1.143982e-08, 1.321693e-08, -2.080511e-09, -1.053622e-09
51.800000, 1.085777e-08, 1.303499e-08, -1.883304e-09, -1.907667e-09
51.900000, 1.115571e-08, 1.238969e-08, -2.082901e-09, -1.593911e-09
52.000000, 1.047450e-08, 1.143987e-08, -2.032764e-09, -1.770966e-09
52.100000, 9.649191e-09, 1.163979e-08, -2.285549e-09, -2.484268e-09
52.200000, 9.117067e-09, 1.130597e-08, -2.606784e-09, -2.343307e-09
52.300000, 8.384699e-09, 1.136573e-08, -2.751373e-09, -2.985638e-09
52.400000, 7.949943e-09, 1.150950e-08, -3.521332e-09, -3.303257e-09
52.500000, 7.957754e-09, 1.112884e-08, -3.420558e-09, -2.845331e-09
52.600000, 7.687084e-09, 1.069156e-08, -4.144910e-09, -2.804710e-09
52.700000, 7.600580e-09, 1.009981e-08, -4.595342e-09, -2.655283e-09
52.800000, 7.542776e-09, 9.577628e-09, -5.414754e-09, -2.468539e-09
52.900000, 7.572773e-09, 9.736971e-09, -5.720405e-09, -2.488539e-09
53.000000, 7.629802e-09, 9.659751e-09, -6.177654e-09, -1.624388e-09
53.100000, 7.782628e-09, 9.043512e-09, -7.157960e-09, -1.348416e-09
53.200000, 8.105598e-09, 8.578822e-09, -7.619435e-09, -8.378535e-10
53.300000, 8.100538e-09, 8.202279e-09, -8.373503e-09, -1.039981e-09
53.400000, 8.107064e-09, 7.620744e-09, -8.180093e-09, -7.511595e-10
53.500000, 7.805066e-09, 7.028838e-09, -8.557336e-09, -5.506134e-10
53.600000, 7.900368e-09, 6.504568e-09, -9.189117e-09, -1.459430e-10
53.700000, 8.117610e-09, 6.327118e-09, -9.564809e-09, 7.662818e-10
53.800000, 8.109424e-09, 5.770540e-09, -9.862141e-09, 9.800046e-10
53.900000, 7.948509e-09, 5.285521e-09, -1.001095e-08, 1.067623e-09
54.000000, 8.124152e-09, 4.946833e-09, -1.007024e-08, 8.637335e-10
54.100000, 8.290380e-09, 4.210667e-09, -9.811390e-09, 7.875963e-10
54.200000, 8.167012e-09, 4.033426e-09, -9.714504e-09, 8.443166e-10
54.300000, 8.539050e-09, 3.589424e-09, -9.382219e-09, 9.122008e-10
54.400000, 8.073926e-09, 2.990538e-09, -9.245239e-09, 8.316743e-10
54.500000, 7.660586e-09, 2.814969e-09, -9.135479e-09, 4.614568e-10
54.600000, 7.721271e-09, 2.838136e-09, -8.659927e-09, 5.891135e-10
54.700000, 7.051627e-09, 2.511933e-09, -8.448568e-09, 5.584927e-10
54.800000, 6.740463e-09, 2.373787e-09, -8.259220e-09, 2.718166e-10
54.900000, 6.271952e-09, 2.209773e-09, -8.113770e-09, 2.753446e-12
55.000000, 5.924526e-09, 1.981949e-09, -7.621914e-09, -4.027436e-10
55.100000, 5.075423e-09, 1.982324e-09, -7.291710e-09, -5.523413e-10
55.200000, 4.591807e-09, 2.022604e-09, -7.259082e-09, -6.733215e-10
55.300000, 4.111124e-09, 2.195737e-09, -7.580464e-09, -5.293827e-10
55.400000, 3.442801e-09, 2.156286e-09, -7.666381e-09, -8.416521e-10
55.500000, 3.267048e-09, 2.189140e-09, -7.595789e-09, -1.055682e-09
55.600000, 3.161562e-09, 2.233399e-09, -7.396726e-09, -1.046525e-09
55.700000, 2.757356e-09, 2.182601e-09, -7.437811e-09, -1.272353e-09
55.800000, 2.694860e-09, 2.348683e-09, -7.633873e-09, -1.522547e-09
55.900000, 2.605568e-09, 2.620103e-09, -7.563545e-09, -1.774847e-09
56.000000, 2.209434e-09, 2.637069e-09, -7.189983e-09, -1.718031e-09
56.100000, 2.015668e-09, 2.718147e-09, -7.189861e-09, -1.627146e-09
56.200000, 2.380116e-09, 2.723717e-09, -6.896802e-09, -1.586803e-09
56.300000, 2.360794e-09, 2.857091e-09, -6.540364e-09, -1.707522e-09
56.400000, 2.181811e-09, 2.748352e-09, -6.292382e-09, -1.758736e-09
56.500000, 2.170806e-09, 2.599591e-09, -6.239432e-09, -1.716804e-09
56.600000, 1.814012e-09, 2.431575e-09, -6.127850e-09, -1.942368e-09
56.700000, 1.619330e-09, 2.439407e-09, -5.895260e-09, -2.152537e-09
56.800000, 1.404176e-09, 2.321386e-09, -5.861230e-09, -2.309299e-09
56.900000, 1.147242e-09, 2.218989e-09, -5.672338e-09, -2.128811e-09
57.000000, 1.054389e-09, 2.262757e-09, -5.405665e-09, -1.936416e-09
57.100000, 1.362725e-09, 2.274868e-09, -5.101749e-09, -2.134863e-09
57.200000, 1.296378e-09, 2.246076e-09, -5.131062e-09, -2.284537e-09
57.300000, 1.270308e-09, 2.170796e-09, -4.713260e-09, -2.554413e-09
57.400000, 1.039121e-09, 2.123948e-09, -4.478062e-09, -2.745114e-09
57.500000, 1.031564e-09, 1.885940e-09, -4.379570e-09, -2.831876e-09
57.600000, 9.055481e-10, 1.929569e-09, -4.170300e-09, -3.006383e-09
57.700000, 7.737426e-10, 1.954883e-09, -3.806306e-09, -3.136973e-09
57.800000, 7.801713e-10, 1.876818e-09, -3.527267e-09, -3.391231e-09
57.900000, 7.867627e-10, 1.613208e-09, -3.314370e-09, -3.111229e-09
58.000000, 5.083028e-10, 1.539290e-09, -3.069524e-09, -3.402879e-09
58.100000, 2.813979e-10, 1.545269e-09, -2.852212e-09, -3.376089e-09
58.200000, 7.954915e-11, 1.627729e-09, -2.845666e-09, -3.606861e-09
58.300000, 2.242889e-11, 1.570065e-09, -2.806615e-09, -3.742451e-09
58.400000, -2.337385e-10, 1.534281e-09, -2.783745e-09, -3.857706e-09
58.500000, -1.591285e-10, 1.564181e-09, -2.839297e-09, -3.995816e-09
58.600000, -2.757397e-10, 1.672541e-09, -2.693741e-09, -3.798835e-09
58.700000, -4.183668e-12, 1.790342e-09, -2.700681e-09, -3.770520e-09
58.800000, 2.010946e-10, 1.618602e-09, -2.695844e-09, -3.821913e-09
58.900000, 2.781602e-10, 1.727196e-09, -2.889379e-09, -3.667630e-09
59.000000, 3.863236e-10, 1.655382e-09, -2.790096e-09, -3.607794e-09
59.100000, 4.772004e-10, 1.660833e-09, -2.885657e-09, -3.566756e-09
59.200000, 6.880150e-10, 1.539407e-09, -2.886084e-09, -3.501100e-09
59.300000, 6.253740e-10, 1.458941e-09, -2.851344e-09, -3.348012e-09
59.400000, 7.613526e-10, 1.360220e-09, -2.870219e-09, -3.120913e-09
59.500000, 7.149919e-10, 1.330008e-09, -2.753448e-09, -3.086931e-09
59.600000, 7.100101e-10, 1.189675e-09, -2.696806e-09, -2.943794e-09
59.700000, 6.725602e-10, 1.080025e-09, -2.704978e-09, -2.817558e-09
59.800000, 7.235115e-10, 1.074535e-09, -2.701130e-09, -2.651306e-09
59.900000, 7.317774e-10, 1.015552e-09, -2.732390e-09, -2.645746e-09
60.000000, 8.387106e-10, 8.668717e-10, -2.738297e-09, -2.412413e-09
60.100000, 9.604783e-10, 6.440137e-10, -2.710751e-09, -2.374688e-09
60.200000, 9.063857e-10, 5.522327e-10, -2.730449e-09, -2.391589e-09
60.300000, 9.614956e-10, 5.280782e-10, -2.689619e-09, -2.143177e-09
60.400000, 1.026633e-09, 4.321317e-10, -2.605993e-09, -2.014789e-09
60.500000, 1.049946e-09, 3.913816e-10, -2.582889e-09, -1.961584e-09
60.600000, 1.114887e-09, 3.348471e-10, -2.535482e-09, -1.894466e-09
60.700000, 1.214570e-09, 2.434469e-10, -2.498534e-09, -1.769269e-09
60.800000, 1.187173e-09, 2.246982e-10, -2.528499e-09, -1.687673e-09
60.900000, 9.887002e-10, 2.283769e-10, -2.428574e-09, -1.621422e-09
61.000000, 8.150607e-10, 2.761026e-10, -2.391573e-09, -1.618960e-09
61.100000, 7.147618e-10, 3.686822e-10, -2.367669e-09, -1.501398e-09
61.200000, 6.022595e-10, 4.299212e-10, -2.311077e-09, -1.463844e-09
61.300000, 5.938518e-10, 4.534246e-10, -2.324058e-09, -1.384423e-09
61.400000, 5.631565e-10, 4.079323e-10, -2.316575e-09, -1.232618e-09
61.500000, 5.026672e-10, 4.525837e-10, -2.307796e-09, -1.187029e-09
61.600000, 4.854943e-10, 4.848679e-10, -2.261528e-09, -1.129675e-09
61.700000, 5.919612e-10, 5.091420e-10, -2.330318e-09, -1.032316e-09
61.800000, 5.248688e-10, 4.812114e-10, -2.312727e-09, -9.937610e-10
61.900000, 4.406280e-10, 5.692848e-10, -2.279734e-09, -8.704232e-10
62.000000, 4.233012e-10, 5.106504e-10, -2.162784e-09, -7.745062e-10
62.100000, 4.773839e-10, 5.298003e-10, -2.064223e-09, -6.640755e-10
62.200000, 4.265373e-10, 5.244635e-10, -1.967228e-09, -5.813803e-10
62.300000, 4.687274e-10, 5.578719e-10, -1.864046e-09, -5.361975e-10
62.400000, 4.202761e-10, 5.732806e-10, -1.861219e-09, -5.018220e-10
62.500000, 3.608688e-10, 5.860456e-10, -1.814163e-09, -4.753974e-10
62.600000, 2.475508e-10, 5.124418e-10, -1.738656e-09, -5.052554e-10
62.700000, 3.156140e-10, 5.220200e-10, -1.685278e-09, -4.250378e-10
62.800000, 3.022506e-10, 4.990211e-10, -1.653571e-09, -3.476021e-10
62.900000, 2.811401e-10, 4.922534e-10, -1.584244e-09, -3.376228e-10
63.000000, 3.282180e-10, 4.033856e-10, -1.509081e-09, -3.308687e-10
63.100000, 3.837885e-10, 3.996454e-10, -1.446664e-09, -2.313310e-10
63.200000, 3.891544e-10, 3.751028e-10, -1.362930e-09, -2.708892e-10
63.300000, 3.708902e-10, 3.686445e-10, -1.313327e-09, -2.962328e-10
63.400000, 4.291169e-10, 3.380736e-10, -1.305590e-09, -2.910284e-10
63.500000, 3.940852e-10, 3.452400e-10, -1.227774e-09, -3.376609e-10
63.600000, 3.498748e-10, 3.599069e-10, -1.124566e-09, -3.622399e-10
63.700000, 3.473052e-10, 3.539850e-10, -1.063914e-09, -3.340993e-10
63.800000, 3.646559e-10, 3.632636e-10, -1.015320e-09, -3.059251e-10
63.900000, 3.469735e-10, 3.904088e-10, -8.659095e-10, -3.180415e-10
64.000000, 3.512218e-10, 4.203489e-10, -8.163256e-10, -3.110284e-10
64.100000, 3.534478e-10, 4.134811e-10, -7.660063e-10, -3.004668e-10
64.200000, 3.364232e-10, 4.224914e-10, -7.151908e-10, -2.976111e-10
64.300000, 3.477483e-10, 4.164483e-10, -6.796549e-10, -3.281416e-10
64.400000, 3.681441e-10, 4.251093e-10, -6.123712e-10, -3.397399e-10
64.500000, 3.473443e-10, 4.433623e-10, -5.768641e-10, -3.616129e-10
64.600000, 3.774856e-10, 4.373394e-10, -5.479138e-10, -3.481648e-10
64.700000, 3.770092e-10, 4.651543e-10, -5.302842e-10, -3.627091e-10
64.800000, 3.991021e-10, 4.833518e-10, -5.003992e-10, -3.438353e-10
64.900000, 3.816539e-10, 5.032700e-10, -4.843595e-10, -3.822019e-10
65.000000, 3.824120e-10, 5.138194e-10, -4.738623e-10, -3.815567e-10
65.100000, 4.401203e-10, 5.283446e-10, -4.772443e-10, -3.649646e-10
65.200000, 4.428013e-10, 5.262464e-10, -4.497737e-10, -3.709968e-10
65.300000, 4.272491e-10, 5.326309e-10, -4.497360e-10, -3.504552e-10
65.400000, 4.210275e-10, 5.015867e-10, -4.295737e-10, -3.166607e-10
65.500000, 4.405092e-10, 4.974093e-10, -4.320480e-10, -2.608266e-10
65.600000, 4.709313e-10, 4.920944e-10, -4.134076e-10, -2.397240e-10
65.700000, 4.978964e-10, 5.093074e-10, -4.190187e-10, -2.244837e-10
65.800000, 5.017891e-10, 4.736701e-10, -4.346605e-10, -2.216739e-10
65.900000, 4.846574e-10, 4.568400e-10, -4.353199e-10, -2.238449e-10
66.000000, 5.292401e-10, 4.279047e-10, -4.187847e-10, -1.837811e-10
66.100000, 5.430822e-10, 4.580456e-10, -4.194822e-10, -1.681571e-10
66.200000, 5.380362e-10, 4.396671e-10, -4.193468e-10, -1.570982e-10
66.300000, 5.201312e-10, 4.379378e-10, -4.211398e-10, -1.504217e-10
66.400000, 5.186395e-10, 4.270019e-10, -4.279948e-10, -1.378436e-10
66.500000, 5.105608e-10, 4.282600e-10, -4.263938e-10, -1.468261e-10
66.600000, 4.814158e-10, 4.157737e-10, -4.386494e-10, -1.583016e-10
66.700000, 4.793821e-10, 4.279403e-10, -4.458905e-10, -1.400153e-10
66.800000, 4.836331e-10, 4.190327e-10, -4.406311e-10, -1.246175e-10
66.900000, 4.676903e-10, 4.301738e-10, -4.374158e-10, -1.181923e-10
67.000000, 4.550583e-10, 4.269702e-10, -4.360326e-10, -9.504585e-11
67.100000, 4.353498e-10, 4.253223e-10, -4.206048e-10, -8.395088e-11
67.200000, 4.170097e-10, 4.181277e-10, -4.063811e-10, -9.465678e-11
67.300000, 4.032328e-10, 4.266958e-10, -3.808406e-10, -8.651643e-11
67.400000, 3.963147e-10, 4.161308e-10, -3.643271e-10, -8.630626e-11
67.500000, 3.781510e-10, 4.352056e-10, -3.614375e-10, -7.938550e-11
67.600000, 3.772361e-10, 4.446633e-10, -3.471572e-10, -7.217246e-11
67.700000, 3.797314e-10, 4.583377e-10, -3.405079e-10, -7.499221e-11
67.800000, 3.683177e-10, 4.480085e-10, -3.378567e-10, -4.721731e-11
67.900000, 3.589016e-10, 4.508302e-10, -3.279975e-10, -2.743761e-11
68.000000, 3.366531e-10, 4.422697e-10, -3.274719e-10, -2.808535e-11
68.100000, 3.176114e-10, 4.484806e-10, -3.268240e-10, -2.094759e-11
68.200000, 2.952559e-10, 4.366076e-10, -3.253665e-10, -2.333143e-11
68.300000, 2.956071e-10, 4.344995e-10, -3.245469e-10, -1.404534e-11
68.400000, 2.834290e-10, 4.231696e-10, -3.088060e-10, 2.714852e-12
68.500000, 2.838428e-10, 4.236067e-10, -3.038585e-10, 1.667076e-11
68.600000, 2.746340e-10, 4.023266e-10, -3.030181e-10, 1.781392e-11
68.700000, 2.687520e-10, 4.072015e-10, -2.996995e-10, 2.264351e-11
68.800000, 2.553089e-10, 4.006119e-10, -2.855248e-10, 3.756373e-11
68.900000, 2.392890e-10, 4.089446e-10, -2.853334e-10, 4.112366e-11
69.000000, 2.284659e-10, 3.947332e-10, -2.732438e-10, 4.742406e-11
69.100000, 2.288762e-10, 4.026752e-10, -2.627590e-10, 4.622619e-11
69.200000, 2.371930e-10, 3.954444e-10, -2.499884e-10, 5.558408e-11
69.300000, 2.350069e-10, 3.922928e-10, -2.386315e-10, 6.048420e-11
69.400000, 2.212704e-10, 3.787262e-10, -2.334496e-10, 5.893207e-11
69.500000, 2.103220e-10, 3.811784e-10, -2.215981e-10, 6.341260e-11
69.600000, 1.981900e-10, 3.678912e-10, -2.083913e-10, 5.114692e-11
69.700000, 1.799974e-10, 3.800967e-10, -2.048401e-10, 5.561722e-11
69.800000, 1.733972e-10, 3.709925e-10, -1.971491e-10, 5.068271e-11
69.900000, 1.601579e-10, 3.726561e-10, -1.894591e-10, 4.626289e-11
70.000000, 1.634634e-10, 3.673878e-10, -1.771022e-10, 4.891119e-11
70.100000, 1.669901e-10, 3.691320e-10, -1.668737e-10, 4.992845e-11
70.200000, 1.560906e-10, 3.539624e-10, -1.558904e-10, 4.044920e-11
70.300000, 1.519042e-10, 3.639339e-10, -1.543834e-10, 4.360504e-11
70.400000, 1.534697e-10, 3.514861e-10, -1.482081e-10, 3.831647e-11
70.500000, 1.468405e-10, 3.513757e-10, -1.433385e-10, 2.552567e-11
70.600000, 1.324657e-10, 3.386703e-10, -1.457110e-10, 1.742958e-11
70.700000, 1.412116e-10, 3.310601e-10, -1.407338e-10, 2.565603e-11
70.800000, 1.368751e-10, 3.174071e-10, -1.363845e-10, 1.848304e-11
70.900000, 1.399918e-10, 3.219002e-10, -1.289479e-10, 1.538372e-11
71.000000, 1.361961e-10, 3.060294e-10, -1.222122e-10, 9.850317e-12
71.100000, 1.354502e-10, 3.020169e-10, -1.219119e-10, 7.865417e-12
71.200000, 1.312914e-10, 2.835293e-10, -1.189339e-10, 2.227557e-12
71.300000, 1.247911e-10, 2.860233e-10, -1.217410e-10, -2.991833e-12
71.400000, 1.200382e-10, 2.760607e-10, -1.212502e-10, -6.657676e-12
71.500000, 1.184520e-10, 2.761637e-10, -1.232758e-10, -1.047787e-11
71.600000, 1.176886e-10, 2.637184e-10, -1.196827e-10, -1.563268e-11
71.700000, 1.262824e-10, 2.628971e-10, -1.149526e-10, -1.269759e-11
71.800000, 1.227546e-10, 2.467208e-10, -1.137891e-10, -1.569622e-11
71.900000, 1.222681e-10, 2.458414e-10, -1.127940e-10, -1.950898e-11
72.000000, 1.157713e-10, 2.298145e-10, -1.112099e-10, -2.510517e-11
72.100000, 1.205905e-10, 2.235931e-10, -1.100989e-10, -2.279554e-11
72.200000, 1.148312e-10, 2.125023e-10, -1.096471e-10, -2.528223e-11
72.300000, 1.165358e-10, 2.076406e-10, -1.078553e-10, -2.146850e-11
72.400000, 1.098277e-10, 1.935382e-10, -1.060586e-10, -2.737628e-11
72.500000, 1.143072e-10, 1.928729e-10, -1.057401e-10, -2.367255e-11
72.600000, 1.092030e-10, 1.793711e-10, -1.046898e-10, -2.593997e-11
72.700000, 1.064055e-10, 1.774810e-10, -1.074930e-10, -2.506068e-11
72.800000, 1.036684e-10, 1.670294e-10, -1.122677e-10, -2.727325e-11
72.900000, 1.073807e-10, 1.668330e-10, -1.152658e-10, -2.654204e-11
73.000000, 1.032672e-10, 1.553617e-10, -1.167890e-10, -3.137546e-11
73.100000, 1.063755e-10, 1.544945e-10, -1.183749e-10, -2.739031e-11
73.200000, 1.046278e-10, 1.394386e-10, -1.187426e-10, -2.801498e-11
73.300000, 1.083397e-10, 1.355424e-10, -1.204298e-10, -2.538424e-11
73.400000, 1.054189e-10, 1.220410e-10, -1.194933e-10, -2.571127e-11
73.500000, 1.039025e-10, 1.178028e-10, -1.200232e-10, -2.148199e-11
73.600000, 9.861583e-11, 1.058014e-10, -1.199155e-10, -1.974060e-11
73.700000, 9.876436e-11, 1.055465e-10, -1.218072e-10, -1.439212e-11
73.800000, 9.308236e-11, 9.619154e-11, -1.222050e-10, -1.527058e-11
73.900000, 8.918832e-11, 9.534974e-11, -1.235563e-10, -1.292014e-11
74.000000, 8.518117e-11, 8.554110e-11, -1.237339e-10, -1.151034e-11
74.100000, 8.501866e-11, 8.507759e-11, -1.240174e-10, -6.989674e-12
74.200000, 8.018789e-11, 7.735652e-11, -1.245067e-10, -9.260137e-12
74.300000, 7.820612e-11, 7.705865e-11, -1.248832e-10, -7.297965e-12
74.400000, 7.511789e-11, 6.919509e-11, -1.256962e-10, -7.411913e-12
74.500000, 7.540076e-11, 7.008089e-11, -1.270919e-10, -4.610373e-12
74.600000, 7.071354e-11, 6.155241e-11, -1.271627e-10, -5.187274e-12
74.700000, 7.296902e-11, 6.239537e-11, -1.271451e-10, -1.380602e-12
74.800000, 7.015085e-11, 5.357480e-11, -1.266914e-10, -1.056316e-12
74.900000, 7.093187e-11, 5.374903e-11, -1.260945e-10, 1.762643e-12
75.000000, 6.615729e-11, 4.660078e-11, -1.247849e-10, 9.798936e-13
75.100000, 6.680077e-11, 4.803809e-11, -1.247686e-10, 3.782507e-12
75.200000, 6.136279e-11, 4.161283e-11, -1.225313e-10, 2.775022e-12
75.300000, 6.060673e-11, 4.405563e-11, -1.213161e-10, 4.716944e-12
75.400000, 5.697173e-11, 3.594323e-11, -1.183868e-10, 4.217370e-12
75.500000, 5.557835e-11, 3.713203e-11, -1.177765e-10, 5.103736e-12
75.600000, 5.223035e-11, 3.102701e-11, -1.153188e-10, 3.140531e-12
75.700000, 5.392351e-11, 3.171012e-11, -1.140526e-10, 6.008630e-12
75.800000, 5.035585e-11, 2.463148e-11, -1.123842e-10, 3.833983e-12
75.900000, 5.002380e-11, 2.575803e-11, -1.113756e-10, 6.370584e-12
76.000000, 4.547782e-11, 1.878210e-11, -1.083729e-10, 4.873181e-12
76.100000, 4.633474e-11, 2.042342e-11, -1.070703e-10, 5.811403e-12
76.200000, 4.441940e-11, 1.431721e-11, -1.043414e-10, 5.466702e-12
76.300000, 4.499067e-11, 1.620917e-11, -1.023195e-10, 5.908162e-12
76.400000, 4.120972e-11, 1.053904e-11, -1.003740e-10, 4.257404e-12
76.500000, 4.160568e-11, 1.270162e-11, -9.807701e-11, 6.292838e-12
76.600000, 3.804145e-11, 7.927918e-12, -9.498868e-11, 4.378602e-12
76.700000, 3.739141e-11, 1.097917e-11, -9.283074e-11, 4.444806e-12
76.800000, 3.349278e-11, 6.111781e-12, -8.954795e-11, 2.571083e-12
76.900000, 3.409808e-11, 8.767701e-12, -8.700985e-11, 4.655633e-12
77.000000, 3.005460e-11, 3.780182e-12, -8.395314e-11, 2.710096e-12
77.100000, 2.992691e-11, 6.096317e-12, -8.163899e-11, 3.336152e-12
77.200000, 2.697684e-11, 1.502037e-12, -7.907280e-11, 1.807552e-12
77.300000, 2.805448e-11, 3.794863e-12, -7.733876e-11, 2.896156e-12
77.400000, 2.448848e-11, -7.406557e-13, -7.507469e-11, 8.490271e-13
77.500000, 2.483396e-11, 2.362375e-12, -7.367334e-11, 1.659658e-12
77.600000, 2.188726e-11, -2.285393e-12, -7.142847e-11, 5.593654e-13
77.700000, 2.229009e-11, 9.024203e-13, -7.000041e-11, 1.197155e-12
77.800000, 2.023253e-11, -2.445000e-12, -6.756673e-11, -9.027092e-13
77.900000, 2.052192e-11, 6.751848e-13, -6.542958e-11, -5.378002e-13
78.000000, 1.817752e-11, -3.277994e-12, -6.333646e-11, -2.430151e-12
78.100000, 1.918069e-11, -1.384824e-13, -6.200475e-11, -1.584628e-12
78.200000, 1.676437e-11, -4.083753e-12, -5.978018e-11, -3.662422e-12
78.300000, 1.784510e-11, -1.110733e-12, -5.866214e-11, -2.517702e-12
78.400000, 1.565944e-11, -4.730628e-12, -5.662241e-11, -3.422615e-12
78.500000, 1.634663e-11, -1.951927e-12, -5.541018e-11, -2.263930e-12
78.600000, 1.404235e-11, -6.100469e-12, -5.369052e-11, -3.556756e-12
78.700000, 1.510810e-11, -3.471419e-12, -5.214973e-11, -2.271428e-12
78.800000, 1.234570e-11, -7.483625e-12, -4.990930e-11, -3.409384e-12
78.900000, 1.334569e-11, -4.468432e-12, -4.860570e-11, -2.349915e-12
79.000000, 1.116932e-11, -7.736584e-12, -4.664839e-11, -3.452809e-12
79.100000, 1.197690e-11, -4.732464e-12, -4.541739e-11, -2.684506e-12
79.200000, 9.420208e-12, -8.118132e-12, -4.361883e-11, -4.323335e-12
79.300000, 1.030378e-11, -4.964355e-12, -4.211185e-11, -3.706301e-12
79.400000, 7.976275e-12, -8.092760e-12, -4.038472e-11, -5.107404e-12
79.500000, 8.504040e-12, -4.900561e-12, -3.930837e-11, -4.157392e-12
79.600000, 6.238901e-12, -8.090226e-12, -3.758219e-11, -5.407297e-12
79.700000, 6.678634e-12, -4.897706e-12, -3.667572e-11, -4.245267e-12
79.800000, 4.150498e-12, -7.995547e-12, -3.503977e-11, -5.487132e-12
79.900000, 4.853358e-12, -4.719699e-12, -3.399952e-11, -4.483303e-12
80.000000, 2.597540e-12, -7.539906e-12, -3.246940e-11, -5.669603e-12
80.100000, 3.234042e-12, -4.405482e-12, -3.164555e-11, -4.536613e-12
80.200000, 1.127153e-12, -7.210651e-12, -3.006728e-11, -5.526730e-12
80.300000, 2.093393e-12, -3.876658e-12, -2.908911e-11, -4.316169e-12
80.400000, 1.537941e-13, -6.697952e-12, -2.780634e-11, -5.385819e-12
80.500000, 1.234354e-12, -3.451065e-12, -2.677830e-11, -4.136880e-12
80.600000, -5.267056e-13, -6.145090e-12, -2.556753e-11, -4.915459e-12
80.700000, 7.053896e-13, -3.247417e-12, -2.491084e-11, -3.749243e-12
80.800000, -9.153330e-13, -6.118178e-12, -2.383633e-11, -4.493046e-12
80.900000, 4.329087e-13, -3.078809e-12, -2.314548e-11, -2.711668e-12
81.000000, -1.344330e-12, -5.991051e-12, -2.216797e-11, -3.436358e-12
81.100000, -1.050834e-13, -3.129758e-12, -2.166254e-11, -2.146093e-12
81.200000, -1.803502e-12, -6.145940e-12, -2.067785e-11, -2.775897e-12
81.300000, -6.197782e-13, -3.448946e-12, -2.004997e-11, -1.219770e-12
81.400000, -2.240346e-12, -6.274946e-12, -1.906888e-11, -1.733635e-12
81.500000, -9.046705e-13, -3.428101e-12, -1.842435e-11, -1.006968e-13
81.600000, -2.458876e-12, -6.253927e-12, -1.735786e-11, -5.623609e-13
81.700000, -1.111351e-12, -3.552129e-12, -1.666237e-11, 8.151013e-13
81.800000, -2.628876e-12, -6.474337e-12, -1.565442e-11, 2.472619e-13
81.900000, -1.338586e-12, -3.812264e-12, -1.500027e-11, 1.617829e-12
82.000000, -2.845918e-12, -6.594652e-12, -1.414156e-11, 9.709386e-13
82.100000, -1.627956e-12, -3.990159e-12, -1.366092e-11, 2.498122e-12
82.200000, -3.150238e-12, -6.652462e-12, -1.271178e-11, 1.947363e-12
82.300000, -1.933970e-12, -4.043482e-12, -1.218219e-11, 3.389428e-12
82.400000, -3.525013e-12, -6.756656e-12, -1.132343e-11, 2.741669e-12
82.500000, -2.273431e-12, -4.172836e-12, -1.081912e-11, 4.062899e-12
82.600000, -3.724136e-12, -6.824333e-12, -9.982107e-12, 3.412305e-12
82.700000, -2.552776e-12, -4.238691e-12, -9.484370e-12, 4.712041e-12
82.800000, -4.032285e-12, -6.810587e-12, -8.783086e-12, 4.111278e-12
82.900000, -2.829945e-12, -4.252608e-12, -8.304691e-12, 5.398713e-12
83.000000, -4.208098e-12, -6.704545e-12, -7.573174e-12, 4.724385e-12
83.100000, -2.808942e-12, -4.088318e-12, -7.135819e-12, 5.999991e-12
83.200000, -4.063801e-12, -6.636931e-12, -6.494455e-12, 5.348207e-12
83.300000, -2.696774e-12, -4.151567e-12, -6.140288e-12, 6.688583e-12
83.400000, -3.995298e-12, -6.723554e-12, -5.536675e-12, 6.161053e-12
83.500000, -2.715705e-12, -4.278873e-12, -5.279666e-12, 7.442929e-12
83.600000, -4.002827e-12, -6.769495e-12, -4.720975e-12, 6.825035e-12
83.700000, -2.696473e-12, -4.360892e-12, -4.435729e-12, 8.055094e-12
83.800000, -3.976849e-12, -6.918831e-12, -3.882328e-12, 7.468463e-12
83.900000, -2.724620e-12, -4.640139e-12, -3.604078e-12, 8.716692e-12
84.000000, -3.967639e-12, -7.154096e-12, -3.064082e-12, 8.126298e-12
84.100000, -2.686232e-12, -4.860721e-12, -2.769472e-12, 9.347208e-12
84.200000, -3.914215e-12, -7.326549e-12, -2.251558e-12, 8.706160e-12
84.300000, -2.672132e-12, -5.045362e-12, -1.998541e-12, 9.868265e-12
84.400000, -3.909183e-12, -7.493451e-12, -1.561592e-12, 9.162911e-12
84.500000, -2.681898e-12, -5.264450e-12, -1.359790e-12, 1.030749e-11
84.600000, -3.867718e-12, -7.698182e-12, -9.029091e-13, 9.657190e-12
84.700000, -2.653483e-12, -5.494232e-12, -6.672217e-13, 1.075682e-11
84.800000, -3.933205e-12, -7.876408e-12, -2.160287e-13, 1.003774e-11
84.900000, -2.779334e-12, -5.679174e-12, 4.848414e-14, 1.107040e-11
85.000000, -4.062148e-12, -8.039735e-12, 4.972033e-13, 1.033380e-11
85.100000, -2.924873e-12, -5.858254e-12, 7.363164e-13, 1.133991e-11
85.200000, -4.178818e-12, -8.170490e-12, 1.183764e-12, 1.060658e-11
85.300000, -3.066333e-12, -5.988748e-12, 1.412481e-12, 1.155891e-11
85.400000, -4.353936e-12, -8.266355e-12, 1.826826e-12, 1.078216e-11
85.500000, -3.235290e-12, -6.080308e-12, 2.034756e-12, 1.171601e-11
85.600000, -4.505298e-12, -8.304256e-12, 2.411820e-12, 1.092150e-11
85.700000, -3.418595e-12, -6.139705e-12, 2.568922e-12, 1.181277e-11
85.800000, -4.632167e-12, -8.316573e-12, 2.920222e-12, 1.102804e-11
85.900000, -3.546908e-12, -6.164277e-12, 3.048978e-12, 1.192577e-11
86.000000, -4.792794e-12, -8.351928e-12, 3.367090e-12, 1.113163e-11
86.100000, -3.719814e-12, -6.248039e-12, 3.479370e-12, 1.197480e-11
86.200000, -4.899667e-12, -8.384430e-12, 3.787724e-12, 1.119550e-11
86.300000, -3.819022e-12, -6.293230e-12, 3.907183e-12, 1.203077e-11
86.400000, -5.023798e-12, -8.424066e-12, 4.191413e-12, 1.125675e-11
86.500000, -3.983514e-12, -6.383504e-12, 4.298935e-12, 1.210278e-11
86.600000, -5.180036e-12, -8.492198e-12, 4.574292e-12, 1.132067e-11
86.700000, -4.115454e-12, -6.458989e-12, 4.689453e-12, 1.215992e-11
86.800000, -5.289994e-12, -8.534260e-12, 4.954801e-12, 1.138054e-11
86.900000, -4.263089e-12, -6.526948e-12, 5.044159e-12, 1.219123e-11
87.000000, -5.422425e-12, -8.581692e-12, 5.290206e-12, 1.141206e-11
87.100000, -4.381876e-12, -6.599899e-12, 5.362187e-12, 1.223155e-11
87.200000, -5.558113e-12, -8.647223e-12, 5.585219e-12, 1.145475e-11
87.300000, -4.551444e-12, -6.689613e-12, 5.663520e-12, 1.222733e-11
87.400000, -5.701385e-12, -8.704468e-12, 5.889418e-12, 1.144031e-11
87.500000, -4.691763e-12, -6.769863e-12, 5.965413e-12, 1.220454e-11
87.600000, -5.835575e-12, -8.783044e-12, 6.182961e-12, 1.143085e-11
87.700000, -4.838956e-12, -6.867150e-12, 6.253920e-12, 1.217503e-11
87.800000, -5.963913e-12, -8.850981e-12, 6.462655e-12, 1.139044e-11
87.900000, -4.977216e-12, -6.957275e-12, 6.523289e-12, 1.211900e-11
88.000000, -6.095575e-12, -8.912821e-12, 6.722239e-12, 1.133199e-11
88.100000, -5.124092e-12, -7.034233e-12, 6.765537e-12, 1.204245e-11
88.200000, -6.219481e-12, -8.965281e-12, 6.945629e-12, 1.126438e-11
88.300000, -5.245136e-12, -7.100529e-12, 6.978499e-12, 1.197255e-11
88.400000, -6.344301e-12, -9.002940e-12, 7.141642e-12, 1.119829e-11
88.500000, -5.389043e-12, -7.159811e-12, 7.163076e-12, 1.188638e-11
88.600000, -6.485716e-12, -9.050269e-12, 7.308740e-12, 1.111132e-11
88.700000, -5.534024e-12, -7.234961e-12, 7.325548e-12, 1.179540e-11
88.800000, -6.601339e-12, -9.101426e-12, 7.460059e-12, 1.102818e-11
88.900000, -5.645252e-12, -7.306808e-12, 7.466243e-12, 1.171288e-11
89.000000, -6.703768e-12, -9.157910e-12, 7.585466e-12, 1.096474e-11
89.100000, -5.749923e-12, -7.384285e-12, 7.580650e-12, 1.164239e-11
89.200000, -6.787695e-12, -9.220139e-12, 7.686139e-12, 1.090058e-11
89.300000, -5.835188e-12, -7.465459e-12, 7.672606e-12, 1.157499e-11
89.400000, -6.858586e-12, -9.278584e-12, 7.769803e-12, 1.083484e-11
89.500000, -5.914592e-12, -7.542199e-12, 7.753538e-12, 1.150151e-11
89.600000, -6.927292e-12, -9.341270e-12, 7.842134e-12, 1.077397e-11
89.700000, -5.990953e-12, -7.625188e-12, 7.820771e-12, 1.143505e-11
89.800000, -7.002584e-12, -9.404303e-12, 7.907251e-12, 1.070817e-11
89.900000, -6.075612e-12, -7.707701e-12, 7.884952e-12, 1.135378e-11
90.000000, -7.073770e-12, -9.471632e-12, 7.968030e-12, 1.063172e-11
90.100000, -6.154228e-12, -7.792312e-12, 7.943467e-12, 1.127209e-11
90.200000, -7.137848e-12, -9.536927e-12, 8.020487e-12, 1.055971e-11
90.300000, -6.219387e-12, -7.879099e-12, 7.993105e-12, 1.119072e-11
90.400000, -7.193240e-12, -9.603318e-12, 8.062449e-12, 1.047944e-11
90.500000, -6.284824e-12, -7.960259e-12, 8.035090e-12, 1.110072e-11
90.600000, -7.248239e-12, -9.664405e-12, 8.099936e-12, 1.039060e-11
90.700000, -6.344402e-12, -8.036698e-12, 8.066518e-12, 1.100132e-11
90.800000, -7.298305e-12, -9.720682e-12, 8.127246e-12, 1.029656e-11
90.900000, -6.401979e-12, -8.107254e-12, 8.095650e-12, 1.090152e-11
91.000000, -7.347824e-12, -9.770278e-12, 8.153857e-12, 1.019873e-11
91.100000, -6.459466e-12, -8.169201e-12, 8.120853e-12, 1.079403e-11
91.200000, -7.399582e-12, -9.812406e-12, 8.174112e-12, 1.009389e-11
91.300000, -6.523260e-12, -8.229408e-12, 8.141067e-12, 1.067974e-11
91.400000, -7.455690e-12, -9.855760e-12, 8.190069e-12, 9.986903e-12
91.500000, -6.582953e-12, -8.283844e-12, 8.156019e-12, 1.057121e-11
91.600000, -7.504897e-12, -9.887852e-12, 8.202295e-12, 9.885747e-12
91.700000, -6.636919e-12, -8.328767e-12, 8.165786e-12, 1.046270e-11
91.800000, -7.549311e-12, -9.916565e-12, 8.206681e-12, 9.781758e-12
91.900000, -6.686843e-12, -8.372024e-12, 8.168494e-12, 1.035008e-11
92.000000, -7.582131e-12, -9.938983e-12, 8.206185e-12, 9.676425e-12
92.100000, -6.722154e-12, -8.406963e-12, 8.166978e-12, 1.024096e-11
92.200000, -7.612256e-12, -9.957198e-12, 8.203045e-12, 9.571153e-12
92.300000, -6.760077e-12, -8.438870e-12, 8.163667e-12, 1.012835e-11
92.400000, -7.637851e-12, -9.970255e-12, 8.197469e-12, 9.464451e-12
92.500000, -6.790950e-12, -8.466072e-12, 8.158386e-12, 1.001481e-11
92.600000, -7.659976e-12, -9.982169e-12, 8.188785e-12, 9.356793e-12
92.700000, -6.815896e-12, -8.492403e-12, 8.150648e-12, 9.901188e-12
92.800000, -7.673742e-12, -9.990734e-12, 8.179446e-12, 9.248964e-12
92.900000, -6.834213e-12, -8.515510e-12, 8.140473e-12, 9.789133e-12
93.000000, -7.681912e-12, -9.996186e-12, 8.166028e-12, 9.140804e-12
93.100000, -6.847319e-12, -8.533532e-12, 8.126118e-12, 9.674242e-12
93.200000, -7.683125e-12, -9.998718e-12, 8.149562e-12, 9.031457e-12
93.300000, -6.850615e-12, -8.550532e-12, 8.110124e-12, 9.560371e-12
93.400000, -7.677334e-12, -9.999886e-12, 8.130452e-12, 8.922308e-12
93.500000, -6.849446e-12, -8.564194e-12, 8.090329e-12, 9.444595e-12
93.600000, -7.664316e-12, -9.996496e-12, 8.108986e-12, 8.811450e-12
93.700000, -6.839208e-12, -8.573098e-12, 8.068307e-12, 9.328762e-12
93.800000, -7.645277e-12, -9.990315e-12, 8.084332e-12, 8.701980e-12
93.900000, -6.826210e-12, -8.580363e-12, 8.043021e-12, 9.215496e-12
94.000000, -7.623586e-12, -9.981847e-12, 8.056357e-12, 8.596536e-12
94.100000, -6.808341e-12, -8.584201e-12, 8.015119e-12, 9.106615e-12
94.200000, -7.595931e-12, -9.970227e-12, 8.026281e-12, 8.493630e-12
94.300000, -6.785982e-12, -8.584221e-12, 7.984362e-12, 9.000112e-12
94.400000, -7.564569e-12, -9.954197e-12, 7.993025e-12, 8.393700e-12
94.500000, -6.758668e-12, -8.580020e-12, 7.950088e-12, 8.896488e-12
94.600000, -7.527641e-12, -9.935236e-12, 7.956274e-12, 8.297192e-12
94.700000, -6.726007e-12, -8.574226e-12, 7.913391e-12, 8.796849e-12
94.800000, -7.487145e-12, -9.914981e-12, 7.918924e-12, 8.204395e-12
94.900000, -6.691505e-12, -8.566248e-12, 7.876862e-12, 8.700442e-12
95.000000, -7.445007e-12, -9.892843e-12, 7.880709e-12, 8.114519e-12
95.100000, -6.654662e-12, -8.556593e-12, 7.838983e-12, 8.608053e-12
95.200000, -7.399972e-12, -9.869203e-12, 7.841036e-12, 8.029291e-12
95.300000, -6.614864e-12, -8.545145e-12, 7.799011e-12, 8.520001e-12
95.400000, -7.352789e-12, -9.843909e-12, 7.799784e-12, 7.948462e-12
95.500000, -6.573190e-12, -8.531236e-12, 7.758057e-12, 8.436514e-12
95.600000, -7.303719e-12, -9.815582e-12, 7.757484e-12, 7.871315e-12
95.700000, -6.529895e-12, -8.514494e-12, 7.716345e-12, 8.356582e-12
95.800000, -7.253924e-12, -9.785390e-12, 7.714707e-12, 7.797990e-12
95.900000, -6.485871e-12, -8.496142e-12, 7.674141e-12, 8.280362e-12
96.000000, -7.202811e-12, -9.753522e-12, 7.672091e-12, 7.727574e-12
96.100000, -6.440739e-12, -8.475142e-12, 7.632594e-12, 8.206110e-12
96.200000, -7.150876e-12, -9.718731e-12, 7.630130e-12, 7.659292e-12
96.300000, -6.394719e-12, -8.451283e-12, 7.592212e-12, 8.133913e-12
96.400000, -7.099588e-12, -9.681035e-12, 7.589968e-12, 7.591777e-12
96.500000, -6.350917e-12, -8.423680e-12, 7.553368e-12, 8.061714e-12
96.600000, -7.050761e-12, -9.640017e-12, 7.551086e-12, 7.524578e-12
96.700000, -6.308712e-12, -8.392929e-12, 7.516247e-12, 7.991261e-12
96.800000, -7.002542e-12, -9.594500e-12, 7.514581e-12, 7.459015e-12
96.900000, -6.267233e-12, -8.356760e-12, 7.481400e-12, 7.920786e-12
97.000000, -6.956883e-12, -9.544906e-12, 7.479934e-12, 7.392179e-12
97.100000, -6.228929e-12, -8.317031e-12, 7.448764e-12, 7.848930e-12
97.200000, -6.913979e-12, -9.491807e-12, 7.448029e-12, 7.324316e-12
97.300000, -6.192956e-12, -8.273673e-12, 7.418591e-12, 7.777160e-12
97.400000, -6.873040e-12, -9.434770e-12, 7.418144e-12, 7.257064e-12
97.500000, -6.158535e-12, -8.225673e-12, 7.390449e-12, 7.704973e-12
97.600000, -6.832750e-12, -9.373332e-12, 7.390565e-12, 7.189383e-12
97.700000, -6.124512e-12, -8.173496e-12, 7.364792e-12, 7.632846e-12
97.800000, -6.794060e-12, -9.307612e-12, 7.365448e-12, 7.119850e-12
97.900000, -6.092144e-12, -8.116284e-12, 7.340652e-12, 7.557217e-12
98.000000, -6.756236e-12, -9.237599e-12, 7.340982e-12, 7.047086e-12
98.100000, -6.060214e-12, -8.055484e-12, 7.317023e-12, 7.479631e-12
98.200000, -6.718779e-12, -9.163549e-12, 7.316493e-12, 6.972844e-12
98.300000, -6.027952e-12, -7.990062e-12, 7.292487e-12, 7.400497e-12
98.400000, -6.680278e-12, -9.085492e-12, 7.291020e-12, 6.897435e-12
98.500000, -5.995083e-12, -7.921060e-12, 7.267667e-12, 7.319797e-12
98.600000, -6.642111e-12, -9.004007e-12, 7.265044e-12, 6.818720e-12
98.700000, -5.961477e-12, -7.847961e-12, 7.240814e-12, 7.235605e-12
98.800000, -6.601288e-12, -8.917727e-12, 7.235963e-12, 6.737150e-12
98.900000, -5.924146e-12, -7.769564e-12, 7.210393e-12, 7.148553e-12
99.000000, -6.557081e-12, -8.826491e-12, 7.202805e-12, 6.652278e-12
99.100000, -5.883922e-12, -7.686369e-12, 7.175653e-12, 7.058369e-12
99.200000, -6.509620e-12, -8.730511e-12, 7.165394e-12, 6.564619e-12
99.300000, -5.839690e-12, -7.597844e-12, 7.136315e-12, 6.964958e-12
99.400000, -6.457491e-12, -8.629059e-12, 7.123136e-12, 6.473819e-12
99.500000, -5.790656e-12, -7.504177e-12, 7.092317e-12, 6.869382e-12
99.600000, -6.401261e-12, -8.523171e-12, 7.075856e-12, 6.380588e-12
99.700000, -5.737341e-12, -7.406082e-12, 7.042343e-12, 6.770905e-12
99.800000, -6.339908e-12, -8.412892e-12, 7.022303e-12, 6.285440e-12
99.900000, -5.678726e-12, -7.303739e-12, 6.986315e-12, 6.671641e-12
100.000000, -6.274502e-12, -8.299387e-12, 6.963051e-12, 6.189287e-12
100.100000, -5.616793e-12, -7.198602e-12, 6.924970e-12, 6.571137e-12
100.200000, -6.205045e-12, -8.182691e-12, 6.898575e-12, 6.092165e-12
100.300000, -5.549313e-12, -7.089418e-12, 6.857670e-12, 6.469954e-12
100.400000, -6.129342e-12, -8.062140e-12, 6.827610e-12, 5.994696e-12
100.500000, -5.476685e-12, -6.977486e-12, 6.784754e-12, 6.368791e-12
100.600000, -6.050759e-12, -7.940760e-12, 6.752502e-12, 5.897464e-12
100.700000, -5.402348e-12, -6.865799e-12, 6.708373e-12, 6.268492e-12
100.800000, -5.971008e-12, -7.819922e-12, 6.674249e-12, 5.800868e-12
100.900000, -5.326757e-12, -6.754830e-12, 6.629493e-12, 6.169512e-12
101.000000, -5.889586e-12, -7.700885e-12, 6.594226e-12, 5.707848e-12
101.100000, -5.250115e-12, -6.646608e-12, 6.549610e-12, 6.075131e-12
101.200000, -5.808468e-12, -7.585449e-12, 6.514115e-12, 5.619457e-12
101.300000, -5.174416e-12, -6.542523e-12, 6.470410e-12, 5.986070e-12
101.400000, -5.729353e-12, -7.474934e-12, 6.435391e-12, 5.536350e-12
101.500000, -5.101951e-12, -6.443821e-12, 6.393387e-12, 5.901918e-12
101.600000, -5.654715e-12, -7.370851e-12, 6.360285e-12, 5.458374e-12
101.700000, -5.035451e-12, -6.353515e-12, 6.322099e-12, 5.824236e-12
101.800000, -5.586446e-12, -7.277063e-12, 6.292612e-12, 5.389365e-12
101.900000, -4.975391e-12, -6.274324e-12, 6.259644e-12, 5.757443e-12
102.000000, -5.525968e-12, -7.195852e-12, 6.235755e-12, 5.332318e-12
102.100000, -4.924086e-12, -6.209074e-12, 6.209658e-12, 5.704196e-12
102.200000, -5.475636e-12, -7.129653e-12, 6.192388e-12, 5.288941e-12
102.300000, -4.885109e-12, -6.160111e-12, 6.174512e-12, 5.664195e-12
102.400000, -5.438914e-12, -7.081629e-12, 6.165501e-12, 5.260314e-12
102.500000, -4.860677e-12, -6.130915e-12, 6.157356e-12, 5.640536e-12
102.600000, -5.418650e-12, -7.055234e-12, 6.158196e-12, 5.248553e-12
102.700000, -4.853836e-12, -6.124907e-12, 6.161275e-12, 5.635166e-12
102.800000, -5.416539e-12, -7.052872e-12, 6.173068e-12, 5.256127e-12
102.900000, -4.865972e-12, -6.143301e-12, 6.188403e-12, 5.649445e-12
103.000000, -5.434488e-12, -7.076346e-12, 6.212439e-12, 5.284087e-12
103.100000, -4.899238e-12, -6.188302e-12, 6.240766e-12, 5.683953e-12
103.200000, -5.474664e-12, -7.126907e-12, 6.277556e-12, 5.331526e-12
103.300000, -4.955398e-12, -6.261164e-12, 6.319560e-12, 5.738239e-12
103.400000, -5.537918e-12, -7.205693e-12, 6.369470e-12, 5.399133e-12
103.500000, -5.034571e-12, -6.362538e-12, 6.425813e-12, 5.813881e-12
103.600000, -5.623909e-12, -7.313660e-12, 6.489551e-12, 5.489556e-12
103.700000, -5.135058e-12, -6.492210e-12, 6.559705e-12, 5.912801e-12
103.800000, -5.729314e-12, -7.448304e-12, 6.635990e-12, 5.603114e-12
103.900000, -5.253818e-12, -6.647307e-12, 6.718983e-12, 6.034471e-12
104.000000, -5.853472e-12, -7.607930e-12, 6.807432e-12, 5.738020e-12
104.100000, -5.391514e-12, -6.826104e-12, 6.902450e-12, 6.175338e-12
104.200000, -5.995514e-12, -7.789073e-12, 7.001139e-12, 5.889628e-12
104.300000, -5.546004e-12, -7.023599e-12, 7.105573e-12, 6.329691e-12
104.400000, -6.152986e-12, -7.986117e-12, 7.211778e-12, 6.051494e-12
104.500000, -5.712680e-12, -7.233363e-12, 7.322560e-12, 6.492399e-12
104.600000, -6.318594e-12, -8.191302e-12, 7.432566e-12, 6.219736e-12
104.700000, -5.883942e-12, -7.447132e-12, 7.545529e-12, 6.658423e-12
104.800000, -6.485645e-12, -8.396170e-12, 7.654657e-12, 6.386964e-12
104.900000, -6.052911e-12, -7.655634e-12, 7.764834e-12, 6.819248e-12
105.000000, -6.646561e-12, -8.590752e-12, 7.868011e-12, 6.544747e-12
105.100000, -6.211743e-12, -7.847898e-12, 7.969697e-12, 6.965411e-12
105.200000, -6.792416e-12, -8.763020e-12, 8.060989e-12, 6.683348e-12
105.300000, -6.350238e-12, -8.011894e-12, 8.148439e-12, 7.088625e-12
105.400000, -6.913379e-12, -8.901286e-12, 8.222186e-12, 6.794450e-12
105.500000, -6.459166e-12, -8.135357e-12, 8.289373e-12, 7.178940e-12
105.600000, -6.999619e-12, -8.992134e-12, 8.338971e-12, 6.866881e-12
105.700000, -6.528545e-12, -8.205468e-12, 8.379715e-12, 7.225793e-12
105.800000, -7.042632e-12, -9.024834e-12, 8.399826e-12, 6.891305e-12
105.900000, -6.550996e-12, -8.212519e-12, 8.409028e-12, 7.220409e-12
106.000000, -7.034964e-12, -8.990493e-12, 8.395267e-12, 6.860681e-12
106.100000, -6.519805e-12, -8.149802e-12, 8.369784e-12, 7.158434e-12
106.200000, -6.971697e-12, -8.884664e-12, 8.319919e-12, 6.772275e-12
106.300000, -6.431956e-12, -8.014217e-12, 8.258129e-12, 7.037260e-12
106.400000, -6.851680e-12, -8.705461e-12, 8.171350e-12, 6.623412e-12
106.500000, -6.286864e-12, -7.805323e-12, 8.073205e-12, 6.856280e-12
106.600000, -6.673820e-12, -8.454080e-12, 7.950195e-12, 6.417001e-12
106.700000, -6.084672e-12, -7.526231e-12, 7.817294e-12, 6.620008e-12
106.800000, -6.441109e-12, -8.135459e-12, 7.660739e-12, 6.157590e-12
106.900000, -5.830623e-12, -7.183812e-12, 7.496906e-12, 6.334018e-12
107.000000, -6.160653e-12, -7.759015e-12, 7.311977e-12, 5.852755e-12
107.100000, -5.534047e-12, -6.790378e-12, 7.123774e-12, 6.008085e-12
107.200000, -5.843703e-12, -7.339532e-12, 6.918069e-12, 5.514295e-12
107.300000, -5.207333e-12, -6.362284e-12, 6.713589e-12, 5.655370e-12
107.400000, -5.503221e-12, -6.894070e-12, 6.495327e-12, 5.155947e-12
107.500000, -4.863522e-12, -5.916578e-12, 6.282622e-12, 5.289525e-12
107.600000, -5.151838e-12, -6.439063e-12, 6.059520e-12, 4.790811e-12
107.700000, -4.514574e-12, -5.468655e-12, 5.845850e-12, 4.922808e-12
107.800000, -4.800736e-12, -5.988681e-12, 5.624660e-12, 4.430162e-12
107.900000, -4.170781e-12, -5.031512e-12, 5.416124e-12, 4.565503e-12
108.000000, -4.459217e-12, -5.554784e-12, 5.202287e-12, 4.083353e-12
108.100000, -3.840410e-12, -4.615657e-12, 5.003729e-12, 4.225968e-12
108.200000, -4.134472e-12, -5.146272e-12, 4.801426e-12, 3.757530e-12
108.300000, -3.529525e-12, -4.228408e-12, 4.616211e-12, 3.910033e-12
108.400000, -3.831415e-12, -4.768979e-12, 4.428069e-12, 3.457253e-12
108.500000, -3.241911e-12, -3.874147e-12, 4.258183e-12, 3.621075e-12
108.600000, -3.552770e-12, -4.425956e-12, 4.085587e-12, 3.184856e-12
108.700000, -2.979360e-12, -3.554766e-12, 3.931842e-12, 3.360533e-12
108.800000, -3.299525e-12, -4.118081e-12, 3.775164e-12, 2.940980e-12
108.900000, -2.742157e-12, -3.270235e-12, 3.637503e-12, 3.128270e-12
109.000000, -3.071334e-12, -3.844422e-12, 3.496235e-12, 2.724724e-12
109.100000, -2.529323e-12, -3.018736e-12, 3.373722e-12, 2.922679e-12
109.200000, -2.866541e-12, -3.602327e-12, 3.246569e-12, 2.533854e-12
109.300000, -2.338505e-12, -2.796818e-12, 3.137540e-12, 2.741002e-12
109.400000, -2.682172e-12, -3.387659e-12, 3.022523e-12, 2.365146e-12
109.500000, -2.166296e-12, -2.599824e-12, 2.924736e-12, 2.579533e-12
109.600000, -2.514526e-12, -3.195347e-12, 2.819443e-12, 2.214492e-12
109.700000, -2.008810e-12, -2.422436e-12, 2.730408e-12, 2.433966e-12
109.800000, -2.359688e-12, -3.020045e-12, 2.632368e-12, 2.077571e-12
109.900000, -1.862204e-12, -2.259413e-12, 2.549677e-12, 2.300082e-12
110.000000, -2.213929e-12, -2.856689e-12, 2.456597e-12, 1.950323e-12
110.100000, -1.722896e-12, -2.105908e-12, 2.378040e-12, 2.173986e-12
110.200000, -2.073804e-12, -2.700619e-12, 2.287804e-12, 1.828997e-12
110.300000, -1.587559e-12, -1.957407e-12, 2.211321e-12, 2.052018e-12
110.400000, -1.936093e-12, -2.547441e-12, 2.121899e-12, 1.709997e-12
110.500000, -1.453031e-12, -1.809602e-12, 2.045477e-12, 1.930653e-12
110.600000, -1.797643e-12, -2.392865e-12, 1.954879e-12, 1.589837e-12
110.700000, -1.316158e-12, -1.658181e-12, 1.876511e-12, 1.806397e-12
110.800000, -1.655279e-12, -2.232556e-12, 1.782715e-12, 1.465007e-12
110.900000, -1.173699e-12, -1.498749e-12, 1.700332e-12, 1.675702e-12
111.000000, -1.505656e-12, -2.062005e-12, 1.601211e-12, 1.331873e-12
111.100000, -1.022214e-12, -1.326680e-12, 1.512614e-12, 1.534818e-12
111.200000, -1.345271e-12, -1.876484e-12, 1.405939e-12, 1.186590e-12
111.300000, -8.581948e-13, -1.137212e-12, 1.308923e-12, 1.379889e-12
111.400000, -1.170716e-12, -1.671347e-12, 1.192613e-12, 1.025416e-12
111.500000, -6.784616e-13, -9.259976e-13, 1.085288e-12, 1.207437e-12
111.600000, -9.791706e-13, -1.442727e-12, 9.577425e-13, 8.452868e-13
111.700000, -4.806876e-13, -6.897984e-13, 8.388442e-13, 1.014900e-12
111.800000, -7.689248e-13, -1.188100e-12, 6.991766e-13, 6.441623e-13
111.900000, -2.638639e-13, -4.268869e-13, 5.682025e-13, 8.007695e-13
112.000000, -5.396578e-13, -9.065894e-13, 4.163180e-13, 4.211497e-13
112.100000, -2.828073e-14, -1.372415e-13, 2.735878e-13, 5.648930e-13
112.200000, -2.922586e-13, -5.990302e-13, 1.102391e-13, 1.768692e-13
112.300000, 2.244918e-13, 1.774186e-13, -4.306522e-14, 3.086099e-13
112.400000, -2.908047e-14, -2.680922e-13, -2.161963e-13, -8.662120e-14
112.500000, 4.912259e-13, 5.133385e-13, -3.778306e-13, 3.479424e-14
112.600000, 2.457169e-13, 8.125399e-14, -5.578832e-13, -3.654831e-13
112.700000, 7.667893e-13, 8.642625e-13, -7.243311e-13, -2.516279e-13
112.800000, 5.259818e-13, 4.414024e-13, -9.071071e-13, -6.536476e-13
112.900000, 1.044027e-12, 1.221172e-12, -1.073596e-12, -5.434505e-13
113.000000, 8.036616e-13, 8.020173e-13, -1.253817e-12, -9.428684e-13
113.100000, 1.314064e-12, 1.572640e-12, -1.414560e-12, -8.315739e-13
113.200000, 1.069067e-12, 1.150719e-12, -1.585928e-12, -1.223321e-12
113.300000, 1.566468e-12, 1.905341e-12, -1.734204e-12, -1.105435e-12
113.400000, 1.311193e-12, 1.473282e-12, -1.889682e-12, -1.483694e-12
113.500000, 1.789834e-12, 2.204327e-12, -2.018269e-12, -1.353119e-12
113.600000, 1.518477e-12, 1.754409e-12, -2.150585e-12, -1.711737e-12
113.700000, 1.972850e-12, 2.454554e-12, -2.252460e-12, -1.562469e-12
113.800000, 1.680310e-12, 1.979991e-12, -2.355214e-12, -1.896049e-12
113.900000, 2.106138e-12, 2.643609e-12, -2.425028e-12, -1.723590e-12
114.000000, 1.789236e-12, 2.140137e-12, -2.494242e-12, -2.028785e-12
114.100000, 2.184469e-12, 2.764438e-12, -2.529352e-12, -1.830832e-12
114.200000, 1.841952e-12, 2.230231e-12, -2.563485e-12, -2.106284e-12
114.300000, 2.206690e-12, 2.814330e-12, -2.563356e-12, -1.881538e-12
114.400000, 1.839898e-12, 2.249364e-12, -2.562755e-12, -2.125974e-12
114.500000, 2.175414e-12, 2.794205e-12, -2.528461e-12, -1.874642e-12
114.600000, 1.785265e-12, 2.200008e-12, -2.494930e-12, -2.089976e-12
114.700000, 2.093262e-12, 2.707804e-12, -2.428966e-12, -1.814158e-12
114.800000, 1.682273e-12, 2.086924e-12, -2.365509e-12, -2.002291e-12
114.900000, 1.966135e-12, 2.561080e-12, -2.271657e-12, -1.704212e-12
115.000000, 1.538412e-12, 1.918037e-12, -2.183120e-12, -1.868443e-12
115.100000, 1.802166e-12, 2.363846e-12, -2.066796e-12, -1.552624e-12
115.200000, 1.361657e-12, 1.703861e-12, -1.958743e-12, -1.697707e-12
115.300000, 1.610196e-12, 2.127410e-12, -1.826221e-12, -1.369096e-12
115.400000, 1.162058e-12, 1.457394e-12, -1.705284e-12, -1.500717e-12
115.500000, 1.399964e-12, 1.865088e-12, -1.562547e-12, -1.164588e-12
115.600000, 9.485626e-13, 1.190623e-12, -1.434246e-12, -1.287209e-12
115.700000, 1.180814e-12, 1.588108e-12, -1.286835e-12, -9.472889e-13
115.800000, 7.308625e-13, 9.149605e-13, -1.156792e-12, -1.065213e-12
115.900000, 9.612492e-13, 1.307759e-12, -1.009953e-12, -7.263347e-13
116.000000, 5.162748e-13, 6.405933e-13, -8.828070e-13, -8.433994e-13
116.100000, 7.481089e-13, 1.033135e-12, -7.410582e-13, -5.092869e-13
116.200000, 3.108909e-13, 3.758420e-13, -6.209813e-13, -6.292720e-13
116.300000, 5.471890e-13, 7.717452e-13, -4.879390e-13, -3.026354e-13
116.400000, 1.211137e-13, 1.278871e-13, -3.781119e-13, -4.272372e-13
116.500000, 3.644556e-13, 5.301018e-13, -2.563019e-13, -1.096161e-13
116.600000, -4.948977e-14, -9.806181e-14, -1.588104e-13, -2.415383e-13
116.700000, 2.017231e-13, 3.126884e-13, -5.018529e-14, 6.438359e-14
116.800000, -1.993777e-13, -2.980861e-13, 3.351468e-14, -7.678070e-14
116.900000, 5.922955e-14, 1.219168e-13, 1.285466e-13, 2.158679e-13
117.000000, -3.296161e-13, -4.713933e-13, 1.984690e-13, 6.466701e-14
117.100000, -6.280587e-14, -4.140256e-14, 2.793294e-13, 3.440038e-13
117.200000, -4.380055e-13, -6.162245e-13, 3.346601e-13, 1.828598e-13
117.300000, -1.621078e-13, -1.759325e-13, 4.012855e-13, 4.496018e-13
117.400000, -5.236854e-13, -7.332068e-13, 4.429963e-13, 2.801387e-13
117.500000, -2.388536e-13, -2.833162e-13, 4.963369e-13, 5.356080e-13
117.600000, -5.872042e-13, -8.236114e-13, 5.251331e-13, 3.584737e-13
117.700000, -2.944259e-13, -3.651224e-13, 5.660845e-13, 6.031365e-13
117.800000, -6.308353e-13, -8.891733e-13, 5.827029e-13, 4.179254e-13
117.900000, -3.313834e-13, -4.231191e-13, 6.123191e-13, 6.519530e-13
118.000000, -6.571857e-13, -9.325017e-13, 6.182576e-13, 4.595815e-13
118.100000, -3.520959e-13, -4.596952e-13, 6.377224e-13, 6.833838e-13
118.200000, -6.678857e-13, -9.553887e-13, 6.341826e-13, 4.850066e-13
118.300000, -3.581464e-13, -4.774140e-13, 6.451076e-13, 7.002141e-13
118.400000, -6.655787e-13, -9.611929e-13, 6.336761e-13, 4.966952e-13
118.500000, -3.521735e-13, -4.797153e-13, 6.374622e-13, 7.048068e-13
118.600000, -6.524295e-13, -9.533789e-13, 6.196566e-13, 4.975778e-13
118.700000, -3.372668e-13, -4.696959e-13, 6.175768e-13, 6.984841e-13
118.800000, -6.316104e-13, -9.342667e-13, 5.944450e-13, 4.877700e-13
118.900000, -3.157927e-13, -4.497913e-13, 5.881197e-13, 6.828035e-13
119.000000, -6.055474e-13, -9.066650e-13, 5.613889e-13, 4.696530e-13
119.100000, -2.891177e-13, -4.222281e-13, 5.520303e-13, 6.605088e-13
119.200000, -5.746130e-13, -8.728611e-13, 5.232644e-13, 4.471224e-13
119.300000, -2.590393e-13, -3.901069e-13, 5.126631e-13, 6.350437e-13
119.400000, -5.414512e-13, -8.354615e-13, 4.829509e-13, 4.217297e-13
119.500000, -2.278680e-13, -3.549654e-13, 4.718859e-13, 6.064660e-13
119.600000, -5.081863e-13, -7.956963e-13, 4.420258e-13, 3.932049e-13
119.700000, -1.971388e-13, -3.181054e-13, 4.312204e-13, 5.752404e-13
119.800000, -4.762932e-13, -7.549640e-13, 4.019747e-13, 3.621614e-13
119.900000, -1.681352e-13, -2.809468e-13, 3.922163e-13, 5.424538e-13
120.000000, -4.456756e-13, -7.145851e-13, 3.642674e-13, 3.313790e-13
120.100000, -1.403792e-13, -2.442688e-13, 3.558855e-13, 5.104238e-13
120.200000, -4.166843e-13, -6.748035e-13, 3.294077e-13, 3.012007e-13
120.300000, -1.150683e-13, -2.090892e-13, 3.231126e-13, 4.794625e-13
120.400000, -3.918792e-13, -6.379915e-13, 2.992635e-13, 2.721606e-13
120.500000, -9.502758e-14, -1.777417e-13, 2.957564e-13, 4.497045e-13
120.600000, -3.719376e-13, -6.048672e-13, 2.743217e-13, 2.445498e-13
120.700000, -7.865920e-14, -1.492226e-13, 2.729800e-13, 4.216543e-13
120.800000, -3.551374e-13, -5.742060e-13, 2.537175e-13, 2.188811e-13
120.900000, -6.613674e-14, -1.235922e-13, 2.548320e-13, 3.953283e-13
121.000000, -3.429791e-13, -5.470228e-13, 2.380604e-13, 1.946711e-13
121.100000, -5.778104e-14, -1.015956e-13, 2.416459e-13, 3.712680e-13
121.200000, -3.340707e-13, -5.234869e-13, 2.271151e-13, 1.736988e-13
121.300000, -5.267635e-14, -8.317613e-14, 2.328141e-13, 3.500488e-13
121.400000, -3.289279e-13, -5.038509e-13, 2.204721e-13, 1.551458e-13
121.500000, -5.092762e-14, -6.876908e-14, 2.281630e-13, 3.318335e-13
121.600000, -3.264751e-13, -4.877643e-13, 2.174981e-13, 1.395957e-13
121.700000, -5.146883e-14, -5.732502e-14, 2.267401e-13, 3.163051e-13
121.800000, -3.258987e-13, -4.746204e-13, 2.176429e-13, 1.271651e-13
121.900000, -5.398051e-14, -4.897771e-14, 2.283792e-13, 3.038403e-13
122.000000, -3.275577e-13, -4.646649e-13, 2.206343e-13, 1.172998e-13
122.100000, -5.810198e-14, -4.347498e-14, 2.322997e-13, 2.939941e-13
122.200000, -3.293778e-13, -4.568524e-13, 2.249942e-13, 1.105338e-13
122.300000, -6.160127e-14, -3.952244e-14, 2.368850e-13, 2.870864e-13
122.400000, -3.313860e-13, -4.505920e-13, 2.299013e-13, 1.054941e-13
122.500000, -6.573840e-14, -3.729817e-14, 2.419861e-13, 2.814947e-13
122.600000, -3.334747e-13, -4.459782e-13, 2.349258e-13, 1.019987e-13
122.700000, -6.936803e-14, -3.626962e-14, 2.467250e-13, 2.773233e-13
122.800000, -3.348915e-13, -4.425188e-13, 2.394559e-13, 9.999651e-14
122.900000, -7.228885e-14, -3.690995e-14, 2.510804e-13, 2.753179e-13
123.000000, -3.350599e-13, -4.407171e-13, 2.431289e-13, 1.003789e-13
123.100000, -7.372514e-14, -3.844208e-14, 2.539095e-13, 2.747074e-13
123.200000, -3.343447e-13, -4.395629e-13, 2.452267e-13, 1.011362e-13
123.300000, -7.438877e-14, -4.082868e-14, 2.553473e-13, 2.746963e-13
123.400000, -3.328768e-13, -4.392199e-13, 2.458414e-13, 1.022895e-13
123.500000, -7.404014e-14, -4.350359e-14, 2.548970e-13, 2.746021e-13
123.600000, -3.295917e-13, -4.389999e-13, 2.443246e-13, 1.040094e-13
123.700000, -7.158101e-14, -4.634577e-14, 2.523880e-13, 2.755240e-13
123.800000, -3.243063e-13, -4.388251e-13, 2.408975e-13, 1.065886e-13
123.900000, -6.746477e-14, -4.945207e-14, 2.483401e-13, 2.774128e-13
124.000000, -3.180828e-13, -4.393254e-13, 2.361948e-13, 1.097866e-13
124.100000, -6.242777e-14, -5.268598e-14, 2.426259e-13, 2.790193e-13
124.200000, -3.104742e-13, -4.395590e-13, 2.295900e-13, 1.126714e-13
124.300000, -5.583997e-14, -5.588392e-14, 2.352953e-13, 2.810269e-13
124.400000, -3.011469e-13, -4.397474e-13, 2.214747e-13, 1.162973e-13
124.500000, -4.739120e-14, -5.875274e-14, 2.264371e-13, 2.837397e-13
124.600000, -2.905269e-13, -4.395730e-13, 2.120185e-13, 1.200120e-13
124.700000, -3.807444e-14, -6.107550e-14, 2.162603e-13, 2.858586e-13
124.800000, -2.791991e-13, -4.388500e-13, 2.012981e-13, 1.229998e-13
124.900000, -2.847860e-14, -6.307244e-14, 2.051483e-13, 2.872601e-13
125.000000, -2.676992e-13, -4.376695e-13, 1.896592e-13, 1.250596e-13
125.100000, -1.830005e-14, -6.409027e-14, 1.929142e-13, 2.876390e-13
125.200000, -2.554652e-13, -4.354056e-13, 1.769930e-13, 1.262339e-13
125.300000, -7.875185e-15, -6.432243e-14, 1.800487e-13, 2.871155e-13
125.400000, -2.434591e-13, -4.322661e-13, 1.638651e-13, 1.259640e-13
125.500000, 2.484496e-15, -6.327176e-14, 1.667262e-13, 2.850329e-13
125.600000, -2.312151e-13, -4.276782e-13, 1.503191e-13, 1.244331e-13
125.700000, 1.336638e-14, -6.024093e-14, 1.526837e-13, 2.813668e-13
125.800000, -2.183950e-13, -4.210188e-13, 1.360346e-13, 1.212991e-13
125.900000, 2.487076e-14, -5.566721e-14, 1.383969e-13, 2.770971e-13
126.000000, -2.052363e-13, -4.131613e-13, 1.219167e-13, 1.178495e-13
126.100000, 3.602896e-14, -4.987050e-14, 1.245024e-13, 2.718135e-13
126.200000, -1.927265e-13, -4.040098e-13, 1.082565e-13, 1.129947e-13
126.300000, 4.640338e-14, -4.293856e-14, 1.112660e-13, 2.653179e-13
126.400000, -1.813907e-13, -3.943051e-13, 9.565991e-14, 1.073181e-13
126.500000, 5.552329e-14, -3.570368e-14, 9.922747e-14, 2.582353e-13
126.600000, -1.711804e-13, -3.840831e-13, 8.411735e-14, 1.008839e-13
126.700000, 6.373360e-14, -2.757640e-14, 8.806290e-14, 2.502184e-13
126.800000, -1.617754e-13, -3.727585e-13, 7.327666e-14, 9.330431e-14
126.900000, 7.102577e-14, -1.832454e-14, 7.753699e-14, 2.408424e-13
127.000000, -1.535544e-13, -3.607079e-13, 6.324928e-14, 8.452210e-14
127.100000, 7.715364e-14, -8.703995e-15, 6.799925e-14, 2.307984e-13
127.200000, -1.460300e-13, -3.481767e-13, 5.404167e-14, 7.542410e-14
127.300000, 8.284252e-14, 1.437002e-15, 5.922501e-14, 2.206858e-13
127.400000, -1.394020e-13, -3.356168e-13, 4.596295e-14, 6.639799e-14
127.500000, 8.725452e-14, 1.151720e-14, 5.171252e-14, 2.103411e-13
127.600000, -1.338027e-13, -3.228788e-13, 3.900594e-14, 5.709221e-14
127.700000, 9.095643e-14, 2.184479e-14, 4.525501e-14, 2.000067e-13
127.800000, -1.288136e-13, -3.101538e-13, 3.310487e-14, 4.813106e-14
127.900000, 9.401547e-14, 3.190668e-14, 3.994633e-14, 1.902757e-13
128.000000, -1.248273e-13, -2.977127e-13, 2.835910e-14, 3.930604e-14
128.100000, 9.585807e-14, 4.178205e-14, 3.566536e-14, 1.802121e-13
128.200000, -1.220383e-13, -2.856236e-13, 2.467481e-14, 3.035016e-14
128.300000, 9.660333e-14, 5.121476e-14, 3.250018e-14, 1.703014e-13
128.400000, -1.200676e-13, -2.737756e-13, 2.186835e-14, 2.151424e-14
128.500000, 9.698556e-14, 6.053386e-14, 3.000317e-14, 1.608047e-13
128.600000, -1.183974e-13, -2.623113e-13, 1.976846e-14, 1.340797e-14
128.700000, 9.688911e-14, 6.943788e-14, 2.816748e-14, 1.517791e-13
128.800000, -1.172899e-13, -2.511383e-13, 1.823601e-14, 5.449918e-15
128.900000, 9.621326e-14, 7.798031e-14, 2.697314e-14, 1.430304e-13
129.000000, -1.167943e-13, -2.404954e-13, 1.737122e-14, -2.123876e-15
129.100000, 9.490837e-14, 8.602054e-14, 2.630582e-14, 1.344691e-13
129.200000, -1.168629e-13, -2.302657e-13, 1.680287e-14, -9.749194e-15
129.300000, 9.341244e-14, 9.390478e-14, 2.563006e-14, 1.258455e-13
129.400000, -1.168589e-13, -2.200296e-13, 1.602334e-14, -1.743541e-14
129.500000, 9.199286e-14, 1.016535e-13, 2.480265e-14, 1.173433e-13
129.600000, -1.167672e-13, -2.102881e-13, 1.526587e-14, -2.451721e-14
129.700000, 9.059339e-14, 1.087902e-13, 2.402459e-14, 1.095082e-13
129.800000, -1.166967e-13, -2.010181e-13, 1.434500e-14, -3.132030e-14
129.900000, 8.926300e-14, 1.155325e-13, 2.295099e-14, 1.018811e-13
130.000000, -1.165600e-13, -1.923792e-13, 1.326903e-14, -3.760530e-14
130.100000, 8.819271e-14, 1.216548e-13, 2.173659e-14, 9.499825e-14
130.200000, -1.159902e-13, -1.841570e-13, 1.190294e-14, -4.328479e-14
130.300000, 8.757545e-14, 1.272860e-13, 2.028396e-14, 8.885068e-14
130.400000, -1.150073e-13, -1.766156e-13, 1.040613e-14, -4.804111e-14
130.500000, 8.717101e-14, 1.321404e-13, 1.881828e-14, 8.357165e-14
130.600000, -1.138664e-13, -1.699972e-13, 9.013598e-15, -5.176674e-14
130.700000, 8.721749e-14, 1.362119e-13, 1.740254e-14, 7.952425e-14
130.800000, -1.121758e-13, -1.640098e-13, 7.605571e-15, -5.436241e-14
130.900000, 8.766097e-14, 1.397902e-13, 1.592165e-14, 7.623560e-14
131.000000, -1.103877e-13, -1.586019e-13, 6.208540e-15, -5.645036e-14
131.100000, 8.804629e-14, 1.425296e-13, 1.467041e-14, 7.370792e-14
131.200000, -1.087239e-13, -1.542328e-13, 5.243550e-15, -5.750179e-14
131.300000, 8.823644e-14, 1.441703e-13, 1.399081e-14, 7.230085e-14
131.400000, -1.073009e-13, -1.508222e-13, 4.748719e-15, -5.772478e-14
131.500000, 8.811914e-14, 1.451862e-13, 1.355489e-14, 7.115810e-14
131.600000, -1.063371e-13, -1.479535e-13, 4.460712e-15, -5.800505e-14
131.700000, 8.750272e-14, 1.456425e-13, 1.337599e-14, 6.995972e-14
131.800000, -1.058992e-13, -1.456769e-13, 4.480415e-15, -5.830579e-14
131.900000, 8.641111e-14, 1.456366e-13, 1.349349e-14, 6.869457e-14
132.000000, -1.058542e-13, -1.437786e-13, 4.777810e-15, -5.866521e-14
132.100000, 8.493220e-14, 1.453287e-13, 1.389121e-14, 6.733431e-14
132.200000, -1.062526e-13, -1.419746e-13, 5.247404e-15, -5.947365e-14
132.300000, 8.306750e-14, 1.451079e-13, 1.437475e-14, 6.536709e-14
132.400000, -1.067041e-13, -1.399831e-13, 5.682255e-15, -6.067414e-14
132.500000, 8.139257e-14, 1.451284e-13, 1.474461e-14, 6.321380e-14
132.600000, -1.070877e-13, -1.378678e-13, 6.101989e-15, -6.202517e-14
132.700000, 7.976180e-14, 1.452107e-13, 1.519926e-14, 6.103642e-14
132.800000, -1.074486e-13, -1.358103e-13, 6.716991e-15, -6.323847e-14
132.900000, 7.806541e-14, 1.451957e-13, 1.594014e-14, 5.901098e-14
133.000000, -1.078935e-13, -1.338244e-13, 7.577412e-15, -6.438546e-14
133.100000, 7.650683e-14, 1.451964e-13, 1.679455e-14, 5.714477e-14
133.200000, -1.080389e-13, -1.318313e-13, 8.491616e-15, -6.522436e-14
133.300000, 7.519850e-14, 1.451395e-13, 1.772679e-14, 5.561514e-14
133.400000, -1.080354e-13, -1.299790e-13, 9.489818e-15, -6.578065e-14
133.500000, 7.398284e-14, 1.450153e-13, 1.868645e-14, 5.419915e-14
133.600000, -1.078886e-13, -1.280885e-13, 1.041889e-14, -6.633356e-14
133.700000, 7.304881e-14, 1.448752e-13, 1.956440e-14, 5.301576e-14
133.800000, -1.075016e-13, -1.263728e-13, 1.128363e-14, -6.655479e-14
133.900000, 7.231968e-14, 1.445737e-13, 2.034600e-14, 5.210263e-14
134.000000, -1.069078e-13, -1.248079e-13, 1.205706e-14, -6.649304e-14
134.100000, 7.168335e-14, 1.441685e-13, 2.103287e-14, 5.129289e-14
134.200000, -1.064277e-13, -1.233081e-13, 1.270318e-14, -6.668941e-14
134.300000, 7.080627e-14, 1.436782e-13, 2.163960e-14, 5.011797e-14
134.400000, -1.061566e-13, -1.220450e-13, 1.338952e-14, -6.696776e-14
134.500000, 6.981525e-14, 1.429214e-13, 2.234134e-14, 4.908129e-14
134.600000, -1.060757e-13, -1.209637e-13, 1.413586e-14, -6.730563e-14
134.700000, 6.858567e-14, 1.420830e-13, 2.307156e-14, 4.781709e-14
134.800000, -1.061941e-13, -1.199820e-13, 1.493525e-14, -6.779604e-14
134.900000, 6.726045e-14, 1.411565e-13, 2.387742e-14, 4.655095e-14
135.000000, -1.063256e-13, -1.190373e-13, 1.577198e-14, -6.826156e-14
135.100000, 6.599304e-14, 1.402985e-13, 2.463461e-14, 4.525071e-14
135.200000, -1.063395e-13, -1.179331e-13, 1.645406e-14, -6.886073e-14
135.300000, 6.488255e-14, 1.396244e-13, 2.523678e-14, 4.386143e-14
135.400000, -1.061515e-13, -1.167409e-13, 1.705037e-14, -6.934306e-14
135.500000, 6.396061e-14, 1.389996e-13, 2.578027e-14, 4.264435e-14
135.600000, -1.059421e-13, -1.155246e-13, 1.760155e-14, -6.983248e-14
135.700000, 6.301107e-14, 1.384168e-13, 2.627268e-14, 4.135508e-14
135.800000, -1.056791e-13, -1.142962e-13, 1.805097e-14, -7.030194e-14
135.900000, 6.222852e-14, 1.378887e-13, 2.656211e-14, 4.012190e-14
136.000000, -1.052207e-13, -1.129662e-13, 1.823216e-14, -7.078115e-14
136.100000, 6.163097e-14, 1.374132e-13, 2.663177e-14, 3.897145e-14
136.200000, -1.046994e-13, -1.118150e-13, 1.832402e-14, -7.100822e-14
136.300000, 6.103288e-14, 1.366507e-13, 2.666289e-14, 3.813906e-14
136.400000, -1.040458e-13, -1.108667e-13, 1.827109e-14, -7.092987e-14
136.500000, 6.069579e-14, 1.357969e-13, 2.645690e-14, 3.760734e-14
136.600000, -1.031484e-13, -1.100063e-13, 1.797718e-14, -7.058205e-14
136.700000, 6.059166e-14, 1.348304e-13, 2.605420e-14, 3.739899e-14
136.800000, -1.020193e-13, -1.092985e-13, 1.751531e-14, -6.985610e-14
136.900000, 6.076392e-14, 1.337989e-13, 2.544956e-14, 3.752548e-14
137.000000, -1.006276e-13, -1.086283e-13, 1.685542e-14, -6.884896e-14
137.100000, 6.108745e-14, 1.326708e-13, 2.471896e-14, 3.790734e-14
137.200000, -9.921485e-14, -1.081850e-13, 1.615856e-14, -6.756569e-14
137.300000, 6.141593e-14, 1.312924e-13, 2.398773e-14, 3.860396e-14
137.400000, -9.780606e-14, -1.079640e-13, 1.545446e-14, -6.602181e-14
137.500000, 6.174882e-14, 1.297274e-13, 2.325766e-14, 3.955285e-14
137.600000, -9.641489e-14, -1.079436e-13, 1.477857e-14, -6.423141e-14
137.700000, 6.204369e-14, 1.280107e-13, 2.254927e-14, 4.066594e-14
137.800000, -9.510411e-14, -1.080237e-13, 1.410410e-14, -6.240836e-14
137.900000, 6.211420e-14, 1.261409e-13, 2.193707e-14, 4.176623e-14
138.000000, -9.412616e-14, -1.083128e-13, 1.359746e-14, -6.063903e-14
138.100000, 6.199912e-14, 1.242357e-13, 2.140781e-14, 4.276579e-14
138.200000, -9.317195e-14, -1.084974e-13, 1.309272e-14, -5.897403e-14
138.300000, 6.184944e-14, 1.224380e-13, 2.090188e-14, 4.365779e-14
138.400000, -9.233345e-14, -1.086197e-13, 1.265437e-14, -5.745836e-14
138.500000, 6.161561e-14, 1.207721e-13, 2.044093e-14, 4.435800e-14
138.600000, -9.154680e-14, -1.085741e-13, 1.224242e-14, -5.615935e-14
138.700000, 6.134216e-14, 1.192603e-13, 2.005475e-14, 4.491861e-14
138.800000, -9.080198e-14, -1.084144e-13, 1.194201e-14, -5.494104e-14
138.900000, 6.100822e-14, 1.178383e-13, 1.980062e-14, 4.541621e-14
139.000000, -9.019772e-14, -1.082074e-13, 1.180383e-14, -5.383624e-14
139.100000, 6.052917e-14, 1.165101e-13, 1.970106e-14, 4.574492e-14
139.200000, -8.971880e-14, -1.079101e-13, 1.180824e-14, -5.289783e-14
139.300000, 5.993049e-14, 1.152851e-13, 1.972630e-14, 4.588676e-14
139.400000, -8.932734e-14, -1.074570e-13, 1.188525e-14, -5.220474e-14
139.500000, 5.926804e-14, 1.142395e-13, 1.980533e-14, 4.578679e-14
139.600000, -8.901866e-14, -1.068910e-13, 1.203458e-14, -5.170668e-14
139.700000, 5.857091e-14, 1.133003e-13, 1.995487e-14, 4.556237e-14
139.800000, -8.874063e-14, -1.062286e-13, 1.224495e-14, -5.133559e-14
139.900000, 5.782794e-14, 1.124481e-13, 2.016204e-14, 4.520122e-14
140.000000, -8.850268e-14, -1.055287e-13, 1.251023e-14, -5.105843e-14
140.100000, 5.705942e-14, 1.116113e-13, 2.042387e-14, 4.479388e-14
140.200000, -8.830608e-14, -1.048551e-13, 1.283931e-14, -5.080616e-14
140.300000, 5.628457e-14, 1.107503e-13, 2.073917e-14, 4.439920e-14
140.400000, -8.809696e-14, -1.041944e-13, 1.319148e-14, -5.056080e-14
140.500000, 5.549992e-14, 1.098794e-13, 2.107876e-14, 4.397979e-14
140.600000, -8.794287e-14, -1.036006e-13, 1.358228e-14, -5.033815e-14
140.700000, 5.465328e-14, 1.089204e-13, 2.145799e-14, 4.355268e-14
140.800000, -8.782475e-14, -1.030845e-13, 1.398976e-14, -5.012148e-14
140.900000, 5.384018e-14, 1.079400e-13, 2.181376e-14, 4.313652e-14
141.000000, -8.763708e-14, -1.025729e-13, 1.433706e-14, -4.989602e-14
141.100000, 5.311087e-14, 1.069868e-13, 2.207642e-14, 4.269993e-14
141.200000, -8.737771e-14, -1.020426e-13, 1.457588e-14, -4.971453e-14
141.300000, 5.246552e-14, 1.060636e-13, 2.221856e-14, 4.222245e-14
141.400000, -8.700977e-14, -1.014952e-13, 1.468545e-14, -4.954009e-14
141.500000, 5.197788e-14, 1.051437e-13, 2.223888e-14, 4.182869e-14
141.600000, -8.647200e-14, -1.009604e-13, 1.467189e-14, -4.926040e-14
141.700000, 5.168597e-14, 1.042528e-13, 2.211336e-14, 4.152275e-14
141.800000, -8.574098e-14, -1.003974e-13, 1.450678e-14, -4.890318e-14
141.900000, 5.153442e-14, 1.033885e-13, 2.184953e-14, 4.124965e-14
142.000000, -8.489461e-14, -9.980625e-14, 1.419462e-14, -4.855432e-14
142.100000, 5.152141e-14, 1.025492e-13, 2.144469e-14, 4.101478e-14
142.200000, -8.394236e-14, -9.922330e-14, 1.375996e-14, -4.816780e-14
142.300000, 5.159584e-14, 1.017072e-13, 2.092607e-14, 4.080418e-14
142.400000, -8.289592e-14, -9.866254e-14, 1.322400e-14, -4.772047e-14
142.500000, 5.179305e-14, 1.008692e-13, 2.029723e-14, 4.066828e-14
142.600000, -8.172492e-14, -9.808692e-14, 1.256444e-14, -4.722324e-14
142.700000, 5.211147e-14, 1.000498e-13, 1.955774e-14, 4.059307e-14
142.800000, -8.047562e-14, -9.752669e-14, 1.181934e-14, -4.667112e-14
142.900000, 5.249445e-14, 9.921144e-14, 1.874431e-14, 4.057411e-14
143.000000, -7.917577e-14, -9.698955e-14, 1.100749e-14, -4.607691e-14
143.100000, 5.291043e-14, 9.836604e-14, 1.788029e-14, 4.057969e-14
143.200000, -7.787605e-14, -9.648655e-14, 1.016987e-14, -4.546074e-14
143.300000, 5.332562e-14, 9.749263e-14, 1.700303e-14, 4.061577e-14
143.400000, -7.657140e-14, -9.599644e-14, 9.312173e-15, -4.483171e-14
143.500000, 5.373498e-14, 9.661416e-14, 1.611195e-14, 4.065442e-14
143.600000, -7.530176e-14, -9.552907e-14, 8.455927e-15, -4.421341e-14
143.700000, 5.410806e-14, 9.573130e-14, 1.523264e-14, 4.068005e-14
143.800000, -7.407523e-14, -9.506785e-14, 7.613370e-15, -4.361670e-14
143.900000, 5.446809e-14, 9.486328e-14, 1.436102e-14, 4.070438e-14
144.000000, -7.285820e-14, -9.459855e-14, 6.786366e-15, -4.301031e-14
144.100000, 5.479197e-14, 9.401062e-14, 1.351641e-14, 4.071129e-14
144.200000, -7.169015e-14, -9.412109e-14, 5.987529e-15, -4.243597e-14
144.300000, 5.508617e-14, 9.317573e-14, 1.270489e-14, 4.071169e-14
144.400000, -7.057024e-14, -9.363188e-14, 5.228779e-15, -4.188637e-14
144.500000, 5.532981e-14, 9.236947e-14, 1.193352e-14, 4.067183e-14
144.600000, -6.949354e-14, -9.311949e-14, 4.507720e-15, -4.137055e-14
144.700000, 5.554024e-14, 9.158477e-14, 1.120805e-14, 4.062560e-14
144.800000, -6.846086e-14, -9.261340e-14, 3.848949e-15, -4.083997e-14
144.900000, 5.570502e-14, 9.079340e-14, 1.055485e-14, 4.060545e-14
145.000000, -6.749548e-14, -9.211833e-14, 3.260662e-15, -4.031481e-14
145.100000, 5.579164e-14, 9.000981e-14, 9.965288e-15, 4.054686e-14
145.200000, -6.660774e-14, -9.161946e-14, 2.728992e-15, -3.983530e-14
145.300000, 5.582984e-14, 8.924118e-14, 9.425480e-15, 4.046945e-14
145.400000, -6.575804e-14, -9.110968e-14, 2.243253e-15, -3.936519e-14
145.500000, 5.584263e-14, 8.849748e-14, 8.932285e-15, 4.039017e-14
145.600000, -6.494201e-14, -9.058956e-14, 1.810857e-15, -3.889513e-14
145.700000, 5.580811e-14, 8.775718e-14, 8.503652e-15, 4.031333e-14
145.800000, -6.419098e-14, -9.008061e-14, 1.445786e-15, -3.843594e-14
145.900000, 5.571480e-14, 8.702171e-14, 8.135783e-15, 4.021695e-14
146.000000, -6.350332e-14, -8.956977e-14, 1.136490e-15, -3.800807e-14
146.100000, 5.557130e-14, 8.630235e-14, 7.817495e-15, 4.009181e-14
146.200000, -6.285963e-14, -8.904692e-14, 8.720121e-16, -3.760815e-14
146.300000, 5.539634e-14, 8.561200e-14, 7.539649e-15, 3.993893e-14
146.400000, -6.224583e-14, -8.849200e-14, 6.425021e-16, -3.724644e-14
146.500000, 5.519348e-14, 8.495978e-14, 7.299782e-15, 3.975160e-14
146.600000, -6.167450e-14, -8.791651e-14, 4.556769e-16, -3.692304e-14
146.700000, 5.494928e-14, 8.433389e-14, 7.103520e-15, 3.952805e-14
146.800000, -6.115022e-14, -8.732085e-14, 3.110219e-16, -3.664301e-14
146.900000, 5.466926e-14, 8.374398e-14, 6.941232e-15, 3.925728e-14
147.000000, -6.065969e-14, -8.669187e-14, 1.942940e-16, -3.641577e-14
147.100000, 5.435956e-14, 8.319157e-14, 6.811474e-15, 3.894442e-14
147.200000, -6.020339e-14, -8.603573e-14, 1.114693e-16, -3.622979e-14
147.300000, 5.402904e-14, 8.267842e-14, 6.710386e-15, 3.859636e-14
147.400000, -5.977046e-14, -8.534758e-14, 5.475049e-17, -3.608189e-14
147.500000, 5.367646e-14, 8.220530e-14, 6.632410e-15, 3.820666e-14
147.600000, -5.936329e-14, -8.462893e-14, 1.772019e-17, -3.597907e-14
147.700000, 5.330560e-14, 8.176746e-14, 6.573990e-15, 3.778140e-14
147.800000, -5.897563e-14, -8.388466e-14, -7.970928e-19, -3.591001e-14
147.900000, 5.292579e-14, 8.136265e-14, 6.530842e-15, 3.733036e-14
148.000000, -5.859932e-14, -8.311694e-14, -5.608207e-18, -3.586654e-14
148.100000, 5.253898e-14, 8.098380e-14, 6.503817e-15, 3.686422e-14
148.200000, -5.823764e-14, -8.233802e-14, 7.110876e-18, -3.583724e-14
148.300000, 5.214240e-14, 8.062124e-14, 6.490846e-15, 3.638657e-14
148.400000, -5.788795e-14, -8.155030e-14, 2.930715e-17, -3.582334e-14
148.500000, 5.174319e-14, 8.027364e-14, 6.484473e-15, 3.590219e-14
148.600000, -5.753795e-14, -8.076152e-14, 5.775815e-17, -3.580354e-14
148.700000, 5.134924e-14, 7.992893e-14, 6.485783e-15, 3.543413e-14
148.800000, -5.719190e-14, -7.997705e-14, 9.258877e-17, -3.577780e-14
148.900000, 5.095639e-14, 7.959007e-14, 6.490234e-15, 3.497052e-14
149.000000, -5.684858e-14, -7.919629e-14, 1.283463e-16, -3.574986e-14
149.100000, 5.056358e-14, 7.925170e-14, 6.494075e-15, 3.451185e-14
149.200000, -5.651046e-14, -7.842361e-14, 1.619892e-16, -3.572132e-14
149.300000, 5.017266e-14, 7.890992e-14, 6.496267e-15, 3.406292e-14
149.400000, -5.617090e-14, -7.766348e-14, 1.935753e-16, -3.567927e-14
149.500000, 4.979021e-14, 7.856455e-14, 6.494435e-15, 3.363065e-14
149.600000, -5.582971e-14, -7.691565e-14, 2.213666e-16, -3.562575e-14
149.700000, 4.941400e-14, 7.821394e-14, 6.488040e-15, 3.321224e-14
149.800000, -5.548386e-14, -7.617923e-14, 2.426003e-16, -3.556046e-14
149.900000, 4.904673e-14, 7.785854e-14, 6.475084e-15, 3.280900e-14
150.000000, -5.513529e-14, -7.545628e-14, 2.578613e-16, -3.548351e-14
150.100000, 4.868434e-14, 7.749498e-14, 6.457901e-15, 3.242055e-14
150.200000, -5.478735e-14, -7.474915e-14, 2.706013e-16, -3.539442e-14
150.300000, 4.832700e-14, 7.712377e-14, 6.438345e-15, 3.204775e-14
150.400000, -5.443880e-14, -7.405705e-14, 2.811681e-16, -3.529266e-14
150.500000, 4.797318e-14, 7.674323e-14, 6.418183e-15, 3.169112e-14
150.600000, -5.409200e-14, -7.338210e-14, 2.916723e-16, -3.517789e-14
150.700000, 4.762025e-14, 7.635181e-14, 6.397992e-15, 3.134878e-14
150.800000, -5.375015e-14, -7.272565e-14, 3.023596e-16, -3.505309e-14
150.900000, 4.726863e-14, 7.595012e-14, 6.377170e-15, 3.101984e-14
151.000000, -5.340929e-14, -7.208543e-14, 3.118545e-16, -3.491673e-14
151.100000, 4.692074e-14, 7.553961e-14, 6.355344e-15, 3.070545e-14
151.200000, -5.306927e-14, -7.146011e-14, 3.199491e-16, -3.477039e-14
151.300000, 4.657519e-14, 7.512141e-14, 6.332294e-15, 3.040207e-14
151.400000, -5.273153e-14, -7.084889e-14, 3.273038e-16, -3.461667e-14
151.500000, 4.623292e-14, 7.469720e-14, 6.308303e-15, 3.010906e-14
151.600000, -5.239404e-14, -7.025010e-14, 3.336667e-16, -3.445504e-14
151.700000, 4.589355e-14, 7.426644e-14, 6.284162e-15, 2.982682e-14
151.800000, -5.205916e-14, -6.966568e-14, 3.408985e-16, -3.428549e-14
151.900000, 4.555390e-14, 7.382683e-14, 6.262348e-15, 2.955498e-14
152.000000, -5.172916e-14, -6.909665e-14, 3.509010e-16, -3.410899e-14
152.100000, 4.521522e-14, 7.337998e-14, 6.242353e-15, 2.929254e-14
152.200000, -5.140123e-14, -6.854053e-14, 3.617337e-16, -3.392631e-14
152.300000, 4.487891e-14, 7.292695e-14, 6.223027e-15, 2.903920e-14
152.400000, -5.107490e-14, -6.799665e-14, 3.729575e-16, -3.373781e-14
152.500000, 4.454497e-14, 7.246941e-14, 6.203520e-15, 2.879249e-14
152.600000, -5.074990e-14, -6.746251e-14, 3.834890e-16, -3.354676e-14
152.700000, 4.421367e-14, 7.200911e-14, 6.183572e-15, 2.855064e-14
152.800000, -5.042711e-14, -6.693794e-14, 3.940653e-16, -3.335397e-14
152.900000, 4.388358e-14, 7.154498e-14, 6.164324e-15, 2.831358e-14
153.000000, -5.010646e-14, -6.642357e-14, 4.053680e-16, -3.315819e-14
153.100000, 4.355620e-14, 7.107763e-14, 6.145378e-15, 2.808225e-14
153.200000, -4.978735e-14, -6.591858e-14, 4.168003e-16, -3.296016e-14
153.300000, 4.323098e-14, 7.060725e-14, 6.126603e-15, 2.785544e-14
153.400000, -4.946951e-14, -6.542278e-14, 4.282809e-16, -3.275974e-14
153.500000, 4.290883e-14, 7.013372e-14, 6.108060e-15, 2.763469e-14
153.600000, -4.915227e-14, -6.493601e-14, 4.397137e-16, -3.255591e-14
153.700000, 4.259010e-14, 6.965829e-14, 6.088903e-15, 2.741891e-14
153.800000, -4.883549e-14, -6.445663e-14, 4.500543e-16, -3.235069e-14
153.900000, 4.227474e-14, 6.918220e-14, 6.068489e-15, 2.720645e-14
154.000000, -4.851884e-14, -6.398364e-14, 4.588526e-16, -3.214483e-14
154.100000, 4.196370e-14, 6.870606e-14, 6.046227e-15, 2.699755e-14
154.200000, -4.820071e-14, -6.351639e-14, 4.654045e-16, -3.193732e-14
154.300000, 4.165833e-14, 6.823046e-14, 6.021566e-15, 2.679308e-14
154.400000, -4.788074e-14, -6.305432e-14, 4.691137e-16, -3.172852e-14
154.500000, 4.135849e-14, 6.775575e-14, 5.993989e-15, 2.659226e-14
154.600000, -4.755925e-14, -6.259756e-14, 4.701090e-16, -3.151849e-14
154.700000, 4.106375e-14, 6.728173e-14, 5.963687e-15, 2.639494e-14
154.800000, -4.723627e-14, -6.214586e-14, 4.681508e-16, -3.130755e-14
154.900000, 4.077425e-14, 6.680839e-14, 5.930660e-15, 2.620148e-14
155.000000, -4.691162e-14, -6.169920e-14, 4.634557e-16, -3.109516e-14
155.100000, 4.049018e-14, 6.633640e-14, 5.894740e-15, 2.601139e-14
155.200000, -4.658522e-14, -6.125663e-14, 4.557042e-16, -3.088227e-14
155.300000, 4.021127e-14, 6.586622e-14, 5.855894e-15, 2.582405e-14
155.400000, -4.625750e-14, -6.081800e-14, 4.450803e-16, -3.066918e-14
155.500000, 3.993721e-14, 6.539755e-14, 5.814484e-15, 2.563976e-14
155.600000, -4.592864e-14, -6.038384e-14, 4.320907e-16, -3.045507e-14
155.700000, 3.966758e-14, 6.493011e-14, 5.770877e-15, 2.545874e-14
155.800000, -4.559913e-14, -5.995400e-14, 4.169032e-16, -3.024040e-14
155.900000, 3.940208e-14, 6.446418e-14, 5.725149e-15, 2.528054e-14
156.000000, -4.526903e-14, -5.952812e-14, 3.995626e-16, -3.002530e-14
156.100000, 3.914047e-14, 6.399982e-14, 5.677491e-15, 2.510515e-14
156.200000, -4.493891e-14, -5.910638e-14, 3.805015e-16, -2.980978e-14
156.300000, 3.888207e-14, 6.353688e-14, 5.628337e-15, 2.493239e-14
156.400000, -4.460917e-14, -5.868860e-14, 3.599140e-16, -2.959417e-14
156.500000, 3.862668e-14, 6.307556e-14, 5.577818e-15, 2.476201e-14
156.600000, -4.428008e-14, -5.827467e-14, 3.380784e-16, -2.937857e-14
156.700000, 3.837370e-14, 6.261578e-14, 5.526313e-15, 2.459379e-14
156.800000, -4.395210e-14, -5.786452e-14, 3.152145e-16, -2.916322e-14
156.900000, 3.812328e-14, 6.215781e-14, 5.473765e-15, 2.442773e-14
157.000000, -4.362479e-14, -5.745782e-14, 2.912778e-16, -2.894788e-14
157.100000, 3.787552e-14, 6.170185e-14, 5.420258e-15, 2.426387e-14
157.200000, -4.329829e-14, -5.705437e-14, 2.663835e-16, -2.873271e-14
157.300000, 3.763018e-14, 6.124799e-14, 5.365969e-15, 2.410208e-14
157.400000, -4.297285e-14, -5.665406e-14, 2.407026e-16, -2.851787e-14
157.500000, 3.738693e-14, 6.079633e-14, 5.311012e-15, 2.394203e-14
157.600000, -4.264866e-14, -5.625676e-14, 2.143938e-16, -2.830355e-14
157.700000, 3.714569e-14, 6.034688e-14, 5.255589e-15, 2.378365e-14
157.800000, -4.232591e-14, -5.586243e-14, 1.876197e-16, -2.808985e-14
157.900000, 3.690622e-14, 5.989969e-14, 5.199806e-15, 2.362679e-14
158.000000, -4.200462e-14, -5.547096e-14, 1.604563e-16, -2.787686e-14
158.100000, 3.666844e-14, 5.945466e-14, 5.143858e-15, 2.347153e-14
158.200000, -4.168503e-14, -5.508258e-14, 1.332440e-16, -2.766436e-14
158.300000, 3.643212e-14, 5.901170e-14, 5.087957e-15, 2.331787e-14
158.400000, -4.136712e-14, -5.469707e-14, 1.059874e-16, -2.745253e-14
158.500000, 3.619729e-14, 5.857095e-14, 5.032098e-15, 2.316564e-14
158.600000, -4.105095e-14, -5.431435e-14, 7.878400e-17, -2.724143e-14
158.700000, 3.596384e-14, 5.813244e-14, 4.976464e-15, 2.301479e-14
158.800000, -4.073671e-14, -5.393441e-14, 5.183172e-17, -2.703117e-14
158.900000, 3.573147e-14, 5.769613e-14, 4.921233e-15, 2.286513e-14
159.000000, -4.042450e-14, -5.355713e-14, 2.524341e-17, -2.682186e-14
159.100000, 3.550023e-14, 5.726213e-14, 4.866427e-15, 2.271661e-14
159.200000, -4.011428e-14, -5.318242e-14, -9.646928e-19, -2.661352e-14
159.300000, 3.527004e-14, 5.683044e-14, 4.812135e-15, 2.256920e-14
159.400000, -3.980614e-14, -5.281021e-14, -2.670200e-17, -2.640626e-14
159.500000, 3.504085e-14, 5.640121e-14, 4.758339e-15, 2.242267e-14
159.600000, -3.950004e-14, -5.244029e-14, -5.204129e-17, -2.620021e-14
159.700000, 3.481265e-14, 5.597453e-14, 4.704998e-15, 2.227692e-14
159.800000, -3.919594e-14, -5.207253e-14, -7.699785e-17, -2.599547e-14
159.900000, 3.458548e-14, 5.555053e-14, 4.652091e-15, 2.213188e-14
160.000000, -3.889385e-14, -5.170679e-14, -1.015987e-16, -2.579207e-14
160.100000, 3.435934e-14, 5.512926e-14, 4.599626e-15, 2.198750e-14
160.200000, -3.859369e-14, -5.134298e-14, -1.258177e-16, -2.559003e-14
160.300000, 3.413416e-14, 5.471073e-14, 4.547634e-15, 2.184372e-14
160.400000, -3.829554e-14, -5.098109e-14, -1.496325e-16, -2.538943e-14
160.500000, 3.390998e-14, 5.429498e-14, 4.496082e-15, 2.170048e-14
160.600000, -3.799930e-14, -5.062098e-14, -1.730870e-16, -2.519031e-14
160.700000, 3.368679e-14, 5.388204e-14, 4.444983e-15, 2.155773e-14
160.800000, -3.770502e-14, -5.026269e-14, -1.960881e-16, -2.499260e-14
160.900000, 3.346456e-14, 5.347185e-14, 4.394452e-15, 2.141552e-14
161.000000, -3.741266e-14, -4.990616e-14, -2.186005e-16, -2.479635e-14
161.100000, 3.324325e-14, 5.306443e-14, 4.344490e-15, 2.127379e-14
161.200000, -3.712224e-14, -4.955138e-14, -2.405985e-16, -2.460155e-14
161.300000, 3.302288e-14, 5.265978e-14, 4.295120e-15, 2.113250e-14
161.400000, -3.683373e-14, -4.919828e-14, -2.620478e-16, -2.440821e-14
161.500000, 3.280340e-14, 5.225788e-14, 4.246405e-15, 2.099165e-14
161.600000, -3.654720e-14, -4.884685e-14, -2.828932e-16, -2.421639e-14
161.700000, 3.258474e-14, 5.185873e-14, 4.198364e-15, 2.085117e-14
161.800000, -3.626267e-14, -4.849710e-14, -3.031255e-16, -2.402609e-14
161.900000, 3.236684e-14, 5.146230e-14, 4.151025e-15, 2.071103e-14
162.000000, -3.598014e-14, -4.814897e-14, -3.227113e-16, -2.383732e-14
162.100000, 3.214967e-14, 5.106858e-14, 4.104403e-15, 2.057118e-14
162.200000, -3.569969e-14, -4.780244e-14, -3.416664e-16, -2.365014e-14
162.300000, 3.193317e-14, 5.067760e-14, 4.058491e-15, 2.043159e-14
162.400000, -3.542130e-14, -4.745744e-14, -3.599762e-16, -2.346456e-14
162.500000, 3.171734e-14, 5.028934e-14, 4.013272e-15, 2.029223e-14
162.600000, -3.514496e-14, -4.711395e-14, -3.776690e-16, -2.328055e-14
162.700000, 3.150216e-14, 4.990383e-14, 3.968747e-15, 2.015313e-14
162.800000, -3.487063e-14, -4.677196e-14, -3.947420e-16, -2.309811e-14
162.900000, 3.128766e-14, 4.952102e-14, 3.924900e-15, 2.001425e-14
163.000000, -3.459830e-14, -4.643143e-14, -4.112124e-16, -2.291720e-14
163.100000, 3.107383e-14, 4.914092e-14, 3.881735e-15, 1.987567e-14
163.200000, -3.432794e-14, -4.609236e-14, -4.270917e-16, -2.273779e-14
163.300000, 3.086067e-14, 4.876346e-14, 3.839210e-15, 1.973738e-14
163.400000, -3.405952e-14, -4.575477e-14, -4.423917e-16, -2.255984e-14
163.500000, 3.064819e-14, 4.838860e-14, 3.797342e-15, 1.959942e-14
163.600000, -3.379303e-14, -4.541868e-14, -4.571030e-16, -2.238325e-14
163.700000, 3.043642e-14, 4.801629e-14, 3.756134e-15, 1.946185e-14
163.800000, -3.352842e-14, -4.508411e-14, -4.712549e-16, -2.220800e-14
163.900000, 3.022532e-14, 4.764647e-14, 3.715545e-15, 1.932470e-14
164.000000, -3.326570e-14, -4.475108e-14, -4.848449e-16, -2.203405e-14
164.100000, 3.001492e-14, 4.727909e-14, 3.675573e-15, 1.918800e-14
164.200000, -3.300480e-14, -4.441961e-14, -4.978859e-16, -2.186132e-14
164.300000, 2.980523e-14, 4.691410e-14, 3.636221e-15, 1.905179e-14
164.400000, -3.274572e-14, -4.408970e-14, -5.103888e-16, -2.168981e-14
164.500000, 2.959624e-14, 4.655145e-14, 3.597488e-15, 1.891606e-14
164.600000, -3.248845e-14, -4.376140e-14, -5.223548e-16, -2.151948e-14
164.700000, 2.938793e-14, 4.619110e-14, 3.559358e-15, 1.878084e-14
164.800000, -3.223299e-14, -4.343468e-14, -5.337812e-16, -2.135032e-14
164.900000, 2.918030e-14, 4.583300e-14, 3.521825e-15, 1.864611e-14
165.000000, -3.197932e-14, -4.310958e-14, -5.446968e-16, -2.118232e-14
165.100000, 2.897334e-14, 4.547714e-14, 3.484885e-15, 1.851188e-14
165.200000, -3.172742e-14, -4.278605e-14, -5.550832e-16, -2.101544e-14
165.300000, 2.876705e-14, 4.512350e-14, 3.448522e-15, 1.837818e-14
165.400000, -3.147729e-14, -4.246410e-14, -5.649808e-16, -2.084969e-14
165.500000, 2.856142e-14, 4.477202e-14, 3.412719e-15, 1.824497e-14
165.600000, -3.122890e-14, -4.214373e-14, -5.743832e-16, -2.068505e-14
165.700000, 2.835648e-14, 4.442276e-14, 3.377477e-15, 1.811226e-14
165.800000, -3.098219e-14, -4.182490e-14, -5.833240e-16, -2.052151e-14
165.900000, 2.815224e-14, 4.407562e-14, 3.342768e-15, 1.798006e-14
166.000000, -3.073717e-14, -4.150762e-14, -5.917857e-16, -2.035904e-14
166.100000, 2.794869e-14, 4.373063e-14, 3.308602e-15, 1.784839e-14
166.200000, -3.049378e-14, -4.119187e-14, -5.997783e-16, -2.019763e-14
166.300000, 2.774585e-14, 4.338774e-14, 3.274956e-15, 1.771722e-14
166.400000, -3.025202e-14, -4.087765e-14, -6.073354e-16, -2.003727e-14
166.500000, 2.754372e-14, 4.304693e-14, 3.241836e-15, 1.758658e-14
166.600000, -3.001187e-14, -4.056499e-14, -6.144421e-16, -1.987794e-14
166.700000, 2.734230e-14, 4.270816e-14, 3.209228e-15, 1.745646e-14
166.800000, -2.977330e-14, -4.025387e-14, -6.211081e-16, -1.971964e-14
166.900000, 2.714157e-14, 4.237140e-14, 3.177122e-15, 1.732684e-14
167.000000, -2.953631e-14, -3.994428e-14, -6.273444e-16, -1.956234e-14
167.100000, 2.694157e-14, 4.203663e-14, 3.145504e-15, 1.719774e-14
167.200000, -2.930087e-14, -3.963623e-14, -6.331675e-16, -1.940607e-14
167.300000, 2.674227e-14, 4.170383e-14, 3.114383e-15, 1.706913e-14
167.400000, -2.906699e-14, -3.932970e-14, -6.385630e-16, -1.925081e-14
167.500000, 2.654366e-14, 4.137297e-14, 3.083753e-15, 1.694103e-14
167.600000, -2.883462e-14, -3.902469e-14, -6.435520e-16, -1.909653e-14
167.700000, 2.634575e-14, 4.104404e-14, 3.053612e-15, 1.681342e-14
167.800000, -2.860376e-14, -3.872119e-14, -6.481123e-16, -1.894323e-14
167.900000, 2.614853e-14, 4.071702e-14, 3.023943e-15, 1.668630e-14
168.000000, -2.837441e-14, -3.841919e-14, -6.522683e-16, -1.879092e-14
168.100000, 2.595202e-14, 4.039189e-14, 2.994767e-15, 1.655966e-14
168.200000, -2.814656e-14, -3.811867e-14, -6.560239e-16, -1.863958e-14
168.300000, 2.575617e-14, 4.006865e-14, 2.966044e-15, 1.643350e-14
168.400000, -2.792016e-14, -3.781962e-14, -6.593858e-16, -1.848921e-14
168.500000, 2.556103e-14, 3.974728e-14, 2.937781e-15, 1.630783e-14
168.600000, -2.769520e-14, -3.752201e-14, -6.623772e-16, -1.833981e-14
168.700000, 2.536657e-14, 3.942775e-14, 2.909947e-15, 1.618263e-14
168.800000, -2.747169e-14, -3.722586e-14, -6.650221e-16, -1.819134e-14
168.900000, 2.517282e-14, 3.911006e-14, 2.882516e-15, 1.605789e-14
169.000000, -2.724958e-14, -3.693114e-14, -6.673423e-16, -1.804382e-14
169.100000, 2.497977e-14, 3.879420e-14, 2.855467e-15, 1.593363e-14
169.200000, -2.702883e-14, -3.663785e-14, -6.693538e-16, -1.789721e-14
169.300000, 2.478745e-14, 3.848011e-14, 2.828795e-15, 1.580986e-14
169.400000, -2.680945e-14, -3.634600e-14, -6.710733e-16, -1.775150e-14
169.500000, 2.459584e-14, 3.816778e-14, 2.802468e-15, 1.568658e-14
169.600000, -2.659140e-14, -3.605559e-14, -6.725330e-16, -1.760666e-14
169.700000, 2.440498e-14, 3.785718e-14, 2.776473e-15, 1.556382e-14
169.800000, -2.637465e-14, -3.576661e-14, -6.737249e-16, -1.746268e-14
169.900000, 2.421485e-14, 3.754829e-14, 2.750786e-15, 1.544156e-14
170.000000, -2.615919e-14, -3.547908e-14, -6.746939e-16, -1.731954e-14
170.100000, 2.402547e-14, 3.724107e-14, 2.725400e-15, 1.531984e-14
170.200000, -2.594497e-14, -3.519299e-14, -6.754410e-16, -1.717721e-14
170.300000, 2.383686e-14, 3.693551e-14, 2.700295e-15, 1.519864e-14
170.400000, -2.573198e-14, -3.490835e-14, -6.759862e-16, -1.703569e-14
170.500000, 2.364902e-14, 3.663157e-14, 2.675452e-15, 1.507798e-14
170.600000, -2.552019e-14, -3.462514e-14, -6.763407e-16, -1.689492e-14
170.700000, 2.346198e-14, 3.632924e-14, 2.650856e-15, 1.495788e-14
170.800000, -2.530958e-14, -3.434337e-14, -6.765233e-16, -1.675494e-14
170.900000, 2.327573e-14, 3.602849e-14, 2.626492e-15, 1.483834e-14
171.000000, -2.510012e-14, -3.406303e-14, -6.765430e-16, -1.661567e-14
171.100000, 2.309027e-14, 3.572931e-14, 2.602357e-15, 1.471937e-14
171.200000, -2.489179e-14, -3.378413e-14, -6.764199e-16, -1.647713e-14
171.300000, 2.290564e-14, 3.543166e-14, 2.578430e-15, 1.460098e-14
171.400000, -2.468455e-14, -3.350664e-14, -6.761660e-16, -1.633928e-14
171.500000, 2.272182e-14, 3.513554e-14, 2.554686e-15, 1.448318e-14
171.600000, -2.447840e-14, -3.323057e-14, -6.757975e-16, -1.620211e-14
171.700000, 2.253884e-14, 3.484093e-14, 2.531120e-15, 1.436598e-14
171.800000, -2.427329e-14, -3.295591e-14, -6.753279e-16, -1.606560e-14
171.900000, 2.235670e-14, 3.454782e-14, 2.507714e-15, 1.424938e-14
172.000000, -2.406921e-14, -3.268266e-14, -6.747794e-16, -1.592975e-14
172.100000, 2.217541e-14, 3.425617e-14, 2.484450e-15, 1.413338e-14
172.200000, -2.386616e-14, -3.241081e-14, -6.741595e-16, -1.579453e-14
172.300000, 2.199496e-14, 3.396596e-14, 2.461315e-15, 1.401798e-14
172.400000, -2.366408e-14, -3.214036e-14, -6.734898e-16, -1.565994e-14
172.500000, 2.181537e-14, 3.367720e-14, 2.438303e-15, 1.390319e-14
172.600000, -2.346301e-14, -3.187130e-14, -6.727620e-16, -1.552598e-14
172.700000, 2.163661e-14, 3.338983e-14, 2.415395e-15, 1.378899e-14
172.800000, -2.326292e-14, -3.160365e-14, -6.720042e-16, -1.539263e-14
172.900000, 2.145870e-14, 3.310385e-14, 2.392582e-15, 1.367538e-14
173.000000, -2.306379e-14, -3.133739e-14, -6.712134e-16, -1.525991e-14
173.100000, 2.128162e-14, 3.281926e-14, 2.369875e-15, 1.356237e-14
173.200000, -2.286561e-14, -3.107250e-14, -6.703928e-16, -1.512778e-14
173.300000, 2.110537e-14, 3.253602e-14, 2.347264e-15, 1.344993e-14
173.400000, -2.266838e-14, -3.080898e-14, -6.695411e-16, -1.499626e-14
173.500000, 2.092994e-14, 3.225414e-14, 2.324746e-15, 1.333806e-14
173.600000, -2.247210e-14, -3.054681e-14, -6.686580e-16, -1.486536e-14
173.700000, 2.075533e-14, 3.197360e-14, 2.302332e-15, 1.322676e-14
173.800000, -2.227675e-14, -3.028599e-14, -6.677473e-16, -1.473504e-14
173.900000, 2.058154e-14, 3.169442e-14, 2.280026e-15, 1.311603e-14
174.000000, -2.208231e-14, -3.002647e-14, -6.667780e-16, -1.460532e-14
174.100000, 2.040857e-14, 3.141657e-14, 2.257830e-15, 1.300586e-14
174.200000, -2.188880e-14, -2.976825e-14, -6.657710e-16, -1.447619e-14
174.300000, 2.023638e-14, 3.114007e-14, 2.235749e-15, 1.289623e-14
174.400000, -2.169619e-14, -2.951130e-14, -6.646990e-16, -1.434766e-14
174.500000, 2.006500e-14, 3.086491e-14, 2.213790e-15, 1.278716e-14
174.600000, -2.150448e-14, -2.925563e-14, -6.635817e-16, -1.421971e-14
174.700000, 1.989439e-14, 3.059106e-14, 2.191946e-15, 1.267861e-14
174.800000, -2.131369e-14, -2.900121e-14, -6.624167e-16, -1.409237e-14
174.900000, 1.972455e-14, 3.031854e-14, 2.170225e-15, 1.257057e-14
175.000000, -2.112380e-14, -2.874801e-14, -6.611877e-16, -1.396563e-14
175.100000, 1.955546e-14, 3.004733e-14, 2.148615e-15, 1.246304e-14
175.200000, -2.093484e-14, -2.849606e-14, -6.599158e-16, -1.383949e-14
175.300000, 1.938712e-14, 2.977744e-14, 2.127119e-15, 1.235600e-14
175.400000, -2.074677e-14, -2.824531e-14, -6.586000e-16, -1.371396e-14
175.500000, 1.921950e-14, 2.950882e-14, 2.105728e-15, 1.224944e-14
175.600000, -2.055962e-14, -2.799575e-14, -6.572331e-16, -1.358903e-14
175.700000, 1.905260e-14, 2.924150e-14, 2.084458e-15, 1.214336e-14
175.800000, -2.037337e-14, -2.774740e-14, -6.558212e-16, -1.346471e-14
175.900000, 1.888640e-14, 2.897548e-14, 2.063299e-15, 1.203774e-14
176.000000, -2.018801e-14, -2.750020e-14, -6.543499e-16, -1.334099e-14
176.100000, 1.872092e-14, 2.871072e-14, 2.042257e-15, 1.193261e-14
176.200000, -2.000355e-14, -2.725417e-14, -6.528381e-16, -1.321787e-14
176.300000, 1.855612e-14, 2.844724e-14, 2.021323e-15, 1.182791e-14
176.400000, -1.981998e-14, -2.700926e-14, -6.512674e-16, -1.309534e-14
176.500000, 1.839201e-14, 2.818501e-14, 2.000508e-15, 1.172367e-14
176.600000, -1.963729e-14, -2.676550e-14, -6.496519e-16, -1.297342e-14
176.700000, 1.822857e-14, 2.792406e-14, 1.979810e-15, 1.161987e-14
176.800000, -1.945548e-14, -2.652284e-14, -6.479775e-16, -1.285208e-14
176.900000, 1.806581e-14, 2.766437e-14, 1.959229e-15, 1.151652e-14
177.000000, -1.927455e-14, -2.628128e-14, -6.462509e-16, -1.273133e-14
177.100000, 1.790373e-14, 2.740593e-14, 1.938769e-15, 1.141360e-14
177.200000, -1.909448e-14, -2.604081e-14, -6.444604e-16, -1.261115e-14
177.300000, 1.774230e-14, 2.714874e-14, 1.918426e-15, 1.131112e-14
177.400000, -1.891526e-14, -2.580139e-14, -6.426136e-16, -1.249155e-14
177.500000, 1.758155e-14, 2.689280e-14, 1.898215e-15, 1.120909e-14
177.600000, -1.873689e-14, -2.556303e-14, -6.407076e-16, -1.237252e-14
177.700000, 1.742143e-14, 2.663809e-14, 1.878126e-15, 1.110747e-14
177.800000, -1.855936e-14, -2.532571e-14, -6.387368e-16, -1.225406e-14
177.900000, 1.726197e-14, 2.638463e-14, 1.858160e-15, 1.100628e-14
178.000000, -1.838268e-14, -2.508942e-14, -6.366909e-16, -1.213616e-14
178.100000, 1.710317e-14, 2.613238e-14, 1.838320e-15, 1.090551e-14
178.200000, -1.820682e-14, -2.485416e-14, -6.346013e-16, -1.201883e-14
178.300000, 1.694498e-14, 2.588134e-14, 1.818589e-15, 1.080514e-14
178.400000, -1.803179e-14, -2.461992e-14, -6.324554e-16, -1.190207e-14
178.500000, 1.678742e-14, 2.563149e-14, 1.798982e-15, 1.070517e-14
178.600000, -1.785759e-14, -2.438668e-14, -6.302528e-16, -1.178587e-14
178.700000, 1.663049e-14, 2.538283e-14, 1.779493e-15, 1.060560e-14
178.800000, -1.768421e-14, -2.415447e-14, -6.279979e-16, -1.167024e-14
178.900000, 1.647415e-14, 2.513537e-14, 1.760109e-15, 1.050640e-14
179.000000, -1.751165e-14, -2.392324e-14, -6.256845e-16, -1.155517e-14
179.100000, 1.631844e-14, 2.488905e-14, 1.740843e-15, 1.040760e-14
179.200000, -1.733989e-14, -2.369299e-14, -6.233187e-16, -1.144066e-14
179.300000, 1.616333e-14, 2.464389e-14, 1.721705e-15, 1.030918e-14
179.400000, -1.716893e-14, -2.346373e-14, -6.208807e-16, -1.132669e-14
179.500000, 1.600883e-14, 2.439989e-14, 1.702689e-15, 1.021114e-14
179.600000, -1.699876e-14, -2.323543e-14, -6.183789e-16, -1.121327e-14
179.700000, 1.585494e-14, 2.415704e-14, 1.683804e-15, 1.011348e-14
179.800000, -1.682937e-14, -2.300809e-14, -6.158129e-16, -1.110038e-14
179.900000, 1.570163e-14, 2.391532e-14, 1.665049e-15, 1.001621e-14
180.000000, -1.666074e-14, -2.278168e-14, -6.131633e-16, -1.098803e-14
180.100000, 1.554893e-14, 2.367473e-14, 1.646435e-15, 9.919306e-15
180.200000, -1.649290e-14, -2.255622e-14, -6.104406e-16, -1.087620e-14
180.300000, 1.539681e-14, 2.343527e-14, 1.627944e-15, 9.822777e-15
180.400000, -1.632583e-14, -2.233171e-14, -6.076543e-16, -1.076489e-14
180.500000, 1.524526e-14, 2.319690e-14, 1.609582e-15, 9.726609e-15
180.600000, -1.615950e-14, -2.210809e-14, -6.048022e-16, -1.065411e-14
180.700000, 1.509428e-14, 2.295965e-14, 1.591354e-15, 9.630807e-15
180.800000, -1.599395e-14, -2.188542e-14, -6.018716e-16, -1.054386e-14
180.900000, 1.494389e-14, 2.272347e-14, 1.573235e-15, 9.535359e-15
181.000000, -1.582914e-14, -2.166365e-14, -5.988758e-16, -1.043412e-14
181.100000, 1.479403e-14, 2.248836e-14, 1.555252e-15, 9.440256e-15
181.200000, -1.566509e-14, -2.144279e-14, -5.958303e-16, -1.032491e-14
181.300000, 1.464474e-14, 2.225433e-14, 1.537384e-15, 9.345503e-15
181.400000, -1.550179e-14, -2.122285e-14, -5.927135e-16, -1.021621e-14
181.500000, 1.449599e-14, 2.202135e-14, 1.519636e-15, 9.251088e-15
181.600000, -1.533923e-14, -2.100379e-14, -5.895426e-16, -1.010803e-14
181.700000, 1.434778e-14, 2.178941e-14, 1.502004e-15, 9.157006e-15
181.800000, -1.517740e-14, -2.078562e-14, -5.863065e-16, -1.000037e-14
181.900000, 1.420012e-14, 2.155853e-14, 1.484490e-15, 9.063258e-15
182.000000, -1.501629e-14, -2.056832e-14, -5.830161e-16, -9.893200e-15
182.100000, 1.405298e-14, 2.132867e-14, 1.467094e-15, 8.969844e-15
182.200000, -1.485591e-14, -2.035190e-14, -5.796581e-16, -9.786530e-15
182.300000, 1.390638e-14, 2.109983e-14, 1.449817e-15, 8.876767e-15
182.400000, -1.469625e-14, -2.013634e-14, -5.762456e-16, -9.680366e-15
182.500000, 1.376030e-14, 2.087201e-14, 1.432648e-15, 8.784002e-15
182.600000, -1.453730e-14, -1.992164e-14, -5.727735e-16, -9.574690e-15
182.700000, 1.361475e-14, 2.064519e-14, 1.415598e-15, 8.691570e-15
182.800000, -1.437906e-14, -1.970779e-14, -5.692480e-16, -9.469502e-15
182.900000, 1.346970e-14, 2.041937e-14, 1.398659e-15, 8.599451e-15
183.000000, -1.422151e-14, -1.949478e-14, -5.656621e-16, -9.364803e-15
183.100000, 1.332518e-14, 2.019454e-14, 1.381834e-15, 8.507655e-15
183.200000, -1.406467e-14, -1.928261e-14, -5.620167e-16, -9.260588e-15
183.300000, 1.318117e-14, 1.997069e-14, 1.365123e-15, 8.416185e-15
183.400000, -1.390851e-14, -1.907127e-14, -5.583248e-16, -9.156843e-15
183.500000, 1.303766e-14, 1.974781e-14, 1.348522e-15, 8.325020e-15
183.600000, -1.375302e-14, -1.886075e-14, -5.545666e-16, -9.053566e-15
183.700000, 1.289466e-14, 1.952589e-14, 1.332032e-15, 8.234172e-15
183.800000, -1.359821e-14, -1.865104e-14, -5.507450e-16, -8.950750e-15
183.900000, 1.275217e-14, 1.930495e-14, 1.315673e-15, 8.143644e-15
184.000000, -1.344404e-14, -1.844212e-14, -5.468667e-16, -8.848399e-15
184.100000, 1.261020e-14, 1.908496e-14, 1.299411e-15, 8.053433e-15
184.200000, -1.329053e-14, -1.823401e-14, -5.429327e-16, -8.746491e-15
184.300000, 1.246873e-14, 1.886592e-14, 1.283278e-15, 7.963534e-15
184.400000, -1.313766e-14, -1.802668e-14, -5.389359e-16, -8.645039e-15
184.500000, 1.232775e-14, 1.864780e-14, 1.267247e-15, 7.873939e-15
184.600000, -1.298544e-14, -1.782014e-14, -5.348818e-16, -8.544027e-15
184.700000, 1.218727e-14, 1.843062e-14, 1.251316e-15, 7.784649e-15
184.800000, -1.283386e-14, -1.761437e-14, -5.307823e-16, -8.443467e-15
184.900000, 1.204729e-14, 1.821436e-14, 1.235501e-15, 7.695664e-15
185.000000, -1.268291e-14, -1.740938e-14, -5.266346e-16, -8.343352e-15
185.100000, 1.190778e-14, 1.799899e-14, 1.219781e-15, 7.606964e-15
185.200000, -1.253258e-14, -1.720517e-14, -5.224303e-16, -8.243670e-15
185.300000, 1.176876e-14, 1.778453e-14, 1.204169e-15, 7.518570e-15
185.400000, -1.238287e-14, -1.700172e-14, -5.181870e-16, -8.144418e-15
185.500000, 1.163023e-14, 1.757096e-14, 1.188655e-15, 7.430474e-15
185.600000, -1.223377e-14, -1.679902e-14, -5.138820e-16, -8.045596e-15
185.700000, 1.149217e-14, 1.735827e-14, 1.173242e-15, 7.342662e-15
185.800000, -1.208529e-14, -1.659709e-14, -5.095359e-16, -7.947200e-15
185.900000, 1.135459e-14, 1.714645e-14, 1.157934e-15, 7.255145e-15
186.000000, -1.193741e-14, -1.639589e-14, -5.051405e-16, -7.849224e-15
186.100000, 1.121748e-14, 1.693550e-14, 1.142720e-15, 7.167929e-15
186.200000, -1.179012e-14, -1.619544e-14, -5.007050e-16, -7.751660e-15
186.300000, 1.108083e-14, 1.672540e-14, 1.127607e-15, 7.080998e-15
186.400000, -1.164343e-14, -1.599573e-14, -4.962203e-16, -7.654495e-15
186.500000, 1.094464e-14, 1.651616e-14, 1.112585e-15, 6.994352e-15
186.600000, -1.149732e-14, -1.579675e-14, -4.916898e-16, -7.557757e-15
186.700000, 1.080892e-14, 1.630775e-14, 1.097656e-15, 6.907991e-15
186.800000, -1.135181e-14, -1.559849e-14, -4.871288e-16, -7.461414e-15
186.900000, 1.067365e-14, 1.610018e-14, 1.082824e-15, 6.821900e-15
187.000000, -1.120687e-14, -1.540096e-14, -4.825231e-16, -7.365472e-15
187.100000, 1.053883e-14, 1.589342e-14, 1.068070e-15, 6.736101e-15
187.200000, -1.106250e-14, -1.520415e-14, -4.778836e-16, -7.269940e-15
187.300000, 1.040446e-14, 1.568747e-14, 1.053406e-15, 6.650568e-15
187.400000, -1.091870e-14, -1.500805e-14, -4.732106e-16, -7.174797e-15
187.500000, 1.027053e-14, 1.548234e-14, 1.038829e-15, 6.565311e-15
187.600000, -1.077547e-14, -1.481264e-14, -4.685038e-16, -7.080045e-15
187.700000, 1.013705e-14, 1.527800e-14, 1.024337e-15, 6.480325e-15
187.800000, -1.063280e-14, -1.461795e-14, -4.637608e-16, -6.985677e-15
187.900000, 1.000399e-14, 1.507444e-14, 1.009927e-15, 6.395610e-15
188.000000, -1.049068e-14, -1.442395e-14, -4.589864e-16, -6.891702e-15
188.100000, 9.871384e-15, 1.487168e-14, 9.955928e-16, 6.311160e-15
188.200000, -1.034910e-14, -1.423064e-14, -4.541803e-16, -6.798105e-15
188.300000, 9.739202e-15, 1.466970e-14, 9.813452e-16, 6.226980e-15
188.400000, -1.020806e-14, -1.403800e-14, -4.493454e-16, -6.704876e-15
188.500000, 9.607456e-15, 1.446849e-14, 9.671776e-16, 6.143067e-15
188.600000, -1.006755e-14, -1.384604e-14, -4.444827e-16, -6.612025e-15
188.700000, 9.476146e-15, 1.426806e-14, 9.530931e-16, 6.059419e-15
188.800000, -9.927564e-15, -1.365474e-14, -4.395840e-16, -6.519535e-15
188.900000, 9.345258e-15, 1.406838e-14, 9.390797e-16, 5.976031e-15
189.000000, -9.788109e-15, -1.346410e-14, -4.346579e-16, -6.427411e-15
189.100000, 9.214795e-15, 1.386946e-14, 9.251478e-16, 5.892905e-15
189.200000, -9.649178e-15, -1.327412e-14, -4.297024e-16, -6.335658e-15
189.300000, 9.084747e-15, 1.367128e-14, 9.112879e-16, 5.810029e-15
189.400000, -9.510761e-15, -1.308479e-14, -4.247223e-16, -6.244252e-15
189.500000, 8.955112e-15, 1.347384e-14, 8.974983e-16, 5.727413e-15
189.600000, -9.372849e-15, -1.289610e-14, -4.197242e-16, -6.153207e-15
189.700000, 8.825896e-15, 1.327713e-14, 8.837800e-16, 5.645050e-15
189.800000, -9.235455e-15, -1.270806e-14, -4.147077e-16, -6.062523e-15
189.900000, 8.697077e-15, 1.308115e-14, 8.701246e-16, 5.562936e-15
190.000000, -9.098559e-15, -1.252065e-14, -4.096623e-16, -5.972171e-15
190.100000, 8.568666e-15, 1.288587e-14, 8.565558e-16, 5.481073e-15
190.200000, -8.962165e-15, -1.233388e-14, -4.045957e-16, -5.882174e-15
190.300000, 8.440662e-15, 1.269132e-14, 8.430414e-16, 5.399453e-15
190.400000, -8.826257e-15, -1.214774e-14, -3.995073e-16, -5.792513e-15
190.500000, 8.313054e-15, 1.249746e-14, 8.296068e-16, 5.318088e-15
190.600000, -8.690829e-15, -1.196221e-14, -3.943871e-16, -5.703182e-15
190.700000, 8.185846e-15, 1.230431e-14, 8.162402e-16, 5.236974e-15
190.800000, -8.555889e-15, -1.177729e-14, -3.892428e-16, -5.614183e-15
190.900000, 8.059031e-15, 1.211184e-14, 8.029526e-16, 5.156105e-15
191.000000, -8.421420e-15, -1.159298e-14, -3.840771e-16, -5.525508e-15
191.100000, 7.932620e-15, 1.192007e-14, 7.897258e-16, 5.075480e-15
191.200000, -8.287416e-15, -1.140927e-14, -3.788855e-16, -5.437163e-15
191.300000, 7.806608e-15, 1.172897e-14, 7.765791e-16, 4.995099e-15
191.400000, -8.153858e-15, -1.122616e-14, -3.736673e-16, -5.349133e-15
191.500000, 7.680995e-15, 1.153855e-14, 7.635023e-16, 4.914963e-15
191.600000, -8.020769e-15, -1.104363e-14, -3.684195e-16, -5.261415e-15
191.700000, 7.555763e-15, 1.134880e-14, 7.504960e-16, 4.835058e-15
191.800000, -7.888127e-15, -1.086169e-14, -3.631539e-16, -5.174030e-15
191.900000, 7.430921e-15, 1.115970e-14, 7.375541e-16, 4.755394e-15
192.000000, -7.755931e-15, -1.068034e-14, -3.578698e-16, -5.086946e-15
192.100000, 7.306466e-15, 1.097127e-14, 7.246837e-16, 4.675968e-15
192.200000, -7.624185e-15, -1.049956e-14, -3.525612e-16, -5.000175e-15
192.300000, 7.182382e-15, 1.078347e-14, 7.118708e-16, 4.596770e-15
192.400000, -7.492868e-15, -1.031937e-14, -3.472315e-16, -4.913709e-15
192.500000, 7.058679e-15, 1.059630e-14, 6.991241e-16, 4.517798e-15
192.600000, -7.362001e-15, -1.013975e-14, -3.418839e-16, -4.827551e-15
192.700000, 6.935336e-15, 1.040975e-14, 6.864423e-16, 4.439059e-15
192.800000, -7.231570e-15, -9.960709e-15, -3.365233e-16, -4.741697e-15
192.900000, 6.812365e-15, 1.022382e-14, 6.738154e-16, 4.360519e-15
193.000000, -7.101581e-15, -9.782232e-15, -3.311475e-16, -4.656149e-15
193.100000, 6.689741e-15, 1.003850e-14, 6.612434e-16, 4.282215e-15
193.200000, -6.972022e-15, -9.604314e-15, -3.257560e-16, -4.570901e-15
193.300000, 6.567476e-15, 9.853798e-15, 6.487357e-16, 4.204125e-15
193.400000, -6.842880e-15, -9.426964e-15, -3.203548e-16, -4.485945e-15
193.500000, 6.445569e-15, 9.669682e-15, 6.362779e-16, 4.126260e-15
193.600000, -6.714174e-15, -9.250162e-15, -3.149373e-16, -4.401283e-15
193.700000, 6.324010e-15, 9.486165e-15, 6.238848e-16, 4.048618e-15
193.800000, -6.585869e-15, -9.073902e-15, -3.095090e-16, -4.316894e-15
193.900000, 6.202816e-15, 9.303252e-15, 6.115485e-16, 3.971182e-15
194.000000, -6.457970e-15, -8.898159e-15, -3.040534e-16, -4.232800e-15
194.100000, 6.081962e-15, 9.120926e-15, 5.992743e-16, 3.893982e-15
194.200000, -6.330493e-15, -8.722965e-15, -2.985860e-16, -4.148965e-15
194.300000, 5.961474e-15, 8.939183e-15, 5.870561e-16, 3.816998e-15
194.400000, -6.203393e-15, -8.548293e-15, -2.931018e-16, -4.065411e-15
194.500000, 5.841314e-15, 8.758019e-15, 5.748959e-16, 3.740222e-15
194.600000, -6.076707e-15, -8.374139e-15, -2.876005e-16, -3.982122e-15
194.700000, 5.721499e-15, 8.577417e-15, 5.627946e-16, 3.663665e-15
194.800000, -5.950393e-15, -8.200504e-15, -2.820921e-16, -3.899120e-15
194.900000, 5.602037e-15, 8.397392e-15, 5.507394e-16, 3.587304e-15
195.000000, -5.824484e-15, -8.027384e-15, -2.765709e-16, -3.816383e-15
195.100000, 5.482901e-15, 8.217911e-15, 5.387465e-16, 3.511150e-15
195.200000, -5.698956e-15, -7.854763e-15, -2.710356e-16, -3.733917e-15
195.300000, 5.364100e-15, 8.038991e-15, 5.267953e-16, 3.435199e-15
195.400000, -5.573803e-15, -7.682658e-15, -2.655028e-16, -3.651716e-15
195.500000, 5.245622e-15, 7.860618e-15, 5.148909e-16, 3.359447e-15
195.600000, -5.449038e-15, -7.511059e-15, -2.599571e-16, -3.569782e-15
195.700000, 5.127478e-15, 7.682775e-15, 5.030325e-16, 3.283893e-15
195.800000, -5.324644e-15, -7.339944e-15, -2.544097e-16, -3.488111e-15
195.900000, 5.009657e-15, 7.505471e-15, 4.912259e-16, 3.208540e-15
196.000000, -5.200620e-15, -7.169325e-15, -2.488559e-16, -3.406694e-15
196.100000, 4.892150e-15, 7.328696e-15, 4.794637e-16, 3.133371e-15
196.200000, -5.076972e-15, -6.999189e-15, -2.432927e-16, -3.325535e-15
196.300000, 4.774963e-15, 7.152449e-15, 4.677482e-16, 3.058408e-15
196.400000, -4.953679e-15, -6.829535e-15, -2.377193e-16, -3.244621e-15
196.500000, 4.658094e-15, 6.976717e-15, 4.560833e-16, 2.983639e-15
196.600000, -4.830748e-15, -6.660346e-15, -2.321454e-16, -3.163954e-15
196.700000, 4.541531e-15, 6.801514e-15, 4.444554e-16, 2.909065e-15
196.800000, -4.708165e-15, -6.491638e-15, -2.265578e-16, -3.083530e-15
196.900000, 4.425289e-15, 6.626814e-15, 4.328809e-16, 2.834684e-15
197.000000, -4.585929e-15, -6.323381e-15, -2.209680e-16, -3.003337e-15
197.100000, 4.309360e-15, 6.452625e-15, 4.213583e-16, 2.760498e-15
197.200000, -4.464039e-15, -6.155588e-15, -2.153625e-16, -2.923392e-15
197.300000, 4.193737e-15, 6.278939e-15, 4.098887e-16, 2.686505e-15
197.400000, -4.342500e-15, -5.988241e-15, -2.097491e-16, -2.843670e-15
197.500000, 4.078429e-15, 6.105750e-15, 3.984678e-16, 2.612704e-15
197.600000, -4.221278e-15, -5.821339e-15, -2.041156e-16, -2.764180e-15
197.700000, 3.963426e-15, 5.933058e-15, 3.870891e-16, 2.539090e-15
197.800000, -4.100385e-15, -5.654876e-15, -1.984822e-16, -2.684908e-15
197.900000, 3.848717e-15, 5.760857e-15, 3.757709e-16, 2.465677e-15
198.000000, -3.979828e-15, -5.488854e-15, -1.928219e-16, -2.605864e-15
198.100000, 3.734324e-15, 5.589142e-15, 3.644999e-16, 2.392446e-15
198.200000, -3.859584e-15, -5.323282e-15, -1.871573e-16, -2.527041e-15
198.300000, 3.620220e-15, 5.417904e-15, 3.532674e-16, 2.319388e-15
198.400000, -3.739668e-15, -5.158119e-15, -1.814989e-16, -2.448435e-15
198.500000, 3.506402e-15, 5.247126e-15, 3.420905e-16, 2.246525e-15
198.600000, -3.620069e-15, -4.993385e-15, -1.758189e-16, -2.370053e-15
198.700000, 3.392867e-15, 5.076818e-15, 3.309412e-16, 2.173837e-15
198.800000, -3.500807e-15, -4.829089e-15, -1.701538e-16, -2.291898e-15
198.900000, 3.279620e-15, 4.906964e-15, 3.198197e-16, 2.101305e-15
199.000000, -3.381861e-15, -4.665222e-15, -1.645035e-16, -2.213959e-15
199.100000, 3.166642e-15, 4.737545e-15, 3.087343e-16, 2.028952e-15
199.200000, -3.263231e-15, -4.501765e-15, -1.588473e-16, -2.136243e-15
199.300000, 3.053928e-15, 4.568569e-15, 2.976746e-16, 1.956761e-15
199.400000, -3.144919e-15, -4.338731e-15, -1.532042e-16, -2.058739e-15
199.500000, 2.941482e-15, 4.400043e-15, 2.866457e-16, 1.884745e-15
199.600000, -3.026917e-15, -4.176110e-15, -1.475724e-16, -1.981445e-15
199.700000, 2.829306e-15, 4.231948e-15, 2.756424e-16, 1.812891e-15
199.800000, -2.909234e-15, -4.013886e-15, -1.419397e-16, -1.904363e-15
199.900000, 2.717396e-15, 4.064286e-15, 2.646732e-16, 1.741202e-15
200.000000, -2.791862e-15, -3.852065e-15, -1.363115e-16, -1.827475e-15
200.100000, 2.605752e-15, 3.897053e-15, 2.537397e-16, 1.669683e-15
200.200000, -2.674759e-15, -3.690627e-15, -1.306841e-16, -1.750788e-15
200.300000, 2.494357e-15, 3.730257e-15, 2.428418e-16, 1.598351e-15
200.400000, -2.557958e-15, -3.529581e-15, -1.250576e-16, -1.674284e-15
200.500000, 2.383238e-15, 3.563872e-15, 2.319760e-16, 1.527164e-15
200.600000, -2.441446e-15, -3.368908e-15, -1.194372e-16, -1.597982e-15
200.700000, 2.272382e-15, 3.397908e-15, 2.211473e-16, 1.456160e-15
200.800000, -2.325217e-15, -3.208624e-15, -1.138091e-16, -1.521857e-15
200.900000, 2.161776e-15, 3.232364e-15, 2.103556e-16, 1.385318e-15
201.000000, -2.209279e-15, -3.048711e-15, -1.081905e-16, -1.445929e-15
201.100000, 2.051433e-15, 3.067225e-15, 1.995871e-16, 1.314637e-15
201.200000, -2.093607e-15, -2.889169e-15, -1.025728e-16, -1.370188e-15
201.300000, 1.941340e-15, 2.902475e-15, 1.888520e-16, 1.244108e-15
201.400000, -1.978231e-15, -2.729998e-15, -9.695251e-17, -1.294630e-15
201.500000, 1.831487e-15, 2.738139e-15, 1.781365e-16, 1.173737e-15
201.600000, -1.863104e-15, -2.571194e-15, -9.135194e-17, -1.219262e-15
201.700000, 1.721884e-15, 2.574167e-15, 1.674577e-16, 1.103514e-15
201.800000, -1.748262e-15, -2.412744e-15, -8.576247e-17, -1.144079e-15
201.900000, 1.612521e-15, 2.410592e-15, 1.568068e-16, 1.033449e-15
202.000000, -1.633681e-15, -2.254649e-15, -8.016529e-17, -1.069071e-15
202.100000, 1.503406e-15, 2.247399e-15, 1.461889e-16, 9.635403e-16
202.200000, -1.519363e-15, -2.096924e-15, -7.457577e-17, -9.942366e-16
202.300000, 1.394538e-15, 2.084583e-15, 1.355784e-16, 8.937677e-16
202.400000, -1.405298e-15, -1.939529e-15, -6.900070e-17, -9.195770e-16
202.500000, 1.285903e-15, 1.922129e-15, 1.250076e-16, 8.241569e-16
202.600000, -1.291500e-15, -1.782488e-15, -6.344345e-17, -8.450903e-16
202.700000, 1.177489e-15, 1.760047e-15, 1.144543e-16, 7.546936e-16
202.800000, -1.177939e-15, -1.625781e-15, -5.788355e-17, -7.707777e-16
202.900000, 1.069329e-15, 1.598333e-15, 1.039320e-16, 6.853706e-16
203.000000, -1.064650e-15, -1.469437e-15, -5.233121e-17, -6.966387e-16
203.100000, 9.613930e-16, 1.436960e-15, 9.343036e-17, 6.161995e-16
203.200000, -9.515867e-16, -1.313391e-15, -4.679319e-17, -6.226525e-16
203.300000, 8.536826e-16, 1.275936e-15, 8.294601e-17, 5.471627e-16
203.400000, -8.387664e-16, -1.157692e-15, -4.125929e-17, -5.488219e-16
203.500000, 7.461907e-16, 1.115272e-15, 7.249414e-17, 4.782735e-16
203.600000, -7.261932e-16, -1.002316e-15, -3.573794e-17, -4.751618e-16
203.700000, 6.389403e-16, 9.549526e-16, 6.206957e-17, 4.095281e-16
203.800000, -6.138460e-16, -8.472603e-16, -3.021390e-17, -4.016429e-16
203.900000, 5.318970e-16, 7.949814e-16, 5.166376e-17, 3.409294e-16
204.000000, -5.017377e-16, -6.925120e-16, -2.470238e-17, -3.282834e-16
204.100000, 4.250905e-16, 6.353304e-16, 4.128848e-17, 2.724668e-16
204.200000, -3.898372e-16, -5.380803e-16, -1.920080e-17, -2.550743e-16
204.300000, 3.184998e-16, 4.760208e-16, 3.093182e-17, 2.041526e-16
204.400000, -2.781852e-16, -3.839627e-16, -1.370325e-17, -1.820136e-16
204.500000, 2.121168e-16, 3.170354e-16, 2.059964e-17, 1.359618e-16
204.600000, -1.667524e-16, -2.301463e-16, -8.213069e-18, -1.090952e-16
204.700000, 1.059577e-16, 1.583574e-16, 1.028934e-17, 6.791324e-17
204.800000, -5.552766e-17, -7.664284e-17, -2.731507e-18, -3.633069e-17
