x, 11, 12, 21, 22
0.100000, -8.800583e-01, -8.606440e-01, -8.354486e-01, -8.208624e-01
0.200000, -8.702663e-01, -8.519392e-01, -8.270763e-01, -8.115206e-01
0.300000, -8.559563e-01, -8.379776e-01, -8.131639e-01, -7.978639e-01
0.400000, -8.360493e-01, -8.185882e-01, -7.939833e-01, -7.788306e-01
0.500000, -8.111411e-01, -7.941186e-01, -7.699283e-01, -7.549757e-01
0.600000, -7.815725e-01, -7.650147e-01, -7.413013e-01, -7.267591e-01
0.700000, -7.477532e-01, -7.317599e-01, -7.086441e-01, -6.945172e-01
0.800000, -7.101687e-01, -6.949190e-01, -6.723282e-01, -6.586933e-01
0.900000, -6.693285e-01, -6.548354e-01, -6.329171e-01, -6.198843e-01
1.000000, -6.258013e-01, -6.121307e-01, -5.909298e-01, -5.785776e-01
1.100000, -5.802153e-01, -5.673292e-01, -5.469584e-01, -5.353544e-01
1.200000, -5.329785e-01, -5.210043e-01, -5.014684e-01, -4.906954e-01
1.300000, -4.847740e-01, -4.737327e-01, -4.551325e-01, -4.451985e-01
1.400000, -4.360978e-01, -4.260187e-01, -4.084215e-01, -3.993621e-01
1.500000, -3.875023e-01, -3.784371e-01, -3.618631e-01, -3.536915e-01
1.600000, -3.395282e-01, -3.314701e-01, -3.159272e-01, -3.086813e-01
1.700000, -2.925798e-01, -2.855341e-01, -2.710428e-01, -2.647170e-01
1.800000, -2.470531e-01, -2.410743e-01, -2.276202e-01, -2.222166e-01
1.900000, -2.033404e-01, -1.984241e-01, -1.860181e-01, -1.815541e-01
2.000000, -1.617662e-01, -1.578889e-01, -1.465188e-01, -1.429554e-01
2.100000, -1.226209e-01, -1.197392e-01, -1.094075e-01, -1.067399e-01
2.200000, -8.614137e-02, -8.422115e-02, -7.489168e-02, -7.310483e-02
2.300000, -5.252627e-02, -5.153381e-02, -4.313268e-02, -4.220591e-02
2.400000, -2.191779e-02, -2.178937e-02, -1.429645e-02, -1.414615e-02
2.500000, 5.597531e-03, 4.921845e-03, 1.156222e-02, 1.096722e-02
2.600000, 2.993564e-02, 2.854212e-02, 3.438238e-02, 3.311695e-02
2.700000, 5.110113e-02, 4.905555e-02, 5.416932e-02, 5.229311e-02
2.800000, 6.910587e-02, 6.649031e-02, 7.094012e-02, 6.852412e-02
2.900000, 8.399108e-02, 8.089544e-02, 8.472127e-02, 8.185414e-02
3.000000, 9.583913e-02, 9.235507e-02, 9.561480e-02, 9.237410e-02
3.100000, 1.047563e-01, 1.009635e-01, 1.037112e-01, 1.001913e-01
3.200000, 1.108741e-01, 1.068602e-01, 1.091511e-01, 1.054366e-01
3.300000, 1.143378e-01, 1.102001e-01, 1.120834e-01, 1.082437e-01
3.400000, 1.153221e-01, 1.111378e-01, 1.126726e-01, 1.087797e-01
3.500000, 1.140142e-01, 1.098608e-01, 1.111033e-01, 1.072285e-01
3.600000, 1.106306e-01, 1.065647e-01, 1.075768e-01, 1.037786e-01
3.700000, 1.053671e-01, 1.014529e-01, 1.022887e-01, 9.862926e-02
3.800000, 9.843829e-02, 9.474234e-02, 9.544621e-02, 9.198001e-02
3.900000, 9.007385e-02, 8.664652e-02, 8.726191e-02, 8.404013e-02
4.000000, 8.050463e-02, 7.738817e-02, 7.795629e-02, 7.502928e-02
4.100000, 6.994920e-02, 6.718066e-02, 6.773888e-02, 6.513876e-02
4.200000, 5.863584e-02, 5.623847e-02, 5.683088e-02, 5.458372e-02
4.300000, 4.678714e-02, 4.478319e-02, 4.544711e-02, 4.357092e-02
4.400000, 3.462429e-02, 3.301839e-02, 3.379022e-02, 3.229526e-02
4.500000, 2.235513e-02, 2.114612e-02, 2.206402e-02, 2.094601e-02
4.600000, 1.017176e-02, 9.356815e-03, 1.045166e-02, 9.709028e-03
4.700000, -1.733134e-03, -2.167243e-03, -8.689779e-04, -1.249553e-03
4.800000, -1.318240e-02, -1.325899e-02, -1.173190e-02, -1.177006e-02
4.900000, -2.402678e-02, -2.376546e-02, -2.199277e-02, -2.171110e-02
5.000000, -3.412567e-02, -3.354304e-02, -3.151627e-02, -3.093804e-02
5.100000, -4.334725e-02, -4.247189e-02, -4.018410e-02, -3.933859e-02
5.200000, -5.158188e-02, -5.045205e-02, -4.789744e-02, -4.681214e-02
5.300000, -5.873366e-02, -5.739095e-02, -5.456648e-02, -5.327830e-02
5.400000, -6.474023e-02, -6.321967e-02, -6.012896e-02, -5.867165e-02
5.500000, -6.954554e-02, -6.787869e-02, -6.453212e-02, -6.294378e-02
5.600000, -7.310824e-02, -7.133358e-02, -6.774885e-02, -6.605816e-02
5.700000, -7.541494e-02, -7.356732e-02, -6.976090e-02, -6.800375e-02
5.800000, -7.646086e-02, -7.457546e-02, -7.057245e-02, -6.877884e-02
5.900000, -7.626599e-02, -7.437349e-02, -7.019894e-02, -6.840355e-02
6.000000, -7.485830e-02, -7.299167e-02, -6.867594e-02, -6.691151e-02
6.100000, -7.229498e-02, -7.047966e-02, -6.605332e-02, -6.434492e-02
6.200000, -6.863554e-02, -6.690452e-02, -6.240004e-02, -6.077669e-02
6.300000, -6.396305e-02, -6.234153e-02, -5.779282e-02, -5.628156e-02
6.400000, -5.837164e-02, -5.688035e-02, -5.232766e-02, -5.094793e-02
6.500000, -5.197024e-02, -5.062710e-02, -4.611322e-02, -4.487789e-02
6.600000, -4.487310e-02, -4.369855e-02, -3.926087e-02, -3.818603e-02
6.700000, -3.721807e-02, -3.622193e-02, -3.189921e-02, -3.100208e-02
6.800000, -2.913558e-02, -2.833070e-02, -2.416293e-02, -2.345002e-02
6.900000, -2.077587e-02, -2.016890e-02, -1.619815e-02, -1.567384e-02
7.000000, -1.228552e-02, -1.188183e-02, -8.145668e-03, -7.814784e-03
7.100000, -3.818334e-03, -3.613426e-03, -1.512739e-04, -1.268163e-05
7.200000, 4.478326e-03, 4.487096e-03, 7.639449e-03, 7.589102e-03
7.300000, 1.246282e-02, 1.228271e-02, 1.508990e-02, 1.485542e-02
7.400000, 2.000095e-02, 1.963796e-02, 2.207347e-02, 2.166347e-02
7.500000, 2.696787e-02, 2.642993e-02, 2.846990e-02, 2.789483e-02
7.600000, 3.325013e-02, 3.255226e-02, 3.417308e-02, 3.345032e-02
7.700000, 3.874538e-02, 3.790639e-02, 3.909235e-02, 3.823593e-02
7.800000, 4.337837e-02, 4.241275e-02, 4.315625e-02, 4.218484e-02
7.900000, 4.708418e-02, 4.601157e-02, 4.630945e-02, 4.523781e-02
8.000000, 4.981724e-02, 4.865866e-02, 4.851391e-02, 4.736319e-02
8.100000, 5.155909e-02, 5.033077e-02, 4.975804e-02, 4.854649e-02
8.200000, 5.230339e-02, 5.102619e-02, 5.004644e-02, 4.879196e-02
8.300000, 5.207064e-02, 5.076469e-02, 4.939937e-02, 4.812863e-02
8.400000, 5.089601e-02, 4.958221e-02, 4.786499e-02, 4.659514e-02
8.500000, 4.883237e-02, 4.753445e-02, 4.549831e-02, 4.425072e-02
8.600000, 4.594824e-02, 4.468964e-02, 4.237562e-02, 4.117133e-02
8.700000, 4.232609e-02, 4.112856e-02, 3.858334e-02, 3.743810e-02
8.800000, 3.806294e-02, 3.694308e-02, 3.421606e-02, 3.315084e-02
8.900000, 3.326427e-02, 3.223333e-02, 2.938124e-02, 2.841300e-02
9.000000, 2.803607e-02, 2.711335e-02, 2.418553e-02, 2.333266e-02
9.100000, 2.249283e-02, 2.169480e-02, 1.874211e-02, 1.801533e-02
9.200000, 1.675112e-02, 1.609145e-02, 1.316390e-02, 1.257455e-02
9.300000, 1.092534e-02, 1.041324e-02, 7.558806e-03, 7.114424e-03
9.400000, 5.127927e-03, 4.766767e-03, 2.031458e-03, 1.736949e-03
9.500000, -5.374773e-04, -7.435024e-04, -3.324011e-03, -3.465386e-03
9.600000, -5.979039e-03, -6.027078e-03, -8.414908e-03, -8.398168e-03
9.700000, -1.110484e-02, -1.099353e-02, -1.316058e-02, -1.299265e-02
9.800000, -1.583714e-02, -1.557049e-02, -1.749151e-02, -1.717487e-02
9.900000, -2.010596e-02, -1.969157e-02, -2.134863e-02, -2.088870e-02
10.000000, -2.385725e-02, -2.330184e-02, -2.468255e-02, -2.409185e-02
10.100000, -2.704936e-02, -2.636510e-02, -2.745755e-02, -2.674976e-02
10.200000, -2.964544e-02, -2.884450e-02, -2.964855e-02, -2.883711e-02
10.300000, -3.163236e-02, -3.072616e-02, -3.125083e-02, -3.034586e-02
10.400000, -3.299337e-02, -3.200892e-02, -3.225620e-02, -3.127584e-02
10.500000, -3.374425e-02, -3.269172e-02, -3.268141e-02, -3.163989e-02
10.600000, -3.389718e-02, -3.279457e-02, -3.254456e-02, -3.146125e-02
10.700000, -3.346963e-02, -3.234059e-02, -3.186514e-02, -3.076330e-02
10.800000, -3.250139e-02, -3.136571e-02, -3.068476e-02, -2.958659e-02
10.900000, -3.103380e-02, -2.991045e-02, -2.904438e-02, -2.797361e-02
11.000000, -2.910240e-02, -2.801610e-02, -2.699364e-02, -2.596630e-02
11.100000, -2.676887e-02, -2.573861e-02, -2.458203e-02, -2.361156e-02
11.200000, -2.408841e-02, -2.312789e-02, -2.186918e-02, -2.097071e-02
11.300000, -2.112621e-02, -2.024494e-02, -1.890968e-02, -1.810369e-02
11.400000, -1.793691e-02, -1.715162e-02, -1.576631e-02, -1.505928e-02
11.500000, -1.458573e-02, -1.390935e-02, -1.249202e-02, -1.189834e-02
11.600000, -1.113685e-02, -1.057773e-02, -9.153102e-03, -8.678107e-03
11.700000, -7.644307e-03, -7.208711e-03, -5.804669e-03, -5.447007e-03
11.800000, -4.172100e-03, -3.860056e-03, -2.500745e-03, -2.263639e-03
11.900000, -7.724725e-04, -5.885565e-04, 7.069012e-04, 8.226149e-04
12.000000, 2.502784e-03, 2.560838e-03, 3.766326e-03, 3.767415e-03
12.100000, 5.599160e-03, 5.538164e-03, 6.638807e-03, 6.526906e-03
12.200000, 8.474320e-03, 8.300290e-03, 9.282488e-03, 9.061526e-03
12.300000, 1.109258e-02, 1.081258e-02, 1.166447e-02, 1.134685e-02
12.400000, 1.341673e-02, 1.304272e-02, 1.375575e-02, 1.334934e-02
12.500000, 1.542486e-02, 1.496509e-02, 1.553271e-02, 1.505066e-02
12.600000, 1.709201e-02, 1.656209e-02, 1.697833e-02, 1.643471e-02
12.700000, 1.840833e-02, 1.781783e-02, 1.808090e-02, 1.748826e-02
12.800000, 1.936269e-02, 1.872498e-02, 1.883475e-02, 1.820689e-02
12.900000, 1.994941e-02, 1.928285e-02, 1.923905e-02, 1.858923e-02
13.000000, 2.017693e-02, 1.949194e-02, 1.930364e-02, 1.864288e-02
13.100000, 2.005109e-02, 1.936101e-02, 1.903691e-02, 1.837930e-02
13.200000, 1.958766e-02, 1.890516e-02, 1.845485e-02, 1.781322e-02
13.300000, 1.880892e-02, 1.814595e-02, 1.758010e-02, 1.696447e-02
13.400000, 1.773777e-02, 1.710395e-02, 1.643980e-02, 1.585496e-02
13.500000, 1.640411e-02, 1.580731e-02, 1.506040e-02, 1.451526e-02
13.600000, 1.484269e-02, 1.428885e-02, 1.347421e-02, 1.297566e-02
13.700000, 1.308325e-02, 1.258117e-02, 1.171165e-02, 1.126540e-02
13.800000, 1.116497e-02, 1.071941e-02, 9.812208e-03, 9.422920e-03
13.900000, 9.124661e-03, 8.739534e-03, 7.809150e-03, 7.482664e-03
14.000000, 7.001760e-03, 6.680407e-03, 5.741342e-03, 5.479223e-03
14.100000, 4.834423e-03, 4.581407e-03, 3.647848e-03, 3.449476e-03
14.200000, 2.661590e-03, 2.476140e-03, 1.563123e-03, 1.427895e-03
14.300000, 5.219352e-04, 4.020287e-04, -4.770560e-04, -5.491966e-04
14.400000, -1.548820e-03, -1.605647e-03, -2.442579e-03, -2.451637e-03
14.500000, -3.519691e-03, -3.516427e-03, -4.299654e-03, -4.250794e-03
14.600000, -5.362818e-03, -5.299904e-03, -6.021364e-03, -5.917199e-03
14.700000, -7.049825e-03, -6.930468e-03, -7.584215e-03, -7.428007e-03
14.800000, -8.556541e-03, -8.386235e-03, -8.964997e-03, -8.765147e-03
14.900000, -9.864154e-03, -9.649056e-03, -1.014733e-02, -9.908985e-03
15.000000, -1.095961e-02, -1.070477e-02, -1.112045e-02, -1.084791e-02
15.100000, -1.182753e-02, -1.154077e-02, -1.187105e-02, -1.157223e-02
15.200000, -1.246128e-02, -1.214971e-02, -1.239597e-02, -1.207541e-02
15.300000, -1.285960e-02, -1.253111e-02, -1.269519e-02, -1.235909e-02
15.400000, -1.302550e-02, -1.268659e-02, -1.276920e-02, -1.242729e-02
15.500000, -1.296240e-02, -1.262143e-02, -1.262578e-02, -1.228284e-02
15.600000, -1.267847e-02, -1.234368e-02, -1.227368e-02, -1.193782e-02
15.700000, -1.218911e-02, -1.186689e-02, -1.172713e-02, -1.140534e-02
15.800000, -1.150828e-02, -1.120487e-02, -1.100153e-02, -1.069951e-02
15.900000, -1.065379e-02, -1.037392e-02, -1.011499e-02, -9.838072e-03
16.000000, -9.644613e-03, -9.396426e-03, -9.088865e-03, -8.841584e-03
16.100000, -8.506729e-03, -8.293434e-03, -7.945266e-03, -7.732444e-03
16.200000, -7.263677e-03, -7.087367e-03, -6.706759e-03, -6.531388e-03
16.300000, -5.939327e-03, -5.803059e-03, -5.397600e-03, -5.264888e-03
16.400000, -4.558023e-03, -4.464228e-03, -4.041875e-03, -3.952350e-03
16.500000, -3.145549e-03, -3.096612e-03, -2.664610e-03, -2.618630e-03
16.600000, -1.725796e-03, -1.722685e-03, -1.288533e-03, -1.287900e-03
16.700000, -3.238496e-04, -3.648393e-04, 6.036963e-05, 1.860332e-05
16.800000, 1.038216e-03, 9.543366e-04, 1.361849e-03, 1.278944e-03
16.900000, 2.337057e-03, 2.213594e-03, 2.596042e-03, 2.473802e-03
17.000000, 3.553198e-03, 3.393025e-03, 3.743473e-03, 3.586068e-03
17.100000, 4.671065e-03, 4.476217e-03, 4.788735e-03, 4.599589e-03
17.200000, 5.672656e-03, 5.447978e-03, 5.716877e-03, 5.501099e-03
17.300000, 6.545764e-03, 6.296512e-03, 6.516917e-03, 6.279331e-03
17.400000, 7.280647e-03, 7.011663e-03, 7.180720e-03, 6.924385e-03
17.500000, 7.870042e-03, 7.585570e-03, 7.700767e-03, 7.430009e-03
17.600000, 8.308173e-03, 8.014887e-03, 8.072716e-03, 7.793255e-03
17.700000, 8.593502e-03, 8.296055e-03, 8.295641e-03, 8.012890e-03
17.800000, 8.724706e-03, 8.427805e-03, 8.369891e-03, 8.088298e-03
17.900000, 8.706701e-03, 8.413804e-03, 8.301218e-03, 8.023968e-03
18.000000, 8.541275e-03, 8.257778e-03, 8.093429e-03, 7.825550e-03
18.100000, 8.238934e-03, 7.967230e-03, 7.755411e-03, 7.499864e-03
18.200000, 7.809100e-03, 7.551928e-03, 7.297084e-03, 7.057627e-03
18.300000, 7.262420e-03, 7.023234e-03, 6.729488e-03, 6.508800e-03
18.400000, 6.612106e-03, 6.394056e-03, 6.066508e-03, 5.866570e-03
18.500000, 5.870784e-03, 5.677237e-03, 5.321332e-03, 5.144062e-03
18.600000, 5.055586e-03, 4.888283e-03, 4.509603e-03, 4.355995e-03
18.700000, 4.182520e-03, 4.041865e-03, 3.646586e-03, 3.519331e-03
18.800000, 3.266276e-03, 3.153681e-03, 2.748396e-03, 2.648380e-03
18.900000, 2.323382e-03, 2.240991e-03, 1.831490e-03, 1.758452e-03
19.000000, 1.372621e-03, 1.319227e-03, 9.122006e-04, 8.667565e-04
19.100000, 4.297085e-04, 4.047716e-04, 5.369890e-06, -1.214328e-05
19.200000, -4.899342e-04, -4.868390e-04, -8.734820e-04, -8.642731e-04
19.300000, -1.371674e-03, -1.341062e-03, -1.710918e-03, -1.675776e-03
19.400000, -2.201549e-03, -2.144645e-03, -2.493366e-03, -2.434508e-03
19.500000, -2.968096e-03, -2.886385e-03, -3.209928e-03, -3.127830e-03
19.600000, -3.660207e-03, -3.555375e-03, -3.850662e-03, -3.747374e-03
19.700000, -4.268450e-03, -4.142462e-03, -4.406373e-03, -4.284323e-03
19.800000, -4.785234e-03, -4.640790e-03, -4.871359e-03, -4.732329e-03
19.900000, -5.204341e-03, -5.044632e-03, -5.239609e-03, -5.086229e-03
20.000000, -5.522162e-03, -5.349789e-03, -5.508333e-03, -5.343923e-03
20.100000, -5.735987e-03, -5.554793e-03, -5.676198e-03, -5.503160e-03
20.200000, -5.846925e-03, -5.658149e-03, -5.743395e-03, -5.564589e-03
20.300000, -5.855452e-03, -5.661117e-03, -5.712073e-03, -5.530333e-03
20.400000, -5.764640e-03, -5.568518e-03, -5.585581e-03, -5.403336e-03
20.500000, -5.578592e-03, -5.384151e-03, -5.368235e-03, -5.188187e-03
20.600000, -5.304224e-03, -5.113895e-03, -5.067896e-03, -4.891536e-03
20.700000, -4.948067e-03, -4.764574e-03, -4.691779e-03, -4.521463e-03
20.800000, -4.519721e-03, -4.344961e-03, -4.247450e-03, -4.086326e-03
20.900000, -4.027414e-03, -3.864105e-03, -3.745502e-03, -3.595408e-03
21.000000, -3.481419e-03, -3.331879e-03, -3.195107e-03, -3.058985e-03
21.100000, -2.893391e-03, -2.758748e-03, -2.608157e-03, -2.486868e-03
21.200000, -2.274626e-03, -2.156427e-03, -1.994988e-03, -1.889746e-03
21.300000, -1.636100e-03, -1.534966e-03, -1.366783e-03, -1.278454e-03
21.400000, -9.893445e-04, -9.059391e-04, -7.346100e-04, -6.638893e-04
21.500000, -3.452798e-04, -2.802599e-04, -1.094677e-04, -5.626091e-05
21.600000, 2.856357e-04, 3.315536e-04, 4.986813e-04, 5.336093e-04
21.700000, 8.927679e-04, 9.198424e-04, 1.080024e-03, 1.097134e-03
21.800000, 1.467101e-03, 1.475497e-03, 1.625618e-03, 1.625976e-03
21.900000, 1.999101e-03, 1.989524e-03, 2.127498e-03, 2.111215e-03
22.000000, 2.481927e-03, 2.455224e-03, 2.578337e-03, 2.546345e-03
22.100000, 2.908486e-03, 2.866216e-03, 2.971997e-03, 2.925459e-03
22.200000, 3.273048e-03, 3.216512e-03, 3.303682e-03, 3.243462e-03
22.300000, 3.571509e-03, 3.502309e-03, 3.569484e-03, 3.496866e-03
22.400000, 3.800490e-03, 3.720803e-03, 3.766788e-03, 3.684309e-03
22.500000, 3.958280e-03, 3.869966e-03, 3.894379e-03, 3.803571e-03
22.600000, 4.044997e-03, 3.949501e-03, 3.952155e-03, 3.855343e-03
22.700000, 4.061264e-03, 3.960093e-03, 3.941348e-03, 3.840297e-03
22.800000, 4.008464e-03, 3.904249e-03, 3.863913e-03, 3.760958e-03
22.900000, 3.889507e-03, 3.784674e-03, 3.723392e-03, 3.620357e-03
23.000000, 3.708185e-03, 3.605324e-03, 3.523828e-03, 3.422220e-03
23.100000, 3.469649e-03, 3.370656e-03, 3.270339e-03, 3.172581e-03
23.200000, 3.179833e-03, 3.086339e-03, 2.968268e-03, 2.876354e-03
23.300000, 2.844394e-03, 2.758713e-03, 2.624415e-03, 2.540338e-03
23.400000, 2.470036e-03, 2.394411e-03, 2.245796e-03, 2.171434e-03
23.500000, 2.065286e-03, 2.000516e-03, 1.840384e-03, 1.776747e-03
23.600000, 1.637432e-03, 1.584982e-03, 1.415477e-03, 1.363706e-03
23.700000, 1.194847e-03, 1.155263e-03, 9.788392e-04, 9.400715e-04
23.800000, 7.450568e-04, 7.193007e-04, 5.380591e-04, 5.126739e-04
23.900000, 2.956415e-04, 2.845069e-04, 1.010739e-04, 8.979283e-05
24.000000, -1.456354e-04, -1.423339e-04, -3.248767e-04, -3.219865e-04
24.100000, -5.716321e-04, -5.539298e-04, -7.329347e-04, -7.163352e-04
24.200000, -9.754122e-04, -9.436931e-04, -1.116560e-03, -1.086964e-03
24.300000, -1.351023e-03, -1.305743e-03, -1.470253e-03, -1.428229e-03
24.400000, -1.692478e-03, -1.635076e-03, -1.788375e-03, -1.735284e-03
24.500000, -1.994940e-03, -1.927137e-03, -2.066621e-03, -2.003951e-03
24.600000, -2.254992e-03, -2.177918e-03, -2.301805e-03, -2.230875e-03
24.700000, -2.469213e-03, -2.384443e-03, -2.491143e-03, -2.413408e-03
24.800000, -2.635162e-03, -2.544355e-03, -2.632976e-03, -2.549653e-03
24.900000, -2.751827e-03, -2.656597e-03, -2.725442e-03, -2.639027e-03
25.000000, -2.818492e-03, -2.720654e-03, -2.768986e-03, -2.681240e-03
25.100000, -2.835586e-03, -2.736822e-03, -2.764485e-03, -2.676635e-03
25.200000, -2.804088e-03, -2.706114e-03, -2.713120e-03, -2.626881e-03
25.300000, -2.725751e-03, -2.630577e-03, -2.617077e-03, -2.534055e-03
25.400000, -2.603699e-03, -2.512634e-03, -2.479703e-03, -2.400791e-03
25.500000, -2.440914e-03, -2.355040e-03, -2.304238e-03, -2.230837e-03
25.600000, -2.241680e-03, -2.162018e-03, -2.094691e-03, -2.028042e-03
25.700000, -2.010151e-03, -1.937863e-03, -1.855784e-03, -1.796627e-03
25.800000, -1.750946e-03, -1.687132e-03, -1.592260e-03, -1.541264e-03
25.900000, -1.469537e-03, -1.414753e-03, -1.309393e-03, -1.266835e-03
26.000000, -1.171351e-03, -1.125808e-03, -1.012264e-03, -9.786483e-04
26.100000, -8.615397e-04, -8.256728e-04, -7.067249e-04, -6.820171e-04
26.200000, -5.458073e-04, -5.199217e-04, -3.977872e-04, -3.818050e-04
26.300000, -2.300264e-04, -2.134692e-04, -9.097026e-05, -8.382989e-05
26.400000, 8.085207e-05, 8.809858e-05, 2.088726e-04, 2.070314e-04
26.500000, 3.819078e-04, 3.798662e-04, 4.966004e-04, 4.866395e-04
26.600000, 6.681065e-04, 6.570738e-04, 7.679447e-04, 7.499726e-04
26.700000, 9.351228e-04, 9.156047e-04, 1.018929e-03, 9.934336e-04
26.800000, 1.179075e-03, 1.151822e-03, 1.245623e-03, 1.213445e-03
26.900000, 1.396144e-03, 1.362132e-03, 1.445014e-03, 1.406851e-03
27.000000, 1.584167e-03, 1.543692e-03, 1.614617e-03, 1.571141e-03
27.100000, 1.740340e-03, 1.694151e-03, 1.752529e-03, 1.704290e-03
27.200000, 1.862992e-03, 1.811773e-03, 1.857204e-03, 1.804758e-03
27.300000, 1.951158e-03, 1.895541e-03, 1.927814e-03, 1.872189e-03
27.400000, 2.004114e-03, 1.945031e-03, 1.964140e-03, 1.906189e-03
27.500000, 2.022036e-03, 1.960378e-03, 1.966496e-03, 1.906999e-03
27.600000, 2.005391e-03, 1.942270e-03, 1.935839e-03, 1.875296e-03
27.700000, 1.955627e-03, 1.891902e-03, 1.873575e-03, 1.812816e-03
27.800000, 1.874518e-03, 1.810942e-03, 1.781471e-03, 1.721551e-03
27.900000, 1.763909e-03, 1.701514e-03, 1.661821e-03, 1.603628e-03
28.000000, 1.626599e-03, 1.566271e-03, 1.517603e-03, 1.462025e-03
28.100000, 1.465465e-03, 1.408137e-03, 1.351691e-03, 1.299573e-03
28.200000, 1.284123e-03, 1.230562e-03, 1.167484e-03, 1.119410e-03
28.300000, 1.086185e-03, 1.036944e-03, 9.685853e-04, 9.252571e-04
28.400000, 8.752659e-04, 8.311585e-04, 7.587463e-04, 7.207892e-04
28.500000, 6.551705e-04, 6.168406e-04, 5.418390e-04, 5.097256e-04
28.600000, 4.301098e-04, 3.979631e-04, 3.216405e-04, 2.957716e-04
28.700000, 2.038304e-04, 1.783766e-04, 1.018136e-04, 8.251963e-05
28.800000, -1.987160e-05, -3.839470e-05, -1.137219e-04, -1.260900e-04
28.900000, -2.372218e-04, -2.487022e-04, -3.215234e-04, -3.269745e-04
29.000000, -4.447106e-04, -4.490787e-04, -5.183496e-04, -5.169646e-04
29.100000, -6.390659e-04, -6.364520e-04, -7.011588e-04, -6.929148e-04
29.200000, -8.173414e-04, -8.077579e-04, -8.671306e-04, -8.523313e-04
29.300000, -9.768555e-04, -9.607976e-04, -1.013992e-03, -9.929647e-04
29.400000, -1.115590e-03, -1.093322e-03, -1.139841e-03, -1.113010e-03
29.500000, -1.231696e-03, -1.203706e-03, -1.242980e-03, -1.211008e-03
29.600000, -1.324104e-03, -1.290777e-03, -1.322546e-03, -1.285741e-03
29.700000, -1.391717e-03, -1.353621e-03, -1.377577e-03, -1.336743e-03
29.800000, -1.433827e-03, -1.391872e-03, -1.407836e-03, -1.363710e-03
29.900000, -1.450518e-03, -1.405456e-03, -1.413550e-03, -1.366875e-03
30.000000, -1.442231e-03, -1.394947e-03, -1.395263e-03, -1.346648e-03
30.100000, -1.409803e-03, -1.361042e-03, -1.353674e-03, -1.304257e-03
30.200000, -1.354477e-03, -1.304971e-03, -1.290400e-03, -1.240920e-03
30.300000, -1.277556e-03, -1.228367e-03, -1.206923e-03, -1.158075e-03
30.400000, -1.181275e-03, -1.132949e-03, -1.105412e-03, -1.058035e-03
30.500000, -1.067507e-03, -1.020930e-03, -9.878987e-04, -9.426476e-04
30.600000, -9.389295e-04, -8.947774e-04, -8.567742e-04, -8.143351e-04
30.700000, -7.978243e-04, -7.570036e-04, -7.146686e-04, -6.756036e-04
30.800000, -6.470100e-04, -6.100618e-04, -5.642737e-04, -5.292015e-04
30.900000, -4.892807e-04, -4.567128e-04, -4.082956e-04, -3.778106e-04
31.000000, -3.276143e-04, -2.997606e-04, -2.496233e-04, -2.239655e-04
31.100000, -1.647446e-04, -1.418944e-04, -9.100605e-05, -7.057969e-05
31.200000, -3.483385e-06, 1.408328e-05, 6.492863e-05, 7.980994e-05
31.300000, 1.535231e-04, 1.656389e-04, 2.155553e-04, 2.249832e-04
31.400000, 3.036123e-04, 3.103151e-04, 3.584928e-04, 3.624632e-04
31.500000, 4.445781e-04, 4.459432e-04, 4.914566e-04, 4.901792e-04
31.600000, 5.743555e-04, 5.704063e-04, 6.126110e-04, 6.062369e-04
31.700000, 6.908925e-04, 6.819771e-04, 7.200995e-04, 7.089104e-04
31.800000, 7.927426e-04, 7.791181e-04, 8.125447e-04, 7.969030e-04
31.900000, 8.784792e-04, 8.605441e-04, 8.887740e-04, 8.690360e-04
32.000000, 9.470773e-04, 9.252427e-04, 9.479403e-04, 9.245730e-04
32.100000, 9.978943e-04, 9.726197e-04, 9.894329e-04, 9.630462e-04
32.200000, 1.030525e-03, 1.002441e-03, 1.013065e-03, 9.842352e-04
32.300000, 1.044754e-03, 1.014518e-03, 1.018933e-03, 9.882176e-04
32.400000, 1.041019e-03, 1.009099e-03, 1.007485e-03, 9.754041e-04
32.500000, 1.019814e-03, 9.867188e-04, 9.792798e-04, 9.464996e-04
32.600000, 9.819633e-04, 9.483552e-04, 9.352432e-04, 9.023353e-04
32.700000, 9.284102e-04, 8.949988e-04, 8.765550e-04, 8.440482e-04
32.800000, 8.606077e-04, 8.279194e-04, 8.045370e-04, 7.729941e-04
32.900000, 7.801209e-04, 7.486463e-04, 7.208615e-04, 6.907350e-04
33.000000, 6.885138e-04, 6.587777e-04, 6.271319e-04, 5.989764e-04
33.100000, 5.877562e-04, 5.601855e-04, 5.252791e-04, 4.994727e-04
33.200000, 4.796552e-04, 4.547051e-04, 4.172520e-04, 3.941298e-04
33.300000, 3.662877e-04, 3.442194e-04, 3.049180e-04, 2.847946e-04
33.400000, 2.497614e-04, 2.308057e-04, 1.904181e-04, 1.735354e-04
33.500000, 1.320818e-04, 1.164578e-04, 7.564508e-05, 6.224326e-05
33.600000, 1.516392e-05, 3.140096e-06, -3.739931e-05, -4.729443e-05
33.700000, -9.890029e-05, -1.073005e-04, -1.469304e-04, -1.531920e-04
33.800000, -2.082796e-04, -2.131083e-04, -2.511138e-04, -2.538285e-04
33.900000, -3.113149e-04, -3.124700e-04, -3.484149e-04, -3.475607e-04
34.000000, -4.064631e-04, -4.040250e-04, -4.372988e-04, -4.330012e-04
34.100000, -4.922822e-04, -4.864197e-04, -5.165497e-04, -5.089068e-04
34.200000, -5.675717e-04, -5.584266e-04, -5.849984e-04, -5.742726e-04
34.300000, -6.313099e-04, -6.191513e-04, -6.418469e-04, -6.282401e-04
34.400000, -6.826517e-04, -6.677843e-04, -6.864006e-04, -6.702463e-04
34.500000, -7.211194e-04, -7.038905e-04, -7.182852e-04, -6.999016e-04
34.600000, -7.463708e-04, -7.271712e-04, -7.372320e-04, -7.169864e-04
34.700000, -7.583962e-04, -7.375429e-04, -7.432224e-04, -7.215979e-04
34.800000, -7.572660e-04, -7.351714e-04, -7.366267e-04, -7.139008e-04
34.900000, -7.433393e-04, -7.204134e-04, -7.177773e-04, -6.943530e-04
35.000000, -7.172105e-04, -6.938899e-04, -6.873281e-04, -6.635906e-04
35.100000, -6.796748e-04, -6.563043e-04, -6.460789e-04, -6.224802e-04
35.200000, -6.315957e-04, -6.085703e-04, -5.949871e-04, -5.719095e-04
35.300000, -5.740445e-04, -5.517575e-04, -5.351564e-04, -5.130041e-04
35.400000, -5.082233e-04, -4.870356e-04, -4.679006e-04, -4.469505e-04
35.500000, -4.355265e-04, -4.157438e-04, -3.944433e-04, -3.750650e-04
35.600000, -3.573484e-04, -3.392425e-04, -3.162871e-04, -2.987054e-04
35.700000, -2.750379e-04, -2.589319e-04, -2.347486e-04, -2.192167e-04
35.800000, -1.901927e-04, -1.762402e-04, -1.513930e-04, -1.381183e-04
35.900000, -1.042759e-04, -9.272234e-05, -6.761626e-05, -5.675988e-05
36.000000, -1.877164e-05, -9.730404e-06, 1.514906e-05, 2.346039e-05
36.100000, 6.493835e-05, 7.132352e-05, 9.556919e-05, 1.012123e-04
36.200000, 1.454395e-04, 1.491137e-04, 1.722567e-04, 1.752879e-04
36.300000, 2.214581e-04, 2.223990e-04, 2.440753e-04, 2.445119e-04
36.400000, 2.918054e-04, 2.901130e-04, 3.099717e-04, 3.078032e-04
36.500000, 3.554217e-04, 3.512249e-04, 3.689134e-04, 3.642663e-04
36.600000, 4.114651e-04, 4.048672e-04, 4.200755e-04, 4.131190e-04
36.700000, 4.591176e-04, 4.502795e-04, 4.628495e-04, 4.537467e-04
36.800000, 4.978066e-04, 4.869251e-04, 4.967147e-04, 4.856652e-04
36.900000, 5.271392e-04, 5.144192e-04, 5.212806e-04, 5.085913e-04
37.000000, 5.468258e-04, 5.325410e-04, 5.363831e-04, 5.223213e-04
37.100000, 5.567567e-04, 5.412340e-04, 5.420105e-04, 5.268799e-04
37.200000, 5.569807e-04, 5.405577e-04, 5.383508e-04, 5.224071e-04
37.300000, 5.478116e-04, 5.307685e-04, 5.256645e-04, 5.091493e-04
37.400000, 5.296537e-04, 5.122587e-04, 5.043907e-04, 4.876525e-04
37.500000, 5.029871e-04, 4.855506e-04, 4.751279e-04, 4.584457e-04
37.600000, 4.685184e-04, 4.513255e-04, 4.385561e-04, 4.222707e-04
37.700000, 4.269863e-04, 4.103379e-04, 3.954676e-04, 3.798643e-04
37.800000, 3.792709e-04, 3.634822e-04, 3.467901e-04, 3.320798e-04
37.900000, 3.263745e-04, 3.116952e-04, 2.934374e-04, 2.799133e-04
38.000000, 2.693232e-04, 2.559376e-04, 2.364701e-04, 2.243235e-04
38.100000, 2.091216e-04, 1.972548e-04, 1.769220e-04, 1.663347e-04
38.200000, 1.468976e-04, 1.367533e-04, 1.158670e-04, 1.069952e-04
38.300000, 8.375985e-05, 7.545743e-05, 5.435082e-05, 4.734259e-05
38.400000, 2.078228e-05, 1.442505e-05, -6.524800e-06, -1.160560e-05
38.500000, -4.095824e-05, -4.530375e-05, -6.577299e-05, -6.890736e-05
38.600000, -1.004774e-04, -1.027791e-04, -1.224146e-04, -1.236049e-04
38.700000, -1.568015e-04, -1.570538e-04, -1.755811e-04, -1.748320e-04
38.800000, -2.090405e-04, -2.073082e-04, -2.244604e-04, -2.218258e-04
38.900000, -2.564443e-04, -2.528078e-04, -2.683368e-04, -2.639108e-04
39.000000, -2.983441e-04, -2.929296e-04, -3.065966e-04, -3.004905e-04
39.100000, -3.341514e-04, -3.271016e-04, -3.387441e-04, -3.310801e-04
39.200000, -3.634116e-04, -3.548658e-04, -3.643389e-04, -3.553616e-04
39.300000, -3.858110e-04, -3.759514e-04, -3.831381e-04, -3.730011e-04
39.400000, -4.011281e-04, -3.901875e-04, -3.950208e-04, -3.839050e-04
39.500000, -4.092832e-04, -3.974499e-04, -3.999455e-04, -3.880864e-04
39.600000, -4.103112e-04, -3.978194e-04, -3.979907e-04, -3.856227e-04
39.700000, -4.043851e-04, -3.914789e-04, -3.893506e-04, -3.766963e-04
39.800000, -3.917582e-04, -3.786772e-04, -3.743604e-04, -3.616579e-04
39.900000, -3.728518e-04, -3.597872e-04, -3.534240e-04, -3.408925e-04
40.000000, -3.481024e-04, -3.352912e-04, -3.270315e-04, -3.148799e-04
40.100000, -3.180542e-04, -3.057380e-04, -2.957641e-04, -2.841891e-04
40.200000, -2.833854e-04, -2.717378e-04, -2.602922e-04, -2.494786e-04
40.300000, -2.447626e-04, -2.339963e-04, -2.212775e-04, -2.114084e-04
40.400000, -2.029699e-04, -1.932476e-04, -1.794944e-04, -1.706889e-04
40.500000, -1.587615e-04, -1.502228e-04, -1.357278e-04, -1.281114e-04
40.600000, -1.129700e-04, -1.057027e-04, -9.075407e-05, -8.443844e-05
40.700000, -6.639690e-05, -6.050219e-05, -4.535931e-05, -4.042460e-05
40.800000, -1.984036e-05, -1.539242e-05, -3.227641e-07, 3.176859e-06
40.900000, 2.591179e-05, 2.886280e-05, 4.361235e-05, 4.566834e-05
41.000000, 7.010199e-05, 7.154275e-05, 8.571986e-05, 8.633957e-05
41.100000, 1.120364e-04, 1.119716e-04, 1.253416e-04, 1.245562e-04
41.200000, 1.510432e-04, 1.495204e-04, 1.618466e-04, 1.597076e-04
41.300000, 1.865308e-04, 1.836301e-04, 1.947218e-04, 1.912809e-04
41.400000, 2.179855e-04, 2.137910e-04, 2.235013e-04, 2.188330e-04
41.500000, 2.450123e-04, 2.396107e-04, 2.477869e-04, 2.420299e-04
41.600000, 2.672036e-04, 2.607361e-04, 2.672825e-04, 2.605649e-04
41.700000, 2.843520e-04, 2.769285e-04, 2.817824e-04, 2.742266e-04
41.800000, 2.962733e-04, 2.880574e-04, 2.911581e-04, 2.829136e-04
41.900000, 3.029063e-04, 2.940602e-04, 2.953912e-04, 2.866031e-04
42.000000, 3.042345e-04, 2.949410e-04, 2.945131e-04, 2.853293e-04
42.100000, 3.003998e-04, 2.908192e-04, 2.886697e-04, 2.792743e-04
42.200000, 2.915813e-04, 2.818843e-04, 2.780929e-04, 2.686448e-04
42.300000, 2.780511e-04, 2.684070e-04, 2.630866e-04, 2.537229e-04
42.400000, 2.601605e-04, 2.507184e-04, 2.439740e-04, 2.348896e-04
42.500000, 2.383069e-04, 2.292244e-04, 2.212126e-04, 2.125379e-04
42.600000, 2.129491e-04, 2.043859e-04, 1.952643e-04, 1.871380e-04
42.700000, 1.846069e-04, 1.767009e-04, 1.666469e-04, 1.591937e-04
42.800000, 1.538450e-04, 1.467080e-04, 1.359012e-04, 1.292399e-04
42.900000, 1.212417e-04, 1.149723e-04, 1.036061e-04, 9.782790e-05
43.000000, 8.736806e-05, 8.206642e-05, 7.034930e-05, 6.551885e-05
43.100000, 5.285874e-05, 4.858073e-05, 3.670746e-05, 3.289155e-05
43.200000, 1.827889e-05, 1.509123e-05, 3.267263e-06, 4.929040e-07
43.300000, -1.576593e-05, -1.784414e-05, -2.942230e-05, -3.111390e-05
43.400000, -4.870119e-05, -4.967189e-05, -6.081249e-05, -6.143024e-05
43.500000, -8.001726e-05, -7.989398e-05, -9.042357e-05, -8.997484e-05
43.600000, -1.092207e-04, -1.080278e-04, -1.177819e-04, -1.163128e-04
43.700000, -1.358620e-04, -1.336505e-04, -1.425005e-04, -1.400503e-04
43.800000, -1.595587e-04, -1.563975e-04, -1.642102e-04, -1.608428e-04
43.900000, -1.799980e-04, -1.759461e-04, -1.826167e-04, -1.784218e-04
44.000000, -1.968947e-04, -1.920464e-04, -1.974946e-04, -1.925621e-04
44.100000, -2.100430e-04, -2.045208e-04, -2.086839e-04, -2.031071e-04
44.200000, -2.193328e-04, -2.132312e-04, -2.160758e-04, -2.099669e-04
44.300000, -2.246937e-04, -2.181272e-04, -2.196417e-04, -2.131091e-04
44.400000, -2.261326e-04, -2.192165e-04, -2.194098e-04, -2.125784e-04
44.500000, -2.237107e-04, -2.165706e-04, -2.154775e-04, -2.084736e-04
44.600000, -2.175615e-04, -2.103319e-04, -2.079920e-04, -2.009514e-04
44.700000, -2.078755e-04, -2.006940e-04, -1.971837e-04, -1.902154e-04
44.800000, -1.949146e-04, -1.878944e-04, -1.832952e-04, -1.765339e-04
44.900000, -1.789821e-04, -1.722274e-04, -1.666559e-04, -1.601929e-04
45.000000, -1.604017e-04, -1.540261e-04, -1.476028e-04, -1.415300e-04
45.100000, -1.395610e-04, -1.336608e-04, -1.265127e-04, -1.209320e-04
45.200000, -1.168657e-04, -1.115224e-04, -1.037990e-04, -9.879424e-05
45.300000, -9.273339e-05, -8.802951e-05, -7.987210e-05, -7.551421e-05
45.400000, -6.761373e-05, -6.361420e-05, -5.517546e-05, -5.152782e-05
45.500000, -4.195118e-05, -3.870633e-05, -3.014389e-05, -2.724556e-05
45.600000, -1.619996e-05, -1.374172e-05, -5.201151e-06, -3.087883e-06
45.700000, 9.206115e-06, 1.085563e-05, 1.922312e-05, 2.054682e-05
45.800000, 3.384611e-05, 3.468294e-05, 4.272964e-05, 4.326343e-05
45.900000, 5.733142e-05, 5.735483e-05, 6.495516e-05, 6.470455e-05
46.000000, 7.927717e-05, 7.851613e-05, 8.554474e-05, 8.453402e-05
46.100000, 9.935794e-05, 9.784378e-05, 1.041937e-04, 1.024637e-04
46.200000, 1.172834e-04, 1.150616e-04, 1.206386e-04, 1.182248e-04
46.300000, 1.328035e-04, 1.299205e-04, 1.346454e-04, 1.316121e-04
46.400000, 1.457121e-04, 1.422242e-04, 1.460377e-04, 1.424570e-04
46.500000, 1.558409e-04, 1.518357e-04, 1.546914e-04, 1.506304e-04
46.600000, 1.630909e-04, 1.586562e-04, 1.605221e-04, 1.560668e-04
46.700000, 1.674168e-04, 1.626348e-04, 1.634969e-04, 1.587339e-04
46.800000, 1.688163e-04, 1.637708e-04, 1.636408e-04, 1.586610e-04
46.900000, 1.673315e-04, 1.621213e-04, 1.610164e-04, 1.559003e-04
47.000000, 1.630493e-04, 1.577637e-04, 1.557268e-04, 1.505754e-04
47.100000, 1.561209e-04, 1.508497e-04, 1.479350e-04, 1.428350e-04
47.200000, 1.467162e-04, 1.415560e-04, 1.378270e-04, 1.328680e-04
47.300000, 1.350565e-04, 1.300914e-04, 1.256291e-04, 1.208886e-04
47.400000, 1.213934e-04, 1.167040e-04, 1.115937e-04, 1.071508e-04
47.500000, 1.060066e-04, 1.016632e-04, 9.600752e-05, 9.193577e-05
47.600000, 8.919588e-05, 8.526527e-05, 7.917314e-05, 7.552430e-05
47.700000, 7.127281e-05, 6.780985e-05, 6.140421e-05, 5.823183e-05
47.800000, 5.257569e-05, 4.962931e-05, 4.301520e-05, 4.037131e-05
47.900000, 3.343536e-05, 3.104477e-05, 2.433939e-05, 2.224968e-05
48.000000, 1.418441e-05, 1.237812e-05, 5.693412e-06, 4.183884e-06
48.100000, -4.847900e-06, -6.053917e-06, -1.260651e-05, -1.352676e-05
48.200000, -2.334810e-05, -2.394415e-05, -3.025531e-05, -3.058909e-05
48.300000, -4.101196e-05, -4.100624e-05, -4.697347e-05, -4.672694e-05
48.400000, -5.756594e-05, -5.696860e-05, -6.250164e-05, -6.169361e-05
48.500000, -7.274532e-05, -7.158767e-05, -7.660926e-05, -7.525793e-05
48.600000, -8.634379e-05, -8.464946e-05, -8.908344e-05, -8.723700e-05
48.700000, -9.816152e-05, -9.596986e-05, -9.975921e-05, -9.745457e-05
48.800000, -1.080386e-04, -1.054018e-04, -1.084971e-04, -1.057862e-04
48.900000, -1.158528e-04, -1.128305e-04, -1.151940e-04, -1.121319e-04
49.000000, -1.215262e-04, -1.181724e-04, -1.197850e-04, -1.164326e-04
49.100000, -1.250127e-04, -1.213899e-04, -1.222467e-04, -1.186641e-04
49.200000, -1.263018e-04, -1.224788e-04, -1.225829e-04, -1.188370e-04
49.300000, -1.254296e-04, -1.214724e-04, -1.208402e-04, -1.169995e-04
49.400000, -1.224559e-04, -1.184372e-04, -1.170929e-04, -1.132255e-04
49.500000, -1.174835e-04, -1.134712e-04, -1.114580e-04, -1.076266e-04
49.600000, -1.106400e-04, -1.067029e-04, -1.040745e-04, -1.003417e-04
49.700000, -1.020885e-04, -9.828885e-05, -9.510655e-05, -9.153469e-05
49.800000, -9.201012e-05, -8.841416e-05, -8.474138e-05, -8.138729e-05
49.900000, -8.061492e-05, -7.727616e-05, -7.318948e-05, -7.010389e-05
50.000000, -6.812988e-05, -6.509254e-05, -6.067256e-05, -5.789979e-05
50.100000, -5.478128e-05, -5.209621e-05, -4.742727e-05, -4.500707e-05
50.200000, -4.082374e-05, -3.852441e-05, -3.369011e-05, -3.165561e-05
50.300000, -2.650032e-05, -2.462001e-05, -1.970960e-05, -1.808194e-05
50.400000, -1.206769e-05, -1.062639e-05, -5.725192e-06, -4.525041e-06
50.500000, 2.230031e-06, 3.219847e-06, 8.026867e-06, 8.792302e-06
50.600000, 1.615388e-05, 1.668797e-05, 2.131972e-05, 2.164642e-05
50.700000, 2.947714e-05, 2.956053e-05, 3.394082e-05, 3.383051e-05
50.800000, 4.199242e-05, 4.163101e-05, 4.569157e-05, 4.515963e-05
50.900000, 5.350342e-05, 5.271659e-05, 5.639330e-05, 5.546153e-05
51.000000, 6.384115e-05, 6.264879e-05, 6.589007e-05, 6.458108e-05
51.100000, 7.285802e-05, 7.129254e-05, 7.405279e-05, 7.239572e-05
51.200000, 8.043271e-05, 7.853041e-05, 8.077262e-05, 7.880451e-05
51.300000, 8.647333e-05, 8.427289e-05, 8.596797e-05, 8.373410e-05
51.400000, 9.090921e-05, 8.845771e-05, 8.958793e-05, 8.712891e-05
51.500000, 9.370780e-05, 9.105249e-05, 9.161108e-05, 8.897291e-05
51.600000, 9.485675e-05, 9.204832e-05, 9.203915e-05, 8.927144e-05
51.700000, 9.437608e-05, 9.146614e-05, 9.090327e-05, 8.805376e-05
51.800000, 9.231029e-05, 8.935276e-05, 8.825467e-05, 8.537647e-05
51.900000, 8.873639e-05, 8.577958e-05, 8.417588e-05, 8.132212e-05
52.000000, 8.374456e-05, 8.084029e-05, 7.877053e-05, 7.598660e-05
52.100000, 7.745452e-05, 7.465390e-05, 7.215879e-05, 6.949117e-05
52.200000, 7.000255e-05, 6.734948e-05, 6.448222e-05, 6.197522e-05
52.300000, 6.154277e-05, 5.907887e-05, 5.589615e-05, 5.358625e-05
52.400000, 5.224196e-05, 5.000451e-05, 4.656403e-05, 4.448845e-05
52.500000, 4.227664e-05, 4.029575e-05, 3.666485e-05, 3.485300e-05
52.600000, 3.182788e-05, 3.013240e-05, 2.637467e-05, 2.485208e-05
52.700000, 2.108663e-05, 1.969667e-05, 1.587896e-05, 1.466501e-05
52.800000, 1.023879e-05, 9.172262e-06, 5.358513e-06, 4.466943e-06
52.900000, -5.285557e-07, -1.260034e-06, -5.005916e-06, -5.568977e-06
53.000000, -1.103632e-05, -1.142848e-05, -1.504542e-05, -1.527531e-05
53.100000, -2.111183e-05, -2.116839e-05, -2.459826e-05, -2.449845e-05
53.200000, -3.059587e-05, -3.032297e-05, -3.351198e-05, -3.309265e-05
53.300000, -3.934254e-05, -3.875221e-05, -4.165317e-05, -4.092922e-05
53.400000, -4.722139e-05, -4.633093e-05, -4.889902e-05, -4.789123e-05
53.500000, -5.411900e-05, -5.295085e-05, -5.515204e-05, -5.388197e-05
53.600000, -5.994058e-05, -5.852162e-05, -6.032919e-05, -5.882300e-05
53.700000, -6.461306e-05, -6.297326e-05, -6.436620e-05, -6.265402e-05
53.800000, -6.808649e-05, -6.625795e-05, -6.722224e-05, -6.533946e-05
53.900000, -7.032819e-05, -6.834720e-05, -6.887601e-05, -6.685854e-05
54.000000, -7.132873e-05, -6.923231e-05, -6.932758e-05, -6.721349e-05
54.100000, -7.109960e-05, -6.892812e-05, -6.859697e-05, -6.642364e-05
54.200000, -6.967562e-05, -6.746452e-05, -6.672459e-05, -6.452979e-05
54.300000, -6.710501e-05, -6.489564e-05, -6.376855e-05, -6.158942e-05
54.400000, -6.346231e-05, -6.129021e-05, -5.980448e-05, -5.767697e-05
54.500000, -5.883070e-05, -5.673149e-05, -5.492212e-05, -5.288126e-05
54.600000, -5.331088e-05, -5.131899e-05, -4.922460e-05, -4.730205e-05
54.700000, -4.701885e-05, -4.516540e-05, -4.282822e-05, -4.105254e-05
54.800000, -4.007728e-05, -3.839025e-05, -3.585632e-05, -3.425525e-05
54.900000, -3.261863e-05, -3.112342e-05, -2.844052e-05, -2.703593e-05
55.000000, -2.478114e-05, -2.349873e-05, -2.071515e-05, -1.952747e-05
55.100000, -1.670666e-05, -1.565264e-05, -1.281897e-05, -1.186169e-05
55.200000, -8.535830e-06, -7.722857e-06, -4.889692e-06, -4.172952e-06
55.300000, -4.084447e-07, 1.545852e-07, 2.937547e-06, 3.409417e-06
55.400000, 7.537388e-06, 7.847295e-06, 1.053440e-05, 1.075799e-05
55.500000, 1.517422e-05, 1.523035e-05, 1.777792e-05, 1.775539e-05
55.600000, 2.237851e-05, 2.218603e-05, 2.455390e-05, 2.429154e-05
55.700000, 2.903843e-05, 2.860595e-05, 3.075742e-05, 3.026613e-05
55.800000, 3.505460e-05, 3.439564e-05, 3.629769e-05, 3.559127e-05
55.900000, 4.034046e-05, 3.947109e-05, 4.109705e-05, 4.019254e-05
56.000000, 4.482201e-05, 4.376220e-05, 4.509158e-05, 4.400900e-05
56.100000, 4.844390e-05, 4.721544e-05, 4.823085e-05, 4.699439e-05
56.200000, 5.116516e-05, 4.979142e-05, 5.048327e-05, 4.911633e-05
56.300000, 5.295886e-05, 5.146733e-05, 5.183054e-05, 5.035928e-05
56.400000, 5.381578e-05, 5.223484e-05, 5.227047e-05, 5.072269e-05
56.500000, 5.374466e-05, 5.210193e-05, 5.181626e-05, 5.022110e-05
56.600000, 5.276596e-05, 5.109211e-05, 5.049686e-05, 4.888150e-05
56.700000, 5.091906e-05, 4.924277e-05, 4.835444e-05, 4.674720e-05
56.800000, 4.825397e-05, 4.660393e-05, 4.544361e-05, 4.387192e-05
56.900000, 4.483531e-05, 4.323827e-05, 4.183186e-05, 4.032225e-05
57.000000, 4.073760e-05, 3.921999e-05, 3.759610e-05, 3.617278e-05
57.100000, 3.604717e-05, 3.463112e-05, 3.282212e-05, 3.150653e-05
57.200000, 3.085393e-05, 2.956266e-05, 2.760225e-05, 2.641489e-05
57.300000, 2.525923e-05, 2.411084e-05, 2.203653e-05, 2.099355e-05
57.400000, 1.936526e-05, 1.837701e-05, 1.622552e-05, 1.534184e-05
57.500000, 1.328023e-05, 1.246360e-05, 1.027318e-05, 9.560935e-06
57.600000, 7.109651e-06, 6.475971e-06, 4.283822e-06, 3.750474e-06
57.700000, 9.608511e-07, 5.161593e-07, -1.640420e-06, -1.989920e-06
57.800000, -5.063236e-06, -5.316058e-06, -7.401583e-06, -7.565844e-06
57.900000, -1.086355e-05, -1.092547e-05, -1.290599e-05, -1.288482e-05
58.000000, -1.634842e-05, -1.622119e-05, -1.806620e-05, -1.786604e-05
58.100000, -2.143091e-05, -2.112160e-05, -2.280333e-05, -2.243054e-05
58.200000, -2.603546e-05, -2.555270e-05, -2.704736e-05, -2.651248e-05
58.300000, -3.009385e-05, -2.945118e-05, -3.073727e-05, -3.005284e-05
58.400000, -3.355191e-05, -3.276268e-05, -3.382356e-05, -3.300485e-05
58.500000, -3.636289e-05, -3.544487e-05, -3.626813e-05, -3.533181e-05
58.600000, -3.849589e-05, -3.746657e-05, -3.804366e-05, -3.700812e-05
58.700000, -3.992840e-05, -3.880924e-05, -3.913626e-05, -3.802122e-05
58.800000, -4.065408e-05, -3.946615e-05, -3.954274e-05, -3.836938e-05
58.900000, -4.067625e-05, -3.944053e-05, -3.927248e-05, -3.806077e-05
59.000000, -4.001090e-05, -3.874950e-05, -3.834424e-05, -3.711688e-05
59.100000, -3.868442e-05, -3.741942e-05, -3.679004e-05, -3.556739e-05
59.200000, -3.673464e-05, -3.548762e-05, -3.464943e-05, -3.345268e-05
59.300000, -3.420894e-05, -3.300021e-05, -3.197231e-05, -3.082075e-05
59.400000, -3.116254e-05, -3.001192e-05, -2.881634e-05, -2.772824e-05
59.500000, -2.765916e-05, -2.658447e-05, -2.524531e-05, -2.423825e-05
59.600000, -2.376843e-05, -2.278612e-05, -2.132932e-05, -2.041834e-05
59.700000, -1.956447e-05, -1.868929e-05, -1.714256e-05, -1.634053e-05
59.800000, -1.512573e-05, -1.436962e-05, -1.276166e-05, -1.207968e-05
59.900000, -1.053219e-05, -9.905681e-06, -8.265189e-06, -7.712079e-06
60.000000, -5.865349e-06, -5.375965e-06, -3.731437e-06, -3.313396e-06
60.100000, -1.205157e-06, -8.587089e-07, 7.620413e-07, 1.040764e-06
60.200000, 3.368678e-06, 3.570754e-06, 5.140188e-06, 5.277790e-06
60.300000, 7.782188e-06, 7.839251e-06, 9.331854e-06, 9.330001e-06
60.400000, 1.196367e-05, 1.187825e-05, 1.327050e-05, 1.313188e-05
60.500000, 1.584824e-05, 1.562489e-05, 1.689507e-05, 1.662539e-05
60.600000, 1.937652e-05, 1.902257e-05, 2.015173e-05, 1.975836e-05
60.700000, 2.249784e-05, 2.202156e-05, 2.299371e-05, 2.248656e-05
60.800000, 2.516762e-05, 2.458071e-05, 2.538235e-05, 2.477253e-05
60.900000, 2.735143e-05, 2.666649e-05, 2.728808e-05, 2.658804e-05
61.000000, 2.902339e-05, 2.825465e-05, 2.868926e-05, 2.791277e-05
61.100000, 3.016755e-05, 2.932950e-05, 2.957371e-05, 2.873623e-05
61.200000, 3.077576e-05, 2.988451e-05, 2.993843e-05, 2.905499e-05
61.300000, 3.085081e-05, 2.992193e-05, 2.978874e-05, 2.887590e-05
61.400000, 3.040256e-05, 2.945295e-05, 2.913912e-05, 2.821292e-05
61.500000, 2.945104e-05, 2.849719e-05, 2.801173e-05, 2.708818e-05
61.600000, 2.802332e-05, 2.708174e-05, 2.643667e-05, 2.553111e-05
61.700000, 2.615515e-05, 2.524081e-05, 2.445022e-05, 2.357818e-05
61.800000, 2.388664e-05, 2.301510e-05, 2.209581e-05, 2.127073e-05
61.900000, 2.126616e-05, 2.045119e-05, 1.942128e-05, 1.865647e-05
62.000000, 1.834563e-05, 1.759957e-05, 1.647934e-05, 1.578595e-05
62.100000, 1.518172e-05, 1.451528e-05, 1.332542e-05, 1.271386e-05
62.200000, 1.183231e-05, 1.125559e-05, 1.001766e-05, 9.496176e-06
62.300000, 8.359301e-06, 7.879530e-06, 6.615403e-06, 6.190892e-06
62.400000, 4.823135e-06, 4.446750e-06, 3.178048e-06, 2.855592e-06
62.500000, 1.285703e-06, 1.016385e-06, -2.352859e-07, -4.524700e-07
62.600000, -2.193938e-06, -2.353745e-06, -3.567432e-06, -3.678461e-06
62.700000, -5.557198e-06, -5.607805e-06, -6.764145e-06, -6.769020e-06
62.800000, -8.751045e-06, -8.693634e-06, -9.774447e-06, -9.675613e-06
62.900000, -1.172463e-05, -1.156290e-05, -1.255160e-05, -1.235314e-05
63.000000, -1.443308e-05, -1.417216e-05, -1.505398e-05, -1.476168e-05
63.100000, -1.683629e-05, -1.648295e-05, -1.724563e-05, -1.686613e-05
63.200000, -1.890118e-05, -1.846309e-05, -1.909642e-05, -1.863866e-05
63.300000, -2.059992e-05, -2.008666e-05, -2.058296e-05, -2.005614e-05
63.400000, -2.191235e-05, -2.133423e-05, -2.168835e-05, -2.110295e-05
63.500000, -2.282495e-05, -2.219321e-05, -2.240226e-05, -2.176965e-05
63.600000, -2.333163e-05, -2.265778e-05, -2.272154e-05, -2.205367e-05
63.700000, -2.343230e-05, -2.272922e-05, -2.264991e-05, -2.195846e-05
63.800000, -2.313500e-05, -2.241493e-05, -2.219728e-05, -2.149462e-05
63.900000, -2.245335e-05, -2.172904e-05, -2.137963e-05, -2.067807e-05
64.000000, -2.140789e-05, -2.069142e-05, -2.021944e-05, -1.953072e-05
64.100000, -2.002400e-05, -1.932773e-05, -1.874384e-05, -1.807912e-05
64.200000, -1.833326e-05, -1.766808e-05, -1.698480e-05, -1.635498e-05
64.300000, -1.637049e-05, -1.574736e-05, -1.497849e-05, -1.439333e-05
64.400000, -1.417550e-05, -1.360371e-05, -1.276420e-05, -1.223279e-05
64.500000, -1.179023e-05, -1.127843e-05, -1.038422e-05, -9.914111e-06
64.600000, -9.259511e-06, -8.814884e-06, -7.882363e-06, -7.480192e-06
64.700000, -6.629041e-06, -6.257745e-06, -5.303686e-06, -4.974579e-06
64.800000, -3.945862e-06, -3.652278e-06, -2.693349e-06, -2.441343e-06
64.900000, -1.256144e-06, -1.043671e-06, -9.628588e-08, 7.616660e-08
65.000000, 1.394190e-06, 1.524030e-06, 2.444025e-06, 2.535746e-06
65.100000, 3.961868e-06, 4.008320e-06, 4.885872e-06, 4.897391e-06
65.200000, 6.404608e-06, 6.369169e-06, 7.190399e-06, 7.123030e-06
65.300000, 8.684530e-06, 8.569426e-06, 9.321566e-06, 9.178548e-06
65.400000, 1.076637e-05, 1.057554e-05, 1.124744e-05, 1.103273e-05
65.500000, 1.261994e-05, 1.235802e-05, 1.293995e-05, 1.265909e-05
65.600000, 1.421853e-05, 1.389185e-05, 1.437591e-05, 1.403485e-05
65.700000, 1.554131e-05, 1.515663e-05, 1.553667e-05, 1.514274e-05
65.800000, 1.657161e-05, 1.613696e-05, 1.640886e-05, 1.596980e-05
65.900000, 1.729904e-05, 1.682274e-05, 1.698426e-05, 1.650862e-05
66.000000, 1.771789e-05, 1.720901e-05, 1.725985e-05, 1.675643e-05
66.100000, 1.782819e-05, 1.729603e-05, 1.723757e-05, 1.671567e-05
66.200000, 1.763457e-05, 1.708887e-05, 1.692456e-05, 1.639327e-05
66.300000, 1.714758e-05, 1.659767e-05, 1.633257e-05, 1.580127e-05
66.400000, 1.638166e-05, 1.583715e-05, 1.547789e-05, 1.495546e-05
66.500000, 1.535634e-05, 1.482611e-05, 1.438083e-05, 1.387600e-05
66.600000, 1.409430e-05, 1.358727e-05, 1.306533e-05, 1.258614e-05
66.700000, 1.262270e-05, 1.214666e-05, 1.155850e-05, 1.111272e-05
66.800000, 1.097058e-05, 1.053308e-05, 9.890152e-06, 9.484389e-06
66.900000, 9.170264e-06, 8.777686e-06, 8.091989e-06, 7.732356e-06
67.000000, 7.255104e-06, 6.913295e-06, 6.197326e-06, 5.888792e-06
67.100000, 5.260399e-06, 4.973764e-06, 4.240321e-06, 3.987044e-06
67.200000, 3.221228e-06, 2.993614e-06, 2.255431e-06, 2.060279e-06
67.300000, 1.173434e-06, 1.007143e-06, 2.767896e-07, 1.419343e-07
67.400000, -8.486024e-07, -9.519411e-07, -1.662334e-06, -1.736090e-06
67.500000, -2.810953e-06, -2.851145e-06, -3.530120e-06, -3.542703e-06
67.600000, -4.682128e-06, -4.659732e-06, -5.296521e-06, -5.249242e-06
67.700000, -6.432206e-06, -6.349244e-06, -6.934049e-06, -6.828900e-06
67.800000, -8.034774e-06, -7.893783e-06, -8.417870e-06, -8.257978e-06
67.900000, -9.465625e-06, -9.270499e-06, -9.726372e-06, -9.515556e-06
68.000000, -1.070486e-05, -1.045985e-05, -1.084137e-05, -1.058450e-05
68.100000, -1.173538e-05, -1.144597e-05, -1.174838e-05, -1.145064e-05
68.200000, -1.254485e-05, -1.221672e-05, -1.243666e-05, -1.210418e-05
68.300000, -1.312408e-05, -1.276391e-05, -1.289952e-05, -1.253852e-05
68.400000, -1.346889e-05, -1.308325e-05, -1.313410e-05, -1.275146e-05
68.500000, -1.357824e-05, -1.317444e-05, -1.314161e-05, -1.274412e-05
68.600000, -1.345596e-05, -1.304104e-05, -1.292694e-05, -1.252182e-05
68.700000, -1.310888e-05, -1.269027e-05, -1.249870e-05, -1.209280e-05
68.800000, -1.254826e-05, -1.213290e-05, -1.186881e-05, -1.146915e-05
68.900000, -1.178795e-05, -1.138297e-05, -1.105251e-05, -1.066555e-05
69.000000, -1.084558e-05, -1.045743e-05, -1.006763e-05, -9.699776e-06
69.100000, -9.740745e-06, -9.375809e-06, -8.934633e-06, -8.591553e-06
69.200000, -8.496086e-06, -8.159843e-06, -7.675901e-06, -7.362941e-06
69.300000, -7.135423e-06, -6.833102e-06, -6.315539e-06, -6.037188e-06
69.400000, -5.684681e-06, -5.420406e-06, -4.878759e-06, -4.639069e-06
69.500000, -4.169969e-06, -3.947541e-06, -3.391534e-06, -3.193556e-06
69.600000, -2.618659e-06, -2.440718e-06, -1.880076e-06, -1.726394e-06
69.700000, -1.057426e-06, -9.261196e-07, -3.705234e-07, -2.625389e-07
69.800000, 4.868387e-07, 5.704711e-07, 1.111749e-06, 1.173081e-06
69.900000, 1.988730e-06, 2.024175e-06, 2.542266e-06, 2.557083e-06
70.000000, 3.423540e-06, 3.411434e-06, 3.898063e-06, 3.867048e-06
70.100000, 4.768827e-06, 4.710248e-06, 5.157853e-06, 5.082685e-06
70.200000, 6.003481e-06, 5.900669e-06, 6.302532e-06, 6.185329e-06
70.300000, 7.109499e-06, 6.965022e-06, 7.315265e-06, 7.159134e-06
70.400000, 8.070721e-06, 7.888096e-06, 8.181949e-06, 7.990258e-06
70.500000, 8.874423e-06, 8.657439e-06, 8.891144e-06, 8.668037e-06
70.600000, 9.510195e-06, 9.263494e-06, 9.434383e-06, 9.184254e-06
70.700000, 9.971438e-06, 9.699609e-06, 9.806181e-06, 9.534011e-06
70.800000, 1.025381e-05, 9.962239e-06, 1.000407e-05, 9.714813e-06
70.900000, 1.035690e-05, 1.005078e-05, 1.002856e-05, 9.727605e-06
71.000000, 1.028257e-05, 9.967580e-06, 9.883090e-06, 9.575683e-06
71.100000, 1.003635e-05, 9.717851e-06, 9.573846e-06, 9.265476e-06
71.200000, 9.625895e-06, 9.309514e-06, 9.109739e-06, 8.805518e-06
71.300000, 9.062081e-06, 8.752994e-06, 8.501987e-06, 8.207104e-06
71.400000, 8.357528e-06, 8.060961e-06, 7.764092e-06, 7.483217e-06
71.500000, 7.527565e-06, 7.248087e-06, 6.911353e-06, 6.649050e-06
71.600000, 6.588674e-06, 6.330796e-06, 5.960771e-06, 5.720941e-06
71.700000, 5.559456e-06, 5.326873e-06, 4.930525e-06, 4.716860e-06
71.800000, 4.458928e-06, 4.255199e-06, 3.839799e-06, 3.655219e-06
71.900000, 3.307599e-06, 3.135374e-06, 2.708329e-06, 2.555422e-06
72.000000, 2.125711e-06, 1.987373e-06, 1.556162e-06, 1.436701e-06
72.100000, 9.342501e-07, 8.311951e-07, 4.031808e-07, 3.185781e-07
72.200000, -2.468080e-07, -3.134163e-07, -7.310932e-07, -7.802925e-07
72.300000, -1.397403e-06, -1.427434e-06, -1.827943e-06, -1.841568e-06
72.400000, -2.499114e-06, -2.492688e-06, -2.869647e-06, -2.848382e-06
72.500000, -3.534069e-06, -3.492281e-06, -3.839862e-06, -3.784702e-06
72.600000, -4.486613e-06, -4.410777e-06, -4.723748e-06, -4.636497e-06
72.700000, -5.342158e-06, -5.234469e-06, -5.508328e-06, -5.391044e-06
72.800000, -6.088695e-06, -5.951520e-06, -6.182513e-06, -6.037947e-06
72.900000, -6.715718e-06, -6.552201e-06, -6.737375e-06, -6.568464e-06
73.000000, -7.215604e-06, -7.028922e-06, -7.166152e-06, -6.976409e-06
73.100000, -7.582394e-06, -7.376386e-06, -7.464422e-06, -7.257384e-06
73.200000, -7.813146e-06, -7.591572e-06, -7.629996e-06, -7.409660e-06
73.300000, -7.906661e-06, -7.673771e-06, -7.663044e-06, -7.433313e-06
73.400000, -7.864697e-06, -7.624515e-06, -7.565897e-06, -7.330971e-06
73.500000, -7.690656e-06, -7.447558e-06, -7.343106e-06, -7.106952e-06
73.600000, -7.390682e-06, -7.148683e-06, -7.001176e-06, -6.767916e-06
73.700000, -6.972320e-06, -6.735643e-06, -6.548544e-06, -6.321940e-06
73.800000, -6.445549e-06, -6.217918e-06, -5.995261e-06, -5.779109e-06
73.900000, -5.821368e-06, -5.606583e-06, -5.352926e-06, -5.150533e-06
74.000000, -5.112738e-06, -4.914004e-06, -4.634318e-06, -4.448900e-06
74.100000, -4.333212e-06, -4.153688e-06, -3.853286e-06, -3.687490e-06
74.200000, -3.497808e-06, -3.339944e-06, -3.024370e-06, -2.880672e-06
74.300000, -2.621580e-06, -2.487722e-06, -2.162650e-06, -2.042880e-06
74.400000, -1.720500e-06, -1.612234e-06, -1.283380e-06, -1.189126e-06
74.500000, -8.100591e-07, -7.288008e-07, -4.018208e-07, -3.340032e-07
74.600000, 9.387661e-08, 1.475010e-07, 4.671182e-07, 5.078379e-07
74.700000, 9.764756e-07, 1.002013e-06, 1.309011e-06, 1.322655e-06
74.800000, 1.823012e-06, 1.820798e-06, 2.110261e-06, 2.097101e-06
74.900000, 2.620263e-06, 2.590801e-06, 2.858206e-06, 2.819162e-06
75.000000, 3.355569e-06, 3.300113e-06, 3.541414e-06, 3.477620e-06
75.100000, 4.018158e-06, 3.938067e-06, 4.149740e-06, 4.062934e-06
75.200000, 4.598157e-06, 4.495480e-06, 4.674594e-06, 4.566651e-06
75.300000, 5.087867e-06, 4.964691e-06, 5.108914e-06, 4.982233e-06
75.400000, 5.480734e-06, 5.339729e-06, 5.447390e-06, 5.304432e-06
75.500000, 5.772514e-06, 5.616319e-06, 5.686377e-06, 5.530026e-06
75.600000, 5.960244e-06, 5.791974e-06, 5.824064e-06, 5.657162e-06
75.700000, 6.043304e-06, 5.865922e-06, 5.860321e-06, 5.686033e-06
75.800000, 6.022323e-06, 5.839170e-06, 5.796792e-06, 5.618132e-06
75.900000, 5.900204e-06, 5.714366e-06, 5.636719e-06, 5.456912e-06
76.000000, 5.680972e-06, 5.495789e-06, 5.384957e-06, 5.206971e-06
76.100000, 5.370728e-06, 5.189174e-06, 5.047739e-06, 4.874647e-06
76.200000, 4.976451e-06, 4.801648e-06, 4.632670e-06, 4.467203e-06
76.300000, 4.506895e-06, 4.341516e-06, 4.148441e-06, 3.993324e-06
76.400000, 3.971390e-06, 3.818160e-06, 3.604774e-06, 3.462316e-06
76.500000, 3.380683e-06, 3.241788e-06, 3.012134e-06, 2.884563e-06
76.600000, 2.745710e-06, 2.623317e-06, 2.381629e-06, 2.270683e-06
76.700000, 2.078413e-06, 1.974096e-06, 1.724711e-06, 1.631997e-06
76.800000, 1.390525e-06, 1.305779e-06, 1.053084e-06, 9.796801e-07
76.900000, 6.943644e-07, 6.300564e-07, 3.783845e-07, 3.252075e-07
77.000000, 1.617983e-09, -4.148201e-08, -2.878984e-07, -3.204854e-07
77.100000, -6.758412e-07, -6.976045e-07, -9.347229e-07, -9.465264e-07
77.200000, -1.327150e-06, -1.327550e-06, -1.551567e-06, -1.542929e-06
77.300000, -1.941641e-06, -1.921273e-06, -2.128695e-06, -2.100116e-06
77.400000, -2.509988e-06, -2.469523e-06, -2.657204e-06, -2.609694e-06
77.500000, -3.023361e-06, -2.964053e-06, -3.129262e-06, -3.063945e-06
77.600000, -3.474534e-06, -3.397675e-06, -3.538106e-06, -3.456562e-06
77.700000, -3.857013e-06, -3.764415e-06, -3.878243e-06, -3.782116e-06
77.800000, -4.166078e-06, -4.059527e-06, -4.145408e-06, -4.036730e-06
77.900000, -4.397886e-06, -4.279616e-06, -4.336710e-06, -4.217506e-06
78.000000, -4.550445e-06, -4.422591e-06, -4.450560e-06, -4.323157e-06
78.100000, -4.622682e-06, -4.487741e-06, -4.486755e-06, -4.353395e-06
78.200000, -4.615367e-06, -4.475653e-06, -4.446356e-06, -4.309511e-06
78.300000, -4.530135e-06, -4.388239e-06, -4.331750e-06, -4.193718e-06
78.400000, -4.370359e-06, -4.228607e-06, -4.146470e-06, -4.009694e-06
78.500000, -4.140142e-06, -4.001049e-06, -3.895218e-06, -3.761894e-06
78.600000, -3.845138e-06, -3.710879e-06, -3.583655e-06, -3.456044e-06
78.700000, -3.491522e-06, -3.364382e-06, -3.218386e-06, -3.098434e-06
78.800000, -3.086772e-06, -2.968625e-06, -2.806731e-06, -2.696379e-06
78.900000, -2.638618e-06, -2.531384e-06, -2.356682e-06, -2.257500e-06
79.000000, -2.155800e-06, -2.060934e-06, -1.876654e-06, -1.790153e-06
79.100000, -1.647009e-06, -1.565963e-06, -1.375434e-06, -1.302715e-06
79.200000, -1.121624e-06, -1.055350e-06, -8.619251e-07, -8.039960e-07
79.300000, -5.886635e-07, -5.380740e-07, -3.450914e-07, -3.025250e-07
79.400000, -5.750944e-08, -2.300178e-08, 1.662873e-07, 1.930309e-07
79.500000, 4.631215e-07, 4.812007e-07, 6.636721e-07, 6.745697e-07
79.600000, 9.644544e-07, 9.662718e-07, 1.138992e-06, 1.134128e-06
79.700000, 1.438655e-06, 1.424422e-06, 1.584677e-06, 1.564562e-06
79.800000, 1.878097e-06, 1.848518e-06, 1.993873e-06, 1.959101e-06
79.900000, 2.276329e-06, 2.232126e-06, 2.360442e-06, 2.312003e-06
80.000000, 2.627315e-06, 2.569666e-06, 2.679147e-06, 2.618082e-06
80.100000, 2.926366e-06, 2.856428e-06, 2.945627e-06, 2.873325e-06
80.200000, 3.169360e-06, 3.088694e-06, 3.156545e-06, 3.074397e-06
80.300000, 3.353621e-06, 3.263714e-06, 3.309530e-06, 3.219219e-06
80.400000, 3.477114e-06, 3.379797e-06, 3.403283e-06, 3.306438e-06
80.500000, 3.539283e-06, 3.436252e-06, 3.437492e-06, 3.335972e-06
80.600000, 3.540213e-06, 3.433442e-06, 3.412899e-06, 3.308448e-06
80.700000, 3.481424e-06, 3.372692e-06, 3.331181e-06, 3.225705e-06
80.800000, 3.365012e-06, 3.256305e-06, 3.194985e-06, 3.090216e-06
80.900000, 3.194397e-06, 3.087445e-06, 3.007778e-06, 2.905549e-06
81.000000, 2.973443e-06, 2.870123e-06, 2.773854e-06, 2.675763e-06
81.100000, 2.707178e-06, 2.609049e-06, 2.498162e-06, 2.405852e-06
81.200000, 2.400887e-06, 2.309600e-06, 2.186288e-06, 2.101121e-06
81.300000, 2.060813e-06, 1.977655e-06, 1.844268e-06, 1.767602e-06
81.400000, 1.693238e-06, 1.619543e-06, 1.478555e-06, 1.411428e-06
81.500000, 1.305164e-06, 1.241866e-06, 1.095821e-06, 1.039233e-06
81.600000, 9.033973e-07, 8.514421e-07, 7.029204e-07, 6.575276e-07
81.700000, 4.952135e-07, 4.551285e-07, 3.066904e-07, 2.730873e-07
81.800000, 8.745421e-08, 5.976015e-08, -8.608559e-08, -1.076581e-07
81.900000, -3.128133e-07, -3.280206e-07, -4.688686e-07, -4.782369e-07
82.000000, -6.991816e-07, -7.018162e-07, -8.353929e-07, -8.327340e-07
82.100000, -1.065240e-06, -1.055633e-06, -1.179841e-06, -1.165391e-06
82.200000, -1.405436e-06, -1.383915e-06, -1.496857e-06, -1.471186e-06
82.300000, -1.714400e-06, -1.681690e-06, -1.781703e-06, -1.745420e-06
82.400000, -1.987780e-06, -1.944578e-06, -2.030250e-06, -1.984267e-06
82.500000, -2.221547e-06, -2.168912e-06, -2.239108e-06, -2.184345e-06
82.600000, -2.412799e-06, -2.351728e-06, -2.405594e-06, -2.343236e-06
82.700000, -2.559049e-06, -2.490855e-06, -2.527837e-06, -2.459034e-06
82.800000, -2.658986e-06, -2.584879e-06, -2.604717e-06, -2.530839e-06
82.900000, -2.711748e-06, -2.633208e-06, -2.635937e-06, -2.558277e-06
83.000000, -2.717649e-06, -2.636003e-06, -2.621947e-06, -2.541965e-06
83.100000, -2.677429e-06, -2.594222e-06, -2.563983e-06, -2.483014e-06
83.200000, -2.592947e-06, -2.509524e-06, -2.463961e-06, -2.383461e-06
83.300000, -2.466415e-06, -2.384285e-06, -2.324502e-06, -2.245755e-06
83.400000, -2.301059e-06, -2.221488e-06, -2.148800e-06, -2.073163e-06
83.500000, -2.100339e-06, -2.024711e-06, -1.940627e-06, -1.869246e-06
83.600000, -1.868588e-06, -1.798002e-06, -1.704187e-06, -1.638240e-06
83.700000, -1.610219e-06, -1.545851e-06, -1.444103e-06, -1.384521e-06
83.800000, -1.330345e-06, -1.273057e-06, -1.165264e-06, -1.112980e-06
83.900000, -1.033989e-06, -9.846870e-07, -8.728030e-07, -8.284773e-07
84.000000, -7.266842e-07, -6.859361e-07, -5.719382e-07, -5.362101e-07
84.100000, -4.136872e-07, -3.820878e-07, -2.679494e-07, -2.411722e-07
84.200000, -1.005767e-07, -7.837059e-08, 3.397833e-08, 5.148401e-08
84.300000, 2.075253e-07, 2.200761e-07, 3.287743e-07, 3.369773e-07
84.400000, 5.053569e-07, 5.083397e-07, 6.116311e-07, 6.105328e-07
84.500000, 7.882777e-07, 7.817599e-07, 8.780146e-07, 8.678984e-07
84.600000, 1.051667e-06, 1.036054e-06, 1.123800e-06, 1.104971e-06
84.700000, 1.291666e-06, 1.267330e-06, 1.345266e-06, 1.318294e-06
84.800000, 1.504564e-06, 1.472194e-06, 1.539217e-06, 1.504673e-06
84.900000, 1.687517e-06, 1.647745e-06, 1.702957e-06, 1.661652e-06
85.000000, 1.837920e-06, 1.791668e-06, 1.834393e-06, 1.787110e-06
85.100000, 1.954103e-06, 1.902204e-06, 1.931988e-06, 1.879717e-06
85.200000, 2.034682e-06, 1.978223e-06, 1.994844e-06, 1.938518e-06
85.300000, 2.079228e-06, 2.019176e-06, 2.022636e-06, 1.963354e-06
85.400000, 2.087611e-06, 2.025143e-06, 2.015670e-06, 1.954439e-06
85.500000, 2.060630e-06, 1.996769e-06, 1.974800e-06, 1.912757e-06
85.600000, 1.999350e-06, 1.935290e-06, 1.901468e-06, 1.839620e-06
85.700000, 1.905704e-06, 1.842448e-06, 1.797598e-06, 1.737046e-06
85.800000, 1.781819e-06, 1.720501e-06, 1.665622e-06, 1.607303e-06
85.900000, 1.630597e-06, 1.572128e-06, 1.508362e-06, 1.453271e-06
86.000000, 1.455028e-06, 1.400418e-06, 1.329035e-06, 1.277977e-06
86.100000, 1.258759e-06, 1.208762e-06, 1.131134e-06, 1.084940e-06
86.200000, 1.045398e-06, 1.000843e-06, 9.184157e-07, 8.777064e-07
86.300000, 8.190716e-07, 7.805104e-07, 6.947798e-07, 6.601807e-07
86.400000, 5.837295e-07, 5.517656e-07, 4.642534e-07, 4.361607e-07
86.500000, 3.436925e-07, 3.186417e-07, 2.308643e-07, 2.096684e-07
86.600000, 1.029656e-07, 8.518212e-08, -1.369861e-09, -1.551582e-08
86.700000, -1.342215e-07, -1.446752e-07, -2.285664e-07, -2.355199e-07
86.800000, -3.640886e-07, -3.671147e-07, -4.469831e-07, -4.468377e-07
86.900000, -5.827640e-07, -5.785521e-07, -6.531356e-07, -6.459916e-07
87.000000, -7.869441e-07, -7.756428e-07, -8.437932e-07, -8.299777e-07
87.100000, -9.733473e-07, -9.553804e-07, -1.016085e-06, -9.959209e-07
87.200000, -1.139356e-06, -1.115093e-06, -1.167485e-06, -1.141504e-06
87.300000, -1.282462e-06, -1.252527e-06, -1.295901e-06, -1.264614e-06
87.400000, -1.400888e-06, -1.365833e-06, -1.399647e-06, -1.363751e-06
87.500000, -1.493023e-06, -1.453628e-06, -1.477518e-06, -1.437666e-06
87.600000, -1.558023e-06, -1.514971e-06, -1.528744e-06, -1.485748e-06
87.700000, -1.595233e-06, -1.549407e-06, -1.553050e-06, -1.507651e-06
87.800000, -1.604766e-06, -1.556925e-06, -1.550592e-06, -1.503662e-06
87.900000, -1.586919e-06, -1.537991e-06, -1.522003e-06, -1.474315e-06
88.000000, -1.542724e-06, -1.493484e-06, -1.468318e-06, -1.420746e-06
88.100000, -1.473356e-06, -1.424718e-06, -1.390996e-06, -1.344290e-06
88.200000, -1.380669e-06, -1.333368e-06, -1.291843e-06, -1.246824e-06
88.300000, -1.266594e-06, -1.221474e-06, -1.173015e-06, -1.130357e-06
88.400000, -1.133655e-06, -1.091358e-06, -1.036932e-06, -9.973544e-07
88.500000, -9.843686e-07, -9.456224e-07, -8.862762e-07, -8.503310e-07
88.600000, -8.217440e-07, -7.870532e-07, -7.238941e-07, -6.921606e-07
88.700000, -6.486794e-07, -6.186164e-07, -5.527934e-07, -5.256661e-07
88.800000, -4.684579e-07, -4.433581e-07, -3.760389e-07, -3.539270e-07
88.900000, -2.841428e-07, -2.643960e-07, -1.967502e-07, -1.798687e-07
89.000000, -9.906894e-08, -8.482124e-08, -1.799705e-08, -6.568109e-09
89.100000, 8.375532e-08, 9.230961e-08, 1.572008e-07, 1.631517e-07
89.200000, 2.611583e-07, 2.640688e-07, 3.259738e-07, 3.264150e-07
89.300000, 4.303930e-07, 4.276608e-07, 4.855979e-07, 4.806902e-07
89.400000, 5.886461e-07, 5.805097e-07, 6.335869e-07, 6.234799e-07
89.500000, 7.336125e-07, 7.202552e-07, 7.676801e-07, 7.527057e-07
89.600000, 8.630002e-07, 8.448302e-07, 8.859247e-07, 8.663924e-07
89.700000, 9.750894e-07, 9.524474e-07, 9.866531e-07, 9.630398e-07
89.800000, 1.068231e-06, 1.041665e-06, 1.068554e-06, 1.041298e-06
89.900000, 1.141388e-06, 1.111362e-06, 1.130637e-06, 1.100327e-06
90.000000, 1.193628e-06, 1.160793e-06, 1.172293e-06, 1.139458e-06
90.100000, 1.224646e-06, 1.189549e-06, 1.193246e-06, 1.158544e-06
90.200000, 1.234249e-06, 1.197599e-06, 1.193601e-06, 1.157611e-06
90.300000, 1.222861e-06, 1.185243e-06, 1.173782e-06, 1.137187e-06
90.400000, 1.191002e-06, 1.153139e-06, 1.134571e-06, 1.097956e-06
90.500000, 1.139774e-06, 1.102245e-06, 1.077036e-06, 1.041066e-06
90.600000, 1.070336e-06, 1.033833e-06, 1.002553e-06, 9.677772e-07
90.700000, 9.843750e-07, 9.494271e-07, 9.127344e-07, 8.797602e-07
90.800000, 8.835756e-07, 8.508055e-07, 8.094381e-07, 7.787381e-07
90.900000, 7.700816e-07, 7.399297e-07, 6.946871e-07, 6.667768e-07
91.000000, 6.459608e-07, 6.189459e-07, 5.706768e-07, 5.459225e-07
91.100000, 5.136591e-07, 4.901043e-07, 4.396895e-07, 4.184869e-07
91.200000, 3.754658e-07, 3.557597e-07, 3.040985e-07, 2.866844e-07
91.300000, 2.339616e-07, 2.182893e-07, 1.662812e-07, 1.529135e-07
91.400000, 9.148763e-08, 8.009140e-08, 2.862424e-08, 1.939703e-08
91.500000, -4.941012e-08, -5.649423e-08, -1.065624e-07, -1.115376e-07
91.600000, -1.865048e-07, -1.891860e-07, -2.370377e-07, -2.378126e-07
91.700000, -3.174449e-07, -3.158366e-07, -3.607107e-07, -3.573181e-07
91.800000, -4.402690e-07, -4.344273e-07, -4.756280e-07, -4.682588e-07
91.900000, -5.529603e-07, -5.431383e-07, -5.800479e-07, -5.688684e-07
92.000000, -6.539499e-07, -6.403365e-07, -6.724219e-07, -6.577462e-07
92.100000, -7.416678e-07, -7.246374e-07, -7.514596e-07, -7.335674e-07
92.200000, -8.150333e-07, -7.948848e-07, -8.161019e-07, -7.954077e-07
92.300000, -8.730006e-07, -8.502038e-07, -8.655770e-07, -8.424477e-07
92.400000, -9.150359e-07, -8.899714e-07, -8.993647e-07, -8.742860e-07
92.500000, -9.406577e-07, -9.138592e-07, -9.172417e-07, -8.906366e-07
92.600000, -9.498989e-07, -9.217956e-07, -9.192372e-07, -8.916304e-07
92.700000, -9.428423e-07, -9.139981e-07, -9.056691e-07, -8.775061e-07
92.800000, -9.200692e-07, -8.909270e-07, -8.770900e-07, -8.489006e-07
92.900000, -8.821898e-07, -8.533088e-07, -8.343151e-07, -8.065343e-07
93.000000, -8.302791e-07, -8.020819e-07, -7.783613e-07, -7.514912e-07
93.100000, -7.654040e-07, -7.384124e-07, -7.104664e-07, -6.849000e-07
93.200000, -6.890486e-07, -6.636333e-07, -6.320231e-07, -6.082054e-07
93.300000, -6.026388e-07, -5.792549e-07, -5.445924e-07, -5.228472e-07
93.400000, -5.079588e-07, -4.868989e-07, -4.498337e-07, -4.305247e-07
93.500000, -4.066760e-07, -3.883051e-07, -3.495142e-07, -3.328746e-07
93.600000, -3.007508e-07, -2.852631e-07, -2.454375e-07, -2.317315e-07
93.700000, -1.919635e-07, -1.796175e-07, -1.394515e-07, -1.288075e-07
93.800000, -8.232017e-08, -7.319905e-08, -3.337726e-08, -2.594931e-08
93.900000, 2.641634e-08, 3.216958e-08, 7.098230e-08, 7.517767e-08
94.000000, 1.323227e-07, 1.347404e-07, 1.719113e-07, 1.728329e-07
94.100000, 2.337771e-07, 2.328325e-07, 2.677692e-07, 2.655113e-07
94.200000, 3.290562e-07, 3.248942e-07, 3.570556e-07, 3.516851e-07
94.300000, 4.167883e-07, 4.094912e-07, 4.383938e-07, 4.301076e-07
94.400000, 4.955491e-07, 4.853637e-07, 5.105902e-07, 4.995518e-07
94.500000, 5.643048e-07, 5.514086e-07, 5.726120e-07, 5.591058e-07
94.600000, 6.220050e-07, 6.067299e-07, 6.236391e-07, 6.079076e-07
94.700000, 6.680152e-07, 6.506143e-07, 6.630360e-07, 6.454313e-07
94.800000, 7.017063e-07, 6.825743e-07, 6.903959e-07, 6.712172e-07
94.900000, 7.228752e-07, 7.023170e-07, 7.055052e-07, 6.851485e-07
95.000000, 7.313309e-07, 7.097793e-07, 7.083804e-07, 6.871769e-07
95.100000, 7.273041e-07, 7.050894e-07, 6.992257e-07, 6.775897e-07
95.200000, 7.110292e-07, 6.885952e-07, 6.784623e-07, 6.567310e-07
95.300000, 6.831435e-07, 6.608195e-07, 6.466803e-07, 6.252604e-07
95.400000, 6.442666e-07, 6.224812e-07, 6.046614e-07, 5.838708e-07
95.500000, 5.953897e-07, 5.744454e-07, 5.533252e-07, 5.335390e-07
95.600000, 5.374530e-07, 5.177392e-07, 4.937471e-07, 4.752409e-07
95.700000, 4.717276e-07, 4.534973e-07, 4.271005e-07, 4.101966e-07
95.800000, 3.993917e-07, 3.829741e-07, 3.546710e-07, 3.395841e-07
95.900000, 3.219061e-07, 3.074866e-07, 2.777967e-07, 2.647792e-07
96.000000, 2.405920e-07, 2.284240e-07, 1.978797e-07, 1.870709e-07
96.100000, 1.570015e-07, 1.471897e-07, 1.163257e-07, 1.078973e-07
96.200000, 7.249821e-08, 6.521005e-08, 3.455587e-08, 2.856324e-08
96.300000, -1.137507e-08, -1.612268e-08, -4.605313e-08, -4.952491e-08
96.400000, -9.331124e-08, -9.544082e-08, -1.241562e-07, -1.251381e-07
96.500000, -1.718727e-07, -1.714560e-07, -1.984965e-07, -1.969897e-07
96.600000, -2.458999e-07, -2.429473e-07, -2.678907e-07, -2.640092e-07
96.700000, -3.141450e-07, -3.088119e-07, -3.312810e-07, -3.251059e-07
96.800000, -3.756734e-07, -3.680501e-07, -3.877169e-07, -3.794366e-07
96.900000, -4.294958e-07, -4.198108e-07, -4.364023e-07, -4.261668e-07
97.000000, -4.749612e-07, -4.633721e-07, -4.766724e-07, -4.647312e-07
97.100000, -5.113877e-07, -4.981812e-07, -5.080353e-07, -4.945919e-07
97.200000, -5.384455e-07, -5.238296e-07, -5.301433e-07, -5.154915e-07
97.300000, -5.557859e-07, -5.400875e-07, -5.428291e-07, -5.272078e-07
97.400000, -5.634153e-07, -5.468733e-07, -5.460715e-07, -5.297996e-07
97.500000, -5.613208e-07, -5.442823e-07, -5.400257e-07, -5.233577e-07
97.600000, -5.498365e-07, -5.325509e-07, -5.249839e-07, -5.082440e-07
97.700000, -5.292663e-07, -5.120800e-07, -5.014004e-07, -4.848390e-07
97.800000, -5.002416e-07, -4.833943e-07, -4.698477e-07, -4.537746e-07
97.900000, -4.633434e-07, -4.471610e-07, -4.310369e-07, -4.156796e-07
98.000000, -4.194521e-07, -4.041458e-07, -3.857704e-07, -3.714063e-07
98.100000, -3.693692e-07, -3.552271e-07, -3.349582e-07, -3.217757e-07
98.200000, -3.141613e-07, -3.013496e-07, -2.795690e-07, -2.677985e-07
98.300000, -2.547818e-07, -2.435364e-07, -2.206436e-07, -2.104209e-07
98.400000, -1.924102e-07, -1.828403e-07, -1.592447e-07, -1.507423e-07
98.500000, -1.280762e-07, -1.203552e-07, -9.646984e-08, -8.976196e-08
98.600000, -6.299512e-08, -5.716708e-08, -3.340057e-08, -2.859477e-08
98.700000, 1.804716e-09, 5.634717e-09, 2.888399e-08, 3.177951e-08
98.800000, 6.514874e-08, 6.700523e-08, 8.935650e-08, 9.030132e-08
98.900000, 1.260843e-07, 1.259313e-07, 1.470267e-07, 1.460786e-07
99.000000, 1.835481e-07, 1.814773e-07, 2.009882e-07, 1.981716e-07
99.100000, 2.367290e-07, 2.327700e-07, 2.504012e-07, 2.458353e-07
99.200000, 2.847354e-07, 2.790412e-07, 2.945357e-07, 2.883033e-07
99.300000, 3.269515e-07, 3.196094e-07, 3.327516e-07, 3.250251e-07
99.400000, 3.627037e-07, 3.539182e-07, 3.645372e-07, 3.554474e-07
99.500000, 3.916097e-07, 3.815145e-07, 3.894852e-07, 3.792461e-07
99.600000, 4.132438e-07, 4.020825e-07, 4.073276e-07, 3.961054e-07
99.700000, 4.274790e-07, 4.154176e-07, 4.179070e-07, 4.059434e-07
99.800000, 4.341495e-07, 4.214558e-07, 4.212071e-07, 4.086890e-07
99.900000, 4.333865e-07, 4.202435e-07, 4.173199e-07, 4.045012e-07
100.000000, 4.252790e-07, 4.119626e-07, 4.064713e-07, 3.935444e-07
100.100000, 4.102021e-07, 3.968967e-07, 3.889857e-07, 3.762018e-07
100.200000, 3.884776e-07, 3.754515e-07, 3.653070e-07, 3.528484e-07
100.300000, 3.606949e-07, 3.481183e-07, 3.359597e-07, 3.240603e-07
100.400000, 3.273715e-07, 3.154907e-07, 3.015674e-07, 2.903859e-07
100.500000, 2.892684e-07, 2.782258e-07, 2.628110e-07, 2.525512e-07
100.600000, 2.470509e-07, 2.370583e-07, 2.204452e-07, 2.112307e-07
100.700000, 2.015992e-07, 1.927597e-07, 1.752551e-07, 1.672490e-07
100.800000, 1.536702e-07, 1.461516e-07, 1.280710e-07, 1.213531e-07
100.900000, 1.042051e-07, 9.806330e-08, 7.972513e-08, 7.441099e-08
101.000000, 5.399332e-08, 4.934520e-08, 3.106564e-08, 2.718564e-08
101.100000, 3.976896e-09, 8.266502e-10, -1.708604e-08, -1.946767e-08
101.200000, -4.508169e-08, -4.667057e-08, -6.392069e-08, -6.482486e-08
101.300000, -9.229668e-08, -9.237278e-08, -1.086823e-07, -1.080962e-07
101.400000, -1.369873e-07, -1.355398e-07, -1.506523e-07, -1.486466e-07
101.500000, -1.783757e-07, -1.755031e-07, -1.891881e-07, -1.857981e-07
101.600000, -2.159097e-07, -2.116495e-07, -2.237053e-07, -2.190465e-07
101.700000, -2.489612e-07, -2.434564e-07, -2.537132e-07, -2.478628e-07
101.800000, -2.771434e-07, -2.704723e-07, -2.787943e-07, -2.719050e-07
101.900000, -3.000081e-07, -2.923495e-07, -2.986365e-07, -2.908185e-07
102.000000, -3.173580e-07, -3.088212e-07, -3.130095e-07, -3.044430e-07
102.100000, -3.289419e-07, -3.197307e-07, -3.217935e-07, -3.126110e-07
102.200000, -3.347618e-07, -3.250057e-07, -3.249524e-07, -3.153502e-07
102.300000, -3.347673e-07, -3.246831e-07, -3.225591e-07, -3.126806e-07
102.400000, -3.291563e-07, -3.188811e-07, -3.147654e-07, -3.048111e-07
102.500000, -3.180688e-07, -3.078205e-07, -3.018243e-07, -2.919364e-07
102.600000, -3.018821e-07, -2.917934e-07, -2.840572e-07, -2.744289e-07
102.700000, -2.809047e-07, -2.711823e-07, -2.618732e-07, -2.526344e-07
102.800000, -2.556655e-07, -2.464264e-07, -2.357344e-07, -2.270601e-07
102.900000, -2.266086e-07, -2.180380e-07, -2.061725e-07, -1.981702e-07
103.000000, -1.943782e-07, -1.865675e-07, -1.737532e-07, -1.665709e-07
103.100000, -1.595138e-07, -1.526181e-07, -1.390909e-07, -1.328057e-07
103.200000, -1.227321e-07, -1.168093e-07, -1.028124e-07, -9.753820e-08
103.300000, -8.462319e-08, -7.979165e-08, -6.557087e-08, -6.134863e-08
103.400000, -4.593017e-08, -4.220972e-08, -2.800938e-08, -2.491481e-08
103.500000, -7.247875e-09, -4.716269e-09, 9.224740e-09, 1.118978e-08
103.600000, 3.070005e-08, 3.206356e-08, 4.551588e-08, 4.631569e-08
103.700000, 6.735875e-08, 6.751773e-08, 8.026505e-08, 7.993712e-08
103.800000, 1.020665e-07, 1.010818e-07, 1.129243e-07, 1.114719e-07
103.900000, 1.343483e-07, 1.322229e-07, 1.429805e-07, 1.404779e-07
104.000000, 1.636411e-07, 1.604727e-07, 1.699873e-07, 1.664732e-07
104.100000, 1.895828e-07, 1.854096e-07, 1.935475e-07, 1.891283e-07
104.200000, 2.117376e-07, 2.066887e-07, 2.133422e-07, 2.080861e-07
104.300000, 2.298804e-07, 2.240222e-07, 2.291112e-07, 2.231503e-07
104.400000, 2.437214e-07, 2.372072e-07, 2.406796e-07, 2.341039e-07
104.500000, 2.531864e-07, 2.461031e-07, 2.479353e-07, 2.408942e-07
104.600000, 2.581405e-07, 2.506566e-07, 2.508531e-07, 2.434500e-07
104.700000, 2.586634e-07, 2.508769e-07, 2.494699e-07, 2.418627e-07
104.800000, 2.547727e-07, 2.468582e-07, 2.439061e-07, 2.362025e-07
104.900000, 2.466950e-07, 2.387523e-07, 2.343387e-07, 2.266957e-07
105.000000, 2.345886e-07, 2.267885e-07, 2.210198e-07, 2.135402e-07
105.100000, 2.188098e-07, 2.112451e-07, 2.042482e-07, 1.970796e-07
105.200000, 1.996369e-07, 1.924660e-07, 1.843861e-07, 1.776181e-07
105.300000, 1.775314e-07, 1.708313e-07, 1.618286e-07, 1.555917e-07
105.400000, 1.528631e-07, 1.467725e-07, 1.370196e-07, 1.313831e-07
105.500000, 1.261684e-07, 1.207416e-07, 1.104200e-07, 1.054908e-07
105.600000, 9.787584e-08, 9.322571e-08, 8.252262e-08, 7.834452e-08
105.700000, 6.856190e-08, 6.471522e-08, 5.382044e-08, 5.047227e-08
105.800000, 3.867866e-08, 3.571832e-08, 2.482081e-08, 2.231725e-08
105.900000, 8.807182e-09, 6.729377e-09, -3.985874e-09, -5.596435e-09
106.000000, -2.061246e-08, -2.175667e-08, -3.211167e-08, -3.284504e-08
106.100000, -4.902918e-08, -4.927500e-08, -5.910161e-08, -5.894018e-08
106.200000, -7.604797e-08, -7.537588e-08, -8.451848e-08, -8.350783e-08
106.300000, -1.011788e-07, -9.965408e-08, -1.079719e-07, -1.061235e-07
106.400000, -1.241004e-07, -1.217327e-07, -1.291019e-07, -1.264884e-07
106.500000, -1.444097e-07, -1.412911e-07, -1.476065e-07, -1.442647e-07
106.600000, -1.618815e-07, -1.580467e-07, -1.632232e-07, -1.592486e-07
106.700000, -1.762186e-07, -1.717815e-07, -1.757550e-07, -1.712048e-07
106.800000, -1.873074e-07, -1.823221e-07, -1.850501e-07, -1.800368e-07
106.900000, -1.949674e-07, -1.895635e-07, -1.910256e-07, -1.856204e-07
107.000000, -1.992037e-07, -1.934478e-07, -1.936455e-07, -1.879712e-07
107.100000, -1.999557e-07, -1.939859e-07, -1.929418e-07, -1.870771e-07
107.200000, -1.973456e-07, -1.912343e-07, -1.889915e-07, -1.830624e-07
107.300000, -1.914277e-07, -1.853143e-07, -1.819355e-07, -1.760207e-07
107.400000, -1.824327e-07, -1.763876e-07, -1.719531e-07, -1.661751e-07
107.500000, -1.705172e-07, -1.646739e-07, -1.592803e-07, -1.537111e-07
107.600000, -1.560043e-07, -1.504247e-07, -1.441828e-07, -1.389346e-07
107.700000, -1.391341e-07, -1.339396e-07, -1.269719e-07, -1.221043e-07
107.800000, -1.203011e-07, -1.155389e-07, -1.079779e-07, -1.035874e-07
107.900000, -9.980540e-08, -9.557916e-08, -8.756440e-08, -8.369289e-08
108.000000, -7.808742e-08, -7.442516e-08, -6.610104e-08, -6.282512e-08
108.100000, -5.548081e-08, -5.246456e-08, -4.397756e-08, -4.131793e-08
108.200000, -3.244484e-08, -3.008010e-08, -2.157646e-08, -1.958704e-08
108.300000, -9.319086e-09, -7.663868e-09, 7.130617e-10, 2.034714e-09
108.400000, 1.344577e-08, 1.441005e-08, 2.252199e-08, 2.314581e-08
108.500000, 3.553099e-08, 3.577106e-08, 4.348719e-08, 4.343910e-08
108.600000, 5.652020e-08, 5.607860e-08, 6.327745e-08, 6.255079e-08
108.700000, 7.613971e-08, 7.500697e-08, 8.157844e-08, 8.022137e-08
108.800000, 9.402983e-08, 9.227075e-08, 9.811756e-08, 9.614481e-08
108.900000, 1.099822e-07, 1.076086e-07, 1.126478e-07, 1.101271e-07
109.000000, 1.237113e-07, 1.208071e-07, 1.249712e-07, 1.219353e-07
109.100000, 1.350892e-07, 1.316839e-07, 1.349214e-07, 1.314537e-07
109.200000, 1.439170e-07, 1.401091e-07, 1.423854e-07, 1.385325e-07
109.300000, 1.501556e-07, 1.459873e-07, 1.472848e-07, 1.431408e-07
109.400000, 1.536984e-07, 1.492782e-07, 1.495959e-07, 1.452161e-07
109.500000, 1.545984e-07, 1.499758e-07, 1.493295e-07, 1.448137e-07
109.600000, 1.528406e-07, 1.481282e-07, 1.465494e-07, 1.419559e-07
109.700000, 1.485662e-07, 1.438153e-07, 1.413509e-07, 1.367796e-07
109.800000, 1.418455e-07, 1.371669e-07, 1.338775e-07, 1.293846e-07
109.900000, 1.328984e-07, 1.283399e-07, 1.242989e-07, 1.199791e-07
110.000000, 1.218685e-07, 1.175340e-07, 1.128258e-07, 1.087279e-07
110.100000, 1.090405e-07, 1.049689e-07, 9.968740e-08, 9.589635e-08
110.200000, 9.461458e-08, 9.089858e-08, 8.514534e-08, 8.169834e-08
110.300000, 7.892232e-08, 7.558767e-08, 6.947017e-08, 6.643844e-08
110.400000, 6.220150e-08, 5.932570e-08, 5.295513e-08, 5.036093e-08
110.500000, 4.480990e-08, 4.240261e-08, 3.589223e-08, 3.379024e-08
110.600000, 2.700189e-08, 2.512287e-08, 1.858575e-08, 1.698105e-08
110.700000, 9.140257e-09, 7.781109e-09, 1.328481e-09, 2.576412e-10
110.800000, -8.525310e-09, -9.323834e-09, -1.558465e-08, -1.613468e-08
110.900000, -2.564776e-08, -2.591277e-08, -3.187984e-08, -3.189096e-08
111.000000, -4.200207e-08, -4.171179e-08, -4.729047e-08, -4.679357e-08
111.100000, -5.727582e-08, -5.647539e-08, -6.157948e-08, -6.057400e-08
111.200000, -7.128613e-08, -6.997150e-08, -7.452478e-08, -7.305800e-08
111.300000, -8.377100e-08, -8.200353e-08, -8.594060e-08, -8.402749e-08
111.400000, -9.460364e-08, -9.239460e-08, -9.566200e-08, -9.336369e-08
111.500000, -1.035843e-07, -1.010084e-07, -1.035650e-07, -1.009091e-07
111.600000, -1.106519e-07, -1.077324e-07, -1.095501e-07, -1.066082e-07
111.700000, -1.156760e-07, -1.124975e-07, -1.135612e-07, -1.103697e-07
111.800000, -1.186661e-07, -1.152599e-07, -1.155676e-07, -1.122049e-07
111.900000, -1.195637e-07, -1.160198e-07, -1.155823e-07, -1.120897e-07
112.000000, -1.184484e-07, -1.148020e-07, -1.136427e-07, -1.101007e-07
112.100000, -1.153309e-07, -1.116732e-07, -1.098270e-07, -1.062776e-07
112.200000, -1.103564e-07, -1.067222e-07, -1.042349e-07, -1.007571e-07
112.300000, -1.035981e-07, -1.000754e-07, -9.700264e-08, -9.363470e-08
112.400000, -9.525736e-08, -9.187624e-08, -8.828265e-08, -8.509781e-08
112.500000, -8.545883e-08, -8.230043e-08, -7.825779e-08, -7.528730e-08
112.600000, -7.444819e-08, -7.153425e-08, -6.712064e-08, -6.442863e-08
112.700000, -6.238757e-08, -5.978895e-08, -5.508691e-08, -5.269444e-08
112.800000, -4.955191e-08, -4.727916e-08, -4.237452e-08, -4.033403e-08
112.900000, -3.612531e-08, -3.423656e-08, -2.921662e-08, -2.753674e-08
113.000000, -2.239575e-08, -2.088830e-08, -1.584063e-08, -1.456034e-08
113.100000, -8.552846e-09, -7.470542e-09, -2.481153e-09, -1.595382e-09
113.200000, 5.118834e-09, 5.792969e-09, 1.064068e-08, 1.110722e-08
113.300000, 1.844025e-08, 1.867722e-08, 2.330421e-08, 2.337060e-08
113.400000, 3.114579e-08, 3.097689e-08, 3.530933e-08, 3.496495e-08
113.500000, 4.308173e-08, 4.249234e-08, 4.646312e-08, 4.574044e-08
113.600000, 5.401503e-08, 5.304985e-08, 5.659924e-08, 5.550063e-08
113.700000, 6.382968e-08, 6.248709e-08, 6.556392e-08, 6.413372e-08
113.800000, 7.233618e-08, 7.067248e-08, 7.323448e-08, 7.148616e-08
113.900000, 7.946555e-08, 7.748998e-08, 7.950465e-08, 7.749215e-08
114.000000, 8.507946e-08, 8.285742e-08, 8.430203e-08, 8.204737e-08
114.100000, 8.916177e-08, 8.671054e-08, 8.757264e-08, 8.513660e-08
114.200000, 9.162920e-08, 8.902028e-08, 8.929737e-08, 8.670749e-08
114.300000, 9.252050e-08, 8.977601e-08, 8.947569e-08, 8.679642e-08
114.400000, 9.180754e-08, 8.900179e-08, 8.814107e-08, 8.540228e-08
114.500000, 8.958222e-08, 8.673878e-08, 8.534399e-08, 8.261052e-08
114.600000, 8.586802e-08, 8.306062e-08, 8.116636e-08, 7.846711e-08
114.700000, 8.080473e-08, 7.805513e-08, 7.570389e-08, 7.310095e-08
114.800000, 7.446069e-08, 7.183882e-08, 6.907975e-08, 6.659803e-08
114.900000, 6.701535e-08, 6.453809e-08, 6.142638e-08, 5.912231e-08
115.000000, 5.857240e-08, 5.630308e-08, 5.289850e-08, 5.079040e-08
115.100000, 4.934047e-08, 4.728849e-08, 4.365470e-08, 4.179100e-08
115.200000, 3.944713e-08, 3.766693e-08, 3.386996e-08, 3.226022e-08
115.300000, 2.911809e-08, 2.760967e-08, 2.371707e-08, 2.239998e-08
115.400000, 1.849239e-08, 1.729966e-08, 1.337901e-08, 1.235402e-08
115.500000, 7.800077e-09, 6.912363e-09, 3.030497e-09, 2.325486e-09
115.600000, -2.821110e-09, -3.371247e-09, -7.149769e-09, -7.546128e-09
115.700000, -1.314926e-08, -1.338363e-08, -1.699714e-08, -1.706806e-08
115.800000, -2.306001e-08, -2.295751e-08, -2.634861e-08, -2.611611e-08
115.900000, -3.235107e-08, -3.194434e-08, -3.506040e-08, -3.451832e-08
116.000000, -4.092214e-08, -4.020083e-08, -4.299515e-08, -4.217543e-08
116.100000, -4.860023e-08, -4.760678e-08, -5.003889e-08, -4.894485e-08
116.200000, -5.531769e-08, -5.405117e-08, -5.608772e-08, -5.475977e-08
116.300000, -6.093822e-08, -5.944923e-08, -6.106406e-08, -5.951332e-08
116.400000, -6.543287e-08, -6.372798e-08, -6.490280e-08, -6.317616e-08
116.500000, -6.870666e-08, -6.684252e-08, -6.756663e-08, -6.568085e-08
116.600000, -7.077256e-08, -6.876091e-08, -6.903166e-08, -6.703784e-08
116.700000, -7.157863e-08, -6.947969e-08, -6.930193e-08, -6.722004e-08
116.800000, -7.118003e-08, -6.900817e-08, -6.839441e-08, -6.627724e-08
116.900000, -6.956667e-08, -6.738307e-08, -6.635273e-08, -6.422092e-08
117.000000, -6.683331e-08, -6.465234e-08, -6.323163e-08, -6.113718e-08
117.100000, -6.300779e-08, -6.088906e-08, -5.911005e-08, -5.707179e-08
117.200000, -5.821934e-08, -5.617474e-08, -5.407506e-08, -5.214180e-08
117.300000, -5.252753e-08, -5.061268e-08, -4.823440e-08, -4.642094e-08
117.400000, -4.608882e-08, -4.431091e-08, -4.170010e-08, -4.005001e-08
117.500000, -3.898641e-08, -3.739508e-08, -3.460057e-08, -3.312278e-08
117.600000, -3.139522e-08, -2.999118e-08, -2.706409e-08, -2.579526e-08
117.700000, -2.341282e-08, -2.223814e-08, -1.923056e-08, -1.817234e-08
117.800000, -1.522295e-08, -1.427059e-08, -1.123505e-08, -1.041611e-08
117.900000, -6.927682e-09, -6.231188e-09, -3.219407e-09, -2.633269e-09
118.000000, 1.290251e-09, 1.746414e-09, 4.684001e-09, 5.017214e-09
118.100000, 9.334003e-09, 9.525196e-09, 1.234068e-08, 1.243582e-08
118.200000, 1.703125e-08, 1.698157e-08, 1.962989e-08, 1.947535e-08
118.300000, 2.429928e-08, 2.399282e-08, 2.643289e-08, 2.605157e-08
118.400000, 3.098453e-08, 3.045347e-08, 3.264836e-08, 3.203658e-08
118.500000, 3.702606e-08, 3.626241e-08, 3.818034e-08, 3.736822e-08
118.600000, 4.229578e-08, 4.133878e-08, 4.295309e-08, 4.194376e-08
118.700000, 4.676032e-08, 4.560870e-08, 4.689863e-08, 4.572811e-08
118.800000, 5.032192e-08, 4.902052e-08, 4.997099e-08, 4.864776e-08
118.900000, 5.297852e-08, 5.153112e-08, 5.213333e-08, 5.069766e-08
119.000000, 5.466524e-08, 5.312051e-08, 5.337151e-08, 5.183544e-08
119.100000, 5.541282e-08, 5.377770e-08, 5.368074e-08, 5.208694e-08
119.200000, 5.518961e-08, 5.351461e-08, 5.307854e-08, 5.144067e-08
119.300000, 5.405833e-08, 5.235155e-08, 5.159097e-08, 4.995213e-08
119.400000, 5.201868e-08, 5.033047e-08, 4.926495e-08, 4.763846e-08
119.500000, 4.916246e-08, 4.750008e-08, 4.615411e-08, 4.458159e-08
119.600000, 4.551688e-08, 4.392855e-08, 4.233067e-08, 4.082328e-08
119.700000, 4.119805e-08, 3.968833e-08, 3.787094e-08, 3.646706e-08
119.800000, 3.625515e-08, 3.486846e-08, 3.286674e-08, 3.157376e-08
119.900000, 3.082248e-08, 2.955908e-08, 2.741084e-08, 2.626246e-08
120.000000, 2.496445e-08, 2.386349e-08, 2.160800e-08, 2.060651e-08
120.100000, 1.882634e-08, 1.788262e-08, 1.556032e-08, 1.473365e-08
120.200000, 1.248036e-08, 1.172677e-08, 9.378205e-09, 8.722685e-09
120.300000, 6.075211e-09, 5.500232e-09, 3.165747e-09, 2.702839e-09
120.400000, -3.167574e-10, -6.870416e-10, -2.968405e-09, -3.248787e-09
120.500000, -6.550969e-09, -6.734711e-09, -8.925406e-09, -9.008474e-09
120.600000, -1.256224e-08, -1.254027e-08, -1.460529e-08, -1.450755e-08
120.700000, -1.821709e-08, -1.801406e-08, -1.992104e-08, -1.963414e-08
120.800000, -2.346401e-08, -2.306731e-08, -2.478744e-08, -2.433386e-08
120.900000, -2.818657e-08, -2.762678e-08, -2.913478e-08, -2.851202e-08
121.000000, -3.235226e-08, -3.162257e-08, -3.289751e-08, -3.213318e-08
121.100000, -3.586629e-08, -3.500225e-08, -3.602734e-08, -3.512376e-08
121.200000, -3.871896e-08, -3.771844e-08, -3.848168e-08, -3.747049e-08
121.300000, -4.084011e-08, -3.974239e-08, -4.023622e-08, -3.912330e-08
121.400000, -4.224496e-08, -4.105121e-08, -4.127303e-08, -4.009267e-08
121.500000, -4.288920e-08, -4.164098e-08, -4.159259e-08, -4.035278e-08
121.600000, -4.281335e-08, -4.151361e-08, -4.120158e-08, -3.993778e-08
121.700000, -4.199843e-08, -4.068946e-08, -4.012443e-08, -3.884521e-08
121.800000, -4.050891e-08, -3.919387e-08, -3.839075e-08, -3.713123e-08
121.900000, -3.834897e-08, -3.706931e-08, -3.604651e-08, -3.481436e-08
122.000000, -3.560408e-08, -3.436169e-08, -3.314115e-08, -3.196972e-08
122.100000, -3.229802e-08, -3.113206e-08, -2.973839e-08, -2.863310e-08
122.200000, -2.853307e-08, -2.744277e-08, -2.590321e-08, -2.489435e-08
122.300000, -2.434783e-08, -2.336885e-08, -2.171231e-08, -2.080192e-08
122.400000, -1.985623e-08, -1.898406e-08, -1.724103e-08, -1.645533e-08
122.500000, -1.510620e-08, -1.437202e-08, -1.257362e-08, -1.191037e-08
122.600000, -1.021757e-08, -9.612301e-09, -7.790124e-09, -7.270794e-09
122.700000, -5.241698e-09, -4.791431e-09, -2.976609e-09, -2.594153e-09
122.800000, -2.984087e-10, 1.096320e-11, 1.787855e-09, 2.017108e-09
122.900000, 4.563360e-09, 4.711123e-09, 6.421015e-09, 6.509112e-09
123.000000, 9.229486e-09, 9.234863e-09, 1.085019e-08, 1.078596e-08
123.100000, 1.365888e-08, 1.350645e-08, 1.500207e-08, 1.480239e-08
123.200000, 1.774821e-08, 1.746206e-08, 1.881512e-08, 1.847365e-08
123.300000, 2.146890e-08, 2.103850e-08, 2.222927e-08, 2.176728e-08
123.400000, 2.473260e-08, 2.418630e-08, 2.519798e-08, 2.461332e-08
123.500000, 2.752688e-08, 2.685830e-08, 2.767768e-08, 2.699523e-08
123.600000, 2.978136e-08, 2.902229e-08, 2.963948e-08, 2.886043e-08
123.700000, 3.150217e-08, 3.064941e-08, 3.105834e-08, 3.021023e-08
123.800000, 3.263862e-08, 3.172637e-08, 3.192439e-08, 3.101069e-08
123.900000, 3.321642e-08, 3.224353e-08, 3.223186e-08, 3.128163e-08
124.000000, 3.320494e-08, 3.220682e-08, 3.198993e-08, 3.100779e-08
124.100000, 3.264914e-08, 3.162550e-08, 3.121149e-08, 3.022686e-08
124.200000, 3.153746e-08, 3.052371e-08, 2.992359e-08, 2.894104e-08
124.300000, 2.993250e-08, 2.892802e-08, 2.815595e-08, 2.720411e-08
124.400000, 2.783960e-08, 2.687860e-08, 2.595112e-08, 2.503340e-08
124.500000, 2.533627e-08, 2.441667e-08, 2.335281e-08, 2.249600e-08
124.600000, 2.244149e-08, 2.159529e-08, 2.041578e-08, 1.962112e-08
124.700000, 1.924410e-08, 1.846676e-08, 1.719406e-08, 1.648559e-08
124.800000, 1.577276e-08, 1.509318e-08, 1.375064e-08, 1.312666e-08
124.900000, 1.212334e-08, 1.153379e-08, 1.014568e-08, 9.626792e-09
125.000000, 8.329784e-09, 7.855432e-09, 6.446031e-09, 6.027026e-09
125.100000, 4.490459e-09, 4.119864e-09, 2.713555e-09, 2.411168e-09
125.200000, 6.399672e-10, 3.941847e-10, -9.854461e-10, -1.180244e-09
125.300000, -3.125365e-09, -3.261710e-09, -4.591791e-09, -4.666294e-09
125.400000, -6.774697e-09, -6.784742e-09, -8.043946e-09, -8.011026e-09
125.500000, -1.021798e-08, -1.012099e-08, -1.128940e-08, -1.114028e-08
125.600000, -1.343211e-08, -1.321524e-08, -1.427512e-08, -1.402627e-08
125.700000, -1.633697e-08, -1.602306e-08, -1.695866e-08, -1.660486e-08
125.800000, -1.892050e-08, -1.850027e-08, -1.929847e-08, -1.885936e-08
125.900000, -2.111536e-08, -2.061469e-08, -2.126476e-08, -2.073811e-08
126.000000, -2.292292e-08, -2.233546e-08, -2.282961e-08, -2.223751e-08
126.100000, -2.429054e-08, -2.364447e-08, -2.397748e-08, -2.331996e-08
126.200000, -2.523443e-08, -2.452550e-08, -2.469521e-08, -2.399604e-08
126.300000, -2.571749e-08, -2.497532e-08, -2.498214e-08, -2.424274e-08
126.400000, -2.577108e-08, -2.499264e-08, -2.483995e-08, -2.408486e-08
126.500000, -2.537349e-08, -2.458889e-08, -2.428248e-08, -2.351359e-08
126.600000, -2.457052e-08, -2.377699e-08, -2.332534e-08, -2.256707e-08
126.700000, -2.335462e-08, -2.258186e-08, -2.199549e-08, -2.124932e-08
126.800000, -2.178442e-08, -2.102901e-08, -2.032074e-08, -1.961008e-08
126.900000, -1.986447e-08, -1.915479e-08, -1.833900e-08, -1.766407e-08
127.000000, -1.766375e-08, -1.699491e-08, -1.608771e-08, -1.547016e-08
127.100000, -1.519612e-08, -1.459444e-08, -1.361293e-08, -1.305105e-08
127.200000, -1.253789e-08, -1.199631e-08, -1.095872e-08, -1.047173e-08
127.300000, -9.708948e-09, -9.251135e-09, -8.176037e-09, -7.759722e-09
127.400000, -6.789499e-09, -6.405733e-09, -5.312158e-09, -4.982909e-09
127.500000, -3.801972e-09, -3.512847e-09, -2.419523e-09, -2.170285e-09
127.600000, -8.268870e-10, -6.197193e-10, 4.547956e-10, 6.107293e-10
127.700000, 2.114329e-09, 2.222202e-09, 3.260279e-09, 3.332944e-09
127.800000, 4.944265e-09, 4.968577e-09, 5.953344e-09, 5.932574e-09
127.900000, 7.645809e-09, 7.572451e-09, 8.488515e-09, 8.387257e-09
128.000000, 1.014777e-08, 9.995393e-09, 1.082861e-08, 1.063965e-08
128.100000, 1.244021e-08, 1.219771e-08, 1.293586e-08, 1.267480e-08
128.200000, 1.446074e-08, 1.414936e-08, 1.478186e-08, 1.444407e-08
128.300000, 1.620888e-08, 1.582007e-08, 1.633857e-08, 1.594187e-08
128.400000, 1.763292e-08, 1.719004e-08, 1.758805e-08, 1.712990e-08
128.500000, 1.874334e-08, 1.823987e-08, 1.851330e-08, 1.801316e-08
128.600000, 1.950026e-08, 1.896103e-08, 1.910776e-08, 1.856456e-08
128.700000, 1.992585e-08, 1.934569e-08, 1.936600e-08, 1.880017e-08
128.800000, 1.999236e-08, 1.939687e-08, 1.929295e-08, 1.870421e-08
128.900000, 1.973353e-08, 1.911818e-08, 1.889448e-08, 1.830354e-08
129.000000, 1.913324e-08, 1.852367e-08, 1.818637e-08, 1.759301e-08
129.100000, 1.823591e-08, 1.762750e-08, 1.718478e-08, 1.660929e-08
129.200000, 1.703582e-08, 1.645356e-08, 1.591498e-08, 1.535655e-08
129.300000, 1.558654e-08, 1.502500e-08, 1.440177e-08, 1.387961e-08
129.400000, 1.389083e-08, 1.337371e-08, 1.267802e-08, 1.219009e-08
129.500000, 1.200927e-08, 1.152977e-08, 1.077498e-08, 1.033890e-08
129.600000, 9.950790e-09, 9.530769e-09, 8.730756e-09, 8.342770e-09
129.700000, 7.780465e-09, 7.411268e-09, 6.580599e-09, 6.256265e-09
129.800000, 5.510744e-09, 5.211984e-09, 4.365215e-09, 4.098732e-09
129.900000, 3.208463e-09, 2.969312e-09, 2.121194e-09, 1.925790e-09
130.000000, 8.868305e-10, 7.244238e-10, -1.108023e-10, -2.431915e-10
130.100000, -1.388291e-09, -1.487116e-09, -2.295500e-09, -2.354085e-09
130.200000, -3.605616e-09, -3.626277e-09, -4.394835e-09, -4.389980e-09
130.300000, -5.702834e-09, -5.660818e-09, -6.377287e-09, -6.300597e-09
130.400000, -7.673016e-09, -7.556198e-09, -8.209673e-09, -8.073687e-09
130.500000, -9.459648e-09, -9.285669e-09, -9.866312e-09, -9.664831e-09
130.600000, -1.106219e-08, -1.082113e-08, -1.132077e-08, -1.106823e-08
130.700000, -1.243169e-08, -1.214305e-08, -1.255480e-08, -1.224689e-08
130.800000, -1.357552e-08, -1.323120e-08, -1.355007e-08, -1.320273e-08
130.900000, -1.445351e-08, -1.407442e-08, -1.429683e-08, -1.390717e-08
131.000000, -1.508184e-08, -1.466124e-08, -1.478556e-08, -1.437058e-08
131.100000, -1.542973e-08, -1.498941e-08, -1.501547e-08, -1.457317e-08
131.200000, -1.552241e-08, -1.505648e-08, -1.498599e-08, -1.453388e-08
131.300000, -1.533846e-08, -1.486904e-08, -1.470508e-08, -1.424155e-08
131.400000, -1.491184e-08, -1.443326e-08, -1.418067e-08, -1.372319e-08
131.500000, -1.422979e-08, -1.376397e-08, -1.342873e-08, -1.297551e-08
131.600000, -1.333408e-08, -1.287504e-08, -1.246466e-08, -1.203260e-08
131.700000, -1.221944e-08, -1.178834e-08, -1.131118e-08, -1.089781e-08
131.800000, -1.093400e-08, -1.052407e-08, -9.989693e-09, -9.610889e-09
131.900000, -9.478359e-09, -9.109517e-09, -8.528032e-09, -8.180199e-09
132.000000, -7.905220e-09, -7.569466e-09, -6.951778e-09, -6.649366e-09
132.100000, -6.219099e-09, -5.934766e-09, -5.291946e-09, -5.029910e-09
132.200000, -4.475230e-09, -4.232763e-09, -3.576299e-09, -3.367381e-09
132.300000, -2.679935e-09, -2.495818e-09, -1.836968e-09, -1.674445e-09
132.400000, -8.888428e-10, -7.517752e-10, -1.018252e-10, 3.428994e-12
132.500000, 8.920481e-10, 9.675616e-10, 1.597932e-09, 1.654414e-09
132.600000, 2.608802e-09, 2.635871e-09, 3.236317e-09, 3.235054e-09
132.700000, 4.257757e-09, 4.223855e-09, 4.784968e-09, 4.736204e-09
132.800000, 5.788569e-09, 5.708551e-09, 6.221567e-09, 6.118142e-09
132.900000, 7.201674e-09, 7.064863e-09, 7.522229e-09, 7.375985e-09
133.000000, 8.451915e-09, 8.274728e-09, 8.669770e-09, 8.475157e-09
133.100000, 9.545232e-09, 9.318602e-09, 9.646054e-09, 9.416263e-09
133.200000, 1.044284e-08, 1.018447e-08, 1.044009e-08, 1.017089e-08
133.300000, 1.115717e-08, 1.085925e-08, 1.104035e-08, 1.074593e-08
133.400000, 1.165653e-08, 1.133769e-08, 1.144263e-08, 1.111970e-08
133.500000, 1.196032e-08, 1.161364e-08, 1.164234e-08, 1.130573e-08
133.600000, 1.204421e-08, 1.168878e-08, 1.164225e-08, 1.128920e-08
133.700000, 1.193453e-08, 1.156391e-08, 1.144460e-08, 1.109012e-08
133.800000, 1.161406e-08, 1.124741e-08, 1.105873e-08, 1.070017e-08
133.900000, 1.111562e-08, 1.074649e-08, 1.049319e-08, 1.014535e-08
134.000000, 1.042839e-08, 1.007556e-08, 9.763145e-09, 9.423057e-09
134.100000, 9.590759e-09, 9.247384e-09, 8.882466e-09, 8.564311e-09
134.200000, 8.597211e-09, 8.281301e-09, 7.871027e-09, 7.571170e-09
134.300000, 7.490474e-09, 7.194416e-09, 6.746764e-09, 6.478424e-09
134.400000, 6.268960e-09, 6.009663e-09, 5.532864e-09, 5.291422e-09
134.500000, 4.978234e-09, 4.747022e-09, 4.249838e-09, 4.047290e-09
134.600000, 3.619056e-09, 3.431487e-09, 2.922631e-09, 2.753153e-09
134.700000, 2.238197e-09, 2.084324e-09, 1.572739e-09, 1.446923e-09
134.800000, 8.371046e-10, 7.309812e-10, 2.252557e-10, 1.359405e-10
134.900000, -5.378979e-10, -6.075952e-10, -1.098937e-09, -1.142641e-09
135.000000, -1.886302e-09, -1.907081e-09, -2.376146e-09, -2.382772e-09
135.100000, -3.163799e-09, -3.148366e-09, -3.587592e-09, -3.549495e-09
135.200000, -4.372308e-09, -4.309685e-09, -4.712380e-09, -4.639399e-09
135.300000, -5.470914e-09, -5.375097e-09, -5.735114e-09, -5.620961e-09
135.400000, -6.465215e-09, -6.326604e-09, -6.638855e-09, -6.494522e-09
135.500000, -7.318799e-09, -7.152498e-09, -7.412599e-09, -7.232962e-09
135.600000, -8.041891e-09, -7.839458e-09, -8.044203e-09, -7.841183e-09
135.700000, -8.603352e-09, -8.380749e-09, -8.527727e-09, -8.297105e-09
135.800000, -9.018626e-09, -8.768284e-09, -8.856316e-09, -8.610661e-09
135.900000, -9.262244e-09, -9.000680e-09, -9.029401e-09, -8.765094e-09
136.000000, -9.355079e-09, -9.075275e-09, -9.045535e-09, -8.775473e-09
136.100000, -9.277347e-09, -8.996042e-09, -8.909452e-09, -8.630294e-09
136.200000, -9.055180e-09, -8.765566e-09, -8.624873e-09, -8.349511e-09
136.300000, -8.674128e-09, -8.392822e-09, -8.201421e-09, -7.926459e-09
136.400000, -8.165053e-09, -7.885124e-09, -7.647402e-09, -7.385413e-09
136.500000, -7.518154e-09, -7.255775e-09, -6.976606e-09, -6.723831e-09
136.600000, -6.768202e-09, -6.516007e-09, -6.201069e-09, -5.969467e-09
136.700000, -5.909088e-09, -5.682522e-09, -5.337771e-09, -5.122956e-09
136.800000, -4.978427e-09, -4.769429e-09, -4.401409e-09, -4.214489e-09
136.900000, -3.972650e-09, -3.795703e-09, -3.411009e-09, -3.246757e-09
137.000000, -2.931000e-09, -2.777150e-09, -2.382725e-09, -2.251220e-09
137.100000, -1.851181e-09, -1.733788e-09, -1.336393e-09, -1.231425e-09
137.200000, -7.727809e-10, -6.818688e-10, -2.883775e-10, -2.188909e-10
137.300000, 3.065108e-10, 3.587910e-10, 7.419175e-10, 7.831839e-10
137.400000, 1.348030e-09, 1.372724e-09, 1.739129e-09, 1.744393e-09
137.500000, 2.355325e-09, 2.341497e-09, 2.685444e-09, 2.663010e-09
137.600000, 3.291814e-09, 3.251550e-09, 3.567594e-09, 3.510796e-09
137.700000, 4.163366e-09, 4.086880e-09, 4.370365e-09, 4.288470e-09
137.800000, 4.936469e-09, 4.836779e-09, 5.083494e-09, 4.970837e-09
137.900000, 5.620184e-09, 5.488518e-09, 5.695160e-09, 5.561825e-09
138.000000, 6.184816e-09, 6.034962e-09, 6.198773e-09, 6.039923e-09
138.100000, 6.643240e-09, 6.467241e-09, 6.586445e-09, 6.412783e-09
138.200000, 6.970048e-09, 6.782248e-09, 6.855655e-09, 6.662957e-09
138.300000, 7.182256e-09, 6.975279e-09, 7.002702e-09, 6.802055e-09
138.400000, 7.258921e-09, 7.047416e-09, 7.029245e-09, 6.816788e-09
138.500000, 7.221231e-09, 6.998146e-09, 6.935734e-09, 6.722689e-09
138.600000, 7.052593e-09, 6.832617e-09, 6.727836e-09, 6.510448e-09
138.700000, 6.778105e-09, 6.554244e-09, 6.409842e-09, 6.199211e-09
138.800000, 6.385131e-09, 6.171855e-09, 5.990993e-09, 5.783221e-09
138.900000, 5.902165e-09, 5.692284e-09, 5.478872e-09, 5.284698e-09
139.000000, 5.319894e-09, 5.127420e-09, 4.885638e-09, 4.700793e-09
139.100000, 4.669480e-09, 4.486802e-09, 4.221420e-09, 4.056072e-09
139.200000, 3.944114e-09, 3.784580e-09, 3.500472e-09, 3.349791e-09
139.300000, 3.176739e-09, 3.032134e-09, 2.734584e-09, 2.608002e-09
139.400000, 2.362111e-09, 2.244963e-09, 1.939175e-09, 1.831161e-09
139.500000, 1.533972e-09, 1.435332e-09, 1.126740e-09, 1.045876e-09
139.600000, 6.876449e-10, 6.191194e-10, 3.128949e-10, 2.528639e-10
139.700000, -1.433238e-10, -1.914899e-10, -4.901266e-10, -5.216498e-10
139.800000, -9.640363e-10, -9.811961e-10, -1.267457e-09, -1.277602e-09
139.900000, -1.742095e-09, -1.738820e-09, -2.008029e-09, -1.990023e-09
140.000000, -2.483933e-09, -2.450516e-09, -2.698578e-09, -2.660333e-09
140.100000, -3.159151e-09, -3.106931e-09, -3.329997e-09, -3.265580e-09
140.200000, -3.776289e-09, -3.696419e-09, -3.891337e-09, -3.809355e-09
140.300000, -4.307632e-09, -4.212116e-09, -4.376080e-09, -4.271331e-09
140.400000, -4.764421e-09, -4.645147e-09, -4.776126e-09, -4.657781e-09
140.500000, -5.122116e-09, -4.991602e-09, -5.087971e-09, -4.951407e-09
140.600000, -5.395040e-09, -5.245743e-09, -5.306688e-09, -5.161470e-09
140.700000, -5.562095e-09, -5.406869e-09, -5.431997e-09, -5.273902e-09
140.800000, -5.640838e-09, -5.472514e-09, -5.462239e-09, -5.301040e-09
140.900000, -5.613647e-09, -5.445216e-09, -5.400348e-09, -5.232021e-09
141.000000, -5.501238e-09, -5.325700e-09, -5.247809e-09, -5.082134e-09
141.100000, -5.289274e-09, -5.119551e-09, -5.010540e-09, -4.843496e-09
141.200000, -5.001338e-09, -4.830395e-09, -4.692844e-09, -4.534025e-09
141.300000, -4.625985e-09, -4.466479e-09, -4.303206e-09, -4.148407e-09
141.400000, -4.189185e-09, -4.033858e-09, -3.848248e-09, -3.706696e-09
141.500000, -3.681827e-09, -3.542894e-09, -3.338448e-09, -3.205588e-09
141.600000, -3.131640e-09, -3.001458e-09, -2.782114e-09, -2.666662e-09
141.700000, -2.531162e-09, -2.421362e-09, -2.191035e-09, -2.087954e-09
141.800000, -1.909153e-09, -1.811583e-09, -1.574486e-09, -1.491868e-09
141.900000, -1.259044e-09, -1.184646e-09, -9.448269e-10, -8.770615e-10
142.000000, -6.098544e-10, -5.498861e-10, -3.115447e-10, -2.660321e-10
142.100000, 4.487321e-11, 8.021518e-11, 3.131790e-10, 3.426685e-10
142.200000, 6.766271e-10, 6.967100e-10, 9.203806e-10, 9.271617e-10
142.300000, 1.292497e-09, 1.287880e-09, 1.498766e-09, 1.489688e-09
142.400000, 1.865190e-09, 1.845851e-09, 2.040565e-09, 2.009633e-09
142.500000, 2.403093e-09, 2.360310e-09, 2.535991e-09, 2.490631e-09
142.600000, 2.880738e-09, 2.825045e-09, 2.979029e-09, 2.913873e-09
142.700000, 3.308355e-09, 3.231669e-09, 3.361897e-09, 3.284861e-09
142.800000, 3.662768e-09, 3.576082e-09, 3.680755e-09, 3.586999e-09
142.900000, 3.956441e-09, 3.852199e-09, 3.930171e-09, 3.827985e-09
143.000000, 4.168798e-09, 4.058323e-09, 4.108739e-09, 3.993680e-09
143.100000, 4.314754e-09, 4.190875e-09, 4.213546e-09, 4.094142e-09
143.200000, 4.376458e-09, 4.250684e-09, 4.245710e-09, 4.117765e-09
143.300000, 4.371316e-09, 4.236706e-09, 4.204835e-09, 4.076963e-09
143.400000, 4.284150e-09, 4.152238e-09, 4.094475e-09, 3.962574e-09
143.500000, 4.134723e-09, 3.998637e-09, 3.916584e-09, 3.789200e-09
143.600000, 3.910310e-09, 3.781452e-09, 3.676906e-09, 3.549879e-09
143.700000, 3.632732e-09, 3.504147e-09, 3.379431e-09, 3.261090e-09
143.800000, 3.291353e-09, 3.174161e-09, 3.031709e-09, 2.917697e-09
143.900000, 2.909626e-09, 2.796651e-09, 2.639325e-09, 2.537629e-09
144.000000, 2.478519e-09, 2.380476e-09, 2.211150e-09, 2.117099e-09
144.100000, 2.022591e-09, 1.931966e-09, 1.753839e-09, 1.674971e-09
144.200000, 1.533852e-09, 1.460857e-09, 1.277030e-09, 1.208270e-09
144.300000, 1.037381e-09, 9.740828e-10, 7.878674e-10, 7.362352e-10
144.400000, 5.256291e-10, 4.816715e-10, 2.961726e-10, 2.561347e-10
144.500000, 2.359123e-11, -9.424066e-12, -1.909992e-10, -2.129808e-10
144.600000, -4.764387e-10, -4.894653e-10, -6.642203e-10, -6.741577e-10
144.700000, -9.501305e-10, -9.520430e-10, -1.117079e-09, -1.109068e-09
144.800000, -1.405904e-09, -1.388244e-09, -1.541063e-09, -1.521580e-09
144.900000, -1.820614e-09, -1.792707e-09, -1.930892e-09, -1.894559e-09
145.000000, -2.203874e-09, -2.157804e-09, -2.279413e-09, -2.233121e-09
145.100000, -2.534148e-09, -2.479634e-09, -2.582867e-09, -2.521699e-09
145.200000, -2.822616e-09, -2.752214e-09, -2.835794e-09, -2.766980e-09
145.300000, -3.049664e-09, -2.973397e-09, -3.036233e-09, -2.955228e-09
145.400000, -3.228282e-09, -3.139078e-09, -3.180624e-09, -3.094898e-09
145.500000, -3.340955e-09, -3.249036e-09, -3.268943e-09, -3.174217e-09
145.600000, -3.402592e-09, -3.301141e-09, -3.299608e-09, -3.203476e-09
145.700000, -3.397811e-09, -3.297132e-09, -3.274539e-09, -3.172869e-09
145.800000, -3.343411e-09, -3.236819e-09, -3.194070e-09, -3.094464e-09
145.900000, -3.226044e-09, -3.123796e-09, -3.061943e-09, -2.960294e-09
146.000000, -3.064233e-09, -2.959655e-09, -2.880223e-09, -2.784021e-09
146.100000, -2.846442e-09, -2.749626e-09, -2.654234e-09, -2.559284e-09
146.200000, -2.592642e-09, -2.496808e-09, -2.387482e-09, -2.301054e-09
146.300000, -2.292778e-09, -2.207746e-09, -2.086533e-09, -2.004243e-09
146.400000, -1.967898e-09, -1.886684e-09, -1.755962e-09, -1.684767e-09
146.500000, -1.609025e-09, -1.541086e-09, -1.403174e-09, -1.338417e-09
146.600000, -1.237851e-09, -1.175917e-09, -1.033378e-09, -9.816346e-10
146.700000, -8.460191e-10, -7.991222e-10, -6.543724e-10, -6.106567e-10
146.800000, -4.554010e-10, -4.159352e-10, -2.715493e-10, -2.420107e-10
146.900000, -5.778883e-11, -3.432267e-11, 1.073535e-10, 1.280627e-10
147.000000, 3.252298e-10, 3.406636e-10, 4.772094e-10, 4.833825e-10
147.100000, 7.021676e-10, 7.014733e-10, 8.307735e-10, 8.281226e-10
147.200000, 1.052156e-09, 1.043658e-09, 1.163594e-09, 1.146845e-09
147.300000, 1.384422e-09, 1.360477e-09, 1.469303e-09, 1.444507e-09
147.400000, 1.679191e-09, 1.648447e-09, 1.744470e-09, 1.706748e-09
147.500000, 1.946740e-09, 1.901964e-09, 1.983912e-09, 1.939609e-09
147.600000, 2.168683e-09, 2.118792e-09, 2.185487e-09, 2.130061e-09
147.700000, 2.356597e-09, 2.294699e-09, 2.345415e-09, 2.285434e-09
147.800000, 2.493677e-09, 2.428884e-09, 2.463010e-09, 2.394193e-09
147.900000, 2.592944e-09, 2.518623e-09, 2.536010e-09, 2.465067e-09
148.000000, 2.639268e-09, 2.564634e-09, 2.565251e-09, 2.488071e-09
148.100000, 2.647145e-09, 2.565733e-09, 2.549999e-09, 2.473345e-09
148.200000, 2.603099e-09, 2.524135e-09, 2.492571e-09, 2.412409e-09
148.300000, 2.523036e-09, 2.440123e-09, 2.393671e-09, 2.316722e-09
148.400000, 2.395011e-09, 2.317288e-09, 2.256958e-09, 2.179174e-09
148.500000, 2.236168e-09, 2.157213e-09, 2.084393e-09, 2.012363e-09
148.600000, 2.035881e-09, 1.964660e-09, 1.880755e-09, 1.810332e-09
148.700000, 1.812286e-09, 1.742265e-09, 1.649003e-09, 1.586565e-09
148.800000, 1.555789e-09, 1.495681e-09, 1.394749e-09, 1.335977e-09
148.900000, 1.285204e-09, 1.228295e-09, 1.121637e-09, 1.072634e-09
149.000000, 9.916346e-10, 9.463227e-10, 8.357774e-10, 7.919953e-10
149.100000, 6.942222e-10, 6.535598e-10, 5.411547e-10, 5.083775e-10
149.200000, 3.844054e-10, 3.564355e-10, 2.440272e-10, 2.174419e-10
149.300000, 8.128794e-11, 5.879848e-11, -5.163475e-11, -6.658974e-11
149.400000, -2.237196e-10, -2.330604e-10, -3.397741e-10, -3.481906e-10
149.500000, -5.119046e-10, -5.155823e-10, -6.167715e-10, -6.135599e-10
149.600000, -7.922251e-10, -7.829432e-10, -8.770925e-10, -8.676165e-10
149.700000, -1.046679e-09, -1.032183e-09, -1.117769e-09, -1.097270e-09
149.800000, -1.284888e-09, -1.258230e-09, -1.334062e-09, -1.308149e-09
149.900000, -1.489827e-09, -1.458979e-09, -1.523899e-09, -1.488108e-09
150.000000, -1.672014e-09, -1.630333e-09, -1.683549e-09, -1.643689e-09
150.100000, -1.815595e-09, -1.771231e-09, -1.812006e-09, -1.763854e-09
150.200000, -1.932144e-09, -1.878699e-09, -1.906681e-09, -1.856189e-09
150.300000, -2.007095e-09, -1.952831e-09, -1.967733e-09, -1.910856e-09
150.400000, -2.053151e-09, -1.991850e-09, -1.993768e-09, -1.936530e-09
150.500000, -2.057065e-09, -1.997031e-09, -1.986121e-09, -1.924586e-09
150.600000, -2.032662e-09, -1.967778e-09, -1.944568e-09, -1.884763e-09
150.700000, -1.967960e-09, -1.906498e-09, -1.871555e-09, -1.809576e-09
150.800000, -1.877817e-09, -1.813689e-09, -1.767923e-09, -1.709726e-09
150.900000, -1.751391e-09, -1.692761e-09, -1.637091e-09, -1.578737e-09
151.000000, -1.604409e-09, -1.545148e-09, -1.480795e-09, -1.428105e-09
151.100000, -1.426978e-09, -1.375077e-09, -1.303230e-09, -1.252166e-09
151.200000, -1.235478e-09, -1.184703e-09, -1.106807e-09, -1.062995e-09
151.300000, -1.020720e-09, -9.788363e-10, -8.962538e-10, -8.555077e-10
151.400000, -7.994790e-10, -7.600995e-10, -6.743983e-10, -6.421083e-10
151.500000, -5.629992e-10, -5.336206e-10, -4.462362e-10, -4.180277e-10
151.600000, -3.281705e-10, -3.022187e-10, -2.147370e-10, -1.957357e-10
151.700000, -8.638480e-11, -7.106363e-11, 1.511158e-11, 2.948779e-11
151.800000, 1.456355e-10, 1.571033e-10, 2.404685e-10, 2.453713e-10
151.900000, 3.766269e-10, 3.773379e-10, 4.566186e-10, 4.568410e-10
152.000000, 5.903000e-10, 5.872340e-10, 6.611006e-10, 6.520669e-10
152.100000, 7.957713e-10, 7.823152e-10, 8.497069e-10, 8.364089e-10
152.200000, 9.774153e-10, 9.607342e-10, 1.020572e-09, 9.986855e-10
152.300000, 1.144939e-09, 1.118684e-09, 1.170188e-09, 1.144876e-09
152.400000, 1.283564e-09, 1.255054e-09, 1.297451e-09, 1.264608e-09
152.500000, 1.403743e-09, 1.366856e-09, 1.399692e-09, 1.364612e-09
152.600000, 1.491672e-09, 1.453834e-09, 1.476679e-09, 1.435427e-09
152.700000, 1.558644e-09, 1.513909e-09, 1.526657e-09, 1.484610e-09
152.800000, 1.591888e-09, 1.547740e-09, 1.550310e-09, 1.503653e-09
152.900000, 1.603569e-09, 1.554183e-09, 1.546813e-09, 1.500952e-09
153.000000, 1.581946e-09, 1.534802e-09, 1.517751e-09, 1.468932e-09
153.100000, 1.540016e-09, 1.489352e-09, 1.463179e-09, 1.416779e-09
153.200000, 1.467001e-09, 1.420240e-09, 1.385502e-09, 1.337776e-09
153.300000, 1.376638e-09, 1.328020e-09, 1.285553e-09, 1.241794e-09
153.400000, 1.258988e-09, 1.215823e-09, 1.166432e-09, 1.122848e-09
153.500000, 1.128383e-09, 1.084863e-09, 1.029595e-09, 9.913488e-10
153.600000, 9.755516e-10, 9.388251e-10, 8.786641e-10, 8.418729e-10
153.700000, 8.152352e-10, 7.794022e-10, 7.155365e-10, 6.851904e-10
153.800000, 6.386339e-10, 6.106429e-10, 5.441556e-10, 5.162472e-10
153.900000, 4.606857e-10, 4.345119e-10, 3.666514e-10, 3.459698e-10
154.000000, 2.728431e-10, 2.552088e-10, 1.870780e-10, 1.694668e-10
154.100000, 9.002181e-11, 7.475690e-11, 7.582930e-12, -2.385799e-12
154.200000, -9.629441e-11, -1.027071e-10, -1.678804e-10, -1.745223e-10
154.300000, -2.714276e-10, -2.753104e-10, -3.373529e-10, -3.363167e-10
154.400000, -4.440708e-10, -4.391799e-10, -4.971790e-10, -4.929367e-10
154.500000, -5.999797e-10, -5.927835e-10, -6.457726e-10, -6.341842e-10
154.600000, -7.482072e-10, -7.326874e-10, -7.799451e-10, -7.656242e-10
154.700000, -8.751072e-10, -8.578594e-10, -8.986356e-10, -8.776321e-10
154.800000, -9.902381e-10, -9.654448e-10, -9.992542e-10, -9.762977e-10
154.900000, -1.080675e-09, -1.055030e-09, -1.081376e-09, -1.052675e-09
155.000000, -1.156584e-09, -1.124436e-09, -1.143096e-09, -1.113462e-09
155.100000, -1.205837e-09, -1.173939e-09, -1.184687e-09, -1.150451e-09
155.200000, -1.239258e-09, -1.202084e-09, -1.204971e-09, -1.170983e-09
155.300000, -1.245540e-09, -1.209862e-09, -1.204932e-09, -1.167600e-09
155.400000, -1.236165e-09, -1.196538e-09, -1.184103e-09, -1.148277e-09
155.500000, -1.200624e-09, -1.163790e-09, -1.144148e-09, -1.106270e-09
155.600000, -1.151008e-09, -1.111556e-09, -1.085254e-09, -1.050127e-09
155.700000, -1.077530e-09, -1.042131e-09, -1.009682e-09, -9.737398e-10
155.800000, -9.927971e-10, -9.560330e-10, -9.181799e-10, -8.861376e-10
155.900000, -8.876357e-10, -8.560640e-10, -8.134893e-10, -7.817341e-10
156.000000, -7.750407e-10, -7.431957e-10, -6.967832e-10, -6.699085e-10
156.100000, -6.463053e-10, -6.205981e-10, -5.711431e-10, -5.454570e-10
156.200000, -5.146587e-10, -4.895466e-10, -4.380140e-10, -4.179605e-10
156.300000, -3.716983e-10, -3.534196e-10, -3.006554e-10, -2.824401e-10
156.400000, -2.307190e-10, -2.136322e-10, -1.606195e-10, -1.485187e-10
156.500000, -8.344985e-11, -7.360474e-11, -2.117732e-11, -1.128045e-11
156.600000, 5.691944e-11, 6.527461e-11, 1.161771e-10, 1.197698e-10
156.700000, 1.986970e-10, 1.997065e-10, 2.483221e-10, 2.496406e-10
156.800000, 3.289605e-10, 3.284869e-10, 3.739757e-10, 3.690942e-10
156.900000, 4.562096e-10, 4.485864e-10, 4.903106e-10, 4.833722e-10
157.000000, 5.679321e-10, 5.591236e-10, 5.963902e-10, 5.836317e-10
157.100000, 6.729499e-10, 6.574642e-10, 6.898013e-10, 6.754633e-10
157.200000, 7.592753e-10, 7.431596e-10, 7.700572e-10, 7.505193e-10
157.300000, 8.361510e-10, 8.140653e-10, 8.352464e-10, 8.148236e-10
157.400000, 8.921940e-10, 8.702427e-10, 8.854022e-10, 8.605897e-10
157.500000, 9.371295e-10, 9.100950e-10, 9.191657e-10, 8.943237e-10
157.600000, 9.602205e-10, 9.342330e-10, 9.371223e-10, 9.088304e-10
157.700000, 9.716971e-10, 9.416278e-10, 9.384786e-10, 9.111093e-10
157.800000, 9.614698e-10, 9.334402e-10, 9.243657e-10, 8.945486e-10
157.900000, 9.402566e-10, 9.091911e-10, 8.945305e-10, 8.666162e-10
158.000000, 8.985785e-10, 8.705548e-10, 8.506068e-10, 8.212411e-10
158.100000, 8.475876e-10, 8.175484e-10, 7.928223e-10, 7.663008e-10
158.200000, 7.783447e-10, 7.522906e-10, 7.232387e-10, 6.961910e-10
158.300000, 7.023506e-10, 6.752103e-10, 6.424756e-10, 6.191126e-10
158.400000, 6.111066e-10, 5.887739e-10, 5.529218e-10, 5.298290e-10
158.500000, 5.163526e-10, 4.937150e-10, 4.554780e-10, 4.367566e-10
158.600000, 4.099102e-10, 3.927311e-10, 3.527412e-10, 3.349108e-10
158.700000, 3.036327e-10, 2.867373e-10, 2.457686e-10, 2.328022e-10
158.800000, 1.895307e-10, 1.785352e-10, 1.372370e-10, 1.255735e-10
158.900000, 7.943736e-11, 6.909159e-11, 2.823065e-11, 2.170406e-11
159.000000, -3.458151e-11, -3.881754e-11, -7.862245e-11, -8.366150e-11
159.100000, -1.408437e-10, -1.443008e-10, -1.823372e-10, -1.821962e-10
159.200000, -2.473561e-10, -2.447309e-10, -2.804546e-10, -2.788706e-10
159.300000, -3.427078e-10, -3.394087e-10, -3.722024e-10, -3.656197e-10
159.400000, -4.350909e-10, -4.259642e-10, -4.553958e-10, -4.476304e-10
159.500000, -5.134680e-10, -5.039893e-10, -5.295695e-10, -5.171906e-10
159.600000, -5.863079e-10, -5.714584e-10, -5.928956e-10, -5.797835e-10
159.700000, -6.430242e-10, -6.283295e-10, -6.452859e-10, -6.281165e-10
159.800000, -6.924268e-10, -6.729830e-10, -6.853251e-10, -6.680226e-10
159.900000, -7.244295e-10, -7.057900e-10, -7.133437e-10, -6.926678e-10
160.000000, -7.482181e-10, -7.255691e-10, -7.283656e-10, -7.082602e-10
160.100000, -7.542247e-10, -7.331218e-10, -7.311516e-10, -7.084346e-10
160.200000, -7.520148e-10, -7.277073e-10, -7.211615e-10, -6.997704e-10
160.300000, -7.325265e-10, -7.105449e-10, -6.995683e-10, -6.763525e-10
160.400000, -7.056785e-10, -6.813074e-10, -6.662361e-10, -6.451000e-10
160.500000, -6.628742e-10, -6.415920e-10, -6.227052e-10, -6.005034e-10
160.600000, -6.143321e-10, -5.914322e-10, -5.691865e-10, -5.497658e-10
160.700000, -5.518550e-10, -5.327390e-10, -5.075200e-10, -4.877165e-10
160.800000, -4.858859e-10, -4.658324e-10, -4.381860e-10, -4.217672e-10
160.900000, -4.085414e-10, -3.928542e-10, -3.632383e-10, -3.470020e-10
161.000000, -3.303976e-10, -3.143210e-10, -2.833350e-10, -2.709519e-10
161.100000, -2.437868e-10, -2.325105e-10, -2.006472e-10, -1.888620e-10
161.200000, -1.593162e-10, -1.480370e-10, -1.159108e-10, -1.082861e-10
161.300000, -6.942997e-11, -6.321290e-11, -3.131357e-11, -2.453186e-11
161.400000, 1.533713e-11, 2.135061e-11, 5.243107e-11, 5.492129e-11
161.500000, 1.025324e-10, 1.034056e-10, 1.332170e-10, 1.347982e-10
161.600000, 1.817923e-10, 1.824406e-10, 2.104479e-10, 2.077851e-10
161.700000, 2.607507e-10, 2.563634e-10, 2.821882e-10, 2.787257e-10
161.800000, 3.293034e-10, 3.248474e-10, 3.480412e-10, 3.405511e-10
161.900000, 3.952516e-10, 3.860344e-10, 4.063167e-10, 3.982962e-10
162.000000, 4.488222e-10, 4.398516e-10, 4.568827e-10, 4.451994e-10
162.100000, 4.980460e-10, 4.847339e-10, 4.983498e-10, 4.865405e-10
162.200000, 5.335315e-10, 5.209116e-10, 5.308961e-10, 5.159078e-10
162.300000, 5.635795e-10, 5.471509e-10, 5.534662e-10, 5.388577e-10
162.400000, 5.792080e-10, 5.640115e-10, 5.665703e-10, 5.493494e-10
162.500000, 5.890040e-10, 5.706054e-10, 5.694976e-10, 5.532253e-10
162.600000, 5.843982e-10, 5.678250e-10, 5.630887e-10, 5.448131e-10
162.700000, 5.742564e-10, 5.551194e-10, 5.469651e-10, 5.302288e-10
162.800000, 5.504024e-10, 5.336944e-10, 5.222742e-10, 5.041446e-10
162.900000, 5.219502e-10, 5.033061e-10, 4.889355e-10, 4.729169e-10
163.000000, 4.810760e-10, 4.654333e-10, 4.483604e-10, 4.315194e-10
163.100000, 4.370925e-10, 4.200903e-10, 4.007139e-10, 3.864982e-10
163.200000, 3.824696e-10, 3.689720e-10, 3.476117e-10, 3.330704e-10
163.300000, 3.266538e-10, 3.122868e-10, 2.893990e-10, 2.779073e-10
163.400000, 2.623368e-10, 2.518766e-10, 2.278245e-10, 2.164000e-10
163.500000, 1.990237e-10, 1.880702e-10, 1.633383e-10, 1.552726e-10
163.600000, 1.295488e-10, 1.227795e-10, 9.774524e-11, 9.001456e-11
163.700000, 6.339546e-11, 5.637540e-11, 3.152183e-11, 2.732707e-11
163.800000, -6.540899e-12, -9.238895e-12, -3.354965e-11, -3.727836e-11
163.900000, -7.087874e-11, -7.372796e-11, -9.704277e-11, -9.719761e-11
164.000000, -1.367393e-10, -1.352725e-10, -1.572716e-10, -1.569687e-10
164.100000, -1.949167e-10, -1.936445e-10, -2.139300e-10, -2.101521e-10
164.200000, -2.526188e-10, -2.471753e-10, -2.654931e-10, -2.613980e-10
164.300000, -3.008784e-10, -2.958058e-10, -3.118338e-10, -3.044880e-10
164.400000, -3.470470e-10, -3.380728e-10, -3.516402e-10, -3.442347e-10
164.500000, -3.824450e-10, -3.741328e-10, -3.850083e-10, -3.746826e-10
164.600000, -4.146090e-10, -4.027673e-10, -4.108751e-10, -4.008413e-10
164.700000, -4.351784e-10, -4.243794e-10, -4.295870e-10, -4.170440e-10
164.800000, -4.518978e-10, -4.380167e-10, -4.403479e-10, -4.285146e-10
164.900000, -4.567393e-10, -4.443412e-10, -4.437635e-10, -4.298830e-10
165.000000, -4.576599e-10, -4.426700e-10, -4.393049e-10, -4.265869e-10
165.100000, -4.469585e-10, -4.339187e-10, -4.278284e-10, -4.135437e-10
165.200000, -4.327908e-10, -4.176595e-10, -4.090544e-10, -3.963877e-10
165.300000, -4.077596e-10, -3.950389e-10, -3.840646e-10, -3.702983e-10
165.400000, -3.801887e-10, -3.658539e-10, -3.527956e-10, -3.410742e-10
165.500000, -3.429462e-10, -3.314446e-10, -3.165145e-10, -3.041177e-10
165.600000, -3.044797e-10, -2.917891e-10, -2.753286e-10, -2.653472e-10
165.700000, -2.578722e-10, -2.483718e-10, -2.306395e-10, -2.203379e-10
165.800000, -2.116404e-10, -2.012983e-10, -1.826704e-10, -1.750751e-10
165.900000, -1.590230e-10, -1.521402e-10, -1.328993e-10, -1.252500e-10
166.000000, -1.085448e-10, -1.010711e-10, -8.160497e-11, -7.685627e-11
166.100000, -5.353739e-11, -4.968910e-11, -3.028096e-11, -2.564208e-11
166.200000, -2.470750e-12, 1.825929e-12, 2.079958e-11, 2.244962e-11
166.300000, 5.129359e-11, 5.191000e-11, 7.018739e-11, 7.167217e-11
166.400000, 9.940096e-11, 1.004356e-10, 1.176727e-10, 1.161890e-10
166.500000, 1.485184e-10, 1.459291e-10, 1.619057e-10, 1.603082e-10
166.600000, 1.904606e-10, 1.883681e-10, 2.027909e-10, 1.983487e-10
166.700000, 2.319736e-10, 2.264176e-10, 2.391241e-10, 2.347182e-10
166.800000, 2.650861e-10, 2.602035e-10, 2.709654e-10, 2.639303e-10
166.900000, 2.966624e-10, 2.885670e-10, 2.972911e-10, 2.905261e-10
167.000000, 3.189774e-10, 3.118133e-10, 3.183456e-10, 3.092413e-10
167.100000, 3.390396e-10, 3.289841e-10, 3.333078e-10, 3.247715e-10
167.200000, 3.493886e-10, 3.405822e-10, 3.426211e-10, 3.320882e-10
167.300000, 3.571888e-10, 3.458602e-10, 3.456750e-10, 3.360491e-10
167.400000, 3.552481e-10, 3.455215e-10, 3.431130e-10, 3.318616e-10
167.500000, 3.508838e-10, 3.390263e-10, 3.345286e-10, 3.245393e-10
167.600000, 3.371617e-10, 3.272684e-10, 3.207527e-10, 3.095125e-10
167.700000, 3.215352e-10, 3.098986e-10, 3.015638e-10, 2.919318e-10
167.800000, 2.973044e-10, 2.879779e-10, 2.779549e-10, 2.674255e-10
167.900000, 2.720301e-10, 2.613194e-10, 2.498592e-10, 2.412518e-10
168.000000, 2.392120e-10, 2.311180e-10, 2.183965e-10, 2.092024e-10
168.100000, 2.064800e-10, 1.973107e-10, 1.836157e-10, 1.766048e-10
168.200000, 1.674907e-10, 1.611851e-10, 1.467210e-10, 1.393727e-10
168.300000, 1.298978e-10, 1.227581e-10, 1.078317e-10, 1.028593e-10
168.400000, 8.746704e-11, 8.336357e-11, 6.818996e-11, 6.305489e-11
168.500000, 4.782734e-11, 4.305106e-11, 2.793781e-11, 2.529227e-11
168.600000, 4.804139e-12, 3.152853e-12, -1.169205e-11, -1.440826e-11
168.700000, -3.404689e-11, -3.629631e-11, -5.058177e-11, -5.077919e-11
168.800000, -7.488860e-11, -7.401164e-11, -8.755357e-11, -8.781427e-11
168.900000, -1.102838e-10, -1.100173e-10, -1.225567e-10, -1.203528e-10
169.000000, -1.464268e-10, -1.431174e-10, -1.545084e-10, -1.524415e-10
169.100000, -1.760379e-10, -1.734331e-10, -1.834616e-10, -1.790615e-10
169.200000, -2.053787e-10, -1.998913e-10, -2.084611e-10, -2.043439e-10
169.300000, -2.273578e-10, -2.227401e-10, -2.296913e-10, -2.234382e-10
169.400000, -2.483299e-10, -2.410542e-10, -2.463474e-10, -2.405820e-10
169.500000, -2.614125e-10, -2.552280e-10, -2.587633e-10, -2.511102e-10
169.600000, -2.730691e-10, -2.644985e-10, -2.662966e-10, -2.593782e-10
169.700000, -2.766351e-10, -2.694154e-10, -2.694373e-10, -2.609124e-10
169.800000, -2.786867e-10, -2.693813e-10, -2.677072e-10, -2.601874e-10
169.900000, -2.727752e-10, -2.650991e-10, -2.617481e-10, -2.529163e-10
170.000000, -2.655824e-10, -2.561292e-10, -2.512360e-10, -2.436838e-10
170.100000, -2.508626e-10, -2.433153e-10, -2.369507e-10, -2.283750e-10
170.200000, -2.353858e-10, -2.263583e-10, -2.187034e-10, -2.116662e-10
170.300000, -2.130868e-10, -2.062209e-10, -1.973881e-10, -1.895918e-10
170.400000, -1.907980e-10, -1.827187e-10, -1.729246e-10, -1.668934e-10
170.500000, -1.626045e-10, -1.569043e-10, -1.462909e-10, -1.397248e-10
170.600000, -1.353686e-10, -1.286762e-10, -1.174825e-10, -1.128610e-10
170.700000, -1.032902e-10, -9.914254e-11, -8.752681e-11, -8.254150e-11
170.800000, -7.322487e-11, -6.824865e-11, -5.645831e-11, -5.353956e-11
170.900000, -3.944930e-11, -3.712153e-11, -2.531687e-11, -2.214402e-11
171.000000, -8.774083e-12, -5.716164e-12, 5.860857e-12, 6.909266e-12
171.100000, 2.448570e-11, 2.485861e-11, 3.605924e-11, 3.731772e-11
171.200000, 5.360136e-11, 5.467421e-11, 6.527502e-11, 6.441715e-11
171.300000, 8.425540e-11, 8.267448e-11, 9.255054e-11, 9.192401e-11
171.400000, 1.098344e-10, 1.089898e-10, 1.179475e-10, 1.152761e-10
171.500000, 1.360499e-10, 1.326466e-10, 1.405950e-10, 1.382369e-10
171.600000, 1.564315e-10, 1.538613e-10, 1.606454e-10, 1.563706e-10
171.700000, 1.767442e-10, 1.717664e-10, 1.773369e-10, 1.735093e-10
171.800000, 1.906812e-10, 1.866842e-10, 1.909306e-10, 1.853610e-10
171.900000, 2.040782e-10, 1.978691e-10, 2.007879e-10, 1.958400e-10
172.000000, 2.108039e-10, 2.057610e-10, 2.072893e-10, 2.008077e-10
172.100000, 2.167726e-10, 2.097437e-10, 2.099249e-10, 2.042660e-10
172.200000, 2.160317e-10, 2.103776e-10, 2.091959e-10, 2.022306e-10
172.300000, 2.145736e-10, 2.071750e-10, 2.047184e-10, 1.987883e-10
172.400000, 2.066191e-10, 2.008113e-10, 1.971075e-10, 1.901021e-10
172.500000, 1.982292e-10, 1.909176e-10, 1.860946e-10, 1.803332e-10
172.600000, 1.837844e-10, 1.782716e-10, 1.723941e-10, 1.657773e-10
172.700000, 1.693981e-10, 1.626065e-10, 1.558352e-10, 1.506529e-10
172.800000, 1.495901e-10, 1.447826e-10, 1.372106e-10, 1.313682e-10
172.900000, 1.305031e-10, 1.246129e-10, 1.164238e-10, 1.121760e-10
173.000000, 1.067709e-10, 1.030153e-10, 9.432109e-11, 8.957214e-11
173.100000, 8.453875e-11, 7.985620e-11, 7.085306e-11, 6.781803e-11
173.200000, 5.852536e-11, 5.608356e-11, 4.689102e-11, 4.346927e-11
173.300000, 3.484905e-11, 3.158811e-11, 2.240416e-11, 2.076806e-11
173.400000, 8.283552e-12, 7.319000e-12, -1.740044e-12, -3.698312e-12
173.500000, -1.510920e-11, -1.683744e-11, -2.558259e-11, -2.573452e-11
173.600000, -4.052997e-11, -3.995922e-11, -4.828754e-11, -4.874861e-11
173.700000, -6.200093e-11, -6.219147e-11, -6.993261e-11, -6.861762e-11
173.800000, -8.472400e-11, -8.266491e-11, -8.973820e-11, -8.876904e-11
173.900000, -1.028297e-10, -1.015798e-10, -1.078415e-10, -1.051741e-10
174.000000, -1.215436e-10, -1.181408e-10, -1.235396e-10, -1.212993e-10
174.100000, -1.351236e-10, -1.326219e-10, -1.370467e-10, -1.332269e-10
174.200000, -1.488356e-10, -1.443177e-10, -1.477512e-10, -1.444768e-10
174.300000, -1.570782e-10, -1.535888e-10, -1.559560e-10, -1.512529e-10
174.400000, -1.651677e-10, -1.598290e-10, -1.611489e-10, -1.571364e-10
174.500000, -1.676500e-10, -1.634917e-10, -1.637265e-10, -1.584574e-10
174.600000, -1.698949e-10, -1.640727e-10, -1.632776e-10, -1.588598e-10
174.700000, -1.665947e-10, -1.621177e-10, -1.602905e-10, -1.547978e-10
174.800000, -1.631698e-10, -1.572207e-10, -1.544502e-10, -1.499732e-10
174.900000, -1.544518e-10, -1.500127e-10, -1.463286e-10, -1.409559e-10
175.000000, -1.459014e-10, -1.401762e-10, -1.356957e-10, -1.314952e-10
175.100000, -1.324765e-10, -1.284149e-10, -1.231940e-10, -1.182636e-10
175.200000, -1.196631e-10, -1.144844e-10, -1.086624e-10, -1.050419e-10
175.300000, -1.025276e-10, -9.914387e-11, -9.279570e-11, -8.858765e-11
175.400000, -8.656187e-11, -8.220309e-11, -7.548254e-11, -7.269447e-11
175.500000, -6.691945e-11, -6.445633e-11, -5.744902e-11, -5.418420e-11
175.600000, -4.907628e-11, -4.574581e-11, -3.861146e-11, -3.684226e-11
175.700000, -2.824975e-11, -2.687851e-11, -1.970500e-11, -1.753290e-11
175.800000, -9.876726e-12, -7.706533e-12, -6.510271e-13, -1.152877e-14
175.900000, 1.078490e-11, 1.097292e-11, 1.782863e-11, 1.883699e-11
176.000000, 2.835994e-11, 2.931998e-11, 3.582930e-11, 3.530822e-11
176.100000, 4.757218e-11, 4.656849e-11, 5.266324e-11, 5.251692e-11
176.200000, 6.312873e-11, 6.291089e-11, 6.846204e-11, 6.682833e-11
176.300000, 7.975453e-11, 7.763065e-11, 8.258999e-11, 8.137429e-11
176.400000, 9.225623e-11, 9.096943e-11, 9.523104e-11, 9.260507e-11
176.500000, 1.053756e-10, 1.022752e-10, 1.058155e-10, 1.036832e-10
176.600000, 1.140318e-10, 1.118513e-10, 1.145914e-10, 1.111550e-10
176.700000, 1.229943e-10, 1.191205e-10, 1.210643e-10, 1.182228e-10
176.800000, 1.273026e-10, 1.244558e-10, 1.255531e-10, 1.215352e-10
176.900000, 1.317597e-10, 1.273595e-10, 1.276428e-10, 1.243382e-10
177.000000, 1.315281e-10, 1.282770e-10, 1.277247e-10, 1.233840e-10
177.100000, 1.314443e-10, 1.267901e-10, 1.254622e-10, 1.219611e-10
177.200000, 1.267910e-10, 1.234136e-10, 1.213152e-10, 1.169217e-10
177.300000, 1.224334e-10, 1.178040e-10, 1.150195e-10, 1.115910e-10
177.400000, 1.137668e-10, 1.105381e-10, 1.070958e-10, 1.029125e-10
177.500000, 1.056756e-10, 1.013373e-10, 9.734159e-11, 9.423845e-11
177.600000, 9.365531e-11, 9.082881e-11, 8.632605e-11, 8.259185e-11
177.700000, 8.259624e-11, 7.878572e-11, 7.389490e-11, 7.133815e-11
177.800000, 6.807925e-11, 6.587110e-11, 6.065058e-11, 5.756508e-11
177.900000, 5.498417e-11, 5.189376e-11, 4.647072e-11, 4.463583e-11
178.000000, 3.895970e-11, 3.753583e-11, 3.197410e-11, 2.968607e-11
178.100000, 2.485770e-11, 2.262449e-11, 1.705281e-11, 1.605993e-11
178.200000, 8.376285e-12, 7.843328e-12, 2.324355e-12, 9.238073e-13
178.300000, -5.678636e-12, -6.979740e-12, -1.232220e-11, -1.241403e-11
178.400000, -2.157754e-11, -2.117693e-11, -2.628765e-11, -2.677308e-11
178.500000, -3.457751e-11, -3.493629e-11, -3.970233e-11, -3.889663e-11
178.600000, -4.893417e-11, -4.762163e-11, -5.200069e-11, -5.160508e-11
178.700000, -5.998263e-11, -5.945165e-11, -6.334662e-11, -6.170677e-11
178.800000, -7.197766e-11, -6.983507e-11, -7.322099e-11, -7.203540e-11
178.900000, -8.034447e-11, -7.903305e-11, -8.183240e-11, -7.947498e-11
179.000000, -8.934768e-11, -8.650930e-11, -8.871746e-11, -8.688161e-11
179.100000, -9.451099e-11, -9.257570e-11, -9.413702e-11, -9.122198e-11
179.200000, -1.001157e-10, -9.675716e-11, -9.768894e-11, -9.537995e-11
179.300000, -1.017883e-10, -9.942057e-11, -9.968982e-11, -9.640805e-11
179.400000, -1.038293e-10, -1.001543e-10, -9.980019e-11, -9.721930e-11
179.500000, -1.019683e-10, -9.938040e-11, -9.839185e-11, -9.495128e-11
179.600000, -1.005233e-10, -9.674886e-11, -9.518547e-11, -9.254370e-11
179.700000, -9.532311e-11, -9.273317e-11, -9.060358e-11, -8.721462e-11
179.800000, -9.069793e-11, -8.703933e-11, -8.442075e-11, -8.192446e-11
179.900000, -8.256785e-11, -8.018501e-11, -7.710243e-11, -7.396392e-11
180.000000, -7.526661e-11, -7.192335e-11, -6.846773e-11, -6.630509e-11
180.100000, -6.479513e-11, -6.280607e-11, -5.901444e-11, -5.630085e-11
180.200000, -5.547907e-11, -5.262208e-11, -4.859449e-11, -4.692367e-11
180.300000, -4.338745e-11, -4.194485e-11, -3.772544e-11, -3.557625e-11
180.400000, -3.282465e-11, -3.058607e-11, -2.627888e-11, -2.521875e-11
180.500000, -1.991371e-11, -1.912744e-11, -1.477857e-11, -1.329036e-11
180.600000, -8.923743e-12, -7.389669e-12, -3.101972e-12, -2.725724e-12
180.700000, 3.982549e-12, 4.051025e-12, 8.234587e-12, 9.012819e-12
180.800000, 1.458511e-11, 1.537850e-11, 1.936114e-11, 1.902900e-11
180.900000, 2.669529e-11, 2.603509e-11, 2.978164e-11, 2.984987e-11
181.000000, 3.615480e-11, 3.622169e-11, 3.964573e-11, 3.862911e-11
181.100000, 4.676123e-11, 4.541078e-11, 4.848883e-11, 4.789407e-11
181.200000, 5.442884e-11, 5.383082e-11, 5.649034e-11, 5.485801e-11
181.300000, 6.295136e-11, 6.099382e-11, 6.322598e-11, 6.205724e-11
181.400000, 6.832382e-11, 6.716391e-11, 6.891242e-11, 6.677168e-11
181.500000, 7.434320e-11, 7.189922e-11, 7.317173e-11, 7.155248e-11
181.600000, 7.709050e-11, 7.550467e-11, 7.626243e-11, 7.375043e-11
181.700000, 8.036988e-11, 7.758805e-11, 7.785585e-11, 7.593441e-11
181.800000, 8.035026e-11, 7.849704e-11, 7.825369e-11, 7.552714e-11
181.900000, 8.084359e-11, 7.788944e-11, 7.717634e-11, 7.511502e-11
182.000000, 7.810542e-11, 7.615450e-11, 7.496691e-11, 7.219084e-11
182.100000, 7.595295e-11, 7.299728e-11, 7.139156e-11, 6.935535e-11
182.200000, 7.072397e-11, 6.884444e-11, 6.683016e-11, 6.416663e-11
182.300000, 6.623548e-11, 6.344277e-11, 6.108866e-11, 5.923410e-11
182.400000, 5.890050e-11, 5.724963e-11, 5.457657e-11, 5.217404e-11
182.500000, 5.252801e-11, 5.004572e-11, 4.713148e-11, 4.559662e-11
182.600000, 4.359712e-11, 4.231037e-11, 3.918352e-11, 3.716746e-11
182.700000, 3.589919e-11, 3.384864e-11, 3.059219e-11, 2.948814e-11
182.800000, 2.596889e-11, 2.515177e-11, 2.179802e-11, 2.026351e-11
182.900000, 1.756934e-11, 1.603866e-11, 1.267182e-11, 1.207639e-11
183.000000, 7.279528e-12, 7.001723e-12, 3.653810e-12, 2.660380e-12
183.100000, -1.176624e-12, -2.137044e-12, -5.384615e-12, -5.430730e-12
183.200000, -1.118687e-11, -1.089468e-11, -1.401398e-11, -1.444487e-11
183.300000, -1.907701e-11, -1.945641e-11, -2.237244e-11, -2.186694e-11
183.400000, -2.821185e-11, -2.735850e-11, -3.005083e-11, -2.993573e-11
183.500000, -3.497621e-11, -3.480260e-11, -3.720569e-11, -3.618329e-11
183.600000, -4.272083e-11, -4.135256e-11, -4.345620e-11, -4.284711e-11
183.700000, -4.789717e-11, -4.723393e-11, -4.898442e-11, -4.751309e-11
183.800000, -5.384876e-11, -5.204463e-11, -5.344387e-11, -5.242333e-11
183.900000, -5.709915e-11, -5.603947e-11, -5.704701e-11, -5.522215e-11
184.000000, -6.098921e-11, -5.885457e-11, -5.948547e-11, -5.815992e-11
184.100000, -6.211753e-11, -6.077700e-11, -6.100462e-11, -5.894164e-11
184.200000, -6.382434e-11, -6.148279e-11, -6.133540e-11, -5.982714e-11
184.300000, -6.278371e-11, -6.129175e-11, -6.075613e-11, -5.858197e-11
184.400000, -6.233463e-11, -5.991907e-11, -5.903583e-11, -5.747430e-11
184.500000, -5.922456e-11, -5.771532e-11, -5.648343e-11, -5.432771e-11
184.600000, -5.678832e-11, -5.443175e-11, -5.290255e-11, -5.141539e-11
184.700000, -5.184239e-11, -5.044559e-11, -4.862820e-11, -4.661445e-11
184.800000, -4.771233e-11, -4.553900e-11, -4.349316e-11, -4.219785e-11
184.900000, -4.127738e-11, -4.010988e-11, -3.785231e-11, -3.609002e-11
185.000000, -3.584708e-11, -3.396454e-11, -3.156060e-11, -3.055702e-11
185.100000, -2.835573e-11, -2.751426e-11, -2.498525e-11, -2.356316e-11
185.200000, -2.208898e-11, -2.058163e-11, -1.799548e-11, -1.735997e-11
185.300000, -1.402762e-11, -1.358310e-11, -1.096259e-11, -9.943546e-12
185.400000, -7.424891e-12, -6.349211e-12, -3.761653e-12, -3.542847e-12
185.500000, 7.007154e-13, 7.068353e-13, 3.240262e-12, 3.822446e-12
185.600000, 7.136838e-12, 7.754941e-12, 1.017051e-11, 9.953838e-12
185.700000, 1.483583e-11, 1.439323e-11, 1.667420e-11, 1.681587e-11
185.800000, 2.063406e-11, 2.079979e-11, 2.288867e-11, 2.224770e-11
185.900000, 2.746241e-11, 2.659136e-11, 2.847826e-11, 2.820499e-11
186.000000, 3.221276e-11, 3.196090e-11, 3.359668e-11, 3.257063e-11
186.100000, 3.780086e-11, 3.654970e-11, 3.793316e-11, 3.729693e-11
186.200000, 4.117940e-11, 4.057083e-11, 4.166269e-11, 4.031513e-11
186.300000, 4.525364e-11, 4.369446e-11, 4.450336e-11, 4.357809e-11
186.400000, 4.704055e-11, 4.615722e-11, 4.665453e-11, 4.506821e-11
186.500000, 4.943770e-11, 4.766065e-11, 4.786529e-11, 4.674106e-11
186.600000, 4.952780e-11, 4.846645e-11, 4.836051e-11, 4.663114e-11
186.700000, 5.020148e-11, 4.830807e-11, 4.792045e-11, 4.669691e-11
186.800000, 4.860670e-11, 4.747188e-11, 4.679476e-11, 4.502412e-11
186.900000, 4.762593e-11, 4.572185e-11, 4.479313e-11, 4.357251e-11
187.000000, 4.446996e-11, 4.336676e-11, 4.218745e-11, 4.047644e-11
187.100000, 4.201010e-11, 4.019800e-11, 3.881347e-11, 3.769368e-11
187.200000, 3.751585e-11, 3.654290e-11, 3.496116e-11, 3.340308e-11
187.300000, 3.384283e-11, 3.221567e-11, 3.048757e-11, 2.955587e-11
187.400000, 2.831385e-11, 2.755702e-11, 2.569541e-11, 2.437008e-11
187.500000, 2.376310e-11, 2.239828e-11, 2.045719e-11, 1.978481e-11
187.600000, 1.756034e-11, 1.708751e-11, 1.508223e-11, 1.405118e-11
187.700000, 1.251193e-11, 1.146676e-11, 9.452047e-12, 9.090046e-12
187.800000, 6.027671e-12, 5.884874e-12, 3.876044e-12, 3.179150e-12
187.900000, 8.794036e-13, 1.880471e-13, -1.761834e-12, -1.785188e-12
188.000000, -5.489907e-12, -5.280666e-12, -7.158588e-12, -7.504952e-12
188.100000, -1.034943e-11, -1.067735e-11, -1.243413e-11, -1.211437e-11
188.200000, -1.622954e-11, -1.567087e-11, -1.729786e-11, -1.730102e-11
188.300000, -2.044628e-11, -2.042539e-11, -2.187917e-11, -2.123501e-11
188.400000, -2.550900e-11, -2.462701e-11, -2.590496e-11, -2.559455e-11
188.500000, -2.878550e-11, -2.845282e-11, -2.951869e-11, -2.858993e-11
188.600000, -3.276865e-11, -3.161034e-11, -3.246872e-11, -3.189388e-11
188.700000, -3.488156e-11, -3.429315e-11, -3.491586e-11, -3.375994e-11
188.800000, -3.760371e-11, -3.623305e-11, -3.663250e-11, -3.585790e-11
188.900000, -3.841566e-11, -3.764224e-11, -3.779864e-11, -3.648618e-11
189.000000, -3.978507e-11, -3.827812e-11, -3.821177e-11, -3.731271e-11
189.100000, -3.925047e-11, -3.837212e-11, -3.807142e-11, -3.668100e-11
189.200000, -3.926769e-11, -3.770708e-11, -3.719969e-11, -3.625671e-11
189.300000, -3.743221e-11, -3.653275e-11, -3.581449e-11, -3.442718e-11
189.400000, -3.618655e-11, -3.465577e-11, -3.376069e-11, -3.285405e-11
189.500000, -3.318069e-11, -3.234192e-11, -3.127206e-11, -2.996592e-11
189.600000, -3.084095e-11, -2.941873e-11, -2.821312e-11, -2.741746e-11
189.700000, -2.686814e-11, -2.616452e-11, -2.482988e-11, -2.367489e-11
189.800000, -2.366847e-11, -2.242375e-11, -2.100238e-11, -2.038199e-11
189.900000, -1.898896e-11, -1.848293e-11, -1.698442e-11, -1.603816e-11
190.000000, -1.521096e-11, -1.419867e-11, -1.266677e-11, -1.227169e-11
190.100000, -1.012249e-11, -9.860720e-12, -8.305990e-12, -7.610244e-12
190.200000, -6.074866e-12, -5.332751e-12, -3.798485e-12, -3.661744e-12
190.300000, -8.916297e-13, -9.025554e-13, 6.015867e-13, 1.023011e-12
190.400000, 3.111146e-12, 3.564365e-12, 4.997343e-12, 4.861337e-12
190.500000, 8.079788e-12, 7.787236e-12, 9.141992e-12, 9.284189e-12
190.600000, 1.173842e-11, 1.190362e-11, 1.314296e-11, 1.273868e-11
190.700000, 1.620814e-11, 1.564440e-11, 1.676532e-11, 1.664192e-11
190.800000, 1.925763e-11, 1.915452e-11, 2.012495e-11, 1.947474e-11
190.900000, 2.298691e-11, 2.218041e-11, 2.300247e-11, 2.264408e-11
191.000000, 2.521269e-11, 2.487784e-11, 2.552549e-11, 2.466750e-11
191.100000, 2.801713e-11, 2.701172e-11, 2.749293e-11, 2.694447e-11
191.200000, 2.926734e-11, 2.875111e-11, 2.904630e-11, 2.803132e-11
191.300000, 3.102964e-11, 2.988118e-11, 3.000440e-11, 2.932163e-11
191.400000, 3.122277e-11, 3.058549e-11, 3.052367e-11, 2.941136e-11
191.500000, 3.189799e-11, 3.067015e-11, 3.044320e-11, 2.968864e-11
191.600000, 3.102562e-11, 3.033325e-11, 2.993422e-11, 2.878880e-11
191.700000, 3.064146e-11, 2.940127e-11, 2.885533e-11, 2.809385e-11
191.800000, 2.876618e-11, 2.808571e-11, 2.739123e-11, 2.627710e-11
191.900000, 2.741850e-11, 2.623173e-11, 2.541823e-11, 2.471270e-11
192.000000, 2.466714e-11, 2.406212e-11, 2.313217e-11, 2.210959e-11
192.100000, 2.251120e-11, 2.143808e-11, 2.042429e-11, 1.983147e-11
192.200000, 1.906422e-11, 1.859064e-11, 1.749850e-11, 1.661980e-11
192.300000, 1.630233e-11, 1.539369e-11, 1.425752e-11, 1.382450e-11
192.400000, 1.238001e-11, 1.208287e-11, 1.090960e-11, 1.021591e-11
192.500000, 9.246550e-12, 8.540825e-12, 7.365023e-12, 7.126466e-12
192.600000, 5.093136e-12, 5.003807e-12, 3.832381e-12, 3.351375e-12
192.700000, 1.838062e-12, 1.359133e-12, 2.254511e-13, 2.017167e-13
192.800000, -2.295118e-12, -2.160468e-12, -3.250903e-12, -3.506429e-12
192.900000, -5.423193e-12, -5.667081e-12, -6.683410e-12, -6.487127e-12
193.000000, -9.294428e-12, -8.935416e-12, -9.874760e-12, -9.907210e-12
193.100000, -1.206447e-11, -1.208072e-11, -1.291583e-11, -1.250933e-11
193.200000, -1.545714e-11, -1.488865e-11, -1.562024e-11, -1.544654e-11
193.300000, -1.767018e-11, -1.748083e-11, -1.808609e-11, -1.749298e-11
193.400000, -2.040604e-11, -1.965672e-11, -2.014062e-11, -1.979061e-11
193.500000, -2.190703e-11, -2.154681e-11, -2.189147e-11, -2.114718e-11
193.600000, -2.385651e-11, -2.296641e-11, -2.318139e-11, -2.269544e-11
193.700000, -2.454295e-11, -2.405652e-11, -2.412904e-11, -2.327805e-11
193.800000, -2.563192e-11, -2.464944e-11, -2.459363e-11, -2.401956e-11
193.900000, -2.545867e-11, -2.489737e-11, -2.470534e-11, -2.379795e-11
194.000000, -2.567133e-11, -2.464978e-11, -2.433990e-11, -2.372963e-11
194.100000, -2.465161e-11, -2.406980e-11, -2.363860e-11, -2.272741e-11
194.200000, -2.402954e-11, -2.302338e-11, -2.249280e-11, -2.189876e-11
194.300000, -2.223202e-11, -2.168341e-11, -2.105364e-11, -2.019000e-11
194.400000, -2.086949e-11, -1.993072e-11, -1.922642e-11, -1.869806e-11
194.500000, -1.841194e-11, -1.794603e-11, -1.717005e-11, -1.640069e-11
194.600000, -1.644797e-11, -1.562273e-11, -1.480144e-11, -1.438207e-11
194.700000, -1.348791e-11, -1.314683e-11, -1.228466e-11, -1.164874e-11
194.800000, -1.109572e-11, -1.042144e-11, -9.545298e-12, -9.269399e-12
194.900000, -7.818836e-12, -7.634809e-12, -6.749573e-12, -6.276372e-12
195.000000, -5.193410e-12, -4.696596e-12, -3.828612e-12, -3.719865e-12
195.100000, -1.800542e-12, -1.794039e-12, -9.475253e-13, -6.547832e-13
195.200000, 8.547467e-13, 1.159950e-12, 1.960283e-12, 1.890241e-12
195.300000, 4.161168e-12, 3.982414e-12, 4.734004e-12, 4.840888e-12
195.400000, 6.648052e-12, 6.760406e-12, 7.441088e-12, 7.193054e-12
195.500000, 9.677201e-12, 9.318316e-12, 9.928004e-12, 9.855948e-12
195.600000, 1.181521e-11, 1.174608e-11, 1.226587e-11, 1.185264e-11
195.700000, 1.439987e-11, 1.387811e-11, 1.431099e-11, 1.407840e-11
195.800000, 1.603747e-11, 1.580967e-11, 1.614046e-11, 1.558562e-11
195.900000, 1.804410e-11, 1.738734e-11, 1.762244e-11, 1.725765e-11
196.000000, 1.906757e-11, 1.871353e-11, 1.884171e-11, 1.817776e-11
196.100000, 2.040388e-11, 1.964846e-11, 1.967960e-11, 1.921869e-11
196.200000, 2.074347e-11, 2.030281e-11, 2.022955e-11, 1.949548e-11
196.300000, 2.136312e-11, 2.055116e-11, 2.038668e-11, 1.987089e-11
196.400000, 2.099617e-11, 2.051284e-11, 2.025334e-11, 1.949187e-11
196.500000, 2.090029e-11, 2.007677e-11, 1.973828e-11, 1.921112e-11
196.600000, 1.985124e-11, 1.937052e-11, 1.895225e-11, 1.820692e-11
196.700000, 1.908691e-11, 1.829658e-11, 1.781681e-11, 1.732114e-11
196.800000, 1.742427e-11, 1.698969e-11, 1.644994e-11, 1.576219e-11
196.900000, 1.608006e-11, 1.536448e-11, 1.478449e-11, 1.435970e-11
197.000000, 1.391063e-11, 1.356116e-11, 1.294393e-11, 1.235044e-11
197.100000, 1.210965e-11, 1.150453e-11, 1.087041e-11, 1.054993e-11
197.200000, 9.570510e-12, 9.338085e-12, 8.690681e-12, 8.221069e-12
197.300000, 7.461430e-12, 6.994426e-12, 6.353793e-12, 6.163021e-12
197.400000, 4.710186e-12, 4.617811e-12, 3.987299e-12, 3.662370e-12
197.500000, 2.456936e-12, 2.146019e-12, 1.544566e-12, 1.499453e-12
197.600000, -3.390138e-13, -2.785767e-13, -8.486792e-13, -1.018069e-12
197.700000, -2.568250e-12, -2.715717e-12, -3.237385e-12, -3.131158e-12
197.800000, -5.242760e-12, -5.027559e-12, -5.500226e-12, -5.513629e-12
197.900000, -7.286465e-12, -7.273947e-12, -7.682972e-12, -7.430097e-12
198.000000, -9.685281e-12, -9.324026e-12, -9.671069e-12, -9.538201e-12
198.100000, -1.139878e-11, -1.124007e-11, -1.151333e-11, -1.112830e-11
198.200000, -1.338912e-11, -1.290033e-11, -1.310400e-11, -1.284385e-11
198.300000, -1.465341e-11, -1.437143e-11, -1.449676e-11, -1.400264e-11
198.400000, -1.613185e-11, -1.554240e-11, -1.559619e-11, -1.523552e-11
198.500000, -1.686051e-11, -1.648562e-11, -1.646213e-11, -1.588887e-11
198.600000, -1.775887e-11, -1.710199e-11, -1.701053e-11, -1.658195e-11
198.700000, -1.790273e-11, -1.747049e-11, -1.730813e-11, -1.669039e-11
198.800000, -1.819147e-11, -1.750440e-11, -1.728264e-11, -1.682230e-11
198.900000, -1.774076e-11, -1.728948e-11, -1.700780e-11, -1.638258e-11
199.000000, -1.742988e-11, -1.675129e-11, -1.642291e-11, -1.596804e-11
199.100000, -1.641387e-11, -1.598199e-11, -1.560824e-11, -1.501236e-11
199.200000, -1.555125e-11, -1.491869e-11, -1.451391e-11, -1.410036e-11
199.300000, -1.403537e-11, -1.365895e-11, -1.322572e-11, -1.269342e-11
199.400000, -1.270280e-11, -1.215019e-11, -1.170329e-11, -1.136318e-11
199.500000, -1.078360e-11, -1.049392e-11, -1.003648e-11, -9.597230e-12
199.600000, -9.090704e-12, -8.646185e-12, -8.192748e-12, -7.952450e-12
199.700000, -6.888902e-12, -6.710568e-12, -6.264128e-12, -5.940777e-12
199.800000, -4.965534e-12, -4.649723e-12, -4.223940e-12, -4.102462e-12
199.900000, -2.617816e-12, -2.567208e-12, -2.164311e-12, -1.971721e-12
200.000000, -6.052885e-13, -4.300697e-13, -6.224809e-14, -7.013386e-14
200.100000, 1.744782e-12, 1.660400e-12, 1.992202e-12, 2.047965e-12
200.200000, 3.702920e-12, 3.735015e-12, 4.020541e-12, 3.881733e-12
200.300000, 5.914181e-12, 5.696967e-12, 5.936949e-12, 5.858843e-12
200.400000, 7.681317e-12, 7.577096e-12, 7.763526e-12, 7.501149e-12
200.500000, 9.623920e-12, 9.285132e-12, 9.420651e-12, 9.220288e-12
200.600000, 1.107891e-11, 1.085389e-11, 1.093288e-11, 1.056255e-11
200.700000, 1.264232e-11, 1.220140e-11, 1.222848e-11, 1.192521e-11
200.800000, 1.368683e-11, 1.336406e-11, 1.333598e-11, 1.288039e-11
200.900000, 1.478645e-11, 1.426961e-11, 1.419285e-11, 1.381233e-11
201.000000, 1.535077e-11, 1.495918e-11, 1.483267e-11, 1.431999e-11
201.100000, 1.593280e-11, 1.537112e-11, 1.520296e-11, 1.477540e-11
201.200000, 1.597966e-11, 1.555202e-11, 1.534298e-11, 1.480488e-11
201.300000, 1.602389e-11, 1.545125e-11, 1.521064e-11, 1.476868e-11
201.400000, 1.555026e-11, 1.512098e-11, 1.485099e-11, 1.432053e-11
201.500000, 1.507079e-11, 1.452150e-11, 1.423216e-11, 1.380874e-11
201.600000, 1.410742e-11, 1.371021e-11, 1.340460e-11, 1.291402e-11
201.700000, 1.315111e-11, 1.265770e-11, 1.234603e-11, 1.197219e-11
201.800000, 1.176005e-11, 1.142573e-11, 1.111141e-11, 1.069003e-11
201.900000, 1.040306e-11, 9.994099e-12, 9.686964e-12, 9.389852e-12
202.000000, 8.673182e-12, 8.427667e-12, 8.130922e-12, 7.803241e-12
202.100000, 7.015658e-12, 6.713951e-12, 6.436548e-12, 6.237660e-12
202.200000, 5.056663e-12, 4.919307e-12, 4.663740e-12, 4.447901e-12
202.300000, 3.216092e-12, 3.037213e-12, 2.811093e-12, 2.724956e-12
202.400000, 1.151251e-12, 1.133654e-12, 9.383660e-13, 8.450400e-13
202.500000, -7.452294e-13, -7.938634e-13, -9.523975e-13, -9.190956e-13
202.600000, -2.787022e-12, -2.681692e-12, -2.803480e-12, -2.771703e-12
202.700000, -4.610760e-12, -4.530291e-12, -4.611319e-12, -4.460080e-12
202.800000, -6.503198e-12, -6.280315e-12, -6.322134e-12, -6.170823e-12
202.900000, -8.132154e-12, -7.932113e-12, -7.932691e-12, -7.673017e-12
203.000000, -9.759442e-12, -9.432480e-12, -9.394913e-12, -9.137345e-12
203.100000, -1.108580e-11, -1.078339e-11, -1.070757e-11, -1.035625e-11
203.200000, -1.234984e-11, -1.193939e-11, -1.182980e-11, -1.148601e-11
203.300000, -1.328665e-11, -1.290553e-11, -1.276377e-11, -1.234371e-11
203.400000, -1.411300e-11, -1.364535e-11, -1.347706e-11, -1.307246e-11
203.500000, -1.459942e-11, -1.416808e-11, -1.397624e-11, -1.351490e-11
203.600000, -1.494180e-11, -1.444713e-11, -1.423814e-11, -1.380179e-11
203.700000, -1.494669e-11, -1.449653e-11, -1.427434e-11, -1.380189e-11
203.800000, -1.478960e-11, -1.429996e-11, -1.407130e-11, -1.363399e-11
203.900000, -1.431325e-11, -1.387646e-11, -1.364578e-11, -1.319308e-11
204.000000, -1.367274e-11, -1.321988e-11, -1.299376e-11, -1.258595e-11
204.100000, -1.274656e-11, -1.235397e-11, -1.213687e-11, -1.173346e-11
204.200000, -1.166894e-11, -1.128225e-11, -1.108011e-11, -1.072995e-11
204.300000, -1.035334e-11, -1.003240e-11, -9.849254e-12, -9.521400e-12
204.400000, -8.912122e-12, -8.616643e-12, -8.457358e-12, -8.188806e-12
204.500000, -7.292463e-12, -7.065454e-12, -6.933208e-12, -6.702177e-12
204.600000, -5.583580e-12, -5.398391e-12, -5.296636e-12, -5.127947e-12
204.700000, -3.764732e-12, -3.647256e-12, -3.578013e-12, -3.458710e-12
204.800000, -1.900368e-12, -1.837327e-12, -1.802370e-12, -1.744885e-12
