x, 11, 12, 21, 22
0.100000, -5.400310e-02, -5.502652e-02, -4.738862e-02, -4.801473e-02
0.200000, -5.344775e-02, -5.459465e-02, -4.695349e-02, -4.749393e-02
0.300000, -5.270197e-02, -5.384651e-02, -4.624312e-02, -4.679469e-02
0.400000, -5.167863e-02, -5.283351e-02, -4.528689e-02, -4.582943e-02
0.500000, -5.041979e-02, -5.157690e-02, -4.409149e-02, -4.463805e-02
0.600000, -4.893607e-02, -5.009003e-02, -4.268001e-02, -4.322482e-02
0.700000, -4.725860e-02, -4.841708e-02, -4.108370e-02, -4.164137e-02
0.800000, -4.540850e-02, -4.657106e-02, -3.933343e-02, -3.989740e-02
0.900000, -4.342960e-02, -4.458679e-02, -3.746407e-02, -3.803714e-02
1.000000, -4.134588e-02, -4.248939e-02, -3.550484e-02, -3.608305e-02
1.100000, -3.919756e-02, -4.031788e-02, -3.348687e-02, -3.407697e-02
1.200000, -3.700186e-02, -3.810629e-02, -3.143289e-02, -3.203015e-02
1.300000, -3.479106e-02, -3.587223e-02, -2.937595e-02, -2.997658e-02
1.400000, -3.258714e-02, -3.364370e-02, -2.734111e-02, -2.793969e-02
1.500000, -3.042056e-02, -3.145252e-02, -2.535118e-02, -2.594592e-02
1.600000, -2.831056e-02, -2.931152e-02, -2.342497e-02, -2.401179e-02
1.700000, -2.627008e-02, -2.724146e-02, -2.157473e-02, -2.215348e-02
1.800000, -2.431624e-02, -2.525665e-02, -1.981559e-02, -2.038640e-02
1.900000, -2.245989e-02, -2.336919e-02, -1.815884e-02, -1.872160e-02
2.000000, -2.070788e-02, -2.158919e-02, -1.660799e-02, -1.716110e-02
2.100000, -1.906636e-02, -1.991812e-02, -1.516926e-02, -1.571078e-02
2.200000, -1.753803e-02, -1.836260e-02, -1.384343e-02, -1.437314e-02
2.300000, -1.612734e-02, -1.692480e-02, -1.262810e-02, -1.314910e-02
2.400000, -1.483257e-02, -1.559921e-02, -1.152372e-02, -1.203434e-02
2.500000, -1.364737e-02, -1.438687e-02, -1.052600e-02, -1.102587e-02
2.600000, -1.257228e-02, -1.328433e-02, -9.628379e-03, -1.011875e-02
2.700000, -1.160035e-02, -1.228608e-02, -8.825062e-03, -9.307280e-03
2.800000, -1.072555e-02, -1.138643e-02, -8.112098e-03, -8.583250e-03
2.900000, -9.943560e-03, -1.057954e-02, -7.481845e-03, -7.943401e-03
3.000000, -9.247403e-03, -9.860664e-03, -6.927756e-03, -7.378644e-03
3.100000, -8.632053e-03, -9.220972e-03, -6.442917e-03, -6.883217e-03
3.200000, -8.089118e-03, -8.655014e-03, -6.020658e-03, -6.450311e-03
3.300000, -7.612076e-03, -8.157350e-03, -5.654911e-03, -6.074831e-03
3.400000, -7.196722e-03, -7.721513e-03, -5.340294e-03, -5.749962e-03
3.500000, -6.837574e-03, -7.341939e-03, -5.071703e-03, -5.470882e-03
3.600000, -6.527618e-03, -7.012817e-03, -4.842135e-03, -5.232611e-03
3.700000, -6.262899e-03, -6.729512e-03, -4.647940e-03, -5.030480e-03
3.800000, -6.038108e-03, -6.487408e-03, -4.486638e-03, -4.860903e-03
3.900000, -5.850968e-03, -6.282137e-03, -4.355520e-03, -4.719015e-03
4.000000, -5.697757e-03, -6.109991e-03, -4.251244e-03, -4.602965e-03
4.100000, -5.575293e-03, -5.968755e-03, -4.171074e-03, -4.510403e-03
4.200000, -5.481278e-03, -5.854411e-03, -4.112304e-03, -4.439241e-03
4.300000, -5.411534e-03, -5.764378e-03, -4.073776e-03, -4.387067e-03
4.400000, -5.364013e-03, -5.696541e-03, -4.052075e-03, -4.353474e-03
4.500000, -5.336411e-03, -5.648605e-03, -4.046516e-03, -4.334640e-03
4.600000, -5.325744e-03, -5.618489e-03, -4.054310e-03, -4.328345e-03
4.700000, -5.329702e-03, -5.603418e-03, -4.073575e-03, -4.333854e-03
4.800000, -5.345392e-03, -5.601963e-03, -4.102014e-03, -4.348872e-03
4.900000, -5.371378e-03, -5.611466e-03, -4.138324e-03, -4.371584e-03
5.000000, -5.406386e-03, -5.629399e-03, -4.180563e-03, -4.401024e-03
5.100000, -5.446886e-03, -5.653463e-03, -4.226384e-03, -4.435017e-03
5.200000, -5.490123e-03, -5.682885e-03, -4.273096e-03, -4.470656e-03
5.300000, -5.532456e-03, -5.713531e-03, -4.318294e-03, -4.506062e-03
5.400000, -5.572348e-03, -5.743035e-03, -4.359125e-03, -4.538899e-03
5.500000, -5.606536e-03, -5.767524e-03, -4.393215e-03, -4.565591e-03
5.600000, -5.630738e-03, -5.783976e-03, -4.417454e-03, -4.583275e-03
5.700000, -5.642846e-03, -5.788614e-03, -4.428779e-03, -4.588877e-03
5.800000, -5.639360e-03, -5.778615e-03, -4.425142e-03, -4.579200e-03
5.900000, -5.615857e-03, -5.750534e-03, -4.402419e-03, -4.551139e-03
6.000000, -5.570509e-03, -5.701168e-03, -4.358286e-03, -4.502385e-03
6.100000, -5.500407e-03, -5.627423e-03, -4.289968e-03, -4.429592e-03
6.200000, -5.402070e-03, -5.527135e-03, -4.195715e-03, -4.331507e-03
6.300000, -5.273986e-03, -5.397716e-03, -4.073792e-03, -4.205946e-03
6.400000, -5.114392e-03, -5.237428e-03, -3.923372e-03, -4.052081e-03
6.500000, -4.923724e-03, -5.046364e-03, -3.744385e-03, -3.869225e-03
6.600000, -4.701713e-03, -4.823797e-03, -3.536975e-03, -3.658017e-03
6.700000, -4.449628e-03, -4.571124e-03, -3.302529e-03, -3.420037e-03
6.800000, -4.169544e-03, -4.290358e-03, -3.043118e-03, -3.157124e-03
6.900000, -3.863794e-03, -3.983913e-03, -2.763330e-03, -2.872610e-03
7.000000, -3.536366e-03, -3.655451e-03, -2.466056e-03, -2.570095e-03
7.100000, -3.191966e-03, -3.309401e-03, -2.155844e-03, -2.254063e-03
7.200000, -2.835285e-03, -2.950269e-03, -1.838158e-03, -1.929756e-03
7.300000, -2.471702e-03, -2.583166e-03, -1.518359e-03, -1.603008e-03
7.400000, -2.106517e-03, -2.213326e-03, -1.201467e-03, -1.278522e-03
7.500000, -1.745651e-03, -1.846396e-03, -8.930586e-04, -9.617756e-04
7.600000, -1.393627e-03, -1.487102e-03, -5.984720e-04, -6.568853e-04
7.700000, -1.055889e-03, -1.140476e-03, -3.221102e-04, -3.694957e-04
7.800000, -7.365094e-04, -8.112430e-04, -6.788231e-05, -1.035337e-04
7.900000, -4.392054e-04, -5.035884e-04, 1.607704e-04, 1.375882e-04
8.000000, -1.680017e-04, -2.207901e-04, 3.610034e-04, 3.508231e-04
8.100000, 7.446617e-05, 3.437722e-05, 5.312793e-04, 5.341148e-04
8.200000, 2.866545e-04, 2.595915e-04, 6.705263e-04, 6.863842e-04
8.300000, 4.674709e-04, 4.535555e-04, 7.786118e-04, 8.072795e-04
8.400000, 6.164212e-04, 6.160399e-04, 8.557061e-04, 8.970912e-04
8.500000, 7.341792e-04, 7.474010e-04, 9.035458e-04, 9.570041e-04
8.600000, 8.215965e-04, 8.480898e-04, 9.237852e-04, 9.888030e-04
8.700000, 8.799445e-04, 9.202542e-04, 9.188099e-04, 9.945439e-04
8.800000, 9.119312e-04, 9.651722e-04, 8.910848e-04, 9.767525e-04
8.900000, 9.197468e-04, 9.848414e-04, 8.440499e-04, 9.385491e-04
9.000000, 9.056278e-04, 9.822105e-04, 7.806046e-04, 8.828169e-04
9.100000, 8.729318e-04, 9.600624e-04, 7.037974e-04, 8.127404e-04
9.200000, 8.245222e-04, 9.212779e-04, 6.170494e-04, 7.316043e-04
9.300000, 7.631535e-04, 8.684035e-04, 5.229396e-04, 6.418965e-04
9.400000, 6.914781e-04, 8.044446e-04, 4.244446e-04, 5.463601e-04
9.500000, 6.125621e-04, 7.320580e-04, 3.238544e-04, 4.479565e-04
9.600000, 5.283732e-04, 6.530978e-04, 2.240990e-04, 3.488832e-04
9.700000, 4.415444e-04, 5.699793e-04, 1.269829e-04, 2.515484e-04
9.800000, 3.544400e-04, 4.852926e-04, 3.411060e-05, 1.574415e-04
9.900000, 2.687834e-04, 4.005358e-04, -5.294783e-05, 6.828159e-05
10.000000, 1.853738e-04, 3.177101e-04, -1.332327e-04, -1.495983e-05
10.100000, 1.059495e-04, 2.380813e-04, -2.060505e-04, -9.141198e-05
10.200000, 3.154012e-05, 1.630280e-04, -2.712364e-04, -1.600134e-04
10.300000, -3.764270e-05, 9.329446e-05, -3.281997e-04, -2.206804e-04
10.400000, -1.000008e-04, 2.926098e-05, -3.768728e-04, -2.732091e-04
10.500000, -1.558450e-04, -2.804957e-05, -4.176886e-04, -3.176905e-04
10.600000, -2.047548e-04, -7.886078e-05, -4.507977e-04, -3.542661e-04
10.700000, -2.463736e-04, -1.229821e-04, -4.764564e-04, -3.834690e-04
10.800000, -2.811553e-04, -1.602157e-04, -4.950217e-04, -4.056651e-04
10.900000, -3.090674e-04, -1.909895e-04, -5.069427e-04, -4.215990e-04
11.000000, -3.299353e-04, -2.154209e-04, -5.127949e-04, -4.316074e-04
11.100000, -3.443608e-04, -2.339317e-04, -5.126868e-04, -4.358542e-04
11.200000, -3.525659e-04, -2.466830e-04, -5.074998e-04, -4.351110e-04
11.300000, -3.552625e-04, -2.539786e-04, -4.976152e-04, -4.296509e-04
11.400000, -3.526934e-04, -2.568472e-04, -4.835638e-04, -4.201238e-04
11.500000, -3.457431e-04, -2.553642e-04, -4.657394e-04, -4.073899e-04
11.600000, -3.347209e-04, -2.499885e-04, -4.445903e-04, -3.915661e-04
11.700000, -3.197507e-04, -2.413252e-04, -4.208034e-04, -3.732824e-04
11.800000, -3.018589e-04, -2.295930e-04, -3.945519e-04, -3.530242e-04
11.900000, -2.810036e-04, -2.153921e-04, -3.665539e-04, -3.308947e-04
12.000000, -2.579431e-04, -1.994806e-04, -3.374673e-04, -3.079174e-04
12.100000, -2.332602e-04, -1.816698e-04, -3.076317e-04, -2.836984e-04
12.200000, -2.076168e-04, -1.626114e-04, -2.776250e-04, -2.594375e-04
12.300000, -1.813967e-04, -1.426585e-04, -2.477358e-04, -2.351367e-04
12.400000, -1.552030e-04, -1.227213e-04, -2.184178e-04, -2.113301e-04
12.500000, -1.289933e-04, -1.030418e-04, -1.900652e-04, -1.881490e-04
12.600000, -1.032311e-04, -8.347475e-05, -1.629219e-04, -1.657645e-04
12.700000, -7.862576e-05, -6.493905e-05, -1.374494e-04, -1.444872e-04
12.800000, -5.529597e-05, -4.754072e-05, -1.137050e-04, -1.245016e-04
12.900000, -3.356168e-05, -3.096732e-05, -9.190856e-05, -1.061494e-04
13.000000, -1.360681e-05, -1.584134e-05, -7.206833e-05, -8.967445e-05
13.100000, 4.118625e-06, -2.427157e-06, -5.404647e-05, -7.494390e-05
13.200000, 2.002212e-05, 9.077655e-06, -3.793811e-05, -6.185643e-05
13.300000, 3.417208e-05, 1.887660e-05, -2.372858e-05, -5.025640e-05
13.400000, 4.639056e-05, 2.682164e-05, -1.148308e-05, -4.031158e-05
13.500000, 5.669784e-05, 3.294299e-05, -1.073593e-06, -3.235202e-05
13.600000, 6.537448e-05, 3.765737e-05, 7.465006e-06, -2.599461e-05
13.700000, 7.181022e-05, 4.079116e-05, 1.433783e-05, -2.133693e-05
13.800000, 7.646020e-05, 4.209286e-05, 1.962341e-05, -1.840061e-05
13.900000, 7.972285e-05, 4.222500e-05, 2.300342e-05, -1.658338e-05
14.000000, 8.166356e-05, 4.129429e-05, 2.488783e-05, -1.615033e-05
14.100000, 8.288717e-05, 3.977030e-05, 2.547411e-05, -1.669944e-05
14.200000, 8.294739e-05, 3.761632e-05, 2.472477e-05, -1.813469e-05
14.300000, 8.193307e-05, 3.486019e-05, 2.295283e-05, -2.014319e-05
14.400000, 8.033001e-05, 3.200916e-05, 2.018417e-05, -2.288172e-05
14.500000, 7.832036e-05, 2.900946e-05, 1.671707e-05, -2.590323e-05
14.600000, 7.572981e-05, 2.569816e-05, 1.251452e-05, -2.935165e-05
14.700000, 7.280634e-05, 2.278853e-05, 7.877527e-06, -3.282344e-05
14.800000, 6.964016e-05, 2.002790e-05, 2.876183e-06, -3.640156e-05
14.900000, 6.625290e-05, 1.756141e-05, -2.327169e-06, -4.005833e-05
15.000000, 6.257607e-05, 1.525163e-05, -7.765393e-06, -4.365491e-05
15.100000, 5.907023e-05, 1.338180e-05, -1.314840e-05, -4.689961e-05
15.200000, 5.576284e-05, 1.198878e-05, -1.839370e-05, -4.970863e-05
15.300000, 5.270496e-05, 1.083543e-05, -2.329108e-05, -5.227862e-05
15.400000, 5.000529e-05, 9.984557e-06, -2.805506e-05, -5.445827e-05
15.500000, 4.766897e-05, 9.854559e-06, -3.232444e-05, -5.642292e-05
15.600000, 4.582926e-05, 1.000186e-05, -3.598299e-05, -5.793394e-05
15.700000, 4.398917e-05, 1.028362e-05, -3.929326e-05, -5.924415e-05
15.800000, 4.220812e-05, 1.074729e-05, -4.219421e-05, -6.016300e-05
15.900000, 4.093540e-05, 1.139536e-05, -4.459948e-05, -6.077469e-05
16.000000, 3.985314e-05, 1.219287e-05, -4.648944e-05, -6.090681e-05
16.100000, 3.867679e-05, 1.271169e-05, -4.794830e-05, -6.095214e-05
16.200000, 3.761677e-05, 1.330376e-05, -4.883095e-05, -6.063722e-05
16.300000, 3.624699e-05, 1.379066e-05, -4.934862e-05, -6.033110e-05
16.400000, 3.518991e-05, 1.413130e-05, -4.952252e-05, -5.987030e-05
16.500000, 3.409412e-05, 1.415306e-05, -4.921655e-05, -5.918578e-05
16.600000, 3.284166e-05, 1.426222e-05, -4.846770e-05, -5.836799e-05
16.700000, 3.178210e-05, 1.433157e-05, -4.752658e-05, -5.731113e-05
16.800000, 3.071343e-05, 1.440551e-05, -4.630451e-05, -5.611326e-05
16.900000, 2.959326e-05, 1.452091e-05, -4.508250e-05, -5.472698e-05
17.000000, 2.863926e-05, 1.474169e-05, -4.385972e-05, -5.309582e-05
17.100000, 2.790385e-05, 1.493197e-05, -4.242615e-05, -5.118628e-05
17.200000, 2.699823e-05, 1.512995e-05, -4.087921e-05, -4.930246e-05
17.300000, 2.601660e-05, 1.537380e-05, -3.922599e-05, -4.740280e-05
17.400000, 2.529779e-05, 1.559196e-05, -3.748665e-05, -4.515643e-05
17.500000, 2.497867e-05, 1.599024e-05, -3.560567e-05, -4.290214e-05
17.600000, 2.469001e-05, 1.653545e-05, -3.374182e-05, -4.063024e-05
17.700000, 2.448080e-05, 1.705246e-05, -3.179313e-05, -3.816772e-05
17.800000, 2.411095e-05, 1.766572e-05, -2.998963e-05, -3.582365e-05
17.900000, 2.381027e-05, 1.817478e-05, -2.820178e-05, -3.375411e-05
18.000000, 2.329996e-05, 1.837853e-05, -2.625303e-05, -3.163576e-05
18.100000, 2.284953e-05, 1.853261e-05, -2.445162e-05, -2.963374e-05
18.200000, 2.261388e-05, 1.851825e-05, -2.269393e-05, -2.777516e-05
18.300000, 2.218432e-05, 1.833543e-05, -2.103542e-05, -2.624518e-05
18.400000, 2.179419e-05, 1.802487e-05, -1.959371e-05, -2.461946e-05
18.500000, 2.148517e-05, 1.772780e-05, -1.839018e-05, -2.328289e-05
18.600000, 2.104075e-05, 1.748870e-05, -1.703378e-05, -2.211990e-05
18.700000, 2.056117e-05, 1.705701e-05, -1.599220e-05, -2.099177e-05
18.800000, 2.008459e-05, 1.653946e-05, -1.509280e-05, -1.998566e-05
18.900000, 1.941777e-05, 1.615855e-05, -1.453981e-05, -1.917917e-05
19.000000, 1.897678e-05, 1.577801e-05, -1.383996e-05, -1.837307e-05
19.100000, 1.851173e-05, 1.536899e-05, -1.329325e-05, -1.757319e-05
19.200000, 1.807619e-05, 1.521690e-05, -1.286343e-05, -1.685642e-05
19.300000, 1.759501e-05, 1.518454e-05, -1.251548e-05, -1.616490e-05
19.400000, 1.726425e-05, 1.518850e-05, -1.216192e-05, -1.553721e-05
19.500000, 1.689650e-05, 1.534583e-05, -1.183729e-05, -1.483411e-05
19.600000, 1.651785e-05, 1.563184e-05, -1.160636e-05, -1.420415e-05
19.700000, 1.622441e-05, 1.596347e-05, -1.150319e-05, -1.341029e-05
19.800000, 1.583787e-05, 1.625211e-05, -1.148686e-05, -1.276865e-05
19.900000, 1.547960e-05, 1.666055e-05, -1.151921e-05, -1.208004e-05
20.000000, 1.515296e-05, 1.713028e-05, -1.159646e-05, -1.139771e-05
20.100000, 1.483080e-05, 1.756750e-05, -1.167958e-05, -1.075956e-05
20.200000, 1.432816e-05, 1.802995e-05, -1.190499e-05, -1.012052e-05
20.300000, 1.369860e-05, 1.861071e-05, -1.217713e-05, -9.478411e-06
20.400000, 1.297426e-05, 1.903359e-05, -1.254391e-05, -8.886420e-06
20.500000, 1.224863e-05, 1.942679e-05, -1.277683e-05, -8.278646e-06
20.600000, 1.156049e-05, 1.970562e-05, -1.303438e-05, -7.543168e-06
20.700000, 1.085631e-05, 1.997677e-05, -1.334127e-05, -6.753250e-06
20.800000, 1.002581e-05, 2.010169e-05, -1.367525e-05, -6.101539e-06
20.900000, 9.262258e-06, 2.015060e-05, -1.394068e-05, -5.440063e-06
21.000000, 8.546653e-06, 2.018021e-05, -1.411507e-05, -4.945293e-06
21.100000, 7.758701e-06, 2.005799e-05, -1.417611e-05, -4.349645e-06
21.200000, 6.907991e-06, 1.979342e-05, -1.408356e-05, -3.788991e-06
21.300000, 6.116642e-06, 1.952982e-05, -1.390858e-05, -3.086065e-06
21.400000, 5.273067e-06, 1.916031e-05, -1.369518e-05, -2.373201e-06
21.500000, 4.451028e-06, 1.868574e-05, -1.334160e-05, -1.669702e-06
21.600000, 3.870784e-06, 1.813902e-05, -1.288405e-05, -1.002147e-06
21.700000, 3.267627e-06, 1.752948e-05, -1.230420e-05, -2.670970e-07
21.800000, 2.735350e-06, 1.693665e-05, -1.170879e-05, 4.839569e-07
21.900000, 2.194902e-06, 1.616528e-05, -1.108173e-05, 1.060988e-06
22.000000, 1.809879e-06, 1.541321e-05, -1.038205e-05, 1.672906e-06
22.100000, 1.447035e-06, 1.461478e-05, -9.695056e-06, 2.225496e-06
22.200000, 1.052196e-06, 1.373460e-05, -8.941708e-06, 2.590300e-06
22.300000, 5.883954e-07, 1.281552e-05, -8.258048e-06, 2.750325e-06
22.400000, 2.221754e-07, 1.188887e-05, -7.587332e-06, 3.007404e-06
22.500000, -5.526426e-08, 1.085431e-05, -6.903006e-06, 3.118856e-06
22.600000, -3.405664e-07, 9.879199e-06, -6.342484e-06, 3.184054e-06
22.700000, -5.035106e-07, 8.868461e-06, -5.781940e-06, 3.211545e-06
22.800000, -7.030965e-07, 8.008701e-06, -5.331852e-06, 3.232939e-06
22.900000, -9.504120e-07, 7.222093e-06, -4.919699e-06, 3.028680e-06
23.000000, -1.181605e-06, 6.517060e-06, -4.562952e-06, 2.849682e-06
23.100000, -1.352541e-06, 5.913984e-06, -4.357703e-06, 2.602578e-06
23.200000, -1.469293e-06, 5.412435e-06, -4.345981e-06, 2.308291e-06
23.300000, -1.662589e-06, 5.004591e-06, -4.414447e-06, 1.984532e-06
23.400000, -1.980452e-06, 4.746419e-06, -4.566568e-06, 1.669283e-06
23.500000, -2.131285e-06, 4.537825e-06, -4.678813e-06, 1.364978e-06
23.600000, -2.249937e-06, 4.454799e-06, -4.824296e-06, 1.114082e-06
23.700000, -2.278380e-06, 4.492984e-06, -5.009345e-06, 9.747694e-07
23.800000, -2.253818e-06, 4.673455e-06, -5.189925e-06, 8.419611e-07
23.900000, -2.175776e-06, 5.001917e-06, -5.368894e-06, 8.213074e-07
24.000000, -2.103377e-06, 5.347005e-06, -5.431570e-06, 9.738845e-07
24.100000, -1.982713e-06, 5.793836e-06, -5.436030e-06, 1.082705e-06
24.200000, -1.718533e-06, 6.279181e-06, -5.280310e-06, 1.305107e-06
24.300000, -1.424479e-06, 6.839871e-06, -5.055103e-06, 1.568557e-06
24.400000, -1.044634e-06, 7.347581e-06, -4.734206e-06, 1.870154e-06
24.500000, -6.005483e-07, 7.838534e-06, -4.246870e-06, 2.167897e-06
24.600000, -1.025007e-07, 8.252393e-06, -3.608854e-06, 2.500582e-06
24.700000, 4.279836e-07, 8.616401e-06, -2.928575e-06, 2.887831e-06
24.800000, 9.785447e-07, 8.985485e-06, -2.250683e-06, 3.269854e-06
24.900000, 1.519258e-06, 9.327912e-06, -1.469300e-06, 3.561917e-06
25.000000, 2.081874e-06, 9.489144e-06, -6.549336e-07, 3.898667e-06
25.100000, 2.573882e-06, 9.490788e-06, 1.366093e-07, 4.157827e-06
25.200000, 3.093920e-06, 9.502627e-06, 9.524063e-07, 4.408406e-06
25.300000, 3.517351e-06, 9.387487e-06, 1.817756e-06, 4.661425e-06
25.400000, 3.846997e-06, 9.181878e-06, 2.515711e-06, 4.861579e-06
25.500000, 4.154440e-06, 8.961072e-06, 3.158084e-06, 5.075706e-06
25.600000, 4.347855e-06, 8.692040e-06, 3.750119e-06, 5.173494e-06
25.700000, 4.474217e-06, 8.368733e-06, 4.255903e-06, 5.303097e-06
25.800000, 4.590076e-06, 7.969996e-06, 4.644178e-06, 5.382249e-06
25.900000, 4.617192e-06, 7.536827e-06, 4.975917e-06, 5.448154e-06
26.000000, 4.532657e-06, 7.094710e-06, 5.222579e-06, 5.455349e-06
26.100000, 4.451214e-06, 6.622684e-06, 5.335389e-06, 5.429094e-06
26.200000, 4.347275e-06, 6.166889e-06, 5.347259e-06, 5.377644e-06
26.300000, 4.077056e-06, 5.799516e-06, 5.224774e-06, 5.306761e-06
26.400000, 3.814079e-06, 5.385101e-06, 5.061698e-06, 5.110135e-06
26.500000, 3.534651e-06, 4.912637e-06, 4.825875e-06, 4.986549e-06
26.600000, 3.216380e-06, 4.411157e-06, 4.526945e-06, 4.690231e-06
26.700000, 2.891585e-06, 3.956872e-06, 4.219981e-06, 4.394593e-06
26.800000, 2.526610e-06, 3.531597e-06, 3.814377e-06, 4.067624e-06
26.900000, 2.167498e-06, 3.122883e-06, 3.411228e-06, 3.785195e-06
27.000000, 1.878527e-06, 2.745541e-06, 3.028324e-06, 3.520763e-06
27.100000, 1.653680e-06, 2.383291e-06, 2.706125e-06, 3.221418e-06
27.200000, 1.554562e-06, 1.988228e-06, 2.435924e-06, 2.899138e-06
27.300000, 1.449381e-06, 1.625427e-06, 2.199643e-06, 2.556073e-06
27.400000, 1.333974e-06, 1.279591e-06, 2.032727e-06, 2.255424e-06
27.500000, 1.298038e-06, 9.503224e-07, 1.893994e-06, 1.930842e-06
27.600000, 1.345473e-06, 6.296276e-07, 1.828895e-06, 1.605939e-06
27.700000, 1.444074e-06, 3.566033e-07, 1.816730e-06, 1.294645e-06
27.800000, 1.556200e-06, 1.207303e-07, 1.801262e-06, 9.991398e-07
27.900000, 1.674203e-06, -1.259863e-07, 1.829813e-06, 6.662873e-07
28.000000, 1.796015e-06, -3.098533e-07, 1.862518e-06, 4.437681e-07
28.100000, 1.881999e-06, -5.206530e-07, 1.878983e-06, 2.353991e-07
28.200000, 2.014717e-06, -7.255894e-07, 1.905639e-06, 4.552718e-08
28.300000, 2.164697e-06, -9.278570e-07, 1.911141e-06, -1.661392e-07
28.400000, 2.230259e-06, -1.076132e-06, 1.909732e-06, -3.497689e-07
28.500000, 2.301706e-06, -1.244061e-06, 1.878152e-06, -5.151668e-07
28.600000, 2.341770e-06, -1.330546e-06, 1.843895e-06, -6.576097e-07
28.700000, 2.385363e-06, -1.441120e-06, 1.755330e-06, -8.299805e-07
28.800000, 2.387908e-06, -1.556530e-06, 1.680571e-06, -9.041539e-07
28.900000, 2.327106e-06, -1.658153e-06, 1.535283e-06, -1.009431e-06
29.000000, 2.243686e-06, -1.716203e-06, 1.384441e-06, -1.097296e-06
29.100000, 2.081032e-06, -1.786162e-06, 1.197170e-06, -1.182202e-06
29.200000, 1.976530e-06, -1.769572e-06, 1.018258e-06, -1.208994e-06
29.300000, 1.900051e-06, -1.714661e-06, 7.931332e-07, -1.188556e-06
29.400000, 1.764335e-06, -1.597305e-06, 5.550350e-07, -1.218076e-06
29.500000, 1.612403e-06, -1.455687e-06, 3.302175e-07, -1.202963e-06
29.600000, 1.405600e-06, -1.324119e-06, 6.338402e-08, -1.130785e-06
29.700000, 1.176494e-06, -1.136705e-06, -2.002141e-07, -1.074770e-06
29.800000, 9.720627e-07, -9.227159e-07, -4.666268e-07, -9.852966e-07
29.900000, 7.935237e-07, -6.711463e-07, -7.228291e-07, -8.776005e-07
30.000000, 6.160641e-07, -4.432580e-07, -9.811685e-07, -7.392066e-07
30.100000, 4.392434e-07, -1.974500e-07, -1.161151e-06, -6.064091e-07
30.200000, 2.197489e-07, 5.109024e-08, -1.318733e-06, -5.017722e-07
30.300000, 6.336111e-08, 2.946919e-07, -1.443515e-06, -2.879960e-07
30.400000, -1.299984e-07, 5.616373e-07, -1.588503e-06, -1.182599e-07
30.500000, -3.044914e-07, 8.088097e-07, -1.669574e-06, 4.937944e-08
30.600000, -4.629938e-07, 1.020552e-06, -1.719662e-06, 2.442534e-07
30.700000, -6.198413e-07, 1.158285e-06, -1.702767e-06, 4.603997e-07
30.800000, -7.442189e-07, 1.303919e-06, -1.684204e-06, 6.249083e-07
30.900000, -8.393663e-07, 1.417811e-06, -1.627024e-06, 7.667298e-07
31.000000, -9.590946e-07, 1.487683e-06, -1.567735e-06, 9.250311e-07
31.100000, -1.081132e-06, 1.561157e-06, -1.510320e-06, 1.035624e-06
31.200000, -1.214569e-06, 1.587353e-06, -1.432868e-06, 1.093790e-06
31.300000, -1.309315e-06, 1.578673e-06, -1.360382e-06, 1.158665e-06
31.400000, -1.431292e-06, 1.550747e-06, -1.264513e-06, 1.200879e-06
31.500000, -1.505605e-06, 1.507189e-06, -1.213701e-06, 1.232841e-06
31.600000, -1.558441e-06, 1.426909e-06, -1.153473e-06, 1.220198e-06
31.700000, -1.630903e-06, 1.352824e-06, -1.096362e-06, 1.173558e-06
31.800000, -1.623786e-06, 1.285959e-06, -1.049681e-06, 1.127320e-06
31.900000, -1.613354e-06, 1.203643e-06, -9.940300e-07, 1.049743e-06
32.000000, -1.595905e-06, 1.121594e-06, -9.229526e-07, 9.525839e-07
32.100000, -1.548465e-06, 1.031693e-06, -8.738327e-07, 8.686332e-07
32.200000, -1.458883e-06, 9.532419e-07, -8.365841e-07, 7.703675e-07
32.300000, -1.394359e-06, 8.623750e-07, -7.853639e-07, 6.349781e-07
32.400000, -1.282384e-06, 7.817469e-07, -7.282820e-07, 5.158492e-07
32.500000, -1.178587e-06, 6.857894e-07, -6.606655e-07, 4.105113e-07
32.600000, -1.047286e-06, 6.080090e-07, -6.242260e-07, 3.124898e-07
32.700000, -9.233326e-07, 5.495454e-07, -5.576012e-07, 1.888964e-07
32.800000, -7.890620e-07, 4.867456e-07, -5.147576e-07, 8.749130e-08
32.900000, -6.209299e-07, 4.576395e-07, -4.613593e-07, -2.491828e-08
33.000000, -4.752122e-07, 4.355309e-07, -4.022955e-07, -1.339120e-07
33.100000, -3.041538e-07, 4.201089e-07, -3.568914e-07, -2.262318e-07
33.200000, -1.393084e-07, 4.072360e-07, -2.921346e-07, -2.926546e-07
33.300000, 3.089761e-08, 4.080010e-07, -2.644179e-07, -3.791145e-07
33.400000, 2.222924e-07, 4.057473e-07, -2.353658e-07, -4.560441e-07
33.500000, 4.088443e-07, 3.986744e-07, -2.185668e-07, -5.306824e-07
33.600000, 5.846792e-07, 4.063013e-07, -1.897381e-07, -5.931403e-07
33.700000, 7.419924e-07, 4.065689e-07, -1.646019e-07, -6.451664e-07
33.800000, 8.998325e-07, 3.972687e-07, -1.244892e-07, -6.920862e-07
33.900000, 1.061329e-06, 4.237679e-07, -1.228301e-07, -7.318674e-07
34.000000, 1.189099e-06, 4.425114e-07, -1.175369e-07, -7.712051e-07
34.100000, 1.283134e-06, 4.444532e-07, -1.323652e-07, -7.888193e-07
34.200000, 1.351158e-06, 4.769847e-07, -1.338243e-07, -8.105206e-07
34.300000, 1.413272e-06, 4.884477e-07, -1.528571e-07, -8.127105e-07
34.400000, 1.474442e-06, 5.136508e-07, -1.717596e-07, -8.269956e-07
34.500000, 1.525505e-06, 5.385021e-07, -2.055594e-07, -8.478478e-07
34.600000, 1.582506e-06, 5.685631e-07, -2.470259e-07, -8.434023e-07
34.700000, 1.586435e-06, 5.885329e-07, -2.959549e-07, -8.706250e-07
34.800000, 1.582026e-06, 6.249980e-07, -3.656943e-07, -8.663783e-07
34.900000, 1.576760e-06, 6.474854e-07, -4.495622e-07, -8.565705e-07
35.000000, 1.549184e-06, 6.515549e-07, -5.336797e-07, -8.508933e-07
35.100000, 1.505576e-06, 6.553752e-07, -6.071637e-07, -8.489360e-07
35.200000, 1.453546e-06, 6.574915e-07, -7.010265e-07, -8.490818e-07
35.300000, 1.388636e-06, 6.528731e-07, -7.522264e-07, -8.462587e-07
35.400000, 1.314769e-06, 6.661302e-07, -8.180688e-07, -8.409508e-07
35.500000, 1.230529e-06, 6.701638e-07, -8.710750e-07, -8.341106e-07
35.600000, 1.115689e-06, 6.562332e-07, -9.443386e-07, -8.284729e-07
35.700000, 1.022298e-06, 6.503896e-07, -9.943280e-07, -7.998366e-07
35.800000, 9.144168e-07, 6.558691e-07, -1.040389e-06, -7.982415e-07
35.900000, 8.160768e-07, 6.372680e-07, -1.073925e-06, -7.731014e-07
36.000000, 7.084292e-07, 6.287267e-07, -1.113058e-06, -7.637869e-07
36.100000, 6.246024e-07, 6.174416e-07, -1.128740e-06, -7.410239e-07
36.200000, 5.301377e-07, 5.877257e-07, -1.151436e-06, -7.299114e-07
36.300000, 4.490096e-07, 5.595152e-07, -1.160837e-06, -7.058556e-07
36.400000, 3.846852e-07, 5.396509e-07, -1.149044e-06, -6.823366e-07
36.500000, 3.089584e-07, 5.326118e-07, -1.140688e-06, -6.604656e-07
36.600000, 2.548942e-07, 5.094831e-07, -1.129483e-06, -6.225066e-07
36.700000, 1.972753e-07, 4.852760e-07, -1.107506e-06, -6.052710e-07
36.800000, 1.368420e-07, 4.511729e-07, -1.068617e-06, -5.954313e-07
36.900000, 1.077256e-07, 4.206972e-07, -1.033220e-06, -5.604042e-07
37.000000, 7.135930e-08, 3.808010e-07, -1.002257e-06, -5.386152e-07
37.100000, 3.249198e-08, 3.545914e-07, -9.551028e-07, -5.075351e-07
37.200000, -2.028607e-08, 3.242293e-07, -8.991361e-07, -4.752078e-07
37.300000, -5.361710e-08, 2.934302e-07, -8.488142e-07, -4.674338e-07
37.400000, -6.257586e-08, 2.588824e-07, -7.962945e-07, -4.374330e-07
37.500000, -8.974944e-08, 2.237041e-07, -7.369939e-07, -4.238680e-07
37.600000, -8.765107e-08, 1.941704e-07, -6.842992e-07, -3.826235e-07
37.700000, -1.057414e-07, 1.562462e-07, -6.272279e-07, -3.499166e-07
37.800000, -1.167076e-07, 1.327445e-07, -5.731834e-07, -3.223372e-07
37.900000, -1.084051e-07, 1.205749e-07, -5.233355e-07, -2.906132e-07
38.000000, -9.041321e-08, 1.130048e-07, -4.705047e-07, -2.576253e-07
38.100000, -8.652274e-08, 9.426285e-08, -4.168762e-07, -2.283192e-07
38.200000, -8.059134e-08, 1.017623e-07, -3.681461e-07, -1.928931e-07
38.300000, -6.585977e-08, 1.004055e-07, -3.319533e-07, -1.624653e-07
38.400000, -5.678403e-08, 9.958588e-08, -2.968938e-07, -1.241712e-07
38.500000, -3.899168e-08, 1.102432e-07, -2.724005e-07, -1.020295e-07
38.600000, -3.220005e-08, 1.171356e-07, -2.283035e-07, -7.970040e-08
38.700000, -1.815144e-08, 1.271549e-07, -1.928783e-07, -4.324462e-08
38.800000, 5.024724e-09, 1.437659e-07, -1.533868e-07, -1.593225e-08
38.900000, 1.926042e-08, 1.588456e-07, -1.264862e-07, 1.836786e-09
39.000000, 3.151936e-08, 1.572020e-07, -1.096050e-07, 1.685953e-08
39.100000, 3.600214e-08, 1.547889e-07, -1.064919e-07, 3.102584e-08
39.200000, 4.765871e-08, 1.646423e-07, -8.837607e-08, 2.422107e-08
39.300000, 4.099459e-08, 1.689452e-07, -7.237891e-08, 3.102828e-08
39.400000, 5.071650e-08, 1.664326e-07, -6.293035e-08, 3.419935e-08
39.500000, 5.913941e-08, 1.740284e-07, -6.509893e-08, 2.728035e-08
39.600000, 6.513212e-08, 1.734201e-07, -6.741540e-08, 1.348670e-08
39.700000, 6.499726e-08, 1.664380e-07, -6.351121e-08, 1.823809e-09
39.800000, 6.516583e-08, 1.586942e-07, -6.400656e-08, -1.971567e-08
39.900000, 6.116741e-08, 1.550788e-07, -7.259044e-08, -4.089905e-08
40.000000, 6.140407e-08, 1.458543e-07, -7.759585e-08, -5.455593e-08
40.100000, 6.695145e-08, 1.350467e-07, -8.252893e-08, -7.372047e-08
40.200000, 6.271462e-08, 1.269442e-07, -9.325770e-08, -9.993898e-08
40.300000, 6.378428e-08, 1.152815e-07, -9.425449e-08, -1.219504e-07
40.400000, 6.248612e-08, 9.225145e-08, -9.071765e-08, -1.315447e-07
40.500000, 6.548705e-08, 7.567159e-08, -9.671033e-08, -1.475118e-07
40.600000, 6.214538e-08, 6.578375e-08, -1.105648e-07, -1.641266e-07
40.700000, 5.204847e-08, 4.953413e-08, -1.234800e-07, -1.791492e-07
40.800000, 5.121511e-08, 3.738581e-08, -1.386748e-07, -1.984142e-07
40.900000, 5.571224e-08, 2.002070e-08, -1.449507e-07, -2.025323e-07
41.000000, 5.745266e-08, 6.176542e-09, -1.494551e-07, -2.029461e-07
41.100000, 6.465426e-08, -6.885121e-09, -1.505605e-07, -2.001720e-07
41.200000, 7.091662e-08, -1.845653e-08, -1.587611e-07, -2.027255e-07
41.300000, 7.490450e-08, -2.265053e-08, -1.621785e-07, -2.080262e-07
41.400000, 7.142062e-08, -3.379314e-08, -1.693931e-07, -2.157893e-07
41.500000, 7.940032e-08, -3.935458e-08, -1.723226e-07, -2.120836e-07
41.600000, 7.292871e-08, -4.997196e-08, -1.736582e-07, -2.070427e-07
41.700000, 7.323337e-08, -5.866720e-08, -1.723460e-07, -2.027951e-07
41.800000, 7.451809e-08, -6.606870e-08, -1.681893e-07, -1.970961e-07
41.900000, 7.703737e-08, -6.986972e-08, -1.620703e-07, -1.924063e-07
42.000000, 6.751670e-08, -7.233277e-08, -1.583999e-07, -1.964573e-07
42.100000, 6.371661e-08, -7.433735e-08, -1.539621e-07, -1.923987e-07
42.200000, 5.535149e-08, -7.506835e-08, -1.514974e-07, -1.907902e-07
42.300000, 4.702350e-08, -7.158566e-08, -1.399706e-07, -1.927605e-07
42.400000, 4.131029e-08, -7.004256e-08, -1.400089e-07, -1.888201e-07
42.500000, 3.869607e-08, -7.081630e-08, -1.323013e-07, -1.822296e-07
42.600000, 2.806576e-08, -6.735213e-08, -1.275957e-07, -1.770518e-07
42.700000, 1.703855e-08, -6.170809e-08, -1.209929e-07, -1.707241e-07
42.800000, 8.907810e-09, -5.622527e-08, -1.178507e-07, -1.607324e-07
42.900000, 1.061449e-08, -4.778329e-08, -1.137168e-07, -1.513134e-07
43.000000, 3.432105e-09, -4.134583e-08, -1.092063e-07, -1.436135e-07
43.100000, 4.402915e-09, -3.381234e-08, -1.068564e-07, -1.345541e-07
43.200000, -5.388609e-09, -2.197644e-08, -9.931742e-08, -1.274418e-07
43.300000, -1.444964e-08, -1.318496e-08, -9.801621e-08, -1.180418e-07
43.400000, -1.337707e-08, -3.797627e-09, -9.218277e-08, -1.092166e-07
43.500000, -1.511349e-08, 1.074848e-09, -8.812423e-08, -9.652870e-08
43.600000, -1.565060e-08, 8.252881e-09, -8.351926e-08, -8.735818e-08
43.700000, -1.229948e-08, 1.457308e-08, -8.770547e-08, -7.828822e-08
43.800000, -8.537446e-09, 2.137190e-08, -8.639365e-08, -6.916255e-08
43.900000, -9.368286e-09, 2.862308e-08, -8.547811e-08, -6.508989e-08
44.000000, -7.547718e-09, 3.506098e-08, -8.483542e-08, -5.795603e-08
44.100000, -2.195036e-09, 3.617170e-08, -8.742269e-08, -5.391606e-08
44.200000, 5.745396e-10, 3.923436e-08, -8.839565e-08, -4.748093e-08
44.300000, 4.198751e-09, 4.102389e-08, -9.199751e-08, -3.654705e-08
44.400000, 3.899081e-09, 4.504519e-08, -9.142981e-08, -2.952267e-08
44.500000, 6.180054e-09, 5.136676e-08, -9.149766e-08, -2.511467e-08
44.600000, 1.210236e-08, 5.291620e-08, -8.629769e-08, -2.216418e-08
44.700000, 1.801338e-08, 5.190442e-08, -8.683413e-08, -1.936625e-08
44.800000, 2.499584e-08, 5.288753e-08, -8.083215e-08, -1.972484e-08
44.900000, 2.376189e-08, 5.297782e-08, -7.718667e-08, -1.974568e-08
45.000000, 2.644970e-08, 5.333511e-08, -7.610966e-08, -1.311058e-08
45.100000, 2.625661e-08, 5.090044e-08, -7.190951e-08, -8.275667e-09
45.200000, 2.589296e-08, 4.909059e-08, -6.935201e-08, -9.752341e-09
45.300000, 2.667056e-08, 4.990318e-08, -6.301733e-08, -6.369196e-09
45.400000, 2.813530e-08, 4.818977e-08, -5.959601e-08, -6.684744e-09
45.500000, 3.018089e-08, 4.902133e-08, -5.615482e-08, -7.487623e-09
45.600000, 2.969478e-08, 4.917993e-08, -5.112618e-08, -8.683656e-09
45.700000, 2.953247e-08, 4.965401e-08, -4.900255e-08, -6.265682e-09
45.800000, 2.848267e-08, 4.901342e-08, -4.933531e-08, -5.798370e-09
45.900000, 3.040765e-08, 4.920224e-08, -4.669453e-08, -4.996603e-09
46.000000, 2.796853e-08, 4.825721e-08, -4.471616e-08, -4.937683e-09
46.100000, 2.573970e-08, 4.760668e-08, -4.221685e-08, -2.691382e-09
46.200000, 2.577206e-08, 4.862666e-08, -3.787831e-08, -4.400934e-09
46.300000, 2.598015e-08, 4.864540e-08, -3.691511e-08, -6.537552e-09
46.400000, 2.859370e-08, 4.526066e-08, -3.568867e-08, -6.822121e-09
46.500000, 2.671006e-08, 4.410910e-08, -3.281741e-08, -7.927814e-09
46.600000, 2.286210e-08, 4.452946e-08, -2.994305e-08, -7.583963e-09
46.700000, 2.135070e-08, 4.547138e-08, -2.901459e-08, -8.650888e-09
46.800000, 2.241495e-08, 4.403500e-08, -2.675562e-08, -4.569287e-09
46.900000, 2.432719e-08, 4.713851e-08, -2.292751e-08, -6.346878e-09
47.000000, 2.297689e-08, 4.565459e-08, -2.235170e-08, -5.344070e-09
47.100000, 2.370177e-08, 4.635658e-08, -2.046145e-08, -3.149300e-09
47.200000, 2.359367e-08, 4.748639e-08, -1.933517e-08, 2.489627e-10
47.300000, 2.334658e-08, 4.873634e-08, -1.881795e-08, 4.263470e-10
47.400000, 2.334860e-08, 5.086928e-08, -2.073335e-08, -6.645912e-10
47.500000, 2.293063e-08, 5.114647e-08, -2.225492e-08, 2.078256e-09
47.600000, 2.416789e-08, 5.258097e-08, -2.131401e-08, 2.603172e-09
47.700000, 2.145358e-08, 4.949875e-08, -1.808631e-08, 5.348861e-09
47.800000, 2.159026e-08, 4.880725e-08, -1.784538e-08, 9.773434e-09
47.900000, 2.103600e-08, 4.842890e-08, -1.588523e-08, 1.251355e-08
48.000000, 2.063914e-08, 4.873664e-08, -1.617678e-08, 1.610835e-08
48.100000, 2.014947e-08, 4.894099e-08, -1.559676e-08, 1.734861e-08
48.200000, 1.959688e-08, 4.841176e-08, -1.243290e-08, 1.741655e-08
48.300000, 1.968035e-08, 4.683012e-08, -9.078546e-09, 1.836755e-08
48.400000, 1.783194e-08, 4.627207e-08, -6.301827e-09, 1.872016e-08
48.500000, 2.121468e-08, 4.636555e-08, -5.797033e-09, 2.194583e-08
48.600000, 1.971691e-08, 4.675086e-08, -3.813385e-09, 1.961916e-08
48.700000, 1.711153e-08, 4.834271e-08, -2.344734e-09, 1.892237e-08
48.800000, 1.671972e-08, 4.762353e-08, -1.494915e-09, 1.740178e-08
48.900000, 1.810256e-08, 4.607625e-08, -7.100136e-10, 1.619359e-08
49.000000, 1.846309e-08, 4.674054e-08, 1.016684e-09, 1.457239e-08
49.100000, 1.702040e-08, 4.703611e-08, 7.501111e-10, 1.230672e-08
49.200000, 1.746315e-08, 4.796152e-08, 8.730129e-10, 1.129620e-08
49.300000, 1.436930e-08, 4.811176e-08, 5.644040e-10, 8.783665e-09
49.400000, 1.371945e-08, 4.734220e-08, 2.208662e-09, 8.698377e-09
49.500000, 1.165989e-08, 4.689363e-08, 2.228690e-09, 8.854018e-09
49.600000, 1.112155e-08, 4.698252e-08, 8.943804e-10, 8.457097e-09
49.700000, 1.056396e-08, 4.754987e-08, 1.689392e-10, 6.564438e-09
49.800000, 1.246892e-08, 4.594276e-08, 3.761219e-11, 6.139156e-09
49.900000, 1.335415e-08, 4.558311e-08, -1.054274e-09, 5.486434e-09
50.000000, 1.201540e-08, 4.585680e-08, -9.051724e-10, 5.731886e-09
50.100000, 1.308514e-08, 4.522628e-08, -1.888413e-09, 4.686436e-09
50.200000, 1.355727e-08, 4.400188e-08, -2.047673e-09, 5.547165e-09
50.300000, 1.578681e-08, 4.262981e-08, -3.499409e-09, 6.284118e-09
50.400000, 1.679106e-08, 4.121167e-08, -4.209220e-09, 5.699725e-09
50.500000, 1.801351e-08, 3.977711e-08, -5.033256e-09, 6.458465e-09
50.600000, 1.913006e-08, 3.819070e-08, -6.132496e-09, 6.460260e-09
50.700000, 1.860108e-08, 3.763612e-08, -6.314139e-09, 4.558383e-09
50.800000, 1.918198e-08, 3.669502e-08, -6.863635e-09, 4.213128e-09
50.900000, 1.925664e-08, 3.600741e-08, -7.825991e-09, 5.351752e-09
51.000000, 2.006526e-08, 3.300714e-08, -8.519306e-09, 4.646919e-09
51.100000, 2.031564e-08, 3.123762e-08, -7.518156e-09, 3.896764e-09
51.200000, 2.077032e-08, 2.962614e-08, -6.813701e-09, 3.384124e-09
51.300000, 2.196016e-08, 2.806734e-08, -6.788009e-09, 4.279880e-09
51.400000, 2.171041e-08, 2.610184e-08, -7.155947e-09, 2.218139e-09
51.500000, 2.217169e-08, 2.521027e-08, -6.270053e-09, 6.971572e-10
51.600000, 2.251647e-08, 2.420325e-08, -5.447036e-09, 3.339745e-10
51.700000, 2.228519e-08, 2.341207e-08, -3.734103e-09, -1.060835e-09
51.800000, 2.109636e-08, 2.293124e-08, -3.432702e-09, -2.621072e-09
51.900000, 2.129546e-08, 2.178699e-08, -3.914086e-09, -2.374544e-09
52.000000, 2.001145e-08, 2.005347e-08, -3.875726e-09, -2.794254e-09
52.100000, 1.855543e-08, 2.026055e-08, -4.398353e-09, -4.079244e-09
52.200000, 1.741083e-08, 1.962877e-08, -4.947095e-09, -3.995922e-09
52.300000, 1.595443e-08, 1.958856e-08, -5.192997e-09, -4.952872e-09
52.400000, 1.522043e-08, 1.970921e-08, -6.506514e-09, -5.351601e-09
52.500000, 1.504593e-08, 1.901143e-08, -6.312130e-09, -4.638477e-09
52.600000, 1.440955e-08, 1.821016e-08, -7.442146e-09, -4.565444e-09
52.700000, 1.407761e-08, 1.710506e-08, -8.205539e-09, -4.310392e-09
52.800000, 1.375739e-08, 1.620861e-08, -9.479937e-09, -4.079096e-09
52.900000, 1.356377e-08, 1.640508e-08, -9.978653e-09, -4.101782e-09
53.000000, 1.336994e-08, 1.622144e-08, -1.075799e-08, -2.784905e-09
53.100000, 1.340529e-08, 1.532948e-08, -1.233615e-08, -2.340688e-09
53.200000, 1.370866e-08, 1.460739e-08, -1.310884e-08, -1.486876e-09
53.300000, 1.354131e-08, 1.396361e-08, -1.426636e-08, -1.730172e-09
53.400000, 1.344308e-08, 1.306969e-08, -1.395771e-08, -1.169216e-09
53.500000, 1.284466e-08, 1.214738e-08, -1.458594e-08, -7.434020e-10
53.600000, 1.287021e-08, 1.129689e-08, -1.563588e-08, -1.216480e-10
53.700000, 1.313488e-08, 1.097669e-08, -1.625854e-08, 1.290074e-09
53.800000, 1.302873e-08, 1.013880e-08, -1.678370e-08, 1.584706e-09
53.900000, 1.277393e-08, 9.323226e-09, -1.703521e-08, 1.683495e-09
54.000000, 1.298304e-08, 8.813294e-09, -1.709184e-08, 1.284299e-09
54.100000, 1.330254e-08, 7.659871e-09, -1.663537e-08, 1.306076e-09
54.200000, 1.313708e-08, 7.476584e-09, -1.636785e-08, 1.433004e-09
54.300000, 1.377593e-08, 6.833709e-09, -1.582557e-08, 1.439600e-09
54.400000, 1.305624e-08, 5.983897e-09, -1.555199e-08, 1.306166e-09
54.500000, 1.247176e-08, 5.732518e-09, -1.534437e-08, 6.660541e-10
54.600000, 1.261467e-08, 5.824428e-09, -1.461731e-08, 8.522135e-10
54.700000, 1.167017e-08, 5.351018e-09, -1.430511e-08, 7.871660e-10
54.800000, 1.122340e-08, 5.196776e-09, -1.397394e-08, 2.779934e-10
54.900000, 1.060313e-08, 4.922785e-09, -1.372173e-08, -1.281829e-10
55.000000, 1.010326e-08, 4.596521e-09, -1.287199e-08, -8.076762e-10
55.100000, 8.869858e-09, 4.559019e-09, -1.228678e-08, -1.090627e-09
55.200000, 8.141023e-09, 4.587177e-09, -1.216389e-08, -1.318614e-09
55.300000, 7.509751e-09, 4.816956e-09, -1.261814e-08, -1.158304e-09
55.400000, 6.540788e-09, 4.717165e-09, -1.271935e-08, -1.651721e-09
55.500000, 6.327890e-09, 4.743898e-09, -1.258386e-08, -2.026395e-09
55.600000, 6.246217e-09, 4.827639e-09, -1.222034e-08, -2.070016e-09
55.700000, 5.731829e-09, 4.694147e-09, -1.226304e-08, -2.429124e-09
55.800000, 5.632591e-09, 4.955123e-09, -1.245236e-08, -2.872435e-09
55.900000, 5.528485e-09, 5.330199e-09, -1.231582e-08, -3.256637e-09
56.000000, 4.939722e-09, 5.320257e-09, -1.168518e-08, -3.199394e-09
56.100000, 4.680564e-09, 5.378326e-09, -1.169835e-08, -3.044954e-09
56.200000, 5.256478e-09, 5.332229e-09, -1.123261e-08, -3.038274e-09
56.300000, 5.247725e-09, 5.471129e-09, -1.069370e-08, -3.220147e-09
56.400000, 4.968929e-09, 5.227050e-09, -1.030311e-08, -3.314030e-09
56.500000, 4.938369e-09, 4.891289e-09, -1.022459e-08, -3.255718e-09
56.600000, 4.363401e-09, 4.551687e-09, -1.004213e-08, -3.626074e-09
56.700000, 4.039633e-09, 4.471850e-09, -9.677303e-09, -3.967695e-09
56.800000, 3.651328e-09, 4.248267e-09, -9.589118e-09, -4.194624e-09
56.900000, 3.259071e-09, 4.020805e-09, -9.318518e-09, -3.899862e-09
57.000000, 3.078932e-09, 4.059256e-09, -8.903493e-09, -3.600967e-09
57.100000, 3.533395e-09, 4.018198e-09, -8.458647e-09, -3.887992e-09
57.200000, 3.352130e-09, 3.936017e-09, -8.528810e-09, -4.140667e-09
57.300000, 3.266266e-09, 3.734031e-09, -7.915104e-09, -4.571579e-09
57.400000, 2.802508e-09, 3.632991e-09, -7.588732e-09, -4.854194e-09
57.500000, 2.731868e-09, 3.207540e-09, -7.464305e-09, -4.961996e-09
57.600000, 2.433648e-09, 3.262494e-09, -7.155495e-09, -5.219209e-09
57.700000, 2.157868e-09, 3.250564e-09, -6.629370e-09, -5.405526e-09
57.800000, 2.099831e-09, 3.110610e-09, -6.230671e-09, -5.784614e-09
57.900000, 2.040217e-09, 2.652884e-09, -5.945099e-09, -5.321762e-09
58.000000, 1.488030e-09, 2.523216e-09, -5.577543e-09, -5.768456e-09
58.100000, 1.071019e-09, 2.489869e-09, -5.270491e-09, -5.719811e-09
58.200000, 6.899819e-10, 2.608208e-09, -5.287473e-09, -6.022539e-09
58.300000, 5.712455e-10, 2.470965e-09, -5.257512e-09, -6.191466e-09
58.400000, 8.744231e-11, 2.433835e-09, -5.221610e-09, -6.351329e-09
58.500000, 1.481494e-10, 2.447499e-09, -5.320467e-09, -6.554296e-09
58.600000, -8.808422e-11, 2.613329e-09, -5.084987e-09, -6.209361e-09
58.700000, 3.170200e-10, 2.771089e-09, -5.096965e-09, -6.130552e-09
58.800000, 5.537192e-10, 2.506410e-09, -5.083806e-09, -6.190642e-09
58.900000, 6.509408e-10, 2.663834e-09, -5.403294e-09, -5.910777e-09
59.000000, 7.517220e-10, 2.558117e-09, -5.242196e-09, -5.821320e-09
59.100000, 8.576409e-10, 2.551274e-09, -5.391947e-09, -5.737205e-09
59.200000, 1.115369e-09, 2.369961e-09, -5.365090e-09, -5.634991e-09
59.300000, 9.772377e-10, 2.238844e-09, -5.298676e-09, -5.390887e-09
59.400000, 1.146078e-09, 2.102998e-09, -5.302434e-09, -5.015308e-09
59.500000, 1.074287e-09, 2.062777e-09, -5.101816e-09, -4.957135e-09
59.600000, 1.042901e-09, 1.860453e-09, -4.969723e-09, -4.731196e-09
59.700000, 9.726916e-10, 1.686386e-09, -4.966482e-09, -4.539641e-09
59.800000, 1.029995e-09, 1.708366e-09, -4.912232e-09, -4.280715e-09
59.900000, 1.060265e-09, 1.612066e-09, -4.934427e-09, -4.263630e-09
60.000000, 1.207627e-09, 1.412258e-09, -4.897859e-09, -3.904805e-09
60.100000, 1.407202e-09, 1.075188e-09, -4.813687e-09, -3.829801e-09
60.200000, 1.293567e-09, 9.691697e-10, -4.795892e-09, -3.869756e-09
60.300000, 1.382415e-09, 9.377009e-10, -4.696594e-09, -3.477346e-09
60.400000, 1.469880e-09, 8.118800e-10, -4.513972e-09, -3.282975e-09
60.500000, 1.519529e-09, 7.493889e-10, -4.447844e-09, -3.197621e-09
60.600000, 1.594044e-09, 6.941186e-10, -4.333446e-09, -3.110269e-09
60.700000, 1.759940e-09, 5.567265e-10, -4.255764e-09, -2.910038e-09
60.800000, 1.708971e-09, 5.542455e-10, -4.268115e-09, -2.786051e-09
60.900000, 1.410692e-09, 5.639764e-10, -4.080230e-09, -2.693057e-09
61.000000, 1.134197e-09, 6.681539e-10, -3.989446e-09, -2.704870e-09
61.100000, 1.002239e-09, 8.126466e-10, -3.932509e-09, -2.526268e-09
61.200000, 8.266999e-10, 9.350931e-10, -3.805478e-09, -2.500891e-09
61.300000, 8.401608e-10, 9.720243e-10, -3.807799e-09, -2.388511e-09
61.400000, 7.966724e-10, 9.119517e-10, -3.763839e-09, -2.171957e-09
61.500000, 7.262846e-10, 9.766125e-10, -3.736365e-09, -2.108346e-09
61.600000, 7.029852e-10, 1.046906e-09, -3.632580e-09, -2.033034e-09
61.700000, 8.997662e-10, 1.081944e-09, -3.728643e-09, -1.882450e-09
61.800000, 7.889346e-10, 1.045775e-09, -3.676393e-09, -1.837478e-09
61.900000, 6.717913e-10, 1.168486e-09, -3.621938e-09, -1.658148e-09
62.000000, 6.407011e-10, 1.079396e-09, -3.427299e-09, -1.521623e-09
62.100000, 7.469259e-10, 1.091066e-09, -3.271215e-09, -1.358395e-09
62.200000, 6.635048e-10, 1.083454e-09, -3.108052e-09, -1.243019e-09
62.300000, 7.480165e-10, 1.113734e-09, -2.951590e-09, -1.180070e-09
62.400000, 6.743328e-10, 1.138477e-09, -2.943442e-09, -1.131087e-09
62.500000, 6.105520e-10, 1.135301e-09, -2.880233e-09, -1.089308e-09
62.600000, 4.296948e-10, 1.018939e-09, -2.759620e-09, -1.147233e-09
62.700000, 5.549690e-10, 1.007548e-09, -2.689146e-09, -1.025009e-09
62.800000, 5.281631e-10, 9.620592e-10, -2.642368e-09, -9.200696e-10
62.900000, 5.094512e-10, 9.302855e-10, -2.549263e-09, -9.156229e-10
63.000000, 5.787273e-10, 7.827683e-10, -2.439477e-09, -9.112482e-10
63.100000, 6.812599e-10, 7.526289e-10, -2.358806e-09, -7.539442e-10
63.200000, 6.809969e-10, 7.118816e-10, -2.233927e-09, -8.234058e-10
63.300000, 6.662401e-10, 6.767313e-10, -2.176098e-09, -8.526358e-10
63.400000, 7.556096e-10, 6.276753e-10, -2.174482e-09, -8.416095e-10
63.500000, 7.119467e-10, 6.204505e-10, -2.067424e-09, -9.116204e-10
63.600000, 6.296821e-10, 6.497034e-10, -1.909897e-09, -9.480338e-10
63.700000, 6.392140e-10, 6.258070e-10, -1.829568e-09, -8.949457e-10
63.800000, 6.626372e-10, 6.414040e-10, -1.759363e-09, -8.450283e-10
63.900000, 6.492843e-10, 6.668453e-10, -1.534515e-09, -8.484134e-10
64.000000, 6.457455e-10, 7.180115e-10, -1.458803e-09, -8.303304e-10
64.100000, 6.632010e-10, 6.929726e-10, -1.393840e-09, -7.927333e-10
64.200000, 6.249708e-10, 7.136952e-10, -1.316904e-09, -7.788282e-10
64.300000, 6.486630e-10, 6.931048e-10, -1.272718e-09, -8.127048e-10
64.400000, 6.695431e-10, 7.108519e-10, -1.165224e-09, -8.181334e-10
64.500000, 6.424007e-10, 7.297255e-10, -1.120826e-09, -8.343291e-10
64.600000, 6.761887e-10, 7.310257e-10, -1.077418e-09, -8.025156e-10
64.700000, 6.827984e-10, 7.669180e-10, -1.059761e-09, -8.053806e-10
64.800000, 7.038225e-10, 8.053255e-10, -1.011213e-09, -7.610271e-10
64.900000, 6.815989e-10, 8.311805e-10, -9.927663e-10, -7.984068e-10
65.000000, 6.656215e-10, 8.583472e-10, -9.723980e-10, -7.836657e-10
65.100000, 7.627837e-10, 8.785014e-10, -9.834402e-10, -7.367531e-10
65.200000, 7.525612e-10, 8.894108e-10, -9.347853e-10, -7.320779e-10
65.300000, 7.336565e-10, 8.940609e-10, -9.373494e-10, -6.777703e-10
65.400000, 7.082402e-10, 8.562013e-10, -8.994835e-10, -6.114744e-10
65.500000, 7.459948e-10, 8.441329e-10, -9.071936e-10, -5.019780e-10
65.600000, 7.800283e-10, 8.463106e-10, -8.682869e-10, -4.562077e-10
65.700000, 8.257755e-10, 8.685277e-10, -8.763704e-10, -4.151520e-10
65.800000, 8.182466e-10, 8.243257e-10, -8.926803e-10, -3.984306e-10
65.900000, 7.958318e-10, 7.935606e-10, -8.928821e-10, -3.855255e-10
66.000000, 8.541829e-10, 7.616727e-10, -8.547519e-10, -3.124354e-10
66.100000, 8.808500e-10, 8.065270e-10, -8.513456e-10, -2.729933e-10
66.200000, 8.585514e-10, 7.900013e-10, -8.399160e-10, -2.498071e-10
66.300000, 8.326451e-10, 7.831003e-10, -8.396471e-10, -2.278352e-10
66.400000, 8.173069e-10, 7.785219e-10, -8.379938e-10, -2.023212e-10
66.500000, 8.072730e-10, 7.783492e-10, -8.299030e-10, -2.063303e-10
66.600000, 7.467590e-10, 7.703804e-10, -8.364354e-10, -2.217006e-10
66.700000, 7.488059e-10, 7.834629e-10, -8.431840e-10, -1.846413e-10
66.800000, 7.439571e-10, 7.779925e-10, -8.225642e-10, -1.602335e-10
66.900000, 7.258171e-10, 7.890273e-10, -8.114163e-10, -1.448259e-10
67.000000, 6.972341e-10, 7.930437e-10, -7.956048e-10, -1.081183e-10
67.100000, 6.738115e-10, 7.825804e-10, -7.650740e-10, -8.869930e-11
67.200000, 6.385430e-10, 7.778818e-10, -7.292453e-10, -1.082019e-10
67.300000, 6.263480e-10, 7.824565e-10, -6.826522e-10, -9.421905e-11
67.400000, 6.094229e-10, 7.722052e-10, -6.437734e-10, -9.914454e-11
67.500000, 5.888838e-10, 7.924191e-10, -6.328755e-10, -8.985468e-11
67.600000, 5.821822e-10, 8.123460e-10, -5.995658e-10, -8.665374e-11
67.700000, 5.976670e-10, 8.234767e-10, -5.850800e-10, -9.173196e-11
67.800000, 5.743504e-10, 8.107604e-10, -5.688613e-10, -5.450174e-11
67.900000, 5.691937e-10, 8.041854e-10, -5.483137e-10, -2.544352e-11
68.000000, 5.285263e-10, 7.927448e-10, -5.374476e-10, -3.455450e-11
68.100000, 5.099092e-10, 7.901733e-10, -5.346086e-10, -2.534411e-11
68.200000, 4.696947e-10, 7.740245e-10, -5.232486e-10, -3.686785e-11
68.300000, 4.816879e-10, 7.578071e-10, -5.211938e-10, -2.567014e-11
68.400000, 4.594959e-10, 7.413924e-10, -4.878791e-10, -6.511940e-12
68.500000, 4.726799e-10, 7.313804e-10, -4.790692e-10, 1.290487e-11
68.600000, 4.559188e-10, 7.006461e-10, -4.712469e-10, 7.056021e-12
68.700000, 4.584528e-10, 6.977524e-10, -4.654492e-10, 1.211235e-11
68.800000, 4.353101e-10, 6.907752e-10, -4.375492e-10, 2.958718e-11
68.900000, 4.213198e-10, 6.933840e-10, -4.380266e-10, 3.421047e-11
69.000000, 4.013920e-10, 6.742706e-10, -4.148222e-10, 3.840185e-11
69.100000, 4.135530e-10, 6.768096e-10, -4.013177e-10, 3.574285e-11
69.200000, 4.230584e-10, 6.700487e-10, -3.785454e-10, 4.568286e-11
69.300000, 4.300540e-10, 6.557258e-10, -3.643718e-10, 5.381456e-11
69.400000, 4.038108e-10, 6.385461e-10, -3.540555e-10, 4.766672e-11
69.500000, 3.962702e-10, 6.338417e-10, -3.399468e-10, 5.631464e-11
69.600000, 3.727215e-10, 6.173613e-10, -3.172063e-10, 3.342457e-11
69.700000, 3.521674e-10, 6.283665e-10, -3.174093e-10, 4.273409e-11
69.800000, 3.372856e-10, 6.190100e-10, -3.045965e-10, 3.337189e-11
69.900000, 3.242865e-10, 6.141613e-10, -2.976957e-10, 2.889367e-11
70.000000, 3.246029e-10, 6.112890e-10, -2.785349e-10, 3.188850e-11
70.100000, 3.376587e-10, 6.069911e-10, -2.680313e-10, 3.698277e-11
70.200000, 3.144636e-10, 5.889079e-10, -2.510254e-10, 2.121765e-11
70.300000, 3.142372e-10, 5.974008e-10, -2.556778e-10, 3.049861e-11
70.400000, 3.106763e-10, 5.840235e-10, -2.473695e-10, 2.285413e-11
70.500000, 3.065216e-10, 5.765563e-10, -2.462477e-10, 7.699234e-12
70.600000, 2.759005e-10, 5.623952e-10, -2.511827e-10, -4.713488e-12
70.700000, 2.950630e-10, 5.435684e-10, -2.499530e-10, 1.356375e-11
70.800000, 2.799503e-10, 5.276483e-10, -2.442450e-10, 3.086548e-12
70.900000, 2.889322e-10, 5.279739e-10, -2.384113e-10, 2.985178e-12
71.000000, 2.752664e-10, 5.087249e-10, -2.279761e-10, -4.268905e-12
71.100000, 2.785627e-10, 4.957420e-10, -2.333338e-10, -2.226929e-12
71.200000, 2.640862e-10, 4.720513e-10, -2.283656e-10, -1.045681e-11
71.300000, 2.576084e-10, 4.700458e-10, -2.378244e-10, -1.405396e-11
71.400000, 2.425592e-10, 4.601268e-10, -2.362137e-10, -1.893043e-11
71.500000, 2.435173e-10, 4.539688e-10, -2.440416e-10, -2.024908e-11
71.600000, 2.341879e-10, 4.404521e-10, -2.369454e-10, -2.776816e-11
71.700000, 2.518664e-10, 4.331270e-10, -2.331351e-10, -1.775005e-11
71.800000, 2.381483e-10, 4.132439e-10, -2.293080e-10, -2.171284e-11
71.900000, 2.404120e-10, 4.058376e-10, -2.309225e-10, -2.444290e-11
72.000000, 2.215241e-10, 3.861624e-10, -2.259954e-10, -3.354797e-11
72.100000, 2.325153e-10, 3.705550e-10, -2.264605e-10, -2.647548e-11
72.200000, 2.156427e-10, 3.591733e-10, -2.225074e-10, -3.015571e-11
72.300000, 2.217145e-10, 3.457239e-10, -2.212620e-10, -2.077012e-11
72.400000, 2.031592e-10, 3.288579e-10, -2.151167e-10, -3.067574e-11
72.500000, 2.136634e-10, 3.220021e-10, -2.160453e-10, -2.186193e-11
72.600000, 1.983343e-10, 3.063254e-10, -2.103960e-10, -2.655581e-11
72.700000, 1.976666e-10, 2.975625e-10, -2.158117e-10, -2.267619e-11
72.800000, 1.865603e-10, 2.864840e-10, -2.193342e-10, -2.705982e-11
72.900000, 1.966886e-10, 2.807023e-10, -2.248077e-10, -2.359928e-11
73.000000, 1.836348e-10, 2.681351e-10, -2.228640e-10, -3.268042e-11
73.100000, 1.930685e-10, 2.610059e-10, -2.261505e-10, -2.419691e-11
73.200000, 1.841140e-10, 2.423972e-10, -2.224240e-10, -2.669370e-11
73.300000, 1.942646e-10, 2.304998e-10, -2.254623e-10, -2.086444e-11
73.400000, 1.836962e-10, 2.144057e-10, -2.196093e-10, -2.291105e-11
73.500000, 1.858195e-10, 2.021032e-10, -2.206948e-10, -1.463117e-11
73.600000, 1.715238e-10, 1.881910e-10, -2.160309e-10, -1.367750e-11
73.700000, 1.763283e-10, 1.822078e-10, -2.193237e-10, -3.959917e-12
73.800000, 1.619826e-10, 1.725134e-10, -2.157319e-10, -7.514302e-12
73.900000, 1.605203e-10, 1.655660e-10, -2.183097e-10, -2.773973e-12
74.000000, 1.489868e-10, 1.551239e-10, -2.145928e-10, -2.953060e-12
74.100000, 1.537489e-10, 1.490637e-10, -2.156159e-10, 5.188253e-12
74.200000, 1.409622e-10, 1.418089e-10, -2.125056e-10, -7.419592e-13
74.300000, 1.425374e-10, 1.358157e-10, -2.137811e-10, 2.942695e-12
74.400000, 1.327565e-10, 1.283874e-10, -2.113537e-10, 2.476353e-13
74.500000, 1.381865e-10, 1.245088e-10, -2.144739e-10, 5.023234e-12
74.600000, 1.257054e-10, 1.159347e-10, -2.113497e-10, 1.342777e-12
74.700000, 1.341935e-10, 1.119945e-10, -2.124861e-10, 7.843735e-12
74.800000, 1.248076e-10, 1.026592e-10, -2.087857e-10, 5.653873e-12
74.900000, 1.308149e-10, 9.767368e-11, -2.091858e-10, 1.053440e-11
75.000000, 1.184542e-10, 9.119591e-11, -2.043240e-10, 6.536424e-12
75.100000, 1.241787e-10, 8.815939e-11, -2.060124e-10, 1.142781e-11
75.200000, 1.107395e-10, 8.250709e-11, -2.000168e-10, 7.168783e-12
75.300000, 1.142070e-10, 8.118405e-11, -1.999233e-10, 1.060245e-11
75.400000, 1.038359e-10, 7.274424e-11, -1.929142e-10, 7.286383e-12
75.500000, 1.060146e-10, 6.947014e-11, -1.940373e-10, 9.047341e-12
75.600000, 9.602975e-11, 6.426162e-11, -1.880835e-10, 3.452687e-12
75.700000, 1.031641e-10, 6.009483e-11, -1.881456e-10, 8.458237e-12
75.800000, 9.276553e-11, 5.312373e-11, -1.836096e-10, 2.652976e-12
75.900000, 9.646411e-11, 4.963919e-11, -1.842000e-10, 7.309633e-12
76.000000, 8.432175e-11, 4.276844e-11, -1.775612e-10, 2.680384e-12
76.100000, 8.980117e-11, 4.012736e-11, -1.777055e-10, 4.858633e-12
76.200000, 8.208982e-11, 3.458199e-11, -1.716585e-10, 2.451376e-12
76.300000, 8.687949e-11, 3.237957e-11, -1.707133e-10, 3.973983e-12
76.400000, 7.595494e-11, 2.748169e-11, -1.659637e-10, -4.469328e-13
76.500000, 8.047578e-11, 2.583735e-11, -1.645649e-10, 3.844546e-12
76.600000, 7.012088e-11, 2.235362e-11, -1.579707e-10, -8.027541e-13
76.700000, 7.283255e-11, 2.213198e-11, -1.567739e-10, 4.728844e-13
76.800000, 6.177603e-11, 1.845241e-11, -1.499168e-10, -4.015717e-12
76.900000, 6.648492e-11, 1.772661e-11, -1.479396e-10, 6.404084e-13
77.000000, 5.525506e-11, 1.386917e-11, -1.413542e-10, -3.775057e-12
77.100000, 5.866045e-11, 1.265884e-11, -1.397134e-10, -1.401853e-12
77.200000, 4.923804e-11, 9.375841e-12, -1.339507e-10, -5.027953e-12
77.300000, 5.458455e-11, 8.121702e-12, -1.331780e-10, -1.860497e-12
77.400000, 4.430136e-11, 4.884922e-12, -1.278581e-10, -6.155756e-12
77.500000, 4.845843e-11, 5.035968e-12, -1.275287e-10, -3.314223e-12
77.600000, 3.914062e-11, 1.571435e-12, -1.222566e-10, -6.002147e-12
77.700000, 4.326718e-11, 1.960426e-12, -1.218691e-10, -3.388989e-12
77.800000, 3.553596e-11, 6.362048e-13, -1.161793e-10, -7.604798e-12
77.900000, 3.944514e-11, 1.013079e-12, -1.145300e-10, -5.345455e-12
78.000000, 3.127333e-11, -1.299483e-12, -1.093706e-10, -9.142786e-12
78.100000, 3.641104e-11, -7.917033e-13, -1.089483e-10, -6.060381e-12
78.200000, 2.823570e-11, -3.079517e-12, -1.035618e-10, -1.018100e-11
78.300000, 3.348586e-11, -2.768626e-12, -1.034387e-10, -6.678938e-12
78.400000, 2.578312e-11, -4.566082e-12, -9.832091e-11, -8.812430e-12
78.500000, 3.043092e-11, -4.498137e-12, -9.793178e-11, -5.260402e-12
78.600000, 2.260575e-11, -7.190462e-12, -9.333524e-11, -8.002944e-12
78.700000, 2.787535e-11, -7.320223e-12, -9.236154e-11, -4.284612e-12
78.800000, 1.941035e-11, -9.823138e-12, -8.689273e-11, -6.814127e-12
78.900000, 2.456898e-11, -9.256523e-12, -8.626994e-11, -3.552179e-12
79.000000, 1.717228e-11, -1.053151e-11, -8.124298e-11, -6.075601e-12
79.100000, 2.201567e-11, -9.891949e-12, -8.070665e-11, -3.293546e-12
79.200000, 1.405696e-11, -1.136642e-11, -7.593464e-11, -6.713998e-12
79.300000, 1.903043e-11, -1.038538e-11, -7.487084e-11, -4.261385e-12
79.400000, 1.152514e-11, -1.147179e-11, -7.021532e-11, -7.355851e-12
79.500000, 1.585410e-11, -1.041729e-11, -6.984287e-11, -4.481910e-12
79.600000, 8.522700e-12, -1.164108e-11, -6.517692e-11, -7.377002e-12
79.700000, 1.272839e-11, -1.050988e-11, -6.503062e-11, -4.223158e-12
79.800000, 5.017224e-12, -1.162651e-11, -6.054015e-11, -7.158155e-12
79.900000, 9.638400e-12, -1.035259e-11, -6.016952e-11, -4.342480e-12
80.000000, 2.455749e-12, -1.108433e-11, -5.586633e-11, -7.250391e-12
80.100000, 6.962423e-12, -1.002770e-11, -5.584396e-11, -4.304745e-12
80.200000, 9.143885e-14, -1.076855e-11, -5.150863e-11, -6.949675e-12
80.300000, 5.092295e-12, -9.328272e-12, -5.122777e-11, -3.928649e-12
80.400000, -1.467053e-12, -1.014802e-11, -4.740909e-11, -6.737874e-12
80.500000, 3.705318e-12, -8.819884e-12, -4.704384e-11, -3.716656e-12
80.600000, -2.529761e-12, -9.474143e-12, -4.337447e-11, -6.067989e-12
80.700000, 2.832050e-12, -8.679708e-12, -4.362275e-11, -3.244816e-12
80.800000, -3.140485e-12, -9.656463e-12, -4.021715e-11, -5.565100e-12
80.900000, 2.382145e-12, -8.583904e-12, -4.040258e-11, -1.754762e-12
81.000000, -3.833422e-12, -9.679698e-12, -3.718644e-11, -4.053867e-12
81.100000, 1.486830e-12, -8.873084e-12, -3.769078e-11, -1.069757e-12
81.200000, -4.545403e-12, -1.017489e-11, -3.450345e-11, -3.194132e-12
81.300000, 6.243749e-13, -9.608525e-12, -3.480820e-11, 2.099314e-13
81.400000, -5.254435e-12, -1.063987e-11, -3.166995e-11, -1.715216e-12
81.500000, 1.425917e-13, -9.772421e-12, -3.195677e-11, 1.808615e-12
81.600000, -5.589499e-12, -1.083474e-11, -2.870460e-11, -1.374814e-14
81.700000, -2.218829e-13, -1.016634e-11, -2.889770e-11, 3.087794e-12
81.800000, -5.872213e-12, -1.140206e-11, -2.576960e-11, 1.111995e-12
81.900000, -6.582238e-13, -1.073727e-11, -2.603524e-11, 4.190237e-12
82.000000, -6.273097e-12, -1.175412e-11, -2.318967e-11, 2.107714e-12
82.100000, -1.214321e-12, -1.112737e-11, -2.374442e-11, 5.453540e-12
82.200000, -6.822035e-12, -1.197293e-11, -2.077223e-11, 3.554945e-12
82.300000, -1.805545e-12, -1.129196e-11, -2.122916e-11, 6.763242e-12
82.400000, -7.508896e-12, -1.224491e-11, -1.842802e-11, 4.726702e-12
82.500000, -2.468090e-12, -1.156246e-11, -1.892001e-11, 7.746583e-12
82.600000, -7.898462e-12, -1.243910e-11, -1.617839e-11, 5.726942e-12
82.700000, -3.012374e-12, -1.169358e-11, -1.666411e-11, 8.723976e-12
82.800000, -8.454821e-12, -1.245732e-11, -1.415244e-11, 6.828153e-12
82.900000, -3.558430e-12, -1.172048e-11, -1.465921e-11, 9.799187e-12
83.000000, -8.807754e-12, -1.230387e-11, -1.211595e-11, 7.796616e-12
83.100000, -3.620009e-12, -1.140932e-11, -1.267502e-11, 1.075458e-11
83.200000, -8.640058e-12, -1.217259e-11, -1.029605e-11, 8.815008e-12
83.300000, -3.537638e-12, -1.144868e-11, -1.097904e-11, 1.188974e-11
83.400000, -8.608094e-12, -1.227299e-11, -8.677028e-12, 1.017018e-11
83.500000, -3.689524e-12, -1.157251e-11, -9.506128e-12, 1.314450e-11
83.600000, -8.701792e-12, -1.228497e-11, -7.292338e-12, 1.130398e-11
83.700000, -3.757361e-12, -1.161085e-11, -8.060629e-12, 1.419613e-11
83.800000, -8.729613e-12, -1.246582e-11, -5.874364e-12, 1.242505e-11
83.900000, -3.901913e-12, -1.196390e-11, -6.643587e-12, 1.534399e-11
84.000000, -8.772505e-12, -1.277212e-11, -4.489525e-12, 1.358236e-11
84.100000, -3.918556e-12, -1.221112e-11, -5.218794e-12, 1.644986e-11
84.200000, -8.723958e-12, -1.296629e-11, -3.113383e-12, 1.461361e-11
84.300000, -3.950389e-12, -1.238823e-11, -3.892610e-12, 1.738328e-11
84.400000, -8.730357e-12, -1.314644e-11, -1.931497e-12, 1.545503e-11
84.500000, -4.002541e-12, -1.262279e-11, -2.783577e-12, 1.818591e-11
84.600000, -8.661587e-12, -1.338724e-11, -8.087766e-13, 1.635935e-11
84.700000, -3.975129e-12, -1.287400e-11, -1.597004e-12, 1.900974e-11
84.800000, -8.756548e-12, -1.358633e-11, 3.532237e-13, 1.707564e-11
84.900000, -4.187910e-12, -1.305943e-11, -3.744516e-13, 1.960364e-11
85.000000, -8.937842e-12, -1.377594e-11, 1.559491e-12, 1.764839e-11
85.100000, -4.415622e-12, -1.325319e-11, 8.030753e-13, 2.012728e-11
85.200000, -9.080372e-12, -1.392644e-11, 2.724158e-12, 1.818929e-11
85.300000, -4.617943e-12, -1.337915e-11, 1.961056e-12, 2.056803e-11
85.400000, -9.303587e-12, -1.403325e-11, 3.813287e-12, 1.856113e-11
85.500000, -4.849094e-12, -1.345421e-11, 3.030810e-12, 2.089755e-11
85.600000, -9.471491e-12, -1.405530e-11, 4.806855e-12, 1.886532e-11
85.700000, -5.091052e-12, -1.349154e-11, 3.948803e-12, 2.111780e-11
85.800000, -9.588921e-12, -1.405268e-11, 5.673961e-12, 1.910955e-11
85.900000, -5.234557e-12, -1.348691e-11, 4.782997e-12, 2.136467e-11
86.000000, -9.762921e-12, -1.410057e-11, 6.439252e-12, 1.934620e-11
86.100000, -5.458632e-12, -1.359208e-11, 5.532023e-12, 2.149912e-11
86.200000, -9.853008e-12, -1.415448e-11, 7.161418e-12, 1.951042e-11
86.300000, -5.563041e-12, -1.364494e-11, 6.275547e-12, 2.163980e-11
86.400000, -9.975939e-12, -1.423385e-11, 7.851728e-12, 1.966337e-11
86.500000, -5.782249e-12, -1.378568e-11, 6.956754e-12, 2.179914e-11
86.600000, -1.016080e-11, -1.436996e-11, 8.503427e-12, 1.981444e-11
86.700000, -5.954689e-12, -1.390886e-11, 7.629658e-12, 2.192984e-11
86.800000, -1.027599e-11, -1.446609e-11, 9.146208e-12, 1.995639e-11
86.900000, -6.160646e-12, -1.402143e-11, 8.238515e-12, 2.201675e-11
87.000000, -1.043535e-11, -1.457219e-11, 9.710929e-12, 2.005030e-11
87.100000, -6.322704e-12, -1.414175e-11, 8.785219e-12, 2.211690e-11
87.200000, -1.060490e-11, -1.470795e-11, 1.020636e-11, 2.016025e-11
87.300000, -6.575301e-12, -1.429147e-11, 9.300229e-12, 2.213912e-11
87.400000, -1.079428e-11, -1.483080e-11, 1.071456e-11, 2.017159e-11
87.500000, -6.788115e-12, -1.442515e-11, 9.813771e-12, 2.213021e-11
87.600000, -1.097858e-11, -1.498785e-11, 1.120356e-11, 2.019302e-11
87.700000, -7.023996e-12, -1.458608e-11, 1.030543e-11, 2.211190e-11
87.800000, -1.116481e-11, -1.512444e-11, 1.166961e-11, 2.016257e-11
87.900000, -7.251686e-12, -1.473249e-11, 1.076456e-11, 2.204844e-11
88.000000, -1.136206e-11, -1.524875e-11, 1.210147e-11, 2.010267e-11
88.100000, -7.501154e-12, -1.485520e-11, 1.117680e-11, 2.195051e-11
88.200000, -1.155374e-11, -1.535481e-11, 1.247202e-11, 2.002493e-11
88.300000, -7.713219e-12, -1.495688e-11, 1.154064e-11, 2.186039e-11
88.400000, -1.175450e-11, -1.543297e-11, 1.279860e-11, 1.994620e-11
88.500000, -7.969973e-12, -1.504449e-11, 1.186013e-11, 2.174015e-11
88.600000, -1.198649e-11, -1.552403e-11, 1.308100e-11, 1.982989e-11
88.700000, -8.232884e-12, -1.515556e-11, 1.214689e-11, 2.160820e-11
88.800000, -1.218161e-11, -1.561887e-11, 1.334205e-11, 1.971443e-11
88.900000, -8.444174e-12, -1.525866e-11, 1.240261e-11, 2.148435e-11
89.000000, -1.235952e-11, -1.571847e-11, 1.356467e-11, 1.962520e-11
89.100000, -8.649479e-12, -1.536728e-11, 1.261828e-11, 2.137411e-11
89.200000, -1.251197e-11, -1.582482e-11, 1.374986e-11, 1.952893e-11
89.300000, -8.827890e-12, -1.547863e-11, 1.280035e-11, 2.126193e-11
89.400000, -1.264795e-11, -1.591961e-11, 1.390986e-11, 1.942215e-11
89.500000, -8.999895e-12, -1.557725e-11, 1.296650e-11, 2.113286e-11
89.600000, -1.278265e-11, -1.601583e-11, 1.405345e-11, 1.931640e-11
89.700000, -9.168463e-12, -1.568168e-11, 1.311235e-11, 2.100744e-11
89.800000, -1.292896e-11, -1.610851e-11, 1.418817e-11, 1.919491e-11
89.900000, -9.349717e-12, -1.578152e-11, 1.325548e-11, 2.085109e-11
90.000000, -1.306714e-11, -1.620499e-11, 1.431716e-11, 1.904949e-11
90.100000, -9.519628e-12, -1.588242e-11, 1.339060e-11, 2.068820e-11
90.200000, -1.319233e-11, -1.629550e-11, 1.443422e-11, 1.890640e-11
90.300000, -9.665821e-12, -1.598516e-11, 1.351257e-11, 2.052154e-11
90.400000, -1.330212e-11, -1.638574e-11, 1.453494e-11, 1.874544e-11
90.500000, -9.811500e-12, -1.607649e-11, 1.362266e-11, 2.033644e-11
90.600000, -1.341061e-11, -1.646559e-11, 1.462863e-11, 1.856606e-11
90.700000, -9.946161e-12, -1.615963e-11, 1.371435e-11, 2.013182e-11
90.800000, -1.350984e-11, -1.653730e-11, 1.470406e-11, 1.837506e-11
90.900000, -1.007621e-11, -1.623288e-11, 1.380098e-11, 1.992494e-11
91.000000, -1.360695e-11, -1.659739e-11, 1.477725e-11, 1.817635e-11
91.100000, -1.020394e-11, -1.629207e-11, 1.387951e-11, 1.970420e-11
91.200000, -1.370472e-11, -1.664573e-11, 1.483848e-11, 1.796556e-11
91.300000, -1.033878e-11, -1.634991e-11, 1.394844e-11, 1.947214e-11
91.400000, -1.380720e-11, -1.669819e-11, 1.489088e-11, 1.775100e-11
91.500000, -1.046412e-11, -1.640076e-11, 1.400628e-11, 1.924918e-11
91.600000, -1.389613e-11, -1.673419e-11, 1.493488e-11, 1.754580e-11
91.700000, -1.057866e-11, -1.643841e-11, 1.405326e-11, 1.902693e-11
91.800000, -1.397653e-11, -1.676713e-11, 1.496313e-11, 1.733715e-11
91.900000, -1.068614e-11, -1.647545e-11, 1.408520e-11, 1.879944e-11
92.000000, -1.403783e-11, -1.679082e-11, 1.498074e-11, 1.712826e-11
92.100000, -1.076927e-11, -1.650060e-11, 1.410807e-11, 1.857986e-11
92.200000, -1.409503e-11, -1.680984e-11, 1.499164e-11, 1.692127e-11
92.300000, -1.085689e-11, -1.652275e-11, 1.412526e-11, 1.835629e-11
92.400000, -1.414457e-11, -1.682144e-11, 1.499567e-11, 1.671353e-11
92.500000, -1.093261e-11, -1.653860e-11, 1.413601e-11, 1.813300e-11
92.600000, -1.418907e-11, -1.683292e-11, 1.499151e-11, 1.650632e-11
92.700000, -1.099929e-11, -1.655529e-11, 1.413981e-11, 1.791227e-11
92.800000, -1.422014e-11, -1.684096e-11, 1.498379e-11, 1.630224e-11
92.900000, -1.105464e-11, -1.656907e-11, 1.413734e-11, 1.769772e-11
93.000000, -1.424212e-11, -1.684596e-11, 1.496752e-11, 1.610024e-11
93.100000, -1.110176e-11, -1.657650e-11, 1.412619e-11, 1.748089e-11
93.200000, -1.425327e-11, -1.684781e-11, 1.494457e-11, 1.589892e-11
93.300000, -1.113343e-11, -1.658365e-11, 1.411071e-11, 1.726837e-11
93.400000, -1.425415e-11, -1.684827e-11, 1.491585e-11, 1.570043e-11
93.500000, -1.115876e-11, -1.658648e-11, 1.408766e-11, 1.705545e-11
93.600000, -1.424372e-11, -1.684230e-11, 1.488219e-11, 1.550214e-11
93.700000, -1.116908e-11, -1.658260e-11, 1.406003e-11, 1.684534e-11
93.800000, -1.422366e-11, -1.683271e-11, 1.484266e-11, 1.530889e-11
93.900000, -1.117498e-11, -1.657743e-11, 1.402621e-11, 1.664272e-11
94.000000, -1.419913e-11, -1.682037e-11, 1.479674e-11, 1.512509e-11
94.100000, -1.117224e-11, -1.656760e-11, 1.398714e-11, 1.644954e-11
94.200000, -1.416428e-11, -1.680360e-11, 1.474686e-11, 1.494737e-11
94.300000, -1.116166e-11, -1.655235e-11, 1.394300e-11, 1.626185e-11
94.400000, -1.412307e-11, -1.677997e-11, 1.469127e-11, 1.477564e-11
94.500000, -1.114208e-11, -1.653022e-11, 1.389223e-11, 1.607961e-11
94.600000, -1.407185e-11, -1.675086e-11, 1.462926e-11, 1.460980e-11
94.700000, -1.111280e-11, -1.650452e-11, 1.383695e-11, 1.590398e-11
94.800000, -1.401402e-11, -1.671819e-11, 1.456585e-11, 1.444977e-11
94.900000, -1.107933e-11, -1.647388e-11, 1.378140e-11, 1.573282e-11
95.000000, -1.395228e-11, -1.668071e-11, 1.450019e-11, 1.429313e-11
95.100000, -1.104029e-11, -1.643861e-11, 1.372213e-11, 1.556678e-11
95.200000, -1.388379e-11, -1.663818e-11, 1.443045e-11, 1.414234e-11
95.300000, -1.099392e-11, -1.639756e-11, 1.365770e-11, 1.540588e-11
95.400000, -1.380922e-11, -1.658966e-11, 1.435631e-11, 1.399677e-11
95.500000, -1.094189e-11, -1.634914e-11, 1.358968e-11, 1.525042e-11
95.600000, -1.372913e-11, -1.653242e-11, 1.427859e-11, 1.385491e-11
95.700000, -1.088390e-11, -1.629205e-11, 1.351812e-11, 1.509804e-11
95.800000, -1.364426e-11, -1.646737e-11, 1.419753e-11, 1.371587e-11
95.900000, -1.082142e-11, -1.622752e-11, 1.344318e-11, 1.494782e-11
96.000000, -1.355467e-11, -1.639460e-11, 1.411422e-11, 1.357717e-11
96.100000, -1.075409e-11, -1.615385e-11, 1.336624e-11, 1.479674e-11
96.200000, -1.346029e-11, -1.631207e-11, 1.402850e-11, 1.343823e-11
96.300000, -1.068149e-11, -1.607077e-11, 1.328767e-11, 1.464530e-11
96.400000, -1.336325e-11, -1.622021e-11, 1.394236e-11, 1.329699e-11
96.500000, -1.060883e-11, -1.597755e-11, 1.320820e-11, 1.449063e-11
96.600000, -1.326685e-11, -1.611893e-11, 1.385505e-11, 1.315328e-11
96.700000, -1.053543e-11, -1.587583e-11, 1.312836e-11, 1.433624e-11
96.800000, -1.316858e-11, -1.600728e-11, 1.376876e-11, 1.300971e-11
96.900000, -1.046038e-11, -1.576282e-11, 1.304956e-11, 1.417952e-11
97.000000, -1.307179e-11, -1.588723e-11, 1.368318e-11, 1.286249e-11
97.100000, -1.038776e-11, -1.564321e-11, 1.297239e-11, 1.401973e-11
97.200000, -1.297727e-11, -1.576113e-11, 1.360068e-11, 1.271312e-11
97.300000, -1.031695e-11, -1.551839e-11, 1.289828e-11, 1.386034e-11
97.400000, -1.288447e-11, -1.563008e-11, 1.352112e-11, 1.256598e-11
97.500000, -1.024751e-11, -1.538834e-11, 1.282760e-11, 1.370217e-11
97.600000, -1.279212e-11, -1.549485e-11, 1.344581e-11, 1.242046e-11
97.700000, -1.017849e-11, -1.525585e-11, 1.276205e-11, 1.354747e-11
97.800000, -1.270323e-11, -1.535782e-11, 1.337687e-11, 1.227563e-11
97.900000, -1.011370e-11, -1.512115e-11, 1.270221e-11, 1.339089e-11
98.000000, -1.261776e-11, -1.522075e-11, 1.331287e-11, 1.213065e-11
98.100000, -1.005195e-11, -1.498907e-11, 1.264777e-11, 1.323795e-11
98.200000, -1.253610e-11, -1.508628e-11, 1.325447e-11, 1.199075e-11
98.300000, -9.993173e-12, -1.485926e-11, 1.259816e-11, 1.309048e-11
98.400000, -1.245694e-11, -1.495595e-11, 1.320133e-11, 1.185770e-11
98.500000, -9.938232e-12, -1.473564e-11, 1.255557e-11, 1.294969e-11
98.600000, -1.238345e-11, -1.483254e-11, 1.315547e-11, 1.172875e-11
98.700000, -9.887153e-12, -1.461834e-11, 1.251799e-11, 1.281343e-11
98.800000, -1.231143e-11, -1.471450e-11, 1.311340e-11, 1.160601e-11
98.900000, -9.836313e-12, -1.450618e-11, 1.248393e-11, 1.268370e-11
99.000000, -1.224076e-11, -1.460260e-11, 1.307456e-11, 1.148895e-11
99.100000, -9.787694e-12, -1.440092e-11, 1.245283e-11, 1.255989e-11
99.200000, -1.217212e-11, -1.449774e-11, 1.303893e-11, 1.137861e-11
99.300000, -9.740153e-12, -1.430210e-11, 1.242457e-11, 1.244230e-11
99.400000, -1.210337e-11, -1.439835e-11, 1.300525e-11, 1.127420e-11
99.500000, -9.691341e-12, -1.420804e-11, 1.239749e-11, 1.233179e-11
99.600000, -1.203382e-11, -1.430376e-11, 1.297157e-11, 1.117600e-11
99.700000, -9.640660e-12, -1.411837e-11, 1.236801e-11, 1.222594e-11
99.800000, -1.196032e-11, -1.421265e-11, 1.293403e-11, 1.108374e-11
99.900000, -9.583901e-12, -1.403095e-11, 1.233349e-11, 1.212799e-11
100.000000, -1.188104e-11, -1.412386e-11, 1.289032e-11, 1.099831e-11
100.100000, -9.522156e-12, -1.394605e-11, 1.229243e-11, 1.203497e-11
100.200000, -1.179630e-11, -1.403536e-11, 1.283950e-11, 1.091527e-11
100.300000, -9.451065e-12, -1.385736e-11, 1.224081e-11, 1.194247e-11
100.400000, -1.169862e-11, -1.394028e-11, 1.277441e-11, 1.083192e-11
100.500000, -9.367040e-12, -1.376150e-11, 1.217399e-11, 1.184799e-11
100.600000, -1.159039e-11, -1.383959e-11, 1.269476e-11, 1.074536e-11
100.700000, -9.272444e-12, -1.366108e-11, 1.209191e-11, 1.175164e-11
100.800000, -1.147085e-11, -1.373239e-11, 1.259835e-11, 1.065521e-11
100.900000, -9.164899e-12, -1.355071e-11, 1.199166e-11, 1.164915e-11
101.000000, -1.133658e-11, -1.361350e-11, 1.248277e-11, 1.055986e-11
101.100000, -9.042208e-12, -1.342855e-11, 1.187142e-11, 1.154184e-11
101.200000, -1.118813e-11, -1.348274e-11, 1.234667e-11, 1.045782e-11
101.300000, -8.904722e-12, -1.329306e-11, 1.172985e-11, 1.142700e-11
101.400000, -1.102492e-11, -1.333711e-11, 1.218861e-11, 1.034665e-11
101.500000, -8.752926e-12, -1.314161e-11, 1.156591e-11, 1.130074e-11
101.600000, -1.084860e-11, -1.317562e-11, 1.200940e-11, 1.022307e-11
101.700000, -8.589136e-12, -1.297692e-11, 1.138315e-11, 1.116455e-11
101.800000, -1.065949e-11, -1.300311e-11, 1.181269e-11, 1.009439e-11
101.900000, -8.411557e-12, -1.280147e-11, 1.118406e-11, 1.102632e-11
102.000000, -1.045935e-11, -1.282169e-11, 1.160299e-11, 9.964139e-12
102.100000, -8.225550e-12, -1.261884e-11, 1.097511e-11, 1.088718e-11
102.200000, -1.025388e-11, -1.263416e-11, 1.138575e-11, 9.832046e-12
102.300000, -8.038280e-12, -1.243325e-11, 1.076167e-11, 1.074599e-11
102.400000, -1.004968e-11, -1.244825e-11, 1.116750e-11, 9.702467e-12
102.500000, -7.853663e-12, -1.225398e-11, 1.055047e-11, 1.061340e-11
102.600000, -9.851747e-12, -1.227366e-11, 1.095530e-11, 9.584774e-12
102.700000, -7.678697e-12, -1.209019e-11, 1.034928e-11, 1.049547e-11
102.800000, -9.666930e-12, -1.211766e-11, 1.075762e-11, 9.484211e-12
102.900000, -7.520596e-12, -1.194908e-11, 1.016779e-11, 1.039789e-11
103.000000, -9.503753e-12, -1.199125e-11, 1.058553e-11, 9.408689e-12
103.100000, -7.388792e-12, -1.184365e-11, 1.001701e-11, 1.032884e-11
103.200000, -9.371784e-12, -1.190546e-11, 1.044917e-11, 9.363703e-12
103.300000, -7.292578e-12, -1.178422e-11, 9.907057e-12, 1.029353e-11
103.400000, -9.279270e-12, -1.187032e-11, 1.035833e-11, 9.355967e-12
103.500000, -7.239697e-12, -1.178180e-11, 9.848645e-12, 1.030157e-11
103.600000, -9.234279e-12, -1.189923e-11, 1.032592e-11, 9.398827e-12
103.700000, -7.235388e-12, -1.184664e-11, 9.852828e-12, 1.036591e-11
103.800000, -9.238276e-12, -1.199774e-11, 1.035941e-11, 9.503500e-12
103.900000, -7.282149e-12, -1.198519e-11, 9.927611e-12, 1.049839e-11
104.000000, -9.299903e-12, -1.217581e-11, 1.046964e-11, 9.678336e-12
104.100000, -7.393936e-12, -1.220748e-11, 1.008423e-11, 1.069781e-11
104.200000, -9.430007e-12, -1.243771e-11, 1.066400e-11, 9.916925e-12
104.300000, -7.575269e-12, -1.251335e-11, 1.032556e-11, 1.095985e-11
104.400000, -9.629583e-12, -1.278300e-11, 1.094280e-11, 1.021773e-11
104.500000, -7.822610e-12, -1.289922e-11, 1.064942e-11, 1.128422e-11
104.600000, -9.890772e-12, -1.320362e-11, 1.130121e-11, 1.058023e-11
104.700000, -8.127749e-12, -1.335664e-11, 1.104882e-11, 1.166722e-11
104.800000, -1.020695e-11, -1.369105e-11, 1.172931e-11, 1.099378e-11
104.900000, -8.482577e-12, -1.387180e-11, 1.150987e-11, 1.209213e-11
105.000000, -1.056627e-11, -1.422479e-11, 1.220993e-11, 1.143958e-11
105.100000, -8.872254e-12, -1.442057e-11, 1.201207e-11, 1.253832e-11
105.200000, -1.094856e-11, -1.477558e-11, 1.271743e-11, 1.189463e-11
105.300000, -9.272703e-12, -1.496912e-11, 1.252645e-11, 1.298066e-11
105.400000, -1.133047e-11, -1.531123e-11, 1.322294e-11, 1.233377e-11
105.500000, -9.658477e-12, -1.548448e-11, 1.302221e-11, 1.339433e-11
105.600000, -1.168280e-11, -1.579324e-11, 1.369075e-11, 1.272689e-11
105.700000, -1.000171e-11, -1.592843e-11, 1.346174e-11, 1.374424e-11
105.800000, -1.198058e-11, -1.618638e-11, 1.408457e-11, 1.303868e-11
105.900000, -1.027596e-11, -1.626496e-11, 1.380906e-11, 1.399791e-11
106.000000, -1.219509e-11, -1.645515e-11, 1.436929e-11, 1.324240e-11
106.100000, -1.045429e-11, -1.646307e-11, 1.403213e-11, 1.413316e-11
106.200000, -1.230237e-11, -1.657330e-11, 1.451627e-11, 1.331933e-11
106.300000, -1.051496e-11, -1.649771e-11, 1.410488e-11, 1.413234e-11
106.400000, -1.228379e-11, -1.651602e-11, 1.450217e-11, 1.325045e-11
106.500000, -1.044253e-11, -1.634807e-11, 1.400861e-11, 1.398061e-11
106.600000, -1.212674e-11, -1.627001e-11, 1.431397e-11, 1.302934e-11
106.700000, -1.022888e-11, -1.600827e-11, 1.373563e-11, 1.367646e-11
106.800000, -1.182862e-11, -1.583465e-11, 1.394933e-11, 1.265725e-11
106.900000, -9.877152e-12, -1.548382e-11, 1.329005e-11, 1.322549e-11
107.000000, -1.139943e-11, -1.522370e-11, 1.342033e-11, 1.214485e-11
107.100000, -9.404059e-12, -1.479696e-11, 1.269237e-11, 1.264483e-11
107.200000, -1.086118e-11, -1.446714e-11, 1.275490e-11, 1.151675e-11
107.300000, -8.835909e-12, -1.398366e-11, 1.197605e-11, 1.196445e-11
107.400000, -1.024338e-11, -1.360487e-11, 1.198988e-11, 1.080571e-11
107.500000, -8.203819e-12, -1.308568e-11, 1.117951e-11, 1.121814e-11
107.600000, -9.577307e-12, -1.267849e-11, 1.116388e-11, 1.004515e-11
107.700000, -7.538392e-12, -1.214305e-11, 1.034060e-11, 1.043800e-11
107.800000, -8.892368e-12, -1.172573e-11, 1.031342e-11, 9.265369e-12
107.900000, -6.867360e-12, -1.119114e-11, 9.493891e-12, 9.652442e-12
108.000000, -8.214284e-12, -1.077978e-11, 9.470593e-12, 8.493046e-12
108.100000, -6.214252e-12, -1.026072e-11, 8.668887e-12, 8.886400e-12
108.200000, -7.564245e-12, -9.868351e-12, 8.662134e-12, 7.750784e-12
108.300000, -5.597816e-12, -9.376114e-12, 7.889080e-12, 8.159486e-12
108.400000, -6.958478e-12, -9.012324e-12, 7.908081e-12, 7.054934e-12
108.500000, -5.031650e-12, -8.554682e-12, 7.171202e-12, 7.484908e-12
108.600000, -6.407905e-12, -8.225679e-12, 7.221952e-12, 6.416005e-12
108.700000, -4.524198e-12, -7.807307e-12, 6.525682e-12, 6.870839e-12
108.800000, -5.918721e-12, -7.516463e-12, 6.611386e-12, 5.839986e-12
108.900000, -4.079484e-12, -7.139310e-12, 5.957533e-12, 6.321115e-12
109.000000, -5.492782e-12, -6.887098e-12, 6.078669e-12, 5.328505e-12
109.100000, -3.697208e-12, -6.550153e-12, 5.466321e-12, 5.835151e-12
109.200000, -5.127695e-12, -6.334331e-12, 5.620858e-12, 4.878903e-12
109.300000, -3.372955e-12, -6.034137e-12, 5.046738e-12, 5.408440e-12
109.400000, -4.817136e-12, -5.850271e-12, 5.230397e-12, 4.484993e-12
109.500000, -3.098809e-12, -5.581484e-12, 4.689242e-12, 5.033198e-12
109.600000, -4.551972e-12, -5.423567e-12, 4.896133e-12, 4.137608e-12
109.700000, -2.864790e-12, -5.179719e-12, 4.381549e-12, 4.699297e-12
109.800000, -4.321767e-12, -5.041175e-12, 4.605159e-12, 3.826153e-12
109.900000, -2.660319e-12, -4.815663e-12, 4.110561e-12, 4.396088e-12
110.000000, -4.116014e-12, -4.690074e-12, 4.344501e-12, 3.540159e-12
110.100000, -2.475099e-12, -4.476598e-12, 3.863560e-12, 4.113335e-12
110.200000, -3.924645e-12, -4.357808e-12, 4.101711e-12, 3.269585e-12
110.300000, -2.299282e-12, -4.150257e-12, 3.628345e-12, 3.841092e-12
110.400000, -3.738011e-12, -4.032269e-12, 3.864732e-12, 3.004513e-12
110.500000, -2.123339e-12, -3.824654e-12, 3.392946e-12, 3.569496e-12
110.600000, -3.546634e-12, -3.701544e-12, 3.621704e-12, 2.735177e-12
110.700000, -1.937836e-12, -3.487944e-12, 3.145590e-12, 3.288897e-12
110.800000, -3.341090e-12, -3.353863e-12, 3.360883e-12, 2.452048e-12
110.900000, -1.733290e-12, -3.128377e-12, 2.874513e-12, 2.989820e-12
111.000000, -3.111782e-12, -2.977423e-12, 3.070434e-12, 2.145605e-12
111.100000, -1.500046e-12, -2.734087e-12, 2.567820e-12, 2.662656e-12
111.200000, -2.849142e-12, -2.560388e-12, 2.738541e-12, 1.806236e-12
111.300000, -1.228842e-12, -2.293554e-12, 2.214084e-12, 2.298043e-12
111.400000, -2.544516e-12, -2.092009e-12, 2.354605e-12, 1.425242e-12
111.500000, -9.119892e-13, -1.797278e-12, 1.803992e-12, 1.888385e-12
111.600000, -2.191565e-12, -1.564494e-12, 1.911026e-12, 9.964569e-13
111.700000, -5.448432e-13, -1.239529e-12, 1.332016e-12, 1.429148e-12
111.800000, -1.787539e-12, -9.743320e-13, 1.404560e-12, 5.170963e-13
111.900000, -1.266649e-13, -6.191986e-13, 7.972935e-13, 9.193774e-13
112.000000, -1.333765e-12, -3.230995e-13, 8.368024e-13, -1.178847e-14
112.100000, 3.391636e-13, 5.932066e-14, 2.039690e-13, 3.623199e-13
112.200000, -8.356579e-13, 3.821059e-13, 2.144670e-13, -5.848138e-13
112.300000, 8.451921e-13, 7.863796e-13, -4.387487e-13, -2.346912e-13
112.400000, -3.027619e-13, 1.129051e-12, -4.507259e-13, -1.192709e-12
112.500000, 1.379618e-12, 1.546950e-12, -1.116403e-12, -8.603001e-13
112.600000, 2.508022e-13, 1.899705e-12, -1.141391e-12, -1.821691e-12
112.700000, 1.926106e-12, 2.319950e-12, -1.808668e-12, -1.497913e-12
112.800000, 8.065543e-13, 2.669998e-12, -1.834310e-12, -2.452308e-12
112.900000, 2.464104e-12, 3.078454e-12, -2.489651e-12, -2.125579e-12
113.000000, 1.342072e-12, 3.410622e-12, -2.501346e-12, -3.060740e-12
113.100000, 2.969524e-12, 3.791358e-12, -3.129263e-12, -2.718134e-12
113.200000, 1.831730e-12, 4.088829e-12, -3.110618e-12, -3.620609e-12
113.300000, 3.415475e-12, 4.424172e-12, -3.694232e-12, -3.247910e-12
113.400000, 2.247939e-12, 4.668590e-12, -3.628091e-12, -4.103031e-12
113.500000, 3.774280e-12, 4.940027e-12, -4.150420e-12, -3.685277e-12
113.600000, 2.563694e-12, 5.113471e-12, -4.020384e-12, -4.478482e-12
113.700000, 4.020866e-12, 5.304861e-12, -4.466501e-12, -4.002122e-12
113.800000, 2.757323e-12, 5.393718e-12, -4.259951e-12, -4.721960e-12
113.900000, 4.137939e-12, 5.495044e-12, -4.620577e-12, -4.178962e-12
114.000000, 2.816727e-12, 5.493327e-12, -4.332162e-12, -4.821300e-12
114.100000, 4.119918e-12, 5.502678e-12, -4.606126e-12, -4.209868e-12
114.200000, 2.742977e-12, 5.412178e-12, -4.238042e-12, -4.775444e-12
114.300000, 3.973190e-12, 5.333450e-12, -4.430133e-12, -4.097860e-12
114.400000, 2.547400e-12, 5.160809e-12, -3.989437e-12, -4.589962e-12
114.500000, 3.713151e-12, 5.004655e-12, -4.109305e-12, -3.852925e-12
114.600000, 2.247875e-12, 4.763314e-12, -3.608205e-12, -4.282349e-12
114.700000, 3.360247e-12, 4.543676e-12, -3.669475e-12, -3.496199e-12
114.800000, 1.867277e-12, 4.246787e-12, -3.122194e-12, -3.872319e-12
114.900000, 2.939027e-12, 3.978333e-12, -3.140351e-12, -3.048164e-12
115.000000, 1.432541e-12, 3.642985e-12, -2.563737e-12, -3.383175e-12
115.100000, 2.477756e-12, 3.344008e-12, -2.556531e-12, -2.535808e-12
115.200000, 9.694638e-13, 2.987327e-12, -1.967688e-12, -2.846718e-12
115.300000, 2.000402e-12, 2.674900e-12, -1.952664e-12, -1.993116e-12
115.400000, 5.042753e-13, 2.316146e-12, -1.369476e-12, -2.296132e-12
115.500000, 1.533981e-12, 2.006986e-12, -1.361946e-12, -1.448127e-12
115.600000, 5.999880e-14, 1.659694e-12, -7.972260e-13, -1.754282e-12
115.700000, 1.099219e-12, 1.369221e-12, -8.102835e-13, -9.237803e-13
115.800000, -3.420691e-13, 1.048042e-12, -2.765502e-13, -1.243730e-12
115.900000, 7.136963e-13, 7.871780e-13, -3.197446e-13, -4.402174e-13
116.000000, -6.895616e-13, 5.017386e-13, 1.755455e-13, -7.820496e-13
116.100000, 3.867127e-13, 2.777686e-13, 9.583873e-14, -1.304063e-14
116.200000, -9.767121e-13, 3.139953e-14, 5.483653e-13, -3.826869e-13
116.300000, 1.225419e-13, -1.532552e-13, 4.295579e-13, 3.497998e-13
116.400000, -1.198070e-12, -3.574118e-13, 8.377226e-13, -4.743095e-14
116.500000, -7.386407e-14, -5.009331e-13, 6.792479e-13, 6.494970e-13
116.600000, -1.352475e-12, -6.638529e-13, 1.044082e-12, 2.251885e-13
116.700000, -2.050750e-13, -7.671061e-13, 8.477256e-13, 8.863380e-13
116.800000, -1.445558e-12, -8.899240e-13, 1.172249e-12, 4.330659e-13
116.900000, -2.824746e-13, -9.578081e-13, 9.435851e-13, 1.056544e-12
117.000000, -1.491183e-12, -1.046734e-12, 1.234227e-12, 5.772407e-13
117.100000, -3.148705e-13, -1.083840e-12, 9.782405e-13, 1.169461e-12
117.200000, -1.492786e-12, -1.141946e-12, 1.238675e-12, 6.696310e-13
117.300000, -3.049509e-13, -1.152025e-12, 9.598958e-13, 1.236309e-12
117.400000, -1.456245e-12, -1.186285e-12, 1.196863e-12, 7.230261e-13
117.500000, -2.607236e-13, -1.175718e-12, 9.012552e-13, 1.270023e-12
117.600000, -1.389111e-12, -1.190676e-12, 1.119455e-12, 7.468833e-13
117.700000, -1.903748e-13, -1.164617e-12, 8.119170e-13, 1.277302e-12
117.800000, -1.300525e-12, -1.165086e-12, 1.016078e-12, 7.464259e-13
117.900000, -1.030889e-13, -1.129243e-12, 7.015891e-13, 1.263703e-12
118.000000, -1.199566e-12, -1.121594e-12, 8.972036e-13, 7.295161e-13
118.100000, -7.042113e-15, -1.080013e-12, 5.804895e-13, 1.236502e-12
118.200000, -1.092738e-12, -1.067123e-12, 7.715431e-13, 7.013699e-13
118.300000, 9.213068e-14, -1.023430e-12, 4.562356e-13, 1.200877e-12
118.400000, -9.856202e-13, -1.009607e-12, 6.459860e-13, 6.680932e-13
118.500000, 1.903273e-13, -9.679418e-13, 3.347258e-13, 1.165339e-12
118.600000, -8.814517e-13, -9.570881e-13, 5.259713e-13, 6.388185e-13
118.700000, 2.822500e-13, -9.200461e-13, 2.212091e-13, 1.133721e-12
118.800000, -7.859789e-13, -9.129359e-13, 4.157884e-13, 6.125959e-13
118.900000, 3.630663e-13, -8.819470e-13, 1.201767e-13, 1.105404e-12
119.000000, -7.038652e-13, -8.800628e-13, 3.205822e-13, 5.900590e-13
119.100000, 4.316703e-13, -8.551565e-13, 3.475460e-14, 1.083255e-12
119.200000, -6.329234e-13, -8.598464e-13, 2.419007e-13, 5.777214e-13
119.300000, 4.880547e-13, -8.428183e-13, -3.248466e-14, 1.073334e-12
119.400000, -5.750968e-13, -8.540214e-13, 1.818578e-13, 5.767680e-13
119.500000, 5.309463e-13, -8.439052e-13, -8.156360e-14, 1.072732e-12
119.600000, -5.306940e-13, -8.601101e-13, 1.394375e-13, 5.836386e-13
119.700000, 5.610559e-13, -8.556681e-13, -1.138455e-13, 1.078925e-12
119.800000, -4.993208e-13, -8.766735e-13, 1.130690e-13, 5.957939e-13
119.900000, 5.788523e-13, -8.773817e-13, -1.307334e-13, 1.090753e-12
120.000000, -4.784092e-13, -9.012518e-13, 1.011320e-13, 6.141940e-13
120.100000, 5.875378e-13, -9.040437e-13, -1.348354e-13, 1.106501e-12
120.200000, -4.656964e-13, -9.289207e-13, 1.004266e-13, 6.351315e-13
120.300000, 5.883304e-13, -9.345404e-13, -1.281492e-13, 1.125750e-12
120.400000, -4.624722e-13, -9.615433e-13, 1.108132e-13, 6.583897e-13
120.500000, 5.793817e-13, -9.693267e-13, -1.112386e-13, 1.145600e-12
120.600000, -4.661748e-13, -9.957288e-13, 1.286082e-13, 6.815367e-13
120.700000, 5.665893e-13, -1.002049e-12, -8.979321e-14, 1.163866e-12
120.800000, -4.733940e-13, -1.026089e-12, 1.499417e-13, 7.011051e-13
120.900000, 5.493978e-13, -1.031261e-12, -6.509287e-14, 1.176993e-12
121.000000, -4.848499e-13, -1.052802e-12, 1.736722e-13, 7.146572e-13
121.100000, 5.300906e-13, -1.055956e-12, -3.914450e-14, 1.185603e-12
121.200000, -4.964093e-13, -1.074424e-12, 1.974675e-13, 7.251196e-13
121.300000, 5.111857e-13, -1.075165e-12, -1.432862e-14, 1.189959e-12
121.400000, -5.077735e-13, -1.090421e-12, 2.195913e-13, 7.304730e-13
121.500000, 4.937896e-13, -1.088067e-12, 7.892313e-15, 1.189915e-12
121.600000, -5.165020e-13, -1.099064e-12, 2.379706e-13, 7.311674e-13
121.700000, 4.793038e-13, -1.093064e-12, 2.597389e-14, 1.184898e-12
121.800000, -5.219480e-13, -1.100030e-12, 2.523038e-13, 7.279214e-13
121.900000, 4.677723e-13, -1.091118e-12, 4.017768e-14, 1.175949e-12
122.000000, -5.253013e-13, -1.094823e-12, 2.628829e-13, 7.199576e-13
122.100000, 4.588143e-13, -1.083042e-12, 5.024411e-14, 1.162693e-12
122.200000, -5.242921e-13, -1.082738e-12, 2.683502e-13, 7.090986e-13
122.300000, 4.553928e-13, -1.067584e-12, 5.434987e-14, 1.146897e-12
122.400000, -5.192991e-13, -1.063908e-12, 2.682015e-13, 6.940051e-13
122.500000, 4.546117e-13, -1.046839e-12, 5.347567e-14, 1.126587e-12
122.600000, -5.112593e-13, -1.040582e-12, 2.630087e-13, 6.754237e-13
122.700000, 4.574461e-13, -1.021379e-12, 4.741267e-14, 1.103041e-12
122.800000, -5.000309e-13, -1.013190e-12, 2.532436e-13, 6.543524e-13
122.900000, 4.632095e-13, -9.939172e-13, 3.758118e-14, 1.079497e-12
123.000000, -4.852610e-13, -9.846801e-13, 2.394395e-13, 6.346881e-13
123.100000, 4.722719e-13, -9.646730e-13, 2.339883e-14, 1.055768e-12
123.200000, -4.689886e-13, -9.547558e-13, 2.222591e-13, 6.134326e-13
123.300000, 4.822735e-13, -9.353560e-13, 6.754883e-15, 1.031591e-12
123.400000, -4.520280e-13, -9.253016e-13, 2.028498e-13, 5.917498e-13
123.500000, 4.931245e-13, -9.062535e-13, -1.227191e-14, 1.006691e-12
123.600000, -4.333022e-13, -8.963841e-13, 1.811139e-13, 5.711280e-13
123.700000, 5.059411e-13, -8.784243e-13, -3.315735e-14, 9.840675e-13
123.800000, -4.130890e-13, -8.689934e-13, 1.581920e-13, 5.528598e-13
123.900000, 5.195766e-13, -8.531216e-13, -5.426552e-14, 9.645287e-13
124.000000, -3.932541e-13, -8.454025e-13, 1.357610e-13, 5.375597e-13
124.100000, 5.327553e-13, -8.309950e-13, -7.528291e-14, 9.465567e-13
124.200000, -3.734049e-13, -8.245295e-13, 1.132477e-13, 5.237878e-13
124.300000, 5.460947e-13, -8.122110e-13, -9.586086e-14, 9.314840e-13
124.400000, -3.532694e-13, -8.069393e-13, 9.142964e-14, 5.135804e-13
124.500000, 5.598821e-13, -7.963586e-13, -1.156591e-13, 9.200444e-13
124.600000, -3.335162e-13, -7.923177e-13, 7.082381e-14, 5.061038e-13
124.700000, 5.727459e-13, -7.832503e-13, -1.342270e-13, 9.101689e-13
124.800000, -3.146315e-13, -7.803447e-13, 5.127018e-14, 5.002032e-13
124.900000, 5.843732e-13, -7.731192e-13, -1.514560e-13, 9.020577e-13
125.000000, -2.974558e-13, -7.710430e-13, 3.316333e-14, 4.953576e-13
125.100000, 5.946971e-13, -7.646102e-13, -1.675551e-13, 8.943605e-13
125.200000, -2.812132e-13, -7.626661e-13, 1.603736e-14, 4.905996e-13
125.300000, 6.036917e-13, -7.571635e-13, -1.824080e-13, 8.864079e-13
125.400000, -2.670186e-13, -7.550311e-13, 4.331161e-16, 4.845278e-13
125.500000, 6.109647e-13, -7.495972e-13, -1.957251e-13, 8.769595e-13
125.600000, -2.539260e-13, -7.466167e-13, -1.370111e-14, 4.775254e-13
125.700000, 6.177035e-13, -7.400362e-13, -2.081619e-13, 8.659308e-13
125.800000, -2.410409e-13, -7.356078e-13, -2.723940e-14, 4.688033e-13
125.900000, 6.246391e-13, -7.284433e-13, -2.196842e-13, 8.547312e-13
126.000000, -2.283268e-13, -7.228420e-13, -3.947463e-14, 4.599732e-13
126.100000, 6.304369e-13, -7.148414e-13, -2.296287e-13, 8.418951e-13
126.200000, -2.171932e-13, -7.077371e-13, -5.004910e-14, 4.488062e-13
126.300000, 6.344584e-13, -6.990832e-13, -2.376547e-13, 8.269981e-13
126.400000, -2.084235e-13, -6.912340e-13, -5.819491e-14, 4.359581e-13
126.500000, 6.361836e-13, -6.820678e-13, -2.432705e-13, 8.105515e-13
126.600000, -2.016790e-13, -6.728555e-13, -6.427866e-14, 4.211902e-13
126.700000, 6.361850e-13, -6.624354e-13, -2.471762e-13, 7.917810e-13
126.800000, -1.966950e-13, -6.514455e-13, -6.891353e-14, 4.034714e-13
126.900000, 6.342235e-13, -6.396619e-13, -2.498394e-13, 7.693341e-13
127.000000, -1.939429e-13, -6.273639e-13, -7.225623e-14, 3.821717e-13
127.100000, 6.301994e-13, -6.149731e-13, -2.510511e-13, 7.445247e-13
127.200000, -1.925911e-13, -6.011262e-13, -7.443038e-14, 3.591786e-13
127.300000, 6.252411e-13, -5.879951e-13, -2.512588e-13, 7.184118e-13
127.400000, -1.928159e-13, -5.735476e-13, -7.499578e-14, 3.352901e-13
127.500000, 6.181955e-13, -5.599158e-13, -2.495921e-13, 6.909754e-13
127.600000, -1.947360e-13, -5.442959e-13, -7.389027e-14, 3.099979e-13
127.700000, 6.100175e-13, -5.300394e-13, -2.464310e-13, 6.626551e-13
127.800000, -1.975317e-13, -5.137918e-13, -7.143663e-14, 2.844974e-13
127.900000, 6.009857e-13, -4.993726e-13, -2.418943e-13, 6.344779e-13
128.000000, -2.018382e-13, -4.824637e-13, -6.750243e-14, 2.581493e-13
128.100000, 5.901442e-13, -4.678873e-13, -2.360037e-13, 6.047732e-13
128.200000, -2.079671e-13, -4.507334e-13, -6.209474e-14, 2.308072e-13
128.300000, 5.776163e-13, -4.363554e-13, -2.284941e-13, 5.747865e-13
128.400000, -2.154536e-13, -4.187375e-13, -5.536236e-14, 2.032795e-13
128.500000, 5.644359e-13, -4.044234e-13, -2.200498e-13, 5.451621e-13
128.600000, -2.234175e-13, -3.867864e-13, -4.775136e-14, 1.766691e-13
128.700000, 5.504915e-13, -3.726955e-13, -2.107992e-13, 5.158677e-13
128.800000, -2.324294e-13, -3.548959e-13, -3.937637e-14, 1.496958e-13
128.900000, 5.354858e-13, -3.412587e-13, -2.006168e-13, 4.865863e-13
129.000000, -2.424916e-13, -3.235908e-13, -3.004239e-14, 1.230331e-13
129.100000, 5.195576e-13, -3.104310e-13, -1.897621e-13, 4.573598e-13
129.200000, -2.533329e-13, -2.928714e-13, -2.038914e-14, 9.618501e-14
129.300000, 5.034144e-13, -2.799190e-13, -1.790555e-13, 4.280531e-13
129.400000, -2.639835e-13, -2.621557e-13, -1.121151e-14, 6.930763e-14
129.500000, 4.876042e-13, -2.496928e-13, -1.688271e-13, 3.991099e-13
129.600000, -2.742784e-13, -2.324400e-13, -2.301187e-15, 4.368441e-14
129.700000, 4.720160e-13, -2.208017e-13, -1.588051e-13, 3.715322e-13
129.800000, -2.844541e-13, -2.038471e-13, 6.128075e-15, 1.876473e-14
129.900000, 4.567300e-13, -1.930154e-13, -1.494920e-13, 3.445871e-13
130.000000, -2.943389e-13, -1.768257e-13, 1.404042e-14, -4.954277e-15
130.100000, 4.421202e-13, -1.668885e-13, -1.407217e-13, 3.193402e-13
130.200000, -3.031843e-13, -1.511579e-13, 2.115069e-14, -2.705544e-14
130.300000, 4.287709e-13, -1.423454e-13, -1.327990e-13, 2.961045e-13
130.400000, -3.107646e-13, -1.274258e-13, 2.749157e-14, -4.677562e-14
130.500000, 4.163883e-13, -1.199906e-13, -1.254590e-13, 2.751783e-13
130.600000, -3.174648e-13, -1.061513e-13, 3.341005e-14, -6.385786e-14
130.700000, 4.053996e-13, -9.981374e-14, -1.186900e-13, 2.572224e-13
130.800000, -3.226106e-13, -8.672039e-14, 3.864959e-14, -7.818734e-14
130.900000, 3.957308e-13, -8.135589e-14, -1.126457e-13, 2.413760e-13
131.000000, -3.269355e-13, -6.922021e-14, 4.333393e-14, -9.081547e-14
131.100000, 3.867030e-13, -6.540466e-14, -1.068543e-13, 2.277976e-13
131.200000, -3.307602e-13, -5.461043e-14, 4.809591e-14, -1.006353e-13
131.300000, 3.781069e-13, -5.243189e-14, -1.007716e-13, 2.171708e-13
131.400000, -3.342115e-13, -4.266823e-14, 5.299732e-14, -1.080195e-13
131.500000, 3.697563e-13, -4.158565e-14, -9.485318e-14, 2.079946e-13
131.600000, -3.377052e-13, -3.270250e-14, 5.771914e-14, -1.145615e-13
131.700000, 3.613406e-13, -3.273634e-14, -8.907072e-14, 1.995971e-13
131.800000, -3.413226e-13, -2.469072e-14, 6.240041e-14, -1.202918e-13
131.900000, 3.528736e-13, -2.559618e-14, -8.330589e-14, 1.919380e-13
132.000000, -3.449060e-13, -1.816843e-14, 6.705719e-14, -1.253029e-13
132.100000, 3.444223e-13, -1.979500e-14, -7.753658e-14, 1.848898e-13
132.200000, -3.486737e-13, -1.256342e-14, 7.165602e-14, -1.303902e-13
132.300000, 3.358646e-13, -1.456298e-14, -7.194066e-14, 1.774242e-13
132.400000, -3.520128e-13, -7.282805e-15, 7.582230e-14, -1.355385e-13
132.500000, 3.281518e-13, -9.559460e-15, -6.697203e-14, 1.702451e-13
132.600000, -3.547615e-13, -2.314924e-15, 7.954186e-14, -1.404723e-13
132.700000, 3.209641e-13, -4.953922e-15, -6.227507e-14, 1.634323e-13
132.800000, -3.570617e-13, 2.007590e-15, 8.318723e-14, -1.447260e-13
132.900000, 3.141019e-13, -1.088772e-15, -5.749182e-14, 1.573446e-13
133.000000, -3.590583e-13, 5.749369e-15, 8.685557e-14, -1.484328e-13
133.100000, 3.079545e-13, 2.411460e-15, -5.296386e-14, 1.519308e-13
133.200000, -3.600960e-13, 9.197604e-15, 9.013568e-14, -1.512734e-13
133.300000, 3.026969e-13, 5.495785e-15, -4.880479e-14, 1.473813e-13
133.400000, -3.604265e-13, 1.210618e-14, 9.307631e-14, -1.533466e-13
133.500000, 2.980329e-13, 8.168020e-15, -4.501848e-14, 1.432937e-13
133.600000, -3.601751e-13, 1.485348e-14, 9.555768e-14, -1.552148e-13
133.700000, 2.942072e-13, 1.056838e-14, -4.176437e-14, 1.398297e-13
133.800000, -3.591232e-13, 1.705075e-14, 9.749641e-14, -1.562392e-13
133.900000, 2.911053e-13, 1.241981e-14, -3.907158e-14, 1.371085e-13
134.000000, -3.574418e-13, 1.876957e-14, 9.895653e-14, -1.565226e-13
134.100000, 2.884543e-13, 1.385659e-14, -3.683013e-14, 1.348035e-13
134.200000, -3.556210e-13, 2.016329e-14, 9.993721e-14, -1.570629e-13
134.300000, 2.857653e-13, 1.492414e-14, -3.498747e-14, 1.320125e-13
134.400000, -3.538293e-13, 2.097381e-14, 1.007086e-13, -1.576263e-13
134.500000, 2.831655e-13, 1.536613e-14, -3.325623e-14, 1.295535e-13
134.600000, -3.521652e-13, 2.134124e-14, 1.014138e-13, -1.582315e-13
134.700000, 2.803529e-13, 1.550642e-14, -3.158351e-14, 1.267914e-13
134.800000, -3.506626e-13, 2.140695e-14, 1.021089e-13, -1.590014e-13
134.900000, 2.775369e-13, 1.537859e-14, -2.989118e-14, 1.240871e-13
135.000000, -3.491009e-13, 2.135623e-14, 1.028062e-13, -1.597038e-13
135.100000, 2.748671e-13, 1.529379e-14, -2.829791e-14, 1.213722e-13
135.200000, -3.473478e-13, 2.151006e-14, 1.032731e-13, -1.605698e-13
135.300000, 2.724391e-13, 1.544793e-14, -2.692448e-14, 1.185625e-13
135.400000, -3.453232e-13, 2.179071e-14, 1.036355e-13, -1.612002e-13
135.500000, 2.702640e-13, 1.563870e-14, -2.561119e-14, 1.160850e-13
135.600000, -3.433666e-13, 2.208938e-14, 1.040186e-13, -1.618480e-13
135.700000, 2.679163e-13, 1.589338e-14, -2.425249e-14, 1.134344e-13
135.800000, -3.414845e-13, 2.244233e-14, 1.043678e-13, -1.624988e-13
135.900000, 2.656875e-13, 1.626047e-14, -2.311060e-14, 1.108677e-13
136.000000, -3.394812e-13, 2.304903e-14, 1.044183e-13, -1.632222e-13
136.100000, 2.635518e-13, 1.680675e-14, -2.218502e-14, 1.083635e-13
136.200000, -3.375883e-13, 2.344375e-14, 1.044521e-13, -1.635731e-13
136.300000, 2.612568e-13, 1.693946e-14, -2.123019e-14, 1.063585e-13
136.400000, -3.356458e-13, 2.362086e-14, 1.043288e-13, -1.634648e-13
136.500000, 2.592247e-13, 1.701385e-14, -2.059171e-14, 1.048286e-13
136.600000, -3.334900e-13, 2.374653e-14, 1.039018e-13, -1.629083e-13
136.700000, 2.574141e-13, 1.697781e-14, -2.019633e-14, 1.038556e-13
136.800000, -3.311353e-13, 2.372230e-14, 1.032800e-13, -1.617062e-13
136.900000, 2.558761e-13, 1.692891e-14, -2.004811e-14, 1.034448e-13
137.000000, -3.285271e-13, 2.376147e-14, 1.024173e-13, -1.600451e-13
137.100000, 2.544684e-13, 1.681428e-14, -2.005121e-14, 1.034512e-13
137.200000, -3.259965e-13, 2.350390e-14, 1.015382e-13, -1.579296e-13
137.300000, 2.529790e-13, 1.633628e-14, -2.002836e-14, 1.039859e-13
137.400000, -3.235728e-13, 2.296579e-14, 1.006840e-13, -1.553917e-13
137.500000, 2.514160e-13, 1.561932e-14, -1.997253e-14, 1.049396e-13
137.600000, -3.212559e-13, 2.218222e-14, 9.989988e-14, -1.524463e-13
137.700000, 2.497584e-13, 1.471918e-14, -1.988283e-14, 1.061471e-13
137.800000, -3.191166e-13, 2.131262e-14, 9.913179e-14, -1.494907e-13
137.900000, 2.477096e-13, 1.358667e-14, -1.961504e-14, 1.073058e-13
138.000000, -3.175288e-13, 2.011053e-14, 9.865610e-14, -1.466413e-13
138.100000, 2.453644e-13, 1.243122e-14, -1.920160e-14, 1.082624e-13
138.200000, -3.160057e-13, 1.918504e-14, 9.820220e-14, -1.440298e-13
138.300000, 2.429813e-13, 1.152411e-14, -1.875863e-14, 1.089813e-13
138.400000, -3.146430e-13, 1.841243e-14, 9.784614e-14, -1.417160e-13
138.500000, 2.405072e-13, 1.085875e-14, -1.825683e-14, 1.093334e-13
138.600000, -3.133256e-13, 1.797082e-14, 9.751920e-14, -1.398286e-13
138.700000, 2.380162e-13, 1.049197e-14, -1.765226e-14, 1.093862e-13
138.800000, -3.120471e-13, 1.777690e-14, 9.735651e-14, -1.381451e-13
138.900000, 2.354923e-13, 1.028801e-14, -1.687604e-14, 1.092849e-13
139.000000, -3.109292e-13, 1.767510e-14, 9.741769e-14, -1.367015e-13
139.100000, 2.328213e-13, 1.024449e-14, -1.588983e-14, 1.088399e-13
139.200000, -3.099203e-13, 1.773323e-14, 9.765806e-14, -1.355884e-13
139.300000, 2.300853e-13, 1.033726e-14, -1.477488e-14, 1.080503e-13
139.400000, -3.089524e-13, 1.804071e-14, 9.795896e-14, -1.349312e-13
139.500000, 2.273456e-13, 1.070791e-14, -1.362719e-14, 1.068117e-13
139.600000, -3.080275e-13, 1.852374e-14, 9.831769e-14, -1.346365e-13
139.700000, 2.246639e-13, 1.122206e-14, -1.244781e-14, 1.053436e-13
139.800000, -3.070473e-13, 1.914171e-14, 9.869463e-14, -1.345685e-13
139.900000, 2.220376e-13, 1.181923e-14, -1.126665e-14, 1.036522e-13
140.000000, -3.060071e-13, 1.975703e-14, 9.906160e-14, -1.346312e-13
140.100000, 2.195095e-13, 1.234432e-14, -1.010618e-14, 1.019367e-13
140.200000, -3.049066e-13, 2.024584e-14, 9.942714e-14, -1.346750e-13
140.300000, 2.171251e-13, 1.273300e-14, -8.984377e-15, 1.003163e-13
140.400000, -3.036455e-13, 2.063416e-14, 9.970990e-14, -1.346543e-13
140.500000, 2.148667e-13, 1.299402e-14, -7.935218e-15, 9.874622e-14
140.600000, -3.023366e-13, 2.079514e-14, 9.994465e-14, -1.345609e-13
140.700000, 2.126741e-13, 1.296522e-14, -6.950207e-15, 9.729072e-14
140.800000, -3.009475e-13, 2.071239e-14, 1.000918e-13, -1.343570e-13
140.900000, 2.106624e-13, 1.278715e-14, -6.109759e-15, 9.597578e-14
141.000000, -2.993491e-13, 2.053203e-14, 1.000484e-13, -1.340193e-13
141.100000, 2.088834e-13, 1.254965e-14, -5.509093e-15, 9.474413e-14
141.200000, -2.975600e-13, 2.029519e-14, 9.975356e-14, -1.336424e-13
141.300000, 2.073248e-13, 1.225708e-14, -5.182881e-15, 9.356437e-14
141.400000, -2.955351e-13, 1.999798e-14, 9.917789e-14, -1.331538e-13
141.500000, 2.060882e-13, 1.186734e-14, -5.139089e-15, 9.265709e-14
141.600000, -2.931817e-13, 1.960480e-14, 9.831761e-14, -1.323710e-13
141.700000, 2.052275e-13, 1.145002e-14, -5.414944e-15, 9.200775e-14
141.800000, -2.904780e-13, 1.920504e-14, 9.714294e-14, -1.313536e-13
141.900000, 2.046329e-13, 1.099911e-14, -5.970717e-15, 9.151442e-14
142.000000, -2.875778e-13, 1.878891e-14, 9.569756e-14, -1.302562e-13
142.100000, 2.042827e-13, 1.051632e-14, -6.794860e-15, 9.118615e-14
142.200000, -2.844995e-13, 1.830791e-14, 9.402202e-14, -1.290094e-13
142.300000, 2.040858e-13, 9.971026e-15, -7.830384e-15, 9.097175e-14
142.400000, -2.812826e-13, 1.775804e-14, 9.216756e-14, -1.275964e-13
142.500000, 2.040758e-13, 9.395889e-15, -9.057365e-15, 9.094242e-14
142.600000, -2.778943e-13, 1.722013e-14, 9.011186e-14, -1.260556e-13
142.700000, 2.042379e-13, 8.827954e-15, -1.046363e-14, 9.105310e-14
142.800000, -2.744197e-13, 1.664749e-14, 8.792995e-14, -1.243948e-13
142.900000, 2.044785e-13, 8.201657e-15, -1.198130e-14, 9.128689e-14
143.000000, -2.709040e-13, 1.603130e-14, 8.565863e-14, -1.226489e-13
143.100000, 2.047377e-13, 7.550842e-15, -1.355676e-14, 9.156366e-14
143.200000, -2.674339e-13, 1.535610e-14, 8.337705e-14, -1.208705e-13
143.300000, 2.049653e-13, 6.837212e-15, -1.512775e-14, 9.188630e-14
143.400000, -2.640036e-13, 1.467335e-14, 8.110034e-14, -1.190926e-13
143.500000, 2.051490e-13, 6.118186e-15, -1.668630e-14, 9.218769e-14
143.600000, -2.606778e-13, 1.397164e-14, 7.887088e-14, -1.173673e-13
143.700000, 2.052283e-13, 5.403087e-15, -1.817495e-14, 9.242638e-14
143.800000, -2.574863e-13, 1.328882e-14, 7.672649e-14, -1.157250e-13
143.900000, 2.052321e-13, 4.733053e-15, -1.959491e-14, 9.261904e-14
144.000000, -2.543762e-13, 1.266579e-14, 7.466747e-14, -1.141221e-13
144.100000, 2.051244e-13, 4.121752e-15, -2.091041e-14, 9.272177e-14
144.200000, -2.514082e-13, 1.209886e-14, 7.272065e-14, -1.126325e-13
144.300000, 2.049185e-13, 3.568277e-15, -2.211377e-14, 9.276139e-14
144.400000, -2.485806e-13, 1.159908e-14, 7.090519e-14, -1.112477e-13
144.500000, 2.045830e-13, 3.098860e-15, -2.319068e-14, 9.266749e-14
144.600000, -2.458791e-13, 1.118927e-14, 6.921250e-14, -1.099849e-13
144.700000, 2.041512e-13, 2.701144e-15, -2.414069e-14, 9.250718e-14
144.800000, -2.433009e-13, 1.081920e-14, 6.767453e-14, -1.087524e-13
144.900000, 2.036079e-13, 2.329005e-15, -2.492747e-14, 9.233999e-14
145.000000, -2.408785e-13, 1.048244e-14, 6.630283e-14, -1.075870e-13
145.100000, 2.029042e-13, 2.008939e-15, -2.556216e-14, 9.204777e-14
145.200000, -2.386235e-13, 1.020499e-14, 6.507285e-14, -1.065575e-13
145.300000, 2.020946e-13, 1.750852e-15, -2.607789e-14, 9.167894e-14
145.400000, -2.364694e-13, 9.997221e-15, 6.395742e-14, -1.055869e-13
145.500000, 2.012178e-13, 1.573884e-15, -2.648586e-14, 9.126681e-14
145.600000, -2.344019e-13, 9.857043e-15, 6.296074e-14, -1.046559e-13
145.700000, 2.002487e-13, 1.431052e-15, -2.676497e-14, 9.082858e-14
145.800000, -2.324606e-13, 9.734367e-15, 6.209833e-14, -1.037719e-13
145.900000, 1.991780e-13, 1.317328e-15, -2.692813e-14, 9.033351e-14
146.000000, -2.306391e-13, 9.648842e-15, 6.134782e-14, -1.029657e-13
146.100000, 1.980227e-13, 1.250383e-15, -2.699785e-14, 8.977079e-14
146.200000, -2.288986e-13, 9.617135e-15, 6.068229e-14, -1.022266e-13
146.300000, 1.968183e-13, 1.253739e-15, -2.699571e-14, 8.914354e-14
146.400000, -2.272167e-13, 9.676049e-15, 6.008521e-14, -1.015733e-13
146.500000, 1.955714e-13, 1.342510e-15, -2.692643e-14, 8.844231e-14
146.600000, -2.256082e-13, 9.800834e-15, 5.956466e-14, -1.010012e-13
146.700000, 1.942628e-13, 1.493315e-15, -2.678334e-14, 8.766633e-14
146.800000, -2.240837e-13, 9.990005e-15, 5.912221e-14, -1.005183e-13
146.900000, 1.929003e-13, 1.718866e-15, -2.658136e-14, 8.679892e-14
147.000000, -2.226190e-13, 1.026001e-14, 5.873168e-14, -1.001369e-13
147.100000, 1.914932e-13, 2.017018e-15, -2.632342e-14, 8.585304e-14
147.200000, -2.212187e-13, 1.059680e-14, 5.840465e-14, -9.983481e-14
147.300000, 1.900526e-13, 2.389302e-15, -2.601518e-14, 8.484103e-14
147.400000, -2.198682e-13, 1.100848e-14, 5.812930e-14, -9.960681e-14
147.500000, 1.885732e-13, 2.835376e-15, -2.566282e-14, 8.375140e-14
147.600000, -2.185728e-13, 1.148864e-14, 5.789668e-14, -9.946367e-14
147.700000, 1.870605e-13, 3.344449e-15, -2.527252e-14, 8.259578e-14
147.800000, -2.173235e-13, 1.202781e-14, 5.770441e-14, -9.938670e-14
147.900000, 1.855300e-13, 3.911210e-15, -2.485330e-14, 8.139119e-14
148.000000, -2.161062e-13, 1.262010e-14, 5.754272e-14, -9.936040e-14
148.100000, 1.839828e-13, 4.521520e-15, -2.440234e-14, 8.015759e-14
148.200000, -2.149276e-13, 1.324044e-14, 5.741912e-14, -9.936174e-14
148.300000, 1.824161e-13, 5.152229e-15, -2.392446e-14, 7.890565e-14
148.400000, -2.137831e-13, 1.387959e-14, 5.731988e-14, -9.939027e-14
148.500000, 1.808393e-13, 5.799140e-15, -2.343108e-14, 7.764467e-14
148.600000, -2.126527e-13, 1.452204e-14, 5.723728e-14, -9.940479e-14
148.700000, 1.792672e-13, 6.438531e-15, -2.292403e-14, 7.641986e-14
148.800000, -2.115433e-13, 1.515693e-14, 5.717221e-14, -9.940581e-14
148.900000, 1.776916e-13, 7.075260e-15, -2.240793e-14, 7.520716e-14
149.000000, -2.104520e-13, 1.578290e-14, 5.711568e-14, -9.939923e-14
149.100000, 1.761130e-13, 7.695466e-15, -2.189064e-14, 7.401134e-14
149.200000, -2.093808e-13, 1.639036e-14, 5.706171e-14, -9.938628e-14
149.300000, 1.745368e-13, 8.293322e-15, -2.137548e-14, 7.284054e-14
149.400000, -2.083170e-13, 1.697096e-14, 5.700794e-14, -9.934247e-14
149.500000, 1.729743e-13, 8.867444e-15, -2.086773e-14, 7.170838e-14
149.600000, -2.072582e-13, 1.752430e-14, 5.695024e-14, -9.927148e-14
149.700000, 1.714258e-13, 9.413708e-15, -2.037032e-14, 7.061084e-14
149.800000, -2.061964e-13, 1.805136e-14, 5.688225e-14, -9.917111e-14
149.900000, 1.698968e-13, 9.933500e-15, -1.988750e-14, 6.955076e-14
150.000000, -2.051336e-13, 1.854914e-14, 5.680406e-14, -9.904198e-14
150.100000, 1.683829e-13, 1.042136e-14, -1.941663e-14, 6.852689e-14
150.200000, -2.040733e-13, 1.901420e-14, 5.672049e-14, -9.888440e-14
150.300000, 1.668856e-13, 1.087963e-14, -1.895561e-14, 6.753930e-14
150.400000, -2.030110e-13, 1.944877e-14, 5.662999e-14, -9.869786e-14
150.500000, 1.654054e-13, 1.130551e-14, -1.850363e-14, 6.658936e-14
150.600000, -2.019481e-13, 1.984923e-14, 5.653423e-14, -9.848135e-14
150.700000, 1.639406e-13, 1.169643e-14, -1.806187e-14, 6.567368e-14
150.800000, -2.008872e-13, 2.021336e-14, 5.643169e-14, -9.824053e-14
150.900000, 1.624937e-13, 1.205451e-14, -1.763304e-14, 6.479036e-14
151.000000, -1.998202e-13, 2.054613e-14, 5.631805e-14, -9.797246e-14
151.100000, 1.610698e-13, 1.238267e-14, -1.721943e-14, 6.394177e-14
151.200000, -1.987457e-13, 2.084985e-14, 5.619179e-14, -9.767982e-14
151.300000, 1.596683e-13, 1.268289e-14, -1.682253e-14, 6.312171e-14
151.400000, -1.976645e-13, 2.112635e-14, 5.605276e-14, -9.736767e-14
151.500000, 1.582916e-13, 1.295937e-14, -1.644292e-14, 6.232810e-14
151.600000, -1.965725e-13, 2.137925e-14, 5.589966e-14, -9.703523e-14
151.700000, 1.569398e-13, 1.321081e-14, -1.608010e-14, 6.156254e-14
151.800000, -1.954725e-13, 2.160418e-14, 5.573452e-14, -9.668117e-14
151.900000, 1.556092e-13, 1.343234e-14, -1.573112e-14, 6.082535e-14
152.000000, -1.943669e-13, 2.179886e-14, 5.555963e-14, -9.630692e-14
152.100000, 1.543024e-13, 1.362684e-14, -1.539749e-14, 6.011507e-14
152.200000, -1.932506e-13, 2.196717e-14, 5.537100e-14, -9.591269e-14
152.300000, 1.530217e-13, 1.379522e-14, -1.508151e-14, 5.943262e-14
152.400000, -1.921233e-13, 2.210954e-14, 5.516813e-14, -9.549818e-14
152.500000, 1.517666e-13, 1.394011e-14, -1.478397e-14, 5.877399e-14
152.600000, -1.909851e-13, 2.222991e-14, 5.494977e-14, -9.506882e-14
152.700000, 1.505367e-13, 1.406420e-14, -1.450466e-14, 5.813658e-14
152.800000, -1.898380e-13, 2.232807e-14, 5.471783e-14, -9.462545e-14
152.900000, 1.493293e-13, 1.416501e-14, -1.424132e-14, 5.752075e-14
153.000000, -1.886824e-13, 2.240219e-14, 5.447361e-14, -9.416537e-14
153.100000, 1.481461e-13, 1.424324e-14, -1.399424e-14, 5.692866e-14
153.200000, -1.875177e-13, 2.245331e-14, 5.421646e-14, -9.368950e-14
153.300000, 1.469857e-13, 1.429871e-14, -1.376316e-14, 5.635850e-14
153.400000, -1.863444e-13, 2.248125e-14, 5.394699e-14, -9.319716e-14
153.500000, 1.458484e-13, 1.433098e-14, -1.354706e-14, 5.581348e-14
153.600000, -1.851627e-13, 2.248617e-14, 5.366610e-14, -9.268628e-14
153.700000, 1.447331e-13, 1.434244e-14, -1.334600e-14, 5.529136e-14
153.800000, -1.839739e-13, 2.247111e-14, 5.337351e-14, -9.216101e-14
153.900000, 1.436382e-13, 1.433556e-14, -1.315955e-14, 5.478867e-14
154.000000, -1.827788e-13, 2.243812e-14, 5.306968e-14, -9.162316e-14
154.100000, 1.425642e-13, 1.431184e-14, -1.298781e-14, 5.430537e-14
154.200000, -1.815758e-13, 2.238889e-14, 5.275426e-14, -9.107144e-14
154.300000, 1.415120e-13, 1.427302e-14, -1.283068e-14, 5.384235e-14
154.400000, -1.803654e-13, 2.232484e-14, 5.242727e-14, -9.050717e-14
154.500000, 1.404804e-13, 1.422023e-14, -1.268809e-14, 5.339755e-14
154.600000, -1.791491e-13, 2.224619e-14, 5.208981e-14, -8.993116e-14
154.700000, 1.394676e-13, 1.415365e-14, -1.255878e-14, 5.296988e-14
154.800000, -1.779278e-13, 2.215401e-14, 5.174242e-14, -8.934482e-14
154.900000, 1.384730e-13, 1.407402e-14, -1.244182e-14, 5.255925e-14
155.000000, -1.767022e-13, 2.204908e-14, 5.138630e-14, -8.874802e-14
155.100000, 1.374958e-13, 1.398355e-14, -1.233656e-14, 5.216366e-14
155.200000, -1.754728e-13, 2.193398e-14, 5.102185e-14, -8.814353e-14
155.300000, 1.365351e-13, 1.388384e-14, -1.224222e-14, 5.178103e-14
155.400000, -1.742411e-13, 2.180965e-14, 5.065009e-14, -8.753281e-14
155.500000, 1.355895e-13, 1.377519e-14, -1.215755e-14, 5.141106e-14
155.600000, -1.730077e-13, 2.167589e-14, 5.027228e-14, -8.691519e-14
155.700000, 1.346580e-13, 1.365794e-14, -1.208154e-14, 5.105321e-14
155.800000, -1.717737e-13, 2.153377e-14, 4.988920e-14, -8.629247e-14
155.900000, 1.337399e-13, 1.353334e-14, -1.201359e-14, 5.070572e-14
156.000000, -1.705396e-13, 2.138452e-14, 4.950127e-14, -8.566569e-14
156.100000, 1.328344e-13, 1.340224e-14, -1.195297e-14, 5.036788e-14
156.200000, -1.693064e-13, 2.122853e-14, 4.910959e-14, -8.503564e-14
156.300000, 1.319399e-13, 1.326513e-14, -1.189857e-14, 5.003853e-14
156.400000, -1.680752e-13, 2.106674e-14, 4.871490e-14, -8.440361e-14
156.500000, 1.310559e-13, 1.312308e-14, -1.184981e-14, 4.971655e-14
156.600000, -1.668466e-13, 2.090000e-14, 4.831789e-14, -8.377045e-14
156.700000, 1.301813e-13, 1.297654e-14, -1.180573e-14, 4.940092e-14
156.800000, -1.656215e-13, 2.072892e-14, 4.791927e-14, -8.313713e-14
156.900000, 1.293158e-13, 1.282670e-14, -1.176622e-14, 4.909110e-14
157.000000, -1.643994e-13, 2.055474e-14, 4.751902e-14, -8.250374e-14
157.100000, 1.284597e-13, 1.267459e-14, -1.173099e-14, 4.878666e-14
157.200000, -1.631806e-13, 2.037832e-14, 4.711752e-14, -8.187102e-14
157.300000, 1.276122e-13, 1.252083e-14, -1.169955e-14, 4.848699e-14
157.400000, -1.619657e-13, 2.020025e-14, 4.671524e-14, -8.123956e-14
157.500000, 1.267726e-13, 1.236598e-14, -1.167151e-14, 4.819113e-14
157.600000, -1.607551e-13, 2.002102e-14, 4.631256e-14, -8.061002e-14
157.700000, 1.259406e-13, 1.221050e-14, -1.164642e-14, 4.789878e-14
157.800000, -1.595493e-13, 1.984098e-14, 4.590986e-14, -7.998275e-14
157.900000, 1.251157e-13, 1.205471e-14, -1.162398e-14, 4.760942e-14
158.000000, -1.583484e-13, 1.966054e-14, 4.550732e-14, -7.935800e-14
158.100000, 1.242975e-13, 1.189870e-14, -1.160381e-14, 4.732319e-14
158.200000, -1.571529e-13, 1.947945e-14, 4.510555e-14, -7.873544e-14
158.300000, 1.234856e-13, 1.174251e-14, -1.158547e-14, 4.704002e-14
158.400000, -1.559627e-13, 1.929815e-14, 4.470464e-14, -7.811537e-14
158.500000, 1.226799e-13, 1.158652e-14, -1.156886e-14, 4.675965e-14
158.600000, -1.547782e-13, 1.911689e-14, 4.430483e-14, -7.749787e-14
158.700000, 1.218801e-13, 1.143089e-14, -1.155355e-14, 4.648202e-14
158.800000, -1.535997e-13, 1.893561e-14, 4.390656e-14, -7.688305e-14
158.900000, 1.210855e-13, 1.127554e-14, -1.153916e-14, 4.620683e-14
159.000000, -1.524274e-13, 1.875449e-14, 4.351010e-14, -7.627102e-14
159.100000, 1.202960e-13, 1.112073e-14, -1.152549e-14, 4.593411e-14
159.200000, -1.512614e-13, 1.857367e-14, 4.311556e-14, -7.566176e-14
159.300000, 1.195114e-13, 1.096640e-14, -1.151236e-14, 4.566387e-14
159.400000, -1.501019e-13, 1.839316e-14, 4.272318e-14, -7.505534e-14
159.500000, 1.187315e-13, 1.081287e-14, -1.149963e-14, 4.539569e-14
159.600000, -1.489490e-13, 1.821330e-14, 4.233290e-14, -7.445204e-14
159.700000, 1.179561e-13, 1.066029e-14, -1.148729e-14, 4.512941e-14
159.800000, -1.478027e-13, 1.803427e-14, 4.194481e-14, -7.385201e-14
159.900000, 1.171850e-13, 1.050889e-14, -1.147523e-14, 4.486488e-14
160.000000, -1.466632e-13, 1.785623e-14, 4.155897e-14, -7.325532e-14
160.100000, 1.164182e-13, 1.035878e-14, -1.146337e-14, 4.460201e-14
160.200000, -1.455303e-13, 1.767927e-14, 4.117548e-14, -7.266202e-14
160.300000, 1.156553e-13, 1.020996e-14, -1.145155e-14, 4.434064e-14
160.400000, -1.444044e-13, 1.750341e-14, 4.079445e-14, -7.207228e-14
160.500000, 1.148964e-13, 1.006259e-14, -1.143970e-14, 4.408058e-14
160.600000, -1.432853e-13, 1.732885e-14, 4.041589e-14, -7.148620e-14
160.700000, 1.141413e-13, 9.916715e-15, -1.142775e-14, 4.382175e-14
160.800000, -1.421731e-13, 1.715551e-14, 4.003999e-14, -7.090376e-14
160.900000, 1.133899e-13, 9.772313e-15, -1.141544e-14, 4.356409e-14
161.000000, -1.410677e-13, 1.698350e-14, 3.966687e-14, -7.032505e-14
161.100000, 1.126420e-13, 9.629471e-15, -1.140269e-14, 4.330748e-14
161.200000, -1.399694e-13, 1.681285e-14, 3.929660e-14, -6.975015e-14
161.300000, 1.118976e-13, 9.488234e-15, -1.138939e-14, 4.305180e-14
161.400000, -1.388779e-13, 1.664362e-14, 3.892931e-14, -6.917913e-14
161.500000, 1.111567e-13, 9.348656e-15, -1.137540e-14, 4.279695e-14
161.600000, -1.377934e-13, 1.647585e-14, 3.856509e-14, -6.861207e-14
161.700000, 1.104190e-13, 9.210714e-15, -1.136063e-14, 4.254276e-14
161.800000, -1.367159e-13, 1.630955e-14, 3.820399e-14, -6.804906e-14
161.900000, 1.096844e-13, 9.074475e-15, -1.134499e-14, 4.228915e-14
162.000000, -1.356455e-13, 1.614477e-14, 3.784608e-14, -6.749020e-14
162.100000, 1.089528e-13, 8.939989e-15, -1.132842e-14, 4.203596e-14
162.200000, -1.345822e-13, 1.598160e-14, 3.749138e-14, -6.693556e-14
162.300000, 1.082242e-13, 8.807324e-15, -1.131091e-14, 4.178310e-14
162.400000, -1.335260e-13, 1.582010e-14, 3.713989e-14, -6.638521e-14
162.500000, 1.074984e-13, 8.676540e-15, -1.129242e-14, 4.153048e-14
162.600000, -1.324768e-13, 1.566032e-14, 3.679160e-14, -6.583915e-14
162.700000, 1.067754e-13, 8.547707e-15, -1.127295e-14, 4.127810e-14
162.800000, -1.314346e-13, 1.550234e-14, 3.644651e-14, -6.529737e-14
162.900000, 1.060553e-13, 8.420831e-15, -1.125251e-14, 4.102591e-14
163.000000, -1.303994e-13, 1.534615e-14, 3.610458e-14, -6.475983e-14
163.100000, 1.053379e-13, 8.295941e-15, -1.123106e-14, 4.077396e-14
163.200000, -1.293710e-13, 1.519176e-14, 3.576579e-14, -6.422648e-14
163.300000, 1.046233e-13, 8.172994e-15, -1.120868e-14, 4.052226e-14
163.400000, -1.283494e-13, 1.503915e-14, 3.543013e-14, -6.369723e-14
163.500000, 1.039115e-13, 8.051956e-15, -1.118532e-14, 4.027087e-14
163.600000, -1.273346e-13, 1.488826e-14, 3.509757e-14, -6.317195e-14
163.700000, 1.032024e-13, 7.932791e-15, -1.116099e-14, 4.001990e-14
163.800000, -1.263265e-13, 1.473904e-14, 3.476807e-14, -6.265057e-14
163.900000, 1.024961e-13, 7.815413e-15, -1.113575e-14, 3.976937e-14
164.000000, -1.253250e-13, 1.459144e-14, 3.444160e-14, -6.213299e-14
164.100000, 1.017925e-13, 7.699775e-15, -1.110958e-14, 3.951934e-14
164.200000, -1.243300e-13, 1.444539e-14, 3.411812e-14, -6.161909e-14
164.300000, 1.010917e-13, 7.585822e-15, -1.108248e-14, 3.926990e-14
164.400000, -1.233415e-13, 1.430086e-14, 3.379762e-14, -6.110883e-14
164.500000, 1.003935e-13, 7.473471e-15, -1.105447e-14, 3.902104e-14
164.600000, -1.223595e-13, 1.415776e-14, 3.348008e-14, -6.060215e-14
164.700000, 9.969799e-14, 7.362707e-15, -1.102554e-14, 3.877277e-14
164.800000, -1.213839e-13, 1.401609e-14, 3.316550e-14, -6.009902e-14
164.900000, 9.900508e-14, 7.253454e-15, -1.099569e-14, 3.852510e-14
165.000000, -1.204147e-13, 1.387578e-14, 3.285384e-14, -5.959941e-14
165.100000, 9.831472e-14, 7.145722e-15, -1.096490e-14, 3.827804e-14
165.200000, -1.194519e-13, 1.373687e-14, 3.254512e-14, -5.910325e-14
165.300000, 9.762690e-14, 7.039516e-15, -1.093317e-14, 3.803161e-14
165.400000, -1.184955e-13, 1.359933e-14, 3.223931e-14, -5.861053e-14
165.500000, 9.694158e-14, 6.934805e-15, -1.090051e-14, 3.778575e-14
165.600000, -1.175453e-13, 1.346319e-14, 3.193639e-14, -5.812123e-14
165.700000, 9.625875e-14, 6.831614e-15, -1.086693e-14, 3.754050e-14
165.800000, -1.166013e-13, 1.332841e-14, 3.163634e-14, -5.763533e-14
165.900000, 9.557842e-14, 6.729899e-15, -1.083240e-14, 3.729582e-14
166.000000, -1.156636e-13, 1.319502e-14, 3.133917e-14, -5.715277e-14
166.100000, 9.490055e-14, 6.629675e-15, -1.079694e-14, 3.705174e-14
166.200000, -1.147319e-13, 1.306299e-14, 3.104483e-14, -5.667354e-14
166.300000, 9.422514e-14, 6.530925e-15, -1.076056e-14, 3.680823e-14
166.400000, -1.138062e-13, 1.293230e-14, 3.075329e-14, -5.619765e-14
166.500000, 9.355216e-14, 6.433601e-15, -1.072327e-14, 3.656529e-14
166.600000, -1.128866e-13, 1.280291e-14, 3.046454e-14, -5.572505e-14
166.700000, 9.288158e-14, 6.337681e-15, -1.068509e-14, 3.632290e-14
166.800000, -1.119730e-13, 1.267478e-14, 3.017854e-14, -5.525571e-14
166.900000, 9.221338e-14, 6.243105e-15, -1.064601e-14, 3.608104e-14
167.000000, -1.110653e-13, 1.254791e-14, 2.989526e-14, -5.478964e-14
167.100000, 9.154758e-14, 6.149878e-15, -1.060609e-14, 3.583971e-14
167.200000, -1.101635e-13, 1.242224e-14, 2.961465e-14, -5.432683e-14
167.300000, 9.088415e-14, 6.057950e-15, -1.056532e-14, 3.559888e-14
167.400000, -1.092675e-13, 1.229778e-14, 2.933671e-14, -5.386724e-14
167.500000, 9.022308e-14, 5.967321e-15, -1.052370e-14, 3.535858e-14
167.600000, -1.083772e-13, 1.217451e-14, 2.906138e-14, -5.341083e-14
167.700000, 8.956441e-14, 5.877958e-15, -1.048126e-14, 3.511879e-14
167.800000, -1.074925e-13, 1.205243e-14, 2.878868e-14, -5.295756e-14
167.900000, 8.890809e-14, 5.789856e-15, -1.043802e-14, 3.487952e-14
168.000000, -1.066135e-13, 1.193150e-14, 2.851854e-14, -5.250742e-14
168.100000, 8.825418e-14, 5.703019e-15, -1.039396e-14, 3.464077e-14
168.200000, -1.057400e-13, 1.181172e-14, 2.825094e-14, -5.206039e-14
168.300000, 8.760265e-14, 5.617406e-15, -1.034916e-14, 3.440252e-14
168.400000, -1.048720e-13, 1.169311e-14, 2.798583e-14, -5.161640e-14
168.500000, 8.695353e-14, 5.533027e-15, -1.030360e-14, 3.416484e-14
168.600000, -1.040094e-13, 1.157564e-14, 2.772315e-14, -5.117544e-14
168.700000, 8.630681e-14, 5.449842e-15, -1.025739e-14, 3.392769e-14
168.800000, -1.031521e-13, 1.145926e-14, 2.746281e-14, -5.073746e-14
168.900000, 8.566254e-14, 5.367843e-15, -1.021055e-14, 3.369108e-14
169.000000, -1.023000e-13, 1.134396e-14, 2.720477e-14, -5.030241e-14
169.100000, 8.502068e-14, 5.286986e-15, -1.016315e-14, 3.345507e-14
169.200000, -1.014531e-13, 1.122973e-14, 2.694896e-14, -4.987024e-14
169.300000, 8.438132e-14, 5.207213e-15, -1.011523e-14, 3.321965e-14
169.400000, -1.006112e-13, 1.111648e-14, 2.669530e-14, -4.944091e-14
169.500000, 8.374443e-14, 5.128498e-15, -1.006684e-14, 3.298487e-14
169.600000, -9.977440e-14, 1.100422e-14, 2.644375e-14, -4.901432e-14
169.700000, 8.311004e-14, 5.050773e-15, -1.001803e-14, 3.275076e-14
169.800000, -9.894249e-14, 1.089284e-14, 2.619423e-14, -4.859045e-14
169.900000, 8.247819e-14, 4.974031e-15, -9.968840e-15, 3.251734e-14
170.000000, -9.811543e-14, 1.078235e-14, 2.594668e-14, -4.816924e-14
170.100000, 8.184888e-14, 4.898199e-15, -9.919307e-15, 3.228467e-14
170.200000, -9.729313e-14, 1.067268e-14, 2.570109e-14, -4.775062e-14
170.300000, 8.122213e-14, 4.823239e-15, -9.869465e-15, 3.205273e-14
170.400000, -9.647552e-14, 1.056382e-14, 2.545736e-14, -4.733454e-14
170.500000, 8.059797e-14, 4.749125e-15, -9.819373e-15, 3.182159e-14
170.600000, -9.566251e-14, 1.045574e-14, 2.521548e-14, -4.692092e-14
170.700000, 7.997642e-14, 4.675830e-15, -9.769049e-15, 3.159126e-14
170.800000, -9.485406e-14, 1.034839e-14, 2.497540e-14, -4.650975e-14
170.900000, 7.935747e-14, 4.603290e-15, -9.718500e-15, 3.136178e-14
171.000000, -9.405006e-14, 1.024174e-14, 2.473706e-14, -4.610095e-14
171.100000, 7.874116e-14, 4.531538e-15, -9.667768e-15, 3.113316e-14
171.200000, -9.325050e-14, 1.013580e-14, 2.450044e-14, -4.569448e-14
171.300000, 7.812748e-14, 4.460476e-15, -9.616886e-15, 3.090543e-14
171.400000, -9.245527e-14, 1.003052e-14, 2.426549e-14, -4.529029e-14
171.500000, 7.751645e-14, 4.390168e-15, -9.565882e-15, 3.067861e-14
171.600000, -9.166430e-14, 9.925903e-15, 2.403217e-14, -4.488834e-14
171.700000, 7.690807e-14, 4.320541e-15, -9.514778e-15, 3.045272e-14
171.800000, -9.087756e-14, 9.821946e-15, 2.380044e-14, -4.448858e-14
171.900000, 7.630236e-14, 4.251591e-15, -9.463605e-15, 3.022775e-14
172.000000, -9.009499e-14, 9.718589e-15, 2.357026e-14, -4.409102e-14
172.100000, 7.569929e-14, 4.183317e-15, -9.412386e-15, 3.000371e-14
172.200000, -8.931654e-14, 9.615865e-15, 2.334159e-14, -4.369560e-14
172.300000, 7.509885e-14, 4.115659e-15, -9.361153e-15, 2.978060e-14
172.400000, -8.854216e-14, 9.513709e-15, 2.311439e-14, -4.330230e-14
172.500000, 7.450106e-14, 4.048623e-15, -9.309927e-15, 2.955841e-14
172.600000, -8.777185e-14, 9.412098e-15, 2.288864e-14, -4.291114e-14
172.700000, 7.390584e-14, 3.982156e-15, -9.258725e-15, 2.933711e-14
172.800000, -8.700556e-14, 9.311043e-15, 2.266430e-14, -4.252207e-14
172.900000, 7.331323e-14, 3.916262e-15, -9.207556e-15, 2.911672e-14
173.000000, -8.624324e-14, 9.210525e-15, 2.244136e-14, -4.213513e-14
173.100000, 7.272316e-14, 3.850952e-15, -9.156412e-15, 2.889720e-14
173.200000, -8.548486e-14, 9.110537e-15, 2.221981e-14, -4.175025e-14
173.300000, 7.213565e-14, 3.786196e-15, -9.105317e-15, 2.867854e-14
173.400000, -8.473040e-14, 9.011075e-15, 2.199962e-14, -4.136746e-14
173.500000, 7.155066e-14, 3.721989e-15, -9.054243e-15, 2.846074e-14
173.600000, -8.397984e-14, 8.912146e-15, 2.178083e-14, -4.098672e-14
173.700000, 7.096820e-14, 3.658370e-15, -9.003172e-15, 2.824379e-14
173.800000, -8.323311e-14, 8.813766e-15, 2.156341e-14, -4.060801e-14
173.900000, 7.038823e-14, 3.595352e-15, -8.952088e-15, 2.802771e-14
174.000000, -8.249019e-14, 8.715997e-15, 2.134739e-14, -4.023135e-14
174.100000, 6.981075e-14, 3.532933e-15, -8.900984e-15, 2.781245e-14
174.200000, -8.175106e-14, 8.618823e-15, 2.113277e-14, -3.985669e-14
174.300000, 6.923572e-14, 3.471163e-15, -8.849828e-15, 2.759800e-14
174.400000, -8.101568e-14, 8.522242e-15, 2.091957e-14, -3.948403e-14
174.500000, 6.866315e-14, 3.410042e-15, -8.798609e-15, 2.738437e-14
174.600000, -8.028402e-14, 8.426315e-15, 2.070775e-14, -3.911337e-14
174.700000, 6.809297e-14, 3.349546e-15, -8.747335e-15, 2.717152e-14
174.800000, -7.955612e-14, 8.330987e-15, 2.049732e-14, -3.874473e-14
174.900000, 6.752514e-14, 3.289710e-15, -8.696003e-15, 2.695943e-14
175.000000, -7.883193e-14, 8.236305e-15, 2.028827e-14, -3.837811e-14
175.100000, 6.695962e-14, 3.230511e-15, -8.644607e-15, 2.674805e-14
175.200000, -7.811144e-14, 8.142248e-15, 2.008057e-14, -3.801350e-14
175.300000, 6.639641e-14, 3.171992e-15, -8.593154e-15, 2.653738e-14
175.400000, -7.739465e-14, 8.048838e-15, 1.987423e-14, -3.765093e-14
175.500000, 6.583544e-14, 3.114077e-15, -8.541653e-15, 2.632738e-14
175.600000, -7.668157e-14, 7.956064e-15, 1.966924e-14, -3.729037e-14
175.700000, 6.527669e-14, 3.056843e-15, -8.490081e-15, 2.611805e-14
175.800000, -7.597212e-14, 7.863911e-15, 1.946557e-14, -3.693183e-14
175.900000, 6.472011e-14, 3.000265e-15, -8.438446e-15, 2.590934e-14
176.000000, -7.526633e-14, 7.772422e-15, 1.926326e-14, -3.657529e-14
176.100000, 6.416572e-14, 2.944338e-15, -8.386740e-15, 2.570127e-14
176.200000, -7.456417e-14, 7.681565e-15, 1.906225e-14, -3.622077e-14
176.300000, 6.361347e-14, 2.889090e-15, -8.334952e-15, 2.549382e-14
176.400000, -7.386561e-14, 7.591414e-15, 1.886259e-14, -3.586824e-14
176.500000, 6.306332e-14, 2.834495e-15, -8.283062e-15, 2.528699e-14
176.600000, -7.317064e-14, 7.501908e-15, 1.866423e-14, -3.551769e-14
176.700000, 6.251527e-14, 2.780598e-15, -8.231087e-15, 2.508072e-14
176.800000, -7.247923e-14, 7.413091e-15, 1.846721e-14, -3.516910e-14
176.900000, 6.196929e-14, 2.727398e-15, -8.178996e-15, 2.487505e-14
177.000000, -7.179135e-14, 7.324969e-15, 1.827151e-14, -3.482249e-14
177.100000, 6.142537e-14, 2.674910e-15, -8.126801e-15, 2.466998e-14
177.200000, -7.110698e-14, 7.237544e-15, 1.807714e-14, -3.447781e-14
177.300000, 6.088348e-14, 2.623131e-15, -8.074469e-15, 2.446547e-14
177.400000, -7.042609e-14, 7.150869e-15, 1.788408e-14, -3.413506e-14
177.500000, 6.034364e-14, 2.572089e-15, -8.021994e-15, 2.426155e-14
177.600000, -6.974865e-14, 7.064910e-15, 1.769234e-14, -3.379422e-14
177.700000, 5.980577e-14, 2.521778e-15, -7.969375e-15, 2.405816e-14
177.800000, -6.907466e-14, 6.979686e-15, 1.750192e-14, -3.345530e-14
177.900000, 5.926989e-14, 2.472201e-15, -7.916604e-15, 2.385533e-14
178.000000, -6.840407e-14, 6.895193e-15, 1.731283e-14, -3.311827e-14
178.100000, 5.873597e-14, 2.423347e-15, -7.863679e-15, 2.365303e-14
178.200000, -6.773688e-14, 6.811426e-15, 1.712503e-14, -3.278317e-14
178.300000, 5.820394e-14, 2.375209e-15, -7.810613e-15, 2.345122e-14
178.400000, -6.707308e-14, 6.728371e-15, 1.693851e-14, -3.244996e-14
178.500000, 5.767383e-14, 2.327772e-15, -7.757410e-15, 2.324990e-14
178.600000, -6.641267e-14, 6.646037e-15, 1.675325e-14, -3.211866e-14
178.700000, 5.714558e-14, 2.281033e-15, -7.704064e-15, 2.304905e-14
178.800000, -6.575559e-14, 6.564394e-15, 1.656928e-14, -3.178928e-14
178.900000, 5.661917e-14, 2.235019e-15, -7.650571e-15, 2.284865e-14
179.000000, -6.510185e-14, 6.483450e-15, 1.638655e-14, -3.146178e-14
179.100000, 5.609460e-14, 2.189661e-15, -7.596921e-15, 2.264871e-14
179.200000, -6.445141e-14, 6.403217e-15, 1.620509e-14, -3.113617e-14
179.300000, 5.557187e-14, 2.145021e-15, -7.543096e-15, 2.244921e-14
179.400000, -6.380423e-14, 6.323704e-15, 1.602489e-14, -3.081241e-14
179.500000, 5.505094e-14, 2.101098e-15, -7.489098e-15, 2.225017e-14
179.600000, -6.316029e-14, 6.244894e-15, 1.584598e-14, -3.049047e-14
179.700000, 5.453183e-14, 2.057853e-15, -7.434908e-15, 2.205157e-14
179.800000, -6.251957e-14, 6.166805e-15, 1.566833e-14, -3.017036e-14
179.900000, 5.401450e-14, 2.015331e-15, -7.380510e-15, 2.185345e-14
180.000000, -6.188201e-14, 6.089443e-15, 1.549195e-14, -2.985204e-14
180.100000, 5.349897e-14, 1.973524e-15, -7.325910e-15, 2.165578e-14
180.200000, -6.124762e-14, 6.012803e-15, 1.531683e-14, -2.953550e-14
180.300000, 5.298519e-14, 1.932410e-15, -7.271114e-15, 2.145855e-14
180.400000, -6.061638e-14, 5.936846e-15, 1.514294e-14, -2.922075e-14
180.500000, 5.247313e-14, 1.891980e-15, -7.216128e-15, 2.126175e-14
180.600000, -5.998823e-14, 5.861623e-15, 1.497029e-14, -2.890775e-14
180.700000, 5.196279e-14, 1.852256e-15, -7.160935e-15, 2.106537e-14
180.800000, -5.936321e-14, 5.787076e-15, 1.479886e-14, -2.859652e-14
180.900000, 5.145417e-14, 1.813190e-15, -7.105593e-15, 2.086941e-14
181.000000, -5.874127e-14, 5.713216e-15, 1.462863e-14, -2.828705e-14
181.100000, 5.094720e-14, 1.774767e-15, -7.050068e-15, 2.067384e-14
181.200000, -5.812238e-14, 5.640028e-15, 1.445956e-14, -2.797932e-14
181.300000, 5.044192e-14, 1.737009e-15, -6.994362e-15, 2.047869e-14
181.400000, -5.750655e-14, 5.567488e-15, 1.429167e-14, -2.767335e-14
181.500000, 4.993827e-14, 1.699883e-15, -6.938506e-15, 2.028390e-14
181.600000, -5.689373e-14, 5.495607e-15, 1.412494e-14, -2.736908e-14
181.700000, 4.943625e-14, 1.663373e-15, -6.882482e-15, 2.008951e-14
181.800000, -5.628389e-14, 5.424385e-15, 1.395936e-14, -2.706654e-14
181.900000, 4.893588e-14, 1.627512e-15, -6.826299e-15, 1.989549e-14
182.000000, -5.567702e-14, 5.353789e-15, 1.379491e-14, -2.676567e-14
182.100000, 4.843711e-14, 1.592268e-15, -6.769945e-15, 1.970186e-14
182.200000, -5.507307e-14, 5.283871e-15, 1.363160e-14, -2.646647e-14
182.300000, 4.793995e-14, 1.557653e-15, -6.713429e-15, 1.950863e-14
182.400000, -5.447204e-14, 5.214576e-15, 1.346942e-14, -2.616894e-14
182.500000, 4.744437e-14, 1.523633e-15, -6.656758e-15, 1.931576e-14
182.600000, -5.387390e-14, 5.145887e-15, 1.330834e-14, -2.587306e-14
182.700000, 4.695039e-14, 1.490225e-15, -6.599927e-15, 1.912329e-14
182.800000, -5.327863e-14, 5.077847e-15, 1.314837e-14, -2.557880e-14
182.900000, 4.645797e-14, 1.457406e-15, -6.542935e-15, 1.893119e-14
183.000000, -5.268618e-14, 5.010415e-15, 1.298949e-14, -2.528614e-14
183.100000, 4.596711e-14, 1.425176e-15, -6.485794e-15, 1.873948e-14
183.200000, -5.209655e-14, 4.943582e-15, 1.283169e-14, -2.499509e-14
183.300000, 4.547781e-14, 1.393526e-15, -6.428489e-15, 1.854815e-14
183.400000, -5.150969e-14, 4.877352e-15, 1.267495e-14, -2.470562e-14
183.500000, 4.499005e-14, 1.362443e-15, -6.371050e-15, 1.835720e-14
183.600000, -5.092558e-14, 4.811738e-15, 1.251929e-14, -2.441770e-14
183.700000, 4.450382e-14, 1.331940e-15, -6.313455e-15, 1.816662e-14
183.800000, -5.034421e-14, 4.746721e-15, 1.236471e-14, -2.413133e-14
183.900000, 4.401913e-14, 1.302019e-15, -6.255686e-15, 1.797643e-14
184.000000, -4.976551e-14, 4.682308e-15, 1.221115e-14, -2.384649e-14
184.100000, 4.353598e-14, 1.272658e-15, -6.197766e-15, 1.778665e-14
184.200000, -4.918949e-14, 4.618479e-15, 1.205865e-14, -2.356315e-14
184.300000, 4.305435e-14, 1.243861e-15, -6.139698e-15, 1.759724e-14
184.400000, -4.861608e-14, 4.555230e-15, 1.190717e-14, -2.328130e-14
184.500000, 4.257422e-14, 1.215612e-15, -6.081490e-15, 1.740820e-14
184.600000, -4.804532e-14, 4.492563e-15, 1.175671e-14, -2.300096e-14
184.700000, 4.209559e-14, 1.187895e-15, -6.023147e-15, 1.721954e-14
184.800000, -4.747715e-14, 4.430453e-15, 1.160725e-14, -2.272209e-14
184.900000, 4.161845e-14, 1.160700e-15, -5.964669e-15, 1.703125e-14
185.000000, -4.691153e-14, 4.368903e-15, 1.145877e-14, -2.244469e-14
185.100000, 4.114279e-14, 1.134026e-15, -5.906068e-15, 1.684331e-14
185.200000, -4.634849e-14, 4.307893e-15, 1.131127e-14, -2.216874e-14
185.300000, 4.066860e-14, 1.107863e-15, -5.847337e-15, 1.665575e-14
185.400000, -4.578795e-14, 4.247424e-15, 1.116472e-14, -2.189421e-14
185.500000, 4.019587e-14, 1.082208e-15, -5.788486e-15, 1.646856e-14
185.600000, -4.522990e-14, 4.187503e-15, 1.101915e-14, -2.162111e-14
185.700000, 3.972459e-14, 1.057049e-15, -5.729518e-15, 1.628174e-14
185.800000, -4.467433e-14, 4.128091e-15, 1.087452e-14, -2.134941e-14
185.900000, 3.925475e-14, 1.032388e-15, -5.670421e-15, 1.609530e-14
186.000000, -4.412122e-14, 4.069205e-15, 1.073084e-14, -2.107908e-14
186.100000, 3.878635e-14, 1.008220e-15, -5.611219e-15, 1.590925e-14
186.200000, -4.357053e-14, 4.010844e-15, 1.058808e-14, -2.081014e-14
186.300000, 3.831937e-14, 9.845019e-16, -5.551896e-15, 1.572356e-14
186.400000, -4.302227e-14, 3.952976e-15, 1.044623e-14, -2.054252e-14
186.500000, 3.785378e-14, 9.612570e-16, -5.492490e-15, 1.553823e-14
186.600000, -4.247639e-14, 3.895607e-15, 1.030527e-14, -2.027627e-14
186.700000, 3.738960e-14, 9.384612e-16, -5.432969e-15, 1.535329e-14
186.800000, -4.193289e-14, 3.838723e-15, 1.016520e-14, -2.001135e-14
186.900000, 3.692678e-14, 9.161079e-16, -5.373374e-15, 1.516869e-14
187.000000, -4.139175e-14, 3.782312e-15, 1.002600e-14, -1.974776e-14
187.100000, 3.646535e-14, 8.941893e-16, -5.313704e-15, 1.498446e-14
187.200000, -4.085293e-14, 3.726354e-15, 9.887659e-15, -1.948548e-14
187.300000, 3.600527e-14, 8.726924e-16, -5.253944e-15, 1.480058e-14
187.400000, -4.031642e-14, 3.670853e-15, 9.750163e-15, -1.922450e-14
187.500000, 3.554655e-14, 8.516134e-16, -5.194112e-15, 1.461706e-14
187.600000, -3.978221e-14, 3.615826e-15, 9.613509e-15, -1.896481e-14
187.700000, 3.508918e-14, 8.309447e-16, -5.134194e-15, 1.443390e-14
187.800000, -3.925024e-14, 3.561228e-15, 9.477682e-15, -1.870637e-14
187.900000, 3.463315e-14, 8.106787e-16, -5.074217e-15, 1.425110e-14
188.000000, -3.872052e-14, 3.507090e-15, 9.342688e-15, -1.844920e-14
188.100000, 3.417847e-14, 7.908325e-16, -5.014167e-15, 1.406867e-14
188.200000, -3.819298e-14, 3.453407e-15, 9.208501e-15, -1.819325e-14
188.300000, 3.372513e-14, 7.713936e-16, -4.954036e-15, 1.388661e-14
188.400000, -3.766763e-14, 3.400147e-15, 9.075123e-15, -1.793852e-14
188.500000, 3.327312e-14, 7.523618e-16, -4.893853e-15, 1.370492e-14
188.600000, -3.714444e-14, 3.347342e-15, 8.942540e-15, -1.768500e-14
188.700000, 3.282244e-14, 7.337319e-16, -4.833594e-15, 1.352360e-14
188.800000, -3.662336e-14, 3.294985e-15, 8.810745e-15, -1.743266e-14
188.900000, 3.237308e-14, 7.154886e-16, -4.773279e-15, 1.334264e-14
189.000000, -3.610440e-14, 3.243060e-15, 8.679729e-15, -1.718150e-14
189.100000, 3.192503e-14, 6.976245e-16, -4.712910e-15, 1.316206e-14
189.200000, -3.558754e-14, 3.191535e-15, 8.549461e-15, -1.693152e-14
189.300000, 3.147828e-14, 6.801309e-16, -4.652501e-15, 1.298183e-14
189.400000, -3.507275e-14, 3.140431e-15, 8.419946e-15, -1.668269e-14
189.500000, 3.103280e-14, 6.629969e-16, -4.592059e-15, 1.280196e-14
189.600000, -3.456003e-14, 3.089715e-15, 8.291155e-15, -1.643501e-14
189.700000, 3.058860e-14, 6.462327e-16, -4.531583e-15, 1.262246e-14
189.800000, -3.404935e-14, 3.039394e-15, 8.163088e-15, -1.618845e-14
189.900000, 3.014566e-14, 6.297965e-16, -4.471076e-15, 1.244331e-14
190.000000, -3.354069e-14, 2.989470e-15, 8.035736e-15, -1.594302e-14
190.100000, 2.970397e-14, 6.136956e-16, -4.410534e-15, 1.226454e-14
190.200000, -3.303403e-14, 2.939915e-15, 7.909095e-15, -1.569868e-14
190.300000, 2.926355e-14, 5.979512e-16, -4.349980e-15, 1.208612e-14
190.400000, -3.252933e-14, 2.890733e-15, 7.783146e-15, -1.545543e-14
190.500000, 2.882435e-14, 5.825212e-16, -4.289390e-15, 1.190810e-14
190.600000, -3.202660e-14, 2.841931e-15, 7.657898e-15, -1.521325e-14
190.700000, 2.838641e-14, 5.674141e-16, -4.228777e-15, 1.173041e-14
190.800000, -3.152580e-14, 2.793493e-15, 7.533330e-15, -1.497214e-14
190.900000, 2.794970e-14, 5.526304e-16, -4.168137e-15, 1.155312e-14
191.000000, -3.102689e-14, 2.745412e-15, 7.409433e-15, -1.473206e-14
191.100000, 2.751423e-14, 5.381643e-16, -4.107485e-15, 1.137619e-14
191.200000, -3.052987e-14, 2.697690e-15, 7.286214e-15, -1.449302e-14
191.300000, 2.707999e-14, 5.239995e-16, -4.046797e-15, 1.119962e-14
191.400000, -3.003468e-14, 2.650314e-15, 7.163655e-15, -1.425500e-14
191.500000, 2.664697e-14, 5.101300e-16, -3.986093e-15, 1.102343e-14
191.600000, -2.954137e-14, 2.603307e-15, 7.041753e-15, -1.401798e-14
191.700000, 2.621518e-14, 4.965594e-16, -3.925371e-15, 1.084760e-14
191.800000, -2.904985e-14, 2.556614e-15, 6.920496e-15, -1.378198e-14
191.900000, 2.578459e-14, 4.832746e-16, -3.864636e-15, 1.067213e-14
192.000000, -2.856013e-14, 2.510248e-15, 6.799881e-15, -1.354696e-14
192.100000, 2.535520e-14, 4.702832e-16, -3.803893e-15, 1.049704e-14
192.200000, -2.807220e-14, 2.464214e-15, 6.679874e-15, -1.331293e-14
192.300000, 2.492699e-14, 4.575468e-16, -3.743144e-15, 1.032229e-14
192.400000, -2.758604e-14, 2.418478e-15, 6.560488e-15, -1.307986e-14
192.500000, 2.449995e-14, 4.450494e-16, -3.682404e-15, 1.014791e-14
192.600000, -2.710163e-14, 2.373041e-15, 6.441712e-15, -1.284775e-14
192.700000, 2.407408e-14, 4.328183e-16, -3.621658e-15, 9.973877e-15
192.800000, -2.661898e-14, 2.327890e-15, 6.323520e-15, -1.261661e-14
192.900000, 2.364936e-14, 4.208163e-16, -3.560934e-15, 9.800177e-15
193.000000, -2.613806e-14, 2.283021e-15, 6.205910e-15, -1.238640e-14
193.100000, 2.322576e-14, 4.090404e-16, -3.500218e-15, 9.626826e-15
193.200000, -2.565884e-14, 2.238428e-15, 6.088885e-15, -1.215713e-14
193.300000, 2.280331e-14, 3.975126e-16, -3.439510e-15, 9.453836e-15
193.400000, -2.518129e-14, 2.194120e-15, 5.972411e-15, -1.192878e-14
193.500000, 2.238199e-14, 3.861965e-16, -3.378821e-15, 9.281202e-15
193.600000, -2.470542e-14, 2.150103e-15, 5.856515e-15, -1.170133e-14
193.700000, 2.196180e-14, 3.751280e-16, -3.318141e-15, 9.108934e-15
193.800000, -2.423118e-14, 2.106358e-15, 5.741173e-15, -1.147475e-14
193.900000, 2.154274e-14, 3.642993e-16, -3.257469e-15, 8.937018e-15
194.000000, -2.375856e-14, 2.062925e-15, 5.626411e-15, -1.124906e-14
194.100000, 2.112478e-14, 3.537004e-16, -3.196807e-15, 8.765483e-15
194.200000, -2.328753e-14, 2.019751e-15, 5.512185e-15, -1.102419e-14
194.300000, 2.070798e-14, 3.433497e-16, -3.136143e-15, 8.594312e-15
194.400000, -2.281809e-14, 1.976862e-15, 5.398508e-15, -1.080019e-14
194.500000, 2.029225e-14, 3.332051e-16, -3.075509e-15, 8.423507e-15
194.600000, -2.235022e-14, 1.934239e-15, 5.285360e-15, -1.057703e-14
194.700000, 1.987762e-14, 3.232683e-16, -3.014883e-15, 8.253050e-15
194.800000, -2.188389e-14, 1.891869e-15, 5.172729e-15, -1.035471e-14
194.900000, 1.946409e-14, 3.135450e-16, -2.954294e-15, 8.082926e-15
195.000000, -2.141911e-14, 1.849759e-15, 5.060612e-15, -1.013322e-14
195.100000, 1.905161e-14, 3.040151e-16, -2.893735e-15, 7.913159e-15
195.200000, -2.095585e-14, 1.807900e-15, 4.948993e-15, -9.912553e-15
195.300000, 1.864020e-14, 2.946691e-16, -2.833216e-15, 7.743732e-15
195.400000, -2.049410e-14, 1.766263e-15, 4.837852e-15, -9.692705e-15
195.500000, 1.822984e-14, 2.855269e-16, -2.772734e-15, 7.574624e-15
195.600000, -2.003384e-14, 1.724854e-15, 4.727197e-15, -9.473673e-15
195.700000, 1.782053e-14, 2.765469e-16, -2.712306e-15, 7.405870e-15
195.800000, -1.957508e-14, 1.683684e-15, 4.617017e-15, -9.255422e-15
195.900000, 1.741226e-14, 2.677353e-16, -2.651898e-15, 7.237450e-15
196.000000, -1.911776e-14, 1.642744e-15, 4.507300e-15, -9.037970e-15
196.100000, 1.700500e-14, 2.591083e-16, -2.591549e-15, 7.069365e-15
196.200000, -1.866189e-14, 1.602023e-15, 4.398049e-15, -8.821283e-15
196.300000, 1.659878e-14, 2.506578e-16, -2.531247e-15, 6.901620e-15
196.400000, -1.820747e-14, 1.561531e-15, 4.289258e-15, -8.605344e-15
196.500000, 1.619356e-14, 2.423680e-16, -2.470989e-15, 6.734210e-15
196.600000, -1.775445e-14, 1.521253e-15, 4.180905e-15, -8.390167e-15
196.700000, 1.578935e-14, 2.342409e-16, -2.410783e-15, 6.567146e-15
196.800000, -1.730283e-14, 1.481186e-15, 4.073015e-15, -8.175730e-15
196.900000, 1.538615e-14, 2.262783e-16, -2.350608e-15, 6.400418e-15
197.000000, -1.685256e-14, 1.441336e-15, 3.965553e-15, -7.962006e-15
197.100000, 1.498395e-14, 2.184789e-16, -2.290475e-15, 6.234045e-15
197.200000, -1.640365e-14, 1.401715e-15, 3.858547e-15, -7.748997e-15
197.300000, 1.458276e-14, 2.108598e-16, -2.230372e-15, 6.068007e-15
197.400000, -1.595608e-14, 1.362300e-15, 3.751970e-15, -7.536692e-15
197.500000, 1.418257e-14, 2.033859e-16, -2.170309e-15, 5.902327e-15
197.600000, -1.550980e-14, 1.323100e-15, 3.645839e-15, -7.325067e-15
197.700000, 1.378337e-14, 1.960832e-16, -2.110273e-15, 5.736999e-15
197.800000, -1.506481e-14, 1.284140e-15, 3.540144e-15, -7.114109e-15
197.900000, 1.338517e-14, 1.889387e-16, -2.050268e-15, 5.572032e-15
198.000000, -1.462111e-14, 1.245354e-15, 3.434882e-15, -6.903814e-15
198.100000, 1.298796e-14, 1.819566e-16, -1.990299e-15, 5.407401e-15
198.200000, -1.417867e-14, 1.206790e-15, 3.330042e-15, -6.694200e-15
198.300000, 1.259171e-14, 1.751229e-16, -1.930373e-15, 5.243106e-15
198.400000, -1.373747e-14, 1.168426e-15, 3.225574e-15, -6.485220e-15
198.500000, 1.219639e-14, 1.684117e-16, -1.870497e-15, 5.079153e-15
198.600000, -1.329752e-14, 1.130237e-15, 3.121517e-15, -6.276894e-15
198.700000, 1.180200e-14, 1.618090e-16, -1.810699e-15, 4.915521e-15
198.800000, -1.285884e-14, 1.092226e-15, 3.017818e-15, -6.069243e-15
198.900000, 1.140855e-14, 1.553409e-16, -1.750976e-15, 4.752207e-15
199.000000, -1.242141e-14, 1.054353e-15, 2.914460e-15, -5.862233e-15
199.100000, 1.101599e-14, 1.489699e-16, -1.691353e-15, 4.589192e-15
199.200000, -1.198520e-14, 1.016654e-15, 2.811443e-15, -5.655866e-15
199.300000, 1.062430e-14, 1.426757e-16, -1.631818e-15, 4.426504e-15
199.400000, -1.155019e-14, 9.790839e-16, 2.708760e-15, -5.450140e-15
199.500000, 1.023352e-14, 1.364875e-16, -1.572383e-15, 4.264109e-15
199.600000, -1.111640e-14, 9.416937e-16, 2.606398e-15, -5.245009e-15
199.700000, 9.843614e-15, 1.304180e-16, -1.513035e-15, 4.102040e-15
199.800000, -1.068379e-14, 9.044512e-16, 2.504363e-15, -5.040507e-15
199.900000, 9.454588e-15, 1.244313e-16, -1.453780e-15, 3.940292e-15
200.000000, -1.025234e-14, 8.673652e-16, 2.402661e-15, -4.836583e-15
200.100000, 9.066444e-15, 1.185846e-16, -1.394587e-15, 3.778875e-15
200.200000, -9.822002e-15, 8.304575e-16, 2.301294e-15, -4.633232e-15
200.300000, 8.679181e-15, 1.128189e-16, -1.335477e-15, 3.617794e-15
200.400000, -9.392770e-15, 7.937151e-16, 2.200262e-15, -4.430429e-15
200.500000, 8.292800e-15, 1.071704e-16, -1.276431e-15, 3.457045e-15
200.600000, -8.964654e-15, 7.571294e-16, 2.099553e-15, -4.228196e-15
200.700000, 7.907290e-15, 1.016295e-16, -1.217458e-15, 3.296631e-15
200.800000, -8.537618e-15, 7.206956e-16, 1.999170e-15, -4.026485e-15
200.900000, 7.522657e-15, 9.618379e-17, -1.158551e-15, 3.136538e-15
201.000000, -8.111652e-15, 6.844042e-16, 1.899102e-15, -3.825329e-15
201.100000, 7.138880e-15, 9.083121e-17, -1.099729e-15, 2.976774e-15
201.200000, -7.686733e-15, 6.482698e-16, 1.799328e-15, -3.624708e-15
201.300000, 6.755944e-15, 8.554753e-17, -1.040991e-15, 2.817310e-15
201.400000, -7.262880e-15, 6.122518e-16, 1.699854e-15, -3.424640e-15
201.500000, 6.373838e-15, 8.034538e-17, -9.823483e-16, 2.658157e-15
201.600000, -6.840027e-15, 5.763625e-16, 1.600657e-15, -3.225074e-15
201.700000, 5.992578e-15, 7.520186e-17, -9.237800e-16, 2.499307e-15
201.800000, -6.418222e-15, 5.405935e-16, 1.501739e-15, -3.026046e-15
201.900000, 5.612130e-15, 7.012577e-17, -8.653055e-16, 2.340777e-15
202.000000, -5.997400e-15, 5.049653e-16, 1.403104e-15, -2.827520e-15
202.100000, 5.232516e-15, 6.512714e-17, -8.069190e-16, 2.182558e-15
202.200000, -5.577576e-15, 4.694392e-16, 1.304737e-15, -2.629472e-15
202.300000, 4.853719e-15, 6.020148e-17, -7.486275e-16, 2.024647e-15
202.400000, -5.158714e-15, 4.340472e-16, 1.206637e-15, -2.431917e-15
202.500000, 4.475720e-15, 5.531792e-17, -6.904251e-16, 1.867061e-15
202.600000, -4.740833e-15, 3.987702e-16, 1.108790e-15, -2.234844e-15
202.700000, 4.098521e-15, 5.049930e-17, -6.323232e-16, 1.709780e-15
202.800000, -4.323885e-15, 3.636062e-16, 1.011197e-15, -2.038226e-15
202.900000, 3.722112e-15, 4.573609e-17, -5.743162e-16, 1.552817e-15
203.000000, -3.907882e-15, 3.285284e-16, 9.138365e-16, -1.842081e-15
203.100000, 3.346497e-15, 4.101707e-17, -5.164031e-16, 1.396158e-15
203.200000, -3.492807e-15, 2.935783e-16, 8.167195e-16, -1.646371e-15
203.300000, 2.971645e-15, 3.631327e-17, -4.586167e-16, 1.239808e-15
203.400000, -3.078620e-15, 2.587138e-16, 7.198290e-16, -1.451125e-15
203.500000, 2.597554e-15, 3.169246e-17, -4.009180e-16, 1.083779e-15
203.600000, -2.665362e-15, 2.239458e-16, 6.231717e-16, -1.256292e-15
203.700000, 2.224255e-15, 2.709553e-17, -3.433140e-16, 9.280450e-16
203.800000, -2.252972e-15, 1.892719e-16, 5.267312e-16, -1.061893e-15
203.900000, 1.851693e-15, 2.252285e-17, -2.858276e-16, 7.726188e-16
204.000000, -1.841445e-15, 1.546803e-16, 4.304988e-16, -8.679028e-16
204.100000, 1.479874e-15, 1.798449e-17, -2.284395e-16, 6.174917e-16
204.200000, -1.430774e-15, 1.201936e-16, 3.344792e-16, -6.743420e-16
204.300000, 1.108809e-15, 1.347316e-17, -1.711718e-16, 4.626724e-16
204.400000, -1.020943e-15, 8.575542e-17, 2.386745e-16, -4.811924e-16
204.500000, 7.384752e-16, 8.971703e-18, -1.140012e-16, 3.081466e-16
204.600000, -6.119645e-16, 5.140312e-17, 1.430596e-16, -2.884185e-16
204.700000, 3.688740e-16, 4.482416e-18, -5.694944e-17, 1.539168e-16
204.800000, -2.037971e-16, 1.710608e-17, 4.764358e-17, -9.604520e-17
